Timestamp,Year,Month,Hour,Ontario Demand,Market_Price,Price_Type
2001-01-01 00:00:00,2001,1,1,9990.149458362532,27.623825892768743,HOEP (Legacy)
2001-01-01 01:00:00,2001,1,2,11415.98940331554,25.689524878587847,HOEP (Legacy)
2001-01-01 02:00:00,2001,1,3,10469.893908640028,34.03985432248902,HOEP (Legacy)
2001-01-01 03:00:00,2001,1,4,11505.83979651618,28.45934547910831,HOEP (Legacy)
2001-01-01 04:00:00,2001,1,5,11111.226294711494,24.0913517736658,HOEP (Legacy)
2001-01-01 05:00:00,2001,1,6,11665.736284781235,4.579111616347905,HOEP (Legacy)
2001-01-01 06:00:00,2001,1,7,11630.987897107694,25.44135220083802,HOEP (Legacy)
2001-01-01 07:00:00,2001,1,8,12579.327983056124,24.26369351333047,HOEP (Legacy)
2001-01-01 08:00:00,2001,1,9,12765.51676283019,39.46307501301546,HOEP (Legacy)
2001-01-01 09:00:00,2001,1,10,12627.359323721721,36.157348797943015,HOEP (Legacy)
2001-01-01 10:00:00,2001,1,11,12814.425878889348,33.74209952092284,HOEP (Legacy)
2001-01-01 11:00:00,2001,1,12,13416.226872060377,34.601978894179695,HOEP (Legacy)
2001-01-01 12:00:00,2001,1,13,11817.143983215901,17.14858166779904,HOEP (Legacy)
2001-01-01 13:00:00,2001,1,14,12713.497255980448,24.222327164669366,HOEP (Legacy)
2001-01-01 14:00:00,2001,1,15,12607.62888850784,39.42160898101066,HOEP (Legacy)
2001-01-01 15:00:00,2001,1,16,12352.252049921159,25.04922910922687,HOEP (Legacy)
2001-01-01 16:00:00,2001,1,17,11312.509741598895,26.06030569462474,HOEP (Legacy)
2001-01-01 17:00:00,2001,1,18,10542.246725961199,18.14548598401499,HOEP (Legacy)
2001-01-01 18:00:00,2001,1,19,10421.651353048635,15.942214435655575,HOEP (Legacy)
2001-01-01 19:00:00,2001,1,20,10650.066237258221,42.346739668579986,HOEP (Legacy)
2001-01-01 20:00:00,2001,1,21,10214.561637328337,18.142107920702855,HOEP (Legacy)
2001-01-01 21:00:00,2001,1,22,10288.896425124583,10.072810577092183,HOEP (Legacy)
2001-01-01 22:00:00,2001,1,23,10846.22801794689,34.38333248120598,HOEP (Legacy)
2001-01-01 23:00:00,2001,1,24,10837.908160717225,11.96618584599359,HOEP (Legacy)
2001-01-02 00:00:00,2001,1,1,10536.380061367501,13.960748320720253,HOEP (Legacy)
2001-01-02 01:00:00,2001,1,2,10425.755261388535,-1.9110666651811101,HOEP (Legacy)
2001-01-02 02:00:00,2001,1,3,10903.2736330836,32.01298141868176,HOEP (Legacy)
2001-01-02 03:00:00,2001,1,4,10767.939970631556,40.07830596527103,HOEP (Legacy)
2001-01-02 04:00:00,2001,1,5,11113.788930942612,22.746579163789608,HOEP (Legacy)
2001-01-02 05:00:00,2001,1,6,11698.745042167926,2.187288036029031,HOEP (Legacy)
2001-01-02 06:00:00,2001,1,7,12015.718748818137,22.84082721229081,HOEP (Legacy)
2001-01-02 07:00:00,2001,1,8,12131.321100726893,30.45470135936528,HOEP (Legacy)
2001-01-02 08:00:00,2001,1,9,12441.413263325741,38.197876323966156,HOEP (Legacy)
2001-01-02 09:00:00,2001,1,10,12135.969602236124,35.76169570467465,HOEP (Legacy)
2001-01-02 10:00:00,2001,1,11,13700.21719998332,39.11694741574821,HOEP (Legacy)
2001-01-02 11:00:00,2001,1,12,13075.491990161505,31.119348941670225,HOEP (Legacy)
2001-01-02 12:00:00,2001,1,13,12666.214414241334,28.63673963746414,HOEP (Legacy)
2001-01-02 13:00:00,2001,1,14,12148.988909539541,37.559507480698244,HOEP (Legacy)
2001-01-02 14:00:00,2001,1,15,12547.867760231173,46.964024237935355,HOEP (Legacy)
2001-01-02 15:00:00,2001,1,16,11869.165102574292,19.77180647995268,HOEP (Legacy)
2001-01-02 16:00:00,2001,1,17,11244.846828786107,34.26977510075274,HOEP (Legacy)
2001-01-02 17:00:00,2001,1,18,11277.303739338508,21.181530743181654,HOEP (Legacy)
2001-01-02 18:00:00,2001,1,19,10811.93118214727,-4.351909003422513,HOEP (Legacy)
2001-01-02 19:00:00,2001,1,20,10888.72661312573,28.4338453814297,HOEP (Legacy)
2001-01-02 20:00:00,2001,1,21,10430.81583709823,3.406561908150824,HOEP (Legacy)
2001-01-02 21:00:00,2001,1,22,10336.713283318066,21.542987379829146,HOEP (Legacy)
2001-01-02 22:00:00,2001,1,23,10601.00719780925,40.58320072330167,HOEP (Legacy)
2001-01-02 23:00:00,2001,1,24,9261.105643574243,-2.1962589201989147,HOEP (Legacy)
2001-01-03 00:00:00,2001,1,1,10484.771322463455,25.595031800613807,HOEP (Legacy)
2001-01-03 01:00:00,2001,1,2,10461.781006184048,24.392080048857892,HOEP (Legacy)
2001-01-03 02:00:00,2001,1,3,11281.179076329494,26.619565755049077,HOEP (Legacy)
2001-01-03 03:00:00,2001,1,4,10582.001245566466,30.49757512361588,HOEP (Legacy)
2001-01-03 04:00:00,2001,1,5,11588.42660994157,10.336657639217464,HOEP (Legacy)
2001-01-03 05:00:00,2001,1,6,11882.824531790817,24.530662067957447,HOEP (Legacy)
2001-01-03 06:00:00,2001,1,7,11995.640950674724,36.67670663224,HOEP (Legacy)
2001-01-03 07:00:00,2001,1,8,12307.400981996825,19.579172276452056,HOEP (Legacy)
2001-01-03 08:00:00,2001,1,9,12575.512391628601,27.602751048641046,HOEP (Legacy)
2001-01-03 09:00:00,2001,1,10,12797.913715131108,43.36460411133535,HOEP (Legacy)
2001-01-03 10:00:00,2001,1,11,12334.354032798019,33.27726979394539,HOEP (Legacy)
2001-01-03 11:00:00,2001,1,12,12732.975409775323,42.11186910385334,HOEP (Legacy)
2001-01-03 12:00:00,2001,1,13,12626.580404495207,53.39545323152709,HOEP (Legacy)
2001-01-03 13:00:00,2001,1,14,12134.031995275418,17.136944768989576,HOEP (Legacy)
2001-01-03 14:00:00,2001,1,15,11717.22553492636,17.540834865188064,HOEP (Legacy)
2001-01-03 15:00:00,2001,1,16,12009.318184190706,52.37351628497104,HOEP (Legacy)
2001-01-03 16:00:00,2001,1,17,10610.696231348316,-3.401225929074421,HOEP (Legacy)
2001-01-03 17:00:00,2001,1,18,10971.344085418556,0.09835186034522181,HOEP (Legacy)
2001-01-03 18:00:00,2001,1,19,10834.36724034007,21.885192015904344,HOEP (Legacy)
2001-01-03 19:00:00,2001,1,20,11317.316562607875,24.83860238399123,HOEP (Legacy)
2001-01-03 20:00:00,2001,1,21,10641.983907455631,3.265977443528591,HOEP (Legacy)
2001-01-03 21:00:00,2001,1,22,10692.9703342155,24.239310871068525,HOEP (Legacy)
2001-01-03 22:00:00,2001,1,23,9160.599692269185,-7.0638715136173325,HOEP (Legacy)
2001-01-03 23:00:00,2001,1,24,10459.814867796627,16.151144293310224,HOEP (Legacy)
2001-01-04 00:00:00,2001,1,1,10192.977823215275,28.229718090882194,HOEP (Legacy)
2001-01-04 01:00:00,2001,1,2,10378.536374966525,35.37231050053331,HOEP (Legacy)
2001-01-04 02:00:00,2001,1,3,9758.104459251572,2.2054057621691463,HOEP (Legacy)
2001-01-04 03:00:00,2001,1,4,11940.214432356648,28.184220149871543,HOEP (Legacy)
2001-01-04 04:00:00,2001,1,5,11879.246615512266,35.591788815992196,HOEP (Legacy)
2001-01-04 05:00:00,2001,1,6,11491.394903035341,31.774603657812342,HOEP (Legacy)
2001-01-04 06:00:00,2001,1,7,11304.793194054428,13.652057237170109,HOEP (Legacy)
2001-01-04 07:00:00,2001,1,8,11840.465822879694,19.817916201128668,HOEP (Legacy)
2001-01-04 08:00:00,2001,1,9,12120.474795055054,16.31732374293418,HOEP (Legacy)
2001-01-04 09:00:00,2001,1,10,11975.502621248923,33.210743365052295,HOEP (Legacy)
2001-01-04 10:00:00,2001,1,11,13427.991776307186,32.59793600642115,HOEP (Legacy)
2001-01-04 11:00:00,2001,1,12,11950.12580347135,40.07799815660919,HOEP (Legacy)
2001-01-04 12:00:00,2001,1,13,11947.418584816034,1.4857216858079845,HOEP (Legacy)
2001-01-04 13:00:00,2001,1,14,12508.564636045197,36.21739593838768,HOEP (Legacy)
2001-01-04 14:00:00,2001,1,15,12517.46486777706,29.525034070463164,HOEP (Legacy)
2001-01-04 15:00:00,2001,1,16,11566.658152021957,29.48615543284926,HOEP (Legacy)
2001-01-04 16:00:00,2001,1,17,11648.73864701076,39.04143526106688,HOEP (Legacy)
2001-01-04 17:00:00,2001,1,18,10738.032051985616,14.180947342714145,HOEP (Legacy)
2001-01-04 18:00:00,2001,1,19,10461.711394570055,13.018386220308589,HOEP (Legacy)
2001-01-04 19:00:00,2001,1,20,10055.342441504077,14.055493021640105,HOEP (Legacy)
2001-01-04 20:00:00,2001,1,21,10075.62564629516,24.10097589623236,HOEP (Legacy)
2001-01-04 21:00:00,2001,1,22,10647.814332278063,14.762950643391857,HOEP (Legacy)
2001-01-04 22:00:00,2001,1,23,10543.78730458718,11.057428176503487,HOEP (Legacy)
2001-01-04 23:00:00,2001,1,24,10481.117908575114,23.167883391728935,HOEP (Legacy)
2001-01-05 00:00:00,2001,1,1,10738.829791901531,20.469086453061305,HOEP (Legacy)
2001-01-05 01:00:00,2001,1,2,10558.69704629925,-2.1333879252755104,HOEP (Legacy)
2001-01-05 02:00:00,2001,1,3,11483.576858989023,34.70844965920742,HOEP (Legacy)
2001-01-05 03:00:00,2001,1,4,10882.967132711716,20.098352449636657,HOEP (Legacy)
2001-01-05 04:00:00,2001,1,5,11268.074813658899,11.312931923735903,HOEP (Legacy)
2001-01-05 05:00:00,2001,1,6,11945.094787917618,39.4654678563439,HOEP (Legacy)
2001-01-05 06:00:00,2001,1,7,12070.516197098916,30.941382947638346,HOEP (Legacy)
2001-01-05 07:00:00,2001,1,8,12730.841104311603,38.73358397628231,HOEP (Legacy)
2001-01-05 08:00:00,2001,1,9,12727.14589114396,24.93009163326097,HOEP (Legacy)
2001-01-05 09:00:00,2001,1,10,12610.264655685623,33.54320813922537,HOEP (Legacy)
2001-01-05 10:00:00,2001,1,11,12602.056045529956,29.72060344332012,HOEP (Legacy)
2001-01-05 11:00:00,2001,1,12,13067.21395179128,16.931875428317085,HOEP (Legacy)
2001-01-05 12:00:00,2001,1,13,12492.690587979483,42.32891128584279,HOEP (Legacy)
2001-01-05 13:00:00,2001,1,14,12482.825913631219,36.58671733194926,HOEP (Legacy)
2001-01-05 14:00:00,2001,1,15,11435.459550586233,25.389884004501383,HOEP (Legacy)
2001-01-05 15:00:00,2001,1,16,11824.356614841345,12.664658737239073,HOEP (Legacy)
2001-01-05 16:00:00,2001,1,17,11602.390379398945,4.156156387581834,HOEP (Legacy)
2001-01-05 17:00:00,2001,1,18,10663.072931322971,29.56644575110397,HOEP (Legacy)
2001-01-05 18:00:00,2001,1,19,11425.53853077624,26.099154997312347,HOEP (Legacy)
2001-01-05 19:00:00,2001,1,20,10239.849788297002,9.57052511414286,HOEP (Legacy)
2001-01-05 20:00:00,2001,1,21,10040.165813831489,6.268749447860474,HOEP (Legacy)
2001-01-05 21:00:00,2001,1,22,10038.085531267678,25.737647722100327,HOEP (Legacy)
2001-01-05 22:00:00,2001,1,23,10574.610582245528,27.5334839338787,HOEP (Legacy)
2001-01-05 23:00:00,2001,1,24,10552.748129088908,27.21093105460282,HOEP (Legacy)
2001-01-06 00:00:00,2001,1,1,10936.836727437229,26.178292152975086,HOEP (Legacy)
2001-01-06 01:00:00,2001,1,2,11040.870943412665,14.655768467776952,HOEP (Legacy)
2001-01-06 02:00:00,2001,1,3,10888.087611203344,20.361922143426035,HOEP (Legacy)
2001-01-06 03:00:00,2001,1,4,11229.367066325249,28.267921057065955,HOEP (Legacy)
2001-01-06 04:00:00,2001,1,5,11170.488016009253,15.580095100457502,HOEP (Legacy)
2001-01-06 05:00:00,2001,1,6,12525.892707334733,46.45650212420138,HOEP (Legacy)
2001-01-06 06:00:00,2001,1,7,12278.633302804945,28.881775755825213,HOEP (Legacy)
2001-01-06 07:00:00,2001,1,8,12635.955588252094,34.07700677340557,HOEP (Legacy)
2001-01-06 08:00:00,2001,1,9,13149.562562498506,48.41064812131589,HOEP (Legacy)
2001-01-06 09:00:00,2001,1,10,11916.260516414772,27.02368172320447,HOEP (Legacy)
2001-01-06 10:00:00,2001,1,11,12670.435962918951,51.72011893965858,HOEP (Legacy)
2001-01-06 11:00:00,2001,1,12,12661.917230294346,32.66929039018701,HOEP (Legacy)
2001-01-06 12:00:00,2001,1,13,12170.362126224976,29.008270578432423,HOEP (Legacy)
2001-01-06 13:00:00,2001,1,14,12278.646651556395,38.951838589365074,HOEP (Legacy)
2001-01-06 14:00:00,2001,1,15,12099.568850439364,27.083933789925126,HOEP (Legacy)
2001-01-06 15:00:00,2001,1,16,12622.456990453502,9.737811370737813,HOEP (Legacy)
2001-01-06 16:00:00,2001,1,17,11457.64975828318,22.628378382012595,HOEP (Legacy)
2001-01-06 17:00:00,2001,1,18,10915.17157040294,25.527245792198862,HOEP (Legacy)
2001-01-06 18:00:00,2001,1,19,11052.239835203549,33.94701455349022,HOEP (Legacy)
2001-01-06 19:00:00,2001,1,20,11208.491737075767,20.025132539015623,HOEP (Legacy)
2001-01-06 20:00:00,2001,1,21,10233.43623841481,26.410227897737485,HOEP (Legacy)
2001-01-06 21:00:00,2001,1,22,10048.016000654794,16.733032247371636,HOEP (Legacy)
2001-01-06 22:00:00,2001,1,23,10550.18155199068,32.6268895843731,HOEP (Legacy)
2001-01-06 23:00:00,2001,1,24,10164.196570059543,17.423355011286485,HOEP (Legacy)
2001-01-07 00:00:00,2001,1,1,10518.954716299811,9.973762186852326,HOEP (Legacy)
2001-01-07 01:00:00,2001,1,2,9984.324695924894,18.786070744606675,HOEP (Legacy)
2001-01-07 02:00:00,2001,1,3,10915.60744263863,2.8417564103790305,HOEP (Legacy)
2001-01-07 03:00:00,2001,1,4,11098.432986159733,30.777385193474124,HOEP (Legacy)
2001-01-07 04:00:00,2001,1,5,11854.839114297529,22.678121833334295,HOEP (Legacy)
2001-01-07 05:00:00,2001,1,6,11966.647912474651,42.335178153690066,HOEP (Legacy)
2001-01-07 06:00:00,2001,1,7,11707.764655203973,28.69152646411962,HOEP (Legacy)
2001-01-07 07:00:00,2001,1,8,12258.551460643752,27.681855507615317,HOEP (Legacy)
2001-01-07 08:00:00,2001,1,9,13017.144221914614,56.756774888915416,HOEP (Legacy)
2001-01-07 09:00:00,2001,1,10,12857.48381109866,28.843904123805498,HOEP (Legacy)
2001-01-07 10:00:00,2001,1,11,12548.6473717447,22.032262775045105,HOEP (Legacy)
2001-01-07 11:00:00,2001,1,12,12592.437294411548,19.67106698404193,HOEP (Legacy)
2001-01-07 12:00:00,2001,1,13,13661.564164288155,24.06613620719729,HOEP (Legacy)
2001-01-07 13:00:00,2001,1,14,13172.974481657397,29.468667963943727,HOEP (Legacy)
2001-01-07 14:00:00,2001,1,15,12202.869513459726,32.55010106029221,HOEP (Legacy)
2001-01-07 15:00:00,2001,1,16,11776.889756652807,12.837871596682916,HOEP (Legacy)
2001-01-07 16:00:00,2001,1,17,11508.953919171965,34.17976505744875,HOEP (Legacy)
2001-01-07 17:00:00,2001,1,18,11221.529163608675,17.954379994582837,HOEP (Legacy)
2001-01-07 18:00:00,2001,1,19,10868.658003761117,10.865230184576617,HOEP (Legacy)
2001-01-07 19:00:00,2001,1,20,10667.108924622687,29.214323850526966,HOEP (Legacy)
2001-01-07 20:00:00,2001,1,21,10349.524352802362,15.248458850754878,HOEP (Legacy)
2001-01-07 21:00:00,2001,1,22,10285.666907438537,25.08369554600813,HOEP (Legacy)
2001-01-07 22:00:00,2001,1,23,10332.604898203323,17.17219063530723,HOEP (Legacy)
2001-01-07 23:00:00,2001,1,24,10675.108229894962,7.480267502628685,HOEP (Legacy)
2001-01-08 00:00:00,2001,1,1,10976.989204328562,38.63300566961559,HOEP (Legacy)
2001-01-08 01:00:00,2001,1,2,10304.518656433758,11.17445224937304,HOEP (Legacy)
2001-01-08 02:00:00,2001,1,3,10758.78186558612,17.589157896921325,HOEP (Legacy)
2001-01-08 03:00:00,2001,1,4,11191.77575337973,21.0370958569652,HOEP (Legacy)
2001-01-08 04:00:00,2001,1,5,12110.203912125802,48.78332802460399,HOEP (Legacy)
2001-01-08 05:00:00,2001,1,6,12167.850962546516,-1.0709896671191501,HOEP (Legacy)
2001-01-08 06:00:00,2001,1,7,12035.01564423067,52.875264563188125,HOEP (Legacy)
2001-01-08 07:00:00,2001,1,8,12161.160470144509,31.01172553876147,HOEP (Legacy)
2001-01-08 08:00:00,2001,1,9,12158.887140000164,41.54076427916854,HOEP (Legacy)
2001-01-08 09:00:00,2001,1,10,12055.90457763439,27.795347740724566,HOEP (Legacy)
2001-01-08 10:00:00,2001,1,11,13021.706098220695,37.5662281113682,HOEP (Legacy)
2001-01-08 11:00:00,2001,1,12,11985.196471598012,43.76846069242631,HOEP (Legacy)
2001-01-08 12:00:00,2001,1,13,12592.191494493312,38.432080376659684,HOEP (Legacy)
2001-01-08 13:00:00,2001,1,14,12733.821493628091,35.05968369253872,HOEP (Legacy)
2001-01-08 14:00:00,2001,1,15,11978.315282197937,38.21952815010698,HOEP (Legacy)
2001-01-08 15:00:00,2001,1,16,12312.313682024458,17.32075843301358,HOEP (Legacy)
2001-01-08 16:00:00,2001,1,17,11533.812721613034,34.51583161977598,HOEP (Legacy)
2001-01-08 17:00:00,2001,1,18,10802.145479678076,19.152536307543578,HOEP (Legacy)
2001-01-08 18:00:00,2001,1,19,10553.075209188528,1.3812718487666729,HOEP (Legacy)
2001-01-08 19:00:00,2001,1,20,10585.46776751967,13.75999419019773,HOEP (Legacy)
2001-01-08 20:00:00,2001,1,21,11166.804430778968,34.30680946175543,HOEP (Legacy)
2001-01-08 21:00:00,2001,1,22,9659.058690528736,11.27425611486018,HOEP (Legacy)
2001-01-08 22:00:00,2001,1,23,10579.516565371512,15.828228593843985,HOEP (Legacy)
2001-01-08 23:00:00,2001,1,24,10080.22459162024,25.72351827097136,HOEP (Legacy)
2001-01-09 00:00:00,2001,1,1,10567.649343571797,34.439586568783774,HOEP (Legacy)
2001-01-09 01:00:00,2001,1,2,11292.832980967829,38.59363697505779,HOEP (Legacy)
2001-01-09 02:00:00,2001,1,3,11555.969315383332,10.848580737315691,HOEP (Legacy)
2001-01-09 03:00:00,2001,1,4,11463.124925592036,13.420019455870944,HOEP (Legacy)
2001-01-09 04:00:00,2001,1,5,10478.075499163031,14.708587585982531,HOEP (Legacy)
2001-01-09 05:00:00,2001,1,6,11944.645282290652,15.191678930464445,HOEP (Legacy)
2001-01-09 06:00:00,2001,1,7,11143.181412699221,22.04928089968984,HOEP (Legacy)
2001-01-09 07:00:00,2001,1,8,12313.102235846674,19.38320063634561,HOEP (Legacy)
2001-01-09 08:00:00,2001,1,9,12511.37600272895,33.721984179597825,HOEP (Legacy)
2001-01-09 09:00:00,2001,1,10,12701.064543284254,37.13456655945557,HOEP (Legacy)
2001-01-09 10:00:00,2001,1,11,12236.80378206907,20.87508617898598,HOEP (Legacy)
2001-01-09 11:00:00,2001,1,12,11990.987009910223,52.12090552950684,HOEP (Legacy)
2001-01-09 12:00:00,2001,1,13,12533.354181125485,39.73214394970968,HOEP (Legacy)
2001-01-09 13:00:00,2001,1,14,11544.933096324228,0.33359952264963155,HOEP (Legacy)
2001-01-09 14:00:00,2001,1,15,11268.349913610879,10.820423565732014,HOEP (Legacy)
2001-01-09 15:00:00,2001,1,16,11918.5008915186,47.40663835383508,HOEP (Legacy)
2001-01-09 16:00:00,2001,1,17,10759.87853104265,41.58754158190153,HOEP (Legacy)
2001-01-09 17:00:00,2001,1,18,11692.747820729172,46.146567558290954,HOEP (Legacy)
2001-01-09 18:00:00,2001,1,19,11343.547164615267,25.197831352967615,HOEP (Legacy)
2001-01-09 19:00:00,2001,1,20,10541.733960106629,13.927216217402922,HOEP (Legacy)
2001-01-09 20:00:00,2001,1,21,10212.738942833743,28.64457302017319,HOEP (Legacy)
2001-01-09 21:00:00,2001,1,22,9883.950454004018,15.143565688500338,HOEP (Legacy)
2001-01-09 22:00:00,2001,1,23,10007.444417133229,18.135339435401658,HOEP (Legacy)
2001-01-09 23:00:00,2001,1,24,11365.546411090774,5.183551066734033,HOEP (Legacy)
2001-01-10 00:00:00,2001,1,1,10464.115968934158,16.86816881371893,HOEP (Legacy)
2001-01-10 01:00:00,2001,1,2,10144.883640811995,-0.45238544406893766,HOEP (Legacy)
2001-01-10 02:00:00,2001,1,3,10196.97280359807,1.3408869102882406,HOEP (Legacy)
2001-01-10 03:00:00,2001,1,4,11208.303834871203,9.994193567861617,HOEP (Legacy)
2001-01-10 04:00:00,2001,1,5,11212.398163708958,28.330517375287254,HOEP (Legacy)
2001-01-10 05:00:00,2001,1,6,12616.856958017075,42.10194922350364,HOEP (Legacy)
2001-01-10 06:00:00,2001,1,7,11899.856517645818,12.24697823137257,HOEP (Legacy)
2001-01-10 07:00:00,2001,1,8,12511.240670394047,30.663254561730383,HOEP (Legacy)
2001-01-10 08:00:00,2001,1,9,12417.013761066892,47.18481073103257,HOEP (Legacy)
2001-01-10 09:00:00,2001,1,10,12682.986197127975,30.127207448178957,HOEP (Legacy)
2001-01-10 10:00:00,2001,1,11,12402.249663598086,22.47855575854878,HOEP (Legacy)
2001-01-10 11:00:00,2001,1,12,11983.114722670834,14.538047549225507,HOEP (Legacy)
2001-01-10 12:00:00,2001,1,13,12583.3248558271,23.435262411547832,HOEP (Legacy)
2001-01-10 13:00:00,2001,1,14,11908.657719542041,19.39203925777422,HOEP (Legacy)
2001-01-10 14:00:00,2001,1,15,11549.251656946106,18.118267325327857,HOEP (Legacy)
2001-01-10 15:00:00,2001,1,16,11990.533140305986,35.616717990322456,HOEP (Legacy)
2001-01-10 16:00:00,2001,1,17,11932.47143260876,17.83971161686142,HOEP (Legacy)
2001-01-10 17:00:00,2001,1,18,11076.371277666882,15.302019789254855,HOEP (Legacy)
2001-01-10 18:00:00,2001,1,19,10444.377047306625,-1.3727786835388827,HOEP (Legacy)
2001-01-10 19:00:00,2001,1,20,10070.842377190986,-6.722735766697237,HOEP (Legacy)
2001-01-10 20:00:00,2001,1,21,10861.11761088047,32.64257124367806,HOEP (Legacy)
2001-01-10 21:00:00,2001,1,22,11032.511760265821,5.77767421964257,HOEP (Legacy)
2001-01-10 22:00:00,2001,1,23,9947.050807583299,13.248490986403237,HOEP (Legacy)
2001-01-10 23:00:00,2001,1,24,10592.81362349619,30.499192570953568,HOEP (Legacy)
2001-01-11 00:00:00,2001,1,1,10408.921715154474,32.272403564668366,HOEP (Legacy)
2001-01-11 01:00:00,2001,1,2,11379.020644878105,9.45631474081343,HOEP (Legacy)
2001-01-11 02:00:00,2001,1,3,10565.759138096477,26.131126182196894,HOEP (Legacy)
2001-01-11 03:00:00,2001,1,4,11493.301299544431,22.408001783926604,HOEP (Legacy)
2001-01-11 04:00:00,2001,1,5,10781.980171520321,14.300214370294404,HOEP (Legacy)
2001-01-11 05:00:00,2001,1,6,11674.356271251534,29.113924849747907,HOEP (Legacy)
2001-01-11 06:00:00,2001,1,7,13255.142488297619,30.59582618300753,HOEP (Legacy)
2001-01-11 07:00:00,2001,1,8,12532.092955027669,40.677910840358074,HOEP (Legacy)
2001-01-11 08:00:00,2001,1,9,12949.745852973314,24.195413678393763,HOEP (Legacy)
2001-01-11 09:00:00,2001,1,10,12802.512926656529,32.54217888280429,HOEP (Legacy)
2001-01-11 10:00:00,2001,1,11,12307.797951245051,44.02877008184072,HOEP (Legacy)
2001-01-11 11:00:00,2001,1,12,12882.701897205412,47.27989160970134,HOEP (Legacy)
2001-01-11 12:00:00,2001,1,13,12722.286571891533,7.806226029074921,HOEP (Legacy)
2001-01-11 13:00:00,2001,1,14,12207.426292648111,37.090656368411935,HOEP (Legacy)
2001-01-11 14:00:00,2001,1,15,12860.524727782838,32.18394350537664,HOEP (Legacy)
2001-01-11 15:00:00,2001,1,16,11961.251907075679,27.289934864288643,HOEP (Legacy)
2001-01-11 16:00:00,2001,1,17,12086.831615521278,26.19557433694163,HOEP (Legacy)
2001-01-11 17:00:00,2001,1,18,11574.414267353535,29.14283269431596,HOEP (Legacy)
2001-01-11 18:00:00,2001,1,19,10659.775515363019,41.50650555211047,HOEP (Legacy)
2001-01-11 19:00:00,2001,1,20,10174.547434236714,3.699219529375604,HOEP (Legacy)
2001-01-11 20:00:00,2001,1,21,10103.45111615394,11.572949586934486,HOEP (Legacy)
2001-01-11 21:00:00,2001,1,22,10330.470022220145,-4.496394786670788,HOEP (Legacy)
2001-01-11 22:00:00,2001,1,23,9705.04432614735,15.23564429289248,HOEP (Legacy)
2001-01-11 23:00:00,2001,1,24,11378.81317768021,41.658819497339465,HOEP (Legacy)
2001-01-12 00:00:00,2001,1,1,9800.362291682599,31.937173813483398,HOEP (Legacy)
2001-01-12 01:00:00,2001,1,2,10755.14014017602,14.23694613595001,HOEP (Legacy)
2001-01-12 02:00:00,2001,1,3,10670.924964467664,16.73127390229423,HOEP (Legacy)
2001-01-12 03:00:00,2001,1,4,11655.711967475772,24.151135866698706,HOEP (Legacy)
2001-01-12 04:00:00,2001,1,5,11697.530654219325,3.107774637043047,HOEP (Legacy)
2001-01-12 05:00:00,2001,1,6,12063.928414649467,39.76181889228337,HOEP (Legacy)
2001-01-12 06:00:00,2001,1,7,11559.779770884565,44.58605081531294,HOEP (Legacy)
2001-01-12 07:00:00,2001,1,8,12457.797710014203,57.35757004976564,HOEP (Legacy)
2001-01-12 08:00:00,2001,1,9,12466.97373619444,40.97219738714841,HOEP (Legacy)
2001-01-12 09:00:00,2001,1,10,12716.099466161188,25.86558475780813,HOEP (Legacy)
2001-01-12 10:00:00,2001,1,11,12709.98043328179,39.95860390634988,HOEP (Legacy)
2001-01-12 11:00:00,2001,1,12,13180.380308943753,50.1435266980404,HOEP (Legacy)
2001-01-12 12:00:00,2001,1,13,12538.252322633758,36.13972067803138,HOEP (Legacy)
2001-01-12 13:00:00,2001,1,14,12334.840931487328,45.45394224931082,HOEP (Legacy)
2001-01-12 14:00:00,2001,1,15,11384.256037457757,43.738989952417725,HOEP (Legacy)
2001-01-12 15:00:00,2001,1,16,11253.034201231787,25.88828047509477,HOEP (Legacy)
2001-01-12 16:00:00,2001,1,17,11678.730141738139,33.80320142966487,HOEP (Legacy)
2001-01-12 17:00:00,2001,1,18,10781.496142720809,27.445736615174287,HOEP (Legacy)
2001-01-12 18:00:00,2001,1,19,11172.191077941936,38.12989236558851,HOEP (Legacy)
2001-01-12 19:00:00,2001,1,20,10733.72010792668,22.370502463024806,HOEP (Legacy)
2001-01-12 20:00:00,2001,1,21,10493.388456834617,20.254529009008703,HOEP (Legacy)
2001-01-12 21:00:00,2001,1,22,10555.836731739544,21.22982980120385,HOEP (Legacy)
2001-01-12 22:00:00,2001,1,23,10028.424085719027,12.170411850310785,HOEP (Legacy)
2001-01-12 23:00:00,2001,1,24,10272.888632338276,15.352047796742337,HOEP (Legacy)
2001-01-13 00:00:00,2001,1,1,10188.64209345652,32.35119371924485,HOEP (Legacy)
2001-01-13 01:00:00,2001,1,2,11341.367685859828,-6.557128077960069,HOEP (Legacy)
2001-01-13 02:00:00,2001,1,3,10458.478858328783,9.715560634940369,HOEP (Legacy)
2001-01-13 03:00:00,2001,1,4,11493.615653228064,32.60977748028185,HOEP (Legacy)
2001-01-13 04:00:00,2001,1,5,12211.038390884873,21.364644352469398,HOEP (Legacy)
2001-01-13 05:00:00,2001,1,6,12501.869840116671,25.815984483754253,HOEP (Legacy)
2001-01-13 06:00:00,2001,1,7,12420.56632392806,4.608012753583736,HOEP (Legacy)
2001-01-13 07:00:00,2001,1,8,12518.49340410266,33.430575745978054,HOEP (Legacy)
2001-01-13 08:00:00,2001,1,9,12797.219572935248,22.816528033445948,HOEP (Legacy)
2001-01-13 09:00:00,2001,1,10,12409.857209262604,42.76950005489107,HOEP (Legacy)
2001-01-13 10:00:00,2001,1,11,13244.482094402212,34.73883197196883,HOEP (Legacy)
2001-01-13 11:00:00,2001,1,12,12339.054986702466,44.98564392186581,HOEP (Legacy)
2001-01-13 12:00:00,2001,1,13,12160.279621277565,49.3118990388605,HOEP (Legacy)
2001-01-13 13:00:00,2001,1,14,12703.959202157634,14.110801015169635,HOEP (Legacy)
2001-01-13 14:00:00,2001,1,15,11731.060175039249,16.76306832359544,HOEP (Legacy)
2001-01-13 15:00:00,2001,1,16,11464.105377146807,36.415113412951584,HOEP (Legacy)
2001-01-13 16:00:00,2001,1,17,11642.267270185828,-3.1450133079822997,HOEP (Legacy)
2001-01-13 17:00:00,2001,1,18,10996.473988253063,35.41589356839799,HOEP (Legacy)
2001-01-13 18:00:00,2001,1,19,10545.068789226265,14.22626854001236,HOEP (Legacy)
2001-01-13 19:00:00,2001,1,20,10824.18736277208,5.483749656308369,HOEP (Legacy)
2001-01-13 20:00:00,2001,1,21,10125.16871020589,37.67558601462501,HOEP (Legacy)
2001-01-13 21:00:00,2001,1,22,10562.18502787918,31.356698543212914,HOEP (Legacy)
2001-01-13 22:00:00,2001,1,23,10794.413890344982,19.301377135461294,HOEP (Legacy)
2001-01-13 23:00:00,2001,1,24,9924.462535786393,6.27985747970259,HOEP (Legacy)
2001-01-14 00:00:00,2001,1,1,10829.515885448962,23.71211779868708,HOEP (Legacy)
2001-01-14 01:00:00,2001,1,2,10473.783263487943,25.411740670214837,HOEP (Legacy)
2001-01-14 02:00:00,2001,1,3,10486.727087533623,30.47974220842412,HOEP (Legacy)
2001-01-14 03:00:00,2001,1,4,11266.365342790012,14.368937133787462,HOEP (Legacy)
2001-01-14 04:00:00,2001,1,5,11454.96049766631,25.741046054122776,HOEP (Legacy)
2001-01-14 05:00:00,2001,1,6,11869.421838712395,36.51500581960734,HOEP (Legacy)
2001-01-14 06:00:00,2001,1,7,11128.84070748302,42.41562363427934,HOEP (Legacy)
2001-01-14 07:00:00,2001,1,8,13007.137135728837,59.16868924561946,HOEP (Legacy)
2001-01-14 08:00:00,2001,1,9,12621.833002331887,48.17487622009959,HOEP (Legacy)
2001-01-14 09:00:00,2001,1,10,12774.92046165676,42.15427022255403,HOEP (Legacy)
2001-01-14 10:00:00,2001,1,11,12222.72632350518,39.376413532798225,HOEP (Legacy)
2001-01-14 11:00:00,2001,1,12,12429.507709836671,38.49882963337459,HOEP (Legacy)
2001-01-14 12:00:00,2001,1,13,12897.81800868902,23.791442042536698,HOEP (Legacy)
2001-01-14 13:00:00,2001,1,14,12897.399913536541,53.40555322978314,HOEP (Legacy)
2001-01-14 14:00:00,2001,1,15,12124.8232687563,20.237131036787112,HOEP (Legacy)
2001-01-14 15:00:00,2001,1,16,11807.93567249717,12.229043907487672,HOEP (Legacy)
2001-01-14 16:00:00,2001,1,17,12601.591992565489,25.842252288598434,HOEP (Legacy)
2001-01-14 17:00:00,2001,1,18,10675.164200370124,7.3554027837481435,HOEP (Legacy)
2001-01-14 18:00:00,2001,1,19,11015.737008723945,38.525547320740884,HOEP (Legacy)
2001-01-14 19:00:00,2001,1,20,10262.029438041105,17.669332111987938,HOEP (Legacy)
2001-01-14 20:00:00,2001,1,21,10053.00053012432,-8.526285419091892,HOEP (Legacy)
2001-01-14 21:00:00,2001,1,22,11131.164043079709,27.685394971787552,HOEP (Legacy)
2001-01-14 22:00:00,2001,1,23,10910.59919249487,33.86297675143315,HOEP (Legacy)
2001-01-14 23:00:00,2001,1,24,10232.759130211294,2.5949002577936504,HOEP (Legacy)
2001-01-15 00:00:00,2001,1,1,9746.2875693618,12.760352624073862,HOEP (Legacy)
2001-01-15 01:00:00,2001,1,2,10944.493042376114,23.042984441840836,HOEP (Legacy)
2001-01-15 02:00:00,2001,1,3,11019.952754245638,13.501424532365226,HOEP (Legacy)
2001-01-15 03:00:00,2001,1,4,10851.756546614453,18.53662147244453,HOEP (Legacy)
2001-01-15 04:00:00,2001,1,5,11650.919089290193,6.183038896280223,HOEP (Legacy)
2001-01-15 05:00:00,2001,1,6,12172.03989834165,8.29224770839847,HOEP (Legacy)
2001-01-15 06:00:00,2001,1,7,12926.186419989252,33.29056678438347,HOEP (Legacy)
2001-01-15 07:00:00,2001,1,8,12661.987870359906,35.47599858108641,HOEP (Legacy)
2001-01-15 08:00:00,2001,1,9,13282.574003973485,42.042719754338236,HOEP (Legacy)
2001-01-15 09:00:00,2001,1,10,12302.32876235804,28.767321611188894,HOEP (Legacy)
2001-01-15 10:00:00,2001,1,11,11945.898229214674,19.832176329068872,HOEP (Legacy)
2001-01-15 11:00:00,2001,1,12,13076.24278666759,17.421254148277733,HOEP (Legacy)
2001-01-15 12:00:00,2001,1,13,13132.335202272765,33.998419219512726,HOEP (Legacy)
2001-01-15 13:00:00,2001,1,14,12929.978455055503,27.870436885803343,HOEP (Legacy)
2001-01-15 14:00:00,2001,1,15,12439.0343895357,33.972277530554685,HOEP (Legacy)
2001-01-15 15:00:00,2001,1,16,11773.702875034956,24.945202009600575,HOEP (Legacy)
2001-01-15 16:00:00,2001,1,17,11991.569440530557,49.29924211997189,HOEP (Legacy)
2001-01-15 17:00:00,2001,1,18,10588.656410313231,-5.304570898385393,HOEP (Legacy)
2001-01-15 18:00:00,2001,1,19,10985.910275753075,25.88212867307877,HOEP (Legacy)
2001-01-15 19:00:00,2001,1,20,10955.511928192484,35.328818047704694,HOEP (Legacy)
2001-01-15 20:00:00,2001,1,21,10672.573402132919,12.218466686404867,HOEP (Legacy)
2001-01-15 21:00:00,2001,1,22,10467.405798738757,10.39505976427825,HOEP (Legacy)
2001-01-15 22:00:00,2001,1,23,10631.060990005191,33.264349869029736,HOEP (Legacy)
2001-01-15 23:00:00,2001,1,24,10107.95540144039,25.41448772039749,HOEP (Legacy)
2001-01-16 00:00:00,2001,1,1,10629.35988300395,12.60185070775936,HOEP (Legacy)
2001-01-16 01:00:00,2001,1,2,10342.147633567538,22.702883921321725,HOEP (Legacy)
2001-01-16 02:00:00,2001,1,3,10648.007735441675,14.089223323416869,HOEP (Legacy)
2001-01-16 03:00:00,2001,1,4,10499.917967056474,10.339373160783298,HOEP (Legacy)
2001-01-16 04:00:00,2001,1,5,11729.008688302329,45.580513743248616,HOEP (Legacy)
2001-01-16 05:00:00,2001,1,6,12063.359487713435,33.407166809650896,HOEP (Legacy)
2001-01-16 06:00:00,2001,1,7,12148.460961567824,22.90447538250934,HOEP (Legacy)
2001-01-16 07:00:00,2001,1,8,12163.970312661704,18.324723395462193,HOEP (Legacy)
2001-01-16 08:00:00,2001,1,9,12556.983609688532,32.24754183776346,HOEP (Legacy)
2001-01-16 09:00:00,2001,1,10,12762.709685818714,36.06494368151518,HOEP (Legacy)
2001-01-16 10:00:00,2001,1,11,12350.35087018917,32.90081854952418,HOEP (Legacy)
2001-01-16 11:00:00,2001,1,12,12935.338956213072,34.14558247704587,HOEP (Legacy)
2001-01-16 12:00:00,2001,1,13,12940.254626344464,40.049948077892225,HOEP (Legacy)
2001-01-16 13:00:00,2001,1,14,12132.61301246601,28.52160696943144,HOEP (Legacy)
2001-01-16 14:00:00,2001,1,15,12309.064136168527,52.3067649291812,HOEP (Legacy)
2001-01-16 15:00:00,2001,1,16,12215.653829625731,39.936515936170366,HOEP (Legacy)
2001-01-16 16:00:00,2001,1,17,11297.517034474058,0.4165221636733456,HOEP (Legacy)
2001-01-16 17:00:00,2001,1,18,11170.503236150356,30.20885766675597,HOEP (Legacy)
2001-01-16 18:00:00,2001,1,19,10930.976919987632,14.971713448447261,HOEP (Legacy)
2001-01-16 19:00:00,2001,1,20,10523.416005976194,21.38939093027483,HOEP (Legacy)
2001-01-16 20:00:00,2001,1,21,10612.967940053803,2.0246738755586122,HOEP (Legacy)
2001-01-16 21:00:00,2001,1,22,10606.461630636955,2.337669052508801,HOEP (Legacy)
2001-01-16 22:00:00,2001,1,23,10420.276765353634,6.992957692370535,HOEP (Legacy)
2001-01-16 23:00:00,2001,1,24,10406.590863238695,22.761218746123916,HOEP (Legacy)
2001-01-17 00:00:00,2001,1,1,10780.001146210383,21.294710524627494,HOEP (Legacy)
2001-01-17 01:00:00,2001,1,2,10220.008662679113,11.828525784179062,HOEP (Legacy)
2001-01-17 02:00:00,2001,1,3,11508.468735921275,39.668244792662264,HOEP (Legacy)
2001-01-17 03:00:00,2001,1,4,11751.317705199543,21.7551390999838,HOEP (Legacy)
2001-01-17 04:00:00,2001,1,5,12180.956900988716,27.98136486346558,HOEP (Legacy)
2001-01-17 05:00:00,2001,1,6,12166.789752251252,34.33070109069436,HOEP (Legacy)
2001-01-17 06:00:00,2001,1,7,11968.88836143027,40.26043540678379,HOEP (Legacy)
2001-01-17 07:00:00,2001,1,8,12871.297416667314,27.21070340105854,HOEP (Legacy)
2001-01-17 08:00:00,2001,1,9,13049.070360797272,51.65081726718086,HOEP (Legacy)
2001-01-17 09:00:00,2001,1,10,11825.773513534587,25.429326247417112,HOEP (Legacy)
2001-01-17 10:00:00,2001,1,11,13459.279459862171,14.380671759378629,HOEP (Legacy)
2001-01-17 11:00:00,2001,1,12,13131.464384977062,15.733612286217468,HOEP (Legacy)
2001-01-17 12:00:00,2001,1,13,12716.801979130521,28.48336272795754,HOEP (Legacy)
2001-01-17 13:00:00,2001,1,14,11717.816095248565,26.595596102092944,HOEP (Legacy)
2001-01-17 14:00:00,2001,1,15,11837.234003601803,21.28344734536155,HOEP (Legacy)
2001-01-17 15:00:00,2001,1,16,11943.593855221361,7.343151200270434,HOEP (Legacy)
2001-01-17 16:00:00,2001,1,17,11347.340557974947,35.65728125081874,HOEP (Legacy)
2001-01-17 17:00:00,2001,1,18,11755.048811607041,24.384584220906742,HOEP (Legacy)
2001-01-17 18:00:00,2001,1,19,10895.869074891543,12.062793334839686,HOEP (Legacy)
2001-01-17 19:00:00,2001,1,20,10678.921449672247,9.409324105445403,HOEP (Legacy)
2001-01-17 20:00:00,2001,1,21,11005.682961883196,36.6812644866419,HOEP (Legacy)
2001-01-17 21:00:00,2001,1,22,9408.624981495503,10.714047798367446,HOEP (Legacy)
2001-01-17 22:00:00,2001,1,23,10346.203667322809,23.912604124582213,HOEP (Legacy)
2001-01-17 23:00:00,2001,1,24,10207.214437794917,6.531037353641397,HOEP (Legacy)
2001-01-18 00:00:00,2001,1,1,10711.670686125019,6.839882489067836,HOEP (Legacy)
2001-01-18 01:00:00,2001,1,2,10526.709772831045,16.781594936235404,HOEP (Legacy)
2001-01-18 02:00:00,2001,1,3,11069.852241842766,27.860946997063614,HOEP (Legacy)
2001-01-18 03:00:00,2001,1,4,11740.122757219264,16.358899119399755,HOEP (Legacy)
2001-01-18 04:00:00,2001,1,5,10943.755891019977,27.685298915127746,HOEP (Legacy)
2001-01-18 05:00:00,2001,1,6,11382.581777230555,51.509989643008275,HOEP (Legacy)
2001-01-18 06:00:00,2001,1,7,12732.657588864942,43.11337370803045,HOEP (Legacy)
2001-01-18 07:00:00,2001,1,8,11836.747759885151,18.667780742582877,HOEP (Legacy)
2001-01-18 08:00:00,2001,1,9,12207.820210620332,25.75048252996598,HOEP (Legacy)
2001-01-18 09:00:00,2001,1,10,13055.882753795928,52.1822772648223,HOEP (Legacy)
2001-01-18 10:00:00,2001,1,11,13354.559937730457,43.205188543698014,HOEP (Legacy)
2001-01-18 11:00:00,2001,1,12,12151.953234816356,33.26565921882002,HOEP (Legacy)
2001-01-18 12:00:00,2001,1,13,12295.254265858239,11.70101873439165,HOEP (Legacy)
2001-01-18 13:00:00,2001,1,14,11970.292241306679,9.147206052749667,HOEP (Legacy)
2001-01-18 14:00:00,2001,1,15,12523.63484063633,25.564404333861866,HOEP (Legacy)
2001-01-18 15:00:00,2001,1,16,11862.04800678943,48.00064431161872,HOEP (Legacy)
2001-01-18 16:00:00,2001,1,17,10732.38876419502,2.8682921989572883,HOEP (Legacy)
2001-01-18 17:00:00,2001,1,18,11589.338641369388,23.97800425178984,HOEP (Legacy)
2001-01-18 18:00:00,2001,1,19,11250.387918289769,21.626313340036845,HOEP (Legacy)
2001-01-18 19:00:00,2001,1,20,10226.972328140417,3.606801051874733,HOEP (Legacy)
2001-01-18 20:00:00,2001,1,21,9831.471253915572,18.240848378175972,HOEP (Legacy)
2001-01-18 21:00:00,2001,1,22,10581.947407764803,17.857362983070775,HOEP (Legacy)
2001-01-18 22:00:00,2001,1,23,9156.701732270745,2.2763191904064577,HOEP (Legacy)
2001-01-18 23:00:00,2001,1,24,9841.287885728416,-13.22310392068227,HOEP (Legacy)
2001-01-19 00:00:00,2001,1,1,9949.131088289158,19.410909439170506,HOEP (Legacy)
2001-01-19 01:00:00,2001,1,2,10881.862387374531,24.447754440120466,HOEP (Legacy)
2001-01-19 02:00:00,2001,1,3,10614.389504531744,21.50088833753505,HOEP (Legacy)
2001-01-19 03:00:00,2001,1,4,11056.152753981854,3.5467933806154974,HOEP (Legacy)
2001-01-19 04:00:00,2001,1,5,12078.089972751997,50.54230110443942,HOEP (Legacy)
2001-01-19 05:00:00,2001,1,6,12001.92818916005,36.83113999686786,HOEP (Legacy)
2001-01-19 06:00:00,2001,1,7,11764.653851355995,28.784309810346574,HOEP (Legacy)
2001-01-19 07:00:00,2001,1,8,11976.313534160867,24.876456244047887,HOEP (Legacy)
2001-01-19 08:00:00,2001,1,9,12544.726966671427,2.0756178712490723,HOEP (Legacy)
2001-01-19 09:00:00,2001,1,10,12922.37168278562,31.999381577345435,HOEP (Legacy)
2001-01-19 10:00:00,2001,1,11,13418.54141323449,38.17246782385344,HOEP (Legacy)
2001-01-19 11:00:00,2001,1,12,12799.414936920002,17.808670223833573,HOEP (Legacy)
2001-01-19 12:00:00,2001,1,13,12940.173520949178,27.46624214626376,HOEP (Legacy)
2001-01-19 13:00:00,2001,1,14,12780.961367670752,39.83516501040777,HOEP (Legacy)
2001-01-19 14:00:00,2001,1,15,12258.239113334515,50.105311095969256,HOEP (Legacy)
2001-01-19 15:00:00,2001,1,16,12540.367204523534,37.49001953680867,HOEP (Legacy)
2001-01-19 16:00:00,2001,1,17,11186.302107904365,19.275212275517234,HOEP (Legacy)
2001-01-19 17:00:00,2001,1,18,10543.462021129508,18.590269448139793,HOEP (Legacy)
2001-01-19 18:00:00,2001,1,19,11578.484760418793,38.918961104889206,HOEP (Legacy)
2001-01-19 19:00:00,2001,1,20,10452.636140145543,3.7066053830716506,HOEP (Legacy)
2001-01-19 20:00:00,2001,1,21,10517.699522066381,26.96965776356239,HOEP (Legacy)
2001-01-19 21:00:00,2001,1,22,10714.049618264678,-7.72819444484324,HOEP (Legacy)
2001-01-19 22:00:00,2001,1,23,10651.7712901841,5.891047582261953,HOEP (Legacy)
2001-01-19 23:00:00,2001,1,24,10379.693087947646,1.6788852662200533,HOEP (Legacy)
2001-01-20 00:00:00,2001,1,1,10635.064930456349,12.714129320592182,HOEP (Legacy)
2001-01-20 01:00:00,2001,1,2,10612.090809256913,35.502416958355816,HOEP (Legacy)
2001-01-20 02:00:00,2001,1,3,11155.541144721434,40.00074616350958,HOEP (Legacy)
2001-01-20 03:00:00,2001,1,4,11592.661379726482,22.101945307797777,HOEP (Legacy)
2001-01-20 04:00:00,2001,1,5,12182.230943560418,40.142134751576776,HOEP (Legacy)
2001-01-20 05:00:00,2001,1,6,11663.248300140536,26.604911512534514,HOEP (Legacy)
2001-01-20 06:00:00,2001,1,7,12689.48296718714,37.0690738389157,HOEP (Legacy)
2001-01-20 07:00:00,2001,1,8,12896.221785523585,29.163183769944023,HOEP (Legacy)
2001-01-20 08:00:00,2001,1,9,12503.152202048617,41.42294020762151,HOEP (Legacy)
2001-01-20 09:00:00,2001,1,10,12496.638447919071,38.442240160529444,HOEP (Legacy)
2001-01-20 10:00:00,2001,1,11,12110.367324708764,49.08295494147697,HOEP (Legacy)
2001-01-20 11:00:00,2001,1,12,12011.710713879049,24.05234912505435,HOEP (Legacy)
2001-01-20 12:00:00,2001,1,13,12004.024619316475,41.92417667531663,HOEP (Legacy)
2001-01-20 13:00:00,2001,1,14,12875.298912947848,26.476005809993104,HOEP (Legacy)
2001-01-20 14:00:00,2001,1,15,12018.42024083097,36.12751742589441,HOEP (Legacy)
2001-01-20 15:00:00,2001,1,16,11800.072165488915,27.53904771884453,HOEP (Legacy)
2001-01-20 16:00:00,2001,1,17,11598.118536967362,28.811996671507554,HOEP (Legacy)
2001-01-20 17:00:00,2001,1,18,11117.282003087925,22.087488428051213,HOEP (Legacy)
2001-01-20 18:00:00,2001,1,19,10867.50119567357,38.99152675783885,HOEP (Legacy)
2001-01-20 19:00:00,2001,1,20,10902.740484153497,4.954236597918943,HOEP (Legacy)
2001-01-20 20:00:00,2001,1,21,10702.3660117203,35.449006555615775,HOEP (Legacy)
2001-01-20 21:00:00,2001,1,22,10566.93280801476,25.823429123620873,HOEP (Legacy)
2001-01-20 22:00:00,2001,1,23,9774.715401959622,5.4224167740290845,HOEP (Legacy)
2001-01-20 23:00:00,2001,1,24,9883.664785726864,38.359344846983596,HOEP (Legacy)
2001-01-21 00:00:00,2001,1,1,10775.117531245003,16.30188812976573,HOEP (Legacy)
2001-01-21 01:00:00,2001,1,2,11480.869919266735,28.2214312330032,HOEP (Legacy)
2001-01-21 02:00:00,2001,1,3,10600.830026124411,13.355582739434638,HOEP (Legacy)
2001-01-21 03:00:00,2001,1,4,12025.466167352413,42.48532224988327,HOEP (Legacy)
2001-01-21 04:00:00,2001,1,5,12082.925075684003,20.278085970687705,HOEP (Legacy)
2001-01-21 05:00:00,2001,1,6,11087.404137558973,15.113640638416598,HOEP (Legacy)
2001-01-21 06:00:00,2001,1,7,12077.984333907463,21.241475989189492,HOEP (Legacy)
2001-01-21 07:00:00,2001,1,8,12734.881539833648,21.425599451998693,HOEP (Legacy)
2001-01-21 08:00:00,2001,1,9,12383.780942565174,28.668004650614915,HOEP (Legacy)
2001-01-21 09:00:00,2001,1,10,12888.057240070008,23.746001517799762,HOEP (Legacy)
2001-01-21 10:00:00,2001,1,11,12590.266869425373,16.15935377037949,HOEP (Legacy)
2001-01-21 11:00:00,2001,1,12,13151.423722665762,41.63708177197023,HOEP (Legacy)
2001-01-21 12:00:00,2001,1,13,13697.071955644135,35.326436505770666,HOEP (Legacy)
2001-01-21 13:00:00,2001,1,14,12433.851843978431,43.96939228069586,HOEP (Legacy)
2001-01-21 14:00:00,2001,1,15,11832.34395881627,26.2108241546878,HOEP (Legacy)
2001-01-21 15:00:00,2001,1,16,11653.797593600533,5.221379700929738,HOEP (Legacy)
2001-01-21 16:00:00,2001,1,17,11443.636800755,5.74118266646704,HOEP (Legacy)
2001-01-21 17:00:00,2001,1,18,10543.862674929742,19.427912025478594,HOEP (Legacy)
2001-01-21 18:00:00,2001,1,19,11130.259354075499,16.427278437782658,HOEP (Legacy)
2001-01-21 19:00:00,2001,1,20,10548.217447141553,11.658660030377634,HOEP (Legacy)
2001-01-21 20:00:00,2001,1,21,10649.41229060494,31.98461673418804,HOEP (Legacy)
2001-01-21 21:00:00,2001,1,22,9970.698720623846,4.822315077814428,HOEP (Legacy)
2001-01-21 22:00:00,2001,1,23,9789.941301996438,18.329596445963315,HOEP (Legacy)
2001-01-21 23:00:00,2001,1,24,10191.766270725468,12.674173286045454,HOEP (Legacy)
2001-01-22 00:00:00,2001,1,1,9835.193197522669,-8.733747115614253,HOEP (Legacy)
2001-01-22 01:00:00,2001,1,2,10669.078875317893,18.002135957492253,HOEP (Legacy)
2001-01-22 02:00:00,2001,1,3,10730.226226368639,27.154285512855207,HOEP (Legacy)
2001-01-22 03:00:00,2001,1,4,11045.453295952324,20.388897985285052,HOEP (Legacy)
2001-01-22 04:00:00,2001,1,5,11850.89495762706,33.60517684753042,HOEP (Legacy)
2001-01-22 05:00:00,2001,1,6,11938.456538819857,26.079057242701797,HOEP (Legacy)
2001-01-22 06:00:00,2001,1,7,11574.15988349348,21.442837146873945,HOEP (Legacy)
2001-01-22 07:00:00,2001,1,8,11602.628907167014,40.88516499623968,HOEP (Legacy)
2001-01-22 08:00:00,2001,1,9,13118.162880822993,41.93575563014055,HOEP (Legacy)
2001-01-22 09:00:00,2001,1,10,12239.057975423071,44.69697479170445,HOEP (Legacy)
2001-01-22 10:00:00,2001,1,11,12389.484970322608,38.722399170063085,HOEP (Legacy)
2001-01-22 11:00:00,2001,1,12,13063.365993353107,35.6254461443424,HOEP (Legacy)
2001-01-22 12:00:00,2001,1,13,12442.669283650554,38.50228997891977,HOEP (Legacy)
2001-01-22 13:00:00,2001,1,14,12599.611225241231,50.23771616113083,HOEP (Legacy)
2001-01-22 14:00:00,2001,1,15,12484.13784679622,30.70098311911226,HOEP (Legacy)
2001-01-22 15:00:00,2001,1,16,12023.154260852538,33.69125807829257,HOEP (Legacy)
2001-01-22 16:00:00,2001,1,17,11750.02601875957,42.608585735426786,HOEP (Legacy)
2001-01-22 17:00:00,2001,1,18,11448.066269247027,35.997804059423885,HOEP (Legacy)
2001-01-22 18:00:00,2001,1,19,10865.08573615776,18.4371150894767,HOEP (Legacy)
2001-01-22 19:00:00,2001,1,20,10456.034358936324,38.54279566265221,HOEP (Legacy)
2001-01-22 20:00:00,2001,1,21,10537.46187685992,20.701190951048215,HOEP (Legacy)
2001-01-22 21:00:00,2001,1,22,10225.231199854761,19.76862630448322,HOEP (Legacy)
2001-01-22 22:00:00,2001,1,23,10033.274254115684,4.355122970884384,HOEP (Legacy)
2001-01-22 23:00:00,2001,1,24,9926.600806116585,6.237895173641329,HOEP (Legacy)
2001-01-23 00:00:00,2001,1,1,10821.96187225319,35.207529089512235,HOEP (Legacy)
2001-01-23 01:00:00,2001,1,2,10318.650640805328,11.738269764819169,HOEP (Legacy)
2001-01-23 02:00:00,2001,1,3,10682.376802077692,22.49582496137222,HOEP (Legacy)
2001-01-23 03:00:00,2001,1,4,10872.563677035232,3.656763600778863,HOEP (Legacy)
2001-01-23 04:00:00,2001,1,5,10773.844019666589,21.027462810508123,HOEP (Legacy)
2001-01-23 05:00:00,2001,1,6,11587.85175712754,17.208875387675345,HOEP (Legacy)
2001-01-23 06:00:00,2001,1,7,11719.726922402804,26.92883401813521,HOEP (Legacy)
2001-01-23 07:00:00,2001,1,8,12100.392142271437,33.49798405718152,HOEP (Legacy)
2001-01-23 08:00:00,2001,1,9,12148.601957741635,16.811401314438502,HOEP (Legacy)
2001-01-23 09:00:00,2001,1,10,12678.145610258864,28.024919418379493,HOEP (Legacy)
2001-01-23 10:00:00,2001,1,11,12803.213052225323,17.361497246986094,HOEP (Legacy)
2001-01-23 11:00:00,2001,1,12,12824.639997328442,17.00347820178234,HOEP (Legacy)
2001-01-23 12:00:00,2001,1,13,12213.3961244283,29.459396926699327,HOEP (Legacy)
2001-01-23 13:00:00,2001,1,14,12047.299114075595,44.283758693480124,HOEP (Legacy)
2001-01-23 14:00:00,2001,1,15,12641.204597814736,9.317339700104302,HOEP (Legacy)
2001-01-23 15:00:00,2001,1,16,11410.384905028757,24.23803870554111,HOEP (Legacy)
2001-01-23 16:00:00,2001,1,17,11035.679156506607,16.795900913511847,HOEP (Legacy)
2001-01-23 17:00:00,2001,1,18,10467.882618674706,21.855176289425167,HOEP (Legacy)
2001-01-23 18:00:00,2001,1,19,10747.567357764596,50.72106243957609,HOEP (Legacy)
2001-01-23 19:00:00,2001,1,20,10541.442453759444,5.598546640113124,HOEP (Legacy)
2001-01-23 20:00:00,2001,1,21,10046.25128847904,21.51975265366495,HOEP (Legacy)
2001-01-23 21:00:00,2001,1,22,10712.58007795512,8.163392122384778,HOEP (Legacy)
2001-01-23 22:00:00,2001,1,23,10952.353075215604,33.06858409461031,HOEP (Legacy)
2001-01-23 23:00:00,2001,1,24,9632.34721841356,15.033279453614526,HOEP (Legacy)
2001-01-24 00:00:00,2001,1,1,10046.760525841146,15.948504945832946,HOEP (Legacy)
2001-01-24 01:00:00,2001,1,2,11089.995760436655,0.41247677540697225,HOEP (Legacy)
2001-01-24 02:00:00,2001,1,3,10663.078756885556,21.413087112632773,HOEP (Legacy)
2001-01-24 03:00:00,2001,1,4,11417.467342890264,37.1178115679394,HOEP (Legacy)
2001-01-24 04:00:00,2001,1,5,11249.765016333115,22.610781774499632,HOEP (Legacy)
2001-01-24 05:00:00,2001,1,6,12044.813687894739,28.9364397910528,HOEP (Legacy)
2001-01-24 06:00:00,2001,1,7,12226.919301789361,47.45008478312346,HOEP (Legacy)
2001-01-24 07:00:00,2001,1,8,12534.028399075,59.73864079501032,HOEP (Legacy)
2001-01-24 08:00:00,2001,1,9,13146.14833372638,36.47962886706969,HOEP (Legacy)
2001-01-24 09:00:00,2001,1,10,11403.512923504986,27.76795442245203,HOEP (Legacy)
2001-01-24 10:00:00,2001,1,11,12595.694789123498,17.72417313580012,HOEP (Legacy)
2001-01-24 11:00:00,2001,1,12,12933.476483221712,32.18671875471881,HOEP (Legacy)
2001-01-24 12:00:00,2001,1,13,12048.278106048361,46.65782943883798,HOEP (Legacy)
2001-01-24 13:00:00,2001,1,14,12065.536052189489,48.02063322644889,HOEP (Legacy)
2001-01-24 14:00:00,2001,1,15,12582.064370002152,24.543036506035875,HOEP (Legacy)
2001-01-24 15:00:00,2001,1,16,11166.995721818384,16.842603574625002,HOEP (Legacy)
2001-01-24 16:00:00,2001,1,17,11529.932604931862,26.61216162825359,HOEP (Legacy)
2001-01-24 17:00:00,2001,1,18,10704.052488242398,17.81497187154644,HOEP (Legacy)
2001-01-24 18:00:00,2001,1,19,11045.771779795266,16.23715887414238,HOEP (Legacy)
2001-01-24 19:00:00,2001,1,20,10666.27871254528,4.960929267516336,HOEP (Legacy)
2001-01-24 20:00:00,2001,1,21,10547.704399591013,5.757423740039876,HOEP (Legacy)
2001-01-24 21:00:00,2001,1,22,11225.882597577,30.22016822599218,HOEP (Legacy)
2001-01-24 22:00:00,2001,1,23,10042.847609602206,18.2966699661507,HOEP (Legacy)
2001-01-24 23:00:00,2001,1,24,10725.777224243566,10.458606962583833,HOEP (Legacy)
2001-01-25 00:00:00,2001,1,1,10054.817176500372,12.669726230089998,HOEP (Legacy)
2001-01-25 01:00:00,2001,1,2,10453.929611512624,25.665149020617292,HOEP (Legacy)
2001-01-25 02:00:00,2001,1,3,11537.32066115496,35.23597303241,HOEP (Legacy)
2001-01-25 03:00:00,2001,1,4,11156.570370994968,25.310934584941077,HOEP (Legacy)
2001-01-25 04:00:00,2001,1,5,11883.838118049109,16.05540045798239,HOEP (Legacy)
2001-01-25 05:00:00,2001,1,6,11159.139729933486,28.548355574994343,HOEP (Legacy)
2001-01-25 06:00:00,2001,1,7,12152.207791066732,20.75240159699959,HOEP (Legacy)
2001-01-25 07:00:00,2001,1,8,12390.847552211744,36.232498891091524,HOEP (Legacy)
2001-01-25 08:00:00,2001,1,9,13231.27255353947,10.045059258108296,HOEP (Legacy)
2001-01-25 09:00:00,2001,1,10,12942.422725694465,38.83402665980439,HOEP (Legacy)
2001-01-25 10:00:00,2001,1,11,12795.911020515976,36.3869690102687,HOEP (Legacy)
2001-01-25 11:00:00,2001,1,12,12990.232892355434,56.009093025766,HOEP (Legacy)
2001-01-25 12:00:00,2001,1,13,12627.723686038318,13.891060755037344,HOEP (Legacy)
2001-01-25 13:00:00,2001,1,14,12458.995638082528,39.53900531654851,HOEP (Legacy)
2001-01-25 14:00:00,2001,1,15,11909.88060892013,26.209788129571308,HOEP (Legacy)
2001-01-25 15:00:00,2001,1,16,11984.570029146693,5.275319170327226,HOEP (Legacy)
2001-01-25 16:00:00,2001,1,17,11394.791782217862,6.964473689621901,HOEP (Legacy)
2001-01-25 17:00:00,2001,1,18,10650.2946639875,0.8582122687967271,HOEP (Legacy)
2001-01-25 18:00:00,2001,1,19,10979.410594053006,42.53111920408627,HOEP (Legacy)
2001-01-25 19:00:00,2001,1,20,11392.315519739754,45.02630814165133,HOEP (Legacy)
2001-01-25 20:00:00,2001,1,21,10570.220083417335,21.52573736885528,HOEP (Legacy)
2001-01-25 21:00:00,2001,1,22,9966.787805552915,10.433428127413451,HOEP (Legacy)
2001-01-25 22:00:00,2001,1,23,9718.52019868673,27.54626994106595,HOEP (Legacy)
2001-01-25 23:00:00,2001,1,24,10680.25928247031,13.512509027174982,HOEP (Legacy)
2001-01-26 00:00:00,2001,1,1,10375.058556320027,5.176510496263507,HOEP (Legacy)
2001-01-26 01:00:00,2001,1,2,10374.889315876106,-0.9258882066573761,HOEP (Legacy)
2001-01-26 02:00:00,2001,1,3,10910.24171528159,18.87007607348471,HOEP (Legacy)
2001-01-26 03:00:00,2001,1,4,11645.488593254258,13.903154410596379,HOEP (Legacy)
2001-01-26 04:00:00,2001,1,5,11490.574597089897,25.035230383204052,HOEP (Legacy)
2001-01-26 05:00:00,2001,1,6,12346.98705952484,34.01482641303259,HOEP (Legacy)
2001-01-26 06:00:00,2001,1,7,11853.25222947767,14.54433183941872,HOEP (Legacy)
2001-01-26 07:00:00,2001,1,8,11411.141781276106,25.128933962694337,HOEP (Legacy)
2001-01-26 08:00:00,2001,1,9,12840.799715119707,38.072895046170835,HOEP (Legacy)
2001-01-26 09:00:00,2001,1,10,12678.052733753848,19.01764125578451,HOEP (Legacy)
2001-01-26 10:00:00,2001,1,11,13297.57748491007,36.9870764539863,HOEP (Legacy)
2001-01-26 11:00:00,2001,1,12,12664.227750348347,50.831132414296775,HOEP (Legacy)
2001-01-26 12:00:00,2001,1,13,12474.128614664227,47.77804286508588,HOEP (Legacy)
2001-01-26 13:00:00,2001,1,14,11569.003083638523,17.917868336592093,HOEP (Legacy)
2001-01-26 14:00:00,2001,1,15,12219.260020341744,19.005452709770154,HOEP (Legacy)
2001-01-26 15:00:00,2001,1,16,11813.509589698415,57.34439122271527,HOEP (Legacy)
2001-01-26 16:00:00,2001,1,17,11007.633240651709,19.541325134091057,HOEP (Legacy)
2001-01-26 17:00:00,2001,1,18,11311.96742687301,32.92931682046908,HOEP (Legacy)
2001-01-26 18:00:00,2001,1,19,10835.035852881203,38.887065685384734,HOEP (Legacy)
2001-01-26 19:00:00,2001,1,20,10434.003201620304,38.64755116328297,HOEP (Legacy)
2001-01-26 20:00:00,2001,1,21,10574.66198019245,35.58564816368207,HOEP (Legacy)
2001-01-26 21:00:00,2001,1,22,10248.031834119603,32.23812538019029,HOEP (Legacy)
2001-01-26 22:00:00,2001,1,23,10188.372927921253,-0.9652440771877799,HOEP (Legacy)
2001-01-26 23:00:00,2001,1,24,9900.23477039568,7.035202674358237,HOEP (Legacy)
2001-01-27 00:00:00,2001,1,1,11076.33793752348,34.7172688544368,HOEP (Legacy)
2001-01-27 01:00:00,2001,1,2,11219.88705295457,35.062713678513894,HOEP (Legacy)
2001-01-27 02:00:00,2001,1,3,10418.561769937915,14.987143476392147,HOEP (Legacy)
2001-01-27 03:00:00,2001,1,4,10692.72797678086,16.558624880382876,HOEP (Legacy)
2001-01-27 04:00:00,2001,1,5,10946.30469537264,19.08498384552106,HOEP (Legacy)
2001-01-27 05:00:00,2001,1,6,11812.858767763228,33.11889369147647,HOEP (Legacy)
2001-01-27 06:00:00,2001,1,7,12466.227479797873,52.66048892054205,HOEP (Legacy)
2001-01-27 07:00:00,2001,1,8,11699.742447323742,42.03315590272621,HOEP (Legacy)
2001-01-27 08:00:00,2001,1,9,12129.815351998677,39.81779764015861,HOEP (Legacy)
2001-01-27 09:00:00,2001,1,10,12810.968017103656,30.812459845853013,HOEP (Legacy)
2001-01-27 10:00:00,2001,1,11,11893.550452646215,22.065404503509832,HOEP (Legacy)
2001-01-27 11:00:00,2001,1,12,12542.775639470841,28.820602850670948,HOEP (Legacy)
2001-01-27 12:00:00,2001,1,13,12563.58949622543,38.180691482008804,HOEP (Legacy)
2001-01-27 13:00:00,2001,1,14,11993.248406683811,12.880063225408959,HOEP (Legacy)
2001-01-27 14:00:00,2001,1,15,12187.603872300242,35.173275035561325,HOEP (Legacy)
2001-01-27 15:00:00,2001,1,16,12099.826085480092,42.214167647767106,HOEP (Legacy)
2001-01-27 16:00:00,2001,1,17,11587.379539461712,7.186878116045865,HOEP (Legacy)
2001-01-27 17:00:00,2001,1,18,11319.585610646478,44.233787335094334,HOEP (Legacy)
2001-01-27 18:00:00,2001,1,19,11154.271191517824,18.625721281735863,HOEP (Legacy)
2001-01-27 19:00:00,2001,1,20,10594.430535353915,20.55946851892275,HOEP (Legacy)
2001-01-27 20:00:00,2001,1,21,10637.469038465495,19.85987769067808,HOEP (Legacy)
2001-01-27 21:00:00,2001,1,22,10017.01176287061,19.84808682830218,HOEP (Legacy)
2001-01-27 22:00:00,2001,1,23,10865.739529480119,37.61434050793977,HOEP (Legacy)
2001-01-27 23:00:00,2001,1,24,10341.675270368121,16.33009839588874,HOEP (Legacy)
2001-01-28 00:00:00,2001,1,1,11025.503570009347,18.037828277779642,HOEP (Legacy)
2001-01-28 01:00:00,2001,1,2,10871.22271557813,44.45051638953316,HOEP (Legacy)
2001-01-28 02:00:00,2001,1,3,10825.537239407477,44.3922923308179,HOEP (Legacy)
2001-01-28 03:00:00,2001,1,4,10376.059972299463,7.690605411229479,HOEP (Legacy)
2001-01-28 04:00:00,2001,1,5,10950.15612172417,38.44419487880596,HOEP (Legacy)
2001-01-28 05:00:00,2001,1,6,12002.5264398966,39.23810916770713,HOEP (Legacy)
2001-01-28 06:00:00,2001,1,7,11696.406321405704,16.354847046612157,HOEP (Legacy)
2001-01-28 07:00:00,2001,1,8,12544.367980981113,33.28384628924123,HOEP (Legacy)
2001-01-28 08:00:00,2001,1,9,12367.365694547485,30.471458218511,HOEP (Legacy)
2001-01-28 09:00:00,2001,1,10,12619.76230032592,32.46063934316035,HOEP (Legacy)
2001-01-28 10:00:00,2001,1,11,12391.930283366326,43.088381903396645,HOEP (Legacy)
2001-01-28 11:00:00,2001,1,12,12850.549724858734,19.25173927611369,HOEP (Legacy)
2001-01-28 12:00:00,2001,1,13,12653.707782448359,26.868043907162743,HOEP (Legacy)
2001-01-28 13:00:00,2001,1,14,12274.833066497577,37.7532221989559,HOEP (Legacy)
2001-01-28 14:00:00,2001,1,15,12929.45466361774,24.963106950168594,HOEP (Legacy)
2001-01-28 15:00:00,2001,1,16,12286.187331158108,22.50532160695208,HOEP (Legacy)
2001-01-28 16:00:00,2001,1,17,11416.429208688749,40.59821438086005,HOEP (Legacy)
2001-01-28 17:00:00,2001,1,18,11121.202573880568,55.64603697282036,HOEP (Legacy)
2001-01-28 18:00:00,2001,1,19,11486.087564418918,17.0887477678417,HOEP (Legacy)
2001-01-28 19:00:00,2001,1,20,11350.65217669953,31.69676330746423,HOEP (Legacy)
2001-01-28 20:00:00,2001,1,21,10085.724294550631,3.812470285016058,HOEP (Legacy)
2001-01-28 21:00:00,2001,1,22,10498.832333950651,25.287404673002694,HOEP (Legacy)
2001-01-28 22:00:00,2001,1,23,10370.309412955341,45.84997094497659,HOEP (Legacy)
2001-01-28 23:00:00,2001,1,24,10702.33171186746,22.98276926255586,HOEP (Legacy)
2001-01-29 00:00:00,2001,1,1,11215.433769740052,22.743593347167614,HOEP (Legacy)
2001-01-29 01:00:00,2001,1,2,10504.09341605865,26.875717314833366,HOEP (Legacy)
2001-01-29 02:00:00,2001,1,3,11365.364872358385,18.193960333017298,HOEP (Legacy)
2001-01-29 03:00:00,2001,1,4,10766.091793297475,11.919513304781493,HOEP (Legacy)
2001-01-29 04:00:00,2001,1,5,11853.774531775472,22.14350860202709,HOEP (Legacy)
2001-01-29 05:00:00,2001,1,6,11654.420574439806,50.86561194538538,HOEP (Legacy)
2001-01-29 06:00:00,2001,1,7,13019.905104461544,40.47311644183172,HOEP (Legacy)
2001-01-29 07:00:00,2001,1,8,12817.502415841436,28.363753562701763,HOEP (Legacy)
2001-01-29 08:00:00,2001,1,9,12429.482971261274,43.607914385881244,HOEP (Legacy)
2001-01-29 09:00:00,2001,1,10,12231.958139514922,33.975581484999694,HOEP (Legacy)
2001-01-29 10:00:00,2001,1,11,13138.361994376459,46.5290310514569,HOEP (Legacy)
2001-01-29 11:00:00,2001,1,12,12520.910542027734,43.40978737233618,HOEP (Legacy)
2001-01-29 12:00:00,2001,1,13,12164.321799705704,13.791355548699244,HOEP (Legacy)
2001-01-29 13:00:00,2001,1,14,12030.24910079747,38.94876139791537,HOEP (Legacy)
2001-01-29 14:00:00,2001,1,15,12140.348606618887,46.500276661076484,HOEP (Legacy)
2001-01-29 15:00:00,2001,1,16,12106.736206606036,29.73109749134506,HOEP (Legacy)
2001-01-29 16:00:00,2001,1,17,11854.559863019931,31.192512126241006,HOEP (Legacy)
2001-01-29 17:00:00,2001,1,18,10117.168827241741,13.660932611750576,HOEP (Legacy)
2001-01-29 18:00:00,2001,1,19,11262.759584977908,26.632529540923887,HOEP (Legacy)
2001-01-29 19:00:00,2001,1,20,11183.802660930734,40.3996233169817,HOEP (Legacy)
2001-01-29 20:00:00,2001,1,21,9792.271449770715,29.916740640255192,HOEP (Legacy)
2001-01-29 21:00:00,2001,1,22,10776.892951836011,37.333744287093104,HOEP (Legacy)
2001-01-29 22:00:00,2001,1,23,10676.98120241319,37.355322121030795,HOEP (Legacy)
2001-01-29 23:00:00,2001,1,24,10868.076108260899,30.39740747970113,HOEP (Legacy)
2001-01-30 00:00:00,2001,1,1,10311.990352856812,-1.7415157286818221,HOEP (Legacy)
2001-01-30 01:00:00,2001,1,2,10653.213477804109,-15.56177846607478,HOEP (Legacy)
2001-01-30 02:00:00,2001,1,3,11207.85233386266,1.9480512879481218,HOEP (Legacy)
2001-01-30 03:00:00,2001,1,4,11310.65773206067,19.333456945978444,HOEP (Legacy)
2001-01-30 04:00:00,2001,1,5,11203.671982617081,16.51225360268264,HOEP (Legacy)
2001-01-30 05:00:00,2001,1,6,12222.596834573027,39.667672348057536,HOEP (Legacy)
2001-01-30 06:00:00,2001,1,7,11907.79798482934,3.6963165440533636,HOEP (Legacy)
2001-01-30 07:00:00,2001,1,8,11998.773250922583,35.8588625310264,HOEP (Legacy)
2001-01-30 08:00:00,2001,1,9,12798.964000381284,31.772912031863534,HOEP (Legacy)
2001-01-30 09:00:00,2001,1,10,12977.263964267355,40.525251495680486,HOEP (Legacy)
2001-01-30 10:00:00,2001,1,11,13338.253639688843,20.940515400225276,HOEP (Legacy)
2001-01-30 11:00:00,2001,1,12,12827.0719406084,24.630458741349315,HOEP (Legacy)
2001-01-30 12:00:00,2001,1,13,13206.49604646176,35.96289174357595,HOEP (Legacy)
2001-01-30 13:00:00,2001,1,14,12780.256955764244,25.940472779879997,HOEP (Legacy)
2001-01-30 14:00:00,2001,1,15,11680.543218567373,27.419873593905383,HOEP (Legacy)
2001-01-30 15:00:00,2001,1,16,11891.474020710928,43.93103100719633,HOEP (Legacy)
2001-01-30 16:00:00,2001,1,17,11108.64884799507,39.05463147024382,HOEP (Legacy)
2001-01-30 17:00:00,2001,1,18,11588.438360382695,23.769828313834733,HOEP (Legacy)
2001-01-30 18:00:00,2001,1,19,11251.627220623603,11.924025402155682,HOEP (Legacy)
2001-01-30 19:00:00,2001,1,20,10147.962471680488,13.231207967173155,HOEP (Legacy)
2001-01-30 20:00:00,2001,1,21,10665.773844288435,19.253164003176266,HOEP (Legacy)
2001-01-30 21:00:00,2001,1,22,10741.237931596575,16.499791182434766,HOEP (Legacy)
2001-01-30 22:00:00,2001,1,23,10508.383962338712,26.11944600242904,HOEP (Legacy)
2001-01-30 23:00:00,2001,1,24,10373.914073096792,16.599992789606084,HOEP (Legacy)
2001-01-31 00:00:00,2001,1,1,10748.79735489138,12.86619953437847,HOEP (Legacy)
2001-01-31 01:00:00,2001,1,2,9847.040208019238,25.487095996211444,HOEP (Legacy)
2001-01-31 02:00:00,2001,1,3,10880.33449097814,0.6921028162833807,HOEP (Legacy)
2001-01-31 03:00:00,2001,1,4,11407.686555467104,30.519949540262086,HOEP (Legacy)
2001-01-31 04:00:00,2001,1,5,11710.698716215587,29.071782115139907,HOEP (Legacy)
2001-01-31 05:00:00,2001,1,6,11292.771812727275,28.07033329937109,HOEP (Legacy)
2001-01-31 06:00:00,2001,1,7,11826.88625309376,19.259051761840883,HOEP (Legacy)
2001-01-31 07:00:00,2001,1,8,12259.020746463675,36.75423985878052,HOEP (Legacy)
2001-01-31 08:00:00,2001,1,9,12225.952953690208,23.52925209980963,HOEP (Legacy)
2001-01-31 09:00:00,2001,1,10,12516.235541700647,51.11336791742616,HOEP (Legacy)
2001-01-31 10:00:00,2001,1,11,12056.266364774618,20.16161773074559,HOEP (Legacy)
2001-01-31 11:00:00,2001,1,12,12854.13354790992,30.737622961869114,HOEP (Legacy)
2001-01-31 12:00:00,2001,1,13,12900.355484570324,37.99682405783483,HOEP (Legacy)
2001-01-31 13:00:00,2001,1,14,12421.43204595469,26.730605926401935,HOEP (Legacy)
2001-01-31 14:00:00,2001,1,15,11511.946683285765,31.573457326294744,HOEP (Legacy)
2001-01-31 15:00:00,2001,1,16,11887.149221600192,38.7879902076496,HOEP (Legacy)
2001-01-31 16:00:00,2001,1,17,11705.319582895114,21.85547892913292,HOEP (Legacy)
2001-01-31 17:00:00,2001,1,18,11291.752416106054,19.142068473671795,HOEP (Legacy)
2001-01-31 18:00:00,2001,1,19,11090.649227906006,31.428136625112398,HOEP (Legacy)
2001-01-31 19:00:00,2001,1,20,10280.553437998295,8.59212925633015,HOEP (Legacy)
2001-01-31 20:00:00,2001,1,21,10557.497885356179,20.380618643836023,HOEP (Legacy)
2001-01-31 21:00:00,2001,1,22,10090.063875413181,3.0339870561770397,HOEP (Legacy)
2001-01-31 22:00:00,2001,1,23,10362.95904811184,24.768857516363383,HOEP (Legacy)
2001-01-31 23:00:00,2001,1,24,10932.334338476503,37.74227575431571,HOEP (Legacy)
2001-02-01 00:00:00,2001,2,1,11393.304436908807,42.62136446652717,HOEP (Legacy)
2001-02-01 01:00:00,2001,2,2,10876.345227218932,16.34502420335243,HOEP (Legacy)
2001-02-01 02:00:00,2001,2,3,11149.724670232856,31.40810872229125,HOEP (Legacy)
2001-02-01 03:00:00,2001,2,4,11643.149095202636,25.14214410031745,HOEP (Legacy)
2001-02-01 04:00:00,2001,2,5,11630.924820691338,29.06047445046594,HOEP (Legacy)
2001-02-01 05:00:00,2001,2,6,12020.66347411955,29.21108238308302,HOEP (Legacy)
2001-02-01 06:00:00,2001,2,7,11934.69308935147,33.580096804115676,HOEP (Legacy)
2001-02-01 07:00:00,2001,2,8,12665.559273317931,31.6568188983926,HOEP (Legacy)
2001-02-01 08:00:00,2001,2,9,13011.447723440351,39.355516396424406,HOEP (Legacy)
2001-02-01 09:00:00,2001,2,10,12556.693290984278,18.407997878989953,HOEP (Legacy)
2001-02-01 10:00:00,2001,2,11,13248.781463964478,21.914393169197194,HOEP (Legacy)
2001-02-01 11:00:00,2001,2,12,12767.93683141535,33.19880927512219,HOEP (Legacy)
2001-02-01 12:00:00,2001,2,13,12915.820653809747,23.087568179377094,HOEP (Legacy)
2001-02-01 13:00:00,2001,2,14,12954.644580061387,31.95822495166209,HOEP (Legacy)
2001-02-01 14:00:00,2001,2,15,12763.761410080742,43.03351844961594,HOEP (Legacy)
2001-02-01 15:00:00,2001,2,16,12014.753307146044,24.67224543019479,HOEP (Legacy)
2001-02-01 16:00:00,2001,2,17,11394.817843837167,14.651374303382912,HOEP (Legacy)
2001-02-01 17:00:00,2001,2,18,11432.405253096753,19.662694854061392,HOEP (Legacy)
2001-02-01 18:00:00,2001,2,19,10639.071394148978,3.4598471044574595,HOEP (Legacy)
2001-02-01 19:00:00,2001,2,20,10941.202917396027,17.255612449198566,HOEP (Legacy)
2001-02-01 20:00:00,2001,2,21,10811.32827576694,26.494084861103367,HOEP (Legacy)
2001-02-01 21:00:00,2001,2,22,10169.148688381423,6.289520944572315,HOEP (Legacy)
2001-02-01 22:00:00,2001,2,23,10058.862083017064,33.38221576162766,HOEP (Legacy)
2001-02-01 23:00:00,2001,2,24,10602.337549764554,18.268985693490823,HOEP (Legacy)
2001-02-02 00:00:00,2001,2,1,10357.337619340478,22.685052473085904,HOEP (Legacy)
2001-02-02 01:00:00,2001,2,2,11471.611071701025,23.08729732916377,HOEP (Legacy)
2001-02-02 02:00:00,2001,2,3,11251.205076859313,36.820832237654166,HOEP (Legacy)
2001-02-02 03:00:00,2001,2,4,11629.506421883782,18.087935635601543,HOEP (Legacy)
2001-02-02 04:00:00,2001,2,5,12183.360191665559,23.920833199648577,HOEP (Legacy)
2001-02-02 05:00:00,2001,2,6,11824.266791891969,39.92225347798961,HOEP (Legacy)
2001-02-02 06:00:00,2001,2,7,12219.19603753643,14.066095119629159,HOEP (Legacy)
2001-02-02 07:00:00,2001,2,8,12047.144561075567,40.47619154845002,HOEP (Legacy)
2001-02-02 08:00:00,2001,2,9,13327.778912475223,37.50866677754929,HOEP (Legacy)
2001-02-02 09:00:00,2001,2,10,13224.555036531252,25.140158896409233,HOEP (Legacy)
2001-02-02 10:00:00,2001,2,11,12942.277554453281,44.72825837569916,HOEP (Legacy)
2001-02-02 11:00:00,2001,2,12,13485.60166425898,32.97108263051389,HOEP (Legacy)
2001-02-02 12:00:00,2001,2,13,12482.883120758252,38.9098383689829,HOEP (Legacy)
2001-02-02 13:00:00,2001,2,14,13789.219276213398,27.57682230771328,HOEP (Legacy)
2001-02-02 14:00:00,2001,2,15,12624.120355649522,53.82897404700957,HOEP (Legacy)
2001-02-02 15:00:00,2001,2,16,12884.889793383754,47.91599322636813,HOEP (Legacy)
2001-02-02 16:00:00,2001,2,17,12001.007298146656,14.345755585310968,HOEP (Legacy)
2001-02-02 17:00:00,2001,2,18,11519.566085603652,29.23834742004609,HOEP (Legacy)
2001-02-02 18:00:00,2001,2,19,11116.931153693637,3.1426420358775005,HOEP (Legacy)
2001-02-02 19:00:00,2001,2,20,10227.519677948936,20.378066849223018,HOEP (Legacy)
2001-02-02 20:00:00,2001,2,21,10605.212095968547,11.05164873410545,HOEP (Legacy)
2001-02-02 21:00:00,2001,2,22,10555.832727065103,20.331114668038424,HOEP (Legacy)
2001-02-02 22:00:00,2001,2,23,10828.238691150429,13.558991244317237,HOEP (Legacy)
2001-02-02 23:00:00,2001,2,24,10431.02177047013,12.489364349813425,HOEP (Legacy)
2001-02-03 00:00:00,2001,2,1,10750.270207959233,29.209687986284933,HOEP (Legacy)
2001-02-03 01:00:00,2001,2,2,10914.928573939327,20.93476014818223,HOEP (Legacy)
2001-02-03 02:00:00,2001,2,3,11344.34108568152,32.29708461700251,HOEP (Legacy)
2001-02-03 03:00:00,2001,2,4,11353.875949410442,26.19258833234921,HOEP (Legacy)
2001-02-03 04:00:00,2001,2,5,11475.282395025797,43.2944320572164,HOEP (Legacy)
2001-02-03 05:00:00,2001,2,6,13002.801315768225,40.10131961813074,HOEP (Legacy)
2001-02-03 06:00:00,2001,2,7,13170.348335769735,43.65700931783376,HOEP (Legacy)
2001-02-03 07:00:00,2001,2,8,12060.485097917008,33.721985140336045,HOEP (Legacy)
2001-02-03 08:00:00,2001,2,9,12554.97568475933,31.901417317712426,HOEP (Legacy)
2001-02-03 09:00:00,2001,2,10,12647.288377962297,20.002192905210435,HOEP (Legacy)
2001-02-03 10:00:00,2001,2,11,12813.619548045828,34.405238984170616,HOEP (Legacy)
2001-02-03 11:00:00,2001,2,12,13088.722788676845,33.813129745190054,HOEP (Legacy)
2001-02-03 12:00:00,2001,2,13,13313.912429603806,42.99732467998031,HOEP (Legacy)
2001-02-03 13:00:00,2001,2,14,13397.932104172494,40.32798169175253,HOEP (Legacy)
2001-02-03 14:00:00,2001,2,15,11990.51937953073,18.16934575135029,HOEP (Legacy)
2001-02-03 15:00:00,2001,2,16,12626.610361366904,34.58131998332286,HOEP (Legacy)
2001-02-03 16:00:00,2001,2,17,12515.161960690695,26.966258324776277,HOEP (Legacy)
2001-02-03 17:00:00,2001,2,18,11702.526708561805,10.10825957493729,HOEP (Legacy)
2001-02-03 18:00:00,2001,2,19,11194.582486769867,14.093431586195262,HOEP (Legacy)
2001-02-03 19:00:00,2001,2,20,11294.105812446476,28.02756644564959,HOEP (Legacy)
2001-02-03 20:00:00,2001,2,21,9652.24622548476,22.966474641093587,HOEP (Legacy)
2001-02-03 21:00:00,2001,2,22,11021.45192874682,-6.224168921927198,HOEP (Legacy)
2001-02-03 22:00:00,2001,2,23,11075.206966582537,5.733569851763956,HOEP (Legacy)
2001-02-03 23:00:00,2001,2,24,10817.158348047727,35.77554923902227,HOEP (Legacy)
2001-02-04 00:00:00,2001,2,1,9839.183352280173,43.87738323812921,HOEP (Legacy)
2001-02-04 01:00:00,2001,2,2,10851.896962937255,25.96623231419452,HOEP (Legacy)
2001-02-04 02:00:00,2001,2,3,11445.505518007762,21.801956095224952,HOEP (Legacy)
2001-02-04 03:00:00,2001,2,4,11809.889306576142,23.904545283005028,HOEP (Legacy)
2001-02-04 04:00:00,2001,2,5,12183.144657862616,21.321869741056247,HOEP (Legacy)
2001-02-04 05:00:00,2001,2,6,11475.31346321117,29.253253625810142,HOEP (Legacy)
2001-02-04 06:00:00,2001,2,7,12878.251074299897,26.3677077750237,HOEP (Legacy)
2001-02-04 07:00:00,2001,2,8,12196.382242195144,36.92434861298408,HOEP (Legacy)
2001-02-04 08:00:00,2001,2,9,12799.52941602064,45.0706542385038,HOEP (Legacy)
2001-02-04 09:00:00,2001,2,10,13478.525326558787,14.098821211648016,HOEP (Legacy)
2001-02-04 10:00:00,2001,2,11,12841.783155980807,35.55803693114475,HOEP (Legacy)
2001-02-04 11:00:00,2001,2,12,13142.320211202421,35.74877599089773,HOEP (Legacy)
2001-02-04 12:00:00,2001,2,13,12163.670492189933,20.91898795723207,HOEP (Legacy)
2001-02-04 13:00:00,2001,2,14,12365.715064982696,27.543302897994742,HOEP (Legacy)
2001-02-04 14:00:00,2001,2,15,12820.547739486807,33.94673906141069,HOEP (Legacy)
2001-02-04 15:00:00,2001,2,16,12114.151594019704,32.75219307752998,HOEP (Legacy)
2001-02-04 16:00:00,2001,2,17,11433.669697000292,33.62349371403991,HOEP (Legacy)
2001-02-04 17:00:00,2001,2,18,11518.234791334255,24.777238072152024,HOEP (Legacy)
2001-02-04 18:00:00,2001,2,19,11096.533675900662,31.9663520610191,HOEP (Legacy)
2001-02-04 19:00:00,2001,2,20,10693.816006271309,21.470162675471013,HOEP (Legacy)
2001-02-04 20:00:00,2001,2,21,11582.487715364268,25.863003336340984,HOEP (Legacy)
2001-02-04 21:00:00,2001,2,22,10804.039289687526,9.198859607729354,HOEP (Legacy)
2001-02-04 22:00:00,2001,2,23,10599.223849261536,-0.5586203026584542,HOEP (Legacy)
2001-02-04 23:00:00,2001,2,24,11717.937239433268,36.43844035997036,HOEP (Legacy)
2001-02-05 00:00:00,2001,2,1,11045.110444728696,41.61654246317013,HOEP (Legacy)
2001-02-05 01:00:00,2001,2,2,10749.796460684383,23.36693591894225,HOEP (Legacy)
2001-02-05 02:00:00,2001,2,3,10796.756802488566,44.20981652176418,HOEP (Legacy)
2001-02-05 03:00:00,2001,2,4,11758.097049622353,28.072608425967562,HOEP (Legacy)
2001-02-05 04:00:00,2001,2,5,12380.753889901918,28.789591007983503,HOEP (Legacy)
2001-02-05 05:00:00,2001,2,6,11890.332548171371,19.508295519947048,HOEP (Legacy)
2001-02-05 06:00:00,2001,2,7,12023.497703788147,20.349781941931262,HOEP (Legacy)
2001-02-05 07:00:00,2001,2,8,12535.47380172647,16.5551288807045,HOEP (Legacy)
2001-02-05 08:00:00,2001,2,9,13254.151118247923,34.26420034322386,HOEP (Legacy)
2001-02-05 09:00:00,2001,2,10,12461.045380441958,29.50298977140509,HOEP (Legacy)
2001-02-05 10:00:00,2001,2,11,12641.008006046548,35.95244211954879,HOEP (Legacy)
2001-02-05 11:00:00,2001,2,12,12690.333210228338,44.48675802245292,HOEP (Legacy)
2001-02-05 12:00:00,2001,2,13,13596.903293655452,42.211978749998046,HOEP (Legacy)
2001-02-05 13:00:00,2001,2,14,12189.626888918123,34.35288296921444,HOEP (Legacy)
2001-02-05 14:00:00,2001,2,15,12667.004889028442,41.839792009149726,HOEP (Legacy)
2001-02-05 15:00:00,2001,2,16,11086.686237594211,34.85126835612315,HOEP (Legacy)
2001-02-05 16:00:00,2001,2,17,12475.003775790909,14.931754654676586,HOEP (Legacy)
2001-02-05 17:00:00,2001,2,18,11434.201581646335,7.87322340016604,HOEP (Legacy)
2001-02-05 18:00:00,2001,2,19,11076.87135021699,42.31134734646825,HOEP (Legacy)
2001-02-05 19:00:00,2001,2,20,11453.422137479634,33.31222660527138,HOEP (Legacy)
2001-02-05 20:00:00,2001,2,21,11142.780201471505,32.682047436458866,HOEP (Legacy)
2001-02-05 21:00:00,2001,2,22,9848.361171798082,22.456131908010747,HOEP (Legacy)
2001-02-05 22:00:00,2001,2,23,10725.222760267303,8.830382566738479,HOEP (Legacy)
2001-02-05 23:00:00,2001,2,24,10931.027493149208,4.406365118768171,HOEP (Legacy)
2001-02-06 00:00:00,2001,2,1,10736.732231681126,8.267209070161254,HOEP (Legacy)
2001-02-06 01:00:00,2001,2,2,11230.230821660642,28.17804518032738,HOEP (Legacy)
2001-02-06 02:00:00,2001,2,3,11421.926614733502,27.56143546739188,HOEP (Legacy)
2001-02-06 03:00:00,2001,2,4,11230.503362413827,16.228294238024638,HOEP (Legacy)
2001-02-06 04:00:00,2001,2,5,11444.076965512328,14.209371395378685,HOEP (Legacy)
2001-02-06 05:00:00,2001,2,6,12215.52421339014,21.372964109609985,HOEP (Legacy)
2001-02-06 06:00:00,2001,2,7,12475.59218725833,47.704973379179265,HOEP (Legacy)
2001-02-06 07:00:00,2001,2,8,12309.01460779722,12.665878600292277,HOEP (Legacy)
2001-02-06 08:00:00,2001,2,9,13122.624469363333,27.459085927846154,HOEP (Legacy)
2001-02-06 09:00:00,2001,2,10,12180.63795118827,60.45803416787642,HOEP (Legacy)
2001-02-06 10:00:00,2001,2,11,12745.047649376274,7.310952239853094,HOEP (Legacy)
2001-02-06 11:00:00,2001,2,12,13241.8970378065,33.04674487191742,HOEP (Legacy)
2001-02-06 12:00:00,2001,2,13,13684.754982861714,35.38800101387883,HOEP (Legacy)
2001-02-06 13:00:00,2001,2,14,12343.225642542322,24.258688568302823,HOEP (Legacy)
2001-02-06 14:00:00,2001,2,15,12138.052927056578,23.68035553062142,HOEP (Legacy)
2001-02-06 15:00:00,2001,2,16,12351.074783665812,44.389131455905954,HOEP (Legacy)
2001-02-06 16:00:00,2001,2,17,12655.185293367918,34.65287504826268,HOEP (Legacy)
2001-02-06 17:00:00,2001,2,18,11349.197913655762,-3.737309289378558,HOEP (Legacy)
2001-02-06 18:00:00,2001,2,19,11398.080057908574,41.22618097756367,HOEP (Legacy)
2001-02-06 19:00:00,2001,2,20,10904.007263306565,20.463860027234638,HOEP (Legacy)
2001-02-06 20:00:00,2001,2,21,10293.781282267755,12.571900306373134,HOEP (Legacy)
2001-02-06 21:00:00,2001,2,22,11442.975510766966,18.18389751818675,HOEP (Legacy)
2001-02-06 22:00:00,2001,2,23,9932.069852416515,18.635012526344738,HOEP (Legacy)
2001-02-06 23:00:00,2001,2,24,11020.385237833118,28.124870670331028,HOEP (Legacy)
2001-02-07 00:00:00,2001,2,1,11559.96853701088,29.93149509583583,HOEP (Legacy)
2001-02-07 01:00:00,2001,2,2,11870.282019981114,32.612625763714206,HOEP (Legacy)
2001-02-07 02:00:00,2001,2,3,10898.675092185415,35.54457205599738,HOEP (Legacy)
2001-02-07 03:00:00,2001,2,4,11568.074214216742,24.217638667163513,HOEP (Legacy)
2001-02-07 04:00:00,2001,2,5,11226.067940631445,18.050230059706184,HOEP (Legacy)
2001-02-07 05:00:00,2001,2,6,12458.277534994986,19.281844553609286,HOEP (Legacy)
2001-02-07 06:00:00,2001,2,7,12211.002901334448,29.51043261051335,HOEP (Legacy)
2001-02-07 07:00:00,2001,2,8,12953.106010086432,49.13777190600643,HOEP (Legacy)
2001-02-07 08:00:00,2001,2,9,13315.575412064294,44.79846466457496,HOEP (Legacy)
2001-02-07 09:00:00,2001,2,10,13564.240981999701,33.26264203883691,HOEP (Legacy)
2001-02-07 10:00:00,2001,2,11,12831.75675019348,22.353019145186003,HOEP (Legacy)
2001-02-07 11:00:00,2001,2,12,12649.682476395077,37.121801440174245,HOEP (Legacy)
2001-02-07 12:00:00,2001,2,13,12280.437476333938,15.658309423051803,HOEP (Legacy)
2001-02-07 13:00:00,2001,2,14,13103.769478766657,16.283009720997235,HOEP (Legacy)
2001-02-07 14:00:00,2001,2,15,12817.991254043789,42.46700414427114,HOEP (Legacy)
2001-02-07 15:00:00,2001,2,16,11975.435067520044,28.512248527670735,HOEP (Legacy)
2001-02-07 16:00:00,2001,2,17,11969.181133702323,18.9807727099612,HOEP (Legacy)
2001-02-07 17:00:00,2001,2,18,11248.91327578598,24.679441243509878,HOEP (Legacy)
2001-02-07 18:00:00,2001,2,19,12015.876220951606,24.148980681547336,HOEP (Legacy)
2001-02-07 19:00:00,2001,2,20,10070.449027832745,29.51801352600629,HOEP (Legacy)
2001-02-07 20:00:00,2001,2,21,10801.741877653229,25.67964497359336,HOEP (Legacy)
2001-02-07 21:00:00,2001,2,22,10815.97331190655,43.90991937337046,HOEP (Legacy)
2001-02-07 22:00:00,2001,2,23,11114.189793394138,38.59057067374982,HOEP (Legacy)
2001-02-07 23:00:00,2001,2,24,10506.819185784318,25.665566056660225,HOEP (Legacy)
2001-02-08 00:00:00,2001,2,1,11568.500208623725,17.790131326619125,HOEP (Legacy)
2001-02-08 01:00:00,2001,2,2,10198.806671508639,23.851752676248296,HOEP (Legacy)
2001-02-08 02:00:00,2001,2,3,11902.997898025982,22.072652078536322,HOEP (Legacy)
2001-02-08 03:00:00,2001,2,4,11485.107331623636,43.689868078448185,HOEP (Legacy)
2001-02-08 04:00:00,2001,2,5,12563.290923157841,32.015417429206245,HOEP (Legacy)
2001-02-08 05:00:00,2001,2,6,12611.278264553626,32.912110332012126,HOEP (Legacy)
2001-02-08 06:00:00,2001,2,7,12519.766162374564,38.30206652919003,HOEP (Legacy)
2001-02-08 07:00:00,2001,2,8,12249.419754667393,11.621488964527554,HOEP (Legacy)
2001-02-08 08:00:00,2001,2,9,12783.327421291595,37.21667660094834,HOEP (Legacy)
2001-02-08 09:00:00,2001,2,10,13134.457882024399,36.02520398781879,HOEP (Legacy)
2001-02-08 10:00:00,2001,2,11,13564.621049311689,39.536414483262774,HOEP (Legacy)
2001-02-08 11:00:00,2001,2,12,13759.636786746394,49.21703478054066,HOEP (Legacy)
2001-02-08 12:00:00,2001,2,13,13436.636113431856,25.719456075517677,HOEP (Legacy)
2001-02-08 13:00:00,2001,2,14,12533.171693549826,51.15367006601502,HOEP (Legacy)
2001-02-08 14:00:00,2001,2,15,12142.279036480571,37.15753621909783,HOEP (Legacy)
2001-02-08 15:00:00,2001,2,16,11436.13099450793,36.40844586391833,HOEP (Legacy)
2001-02-08 16:00:00,2001,2,17,11750.688639895932,14.39480232470347,HOEP (Legacy)
2001-02-08 17:00:00,2001,2,18,11170.85469712506,24.507515872215745,HOEP (Legacy)
2001-02-08 18:00:00,2001,2,19,11949.42440648811,16.973243871811214,HOEP (Legacy)
2001-02-08 19:00:00,2001,2,20,10689.338765655672,11.023440538334585,HOEP (Legacy)
2001-02-08 20:00:00,2001,2,21,10564.805797624016,23.18027304047145,HOEP (Legacy)
2001-02-08 21:00:00,2001,2,22,10130.07014440178,21.62404341132938,HOEP (Legacy)
2001-02-08 22:00:00,2001,2,23,10937.872283197583,29.336649867720602,HOEP (Legacy)
2001-02-08 23:00:00,2001,2,24,10357.5265939173,15.138257746848936,HOEP (Legacy)
2001-02-09 00:00:00,2001,2,1,11686.47027161063,53.27171297149853,HOEP (Legacy)
2001-02-09 01:00:00,2001,2,2,11069.061781380546,37.75045233719467,HOEP (Legacy)
2001-02-09 02:00:00,2001,2,3,11461.149223919325,17.920851233742873,HOEP (Legacy)
2001-02-09 03:00:00,2001,2,4,11395.05636517955,26.61955685493431,HOEP (Legacy)
2001-02-09 04:00:00,2001,2,5,12194.119082276899,12.390003471689848,HOEP (Legacy)
2001-02-09 05:00:00,2001,2,6,11781.242673140307,34.88891994078341,HOEP (Legacy)
2001-02-09 06:00:00,2001,2,7,12566.299814018459,43.07198214686187,HOEP (Legacy)
2001-02-09 07:00:00,2001,2,8,12467.90416051327,58.67205994279299,HOEP (Legacy)
2001-02-09 08:00:00,2001,2,9,13431.978870234581,43.551675126382115,HOEP (Legacy)
2001-02-09 09:00:00,2001,2,10,12473.73061120422,33.219234647372616,HOEP (Legacy)
2001-02-09 10:00:00,2001,2,11,13278.941492619426,36.221225576795725,HOEP (Legacy)
2001-02-09 11:00:00,2001,2,12,12883.520449504313,57.30649783209671,HOEP (Legacy)
2001-02-09 12:00:00,2001,2,13,12601.899965654038,34.16815163228515,HOEP (Legacy)
2001-02-09 13:00:00,2001,2,14,13622.005144543085,37.601893089657466,HOEP (Legacy)
2001-02-09 14:00:00,2001,2,15,12783.815174210802,50.85986215648604,HOEP (Legacy)
2001-02-09 15:00:00,2001,2,16,12347.056221296274,19.75683730274948,HOEP (Legacy)
2001-02-09 16:00:00,2001,2,17,11643.706871810342,35.18564733327338,HOEP (Legacy)
2001-02-09 17:00:00,2001,2,18,12123.063892261565,26.066864826856282,HOEP (Legacy)
2001-02-09 18:00:00,2001,2,19,11712.463400550203,22.785750351617132,HOEP (Legacy)
2001-02-09 19:00:00,2001,2,20,11113.444254121574,3.04780736358029,HOEP (Legacy)
2001-02-09 20:00:00,2001,2,21,10571.678230036454,3.9955757619011543,HOEP (Legacy)
2001-02-09 21:00:00,2001,2,22,10262.064460446616,1.9068433784712973,HOEP (Legacy)
2001-02-09 22:00:00,2001,2,23,10489.014968394225,7.399129362626098,HOEP (Legacy)
2001-02-09 23:00:00,2001,2,24,10314.708399937937,14.238302968600973,HOEP (Legacy)
2001-02-10 00:00:00,2001,2,1,10992.506004520155,21.41593578094334,HOEP (Legacy)
2001-02-10 01:00:00,2001,2,2,10605.487262828781,30.037095977066024,HOEP (Legacy)
2001-02-10 02:00:00,2001,2,3,10868.656235758643,25.82587493962761,HOEP (Legacy)
2001-02-10 03:00:00,2001,2,4,11989.035569928206,19.415246776890832,HOEP (Legacy)
2001-02-10 04:00:00,2001,2,5,12537.431711080299,40.54066800519246,HOEP (Legacy)
2001-02-10 05:00:00,2001,2,6,11798.735219264663,33.181694008909616,HOEP (Legacy)
2001-02-10 06:00:00,2001,2,7,12266.13899757454,30.337552606399168,HOEP (Legacy)
2001-02-10 07:00:00,2001,2,8,13141.602791997375,26.987946812492595,HOEP (Legacy)
2001-02-10 08:00:00,2001,2,9,12620.990008468656,34.0090315844013,HOEP (Legacy)
2001-02-10 09:00:00,2001,2,10,12967.003315217618,14.331991191886182,HOEP (Legacy)
2001-02-10 10:00:00,2001,2,11,13455.615320553563,31.695324496038204,HOEP (Legacy)
2001-02-10 11:00:00,2001,2,12,12065.133466791498,48.38217724136706,HOEP (Legacy)
2001-02-10 12:00:00,2001,2,13,13050.304472235612,54.278634711711305,HOEP (Legacy)
2001-02-10 13:00:00,2001,2,14,13421.758437063578,37.740284827796685,HOEP (Legacy)
2001-02-10 14:00:00,2001,2,15,11692.632354773095,36.658691455670976,HOEP (Legacy)
2001-02-10 15:00:00,2001,2,16,11697.555714833074,22.202261508465668,HOEP (Legacy)
2001-02-10 16:00:00,2001,2,17,12323.360267644342,30.599707157135803,HOEP (Legacy)
2001-02-10 17:00:00,2001,2,18,11963.028076070077,9.459692549304712,HOEP (Legacy)
2001-02-10 18:00:00,2001,2,19,11414.95366866604,32.104959697163736,HOEP (Legacy)
2001-02-10 19:00:00,2001,2,20,10697.03615554547,20.65781609976602,HOEP (Legacy)
2001-02-10 20:00:00,2001,2,21,10739.524131776829,23.89833947818659,HOEP (Legacy)
2001-02-10 21:00:00,2001,2,22,10540.080294895364,7.379518376603082,HOEP (Legacy)
2001-02-10 22:00:00,2001,2,23,10652.875213213625,37.78099455889373,HOEP (Legacy)
2001-02-10 23:00:00,2001,2,24,10788.752091404269,36.761488997391496,HOEP (Legacy)
2001-02-11 00:00:00,2001,2,1,10259.363072877253,18.824674013929947,HOEP (Legacy)
2001-02-11 01:00:00,2001,2,2,10654.578964595406,1.5713452438904838,HOEP (Legacy)
2001-02-11 02:00:00,2001,2,3,11149.626821847763,24.871495334709962,HOEP (Legacy)
2001-02-11 03:00:00,2001,2,4,11314.442664530485,0.8094259714712599,HOEP (Legacy)
2001-02-11 04:00:00,2001,2,5,12713.654173866551,39.332207226020195,HOEP (Legacy)
2001-02-11 05:00:00,2001,2,6,11612.18135688067,15.499176648608072,HOEP (Legacy)
2001-02-11 06:00:00,2001,2,7,12872.998939505585,14.984175347708216,HOEP (Legacy)
2001-02-11 07:00:00,2001,2,8,12891.789122257238,52.14261829956342,HOEP (Legacy)
2001-02-11 08:00:00,2001,2,9,12952.589944404757,36.70368038019318,HOEP (Legacy)
2001-02-11 09:00:00,2001,2,10,12918.270475495287,40.89423050904805,HOEP (Legacy)
2001-02-11 10:00:00,2001,2,11,12905.872424829582,27.075294920929153,HOEP (Legacy)
2001-02-11 11:00:00,2001,2,12,13275.938283987296,26.480240894700426,HOEP (Legacy)
2001-02-11 12:00:00,2001,2,13,12486.999684443475,9.066326777552561,HOEP (Legacy)
2001-02-11 13:00:00,2001,2,14,12728.47789727154,29.78907849748174,HOEP (Legacy)
2001-02-11 14:00:00,2001,2,15,12811.275320485556,18.219675545717575,HOEP (Legacy)
2001-02-11 15:00:00,2001,2,16,12228.928386039657,37.38063581483064,HOEP (Legacy)
2001-02-11 16:00:00,2001,2,17,12274.572800057213,20.23721715698877,HOEP (Legacy)
2001-02-11 17:00:00,2001,2,18,10795.198653568048,9.985201665856957,HOEP (Legacy)
2001-02-11 18:00:00,2001,2,19,11207.218329935902,19.950716252922895,HOEP (Legacy)
2001-02-11 19:00:00,2001,2,20,10987.64053064734,21.021290103092724,HOEP (Legacy)
2001-02-11 20:00:00,2001,2,21,10910.345088508871,36.878195905762766,HOEP (Legacy)
2001-02-11 21:00:00,2001,2,22,10176.436186158615,16.05580947618741,HOEP (Legacy)
2001-02-11 22:00:00,2001,2,23,10361.82280939574,15.177921856402476,HOEP (Legacy)
2001-02-11 23:00:00,2001,2,24,11018.484156365988,18.989115092460334,HOEP (Legacy)
2001-02-12 00:00:00,2001,2,1,10942.199405752117,34.29525359949801,HOEP (Legacy)
2001-02-12 01:00:00,2001,2,2,10864.400148390854,20.039877342060453,HOEP (Legacy)
2001-02-12 02:00:00,2001,2,3,11283.707349459193,12.45473002619335,HOEP (Legacy)
2001-02-12 03:00:00,2001,2,4,11440.42189716924,6.7420211206391585,HOEP (Legacy)
2001-02-12 04:00:00,2001,2,5,11585.54461616374,31.486609675161002,HOEP (Legacy)
2001-02-12 05:00:00,2001,2,6,11892.034414869499,21.33687502853642,HOEP (Legacy)
2001-02-12 06:00:00,2001,2,7,12230.985379877844,46.035762851733764,HOEP (Legacy)
2001-02-12 07:00:00,2001,2,8,12215.954746868292,26.50986151021783,HOEP (Legacy)
2001-02-12 08:00:00,2001,2,9,12642.690187839386,47.09803519103407,HOEP (Legacy)
2001-02-12 09:00:00,2001,2,10,12667.191794864713,38.72564280215903,HOEP (Legacy)
2001-02-12 10:00:00,2001,2,11,13109.703639894004,37.963401006998865,HOEP (Legacy)
2001-02-12 11:00:00,2001,2,12,13437.312364469844,37.297711999875084,HOEP (Legacy)
2001-02-12 12:00:00,2001,2,13,12117.04168631675,4.908625073734672,HOEP (Legacy)
2001-02-12 13:00:00,2001,2,14,12458.994418574102,45.27517220222503,HOEP (Legacy)
2001-02-12 14:00:00,2001,2,15,13026.786897973758,51.27317989930545,HOEP (Legacy)
2001-02-12 15:00:00,2001,2,16,12810.368845856441,38.6092487423801,HOEP (Legacy)
2001-02-12 16:00:00,2001,2,17,10952.760882886449,15.068761215563363,HOEP (Legacy)
2001-02-12 17:00:00,2001,2,18,10881.92109939009,28.64101455316254,HOEP (Legacy)
2001-02-12 18:00:00,2001,2,19,11138.296968064496,10.870144177559629,HOEP (Legacy)
2001-02-12 19:00:00,2001,2,20,11051.671647327516,26.45397911891308,HOEP (Legacy)
2001-02-12 20:00:00,2001,2,21,10390.732655310037,14.992035683059484,HOEP (Legacy)
2001-02-12 21:00:00,2001,2,22,11547.168164330578,11.191042329426867,HOEP (Legacy)
2001-02-12 22:00:00,2001,2,23,11364.465506787135,29.113976369219543,HOEP (Legacy)
2001-02-12 23:00:00,2001,2,24,10826.154678364826,34.58250434684931,HOEP (Legacy)
2001-02-13 00:00:00,2001,2,1,10777.810504498877,16.696810982601438,HOEP (Legacy)
2001-02-13 01:00:00,2001,2,2,11236.533921193855,35.40468219315123,HOEP (Legacy)
2001-02-13 02:00:00,2001,2,3,11191.45880980664,45.18451166707257,HOEP (Legacy)
2001-02-13 03:00:00,2001,2,4,11956.421024877245,7.650483845011422,HOEP (Legacy)
2001-02-13 04:00:00,2001,2,5,11610.271120530506,19.114977736611703,HOEP (Legacy)
2001-02-13 05:00:00,2001,2,6,12014.547269569088,24.50521449079684,HOEP (Legacy)
2001-02-13 06:00:00,2001,2,7,11685.48721524694,37.7992409325295,HOEP (Legacy)
2001-02-13 07:00:00,2001,2,8,12926.841445891532,37.70517796836491,HOEP (Legacy)
2001-02-13 08:00:00,2001,2,9,12925.740729960926,23.32737230207607,HOEP (Legacy)
2001-02-13 09:00:00,2001,2,10,12981.97797699991,9.010735280154808,HOEP (Legacy)
2001-02-13 10:00:00,2001,2,11,12953.06802051958,31.148721798519826,HOEP (Legacy)
2001-02-13 11:00:00,2001,2,12,12379.52607873322,49.474698375738775,HOEP (Legacy)
2001-02-13 12:00:00,2001,2,13,12919.621766265802,40.00441244285942,HOEP (Legacy)
2001-02-13 13:00:00,2001,2,14,12680.827105350312,45.92978226162526,HOEP (Legacy)
2001-02-13 14:00:00,2001,2,15,11621.259083659968,22.67766128737587,HOEP (Legacy)
2001-02-13 15:00:00,2001,2,16,11712.241340907078,44.99235667266262,HOEP (Legacy)
2001-02-13 16:00:00,2001,2,17,11858.642969897232,13.14172442979772,HOEP (Legacy)
2001-02-13 17:00:00,2001,2,18,11468.261030035208,32.188693332595456,HOEP (Legacy)
2001-02-13 18:00:00,2001,2,19,11591.968098549332,43.68294876339284,HOEP (Legacy)
2001-02-13 19:00:00,2001,2,20,10932.068366477406,15.739980748302663,HOEP (Legacy)
2001-02-13 20:00:00,2001,2,21,10734.374209653304,21.36352381250859,HOEP (Legacy)
2001-02-13 21:00:00,2001,2,22,10418.593013645845,22.22696936988227,HOEP (Legacy)
2001-02-13 22:00:00,2001,2,23,10472.556432145533,10.444741597005695,HOEP (Legacy)
2001-02-13 23:00:00,2001,2,24,10827.800622043398,13.654041501147017,HOEP (Legacy)
2001-02-14 00:00:00,2001,2,1,10552.597820584342,13.92784386739245,HOEP (Legacy)
2001-02-14 01:00:00,2001,2,2,11006.687252591053,10.606753044257673,HOEP (Legacy)
2001-02-14 02:00:00,2001,2,3,11414.800235175837,38.23234196881808,HOEP (Legacy)
2001-02-14 03:00:00,2001,2,4,11250.724558865952,32.43169203278641,HOEP (Legacy)
2001-02-14 04:00:00,2001,2,5,11916.266011237398,32.87943760076113,HOEP (Legacy)
2001-02-14 05:00:00,2001,2,6,12227.503823153942,45.93262299839995,HOEP (Legacy)
2001-02-14 06:00:00,2001,2,7,12159.23768424914,24.282637294628607,HOEP (Legacy)
2001-02-14 07:00:00,2001,2,8,12187.390846945375,18.611202417206382,HOEP (Legacy)
2001-02-14 08:00:00,2001,2,9,13580.295156164528,21.736223985044152,HOEP (Legacy)
2001-02-14 09:00:00,2001,2,10,13076.392879320936,25.148904367771635,HOEP (Legacy)
2001-02-14 10:00:00,2001,2,11,12211.315782292206,33.12469736665482,HOEP (Legacy)
2001-02-14 11:00:00,2001,2,12,12900.362275185107,29.11257334423629,HOEP (Legacy)
2001-02-14 12:00:00,2001,2,13,12922.46552960376,13.166915812670116,HOEP (Legacy)
2001-02-14 13:00:00,2001,2,14,12688.522969262698,31.550268799578745,HOEP (Legacy)
2001-02-14 14:00:00,2001,2,15,13024.987771450782,8.719198875655792,HOEP (Legacy)
2001-02-14 15:00:00,2001,2,16,12280.94957266621,25.581310076022945,HOEP (Legacy)
2001-02-14 16:00:00,2001,2,17,11303.60036960106,10.959028625277368,HOEP (Legacy)
2001-02-14 17:00:00,2001,2,18,11470.111846687838,29.96275358462809,HOEP (Legacy)
2001-02-14 18:00:00,2001,2,19,11078.04930144318,22.586083623664834,HOEP (Legacy)
2001-02-14 19:00:00,2001,2,20,12334.068046457127,34.93617897215802,HOEP (Legacy)
2001-02-14 20:00:00,2001,2,21,10546.068279822419,-2.7906508493010875,HOEP (Legacy)
2001-02-14 21:00:00,2001,2,22,10766.34959975935,18.845097578271805,HOEP (Legacy)
2001-02-14 22:00:00,2001,2,23,10158.684989479536,26.38291278184994,HOEP (Legacy)
2001-02-14 23:00:00,2001,2,24,10683.841504034333,25.458978178082088,HOEP (Legacy)
2001-02-15 00:00:00,2001,2,1,10842.583215078857,42.641103441151984,HOEP (Legacy)
2001-02-15 01:00:00,2001,2,2,10367.78732871949,9.471096964510298,HOEP (Legacy)
2001-02-15 02:00:00,2001,2,3,11720.46210792722,14.270801039743034,HOEP (Legacy)
2001-02-15 03:00:00,2001,2,4,11328.861907240398,41.75429176595284,HOEP (Legacy)
2001-02-15 04:00:00,2001,2,5,11863.26383218421,18.201634475938754,HOEP (Legacy)
2001-02-15 05:00:00,2001,2,6,12472.716464375506,28.66119564767822,HOEP (Legacy)
2001-02-15 06:00:00,2001,2,7,12655.706085450958,60.71168767080941,HOEP (Legacy)
2001-02-15 07:00:00,2001,2,8,12868.364434418878,27.926138807787165,HOEP (Legacy)
2001-02-15 08:00:00,2001,2,9,12538.860810618944,14.864242570765857,HOEP (Legacy)
2001-02-15 09:00:00,2001,2,10,13753.313699963961,54.469681734644475,HOEP (Legacy)
2001-02-15 10:00:00,2001,2,11,13171.40808099897,25.390534810824136,HOEP (Legacy)
2001-02-15 11:00:00,2001,2,12,13302.325838306415,33.838608885990475,HOEP (Legacy)
2001-02-15 12:00:00,2001,2,13,12577.393243601391,28.105219840809742,HOEP (Legacy)
2001-02-15 13:00:00,2001,2,14,12523.828273150597,42.75601537562801,HOEP (Legacy)
2001-02-15 14:00:00,2001,2,15,12704.70011362074,33.792256305972096,HOEP (Legacy)
2001-02-15 15:00:00,2001,2,16,12162.101805829316,27.000762971954188,HOEP (Legacy)
2001-02-15 16:00:00,2001,2,17,11797.322074804348,50.325880040072946,HOEP (Legacy)
2001-02-15 17:00:00,2001,2,18,10857.882880017136,12.561873622949118,HOEP (Legacy)
2001-02-15 18:00:00,2001,2,19,10618.878084970933,7.352768878833734,HOEP (Legacy)
2001-02-15 19:00:00,2001,2,20,11110.42607351902,28.598653197976127,HOEP (Legacy)
2001-02-15 20:00:00,2001,2,21,10754.339745514346,12.357013694083376,HOEP (Legacy)
2001-02-15 21:00:00,2001,2,22,10397.313641104525,15.76331423199386,HOEP (Legacy)
2001-02-15 22:00:00,2001,2,23,9903.452675098655,22.185144615834396,HOEP (Legacy)
2001-02-15 23:00:00,2001,2,24,10195.74668445834,16.661120629378043,HOEP (Legacy)
2001-02-16 00:00:00,2001,2,1,11429.750506716908,28.910981932468644,HOEP (Legacy)
2001-02-16 01:00:00,2001,2,2,11474.959592190668,17.654692504964515,HOEP (Legacy)
2001-02-16 02:00:00,2001,2,3,11357.467149423981,31.370265456753703,HOEP (Legacy)
2001-02-16 03:00:00,2001,2,4,11196.584963924914,31.864057807137016,HOEP (Legacy)
2001-02-16 04:00:00,2001,2,5,11876.965961693491,22.342052524342726,HOEP (Legacy)
2001-02-16 05:00:00,2001,2,6,12249.375504784326,44.403282373691155,HOEP (Legacy)
2001-02-16 06:00:00,2001,2,7,12663.305763538789,48.766471421461894,HOEP (Legacy)
2001-02-16 07:00:00,2001,2,8,12306.469087578478,21.77608750787688,HOEP (Legacy)
2001-02-16 08:00:00,2001,2,9,13088.82519932599,24.44761706459112,HOEP (Legacy)
2001-02-16 09:00:00,2001,2,10,13195.645223619704,41.72768213366804,HOEP (Legacy)
2001-02-16 10:00:00,2001,2,11,13228.345912644914,42.67262813161901,HOEP (Legacy)
2001-02-16 11:00:00,2001,2,12,13005.375589011783,33.99523113742335,HOEP (Legacy)
2001-02-16 12:00:00,2001,2,13,12805.636185895839,35.45772785012169,HOEP (Legacy)
2001-02-16 13:00:00,2001,2,14,12002.338252973777,40.45977440815944,HOEP (Legacy)
2001-02-16 14:00:00,2001,2,15,11946.227178040135,11.9644890598181,HOEP (Legacy)
2001-02-16 15:00:00,2001,2,16,11905.273699294357,24.34086009230953,HOEP (Legacy)
2001-02-16 16:00:00,2001,2,17,12021.175226874797,28.71431110291268,HOEP (Legacy)
2001-02-16 17:00:00,2001,2,18,11638.177970629764,25.188331280681126,HOEP (Legacy)
2001-02-16 18:00:00,2001,2,19,11816.724346412813,5.439317693641435,HOEP (Legacy)
2001-02-16 19:00:00,2001,2,20,10341.999468365982,6.366301107792731,HOEP (Legacy)
2001-02-16 20:00:00,2001,2,21,10901.474722295308,14.240625197641705,HOEP (Legacy)
2001-02-16 21:00:00,2001,2,22,9879.463745560046,1.2186538296500693,HOEP (Legacy)
2001-02-16 22:00:00,2001,2,23,10349.239562674438,3.7379905697325615,HOEP (Legacy)
2001-02-16 23:00:00,2001,2,24,10709.385499612357,17.878066819188195,HOEP (Legacy)
2001-02-17 00:00:00,2001,2,1,10878.768331976768,28.20114969158991,HOEP (Legacy)
2001-02-17 01:00:00,2001,2,2,10585.935519284048,13.316279421832583,HOEP (Legacy)
2001-02-17 02:00:00,2001,2,3,11547.275504196215,26.488618015706916,HOEP (Legacy)
2001-02-17 03:00:00,2001,2,4,12277.63462845552,31.790427982750774,HOEP (Legacy)
2001-02-17 04:00:00,2001,2,5,11452.152913802109,25.825562068218638,HOEP (Legacy)
2001-02-17 05:00:00,2001,2,6,13210.558095917611,18.61006396905463,HOEP (Legacy)
2001-02-17 06:00:00,2001,2,7,12867.981995312983,23.34431901730104,HOEP (Legacy)
2001-02-17 07:00:00,2001,2,8,12679.287337344662,28.245504863372396,HOEP (Legacy)
2001-02-17 08:00:00,2001,2,9,12889.638674620808,13.617285926537651,HOEP (Legacy)
2001-02-17 09:00:00,2001,2,10,12812.175314987504,12.024984859636053,HOEP (Legacy)
2001-02-17 10:00:00,2001,2,11,13034.851212097692,41.789709329653064,HOEP (Legacy)
2001-02-17 11:00:00,2001,2,12,13229.704179309472,33.299946772156495,HOEP (Legacy)
2001-02-17 12:00:00,2001,2,13,12008.54189114086,12.003638012064648,HOEP (Legacy)
2001-02-17 13:00:00,2001,2,14,13049.63412730386,23.13528624742097,HOEP (Legacy)
2001-02-17 14:00:00,2001,2,15,11677.461514687368,41.69118433515329,HOEP (Legacy)
2001-02-17 15:00:00,2001,2,16,11841.063302561908,42.4650334348985,HOEP (Legacy)
2001-02-17 16:00:00,2001,2,17,11818.619190576585,27.044514240830622,HOEP (Legacy)
2001-02-17 17:00:00,2001,2,18,11119.683707245405,20.314091351956545,HOEP (Legacy)
2001-02-17 18:00:00,2001,2,19,11805.101086422444,15.233517546534241,HOEP (Legacy)
2001-02-17 19:00:00,2001,2,20,11151.82490801585,9.095531167097144,HOEP (Legacy)
2001-02-17 20:00:00,2001,2,21,11025.702875199995,28.46096877705342,HOEP (Legacy)
2001-02-17 21:00:00,2001,2,22,11254.263289438555,18.481567160866796,HOEP (Legacy)
2001-02-17 22:00:00,2001,2,23,10111.779341025458,22.575019538009258,HOEP (Legacy)
2001-02-17 23:00:00,2001,2,24,10942.807344908328,15.637043632385073,HOEP (Legacy)
2001-02-18 00:00:00,2001,2,1,11442.637046192363,15.081473246260465,HOEP (Legacy)
2001-02-18 01:00:00,2001,2,2,10904.081888212457,11.033939865532169,HOEP (Legacy)
2001-02-18 02:00:00,2001,2,3,11264.888884450498,31.833594588285468,HOEP (Legacy)
2001-02-18 03:00:00,2001,2,4,11538.952069825174,31.08732007871339,HOEP (Legacy)
2001-02-18 04:00:00,2001,2,5,11514.343119765188,25.182821568518573,HOEP (Legacy)
2001-02-18 05:00:00,2001,2,6,12395.66075478102,29.180114173382172,HOEP (Legacy)
2001-02-18 06:00:00,2001,2,7,12022.680452234514,15.791387076399836,HOEP (Legacy)
2001-02-18 07:00:00,2001,2,8,12148.614995509122,37.45496868641746,HOEP (Legacy)
2001-02-18 08:00:00,2001,2,9,12503.108874458705,41.28941751634554,HOEP (Legacy)
2001-02-18 09:00:00,2001,2,10,12102.939763850325,43.337856954966526,HOEP (Legacy)
2001-02-18 10:00:00,2001,2,11,13098.425449814582,33.07433807360652,HOEP (Legacy)
2001-02-18 11:00:00,2001,2,12,12950.945026658464,31.9435406645813,HOEP (Legacy)
2001-02-18 12:00:00,2001,2,13,13038.858539352701,36.457449720364714,HOEP (Legacy)
2001-02-18 13:00:00,2001,2,14,12836.613217910795,26.218236200575994,HOEP (Legacy)
2001-02-18 14:00:00,2001,2,15,12610.633255145662,26.48619797852618,HOEP (Legacy)
2001-02-18 15:00:00,2001,2,16,11719.758227935718,44.74434479682148,HOEP (Legacy)
2001-02-18 16:00:00,2001,2,17,12486.277768679805,21.417071107828104,HOEP (Legacy)
2001-02-18 17:00:00,2001,2,18,11338.670633415539,36.22121726157049,HOEP (Legacy)
2001-02-18 18:00:00,2001,2,19,10755.14438771777,33.452851240003255,HOEP (Legacy)
2001-02-18 19:00:00,2001,2,20,11275.29566562631,19.356497569588687,HOEP (Legacy)
2001-02-18 20:00:00,2001,2,21,10814.855568873478,6.515184953327914,HOEP (Legacy)
2001-02-18 21:00:00,2001,2,22,10959.569227527352,25.571496910111115,HOEP (Legacy)
2001-02-18 22:00:00,2001,2,23,10286.43036807594,20.838683296065525,HOEP (Legacy)
2001-02-18 23:00:00,2001,2,24,10639.40266860316,9.991155492312242,HOEP (Legacy)
2001-02-19 00:00:00,2001,2,1,10534.368352433876,25.273263939411557,HOEP (Legacy)
2001-02-19 01:00:00,2001,2,2,11055.471733602037,16.877292603711204,HOEP (Legacy)
2001-02-19 02:00:00,2001,2,3,11127.716475342022,12.930815555340626,HOEP (Legacy)
2001-02-19 03:00:00,2001,2,4,11937.877824159299,35.12607532663759,HOEP (Legacy)
2001-02-19 04:00:00,2001,2,5,12509.821851563034,34.79748166408765,HOEP (Legacy)
2001-02-19 05:00:00,2001,2,6,12282.886864366363,41.71818099908725,HOEP (Legacy)
2001-02-19 06:00:00,2001,2,7,12167.143922153473,49.96095844197805,HOEP (Legacy)
2001-02-19 07:00:00,2001,2,8,12450.295243687708,31.247606573461358,HOEP (Legacy)
2001-02-19 08:00:00,2001,2,9,12907.894375259451,22.401577084653127,HOEP (Legacy)
2001-02-19 09:00:00,2001,2,10,12814.906307054041,21.046331353607663,HOEP (Legacy)
2001-02-19 10:00:00,2001,2,11,13459.774844896716,59.004955925907495,HOEP (Legacy)
2001-02-19 11:00:00,2001,2,12,12946.688807488013,37.84238324234723,HOEP (Legacy)
2001-02-19 12:00:00,2001,2,13,12964.677923406274,50.93608046875037,HOEP (Legacy)
2001-02-19 13:00:00,2001,2,14,13256.538306743854,16.175977000383533,HOEP (Legacy)
2001-02-19 14:00:00,2001,2,15,13071.750699900907,5.228175635837715,HOEP (Legacy)
2001-02-19 15:00:00,2001,2,16,12576.068379230146,2.639203592652862,HOEP (Legacy)
2001-02-19 16:00:00,2001,2,17,11739.045289411604,36.165413488774355,HOEP (Legacy)
2001-02-19 17:00:00,2001,2,18,11220.308109597316,22.597418226600794,HOEP (Legacy)
2001-02-19 18:00:00,2001,2,19,10865.410577842322,25.7647899059415,HOEP (Legacy)
2001-02-19 19:00:00,2001,2,20,10822.714169986964,10.194908941473965,HOEP (Legacy)
2001-02-19 20:00:00,2001,2,21,11505.616038074093,17.735684009076294,HOEP (Legacy)
2001-02-19 21:00:00,2001,2,22,10385.663169557633,18.466504367626747,HOEP (Legacy)
2001-02-19 22:00:00,2001,2,23,10495.29694111809,16.48616478683592,HOEP (Legacy)
2001-02-19 23:00:00,2001,2,24,11052.893717100838,22.116682100867354,HOEP (Legacy)
2001-02-20 00:00:00,2001,2,1,10810.673273806557,6.567813864670821,HOEP (Legacy)
2001-02-20 01:00:00,2001,2,2,11105.257091827121,36.038213030824295,HOEP (Legacy)
2001-02-20 02:00:00,2001,2,3,11182.378404986766,26.944233479076363,HOEP (Legacy)
2001-02-20 03:00:00,2001,2,4,11436.279141011277,45.02503862173785,HOEP (Legacy)
2001-02-20 04:00:00,2001,2,5,11589.707448684243,42.67940737068347,HOEP (Legacy)
2001-02-20 05:00:00,2001,2,6,12153.307325051712,32.849338742093636,HOEP (Legacy)
2001-02-20 06:00:00,2001,2,7,12171.626602744807,47.91059271978985,HOEP (Legacy)
2001-02-20 07:00:00,2001,2,8,13117.744807181754,44.78385644607707,HOEP (Legacy)
2001-02-20 08:00:00,2001,2,9,12982.179808712466,34.04869689128706,HOEP (Legacy)
2001-02-20 09:00:00,2001,2,10,12867.73965476397,36.41820597106906,HOEP (Legacy)
2001-02-20 10:00:00,2001,2,11,12620.349319105051,28.00822026030613,HOEP (Legacy)
2001-02-20 11:00:00,2001,2,12,13451.20058370348,52.34892761997326,HOEP (Legacy)
2001-02-20 12:00:00,2001,2,13,12376.192022905881,28.298906815599477,HOEP (Legacy)
2001-02-20 13:00:00,2001,2,14,12506.39570879065,17.369164760287525,HOEP (Legacy)
2001-02-20 14:00:00,2001,2,15,11664.640878172631,19.381852156151446,HOEP (Legacy)
2001-02-20 15:00:00,2001,2,16,11240.459518013682,28.165895125957856,HOEP (Legacy)
2001-02-20 16:00:00,2001,2,17,12208.83890572553,16.091398060831185,HOEP (Legacy)
2001-02-20 17:00:00,2001,2,18,11045.365296151975,34.176075303604236,HOEP (Legacy)
2001-02-20 18:00:00,2001,2,19,10908.75903762637,28.94927497085654,HOEP (Legacy)
2001-02-20 19:00:00,2001,2,20,10962.065007290923,20.637696774760823,HOEP (Legacy)
2001-02-20 20:00:00,2001,2,21,10244.952430577398,18.538048534456472,HOEP (Legacy)
2001-02-20 21:00:00,2001,2,22,11013.500565168559,15.934022479604186,HOEP (Legacy)
2001-02-20 22:00:00,2001,2,23,10333.352288241878,30.121880211952217,HOEP (Legacy)
2001-02-20 23:00:00,2001,2,24,10291.01536222735,1.2012857234992467,HOEP (Legacy)
2001-02-21 00:00:00,2001,2,1,10725.342148784106,32.658586818602416,HOEP (Legacy)
2001-02-21 01:00:00,2001,2,2,11294.941792823663,6.889820647148863,HOEP (Legacy)
2001-02-21 02:00:00,2001,2,3,11210.707933969321,21.549303378928286,HOEP (Legacy)
2001-02-21 03:00:00,2001,2,4,11945.58971553476,17.880617710950023,HOEP (Legacy)
2001-02-21 04:00:00,2001,2,5,11960.201106974768,13.70609776872275,HOEP (Legacy)
2001-02-21 05:00:00,2001,2,6,11929.45994597235,34.763475654528875,HOEP (Legacy)
2001-02-21 06:00:00,2001,2,7,13004.91008318747,34.22471693626505,HOEP (Legacy)
2001-02-21 07:00:00,2001,2,8,12982.9682516084,27.50830161888446,HOEP (Legacy)
2001-02-21 08:00:00,2001,2,9,13038.869555869895,32.401498756761185,HOEP (Legacy)
2001-02-21 09:00:00,2001,2,10,12995.732912389198,40.702814783839145,HOEP (Legacy)
2001-02-21 10:00:00,2001,2,11,12145.47487085361,43.42544706247211,HOEP (Legacy)
2001-02-21 11:00:00,2001,2,12,13564.377626199252,15.501306511194137,HOEP (Legacy)
2001-02-21 12:00:00,2001,2,13,13682.464509622954,64.51923635857634,HOEP (Legacy)
2001-02-21 13:00:00,2001,2,14,13476.651579383608,26.834743074020295,HOEP (Legacy)
2001-02-21 14:00:00,2001,2,15,12939.777273701708,35.75733935481658,HOEP (Legacy)
2001-02-21 15:00:00,2001,2,16,12281.565787440171,39.4209117575267,HOEP (Legacy)
2001-02-21 16:00:00,2001,2,17,11206.752114621338,22.402594952363092,HOEP (Legacy)
2001-02-21 17:00:00,2001,2,18,11765.37553211782,54.513406234486396,HOEP (Legacy)
2001-02-21 18:00:00,2001,2,19,11697.525684600263,21.310764788202817,HOEP (Legacy)
2001-02-21 19:00:00,2001,2,20,11121.090119442086,41.2611047445437,HOEP (Legacy)
2001-02-21 20:00:00,2001,2,21,10323.78618442085,25.63739224556459,HOEP (Legacy)
2001-02-21 21:00:00,2001,2,22,10963.694862124228,25.830778272328494,HOEP (Legacy)
2001-02-21 22:00:00,2001,2,23,10745.0004729247,26.882140211731016,HOEP (Legacy)
2001-02-21 23:00:00,2001,2,24,10403.679308551169,28.599199626384394,HOEP (Legacy)
2001-02-22 00:00:00,2001,2,1,11680.540175214188,23.382523555112943,HOEP (Legacy)
2001-02-22 01:00:00,2001,2,2,10298.789734697732,18.161446796715207,HOEP (Legacy)
2001-02-22 02:00:00,2001,2,3,11187.746775884329,21.9548609052564,HOEP (Legacy)
2001-02-22 03:00:00,2001,2,4,11438.363336773446,15.9318303108288,HOEP (Legacy)
2001-02-22 04:00:00,2001,2,5,11846.592909781646,23.564249758735922,HOEP (Legacy)
2001-02-22 05:00:00,2001,2,6,11401.296086853717,35.62195103751246,HOEP (Legacy)
2001-02-22 06:00:00,2001,2,7,12789.122224827739,45.095878648834734,HOEP (Legacy)
2001-02-22 07:00:00,2001,2,8,12158.847116055098,17.61891327352564,HOEP (Legacy)
2001-02-22 08:00:00,2001,2,9,12988.461826165138,24.436183214205354,HOEP (Legacy)
2001-02-22 09:00:00,2001,2,10,13101.370702060796,42.47094392287801,HOEP (Legacy)
2001-02-22 10:00:00,2001,2,11,13102.021220324235,37.759163235423465,HOEP (Legacy)
2001-02-22 11:00:00,2001,2,12,12519.030311477469,31.012794638653,HOEP (Legacy)
2001-02-22 12:00:00,2001,2,13,12979.570734711313,41.34772241479256,HOEP (Legacy)
2001-02-22 13:00:00,2001,2,14,13161.981692569236,59.57213111586338,HOEP (Legacy)
2001-02-22 14:00:00,2001,2,15,12270.590087071078,29.711062094479164,HOEP (Legacy)
2001-02-22 15:00:00,2001,2,16,13031.968895217107,16.241401663352036,HOEP (Legacy)
2001-02-22 16:00:00,2001,2,17,11402.79624842104,-4.406831328158159,HOEP (Legacy)
2001-02-22 17:00:00,2001,2,18,10917.310029758297,6.546459676009436,HOEP (Legacy)
2001-02-22 18:00:00,2001,2,19,11351.95189937359,23.889104215879982,HOEP (Legacy)
2001-02-22 19:00:00,2001,2,20,11024.484494113121,29.553364611994844,HOEP (Legacy)
2001-02-22 20:00:00,2001,2,21,10677.852734543656,20.23609000385625,HOEP (Legacy)
2001-02-22 21:00:00,2001,2,22,9743.2781721993,11.6868317409462,HOEP (Legacy)
2001-02-22 22:00:00,2001,2,23,11201.597349487665,34.90558776732642,HOEP (Legacy)
2001-02-22 23:00:00,2001,2,24,10463.920778924505,-4.341654024645859,HOEP (Legacy)
2001-02-23 00:00:00,2001,2,1,11366.364009129931,6.233971538940239,HOEP (Legacy)
2001-02-23 01:00:00,2001,2,2,10960.069890695313,27.316645148804866,HOEP (Legacy)
2001-02-23 02:00:00,2001,2,3,10861.237384678428,8.23076935080283,HOEP (Legacy)
2001-02-23 03:00:00,2001,2,4,12010.885891107844,19.244197496099204,HOEP (Legacy)
2001-02-23 04:00:00,2001,2,5,11460.095847441069,23.914039029131526,HOEP (Legacy)
2001-02-23 05:00:00,2001,2,6,11827.473528458504,32.806373556046054,HOEP (Legacy)
2001-02-23 06:00:00,2001,2,7,12414.591880248909,23.81252045032477,HOEP (Legacy)
2001-02-23 07:00:00,2001,2,8,13220.638497734537,23.802011289510954,HOEP (Legacy)
2001-02-23 08:00:00,2001,2,9,13513.733187159565,34.99151303085256,HOEP (Legacy)
2001-02-23 09:00:00,2001,2,10,13155.995484521622,20.276051970624536,HOEP (Legacy)
2001-02-23 10:00:00,2001,2,11,12914.719183338637,40.01967204671175,HOEP (Legacy)
2001-02-23 11:00:00,2001,2,12,13203.62945929428,17.501616864088803,HOEP (Legacy)
2001-02-23 12:00:00,2001,2,13,12424.430382523373,31.670566753450487,HOEP (Legacy)
2001-02-23 13:00:00,2001,2,14,11915.254011243456,21.786990639397693,HOEP (Legacy)
2001-02-23 14:00:00,2001,2,15,12404.667193186422,27.725733906198613,HOEP (Legacy)
2001-02-23 15:00:00,2001,2,16,12357.76250581238,37.15899196742633,HOEP (Legacy)
2001-02-23 16:00:00,2001,2,17,11613.173652158346,22.81055485476689,HOEP (Legacy)
2001-02-23 17:00:00,2001,2,18,11219.870282505466,43.415288815898805,HOEP (Legacy)
2001-02-23 18:00:00,2001,2,19,11480.340882849288,42.644056034390026,HOEP (Legacy)
2001-02-23 19:00:00,2001,2,20,10892.31601638181,56.914942178018755,HOEP (Legacy)
2001-02-23 20:00:00,2001,2,21,10460.667616444282,26.729391427565773,HOEP (Legacy)
2001-02-23 21:00:00,2001,2,22,10943.60606975524,46.0385927135401,HOEP (Legacy)
2001-02-23 22:00:00,2001,2,23,10358.844046017506,24.818776638177027,HOEP (Legacy)
2001-02-23 23:00:00,2001,2,24,10574.49484804683,20.014589167781686,HOEP (Legacy)
2001-02-24 00:00:00,2001,2,1,10719.377365168308,2.1831731341472853,HOEP (Legacy)
2001-02-24 01:00:00,2001,2,2,11271.2825734672,37.96379917516789,HOEP (Legacy)
2001-02-24 02:00:00,2001,2,3,11713.455855698394,21.345837469720543,HOEP (Legacy)
2001-02-24 03:00:00,2001,2,4,11509.0992286548,17.74762020714185,HOEP (Legacy)
2001-02-24 04:00:00,2001,2,5,11286.620584310558,41.406568958725025,HOEP (Legacy)
2001-02-24 05:00:00,2001,2,6,12381.521080539764,33.89847315567661,HOEP (Legacy)
2001-02-24 06:00:00,2001,2,7,12226.462716738297,31.706510180812714,HOEP (Legacy)
2001-02-24 07:00:00,2001,2,8,12159.151601471498,34.62482101617813,HOEP (Legacy)
2001-02-24 08:00:00,2001,2,9,13463.478929604704,37.54221439143798,HOEP (Legacy)
2001-02-24 09:00:00,2001,2,10,12743.20692080908,26.36240607994673,HOEP (Legacy)
2001-02-24 10:00:00,2001,2,11,13213.017228783407,23.211097856532312,HOEP (Legacy)
2001-02-24 11:00:00,2001,2,12,12594.25098382124,56.27404183875451,HOEP (Legacy)
2001-02-24 12:00:00,2001,2,13,13325.86801325941,55.80821724676562,HOEP (Legacy)
2001-02-24 13:00:00,2001,2,14,13080.350844991499,55.485394506661095,HOEP (Legacy)
2001-02-24 14:00:00,2001,2,15,11661.859768006394,35.85484180210053,HOEP (Legacy)
2001-02-24 15:00:00,2001,2,16,12594.218491853862,33.94276875222334,HOEP (Legacy)
2001-02-24 16:00:00,2001,2,17,11547.347108167824,33.034362835292555,HOEP (Legacy)
2001-02-24 17:00:00,2001,2,18,11270.359849585011,30.04300577811885,HOEP (Legacy)
2001-02-24 18:00:00,2001,2,19,10988.965698944956,16.607156586926465,HOEP (Legacy)
2001-02-24 19:00:00,2001,2,20,10858.6124188856,44.551259205115606,HOEP (Legacy)
2001-02-24 20:00:00,2001,2,21,10462.137947583757,25.75178921360832,HOEP (Legacy)
2001-02-24 21:00:00,2001,2,22,10381.157123988545,34.81749992045279,HOEP (Legacy)
2001-02-24 22:00:00,2001,2,23,10466.894606320078,27.075974046063788,HOEP (Legacy)
2001-02-24 23:00:00,2001,2,24,10662.018517867335,25.5933859831523,HOEP (Legacy)
2001-02-25 00:00:00,2001,2,1,11072.78773940312,31.5629337406975,HOEP (Legacy)
2001-02-25 01:00:00,2001,2,2,10890.735460394028,-1.081733314383495,HOEP (Legacy)
2001-02-25 02:00:00,2001,2,3,10642.420480916166,29.409187073241768,HOEP (Legacy)
2001-02-25 03:00:00,2001,2,4,11540.731681467996,15.3039566598327,HOEP (Legacy)
2001-02-25 04:00:00,2001,2,5,11854.269467925897,14.234148777759735,HOEP (Legacy)
2001-02-25 05:00:00,2001,2,6,12186.535597021984,32.47191715329084,HOEP (Legacy)
2001-02-25 06:00:00,2001,2,7,12924.473776092136,24.78776588542965,HOEP (Legacy)
2001-02-25 07:00:00,2001,2,8,13197.146178235826,43.38586869126587,HOEP (Legacy)
2001-02-25 08:00:00,2001,2,9,12804.8067044027,55.20929513618519,HOEP (Legacy)
2001-02-25 09:00:00,2001,2,10,13050.84263486448,25.138797242364078,HOEP (Legacy)
2001-02-25 10:00:00,2001,2,11,12869.756285567875,38.87290825708172,HOEP (Legacy)
2001-02-25 11:00:00,2001,2,12,13169.608536334468,32.409453017549005,HOEP (Legacy)
2001-02-25 12:00:00,2001,2,13,13469.568193687137,19.537662778615598,HOEP (Legacy)
2001-02-25 13:00:00,2001,2,14,13667.472386097204,24.67755920201719,HOEP (Legacy)
2001-02-25 14:00:00,2001,2,15,13051.290108530975,37.62661081648291,HOEP (Legacy)
2001-02-25 15:00:00,2001,2,16,11760.56605482735,35.84123916136788,HOEP (Legacy)
2001-02-25 16:00:00,2001,2,17,12113.306438407568,5.172942003880639,HOEP (Legacy)
2001-02-25 17:00:00,2001,2,18,11435.563589276737,17.39753790247069,HOEP (Legacy)
2001-02-25 18:00:00,2001,2,19,11424.943203877461,26.319068359416942,HOEP (Legacy)
2001-02-25 19:00:00,2001,2,20,11513.481910589982,39.20618805048443,HOEP (Legacy)
2001-02-25 20:00:00,2001,2,21,9991.072044298235,25.839734995362527,HOEP (Legacy)
2001-02-25 21:00:00,2001,2,22,10798.737439801525,4.145540368455066,HOEP (Legacy)
2001-02-25 22:00:00,2001,2,23,11288.459390963464,3.9902958817883345,HOEP (Legacy)
2001-02-25 23:00:00,2001,2,24,11018.964278781224,11.604186526905362,HOEP (Legacy)
2001-02-26 00:00:00,2001,2,1,11179.417745519575,44.943748653882416,HOEP (Legacy)
2001-02-26 01:00:00,2001,2,2,11255.40887159604,31.186535571342755,HOEP (Legacy)
2001-02-26 02:00:00,2001,2,3,10849.115190005414,-9.524565300687868,HOEP (Legacy)
2001-02-26 03:00:00,2001,2,4,11040.584948204807,39.122543458660026,HOEP (Legacy)
2001-02-26 04:00:00,2001,2,5,11360.294701872495,24.67722643429622,HOEP (Legacy)
2001-02-26 05:00:00,2001,2,6,12450.521469130324,28.224255475263273,HOEP (Legacy)
2001-02-26 06:00:00,2001,2,7,12569.512377880104,31.62683236906369,HOEP (Legacy)
2001-02-26 07:00:00,2001,2,8,11805.858686185069,22.32278446937263,HOEP (Legacy)
2001-02-26 08:00:00,2001,2,9,12218.148509743143,41.103921917719425,HOEP (Legacy)
2001-02-26 09:00:00,2001,2,10,13266.532309739097,14.044121170969717,HOEP (Legacy)
2001-02-26 10:00:00,2001,2,11,12959.409643702724,38.8177297856399,HOEP (Legacy)
2001-02-26 11:00:00,2001,2,12,12397.157071075748,46.0149940559275,HOEP (Legacy)
2001-02-26 12:00:00,2001,2,13,12427.735126250736,27.867088980487946,HOEP (Legacy)
2001-02-26 13:00:00,2001,2,14,11981.709403287718,44.46882062209288,HOEP (Legacy)
2001-02-26 14:00:00,2001,2,15,11669.758240267794,8.819419373825085,HOEP (Legacy)
2001-02-26 15:00:00,2001,2,16,11938.88658030302,26.28706153577411,HOEP (Legacy)
2001-02-26 16:00:00,2001,2,17,11858.267869860752,20.90906346652678,HOEP (Legacy)
2001-02-26 17:00:00,2001,2,18,11620.43923581084,22.285704299560575,HOEP (Legacy)
2001-02-26 18:00:00,2001,2,19,10841.383472690473,37.03231898035112,HOEP (Legacy)
2001-02-26 19:00:00,2001,2,20,10998.791131564798,6.509230207716515,HOEP (Legacy)
2001-02-26 20:00:00,2001,2,21,10343.274419177902,52.58030528193011,HOEP (Legacy)
2001-02-26 21:00:00,2001,2,22,10180.178996717119,23.723919923994124,HOEP (Legacy)
2001-02-26 22:00:00,2001,2,23,10915.614044191176,39.38464319341575,HOEP (Legacy)
2001-02-26 23:00:00,2001,2,24,11621.332296246517,42.643216374893214,HOEP (Legacy)
2001-02-27 00:00:00,2001,2,1,10891.461694757183,27.260910361759223,HOEP (Legacy)
2001-02-27 01:00:00,2001,2,2,10147.413629684264,27.07345960466699,HOEP (Legacy)
2001-02-27 02:00:00,2001,2,3,11005.59430394209,24.618023108823664,HOEP (Legacy)
2001-02-27 03:00:00,2001,2,4,11689.206251169946,16.004196422678454,HOEP (Legacy)
2001-02-27 04:00:00,2001,2,5,12194.53542761356,29.647725190107447,HOEP (Legacy)
2001-02-27 05:00:00,2001,2,6,12788.474880406768,56.630347090093416,HOEP (Legacy)
2001-02-27 06:00:00,2001,2,7,12838.560835182841,29.954831479953633,HOEP (Legacy)
2001-02-27 07:00:00,2001,2,8,12306.529341658117,19.294169632962802,HOEP (Legacy)
2001-02-27 08:00:00,2001,2,9,13036.735782805965,35.12656946642807,HOEP (Legacy)
2001-02-27 09:00:00,2001,2,10,13686.40335069542,43.62773215326659,HOEP (Legacy)
2001-02-27 10:00:00,2001,2,11,13283.562320424546,44.24865446932104,HOEP (Legacy)
2001-02-27 11:00:00,2001,2,12,12261.076140759416,28.645666113028618,HOEP (Legacy)
2001-02-27 12:00:00,2001,2,13,12985.337895491793,26.08208928121033,HOEP (Legacy)
2001-02-27 13:00:00,2001,2,14,12929.124225168327,31.08404858122279,HOEP (Legacy)
2001-02-27 14:00:00,2001,2,15,12480.41061653661,27.229601587002787,HOEP (Legacy)
2001-02-27 15:00:00,2001,2,16,12068.516157107548,43.634949310574626,HOEP (Legacy)
2001-02-27 16:00:00,2001,2,17,11471.26926715347,38.698457933797435,HOEP (Legacy)
2001-02-27 17:00:00,2001,2,18,11844.854995029085,37.82978180800188,HOEP (Legacy)
2001-02-27 18:00:00,2001,2,19,11236.408858093535,42.60748149644114,HOEP (Legacy)
2001-02-27 19:00:00,2001,2,20,10639.011555922363,32.13640539021674,HOEP (Legacy)
2001-02-27 20:00:00,2001,2,21,10713.299952124595,16.061342934606298,HOEP (Legacy)
2001-02-27 21:00:00,2001,2,22,11084.862340239302,24.434115298249473,HOEP (Legacy)
2001-02-27 22:00:00,2001,2,23,10374.070534031856,27.153362822070093,HOEP (Legacy)
2001-02-27 23:00:00,2001,2,24,9582.303567746641,-4.560686742199364,HOEP (Legacy)
2001-02-28 00:00:00,2001,2,1,10580.450552010594,15.21911405252272,HOEP (Legacy)
2001-02-28 01:00:00,2001,2,2,11643.17145474418,15.893470834146239,HOEP (Legacy)
2001-02-28 02:00:00,2001,2,3,10918.081139634402,26.25122186731085,HOEP (Legacy)
2001-02-28 03:00:00,2001,2,4,11014.369914613768,17.823255042483495,HOEP (Legacy)
2001-02-28 04:00:00,2001,2,5,11155.569494346086,31.951976450559407,HOEP (Legacy)
2001-02-28 05:00:00,2001,2,6,12971.06465704308,37.60633498983502,HOEP (Legacy)
2001-02-28 06:00:00,2001,2,7,12836.7857677584,40.332598756986094,HOEP (Legacy)
2001-02-28 07:00:00,2001,2,8,12864.746567610851,44.9467657345299,HOEP (Legacy)
2001-02-28 08:00:00,2001,2,9,12497.638746243732,10.424562448364469,HOEP (Legacy)
2001-02-28 09:00:00,2001,2,10,13961.079204212781,40.229663057989434,HOEP (Legacy)
2001-02-28 10:00:00,2001,2,11,13009.926735203731,18.50910185814391,HOEP (Legacy)
2001-02-28 11:00:00,2001,2,12,13325.988426054475,21.93370946890838,HOEP (Legacy)
2001-02-28 12:00:00,2001,2,13,12801.983683462613,24.58662453581404,HOEP (Legacy)
2001-02-28 13:00:00,2001,2,14,12886.153797605344,71.55917331644585,HOEP (Legacy)
2001-02-28 14:00:00,2001,2,15,12756.060003154818,10.150136307009788,HOEP (Legacy)
2001-02-28 15:00:00,2001,2,16,11951.942881785011,22.109956944321233,HOEP (Legacy)
2001-02-28 16:00:00,2001,2,17,11839.642748787352,28.251963876305343,HOEP (Legacy)
2001-02-28 17:00:00,2001,2,18,11485.995631741202,33.1889765973964,HOEP (Legacy)
2001-02-28 18:00:00,2001,2,19,11537.070653807066,29.271437794736258,HOEP (Legacy)
2001-02-28 19:00:00,2001,2,20,11399.26317116836,49.14053523186964,HOEP (Legacy)
2001-02-28 20:00:00,2001,2,21,10876.280867139862,34.623749747283306,HOEP (Legacy)
2001-02-28 21:00:00,2001,2,22,10174.124457595502,20.59490568234418,HOEP (Legacy)
2001-02-28 22:00:00,2001,2,23,10500.333630344785,19.52745853344437,HOEP (Legacy)
2001-02-28 23:00:00,2001,2,24,10190.325217808844,26.25793490959961,HOEP (Legacy)
2001-03-01 00:00:00,2001,3,1,11817.087685362574,45.29990076531718,HOEP (Legacy)
2001-03-01 01:00:00,2001,3,2,11648.90673633173,17.58134440379017,HOEP (Legacy)
2001-03-01 02:00:00,2001,3,3,12811.599294592701,52.693985796095376,HOEP (Legacy)
2001-03-01 03:00:00,2001,3,4,12384.862083246737,22.47255137521383,HOEP (Legacy)
2001-03-01 04:00:00,2001,3,5,12707.174057098831,28.141950489267906,HOEP (Legacy)
2001-03-01 05:00:00,2001,3,6,13444.958721875319,43.38488184899744,HOEP (Legacy)
2001-03-01 06:00:00,2001,3,7,12979.367439026051,29.570987775702374,HOEP (Legacy)
2001-03-01 07:00:00,2001,3,8,13910.07084740204,59.74716002443629,HOEP (Legacy)
2001-03-01 08:00:00,2001,3,9,13459.95115146587,30.46331759560598,HOEP (Legacy)
2001-03-01 09:00:00,2001,3,10,14077.07846465582,41.57859243256797,HOEP (Legacy)
2001-03-01 10:00:00,2001,3,11,14135.522531868039,29.448913574054266,HOEP (Legacy)
2001-03-01 11:00:00,2001,3,12,13602.39211867841,58.69347274191944,HOEP (Legacy)
2001-03-01 12:00:00,2001,3,13,13340.374848777386,53.54490136316473,HOEP (Legacy)
2001-03-01 13:00:00,2001,3,14,14040.034633505511,32.50204551002277,HOEP (Legacy)
2001-03-01 14:00:00,2001,3,15,13695.929393224624,36.90876804994075,HOEP (Legacy)
2001-03-01 15:00:00,2001,3,16,13646.775012783693,49.94072459120403,HOEP (Legacy)
2001-03-01 16:00:00,2001,3,17,13030.217814846803,28.545366643506373,HOEP (Legacy)
2001-03-01 17:00:00,2001,3,18,11567.984678785739,33.38367045175314,HOEP (Legacy)
2001-03-01 18:00:00,2001,3,19,12240.744698849758,40.3334487605794,HOEP (Legacy)
2001-03-01 19:00:00,2001,3,20,11887.303540817658,5.476023880657419,HOEP (Legacy)
2001-03-01 20:00:00,2001,3,21,12032.003657949075,30.505988008514052,HOEP (Legacy)
2001-03-01 21:00:00,2001,3,22,10817.40198819602,9.896863797265585,HOEP (Legacy)
2001-03-01 22:00:00,2001,3,23,11575.989575439764,17.50018998160155,HOEP (Legacy)
2001-03-01 23:00:00,2001,3,24,11377.743728353485,20.2810029229588,HOEP (Legacy)
2001-03-02 00:00:00,2001,3,1,11788.79106271683,30.811155868109118,HOEP (Legacy)
2001-03-02 01:00:00,2001,3,2,12696.072234767897,9.664726363263089,HOEP (Legacy)
2001-03-02 02:00:00,2001,3,3,11600.466730496715,20.721786535501405,HOEP (Legacy)
2001-03-02 03:00:00,2001,3,4,12195.143590863228,25.25513926403983,HOEP (Legacy)
2001-03-02 04:00:00,2001,3,5,12632.363140332685,27.260217886002515,HOEP (Legacy)
2001-03-02 05:00:00,2001,3,6,13188.63234155295,13.914080794048608,HOEP (Legacy)
2001-03-02 06:00:00,2001,3,7,13512.690996340418,51.62003811516193,HOEP (Legacy)
2001-03-02 07:00:00,2001,3,8,13444.671705289407,32.50219202783032,HOEP (Legacy)
2001-03-02 08:00:00,2001,3,9,13723.625508370522,26.124646390066925,HOEP (Legacy)
2001-03-02 09:00:00,2001,3,10,14709.603788609149,32.359220671284135,HOEP (Legacy)
2001-03-02 10:00:00,2001,3,11,14162.174719045981,65.90066026388695,HOEP (Legacy)
2001-03-02 11:00:00,2001,3,12,13937.829696763996,42.72947873565734,HOEP (Legacy)
2001-03-02 12:00:00,2001,3,13,14053.503770324769,58.13088506818907,HOEP (Legacy)
2001-03-02 13:00:00,2001,3,14,13035.761207362777,36.16906562568148,HOEP (Legacy)
2001-03-02 14:00:00,2001,3,15,13381.3546477234,22.453610037655878,HOEP (Legacy)
2001-03-02 15:00:00,2001,3,16,13028.488679796204,42.93054231384903,HOEP (Legacy)
2001-03-02 16:00:00,2001,3,17,13257.411518802463,36.783998574220874,HOEP (Legacy)
2001-03-02 17:00:00,2001,3,18,12074.43072331982,10.573263611168862,HOEP (Legacy)
2001-03-02 18:00:00,2001,3,19,11649.354042029145,24.240540676656785,HOEP (Legacy)
2001-03-02 19:00:00,2001,3,20,12366.232514152542,51.013703591511074,HOEP (Legacy)
2001-03-02 20:00:00,2001,3,21,11660.063216904093,9.693722442590882,HOEP (Legacy)
2001-03-02 21:00:00,2001,3,22,11639.05041976633,7.874059779955989,HOEP (Legacy)
2001-03-02 22:00:00,2001,3,23,11484.996568134995,8.693608805639894,HOEP (Legacy)
2001-03-02 23:00:00,2001,3,24,10959.454891324613,-2.996745996713699,HOEP (Legacy)
2001-03-03 00:00:00,2001,3,1,11460.024569732373,41.333209370184065,HOEP (Legacy)
2001-03-03 01:00:00,2001,3,2,12102.180927701327,27.021915246099685,HOEP (Legacy)
2001-03-03 02:00:00,2001,3,3,11888.390637043209,16.81890496418531,HOEP (Legacy)
2001-03-03 03:00:00,2001,3,4,12923.97205080511,34.52607827367222,HOEP (Legacy)
2001-03-03 04:00:00,2001,3,5,13501.886909843655,16.220019185211953,HOEP (Legacy)
2001-03-03 05:00:00,2001,3,6,13088.830804001414,28.072756073709442,HOEP (Legacy)
2001-03-03 06:00:00,2001,3,7,12829.662945631784,48.182485345358835,HOEP (Legacy)
2001-03-03 07:00:00,2001,3,8,14202.484660281143,30.159480853206233,HOEP (Legacy)
2001-03-03 08:00:00,2001,3,9,13513.241053469272,58.967738087923735,HOEP (Legacy)
2001-03-03 09:00:00,2001,3,10,14187.1961910221,61.33079162934578,HOEP (Legacy)
2001-03-03 10:00:00,2001,3,11,13401.240072777677,24.583288268106113,HOEP (Legacy)
2001-03-03 11:00:00,2001,3,12,14170.317470811391,41.743184919088336,HOEP (Legacy)
2001-03-03 12:00:00,2001,3,13,14690.37741618928,52.98602699891555,HOEP (Legacy)
2001-03-03 13:00:00,2001,3,14,14152.934456016223,58.219680472826575,HOEP (Legacy)
2001-03-03 14:00:00,2001,3,15,14234.6048005869,64.00133958616894,HOEP (Legacy)
2001-03-03 15:00:00,2001,3,16,12849.87515199921,44.72086450789892,HOEP (Legacy)
2001-03-03 16:00:00,2001,3,17,12550.158137662222,19.165807948441742,HOEP (Legacy)
2001-03-03 17:00:00,2001,3,18,12186.581241141957,27.213575939866054,HOEP (Legacy)
2001-03-03 18:00:00,2001,3,19,12706.316606215623,54.316780356874176,HOEP (Legacy)
2001-03-03 19:00:00,2001,3,20,11986.527019660438,41.35850419401575,HOEP (Legacy)
2001-03-03 20:00:00,2001,3,21,11970.831760781433,33.92933873316783,HOEP (Legacy)
2001-03-03 21:00:00,2001,3,22,11876.245719332706,32.198402660377084,HOEP (Legacy)
2001-03-03 22:00:00,2001,3,23,11494.581715937009,38.785068596583564,HOEP (Legacy)
2001-03-03 23:00:00,2001,3,24,11934.436437609049,33.702311305838876,HOEP (Legacy)
2001-03-04 00:00:00,2001,3,1,11242.719592000089,22.10650712254462,HOEP (Legacy)
2001-03-04 01:00:00,2001,3,2,11304.456237592933,16.334784978774817,HOEP (Legacy)
2001-03-04 02:00:00,2001,3,3,11987.519345251374,20.212320484572345,HOEP (Legacy)
2001-03-04 03:00:00,2001,3,4,11860.308974206988,18.800044446989077,HOEP (Legacy)
2001-03-04 04:00:00,2001,3,5,12572.336471362501,23.48979078157496,HOEP (Legacy)
2001-03-04 05:00:00,2001,3,6,13820.991050388513,30.44295516873502,HOEP (Legacy)
2001-03-04 06:00:00,2001,3,7,13245.581781284007,29.38836166094289,HOEP (Legacy)
2001-03-04 07:00:00,2001,3,8,13685.91857898866,21.201707462236325,HOEP (Legacy)
2001-03-04 08:00:00,2001,3,9,13563.492547587735,44.22590925600916,HOEP (Legacy)
2001-03-04 09:00:00,2001,3,10,13458.681764175526,55.275488696354614,HOEP (Legacy)
2001-03-04 10:00:00,2001,3,11,13908.200127527101,38.30655068880198,HOEP (Legacy)
2001-03-04 11:00:00,2001,3,12,13315.281425578061,37.848967197612836,HOEP (Legacy)
2001-03-04 12:00:00,2001,3,13,13996.590921810925,38.25152070621636,HOEP (Legacy)
2001-03-04 13:00:00,2001,3,14,13751.362886694142,30.06891277962103,HOEP (Legacy)
2001-03-04 14:00:00,2001,3,15,13706.340869721127,51.10990224695502,HOEP (Legacy)
2001-03-04 15:00:00,2001,3,16,12705.596798736668,28.98588954986352,HOEP (Legacy)
2001-03-04 16:00:00,2001,3,17,12464.409090652594,48.57050633297814,HOEP (Legacy)
2001-03-04 17:00:00,2001,3,18,12480.412588725518,14.488607542964758,HOEP (Legacy)
2001-03-04 18:00:00,2001,3,19,12207.531489192686,45.88683661334643,HOEP (Legacy)
2001-03-04 19:00:00,2001,3,20,11913.0746767625,31.902178887464608,HOEP (Legacy)
2001-03-04 20:00:00,2001,3,21,11700.377613403778,13.768358617231623,HOEP (Legacy)
2001-03-04 21:00:00,2001,3,22,11309.683574318615,51.4526634501708,HOEP (Legacy)
2001-03-04 22:00:00,2001,3,23,11980.344229120083,49.119670162479224,HOEP (Legacy)
2001-03-04 23:00:00,2001,3,24,11484.178929670514,18.426135529930605,HOEP (Legacy)
2001-03-05 00:00:00,2001,3,1,11423.751665256086,17.87957417291277,HOEP (Legacy)
2001-03-05 01:00:00,2001,3,2,12419.772283714296,36.47024551660206,HOEP (Legacy)
2001-03-05 02:00:00,2001,3,3,11557.60867548029,33.380512920175384,HOEP (Legacy)
2001-03-05 03:00:00,2001,3,4,12064.676839258665,26.6219574263171,HOEP (Legacy)
2001-03-05 04:00:00,2001,3,5,12819.644287284375,19.314305154802632,HOEP (Legacy)
2001-03-05 05:00:00,2001,3,6,12817.85027357068,47.66863375717884,HOEP (Legacy)
2001-03-05 06:00:00,2001,3,7,13726.360055300693,33.457180531799075,HOEP (Legacy)
2001-03-05 07:00:00,2001,3,8,13619.13581839521,35.800029233556685,HOEP (Legacy)
2001-03-05 08:00:00,2001,3,9,13649.132229011522,31.83681038000891,HOEP (Legacy)
2001-03-05 09:00:00,2001,3,10,14342.281189931438,50.06480010284041,HOEP (Legacy)
2001-03-05 10:00:00,2001,3,11,13729.674377620815,49.85041416934192,HOEP (Legacy)
2001-03-05 11:00:00,2001,3,12,14038.952325761398,47.8506383995497,HOEP (Legacy)
2001-03-05 12:00:00,2001,3,13,13775.31847569829,25.6157816754586,HOEP (Legacy)
2001-03-05 13:00:00,2001,3,14,13339.306309791065,34.45584835440207,HOEP (Legacy)
2001-03-05 14:00:00,2001,3,15,14327.015544183378,44.84335975749902,HOEP (Legacy)
2001-03-05 15:00:00,2001,3,16,12430.484914313089,16.326828567407766,HOEP (Legacy)
2001-03-05 16:00:00,2001,3,17,12642.393076974839,18.977434199698777,HOEP (Legacy)
2001-03-05 17:00:00,2001,3,18,12507.219884860811,11.481229716009473,HOEP (Legacy)
2001-03-05 18:00:00,2001,3,19,11984.15743204256,43.03841393462599,HOEP (Legacy)
2001-03-05 19:00:00,2001,3,20,11576.184367376167,4.480446723353921,HOEP (Legacy)
2001-03-05 20:00:00,2001,3,21,11568.766475694872,8.622955400928774,HOEP (Legacy)
2001-03-05 21:00:00,2001,3,22,10994.23268761752,21.065652532936475,HOEP (Legacy)
2001-03-05 22:00:00,2001,3,23,11704.245488823626,42.18607081101539,HOEP (Legacy)
2001-03-05 23:00:00,2001,3,24,11643.258424769583,36.266145417531554,HOEP (Legacy)
2001-03-06 00:00:00,2001,3,1,10909.92548511019,-0.16855258831940034,HOEP (Legacy)
2001-03-06 01:00:00,2001,3,2,12645.270155078593,15.18145196858227,HOEP (Legacy)
2001-03-06 02:00:00,2001,3,3,12139.230138970945,6.797865011213151,HOEP (Legacy)
2001-03-06 03:00:00,2001,3,4,13172.978880969797,49.9612490282716,HOEP (Legacy)
2001-03-06 04:00:00,2001,3,5,12515.989409779886,29.245460720092193,HOEP (Legacy)
2001-03-06 05:00:00,2001,3,6,12974.498851064956,24.493890008380852,HOEP (Legacy)
2001-03-06 06:00:00,2001,3,7,13162.138843966717,29.092861698783747,HOEP (Legacy)
2001-03-06 07:00:00,2001,3,8,13465.370358090033,25.835739216294265,HOEP (Legacy)
2001-03-06 08:00:00,2001,3,9,14424.341748542474,52.41705143331801,HOEP (Legacy)
2001-03-06 09:00:00,2001,3,10,13551.534867683162,45.262195136451936,HOEP (Legacy)
2001-03-06 10:00:00,2001,3,11,14201.397706559494,44.53361594387224,HOEP (Legacy)
2001-03-06 11:00:00,2001,3,12,14408.712922069255,60.105662065456684,HOEP (Legacy)
2001-03-06 12:00:00,2001,3,13,13929.494056537269,44.90403428754355,HOEP (Legacy)
2001-03-06 13:00:00,2001,3,14,13119.211407811796,35.4790154993617,HOEP (Legacy)
2001-03-06 14:00:00,2001,3,15,13521.706770672477,36.83761168486071,HOEP (Legacy)
2001-03-06 15:00:00,2001,3,16,12871.286830449502,16.47772614687731,HOEP (Legacy)
2001-03-06 16:00:00,2001,3,17,13148.966937509604,11.518728010434618,HOEP (Legacy)
2001-03-06 17:00:00,2001,3,18,12500.409944759149,25.340220616755907,HOEP (Legacy)
2001-03-06 18:00:00,2001,3,19,12023.391151282469,41.70937505453037,HOEP (Legacy)
2001-03-06 19:00:00,2001,3,20,11815.575328313698,27.630638609530354,HOEP (Legacy)
2001-03-06 20:00:00,2001,3,21,11898.784820821604,33.731789119802215,HOEP (Legacy)
2001-03-06 21:00:00,2001,3,22,11835.47256878765,20.968153144604003,HOEP (Legacy)
2001-03-06 22:00:00,2001,3,23,10687.257738901966,16.330668378891136,HOEP (Legacy)
2001-03-06 23:00:00,2001,3,24,11619.95129079529,22.286997762447164,HOEP (Legacy)
2001-03-07 00:00:00,2001,3,1,11666.032158464266,45.257233706218614,HOEP (Legacy)
2001-03-07 01:00:00,2001,3,2,12458.779634768332,37.97417257654561,HOEP (Legacy)
2001-03-07 02:00:00,2001,3,3,11790.473004115955,35.009211625494075,HOEP (Legacy)
2001-03-07 03:00:00,2001,3,4,12084.921425552318,20.391040323400983,HOEP (Legacy)
2001-03-07 04:00:00,2001,3,5,12572.118298086916,18.276930693181555,HOEP (Legacy)
2001-03-07 05:00:00,2001,3,6,12644.620704153956,24.43764977650569,HOEP (Legacy)
2001-03-07 06:00:00,2001,3,7,13282.091187035789,52.93304349158778,HOEP (Legacy)
2001-03-07 07:00:00,2001,3,8,13327.042742967315,47.057179331582276,HOEP (Legacy)
2001-03-07 08:00:00,2001,3,9,13959.653515578366,44.79646655833454,HOEP (Legacy)
2001-03-07 09:00:00,2001,3,10,13719.510135601548,31.747181976914284,HOEP (Legacy)
2001-03-07 10:00:00,2001,3,11,14317.474196442274,39.092448522138355,HOEP (Legacy)
2001-03-07 11:00:00,2001,3,12,14029.015228754688,39.55947221214346,HOEP (Legacy)
2001-03-07 12:00:00,2001,3,13,13935.279872351717,32.316388413900896,HOEP (Legacy)
2001-03-07 13:00:00,2001,3,14,14004.470856774493,53.319047848977036,HOEP (Legacy)
2001-03-07 14:00:00,2001,3,15,14145.17488230917,52.58674479629604,HOEP (Legacy)
2001-03-07 15:00:00,2001,3,16,13130.861988002916,30.113530808022013,HOEP (Legacy)
2001-03-07 16:00:00,2001,3,17,12883.819594178325,34.62828979257361,HOEP (Legacy)
2001-03-07 17:00:00,2001,3,18,12238.727179977968,35.419545792746675,HOEP (Legacy)
2001-03-07 18:00:00,2001,3,19,12708.194333968844,46.011011929137446,HOEP (Legacy)
2001-03-07 19:00:00,2001,3,20,11869.436106617997,14.036484155854389,HOEP (Legacy)
2001-03-07 20:00:00,2001,3,21,11953.149419718633,22.927947636662605,HOEP (Legacy)
2001-03-07 21:00:00,2001,3,22,11045.756412602457,16.580444080937344,HOEP (Legacy)
2001-03-07 22:00:00,2001,3,23,11596.905560061961,13.073928590134745,HOEP (Legacy)
2001-03-07 23:00:00,2001,3,24,11620.461363353128,2.0587579248601067,HOEP (Legacy)
2001-03-08 00:00:00,2001,3,1,11489.338962169482,26.633281341331823,HOEP (Legacy)
2001-03-08 01:00:00,2001,3,2,12410.143765064031,18.553103320152776,HOEP (Legacy)
2001-03-08 02:00:00,2001,3,3,11717.356549137701,13.676705490092628,HOEP (Legacy)
2001-03-08 03:00:00,2001,3,4,11500.010441771756,19.037571463994876,HOEP (Legacy)
2001-03-08 04:00:00,2001,3,5,12859.200409769974,8.15470006896016,HOEP (Legacy)
2001-03-08 05:00:00,2001,3,6,13048.542367952903,32.782070871292106,HOEP (Legacy)
2001-03-08 06:00:00,2001,3,7,13876.847023425911,28.797649687517023,HOEP (Legacy)
2001-03-08 07:00:00,2001,3,8,13593.257656460537,31.187998940867068,HOEP (Legacy)
2001-03-08 08:00:00,2001,3,9,14251.685391488752,36.00388484934014,HOEP (Legacy)
2001-03-08 09:00:00,2001,3,10,14148.683816709094,51.605133529528246,HOEP (Legacy)
2001-03-08 10:00:00,2001,3,11,13624.951645343272,51.101345353106794,HOEP (Legacy)
2001-03-08 11:00:00,2001,3,12,13972.395150329003,34.81956515322134,HOEP (Legacy)
2001-03-08 12:00:00,2001,3,13,13803.322639390755,69.68916171932723,HOEP (Legacy)
2001-03-08 13:00:00,2001,3,14,13601.76420286947,45.95209262476777,HOEP (Legacy)
2001-03-08 14:00:00,2001,3,15,12754.90255322994,21.083802547267357,HOEP (Legacy)
2001-03-08 15:00:00,2001,3,16,13533.342318571045,31.328038477421362,HOEP (Legacy)
2001-03-08 16:00:00,2001,3,17,12697.43393099474,42.954193995647984,HOEP (Legacy)
2001-03-08 17:00:00,2001,3,18,11878.634965443576,17.769072550121066,HOEP (Legacy)
2001-03-08 18:00:00,2001,3,19,11516.621178376716,22.015309402967,HOEP (Legacy)
2001-03-08 19:00:00,2001,3,20,11146.116573539273,20.028224899918538,HOEP (Legacy)
2001-03-08 20:00:00,2001,3,21,11929.419621283178,19.618954324867712,HOEP (Legacy)
2001-03-08 21:00:00,2001,3,22,11033.31664749868,20.690886730064758,HOEP (Legacy)
2001-03-08 22:00:00,2001,3,23,10803.646734526837,24.835111982023854,HOEP (Legacy)
2001-03-08 23:00:00,2001,3,24,11118.231395866882,20.802732855321125,HOEP (Legacy)
2001-03-09 00:00:00,2001,3,1,12250.395715993125,45.247634548031556,HOEP (Legacy)
2001-03-09 01:00:00,2001,3,2,12151.596403268575,38.075967545954924,HOEP (Legacy)
2001-03-09 02:00:00,2001,3,3,12836.689119606237,29.232791468248852,HOEP (Legacy)
2001-03-09 03:00:00,2001,3,4,12205.465314450421,27.868891421071357,HOEP (Legacy)
2001-03-09 04:00:00,2001,3,5,12662.551487953939,40.25275380920566,HOEP (Legacy)
2001-03-09 05:00:00,2001,3,6,13477.442908184485,40.398205718785434,HOEP (Legacy)
2001-03-09 06:00:00,2001,3,7,13698.371508930633,41.35807758480719,HOEP (Legacy)
2001-03-09 07:00:00,2001,3,8,13529.232598487286,27.13789994933259,HOEP (Legacy)
2001-03-09 08:00:00,2001,3,9,14022.816683267813,30.85951081652948,HOEP (Legacy)
2001-03-09 09:00:00,2001,3,10,14113.040422053622,47.476248724749,HOEP (Legacy)
2001-03-09 10:00:00,2001,3,11,14438.592182568846,41.36079437611909,HOEP (Legacy)
2001-03-09 11:00:00,2001,3,12,13608.024537152953,31.449732281757676,HOEP (Legacy)
2001-03-09 12:00:00,2001,3,13,13419.972667900416,27.999960975571216,HOEP (Legacy)
2001-03-09 13:00:00,2001,3,14,13602.427061695975,41.866161003135105,HOEP (Legacy)
2001-03-09 14:00:00,2001,3,15,13282.355374824416,44.43953059023777,HOEP (Legacy)
2001-03-09 15:00:00,2001,3,16,12843.809405534219,49.16126509328967,HOEP (Legacy)
2001-03-09 16:00:00,2001,3,17,12237.335165214357,37.9694665534722,HOEP (Legacy)
2001-03-09 17:00:00,2001,3,18,13047.469289036904,23.16556381245816,HOEP (Legacy)
2001-03-09 18:00:00,2001,3,19,11583.913905485399,35.88876637711368,HOEP (Legacy)
2001-03-09 19:00:00,2001,3,20,11775.884102859018,31.808851644861683,HOEP (Legacy)
2001-03-09 20:00:00,2001,3,21,11495.065499841816,30.279979363839512,HOEP (Legacy)
2001-03-09 21:00:00,2001,3,22,11370.325054008386,25.34960879179653,HOEP (Legacy)
2001-03-09 22:00:00,2001,3,23,11341.91451076891,19.573650924946413,HOEP (Legacy)
2001-03-09 23:00:00,2001,3,24,11451.080329032846,26.375082374717053,HOEP (Legacy)
2001-03-10 00:00:00,2001,3,1,11199.627266511794,26.156783977009795,HOEP (Legacy)
2001-03-10 01:00:00,2001,3,2,11230.531386395349,24.376114364812103,HOEP (Legacy)
2001-03-10 02:00:00,2001,3,3,11858.027897187329,8.841090580062477,HOEP (Legacy)
2001-03-10 03:00:00,2001,3,4,13157.077194390142,39.54638984319918,HOEP (Legacy)
2001-03-10 04:00:00,2001,3,5,13284.399916490771,57.940738825305445,HOEP (Legacy)
2001-03-10 05:00:00,2001,3,6,12145.48191080689,36.97798252089157,HOEP (Legacy)
2001-03-10 06:00:00,2001,3,7,13043.58934935555,34.98537856612322,HOEP (Legacy)
2001-03-10 07:00:00,2001,3,8,13163.634853504913,42.47835364801419,HOEP (Legacy)
2001-03-10 08:00:00,2001,3,9,13815.32587432097,36.91126540810744,HOEP (Legacy)
2001-03-10 09:00:00,2001,3,10,14474.541216356329,37.91624702846969,HOEP (Legacy)
2001-03-10 10:00:00,2001,3,11,13762.217866604185,40.83209476411083,HOEP (Legacy)
2001-03-10 11:00:00,2001,3,12,13756.786908932212,50.919641099919474,HOEP (Legacy)
2001-03-10 12:00:00,2001,3,13,12612.866324501787,27.6258012747821,HOEP (Legacy)
2001-03-10 13:00:00,2001,3,14,13648.1815239091,44.89958328026248,HOEP (Legacy)
2001-03-10 14:00:00,2001,3,15,13733.182999463152,34.0180935497569,HOEP (Legacy)
2001-03-10 15:00:00,2001,3,16,13229.064157545836,27.362668537917795,HOEP (Legacy)
2001-03-10 16:00:00,2001,3,17,12020.925222356847,26.112425042868615,HOEP (Legacy)
2001-03-10 17:00:00,2001,3,18,13227.083075172242,35.8280141433205,HOEP (Legacy)
2001-03-10 18:00:00,2001,3,19,11848.327564666994,28.634324431858044,HOEP (Legacy)
2001-03-10 19:00:00,2001,3,20,11374.708524471629,27.511865261010463,HOEP (Legacy)
2001-03-10 20:00:00,2001,3,21,11273.536010375912,25.96890251971058,HOEP (Legacy)
2001-03-10 21:00:00,2001,3,22,11996.068646133152,13.62046648161941,HOEP (Legacy)
2001-03-10 22:00:00,2001,3,23,11078.435011612837,13.069198022278634,HOEP (Legacy)
2001-03-10 23:00:00,2001,3,24,11355.19508461879,17.78870514511921,HOEP (Legacy)
2001-03-11 00:00:00,2001,3,1,11804.691690818157,23.950489091056678,HOEP (Legacy)
2001-03-11 01:00:00,2001,3,2,12217.124310019844,9.96111182580746,HOEP (Legacy)
2001-03-11 02:00:00,2001,3,3,12325.978560526884,49.11174804301133,HOEP (Legacy)
2001-03-11 03:00:00,2001,3,4,12604.860423172095,17.532526277371275,HOEP (Legacy)
2001-03-11 04:00:00,2001,3,5,12758.640753149937,27.270187301590106,HOEP (Legacy)
2001-03-11 05:00:00,2001,3,6,13117.501397657408,41.788258472737255,HOEP (Legacy)
2001-03-11 06:00:00,2001,3,7,13537.832522933917,50.623096325238784,HOEP (Legacy)
2001-03-11 07:00:00,2001,3,8,14365.500597339274,47.053086175217,HOEP (Legacy)
2001-03-11 08:00:00,2001,3,9,13925.391830012035,47.69061717157797,HOEP (Legacy)
2001-03-11 09:00:00,2001,3,10,14205.398859143523,24.76710227103657,HOEP (Legacy)
2001-03-11 10:00:00,2001,3,11,13338.785482898393,23.418012668769855,HOEP (Legacy)
2001-03-11 11:00:00,2001,3,12,14254.24684290382,36.3272510286188,HOEP (Legacy)
2001-03-11 12:00:00,2001,3,13,13875.658017023083,25.662445749223078,HOEP (Legacy)
2001-03-11 13:00:00,2001,3,14,14008.084950579621,50.158193159565556,HOEP (Legacy)
2001-03-11 14:00:00,2001,3,15,12745.833253897634,46.36856810112759,HOEP (Legacy)
2001-03-11 15:00:00,2001,3,16,12898.825405340584,26.06475417488289,HOEP (Legacy)
2001-03-11 16:00:00,2001,3,17,12223.99766290857,44.96782057358827,HOEP (Legacy)
2001-03-11 17:00:00,2001,3,18,12425.82258169644,24.879578968459807,HOEP (Legacy)
2001-03-11 18:00:00,2001,3,19,11942.169414937422,33.66584099564485,HOEP (Legacy)
2001-03-11 19:00:00,2001,3,20,11124.056157358187,9.045343557028355,HOEP (Legacy)
2001-03-11 20:00:00,2001,3,21,11843.735570611103,-0.4905513962745971,HOEP (Legacy)
2001-03-11 21:00:00,2001,3,22,11999.68116381323,20.238378803641574,HOEP (Legacy)
2001-03-11 22:00:00,2001,3,23,11758.008170150497,-1.4894712857873103,HOEP (Legacy)
2001-03-11 23:00:00,2001,3,24,11626.88513756673,20.136504683386683,HOEP (Legacy)
2001-03-12 00:00:00,2001,3,1,11937.461650435374,45.62150649399362,HOEP (Legacy)
2001-03-12 01:00:00,2001,3,2,11932.873590789335,34.67607100111954,HOEP (Legacy)
2001-03-12 02:00:00,2001,3,3,12008.724027669778,21.170619011765446,HOEP (Legacy)
2001-03-12 03:00:00,2001,3,4,11903.027423434114,26.44157928329976,HOEP (Legacy)
2001-03-12 04:00:00,2001,3,5,12619.407813918739,12.188678744866362,HOEP (Legacy)
2001-03-12 05:00:00,2001,3,6,12989.90941433141,40.53021645630881,HOEP (Legacy)
2001-03-12 06:00:00,2001,3,7,13235.095313903863,47.549129964673796,HOEP (Legacy)
2001-03-12 07:00:00,2001,3,8,13628.741790399134,55.953710503045016,HOEP (Legacy)
2001-03-12 08:00:00,2001,3,9,13694.94530422279,51.07642962731381,HOEP (Legacy)
2001-03-12 09:00:00,2001,3,10,14569.369853589276,48.350957218259936,HOEP (Legacy)
2001-03-12 10:00:00,2001,3,11,13786.893626816318,53.089108286550605,HOEP (Legacy)
2001-03-12 11:00:00,2001,3,12,13247.13064543101,45.97660221910648,HOEP (Legacy)
2001-03-12 12:00:00,2001,3,13,13400.05814620517,5.848729305509529,HOEP (Legacy)
2001-03-12 13:00:00,2001,3,14,12868.640403351063,34.60931549198823,HOEP (Legacy)
2001-03-12 14:00:00,2001,3,15,12416.598936373777,32.563196941214535,HOEP (Legacy)
2001-03-12 15:00:00,2001,3,16,12910.413161558476,20.37860099643641,HOEP (Legacy)
2001-03-12 16:00:00,2001,3,17,12390.963772447067,20.74493872171864,HOEP (Legacy)
2001-03-12 17:00:00,2001,3,18,11817.378980839107,33.933132981392355,HOEP (Legacy)
2001-03-12 18:00:00,2001,3,19,12028.159331228513,22.474436336426866,HOEP (Legacy)
2001-03-12 19:00:00,2001,3,20,11896.778982328939,6.613219427362754,HOEP (Legacy)
2001-03-12 20:00:00,2001,3,21,11603.897451389008,21.91099227290918,HOEP (Legacy)
2001-03-12 21:00:00,2001,3,22,11030.69051287721,36.87969463688808,HOEP (Legacy)
2001-03-12 22:00:00,2001,3,23,11009.495331669255,21.491496267591458,HOEP (Legacy)
2001-03-12 23:00:00,2001,3,24,11816.796329802713,11.691079944447194,HOEP (Legacy)
2001-03-13 00:00:00,2001,3,1,11426.401198207272,15.10686149875896,HOEP (Legacy)
2001-03-13 01:00:00,2001,3,2,11853.259006159475,31.47394513948609,HOEP (Legacy)
2001-03-13 02:00:00,2001,3,3,11889.628428934633,36.54672041835041,HOEP (Legacy)
2001-03-13 03:00:00,2001,3,4,12228.4499981979,36.539223090698606,HOEP (Legacy)
2001-03-13 04:00:00,2001,3,5,13119.5562176951,45.783675754747264,HOEP (Legacy)
2001-03-13 05:00:00,2001,3,6,12897.992339138855,33.827624610448744,HOEP (Legacy)
2001-03-13 06:00:00,2001,3,7,13351.454715003441,37.61823624317764,HOEP (Legacy)
2001-03-13 07:00:00,2001,3,8,13432.333624701303,60.95656409408622,HOEP (Legacy)
2001-03-13 08:00:00,2001,3,9,13384.318077843276,46.88335748338631,HOEP (Legacy)
2001-03-13 09:00:00,2001,3,10,14685.093760537164,54.231945333151494,HOEP (Legacy)
2001-03-13 10:00:00,2001,3,11,14164.015269767617,54.33248816772142,HOEP (Legacy)
2001-03-13 11:00:00,2001,3,12,13441.798233622607,57.66415942750122,HOEP (Legacy)
2001-03-13 12:00:00,2001,3,13,12850.27080298811,25.906109596774,HOEP (Legacy)
2001-03-13 13:00:00,2001,3,14,13130.150514956164,33.24747263199437,HOEP (Legacy)
2001-03-13 14:00:00,2001,3,15,12976.380505108003,27.272826595275593,HOEP (Legacy)
2001-03-13 15:00:00,2001,3,16,13626.8124842107,31.858875687801493,HOEP (Legacy)
2001-03-13 16:00:00,2001,3,17,13085.22954037288,26.14750461066869,HOEP (Legacy)
2001-03-13 17:00:00,2001,3,18,12359.314723091524,20.10874900052642,HOEP (Legacy)
2001-03-13 18:00:00,2001,3,19,11631.810187545572,15.141390022721202,HOEP (Legacy)
2001-03-13 19:00:00,2001,3,20,12515.834828644282,42.42450197297782,HOEP (Legacy)
2001-03-13 20:00:00,2001,3,21,11585.299998374228,25.943019784942713,HOEP (Legacy)
2001-03-13 21:00:00,2001,3,22,11250.843735990811,33.06555123855986,HOEP (Legacy)
2001-03-13 22:00:00,2001,3,23,11446.130650410114,30.816957811035408,HOEP (Legacy)
2001-03-13 23:00:00,2001,3,24,11356.52385629403,31.942958010330052,HOEP (Legacy)
2001-03-14 00:00:00,2001,3,1,11453.974789846865,26.8544531458255,HOEP (Legacy)
2001-03-14 01:00:00,2001,3,2,12237.44904619376,40.245455661711745,HOEP (Legacy)
2001-03-14 02:00:00,2001,3,3,12217.350473303652,22.669859623805777,HOEP (Legacy)
2001-03-14 03:00:00,2001,3,4,13533.874418635693,30.378541346827745,HOEP (Legacy)
2001-03-14 04:00:00,2001,3,5,12462.173837458815,36.440359757362394,HOEP (Legacy)
2001-03-14 05:00:00,2001,3,6,12982.15668880186,24.572698436108965,HOEP (Legacy)
2001-03-14 06:00:00,2001,3,7,13119.498197170204,26.467368255093724,HOEP (Legacy)
2001-03-14 07:00:00,2001,3,8,14042.338503497978,71.86062139884659,HOEP (Legacy)
2001-03-14 08:00:00,2001,3,9,13197.158183172618,28.8108971863101,HOEP (Legacy)
2001-03-14 09:00:00,2001,3,10,14064.675164791255,29.895015038367458,HOEP (Legacy)
2001-03-14 10:00:00,2001,3,11,13794.362021651808,23.09726453804017,HOEP (Legacy)
2001-03-14 11:00:00,2001,3,12,13933.307901802018,47.75008322095249,HOEP (Legacy)
2001-03-14 12:00:00,2001,3,13,13652.525062136652,41.48069815479103,HOEP (Legacy)
2001-03-14 13:00:00,2001,3,14,14001.21597453435,41.14815977861286,HOEP (Legacy)
2001-03-14 14:00:00,2001,3,15,13433.89070922131,29.69146579908903,HOEP (Legacy)
2001-03-14 15:00:00,2001,3,16,13162.209614530873,36.13182289518166,HOEP (Legacy)
2001-03-14 16:00:00,2001,3,17,12742.836666038633,37.50731646359456,HOEP (Legacy)
2001-03-14 17:00:00,2001,3,18,12003.270368916332,23.903995133380477,HOEP (Legacy)
2001-03-14 18:00:00,2001,3,19,11601.410802680077,26.548575929248866,HOEP (Legacy)
2001-03-14 19:00:00,2001,3,20,11428.717829671234,21.304815642124176,HOEP (Legacy)
2001-03-14 20:00:00,2001,3,21,11557.388563170975,12.46072494928045,HOEP (Legacy)
2001-03-14 21:00:00,2001,3,22,11467.593813523914,17.177988694892544,HOEP (Legacy)
2001-03-14 22:00:00,2001,3,23,12056.289861341438,39.912957656611425,HOEP (Legacy)
2001-03-14 23:00:00,2001,3,24,11523.952297146981,22.302345794393986,HOEP (Legacy)
2001-03-15 00:00:00,2001,3,1,11783.094456360444,18.996888565883268,HOEP (Legacy)
2001-03-15 01:00:00,2001,3,2,11909.779560013209,33.45000283871502,HOEP (Legacy)
2001-03-15 02:00:00,2001,3,3,12542.855020089255,34.9458149030544,HOEP (Legacy)
2001-03-15 03:00:00,2001,3,4,12003.656490493286,27.99165710784922,HOEP (Legacy)
2001-03-15 04:00:00,2001,3,5,12213.983701485113,47.016631520120285,HOEP (Legacy)
2001-03-15 05:00:00,2001,3,6,13145.483229811845,25.223380920190422,HOEP (Legacy)
2001-03-15 06:00:00,2001,3,7,13249.189759888299,39.34056092436141,HOEP (Legacy)
2001-03-15 07:00:00,2001,3,8,13917.894523821336,37.38883839192786,HOEP (Legacy)
2001-03-15 08:00:00,2001,3,9,14406.290967399233,44.65113477897053,HOEP (Legacy)
2001-03-15 09:00:00,2001,3,10,14251.883810957112,46.541868065308236,HOEP (Legacy)
2001-03-15 10:00:00,2001,3,11,14502.504744869311,62.594008204471294,HOEP (Legacy)
2001-03-15 11:00:00,2001,3,12,13555.94501169192,42.023008399275646,HOEP (Legacy)
2001-03-15 12:00:00,2001,3,13,14032.446467291249,52.50103471973016,HOEP (Legacy)
2001-03-15 13:00:00,2001,3,14,13455.638762970042,24.35473422509353,HOEP (Legacy)
2001-03-15 14:00:00,2001,3,15,13586.368877862651,49.81099478974094,HOEP (Legacy)
2001-03-15 15:00:00,2001,3,16,13107.627853897864,37.86113995101839,HOEP (Legacy)
2001-03-15 16:00:00,2001,3,17,12948.304303476882,28.245572670295353,HOEP (Legacy)
2001-03-15 17:00:00,2001,3,18,12387.678895939567,23.08647233890284,HOEP (Legacy)
2001-03-15 18:00:00,2001,3,19,11359.921650774437,17.67735379347902,HOEP (Legacy)
2001-03-15 19:00:00,2001,3,20,11512.169757172702,12.330880003847115,HOEP (Legacy)
2001-03-15 20:00:00,2001,3,21,11840.952417978164,32.95629263997596,HOEP (Legacy)
2001-03-15 21:00:00,2001,3,22,11939.004597423835,33.55601641269054,HOEP (Legacy)
2001-03-15 22:00:00,2001,3,23,11995.354683652027,28.43313599366374,HOEP (Legacy)
2001-03-15 23:00:00,2001,3,24,11504.704149914409,12.189742078933946,HOEP (Legacy)
2001-03-16 00:00:00,2001,3,1,11171.707033345901,22.69314213212589,HOEP (Legacy)
2001-03-16 01:00:00,2001,3,2,11673.452920211212,17.93572128464225,HOEP (Legacy)
2001-03-16 02:00:00,2001,3,3,11873.03385851368,27.30648802067769,HOEP (Legacy)
2001-03-16 03:00:00,2001,3,4,12948.550593125643,45.32401697189778,HOEP (Legacy)
2001-03-16 04:00:00,2001,3,5,12731.123211371452,27.44048676917494,HOEP (Legacy)
2001-03-16 05:00:00,2001,3,6,13224.054840644232,45.00508929872868,HOEP (Legacy)
2001-03-16 06:00:00,2001,3,7,12823.282109439457,23.751705625647183,HOEP (Legacy)
2001-03-16 07:00:00,2001,3,8,12926.524632964563,30.128205459836938,HOEP (Legacy)
2001-03-16 08:00:00,2001,3,9,14243.552203931466,27.895452034738003,HOEP (Legacy)
2001-03-16 09:00:00,2001,3,10,14311.085172439663,38.08821899564609,HOEP (Legacy)
2001-03-16 10:00:00,2001,3,11,13855.76145423295,26.19589817328641,HOEP (Legacy)
2001-03-16 11:00:00,2001,3,12,14495.25720344755,47.19432251185158,HOEP (Legacy)
2001-03-16 12:00:00,2001,3,13,13407.890263214525,43.334898900146506,HOEP (Legacy)
2001-03-16 13:00:00,2001,3,14,13407.530880574772,45.11667325694435,HOEP (Legacy)
2001-03-16 14:00:00,2001,3,15,13535.749278480307,43.5549933484146,HOEP (Legacy)
2001-03-16 15:00:00,2001,3,16,13190.958672131199,37.99087524318039,HOEP (Legacy)
2001-03-16 16:00:00,2001,3,17,12569.210390433991,15.207654892947694,HOEP (Legacy)
2001-03-16 17:00:00,2001,3,18,12521.569054531692,26.929487833909164,HOEP (Legacy)
2001-03-16 18:00:00,2001,3,19,12966.055482792934,42.71376958533287,HOEP (Legacy)
2001-03-16 19:00:00,2001,3,20,12275.624132078015,20.338657689282655,HOEP (Legacy)
2001-03-16 20:00:00,2001,3,21,11725.849888867971,7.58729405443653,HOEP (Legacy)
2001-03-16 21:00:00,2001,3,22,12157.660493534262,23.573589395327282,HOEP (Legacy)
2001-03-16 22:00:00,2001,3,23,12376.149778426012,22.11461826209364,HOEP (Legacy)
2001-03-16 23:00:00,2001,3,24,11850.173931974063,13.064527598167054,HOEP (Legacy)
2001-03-17 00:00:00,2001,3,1,11499.114447899476,19.222659814940478,HOEP (Legacy)
2001-03-17 01:00:00,2001,3,2,11538.358418353442,35.889049054669016,HOEP (Legacy)
2001-03-17 02:00:00,2001,3,3,12177.772324196181,37.52562316552278,HOEP (Legacy)
2001-03-17 03:00:00,2001,3,4,12496.65738290315,44.6084711358541,HOEP (Legacy)
2001-03-17 04:00:00,2001,3,5,12612.29618164164,33.21895471698761,HOEP (Legacy)
2001-03-17 05:00:00,2001,3,6,13034.328945571968,47.69833147639839,HOEP (Legacy)
2001-03-17 06:00:00,2001,3,7,13246.42849584391,40.468875567701495,HOEP (Legacy)
2001-03-17 07:00:00,2001,3,8,13327.963159071238,50.35025450942332,HOEP (Legacy)
2001-03-17 08:00:00,2001,3,9,13989.823089813464,41.20124728233822,HOEP (Legacy)
2001-03-17 09:00:00,2001,3,10,14213.827597940248,51.93359096633926,HOEP (Legacy)
2001-03-17 10:00:00,2001,3,11,13667.16024717931,35.508968297385685,HOEP (Legacy)
2001-03-17 11:00:00,2001,3,12,14000.772671838953,33.683067664170906,HOEP (Legacy)
2001-03-17 12:00:00,2001,3,13,14124.381183914202,31.102458985262246,HOEP (Legacy)
2001-03-17 13:00:00,2001,3,14,12802.462986728979,37.21891972048964,HOEP (Legacy)
2001-03-17 14:00:00,2001,3,15,13463.801348716303,32.174113631411835,HOEP (Legacy)
2001-03-17 15:00:00,2001,3,16,13142.210069412304,28.698800312758053,HOEP (Legacy)
2001-03-17 16:00:00,2001,3,17,12946.988000504278,39.96412322149808,HOEP (Legacy)
2001-03-17 17:00:00,2001,3,18,12014.622105381428,35.43152547899432,HOEP (Legacy)
2001-03-17 18:00:00,2001,3,19,12074.600905272498,49.64352604570325,HOEP (Legacy)
2001-03-17 19:00:00,2001,3,20,11107.028403554017,25.882461798135395,HOEP (Legacy)
2001-03-17 20:00:00,2001,3,21,11709.72415166271,60.274041355177786,HOEP (Legacy)
2001-03-17 21:00:00,2001,3,22,11830.659498557068,41.93453411935166,HOEP (Legacy)
2001-03-17 22:00:00,2001,3,23,11250.01130557365,17.051752551716287,HOEP (Legacy)
2001-03-17 23:00:00,2001,3,24,11715.333106194861,40.45400992929594,HOEP (Legacy)
2001-03-18 00:00:00,2001,3,1,12290.251870917531,38.97432155892223,HOEP (Legacy)
2001-03-18 01:00:00,2001,3,2,10842.487918024792,8.757984724562881,HOEP (Legacy)
2001-03-18 02:00:00,2001,3,3,11611.233164744648,34.637527130394176,HOEP (Legacy)
2001-03-18 03:00:00,2001,3,4,11676.897733366746,27.18673967447417,HOEP (Legacy)
2001-03-18 04:00:00,2001,3,5,12782.449753578723,42.893847296833684,HOEP (Legacy)
2001-03-18 05:00:00,2001,3,6,14083.487980854872,42.57475939594783,HOEP (Legacy)
2001-03-18 06:00:00,2001,3,7,13424.227541541508,11.632554335873422,HOEP (Legacy)
2001-03-18 07:00:00,2001,3,8,13505.30737916412,15.923814642213515,HOEP (Legacy)
2001-03-18 08:00:00,2001,3,9,13611.490875415273,47.17071680356992,HOEP (Legacy)
2001-03-18 09:00:00,2001,3,10,13715.061257161755,32.811527080464984,HOEP (Legacy)
2001-03-18 10:00:00,2001,3,11,14460.665585123712,38.31633812534421,HOEP (Legacy)
2001-03-18 11:00:00,2001,3,12,13601.531692125382,46.7265994808017,HOEP (Legacy)
2001-03-18 12:00:00,2001,3,13,13216.712618729822,44.05507799366257,HOEP (Legacy)
2001-03-18 13:00:00,2001,3,14,13715.366968102862,31.782868570322815,HOEP (Legacy)
2001-03-18 14:00:00,2001,3,15,13819.975969166397,52.37495911823545,HOEP (Legacy)
2001-03-18 15:00:00,2001,3,16,13395.520221479908,45.47323627392154,HOEP (Legacy)
2001-03-18 16:00:00,2001,3,17,12803.560820958297,29.891961440238177,HOEP (Legacy)
2001-03-18 17:00:00,2001,3,18,12645.007209905145,46.04649884834494,HOEP (Legacy)
2001-03-18 18:00:00,2001,3,19,11707.452387906413,14.066976612876955,HOEP (Legacy)
2001-03-18 19:00:00,2001,3,20,12016.36398243408,25.342935583255933,HOEP (Legacy)
2001-03-18 20:00:00,2001,3,21,11451.276613999675,42.67794791140409,HOEP (Legacy)
2001-03-18 21:00:00,2001,3,22,11450.077309639195,25.027142652024924,HOEP (Legacy)
2001-03-18 22:00:00,2001,3,23,11128.7097019741,19.31723662577677,HOEP (Legacy)
2001-03-18 23:00:00,2001,3,24,11568.212222538583,27.85210382347294,HOEP (Legacy)
2001-03-19 00:00:00,2001,3,1,10510.703415799784,38.28659922374919,HOEP (Legacy)
2001-03-19 01:00:00,2001,3,2,12332.761243228877,21.44599480982595,HOEP (Legacy)
2001-03-19 02:00:00,2001,3,3,12296.161949128566,38.518055995420184,HOEP (Legacy)
2001-03-19 03:00:00,2001,3,4,12739.169877569926,38.3404045036678,HOEP (Legacy)
2001-03-19 04:00:00,2001,3,5,12151.401749097016,19.92005659310735,HOEP (Legacy)
2001-03-19 05:00:00,2001,3,6,13606.719292987098,38.81014636534382,HOEP (Legacy)
2001-03-19 06:00:00,2001,3,7,13738.968305812303,29.806188327426177,HOEP (Legacy)
2001-03-19 07:00:00,2001,3,8,13773.214243219825,43.31276478113275,HOEP (Legacy)
2001-03-19 08:00:00,2001,3,9,13338.723277870862,25.329857260520416,HOEP (Legacy)
2001-03-19 09:00:00,2001,3,10,14114.045038849452,32.362806745924374,HOEP (Legacy)
2001-03-19 10:00:00,2001,3,11,14513.130544356072,56.747628335623375,HOEP (Legacy)
2001-03-19 11:00:00,2001,3,12,14422.95398149887,42.56235558495516,HOEP (Legacy)
2001-03-19 12:00:00,2001,3,13,13910.24428773385,37.44691316178707,HOEP (Legacy)
2001-03-19 13:00:00,2001,3,14,13840.53202439971,30.799268586220713,HOEP (Legacy)
2001-03-19 14:00:00,2001,3,15,13779.200157935018,31.14143307256277,HOEP (Legacy)
2001-03-19 15:00:00,2001,3,16,12766.566196918931,32.68481233574656,HOEP (Legacy)
2001-03-19 16:00:00,2001,3,17,12554.536433940471,25.197219816124523,HOEP (Legacy)
2001-03-19 17:00:00,2001,3,18,12740.340091913651,45.86752026461874,HOEP (Legacy)
2001-03-19 18:00:00,2001,3,19,12099.489456662273,33.156144472997916,HOEP (Legacy)
2001-03-19 19:00:00,2001,3,20,11789.997845698897,17.36730802337713,HOEP (Legacy)
2001-03-19 20:00:00,2001,3,21,11512.327409812235,28.08004968502096,HOEP (Legacy)
2001-03-19 21:00:00,2001,3,22,12354.035571205059,14.673716008376797,HOEP (Legacy)
2001-03-19 22:00:00,2001,3,23,11643.66350108727,15.769409921484666,HOEP (Legacy)
2001-03-19 23:00:00,2001,3,24,11037.331905343155,12.459662356466339,HOEP (Legacy)
2001-03-20 00:00:00,2001,3,1,10898.123303949695,27.634774815399897,HOEP (Legacy)
2001-03-20 01:00:00,2001,3,2,12198.707133038117,41.94462674560674,HOEP (Legacy)
2001-03-20 02:00:00,2001,3,3,11896.770515636706,4.7796324605257325,HOEP (Legacy)
2001-03-20 03:00:00,2001,3,4,12891.63839530058,54.44574717181238,HOEP (Legacy)
2001-03-20 04:00:00,2001,3,5,13377.09763100326,35.28257386934442,HOEP (Legacy)
2001-03-20 05:00:00,2001,3,6,12843.133101580768,37.614362554542005,HOEP (Legacy)
2001-03-20 06:00:00,2001,3,7,13127.907895014714,35.26870165913446,HOEP (Legacy)
2001-03-20 07:00:00,2001,3,8,13471.113771603066,36.06698903788763,HOEP (Legacy)
2001-03-20 08:00:00,2001,3,9,12865.790028034588,11.539379511823348,HOEP (Legacy)
2001-03-20 09:00:00,2001,3,10,13698.000645852186,38.11427711417009,HOEP (Legacy)
2001-03-20 10:00:00,2001,3,11,13631.057800182165,55.22523289004235,HOEP (Legacy)
2001-03-20 11:00:00,2001,3,12,14265.248844456757,41.393292014398924,HOEP (Legacy)
2001-03-20 12:00:00,2001,3,13,14060.647618626415,45.09019010846159,HOEP (Legacy)
2001-03-20 13:00:00,2001,3,14,13777.543678364673,44.58481875163063,HOEP (Legacy)
2001-03-20 14:00:00,2001,3,15,12834.370723322381,40.84260965568859,HOEP (Legacy)
2001-03-20 15:00:00,2001,3,16,12984.67454639332,31.733951568231383,HOEP (Legacy)
2001-03-20 16:00:00,2001,3,17,13411.25352315056,45.99100528496254,HOEP (Legacy)
2001-03-20 17:00:00,2001,3,18,11816.845836150453,28.692728485751022,HOEP (Legacy)
2001-03-20 18:00:00,2001,3,19,12548.569389388012,34.87116565081786,HOEP (Legacy)
2001-03-20 19:00:00,2001,3,20,11799.780696038662,18.20287167535972,HOEP (Legacy)
2001-03-20 20:00:00,2001,3,21,11439.11556926616,12.007408809332958,HOEP (Legacy)
2001-03-20 21:00:00,2001,3,22,10787.845372267133,3.448476078792215,HOEP (Legacy)
2001-03-20 22:00:00,2001,3,23,11510.228480436197,24.39863132943481,HOEP (Legacy)
2001-03-20 23:00:00,2001,3,24,11673.013303341815,32.72720338581427,HOEP (Legacy)
2001-03-21 00:00:00,2001,3,1,11727.23823417758,22.97578114543929,HOEP (Legacy)
2001-03-21 01:00:00,2001,3,2,12031.928205062677,14.362419063252915,HOEP (Legacy)
2001-03-21 02:00:00,2001,3,3,12486.077926359283,24.242334622733782,HOEP (Legacy)
2001-03-21 03:00:00,2001,3,4,12508.28002884301,51.431637129316826,HOEP (Legacy)
2001-03-21 04:00:00,2001,3,5,12700.616204249001,44.18500311970031,HOEP (Legacy)
2001-03-21 05:00:00,2001,3,6,12720.36397292396,32.37761121713093,HOEP (Legacy)
2001-03-21 06:00:00,2001,3,7,13501.987319254491,42.1539348660765,HOEP (Legacy)
2001-03-21 07:00:00,2001,3,8,14037.330164481215,45.230156653927274,HOEP (Legacy)
2001-03-21 08:00:00,2001,3,9,13779.385783584152,43.9775663783611,HOEP (Legacy)
2001-03-21 09:00:00,2001,3,10,14403.08465607435,56.00536605253055,HOEP (Legacy)
2001-03-21 10:00:00,2001,3,11,13886.501569228052,18.28009237916902,HOEP (Legacy)
2001-03-21 11:00:00,2001,3,12,14467.10611968947,38.48471421644184,HOEP (Legacy)
2001-03-21 12:00:00,2001,3,13,14261.61673146878,31.579591121081002,HOEP (Legacy)
2001-03-21 13:00:00,2001,3,14,13509.431014685488,41.71626989436129,HOEP (Legacy)
2001-03-21 14:00:00,2001,3,15,12988.403232481038,52.86711409769547,HOEP (Legacy)
2001-03-21 15:00:00,2001,3,16,13200.262958817582,45.51617999956304,HOEP (Legacy)
2001-03-21 16:00:00,2001,3,17,12868.900443894945,28.71316762441392,HOEP (Legacy)
2001-03-21 17:00:00,2001,3,18,12230.91913744088,38.15092427411594,HOEP (Legacy)
2001-03-21 18:00:00,2001,3,19,12200.68457001982,47.459740824939715,HOEP (Legacy)
2001-03-21 19:00:00,2001,3,20,11919.892890983154,26.922207931612142,HOEP (Legacy)
2001-03-21 20:00:00,2001,3,21,11887.06423246024,26.01676809097636,HOEP (Legacy)
2001-03-21 21:00:00,2001,3,22,11018.658555375716,12.049435580778866,HOEP (Legacy)
2001-03-21 22:00:00,2001,3,23,11480.369769246396,15.595764223968803,HOEP (Legacy)
2001-03-21 23:00:00,2001,3,24,11375.253904436871,21.86264526655035,HOEP (Legacy)
2001-03-22 00:00:00,2001,3,1,11510.061425586891,38.75720072983397,HOEP (Legacy)
2001-03-22 01:00:00,2001,3,2,12038.300793536477,8.47127038083282,HOEP (Legacy)
2001-03-22 02:00:00,2001,3,3,12221.287548800778,20.331174943797315,HOEP (Legacy)
2001-03-22 03:00:00,2001,3,4,12741.448293399575,49.06566310036802,HOEP (Legacy)
2001-03-22 04:00:00,2001,3,5,13429.561568943467,49.343435588597174,HOEP (Legacy)
2001-03-22 05:00:00,2001,3,6,12387.465720143127,24.38933985160786,HOEP (Legacy)
2001-03-22 06:00:00,2001,3,7,13626.973814406776,38.410546921251616,HOEP (Legacy)
2001-03-22 07:00:00,2001,3,8,14150.860931414632,24.583344268886346,HOEP (Legacy)
2001-03-22 08:00:00,2001,3,9,14046.895142887577,35.97930844591727,HOEP (Legacy)
2001-03-22 09:00:00,2001,3,10,13736.240766272178,46.96701346124877,HOEP (Legacy)
2001-03-22 10:00:00,2001,3,11,13414.778565218772,27.64811464977179,HOEP (Legacy)
2001-03-22 11:00:00,2001,3,12,13796.435134184885,5.134937548676888,HOEP (Legacy)
2001-03-22 12:00:00,2001,3,13,13818.719742293428,60.51666210898014,HOEP (Legacy)
2001-03-22 13:00:00,2001,3,14,13634.278308974477,57.427758731371796,HOEP (Legacy)
2001-03-22 14:00:00,2001,3,15,13759.780722811938,38.62704175981377,HOEP (Legacy)
2001-03-22 15:00:00,2001,3,16,13210.0008420973,42.53967329518153,HOEP (Legacy)
2001-03-22 16:00:00,2001,3,17,12927.615624546861,12.889325378094227,HOEP (Legacy)
2001-03-22 17:00:00,2001,3,18,12575.246096118926,18.9704357922888,HOEP (Legacy)
2001-03-22 18:00:00,2001,3,19,12225.83109072919,32.2878350218601,HOEP (Legacy)
2001-03-22 19:00:00,2001,3,20,12256.335990117532,17.36023531626415,HOEP (Legacy)
2001-03-22 20:00:00,2001,3,21,10955.577554412803,29.321949126485634,HOEP (Legacy)
2001-03-22 21:00:00,2001,3,22,11917.241653492312,47.102897680711656,HOEP (Legacy)
2001-03-22 22:00:00,2001,3,23,11669.918605189667,12.347955807665748,HOEP (Legacy)
2001-03-22 23:00:00,2001,3,24,12006.277551779418,12.84047242681246,HOEP (Legacy)
2001-03-23 00:00:00,2001,3,1,11373.717263074095,57.41850601064655,HOEP (Legacy)
2001-03-23 01:00:00,2001,3,2,11593.334199598174,24.247395105054203,HOEP (Legacy)
2001-03-23 02:00:00,2001,3,3,12400.850894650328,28.091747549405557,HOEP (Legacy)
2001-03-23 03:00:00,2001,3,4,12376.733589851685,45.409299023903415,HOEP (Legacy)
2001-03-23 04:00:00,2001,3,5,12279.749187299623,48.77321456730114,HOEP (Legacy)
2001-03-23 05:00:00,2001,3,6,12985.86616649476,33.72785172685287,HOEP (Legacy)
2001-03-23 06:00:00,2001,3,7,13502.777153976267,46.11073222435095,HOEP (Legacy)
2001-03-23 07:00:00,2001,3,8,13735.948344888124,40.54418778738,HOEP (Legacy)
2001-03-23 08:00:00,2001,3,9,14673.303405537174,43.89330782780105,HOEP (Legacy)
2001-03-23 09:00:00,2001,3,10,14021.274456007885,38.76569764568676,HOEP (Legacy)
2001-03-23 10:00:00,2001,3,11,14151.760259789176,49.39877219817166,HOEP (Legacy)
2001-03-23 11:00:00,2001,3,12,13694.274380444385,43.87732974624268,HOEP (Legacy)
2001-03-23 12:00:00,2001,3,13,14244.504748487361,31.86662399192485,HOEP (Legacy)
2001-03-23 13:00:00,2001,3,14,14020.32344601093,32.51862122657949,HOEP (Legacy)
2001-03-23 14:00:00,2001,3,15,12980.475403778944,41.16875571393416,HOEP (Legacy)
2001-03-23 15:00:00,2001,3,16,13232.05728757358,46.03499064500756,HOEP (Legacy)
2001-03-23 16:00:00,2001,3,17,13734.543945122954,47.14793805734277,HOEP (Legacy)
2001-03-23 17:00:00,2001,3,18,12206.658603803586,16.299073286374096,HOEP (Legacy)
2001-03-23 18:00:00,2001,3,19,11392.777029958881,27.50639166806898,HOEP (Legacy)
2001-03-23 19:00:00,2001,3,20,11995.171304823563,27.306215848647067,HOEP (Legacy)
2001-03-23 20:00:00,2001,3,21,11792.186198125595,32.447306243438284,HOEP (Legacy)
2001-03-23 21:00:00,2001,3,22,11195.565047893302,20.15289863506165,HOEP (Legacy)
2001-03-23 22:00:00,2001,3,23,11161.397280020137,34.06035856697682,HOEP (Legacy)
2001-03-23 23:00:00,2001,3,24,11864.23753012525,15.442354898864565,HOEP (Legacy)
2001-03-24 00:00:00,2001,3,1,11642.000749743182,-1.997614737619756,HOEP (Legacy)
2001-03-24 01:00:00,2001,3,2,12175.765550844157,43.15837333522895,HOEP (Legacy)
2001-03-24 02:00:00,2001,3,3,11578.739325698996,23.58877409660517,HOEP (Legacy)
2001-03-24 03:00:00,2001,3,4,12704.816578007254,9.635379119215788,HOEP (Legacy)
2001-03-24 04:00:00,2001,3,5,13461.870901404734,32.70229250987889,HOEP (Legacy)
2001-03-24 05:00:00,2001,3,6,13712.524204903972,41.588033523416826,HOEP (Legacy)
2001-03-24 06:00:00,2001,3,7,12993.10685641477,40.80033383502297,HOEP (Legacy)
2001-03-24 07:00:00,2001,3,8,13468.036046286134,32.264468410455585,HOEP (Legacy)
2001-03-24 08:00:00,2001,3,9,14028.537804911633,40.5166947915013,HOEP (Legacy)
2001-03-24 09:00:00,2001,3,10,13285.207990425519,28.559408934022034,HOEP (Legacy)
2001-03-24 10:00:00,2001,3,11,14220.646189444236,46.06103392354546,HOEP (Legacy)
2001-03-24 11:00:00,2001,3,12,13688.351348365311,48.17230211810907,HOEP (Legacy)
2001-03-24 12:00:00,2001,3,13,14129.282615042142,52.97712100507871,HOEP (Legacy)
2001-03-24 13:00:00,2001,3,14,13734.187753204698,26.289862496286325,HOEP (Legacy)
2001-03-24 14:00:00,2001,3,15,13400.926906774384,22.63996954616018,HOEP (Legacy)
2001-03-24 15:00:00,2001,3,16,13684.888293751128,25.069501374357046,HOEP (Legacy)
2001-03-24 16:00:00,2001,3,17,12952.543753914446,33.663549312494695,HOEP (Legacy)
2001-03-24 17:00:00,2001,3,18,12241.556598593337,37.19197757767303,HOEP (Legacy)
2001-03-24 18:00:00,2001,3,19,12428.936201324865,40.55752499478774,HOEP (Legacy)
2001-03-24 19:00:00,2001,3,20,11201.552435026115,24.8678371858969,HOEP (Legacy)
2001-03-24 20:00:00,2001,3,21,11751.2745307619,21.169392009826858,HOEP (Legacy)
2001-03-24 21:00:00,2001,3,22,11421.15593769685,22.86907845548681,HOEP (Legacy)
2001-03-24 22:00:00,2001,3,23,11379.880029609667,12.090687480124187,HOEP (Legacy)
2001-03-24 23:00:00,2001,3,24,11556.750707666195,33.43506319435993,HOEP (Legacy)
2001-03-25 00:00:00,2001,3,1,11607.90678023512,15.30849777437413,HOEP (Legacy)
2001-03-25 01:00:00,2001,3,2,12170.90846108605,24.37516506709016,HOEP (Legacy)
2001-03-25 02:00:00,2001,3,3,11987.056188007131,14.453994790959886,HOEP (Legacy)
2001-03-25 03:00:00,2001,3,4,12587.631386289428,56.83870114797273,HOEP (Legacy)
2001-03-25 04:00:00,2001,3,5,12510.473963829761,2.9078921707773553,HOEP (Legacy)
2001-03-25 05:00:00,2001,3,6,12826.719308680644,39.31582284299173,HOEP (Legacy)
2001-03-25 06:00:00,2001,3,7,13162.862989517105,56.12486912090942,HOEP (Legacy)
2001-03-25 07:00:00,2001,3,8,13961.88765944218,46.04890308589708,HOEP (Legacy)
2001-03-25 08:00:00,2001,3,9,13812.386654866217,20.90610971636378,HOEP (Legacy)
2001-03-25 09:00:00,2001,3,10,13630.598079267982,36.52042762859341,HOEP (Legacy)
2001-03-25 10:00:00,2001,3,11,14059.755254785427,21.659645773767323,HOEP (Legacy)
2001-03-25 11:00:00,2001,3,12,14135.463507242248,39.67374366226288,HOEP (Legacy)
2001-03-25 12:00:00,2001,3,13,13703.643159883643,32.953663093057344,HOEP (Legacy)
2001-03-25 13:00:00,2001,3,14,13445.93972017457,27.09610290193104,HOEP (Legacy)
2001-03-25 14:00:00,2001,3,15,13218.443297431242,35.03080738279077,HOEP (Legacy)
2001-03-25 15:00:00,2001,3,16,13050.545547215028,41.9325321982882,HOEP (Legacy)
2001-03-25 16:00:00,2001,3,17,12873.675269345898,34.140263062289904,HOEP (Legacy)
2001-03-25 17:00:00,2001,3,18,12695.88621465484,31.160242689595545,HOEP (Legacy)
2001-03-25 18:00:00,2001,3,19,11601.708036802984,41.79673800391534,HOEP (Legacy)
2001-03-25 19:00:00,2001,3,20,11984.792238829854,19.518261778326277,HOEP (Legacy)
2001-03-25 20:00:00,2001,3,21,11617.6220984182,28.096591149751855,HOEP (Legacy)
2001-03-25 21:00:00,2001,3,22,11570.469618710527,-1.5468606201585295,HOEP (Legacy)
2001-03-25 22:00:00,2001,3,23,11228.189451990846,27.69625318929838,HOEP (Legacy)
2001-03-25 23:00:00,2001,3,24,11462.58941328991,17.040342761429116,HOEP (Legacy)
2001-03-26 00:00:00,2001,3,1,11535.946957340973,29.36744753374697,HOEP (Legacy)
2001-03-26 01:00:00,2001,3,2,12876.193881277106,50.57098330529948,HOEP (Legacy)
2001-03-26 02:00:00,2001,3,3,12233.790646687752,8.319078481974344,HOEP (Legacy)
2001-03-26 03:00:00,2001,3,4,12354.530890447866,39.0877382603555,HOEP (Legacy)
2001-03-26 04:00:00,2001,3,5,12302.394669789845,25.92662636288845,HOEP (Legacy)
2001-03-26 05:00:00,2001,3,6,13918.763089928198,48.46349070032679,HOEP (Legacy)
2001-03-26 06:00:00,2001,3,7,13743.551635402911,32.84293759091487,HOEP (Legacy)
2001-03-26 07:00:00,2001,3,8,13556.48028276695,38.25196815221501,HOEP (Legacy)
2001-03-26 08:00:00,2001,3,9,14400.541112604973,38.574379325588176,HOEP (Legacy)
2001-03-26 09:00:00,2001,3,10,14322.096093258848,50.82606526717113,HOEP (Legacy)
2001-03-26 10:00:00,2001,3,11,13743.081415040926,34.716846452693666,HOEP (Legacy)
2001-03-26 11:00:00,2001,3,12,13896.790205113846,55.298011357897266,HOEP (Legacy)
2001-03-26 12:00:00,2001,3,13,13981.396419272241,42.3278637612076,HOEP (Legacy)
2001-03-26 13:00:00,2001,3,14,13312.687778100119,19.95373203766864,HOEP (Legacy)
2001-03-26 14:00:00,2001,3,15,13427.118470533092,46.9480515183167,HOEP (Legacy)
2001-03-26 15:00:00,2001,3,16,12933.466775909455,21.006316015924043,HOEP (Legacy)
2001-03-26 16:00:00,2001,3,17,12268.198114781324,27.49678664451274,HOEP (Legacy)
2001-03-26 17:00:00,2001,3,18,13104.219191095515,20.896971128432025,HOEP (Legacy)
2001-03-26 18:00:00,2001,3,19,12270.377271512903,14.793230787297269,HOEP (Legacy)
2001-03-26 19:00:00,2001,3,20,12053.949578350672,23.745442472603056,HOEP (Legacy)
2001-03-26 20:00:00,2001,3,21,12184.615825377896,21.763798947555358,HOEP (Legacy)
2001-03-26 21:00:00,2001,3,22,11496.168535237779,32.514803175051014,HOEP (Legacy)
2001-03-26 22:00:00,2001,3,23,11121.335039100231,28.613925559812255,HOEP (Legacy)
2001-03-26 23:00:00,2001,3,24,11614.163618842273,12.468898216171617,HOEP (Legacy)
2001-03-27 00:00:00,2001,3,1,11704.755991692196,33.254586775793555,HOEP (Legacy)
2001-03-27 01:00:00,2001,3,2,12064.699166452283,65.2618768553325,HOEP (Legacy)
2001-03-27 02:00:00,2001,3,3,12172.534075170593,37.22632841843463,HOEP (Legacy)
2001-03-27 03:00:00,2001,3,4,12363.656264616453,44.283411774661474,HOEP (Legacy)
2001-03-27 04:00:00,2001,3,5,12170.729492430373,19.479759268214487,HOEP (Legacy)
2001-03-27 05:00:00,2001,3,6,13075.272201513411,45.44961574416052,HOEP (Legacy)
2001-03-27 06:00:00,2001,3,7,12857.10776237678,41.39860772938017,HOEP (Legacy)
2001-03-27 07:00:00,2001,3,8,14028.76873363565,32.77627671873154,HOEP (Legacy)
2001-03-27 08:00:00,2001,3,9,13612.02057874785,30.310175889315133,HOEP (Legacy)
2001-03-27 09:00:00,2001,3,10,14552.516407995705,52.28459557443619,HOEP (Legacy)
2001-03-27 10:00:00,2001,3,11,13825.468362604981,42.27298599806727,HOEP (Legacy)
2001-03-27 11:00:00,2001,3,12,14197.740525197349,59.12278476766128,HOEP (Legacy)
2001-03-27 12:00:00,2001,3,13,14374.994760068757,14.842828338316181,HOEP (Legacy)
2001-03-27 13:00:00,2001,3,14,13736.618282342508,44.26535923922467,HOEP (Legacy)
2001-03-27 14:00:00,2001,3,15,13560.228545160036,57.94903035802554,HOEP (Legacy)
2001-03-27 15:00:00,2001,3,16,12716.264109551532,52.16653381491912,HOEP (Legacy)
2001-03-27 16:00:00,2001,3,17,12622.516415091533,24.792586323771204,HOEP (Legacy)
2001-03-27 17:00:00,2001,3,18,11809.242943596037,35.966847824480034,HOEP (Legacy)
2001-03-27 18:00:00,2001,3,19,12277.543867729224,34.044177424310966,HOEP (Legacy)
2001-03-27 19:00:00,2001,3,20,12021.173842148515,39.09604107113617,HOEP (Legacy)
2001-03-27 20:00:00,2001,3,21,12050.593322167202,36.3084665567134,HOEP (Legacy)
2001-03-27 21:00:00,2001,3,22,11610.43900477756,21.158647685027407,HOEP (Legacy)
2001-03-27 22:00:00,2001,3,23,11711.456519013158,37.862877531136036,HOEP (Legacy)
2001-03-27 23:00:00,2001,3,24,11801.483548730146,23.720128970622678,HOEP (Legacy)
2001-03-28 00:00:00,2001,3,1,11147.677934161084,10.668372353038214,HOEP (Legacy)
2001-03-28 01:00:00,2001,3,2,11739.409654927911,29.408682708283777,HOEP (Legacy)
2001-03-28 02:00:00,2001,3,3,11091.051503728311,13.986474528334629,HOEP (Legacy)
2001-03-28 03:00:00,2001,3,4,12015.977964716752,7.883659261774952,HOEP (Legacy)
2001-03-28 04:00:00,2001,3,5,12987.3343716766,41.38123094781131,HOEP (Legacy)
2001-03-28 05:00:00,2001,3,6,13316.348656184073,40.198131191452894,HOEP (Legacy)
2001-03-28 06:00:00,2001,3,7,13625.381455498307,34.89901557163185,HOEP (Legacy)
2001-03-28 07:00:00,2001,3,8,13600.987018855803,36.114386461676865,HOEP (Legacy)
2001-03-28 08:00:00,2001,3,9,13345.41833044784,28.203369270917264,HOEP (Legacy)
2001-03-28 09:00:00,2001,3,10,14244.924393555752,56.67908973830241,HOEP (Legacy)
2001-03-28 10:00:00,2001,3,11,13686.565914516306,30.711942101242954,HOEP (Legacy)
2001-03-28 11:00:00,2001,3,12,13811.260660268807,33.051793584381265,HOEP (Legacy)
2001-03-28 12:00:00,2001,3,13,13776.057059943669,47.5228077732326,HOEP (Legacy)
2001-03-28 13:00:00,2001,3,14,13308.48644582242,35.34707129301083,HOEP (Legacy)
2001-03-28 14:00:00,2001,3,15,12893.889834157273,43.981783650255814,HOEP (Legacy)
2001-03-28 15:00:00,2001,3,16,13381.773171852878,2.376078725423291,HOEP (Legacy)
2001-03-28 16:00:00,2001,3,17,12861.898033864141,31.24549469492351,HOEP (Legacy)
2001-03-28 17:00:00,2001,3,18,13026.065051153088,27.390606272264993,HOEP (Legacy)
2001-03-28 18:00:00,2001,3,19,11461.807593726688,20.917847937044833,HOEP (Legacy)
2001-03-28 19:00:00,2001,3,20,11716.196738066505,30.38478957764001,HOEP (Legacy)
2001-03-28 20:00:00,2001,3,21,11368.615127266756,10.240644133606683,HOEP (Legacy)
2001-03-28 21:00:00,2001,3,22,10446.170053201615,42.198301528530536,HOEP (Legacy)
2001-03-28 22:00:00,2001,3,23,13017.279722580048,60.94830169946944,HOEP (Legacy)
2001-03-28 23:00:00,2001,3,24,11607.82279446957,13.614937912241565,HOEP (Legacy)
2001-03-29 00:00:00,2001,3,1,11457.524162342937,31.311828360299387,HOEP (Legacy)
2001-03-29 01:00:00,2001,3,2,11952.931577935115,38.50358451130057,HOEP (Legacy)
2001-03-29 02:00:00,2001,3,3,12927.524625069116,40.99591406951174,HOEP (Legacy)
2001-03-29 03:00:00,2001,3,4,13066.859366504816,25.892073941050597,HOEP (Legacy)
2001-03-29 04:00:00,2001,3,5,12745.628201324023,43.55415476107022,HOEP (Legacy)
2001-03-29 05:00:00,2001,3,6,12945.519641790741,20.153523131465825,HOEP (Legacy)
2001-03-29 06:00:00,2001,3,7,13538.097769620308,67.82430167525897,HOEP (Legacy)
2001-03-29 07:00:00,2001,3,8,13029.625656041868,59.25280926952135,HOEP (Legacy)
2001-03-29 08:00:00,2001,3,9,13898.76508160346,39.09708373941577,HOEP (Legacy)
2001-03-29 09:00:00,2001,3,10,15143.608835477673,38.94218459434765,HOEP (Legacy)
2001-03-29 10:00:00,2001,3,11,14113.632476040804,48.5148561498024,HOEP (Legacy)
2001-03-29 11:00:00,2001,3,12,14385.650055205804,41.87290862161955,HOEP (Legacy)
2001-03-29 12:00:00,2001,3,13,13064.226447923696,29.149300229001007,HOEP (Legacy)
2001-03-29 13:00:00,2001,3,14,13335.587586958007,39.32785097310591,HOEP (Legacy)
2001-03-29 14:00:00,2001,3,15,13542.593341365537,62.54624807857038,HOEP (Legacy)
2001-03-29 15:00:00,2001,3,16,13012.140581171312,3.970008197334593,HOEP (Legacy)
2001-03-29 16:00:00,2001,3,17,12719.455000127322,38.54129937302812,HOEP (Legacy)
2001-03-29 17:00:00,2001,3,18,12232.527591504115,30.10951488400755,HOEP (Legacy)
2001-03-29 18:00:00,2001,3,19,11874.032726678726,40.13736259064882,HOEP (Legacy)
2001-03-29 19:00:00,2001,3,20,11361.645105098112,22.435406701728795,HOEP (Legacy)
2001-03-29 20:00:00,2001,3,21,11125.738201518161,12.659613120337264,HOEP (Legacy)
2001-03-29 21:00:00,2001,3,22,11633.97674065931,16.970671757767633,HOEP (Legacy)
2001-03-29 22:00:00,2001,3,23,12100.15397233728,38.34193187246964,HOEP (Legacy)
2001-03-29 23:00:00,2001,3,24,11060.786856240036,20.015783080126386,HOEP (Legacy)
2001-03-30 00:00:00,2001,3,1,11783.425382339421,47.749423176839045,HOEP (Legacy)
2001-03-30 01:00:00,2001,3,2,12194.303483842343,55.410907808604485,HOEP (Legacy)
2001-03-30 02:00:00,2001,3,3,11930.313848783258,17.832745063538677,HOEP (Legacy)
2001-03-30 03:00:00,2001,3,4,12961.458525081931,33.320013351957265,HOEP (Legacy)
2001-03-30 04:00:00,2001,3,5,13251.97937838386,38.553625673604635,HOEP (Legacy)
2001-03-30 05:00:00,2001,3,6,12504.914968892792,28.259362124259898,HOEP (Legacy)
2001-03-30 06:00:00,2001,3,7,13411.201237034536,38.85581067299889,HOEP (Legacy)
2001-03-30 07:00:00,2001,3,8,13848.109845040372,49.92587356302696,HOEP (Legacy)
2001-03-30 08:00:00,2001,3,9,13872.239556917577,27.766364226158668,HOEP (Legacy)
2001-03-30 09:00:00,2001,3,10,14050.48160569488,35.5678162237439,HOEP (Legacy)
2001-03-30 10:00:00,2001,3,11,14007.675456541841,29.724245493193166,HOEP (Legacy)
2001-03-30 11:00:00,2001,3,12,13669.153464845016,49.30886612147472,HOEP (Legacy)
2001-03-30 12:00:00,2001,3,13,13976.90372784198,32.436053009713824,HOEP (Legacy)
2001-03-30 13:00:00,2001,3,14,13381.75588455989,37.44846376320548,HOEP (Legacy)
2001-03-30 14:00:00,2001,3,15,13669.900170903042,57.247387200942796,HOEP (Legacy)
2001-03-30 15:00:00,2001,3,16,13228.377544577184,11.643967983798273,HOEP (Legacy)
2001-03-30 16:00:00,2001,3,17,13516.676817404072,48.15109170571383,HOEP (Legacy)
2001-03-30 17:00:00,2001,3,18,12514.084043556883,28.83587684560372,HOEP (Legacy)
2001-03-30 18:00:00,2001,3,19,12576.262539267083,46.541995727431726,HOEP (Legacy)
2001-03-30 19:00:00,2001,3,20,11727.624732061196,23.80020195044191,HOEP (Legacy)
2001-03-30 20:00:00,2001,3,21,11458.21366058261,29.953594171144786,HOEP (Legacy)
2001-03-30 21:00:00,2001,3,22,11986.686726397955,30.875558764454137,HOEP (Legacy)
2001-03-30 22:00:00,2001,3,23,11365.418558561887,17.804849566139133,HOEP (Legacy)
2001-03-30 23:00:00,2001,3,24,11753.791761675251,37.982188592935756,HOEP (Legacy)
2001-03-31 00:00:00,2001,3,1,11679.055137916761,48.82499877630777,HOEP (Legacy)
2001-03-31 01:00:00,2001,3,2,11351.387375317425,23.432780712065792,HOEP (Legacy)
2001-03-31 02:00:00,2001,3,3,11809.449058018257,3.3603896081605917,HOEP (Legacy)
2001-03-31 03:00:00,2001,3,4,11902.897990335681,5.897863125474828,HOEP (Legacy)
2001-03-31 04:00:00,2001,3,5,12731.927391579156,53.915226191991486,HOEP (Legacy)
2001-03-31 05:00:00,2001,3,6,13145.578792974959,18.506140508816284,HOEP (Legacy)
2001-03-31 06:00:00,2001,3,7,13493.746767754312,29.8262278084136,HOEP (Legacy)
2001-03-31 07:00:00,2001,3,8,13285.24290163966,36.07636246618397,HOEP (Legacy)
2001-03-31 08:00:00,2001,3,9,13645.460959042557,33.78587410893114,HOEP (Legacy)
2001-03-31 09:00:00,2001,3,10,13802.327608187506,47.684019134483485,HOEP (Legacy)
2001-03-31 10:00:00,2001,3,11,13601.418336336266,52.009507892996936,HOEP (Legacy)
2001-03-31 11:00:00,2001,3,12,13871.037992348885,27.579274179663017,HOEP (Legacy)
2001-03-31 12:00:00,2001,3,13,13469.955557594983,33.011789086480185,HOEP (Legacy)
2001-03-31 13:00:00,2001,3,14,13682.16285627905,40.41638221110617,HOEP (Legacy)
2001-03-31 14:00:00,2001,3,15,13589.049375428258,52.24389353546759,HOEP (Legacy)
2001-03-31 15:00:00,2001,3,16,13123.261098075913,28.476340594179216,HOEP (Legacy)
2001-03-31 16:00:00,2001,3,17,12500.34972920431,39.012013330102505,HOEP (Legacy)
2001-03-31 17:00:00,2001,3,18,12557.397035475302,42.97814407999266,HOEP (Legacy)
2001-03-31 18:00:00,2001,3,19,11831.161603420172,11.071318070128672,HOEP (Legacy)
2001-03-31 19:00:00,2001,3,20,11965.556158910882,33.02060614734226,HOEP (Legacy)
2001-03-31 20:00:00,2001,3,21,11502.563019673897,16.504425260586096,HOEP (Legacy)
2001-03-31 21:00:00,2001,3,22,11890.419825374765,48.09163223969287,HOEP (Legacy)
2001-03-31 22:00:00,2001,3,23,11622.874868726127,1.9587584292603069,HOEP (Legacy)
2001-03-31 23:00:00,2001,3,24,12073.743260058829,29.88010935999933,HOEP (Legacy)
2001-04-01 00:00:00,2001,4,1,12427.689877742345,32.436241202380515,HOEP (Legacy)
2001-04-01 01:00:00,2001,4,2,13708.898853717448,42.07681260435627,HOEP (Legacy)
2001-04-01 02:00:00,2001,4,3,13860.478092758594,33.743148380722936,HOEP (Legacy)
2001-04-01 03:00:00,2001,4,4,14579.873176988689,34.645749673892496,HOEP (Legacy)
2001-04-01 04:00:00,2001,4,5,14005.670540995989,31.316920672874122,HOEP (Legacy)
2001-04-01 05:00:00,2001,4,6,15017.3183526149,48.561212753916074,HOEP (Legacy)
2001-04-01 06:00:00,2001,4,7,15150.833459191486,23.209634950308455,HOEP (Legacy)
2001-04-01 07:00:00,2001,4,8,14457.140134096664,35.205793962605995,HOEP (Legacy)
2001-04-01 08:00:00,2001,4,9,14521.07419757716,43.32586833825655,HOEP (Legacy)
2001-04-01 09:00:00,2001,4,10,15350.901862094524,48.87539130536967,HOEP (Legacy)
2001-04-01 10:00:00,2001,4,11,15118.77318722196,58.47288416523332,HOEP (Legacy)
2001-04-01 11:00:00,2001,4,12,15362.514242840458,39.981319546079575,HOEP (Legacy)
2001-04-01 12:00:00,2001,4,13,15168.937206938748,33.32333677154321,HOEP (Legacy)
2001-04-01 13:00:00,2001,4,14,14926.83632630161,52.227362175063135,HOEP (Legacy)
2001-04-01 14:00:00,2001,4,15,14545.64881794608,63.24394129677875,HOEP (Legacy)
2001-04-01 15:00:00,2001,4,16,13352.178438693696,64.1241754739822,HOEP (Legacy)
2001-04-01 16:00:00,2001,4,17,14585.41068758235,43.851866727758946,HOEP (Legacy)
2001-04-01 17:00:00,2001,4,18,13849.58916523564,38.12629282502172,HOEP (Legacy)
2001-04-01 18:00:00,2001,4,19,12855.877965211665,33.14340946467259,HOEP (Legacy)
2001-04-01 19:00:00,2001,4,20,13098.480784396059,19.248286129898418,HOEP (Legacy)
2001-04-01 20:00:00,2001,4,21,12976.081596307129,37.898102731385876,HOEP (Legacy)
2001-04-01 21:00:00,2001,4,22,13357.040621324966,53.18394339275627,HOEP (Legacy)
2001-04-01 22:00:00,2001,4,23,13564.840769810045,37.07230076349313,HOEP (Legacy)
2001-04-01 23:00:00,2001,4,24,13514.90872204673,48.70101128760378,HOEP (Legacy)
2001-04-02 00:00:00,2001,4,1,13367.55586795235,36.57707021281228,HOEP (Legacy)
2001-04-02 01:00:00,2001,4,2,13156.993964092255,41.783021868231025,HOEP (Legacy)
2001-04-02 02:00:00,2001,4,3,12850.633850422757,50.87994815918391,HOEP (Legacy)
2001-04-02 03:00:00,2001,4,4,13549.098282352747,19.258789225820767,HOEP (Legacy)
2001-04-02 04:00:00,2001,4,5,14324.758365734882,51.48840667398329,HOEP (Legacy)
2001-04-02 05:00:00,2001,4,6,14343.07456800862,77.22618924603813,HOEP (Legacy)
2001-04-02 06:00:00,2001,4,7,14908.282730218567,66.47264956662838,HOEP (Legacy)
2001-04-02 07:00:00,2001,4,8,14717.284064218798,33.72439935820342,HOEP (Legacy)
2001-04-02 08:00:00,2001,4,9,15308.425897364745,41.48898556439354,HOEP (Legacy)
2001-04-02 09:00:00,2001,4,10,15562.712090665624,49.75071700994994,HOEP (Legacy)
2001-04-02 10:00:00,2001,4,11,15136.463676635456,35.15208232812897,HOEP (Legacy)
2001-04-02 11:00:00,2001,4,12,15470.522872070269,45.33235990863692,HOEP (Legacy)
2001-04-02 12:00:00,2001,4,13,14927.210623954303,29.189092778703486,HOEP (Legacy)
2001-04-02 13:00:00,2001,4,14,14753.20155885875,39.47007253073663,HOEP (Legacy)
2001-04-02 14:00:00,2001,4,15,14491.968558234566,53.932653618638206,HOEP (Legacy)
2001-04-02 15:00:00,2001,4,16,14211.885844586393,24.521803514446535,HOEP (Legacy)
2001-04-02 16:00:00,2001,4,17,14522.249674319142,45.621162705268205,HOEP (Legacy)
2001-04-02 17:00:00,2001,4,18,13975.575655288587,37.928664687097296,HOEP (Legacy)
2001-04-02 18:00:00,2001,4,19,13145.751751169013,41.201221060013275,HOEP (Legacy)
2001-04-02 19:00:00,2001,4,20,13063.066536139351,21.42447507398173,HOEP (Legacy)
2001-04-02 20:00:00,2001,4,21,13427.573078134383,42.047104636027974,HOEP (Legacy)
2001-04-02 21:00:00,2001,4,22,12591.257665398387,51.67116807373343,HOEP (Legacy)
2001-04-02 22:00:00,2001,4,23,12122.163477198079,55.465878517116806,HOEP (Legacy)
2001-04-02 23:00:00,2001,4,24,13275.722970912795,50.38441482935199,HOEP (Legacy)
2001-04-03 00:00:00,2001,4,1,12784.978092906007,43.29263290480013,HOEP (Legacy)
2001-04-03 01:00:00,2001,4,2,12565.09577576886,42.27463080403314,HOEP (Legacy)
2001-04-03 02:00:00,2001,4,3,13586.503949231985,36.89181879692082,HOEP (Legacy)
2001-04-03 03:00:00,2001,4,4,13284.384983619315,41.776663686890586,HOEP (Legacy)
2001-04-03 04:00:00,2001,4,5,14100.30570781729,44.16144466363705,HOEP (Legacy)
2001-04-03 05:00:00,2001,4,6,14328.696928540361,30.66798606795088,HOEP (Legacy)
2001-04-03 06:00:00,2001,4,7,15251.706181273177,36.47577863674327,HOEP (Legacy)
2001-04-03 07:00:00,2001,4,8,15627.356184156117,27.449717784424703,HOEP (Legacy)
2001-04-03 08:00:00,2001,4,9,15328.549907709066,64.3569040479214,HOEP (Legacy)
2001-04-03 09:00:00,2001,4,10,15393.47195791638,63.529678147448635,HOEP (Legacy)
2001-04-03 10:00:00,2001,4,11,15274.603790664392,53.22269965361965,HOEP (Legacy)
2001-04-03 11:00:00,2001,4,12,15695.57449229426,50.33480983381951,HOEP (Legacy)
2001-04-03 12:00:00,2001,4,13,14812.118969308684,37.528782310462674,HOEP (Legacy)
2001-04-03 13:00:00,2001,4,14,15012.90350538175,61.5589167883799,HOEP (Legacy)
2001-04-03 14:00:00,2001,4,15,15053.212121344084,34.11723324796507,HOEP (Legacy)
2001-04-03 15:00:00,2001,4,16,13990.705330403804,48.91286592206268,HOEP (Legacy)
2001-04-03 16:00:00,2001,4,17,13198.03753372382,60.31635687063445,HOEP (Legacy)
2001-04-03 17:00:00,2001,4,18,14147.674451828767,63.70395618846058,HOEP (Legacy)
2001-04-03 18:00:00,2001,4,19,13738.521911797077,46.15156093878152,HOEP (Legacy)
2001-04-03 19:00:00,2001,4,20,12649.43350426222,30.842639202135206,HOEP (Legacy)
2001-04-03 20:00:00,2001,4,21,12434.368489032975,30.95324854021076,HOEP (Legacy)
2001-04-03 21:00:00,2001,4,22,13179.219245888946,23.33655099676559,HOEP (Legacy)
2001-04-03 22:00:00,2001,4,23,12947.421147247782,41.32282431587758,HOEP (Legacy)
2001-04-03 23:00:00,2001,4,24,13056.437263119793,24.34766070839588,HOEP (Legacy)
2001-04-04 00:00:00,2001,4,1,13547.100963395933,17.01835770137467,HOEP (Legacy)
2001-04-04 01:00:00,2001,4,2,13234.346932830122,48.94652089329612,HOEP (Legacy)
2001-04-04 02:00:00,2001,4,3,13365.83652763556,27.00107376955156,HOEP (Legacy)
2001-04-04 03:00:00,2001,4,4,12635.174354252147,29.275573286717187,HOEP (Legacy)
2001-04-04 04:00:00,2001,4,5,14239.871927682854,51.80996294665691,HOEP (Legacy)
2001-04-04 05:00:00,2001,4,6,14782.13863756261,40.55259547187924,HOEP (Legacy)
2001-04-04 06:00:00,2001,4,7,14280.40741609432,55.19561795446186,HOEP (Legacy)
2001-04-04 07:00:00,2001,4,8,15119.778791465973,52.49076924871825,HOEP (Legacy)
2001-04-04 08:00:00,2001,4,9,14832.91787741321,40.653845833725384,HOEP (Legacy)
2001-04-04 09:00:00,2001,4,10,14803.008226562193,34.50459501577603,HOEP (Legacy)
2001-04-04 10:00:00,2001,4,11,14706.044358345296,59.22705444780562,HOEP (Legacy)
2001-04-04 11:00:00,2001,4,12,15454.195206613382,32.111920032222784,HOEP (Legacy)
2001-04-04 12:00:00,2001,4,13,15286.367709857373,33.81105813981601,HOEP (Legacy)
2001-04-04 13:00:00,2001,4,14,15010.274980495647,17.12551500833178,HOEP (Legacy)
2001-04-04 14:00:00,2001,4,15,13436.230992347146,36.566605594334014,HOEP (Legacy)
2001-04-04 15:00:00,2001,4,16,14912.609640837065,45.3933201528298,HOEP (Legacy)
2001-04-04 16:00:00,2001,4,17,14020.120657778953,46.40104267119663,HOEP (Legacy)
2001-04-04 17:00:00,2001,4,18,14076.217976782642,38.268549637680714,HOEP (Legacy)
2001-04-04 18:00:00,2001,4,19,13458.823493742882,53.282590589429574,HOEP (Legacy)
2001-04-04 19:00:00,2001,4,20,12854.951668162388,50.823010628338096,HOEP (Legacy)
2001-04-04 20:00:00,2001,4,21,12435.908400935936,18.43482230768021,HOEP (Legacy)
2001-04-04 21:00:00,2001,4,22,13174.109099455532,37.591913876405364,HOEP (Legacy)
2001-04-04 22:00:00,2001,4,23,12591.231458121028,28.3623100532595,HOEP (Legacy)
2001-04-04 23:00:00,2001,4,24,12867.514173105164,23.304043705277195,HOEP (Legacy)
2001-04-05 00:00:00,2001,4,1,12936.72325273527,29.73597532710552,HOEP (Legacy)
2001-04-05 01:00:00,2001,4,2,12891.407933073797,-2.9241728134999008,HOEP (Legacy)
2001-04-05 02:00:00,2001,4,3,13780.416973728043,47.29165153485549,HOEP (Legacy)
2001-04-05 03:00:00,2001,4,4,13827.135183719356,51.95908625385281,HOEP (Legacy)
2001-04-05 04:00:00,2001,4,5,13842.980621295219,55.27142879782849,HOEP (Legacy)
2001-04-05 05:00:00,2001,4,6,14096.98718149893,32.2518293567787,HOEP (Legacy)
2001-04-05 06:00:00,2001,4,7,14151.771288754615,41.36655509215688,HOEP (Legacy)
2001-04-05 07:00:00,2001,4,8,14792.37675961205,35.23739485087699,HOEP (Legacy)
2001-04-05 08:00:00,2001,4,9,15130.588249265978,59.157922041821166,HOEP (Legacy)
2001-04-05 09:00:00,2001,4,10,14693.623389118378,33.00992086962916,HOEP (Legacy)
2001-04-05 10:00:00,2001,4,11,14836.057573522217,45.902783364382145,HOEP (Legacy)
2001-04-05 11:00:00,2001,4,12,15179.579645043334,46.583131984419126,HOEP (Legacy)
2001-04-05 12:00:00,2001,4,13,15642.28937747556,18.813982399342713,HOEP (Legacy)
2001-04-05 13:00:00,2001,4,14,15363.747958048885,48.4315293346515,HOEP (Legacy)
2001-04-05 14:00:00,2001,4,15,14585.961038274801,63.746026347292,HOEP (Legacy)
2001-04-05 15:00:00,2001,4,16,13956.769946126342,51.27843768372621,HOEP (Legacy)
2001-04-05 16:00:00,2001,4,17,13944.85437706567,50.43485799399246,HOEP (Legacy)
2001-04-05 17:00:00,2001,4,18,13585.279532287623,32.835169036186485,HOEP (Legacy)
2001-04-05 18:00:00,2001,4,19,13909.28842196435,22.893849629836165,HOEP (Legacy)
2001-04-05 19:00:00,2001,4,20,13345.805106583826,30.73611353159531,HOEP (Legacy)
2001-04-05 20:00:00,2001,4,21,11833.991902843769,44.34744372961195,HOEP (Legacy)
2001-04-05 21:00:00,2001,4,22,12580.720194823713,31.307571542835703,HOEP (Legacy)
2001-04-05 22:00:00,2001,4,23,12490.219056272024,36.48670938169976,HOEP (Legacy)
2001-04-05 23:00:00,2001,4,24,13391.835688271307,13.763350912658282,HOEP (Legacy)
2001-04-06 00:00:00,2001,4,1,13226.292159076247,33.44300778118878,HOEP (Legacy)
2001-04-06 01:00:00,2001,4,2,12990.312872498931,58.844477735413435,HOEP (Legacy)
2001-04-06 02:00:00,2001,4,3,13305.401544984234,47.044636580132845,HOEP (Legacy)
2001-04-06 03:00:00,2001,4,4,14135.573336734813,54.51632954546031,HOEP (Legacy)
2001-04-06 04:00:00,2001,4,5,14193.914307372352,45.0007407690376,HOEP (Legacy)
2001-04-06 05:00:00,2001,4,6,14929.91087409205,42.16510505318933,HOEP (Legacy)
2001-04-06 06:00:00,2001,4,7,14061.835176938173,35.25615275874715,HOEP (Legacy)
2001-04-06 07:00:00,2001,4,8,14424.374058046931,21.070206131469302,HOEP (Legacy)
2001-04-06 08:00:00,2001,4,9,15479.039337868639,22.553232960707533,HOEP (Legacy)
2001-04-06 09:00:00,2001,4,10,15662.796609635883,42.34028808971292,HOEP (Legacy)
2001-04-06 10:00:00,2001,4,11,15534.765845970258,43.312653431852524,HOEP (Legacy)
2001-04-06 11:00:00,2001,4,12,15324.854073501949,39.191988338156506,HOEP (Legacy)
2001-04-06 12:00:00,2001,4,13,15528.420422947409,45.479454591121794,HOEP (Legacy)
2001-04-06 13:00:00,2001,4,14,15037.829974888813,58.05377633450548,HOEP (Legacy)
2001-04-06 14:00:00,2001,4,15,14725.014327734345,49.892564058659644,HOEP (Legacy)
2001-04-06 15:00:00,2001,4,16,14922.090957770964,46.18330717016435,HOEP (Legacy)
2001-04-06 16:00:00,2001,4,17,13968.139182156514,36.9849364841279,HOEP (Legacy)
2001-04-06 17:00:00,2001,4,18,14347.613889938668,50.80049529201697,HOEP (Legacy)
2001-04-06 18:00:00,2001,4,19,13250.861305432612,56.44640082496494,HOEP (Legacy)
2001-04-06 19:00:00,2001,4,20,13464.252533037641,32.0356238133336,HOEP (Legacy)
2001-04-06 20:00:00,2001,4,21,12751.002298744315,42.531135446210854,HOEP (Legacy)
2001-04-06 21:00:00,2001,4,22,12831.661190336248,33.069691761395305,HOEP (Legacy)
2001-04-06 22:00:00,2001,4,23,13191.749497684,44.560603360560556,HOEP (Legacy)
2001-04-06 23:00:00,2001,4,24,12803.701051418699,57.61973243652888,HOEP (Legacy)
2001-04-07 00:00:00,2001,4,1,13754.979518554665,36.936286907351196,HOEP (Legacy)
2001-04-07 01:00:00,2001,4,2,13001.912926633144,39.86406150864104,HOEP (Legacy)
2001-04-07 02:00:00,2001,4,3,13213.40339644022,34.70272547425829,HOEP (Legacy)
2001-04-07 03:00:00,2001,4,4,14331.251228729878,60.16068046594326,HOEP (Legacy)
2001-04-07 04:00:00,2001,4,5,13580.687122555551,18.82536202050897,HOEP (Legacy)
2001-04-07 05:00:00,2001,4,6,14405.187157653661,66.40461141346577,HOEP (Legacy)
2001-04-07 06:00:00,2001,4,7,14428.40421011613,82.38488266983882,HOEP (Legacy)
2001-04-07 07:00:00,2001,4,8,14920.496547934641,44.88465489694104,HOEP (Legacy)
2001-04-07 08:00:00,2001,4,9,14184.500942742001,44.199415742421074,HOEP (Legacy)
2001-04-07 09:00:00,2001,4,10,14268.053105447372,11.097105286790804,HOEP (Legacy)
2001-04-07 10:00:00,2001,4,11,14912.202176189301,52.059298854992754,HOEP (Legacy)
2001-04-07 11:00:00,2001,4,12,15734.023772297976,55.249560660973394,HOEP (Legacy)
2001-04-07 12:00:00,2001,4,13,15906.129869923994,46.71383791954081,HOEP (Legacy)
2001-04-07 13:00:00,2001,4,14,15352.591052718242,58.975819371004064,HOEP (Legacy)
2001-04-07 14:00:00,2001,4,15,14887.844476762139,42.45527976399689,HOEP (Legacy)
2001-04-07 15:00:00,2001,4,16,14440.363135390755,36.218945168408524,HOEP (Legacy)
2001-04-07 16:00:00,2001,4,17,14932.644346164294,56.82861877640934,HOEP (Legacy)
2001-04-07 17:00:00,2001,4,18,13837.95486706842,47.188235624854585,HOEP (Legacy)
2001-04-07 18:00:00,2001,4,19,13500.540337600605,44.76962288941627,HOEP (Legacy)
2001-04-07 19:00:00,2001,4,20,13259.390849898602,46.095645613982725,HOEP (Legacy)
2001-04-07 20:00:00,2001,4,21,12971.195327395471,38.321891906771974,HOEP (Legacy)
2001-04-07 21:00:00,2001,4,22,13281.208845104935,39.89921578049417,HOEP (Legacy)
2001-04-07 22:00:00,2001,4,23,12460.704528763114,28.379484385511848,HOEP (Legacy)
2001-04-07 23:00:00,2001,4,24,12999.848594244815,14.602893826082727,HOEP (Legacy)
2001-04-08 00:00:00,2001,4,1,13024.545670672682,29.94400602888257,HOEP (Legacy)
2001-04-08 01:00:00,2001,4,2,12700.245495147343,41.070417427700534,HOEP (Legacy)
2001-04-08 02:00:00,2001,4,3,13663.28954810298,44.380785006015074,HOEP (Legacy)
2001-04-08 03:00:00,2001,4,4,13372.711603423537,28.89180407262838,HOEP (Legacy)
2001-04-08 04:00:00,2001,4,5,14096.842423080885,30.462306136021922,HOEP (Legacy)
2001-04-08 05:00:00,2001,4,6,13995.301022435504,22.90751242548773,HOEP (Legacy)
2001-04-08 06:00:00,2001,4,7,14761.811887775324,44.373409468564255,HOEP (Legacy)
2001-04-08 07:00:00,2001,4,8,15409.917568633613,62.75948929796984,HOEP (Legacy)
2001-04-08 08:00:00,2001,4,9,14650.01356775519,19.73993109402113,HOEP (Legacy)
2001-04-08 09:00:00,2001,4,10,15609.614575613912,46.36408535847168,HOEP (Legacy)
2001-04-08 10:00:00,2001,4,11,15565.91982606936,53.565756993448744,HOEP (Legacy)
2001-04-08 11:00:00,2001,4,12,15152.390624709611,48.423963258693874,HOEP (Legacy)
2001-04-08 12:00:00,2001,4,13,14877.766838544941,42.10731799875698,HOEP (Legacy)
2001-04-08 13:00:00,2001,4,14,14141.338633458112,49.58462643250017,HOEP (Legacy)
2001-04-08 14:00:00,2001,4,15,14117.362189797217,39.684277108098335,HOEP (Legacy)
2001-04-08 15:00:00,2001,4,16,14552.897853290988,44.6524058860417,HOEP (Legacy)
2001-04-08 16:00:00,2001,4,17,14739.153510063186,38.581498952345804,HOEP (Legacy)
2001-04-08 17:00:00,2001,4,18,12743.359236939079,32.68747133661797,HOEP (Legacy)
2001-04-08 18:00:00,2001,4,19,13772.522035337155,26.906715500077873,HOEP (Legacy)
2001-04-08 19:00:00,2001,4,20,12997.161414799308,34.7202604990176,HOEP (Legacy)
2001-04-08 20:00:00,2001,4,21,13472.819074014342,14.996030817572546,HOEP (Legacy)
2001-04-08 21:00:00,2001,4,22,12952.91727392931,38.38136303625138,HOEP (Legacy)
2001-04-08 22:00:00,2001,4,23,12078.1667683648,49.26014508631669,HOEP (Legacy)
2001-04-08 23:00:00,2001,4,24,12387.630346356254,19.751484282809017,HOEP (Legacy)
2001-04-09 00:00:00,2001,4,1,12796.956163392706,34.54133563164121,HOEP (Legacy)
2001-04-09 01:00:00,2001,4,2,13210.245060020317,32.097787103908345,HOEP (Legacy)
2001-04-09 02:00:00,2001,4,3,13855.733739426074,61.209272164632694,HOEP (Legacy)
2001-04-09 03:00:00,2001,4,4,13931.815228489922,47.049339179102354,HOEP (Legacy)
2001-04-09 04:00:00,2001,4,5,13799.810313693828,39.17838502358874,HOEP (Legacy)
2001-04-09 05:00:00,2001,4,6,13400.168054248203,54.66130330397746,HOEP (Legacy)
2001-04-09 06:00:00,2001,4,7,15141.852331009737,44.97085619987238,HOEP (Legacy)
2001-04-09 07:00:00,2001,4,8,15056.422073294114,46.45983560786317,HOEP (Legacy)
2001-04-09 08:00:00,2001,4,9,14652.541374100914,51.23152121301088,HOEP (Legacy)
2001-04-09 09:00:00,2001,4,10,14993.48838857003,37.01035804689033,HOEP (Legacy)
2001-04-09 10:00:00,2001,4,11,15271.463585755855,41.451337714639045,HOEP (Legacy)
2001-04-09 11:00:00,2001,4,12,14879.307618071101,41.18855608221005,HOEP (Legacy)
2001-04-09 12:00:00,2001,4,13,14551.930098977939,56.51547279732161,HOEP (Legacy)
2001-04-09 13:00:00,2001,4,14,15140.180023856641,65.49031946174027,HOEP (Legacy)
2001-04-09 14:00:00,2001,4,15,15221.083145813516,38.31978565653909,HOEP (Legacy)
2001-04-09 15:00:00,2001,4,16,14086.422770154271,33.18870598183656,HOEP (Legacy)
2001-04-09 16:00:00,2001,4,17,13946.485460890735,19.096217846270086,HOEP (Legacy)
2001-04-09 17:00:00,2001,4,18,12885.259869274683,44.819029214423765,HOEP (Legacy)
2001-04-09 18:00:00,2001,4,19,13115.656360231409,43.56782777099893,HOEP (Legacy)
2001-04-09 19:00:00,2001,4,20,13349.399575142445,56.213278411295306,HOEP (Legacy)
2001-04-09 20:00:00,2001,4,21,13420.82097622752,27.11258624301596,HOEP (Legacy)
2001-04-09 21:00:00,2001,4,22,13419.001460051912,41.14233575072191,HOEP (Legacy)
2001-04-09 22:00:00,2001,4,23,12814.626386012025,34.7290311552506,HOEP (Legacy)
2001-04-09 23:00:00,2001,4,24,12759.071410696928,62.29973159196395,HOEP (Legacy)
2001-04-10 00:00:00,2001,4,1,12691.746875778814,27.504993498666487,HOEP (Legacy)
2001-04-10 01:00:00,2001,4,2,13001.716152192805,26.954896424658276,HOEP (Legacy)
2001-04-10 02:00:00,2001,4,3,12988.42247625944,34.49738794978573,HOEP (Legacy)
2001-04-10 03:00:00,2001,4,4,13706.37960272634,23.83080578829638,HOEP (Legacy)
2001-04-10 04:00:00,2001,4,5,13823.53960251907,28.846155304767805,HOEP (Legacy)
2001-04-10 05:00:00,2001,4,6,14026.08512090662,40.192925856626886,HOEP (Legacy)
2001-04-10 06:00:00,2001,4,7,14353.47470034934,40.96716748327544,HOEP (Legacy)
2001-04-10 07:00:00,2001,4,8,14144.459108061408,39.58255542983342,HOEP (Legacy)
2001-04-10 08:00:00,2001,4,9,14688.074506456385,60.12616494915004,HOEP (Legacy)
2001-04-10 09:00:00,2001,4,10,15620.927238615976,68.66380020342832,HOEP (Legacy)
2001-04-10 10:00:00,2001,4,11,14956.562948652694,74.27449651925316,HOEP (Legacy)
2001-04-10 11:00:00,2001,4,12,15146.826677991903,50.300756224439716,HOEP (Legacy)
2001-04-10 12:00:00,2001,4,13,15500.92410253834,63.29955962146198,HOEP (Legacy)
2001-04-10 13:00:00,2001,4,14,14775.354848320667,20.798251452797864,HOEP (Legacy)
2001-04-10 14:00:00,2001,4,15,14746.895136927371,49.14458926205901,HOEP (Legacy)
2001-04-10 15:00:00,2001,4,16,13986.98271435257,27.855104967466033,HOEP (Legacy)
2001-04-10 16:00:00,2001,4,17,13936.88920531257,35.310212408655595,HOEP (Legacy)
2001-04-10 17:00:00,2001,4,18,13389.112132743108,46.83767421648227,HOEP (Legacy)
2001-04-10 18:00:00,2001,4,19,13175.731810641671,31.785713398797384,HOEP (Legacy)
2001-04-10 19:00:00,2001,4,20,13333.215727364824,23.090066906914036,HOEP (Legacy)
2001-04-10 20:00:00,2001,4,21,12850.623135642029,15.750449060056525,HOEP (Legacy)
2001-04-10 21:00:00,2001,4,22,12646.207699392533,38.18324779753783,HOEP (Legacy)
2001-04-10 22:00:00,2001,4,23,13478.684450651977,36.52065385401833,HOEP (Legacy)
2001-04-10 23:00:00,2001,4,24,13396.661748823006,40.43016234027883,HOEP (Legacy)
2001-04-11 00:00:00,2001,4,1,12885.539567816702,24.349990488343664,HOEP (Legacy)
2001-04-11 01:00:00,2001,4,2,13746.341208668384,30.176549852774627,HOEP (Legacy)
2001-04-11 02:00:00,2001,4,3,13109.522604926862,56.06464513386046,HOEP (Legacy)
2001-04-11 03:00:00,2001,4,4,13558.335043995528,35.61418101680308,HOEP (Legacy)
2001-04-11 04:00:00,2001,4,5,15101.960187672572,53.276835727546384,HOEP (Legacy)
2001-04-11 05:00:00,2001,4,6,13537.351595239401,27.992782726663954,HOEP (Legacy)
2001-04-11 06:00:00,2001,4,7,14512.888940246856,24.56869207587416,HOEP (Legacy)
2001-04-11 07:00:00,2001,4,8,14883.419138093905,45.44742952502576,HOEP (Legacy)
2001-04-11 08:00:00,2001,4,9,14896.391467716505,48.418021183415604,HOEP (Legacy)
2001-04-11 09:00:00,2001,4,10,15529.894011379385,62.10692644682234,HOEP (Legacy)
2001-04-11 10:00:00,2001,4,11,15614.461877805541,54.524424660545485,HOEP (Legacy)
2001-04-11 11:00:00,2001,4,12,15503.948962384859,51.09583289929868,HOEP (Legacy)
2001-04-11 12:00:00,2001,4,13,14647.929045618115,53.4541469490367,HOEP (Legacy)
2001-04-11 13:00:00,2001,4,14,13979.048018335257,32.063977491861905,HOEP (Legacy)
2001-04-11 14:00:00,2001,4,15,13749.07038289762,44.79497505998556,HOEP (Legacy)
2001-04-11 15:00:00,2001,4,16,14814.219911454798,38.128450947349535,HOEP (Legacy)
2001-04-11 16:00:00,2001,4,17,14117.010834443723,53.25904390509972,HOEP (Legacy)
2001-04-11 17:00:00,2001,4,18,13924.57698965399,44.27443058495744,HOEP (Legacy)
2001-04-11 18:00:00,2001,4,19,12836.08923292346,44.262234202667315,HOEP (Legacy)
2001-04-11 19:00:00,2001,4,20,13020.164520082939,32.47632708760572,HOEP (Legacy)
2001-04-11 20:00:00,2001,4,21,12708.013207461961,24.897694147743586,HOEP (Legacy)
2001-04-11 21:00:00,2001,4,22,13287.980587942113,31.866077627770743,HOEP (Legacy)
2001-04-11 22:00:00,2001,4,23,12941.588588646993,48.25800477345708,HOEP (Legacy)
2001-04-11 23:00:00,2001,4,24,12613.25423990189,37.78896687197526,HOEP (Legacy)
2001-04-12 00:00:00,2001,4,1,12499.92668656491,41.676288511876216,HOEP (Legacy)
2001-04-12 01:00:00,2001,4,2,13739.761221259201,31.840284348586362,HOEP (Legacy)
2001-04-12 02:00:00,2001,4,3,13854.58161312384,45.487961547173654,HOEP (Legacy)
2001-04-12 03:00:00,2001,4,4,14066.454440527965,46.28741785102778,HOEP (Legacy)
2001-04-12 04:00:00,2001,4,5,13904.368202493148,32.0235074290372,HOEP (Legacy)
2001-04-12 05:00:00,2001,4,6,14542.378084915295,30.705858067583932,HOEP (Legacy)
2001-04-12 06:00:00,2001,4,7,14155.98117508991,51.68229815193146,HOEP (Legacy)
2001-04-12 07:00:00,2001,4,8,14927.427279380448,34.38383080678612,HOEP (Legacy)
2001-04-12 08:00:00,2001,4,9,15549.973571861918,55.87742414478917,HOEP (Legacy)
2001-04-12 09:00:00,2001,4,10,15361.377459280988,30.55026246463272,HOEP (Legacy)
2001-04-12 10:00:00,2001,4,11,14781.69966405378,36.49183725398476,HOEP (Legacy)
2001-04-12 11:00:00,2001,4,12,15381.336748480886,40.517978656973746,HOEP (Legacy)
2001-04-12 12:00:00,2001,4,13,15135.088009860414,48.55359735645707,HOEP (Legacy)
2001-04-12 13:00:00,2001,4,14,14716.035727954875,35.066178380614645,HOEP (Legacy)
2001-04-12 14:00:00,2001,4,15,15136.681256784635,46.07401437453656,HOEP (Legacy)
2001-04-12 15:00:00,2001,4,16,14737.804604131272,39.919596647395466,HOEP (Legacy)
2001-04-12 16:00:00,2001,4,17,13656.541198367819,37.47941374515677,HOEP (Legacy)
2001-04-12 17:00:00,2001,4,18,13113.801256305995,41.38020533127127,HOEP (Legacy)
2001-04-12 18:00:00,2001,4,19,13553.975218130417,51.46195073965988,HOEP (Legacy)
2001-04-12 19:00:00,2001,4,20,12916.846731513137,27.557900075002948,HOEP (Legacy)
2001-04-12 20:00:00,2001,4,21,12526.590860024204,43.71858587000631,HOEP (Legacy)
2001-04-12 21:00:00,2001,4,22,12827.620877825088,29.798712909323825,HOEP (Legacy)
2001-04-12 22:00:00,2001,4,23,11947.296165691168,9.968838041555529,HOEP (Legacy)
2001-04-12 23:00:00,2001,4,24,12382.254047187811,33.49614133268188,HOEP (Legacy)
2001-04-13 00:00:00,2001,4,1,12627.608743668856,37.93408276266898,HOEP (Legacy)
2001-04-13 01:00:00,2001,4,2,12630.40400855814,28.546542196351584,HOEP (Legacy)
2001-04-13 02:00:00,2001,4,3,12979.562097838503,25.118063913591023,HOEP (Legacy)
2001-04-13 03:00:00,2001,4,4,13880.297612225879,42.67368397814475,HOEP (Legacy)
2001-04-13 04:00:00,2001,4,5,13837.334900328244,48.42683392807846,HOEP (Legacy)
2001-04-13 05:00:00,2001,4,6,14328.99156273969,40.62609075536022,HOEP (Legacy)
2001-04-13 06:00:00,2001,4,7,14690.885147235987,29.359264683023483,HOEP (Legacy)
2001-04-13 07:00:00,2001,4,8,15059.583190159434,46.94036070836229,HOEP (Legacy)
2001-04-13 08:00:00,2001,4,9,14047.65073018315,33.334755460672405,HOEP (Legacy)
2001-04-13 09:00:00,2001,4,10,15006.37016745559,36.22163215078497,HOEP (Legacy)
2001-04-13 10:00:00,2001,4,11,15326.938541406005,46.462471435924876,HOEP (Legacy)
2001-04-13 11:00:00,2001,4,12,15303.200415957048,39.72513166054995,HOEP (Legacy)
2001-04-13 12:00:00,2001,4,13,14982.015363542003,36.8967099014234,HOEP (Legacy)
2001-04-13 13:00:00,2001,4,14,14535.987382858317,53.56839960838492,HOEP (Legacy)
2001-04-13 14:00:00,2001,4,15,14443.797735445782,50.89532731715025,HOEP (Legacy)
2001-04-13 15:00:00,2001,4,16,14683.955948443361,43.60789196914846,HOEP (Legacy)
2001-04-13 16:00:00,2001,4,17,14738.750699411017,46.79350744030113,HOEP (Legacy)
2001-04-13 17:00:00,2001,4,18,13215.955141316765,9.2797480251282,HOEP (Legacy)
2001-04-13 18:00:00,2001,4,19,12850.990883074372,33.78390040110195,HOEP (Legacy)
2001-04-13 19:00:00,2001,4,20,13142.641112954689,23.656117168972564,HOEP (Legacy)
2001-04-13 20:00:00,2001,4,21,12579.869236505909,57.03658670245504,HOEP (Legacy)
2001-04-13 21:00:00,2001,4,22,13063.26759386298,46.7416850992612,HOEP (Legacy)
2001-04-13 22:00:00,2001,4,23,12728.40912413586,36.68426166535165,HOEP (Legacy)
2001-04-13 23:00:00,2001,4,24,12587.340170166433,38.705637493764094,HOEP (Legacy)
2001-04-14 00:00:00,2001,4,1,12428.007095399978,45.20588128359497,HOEP (Legacy)
2001-04-14 01:00:00,2001,4,2,13646.569000322112,16.249340413925598,HOEP (Legacy)
2001-04-14 02:00:00,2001,4,3,12675.728601593224,18.980268073799188,HOEP (Legacy)
2001-04-14 03:00:00,2001,4,4,13447.403207421485,47.432401733552624,HOEP (Legacy)
2001-04-14 04:00:00,2001,4,5,13955.40826758214,57.2762265511672,HOEP (Legacy)
2001-04-14 05:00:00,2001,4,6,14026.761447936928,42.56594172172037,HOEP (Legacy)
2001-04-14 06:00:00,2001,4,7,13539.420582472358,45.41756729637575,HOEP (Legacy)
2001-04-14 07:00:00,2001,4,8,15217.778346468956,40.255769663878446,HOEP (Legacy)
2001-04-14 08:00:00,2001,4,9,15165.978932803018,60.404111045335505,HOEP (Legacy)
2001-04-14 09:00:00,2001,4,10,15223.767551682777,51.783897908903604,HOEP (Legacy)
2001-04-14 10:00:00,2001,4,11,14979.68566616034,53.72336467304096,HOEP (Legacy)
2001-04-14 11:00:00,2001,4,12,14657.575700833584,32.244619064016035,HOEP (Legacy)
2001-04-14 12:00:00,2001,4,13,14626.920729185376,15.047993072319748,HOEP (Legacy)
2001-04-14 13:00:00,2001,4,14,14753.725175064872,46.91407467808423,HOEP (Legacy)
2001-04-14 14:00:00,2001,4,15,14338.314916631125,61.72652825710402,HOEP (Legacy)
2001-04-14 15:00:00,2001,4,16,13850.63795993446,45.41538300635066,HOEP (Legacy)
2001-04-14 16:00:00,2001,4,17,13631.573956384413,55.56960326665066,HOEP (Legacy)
2001-04-14 17:00:00,2001,4,18,14061.535279996888,35.201332423940464,HOEP (Legacy)
2001-04-14 18:00:00,2001,4,19,14355.079571029415,51.6707651666117,HOEP (Legacy)
2001-04-14 19:00:00,2001,4,20,12890.452172289179,28.743618199899686,HOEP (Legacy)
2001-04-14 20:00:00,2001,4,21,13420.90384360345,45.248163956132935,HOEP (Legacy)
2001-04-14 21:00:00,2001,4,22,13033.370644312026,29.624154801343916,HOEP (Legacy)
2001-04-14 22:00:00,2001,4,23,12820.126039245226,14.318228929025327,HOEP (Legacy)
2001-04-14 23:00:00,2001,4,24,13077.20634082486,31.730540368540332,HOEP (Legacy)
2001-04-15 00:00:00,2001,4,1,12708.735244880521,41.65937777663827,HOEP (Legacy)
2001-04-15 01:00:00,2001,4,2,13050.150513223594,5.672463922635636,HOEP (Legacy)
2001-04-15 02:00:00,2001,4,3,13328.824642824236,35.4040025942466,HOEP (Legacy)
2001-04-15 03:00:00,2001,4,4,13642.0661442399,31.4190208440131,HOEP (Legacy)
2001-04-15 04:00:00,2001,4,5,14253.346151304617,51.220767523906545,HOEP (Legacy)
2001-04-15 05:00:00,2001,4,6,14618.464301336171,40.91577791264024,HOEP (Legacy)
2001-04-15 06:00:00,2001,4,7,14728.152375412323,21.517470248756553,HOEP (Legacy)
2001-04-15 07:00:00,2001,4,8,14916.593208922563,34.19205289330638,HOEP (Legacy)
2001-04-15 08:00:00,2001,4,9,15372.15810712659,37.60514942565099,HOEP (Legacy)
2001-04-15 09:00:00,2001,4,10,14958.683860827976,55.03910959414396,HOEP (Legacy)
2001-04-15 10:00:00,2001,4,11,14965.798560534839,72.52480965523367,HOEP (Legacy)
2001-04-15 11:00:00,2001,4,12,14732.89915090395,54.940176212492275,HOEP (Legacy)
2001-04-15 12:00:00,2001,4,13,14423.659624079912,31.641008031546036,HOEP (Legacy)
2001-04-15 13:00:00,2001,4,14,15199.898153089387,47.158589338181955,HOEP (Legacy)
2001-04-15 14:00:00,2001,4,15,14894.929765686102,44.848219368793366,HOEP (Legacy)
2001-04-15 15:00:00,2001,4,16,14853.018615268253,37.7525633246676,HOEP (Legacy)
2001-04-15 16:00:00,2001,4,17,13369.517239389243,41.61096814630183,HOEP (Legacy)
2001-04-15 17:00:00,2001,4,18,13992.397916876966,36.2669811292296,HOEP (Legacy)
2001-04-15 18:00:00,2001,4,19,14367.831324992272,22.99087197913418,HOEP (Legacy)
2001-04-15 19:00:00,2001,4,20,12807.285544075907,24.89664457856362,HOEP (Legacy)
2001-04-15 20:00:00,2001,4,21,13343.34362095645,21.279510756515197,HOEP (Legacy)
2001-04-15 21:00:00,2001,4,22,12970.963218953026,29.56843973246717,HOEP (Legacy)
2001-04-15 22:00:00,2001,4,23,13172.140945368988,32.86944286307612,HOEP (Legacy)
2001-04-15 23:00:00,2001,4,24,12943.643593275174,33.82461391572099,HOEP (Legacy)
2001-04-16 00:00:00,2001,4,1,13157.525486043929,40.40345731004776,HOEP (Legacy)
2001-04-16 01:00:00,2001,4,2,12300.853647574631,23.93163489267215,HOEP (Legacy)
2001-04-16 02:00:00,2001,4,3,13206.382289467869,39.16609364984977,HOEP (Legacy)
2001-04-16 03:00:00,2001,4,4,13606.149901868355,33.61060116158642,HOEP (Legacy)
2001-04-16 04:00:00,2001,4,5,14232.803146806451,47.14434664033575,HOEP (Legacy)
2001-04-16 05:00:00,2001,4,6,14099.043184777936,15.930582779007882,HOEP (Legacy)
2001-04-16 06:00:00,2001,4,7,15033.116385577425,56.92954656099142,HOEP (Legacy)
2001-04-16 07:00:00,2001,4,8,14801.36525023518,39.583616038860015,HOEP (Legacy)
2001-04-16 08:00:00,2001,4,9,14930.888433321299,50.61085439367986,HOEP (Legacy)
2001-04-16 09:00:00,2001,4,10,15591.375530498151,43.85375867734901,HOEP (Legacy)
2001-04-16 10:00:00,2001,4,11,15203.316201762973,62.401173520641755,HOEP (Legacy)
2001-04-16 11:00:00,2001,4,12,14520.489927053282,48.46266717343856,HOEP (Legacy)
2001-04-16 12:00:00,2001,4,13,15037.00975288611,50.331944478793645,HOEP (Legacy)
2001-04-16 13:00:00,2001,4,14,14853.191784945107,39.08494276678226,HOEP (Legacy)
2001-04-16 14:00:00,2001,4,15,14593.633796618722,36.50983614475827,HOEP (Legacy)
2001-04-16 15:00:00,2001,4,16,13774.100823619101,59.88964172210248,HOEP (Legacy)
2001-04-16 16:00:00,2001,4,17,14301.411005213244,42.28587964352624,HOEP (Legacy)
2001-04-16 17:00:00,2001,4,18,13516.514939128363,22.426823452098787,HOEP (Legacy)
2001-04-16 18:00:00,2001,4,19,13807.940032528164,49.09039272885141,HOEP (Legacy)
2001-04-16 19:00:00,2001,4,20,13500.396830046831,40.029098628081734,HOEP (Legacy)
2001-04-16 20:00:00,2001,4,21,12840.659844613916,26.409820455283942,HOEP (Legacy)
2001-04-16 21:00:00,2001,4,22,13631.08249275549,35.500544689305336,HOEP (Legacy)
2001-04-16 22:00:00,2001,4,23,12550.80513191616,15.350851072763202,HOEP (Legacy)
2001-04-16 23:00:00,2001,4,24,12461.47131763837,34.30523372727056,HOEP (Legacy)
2001-04-17 00:00:00,2001,4,1,12479.960419828938,57.73733562479192,HOEP (Legacy)
2001-04-17 01:00:00,2001,4,2,13284.607235953448,40.14681063810345,HOEP (Legacy)
2001-04-17 02:00:00,2001,4,3,13546.245153260714,41.3924933484808,HOEP (Legacy)
2001-04-17 03:00:00,2001,4,4,13412.863109807167,47.17739932561832,HOEP (Legacy)
2001-04-17 04:00:00,2001,4,5,13787.183868813881,46.242638910755105,HOEP (Legacy)
2001-04-17 05:00:00,2001,4,6,14046.356353847917,19.69227686082763,HOEP (Legacy)
2001-04-17 06:00:00,2001,4,7,14803.068691401864,34.12250119698734,HOEP (Legacy)
2001-04-17 07:00:00,2001,4,8,15792.77973699566,54.812300253974314,HOEP (Legacy)
2001-04-17 08:00:00,2001,4,9,15328.461681055414,42.42218623000514,HOEP (Legacy)
2001-04-17 09:00:00,2001,4,10,14870.530415621084,44.95442580940116,HOEP (Legacy)
2001-04-17 10:00:00,2001,4,11,14770.845829292004,61.14216352020007,HOEP (Legacy)
2001-04-17 11:00:00,2001,4,12,14768.18899099758,48.57249007336957,HOEP (Legacy)
2001-04-17 12:00:00,2001,4,13,14807.577379287653,39.0316526062722,HOEP (Legacy)
2001-04-17 13:00:00,2001,4,14,14917.660929535052,64.09513767083747,HOEP (Legacy)
2001-04-17 14:00:00,2001,4,15,14135.929828289954,37.52738713406839,HOEP (Legacy)
2001-04-17 15:00:00,2001,4,16,14340.060472001041,40.836950589789645,HOEP (Legacy)
2001-04-17 16:00:00,2001,4,17,14427.374564696793,37.69548901402244,HOEP (Legacy)
2001-04-17 17:00:00,2001,4,18,12996.92859728656,48.78796604939139,HOEP (Legacy)
2001-04-17 18:00:00,2001,4,19,12929.026124888427,24.457531720716528,HOEP (Legacy)
2001-04-17 19:00:00,2001,4,20,13388.120819225636,34.0533112942365,HOEP (Legacy)
2001-04-17 20:00:00,2001,4,21,13431.46728856423,28.426970102302157,HOEP (Legacy)
2001-04-17 21:00:00,2001,4,22,13361.595506374442,47.92985623663878,HOEP (Legacy)
2001-04-17 22:00:00,2001,4,23,12617.8279326269,15.863046320350168,HOEP (Legacy)
2001-04-17 23:00:00,2001,4,24,12747.618793147258,29.914722678454414,HOEP (Legacy)
2001-04-18 00:00:00,2001,4,1,13043.940872478594,28.387164022592202,HOEP (Legacy)
2001-04-18 01:00:00,2001,4,2,13466.341996331535,46.347819811025424,HOEP (Legacy)
2001-04-18 02:00:00,2001,4,3,13799.005043591069,46.49621553001129,HOEP (Legacy)
2001-04-18 03:00:00,2001,4,4,13650.824993304299,44.41940026661735,HOEP (Legacy)
2001-04-18 04:00:00,2001,4,5,13799.528034019013,28.598238298871816,HOEP (Legacy)
2001-04-18 05:00:00,2001,4,6,13815.982371846367,34.49789285845281,HOEP (Legacy)
2001-04-18 06:00:00,2001,4,7,14826.877412093974,50.959979100872744,HOEP (Legacy)
2001-04-18 07:00:00,2001,4,8,15191.636564262246,44.44558889900972,HOEP (Legacy)
2001-04-18 08:00:00,2001,4,9,15062.937359579077,38.834408928317515,HOEP (Legacy)
2001-04-18 09:00:00,2001,4,10,15086.10402333538,42.41305286133244,HOEP (Legacy)
2001-04-18 10:00:00,2001,4,11,14992.293677907794,42.15981599356599,HOEP (Legacy)
2001-04-18 11:00:00,2001,4,12,15794.20368606125,40.68348808674266,HOEP (Legacy)
2001-04-18 12:00:00,2001,4,13,15261.710354568075,49.481548999493484,HOEP (Legacy)
2001-04-18 13:00:00,2001,4,14,14062.562274876964,38.339066677357586,HOEP (Legacy)
2001-04-18 14:00:00,2001,4,15,14864.093795330877,61.50925030829385,HOEP (Legacy)
2001-04-18 15:00:00,2001,4,16,14542.245097752117,34.539020028650754,HOEP (Legacy)
2001-04-18 16:00:00,2001,4,17,14016.626750683987,38.899300176189385,HOEP (Legacy)
2001-04-18 17:00:00,2001,4,18,14331.49199172163,44.37610673772412,HOEP (Legacy)
2001-04-18 18:00:00,2001,4,19,12626.08291100336,30.5815852155018,HOEP (Legacy)
2001-04-18 19:00:00,2001,4,20,13038.402373139374,41.38673857959776,HOEP (Legacy)
2001-04-18 20:00:00,2001,4,21,13481.599152535908,39.604364181937186,HOEP (Legacy)
2001-04-18 21:00:00,2001,4,22,12737.467935231354,43.38524411247403,HOEP (Legacy)
2001-04-18 22:00:00,2001,4,23,12119.417492164475,13.153038124163086,HOEP (Legacy)
2001-04-18 23:00:00,2001,4,24,13372.059430265403,46.59350057016391,HOEP (Legacy)
2001-04-19 00:00:00,2001,4,1,12576.003429163806,36.7037003740754,HOEP (Legacy)
2001-04-19 01:00:00,2001,4,2,13055.680154918356,21.009852215626744,HOEP (Legacy)
2001-04-19 02:00:00,2001,4,3,13066.857194169897,53.887561552810475,HOEP (Legacy)
2001-04-19 03:00:00,2001,4,4,14053.083043652276,30.833643163072097,HOEP (Legacy)
2001-04-19 04:00:00,2001,4,5,13818.043706787324,46.08634114395474,HOEP (Legacy)
2001-04-19 05:00:00,2001,4,6,13538.278695542835,25.532911921528544,HOEP (Legacy)
2001-04-19 06:00:00,2001,4,7,14310.586118995037,53.09152805152519,HOEP (Legacy)
2001-04-19 07:00:00,2001,4,8,14757.62024911681,51.406798002747465,HOEP (Legacy)
2001-04-19 08:00:00,2001,4,9,15028.385206792189,52.05720534399231,HOEP (Legacy)
2001-04-19 09:00:00,2001,4,10,15223.400392630341,31.95306890763554,HOEP (Legacy)
2001-04-19 10:00:00,2001,4,11,15007.949638679474,51.80060377482766,HOEP (Legacy)
2001-04-19 11:00:00,2001,4,12,15326.133368781098,48.291372989265845,HOEP (Legacy)
2001-04-19 12:00:00,2001,4,13,15345.797286764298,43.3472675683505,HOEP (Legacy)
2001-04-19 13:00:00,2001,4,14,15319.282305013263,37.22601518685933,HOEP (Legacy)
2001-04-19 14:00:00,2001,4,15,14491.56520773703,45.12575354506782,HOEP (Legacy)
2001-04-19 15:00:00,2001,4,16,14294.015339671889,36.21396020156337,HOEP (Legacy)
2001-04-19 16:00:00,2001,4,17,14090.854451588928,14.097194086712673,HOEP (Legacy)
2001-04-19 17:00:00,2001,4,18,14109.220950530358,31.595849892057334,HOEP (Legacy)
2001-04-19 18:00:00,2001,4,19,12807.50683179464,31.27651196592308,HOEP (Legacy)
2001-04-19 19:00:00,2001,4,20,13328.590857733378,35.84601700543895,HOEP (Legacy)
2001-04-19 20:00:00,2001,4,21,13721.27089438956,32.19138992281215,HOEP (Legacy)
2001-04-19 21:00:00,2001,4,22,13202.406155975837,36.02528000251196,HOEP (Legacy)
2001-04-19 22:00:00,2001,4,23,13320.8518269164,44.67524466751338,HOEP (Legacy)
2001-04-19 23:00:00,2001,4,24,12999.361652188629,22.60894014228367,HOEP (Legacy)
2001-04-20 00:00:00,2001,4,1,13169.463960478848,38.54431064328301,HOEP (Legacy)
2001-04-20 01:00:00,2001,4,2,12956.292629119773,24.50473755760877,HOEP (Legacy)
2001-04-20 02:00:00,2001,4,3,12766.057676970515,43.49611003772003,HOEP (Legacy)
2001-04-20 03:00:00,2001,4,4,13913.79391222339,41.29099633308042,HOEP (Legacy)
2001-04-20 04:00:00,2001,4,5,13877.471751505294,20.170611543196255,HOEP (Legacy)
2001-04-20 05:00:00,2001,4,6,14259.95300472566,54.243961061013536,HOEP (Legacy)
2001-04-20 06:00:00,2001,4,7,14479.858945490068,48.6890542547266,HOEP (Legacy)
2001-04-20 07:00:00,2001,4,8,15035.252069861635,54.29316921054239,HOEP (Legacy)
2001-04-20 08:00:00,2001,4,9,14727.802984853042,47.18884093149183,HOEP (Legacy)
2001-04-20 09:00:00,2001,4,10,15900.203905687547,53.51096732752829,HOEP (Legacy)
2001-04-20 10:00:00,2001,4,11,15397.12495014924,69.2060636748305,HOEP (Legacy)
2001-04-20 11:00:00,2001,4,12,15141.186591094593,34.2847377823597,HOEP (Legacy)
2001-04-20 12:00:00,2001,4,13,14944.947639279377,47.46695841142716,HOEP (Legacy)
2001-04-20 13:00:00,2001,4,14,15131.479818217489,65.22385540808375,HOEP (Legacy)
2001-04-20 14:00:00,2001,4,15,14392.923067111346,54.82178151478136,HOEP (Legacy)
2001-04-20 15:00:00,2001,4,16,14383.270144813763,28.101862362381762,HOEP (Legacy)
2001-04-20 16:00:00,2001,4,17,13341.59083698949,39.621662479903755,HOEP (Legacy)
2001-04-20 17:00:00,2001,4,18,14308.284245554443,54.92931099062145,HOEP (Legacy)
2001-04-20 18:00:00,2001,4,19,13692.806001827286,39.70276030420905,HOEP (Legacy)
2001-04-20 19:00:00,2001,4,20,13207.514609750171,41.27594639211737,HOEP (Legacy)
2001-04-20 20:00:00,2001,4,21,13319.578122280003,49.9475249260515,HOEP (Legacy)
2001-04-20 21:00:00,2001,4,22,13290.800741750489,40.36253751146674,HOEP (Legacy)
2001-04-20 22:00:00,2001,4,23,13383.460379054524,24.03014079417694,HOEP (Legacy)
2001-04-20 23:00:00,2001,4,24,12562.955226194365,34.35762861526471,HOEP (Legacy)
2001-04-21 00:00:00,2001,4,1,13881.630984321358,50.423365634185615,HOEP (Legacy)
2001-04-21 01:00:00,2001,4,2,13309.103483103503,30.560243878504302,HOEP (Legacy)
2001-04-21 02:00:00,2001,4,3,13429.75683301653,32.08277868011125,HOEP (Legacy)
2001-04-21 03:00:00,2001,4,4,13236.961573378088,14.461314731187112,HOEP (Legacy)
2001-04-21 04:00:00,2001,4,5,14459.529787913894,44.45945801159812,HOEP (Legacy)
2001-04-21 05:00:00,2001,4,6,13923.314685788442,23.09363466128283,HOEP (Legacy)
2001-04-21 06:00:00,2001,4,7,14287.988946534093,26.171081539275114,HOEP (Legacy)
2001-04-21 07:00:00,2001,4,8,15159.475887591901,49.917726628496865,HOEP (Legacy)
2001-04-21 08:00:00,2001,4,9,15716.864282117092,54.32861935978617,HOEP (Legacy)
2001-04-21 09:00:00,2001,4,10,15145.337184724185,47.8643193464405,HOEP (Legacy)
2001-04-21 10:00:00,2001,4,11,14822.24069042747,21.865775234272284,HOEP (Legacy)
2001-04-21 11:00:00,2001,4,12,15595.293802997907,71.59570935926563,HOEP (Legacy)
2001-04-21 12:00:00,2001,4,13,15941.91770232179,51.362142496320004,HOEP (Legacy)
2001-04-21 13:00:00,2001,4,14,14918.923923716897,45.70116505489084,HOEP (Legacy)
2001-04-21 14:00:00,2001,4,15,14694.268186910203,71.28377541627067,HOEP (Legacy)
2001-04-21 15:00:00,2001,4,16,14493.7630146052,52.03647730991035,HOEP (Legacy)
2001-04-21 16:00:00,2001,4,17,14233.99973183282,22.95786803920208,HOEP (Legacy)
2001-04-21 17:00:00,2001,4,18,13343.791521905587,51.968400465620306,HOEP (Legacy)
2001-04-21 18:00:00,2001,4,19,13445.578058648336,24.102686084085278,HOEP (Legacy)
2001-04-21 19:00:00,2001,4,20,13686.665698179408,27.889026849680782,HOEP (Legacy)
2001-04-21 20:00:00,2001,4,21,13355.74172376276,55.45690102124374,HOEP (Legacy)
2001-04-21 21:00:00,2001,4,22,13333.152903113458,29.858159199871338,HOEP (Legacy)
2001-04-21 22:00:00,2001,4,23,12688.48482124456,30.995898090063857,HOEP (Legacy)
2001-04-21 23:00:00,2001,4,24,13184.050261083425,11.615956650379552,HOEP (Legacy)
2001-04-22 00:00:00,2001,4,1,12458.116581338374,39.04135823395498,HOEP (Legacy)
2001-04-22 01:00:00,2001,4,2,13871.444188208505,2.017720949160818,HOEP (Legacy)
2001-04-22 02:00:00,2001,4,3,13587.662348352864,42.47539083914859,HOEP (Legacy)
2001-04-22 03:00:00,2001,4,4,13759.836841821447,23.918188739694436,HOEP (Legacy)
2001-04-22 04:00:00,2001,4,5,14166.045699426144,43.317932112044545,HOEP (Legacy)
2001-04-22 05:00:00,2001,4,6,14289.865301580714,39.973518957960195,HOEP (Legacy)
2001-04-22 06:00:00,2001,4,7,13996.58621076564,35.994134689258736,HOEP (Legacy)
2001-04-22 07:00:00,2001,4,8,15132.446801624865,57.33975971761548,HOEP (Legacy)
2001-04-22 08:00:00,2001,4,9,15071.721024045644,54.33894809201193,HOEP (Legacy)
2001-04-22 09:00:00,2001,4,10,14698.315251693455,66.34299807137849,HOEP (Legacy)
2001-04-22 10:00:00,2001,4,11,14582.581907409161,43.073597401066344,HOEP (Legacy)
2001-04-22 11:00:00,2001,4,12,14142.668248876571,58.17783927310383,HOEP (Legacy)
2001-04-22 12:00:00,2001,4,13,14901.003550077825,35.72464289079405,HOEP (Legacy)
2001-04-22 13:00:00,2001,4,14,15123.438278795882,52.069596534045786,HOEP (Legacy)
2001-04-22 14:00:00,2001,4,15,14442.961442418358,47.159757693723954,HOEP (Legacy)
2001-04-22 15:00:00,2001,4,16,13965.64062705082,34.01019640912749,HOEP (Legacy)
2001-04-22 16:00:00,2001,4,17,14012.301982051484,22.411651522211603,HOEP (Legacy)
2001-04-22 17:00:00,2001,4,18,13881.601140183233,42.14360962547018,HOEP (Legacy)
2001-04-22 18:00:00,2001,4,19,14924.090694937473,53.586975562102964,HOEP (Legacy)
2001-04-22 19:00:00,2001,4,20,12915.284133339797,37.252900987938425,HOEP (Legacy)
2001-04-22 20:00:00,2001,4,21,12509.306150180224,46.63817060951974,HOEP (Legacy)
2001-04-22 21:00:00,2001,4,22,12520.900013485372,24.636712092208697,HOEP (Legacy)
2001-04-22 22:00:00,2001,4,23,12861.82047439024,39.774848331140994,HOEP (Legacy)
2001-04-22 23:00:00,2001,4,24,12874.634632714702,33.57894752545263,HOEP (Legacy)
2001-04-23 00:00:00,2001,4,1,12372.394301619437,13.191760016878057,HOEP (Legacy)
2001-04-23 01:00:00,2001,4,2,12783.579639698484,16.518920272378708,HOEP (Legacy)
2001-04-23 02:00:00,2001,4,3,13586.715383261564,37.31359205169182,HOEP (Legacy)
2001-04-23 03:00:00,2001,4,4,13473.339784438143,5.556862362792003,HOEP (Legacy)
2001-04-23 04:00:00,2001,4,5,14835.825813578069,49.591164182685176,HOEP (Legacy)
2001-04-23 05:00:00,2001,4,6,14073.961531380715,28.217938715301628,HOEP (Legacy)
2001-04-23 06:00:00,2001,4,7,14712.732127254741,54.23950842810592,HOEP (Legacy)
2001-04-23 07:00:00,2001,4,8,14828.283984695086,54.24608556771681,HOEP (Legacy)
2001-04-23 08:00:00,2001,4,9,15304.186898917049,61.35014927569273,HOEP (Legacy)
2001-04-23 09:00:00,2001,4,10,14855.36178722075,47.469325200679606,HOEP (Legacy)
2001-04-23 10:00:00,2001,4,11,14802.586215057832,27.44633622302313,HOEP (Legacy)
2001-04-23 11:00:00,2001,4,12,15396.731930240583,89.08225617402671,HOEP (Legacy)
2001-04-23 12:00:00,2001,4,13,15329.988240089748,58.29307193898002,HOEP (Legacy)
2001-04-23 13:00:00,2001,4,14,14428.743389351102,24.787426570508988,HOEP (Legacy)
2001-04-23 14:00:00,2001,4,15,14661.051009393193,27.176134763155524,HOEP (Legacy)
2001-04-23 15:00:00,2001,4,16,14387.492962910881,53.79215153010787,HOEP (Legacy)
2001-04-23 16:00:00,2001,4,17,14961.32112828271,47.35414777944035,HOEP (Legacy)
2001-04-23 17:00:00,2001,4,18,13606.553428204536,52.041439108838404,HOEP (Legacy)
2001-04-23 18:00:00,2001,4,19,13580.189495005983,49.64794563698627,HOEP (Legacy)
2001-04-23 19:00:00,2001,4,20,13549.26802221284,46.806203430256105,HOEP (Legacy)
2001-04-23 20:00:00,2001,4,21,13002.825779322275,26.227212816468708,HOEP (Legacy)
2001-04-23 21:00:00,2001,4,22,13035.590480444424,49.75698148978719,HOEP (Legacy)
2001-04-23 22:00:00,2001,4,23,12414.495193136783,33.37929572206154,HOEP (Legacy)
2001-04-23 23:00:00,2001,4,24,12612.619607871837,41.348784138813826,HOEP (Legacy)
2001-04-24 00:00:00,2001,4,1,12231.429440456399,17.55835414293073,HOEP (Legacy)
2001-04-24 01:00:00,2001,4,2,13097.720715941456,20.096593867493,HOEP (Legacy)
2001-04-24 02:00:00,2001,4,3,13172.336749796807,36.17068492170672,HOEP (Legacy)
2001-04-24 03:00:00,2001,4,4,13435.491419204058,57.40628171800673,HOEP (Legacy)
2001-04-24 04:00:00,2001,4,5,14581.356303455526,38.04925351520558,HOEP (Legacy)
2001-04-24 05:00:00,2001,4,6,14163.555738773626,38.409827243186946,HOEP (Legacy)
2001-04-24 06:00:00,2001,4,7,15076.798755520766,34.856330942876106,HOEP (Legacy)
2001-04-24 07:00:00,2001,4,8,14429.52426875297,28.68272191047632,HOEP (Legacy)
2001-04-24 08:00:00,2001,4,9,14821.991516492128,57.433369087903344,HOEP (Legacy)
2001-04-24 09:00:00,2001,4,10,15633.722600581908,42.781832761060166,HOEP (Legacy)
2001-04-24 10:00:00,2001,4,11,15196.485885968725,49.99494219878287,HOEP (Legacy)
2001-04-24 11:00:00,2001,4,12,15176.994519544094,59.99299694681082,HOEP (Legacy)
2001-04-24 12:00:00,2001,4,13,14983.623957804606,54.7347835292401,HOEP (Legacy)
2001-04-24 13:00:00,2001,4,14,14705.756895757106,55.111294738246954,HOEP (Legacy)
2001-04-24 14:00:00,2001,4,15,14633.075271893798,47.904868839258455,HOEP (Legacy)
2001-04-24 15:00:00,2001,4,16,14004.176247360678,54.09051501007251,HOEP (Legacy)
2001-04-24 16:00:00,2001,4,17,13817.977286517695,18.12808013722072,HOEP (Legacy)
2001-04-24 17:00:00,2001,4,18,14201.36399988501,55.2755026263235,HOEP (Legacy)
2001-04-24 18:00:00,2001,4,19,12809.215576684888,26.18304932990529,HOEP (Legacy)
2001-04-24 19:00:00,2001,4,20,13395.726440331364,33.112550354554,HOEP (Legacy)
2001-04-24 20:00:00,2001,4,21,12881.92155866871,40.201427777669124,HOEP (Legacy)
2001-04-24 21:00:00,2001,4,22,12690.946418790567,32.781846580491425,HOEP (Legacy)
2001-04-24 22:00:00,2001,4,23,12394.825046421185,32.6786278395526,HOEP (Legacy)
2001-04-24 23:00:00,2001,4,24,12541.606904145237,8.845381800287829,HOEP (Legacy)
2001-04-25 00:00:00,2001,4,1,12700.792221442101,18.142048121611413,HOEP (Legacy)
2001-04-25 01:00:00,2001,4,2,13086.67957144921,20.6177414354957,HOEP (Legacy)
2001-04-25 02:00:00,2001,4,3,13857.401387529122,32.70264072486452,HOEP (Legacy)
2001-04-25 03:00:00,2001,4,4,13154.922615170262,45.548227070443076,HOEP (Legacy)
2001-04-25 04:00:00,2001,4,5,13524.953706919028,41.51066808189081,HOEP (Legacy)
2001-04-25 05:00:00,2001,4,6,14311.69675825838,39.16249130190578,HOEP (Legacy)
2001-04-25 06:00:00,2001,4,7,15331.843333900053,35.191454754564546,HOEP (Legacy)
2001-04-25 07:00:00,2001,4,8,15481.597941935994,44.13711737651009,HOEP (Legacy)
2001-04-25 08:00:00,2001,4,9,15438.112526210813,34.63681203868952,HOEP (Legacy)
2001-04-25 09:00:00,2001,4,10,15589.588121175566,52.217345383264615,HOEP (Legacy)
2001-04-25 10:00:00,2001,4,11,16208.20012171978,29.938946833347504,HOEP (Legacy)
2001-04-25 11:00:00,2001,4,12,15217.497728840655,29.762844192888345,HOEP (Legacy)
2001-04-25 12:00:00,2001,4,13,15317.970459102095,45.83017029872321,HOEP (Legacy)
2001-04-25 13:00:00,2001,4,14,15178.933594622184,59.48631254883709,HOEP (Legacy)
2001-04-25 14:00:00,2001,4,15,14219.162654206057,31.05124368069841,HOEP (Legacy)
2001-04-25 15:00:00,2001,4,16,14523.784325293389,51.85292701102114,HOEP (Legacy)
2001-04-25 16:00:00,2001,4,17,14228.362320623435,45.615487989268544,HOEP (Legacy)
2001-04-25 17:00:00,2001,4,18,13904.35316609705,40.1370487374806,HOEP (Legacy)
2001-04-25 18:00:00,2001,4,19,13202.42338506251,50.03456894772442,HOEP (Legacy)
2001-04-25 19:00:00,2001,4,20,13091.309529957109,45.79510835121056,HOEP (Legacy)
2001-04-25 20:00:00,2001,4,21,13031.006874973042,31.313812057091617,HOEP (Legacy)
2001-04-25 21:00:00,2001,4,22,12863.81598075981,18.24404402197723,HOEP (Legacy)
2001-04-25 22:00:00,2001,4,23,13298.185956922487,45.41440048464407,HOEP (Legacy)
2001-04-25 23:00:00,2001,4,24,13029.742048695161,47.84648398094345,HOEP (Legacy)
2001-04-26 00:00:00,2001,4,1,12430.47520054341,23.041846410628075,HOEP (Legacy)
2001-04-26 01:00:00,2001,4,2,13344.01083722387,50.38148741445927,HOEP (Legacy)
2001-04-26 02:00:00,2001,4,3,13935.586885385579,37.75665991269358,HOEP (Legacy)
2001-04-26 03:00:00,2001,4,4,13782.40512174813,46.16923511879804,HOEP (Legacy)
2001-04-26 04:00:00,2001,4,5,14309.114278595776,40.52355172850127,HOEP (Legacy)
2001-04-26 05:00:00,2001,4,6,13806.840353142556,33.66287883785096,HOEP (Legacy)
2001-04-26 06:00:00,2001,4,7,14184.963017874757,46.849658965552166,HOEP (Legacy)
2001-04-26 07:00:00,2001,4,8,15058.052889819064,56.091870348270874,HOEP (Legacy)
2001-04-26 08:00:00,2001,4,9,14357.666354604085,46.979524747521296,HOEP (Legacy)
2001-04-26 09:00:00,2001,4,10,14915.214049345106,56.88963271565041,HOEP (Legacy)
2001-04-26 10:00:00,2001,4,11,14823.346356128173,33.921257977343934,HOEP (Legacy)
2001-04-26 11:00:00,2001,4,12,15230.766377871012,36.475847384494294,HOEP (Legacy)
2001-04-26 12:00:00,2001,4,13,15665.909787904222,48.77396899910022,HOEP (Legacy)
2001-04-26 13:00:00,2001,4,14,14616.84632986577,48.785546540604955,HOEP (Legacy)
2001-04-26 14:00:00,2001,4,15,14733.834818660413,58.40364185305229,HOEP (Legacy)
2001-04-26 15:00:00,2001,4,16,14141.048159504347,39.6117233473188,HOEP (Legacy)
2001-04-26 16:00:00,2001,4,17,14012.14730171687,18.79707104643294,HOEP (Legacy)
2001-04-26 17:00:00,2001,4,18,12958.574462573251,34.429198868502525,HOEP (Legacy)
2001-04-26 18:00:00,2001,4,19,13429.311622449553,40.03214922385342,HOEP (Legacy)
2001-04-26 19:00:00,2001,4,20,12546.034635930637,15.397155541443569,HOEP (Legacy)
2001-04-26 20:00:00,2001,4,21,13280.648711564607,34.60402027111536,HOEP (Legacy)
2001-04-26 21:00:00,2001,4,22,13059.665768473047,49.80775713898403,HOEP (Legacy)
2001-04-26 22:00:00,2001,4,23,13019.585322008941,47.20651573461018,HOEP (Legacy)
2001-04-26 23:00:00,2001,4,24,13057.454637300769,51.77193811855402,HOEP (Legacy)
2001-04-27 00:00:00,2001,4,1,13089.723843794383,29.60566391270367,HOEP (Legacy)
2001-04-27 01:00:00,2001,4,2,13340.535150695161,38.21017127457097,HOEP (Legacy)
2001-04-27 02:00:00,2001,4,3,13749.414847039121,38.94341686340741,HOEP (Legacy)
2001-04-27 03:00:00,2001,4,4,13218.911615966896,28.79251815710878,HOEP (Legacy)
2001-04-27 04:00:00,2001,4,5,14672.226004131844,33.30861904799055,HOEP (Legacy)
2001-04-27 05:00:00,2001,4,6,14340.642638002146,42.14768749553498,HOEP (Legacy)
2001-04-27 06:00:00,2001,4,7,14278.379516248275,52.71519110144507,HOEP (Legacy)
2001-04-27 07:00:00,2001,4,8,14720.676659356146,35.7058637887446,HOEP (Legacy)
2001-04-27 08:00:00,2001,4,9,14479.356281670589,33.33515314933457,HOEP (Legacy)
2001-04-27 09:00:00,2001,4,10,15748.111128481129,49.76016748503469,HOEP (Legacy)
2001-04-27 10:00:00,2001,4,11,15172.844819215346,33.241553021533505,HOEP (Legacy)
2001-04-27 11:00:00,2001,4,12,15165.000188585285,52.92850276116009,HOEP (Legacy)
2001-04-27 12:00:00,2001,4,13,16180.518613319398,24.003073010668807,HOEP (Legacy)
2001-04-27 13:00:00,2001,4,14,14309.283211646973,36.64359682754462,HOEP (Legacy)
2001-04-27 14:00:00,2001,4,15,14473.09301859253,60.912336960971295,HOEP (Legacy)
2001-04-27 15:00:00,2001,4,16,14396.691960724604,21.269661887096785,HOEP (Legacy)
2001-04-27 16:00:00,2001,4,17,13134.338719299214,45.43486567188543,HOEP (Legacy)
2001-04-27 17:00:00,2001,4,18,13816.920915971745,34.70652282163857,HOEP (Legacy)
2001-04-27 18:00:00,2001,4,19,13554.51784896475,59.217836878486025,HOEP (Legacy)
2001-04-27 19:00:00,2001,4,20,12616.826158814782,29.161560847758615,HOEP (Legacy)
2001-04-27 20:00:00,2001,4,21,13148.52177692991,29.541769811663457,HOEP (Legacy)
2001-04-27 21:00:00,2001,4,22,12621.412452474158,21.423121155892982,HOEP (Legacy)
2001-04-27 22:00:00,2001,4,23,12951.833342072063,44.104300302854895,HOEP (Legacy)
2001-04-27 23:00:00,2001,4,24,13477.8202959251,14.967963172094862,HOEP (Legacy)
2001-04-28 00:00:00,2001,4,1,13793.019606833963,29.35391346580692,HOEP (Legacy)
2001-04-28 01:00:00,2001,4,2,13307.959839600191,40.72161114242917,HOEP (Legacy)
2001-04-28 02:00:00,2001,4,3,13928.011538167775,45.90458828320912,HOEP (Legacy)
2001-04-28 03:00:00,2001,4,4,13819.698956574328,43.65295340380774,HOEP (Legacy)
2001-04-28 04:00:00,2001,4,5,14350.183864354261,29.174620083235737,HOEP (Legacy)
2001-04-28 05:00:00,2001,4,6,14090.274202612081,49.39846917522708,HOEP (Legacy)
2001-04-28 06:00:00,2001,4,7,15081.888770357233,43.70437753525344,HOEP (Legacy)
2001-04-28 07:00:00,2001,4,8,15291.716732831526,64.67776447942353,HOEP (Legacy)
2001-04-28 08:00:00,2001,4,9,14500.693790514415,44.65773388919904,HOEP (Legacy)
2001-04-28 09:00:00,2001,4,10,14544.892785735788,47.12724416317825,HOEP (Legacy)
2001-04-28 10:00:00,2001,4,11,15877.108440758078,71.28192199344711,HOEP (Legacy)
2001-04-28 11:00:00,2001,4,12,14157.828429509445,72.61701033630851,HOEP (Legacy)
2001-04-28 12:00:00,2001,4,13,14729.31930659526,44.55874055713873,HOEP (Legacy)
2001-04-28 13:00:00,2001,4,14,14238.389097374233,28.37727416750246,HOEP (Legacy)
2001-04-28 14:00:00,2001,4,15,13650.797384111964,50.30487419830392,HOEP (Legacy)
2001-04-28 15:00:00,2001,4,16,14214.464350748922,35.25278013631245,HOEP (Legacy)
2001-04-28 16:00:00,2001,4,17,14537.485021503791,27.53517288697973,HOEP (Legacy)
2001-04-28 17:00:00,2001,4,18,14042.361641543728,50.68720812908242,HOEP (Legacy)
2001-04-28 18:00:00,2001,4,19,12956.08549754937,27.685896584121643,HOEP (Legacy)
2001-04-28 19:00:00,2001,4,20,13692.593241583487,15.540291845121775,HOEP (Legacy)
2001-04-28 20:00:00,2001,4,21,13278.32099911947,35.71128565662607,HOEP (Legacy)
2001-04-28 21:00:00,2001,4,22,12878.171095449565,29.82194577778852,HOEP (Legacy)
2001-04-28 22:00:00,2001,4,23,12989.564366970277,34.7718549473587,HOEP (Legacy)
2001-04-28 23:00:00,2001,4,24,12758.578385678275,36.44716381077586,HOEP (Legacy)
2001-04-29 00:00:00,2001,4,1,13556.537238602969,42.1557116849445,HOEP (Legacy)
2001-04-29 01:00:00,2001,4,2,13590.386743030742,30.306928536257868,HOEP (Legacy)
2001-04-29 02:00:00,2001,4,3,13695.740081854781,35.0651153088143,HOEP (Legacy)
2001-04-29 03:00:00,2001,4,4,13657.2220991561,30.86021683068022,HOEP (Legacy)
2001-04-29 04:00:00,2001,4,5,14679.534772337493,61.89535545371591,HOEP (Legacy)
2001-04-29 05:00:00,2001,4,6,14002.9454020891,37.11410479595183,HOEP (Legacy)
2001-04-29 06:00:00,2001,4,7,14918.956566862556,45.48455955505081,HOEP (Legacy)
2001-04-29 07:00:00,2001,4,8,14484.297791506473,49.77298257721519,HOEP (Legacy)
2001-04-29 08:00:00,2001,4,9,14881.314331364294,49.35686999174225,HOEP (Legacy)
2001-04-29 09:00:00,2001,4,10,14955.26583371162,46.78619661380329,HOEP (Legacy)
2001-04-29 10:00:00,2001,4,11,15427.72605802376,32.10756355285412,HOEP (Legacy)
2001-04-29 11:00:00,2001,4,12,14745.025556419532,47.06949661367509,HOEP (Legacy)
2001-04-29 12:00:00,2001,4,13,14680.296587332492,39.06102970716986,HOEP (Legacy)
2001-04-29 13:00:00,2001,4,14,14925.497669953556,45.242766546557625,HOEP (Legacy)
2001-04-29 14:00:00,2001,4,15,14616.818593452648,36.46548870736115,HOEP (Legacy)
2001-04-29 15:00:00,2001,4,16,14159.020412841306,57.55825372790068,HOEP (Legacy)
2001-04-29 16:00:00,2001,4,17,13980.94240600434,42.974995174612275,HOEP (Legacy)
2001-04-29 17:00:00,2001,4,18,13943.434924535752,51.930901400355154,HOEP (Legacy)
2001-04-29 18:00:00,2001,4,19,13607.1508461396,38.63075891189874,HOEP (Legacy)
2001-04-29 19:00:00,2001,4,20,12463.357697330708,25.664074025484616,HOEP (Legacy)
2001-04-29 20:00:00,2001,4,21,13449.908683958061,26.72528152658727,HOEP (Legacy)
2001-04-29 21:00:00,2001,4,22,12523.153707048561,37.60176550326,HOEP (Legacy)
2001-04-29 22:00:00,2001,4,23,13010.565557994578,52.20948351438783,HOEP (Legacy)
2001-04-29 23:00:00,2001,4,24,13162.625058791024,47.58326835330092,HOEP (Legacy)
2001-04-30 00:00:00,2001,4,1,12722.431598733941,16.791543803815717,HOEP (Legacy)
2001-04-30 01:00:00,2001,4,2,13837.52798195257,41.31869850544131,HOEP (Legacy)
2001-04-30 02:00:00,2001,4,3,13418.683120960928,31.24653263646381,HOEP (Legacy)
2001-04-30 03:00:00,2001,4,4,13016.972871981123,6.648194197296018,HOEP (Legacy)
2001-04-30 04:00:00,2001,4,5,13993.255314428965,35.40432182130381,HOEP (Legacy)
2001-04-30 05:00:00,2001,4,6,13134.443253657108,58.56831534272869,HOEP (Legacy)
2001-04-30 06:00:00,2001,4,7,14333.474900971103,27.09140073881354,HOEP (Legacy)
2001-04-30 07:00:00,2001,4,8,14373.292698493056,34.33041217728447,HOEP (Legacy)
2001-04-30 08:00:00,2001,4,9,14611.782312317071,42.536269034029786,HOEP (Legacy)
2001-04-30 09:00:00,2001,4,10,15352.94971180298,63.16433816518165,HOEP (Legacy)
2001-04-30 10:00:00,2001,4,11,15725.743375598153,36.270249300912994,HOEP (Legacy)
2001-04-30 11:00:00,2001,4,12,15342.047288114454,45.337170106039814,HOEP (Legacy)
2001-04-30 12:00:00,2001,4,13,15607.319945012925,41.2090245739117,HOEP (Legacy)
2001-04-30 13:00:00,2001,4,14,15456.902579144204,25.626111968991836,HOEP (Legacy)
2001-04-30 14:00:00,2001,4,15,14305.620886793116,46.83879625047657,HOEP (Legacy)
2001-04-30 15:00:00,2001,4,16,14188.271429333983,31.322642002365413,HOEP (Legacy)
2001-04-30 16:00:00,2001,4,17,14205.362903660814,36.35525416177446,HOEP (Legacy)
2001-04-30 17:00:00,2001,4,18,13851.725200910538,22.60140604166412,HOEP (Legacy)
2001-04-30 18:00:00,2001,4,19,13585.519534357276,49.22011979134897,HOEP (Legacy)
2001-04-30 19:00:00,2001,4,20,13214.257778483337,49.72156595092476,HOEP (Legacy)
2001-04-30 20:00:00,2001,4,21,12837.667105296054,31.897846463276633,HOEP (Legacy)
2001-04-30 21:00:00,2001,4,22,12733.604525584416,31.8589768326397,HOEP (Legacy)
2001-04-30 22:00:00,2001,4,23,13259.074296031611,24.32360764682977,HOEP (Legacy)
2001-04-30 23:00:00,2001,4,24,13051.411388763701,29.44763432794584,HOEP (Legacy)
2001-05-01 00:00:00,2001,5,1,14893.957417941749,52.12863874069807,HOEP (Legacy)
2001-05-01 01:00:00,2001,5,2,14854.339402733494,60.75593860015667,HOEP (Legacy)
2001-05-01 02:00:00,2001,5,3,14088.097069538208,23.4462831084272,HOEP (Legacy)
2001-05-01 03:00:00,2001,5,4,15073.399719264158,46.64863477850436,HOEP (Legacy)
2001-05-01 04:00:00,2001,5,5,15709.834899154535,74.72436296314758,HOEP (Legacy)
2001-05-01 05:00:00,2001,5,6,15549.035201372895,69.68515911964423,HOEP (Legacy)
2001-05-01 06:00:00,2001,5,7,15423.876455074049,41.21495996097632,HOEP (Legacy)
2001-05-01 07:00:00,2001,5,8,15604.905324598461,48.82478358022903,HOEP (Legacy)
2001-05-01 08:00:00,2001,5,9,14995.55882538808,38.73333782586883,HOEP (Legacy)
2001-05-01 09:00:00,2001,5,10,16498.592701447713,62.79337143857934,HOEP (Legacy)
2001-05-01 10:00:00,2001,5,11,15629.73409190649,37.24757852619106,HOEP (Legacy)
2001-05-01 11:00:00,2001,5,12,16376.890917996736,64.83213569962939,HOEP (Legacy)
2001-05-01 12:00:00,2001,5,13,16548.114001691676,77.27167581525353,HOEP (Legacy)
2001-05-01 13:00:00,2001,5,14,16132.691251200866,49.753293563891155,HOEP (Legacy)
2001-05-01 14:00:00,2001,5,15,14806.103345144778,45.76601526245489,HOEP (Legacy)
2001-05-01 15:00:00,2001,5,16,15201.068445093786,30.87310748323634,HOEP (Legacy)
2001-05-01 16:00:00,2001,5,17,14733.223830048913,47.897145831834095,HOEP (Legacy)
2001-05-01 17:00:00,2001,5,18,14971.879143888202,28.05194417236675,HOEP (Legacy)
2001-05-01 18:00:00,2001,5,19,14758.668338829786,63.94754408436335,HOEP (Legacy)
2001-05-01 19:00:00,2001,5,20,14415.309906370781,47.05040154534033,HOEP (Legacy)
2001-05-01 20:00:00,2001,5,21,14986.187496974899,34.46774417980781,HOEP (Legacy)
2001-05-01 21:00:00,2001,5,22,14453.868337344282,50.639993791658,HOEP (Legacy)
2001-05-01 22:00:00,2001,5,23,14644.233808756911,70.63671194599394,HOEP (Legacy)
2001-05-01 23:00:00,2001,5,24,13956.572852044897,42.0215151737614,HOEP (Legacy)
2001-05-02 00:00:00,2001,5,1,14004.86440363137,62.142647216751286,HOEP (Legacy)
2001-05-02 01:00:00,2001,5,2,14536.592872674113,46.41922595566028,HOEP (Legacy)
2001-05-02 02:00:00,2001,5,3,14302.90001140552,38.3258924381915,HOEP (Legacy)
2001-05-02 03:00:00,2001,5,4,14609.710417139298,63.98792126765622,HOEP (Legacy)
2001-05-02 04:00:00,2001,5,5,14907.178594535637,43.23592669801856,HOEP (Legacy)
2001-05-02 05:00:00,2001,5,6,15126.841142037187,62.19298915009331,HOEP (Legacy)
2001-05-02 06:00:00,2001,5,7,16927.017987577892,74.56249763609247,HOEP (Legacy)
2001-05-02 07:00:00,2001,5,8,16075.344900497015,34.98663039311047,HOEP (Legacy)
2001-05-02 08:00:00,2001,5,9,15650.862488272007,64.86752944464199,HOEP (Legacy)
2001-05-02 09:00:00,2001,5,10,16572.504293409555,66.15200089225458,HOEP (Legacy)
2001-05-02 10:00:00,2001,5,11,16580.74537024048,51.97419993290732,HOEP (Legacy)
2001-05-02 11:00:00,2001,5,12,16340.923412224089,73.91789588007848,HOEP (Legacy)
2001-05-02 12:00:00,2001,5,13,16368.899921659424,58.26050704275211,HOEP (Legacy)
2001-05-02 13:00:00,2001,5,14,16007.445212551725,51.895944193492966,HOEP (Legacy)
2001-05-02 14:00:00,2001,5,15,15918.313651778508,59.49217080163848,HOEP (Legacy)
2001-05-02 15:00:00,2001,5,16,15205.203576664762,44.560816864336196,HOEP (Legacy)
2001-05-02 16:00:00,2001,5,17,15332.654191941563,49.971241376899485,HOEP (Legacy)
2001-05-02 17:00:00,2001,5,18,14611.142217708719,43.03657038223658,HOEP (Legacy)
2001-05-02 18:00:00,2001,5,19,14440.967218159787,56.55503280699136,HOEP (Legacy)
2001-05-02 19:00:00,2001,5,20,14507.044227246704,17.22889037483431,HOEP (Legacy)
2001-05-02 20:00:00,2001,5,21,14832.400849735564,43.338278090455816,HOEP (Legacy)
2001-05-02 21:00:00,2001,5,22,14578.837549571865,24.937217714866065,HOEP (Legacy)
2001-05-02 22:00:00,2001,5,23,15188.952440867186,61.907051973297705,HOEP (Legacy)
2001-05-02 23:00:00,2001,5,24,14827.146831653832,46.68559016110171,HOEP (Legacy)
2001-05-03 00:00:00,2001,5,1,13981.099360141585,51.563617646204506,HOEP (Legacy)
2001-05-03 01:00:00,2001,5,2,14740.766776784998,75.68537852995308,HOEP (Legacy)
2001-05-03 02:00:00,2001,5,3,14925.114192326399,34.92533929561813,HOEP (Legacy)
2001-05-03 03:00:00,2001,5,4,15455.57290808711,56.5085877240117,HOEP (Legacy)
2001-05-03 04:00:00,2001,5,5,15060.358523475987,54.67413902987376,HOEP (Legacy)
2001-05-03 05:00:00,2001,5,6,15592.8396347781,63.67779845792499,HOEP (Legacy)
2001-05-03 06:00:00,2001,5,7,15622.814400941299,22.70972725454174,HOEP (Legacy)
2001-05-03 07:00:00,2001,5,8,15479.036741235952,48.87694184193306,HOEP (Legacy)
2001-05-03 08:00:00,2001,5,9,16043.737621562686,71.04180478108984,HOEP (Legacy)
2001-05-03 09:00:00,2001,5,10,15855.37384281391,49.42443597120147,HOEP (Legacy)
2001-05-03 10:00:00,2001,5,11,16253.129145739718,68.97269102371314,HOEP (Legacy)
2001-05-03 11:00:00,2001,5,12,15999.718756124545,52.47696306289609,HOEP (Legacy)
2001-05-03 12:00:00,2001,5,13,16198.43529168376,60.02084184386916,HOEP (Legacy)
2001-05-03 13:00:00,2001,5,14,15733.296757890674,56.221526259127,HOEP (Legacy)
2001-05-03 14:00:00,2001,5,15,15523.6828035154,70.76969742972311,HOEP (Legacy)
2001-05-03 15:00:00,2001,5,16,15185.690702219328,67.96921554929546,HOEP (Legacy)
2001-05-03 16:00:00,2001,5,17,15130.422229010093,62.85604778047346,HOEP (Legacy)
2001-05-03 17:00:00,2001,5,18,14434.855843263016,51.353940291900514,HOEP (Legacy)
2001-05-03 18:00:00,2001,5,19,14831.252347985128,45.659239207904356,HOEP (Legacy)
2001-05-03 19:00:00,2001,5,20,14115.125954382178,53.21950237521115,HOEP (Legacy)
2001-05-03 20:00:00,2001,5,21,14544.425431835758,45.72453066033479,HOEP (Legacy)
2001-05-03 21:00:00,2001,5,22,13997.026772049476,42.91554810655184,HOEP (Legacy)
2001-05-03 22:00:00,2001,5,23,13388.113935795474,20.740144283219024,HOEP (Legacy)
2001-05-03 23:00:00,2001,5,24,13704.859085884576,37.422561128093335,HOEP (Legacy)
2001-05-04 00:00:00,2001,5,1,14263.193828897003,43.83941410417257,HOEP (Legacy)
2001-05-04 01:00:00,2001,5,2,14003.165325764221,50.07902020340781,HOEP (Legacy)
2001-05-04 02:00:00,2001,5,3,14402.190321077258,30.75772192189199,HOEP (Legacy)
2001-05-04 03:00:00,2001,5,4,14684.421699537797,57.146354724990964,HOEP (Legacy)
2001-05-04 04:00:00,2001,5,5,15706.789168020425,58.50043764774716,HOEP (Legacy)
2001-05-04 05:00:00,2001,5,6,15883.00331371788,59.91103386849029,HOEP (Legacy)
2001-05-04 06:00:00,2001,5,7,15106.466826073414,49.01173603927005,HOEP (Legacy)
2001-05-04 07:00:00,2001,5,8,16270.86104755479,58.82118479256155,HOEP (Legacy)
2001-05-04 08:00:00,2001,5,9,16706.084633919105,71.13184388911336,HOEP (Legacy)
2001-05-04 09:00:00,2001,5,10,16248.70173077164,40.768760945388166,HOEP (Legacy)
2001-05-04 10:00:00,2001,5,11,16833.3557666454,75.42110270042284,HOEP (Legacy)
2001-05-04 11:00:00,2001,5,12,16692.003904888195,70.37897306155841,HOEP (Legacy)
2001-05-04 12:00:00,2001,5,13,16240.519111719932,55.51732517696297,HOEP (Legacy)
2001-05-04 13:00:00,2001,5,14,16770.995042523664,59.972950223741314,HOEP (Legacy)
2001-05-04 14:00:00,2001,5,15,16213.600362622452,43.01721410493957,HOEP (Legacy)
2001-05-04 15:00:00,2001,5,16,15381.937078482653,68.8353628680261,HOEP (Legacy)
2001-05-04 16:00:00,2001,5,17,15503.063763469934,58.41964241009971,HOEP (Legacy)
2001-05-04 17:00:00,2001,5,18,15141.694355479056,46.043234845417444,HOEP (Legacy)
2001-05-04 18:00:00,2001,5,19,14706.956140256481,32.149164528162416,HOEP (Legacy)
2001-05-04 19:00:00,2001,5,20,14624.639589749277,38.03987791480876,HOEP (Legacy)
2001-05-04 20:00:00,2001,5,21,13856.247049493388,23.601723876640847,HOEP (Legacy)
2001-05-04 21:00:00,2001,5,22,14726.286123084728,54.21322855326708,HOEP (Legacy)
2001-05-04 22:00:00,2001,5,23,13757.23444527821,59.03996005231958,HOEP (Legacy)
2001-05-04 23:00:00,2001,5,24,14655.782315644088,28.93585437834929,HOEP (Legacy)
2001-05-05 00:00:00,2001,5,1,13569.22967187258,41.96224285000846,HOEP (Legacy)
2001-05-05 01:00:00,2001,5,2,15068.92637890693,40.55826078680836,HOEP (Legacy)
2001-05-05 02:00:00,2001,5,3,14760.754445253386,54.16555547929417,HOEP (Legacy)
2001-05-05 03:00:00,2001,5,4,14658.428441274593,27.935785234417686,HOEP (Legacy)
2001-05-05 04:00:00,2001,5,5,15599.359565028712,53.66905712915981,HOEP (Legacy)
2001-05-05 05:00:00,2001,5,6,15880.158844596685,46.340391917728546,HOEP (Legacy)
2001-05-05 06:00:00,2001,5,7,15890.971916379916,64.60770825289323,HOEP (Legacy)
2001-05-05 07:00:00,2001,5,8,16465.655629552602,72.50894815378324,HOEP (Legacy)
2001-05-05 08:00:00,2001,5,9,16837.686670451265,52.0573195828874,HOEP (Legacy)
2001-05-05 09:00:00,2001,5,10,15959.68360814547,51.02255411197716,HOEP (Legacy)
2001-05-05 10:00:00,2001,5,11,16462.783724151155,47.98833091902665,HOEP (Legacy)
2001-05-05 11:00:00,2001,5,12,16449.90151208349,42.79006845734114,HOEP (Legacy)
2001-05-05 12:00:00,2001,5,13,16550.870692230576,60.17205943731874,HOEP (Legacy)
2001-05-05 13:00:00,2001,5,14,16484.74022189541,71.90837968229931,HOEP (Legacy)
2001-05-05 14:00:00,2001,5,15,15499.288410587396,59.202448923550975,HOEP (Legacy)
2001-05-05 15:00:00,2001,5,16,15622.338012086797,33.70646758249047,HOEP (Legacy)
2001-05-05 16:00:00,2001,5,17,15517.750467678483,51.12585344331198,HOEP (Legacy)
2001-05-05 17:00:00,2001,5,18,14542.930404976476,46.93298522361104,HOEP (Legacy)
2001-05-05 18:00:00,2001,5,19,14546.87549557741,57.72311372339658,HOEP (Legacy)
2001-05-05 19:00:00,2001,5,20,14510.508535004217,67.42265696585724,HOEP (Legacy)
2001-05-05 20:00:00,2001,5,21,14352.435049127083,46.51908859429173,HOEP (Legacy)
2001-05-05 21:00:00,2001,5,22,14507.377746431712,49.77572214319644,HOEP (Legacy)
2001-05-05 22:00:00,2001,5,23,14351.869943591051,62.43209844218067,HOEP (Legacy)
2001-05-05 23:00:00,2001,5,24,13870.785166595708,31.689742585262504,HOEP (Legacy)
2001-05-06 00:00:00,2001,5,1,13610.656004982011,33.66953890918167,HOEP (Legacy)
2001-05-06 01:00:00,2001,5,2,14276.997736140054,18.84478885822996,HOEP (Legacy)
2001-05-06 02:00:00,2001,5,3,14990.47955681974,35.6952440681014,HOEP (Legacy)
2001-05-06 03:00:00,2001,5,4,14315.873882127002,34.60459657272281,HOEP (Legacy)
2001-05-06 04:00:00,2001,5,5,15276.088811151158,19.99964158306892,HOEP (Legacy)
2001-05-06 05:00:00,2001,5,6,15457.902186025816,53.22938309923813,HOEP (Legacy)
2001-05-06 06:00:00,2001,5,7,16041.100485825245,42.75239333785214,HOEP (Legacy)
2001-05-06 07:00:00,2001,5,8,15853.172587125773,39.293311991194514,HOEP (Legacy)
2001-05-06 08:00:00,2001,5,9,15849.530873270887,38.87038045489675,HOEP (Legacy)
2001-05-06 09:00:00,2001,5,10,16212.20372427758,31.8761840944435,HOEP (Legacy)
2001-05-06 10:00:00,2001,5,11,16697.528156369564,47.18797083926586,HOEP (Legacy)
2001-05-06 11:00:00,2001,5,12,16911.140919494843,45.95602851096485,HOEP (Legacy)
2001-05-06 12:00:00,2001,5,13,16700.331073365694,45.25385484655146,HOEP (Legacy)
2001-05-06 13:00:00,2001,5,14,15992.606098601127,59.91315693244566,HOEP (Legacy)
2001-05-06 14:00:00,2001,5,15,16416.534348539233,33.130718327025356,HOEP (Legacy)
2001-05-06 15:00:00,2001,5,16,14759.019063028785,66.0100179067456,HOEP (Legacy)
2001-05-06 16:00:00,2001,5,17,15799.606965498917,38.50494542171671,HOEP (Legacy)
2001-05-06 17:00:00,2001,5,18,15056.057024913653,51.08001594748284,HOEP (Legacy)
2001-05-06 18:00:00,2001,5,19,14749.643958733044,32.644973116444014,HOEP (Legacy)
2001-05-06 19:00:00,2001,5,20,13934.146112324735,26.873821905529212,HOEP (Legacy)
2001-05-06 20:00:00,2001,5,21,13656.778952235209,33.02097779452553,HOEP (Legacy)
2001-05-06 21:00:00,2001,5,22,13654.07588400595,9.831133736443224,HOEP (Legacy)
2001-05-06 22:00:00,2001,5,23,14328.26885163405,26.746074156170252,HOEP (Legacy)
2001-05-06 23:00:00,2001,5,24,13415.773821346167,24.007387644748476,HOEP (Legacy)
2001-05-07 00:00:00,2001,5,1,14395.050660348088,42.057481113734404,HOEP (Legacy)
2001-05-07 01:00:00,2001,5,2,13911.117638580672,42.28103242995898,HOEP (Legacy)
2001-05-07 02:00:00,2001,5,3,14265.218333900806,57.68991281314035,HOEP (Legacy)
2001-05-07 03:00:00,2001,5,4,15259.932447467541,31.829258310845454,HOEP (Legacy)
2001-05-07 04:00:00,2001,5,5,15579.530604910347,39.06043355152846,HOEP (Legacy)
2001-05-07 05:00:00,2001,5,6,15640.456168303539,65.87774788625288,HOEP (Legacy)
2001-05-07 06:00:00,2001,5,7,16197.318413198005,43.561900536813056,HOEP (Legacy)
2001-05-07 07:00:00,2001,5,8,15671.362924378871,48.63681040680654,HOEP (Legacy)
2001-05-07 08:00:00,2001,5,9,16221.404293371179,53.912977456332136,HOEP (Legacy)
2001-05-07 09:00:00,2001,5,10,16207.463039796683,50.43958564296372,HOEP (Legacy)
2001-05-07 10:00:00,2001,5,11,16393.211280360178,27.42288145044418,HOEP (Legacy)
2001-05-07 11:00:00,2001,5,12,16214.798110014945,28.875361006519718,HOEP (Legacy)
2001-05-07 12:00:00,2001,5,13,16292.761414858067,33.986471473860725,HOEP (Legacy)
2001-05-07 13:00:00,2001,5,14,15955.212081445745,63.27691185184054,HOEP (Legacy)
2001-05-07 14:00:00,2001,5,15,15770.775348826563,39.95332198613924,HOEP (Legacy)
2001-05-07 15:00:00,2001,5,16,15474.168463733693,66.3039730399429,HOEP (Legacy)
2001-05-07 16:00:00,2001,5,17,15721.043763086873,42.827958470171176,HOEP (Legacy)
2001-05-07 17:00:00,2001,5,18,14895.939170844127,62.11163306078766,HOEP (Legacy)
2001-05-07 18:00:00,2001,5,19,15177.430321908163,64.35750463135784,HOEP (Legacy)
2001-05-07 19:00:00,2001,5,20,14491.42264267287,17.7066345529022,HOEP (Legacy)
2001-05-07 20:00:00,2001,5,21,14649.153433696698,41.76849422284517,HOEP (Legacy)
2001-05-07 21:00:00,2001,5,22,14649.317191141814,43.55107826666196,HOEP (Legacy)
2001-05-07 22:00:00,2001,5,23,13545.069912308594,30.62027305015136,HOEP (Legacy)
2001-05-07 23:00:00,2001,5,24,13712.958728900814,50.657017576888315,HOEP (Legacy)
2001-05-08 00:00:00,2001,5,1,13260.354866332587,33.98805914577879,HOEP (Legacy)
2001-05-08 01:00:00,2001,5,2,14650.544985420134,35.91187656997687,HOEP (Legacy)
2001-05-08 02:00:00,2001,5,3,14293.778991158704,37.58543086228173,HOEP (Legacy)
2001-05-08 03:00:00,2001,5,4,15178.42147474632,39.01163423457636,HOEP (Legacy)
2001-05-08 04:00:00,2001,5,5,14675.946683520258,40.517018083717105,HOEP (Legacy)
2001-05-08 05:00:00,2001,5,6,15469.51926223371,43.14450450470477,HOEP (Legacy)
2001-05-08 06:00:00,2001,5,7,16780.42100506262,47.74085150282944,HOEP (Legacy)
2001-05-08 07:00:00,2001,5,8,15916.84072139474,71.51857203177892,HOEP (Legacy)
2001-05-08 08:00:00,2001,5,9,16577.89246731286,70.15642134040743,HOEP (Legacy)
2001-05-08 09:00:00,2001,5,10,16431.109481972435,49.229862171748564,HOEP (Legacy)
2001-05-08 10:00:00,2001,5,11,16692.61068807618,62.6552965537562,HOEP (Legacy)
2001-05-08 11:00:00,2001,5,12,16626.312602427308,53.45748704162551,HOEP (Legacy)
2001-05-08 12:00:00,2001,5,13,16081.511970514206,47.159403426487316,HOEP (Legacy)
2001-05-08 13:00:00,2001,5,14,16356.913134670365,46.35850612060774,HOEP (Legacy)
2001-05-08 14:00:00,2001,5,15,15906.604628401321,36.00853958048974,HOEP (Legacy)
2001-05-08 15:00:00,2001,5,16,15952.818635174715,66.69148444836108,HOEP (Legacy)
2001-05-08 16:00:00,2001,5,17,15846.176505236093,55.38700446106173,HOEP (Legacy)
2001-05-08 17:00:00,2001,5,18,14541.542778446485,32.90869970901854,HOEP (Legacy)
2001-05-08 18:00:00,2001,5,19,15333.374019502156,47.7315172864713,HOEP (Legacy)
2001-05-08 19:00:00,2001,5,20,14757.447552523636,29.715590507766283,HOEP (Legacy)
2001-05-08 20:00:00,2001,5,21,13737.776375031865,45.886722584722115,HOEP (Legacy)
2001-05-08 21:00:00,2001,5,22,13602.865428541903,28.160133463991727,HOEP (Legacy)
2001-05-08 22:00:00,2001,5,23,14179.311035137902,40.46646637276352,HOEP (Legacy)
2001-05-08 23:00:00,2001,5,24,13835.256309611132,42.517924785468544,HOEP (Legacy)
2001-05-09 00:00:00,2001,5,1,13786.677620838575,13.69735534060688,HOEP (Legacy)
2001-05-09 01:00:00,2001,5,2,14523.976083543137,35.53176518281732,HOEP (Legacy)
2001-05-09 02:00:00,2001,5,3,14544.880016789586,45.216738349271786,HOEP (Legacy)
2001-05-09 03:00:00,2001,5,4,15229.055490186174,55.667173606479125,HOEP (Legacy)
2001-05-09 04:00:00,2001,5,5,15002.74276012206,66.51280598912712,HOEP (Legacy)
2001-05-09 05:00:00,2001,5,6,16147.55497027584,50.90605338289021,HOEP (Legacy)
2001-05-09 06:00:00,2001,5,7,15850.10681696079,42.30136606930796,HOEP (Legacy)
2001-05-09 07:00:00,2001,5,8,16024.34108823416,57.956326147828506,HOEP (Legacy)
2001-05-09 08:00:00,2001,5,9,16480.699881010605,61.41481904537203,HOEP (Legacy)
2001-05-09 09:00:00,2001,5,10,16023.098823378625,49.441358913426626,HOEP (Legacy)
2001-05-09 10:00:00,2001,5,11,16675.320532052643,65.76852060678719,HOEP (Legacy)
2001-05-09 11:00:00,2001,5,12,16736.068504080646,69.26899253961138,HOEP (Legacy)
2001-05-09 12:00:00,2001,5,13,15898.493534498966,55.298253901418455,HOEP (Legacy)
2001-05-09 13:00:00,2001,5,14,15987.413846499394,39.25402322548291,HOEP (Legacy)
2001-05-09 14:00:00,2001,5,15,16196.170105562647,52.53539441698026,HOEP (Legacy)
2001-05-09 15:00:00,2001,5,16,14721.46331222772,46.14988127654783,HOEP (Legacy)
2001-05-09 16:00:00,2001,5,17,15905.119651270199,61.54331283985473,HOEP (Legacy)
2001-05-09 17:00:00,2001,5,18,15118.676679761278,48.16364227083166,HOEP (Legacy)
2001-05-09 18:00:00,2001,5,19,14077.141472203552,19.38983131175199,HOEP (Legacy)
2001-05-09 19:00:00,2001,5,20,14164.675631025626,72.77977337185368,HOEP (Legacy)
2001-05-09 20:00:00,2001,5,21,13769.961138650735,41.75986958448766,HOEP (Legacy)
2001-05-09 21:00:00,2001,5,22,14176.609202634792,56.716407398998854,HOEP (Legacy)
2001-05-09 22:00:00,2001,5,23,14367.66299345858,24.507932942087102,HOEP (Legacy)
2001-05-09 23:00:00,2001,5,24,14103.240447044278,49.893869610885645,HOEP (Legacy)
2001-05-10 00:00:00,2001,5,1,14433.241156273936,62.56550750355754,HOEP (Legacy)
2001-05-10 01:00:00,2001,5,2,14161.049478466059,54.829565428974696,HOEP (Legacy)
2001-05-10 02:00:00,2001,5,3,15137.238209744257,59.26626041110079,HOEP (Legacy)
2001-05-10 03:00:00,2001,5,4,14972.033854726144,45.99581544311686,HOEP (Legacy)
2001-05-10 04:00:00,2001,5,5,15366.480671250752,50.842113771773846,HOEP (Legacy)
2001-05-10 05:00:00,2001,5,6,15505.10954631613,57.31597032088893,HOEP (Legacy)
2001-05-10 06:00:00,2001,5,7,15671.824540196896,29.630526013676963,HOEP (Legacy)
2001-05-10 07:00:00,2001,5,8,15830.734363976913,50.087065895426704,HOEP (Legacy)
2001-05-10 08:00:00,2001,5,9,15964.205471798596,41.75468996744481,HOEP (Legacy)
2001-05-10 09:00:00,2001,5,10,16325.788527885117,60.88073710781186,HOEP (Legacy)
2001-05-10 10:00:00,2001,5,11,16335.185525557505,55.54517499357616,HOEP (Legacy)
2001-05-10 11:00:00,2001,5,12,15883.013824815778,50.73222886048829,HOEP (Legacy)
2001-05-10 12:00:00,2001,5,13,15511.829282768218,67.66478340344237,HOEP (Legacy)
2001-05-10 13:00:00,2001,5,14,16197.61914421139,58.11106326009669,HOEP (Legacy)
2001-05-10 14:00:00,2001,5,15,15851.492611582078,61.354061324267775,HOEP (Legacy)
2001-05-10 15:00:00,2001,5,16,15096.652792584995,58.9582528634357,HOEP (Legacy)
2001-05-10 16:00:00,2001,5,17,14783.18543795082,31.72743146501675,HOEP (Legacy)
2001-05-10 17:00:00,2001,5,18,15197.698014462792,35.05187383347976,HOEP (Legacy)
2001-05-10 18:00:00,2001,5,19,15153.297034083602,53.57144528528785,HOEP (Legacy)
2001-05-10 19:00:00,2001,5,20,14888.831200526874,34.98021803189957,HOEP (Legacy)
2001-05-10 20:00:00,2001,5,21,13781.376059488326,31.176466053630502,HOEP (Legacy)
2001-05-10 21:00:00,2001,5,22,13441.962299206929,22.11495902106083,HOEP (Legacy)
2001-05-10 22:00:00,2001,5,23,13989.856146412987,28.47579672428256,HOEP (Legacy)
2001-05-10 23:00:00,2001,5,24,13920.427504474928,26.791476715802986,HOEP (Legacy)
2001-05-11 00:00:00,2001,5,1,13647.807428815815,44.62264064197494,HOEP (Legacy)
2001-05-11 01:00:00,2001,5,2,13749.657931194914,23.62574665848441,HOEP (Legacy)
2001-05-11 02:00:00,2001,5,3,14778.634316379364,36.055295914309724,HOEP (Legacy)
2001-05-11 03:00:00,2001,5,4,15485.620990161153,55.52065525717493,HOEP (Legacy)
2001-05-11 04:00:00,2001,5,5,15294.590519270061,42.11051027591341,HOEP (Legacy)
2001-05-11 05:00:00,2001,5,6,15165.501591373722,56.03726092712414,HOEP (Legacy)
2001-05-11 06:00:00,2001,5,7,16030.717551475085,62.566777919713985,HOEP (Legacy)
2001-05-11 07:00:00,2001,5,8,15744.527688636475,41.249216686288676,HOEP (Legacy)
2001-05-11 08:00:00,2001,5,9,15991.57668775234,42.912422286928646,HOEP (Legacy)
2001-05-11 09:00:00,2001,5,10,16339.774993374042,51.69815129556066,HOEP (Legacy)
2001-05-11 10:00:00,2001,5,11,16671.38871584562,29.983211946341555,HOEP (Legacy)
2001-05-11 11:00:00,2001,5,12,16532.33043653769,56.53400822275581,HOEP (Legacy)
2001-05-11 12:00:00,2001,5,13,16300.479850796692,25.622226824854884,HOEP (Legacy)
2001-05-11 13:00:00,2001,5,14,16041.601789091295,55.87272176477399,HOEP (Legacy)
2001-05-11 14:00:00,2001,5,15,15907.125691886527,38.54291303899869,HOEP (Legacy)
2001-05-11 15:00:00,2001,5,16,15326.814976985912,50.092834050275314,HOEP (Legacy)
2001-05-11 16:00:00,2001,5,17,15127.322313059069,51.21886363045287,HOEP (Legacy)
2001-05-11 17:00:00,2001,5,18,14858.675003705972,37.56190083663935,HOEP (Legacy)
2001-05-11 18:00:00,2001,5,19,14690.030934184973,58.08255568820925,HOEP (Legacy)
2001-05-11 19:00:00,2001,5,20,14478.855182978128,52.17814284334579,HOEP (Legacy)
2001-05-11 20:00:00,2001,5,21,14584.76749713387,64.1743328969393,HOEP (Legacy)
2001-05-11 21:00:00,2001,5,22,14627.132342537618,46.67793719282378,HOEP (Legacy)
2001-05-11 22:00:00,2001,5,23,13439.260705255707,30.22184770850114,HOEP (Legacy)
2001-05-11 23:00:00,2001,5,24,14037.9123885837,27.040697824337876,HOEP (Legacy)
2001-05-12 00:00:00,2001,5,1,14453.93734124095,34.56988061438921,HOEP (Legacy)
2001-05-12 01:00:00,2001,5,2,14193.082073601341,49.86545118383894,HOEP (Legacy)
2001-05-12 02:00:00,2001,5,3,14504.951824314936,47.56175179767747,HOEP (Legacy)
2001-05-12 03:00:00,2001,5,4,14828.486872701516,47.13051618723333,HOEP (Legacy)
2001-05-12 04:00:00,2001,5,5,15551.525396795903,46.36000786318521,HOEP (Legacy)
2001-05-12 05:00:00,2001,5,6,15305.376577393532,49.875784783974595,HOEP (Legacy)
2001-05-12 06:00:00,2001,5,7,15603.757996838001,53.31284626223383,HOEP (Legacy)
2001-05-12 07:00:00,2001,5,8,16196.683355153906,51.64753990167167,HOEP (Legacy)
2001-05-12 08:00:00,2001,5,9,17450.13764613717,45.17572216155705,HOEP (Legacy)
2001-05-12 09:00:00,2001,5,10,15693.448213041038,58.82343771851566,HOEP (Legacy)
2001-05-12 10:00:00,2001,5,11,16783.619500747896,48.266878538399226,HOEP (Legacy)
2001-05-12 11:00:00,2001,5,12,16755.929179307463,47.70400936514424,HOEP (Legacy)
2001-05-12 12:00:00,2001,5,13,15999.203822156118,51.45339529111723,HOEP (Legacy)
2001-05-12 13:00:00,2001,5,14,16531.112355727204,33.61818044855828,HOEP (Legacy)
2001-05-12 14:00:00,2001,5,15,15402.368494972527,25.98381586810961,HOEP (Legacy)
2001-05-12 15:00:00,2001,5,16,15425.927420422242,56.4428246007884,HOEP (Legacy)
2001-05-12 16:00:00,2001,5,17,15311.457303361445,61.50356117791769,HOEP (Legacy)
2001-05-12 17:00:00,2001,5,18,14579.673837455945,46.94805205097873,HOEP (Legacy)
2001-05-12 18:00:00,2001,5,19,14908.790773358964,54.06422403649179,HOEP (Legacy)
2001-05-12 19:00:00,2001,5,20,14292.176510256695,64.4214760929989,HOEP (Legacy)
2001-05-12 20:00:00,2001,5,21,13776.920615170922,18.555710751503405,HOEP (Legacy)
2001-05-12 21:00:00,2001,5,22,14706.863110446462,21.83286535700024,HOEP (Legacy)
2001-05-12 22:00:00,2001,5,23,13540.263580772462,35.342175850266926,HOEP (Legacy)
2001-05-12 23:00:00,2001,5,24,14676.200043634713,44.154700332507545,HOEP (Legacy)
2001-05-13 00:00:00,2001,5,1,14866.568526852414,36.60758111756252,HOEP (Legacy)
2001-05-13 01:00:00,2001,5,2,13977.41780528332,36.478005723348076,HOEP (Legacy)
2001-05-13 02:00:00,2001,5,3,15007.25798231192,57.68937630636752,HOEP (Legacy)
2001-05-13 03:00:00,2001,5,4,15706.068707104178,63.91532602933934,HOEP (Legacy)
2001-05-13 04:00:00,2001,5,5,14906.748203041501,59.63432204416196,HOEP (Legacy)
2001-05-13 05:00:00,2001,5,6,16285.895455173066,40.464352645040925,HOEP (Legacy)
2001-05-13 06:00:00,2001,5,7,15850.813724651645,49.330273967496765,HOEP (Legacy)
2001-05-13 07:00:00,2001,5,8,16162.533957717957,52.09265557134344,HOEP (Legacy)
2001-05-13 08:00:00,2001,5,9,15644.018015477535,55.90090439737633,HOEP (Legacy)
2001-05-13 09:00:00,2001,5,10,16044.84855678561,49.3690396817138,HOEP (Legacy)
2001-05-13 10:00:00,2001,5,11,16998.18756061709,68.9963619127503,HOEP (Legacy)
2001-05-13 11:00:00,2001,5,12,16059.92341843434,51.82504528346532,HOEP (Legacy)
2001-05-13 12:00:00,2001,5,13,16707.09464545302,55.46751384687925,HOEP (Legacy)
2001-05-13 13:00:00,2001,5,14,15964.455792210683,35.27681325385248,HOEP (Legacy)
2001-05-13 14:00:00,2001,5,15,16139.949453975934,69.37876244699558,HOEP (Legacy)
2001-05-13 15:00:00,2001,5,16,15610.625907557356,56.408287286764185,HOEP (Legacy)
2001-05-13 16:00:00,2001,5,17,14768.36971452088,42.955555949728264,HOEP (Legacy)
2001-05-13 17:00:00,2001,5,18,15314.998327342179,66.73731501986192,HOEP (Legacy)
2001-05-13 18:00:00,2001,5,19,14587.550816483546,42.006396344605136,HOEP (Legacy)
2001-05-13 19:00:00,2001,5,20,13896.524419915571,31.331082917386432,HOEP (Legacy)
2001-05-13 20:00:00,2001,5,21,14224.037062794423,48.35034248233907,HOEP (Legacy)
2001-05-13 21:00:00,2001,5,22,14462.339776314475,53.75165470465861,HOEP (Legacy)
2001-05-13 22:00:00,2001,5,23,14252.264506887683,60.68854102482963,HOEP (Legacy)
2001-05-13 23:00:00,2001,5,24,14699.166205234473,48.9560972066285,HOEP (Legacy)
2001-05-14 00:00:00,2001,5,1,14052.22359026709,41.68500504132219,HOEP (Legacy)
2001-05-14 01:00:00,2001,5,2,14024.889964100303,52.13800281535845,HOEP (Legacy)
2001-05-14 02:00:00,2001,5,3,14830.79153856216,37.35057043667482,HOEP (Legacy)
2001-05-14 03:00:00,2001,5,4,15308.285019432127,54.4586994992706,HOEP (Legacy)
2001-05-14 04:00:00,2001,5,5,15540.995889040953,64.68478527565121,HOEP (Legacy)
2001-05-14 05:00:00,2001,5,6,15748.763265080253,34.46097339786293,HOEP (Legacy)
2001-05-14 06:00:00,2001,5,7,15439.849583782045,54.115320527415385,HOEP (Legacy)
2001-05-14 07:00:00,2001,5,8,16597.56426588511,66.55226437222751,HOEP (Legacy)
2001-05-14 08:00:00,2001,5,9,16235.092545798154,45.74923467209169,HOEP (Legacy)
2001-05-14 09:00:00,2001,5,10,16989.714373282455,65.88488675891759,HOEP (Legacy)
2001-05-14 10:00:00,2001,5,11,16577.599667919872,57.14514078404439,HOEP (Legacy)
2001-05-14 11:00:00,2001,5,12,16607.87381038234,63.28989974222262,HOEP (Legacy)
2001-05-14 12:00:00,2001,5,13,15933.235099912987,45.05162615546716,HOEP (Legacy)
2001-05-14 13:00:00,2001,5,14,16119.845769027066,38.559928842448684,HOEP (Legacy)
2001-05-14 14:00:00,2001,5,15,16572.866638945306,42.85670035604229,HOEP (Legacy)
2001-05-14 15:00:00,2001,5,16,15384.462274261616,29.110293559577038,HOEP (Legacy)
2001-05-14 16:00:00,2001,5,17,14727.070171100346,36.16931172266339,HOEP (Legacy)
2001-05-14 17:00:00,2001,5,18,14807.501411205827,20.205351582160056,HOEP (Legacy)
2001-05-14 18:00:00,2001,5,19,14551.310456271478,66.57115061401005,HOEP (Legacy)
2001-05-14 19:00:00,2001,5,20,14828.087142929113,41.44641112679144,HOEP (Legacy)
2001-05-14 20:00:00,2001,5,21,14250.062810366653,46.84581621279205,HOEP (Legacy)
2001-05-14 21:00:00,2001,5,22,13780.602746072476,41.95822852557784,HOEP (Legacy)
2001-05-14 22:00:00,2001,5,23,13468.863731419235,47.93128194490137,HOEP (Legacy)
2001-05-14 23:00:00,2001,5,24,13427.551554457046,53.44975021108105,HOEP (Legacy)
2001-05-15 00:00:00,2001,5,1,13820.447724029942,33.13627738930905,HOEP (Legacy)
2001-05-15 01:00:00,2001,5,2,14717.88811563716,40.81049478483052,HOEP (Legacy)
2001-05-15 02:00:00,2001,5,3,14839.03357195642,33.30903085000172,HOEP (Legacy)
2001-05-15 03:00:00,2001,5,4,14220.821603915463,52.31060450498555,HOEP (Legacy)
2001-05-15 04:00:00,2001,5,5,16074.678766468707,58.15042959141432,HOEP (Legacy)
2001-05-15 05:00:00,2001,5,6,15130.852224413977,25.13110345701627,HOEP (Legacy)
2001-05-15 06:00:00,2001,5,7,16172.386207736274,58.562423468490955,HOEP (Legacy)
2001-05-15 07:00:00,2001,5,8,16455.034853785066,73.23744154511114,HOEP (Legacy)
2001-05-15 08:00:00,2001,5,9,16192.479328262896,49.453718545797514,HOEP (Legacy)
2001-05-15 09:00:00,2001,5,10,16713.22525018075,33.47985588057297,HOEP (Legacy)
2001-05-15 10:00:00,2001,5,11,16723.08057634594,52.43576858311349,HOEP (Legacy)
2001-05-15 11:00:00,2001,5,12,15785.153200785098,72.22019341883222,HOEP (Legacy)
2001-05-15 12:00:00,2001,5,13,15913.66529087628,57.13836433247314,HOEP (Legacy)
2001-05-15 13:00:00,2001,5,14,16515.91702013595,56.618040667164685,HOEP (Legacy)
2001-05-15 14:00:00,2001,5,15,15720.714642944115,43.246147696646574,HOEP (Legacy)
2001-05-15 15:00:00,2001,5,16,15895.782510898334,56.84247704868912,HOEP (Legacy)
2001-05-15 16:00:00,2001,5,17,15453.10657153891,26.68295852144537,HOEP (Legacy)
2001-05-15 17:00:00,2001,5,18,15502.626318240671,49.54505025831702,HOEP (Legacy)
2001-05-15 18:00:00,2001,5,19,14541.955536095571,55.26422877619103,HOEP (Legacy)
2001-05-15 19:00:00,2001,5,20,14282.933600344399,29.10455399253736,HOEP (Legacy)
2001-05-15 20:00:00,2001,5,21,14444.92285507206,20.577119706606045,HOEP (Legacy)
2001-05-15 21:00:00,2001,5,22,14063.28087054853,58.37915574164357,HOEP (Legacy)
2001-05-15 22:00:00,2001,5,23,14386.315576037377,24.075982075527996,HOEP (Legacy)
2001-05-15 23:00:00,2001,5,24,14333.601670158117,56.62483733499751,HOEP (Legacy)
2001-05-16 00:00:00,2001,5,1,14755.18984264406,36.19817655816276,HOEP (Legacy)
2001-05-16 01:00:00,2001,5,2,14793.462903668782,42.1119198809292,HOEP (Legacy)
2001-05-16 02:00:00,2001,5,3,14063.935865116662,10.585735857130004,HOEP (Legacy)
2001-05-16 03:00:00,2001,5,4,15280.93054627842,26.326498889805997,HOEP (Legacy)
2001-05-16 04:00:00,2001,5,5,15060.935048484283,63.75210148743841,HOEP (Legacy)
2001-05-16 05:00:00,2001,5,6,15778.00448125014,42.780439525182636,HOEP (Legacy)
2001-05-16 06:00:00,2001,5,7,16147.460257912398,55.33645707567236,HOEP (Legacy)
2001-05-16 07:00:00,2001,5,8,16036.792202016613,44.49429818679793,HOEP (Legacy)
2001-05-16 08:00:00,2001,5,9,16097.67666406018,67.15686052887251,HOEP (Legacy)
2001-05-16 09:00:00,2001,5,10,16353.310203628736,37.104479836221614,HOEP (Legacy)
2001-05-16 10:00:00,2001,5,11,16644.195392962516,62.69397577157797,HOEP (Legacy)
2001-05-16 11:00:00,2001,5,12,16493.300315572873,50.151745527564586,HOEP (Legacy)
2001-05-16 12:00:00,2001,5,13,16478.516887141093,60.579078833294915,HOEP (Legacy)
2001-05-16 13:00:00,2001,5,14,16273.70395134238,43.67452571178,HOEP (Legacy)
2001-05-16 14:00:00,2001,5,15,15798.131672872052,59.136323687523344,HOEP (Legacy)
2001-05-16 15:00:00,2001,5,16,15505.993111143434,34.15452698073036,HOEP (Legacy)
2001-05-16 16:00:00,2001,5,17,15383.565075881968,43.22167528600237,HOEP (Legacy)
2001-05-16 17:00:00,2001,5,18,14775.403606019281,62.82119394072806,HOEP (Legacy)
2001-05-16 18:00:00,2001,5,19,14067.165677100027,17.340866566624342,HOEP (Legacy)
2001-05-16 19:00:00,2001,5,20,14223.870466925231,20.965115255787282,HOEP (Legacy)
2001-05-16 20:00:00,2001,5,21,14482.72326349884,31.84204593060454,HOEP (Legacy)
2001-05-16 21:00:00,2001,5,22,14142.872162038842,40.399900396078905,HOEP (Legacy)
2001-05-16 22:00:00,2001,5,23,13707.236624051973,58.83339323184388,HOEP (Legacy)
2001-05-16 23:00:00,2001,5,24,13642.29031433328,33.4193263338107,HOEP (Legacy)
2001-05-17 00:00:00,2001,5,1,14586.640522089667,34.82452268465591,HOEP (Legacy)
2001-05-17 01:00:00,2001,5,2,13933.867432539048,25.845251433978536,HOEP (Legacy)
2001-05-17 02:00:00,2001,5,3,14245.04669401818,30.95786984614607,HOEP (Legacy)
2001-05-17 03:00:00,2001,5,4,15002.838865024272,25.465517471062196,HOEP (Legacy)
2001-05-17 04:00:00,2001,5,5,15089.132973943731,57.462939882350625,HOEP (Legacy)
2001-05-17 05:00:00,2001,5,6,15531.540748672702,29.981263782918745,HOEP (Legacy)
2001-05-17 06:00:00,2001,5,7,16281.711850067337,62.936014106958645,HOEP (Legacy)
2001-05-17 07:00:00,2001,5,8,16191.416296843456,60.27403525429292,HOEP (Legacy)
2001-05-17 08:00:00,2001,5,9,16483.89129342395,63.25683653123045,HOEP (Legacy)
2001-05-17 09:00:00,2001,5,10,17111.86315135624,60.97921307831477,HOEP (Legacy)
2001-05-17 10:00:00,2001,5,11,16584.245842863813,50.68196834404979,HOEP (Legacy)
2001-05-17 11:00:00,2001,5,12,16170.593996600806,49.60787507316432,HOEP (Legacy)
2001-05-17 12:00:00,2001,5,13,16364.634670298321,42.74349399369318,HOEP (Legacy)
2001-05-17 13:00:00,2001,5,14,16465.224624178118,55.06967531841199,HOEP (Legacy)
2001-05-17 14:00:00,2001,5,15,15336.56195896602,28.136897540215784,HOEP (Legacy)
2001-05-17 15:00:00,2001,5,16,16046.884550174222,56.6366416015197,HOEP (Legacy)
2001-05-17 16:00:00,2001,5,17,15682.73583708323,77.48249963419599,HOEP (Legacy)
2001-05-17 17:00:00,2001,5,18,14742.295395449291,49.74741577149389,HOEP (Legacy)
2001-05-17 18:00:00,2001,5,19,14257.14662652397,17.54900748750579,HOEP (Legacy)
2001-05-17 19:00:00,2001,5,20,14350.746081980422,27.127193078111326,HOEP (Legacy)
2001-05-17 20:00:00,2001,5,21,14821.24252499665,64.28930911703993,HOEP (Legacy)
2001-05-17 21:00:00,2001,5,22,14284.851553612774,41.55189980443447,HOEP (Legacy)
2001-05-17 22:00:00,2001,5,23,14565.508705559441,42.44882045550929,HOEP (Legacy)
2001-05-17 23:00:00,2001,5,24,13533.945559680296,37.38698150725869,HOEP (Legacy)
2001-05-18 00:00:00,2001,5,1,14235.127977094386,44.190682907034805,HOEP (Legacy)
2001-05-18 01:00:00,2001,5,2,14593.395342128139,22.114684780681387,HOEP (Legacy)
2001-05-18 02:00:00,2001,5,3,14541.351777291418,36.23061756981923,HOEP (Legacy)
2001-05-18 03:00:00,2001,5,4,14082.14924806993,42.6170112419542,HOEP (Legacy)
2001-05-18 04:00:00,2001,5,5,14890.083937142532,51.02085416366283,HOEP (Legacy)
2001-05-18 05:00:00,2001,5,6,15650.62723102921,39.5218065409434,HOEP (Legacy)
2001-05-18 06:00:00,2001,5,7,16063.7707679877,48.009461382267716,HOEP (Legacy)
2001-05-18 07:00:00,2001,5,8,16234.462975495757,47.854454610154804,HOEP (Legacy)
2001-05-18 08:00:00,2001,5,9,16675.711227462732,33.17238265803077,HOEP (Legacy)
2001-05-18 09:00:00,2001,5,10,16445.76763669367,37.75168636875265,HOEP (Legacy)
2001-05-18 10:00:00,2001,5,11,17215.163877634524,60.19240943279693,HOEP (Legacy)
2001-05-18 11:00:00,2001,5,12,16731.13879404083,62.59451597542438,HOEP (Legacy)
2001-05-18 12:00:00,2001,5,13,16429.343172412086,40.90761640423309,HOEP (Legacy)
2001-05-18 13:00:00,2001,5,14,16264.033708745195,32.44668576331599,HOEP (Legacy)
2001-05-18 14:00:00,2001,5,15,15924.19975026911,36.994591520238544,HOEP (Legacy)
2001-05-18 15:00:00,2001,5,16,15932.624678525828,62.04137498617102,HOEP (Legacy)
2001-05-18 16:00:00,2001,5,17,14821.597867105786,60.33763431836103,HOEP (Legacy)
2001-05-18 17:00:00,2001,5,18,14586.765019621294,32.642496541659675,HOEP (Legacy)
2001-05-18 18:00:00,2001,5,19,14850.443319415632,35.065374078507375,HOEP (Legacy)
2001-05-18 19:00:00,2001,5,20,14353.539852239322,47.0215140806944,HOEP (Legacy)
2001-05-18 20:00:00,2001,5,21,14047.866790567372,49.040901763109375,HOEP (Legacy)
2001-05-18 21:00:00,2001,5,22,13391.664181991717,46.8274828950164,HOEP (Legacy)
2001-05-18 22:00:00,2001,5,23,14649.572265490486,52.07947445155528,HOEP (Legacy)
2001-05-18 23:00:00,2001,5,24,13674.041797890572,29.376496862732466,HOEP (Legacy)
2001-05-19 00:00:00,2001,5,1,14402.350314211484,39.63375138268324,HOEP (Legacy)
2001-05-19 01:00:00,2001,5,2,14198.127777348616,17.99299687404033,HOEP (Legacy)
2001-05-19 02:00:00,2001,5,3,14270.324522263832,27.783608005437436,HOEP (Legacy)
2001-05-19 03:00:00,2001,5,4,14932.814619515766,63.57599505162163,HOEP (Legacy)
2001-05-19 04:00:00,2001,5,5,15400.345789530658,53.23845123013608,HOEP (Legacy)
2001-05-19 05:00:00,2001,5,6,15662.768677232163,47.48211702087116,HOEP (Legacy)
2001-05-19 06:00:00,2001,5,7,15830.344427322529,76.35830406915733,HOEP (Legacy)
2001-05-19 07:00:00,2001,5,8,15541.375538178241,54.21306028370268,HOEP (Legacy)
2001-05-19 08:00:00,2001,5,9,17304.35489249718,36.914596343801875,HOEP (Legacy)
2001-05-19 09:00:00,2001,5,10,15937.433392504276,53.56152869564349,HOEP (Legacy)
2001-05-19 10:00:00,2001,5,11,16382.573937147608,52.621014255255396,HOEP (Legacy)
2001-05-19 11:00:00,2001,5,12,16241.717723956788,39.9668885813605,HOEP (Legacy)
2001-05-19 12:00:00,2001,5,13,16585.439159882244,57.29500085975339,HOEP (Legacy)
2001-05-19 13:00:00,2001,5,14,15937.31243943884,51.117090831440244,HOEP (Legacy)
2001-05-19 14:00:00,2001,5,15,15996.807028979545,48.860582222019595,HOEP (Legacy)
2001-05-19 15:00:00,2001,5,16,15438.984832454433,64.24958146109918,HOEP (Legacy)
2001-05-19 16:00:00,2001,5,17,15324.675529503877,59.38748971734201,HOEP (Legacy)
2001-05-19 17:00:00,2001,5,18,14537.557081393268,46.62297985899912,HOEP (Legacy)
2001-05-19 18:00:00,2001,5,19,15086.894251970802,62.62645139479008,HOEP (Legacy)
2001-05-19 19:00:00,2001,5,20,13988.946077645327,49.46549787681511,HOEP (Legacy)
2001-05-19 20:00:00,2001,5,21,13789.33520390248,38.33385577691315,HOEP (Legacy)
2001-05-19 21:00:00,2001,5,22,14047.829363191175,49.22797590718909,HOEP (Legacy)
2001-05-19 22:00:00,2001,5,23,13964.987059215639,54.46858940518293,HOEP (Legacy)
2001-05-19 23:00:00,2001,5,24,14457.928221558044,40.14220035956007,HOEP (Legacy)
2001-05-20 00:00:00,2001,5,1,14327.097146281449,47.30524740270679,HOEP (Legacy)
2001-05-20 01:00:00,2001,5,2,14551.159706837469,39.00685903812739,HOEP (Legacy)
2001-05-20 02:00:00,2001,5,3,14868.3177979054,31.7521177331852,HOEP (Legacy)
2001-05-20 03:00:00,2001,5,4,15056.332201794121,54.419671033083326,HOEP (Legacy)
2001-05-20 04:00:00,2001,5,5,15366.867020249138,41.12141848551421,HOEP (Legacy)
2001-05-20 05:00:00,2001,5,6,15558.803292635694,50.65914934048109,HOEP (Legacy)
2001-05-20 06:00:00,2001,5,7,14983.342715968167,38.546253241338974,HOEP (Legacy)
2001-05-20 07:00:00,2001,5,8,16910.463478545855,56.51902638816468,HOEP (Legacy)
2001-05-20 08:00:00,2001,5,9,15458.81321123964,21.138641778250484,HOEP (Legacy)
2001-05-20 09:00:00,2001,5,10,16777.559064264,45.03082334260817,HOEP (Legacy)
2001-05-20 10:00:00,2001,5,11,16417.079663981414,44.43619652795251,HOEP (Legacy)
2001-05-20 11:00:00,2001,5,12,16879.84046360097,61.181359851373585,HOEP (Legacy)
2001-05-20 12:00:00,2001,5,13,16857.127119600304,59.330974013631945,HOEP (Legacy)
2001-05-20 13:00:00,2001,5,14,16151.503919432233,49.913786734248916,HOEP (Legacy)
2001-05-20 14:00:00,2001,5,15,15958.79651434418,74.63371686663696,HOEP (Legacy)
2001-05-20 15:00:00,2001,5,16,15438.893476996906,53.78744251223678,HOEP (Legacy)
2001-05-20 16:00:00,2001,5,17,14928.456921259814,39.188032765862836,HOEP (Legacy)
2001-05-20 17:00:00,2001,5,18,15396.810791965845,50.23791856855916,HOEP (Legacy)
2001-05-20 18:00:00,2001,5,19,14825.994486723721,54.493722894014084,HOEP (Legacy)
2001-05-20 19:00:00,2001,5,20,14682.941975742602,50.5883841690727,HOEP (Legacy)
2001-05-20 20:00:00,2001,5,21,14148.217570758783,39.05550652825527,HOEP (Legacy)
2001-05-20 21:00:00,2001,5,22,13842.39738098359,42.270243427112355,HOEP (Legacy)
2001-05-20 22:00:00,2001,5,23,14785.537438664665,50.97253400863215,HOEP (Legacy)
2001-05-20 23:00:00,2001,5,24,13875.59642577664,36.826896068182954,HOEP (Legacy)
2001-05-21 00:00:00,2001,5,1,14306.017500269445,64.10656042094314,HOEP (Legacy)
2001-05-21 01:00:00,2001,5,2,14393.37167774493,45.709542199182636,HOEP (Legacy)
2001-05-21 02:00:00,2001,5,3,15272.129742797835,47.55311093349941,HOEP (Legacy)
2001-05-21 03:00:00,2001,5,4,15554.229262401584,40.12589541661637,HOEP (Legacy)
2001-05-21 04:00:00,2001,5,5,15903.079475535877,62.663890476048415,HOEP (Legacy)
2001-05-21 05:00:00,2001,5,6,15247.96605962624,66.41689839132292,HOEP (Legacy)
2001-05-21 06:00:00,2001,5,7,16344.274790571028,73.63293400438735,HOEP (Legacy)
2001-05-21 07:00:00,2001,5,8,16494.61190016753,63.943268477802306,HOEP (Legacy)
2001-05-21 08:00:00,2001,5,9,16104.605209799507,52.9068423845443,HOEP (Legacy)
2001-05-21 09:00:00,2001,5,10,16687.094762589048,68.41090794327758,HOEP (Legacy)
2001-05-21 10:00:00,2001,5,11,16365.951894865302,55.365358769975124,HOEP (Legacy)
2001-05-21 11:00:00,2001,5,12,16563.977605193642,76.08935815152157,HOEP (Legacy)
2001-05-21 12:00:00,2001,5,13,16638.136059713153,59.855119696543575,HOEP (Legacy)
2001-05-21 13:00:00,2001,5,14,15726.017092315433,42.61267714068044,HOEP (Legacy)
2001-05-21 14:00:00,2001,5,15,15751.51667292525,78.6544928820077,HOEP (Legacy)
2001-05-21 15:00:00,2001,5,16,16125.719515823848,61.28430671420236,HOEP (Legacy)
2001-05-21 16:00:00,2001,5,17,14916.367694278008,39.92314713913855,HOEP (Legacy)
2001-05-21 17:00:00,2001,5,18,14503.981309017669,71.07757157695964,HOEP (Legacy)
2001-05-21 18:00:00,2001,5,19,14743.092509151997,59.3366641290764,HOEP (Legacy)
2001-05-21 19:00:00,2001,5,20,14673.005648269815,57.723976947494954,HOEP (Legacy)
2001-05-21 20:00:00,2001,5,21,13991.46799052676,48.96198031786216,HOEP (Legacy)
2001-05-21 21:00:00,2001,5,22,14103.017980529043,41.35139184996682,HOEP (Legacy)
2001-05-21 22:00:00,2001,5,23,14073.025833826925,36.48724110976059,HOEP (Legacy)
2001-05-21 23:00:00,2001,5,24,13673.247161074209,36.19417471057389,HOEP (Legacy)
2001-05-22 00:00:00,2001,5,1,14342.812295037742,48.12570095837844,HOEP (Legacy)
2001-05-22 01:00:00,2001,5,2,14339.964355638072,36.019842678735806,HOEP (Legacy)
2001-05-22 02:00:00,2001,5,3,15170.504679379894,54.31073597119105,HOEP (Legacy)
2001-05-22 03:00:00,2001,5,4,15012.675432026566,47.952025020898326,HOEP (Legacy)
2001-05-22 04:00:00,2001,5,5,15688.864734386836,61.315673365385564,HOEP (Legacy)
2001-05-22 05:00:00,2001,5,6,15464.110493897682,54.83535462140897,HOEP (Legacy)
2001-05-22 06:00:00,2001,5,7,16039.858350051622,71.47127406078954,HOEP (Legacy)
2001-05-22 07:00:00,2001,5,8,16699.749996792503,19.470588504461503,HOEP (Legacy)
2001-05-22 08:00:00,2001,5,9,16394.041655531422,37.81040338561865,HOEP (Legacy)
2001-05-22 09:00:00,2001,5,10,16238.306341010497,39.80807187527508,HOEP (Legacy)
2001-05-22 10:00:00,2001,5,11,16378.433655305354,63.065445862007884,HOEP (Legacy)
2001-05-22 11:00:00,2001,5,12,16584.69977120267,41.792333443699036,HOEP (Legacy)
2001-05-22 12:00:00,2001,5,13,15782.190912006408,48.99744746692066,HOEP (Legacy)
2001-05-22 13:00:00,2001,5,14,16065.048046444173,47.573713836018165,HOEP (Legacy)
2001-05-22 14:00:00,2001,5,15,15566.478573018898,63.147156145406655,HOEP (Legacy)
2001-05-22 15:00:00,2001,5,16,15895.91898391677,54.34575688864577,HOEP (Legacy)
2001-05-22 16:00:00,2001,5,17,15640.455786531653,44.93517477487396,HOEP (Legacy)
2001-05-22 17:00:00,2001,5,18,15013.929102701808,61.26922099382249,HOEP (Legacy)
2001-05-22 18:00:00,2001,5,19,15162.684091324909,55.622072611024215,HOEP (Legacy)
2001-05-22 19:00:00,2001,5,20,14740.571009534819,55.947665715013834,HOEP (Legacy)
2001-05-22 20:00:00,2001,5,21,14798.744862974781,31.884100218381132,HOEP (Legacy)
2001-05-22 21:00:00,2001,5,22,14009.12970060845,50.87062850753511,HOEP (Legacy)
2001-05-22 22:00:00,2001,5,23,14316.270040416266,65.39364340075664,HOEP (Legacy)
2001-05-22 23:00:00,2001,5,24,14366.259700686049,47.21230691384747,HOEP (Legacy)
2001-05-23 00:00:00,2001,5,1,14388.658177822665,36.69852020933436,HOEP (Legacy)
2001-05-23 01:00:00,2001,5,2,14300.005697631954,39.959396820330106,HOEP (Legacy)
2001-05-23 02:00:00,2001,5,3,15007.045534548417,40.396866913050246,HOEP (Legacy)
2001-05-23 03:00:00,2001,5,4,14740.933188933126,45.570613561970546,HOEP (Legacy)
2001-05-23 04:00:00,2001,5,5,14605.843322392619,61.381720662677765,HOEP (Legacy)
2001-05-23 05:00:00,2001,5,6,16085.421752060314,76.91988211963056,HOEP (Legacy)
2001-05-23 06:00:00,2001,5,7,15288.009346561941,37.69325595150478,HOEP (Legacy)
2001-05-23 07:00:00,2001,5,8,15729.252945214967,64.87068718912528,HOEP (Legacy)
2001-05-23 08:00:00,2001,5,9,16461.664897287872,51.75903756480632,HOEP (Legacy)
2001-05-23 09:00:00,2001,5,10,15995.765403329706,72.65689199890875,HOEP (Legacy)
2001-05-23 10:00:00,2001,5,11,16171.441655236045,32.08120628576343,HOEP (Legacy)
2001-05-23 11:00:00,2001,5,12,16421.78465072874,72.83776401222738,HOEP (Legacy)
2001-05-23 12:00:00,2001,5,13,15846.61791394998,55.25830026623743,HOEP (Legacy)
2001-05-23 13:00:00,2001,5,14,17065.72705592502,79.68855452607448,HOEP (Legacy)
2001-05-23 14:00:00,2001,5,15,16416.258486609513,56.858905010172144,HOEP (Legacy)
2001-05-23 15:00:00,2001,5,16,15598.188086303646,31.884091801170236,HOEP (Legacy)
2001-05-23 16:00:00,2001,5,17,15835.788719713888,38.052065193372385,HOEP (Legacy)
2001-05-23 17:00:00,2001,5,18,15148.579281222099,47.18640113231881,HOEP (Legacy)
2001-05-23 18:00:00,2001,5,19,14691.64865073384,31.077032057066617,HOEP (Legacy)
2001-05-23 19:00:00,2001,5,20,14016.985235391972,29.058577926468658,HOEP (Legacy)
2001-05-23 20:00:00,2001,5,21,14402.444204890517,18.523961620580643,HOEP (Legacy)
2001-05-23 21:00:00,2001,5,22,13621.339806207749,49.94793909728689,HOEP (Legacy)
2001-05-23 22:00:00,2001,5,23,13827.531545946056,44.730547106323655,HOEP (Legacy)
2001-05-23 23:00:00,2001,5,24,13583.793103040556,21.635828122293628,HOEP (Legacy)
2001-05-24 00:00:00,2001,5,1,14182.006299070954,26.625566481815873,HOEP (Legacy)
2001-05-24 01:00:00,2001,5,2,14446.131013013488,37.933694432993725,HOEP (Legacy)
2001-05-24 02:00:00,2001,5,3,14349.527947463284,56.83635868245253,HOEP (Legacy)
2001-05-24 03:00:00,2001,5,4,14938.50968936365,50.03923887318142,HOEP (Legacy)
2001-05-24 04:00:00,2001,5,5,15005.857171374038,57.509143350739286,HOEP (Legacy)
2001-05-24 05:00:00,2001,5,6,15019.683266623691,24.680371820091906,HOEP (Legacy)
2001-05-24 06:00:00,2001,5,7,15276.14034736854,58.340704738589444,HOEP (Legacy)
2001-05-24 07:00:00,2001,5,8,15798.142933453828,61.08491015375671,HOEP (Legacy)
2001-05-24 08:00:00,2001,5,9,15653.039039057805,49.73101395037152,HOEP (Legacy)
2001-05-24 09:00:00,2001,5,10,16380.370743726022,66.1334289982919,HOEP (Legacy)
2001-05-24 10:00:00,2001,5,11,16579.873874460813,41.958923466253864,HOEP (Legacy)
2001-05-24 11:00:00,2001,5,12,15890.873350608816,53.377227610573584,HOEP (Legacy)
2001-05-24 12:00:00,2001,5,13,16166.822736908101,47.13475318538973,HOEP (Legacy)
2001-05-24 13:00:00,2001,5,14,15518.185140538912,34.89207487151613,HOEP (Legacy)
2001-05-24 14:00:00,2001,5,15,15934.851836324404,60.516258995418134,HOEP (Legacy)
2001-05-24 15:00:00,2001,5,16,14821.071008255238,44.99099965507032,HOEP (Legacy)
2001-05-24 16:00:00,2001,5,17,15149.322252073101,65.14174407764578,HOEP (Legacy)
2001-05-24 17:00:00,2001,5,18,14865.755409786085,60.13407753826175,HOEP (Legacy)
2001-05-24 18:00:00,2001,5,19,14487.659698328382,42.3427626110093,HOEP (Legacy)
2001-05-24 19:00:00,2001,5,20,14243.7237313783,49.283794385399474,HOEP (Legacy)
2001-05-24 20:00:00,2001,5,21,13604.745486464597,30.33784514523618,HOEP (Legacy)
2001-05-24 21:00:00,2001,5,22,13745.159925457077,48.892452526544425,HOEP (Legacy)
2001-05-24 22:00:00,2001,5,23,14308.931334477722,47.256077474733125,HOEP (Legacy)
2001-05-24 23:00:00,2001,5,24,13213.286262491436,44.51985925458385,HOEP (Legacy)
2001-05-25 00:00:00,2001,5,1,13840.77895133591,47.623939329669945,HOEP (Legacy)
2001-05-25 01:00:00,2001,5,2,14326.993851540561,26.38405228144133,HOEP (Legacy)
2001-05-25 02:00:00,2001,5,3,14848.751098976158,14.27692682504426,HOEP (Legacy)
2001-05-25 03:00:00,2001,5,4,14362.497081398744,37.5846111181261,HOEP (Legacy)
2001-05-25 04:00:00,2001,5,5,16438.214497711575,70.22141254810681,HOEP (Legacy)
2001-05-25 05:00:00,2001,5,6,15615.921009415313,50.644705460182244,HOEP (Legacy)
2001-05-25 06:00:00,2001,5,7,16100.935773693243,35.24899648311542,HOEP (Legacy)
2001-05-25 07:00:00,2001,5,8,16517.49457233299,61.6737491985954,HOEP (Legacy)
2001-05-25 08:00:00,2001,5,9,15071.246690093618,29.185297607138768,HOEP (Legacy)
2001-05-25 09:00:00,2001,5,10,16975.122564855013,58.422576218291866,HOEP (Legacy)
2001-05-25 10:00:00,2001,5,11,16033.169466756395,43.41098788097161,HOEP (Legacy)
2001-05-25 11:00:00,2001,5,12,16047.865788021574,57.59178687316147,HOEP (Legacy)
2001-05-25 12:00:00,2001,5,13,15821.929307080261,75.6377389629394,HOEP (Legacy)
2001-05-25 13:00:00,2001,5,14,15745.072656591186,72.98892828058047,HOEP (Legacy)
2001-05-25 14:00:00,2001,5,15,15332.013764828842,60.14111619393211,HOEP (Legacy)
2001-05-25 15:00:00,2001,5,16,14852.941539544341,64.42356508337394,HOEP (Legacy)
2001-05-25 16:00:00,2001,5,17,15295.265933949971,61.004628277014604,HOEP (Legacy)
2001-05-25 17:00:00,2001,5,18,15281.262170210275,41.65951779313033,HOEP (Legacy)
2001-05-25 18:00:00,2001,5,19,14748.836238110905,43.5895342420827,HOEP (Legacy)
2001-05-25 19:00:00,2001,5,20,13762.792066369637,38.650535973906976,HOEP (Legacy)
2001-05-25 20:00:00,2001,5,21,14191.325430185494,30.853741297698264,HOEP (Legacy)
2001-05-25 21:00:00,2001,5,22,14011.012750460877,66.46052813589263,HOEP (Legacy)
2001-05-25 22:00:00,2001,5,23,13645.627734893547,57.473605005054324,HOEP (Legacy)
2001-05-25 23:00:00,2001,5,24,14657.280743554287,45.0382083780107,HOEP (Legacy)
2001-05-26 00:00:00,2001,5,1,14080.247500998372,30.335285440154415,HOEP (Legacy)
2001-05-26 01:00:00,2001,5,2,14372.740391403202,53.042267009343554,HOEP (Legacy)
2001-05-26 02:00:00,2001,5,3,14848.008230682957,58.558866641163974,HOEP (Legacy)
2001-05-26 03:00:00,2001,5,4,14864.196530711537,40.28547509397635,HOEP (Legacy)
2001-05-26 04:00:00,2001,5,5,15396.197524649691,63.6364809147775,HOEP (Legacy)
2001-05-26 05:00:00,2001,5,6,15539.957579626187,43.56966609431147,HOEP (Legacy)
2001-05-26 06:00:00,2001,5,7,15572.46763728328,47.12933795798565,HOEP (Legacy)
2001-05-26 07:00:00,2001,5,8,16419.39715527398,49.58466378373591,HOEP (Legacy)
2001-05-26 08:00:00,2001,5,9,15869.413718154721,61.863843491521386,HOEP (Legacy)
2001-05-26 09:00:00,2001,5,10,16624.037241182945,51.822305026467646,HOEP (Legacy)
2001-05-26 10:00:00,2001,5,11,16372.10308337352,46.821053179817575,HOEP (Legacy)
2001-05-26 11:00:00,2001,5,12,16430.82165998551,37.00227237261363,HOEP (Legacy)
2001-05-26 12:00:00,2001,5,13,16399.402658930052,29.806087750094726,HOEP (Legacy)
2001-05-26 13:00:00,2001,5,14,16457.047694134606,59.516300082415086,HOEP (Legacy)
2001-05-26 14:00:00,2001,5,15,15955.114122779394,47.99344389333468,HOEP (Legacy)
2001-05-26 15:00:00,2001,5,16,15788.936871020544,64.93363175735328,HOEP (Legacy)
2001-05-26 16:00:00,2001,5,17,15966.771288919434,29.665612853768497,HOEP (Legacy)
2001-05-26 17:00:00,2001,5,18,14886.175707338662,66.31953783259978,HOEP (Legacy)
2001-05-26 18:00:00,2001,5,19,14279.50124387721,44.99690030726866,HOEP (Legacy)
2001-05-26 19:00:00,2001,5,20,13622.158533348435,63.760726676870235,HOEP (Legacy)
2001-05-26 20:00:00,2001,5,21,14328.89658946209,57.52202239134744,HOEP (Legacy)
2001-05-26 21:00:00,2001,5,22,13487.890658293809,56.29520675441256,HOEP (Legacy)
2001-05-26 22:00:00,2001,5,23,13867.719835578653,31.17629503910982,HOEP (Legacy)
2001-05-26 23:00:00,2001,5,24,14141.393770279677,23.128922391162078,HOEP (Legacy)
2001-05-27 00:00:00,2001,5,1,14388.960847058679,23.612911312264302,HOEP (Legacy)
2001-05-27 01:00:00,2001,5,2,13170.802692097854,54.3581148786228,HOEP (Legacy)
2001-05-27 02:00:00,2001,5,3,14762.541588130223,57.90720785386323,HOEP (Legacy)
2001-05-27 03:00:00,2001,5,4,15347.196311460168,41.22866521570813,HOEP (Legacy)
2001-05-27 04:00:00,2001,5,5,15412.356805719182,58.84547062435989,HOEP (Legacy)
2001-05-27 05:00:00,2001,5,6,16128.864405993632,64.58909420646982,HOEP (Legacy)
2001-05-27 06:00:00,2001,5,7,15120.949765111727,49.11944797350726,HOEP (Legacy)
2001-05-27 07:00:00,2001,5,8,16143.872552037748,50.11533107302009,HOEP (Legacy)
2001-05-27 08:00:00,2001,5,9,16397.171209986816,44.48561756431919,HOEP (Legacy)
2001-05-27 09:00:00,2001,5,10,16763.722764212867,64.13906128089096,HOEP (Legacy)
2001-05-27 10:00:00,2001,5,11,15887.047710758956,66.02188204440272,HOEP (Legacy)
2001-05-27 11:00:00,2001,5,12,16485.506003266375,45.01185798745295,HOEP (Legacy)
2001-05-27 12:00:00,2001,5,13,15264.65368449267,40.55699764386805,HOEP (Legacy)
2001-05-27 13:00:00,2001,5,14,16096.129305387236,39.281691040751284,HOEP (Legacy)
2001-05-27 14:00:00,2001,5,15,15775.989434721023,38.50127759383996,HOEP (Legacy)
2001-05-27 15:00:00,2001,5,16,16544.088148246326,62.25847428856298,HOEP (Legacy)
2001-05-27 16:00:00,2001,5,17,15472.963792129953,44.057671936640006,HOEP (Legacy)
2001-05-27 17:00:00,2001,5,18,14520.947053418522,35.191585316745076,HOEP (Legacy)
2001-05-27 18:00:00,2001,5,19,14403.237875294655,14.872638082224924,HOEP (Legacy)
2001-05-27 19:00:00,2001,5,20,14308.929859853139,43.05707606195752,HOEP (Legacy)
2001-05-27 20:00:00,2001,5,21,13532.615070616994,25.87864467638706,HOEP (Legacy)
2001-05-27 21:00:00,2001,5,22,13381.074995097084,45.25086320158392,HOEP (Legacy)
2001-05-27 22:00:00,2001,5,23,13962.787840766245,53.071867582084074,HOEP (Legacy)
2001-05-27 23:00:00,2001,5,24,14018.974890688896,34.06632377902161,HOEP (Legacy)
2001-05-28 00:00:00,2001,5,1,14093.221982357603,50.720115125692956,HOEP (Legacy)
2001-05-28 01:00:00,2001,5,2,13605.624847540927,31.49776566800628,HOEP (Legacy)
2001-05-28 02:00:00,2001,5,3,14799.961114353971,52.8345329395691,HOEP (Legacy)
2001-05-28 03:00:00,2001,5,4,15848.94134549698,44.257159356374416,HOEP (Legacy)
2001-05-28 04:00:00,2001,5,5,15192.04315496982,68.8522634940797,HOEP (Legacy)
2001-05-28 05:00:00,2001,5,6,15239.042184354197,43.26055464335764,HOEP (Legacy)
2001-05-28 06:00:00,2001,5,7,15872.687780517907,45.442766411369064,HOEP (Legacy)
2001-05-28 07:00:00,2001,5,8,16683.267940888618,56.30969028603054,HOEP (Legacy)
2001-05-28 08:00:00,2001,5,9,15334.844110823276,26.99581734180231,HOEP (Legacy)
2001-05-28 09:00:00,2001,5,10,16524.954014801515,54.316924275188256,HOEP (Legacy)
2001-05-28 10:00:00,2001,5,11,15716.703895681421,51.707715969213595,HOEP (Legacy)
2001-05-28 11:00:00,2001,5,12,16263.785478416134,62.39379430306532,HOEP (Legacy)
2001-05-28 12:00:00,2001,5,13,16139.439701606003,46.07708763506238,HOEP (Legacy)
2001-05-28 13:00:00,2001,5,14,16995.206753705163,77.21598768599505,HOEP (Legacy)
2001-05-28 14:00:00,2001,5,15,16022.73315113809,43.96486176294341,HOEP (Legacy)
2001-05-28 15:00:00,2001,5,16,15562.032605286124,47.93336233853894,HOEP (Legacy)
2001-05-28 16:00:00,2001,5,17,14684.05069284671,43.9896197860843,HOEP (Legacy)
2001-05-28 17:00:00,2001,5,18,14757.805824130788,41.27157020103551,HOEP (Legacy)
2001-05-28 18:00:00,2001,5,19,15074.966619272145,53.13864151518225,HOEP (Legacy)
2001-05-28 19:00:00,2001,5,20,14614.797760826707,34.04860043043775,HOEP (Legacy)
2001-05-28 20:00:00,2001,5,21,14006.732516434564,38.45178101914234,HOEP (Legacy)
2001-05-28 21:00:00,2001,5,22,13700.511375000877,23.829497951881145,HOEP (Legacy)
2001-05-28 22:00:00,2001,5,23,13795.30631236509,44.15166561145226,HOEP (Legacy)
2001-05-28 23:00:00,2001,5,24,13504.005883813921,34.013751939681825,HOEP (Legacy)
2001-05-29 00:00:00,2001,5,1,14085.966489946213,43.45559495965615,HOEP (Legacy)
2001-05-29 01:00:00,2001,5,2,13945.020478164752,37.54086148048813,HOEP (Legacy)
2001-05-29 02:00:00,2001,5,3,15180.511604618681,40.674295149657695,HOEP (Legacy)
2001-05-29 03:00:00,2001,5,4,15743.885247689192,55.76776123700475,HOEP (Legacy)
2001-05-29 04:00:00,2001,5,5,16233.106326638013,54.36665376054778,HOEP (Legacy)
2001-05-29 05:00:00,2001,5,6,15488.303054729971,58.296330875294345,HOEP (Legacy)
2001-05-29 06:00:00,2001,5,7,15388.950728765672,57.60275728530167,HOEP (Legacy)
2001-05-29 07:00:00,2001,5,8,15428.042201644339,52.557149092831295,HOEP (Legacy)
2001-05-29 08:00:00,2001,5,9,16773.405230888642,73.40847858175415,HOEP (Legacy)
2001-05-29 09:00:00,2001,5,10,16131.617325146932,50.104177184038114,HOEP (Legacy)
2001-05-29 10:00:00,2001,5,11,15866.908675476254,45.16579289478827,HOEP (Legacy)
2001-05-29 11:00:00,2001,5,12,16855.257233561944,34.21430068945472,HOEP (Legacy)
2001-05-29 12:00:00,2001,5,13,16344.138683127852,69.09467581291959,HOEP (Legacy)
2001-05-29 13:00:00,2001,5,14,15485.217542844593,53.25613395517074,HOEP (Legacy)
2001-05-29 14:00:00,2001,5,15,16136.046963395193,53.20943816281847,HOEP (Legacy)
2001-05-29 15:00:00,2001,5,16,15510.68963131059,64.66140447674458,HOEP (Legacy)
2001-05-29 16:00:00,2001,5,17,14889.99800556265,34.95618419567896,HOEP (Legacy)
2001-05-29 17:00:00,2001,5,18,14722.544800264963,35.664216532594146,HOEP (Legacy)
2001-05-29 18:00:00,2001,5,19,14954.908444926416,58.08072645367615,HOEP (Legacy)
2001-05-29 19:00:00,2001,5,20,14563.508004837011,27.94500069309914,HOEP (Legacy)
2001-05-29 20:00:00,2001,5,21,14475.113434213992,26.26445335464251,HOEP (Legacy)
2001-05-29 21:00:00,2001,5,22,14874.9460060387,33.68884065473788,HOEP (Legacy)
2001-05-29 22:00:00,2001,5,23,14806.765177833164,42.161309034820704,HOEP (Legacy)
2001-05-29 23:00:00,2001,5,24,14084.553862239842,50.6156253350204,HOEP (Legacy)
2001-05-30 00:00:00,2001,5,1,14733.059261255876,40.67326801979698,HOEP (Legacy)
2001-05-30 01:00:00,2001,5,2,14652.202796305786,32.67237738336862,HOEP (Legacy)
2001-05-30 02:00:00,2001,5,3,14806.928494414207,52.39952103557637,HOEP (Legacy)
2001-05-30 03:00:00,2001,5,4,14483.260490655079,30.640228570426707,HOEP (Legacy)
2001-05-30 04:00:00,2001,5,5,15700.350016931912,67.30386919228654,HOEP (Legacy)
2001-05-30 05:00:00,2001,5,6,15859.908555247875,24.423298662272003,HOEP (Legacy)
2001-05-30 06:00:00,2001,5,7,15764.601339448538,30.67689705016891,HOEP (Legacy)
2001-05-30 07:00:00,2001,5,8,16097.449406101352,51.778384328489174,HOEP (Legacy)
2001-05-30 08:00:00,2001,5,9,16720.691578550657,36.53769077426062,HOEP (Legacy)
2001-05-30 09:00:00,2001,5,10,16657.71470978078,40.927077478742824,HOEP (Legacy)
2001-05-30 10:00:00,2001,5,11,15600.48320981985,37.859047203305536,HOEP (Legacy)
2001-05-30 11:00:00,2001,5,12,16324.72916676704,64.06762410073243,HOEP (Legacy)
2001-05-30 12:00:00,2001,5,13,16367.984384596306,69.74050678629386,HOEP (Legacy)
2001-05-30 13:00:00,2001,5,14,16379.956513956822,66.3834808630084,HOEP (Legacy)
2001-05-30 14:00:00,2001,5,15,15851.9804926925,54.569223454733006,HOEP (Legacy)
2001-05-30 15:00:00,2001,5,16,15668.438349138438,31.720735236576118,HOEP (Legacy)
2001-05-30 16:00:00,2001,5,17,15045.511062076988,43.3615854462516,HOEP (Legacy)
2001-05-30 17:00:00,2001,5,18,14998.38220413979,45.80085443146978,HOEP (Legacy)
2001-05-30 18:00:00,2001,5,19,14630.612201014777,44.67866164783077,HOEP (Legacy)
2001-05-30 19:00:00,2001,5,20,14595.561367573418,55.79537839635094,HOEP (Legacy)
2001-05-30 20:00:00,2001,5,21,13568.287209645016,53.659158341066984,HOEP (Legacy)
2001-05-30 21:00:00,2001,5,22,14411.772147913796,34.45109535413497,HOEP (Legacy)
2001-05-30 22:00:00,2001,5,23,14446.94731243146,54.07916624374894,HOEP (Legacy)
2001-05-30 23:00:00,2001,5,24,13617.516820235964,29.306092674040308,HOEP (Legacy)
2001-05-31 00:00:00,2001,5,1,13911.832110935236,29.307683127037272,HOEP (Legacy)
2001-05-31 01:00:00,2001,5,2,14054.393926757071,53.84311150967252,HOEP (Legacy)
2001-05-31 02:00:00,2001,5,3,14912.561840116552,53.446086502880966,HOEP (Legacy)
2001-05-31 03:00:00,2001,5,4,15448.543861040267,47.93612553627262,HOEP (Legacy)
2001-05-31 04:00:00,2001,5,5,14660.893315490946,39.04926755811682,HOEP (Legacy)
2001-05-31 05:00:00,2001,5,6,15633.994408307513,36.62556706730477,HOEP (Legacy)
2001-05-31 06:00:00,2001,5,7,16153.636828028397,46.764019023324636,HOEP (Legacy)
2001-05-31 07:00:00,2001,5,8,16577.670664632627,66.09914223774733,HOEP (Legacy)
2001-05-31 08:00:00,2001,5,9,16472.501494383738,46.687886601542274,HOEP (Legacy)
2001-05-31 09:00:00,2001,5,10,15775.007510858964,58.909389733888005,HOEP (Legacy)
2001-05-31 10:00:00,2001,5,11,16763.7855332528,51.172770878304924,HOEP (Legacy)
2001-05-31 11:00:00,2001,5,12,15953.57402481793,43.122323619436344,HOEP (Legacy)
2001-05-31 12:00:00,2001,5,13,16088.752236585025,59.39370646378019,HOEP (Legacy)
2001-05-31 13:00:00,2001,5,14,16411.9579470322,77.61212213916102,HOEP (Legacy)
2001-05-31 14:00:00,2001,5,15,15327.512975201504,32.62475170202662,HOEP (Legacy)
2001-05-31 15:00:00,2001,5,16,15123.950142984326,53.81279876336864,HOEP (Legacy)
2001-05-31 16:00:00,2001,5,17,14718.63274866015,28.404146471757524,HOEP (Legacy)
2001-05-31 17:00:00,2001,5,18,15219.097051080182,54.60801110979992,HOEP (Legacy)
2001-05-31 18:00:00,2001,5,19,14858.220003114504,40.89892240112678,HOEP (Legacy)
2001-05-31 19:00:00,2001,5,20,15386.739107443651,31.301392599980723,HOEP (Legacy)
2001-05-31 20:00:00,2001,5,21,15341.126097242153,46.95446517852159,HOEP (Legacy)
2001-05-31 21:00:00,2001,5,22,13569.766696627212,25.924658327911636,HOEP (Legacy)
2001-05-31 22:00:00,2001,5,23,14025.017445265938,19.987991754042206,HOEP (Legacy)
2001-05-31 23:00:00,2001,5,24,13360.869306030978,36.15315156555705,HOEP (Legacy)
2001-06-01 00:00:00,2001,6,1,15655.440465416781,38.57256758056564,HOEP (Legacy)
2001-06-01 01:00:00,2001,6,2,15120.101369931946,49.328992877442964,HOEP (Legacy)
2001-06-01 02:00:00,2001,6,3,15590.967377560366,44.329875357002436,HOEP (Legacy)
2001-06-01 03:00:00,2001,6,4,15607.089570944721,37.064699248267836,HOEP (Legacy)
2001-06-01 04:00:00,2001,6,5,16213.886278778815,52.11762916992684,HOEP (Legacy)
2001-06-01 05:00:00,2001,6,6,15853.236385363298,43.883145670029904,HOEP (Legacy)
2001-06-01 06:00:00,2001,6,7,16898.411711957364,54.71473553848738,HOEP (Legacy)
2001-06-01 07:00:00,2001,6,8,16945.32301332722,50.58505545667618,HOEP (Legacy)
2001-06-01 08:00:00,2001,6,9,16512.90205182759,46.422813363164835,HOEP (Legacy)
2001-06-01 09:00:00,2001,6,10,17481.52204763886,57.69305507325945,HOEP (Legacy)
2001-06-01 10:00:00,2001,6,11,17222.44694100014,81.93927084301068,HOEP (Legacy)
2001-06-01 11:00:00,2001,6,12,17296.344779068455,70.57200966882812,HOEP (Legacy)
2001-06-01 12:00:00,2001,6,13,16769.1539284525,67.96842092475072,HOEP (Legacy)
2001-06-01 13:00:00,2001,6,14,17044.976857890313,49.39005636588063,HOEP (Legacy)
2001-06-01 14:00:00,2001,6,15,15929.62687688483,59.76450911437649,HOEP (Legacy)
2001-06-01 15:00:00,2001,6,16,16185.807980698537,32.43242893884414,HOEP (Legacy)
2001-06-01 16:00:00,2001,6,17,16324.96437375599,54.842566269054174,HOEP (Legacy)
2001-06-01 17:00:00,2001,6,18,15632.178580803195,43.80106478792835,HOEP (Legacy)
2001-06-01 18:00:00,2001,6,19,15626.541235570723,41.33335270545564,HOEP (Legacy)
2001-06-01 19:00:00,2001,6,20,15307.95858794395,39.825297279764875,HOEP (Legacy)
2001-06-01 20:00:00,2001,6,21,15037.48844825261,28.056836770524267,HOEP (Legacy)
2001-06-01 21:00:00,2001,6,22,14224.819391075127,36.5477295232305,HOEP (Legacy)
2001-06-01 22:00:00,2001,6,23,15231.305731093424,48.26779868851197,HOEP (Legacy)
2001-06-01 23:00:00,2001,6,24,14945.444624439255,48.84238040909711,HOEP (Legacy)
2001-06-02 00:00:00,2001,6,1,15131.87647151004,50.51959215481726,HOEP (Legacy)
2001-06-02 01:00:00,2001,6,2,14500.962756775243,60.542049996416736,HOEP (Legacy)
2001-06-02 02:00:00,2001,6,3,15679.829928455154,26.994718380687715,HOEP (Legacy)
2001-06-02 03:00:00,2001,6,4,15566.269319122595,45.0352518295013,HOEP (Legacy)
2001-06-02 04:00:00,2001,6,5,15723.72843487727,52.815828804194155,HOEP (Legacy)
2001-06-02 05:00:00,2001,6,6,15684.25168517092,71.65959498268762,HOEP (Legacy)
2001-06-02 06:00:00,2001,6,7,16772.209577860256,72.61636594516584,HOEP (Legacy)
2001-06-02 07:00:00,2001,6,8,16587.178027283775,33.51505432126966,HOEP (Legacy)
2001-06-02 08:00:00,2001,6,9,17100.180135456318,70.19313286394328,HOEP (Legacy)
2001-06-02 09:00:00,2001,6,10,17769.949712262325,79.49857458888602,HOEP (Legacy)
2001-06-02 10:00:00,2001,6,11,17088.4102521041,49.42435417649267,HOEP (Legacy)
2001-06-02 11:00:00,2001,6,12,18124.219331760603,49.507771455199496,HOEP (Legacy)
2001-06-02 12:00:00,2001,6,13,16897.9570014474,58.876406604994266,HOEP (Legacy)
2001-06-02 13:00:00,2001,6,14,17241.257255785385,50.139039015693456,HOEP (Legacy)
2001-06-02 14:00:00,2001,6,15,16829.938284518732,57.49197133163802,HOEP (Legacy)
2001-06-02 15:00:00,2001,6,16,15653.128389864858,68.01196920390473,HOEP (Legacy)
2001-06-02 16:00:00,2001,6,17,16031.259634057982,48.188819263360564,HOEP (Legacy)
2001-06-02 17:00:00,2001,6,18,15609.102394934516,28.496066176550414,HOEP (Legacy)
2001-06-02 18:00:00,2001,6,19,16030.699107571134,53.11273700468659,HOEP (Legacy)
2001-06-02 19:00:00,2001,6,20,15183.230253529002,64.9002311400802,HOEP (Legacy)
2001-06-02 20:00:00,2001,6,21,15243.714501946259,56.838851004749394,HOEP (Legacy)
2001-06-02 21:00:00,2001,6,22,15609.759047411942,57.69885980425035,HOEP (Legacy)
2001-06-02 22:00:00,2001,6,23,14455.140609052243,41.93479236921508,HOEP (Legacy)
2001-06-02 23:00:00,2001,6,24,14815.325797037758,39.95676654736822,HOEP (Legacy)
2001-06-03 00:00:00,2001,6,1,15946.532193562127,56.1947939739692,HOEP (Legacy)
2001-06-03 01:00:00,2001,6,2,14908.704360732792,37.616081410233996,HOEP (Legacy)
2001-06-03 02:00:00,2001,6,3,14546.62355561847,26.58011075766096,HOEP (Legacy)
2001-06-03 03:00:00,2001,6,4,16230.478491403777,62.20038105613037,HOEP (Legacy)
2001-06-03 04:00:00,2001,6,5,15872.306375455233,37.51826937866215,HOEP (Legacy)
2001-06-03 05:00:00,2001,6,6,16981.97984112253,41.424577062813924,HOEP (Legacy)
2001-06-03 06:00:00,2001,6,7,17671.120419972747,52.27256371711555,HOEP (Legacy)
2001-06-03 07:00:00,2001,6,8,17086.262533456462,54.886162143271136,HOEP (Legacy)
2001-06-03 08:00:00,2001,6,9,16063.795045970877,80.50361383616217,HOEP (Legacy)
2001-06-03 09:00:00,2001,6,10,17299.397697875032,83.0216180694959,HOEP (Legacy)
2001-06-03 10:00:00,2001,6,11,17321.088745034063,54.689350731568986,HOEP (Legacy)
2001-06-03 11:00:00,2001,6,12,17462.650176104496,54.95487519574436,HOEP (Legacy)
2001-06-03 12:00:00,2001,6,13,17229.694939987807,83.13957364578656,HOEP (Legacy)
2001-06-03 13:00:00,2001,6,14,17265.584357682088,60.93925160520035,HOEP (Legacy)
2001-06-03 14:00:00,2001,6,15,17214.631414418618,43.0421365679664,HOEP (Legacy)
2001-06-03 15:00:00,2001,6,16,15998.919514540052,42.951675397048064,HOEP (Legacy)
2001-06-03 16:00:00,2001,6,17,16100.331683283788,72.54434317726495,HOEP (Legacy)
2001-06-03 17:00:00,2001,6,18,16137.378636167678,65.1981287219853,HOEP (Legacy)
2001-06-03 18:00:00,2001,6,19,15693.457806088089,65.8485717147334,HOEP (Legacy)
2001-06-03 19:00:00,2001,6,20,15442.901727938586,67.22086488663062,HOEP (Legacy)
2001-06-03 20:00:00,2001,6,21,15055.620685539265,38.283502763370734,HOEP (Legacy)
2001-06-03 21:00:00,2001,6,22,15043.666553473822,37.16368120899677,HOEP (Legacy)
2001-06-03 22:00:00,2001,6,23,15427.345145599389,49.535154588199774,HOEP (Legacy)
2001-06-03 23:00:00,2001,6,24,14855.49837425925,56.86267766662926,HOEP (Legacy)
2001-06-04 00:00:00,2001,6,1,14821.460556908729,35.1087140383175,HOEP (Legacy)
2001-06-04 01:00:00,2001,6,2,15484.895836976333,49.055518369128755,HOEP (Legacy)
2001-06-04 02:00:00,2001,6,3,15640.707584325093,39.22830915450056,HOEP (Legacy)
2001-06-04 03:00:00,2001,6,4,15324.81208187276,69.08837115375817,HOEP (Legacy)
2001-06-04 04:00:00,2001,6,5,16358.741959075292,39.509516764205344,HOEP (Legacy)
2001-06-04 05:00:00,2001,6,6,16881.09155033949,41.377197221191125,HOEP (Legacy)
2001-06-04 06:00:00,2001,6,7,16625.707455845484,42.637712086647134,HOEP (Legacy)
2001-06-04 07:00:00,2001,6,8,17564.97255196101,83.94654878181655,HOEP (Legacy)
2001-06-04 08:00:00,2001,6,9,17348.339897511025,60.05872087392396,HOEP (Legacy)
2001-06-04 09:00:00,2001,6,10,17684.795979542363,67.48110588017516,HOEP (Legacy)
2001-06-04 10:00:00,2001,6,11,17487.724699842234,74.28275726312083,HOEP (Legacy)
2001-06-04 11:00:00,2001,6,12,17878.945806871812,48.058109177156425,HOEP (Legacy)
2001-06-04 12:00:00,2001,6,13,17332.402008743302,58.394467629052805,HOEP (Legacy)
2001-06-04 13:00:00,2001,6,14,17563.45741174351,60.06137727120291,HOEP (Legacy)
2001-06-04 14:00:00,2001,6,15,17512.839739995463,59.30109210882704,HOEP (Legacy)
2001-06-04 15:00:00,2001,6,16,16391.36919919892,62.58122217636443,HOEP (Legacy)
2001-06-04 16:00:00,2001,6,17,15638.151140602158,51.07462114530303,HOEP (Legacy)
2001-06-04 17:00:00,2001,6,18,16506.34968134768,83.53921982946454,HOEP (Legacy)
2001-06-04 18:00:00,2001,6,19,15426.054983175118,54.954033132389874,HOEP (Legacy)
2001-06-04 19:00:00,2001,6,20,14944.332976194079,38.14553168397318,HOEP (Legacy)
2001-06-04 20:00:00,2001,6,21,14801.873432946273,39.175524685409634,HOEP (Legacy)
2001-06-04 21:00:00,2001,6,22,15228.011949186208,46.831694220961964,HOEP (Legacy)
2001-06-04 22:00:00,2001,6,23,14408.56305709583,47.748870984612715,HOEP (Legacy)
2001-06-04 23:00:00,2001,6,24,15304.757471189421,33.487116921369,HOEP (Legacy)
2001-06-05 00:00:00,2001,6,1,15247.571042063668,66.91481470585111,HOEP (Legacy)
2001-06-05 01:00:00,2001,6,2,16188.472448533688,58.1734542468269,HOEP (Legacy)
2001-06-05 02:00:00,2001,6,3,15449.901319566297,44.0352349118278,HOEP (Legacy)
2001-06-05 03:00:00,2001,6,4,15965.677684797995,32.201136527972494,HOEP (Legacy)
2001-06-05 04:00:00,2001,6,5,16010.650264714677,47.40259352212453,HOEP (Legacy)
2001-06-05 05:00:00,2001,6,6,16641.386925605955,27.01339898408569,HOEP (Legacy)
2001-06-05 06:00:00,2001,6,7,16869.552958974713,51.43112091008386,HOEP (Legacy)
2001-06-05 07:00:00,2001,6,8,16773.86220833785,61.43736692889462,HOEP (Legacy)
2001-06-05 08:00:00,2001,6,9,16898.490416864443,50.96714338289591,HOEP (Legacy)
2001-06-05 09:00:00,2001,6,10,17760.212705690683,71.18598965197415,HOEP (Legacy)
2001-06-05 10:00:00,2001,6,11,17893.613655711448,62.425760514444086,HOEP (Legacy)
2001-06-05 11:00:00,2001,6,12,17851.36699076228,67.78261004033689,HOEP (Legacy)
2001-06-05 12:00:00,2001,6,13,17696.362319208318,57.24446183360581,HOEP (Legacy)
2001-06-05 13:00:00,2001,6,14,17125.51656376332,43.865922556918775,HOEP (Legacy)
2001-06-05 14:00:00,2001,6,15,16553.51182898304,49.43013792425598,HOEP (Legacy)
2001-06-05 15:00:00,2001,6,16,16319.419136433353,67.01048933099293,HOEP (Legacy)
2001-06-05 16:00:00,2001,6,17,16628.30981746622,46.127698101229555,HOEP (Legacy)
2001-06-05 17:00:00,2001,6,18,15950.273379054826,57.659321986960265,HOEP (Legacy)
2001-06-05 18:00:00,2001,6,19,15758.114940741289,60.59924245294769,HOEP (Legacy)
2001-06-05 19:00:00,2001,6,20,14902.023088446607,70.23404412737762,HOEP (Legacy)
2001-06-05 20:00:00,2001,6,21,14824.78447204846,39.75878781937492,HOEP (Legacy)
2001-06-05 21:00:00,2001,6,22,15114.126183047803,55.721645218123,HOEP (Legacy)
2001-06-05 22:00:00,2001,6,23,15335.455886481384,19.249943804246342,HOEP (Legacy)
2001-06-05 23:00:00,2001,6,24,13991.492291848686,44.84346175145464,HOEP (Legacy)
2001-06-06 00:00:00,2001,6,1,15366.885097185985,37.765702667585074,HOEP (Legacy)
2001-06-06 01:00:00,2001,6,2,15236.763704785906,51.12178794194557,HOEP (Legacy)
2001-06-06 02:00:00,2001,6,3,15451.850449783407,19.796679436403565,HOEP (Legacy)
2001-06-06 03:00:00,2001,6,4,16263.806447579853,64.57666303720153,HOEP (Legacy)
2001-06-06 04:00:00,2001,6,5,16440.67710329604,63.229101666423006,HOEP (Legacy)
2001-06-06 05:00:00,2001,6,6,16407.04481449522,52.95704911430584,HOEP (Legacy)
2001-06-06 06:00:00,2001,6,7,15897.402370795548,55.99486891077689,HOEP (Legacy)
2001-06-06 07:00:00,2001,6,8,16953.99468633639,72.22088470947318,HOEP (Legacy)
2001-06-06 08:00:00,2001,6,9,17850.034730228763,69.07001197048706,HOEP (Legacy)
2001-06-06 09:00:00,2001,6,10,17033.883562694962,51.234545997336284,HOEP (Legacy)
2001-06-06 10:00:00,2001,6,11,17899.890333147858,68.68983738750708,HOEP (Legacy)
2001-06-06 11:00:00,2001,6,12,17473.907770974038,74.66866509786786,HOEP (Legacy)
2001-06-06 12:00:00,2001,6,13,17327.910215485164,48.63729984609714,HOEP (Legacy)
2001-06-06 13:00:00,2001,6,14,17014.901271977968,52.07899522594036,HOEP (Legacy)
2001-06-06 14:00:00,2001,6,15,16739.711471707447,59.991752505477194,HOEP (Legacy)
2001-06-06 15:00:00,2001,6,16,16592.487895330007,72.90557000556042,HOEP (Legacy)
2001-06-06 16:00:00,2001,6,17,16045.48644287964,31.12204567000871,HOEP (Legacy)
2001-06-06 17:00:00,2001,6,18,15876.769505115588,54.26228743962467,HOEP (Legacy)
2001-06-06 18:00:00,2001,6,19,15774.753584265263,54.378606497528914,HOEP (Legacy)
2001-06-06 19:00:00,2001,6,20,15612.037546902766,17.35238855299498,HOEP (Legacy)
2001-06-06 20:00:00,2001,6,21,15117.875764559549,37.392614894527796,HOEP (Legacy)
2001-06-06 21:00:00,2001,6,22,14659.604670205967,42.796097973647875,HOEP (Legacy)
2001-06-06 22:00:00,2001,6,23,14594.73929631881,25.92221431736991,HOEP (Legacy)
2001-06-06 23:00:00,2001,6,24,14000.462907262863,48.91994127215742,HOEP (Legacy)
2001-06-07 00:00:00,2001,6,1,14837.320785459642,38.18042114467997,HOEP (Legacy)
2001-06-07 01:00:00,2001,6,2,15197.538207204016,31.54935185730897,HOEP (Legacy)
2001-06-07 02:00:00,2001,6,3,16028.7393080859,44.05271576482269,HOEP (Legacy)
2001-06-07 03:00:00,2001,6,4,15923.79726280661,40.659617324347145,HOEP (Legacy)
2001-06-07 04:00:00,2001,6,5,15422.074903233,56.161527433786894,HOEP (Legacy)
2001-06-07 05:00:00,2001,6,6,16498.982959291723,65.98951579404763,HOEP (Legacy)
2001-06-07 06:00:00,2001,6,7,16502.368411031475,47.98214886360032,HOEP (Legacy)
2001-06-07 07:00:00,2001,6,8,18041.900412119187,82.22314283124557,HOEP (Legacy)
2001-06-07 08:00:00,2001,6,9,16595.26360723244,65.19606656413126,HOEP (Legacy)
2001-06-07 09:00:00,2001,6,10,18069.805004232716,74.74770607392966,HOEP (Legacy)
2001-06-07 10:00:00,2001,6,11,17688.97141033571,65.82970840505318,HOEP (Legacy)
2001-06-07 11:00:00,2001,6,12,17860.947596877442,46.07915203028203,HOEP (Legacy)
2001-06-07 12:00:00,2001,6,13,17334.783767941903,51.02552050246851,HOEP (Legacy)
2001-06-07 13:00:00,2001,6,14,17711.663825870284,65.2944541253359,HOEP (Legacy)
2001-06-07 14:00:00,2001,6,15,16763.214443238634,60.777932446719106,HOEP (Legacy)
2001-06-07 15:00:00,2001,6,16,16625.555792840823,63.91151200350048,HOEP (Legacy)
2001-06-07 16:00:00,2001,6,17,16545.91874394257,81.80775785691621,HOEP (Legacy)
2001-06-07 17:00:00,2001,6,18,16403.20573178959,58.24207225623715,HOEP (Legacy)
2001-06-07 18:00:00,2001,6,19,15643.014049011084,57.18221344905928,HOEP (Legacy)
2001-06-07 19:00:00,2001,6,20,14880.198981654012,46.49608420649606,HOEP (Legacy)
2001-06-07 20:00:00,2001,6,21,14264.381053725581,38.611777088514344,HOEP (Legacy)
2001-06-07 21:00:00,2001,6,22,15377.4178793258,48.431721871680566,HOEP (Legacy)
2001-06-07 22:00:00,2001,6,23,15304.12611205305,52.88846983780427,HOEP (Legacy)
2001-06-07 23:00:00,2001,6,24,14471.068081076539,64.49176876008966,HOEP (Legacy)
2001-06-08 00:00:00,2001,6,1,15218.338183426915,46.25528378970124,HOEP (Legacy)
2001-06-08 01:00:00,2001,6,2,15410.197855558927,56.94376720020035,HOEP (Legacy)
2001-06-08 02:00:00,2001,6,3,16084.010151141578,44.397700879597224,HOEP (Legacy)
2001-06-08 03:00:00,2001,6,4,15224.806914146568,43.57533439006856,HOEP (Legacy)
2001-06-08 04:00:00,2001,6,5,15684.420958718756,49.3213589653279,HOEP (Legacy)
2001-06-08 05:00:00,2001,6,6,16421.536324117016,58.59523135146678,HOEP (Legacy)
2001-06-08 06:00:00,2001,6,7,17221.34822560497,37.197362953177276,HOEP (Legacy)
2001-06-08 07:00:00,2001,6,8,16976.10740272486,56.10047002665524,HOEP (Legacy)
2001-06-08 08:00:00,2001,6,9,17234.616721446364,51.79452579333502,HOEP (Legacy)
2001-06-08 09:00:00,2001,6,10,18128.47188184236,75.45599199997078,HOEP (Legacy)
2001-06-08 10:00:00,2001,6,11,17424.015388017953,48.77552215307674,HOEP (Legacy)
2001-06-08 11:00:00,2001,6,12,17603.461864313933,71.8928170814994,HOEP (Legacy)
2001-06-08 12:00:00,2001,6,13,17268.38681287137,63.214600924866936,HOEP (Legacy)
2001-06-08 13:00:00,2001,6,14,16591.506473991696,53.249649661549824,HOEP (Legacy)
2001-06-08 14:00:00,2001,6,15,17118.873350957685,29.682791440046472,HOEP (Legacy)
2001-06-08 15:00:00,2001,6,16,16416.622913575226,53.73389654863997,HOEP (Legacy)
2001-06-08 16:00:00,2001,6,17,16709.15986467688,87.9986976761059,HOEP (Legacy)
2001-06-08 17:00:00,2001,6,18,16226.97232702352,58.607966563174294,HOEP (Legacy)
2001-06-08 18:00:00,2001,6,19,15593.911468415225,49.17473413474886,HOEP (Legacy)
2001-06-08 19:00:00,2001,6,20,15436.315248452767,55.45879716162463,HOEP (Legacy)
2001-06-08 20:00:00,2001,6,21,14848.924677222796,36.122774383634706,HOEP (Legacy)
2001-06-08 21:00:00,2001,6,22,15303.211214434576,29.330932079858712,HOEP (Legacy)
2001-06-08 22:00:00,2001,6,23,14993.14551816761,31.60360616844151,HOEP (Legacy)
2001-06-08 23:00:00,2001,6,24,14747.250672935652,28.91653742296799,HOEP (Legacy)
2001-06-09 00:00:00,2001,6,1,15342.329082548864,47.845384681340214,HOEP (Legacy)
2001-06-09 01:00:00,2001,6,2,15875.088563249341,60.63346957511131,HOEP (Legacy)
2001-06-09 02:00:00,2001,6,3,15784.204024623243,66.2573579380906,HOEP (Legacy)
2001-06-09 03:00:00,2001,6,4,15501.016842957719,64.69399010568414,HOEP (Legacy)
2001-06-09 04:00:00,2001,6,5,15520.145966405284,45.17710438460518,HOEP (Legacy)
2001-06-09 05:00:00,2001,6,6,16728.23845642223,70.61373892164376,HOEP (Legacy)
2001-06-09 06:00:00,2001,6,7,16409.025513038017,67.01751423149236,HOEP (Legacy)
2001-06-09 07:00:00,2001,6,8,17145.449971410035,64.0111937672467,HOEP (Legacy)
2001-06-09 08:00:00,2001,6,9,17648.960298083315,38.07679217942702,HOEP (Legacy)
2001-06-09 09:00:00,2001,6,10,17091.012905720803,50.05628382482216,HOEP (Legacy)
2001-06-09 10:00:00,2001,6,11,17249.49217040672,69.36257727773058,HOEP (Legacy)
2001-06-09 11:00:00,2001,6,12,17275.65603306522,61.44583963267094,HOEP (Legacy)
2001-06-09 12:00:00,2001,6,13,17785.810375098186,49.28032084942818,HOEP (Legacy)
2001-06-09 13:00:00,2001,6,14,17124.40768441962,73.79340047844327,HOEP (Legacy)
2001-06-09 14:00:00,2001,6,15,16516.212035353856,68.31598838119729,HOEP (Legacy)
2001-06-09 15:00:00,2001,6,16,16047.960507011961,49.511788064329174,HOEP (Legacy)
2001-06-09 16:00:00,2001,6,17,16625.28987142729,50.029181849478604,HOEP (Legacy)
2001-06-09 17:00:00,2001,6,18,15943.876705566998,84.02697387212906,HOEP (Legacy)
2001-06-09 18:00:00,2001,6,19,15782.436031268287,47.45496535715311,HOEP (Legacy)
2001-06-09 19:00:00,2001,6,20,15150.50052316857,45.362533116484606,HOEP (Legacy)
2001-06-09 20:00:00,2001,6,21,14952.248670028035,52.63720904628584,HOEP (Legacy)
2001-06-09 21:00:00,2001,6,22,14245.358297811297,26.886053659055317,HOEP (Legacy)
2001-06-09 22:00:00,2001,6,23,15085.421619298402,61.479634871702316,HOEP (Legacy)
2001-06-09 23:00:00,2001,6,24,15013.677776138988,52.44512358794228,HOEP (Legacy)
2001-06-10 00:00:00,2001,6,1,14907.989824813065,55.069521649673476,HOEP (Legacy)
2001-06-10 01:00:00,2001,6,2,15035.465238972243,33.48641353118688,HOEP (Legacy)
2001-06-10 02:00:00,2001,6,3,16274.947646359125,48.95947816372218,HOEP (Legacy)
2001-06-10 03:00:00,2001,6,4,16145.127830140398,52.28921577254026,HOEP (Legacy)
2001-06-10 04:00:00,2001,6,5,16179.106137535586,86.70729486152247,HOEP (Legacy)
2001-06-10 05:00:00,2001,6,6,16351.58296701751,82.7912284232956,HOEP (Legacy)
2001-06-10 06:00:00,2001,6,7,17268.09674196939,36.19451913459058,HOEP (Legacy)
2001-06-10 07:00:00,2001,6,8,16799.37636963038,67.58644196109321,HOEP (Legacy)
2001-06-10 08:00:00,2001,6,9,17001.87767249601,48.66873030250289,HOEP (Legacy)
2001-06-10 09:00:00,2001,6,10,17438.315958368206,66.68459275256741,HOEP (Legacy)
2001-06-10 10:00:00,2001,6,11,17973.57312689557,71.19809087451142,HOEP (Legacy)
2001-06-10 11:00:00,2001,6,12,16990.382877675544,71.99760278287296,HOEP (Legacy)
2001-06-10 12:00:00,2001,6,13,17356.671296103024,51.756147956117985,HOEP (Legacy)
2001-06-10 13:00:00,2001,6,14,16664.90461307585,62.79456713135716,HOEP (Legacy)
2001-06-10 14:00:00,2001,6,15,16710.190624561063,49.641835721401286,HOEP (Legacy)
2001-06-10 15:00:00,2001,6,16,16753.251938612964,55.24045901718896,HOEP (Legacy)
2001-06-10 16:00:00,2001,6,17,15860.660892013699,65.2518278884526,HOEP (Legacy)
2001-06-10 17:00:00,2001,6,18,16197.522936484726,68.76524869626712,HOEP (Legacy)
2001-06-10 18:00:00,2001,6,19,15446.465010025378,56.19987738123751,HOEP (Legacy)
2001-06-10 19:00:00,2001,6,20,15370.916139032775,51.90961515447529,HOEP (Legacy)
2001-06-10 20:00:00,2001,6,21,15188.807137349972,59.68532334224618,HOEP (Legacy)
2001-06-10 21:00:00,2001,6,22,14874.964374918301,52.039636442863305,HOEP (Legacy)
2001-06-10 22:00:00,2001,6,23,15255.789401399641,32.71897985416528,HOEP (Legacy)
2001-06-10 23:00:00,2001,6,24,15100.118013282032,58.81314848465814,HOEP (Legacy)
2001-06-11 00:00:00,2001,6,1,15578.519909119983,33.34825215197563,HOEP (Legacy)
2001-06-11 01:00:00,2001,6,2,15496.564734640024,55.06324188065588,HOEP (Legacy)
2001-06-11 02:00:00,2001,6,3,14960.1737840894,31.47417795697694,HOEP (Legacy)
2001-06-11 03:00:00,2001,6,4,15742.186140528866,53.28752052779524,HOEP (Legacy)
2001-06-11 04:00:00,2001,6,5,16089.146223062742,35.07835719616295,HOEP (Legacy)
2001-06-11 05:00:00,2001,6,6,16510.110870298213,47.17593216699021,HOEP (Legacy)
2001-06-11 06:00:00,2001,6,7,17219.52027518363,58.96307515291607,HOEP (Legacy)
2001-06-11 07:00:00,2001,6,8,16731.04432887879,71.27693813486975,HOEP (Legacy)
2001-06-11 08:00:00,2001,6,9,16789.28104682768,40.438275653512605,HOEP (Legacy)
2001-06-11 09:00:00,2001,6,10,17282.557680382564,65.70000846147809,HOEP (Legacy)
2001-06-11 10:00:00,2001,6,11,18171.717649450886,67.62633502113779,HOEP (Legacy)
2001-06-11 11:00:00,2001,6,12,16926.3039539935,56.88044959676073,HOEP (Legacy)
2001-06-11 12:00:00,2001,6,13,18005.77276121556,67.28293882549177,HOEP (Legacy)
2001-06-11 13:00:00,2001,6,14,16432.173716124413,39.037635233138104,HOEP (Legacy)
2001-06-11 14:00:00,2001,6,15,16892.121252213117,54.76340328902802,HOEP (Legacy)
2001-06-11 15:00:00,2001,6,16,16632.08226595398,66.1069595128973,HOEP (Legacy)
2001-06-11 16:00:00,2001,6,17,15795.604557477944,49.10907097131077,HOEP (Legacy)
2001-06-11 17:00:00,2001,6,18,15440.760357616773,43.873662834557265,HOEP (Legacy)
2001-06-11 18:00:00,2001,6,19,15529.607506160768,52.571463004508516,HOEP (Legacy)
2001-06-11 19:00:00,2001,6,20,15239.608747049155,50.56295532281527,HOEP (Legacy)
2001-06-11 20:00:00,2001,6,21,15268.776224885485,45.91358864865028,HOEP (Legacy)
2001-06-11 21:00:00,2001,6,22,14459.032347699092,43.64494497911974,HOEP (Legacy)
2001-06-11 22:00:00,2001,6,23,14721.63517379883,28.15181239754116,HOEP (Legacy)
2001-06-11 23:00:00,2001,6,24,15162.158338940439,77.99635548110803,HOEP (Legacy)
2001-06-12 00:00:00,2001,6,1,15629.706183685614,46.751821688838874,HOEP (Legacy)
2001-06-12 01:00:00,2001,6,2,14844.165022740071,24.384203256839506,HOEP (Legacy)
2001-06-12 02:00:00,2001,6,3,15696.905612961813,45.56978421155594,HOEP (Legacy)
2001-06-12 03:00:00,2001,6,4,15690.572873498915,43.81971895443404,HOEP (Legacy)
2001-06-12 04:00:00,2001,6,5,16238.803718976671,55.49299636703981,HOEP (Legacy)
2001-06-12 05:00:00,2001,6,6,16172.831731841552,36.029853994471225,HOEP (Legacy)
2001-06-12 06:00:00,2001,6,7,16407.42991429363,52.79864417064452,HOEP (Legacy)
2001-06-12 07:00:00,2001,6,8,17215.649840861053,53.676089029538005,HOEP (Legacy)
2001-06-12 08:00:00,2001,6,9,17971.735195113037,75.78047972058769,HOEP (Legacy)
2001-06-12 09:00:00,2001,6,10,17633.96673252941,64.72738391328782,HOEP (Legacy)
2001-06-12 10:00:00,2001,6,11,17266.46857497782,50.76617531306209,HOEP (Legacy)
2001-06-12 11:00:00,2001,6,12,17712.184877311778,50.1117856944791,HOEP (Legacy)
2001-06-12 12:00:00,2001,6,13,16797.12965924821,65.08242513318876,HOEP (Legacy)
2001-06-12 13:00:00,2001,6,14,17291.462230773956,73.88017572276644,HOEP (Legacy)
2001-06-12 14:00:00,2001,6,15,16742.57609344652,55.12475270473333,HOEP (Legacy)
2001-06-12 15:00:00,2001,6,16,15839.615042381634,32.150703830061616,HOEP (Legacy)
2001-06-12 16:00:00,2001,6,17,15865.499643293406,45.444203898805526,HOEP (Legacy)
2001-06-12 17:00:00,2001,6,18,15637.585977941668,37.54016341719337,HOEP (Legacy)
2001-06-12 18:00:00,2001,6,19,15320.779738936737,42.778840510943105,HOEP (Legacy)
2001-06-12 19:00:00,2001,6,20,15545.809491502125,55.88568145053649,HOEP (Legacy)
2001-06-12 20:00:00,2001,6,21,15149.787733487958,53.032992394930744,HOEP (Legacy)
2001-06-12 21:00:00,2001,6,22,15004.771836523601,20.80415106665957,HOEP (Legacy)
2001-06-12 22:00:00,2001,6,23,14893.049327055794,59.801579433298045,HOEP (Legacy)
2001-06-12 23:00:00,2001,6,24,14914.145158982667,30.88113483717884,HOEP (Legacy)
2001-06-13 00:00:00,2001,6,1,15241.19614344815,47.82611735273016,HOEP (Legacy)
2001-06-13 01:00:00,2001,6,2,14813.394075569993,51.37360318794477,HOEP (Legacy)
2001-06-13 02:00:00,2001,6,3,15104.247419322539,46.74305194058555,HOEP (Legacy)
2001-06-13 03:00:00,2001,6,4,15815.733383876408,38.91209168273425,HOEP (Legacy)
2001-06-13 04:00:00,2001,6,5,16503.706129241906,60.85385074929815,HOEP (Legacy)
2001-06-13 05:00:00,2001,6,6,16577.12223798915,49.02530791559556,HOEP (Legacy)
2001-06-13 06:00:00,2001,6,7,16230.997708799077,62.879507278575886,HOEP (Legacy)
2001-06-13 07:00:00,2001,6,8,16999.71984798704,68.39867210333922,HOEP (Legacy)
2001-06-13 08:00:00,2001,6,9,17715.6446236571,58.39429646899776,HOEP (Legacy)
2001-06-13 09:00:00,2001,6,10,16622.514801703746,53.389556055484235,HOEP (Legacy)
2001-06-13 10:00:00,2001,6,11,17779.90545077373,53.412879981736076,HOEP (Legacy)
2001-06-13 11:00:00,2001,6,12,17500.24270818155,83.11352230019119,HOEP (Legacy)
2001-06-13 12:00:00,2001,6,13,17042.2527275082,63.2091687732377,HOEP (Legacy)
2001-06-13 13:00:00,2001,6,14,16439.385638248034,74.86884307309391,HOEP (Legacy)
2001-06-13 14:00:00,2001,6,15,17177.286962063063,65.803487682407,HOEP (Legacy)
2001-06-13 15:00:00,2001,6,16,16101.398214806917,42.26966165193207,HOEP (Legacy)
2001-06-13 16:00:00,2001,6,17,15933.2912603881,27.366952759188656,HOEP (Legacy)
2001-06-13 17:00:00,2001,6,18,15407.445627443543,45.54251285385087,HOEP (Legacy)
2001-06-13 18:00:00,2001,6,19,15322.256160097011,63.305936005989594,HOEP (Legacy)
2001-06-13 19:00:00,2001,6,20,14954.050161266603,54.45814768589583,HOEP (Legacy)
2001-06-13 20:00:00,2001,6,21,15572.632579734925,59.873648513718365,HOEP (Legacy)
2001-06-13 21:00:00,2001,6,22,14995.57408580807,50.26571037754489,HOEP (Legacy)
2001-06-13 22:00:00,2001,6,23,15203.74177619567,45.040035319404446,HOEP (Legacy)
2001-06-13 23:00:00,2001,6,24,14827.935169467693,50.703685494087715,HOEP (Legacy)
2001-06-14 00:00:00,2001,6,1,15080.2022107387,72.42165653396152,HOEP (Legacy)
2001-06-14 01:00:00,2001,6,2,15379.403195248426,59.41940372594201,HOEP (Legacy)
2001-06-14 02:00:00,2001,6,3,15545.175427961987,61.39597442953395,HOEP (Legacy)
2001-06-14 03:00:00,2001,6,4,16508.606589044415,50.99773554847408,HOEP (Legacy)
2001-06-14 04:00:00,2001,6,5,16789.66137134625,56.160286974355955,HOEP (Legacy)
2001-06-14 05:00:00,2001,6,6,17263.576830111586,66.3095365620772,HOEP (Legacy)
2001-06-14 06:00:00,2001,6,7,16008.618990608207,46.488213881455884,HOEP (Legacy)
2001-06-14 07:00:00,2001,6,8,17198.08941766329,49.561313886444815,HOEP (Legacy)
2001-06-14 08:00:00,2001,6,9,17085.77343058388,64.5417155600146,HOEP (Legacy)
2001-06-14 09:00:00,2001,6,10,17076.21295665211,68.18581033159097,HOEP (Legacy)
2001-06-14 10:00:00,2001,6,11,16886.568168523132,59.27589740415421,HOEP (Legacy)
2001-06-14 11:00:00,2001,6,12,16924.868838615028,45.397020449310496,HOEP (Legacy)
2001-06-14 12:00:00,2001,6,13,16677.501148419193,44.581409618044184,HOEP (Legacy)
2001-06-14 13:00:00,2001,6,14,17277.67506458725,58.32363018148099,HOEP (Legacy)
2001-06-14 14:00:00,2001,6,15,17413.591153970192,43.53785116714882,HOEP (Legacy)
2001-06-14 15:00:00,2001,6,16,16229.803635185213,25.011814801693284,HOEP (Legacy)
2001-06-14 16:00:00,2001,6,17,15795.50322728678,76.8753127531331,HOEP (Legacy)
2001-06-14 17:00:00,2001,6,18,16344.68377561437,54.9406367171335,HOEP (Legacy)
2001-06-14 18:00:00,2001,6,19,16084.671363018357,41.21187786770976,HOEP (Legacy)
2001-06-14 19:00:00,2001,6,20,15398.997843153566,29.742746829945826,HOEP (Legacy)
2001-06-14 20:00:00,2001,6,21,14892.347271501065,30.70128082606845,HOEP (Legacy)
2001-06-14 21:00:00,2001,6,22,14725.35703538075,22.29471040907532,HOEP (Legacy)
2001-06-14 22:00:00,2001,6,23,15483.471475354516,47.14716580033132,HOEP (Legacy)
2001-06-14 23:00:00,2001,6,24,15022.945555995662,46.93988130489642,HOEP (Legacy)
2001-06-15 00:00:00,2001,6,1,15275.258504521691,43.76678648478527,HOEP (Legacy)
2001-06-15 01:00:00,2001,6,2,16019.793674091516,60.81591062595242,HOEP (Legacy)
2001-06-15 02:00:00,2001,6,3,15459.587943762835,54.05355227392133,HOEP (Legacy)
2001-06-15 03:00:00,2001,6,4,16528.229882179174,49.340627329324654,HOEP (Legacy)
2001-06-15 04:00:00,2001,6,5,16903.49380310358,34.35592832495504,HOEP (Legacy)
2001-06-15 05:00:00,2001,6,6,16386.795894113435,66.0924576455949,HOEP (Legacy)
2001-06-15 06:00:00,2001,6,7,16828.43159468079,62.531781297193774,HOEP (Legacy)
2001-06-15 07:00:00,2001,6,8,17723.41404938729,52.97356773147464,HOEP (Legacy)
2001-06-15 08:00:00,2001,6,9,16875.406055100597,63.062860727650815,HOEP (Legacy)
2001-06-15 09:00:00,2001,6,10,17527.513130491654,73.66303485857094,HOEP (Legacy)
2001-06-15 10:00:00,2001,6,11,17138.763228091175,47.71520719823694,HOEP (Legacy)
2001-06-15 11:00:00,2001,6,12,17520.86543381082,76.58658536564712,HOEP (Legacy)
2001-06-15 12:00:00,2001,6,13,17541.650019609107,60.813357179388845,HOEP (Legacy)
2001-06-15 13:00:00,2001,6,14,17122.850132465617,74.15101265310875,HOEP (Legacy)
2001-06-15 14:00:00,2001,6,15,17232.139261235337,65.77340749031401,HOEP (Legacy)
2001-06-15 15:00:00,2001,6,16,16392.901193486774,44.59500885166092,HOEP (Legacy)
2001-06-15 16:00:00,2001,6,17,16050.268373513854,54.882274206702654,HOEP (Legacy)
2001-06-15 17:00:00,2001,6,18,15660.397827424511,47.42532763544248,HOEP (Legacy)
2001-06-15 18:00:00,2001,6,19,15296.57822673307,42.50718444720515,HOEP (Legacy)
2001-06-15 19:00:00,2001,6,20,14936.679980066347,55.11540649069005,HOEP (Legacy)
2001-06-15 20:00:00,2001,6,21,14720.768213229368,41.350187905297126,HOEP (Legacy)
2001-06-15 21:00:00,2001,6,22,15343.809492374081,49.13386917975157,HOEP (Legacy)
2001-06-15 22:00:00,2001,6,23,15332.884130288105,64.26283807348452,HOEP (Legacy)
2001-06-15 23:00:00,2001,6,24,14253.721577942408,45.91953740198385,HOEP (Legacy)
2001-06-16 00:00:00,2001,6,1,15652.053310112993,34.33938639699257,HOEP (Legacy)
2001-06-16 01:00:00,2001,6,2,14880.238424565281,56.45690533851815,HOEP (Legacy)
2001-06-16 02:00:00,2001,6,3,16231.028917726722,57.45113692673043,HOEP (Legacy)
2001-06-16 03:00:00,2001,6,4,16212.15588685284,53.05750201203243,HOEP (Legacy)
2001-06-16 04:00:00,2001,6,5,16102.551206226153,32.75822612942306,HOEP (Legacy)
2001-06-16 05:00:00,2001,6,6,16682.460155626693,48.437787365177456,HOEP (Legacy)
2001-06-16 06:00:00,2001,6,7,16802.062509722236,73.42455279694913,HOEP (Legacy)
2001-06-16 07:00:00,2001,6,8,16348.69686202386,53.67031202950541,HOEP (Legacy)
2001-06-16 08:00:00,2001,6,9,16738.2952497308,44.64888026614554,HOEP (Legacy)
2001-06-16 09:00:00,2001,6,10,17114.263832557368,59.3472924647132,HOEP (Legacy)
2001-06-16 10:00:00,2001,6,11,17328.497301153544,62.49431726081401,HOEP (Legacy)
2001-06-16 11:00:00,2001,6,12,17654.49046877887,55.38652532641787,HOEP (Legacy)
2001-06-16 12:00:00,2001,6,13,16976.17669555283,51.280161672162436,HOEP (Legacy)
2001-06-16 13:00:00,2001,6,14,16828.599204809794,60.64579347082646,HOEP (Legacy)
2001-06-16 14:00:00,2001,6,15,16808.301201194387,49.492526686046006,HOEP (Legacy)
2001-06-16 15:00:00,2001,6,16,16510.45050985609,49.33305119204229,HOEP (Legacy)
2001-06-16 16:00:00,2001,6,17,16852.466011432807,51.0831052038437,HOEP (Legacy)
2001-06-16 17:00:00,2001,6,18,16413.189349349042,33.10018056445767,HOEP (Legacy)
2001-06-16 18:00:00,2001,6,19,15204.105040599634,35.186609933964874,HOEP (Legacy)
2001-06-16 19:00:00,2001,6,20,15125.540090158305,40.995763045902166,HOEP (Legacy)
2001-06-16 20:00:00,2001,6,21,15620.385845610514,67.28063618539952,HOEP (Legacy)
2001-06-16 21:00:00,2001,6,22,15043.347827822663,56.33056042841096,HOEP (Legacy)
2001-06-16 22:00:00,2001,6,23,14965.125101569874,50.06205110622955,HOEP (Legacy)
2001-06-16 23:00:00,2001,6,24,14981.45425198725,40.773925176733265,HOEP (Legacy)
2001-06-17 00:00:00,2001,6,1,15094.55094472122,23.942588059978135,HOEP (Legacy)
2001-06-17 01:00:00,2001,6,2,15091.10247623393,39.256954835055375,HOEP (Legacy)
2001-06-17 02:00:00,2001,6,3,15605.298505218745,53.86406103632382,HOEP (Legacy)
2001-06-17 03:00:00,2001,6,4,15975.99339791596,74.45079322938057,HOEP (Legacy)
2001-06-17 04:00:00,2001,6,5,16358.187214883734,57.20880061955169,HOEP (Legacy)
2001-06-17 05:00:00,2001,6,6,16759.1258816751,51.027623748014236,HOEP (Legacy)
2001-06-17 06:00:00,2001,6,7,17095.386720207916,73.58969135829504,HOEP (Legacy)
2001-06-17 07:00:00,2001,6,8,17107.760459774414,46.245025397724795,HOEP (Legacy)
2001-06-17 08:00:00,2001,6,9,17216.687732354294,71.24746468067923,HOEP (Legacy)
2001-06-17 09:00:00,2001,6,10,17514.855107382533,60.4510886681144,HOEP (Legacy)
2001-06-17 10:00:00,2001,6,11,17435.99023555203,62.97967986239882,HOEP (Legacy)
2001-06-17 11:00:00,2001,6,12,17753.13369938134,83.00123597230413,HOEP (Legacy)
2001-06-17 12:00:00,2001,6,13,16422.208899194964,55.02500284325731,HOEP (Legacy)
2001-06-17 13:00:00,2001,6,14,16663.464080162506,59.944755383019825,HOEP (Legacy)
2001-06-17 14:00:00,2001,6,15,16442.657222585764,55.82727471442117,HOEP (Legacy)
2001-06-17 15:00:00,2001,6,16,15981.74896959425,26.06122744507395,HOEP (Legacy)
2001-06-17 16:00:00,2001,6,17,16437.85334774385,51.71717649672566,HOEP (Legacy)
2001-06-17 17:00:00,2001,6,18,15718.834908977024,38.83985107323736,HOEP (Legacy)
2001-06-17 18:00:00,2001,6,19,15341.098691955645,47.72432829260426,HOEP (Legacy)
2001-06-17 19:00:00,2001,6,20,15580.1189226927,44.002781049407886,HOEP (Legacy)
2001-06-17 20:00:00,2001,6,21,14906.950106534387,51.068052354869955,HOEP (Legacy)
2001-06-17 21:00:00,2001,6,22,14799.706619946986,32.229848918262604,HOEP (Legacy)
2001-06-17 22:00:00,2001,6,23,15672.700394372552,69.59853697299836,HOEP (Legacy)
2001-06-17 23:00:00,2001,6,24,14795.85259948976,58.14522213784194,HOEP (Legacy)
2001-06-18 00:00:00,2001,6,1,14854.999811574335,49.176976184216066,HOEP (Legacy)
2001-06-18 01:00:00,2001,6,2,15382.829662598971,60.59557434996585,HOEP (Legacy)
2001-06-18 02:00:00,2001,6,3,15113.030241956383,39.3186574272526,HOEP (Legacy)
2001-06-18 03:00:00,2001,6,4,15761.455699368458,44.43768941731366,HOEP (Legacy)
2001-06-18 04:00:00,2001,6,5,15517.895502791502,53.80901081420771,HOEP (Legacy)
2001-06-18 05:00:00,2001,6,6,16508.17709737652,57.68934421729975,HOEP (Legacy)
2001-06-18 06:00:00,2001,6,7,16611.821879156563,40.060257649956384,HOEP (Legacy)
2001-06-18 07:00:00,2001,6,8,17568.277371201624,67.87492478587318,HOEP (Legacy)
2001-06-18 08:00:00,2001,6,9,17483.150604722443,77.45925378552427,HOEP (Legacy)
2001-06-18 09:00:00,2001,6,10,16799.860504320975,64.9223409850847,HOEP (Legacy)
2001-06-18 10:00:00,2001,6,11,17284.78110419288,54.245130230361525,HOEP (Legacy)
2001-06-18 11:00:00,2001,6,12,17328.569681819034,37.989154986733226,HOEP (Legacy)
2001-06-18 12:00:00,2001,6,13,17464.548227333595,68.8888473998876,HOEP (Legacy)
2001-06-18 13:00:00,2001,6,14,17816.94019803031,57.41567725637256,HOEP (Legacy)
2001-06-18 14:00:00,2001,6,15,16649.55111712273,75.51400408092996,HOEP (Legacy)
2001-06-18 15:00:00,2001,6,16,16669.676175311484,57.90458681452186,HOEP (Legacy)
2001-06-18 16:00:00,2001,6,17,16568.181690087302,54.433515151557565,HOEP (Legacy)
2001-06-18 17:00:00,2001,6,18,16248.575078580916,79.57474353866165,HOEP (Legacy)
2001-06-18 18:00:00,2001,6,19,15994.352460772241,59.82971401142056,HOEP (Legacy)
2001-06-18 19:00:00,2001,6,20,14461.25862902421,49.57833646456836,HOEP (Legacy)
2001-06-18 20:00:00,2001,6,21,15263.802533434162,49.112749143288774,HOEP (Legacy)
2001-06-18 21:00:00,2001,6,22,14715.581429120408,60.67805230735906,HOEP (Legacy)
2001-06-18 22:00:00,2001,6,23,15005.352716286487,40.80783516167074,HOEP (Legacy)
2001-06-18 23:00:00,2001,6,24,14561.742306128745,53.68347473197414,HOEP (Legacy)
2001-06-19 00:00:00,2001,6,1,15577.839772232768,61.47777997000636,HOEP (Legacy)
2001-06-19 01:00:00,2001,6,2,14628.468291093815,49.52574626307774,HOEP (Legacy)
2001-06-19 02:00:00,2001,6,3,15403.594155277426,22.09838462766519,HOEP (Legacy)
2001-06-19 03:00:00,2001,6,4,16136.752301418335,49.56033328749558,HOEP (Legacy)
2001-06-19 04:00:00,2001,6,5,16142.926355112533,58.829062979415525,HOEP (Legacy)
2001-06-19 05:00:00,2001,6,6,16079.67652587123,43.33986882698625,HOEP (Legacy)
2001-06-19 06:00:00,2001,6,7,17116.658077879652,52.834797351376054,HOEP (Legacy)
2001-06-19 07:00:00,2001,6,8,16989.703480786426,73.81501420784913,HOEP (Legacy)
2001-06-19 08:00:00,2001,6,9,17217.331166083248,67.50228636907372,HOEP (Legacy)
2001-06-19 09:00:00,2001,6,10,17404.332917291085,54.64403391151538,HOEP (Legacy)
2001-06-19 10:00:00,2001,6,11,17067.16449749848,76.83249337611636,HOEP (Legacy)
2001-06-19 11:00:00,2001,6,12,17331.601452958424,52.389520241426,HOEP (Legacy)
2001-06-19 12:00:00,2001,6,13,17548.653102139648,75.67312961096731,HOEP (Legacy)
2001-06-19 13:00:00,2001,6,14,17374.543877219316,74.6216758750165,HOEP (Legacy)
2001-06-19 14:00:00,2001,6,15,16626.244812251298,66.27126922704784,HOEP (Legacy)
2001-06-19 15:00:00,2001,6,16,16102.776819410692,48.506357918189536,HOEP (Legacy)
2001-06-19 16:00:00,2001,6,17,15575.88895489121,58.08803361421447,HOEP (Legacy)
2001-06-19 17:00:00,2001,6,18,15509.062092680151,78.4318973815994,HOEP (Legacy)
2001-06-19 18:00:00,2001,6,19,16008.368625661142,50.71972026030754,HOEP (Legacy)
2001-06-19 19:00:00,2001,6,20,14977.898103892303,22.764003904288224,HOEP (Legacy)
2001-06-19 20:00:00,2001,6,21,15449.430407931282,51.27727412221299,HOEP (Legacy)
2001-06-19 21:00:00,2001,6,22,15080.974610889836,21.969612821543137,HOEP (Legacy)
2001-06-19 22:00:00,2001,6,23,15708.069031921126,58.82884895020715,HOEP (Legacy)
2001-06-19 23:00:00,2001,6,24,15432.158327336134,41.62165256263894,HOEP (Legacy)
2001-06-20 00:00:00,2001,6,1,14452.46581046215,20.62275547867141,HOEP (Legacy)
2001-06-20 01:00:00,2001,6,2,15526.564022466104,54.58133464133063,HOEP (Legacy)
2001-06-20 02:00:00,2001,6,3,15613.10936439025,35.59876463732649,HOEP (Legacy)
2001-06-20 03:00:00,2001,6,4,15926.104664934912,61.80701962740217,HOEP (Legacy)
2001-06-20 04:00:00,2001,6,5,15912.77952335272,62.269238866480705,HOEP (Legacy)
2001-06-20 05:00:00,2001,6,6,17557.461489554156,89.6949448309174,HOEP (Legacy)
2001-06-20 06:00:00,2001,6,7,17024.59482732471,46.43793344219927,HOEP (Legacy)
2001-06-20 07:00:00,2001,6,8,17357.38995482428,61.37502595660416,HOEP (Legacy)
2001-06-20 08:00:00,2001,6,9,16891.252517295645,26.511735217659663,HOEP (Legacy)
2001-06-20 09:00:00,2001,6,10,17052.73511594848,65.41990317984964,HOEP (Legacy)
2001-06-20 10:00:00,2001,6,11,17874.149188779575,58.92291316416534,HOEP (Legacy)
2001-06-20 11:00:00,2001,6,12,17672.00724900976,43.90560860290347,HOEP (Legacy)
2001-06-20 12:00:00,2001,6,13,17797.253367835572,60.08242789889653,HOEP (Legacy)
2001-06-20 13:00:00,2001,6,14,16977.847882973365,66.87263200417391,HOEP (Legacy)
2001-06-20 14:00:00,2001,6,15,16904.11607040073,44.547549223461054,HOEP (Legacy)
2001-06-20 15:00:00,2001,6,16,16410.15880675812,65.24346996634361,HOEP (Legacy)
2001-06-20 16:00:00,2001,6,17,15913.119480292573,39.82980188875792,HOEP (Legacy)
2001-06-20 17:00:00,2001,6,18,15985.334952583084,55.16148865214418,HOEP (Legacy)
2001-06-20 18:00:00,2001,6,19,15312.007109636352,27.36949655666872,HOEP (Legacy)
2001-06-20 19:00:00,2001,6,20,15099.686954339844,43.42770952892202,HOEP (Legacy)
2001-06-20 20:00:00,2001,6,21,15696.783925144342,30.762581000087895,HOEP (Legacy)
2001-06-20 21:00:00,2001,6,22,15003.83187706049,48.36763057275273,HOEP (Legacy)
2001-06-20 22:00:00,2001,6,23,15690.885613144497,57.81816511771221,HOEP (Legacy)
2001-06-20 23:00:00,2001,6,24,14678.914379609854,51.3849999837008,HOEP (Legacy)
2001-06-21 00:00:00,2001,6,1,15055.083569682713,33.52694406401416,HOEP (Legacy)
2001-06-21 01:00:00,2001,6,2,15184.159759169186,29.596404449720122,HOEP (Legacy)
2001-06-21 02:00:00,2001,6,3,15582.326298360296,38.90336663741998,HOEP (Legacy)
2001-06-21 03:00:00,2001,6,4,16245.9731605573,64.7971567041744,HOEP (Legacy)
2001-06-21 04:00:00,2001,6,5,15870.826725627356,55.331203941470456,HOEP (Legacy)
2001-06-21 05:00:00,2001,6,6,16420.408896993857,30.98349619541294,HOEP (Legacy)
2001-06-21 06:00:00,2001,6,7,17169.90957413186,48.29061825109183,HOEP (Legacy)
2001-06-21 07:00:00,2001,6,8,17558.455968810023,67.14060561058743,HOEP (Legacy)
2001-06-21 08:00:00,2001,6,9,15985.49465232159,47.14396204910194,HOEP (Legacy)
2001-06-21 09:00:00,2001,6,10,17807.990610385543,61.22809700163101,HOEP (Legacy)
2001-06-21 10:00:00,2001,6,11,17321.734908198952,62.909495835173324,HOEP (Legacy)
2001-06-21 11:00:00,2001,6,12,17586.28702280018,51.535693894659246,HOEP (Legacy)
2001-06-21 12:00:00,2001,6,13,16980.68053728657,97.14623825500401,HOEP (Legacy)
2001-06-21 13:00:00,2001,6,14,16818.62928198792,56.14152266204715,HOEP (Legacy)
2001-06-21 14:00:00,2001,6,15,16792.733303195007,41.566284499357494,HOEP (Legacy)
2001-06-21 15:00:00,2001,6,16,16322.958301036186,68.4401923519207,HOEP (Legacy)
2001-06-21 16:00:00,2001,6,17,16013.910762857717,69.85418167132366,HOEP (Legacy)
2001-06-21 17:00:00,2001,6,18,16523.421964932248,55.80829179557943,HOEP (Legacy)
2001-06-21 18:00:00,2001,6,19,15968.820074450963,50.506369258014544,HOEP (Legacy)
2001-06-21 19:00:00,2001,6,20,15214.040101420253,47.21794113987642,HOEP (Legacy)
2001-06-21 20:00:00,2001,6,21,15212.570503413634,59.4366470628526,HOEP (Legacy)
2001-06-21 21:00:00,2001,6,22,15401.404175711032,71.76535422244518,HOEP (Legacy)
2001-06-21 22:00:00,2001,6,23,14916.230579311557,50.94976690433186,HOEP (Legacy)
2001-06-21 23:00:00,2001,6,24,14591.70642054129,39.47456801248819,HOEP (Legacy)
2001-06-22 00:00:00,2001,6,1,14834.728034049785,30.135765185370555,HOEP (Legacy)
2001-06-22 01:00:00,2001,6,2,15450.577258422953,46.5099514970352,HOEP (Legacy)
2001-06-22 02:00:00,2001,6,3,15128.700238448642,47.92220161519607,HOEP (Legacy)
2001-06-22 03:00:00,2001,6,4,15030.931745297365,29.01996540362527,HOEP (Legacy)
2001-06-22 04:00:00,2001,6,5,17231.748949931865,52.88441296250172,HOEP (Legacy)
2001-06-22 05:00:00,2001,6,6,16479.852365251387,47.7094310998581,HOEP (Legacy)
2001-06-22 06:00:00,2001,6,7,16218.559741102443,39.20673052373232,HOEP (Legacy)
2001-06-22 07:00:00,2001,6,8,16897.027562177387,50.94028077640149,HOEP (Legacy)
2001-06-22 08:00:00,2001,6,9,17270.11630096361,31.302914786241868,HOEP (Legacy)
2001-06-22 09:00:00,2001,6,10,16916.553303482593,61.31234292894472,HOEP (Legacy)
2001-06-22 10:00:00,2001,6,11,17271.98638634885,55.94049021811928,HOEP (Legacy)
2001-06-22 11:00:00,2001,6,12,17464.847485735427,58.71682238093161,HOEP (Legacy)
2001-06-22 12:00:00,2001,6,13,17222.086021330528,63.556550026785786,HOEP (Legacy)
2001-06-22 13:00:00,2001,6,14,16640.613151911428,50.6039475443194,HOEP (Legacy)
2001-06-22 14:00:00,2001,6,15,16839.75432746875,74.97760419451961,HOEP (Legacy)
2001-06-22 15:00:00,2001,6,16,16942.4472057608,64.24405735179337,HOEP (Legacy)
2001-06-22 16:00:00,2001,6,17,15879.948577551557,56.69543066189024,HOEP (Legacy)
2001-06-22 17:00:00,2001,6,18,16210.538683061037,54.190795608506306,HOEP (Legacy)
2001-06-22 18:00:00,2001,6,19,15405.01272327586,47.0666030879584,HOEP (Legacy)
2001-06-22 19:00:00,2001,6,20,15606.324958815387,49.85509249276359,HOEP (Legacy)
2001-06-22 20:00:00,2001,6,21,14980.805042600747,44.2212422014631,HOEP (Legacy)
2001-06-22 21:00:00,2001,6,22,15337.222085625768,69.67373175408946,HOEP (Legacy)
2001-06-22 22:00:00,2001,6,23,14829.087420409083,26.944362473944487,HOEP (Legacy)
2001-06-22 23:00:00,2001,6,24,15160.1004101664,38.11492565244906,HOEP (Legacy)
2001-06-23 00:00:00,2001,6,1,14369.93560614479,43.326362272278914,HOEP (Legacy)
2001-06-23 01:00:00,2001,6,2,15101.030985451815,46.371861089758966,HOEP (Legacy)
2001-06-23 02:00:00,2001,6,3,15202.717019609212,38.7073609659377,HOEP (Legacy)
2001-06-23 03:00:00,2001,6,4,15685.482402780885,50.181875734229315,HOEP (Legacy)
2001-06-23 04:00:00,2001,6,5,16542.81670430141,52.15388963645802,HOEP (Legacy)
2001-06-23 05:00:00,2001,6,6,16681.12061092423,62.994423614838865,HOEP (Legacy)
2001-06-23 06:00:00,2001,6,7,16892.49188174458,68.74378244549675,HOEP (Legacy)
2001-06-23 07:00:00,2001,6,8,17162.28106494454,70.33998542098192,HOEP (Legacy)
2001-06-23 08:00:00,2001,6,9,17428.981703007797,45.182578193606105,HOEP (Legacy)
2001-06-23 09:00:00,2001,6,10,17419.271245412216,58.222161099927646,HOEP (Legacy)
2001-06-23 10:00:00,2001,6,11,16926.99939292428,41.51643873255031,HOEP (Legacy)
2001-06-23 11:00:00,2001,6,12,16747.057905087066,71.73951180968142,HOEP (Legacy)
2001-06-23 12:00:00,2001,6,13,17745.1635260417,57.61353077983179,HOEP (Legacy)
2001-06-23 13:00:00,2001,6,14,17874.073682939725,83.9805577158282,HOEP (Legacy)
2001-06-23 14:00:00,2001,6,15,16589.68401077146,38.445068747759265,HOEP (Legacy)
2001-06-23 15:00:00,2001,6,16,16114.153652929346,45.39921832998723,HOEP (Legacy)
2001-06-23 16:00:00,2001,6,17,16994.592249653168,51.05389444289739,HOEP (Legacy)
2001-06-23 17:00:00,2001,6,18,15497.629172002971,54.577976420057,HOEP (Legacy)
2001-06-23 18:00:00,2001,6,19,15661.060653788205,38.297734065688516,HOEP (Legacy)
2001-06-23 19:00:00,2001,6,20,15450.902610314164,42.749785836033666,HOEP (Legacy)
2001-06-23 20:00:00,2001,6,21,16005.530651624726,65.33525263155667,HOEP (Legacy)
2001-06-23 21:00:00,2001,6,22,15258.113270231397,54.59750644150799,HOEP (Legacy)
2001-06-23 22:00:00,2001,6,23,15376.773610214263,39.89348091215904,HOEP (Legacy)
2001-06-23 23:00:00,2001,6,24,14720.786354586959,62.413095157896194,HOEP (Legacy)
2001-06-24 00:00:00,2001,6,1,15336.57821787395,30.710207040213838,HOEP (Legacy)
2001-06-24 01:00:00,2001,6,2,15623.655350236166,31.49372755792635,HOEP (Legacy)
2001-06-24 02:00:00,2001,6,3,15224.90275473535,35.81496166944328,HOEP (Legacy)
2001-06-24 03:00:00,2001,6,4,15372.175898287827,45.76698720907647,HOEP (Legacy)
2001-06-24 04:00:00,2001,6,5,15456.27478074543,33.874565567426515,HOEP (Legacy)
2001-06-24 05:00:00,2001,6,6,16145.400222976663,53.59865303987925,HOEP (Legacy)
2001-06-24 06:00:00,2001,6,7,16646.580729657704,58.71168950174637,HOEP (Legacy)
2001-06-24 07:00:00,2001,6,8,16324.946429706039,56.290066102454205,HOEP (Legacy)
2001-06-24 08:00:00,2001,6,9,17811.352616906854,62.70571171840385,HOEP (Legacy)
2001-06-24 09:00:00,2001,6,10,16699.851019975642,51.505389245115275,HOEP (Legacy)
2001-06-24 10:00:00,2001,6,11,16988.363572112543,53.40604440032348,HOEP (Legacy)
2001-06-24 11:00:00,2001,6,12,17428.87514151618,46.7539505276677,HOEP (Legacy)
2001-06-24 12:00:00,2001,6,13,17601.281941746667,74.15771822905009,HOEP (Legacy)
2001-06-24 13:00:00,2001,6,14,17333.108697491716,64.62844483758965,HOEP (Legacy)
2001-06-24 14:00:00,2001,6,15,16426.10485043653,31.168024835483685,HOEP (Legacy)
2001-06-24 15:00:00,2001,6,16,17108.97235970105,60.55261050467776,HOEP (Legacy)
2001-06-24 16:00:00,2001,6,17,16477.78872533065,45.810525790339526,HOEP (Legacy)
2001-06-24 17:00:00,2001,6,18,15722.030368941047,59.32095862142657,HOEP (Legacy)
2001-06-24 18:00:00,2001,6,19,15685.3678579243,62.078286869078845,HOEP (Legacy)
2001-06-24 19:00:00,2001,6,20,15335.894786230025,59.31322480635711,HOEP (Legacy)
2001-06-24 20:00:00,2001,6,21,15304.25507851567,35.75589908263025,HOEP (Legacy)
2001-06-24 21:00:00,2001,6,22,14614.938338976208,27.88866263398706,HOEP (Legacy)
2001-06-24 22:00:00,2001,6,23,15090.499185713672,50.10786797364111,HOEP (Legacy)
2001-06-24 23:00:00,2001,6,24,15128.089767081161,57.07564989901739,HOEP (Legacy)
2001-06-25 00:00:00,2001,6,1,15011.669907989071,41.24251786652801,HOEP (Legacy)
2001-06-25 01:00:00,2001,6,2,15300.867646433382,55.61614888888539,HOEP (Legacy)
2001-06-25 02:00:00,2001,6,3,15415.723366946255,36.057143465315534,HOEP (Legacy)
2001-06-25 03:00:00,2001,6,4,15761.789847856413,37.17570035204963,HOEP (Legacy)
2001-06-25 04:00:00,2001,6,5,16128.826181481742,55.30245713252135,HOEP (Legacy)
2001-06-25 05:00:00,2001,6,6,16410.373321859945,56.94102637104397,HOEP (Legacy)
2001-06-25 06:00:00,2001,6,7,15885.78539263276,59.36629953285873,HOEP (Legacy)
2001-06-25 07:00:00,2001,6,8,16741.048180220052,60.73927397058127,HOEP (Legacy)
2001-06-25 08:00:00,2001,6,9,17605.49817611225,58.98473526248382,HOEP (Legacy)
2001-06-25 09:00:00,2001,6,10,17224.286998599848,37.68505128884267,HOEP (Legacy)
2001-06-25 10:00:00,2001,6,11,17717.547315548476,55.70408732601841,HOEP (Legacy)
2001-06-25 11:00:00,2001,6,12,16996.65423523887,52.346386470222875,HOEP (Legacy)
2001-06-25 12:00:00,2001,6,13,16899.621884108077,49.943308195115314,HOEP (Legacy)
2001-06-25 13:00:00,2001,6,14,16264.918915052916,43.636960303827685,HOEP (Legacy)
2001-06-25 14:00:00,2001,6,15,17254.85113137089,71.7368829697628,HOEP (Legacy)
2001-06-25 15:00:00,2001,6,16,16826.122327283658,60.24864520573157,HOEP (Legacy)
2001-06-25 16:00:00,2001,6,17,16555.831708045098,44.18005448390308,HOEP (Legacy)
2001-06-25 17:00:00,2001,6,18,16138.496971857821,65.48815836391199,HOEP (Legacy)
2001-06-25 18:00:00,2001,6,19,15434.939610648984,52.43011583730562,HOEP (Legacy)
2001-06-25 19:00:00,2001,6,20,15983.600540231024,65.35728084956659,HOEP (Legacy)
2001-06-25 20:00:00,2001,6,21,14595.93899967377,43.65562397576551,HOEP (Legacy)
2001-06-25 21:00:00,2001,6,22,15390.965066476147,41.359891564035415,HOEP (Legacy)
2001-06-25 22:00:00,2001,6,23,14434.91578060669,58.26204631435731,HOEP (Legacy)
2001-06-25 23:00:00,2001,6,24,15063.858237078492,38.94423391283966,HOEP (Legacy)
2001-06-26 00:00:00,2001,6,1,15300.773026892983,49.483679513312495,HOEP (Legacy)
2001-06-26 01:00:00,2001,6,2,14463.965831412452,55.65283229529048,HOEP (Legacy)
2001-06-26 02:00:00,2001,6,3,16125.766986517297,49.04875704702172,HOEP (Legacy)
2001-06-26 03:00:00,2001,6,4,15994.13361548695,38.73713411443245,HOEP (Legacy)
2001-06-26 04:00:00,2001,6,5,16399.615404782526,40.29854727524569,HOEP (Legacy)
2001-06-26 05:00:00,2001,6,6,16440.455279015827,58.169590462565644,HOEP (Legacy)
2001-06-26 06:00:00,2001,6,7,16048.435548131212,55.30386039010521,HOEP (Legacy)
2001-06-26 07:00:00,2001,6,8,16906.547182383525,62.06887764944983,HOEP (Legacy)
2001-06-26 08:00:00,2001,6,9,17405.730407992167,58.232663693959005,HOEP (Legacy)
2001-06-26 09:00:00,2001,6,10,17619.315714012104,65.05354787342671,HOEP (Legacy)
2001-06-26 10:00:00,2001,6,11,17286.173071815734,52.767899916670444,HOEP (Legacy)
2001-06-26 11:00:00,2001,6,12,17983.80813267251,50.439168572163766,HOEP (Legacy)
2001-06-26 12:00:00,2001,6,13,17088.80305252008,59.43131262643727,HOEP (Legacy)
2001-06-26 13:00:00,2001,6,14,16773.716518346926,53.523300451811174,HOEP (Legacy)
2001-06-26 14:00:00,2001,6,15,16501.28729422896,40.73326949911335,HOEP (Legacy)
2001-06-26 15:00:00,2001,6,16,16691.744150343467,48.209471110143895,HOEP (Legacy)
2001-06-26 16:00:00,2001,6,17,16378.328525364004,42.88181903183945,HOEP (Legacy)
2001-06-26 17:00:00,2001,6,18,16435.828631598928,50.33374126565859,HOEP (Legacy)
2001-06-26 18:00:00,2001,6,19,15662.64269729409,33.5522705910867,HOEP (Legacy)
2001-06-26 19:00:00,2001,6,20,15641.606220962753,57.307004422334,HOEP (Legacy)
2001-06-26 20:00:00,2001,6,21,14598.51514725205,59.975199721477814,HOEP (Legacy)
2001-06-26 21:00:00,2001,6,22,15543.386385156962,40.651141844515564,HOEP (Legacy)
2001-06-26 22:00:00,2001,6,23,14857.71974227328,34.97510853974865,HOEP (Legacy)
2001-06-26 23:00:00,2001,6,24,15303.13024871924,51.96471499566794,HOEP (Legacy)
2001-06-27 00:00:00,2001,6,1,15033.898037910421,50.51116870834166,HOEP (Legacy)
2001-06-27 01:00:00,2001,6,2,15525.501483368,66.90418783894866,HOEP (Legacy)
2001-06-27 02:00:00,2001,6,3,16144.3273167248,51.380704541657565,HOEP (Legacy)
2001-06-27 03:00:00,2001,6,4,15885.944615265505,35.68332635747988,HOEP (Legacy)
2001-06-27 04:00:00,2001,6,5,15228.563875769418,40.09795479687348,HOEP (Legacy)
2001-06-27 05:00:00,2001,6,6,16581.056445400918,49.08852782637928,HOEP (Legacy)
2001-06-27 06:00:00,2001,6,7,17512.29382871335,63.35434391046688,HOEP (Legacy)
2001-06-27 07:00:00,2001,6,8,17411.143787663877,50.21264300765887,HOEP (Legacy)
2001-06-27 08:00:00,2001,6,9,17299.197801234426,92.15839554885328,HOEP (Legacy)
2001-06-27 09:00:00,2001,6,10,17682.105199594105,70.41641705219129,HOEP (Legacy)
2001-06-27 10:00:00,2001,6,11,17776.75497370467,74.7743034538619,HOEP (Legacy)
2001-06-27 11:00:00,2001,6,12,17215.53988839456,71.5657971461506,HOEP (Legacy)
2001-06-27 12:00:00,2001,6,13,16636.419102733984,60.46550385882562,HOEP (Legacy)
2001-06-27 13:00:00,2001,6,14,17852.912765555866,47.739566564551616,HOEP (Legacy)
2001-06-27 14:00:00,2001,6,15,16644.734582222056,79.64138435024151,HOEP (Legacy)
2001-06-27 15:00:00,2001,6,16,16329.355317206273,47.31338663549942,HOEP (Legacy)
2001-06-27 16:00:00,2001,6,17,16234.811625773145,35.27617791446191,HOEP (Legacy)
2001-06-27 17:00:00,2001,6,18,15381.755732244226,56.45175067059159,HOEP (Legacy)
2001-06-27 18:00:00,2001,6,19,15702.407533992035,51.18692619787094,HOEP (Legacy)
2001-06-27 19:00:00,2001,6,20,15323.674371840796,42.84065092695612,HOEP (Legacy)
2001-06-27 20:00:00,2001,6,21,15208.6432187589,46.45941643104193,HOEP (Legacy)
2001-06-27 21:00:00,2001,6,22,14994.7758973577,31.193712802955808,HOEP (Legacy)
2001-06-27 22:00:00,2001,6,23,15535.905898110894,23.06392177607239,HOEP (Legacy)
2001-06-27 23:00:00,2001,6,24,14677.350574400323,47.69854737258886,HOEP (Legacy)
2001-06-28 00:00:00,2001,6,1,14638.601233009946,30.23772665846185,HOEP (Legacy)
2001-06-28 01:00:00,2001,6,2,15505.774959419461,56.691917572792505,HOEP (Legacy)
2001-06-28 02:00:00,2001,6,3,15670.082480970055,50.01277292738465,HOEP (Legacy)
2001-06-28 03:00:00,2001,6,4,15524.952470213211,37.00586368746321,HOEP (Legacy)
2001-06-28 04:00:00,2001,6,5,16519.53535507652,52.07731255134646,HOEP (Legacy)
2001-06-28 05:00:00,2001,6,6,16907.196098174256,66.56137761001355,HOEP (Legacy)
2001-06-28 06:00:00,2001,6,7,16447.943911904127,40.62275699909895,HOEP (Legacy)
2001-06-28 07:00:00,2001,6,8,16873.779325723113,53.786370156955634,HOEP (Legacy)
2001-06-28 08:00:00,2001,6,9,16946.07370451837,58.809312363138716,HOEP (Legacy)
2001-06-28 09:00:00,2001,6,10,16851.18397075129,41.00016703106161,HOEP (Legacy)
2001-06-28 10:00:00,2001,6,11,17051.42071333597,57.67909261726686,HOEP (Legacy)
2001-06-28 11:00:00,2001,6,12,17486.39898585014,51.91244477174448,HOEP (Legacy)
2001-06-28 12:00:00,2001,6,13,16606.46354941524,45.36095052584336,HOEP (Legacy)
2001-06-28 13:00:00,2001,6,14,17073.379233023614,53.97912435820677,HOEP (Legacy)
2001-06-28 14:00:00,2001,6,15,16477.080351930672,58.80839679846975,HOEP (Legacy)
2001-06-28 15:00:00,2001,6,16,16554.235949606667,68.61765470618559,HOEP (Legacy)
2001-06-28 16:00:00,2001,6,17,16315.726305584485,25.23810210597989,HOEP (Legacy)
2001-06-28 17:00:00,2001,6,18,15245.512928421196,37.7334255781476,HOEP (Legacy)
2001-06-28 18:00:00,2001,6,19,15680.781435591945,31.0041563766886,HOEP (Legacy)
2001-06-28 19:00:00,2001,6,20,15059.631694051897,56.38438152188535,HOEP (Legacy)
2001-06-28 20:00:00,2001,6,21,15535.157373545526,79.58337983817114,HOEP (Legacy)
2001-06-28 21:00:00,2001,6,22,14674.36383501226,56.33612404260468,HOEP (Legacy)
2001-06-28 22:00:00,2001,6,23,15235.382319664148,48.4188403240769,HOEP (Legacy)
2001-06-28 23:00:00,2001,6,24,14180.101145078326,49.56333515591367,HOEP (Legacy)
2001-06-29 00:00:00,2001,6,1,15133.348038425047,53.373393397904195,HOEP (Legacy)
2001-06-29 01:00:00,2001,6,2,15568.317433163433,36.17926176170985,HOEP (Legacy)
2001-06-29 02:00:00,2001,6,3,15223.831086860777,29.336017319005776,HOEP (Legacy)
2001-06-29 03:00:00,2001,6,4,15726.20612538309,56.046810412873484,HOEP (Legacy)
2001-06-29 04:00:00,2001,6,5,16045.01946755503,48.90064128095515,HOEP (Legacy)
2001-06-29 05:00:00,2001,6,6,16465.155846158243,52.66336838205475,HOEP (Legacy)
2001-06-29 06:00:00,2001,6,7,16886.409617940262,68.29223265012584,HOEP (Legacy)
2001-06-29 07:00:00,2001,6,8,16904.190028415785,54.146804746543445,HOEP (Legacy)
2001-06-29 08:00:00,2001,6,9,16312.008578716193,81.35014571871963,HOEP (Legacy)
2001-06-29 09:00:00,2001,6,10,18598.748802294762,67.78630753068067,HOEP (Legacy)
2001-06-29 10:00:00,2001,6,11,17435.577737701613,66.03019726884342,HOEP (Legacy)
2001-06-29 11:00:00,2001,6,12,18208.448121773,65.36373895181006,HOEP (Legacy)
2001-06-29 12:00:00,2001,6,13,16969.304505125798,54.88698111829869,HOEP (Legacy)
2001-06-29 13:00:00,2001,6,14,16858.421459032073,81.87353606352467,HOEP (Legacy)
2001-06-29 14:00:00,2001,6,15,16709.95096215616,66.16366158381418,HOEP (Legacy)
2001-06-29 15:00:00,2001,6,16,16104.225116016201,55.52767976072299,HOEP (Legacy)
2001-06-29 16:00:00,2001,6,17,16541.60983380376,68.03872126070549,HOEP (Legacy)
2001-06-29 17:00:00,2001,6,18,16218.826880671082,38.55234387162524,HOEP (Legacy)
2001-06-29 18:00:00,2001,6,19,15473.636590371749,43.17589899350392,HOEP (Legacy)
2001-06-29 19:00:00,2001,6,20,15907.061212543094,47.79144313067649,HOEP (Legacy)
2001-06-29 20:00:00,2001,6,21,15392.717992471744,25.54123723000929,HOEP (Legacy)
2001-06-29 21:00:00,2001,6,22,14473.088640570653,47.025418364191985,HOEP (Legacy)
2001-06-29 22:00:00,2001,6,23,14703.011582402216,42.21101652990807,HOEP (Legacy)
2001-06-29 23:00:00,2001,6,24,14883.590272225098,43.42744134834678,HOEP (Legacy)
2001-06-30 00:00:00,2001,6,1,14528.979886903195,29.242722389249803,HOEP (Legacy)
2001-06-30 01:00:00,2001,6,2,15115.024280167725,41.78163588982254,HOEP (Legacy)
2001-06-30 02:00:00,2001,6,3,16068.231027028218,49.44300386693101,HOEP (Legacy)
2001-06-30 03:00:00,2001,6,4,16006.496403631681,63.09860072178872,HOEP (Legacy)
2001-06-30 04:00:00,2001,6,5,16542.30901561897,57.79395288266464,HOEP (Legacy)
2001-06-30 05:00:00,2001,6,6,15931.374858591482,56.085893698394415,HOEP (Legacy)
2001-06-30 06:00:00,2001,6,7,17028.02568363211,63.75944498211108,HOEP (Legacy)
2001-06-30 07:00:00,2001,6,8,16840.311325316197,49.98147776472632,HOEP (Legacy)
2001-06-30 08:00:00,2001,6,9,17207.94675881136,72.28788215164215,HOEP (Legacy)
2001-06-30 09:00:00,2001,6,10,17799.351151769315,65.1232243934309,HOEP (Legacy)
2001-06-30 10:00:00,2001,6,11,17208.847648052462,63.75068278047713,HOEP (Legacy)
2001-06-30 11:00:00,2001,6,12,17273.454249127415,48.512305030228895,HOEP (Legacy)
2001-06-30 12:00:00,2001,6,13,17728.492413237047,64.14977278415338,HOEP (Legacy)
2001-06-30 13:00:00,2001,6,14,17322.894593634042,62.22284290165542,HOEP (Legacy)
2001-06-30 14:00:00,2001,6,15,16327.155995623492,44.19151243205078,HOEP (Legacy)
2001-06-30 15:00:00,2001,6,16,16243.018090882464,39.00266138344408,HOEP (Legacy)
2001-06-30 16:00:00,2001,6,17,15879.802824124852,60.86815035243181,HOEP (Legacy)
2001-06-30 17:00:00,2001,6,18,16097.797712166053,58.62494831203292,HOEP (Legacy)
2001-06-30 18:00:00,2001,6,19,14869.300821730414,45.203327162651405,HOEP (Legacy)
2001-06-30 19:00:00,2001,6,20,15000.092768833192,53.19036781634232,HOEP (Legacy)
2001-06-30 20:00:00,2001,6,21,14903.643605427886,30.571579783497107,HOEP (Legacy)
2001-06-30 21:00:00,2001,6,22,15691.247308349231,27.368219373366852,HOEP (Legacy)
2001-06-30 22:00:00,2001,6,23,14140.971311750045,16.157640365342516,HOEP (Legacy)
2001-06-30 23:00:00,2001,6,24,15255.233616673664,32.100341302442274,HOEP (Legacy)
2001-07-01 00:00:00,2001,7,1,14745.72266723503,38.363123414253465,HOEP (Legacy)
2001-07-01 01:00:00,2001,7,2,15828.100398469884,35.829988490515596,HOEP (Legacy)
2001-07-01 02:00:00,2001,7,3,16417.173752113304,49.650910927271994,HOEP (Legacy)
2001-07-01 03:00:00,2001,7,4,15921.197998043028,40.15997197532289,HOEP (Legacy)
2001-07-01 04:00:00,2001,7,5,15734.718325550613,58.9284847233467,HOEP (Legacy)
2001-07-01 05:00:00,2001,7,6,16747.86635744406,73.59114531351315,HOEP (Legacy)
2001-07-01 06:00:00,2001,7,7,17432.99688335959,67.78704088124954,HOEP (Legacy)
2001-07-01 07:00:00,2001,7,8,17321.158388085358,54.56653849075494,HOEP (Legacy)
2001-07-01 08:00:00,2001,7,9,17418.9637722488,73.23302220540917,HOEP (Legacy)
2001-07-01 09:00:00,2001,7,10,17668.321005223166,56.95827887930055,HOEP (Legacy)
2001-07-01 10:00:00,2001,7,11,17859.027027708784,72.4289251807383,HOEP (Legacy)
2001-07-01 11:00:00,2001,7,12,17831.472702970947,47.47262596604243,HOEP (Legacy)
2001-07-01 12:00:00,2001,7,13,17221.1738867967,58.32934082823454,HOEP (Legacy)
2001-07-01 13:00:00,2001,7,14,17572.418469038133,47.42684188467903,HOEP (Legacy)
2001-07-01 14:00:00,2001,7,15,17562.745408373557,65.95220888296008,HOEP (Legacy)
2001-07-01 15:00:00,2001,7,16,16891.399853120485,51.73515924999656,HOEP (Legacy)
2001-07-01 16:00:00,2001,7,17,16598.575210852683,49.00497887952529,HOEP (Legacy)
2001-07-01 17:00:00,2001,7,18,16700.994929967903,70.62730718938539,HOEP (Legacy)
2001-07-01 18:00:00,2001,7,19,15905.730917262696,58.303303612499136,HOEP (Legacy)
2001-07-01 19:00:00,2001,7,20,15292.661025929003,62.80496877207603,HOEP (Legacy)
2001-07-01 20:00:00,2001,7,21,15412.244949340038,58.475219758182675,HOEP (Legacy)
2001-07-01 21:00:00,2001,7,22,15913.34071118656,39.89616055070876,HOEP (Legacy)
2001-07-01 22:00:00,2001,7,23,15224.622523789587,44.13474505672394,HOEP (Legacy)
2001-07-01 23:00:00,2001,7,24,16074.391426518738,77.15604252562018,HOEP (Legacy)
2001-07-02 00:00:00,2001,7,1,15154.286825456413,48.759805777159364,HOEP (Legacy)
2001-07-02 01:00:00,2001,7,2,15618.423132337304,30.524591134892205,HOEP (Legacy)
2001-07-02 02:00:00,2001,7,3,15611.200263814064,35.7325526427573,HOEP (Legacy)
2001-07-02 03:00:00,2001,7,4,15795.316286872652,48.14320803852726,HOEP (Legacy)
2001-07-02 04:00:00,2001,7,5,16789.773260874492,47.45871822336539,HOEP (Legacy)
2001-07-02 05:00:00,2001,7,6,16485.314223812333,49.29504830492732,HOEP (Legacy)
2001-07-02 06:00:00,2001,7,7,16577.467483790766,46.29066233726802,HOEP (Legacy)
2001-07-02 07:00:00,2001,7,8,18158.46321969974,63.45398228874497,HOEP (Legacy)
2001-07-02 08:00:00,2001,7,9,17136.061625302424,54.18412731711613,HOEP (Legacy)
2001-07-02 09:00:00,2001,7,10,17263.76452213327,53.97829673247446,HOEP (Legacy)
2001-07-02 10:00:00,2001,7,11,18349.480666326228,65.83188900076735,HOEP (Legacy)
2001-07-02 11:00:00,2001,7,12,17806.32337464312,44.423955960891625,HOEP (Legacy)
2001-07-02 12:00:00,2001,7,13,17302.332317615357,52.43823661930193,HOEP (Legacy)
2001-07-02 13:00:00,2001,7,14,17017.547582921463,42.83187195178634,HOEP (Legacy)
2001-07-02 14:00:00,2001,7,15,16994.424008357633,58.21714119657595,HOEP (Legacy)
2001-07-02 15:00:00,2001,7,16,17609.492982439773,64.57582450504239,HOEP (Legacy)
2001-07-02 16:00:00,2001,7,17,16754.366701338447,59.28639733058275,HOEP (Legacy)
2001-07-02 17:00:00,2001,7,18,15954.04284996999,45.25985011290138,HOEP (Legacy)
2001-07-02 18:00:00,2001,7,19,16414.283683550388,82.4050684584743,HOEP (Legacy)
2001-07-02 19:00:00,2001,7,20,15958.588947148974,30.76858097686705,HOEP (Legacy)
2001-07-02 20:00:00,2001,7,21,15087.914684418178,40.3281072465589,HOEP (Legacy)
2001-07-02 21:00:00,2001,7,22,14969.068542617928,33.28114425223189,HOEP (Legacy)
2001-07-02 22:00:00,2001,7,23,14552.340385943779,40.27351353794813,HOEP (Legacy)
2001-07-02 23:00:00,2001,7,24,15131.505881174044,35.98437509396438,HOEP (Legacy)
2001-07-03 00:00:00,2001,7,1,15626.394482191681,54.51811258533806,HOEP (Legacy)
2001-07-03 01:00:00,2001,7,2,15248.56400861315,44.81184224337235,HOEP (Legacy)
2001-07-03 02:00:00,2001,7,3,16313.994444686772,48.37284193426837,HOEP (Legacy)
2001-07-03 03:00:00,2001,7,4,15355.327168043314,54.82211486444503,HOEP (Legacy)
2001-07-03 04:00:00,2001,7,5,16465.463449424667,58.47603376748184,HOEP (Legacy)
2001-07-03 05:00:00,2001,7,6,16715.39823874298,47.16687073290848,HOEP (Legacy)
2001-07-03 06:00:00,2001,7,7,17262.5497117919,56.188031234230024,HOEP (Legacy)
2001-07-03 07:00:00,2001,7,8,17297.245233124122,64.89741104613145,HOEP (Legacy)
2001-07-03 08:00:00,2001,7,9,17322.89937044505,81.06906604737759,HOEP (Legacy)
2001-07-03 09:00:00,2001,7,10,18734.886918955865,61.26630688622402,HOEP (Legacy)
2001-07-03 10:00:00,2001,7,11,17762.998166337766,56.786866905322505,HOEP (Legacy)
2001-07-03 11:00:00,2001,7,12,17391.84029182213,61.38654624165285,HOEP (Legacy)
2001-07-03 12:00:00,2001,7,13,17379.12676153376,65.86559027967878,HOEP (Legacy)
2001-07-03 13:00:00,2001,7,14,17266.025060396674,76.54074553374778,HOEP (Legacy)
2001-07-03 14:00:00,2001,7,15,17970.77594659252,67.95833639672317,HOEP (Legacy)
2001-07-03 15:00:00,2001,7,16,16404.232411802062,45.84970624039103,HOEP (Legacy)
2001-07-03 16:00:00,2001,7,17,16540.601090928587,57.17425182850662,HOEP (Legacy)
2001-07-03 17:00:00,2001,7,18,16301.931802496136,43.60606586529326,HOEP (Legacy)
2001-07-03 18:00:00,2001,7,19,15461.071298220959,59.68776606196454,HOEP (Legacy)
2001-07-03 19:00:00,2001,7,20,15858.550098387243,62.181504939667036,HOEP (Legacy)
2001-07-03 20:00:00,2001,7,21,16326.534220389649,63.169381830091574,HOEP (Legacy)
2001-07-03 21:00:00,2001,7,22,14799.94894641475,61.63920034854869,HOEP (Legacy)
2001-07-03 22:00:00,2001,7,23,14636.277710414466,31.265765619369628,HOEP (Legacy)
2001-07-03 23:00:00,2001,7,24,16026.381859232184,40.92288985922326,HOEP (Legacy)
2001-07-04 00:00:00,2001,7,1,15686.863883448461,53.5492535976239,HOEP (Legacy)
2001-07-04 01:00:00,2001,7,2,15949.045762620312,55.51008179477147,HOEP (Legacy)
2001-07-04 02:00:00,2001,7,3,15742.524236740112,54.3738929347343,HOEP (Legacy)
2001-07-04 03:00:00,2001,7,4,16055.030332628416,54.910349069040244,HOEP (Legacy)
2001-07-04 04:00:00,2001,7,5,16314.504084291822,56.41924267383526,HOEP (Legacy)
2001-07-04 05:00:00,2001,7,6,16590.081748567387,63.49171702980319,HOEP (Legacy)
2001-07-04 06:00:00,2001,7,7,16853.1603367625,64.19122792488238,HOEP (Legacy)
2001-07-04 07:00:00,2001,7,8,17444.69536586571,74.52078201517055,HOEP (Legacy)
2001-07-04 08:00:00,2001,7,9,17686.72219479654,70.78478346453039,HOEP (Legacy)
2001-07-04 09:00:00,2001,7,10,17610.34523870971,62.08409091848048,HOEP (Legacy)
2001-07-04 10:00:00,2001,7,11,17729.09721865274,54.944891407268784,HOEP (Legacy)
2001-07-04 11:00:00,2001,7,12,17606.015982584002,77.6786986594766,HOEP (Legacy)
2001-07-04 12:00:00,2001,7,13,17483.79045858658,41.12726402804938,HOEP (Legacy)
2001-07-04 13:00:00,2001,7,14,17308.704603591184,62.004299927083004,HOEP (Legacy)
2001-07-04 14:00:00,2001,7,15,17176.25610517317,53.96181608349545,HOEP (Legacy)
2001-07-04 15:00:00,2001,7,16,16393.42862511941,53.71934600956453,HOEP (Legacy)
2001-07-04 16:00:00,2001,7,17,16217.330211047583,43.49212392680141,HOEP (Legacy)
2001-07-04 17:00:00,2001,7,18,15778.100884109866,50.34969770117547,HOEP (Legacy)
2001-07-04 18:00:00,2001,7,19,16205.626153681196,46.864044815590475,HOEP (Legacy)
2001-07-04 19:00:00,2001,7,20,16333.1272661562,44.71919948641191,HOEP (Legacy)
2001-07-04 20:00:00,2001,7,21,15640.777452886416,55.47455256653127,HOEP (Legacy)
2001-07-04 21:00:00,2001,7,22,15140.170363111407,43.40938177178024,HOEP (Legacy)
2001-07-04 22:00:00,2001,7,23,14480.387935892122,36.54635924017089,HOEP (Legacy)
2001-07-04 23:00:00,2001,7,24,15634.046414111597,59.11952952514352,HOEP (Legacy)
2001-07-05 00:00:00,2001,7,1,15084.683585229393,38.03033156266011,HOEP (Legacy)
2001-07-05 01:00:00,2001,7,2,16295.094861067253,58.36699471890417,HOEP (Legacy)
2001-07-05 02:00:00,2001,7,3,15553.78813655405,48.91278080949958,HOEP (Legacy)
2001-07-05 03:00:00,2001,7,4,15623.895588190075,34.174226444868204,HOEP (Legacy)
2001-07-05 04:00:00,2001,7,5,16448.620496952874,58.43881425491509,HOEP (Legacy)
2001-07-05 05:00:00,2001,7,6,16994.155692379754,48.73868932067143,HOEP (Legacy)
2001-07-05 06:00:00,2001,7,7,17083.598808416453,43.983147776141536,HOEP (Legacy)
2001-07-05 07:00:00,2001,7,8,17312.33283048084,73.39889759891399,HOEP (Legacy)
2001-07-05 08:00:00,2001,7,9,17728.51363315429,45.28933478555744,HOEP (Legacy)
2001-07-05 09:00:00,2001,7,10,17616.081384692145,46.353698118452144,HOEP (Legacy)
2001-07-05 10:00:00,2001,7,11,17189.45098719581,62.49017051399152,HOEP (Legacy)
2001-07-05 11:00:00,2001,7,12,17576.592697475393,75.83187259342574,HOEP (Legacy)
2001-07-05 12:00:00,2001,7,13,16980.820067846915,53.53802022693128,HOEP (Legacy)
2001-07-05 13:00:00,2001,7,14,17920.404752948067,64.09046829035982,HOEP (Legacy)
2001-07-05 14:00:00,2001,7,15,17283.34663559515,78.87178374868563,HOEP (Legacy)
2001-07-05 15:00:00,2001,7,16,16444.38367442483,63.45942210368181,HOEP (Legacy)
2001-07-05 16:00:00,2001,7,17,17054.34215549199,56.71753240681229,HOEP (Legacy)
2001-07-05 17:00:00,2001,7,18,15497.234620208781,40.110776666907704,HOEP (Legacy)
2001-07-05 18:00:00,2001,7,19,16348.812372754957,41.620800388846106,HOEP (Legacy)
2001-07-05 19:00:00,2001,7,20,15511.936661609143,46.284910785960264,HOEP (Legacy)
2001-07-05 20:00:00,2001,7,21,14409.01926209075,41.683524355241396,HOEP (Legacy)
2001-07-05 21:00:00,2001,7,22,14794.44478116861,37.00812518468682,HOEP (Legacy)
2001-07-05 22:00:00,2001,7,23,14969.51791087876,29.016152946538877,HOEP (Legacy)
2001-07-05 23:00:00,2001,7,24,15074.430714565438,33.34743644835248,HOEP (Legacy)
2001-07-06 00:00:00,2001,7,1,15617.502659918884,49.048134458789626,HOEP (Legacy)
2001-07-06 01:00:00,2001,7,2,15799.362539455147,41.64405546290885,HOEP (Legacy)
2001-07-06 02:00:00,2001,7,3,15897.231298628012,70.03115392722583,HOEP (Legacy)
2001-07-06 03:00:00,2001,7,4,15530.37221206381,49.26948245597231,HOEP (Legacy)
2001-07-06 04:00:00,2001,7,5,15707.561259021193,36.881183845443594,HOEP (Legacy)
2001-07-06 05:00:00,2001,7,6,16805.87013353441,67.77249707202097,HOEP (Legacy)
2001-07-06 06:00:00,2001,7,7,16918.58013168969,77.527558291403,HOEP (Legacy)
2001-07-06 07:00:00,2001,7,8,16360.677310877642,40.20178060884973,HOEP (Legacy)
2001-07-06 08:00:00,2001,7,9,17407.019666843968,69.965373933964,HOEP (Legacy)
2001-07-06 09:00:00,2001,7,10,16967.456308961497,51.01858835865569,HOEP (Legacy)
2001-07-06 10:00:00,2001,7,11,17548.432342533295,64.32711395966565,HOEP (Legacy)
2001-07-06 11:00:00,2001,7,12,16605.43025349923,58.97206865864288,HOEP (Legacy)
2001-07-06 12:00:00,2001,7,13,17428.313017895995,79.3380366195141,HOEP (Legacy)
2001-07-06 13:00:00,2001,7,14,16801.072589013347,58.49865889587998,HOEP (Legacy)
2001-07-06 14:00:00,2001,7,15,17058.441699080082,35.81132048592989,HOEP (Legacy)
2001-07-06 15:00:00,2001,7,16,17379.807765948728,45.019406726628404,HOEP (Legacy)
2001-07-06 16:00:00,2001,7,17,16370.406640747127,42.01823309367032,HOEP (Legacy)
2001-07-06 17:00:00,2001,7,18,15600.992519125346,37.63143117552093,HOEP (Legacy)
2001-07-06 18:00:00,2001,7,19,16063.674402549765,55.40603216336953,HOEP (Legacy)
2001-07-06 19:00:00,2001,7,20,15561.844607959136,62.127579282237384,HOEP (Legacy)
2001-07-06 20:00:00,2001,7,21,15278.081450087751,51.7175865203792,HOEP (Legacy)
2001-07-06 21:00:00,2001,7,22,15755.50559817074,61.752629136298985,HOEP (Legacy)
2001-07-06 22:00:00,2001,7,23,15176.769817308277,56.02020959824435,HOEP (Legacy)
2001-07-06 23:00:00,2001,7,24,15680.327277639684,50.18478869675205,HOEP (Legacy)
2001-07-07 00:00:00,2001,7,1,15944.64637970653,41.05315828683285,HOEP (Legacy)
2001-07-07 01:00:00,2001,7,2,15732.561575001479,68.67509878515074,HOEP (Legacy)
2001-07-07 02:00:00,2001,7,3,15793.175584628681,50.35749538423319,HOEP (Legacy)
2001-07-07 03:00:00,2001,7,4,16606.094576713218,38.39266623426179,HOEP (Legacy)
2001-07-07 04:00:00,2001,7,5,16570.196301846787,45.81413631440638,HOEP (Legacy)
2001-07-07 05:00:00,2001,7,6,17164.246312323317,36.206287174427814,HOEP (Legacy)
2001-07-07 06:00:00,2001,7,7,16913.59839152751,58.668969055580284,HOEP (Legacy)
2001-07-07 07:00:00,2001,7,8,18182.817936652023,62.471934566814376,HOEP (Legacy)
2001-07-07 08:00:00,2001,7,9,17673.21848010482,65.70438054546806,HOEP (Legacy)
2001-07-07 09:00:00,2001,7,10,17468.331917203483,72.88247691532523,HOEP (Legacy)
2001-07-07 10:00:00,2001,7,11,17069.30963453895,57.929258377549445,HOEP (Legacy)
2001-07-07 11:00:00,2001,7,12,17949.306144605434,60.04107830495135,HOEP (Legacy)
2001-07-07 12:00:00,2001,7,13,17522.61628379898,76.62874938611145,HOEP (Legacy)
2001-07-07 13:00:00,2001,7,14,17017.72041428349,70.56007413265344,HOEP (Legacy)
2001-07-07 14:00:00,2001,7,15,16232.706558104617,28.497210963280455,HOEP (Legacy)
2001-07-07 15:00:00,2001,7,16,16617.36625801179,76.32225716201826,HOEP (Legacy)
2001-07-07 16:00:00,2001,7,17,16156.393757702579,31.27376971502668,HOEP (Legacy)
2001-07-07 17:00:00,2001,7,18,16696.621443100114,60.70735074801605,HOEP (Legacy)
2001-07-07 18:00:00,2001,7,19,15653.028388989635,46.91156405232671,HOEP (Legacy)
2001-07-07 19:00:00,2001,7,20,15401.180953443993,45.47564971204058,HOEP (Legacy)
2001-07-07 20:00:00,2001,7,21,15371.361041020486,55.06333382596805,HOEP (Legacy)
2001-07-07 21:00:00,2001,7,22,15110.962808331578,44.90331704449773,HOEP (Legacy)
2001-07-07 22:00:00,2001,7,23,15766.464551837897,53.17179697225998,HOEP (Legacy)
2001-07-07 23:00:00,2001,7,24,14904.060437410406,46.19234971293918,HOEP (Legacy)
2001-07-08 00:00:00,2001,7,1,15725.389993357006,53.782722877185584,HOEP (Legacy)
2001-07-08 01:00:00,2001,7,2,15280.953754996064,28.918073558109196,HOEP (Legacy)
2001-07-08 02:00:00,2001,7,3,15846.324360517669,48.404513321971024,HOEP (Legacy)
2001-07-08 03:00:00,2001,7,4,16614.673637014694,60.600789764568994,HOEP (Legacy)
2001-07-08 04:00:00,2001,7,5,15568.67263338899,61.292673971225554,HOEP (Legacy)
2001-07-08 05:00:00,2001,7,6,17333.008593565217,70.4032841627954,HOEP (Legacy)
2001-07-08 06:00:00,2001,7,7,17194.625662801944,81.25290310649363,HOEP (Legacy)
2001-07-08 07:00:00,2001,7,8,17245.228554240974,72.72805975171262,HOEP (Legacy)
2001-07-08 08:00:00,2001,7,9,17677.384130642455,55.883852737021854,HOEP (Legacy)
2001-07-08 09:00:00,2001,7,10,18175.249000867167,78.9223006843502,HOEP (Legacy)
2001-07-08 10:00:00,2001,7,11,18136.34233538075,45.78965710489757,HOEP (Legacy)
2001-07-08 11:00:00,2001,7,12,18107.80583956531,66.35146919987152,HOEP (Legacy)
2001-07-08 12:00:00,2001,7,13,18051.825975979595,68.28351145660432,HOEP (Legacy)
2001-07-08 13:00:00,2001,7,14,17478.30253030515,52.40025316242666,HOEP (Legacy)
2001-07-08 14:00:00,2001,7,15,17503.68292270556,60.59008438661418,HOEP (Legacy)
2001-07-08 15:00:00,2001,7,16,16550.02791344134,72.30450377218118,HOEP (Legacy)
2001-07-08 16:00:00,2001,7,17,16908.612389995873,62.88931607571077,HOEP (Legacy)
2001-07-08 17:00:00,2001,7,18,15800.904568397465,52.586326785851966,HOEP (Legacy)
2001-07-08 18:00:00,2001,7,19,16246.369121958642,51.982250998526666,HOEP (Legacy)
2001-07-08 19:00:00,2001,7,20,15441.833187074397,40.060631722952664,HOEP (Legacy)
2001-07-08 20:00:00,2001,7,21,15511.35121585649,34.97433355082847,HOEP (Legacy)
2001-07-08 21:00:00,2001,7,22,15627.62566509929,50.95795142402463,HOEP (Legacy)
2001-07-08 22:00:00,2001,7,23,15142.740690049852,45.669017120454946,HOEP (Legacy)
2001-07-08 23:00:00,2001,7,24,15392.251978028318,54.780134975649254,HOEP (Legacy)
2001-07-09 00:00:00,2001,7,1,15259.020138879654,44.54623759703325,HOEP (Legacy)
2001-07-09 01:00:00,2001,7,2,14831.845039690432,39.990358885828314,HOEP (Legacy)
2001-07-09 02:00:00,2001,7,3,16237.627743508938,56.458225828237865,HOEP (Legacy)
2001-07-09 03:00:00,2001,7,4,15877.14999762032,45.743920491735686,HOEP (Legacy)
2001-07-09 04:00:00,2001,7,5,17532.78084799919,63.70419240465033,HOEP (Legacy)
2001-07-09 05:00:00,2001,7,6,16837.68533069204,58.0225286463123,HOEP (Legacy)
2001-07-09 06:00:00,2001,7,7,16616.21002533663,48.578776523749426,HOEP (Legacy)
2001-07-09 07:00:00,2001,7,8,17050.60979980624,69.52922456395696,HOEP (Legacy)
2001-07-09 08:00:00,2001,7,9,16650.817566729358,56.54396733760786,HOEP (Legacy)
2001-07-09 09:00:00,2001,7,10,17607.299504317325,65.11712327324318,HOEP (Legacy)
2001-07-09 10:00:00,2001,7,11,17301.434063785204,73.24016754685167,HOEP (Legacy)
2001-07-09 11:00:00,2001,7,12,17841.412977425454,60.35068654989086,HOEP (Legacy)
2001-07-09 12:00:00,2001,7,13,17268.452834634645,53.658414030676084,HOEP (Legacy)
2001-07-09 13:00:00,2001,7,14,17617.540728762964,68.62555869665098,HOEP (Legacy)
2001-07-09 14:00:00,2001,7,15,17707.04164276893,62.38481026364905,HOEP (Legacy)
2001-07-09 15:00:00,2001,7,16,16918.584948273387,52.50194023485731,HOEP (Legacy)
2001-07-09 16:00:00,2001,7,17,15668.862935057774,43.9370506091918,HOEP (Legacy)
2001-07-09 17:00:00,2001,7,18,16089.790843902223,50.529734527584,HOEP (Legacy)
2001-07-09 18:00:00,2001,7,19,16039.835219947927,61.68761896976494,HOEP (Legacy)
2001-07-09 19:00:00,2001,7,20,16165.557550190051,52.04502278751074,HOEP (Legacy)
2001-07-09 20:00:00,2001,7,21,16107.74265707442,37.60453024704742,HOEP (Legacy)
2001-07-09 21:00:00,2001,7,22,15789.933704500576,54.51220423074449,HOEP (Legacy)
2001-07-09 22:00:00,2001,7,23,15458.753017483103,64.35883669948302,HOEP (Legacy)
2001-07-09 23:00:00,2001,7,24,15716.20771244289,40.34024835920197,HOEP (Legacy)
2001-07-10 00:00:00,2001,7,1,15205.860105277236,49.37701234478446,HOEP (Legacy)
2001-07-10 01:00:00,2001,7,2,16673.33278229319,70.06640235703892,HOEP (Legacy)
2001-07-10 02:00:00,2001,7,3,16310.184940039846,55.12411295866661,HOEP (Legacy)
2001-07-10 03:00:00,2001,7,4,15925.18393140554,33.96567272238033,HOEP (Legacy)
2001-07-10 04:00:00,2001,7,5,16806.40832999406,52.04470787208984,HOEP (Legacy)
2001-07-10 05:00:00,2001,7,6,16554.855790537404,52.36197465115449,HOEP (Legacy)
2001-07-10 06:00:00,2001,7,7,17183.8018447913,76.0004870753974,HOEP (Legacy)
2001-07-10 07:00:00,2001,7,8,17512.563126298686,59.035964930059315,HOEP (Legacy)
2001-07-10 08:00:00,2001,7,9,18244.690674079033,50.32922954469913,HOEP (Legacy)
2001-07-10 09:00:00,2001,7,10,17167.8791629468,59.74206419235458,HOEP (Legacy)
2001-07-10 10:00:00,2001,7,11,17733.919225129484,49.64698874281989,HOEP (Legacy)
2001-07-10 11:00:00,2001,7,12,17599.942885551605,65.88886963238063,HOEP (Legacy)
2001-07-10 12:00:00,2001,7,13,17637.845406470977,80.00544978552875,HOEP (Legacy)
2001-07-10 13:00:00,2001,7,14,17241.235895618767,59.5679116210576,HOEP (Legacy)
2001-07-10 14:00:00,2001,7,15,16760.06524868119,60.557249140883435,HOEP (Legacy)
2001-07-10 15:00:00,2001,7,16,17000.586999121126,58.56193265325314,HOEP (Legacy)
2001-07-10 16:00:00,2001,7,17,16807.58102399392,56.699529243057846,HOEP (Legacy)
2001-07-10 17:00:00,2001,7,18,15801.377356913941,41.73702338279153,HOEP (Legacy)
2001-07-10 18:00:00,2001,7,19,16263.619295771054,54.34335876332136,HOEP (Legacy)
2001-07-10 19:00:00,2001,7,20,15946.244113371105,64.27032664168121,HOEP (Legacy)
2001-07-10 20:00:00,2001,7,21,14920.169199262164,41.10255019897948,HOEP (Legacy)
2001-07-10 21:00:00,2001,7,22,14300.14800329789,53.217299295948436,HOEP (Legacy)
2001-07-10 22:00:00,2001,7,23,15015.727647089338,42.035937145532365,HOEP (Legacy)
2001-07-10 23:00:00,2001,7,24,15444.450359959508,62.35686867819336,HOEP (Legacy)
2001-07-11 00:00:00,2001,7,1,15277.770692881046,43.84628005999498,HOEP (Legacy)
2001-07-11 01:00:00,2001,7,2,15457.334413906668,50.58798030855265,HOEP (Legacy)
2001-07-11 02:00:00,2001,7,3,16326.774748028449,56.62853807364619,HOEP (Legacy)
2001-07-11 03:00:00,2001,7,4,16022.35503545111,50.109661933307834,HOEP (Legacy)
2001-07-11 04:00:00,2001,7,5,15715.431793825746,53.43588253616864,HOEP (Legacy)
2001-07-11 05:00:00,2001,7,6,16858.962710068965,70.65121547818728,HOEP (Legacy)
2001-07-11 06:00:00,2001,7,7,17278.21511480152,67.35143279473097,HOEP (Legacy)
2001-07-11 07:00:00,2001,7,8,16985.803910967516,71.32043810246059,HOEP (Legacy)
2001-07-11 08:00:00,2001,7,9,17768.052492104795,70.69011799147464,HOEP (Legacy)
2001-07-11 09:00:00,2001,7,10,18119.61349129569,81.0903664049778,HOEP (Legacy)
2001-07-11 10:00:00,2001,7,11,17746.309950554452,61.61909678743448,HOEP (Legacy)
2001-07-11 11:00:00,2001,7,12,17796.493803969108,50.3109016288215,HOEP (Legacy)
2001-07-11 12:00:00,2001,7,13,17679.31445326945,70.82377385394213,HOEP (Legacy)
2001-07-11 13:00:00,2001,7,14,17046.00827425711,48.84824448444132,HOEP (Legacy)
2001-07-11 14:00:00,2001,7,15,17283.585328699482,70.59360485726997,HOEP (Legacy)
2001-07-11 15:00:00,2001,7,16,16683.107332752727,48.37078681038645,HOEP (Legacy)
2001-07-11 16:00:00,2001,7,17,16768.114910243192,41.60706408590367,HOEP (Legacy)
2001-07-11 17:00:00,2001,7,18,16159.780347879429,48.08161937923001,HOEP (Legacy)
2001-07-11 18:00:00,2001,7,19,15796.404296824807,55.56912527384341,HOEP (Legacy)
2001-07-11 19:00:00,2001,7,20,15512.875008732155,66.2724170003187,HOEP (Legacy)
2001-07-11 20:00:00,2001,7,21,15928.122178343074,40.58656850088695,HOEP (Legacy)
2001-07-11 21:00:00,2001,7,22,15087.215207869283,27.70440974341668,HOEP (Legacy)
2001-07-11 22:00:00,2001,7,23,15185.03804195953,58.609231106474944,HOEP (Legacy)
2001-07-11 23:00:00,2001,7,24,14977.67339517341,39.82410311458608,HOEP (Legacy)
2001-07-12 00:00:00,2001,7,1,14918.547410455058,53.14273893173867,HOEP (Legacy)
2001-07-12 01:00:00,2001,7,2,14982.987073047021,55.18832741395349,HOEP (Legacy)
2001-07-12 02:00:00,2001,7,3,16026.589498074896,50.86656477464595,HOEP (Legacy)
2001-07-12 03:00:00,2001,7,4,16421.599502045327,35.60970507502122,HOEP (Legacy)
2001-07-12 04:00:00,2001,7,5,16699.34794022429,64.8162282067242,HOEP (Legacy)
2001-07-12 05:00:00,2001,7,6,17304.50654020125,75.44385438924586,HOEP (Legacy)
2001-07-12 06:00:00,2001,7,7,16583.54079064538,72.67832968463703,HOEP (Legacy)
2001-07-12 07:00:00,2001,7,8,17373.176529622895,67.99552301922805,HOEP (Legacy)
2001-07-12 08:00:00,2001,7,9,17488.471924409423,66.18473201645142,HOEP (Legacy)
2001-07-12 09:00:00,2001,7,10,17842.653382560246,87.05290888505156,HOEP (Legacy)
2001-07-12 10:00:00,2001,7,11,17589.2368912735,98.0583222556173,HOEP (Legacy)
2001-07-12 11:00:00,2001,7,12,17839.885465798197,68.70716779876619,HOEP (Legacy)
2001-07-12 12:00:00,2001,7,13,17169.959336773773,52.150820828177416,HOEP (Legacy)
2001-07-12 13:00:00,2001,7,14,17090.20935040066,61.9758697052827,HOEP (Legacy)
2001-07-12 14:00:00,2001,7,15,18125.570669049597,74.08919549246556,HOEP (Legacy)
2001-07-12 15:00:00,2001,7,16,16090.423574914546,33.158673505812935,HOEP (Legacy)
2001-07-12 16:00:00,2001,7,17,16861.113309998855,38.75630567375585,HOEP (Legacy)
2001-07-12 17:00:00,2001,7,18,17077.183623755765,43.88574634446965,HOEP (Legacy)
2001-07-12 18:00:00,2001,7,19,16171.391108261276,60.99560867099879,HOEP (Legacy)
2001-07-12 19:00:00,2001,7,20,16119.622236549003,61.56814743062334,HOEP (Legacy)
2001-07-12 20:00:00,2001,7,21,15149.646657743468,25.845344774442655,HOEP (Legacy)
2001-07-12 21:00:00,2001,7,22,15447.558892267112,44.576999594352074,HOEP (Legacy)
2001-07-12 22:00:00,2001,7,23,15261.337868488625,43.165542955353125,HOEP (Legacy)
2001-07-12 23:00:00,2001,7,24,14788.246836672712,41.316721557054784,HOEP (Legacy)
2001-07-13 00:00:00,2001,7,1,15061.249570976008,24.635751651532836,HOEP (Legacy)
2001-07-13 01:00:00,2001,7,2,15549.076761586963,36.19364710041475,HOEP (Legacy)
2001-07-13 02:00:00,2001,7,3,15887.954590988391,54.82603765983009,HOEP (Legacy)
2001-07-13 03:00:00,2001,7,4,16177.384945947955,71.30828884231633,HOEP (Legacy)
2001-07-13 04:00:00,2001,7,5,16315.798189359271,64.41376523648793,HOEP (Legacy)
2001-07-13 05:00:00,2001,7,6,16348.205355209095,45.475410817809,HOEP (Legacy)
2001-07-13 06:00:00,2001,7,7,16707.068880784063,54.20193881304117,HOEP (Legacy)
2001-07-13 07:00:00,2001,7,8,16963.868958828905,56.35228862032042,HOEP (Legacy)
2001-07-13 08:00:00,2001,7,9,17363.723940157593,64.12945204995016,HOEP (Legacy)
2001-07-13 09:00:00,2001,7,10,17855.568093447953,75.00334843576303,HOEP (Legacy)
2001-07-13 10:00:00,2001,7,11,17190.049812177655,50.534611242327635,HOEP (Legacy)
2001-07-13 11:00:00,2001,7,12,17561.354424668232,60.46765482316654,HOEP (Legacy)
2001-07-13 12:00:00,2001,7,13,17109.68763721732,59.42156875565095,HOEP (Legacy)
2001-07-13 13:00:00,2001,7,14,17750.52849114702,39.558536483459086,HOEP (Legacy)
2001-07-13 14:00:00,2001,7,15,16602.274174067028,44.966888192740875,HOEP (Legacy)
2001-07-13 15:00:00,2001,7,16,17145.381874531475,31.109708989286723,HOEP (Legacy)
2001-07-13 16:00:00,2001,7,17,15903.47331812431,54.528018459938956,HOEP (Legacy)
2001-07-13 17:00:00,2001,7,18,16619.18960505612,61.56400968161437,HOEP (Legacy)
2001-07-13 18:00:00,2001,7,19,15629.960478550596,40.65240739783592,HOEP (Legacy)
2001-07-13 19:00:00,2001,7,20,15393.782604195712,47.63511871728561,HOEP (Legacy)
2001-07-13 20:00:00,2001,7,21,15160.346278464862,47.059710338082226,HOEP (Legacy)
2001-07-13 21:00:00,2001,7,22,14916.908247120718,60.07120770490131,HOEP (Legacy)
2001-07-13 22:00:00,2001,7,23,15654.914569846896,62.538717779571485,HOEP (Legacy)
2001-07-13 23:00:00,2001,7,24,15737.490802497327,66.25954637573449,HOEP (Legacy)
2001-07-14 00:00:00,2001,7,1,15683.073488116986,43.44857479881169,HOEP (Legacy)
2001-07-14 01:00:00,2001,7,2,16153.699341395626,55.633051410021196,HOEP (Legacy)
2001-07-14 02:00:00,2001,7,3,15348.882099061702,52.62220919894031,HOEP (Legacy)
2001-07-14 03:00:00,2001,7,4,16036.793573385721,49.83418805437608,HOEP (Legacy)
2001-07-14 04:00:00,2001,7,5,16527.050371808316,39.2964922789892,HOEP (Legacy)
2001-07-14 05:00:00,2001,7,6,16338.137965186794,40.40226956875068,HOEP (Legacy)
2001-07-14 06:00:00,2001,7,7,17518.19042540548,61.72864929316623,HOEP (Legacy)
2001-07-14 07:00:00,2001,7,8,17779.412530000103,65.5075423938832,HOEP (Legacy)
2001-07-14 08:00:00,2001,7,9,18145.667980183538,76.19474422576053,HOEP (Legacy)
2001-07-14 09:00:00,2001,7,10,17708.50128621898,48.04304060522521,HOEP (Legacy)
2001-07-14 10:00:00,2001,7,11,17671.813362152578,66.12443905483096,HOEP (Legacy)
2001-07-14 11:00:00,2001,7,12,17556.066131951615,51.9366568023492,HOEP (Legacy)
2001-07-14 12:00:00,2001,7,13,17468.224248421673,71.8969966541671,HOEP (Legacy)
2001-07-14 13:00:00,2001,7,14,18127.536623889035,64.57611059574658,HOEP (Legacy)
2001-07-14 14:00:00,2001,7,15,16884.32390339953,50.946426035916474,HOEP (Legacy)
2001-07-14 15:00:00,2001,7,16,17208.611821189214,63.31497545560884,HOEP (Legacy)
2001-07-14 16:00:00,2001,7,17,16992.579874297677,89.76792582795815,HOEP (Legacy)
2001-07-14 17:00:00,2001,7,18,16186.94269050248,60.54408659560758,HOEP (Legacy)
2001-07-14 18:00:00,2001,7,19,16041.121741475863,59.063791026705225,HOEP (Legacy)
2001-07-14 19:00:00,2001,7,20,15458.926216161406,20.956158238283592,HOEP (Legacy)
2001-07-14 20:00:00,2001,7,21,14636.959609300333,30.867490974661994,HOEP (Legacy)
2001-07-14 21:00:00,2001,7,22,15172.379839081435,39.12978564820893,HOEP (Legacy)
2001-07-14 22:00:00,2001,7,23,15894.986883349642,25.60767019373597,HOEP (Legacy)
2001-07-14 23:00:00,2001,7,24,14923.16654073521,39.63734098892554,HOEP (Legacy)
2001-07-15 00:00:00,2001,7,1,15163.498920377584,48.262409762903346,HOEP (Legacy)
2001-07-15 01:00:00,2001,7,2,15767.386767336935,40.64682002106095,HOEP (Legacy)
2001-07-15 02:00:00,2001,7,3,15072.960556143074,68.71980764670627,HOEP (Legacy)
2001-07-15 03:00:00,2001,7,4,16312.42680993052,48.46431582279683,HOEP (Legacy)
2001-07-15 04:00:00,2001,7,5,16681.529172246555,39.74210472983808,HOEP (Legacy)
2001-07-15 05:00:00,2001,7,6,16519.01311504879,63.93686941980505,HOEP (Legacy)
2001-07-15 06:00:00,2001,7,7,16992.132725475676,49.4220942262254,HOEP (Legacy)
2001-07-15 07:00:00,2001,7,8,17590.66791731785,38.32044456563471,HOEP (Legacy)
2001-07-15 08:00:00,2001,7,9,17340.812320011373,56.01580724455839,HOEP (Legacy)
2001-07-15 09:00:00,2001,7,10,17508.127923128464,70.48043359653833,HOEP (Legacy)
2001-07-15 10:00:00,2001,7,11,18153.559539211627,38.565069804947626,HOEP (Legacy)
2001-07-15 11:00:00,2001,7,12,17758.902720955823,65.70380225702343,HOEP (Legacy)
2001-07-15 12:00:00,2001,7,13,17754.967498471327,47.613624769913976,HOEP (Legacy)
2001-07-15 13:00:00,2001,7,14,17195.751017799947,60.0346988842498,HOEP (Legacy)
2001-07-15 14:00:00,2001,7,15,17407.15792577198,46.203796893468294,HOEP (Legacy)
2001-07-15 15:00:00,2001,7,16,16327.307182878627,48.822829895106786,HOEP (Legacy)
2001-07-15 16:00:00,2001,7,17,16181.860091122326,47.21962756571128,HOEP (Legacy)
2001-07-15 17:00:00,2001,7,18,15805.250449115814,74.71452138458504,HOEP (Legacy)
2001-07-15 18:00:00,2001,7,19,15304.127425165376,31.03885746051787,HOEP (Legacy)
2001-07-15 19:00:00,2001,7,20,16304.35731708599,63.67630425577337,HOEP (Legacy)
2001-07-15 20:00:00,2001,7,21,15550.048251899167,51.42827452356627,HOEP (Legacy)
2001-07-15 21:00:00,2001,7,22,15343.239553690593,53.65698999897832,HOEP (Legacy)
2001-07-15 22:00:00,2001,7,23,15408.357982382977,46.684750975084434,HOEP (Legacy)
2001-07-15 23:00:00,2001,7,24,14778.986614074578,35.125855807002495,HOEP (Legacy)
2001-07-16 00:00:00,2001,7,1,14630.547219007098,46.05920594098592,HOEP (Legacy)
2001-07-16 01:00:00,2001,7,2,16306.85781006901,68.39406883566235,HOEP (Legacy)
2001-07-16 02:00:00,2001,7,3,15871.011207855994,64.5384286656165,HOEP (Legacy)
2001-07-16 03:00:00,2001,7,4,15148.84059344866,30.752453522997527,HOEP (Legacy)
2001-07-16 04:00:00,2001,7,5,16143.377388838757,63.36793569507708,HOEP (Legacy)
2001-07-16 05:00:00,2001,7,6,16398.310054313944,60.592047155448164,HOEP (Legacy)
2001-07-16 06:00:00,2001,7,7,17210.6273349496,67.23766135702483,HOEP (Legacy)
2001-07-16 07:00:00,2001,7,8,17163.346240448907,48.58022648644915,HOEP (Legacy)
2001-07-16 08:00:00,2001,7,9,18423.919121240888,80.24380456866032,HOEP (Legacy)
2001-07-16 09:00:00,2001,7,10,18468.46979035636,67.40923523843895,HOEP (Legacy)
2001-07-16 10:00:00,2001,7,11,18167.64834769162,60.498045034717634,HOEP (Legacy)
2001-07-16 11:00:00,2001,7,12,17779.958938687458,56.17115869917173,HOEP (Legacy)
2001-07-16 12:00:00,2001,7,13,17861.040956135697,41.50027689494398,HOEP (Legacy)
2001-07-16 13:00:00,2001,7,14,17614.400941973432,57.97534340653361,HOEP (Legacy)
2001-07-16 14:00:00,2001,7,15,17647.252372725907,59.89846935800385,HOEP (Legacy)
2001-07-16 15:00:00,2001,7,16,16971.928227103195,58.70108804764314,HOEP (Legacy)
2001-07-16 16:00:00,2001,7,17,16142.139700263688,41.69437422439872,HOEP (Legacy)
2001-07-16 17:00:00,2001,7,18,16343.806158101388,63.38832447806176,HOEP (Legacy)
2001-07-16 18:00:00,2001,7,19,15695.813952003113,48.69350754257332,HOEP (Legacy)
2001-07-16 19:00:00,2001,7,20,15955.377633544747,47.58333291007222,HOEP (Legacy)
2001-07-16 20:00:00,2001,7,21,15559.519007005243,47.734172895074266,HOEP (Legacy)
2001-07-16 21:00:00,2001,7,22,14815.140057715666,34.65394742126798,HOEP (Legacy)
2001-07-16 22:00:00,2001,7,23,14963.6722566885,48.24238491643264,HOEP (Legacy)
2001-07-16 23:00:00,2001,7,24,15636.028631286534,54.00522193604717,HOEP (Legacy)
2001-07-17 00:00:00,2001,7,1,16069.159263508653,43.51941220168145,HOEP (Legacy)
2001-07-17 01:00:00,2001,7,2,15918.833126562706,40.21080257120239,HOEP (Legacy)
2001-07-17 02:00:00,2001,7,3,15904.989524155371,61.768441943771684,HOEP (Legacy)
2001-07-17 03:00:00,2001,7,4,16166.74100782908,43.36593236482904,HOEP (Legacy)
2001-07-17 04:00:00,2001,7,5,16279.235504715667,35.90831703911422,HOEP (Legacy)
2001-07-17 05:00:00,2001,7,6,17177.24773245545,74.50911999836744,HOEP (Legacy)
2001-07-17 06:00:00,2001,7,7,17227.73155208103,80.0751854297409,HOEP (Legacy)
2001-07-17 07:00:00,2001,7,8,16702.610538004792,53.57917359067571,HOEP (Legacy)
2001-07-17 08:00:00,2001,7,9,17419.346843012758,55.3946193044805,HOEP (Legacy)
2001-07-17 09:00:00,2001,7,10,16640.889600050366,49.64413394013481,HOEP (Legacy)
2001-07-17 10:00:00,2001,7,11,17050.738014936094,70.52137719678797,HOEP (Legacy)
2001-07-17 11:00:00,2001,7,12,17741.254770533866,67.51197524534923,HOEP (Legacy)
2001-07-17 12:00:00,2001,7,13,17856.082760789428,73.75555117407512,HOEP (Legacy)
2001-07-17 13:00:00,2001,7,14,17109.632822607593,60.96684141033054,HOEP (Legacy)
2001-07-17 14:00:00,2001,7,15,17346.924626701744,75.30708409702996,HOEP (Legacy)
2001-07-17 15:00:00,2001,7,16,17145.032999484578,68.28150145332927,HOEP (Legacy)
2001-07-17 16:00:00,2001,7,17,16817.88918045746,76.99027524597193,HOEP (Legacy)
2001-07-17 17:00:00,2001,7,18,16412.631988455738,65.90659916373411,HOEP (Legacy)
2001-07-17 18:00:00,2001,7,19,15630.161974684997,53.701450773926695,HOEP (Legacy)
2001-07-17 19:00:00,2001,7,20,15859.917194187352,35.41075259009218,HOEP (Legacy)
2001-07-17 20:00:00,2001,7,21,16231.853406299908,49.049699667306086,HOEP (Legacy)
2001-07-17 21:00:00,2001,7,22,15120.819466065544,33.8324518826726,HOEP (Legacy)
2001-07-17 22:00:00,2001,7,23,14452.898199932311,44.37227261304565,HOEP (Legacy)
2001-07-17 23:00:00,2001,7,24,15669.444488270561,37.57966569889546,HOEP (Legacy)
2001-07-18 00:00:00,2001,7,1,15860.802161560452,69.40510835295791,HOEP (Legacy)
2001-07-18 01:00:00,2001,7,2,15874.7112215474,41.39426850681913,HOEP (Legacy)
2001-07-18 02:00:00,2001,7,3,16306.393794472278,47.936384698562804,HOEP (Legacy)
2001-07-18 03:00:00,2001,7,4,16026.649106991617,60.008455766621644,HOEP (Legacy)
2001-07-18 04:00:00,2001,7,5,17099.95584669707,81.85062820174876,HOEP (Legacy)
2001-07-18 05:00:00,2001,7,6,17240.11856471086,62.84740816552327,HOEP (Legacy)
2001-07-18 06:00:00,2001,7,7,17388.815426805788,56.29028171528033,HOEP (Legacy)
2001-07-18 07:00:00,2001,7,8,17277.785503975,44.016379349112626,HOEP (Legacy)
2001-07-18 08:00:00,2001,7,9,16679.978385831677,31.48219769432466,HOEP (Legacy)
2001-07-18 09:00:00,2001,7,10,17037.582062835678,46.036050996605965,HOEP (Legacy)
2001-07-18 10:00:00,2001,7,11,16961.050645243824,68.88309411398409,HOEP (Legacy)
2001-07-18 11:00:00,2001,7,12,17662.031087242463,68.24212843643014,HOEP (Legacy)
2001-07-18 12:00:00,2001,7,13,17708.29023034728,47.88378236361248,HOEP (Legacy)
2001-07-18 13:00:00,2001,7,14,17294.654903253864,43.03937282724104,HOEP (Legacy)
2001-07-18 14:00:00,2001,7,15,17961.246578526167,54.8354370101726,HOEP (Legacy)
2001-07-18 15:00:00,2001,7,16,17000.09274842371,76.64241721483259,HOEP (Legacy)
2001-07-18 16:00:00,2001,7,17,16250.055974981531,56.24594905098212,HOEP (Legacy)
2001-07-18 17:00:00,2001,7,18,16023.608438914083,69.73607826501363,HOEP (Legacy)
2001-07-18 18:00:00,2001,7,19,15407.61796260909,61.647235025536304,HOEP (Legacy)
2001-07-18 19:00:00,2001,7,20,14996.721383976881,29.850652133807728,HOEP (Legacy)
2001-07-18 20:00:00,2001,7,21,16122.006421840491,58.09143142051875,HOEP (Legacy)
2001-07-18 21:00:00,2001,7,22,15334.610338993554,44.41614607938281,HOEP (Legacy)
2001-07-18 22:00:00,2001,7,23,15600.941325112904,39.964662950786064,HOEP (Legacy)
2001-07-18 23:00:00,2001,7,24,15236.712734895576,41.51579477335752,HOEP (Legacy)
2001-07-19 00:00:00,2001,7,1,15682.158796368134,62.59088273273937,HOEP (Legacy)
2001-07-19 01:00:00,2001,7,2,15550.805644951302,58.57921284131418,HOEP (Legacy)
2001-07-19 02:00:00,2001,7,3,15980.12561550749,43.33958779971468,HOEP (Legacy)
2001-07-19 03:00:00,2001,7,4,15775.506530747218,38.99848902790836,HOEP (Legacy)
2001-07-19 04:00:00,2001,7,5,17010.55783149707,44.93261824421464,HOEP (Legacy)
2001-07-19 05:00:00,2001,7,6,16993.751085349908,45.778305095786315,HOEP (Legacy)
2001-07-19 06:00:00,2001,7,7,16378.610241344755,73.64754898628063,HOEP (Legacy)
2001-07-19 07:00:00,2001,7,8,17366.17105699388,61.75122712033706,HOEP (Legacy)
2001-07-19 08:00:00,2001,7,9,17387.275675283418,74.22199710989007,HOEP (Legacy)
2001-07-19 09:00:00,2001,7,10,17443.692496697444,53.291928812171484,HOEP (Legacy)
2001-07-19 10:00:00,2001,7,11,17803.808831336224,49.18577128726194,HOEP (Legacy)
2001-07-19 11:00:00,2001,7,12,16650.411503893243,46.62396777675894,HOEP (Legacy)
2001-07-19 12:00:00,2001,7,13,17322.554957064436,63.04591346148012,HOEP (Legacy)
2001-07-19 13:00:00,2001,7,14,16934.16493545048,46.72661425146189,HOEP (Legacy)
2001-07-19 14:00:00,2001,7,15,16981.328112314986,61.85306863032908,HOEP (Legacy)
2001-07-19 15:00:00,2001,7,16,16685.02926197051,62.115172163729696,HOEP (Legacy)
2001-07-19 16:00:00,2001,7,17,15932.135508241581,65.3007234275349,HOEP (Legacy)
2001-07-19 17:00:00,2001,7,18,15794.538841151318,64.30248560057997,HOEP (Legacy)
2001-07-19 18:00:00,2001,7,19,14944.158591829004,36.03072341207657,HOEP (Legacy)
2001-07-19 19:00:00,2001,7,20,15131.352775194719,52.544002382800755,HOEP (Legacy)
2001-07-19 20:00:00,2001,7,21,15796.982230740381,43.89288372395076,HOEP (Legacy)
2001-07-19 21:00:00,2001,7,22,15258.904765885709,60.930217443864734,HOEP (Legacy)
2001-07-19 22:00:00,2001,7,23,15932.538105749823,62.080751422895545,HOEP (Legacy)
2001-07-19 23:00:00,2001,7,24,15666.782248012174,67.41426778387631,HOEP (Legacy)
2001-07-20 00:00:00,2001,7,1,15161.282266165375,45.464966018039846,HOEP (Legacy)
2001-07-20 01:00:00,2001,7,2,15179.399157412441,55.290172653435825,HOEP (Legacy)
2001-07-20 02:00:00,2001,7,3,15944.911574219528,46.01385485457736,HOEP (Legacy)
2001-07-20 03:00:00,2001,7,4,16157.305495128261,60.46033177809734,HOEP (Legacy)
2001-07-20 04:00:00,2001,7,5,16486.17232154856,74.74846637388629,HOEP (Legacy)
2001-07-20 05:00:00,2001,7,6,16388.532616795586,62.80213205948788,HOEP (Legacy)
2001-07-20 06:00:00,2001,7,7,16621.5708321234,67.2697126364849,HOEP (Legacy)
2001-07-20 07:00:00,2001,7,8,16427.117823677087,58.451298855279134,HOEP (Legacy)
2001-07-20 08:00:00,2001,7,9,17583.468641045896,57.25663974391446,HOEP (Legacy)
2001-07-20 09:00:00,2001,7,10,18197.95743401743,59.10240789413153,HOEP (Legacy)
2001-07-20 10:00:00,2001,7,11,17773.323261769336,67.22877157359525,HOEP (Legacy)
2001-07-20 11:00:00,2001,7,12,17562.199272001486,44.33091642525183,HOEP (Legacy)
2001-07-20 12:00:00,2001,7,13,17271.87753699541,49.79576723553318,HOEP (Legacy)
2001-07-20 13:00:00,2001,7,14,17213.919540227627,39.43532674686047,HOEP (Legacy)
2001-07-20 14:00:00,2001,7,15,17662.678684570044,54.35885931619971,HOEP (Legacy)
2001-07-20 15:00:00,2001,7,16,16581.53067711847,58.55188043582105,HOEP (Legacy)
2001-07-20 16:00:00,2001,7,17,16902.815388586558,58.42633210953859,HOEP (Legacy)
2001-07-20 17:00:00,2001,7,18,16004.7013312323,46.97173346859537,HOEP (Legacy)
2001-07-20 18:00:00,2001,7,19,14969.998572691247,52.012834892378066,HOEP (Legacy)
2001-07-20 19:00:00,2001,7,20,15772.955035101999,23.599651799350482,HOEP (Legacy)
2001-07-20 20:00:00,2001,7,21,15526.041858910708,42.20384684940572,HOEP (Legacy)
2001-07-20 21:00:00,2001,7,22,15566.755828314217,64.75034254248783,HOEP (Legacy)
2001-07-20 22:00:00,2001,7,23,15626.555054832585,62.16905798230403,HOEP (Legacy)
2001-07-20 23:00:00,2001,7,24,15682.255893471107,42.622370031012224,HOEP (Legacy)
2001-07-21 00:00:00,2001,7,1,14980.43316504388,20.379319972174613,HOEP (Legacy)
2001-07-21 01:00:00,2001,7,2,15833.369281335332,47.02435866171919,HOEP (Legacy)
2001-07-21 02:00:00,2001,7,3,16558.89524480003,79.7479033417206,HOEP (Legacy)
2001-07-21 03:00:00,2001,7,4,16379.126426773904,49.65855005391665,HOEP (Legacy)
2001-07-21 04:00:00,2001,7,5,16814.112028020936,54.285131535033024,HOEP (Legacy)
2001-07-21 05:00:00,2001,7,6,17738.502800726445,56.46106007777461,HOEP (Legacy)
2001-07-21 06:00:00,2001,7,7,16621.90558277453,52.519513855883055,HOEP (Legacy)
2001-07-21 07:00:00,2001,7,8,18058.349631511523,48.81191810917822,HOEP (Legacy)
2001-07-21 08:00:00,2001,7,9,18050.09249234075,76.01755314360577,HOEP (Legacy)
2001-07-21 09:00:00,2001,7,10,17426.415547288078,46.32619379934349,HOEP (Legacy)
2001-07-21 10:00:00,2001,7,11,17506.769287084215,49.31660403636275,HOEP (Legacy)
2001-07-21 11:00:00,2001,7,12,17760.162551602094,70.4384328923209,HOEP (Legacy)
2001-07-21 12:00:00,2001,7,13,17064.86091541743,74.00352248576691,HOEP (Legacy)
2001-07-21 13:00:00,2001,7,14,16856.468050632648,48.99424493860927,HOEP (Legacy)
2001-07-21 14:00:00,2001,7,15,17014.338262099263,66.17509912332798,HOEP (Legacy)
2001-07-21 15:00:00,2001,7,16,16752.61477178984,56.034525236384056,HOEP (Legacy)
2001-07-21 16:00:00,2001,7,17,15843.157173061882,43.85947890674697,HOEP (Legacy)
2001-07-21 17:00:00,2001,7,18,16615.965841003803,75.05444336598057,HOEP (Legacy)
2001-07-21 18:00:00,2001,7,19,15995.909296416125,65.02210551810558,HOEP (Legacy)
2001-07-21 19:00:00,2001,7,20,14763.988179498156,52.175250043157845,HOEP (Legacy)
2001-07-21 20:00:00,2001,7,21,15411.218166858023,52.40473582229309,HOEP (Legacy)
2001-07-21 21:00:00,2001,7,22,15762.26497193394,44.90822385525657,HOEP (Legacy)
2001-07-21 22:00:00,2001,7,23,15429.429677924547,53.015519943024174,HOEP (Legacy)
2001-07-21 23:00:00,2001,7,24,14970.139926189368,46.16494071013074,HOEP (Legacy)
2001-07-22 00:00:00,2001,7,1,15372.74187892336,51.85506545877238,HOEP (Legacy)
2001-07-22 01:00:00,2001,7,2,15595.159250686977,43.112810538471564,HOEP (Legacy)
2001-07-22 02:00:00,2001,7,3,15706.129805053679,28.692911030585307,HOEP (Legacy)
2001-07-22 03:00:00,2001,7,4,14960.752712940803,40.24841815230357,HOEP (Legacy)
2001-07-22 04:00:00,2001,7,5,16227.900350704416,49.847190084003486,HOEP (Legacy)
2001-07-22 05:00:00,2001,7,6,17343.71266394259,87.02069864271922,HOEP (Legacy)
2001-07-22 06:00:00,2001,7,7,17389.7334890147,67.34547774294478,HOEP (Legacy)
2001-07-22 07:00:00,2001,7,8,17490.963527097203,62.89122088775122,HOEP (Legacy)
2001-07-22 08:00:00,2001,7,9,18312.05601228207,57.10044325621381,HOEP (Legacy)
2001-07-22 09:00:00,2001,7,10,17987.112596746785,63.88939339587987,HOEP (Legacy)
2001-07-22 10:00:00,2001,7,11,17808.68139012227,35.953289261527,HOEP (Legacy)
2001-07-22 11:00:00,2001,7,12,18453.04644931842,73.1550439548538,HOEP (Legacy)
2001-07-22 12:00:00,2001,7,13,17424.155998232032,64.83929902375917,HOEP (Legacy)
2001-07-22 13:00:00,2001,7,14,17971.20382081191,67.4236019504722,HOEP (Legacy)
2001-07-22 14:00:00,2001,7,15,17001.981942419803,49.728603809016576,HOEP (Legacy)
2001-07-22 15:00:00,2001,7,16,16354.441177900158,56.43186232941797,HOEP (Legacy)
2001-07-22 16:00:00,2001,7,17,16598.939470756286,55.196797883030996,HOEP (Legacy)
2001-07-22 17:00:00,2001,7,18,15585.652269403858,51.49981269512182,HOEP (Legacy)
2001-07-22 18:00:00,2001,7,19,16650.648779131207,40.38278735233301,HOEP (Legacy)
2001-07-22 19:00:00,2001,7,20,15290.80270637201,46.844314903481035,HOEP (Legacy)
2001-07-22 20:00:00,2001,7,21,15890.399826921488,42.7850645510542,HOEP (Legacy)
2001-07-22 21:00:00,2001,7,22,14973.426429748843,45.37879446035928,HOEP (Legacy)
2001-07-22 22:00:00,2001,7,23,15928.703576535929,36.56772615193465,HOEP (Legacy)
2001-07-22 23:00:00,2001,7,24,15402.801155871153,13.838125818577176,HOEP (Legacy)
2001-07-23 00:00:00,2001,7,1,15526.032184195941,52.62698008178386,HOEP (Legacy)
2001-07-23 01:00:00,2001,7,2,15877.478777277976,54.85808861583628,HOEP (Legacy)
2001-07-23 02:00:00,2001,7,3,15655.563516778398,49.9787926232686,HOEP (Legacy)
2001-07-23 03:00:00,2001,7,4,16756.236478466202,40.34774408317978,HOEP (Legacy)
2001-07-23 04:00:00,2001,7,5,17760.569085971296,54.824489076352535,HOEP (Legacy)
2001-07-23 05:00:00,2001,7,6,16889.758116508212,75.01172331321337,HOEP (Legacy)
2001-07-23 06:00:00,2001,7,7,17084.89544608802,53.20722402840788,HOEP (Legacy)
2001-07-23 07:00:00,2001,7,8,17085.072289543645,57.60540666303436,HOEP (Legacy)
2001-07-23 08:00:00,2001,7,9,17826.993601062604,68.65959649710763,HOEP (Legacy)
2001-07-23 09:00:00,2001,7,10,17379.765449796396,66.15692434561048,HOEP (Legacy)
2001-07-23 10:00:00,2001,7,11,17344.88777463503,72.75896966713675,HOEP (Legacy)
2001-07-23 11:00:00,2001,7,12,17681.1679793141,55.62741406885962,HOEP (Legacy)
2001-07-23 12:00:00,2001,7,13,17104.88943746053,55.22889401048401,HOEP (Legacy)
2001-07-23 13:00:00,2001,7,14,17252.375401500325,43.90726082838512,HOEP (Legacy)
2001-07-23 14:00:00,2001,7,15,16909.21659850323,43.269044088338845,HOEP (Legacy)
2001-07-23 15:00:00,2001,7,16,16802.595125547014,72.48953535491032,HOEP (Legacy)
2001-07-23 16:00:00,2001,7,17,16712.91497335965,43.24401216933059,HOEP (Legacy)
2001-07-23 17:00:00,2001,7,18,16272.647263021681,58.61327067262031,HOEP (Legacy)
2001-07-23 18:00:00,2001,7,19,15053.263012455249,60.044812898308706,HOEP (Legacy)
2001-07-23 19:00:00,2001,7,20,15063.125610588033,44.681511953228764,HOEP (Legacy)
2001-07-23 20:00:00,2001,7,21,15561.605740125242,55.385718491712325,HOEP (Legacy)
2001-07-23 21:00:00,2001,7,22,15166.434417551636,60.08015111820157,HOEP (Legacy)
2001-07-23 22:00:00,2001,7,23,14774.45359145358,50.65018506087041,HOEP (Legacy)
2001-07-23 23:00:00,2001,7,24,14969.8655486557,45.11072907001097,HOEP (Legacy)
2001-07-24 00:00:00,2001,7,1,15349.775871984568,58.94238160061856,HOEP (Legacy)
2001-07-24 01:00:00,2001,7,2,16361.40375507007,72.00713084102259,HOEP (Legacy)
2001-07-24 02:00:00,2001,7,3,15683.632433966797,50.04794402704541,HOEP (Legacy)
2001-07-24 03:00:00,2001,7,4,15675.49530653988,45.10862055321755,HOEP (Legacy)
2001-07-24 04:00:00,2001,7,5,16868.687927616545,57.90987632217937,HOEP (Legacy)
2001-07-24 05:00:00,2001,7,6,16915.98459355952,57.56063739025384,HOEP (Legacy)
2001-07-24 06:00:00,2001,7,7,17063.00939200893,52.867666471094935,HOEP (Legacy)
2001-07-24 07:00:00,2001,7,8,17438.317372173646,45.87436475548579,HOEP (Legacy)
2001-07-24 08:00:00,2001,7,9,17401.870372208272,56.438666216658724,HOEP (Legacy)
2001-07-24 09:00:00,2001,7,10,17272.29838384439,58.43935594567391,HOEP (Legacy)
2001-07-24 10:00:00,2001,7,11,17645.643600664902,81.48822247814226,HOEP (Legacy)
2001-07-24 11:00:00,2001,7,12,18011.71430894891,48.67600496038717,HOEP (Legacy)
2001-07-24 12:00:00,2001,7,13,18471.567193571922,63.63364373090868,HOEP (Legacy)
2001-07-24 13:00:00,2001,7,14,16932.46898633344,66.8242221936083,HOEP (Legacy)
2001-07-24 14:00:00,2001,7,15,16936.253436396353,68.47361143965831,HOEP (Legacy)
2001-07-24 15:00:00,2001,7,16,16430.61330823244,39.2988090601065,HOEP (Legacy)
2001-07-24 16:00:00,2001,7,17,16231.170729227402,55.08120970188651,HOEP (Legacy)
2001-07-24 17:00:00,2001,7,18,16048.497038373409,41.64332967639041,HOEP (Legacy)
2001-07-24 18:00:00,2001,7,19,16242.99469896956,32.75601140237971,HOEP (Legacy)
2001-07-24 19:00:00,2001,7,20,15518.53381795412,33.137488985247685,HOEP (Legacy)
2001-07-24 20:00:00,2001,7,21,15198.27235457647,25.314877953799993,HOEP (Legacy)
2001-07-24 21:00:00,2001,7,22,15562.115401771414,48.65502814492486,HOEP (Legacy)
2001-07-24 22:00:00,2001,7,23,14968.72815217733,38.09767371712122,HOEP (Legacy)
2001-07-24 23:00:00,2001,7,24,15741.19981850043,58.45502450256909,HOEP (Legacy)
2001-07-25 00:00:00,2001,7,1,14946.558604263548,30.040176969026184,HOEP (Legacy)
2001-07-25 01:00:00,2001,7,2,14892.723649013913,53.606328003659,HOEP (Legacy)
2001-07-25 02:00:00,2001,7,3,16341.601299119879,42.83701529820049,HOEP (Legacy)
2001-07-25 03:00:00,2001,7,4,16317.065176348984,40.435928839800766,HOEP (Legacy)
2001-07-25 04:00:00,2001,7,5,15762.526120592964,65.13652664526228,HOEP (Legacy)
2001-07-25 05:00:00,2001,7,6,16808.152184155017,50.434951970345445,HOEP (Legacy)
2001-07-25 06:00:00,2001,7,7,17079.91809760196,53.72601336556992,HOEP (Legacy)
2001-07-25 07:00:00,2001,7,8,17895.00445975133,55.57551084626513,HOEP (Legacy)
2001-07-25 08:00:00,2001,7,9,17335.16103732143,63.74514058758408,HOEP (Legacy)
2001-07-25 09:00:00,2001,7,10,17982.804874807283,62.22643273622672,HOEP (Legacy)
2001-07-25 10:00:00,2001,7,11,18354.95882314996,70.65538627126104,HOEP (Legacy)
2001-07-25 11:00:00,2001,7,12,17210.193834862694,49.886734477994665,HOEP (Legacy)
2001-07-25 12:00:00,2001,7,13,17631.12492983268,73.60669767166564,HOEP (Legacy)
2001-07-25 13:00:00,2001,7,14,18227.81326027359,73.53610666374576,HOEP (Legacy)
2001-07-25 14:00:00,2001,7,15,17258.08601010736,71.76364912168863,HOEP (Legacy)
2001-07-25 15:00:00,2001,7,16,17081.705696756137,56.494739098991474,HOEP (Legacy)
2001-07-25 16:00:00,2001,7,17,17492.25057650867,40.13755521490516,HOEP (Legacy)
2001-07-25 17:00:00,2001,7,18,15775.035106424837,52.36426618956203,HOEP (Legacy)
2001-07-25 18:00:00,2001,7,19,16200.156189226678,51.03072655835656,HOEP (Legacy)
2001-07-25 19:00:00,2001,7,20,15978.98730390213,36.17445629376415,HOEP (Legacy)
2001-07-25 20:00:00,2001,7,21,15910.832466353553,43.02771156328515,HOEP (Legacy)
2001-07-25 21:00:00,2001,7,22,14905.97107435974,45.39043961685904,HOEP (Legacy)
2001-07-25 22:00:00,2001,7,23,16264.050083022259,61.26011204039925,HOEP (Legacy)
2001-07-25 23:00:00,2001,7,24,14968.541262971712,37.1712595904249,HOEP (Legacy)
2001-07-26 00:00:00,2001,7,1,15606.356424707954,48.04214858118926,HOEP (Legacy)
2001-07-26 01:00:00,2001,7,2,14776.146609558058,38.57783670187982,HOEP (Legacy)
2001-07-26 02:00:00,2001,7,3,15400.765426365073,48.88092584417457,HOEP (Legacy)
2001-07-26 03:00:00,2001,7,4,16083.105273910514,50.28693076397664,HOEP (Legacy)
2001-07-26 04:00:00,2001,7,5,16773.6080181994,42.49989409524373,HOEP (Legacy)
2001-07-26 05:00:00,2001,7,6,16327.104340121014,49.41070501458273,HOEP (Legacy)
2001-07-26 06:00:00,2001,7,7,16881.50894706265,30.342079338596353,HOEP (Legacy)
2001-07-26 07:00:00,2001,7,8,17741.52943647409,56.888849390337676,HOEP (Legacy)
2001-07-26 08:00:00,2001,7,9,18173.176721601296,59.72431173037369,HOEP (Legacy)
2001-07-26 09:00:00,2001,7,10,17836.73961927063,55.58751328839036,HOEP (Legacy)
2001-07-26 10:00:00,2001,7,11,16992.682645392135,68.61974859423249,HOEP (Legacy)
2001-07-26 11:00:00,2001,7,12,16957.98044968819,56.744321529729326,HOEP (Legacy)
2001-07-26 12:00:00,2001,7,13,16999.814239815576,42.5930667684749,HOEP (Legacy)
2001-07-26 13:00:00,2001,7,14,16982.814404272856,65.02566684523146,HOEP (Legacy)
2001-07-26 14:00:00,2001,7,15,16946.67413918934,74.92251973429907,HOEP (Legacy)
2001-07-26 15:00:00,2001,7,16,17241.04543270664,52.9976015483155,HOEP (Legacy)
2001-07-26 16:00:00,2001,7,17,15687.90414793119,69.9165017236558,HOEP (Legacy)
2001-07-26 17:00:00,2001,7,18,16086.296708916461,44.25429891785202,HOEP (Legacy)
2001-07-26 18:00:00,2001,7,19,15919.256139672596,66.35636933297215,HOEP (Legacy)
2001-07-26 19:00:00,2001,7,20,15621.675568801282,58.328102782504025,HOEP (Legacy)
2001-07-26 20:00:00,2001,7,21,15535.093200787212,37.87558994636951,HOEP (Legacy)
2001-07-26 21:00:00,2001,7,22,16184.749802186625,54.33459007699302,HOEP (Legacy)
2001-07-26 22:00:00,2001,7,23,15144.909902600319,50.81738597540001,HOEP (Legacy)
2001-07-26 23:00:00,2001,7,24,14873.87195296024,28.471252482549893,HOEP (Legacy)
2001-07-27 00:00:00,2001,7,1,15612.670398455386,50.669835720398524,HOEP (Legacy)
2001-07-27 01:00:00,2001,7,2,14732.160717834926,49.63557078505831,HOEP (Legacy)
2001-07-27 02:00:00,2001,7,3,15938.352818129546,35.59977672873521,HOEP (Legacy)
2001-07-27 03:00:00,2001,7,4,16465.40537830487,42.94286319949006,HOEP (Legacy)
2001-07-27 04:00:00,2001,7,5,16620.2580429275,54.68104595748625,HOEP (Legacy)
2001-07-27 05:00:00,2001,7,6,17206.890539991953,59.13309716634845,HOEP (Legacy)
2001-07-27 06:00:00,2001,7,7,16892.252114256713,46.86213570105913,HOEP (Legacy)
2001-07-27 07:00:00,2001,7,8,16611.78118711421,70.34466001255612,HOEP (Legacy)
2001-07-27 08:00:00,2001,7,9,18221.49321088291,71.24057745527874,HOEP (Legacy)
2001-07-27 09:00:00,2001,7,10,17729.14335296013,51.90739594411498,HOEP (Legacy)
2001-07-27 10:00:00,2001,7,11,16816.56933148244,43.79054542219664,HOEP (Legacy)
2001-07-27 11:00:00,2001,7,12,17581.749744238412,68.93783480446466,HOEP (Legacy)
2001-07-27 12:00:00,2001,7,13,17212.36405627507,63.57519687226671,HOEP (Legacy)
2001-07-27 13:00:00,2001,7,14,17027.35010889987,73.20927823090996,HOEP (Legacy)
2001-07-27 14:00:00,2001,7,15,16840.39400833135,56.21672556470196,HOEP (Legacy)
2001-07-27 15:00:00,2001,7,16,16941.531746267017,69.55647325976224,HOEP (Legacy)
2001-07-27 16:00:00,2001,7,17,16246.503409485893,49.96311682677904,HOEP (Legacy)
2001-07-27 17:00:00,2001,7,18,16866.47641846166,54.923071434773995,HOEP (Legacy)
2001-07-27 18:00:00,2001,7,19,15190.85752962195,32.36324684734208,HOEP (Legacy)
2001-07-27 19:00:00,2001,7,20,15440.327315923458,66.37530380431525,HOEP (Legacy)
2001-07-27 20:00:00,2001,7,21,15749.266331374032,47.200217006177226,HOEP (Legacy)
2001-07-27 21:00:00,2001,7,22,15141.96584438792,44.13592572230001,HOEP (Legacy)
2001-07-27 22:00:00,2001,7,23,15476.59302524184,46.07148878033769,HOEP (Legacy)
2001-07-27 23:00:00,2001,7,24,15291.303519296418,45.904174458147786,HOEP (Legacy)
2001-07-28 00:00:00,2001,7,1,15685.38252535166,40.479583261654845,HOEP (Legacy)
2001-07-28 01:00:00,2001,7,2,15893.337378689066,46.108901990161755,HOEP (Legacy)
2001-07-28 02:00:00,2001,7,3,15942.546145627175,43.59694799395512,HOEP (Legacy)
2001-07-28 03:00:00,2001,7,4,15850.877438235744,34.88403690647056,HOEP (Legacy)
2001-07-28 04:00:00,2001,7,5,16948.0483217462,65.72249696035638,HOEP (Legacy)
2001-07-28 05:00:00,2001,7,6,16597.88964052264,49.880349994353594,HOEP (Legacy)
2001-07-28 06:00:00,2001,7,7,17305.03531239772,47.709027396874816,HOEP (Legacy)
2001-07-28 07:00:00,2001,7,8,16758.095509194813,52.82635658890054,HOEP (Legacy)
2001-07-28 08:00:00,2001,7,9,18008.54989637798,74.1350983980924,HOEP (Legacy)
2001-07-28 09:00:00,2001,7,10,17104.624005074693,57.31702612121958,HOEP (Legacy)
2001-07-28 10:00:00,2001,7,11,17683.9700792037,47.024195496156956,HOEP (Legacy)
2001-07-28 11:00:00,2001,7,12,17835.403113262848,87.03364051895497,HOEP (Legacy)
2001-07-28 12:00:00,2001,7,13,17440.146961648392,45.85833181404126,HOEP (Legacy)
2001-07-28 13:00:00,2001,7,14,18218.95369236008,64.53708256557813,HOEP (Legacy)
2001-07-28 14:00:00,2001,7,15,16818.433697940047,64.8571695260352,HOEP (Legacy)
2001-07-28 15:00:00,2001,7,16,16879.797809938507,59.87913250753695,HOEP (Legacy)
2001-07-28 16:00:00,2001,7,17,15766.536266979345,32.485638089849665,HOEP (Legacy)
2001-07-28 17:00:00,2001,7,18,16047.943532289528,57.80765704415932,HOEP (Legacy)
2001-07-28 18:00:00,2001,7,19,16044.534679926683,41.91926900914816,HOEP (Legacy)
2001-07-28 19:00:00,2001,7,20,15481.757349833046,16.159575188640495,HOEP (Legacy)
2001-07-28 20:00:00,2001,7,21,15654.211136235663,32.64665823213849,HOEP (Legacy)
2001-07-28 21:00:00,2001,7,22,15472.981041267654,28.143301229482937,HOEP (Legacy)
2001-07-28 22:00:00,2001,7,23,15378.339311370917,69.545994605358,HOEP (Legacy)
2001-07-28 23:00:00,2001,7,24,15351.067938001117,56.01771528623244,HOEP (Legacy)
2001-07-29 00:00:00,2001,7,1,14808.910983285708,38.39239749593749,HOEP (Legacy)
2001-07-29 01:00:00,2001,7,2,15676.664454434758,43.261524585422734,HOEP (Legacy)
2001-07-29 02:00:00,2001,7,3,15469.243452396495,29.648354348075415,HOEP (Legacy)
2001-07-29 03:00:00,2001,7,4,16012.020191632708,45.63953780680105,HOEP (Legacy)
2001-07-29 04:00:00,2001,7,5,17172.071330867304,40.36685722013078,HOEP (Legacy)
2001-07-29 05:00:00,2001,7,6,16585.03721564915,51.81983574617045,HOEP (Legacy)
2001-07-29 06:00:00,2001,7,7,16936.3881994821,46.947370980152776,HOEP (Legacy)
2001-07-29 07:00:00,2001,7,8,17023.304371923943,46.3157450129161,HOEP (Legacy)
2001-07-29 08:00:00,2001,7,9,17303.391630111826,73.221629379017,HOEP (Legacy)
2001-07-29 09:00:00,2001,7,10,17580.965426911094,72.97290393833856,HOEP (Legacy)
2001-07-29 10:00:00,2001,7,11,17555.90035175066,49.0003561037543,HOEP (Legacy)
2001-07-29 11:00:00,2001,7,12,17715.156809450873,81.43853939328768,HOEP (Legacy)
2001-07-29 12:00:00,2001,7,13,17389.619187325563,75.41840594580898,HOEP (Legacy)
2001-07-29 13:00:00,2001,7,14,17172.798109792537,40.47295710825843,HOEP (Legacy)
2001-07-29 14:00:00,2001,7,15,17035.46838340929,31.594232355984783,HOEP (Legacy)
2001-07-29 15:00:00,2001,7,16,16894.603234146,63.13469303625385,HOEP (Legacy)
2001-07-29 16:00:00,2001,7,17,16158.27833042833,54.453005175610556,HOEP (Legacy)
2001-07-29 17:00:00,2001,7,18,15725.721073653393,59.02649526781452,HOEP (Legacy)
2001-07-29 18:00:00,2001,7,19,16331.028019379259,76.91341654028164,HOEP (Legacy)
2001-07-29 19:00:00,2001,7,20,15763.585074248947,46.06415478768581,HOEP (Legacy)
2001-07-29 20:00:00,2001,7,21,15178.344313191119,44.204669885582284,HOEP (Legacy)
2001-07-29 21:00:00,2001,7,22,14764.906924208277,47.75543355446122,HOEP (Legacy)
2001-07-29 22:00:00,2001,7,23,15452.446925356455,62.51823507917629,HOEP (Legacy)
2001-07-29 23:00:00,2001,7,24,15284.257946912023,59.95741497733759,HOEP (Legacy)
2001-07-30 00:00:00,2001,7,1,15873.01040853971,58.19201338141503,HOEP (Legacy)
2001-07-30 01:00:00,2001,7,2,16036.647002001531,34.90796087873218,HOEP (Legacy)
2001-07-30 02:00:00,2001,7,3,16223.093004083092,52.193071708622725,HOEP (Legacy)
2001-07-30 03:00:00,2001,7,4,15828.295870210386,33.603685494910295,HOEP (Legacy)
2001-07-30 04:00:00,2001,7,5,16666.639105702056,64.40524540589891,HOEP (Legacy)
2001-07-30 05:00:00,2001,7,6,16599.47607662696,47.71504931314212,HOEP (Legacy)
2001-07-30 06:00:00,2001,7,7,16576.59487342318,69.48199908018685,HOEP (Legacy)
2001-07-30 07:00:00,2001,7,8,17970.426800965102,50.549248250621545,HOEP (Legacy)
2001-07-30 08:00:00,2001,7,9,17696.016190061113,55.05068868698349,HOEP (Legacy)
2001-07-30 09:00:00,2001,7,10,17354.022111008093,52.191238427889004,HOEP (Legacy)
2001-07-30 10:00:00,2001,7,11,18095.424888234713,76.78988242052064,HOEP (Legacy)
2001-07-30 11:00:00,2001,7,12,17246.9819488226,56.84619379838734,HOEP (Legacy)
2001-07-30 12:00:00,2001,7,13,17238.891858894985,50.09521462194622,HOEP (Legacy)
2001-07-30 13:00:00,2001,7,14,17759.04491307951,52.588719328292854,HOEP (Legacy)
2001-07-30 14:00:00,2001,7,15,16762.91762435184,69.78356705106309,HOEP (Legacy)
2001-07-30 15:00:00,2001,7,16,17140.017288488685,56.353763723022055,HOEP (Legacy)
2001-07-30 16:00:00,2001,7,17,15992.905462364268,21.1787908805929,HOEP (Legacy)
2001-07-30 17:00:00,2001,7,18,15496.114038550786,62.04997458779856,HOEP (Legacy)
2001-07-30 18:00:00,2001,7,19,15916.108741003218,54.226959324444984,HOEP (Legacy)
2001-07-30 19:00:00,2001,7,20,15383.29235683981,33.64150415995509,HOEP (Legacy)
2001-07-30 20:00:00,2001,7,21,16091.335974316287,48.91486764355035,HOEP (Legacy)
2001-07-30 21:00:00,2001,7,22,15235.600844899524,70.88895064659845,HOEP (Legacy)
2001-07-30 22:00:00,2001,7,23,15468.206994711529,40.22979909537639,HOEP (Legacy)
2001-07-30 23:00:00,2001,7,24,15040.868985144447,35.659291895107614,HOEP (Legacy)
2001-07-31 00:00:00,2001,7,1,16220.616843817863,71.98260634264956,HOEP (Legacy)
2001-07-31 01:00:00,2001,7,2,15806.977533919124,38.36676821633717,HOEP (Legacy)
2001-07-31 02:00:00,2001,7,3,15644.002584271431,38.90401585932169,HOEP (Legacy)
2001-07-31 03:00:00,2001,7,4,16008.371798249245,54.053409887050194,HOEP (Legacy)
2001-07-31 04:00:00,2001,7,5,16836.29793891719,71.88411778348588,HOEP (Legacy)
2001-07-31 05:00:00,2001,7,6,15612.948798591005,55.244029869382665,HOEP (Legacy)
2001-07-31 06:00:00,2001,7,7,16601.833174895495,65.36786366665238,HOEP (Legacy)
2001-07-31 07:00:00,2001,7,8,17190.822035809055,71.24901471980725,HOEP (Legacy)
2001-07-31 08:00:00,2001,7,9,17947.53991856607,69.08496300152909,HOEP (Legacy)
2001-07-31 09:00:00,2001,7,10,17636.52078190527,55.272106033408235,HOEP (Legacy)
2001-07-31 10:00:00,2001,7,11,17919.529760669884,88.47164132508985,HOEP (Legacy)
2001-07-31 11:00:00,2001,7,12,17541.64041961371,52.99882571660478,HOEP (Legacy)
2001-07-31 12:00:00,2001,7,13,17474.777634813243,58.317997377663424,HOEP (Legacy)
2001-07-31 13:00:00,2001,7,14,17944.234252078084,69.12247206098753,HOEP (Legacy)
2001-07-31 14:00:00,2001,7,15,17263.842609539483,65.51549371095238,HOEP (Legacy)
2001-07-31 15:00:00,2001,7,16,16594.415014118444,44.399258017319916,HOEP (Legacy)
2001-07-31 16:00:00,2001,7,17,16964.617160371043,76.90855796960123,HOEP (Legacy)
2001-07-31 17:00:00,2001,7,18,16079.82396666381,48.712408807324465,HOEP (Legacy)
2001-07-31 18:00:00,2001,7,19,16310.741329403132,80.72483207838317,HOEP (Legacy)
2001-07-31 19:00:00,2001,7,20,15566.23763651939,40.91876626088062,HOEP (Legacy)
2001-07-31 20:00:00,2001,7,21,14965.974332249078,39.313941751358605,HOEP (Legacy)
2001-07-31 21:00:00,2001,7,22,15139.456637199279,56.040878600807815,HOEP (Legacy)
2001-07-31 22:00:00,2001,7,23,15632.534361601827,32.86703756407285,HOEP (Legacy)
2001-07-31 23:00:00,2001,7,24,14737.304782751627,34.405438000737206,HOEP (Legacy)
2001-08-01 00:00:00,2001,8,1,15326.034059672904,44.273988950845784,HOEP (Legacy)
2001-08-01 01:00:00,2001,8,2,14899.479375314546,40.71964324202314,HOEP (Legacy)
2001-08-01 02:00:00,2001,8,3,15903.562910109504,45.66115428066568,HOEP (Legacy)
2001-08-01 03:00:00,2001,8,4,16244.996941494468,44.87718414426879,HOEP (Legacy)
2001-08-01 04:00:00,2001,8,5,15399.877649959351,52.3082463865284,HOEP (Legacy)
2001-08-01 05:00:00,2001,8,6,16014.858839610473,57.76954082723846,HOEP (Legacy)
2001-08-01 06:00:00,2001,8,7,17445.589268637148,57.74696858318225,HOEP (Legacy)
2001-08-01 07:00:00,2001,8,8,16925.640673119207,59.62086615477165,HOEP (Legacy)
2001-08-01 08:00:00,2001,8,9,17862.76605167704,55.903812192912966,HOEP (Legacy)
2001-08-01 09:00:00,2001,8,10,17425.501482218046,54.257356146138925,HOEP (Legacy)
2001-08-01 10:00:00,2001,8,11,17163.05948320134,53.19802229520003,HOEP (Legacy)
2001-08-01 11:00:00,2001,8,12,17407.628576661333,65.6456681102529,HOEP (Legacy)
2001-08-01 12:00:00,2001,8,13,16609.387782444122,37.350727053209496,HOEP (Legacy)
2001-08-01 13:00:00,2001,8,14,17559.34943215901,55.18417239878564,HOEP (Legacy)
2001-08-01 14:00:00,2001,8,15,16948.358000942197,63.37480647592274,HOEP (Legacy)
2001-08-01 15:00:00,2001,8,16,16524.20469273102,74.23194712346559,HOEP (Legacy)
2001-08-01 16:00:00,2001,8,17,16107.957252643673,67.58568757777222,HOEP (Legacy)
2001-08-01 17:00:00,2001,8,18,16182.547898222414,40.270139155182136,HOEP (Legacy)
2001-08-01 18:00:00,2001,8,19,15143.957073756808,18.488568365688764,HOEP (Legacy)
2001-08-01 19:00:00,2001,8,20,15187.435685095601,30.920956124363016,HOEP (Legacy)
2001-08-01 20:00:00,2001,8,21,14791.355722805645,59.15487834176667,HOEP (Legacy)
2001-08-01 21:00:00,2001,8,22,15339.0655833941,40.24552292781086,HOEP (Legacy)
2001-08-01 22:00:00,2001,8,23,14916.93287717383,30.626221967210363,HOEP (Legacy)
2001-08-01 23:00:00,2001,8,24,15067.00426871937,26.830751116104956,HOEP (Legacy)
2001-08-02 00:00:00,2001,8,1,15581.911481256537,52.267172644351476,HOEP (Legacy)
2001-08-02 01:00:00,2001,8,2,15183.905765600764,28.80630322101662,HOEP (Legacy)
2001-08-02 02:00:00,2001,8,3,15873.542352728606,52.947041631530375,HOEP (Legacy)
2001-08-02 03:00:00,2001,8,4,15420.043406069253,45.93176286754214,HOEP (Legacy)
2001-08-02 04:00:00,2001,8,5,16288.150707694778,45.98671330559626,HOEP (Legacy)
2001-08-02 05:00:00,2001,8,6,17013.505512010128,50.18965557835076,HOEP (Legacy)
2001-08-02 06:00:00,2001,8,7,17115.141733936518,53.38886412695858,HOEP (Legacy)
2001-08-02 07:00:00,2001,8,8,16479.83619882947,38.87674578234203,HOEP (Legacy)
2001-08-02 08:00:00,2001,8,9,17118.61761767447,64.59735982570969,HOEP (Legacy)
2001-08-02 09:00:00,2001,8,10,16983.966928718866,62.57505830016644,HOEP (Legacy)
2001-08-02 10:00:00,2001,8,11,17626.72981356528,60.04320540411417,HOEP (Legacy)
2001-08-02 11:00:00,2001,8,12,17377.09015111158,54.425749480240924,HOEP (Legacy)
2001-08-02 12:00:00,2001,8,13,16962.668159305762,47.27360502320952,HOEP (Legacy)
2001-08-02 13:00:00,2001,8,14,17316.995572518255,63.23669147817603,HOEP (Legacy)
2001-08-02 14:00:00,2001,8,15,16774.493744272186,68.9778634287661,HOEP (Legacy)
2001-08-02 15:00:00,2001,8,16,16275.789491209187,63.8929162117275,HOEP (Legacy)
2001-08-02 16:00:00,2001,8,17,15755.559644215999,33.29976157370679,HOEP (Legacy)
2001-08-02 17:00:00,2001,8,18,16071.654217944584,43.758204158247125,HOEP (Legacy)
2001-08-02 18:00:00,2001,8,19,15367.886903519044,48.300263955481604,HOEP (Legacy)
2001-08-02 19:00:00,2001,8,20,15429.59978647819,48.67156719913881,HOEP (Legacy)
2001-08-02 20:00:00,2001,8,21,15625.788460027772,40.71916125162159,HOEP (Legacy)
2001-08-02 21:00:00,2001,8,22,14965.764091408784,60.88528670819303,HOEP (Legacy)
2001-08-02 22:00:00,2001,8,23,14914.922427961155,51.22096776033868,HOEP (Legacy)
2001-08-02 23:00:00,2001,8,24,14848.261807654068,33.34213702668477,HOEP (Legacy)
2001-08-03 00:00:00,2001,8,1,14784.399899868371,78.02124652189923,HOEP (Legacy)
2001-08-03 01:00:00,2001,8,2,15528.953262307286,46.522864192981274,HOEP (Legacy)
2001-08-03 02:00:00,2001,8,3,15889.37268474623,33.628174470067634,HOEP (Legacy)
2001-08-03 03:00:00,2001,8,4,15665.517381955558,35.72142224529098,HOEP (Legacy)
2001-08-03 04:00:00,2001,8,5,15787.935785295676,48.42912519450547,HOEP (Legacy)
2001-08-03 05:00:00,2001,8,6,15895.225550162431,63.480427727100746,HOEP (Legacy)
2001-08-03 06:00:00,2001,8,7,17349.965341715462,52.29849687097123,HOEP (Legacy)
2001-08-03 07:00:00,2001,8,8,16735.91219015895,60.28005742770266,HOEP (Legacy)
2001-08-03 08:00:00,2001,8,9,17457.453443079605,44.673094276176094,HOEP (Legacy)
2001-08-03 09:00:00,2001,8,10,17568.321090388898,58.226395884455535,HOEP (Legacy)
2001-08-03 10:00:00,2001,8,11,17234.15369172066,91.47890640818599,HOEP (Legacy)
2001-08-03 11:00:00,2001,8,12,17409.269684398594,44.144375492776014,HOEP (Legacy)
2001-08-03 12:00:00,2001,8,13,16845.404710128583,58.95536016830551,HOEP (Legacy)
2001-08-03 13:00:00,2001,8,14,17420.142646341865,59.18738927861504,HOEP (Legacy)
2001-08-03 14:00:00,2001,8,15,15937.460806081235,33.36753790978873,HOEP (Legacy)
2001-08-03 15:00:00,2001,8,16,16322.519051127321,58.95261761289768,HOEP (Legacy)
2001-08-03 16:00:00,2001,8,17,16432.72349965082,50.90000361870645,HOEP (Legacy)
2001-08-03 17:00:00,2001,8,18,15872.983982138845,49.88829281722075,HOEP (Legacy)
2001-08-03 18:00:00,2001,8,19,15121.289103397357,62.10035878559622,HOEP (Legacy)
2001-08-03 19:00:00,2001,8,20,14955.521734668277,56.29500331906919,HOEP (Legacy)
2001-08-03 20:00:00,2001,8,21,15319.878587584642,45.24182307786013,HOEP (Legacy)
2001-08-03 21:00:00,2001,8,22,14807.769783752183,48.0002440202122,HOEP (Legacy)
2001-08-03 22:00:00,2001,8,23,14880.787024958005,46.197392283615685,HOEP (Legacy)
2001-08-03 23:00:00,2001,8,24,15527.092094952259,64.57713206944247,HOEP (Legacy)
2001-08-04 00:00:00,2001,8,1,14921.49292413829,44.54136694239561,HOEP (Legacy)
2001-08-04 01:00:00,2001,8,2,15254.122790238926,65.8779799083933,HOEP (Legacy)
2001-08-04 02:00:00,2001,8,3,15394.869064865357,60.252497013506705,HOEP (Legacy)
2001-08-04 03:00:00,2001,8,4,16174.968235103452,14.162500840280558,HOEP (Legacy)
2001-08-04 04:00:00,2001,8,5,15617.193172248019,32.358599741856516,HOEP (Legacy)
2001-08-04 05:00:00,2001,8,6,16497.47966005526,58.40843616265987,HOEP (Legacy)
2001-08-04 06:00:00,2001,8,7,16979.05200678967,65.66048455872543,HOEP (Legacy)
2001-08-04 07:00:00,2001,8,8,16636.750090055397,63.36490544557604,HOEP (Legacy)
2001-08-04 08:00:00,2001,8,9,18097.099067421364,57.393175500657655,HOEP (Legacy)
2001-08-04 09:00:00,2001,8,10,17078.10192965724,72.37648345985109,HOEP (Legacy)
2001-08-04 10:00:00,2001,8,11,17134.19546658313,60.04265045287385,HOEP (Legacy)
2001-08-04 11:00:00,2001,8,12,17283.26959502729,66.89671669311636,HOEP (Legacy)
2001-08-04 12:00:00,2001,8,13,17742.83271423371,83.71479282363717,HOEP (Legacy)
2001-08-04 13:00:00,2001,8,14,16280.689241856458,34.58132205384818,HOEP (Legacy)
2001-08-04 14:00:00,2001,8,15,16684.22192361424,59.295929494904655,HOEP (Legacy)
2001-08-04 15:00:00,2001,8,16,16696.62641836589,85.69737303544244,HOEP (Legacy)
2001-08-04 16:00:00,2001,8,17,15702.349557804442,56.04684834770238,HOEP (Legacy)
2001-08-04 17:00:00,2001,8,18,15507.636340092504,59.841222567162916,HOEP (Legacy)
2001-08-04 18:00:00,2001,8,19,15146.60312570891,67.4812484301937,HOEP (Legacy)
2001-08-04 19:00:00,2001,8,20,14661.259039764429,65.64429269101241,HOEP (Legacy)
2001-08-04 20:00:00,2001,8,21,15597.19384014545,49.66382426246842,HOEP (Legacy)
2001-08-04 21:00:00,2001,8,22,15151.78006162168,41.19202687190162,HOEP (Legacy)
2001-08-04 22:00:00,2001,8,23,15196.330145619848,40.527020092798864,HOEP (Legacy)
2001-08-04 23:00:00,2001,8,24,15505.843458607851,62.981871350659404,HOEP (Legacy)
2001-08-05 00:00:00,2001,8,1,15553.768824548593,46.042116000354724,HOEP (Legacy)
2001-08-05 01:00:00,2001,8,2,16204.249899117836,52.0901316296559,HOEP (Legacy)
2001-08-05 02:00:00,2001,8,3,16119.814574577118,58.43615442577884,HOEP (Legacy)
2001-08-05 03:00:00,2001,8,4,15370.062168567354,36.888019178608815,HOEP (Legacy)
2001-08-05 04:00:00,2001,8,5,16489.857770614843,55.00668398196866,HOEP (Legacy)
2001-08-05 05:00:00,2001,8,6,16123.840222847704,52.49261288806765,HOEP (Legacy)
2001-08-05 06:00:00,2001,8,7,16622.865530206687,70.79244669751648,HOEP (Legacy)
2001-08-05 07:00:00,2001,8,8,17080.47939480832,75.55749652015646,HOEP (Legacy)
2001-08-05 08:00:00,2001,8,9,17008.612279046047,52.88418885078425,HOEP (Legacy)
2001-08-05 09:00:00,2001,8,10,17063.032946425996,54.67781948276481,HOEP (Legacy)
2001-08-05 10:00:00,2001,8,11,17628.221298187167,64.13473979925965,HOEP (Legacy)
2001-08-05 11:00:00,2001,8,12,17269.575779717983,61.42092503984002,HOEP (Legacy)
2001-08-05 12:00:00,2001,8,13,16958.307555656276,57.33341244319239,HOEP (Legacy)
2001-08-05 13:00:00,2001,8,14,17158.882878957953,56.97418492412436,HOEP (Legacy)
2001-08-05 14:00:00,2001,8,15,16935.887033857183,70.28460332857844,HOEP (Legacy)
2001-08-05 15:00:00,2001,8,16,16872.68234203079,56.11139415815108,HOEP (Legacy)
2001-08-05 16:00:00,2001,8,17,16506.076370872703,81.3857118744592,HOEP (Legacy)
2001-08-05 17:00:00,2001,8,18,15923.275408606058,41.55934518994408,HOEP (Legacy)
2001-08-05 18:00:00,2001,8,19,15042.853647505224,44.12197128346181,HOEP (Legacy)
2001-08-05 19:00:00,2001,8,20,16138.924417176991,48.40978134879201,HOEP (Legacy)
2001-08-05 20:00:00,2001,8,21,14784.370521840548,47.86412647161296,HOEP (Legacy)
2001-08-05 21:00:00,2001,8,22,15059.253792694279,52.178699784188666,HOEP (Legacy)
2001-08-05 22:00:00,2001,8,23,14801.06524511286,49.54565146163627,HOEP (Legacy)
2001-08-05 23:00:00,2001,8,24,14890.82032763552,59.263473433078644,HOEP (Legacy)
2001-08-06 00:00:00,2001,8,1,15192.09753025672,45.596322535689744,HOEP (Legacy)
2001-08-06 01:00:00,2001,8,2,14814.433376137902,32.05368703156856,HOEP (Legacy)
2001-08-06 02:00:00,2001,8,3,14956.62925702056,52.428347115611324,HOEP (Legacy)
2001-08-06 03:00:00,2001,8,4,15906.539297685971,39.95138719425793,HOEP (Legacy)
2001-08-06 04:00:00,2001,8,5,16164.831803786217,64.86881279392875,HOEP (Legacy)
2001-08-06 05:00:00,2001,8,6,16701.268375054548,73.74706028274699,HOEP (Legacy)
2001-08-06 06:00:00,2001,8,7,16278.537704009723,32.7298813689507,HOEP (Legacy)
2001-08-06 07:00:00,2001,8,8,16218.201235956647,40.25875460156616,HOEP (Legacy)
2001-08-06 08:00:00,2001,8,9,17360.137644268918,55.55747848998414,HOEP (Legacy)
2001-08-06 09:00:00,2001,8,10,17309.247520248355,50.5029175409927,HOEP (Legacy)
2001-08-06 10:00:00,2001,8,11,17370.558864834555,69.16156737767155,HOEP (Legacy)
2001-08-06 11:00:00,2001,8,12,17138.479125181628,69.59667561654464,HOEP (Legacy)
2001-08-06 12:00:00,2001,8,13,16713.70758889393,50.994701349767766,HOEP (Legacy)
2001-08-06 13:00:00,2001,8,14,16153.839303832157,34.81874499631159,HOEP (Legacy)
2001-08-06 14:00:00,2001,8,15,16233.354262177952,39.45725307689705,HOEP (Legacy)
2001-08-06 15:00:00,2001,8,16,16556.513972844696,81.22061724879615,HOEP (Legacy)
2001-08-06 16:00:00,2001,8,17,15940.866695383424,62.014762237205474,HOEP (Legacy)
2001-08-06 17:00:00,2001,8,18,15448.422330707424,36.58242589117663,HOEP (Legacy)
2001-08-06 18:00:00,2001,8,19,15392.445044407139,63.12689652355528,HOEP (Legacy)
2001-08-06 19:00:00,2001,8,20,15103.753761386593,34.68676437529045,HOEP (Legacy)
2001-08-06 20:00:00,2001,8,21,15408.143610398556,40.52217775183971,HOEP (Legacy)
2001-08-06 21:00:00,2001,8,22,15423.498582418772,52.13444685350629,HOEP (Legacy)
2001-08-06 22:00:00,2001,8,23,14866.450533005189,17.196293803047155,HOEP (Legacy)
2001-08-06 23:00:00,2001,8,24,15162.340209031323,57.99230528551822,HOEP (Legacy)
2001-08-07 00:00:00,2001,8,1,15204.50753901381,39.19125075062241,HOEP (Legacy)
2001-08-07 01:00:00,2001,8,2,15342.232171303796,46.69809250260794,HOEP (Legacy)
2001-08-07 02:00:00,2001,8,3,15318.367561676783,52.91347502418381,HOEP (Legacy)
2001-08-07 03:00:00,2001,8,4,15661.85881028483,48.33103181108201,HOEP (Legacy)
2001-08-07 04:00:00,2001,8,5,15610.109815531281,56.425784639457206,HOEP (Legacy)
2001-08-07 05:00:00,2001,8,6,16127.634234863634,54.167068935036085,HOEP (Legacy)
2001-08-07 06:00:00,2001,8,7,16385.539138215245,66.03614602990868,HOEP (Legacy)
2001-08-07 07:00:00,2001,8,8,16880.667616222654,53.9969046361703,HOEP (Legacy)
2001-08-07 08:00:00,2001,8,9,17618.14328148455,76.55013289726713,HOEP (Legacy)
2001-08-07 09:00:00,2001,8,10,17612.651276340144,77.70803584898019,HOEP (Legacy)
2001-08-07 10:00:00,2001,8,11,17692.64680764908,78.36127445739939,HOEP (Legacy)
2001-08-07 11:00:00,2001,8,12,17836.362309426928,70.04577206495463,HOEP (Legacy)
2001-08-07 12:00:00,2001,8,13,17627.216620784973,44.668631615509256,HOEP (Legacy)
2001-08-07 13:00:00,2001,8,14,16171.681640205066,46.12730397555546,HOEP (Legacy)
2001-08-07 14:00:00,2001,8,15,16160.826048082465,63.239729968228936,HOEP (Legacy)
2001-08-07 15:00:00,2001,8,16,16510.454225598754,53.8508100230822,HOEP (Legacy)
2001-08-07 16:00:00,2001,8,17,15354.74610181012,39.29365320229127,HOEP (Legacy)
2001-08-07 17:00:00,2001,8,18,15515.649410192775,50.70485653207126,HOEP (Legacy)
2001-08-07 18:00:00,2001,8,19,15720.13150837071,43.841323072470544,HOEP (Legacy)
2001-08-07 19:00:00,2001,8,20,15096.925158361104,54.51192012887268,HOEP (Legacy)
2001-08-07 20:00:00,2001,8,21,14973.071408605503,46.8097854086115,HOEP (Legacy)
2001-08-07 21:00:00,2001,8,22,14890.894710610612,42.35353361166327,HOEP (Legacy)
2001-08-07 22:00:00,2001,8,23,15208.272226083714,63.629161869511776,HOEP (Legacy)
2001-08-07 23:00:00,2001,8,24,15307.711801921065,38.07251967001779,HOEP (Legacy)
2001-08-08 00:00:00,2001,8,1,15201.434505731893,66.66854909062553,HOEP (Legacy)
2001-08-08 01:00:00,2001,8,2,15008.861601461773,49.37347033774168,HOEP (Legacy)
2001-08-08 02:00:00,2001,8,3,15868.304394646644,38.49118545451387,HOEP (Legacy)
2001-08-08 03:00:00,2001,8,4,15910.070878734092,51.7938091612122,HOEP (Legacy)
2001-08-08 04:00:00,2001,8,5,16264.48234197733,43.859254320990985,HOEP (Legacy)
2001-08-08 05:00:00,2001,8,6,16731.52881978044,73.09945868935738,HOEP (Legacy)
2001-08-08 06:00:00,2001,8,7,17189.57517988361,50.626221292936066,HOEP (Legacy)
2001-08-08 07:00:00,2001,8,8,16949.70686213047,51.88056353450854,HOEP (Legacy)
2001-08-08 08:00:00,2001,8,9,17801.276167626507,79.98460067852284,HOEP (Legacy)
2001-08-08 09:00:00,2001,8,10,17493.73742903097,77.55292961076333,HOEP (Legacy)
2001-08-08 10:00:00,2001,8,11,17232.009205104703,29.52374436530063,HOEP (Legacy)
2001-08-08 11:00:00,2001,8,12,17068.46247282356,51.57886948817551,HOEP (Legacy)
2001-08-08 12:00:00,2001,8,13,17809.470266519922,54.11446959803693,HOEP (Legacy)
2001-08-08 13:00:00,2001,8,14,17477.970549060992,43.87943149608671,HOEP (Legacy)
2001-08-08 14:00:00,2001,8,15,17423.795452670358,65.29238344780866,HOEP (Legacy)
2001-08-08 15:00:00,2001,8,16,16700.74472760798,48.35470632266786,HOEP (Legacy)
2001-08-08 16:00:00,2001,8,17,16154.466738135014,47.74989177508125,HOEP (Legacy)
2001-08-08 17:00:00,2001,8,18,15843.84781364237,37.84426425197816,HOEP (Legacy)
2001-08-08 18:00:00,2001,8,19,15884.535810807685,48.32534282544738,HOEP (Legacy)
2001-08-08 19:00:00,2001,8,20,15221.633620525567,42.63568909384105,HOEP (Legacy)
2001-08-08 20:00:00,2001,8,21,14997.009137145078,43.48539266209248,HOEP (Legacy)
2001-08-08 21:00:00,2001,8,22,14813.80142867208,45.90905341012781,HOEP (Legacy)
2001-08-08 22:00:00,2001,8,23,14628.53252589806,26.92177268096179,HOEP (Legacy)
2001-08-08 23:00:00,2001,8,24,14236.646919254588,20.303253275222183,HOEP (Legacy)
2001-08-09 00:00:00,2001,8,1,15254.606582321017,40.64365020000132,HOEP (Legacy)
2001-08-09 01:00:00,2001,8,2,15300.508075076496,69.26420640923381,HOEP (Legacy)
2001-08-09 02:00:00,2001,8,3,16397.72923225582,66.71815402415956,HOEP (Legacy)
2001-08-09 03:00:00,2001,8,4,15145.886872312338,52.07900494878194,HOEP (Legacy)
2001-08-09 04:00:00,2001,8,5,15829.97763997087,30.23782018827103,HOEP (Legacy)
2001-08-09 05:00:00,2001,8,6,16121.678013670962,41.99350083775613,HOEP (Legacy)
2001-08-09 06:00:00,2001,8,7,17132.59507762426,69.53035482821613,HOEP (Legacy)
2001-08-09 07:00:00,2001,8,8,17736.517150959975,58.20940350808083,HOEP (Legacy)
2001-08-09 08:00:00,2001,8,9,16926.2939523644,71.60966460407275,HOEP (Legacy)
2001-08-09 09:00:00,2001,8,10,17596.356441362666,60.81885214049698,HOEP (Legacy)
2001-08-09 10:00:00,2001,8,11,17431.918559866237,44.274027383196525,HOEP (Legacy)
2001-08-09 11:00:00,2001,8,12,17063.43201892048,62.99304522156661,HOEP (Legacy)
2001-08-09 12:00:00,2001,8,13,17170.509510465417,35.81620201099318,HOEP (Legacy)
2001-08-09 13:00:00,2001,8,14,16926.781536924915,49.4203228623592,HOEP (Legacy)
2001-08-09 14:00:00,2001,8,15,15804.088792356215,55.71182067446194,HOEP (Legacy)
2001-08-09 15:00:00,2001,8,16,16593.945072551272,69.11155620991285,HOEP (Legacy)
2001-08-09 16:00:00,2001,8,17,16522.30029701061,64.77826011482261,HOEP (Legacy)
2001-08-09 17:00:00,2001,8,18,16020.261202871594,43.860143959581904,HOEP (Legacy)
2001-08-09 18:00:00,2001,8,19,15856.286513185956,46.7798173390445,HOEP (Legacy)
2001-08-09 19:00:00,2001,8,20,15402.589685219233,32.183422898308706,HOEP (Legacy)
2001-08-09 20:00:00,2001,8,21,15629.30628274515,42.84907387849897,HOEP (Legacy)
2001-08-09 21:00:00,2001,8,22,14530.280732913538,45.30408019278126,HOEP (Legacy)
2001-08-09 22:00:00,2001,8,23,15081.38367749233,39.19546468810229,HOEP (Legacy)
2001-08-09 23:00:00,2001,8,24,14691.954370577794,43.82280960632248,HOEP (Legacy)
2001-08-10 00:00:00,2001,8,1,14712.646339072004,54.897648876342686,HOEP (Legacy)
2001-08-10 01:00:00,2001,8,2,14485.661386093812,37.57568057036462,HOEP (Legacy)
2001-08-10 02:00:00,2001,8,3,15654.983770961137,35.46151418131893,HOEP (Legacy)
2001-08-10 03:00:00,2001,8,4,15966.264267051636,30.165854887817904,HOEP (Legacy)
2001-08-10 04:00:00,2001,8,5,16985.56630199964,65.05444290156625,HOEP (Legacy)
2001-08-10 05:00:00,2001,8,6,16151.823810523301,64.7351473289281,HOEP (Legacy)
2001-08-10 06:00:00,2001,8,7,16544.06619943353,85.78610927096572,HOEP (Legacy)
2001-08-10 07:00:00,2001,8,8,16553.5129400652,87.22563893407431,HOEP (Legacy)
2001-08-10 08:00:00,2001,8,9,16648.065531598437,77.62854716269973,HOEP (Legacy)
2001-08-10 09:00:00,2001,8,10,17265.069245237777,67.30296775071035,HOEP (Legacy)
2001-08-10 10:00:00,2001,8,11,17428.897426431813,59.51229321674358,HOEP (Legacy)
2001-08-10 11:00:00,2001,8,12,18169.31844620399,61.328165250042424,HOEP (Legacy)
2001-08-10 12:00:00,2001,8,13,17532.369027523924,55.738756053390354,HOEP (Legacy)
2001-08-10 13:00:00,2001,8,14,16701.999662176924,61.86351091695241,HOEP (Legacy)
2001-08-10 14:00:00,2001,8,15,16608.619366882427,55.312535939640384,HOEP (Legacy)
2001-08-10 15:00:00,2001,8,16,16221.652470097684,54.57305592437725,HOEP (Legacy)
2001-08-10 16:00:00,2001,8,17,16270.779186617914,52.0884682535316,HOEP (Legacy)
2001-08-10 17:00:00,2001,8,18,16099.40250739205,50.46885728045021,HOEP (Legacy)
2001-08-10 18:00:00,2001,8,19,15152.50155446207,44.97961168658871,HOEP (Legacy)
2001-08-10 19:00:00,2001,8,20,15634.479262785007,40.162526169235996,HOEP (Legacy)
2001-08-10 20:00:00,2001,8,21,15213.283293315584,46.31399615488055,HOEP (Legacy)
2001-08-10 21:00:00,2001,8,22,14790.887538298584,35.09255520788015,HOEP (Legacy)
2001-08-10 22:00:00,2001,8,23,14834.847406352357,48.54899298488846,HOEP (Legacy)
2001-08-10 23:00:00,2001,8,24,15295.07838273268,27.265427865363698,HOEP (Legacy)
2001-08-11 00:00:00,2001,8,1,15196.78708785386,61.714594643046794,HOEP (Legacy)
2001-08-11 01:00:00,2001,8,2,15673.679487684365,58.514325706127565,HOEP (Legacy)
2001-08-11 02:00:00,2001,8,3,15855.464671438538,56.958460239739,HOEP (Legacy)
2001-08-11 03:00:00,2001,8,4,16354.948565751676,41.68960620959431,HOEP (Legacy)
2001-08-11 04:00:00,2001,8,5,15889.587240939074,58.1736690219144,HOEP (Legacy)
2001-08-11 05:00:00,2001,8,6,16710.821818866214,39.58458108730564,HOEP (Legacy)
2001-08-11 06:00:00,2001,8,7,17097.975826618243,69.66674072449906,HOEP (Legacy)
2001-08-11 07:00:00,2001,8,8,17495.18663830287,61.28684324523479,HOEP (Legacy)
2001-08-11 08:00:00,2001,8,9,17213.36655133154,57.77817027242839,HOEP (Legacy)
2001-08-11 09:00:00,2001,8,10,17719.162485796507,55.51201651968421,HOEP (Legacy)
2001-08-11 10:00:00,2001,8,11,17335.142810214074,62.226628506142134,HOEP (Legacy)
2001-08-11 11:00:00,2001,8,12,17283.445520009278,64.1804642200778,HOEP (Legacy)
2001-08-11 12:00:00,2001,8,13,17827.758798769544,69.93608097487117,HOEP (Legacy)
2001-08-11 13:00:00,2001,8,14,16732.673405176556,56.40418619360211,HOEP (Legacy)
2001-08-11 14:00:00,2001,8,15,16599.22244208237,43.71036515970345,HOEP (Legacy)
2001-08-11 15:00:00,2001,8,16,16583.55048910114,55.785665923178,HOEP (Legacy)
2001-08-11 16:00:00,2001,8,17,15994.705194787033,59.41543867566195,HOEP (Legacy)
2001-08-11 17:00:00,2001,8,18,15738.151545488765,55.18275751654864,HOEP (Legacy)
2001-08-11 18:00:00,2001,8,19,14842.934692391042,40.32431929818502,HOEP (Legacy)
2001-08-11 19:00:00,2001,8,20,14786.81605122891,45.52165937222889,HOEP (Legacy)
2001-08-11 20:00:00,2001,8,21,15213.879762983262,55.34403207372538,HOEP (Legacy)
2001-08-11 21:00:00,2001,8,22,15181.713657493892,70.20806381565689,HOEP (Legacy)
2001-08-11 22:00:00,2001,8,23,14828.440947746396,48.64956000895118,HOEP (Legacy)
2001-08-11 23:00:00,2001,8,24,15310.300054032543,50.661491783142935,HOEP (Legacy)
2001-08-12 00:00:00,2001,8,1,15165.363433658684,32.97445066271854,HOEP (Legacy)
2001-08-12 01:00:00,2001,8,2,16206.203982468642,62.71929269376782,HOEP (Legacy)
2001-08-12 02:00:00,2001,8,3,15086.749101381292,49.06322164120373,HOEP (Legacy)
2001-08-12 03:00:00,2001,8,4,16082.781240169372,55.50917841466104,HOEP (Legacy)
2001-08-12 04:00:00,2001,8,5,16543.30755557666,72.26905212498448,HOEP (Legacy)
2001-08-12 05:00:00,2001,8,6,16219.288393960296,46.15633891050079,HOEP (Legacy)
2001-08-12 06:00:00,2001,8,7,17153.261877939953,57.68036348992813,HOEP (Legacy)
2001-08-12 07:00:00,2001,8,8,17124.909197513967,49.93477829697451,HOEP (Legacy)
2001-08-12 08:00:00,2001,8,9,17099.97736058365,35.89903093225725,HOEP (Legacy)
2001-08-12 09:00:00,2001,8,10,17611.532390027067,62.77763560290463,HOEP (Legacy)
2001-08-12 10:00:00,2001,8,11,17339.808823782158,61.8671567275958,HOEP (Legacy)
2001-08-12 11:00:00,2001,8,12,17458.82994706555,59.352067862214476,HOEP (Legacy)
2001-08-12 12:00:00,2001,8,13,16630.202199855277,45.093556663147154,HOEP (Legacy)
2001-08-12 13:00:00,2001,8,14,17240.440257171158,60.06513989883706,HOEP (Legacy)
2001-08-12 14:00:00,2001,8,15,16485.006640256524,56.91190534226059,HOEP (Legacy)
2001-08-12 15:00:00,2001,8,16,17155.379077777267,68.92144690929686,HOEP (Legacy)
2001-08-12 16:00:00,2001,8,17,16060.544602434868,51.01002395753625,HOEP (Legacy)
2001-08-12 17:00:00,2001,8,18,16013.53836327349,49.577214648940895,HOEP (Legacy)
2001-08-12 18:00:00,2001,8,19,15260.92528391259,28.837217897485374,HOEP (Legacy)
2001-08-12 19:00:00,2001,8,20,14999.449987355687,47.22676638364193,HOEP (Legacy)
2001-08-12 20:00:00,2001,8,21,16079.518605623127,68.92346453986787,HOEP (Legacy)
2001-08-12 21:00:00,2001,8,22,15240.269156786166,39.54586900763134,HOEP (Legacy)
2001-08-12 22:00:00,2001,8,23,14792.776602957048,38.877346980625134,HOEP (Legacy)
2001-08-12 23:00:00,2001,8,24,15124.702644392273,49.13312988368169,HOEP (Legacy)
2001-08-13 00:00:00,2001,8,1,14980.964646233007,51.16442711331316,HOEP (Legacy)
2001-08-13 01:00:00,2001,8,2,15574.682144635652,43.13179443984555,HOEP (Legacy)
2001-08-13 02:00:00,2001,8,3,15790.963784279855,70.38491930905587,HOEP (Legacy)
2001-08-13 03:00:00,2001,8,4,15964.595702614532,56.67846913040759,HOEP (Legacy)
2001-08-13 04:00:00,2001,8,5,15766.487538702473,35.62955538088097,HOEP (Legacy)
2001-08-13 05:00:00,2001,8,6,16176.143531719194,52.37621760744093,HOEP (Legacy)
2001-08-13 06:00:00,2001,8,7,16319.596799261732,24.796053548496026,HOEP (Legacy)
2001-08-13 07:00:00,2001,8,8,16774.918295336174,48.57666966049475,HOEP (Legacy)
2001-08-13 08:00:00,2001,8,9,16221.574121139276,47.93616729551712,HOEP (Legacy)
2001-08-13 09:00:00,2001,8,10,17909.371006285262,51.25473131189416,HOEP (Legacy)
2001-08-13 10:00:00,2001,8,11,17407.067197827917,61.88637860812371,HOEP (Legacy)
2001-08-13 11:00:00,2001,8,12,16833.677737641003,50.23340441874038,HOEP (Legacy)
2001-08-13 12:00:00,2001,8,13,17642.099364841884,50.663282325306284,HOEP (Legacy)
2001-08-13 13:00:00,2001,8,14,16862.160234855255,48.5655167173917,HOEP (Legacy)
2001-08-13 14:00:00,2001,8,15,16990.991772896094,64.54481594896649,HOEP (Legacy)
2001-08-13 15:00:00,2001,8,16,16424.106516117405,46.744129466606395,HOEP (Legacy)
2001-08-13 16:00:00,2001,8,17,15778.20046605296,41.77346081670516,HOEP (Legacy)
2001-08-13 17:00:00,2001,8,18,16247.0699659706,71.0239339495123,HOEP (Legacy)
2001-08-13 18:00:00,2001,8,19,15429.129844943054,39.468322985344194,HOEP (Legacy)
2001-08-13 19:00:00,2001,8,20,15297.299158008866,41.3008676806128,HOEP (Legacy)
2001-08-13 20:00:00,2001,8,21,15318.142638046053,59.51783141404126,HOEP (Legacy)
2001-08-13 21:00:00,2001,8,22,15021.413452807281,41.253691153276286,HOEP (Legacy)
2001-08-13 22:00:00,2001,8,23,15320.291470503611,42.227229132838914,HOEP (Legacy)
2001-08-13 23:00:00,2001,8,24,14525.508065146547,42.32465537681923,HOEP (Legacy)
2001-08-14 00:00:00,2001,8,1,14916.698417352853,68.37490168703434,HOEP (Legacy)
2001-08-14 01:00:00,2001,8,2,14819.014317450943,48.647632706246746,HOEP (Legacy)
2001-08-14 02:00:00,2001,8,3,15387.23182149462,42.62072921601872,HOEP (Legacy)
2001-08-14 03:00:00,2001,8,4,16158.604604612454,56.28105285349535,HOEP (Legacy)
2001-08-14 04:00:00,2001,8,5,15991.49831567796,42.66380700414841,HOEP (Legacy)
2001-08-14 05:00:00,2001,8,6,16200.969495448726,38.8365709950761,HOEP (Legacy)
2001-08-14 06:00:00,2001,8,7,16408.763197603195,52.50098193263211,HOEP (Legacy)
2001-08-14 07:00:00,2001,8,8,16985.27696777638,60.347668986346044,HOEP (Legacy)
2001-08-14 08:00:00,2001,8,9,17580.50334613152,67.42885137205405,HOEP (Legacy)
2001-08-14 09:00:00,2001,8,10,17120.668022906077,42.47097440781108,HOEP (Legacy)
2001-08-14 10:00:00,2001,8,11,17275.904236341135,72.45934795823561,HOEP (Legacy)
2001-08-14 11:00:00,2001,8,12,17940.91765215377,84.6462823859988,HOEP (Legacy)
2001-08-14 12:00:00,2001,8,13,18178.670811984706,59.60928493328371,HOEP (Legacy)
2001-08-14 13:00:00,2001,8,14,16406.540737072468,56.831784103046985,HOEP (Legacy)
2001-08-14 14:00:00,2001,8,15,15835.300255634691,57.067139146498945,HOEP (Legacy)
2001-08-14 15:00:00,2001,8,16,15871.773310556311,71.53148537712141,HOEP (Legacy)
2001-08-14 16:00:00,2001,8,17,15966.75088317951,62.10784320911985,HOEP (Legacy)
2001-08-14 17:00:00,2001,8,18,15817.099740668149,48.954423336785176,HOEP (Legacy)
2001-08-14 18:00:00,2001,8,19,15825.69047101851,47.818115518278255,HOEP (Legacy)
2001-08-14 19:00:00,2001,8,20,15208.982380235138,54.1548682339061,HOEP (Legacy)
2001-08-14 20:00:00,2001,8,21,14850.108782684021,39.600672286529715,HOEP (Legacy)
2001-08-14 21:00:00,2001,8,22,15080.364626170247,19.96758780712426,HOEP (Legacy)
2001-08-14 22:00:00,2001,8,23,14611.168893351873,37.098303346538465,HOEP (Legacy)
2001-08-14 23:00:00,2001,8,24,15082.61232358536,51.768679285239706,HOEP (Legacy)
2001-08-15 00:00:00,2001,8,1,15609.112513256458,46.85469498506667,HOEP (Legacy)
2001-08-15 01:00:00,2001,8,2,14740.223569444624,58.71150956246776,HOEP (Legacy)
2001-08-15 02:00:00,2001,8,3,14984.643222233626,77.19754153784574,HOEP (Legacy)
2001-08-15 03:00:00,2001,8,4,15777.375339910028,59.40934678594961,HOEP (Legacy)
2001-08-15 04:00:00,2001,8,5,16202.329510418343,50.015378457404886,HOEP (Legacy)
2001-08-15 05:00:00,2001,8,6,16441.437533429813,71.98637394135409,HOEP (Legacy)
2001-08-15 06:00:00,2001,8,7,16546.800130916217,38.93735422688816,HOEP (Legacy)
2001-08-15 07:00:00,2001,8,8,16922.113965095145,65.35252047598179,HOEP (Legacy)
2001-08-15 08:00:00,2001,8,9,17159.83186290309,65.56957533469608,HOEP (Legacy)
2001-08-15 09:00:00,2001,8,10,17759.02961998651,56.865455672001524,HOEP (Legacy)
2001-08-15 10:00:00,2001,8,11,17797.694526455198,60.6167913164316,HOEP (Legacy)
2001-08-15 11:00:00,2001,8,12,17399.505292367783,60.5624379807259,HOEP (Legacy)
2001-08-15 12:00:00,2001,8,13,17644.20981259928,69.58839403214289,HOEP (Legacy)
2001-08-15 13:00:00,2001,8,14,16839.4420987786,34.89073495825755,HOEP (Legacy)
2001-08-15 14:00:00,2001,8,15,16280.840987438283,65.82958596010084,HOEP (Legacy)
2001-08-15 15:00:00,2001,8,16,16525.199437967633,41.31804367207458,HOEP (Legacy)
2001-08-15 16:00:00,2001,8,17,16322.41308545549,55.50423115595331,HOEP (Legacy)
2001-08-15 17:00:00,2001,8,18,16267.100003520247,45.740671038074844,HOEP (Legacy)
2001-08-15 18:00:00,2001,8,19,15541.824558399905,46.350702952790506,HOEP (Legacy)
2001-08-15 19:00:00,2001,8,20,15782.173265563186,27.120246359630467,HOEP (Legacy)
2001-08-15 20:00:00,2001,8,21,15059.647746858287,51.1175738668849,HOEP (Legacy)
2001-08-15 21:00:00,2001,8,22,14940.152400104633,33.79546153349264,HOEP (Legacy)
2001-08-15 22:00:00,2001,8,23,15198.055825138292,48.66385107996254,HOEP (Legacy)
2001-08-15 23:00:00,2001,8,24,15750.13240722847,50.70534323915544,HOEP (Legacy)
2001-08-16 00:00:00,2001,8,1,15530.204809297244,51.2561122222598,HOEP (Legacy)
2001-08-16 01:00:00,2001,8,2,15501.779300265034,48.19263994830478,HOEP (Legacy)
2001-08-16 02:00:00,2001,8,3,15352.531970808179,46.82084329320186,HOEP (Legacy)
2001-08-16 03:00:00,2001,8,4,15448.110698790599,36.70837499061489,HOEP (Legacy)
2001-08-16 04:00:00,2001,8,5,15786.122196332379,46.6396545260575,HOEP (Legacy)
2001-08-16 05:00:00,2001,8,6,16610.163028690335,54.3233351845997,HOEP (Legacy)
2001-08-16 06:00:00,2001,8,7,16851.3070725904,77.33891003810042,HOEP (Legacy)
2001-08-16 07:00:00,2001,8,8,17253.505360465282,73.20107556551332,HOEP (Legacy)
2001-08-16 08:00:00,2001,8,9,17624.345725615487,66.05612903507716,HOEP (Legacy)
2001-08-16 09:00:00,2001,8,10,17792.015923742478,58.60329116301621,HOEP (Legacy)
2001-08-16 10:00:00,2001,8,11,17487.370557782433,52.31287625177345,HOEP (Legacy)
2001-08-16 11:00:00,2001,8,12,17053.01749977781,64.4702777329783,HOEP (Legacy)
2001-08-16 12:00:00,2001,8,13,17092.83006793937,64.70409241088305,HOEP (Legacy)
2001-08-16 13:00:00,2001,8,14,16485.962117440413,61.09586756157203,HOEP (Legacy)
2001-08-16 14:00:00,2001,8,15,17052.81856582348,55.122601842602336,HOEP (Legacy)
2001-08-16 15:00:00,2001,8,16,16115.418487711675,60.10101283757287,HOEP (Legacy)
2001-08-16 16:00:00,2001,8,17,15796.620141706182,32.54953694428808,HOEP (Legacy)
2001-08-16 17:00:00,2001,8,18,15740.852385364087,60.230333294996264,HOEP (Legacy)
2001-08-16 18:00:00,2001,8,19,14892.386025295411,41.026602021874254,HOEP (Legacy)
2001-08-16 19:00:00,2001,8,20,14653.478055732126,24.325586780294042,HOEP (Legacy)
2001-08-16 20:00:00,2001,8,21,15458.551278087023,37.94025917511629,HOEP (Legacy)
2001-08-16 21:00:00,2001,8,22,15432.53647367821,49.43284070375997,HOEP (Legacy)
2001-08-16 22:00:00,2001,8,23,15667.839333811737,42.59842223992118,HOEP (Legacy)
2001-08-16 23:00:00,2001,8,24,14831.444630331756,53.810010499109865,HOEP (Legacy)
2001-08-17 00:00:00,2001,8,1,15494.917256442637,41.12575342001095,HOEP (Legacy)
2001-08-17 01:00:00,2001,8,2,15680.728695320493,46.36848416389076,HOEP (Legacy)
2001-08-17 02:00:00,2001,8,3,15108.064915424451,48.10515183430293,HOEP (Legacy)
2001-08-17 03:00:00,2001,8,4,15870.508418288608,28.743635049158307,HOEP (Legacy)
2001-08-17 04:00:00,2001,8,5,16107.206036460986,41.31570761085202,HOEP (Legacy)
2001-08-17 05:00:00,2001,8,6,16283.755882176823,55.02343148170926,HOEP (Legacy)
2001-08-17 06:00:00,2001,8,7,15993.369512965552,36.07942602398292,HOEP (Legacy)
2001-08-17 07:00:00,2001,8,8,16553.235266457286,45.87080628738404,HOEP (Legacy)
2001-08-17 08:00:00,2001,8,9,17721.011275573343,44.65648868609606,HOEP (Legacy)
2001-08-17 09:00:00,2001,8,10,17670.16552338848,61.3789804313696,HOEP (Legacy)
2001-08-17 10:00:00,2001,8,11,17177.3070416706,65.69702293090327,HOEP (Legacy)
2001-08-17 11:00:00,2001,8,12,17396.232999776472,64.23286018083746,HOEP (Legacy)
2001-08-17 12:00:00,2001,8,13,16456.20520686882,60.62669742568032,HOEP (Legacy)
2001-08-17 13:00:00,2001,8,14,17028.015771116938,48.63509978585211,HOEP (Legacy)
2001-08-17 14:00:00,2001,8,15,16780.034413408826,61.45645528841027,HOEP (Legacy)
2001-08-17 15:00:00,2001,8,16,16948.492352672205,55.468285905330255,HOEP (Legacy)
2001-08-17 16:00:00,2001,8,17,16331.063733587398,56.961755260479705,HOEP (Legacy)
2001-08-17 17:00:00,2001,8,18,15252.856031218584,48.96986244760061,HOEP (Legacy)
2001-08-17 18:00:00,2001,8,19,15431.836860603524,46.708819514453175,HOEP (Legacy)
2001-08-17 19:00:00,2001,8,20,15390.786468162756,56.648165235765276,HOEP (Legacy)
2001-08-17 20:00:00,2001,8,21,15340.732622854555,35.45485431123875,HOEP (Legacy)
2001-08-17 21:00:00,2001,8,22,14366.601984748091,64.7959085817736,HOEP (Legacy)
2001-08-17 22:00:00,2001,8,23,14151.102252577828,48.25840122834444,HOEP (Legacy)
2001-08-17 23:00:00,2001,8,24,14195.27305270332,54.92138303937364,HOEP (Legacy)
2001-08-18 00:00:00,2001,8,1,15455.53083884642,41.31866918561571,HOEP (Legacy)
2001-08-18 01:00:00,2001,8,2,15348.617272712245,26.78478908816216,HOEP (Legacy)
2001-08-18 02:00:00,2001,8,3,15031.624620478284,28.982614383462582,HOEP (Legacy)
2001-08-18 03:00:00,2001,8,4,16068.961492799175,50.4336382267764,HOEP (Legacy)
2001-08-18 04:00:00,2001,8,5,16370.542408836534,36.19109912678361,HOEP (Legacy)
2001-08-18 05:00:00,2001,8,6,16997.46643190234,55.47218330213489,HOEP (Legacy)
2001-08-18 06:00:00,2001,8,7,18216.878976386968,73.74413921593919,HOEP (Legacy)
2001-08-18 07:00:00,2001,8,8,16731.74147074118,53.66582761119243,HOEP (Legacy)
2001-08-18 08:00:00,2001,8,9,16823.836125303525,55.33788247055802,HOEP (Legacy)
2001-08-18 09:00:00,2001,8,10,16838.41056889485,68.72802189598887,HOEP (Legacy)
2001-08-18 10:00:00,2001,8,11,17576.629132463753,70.97669625539163,HOEP (Legacy)
2001-08-18 11:00:00,2001,8,12,17216.91602958623,52.65143531870683,HOEP (Legacy)
2001-08-18 12:00:00,2001,8,13,16655.874912276337,46.506678370301685,HOEP (Legacy)
2001-08-18 13:00:00,2001,8,14,16784.215245421845,65.27129062438902,HOEP (Legacy)
2001-08-18 14:00:00,2001,8,15,16400.756203062287,57.64863824284134,HOEP (Legacy)
2001-08-18 15:00:00,2001,8,16,16192.947764195611,49.75271387219528,HOEP (Legacy)
2001-08-18 16:00:00,2001,8,17,16466.328609203698,63.116407720850304,HOEP (Legacy)
2001-08-18 17:00:00,2001,8,18,15368.511112996845,38.533927853631496,HOEP (Legacy)
2001-08-18 18:00:00,2001,8,19,15204.711366532269,21.14003272285819,HOEP (Legacy)
2001-08-18 19:00:00,2001,8,20,15927.787917320555,71.77458038103421,HOEP (Legacy)
2001-08-18 20:00:00,2001,8,21,15113.170264372728,47.741524671547644,HOEP (Legacy)
2001-08-18 21:00:00,2001,8,22,15350.443083993428,46.83496428279577,HOEP (Legacy)
2001-08-18 22:00:00,2001,8,23,15402.176297533904,39.062783580749546,HOEP (Legacy)
2001-08-18 23:00:00,2001,8,24,15541.889979542822,71.00972986701956,HOEP (Legacy)
2001-08-19 00:00:00,2001,8,1,14907.915834920266,33.70110284635912,HOEP (Legacy)
2001-08-19 01:00:00,2001,8,2,15141.877449201791,54.1155539602975,HOEP (Legacy)
2001-08-19 02:00:00,2001,8,3,15621.25292390106,45.196614164432994,HOEP (Legacy)
2001-08-19 03:00:00,2001,8,4,15320.98091299977,49.69376111760587,HOEP (Legacy)
2001-08-19 04:00:00,2001,8,5,16243.39939017566,59.850878284273186,HOEP (Legacy)
2001-08-19 05:00:00,2001,8,6,16721.465467770347,52.617282426107806,HOEP (Legacy)
2001-08-19 06:00:00,2001,8,7,17036.18681045196,58.458318522493876,HOEP (Legacy)
2001-08-19 07:00:00,2001,8,8,17872.344796904155,72.9029445036546,HOEP (Legacy)
2001-08-19 08:00:00,2001,8,9,17253.698049941402,83.99266479080501,HOEP (Legacy)
2001-08-19 09:00:00,2001,8,10,16995.920294258958,74.13343777706693,HOEP (Legacy)
2001-08-19 10:00:00,2001,8,11,16754.45220476984,53.8391735274017,HOEP (Legacy)
2001-08-19 11:00:00,2001,8,12,17346.756142299182,54.96924328517853,HOEP (Legacy)
2001-08-19 12:00:00,2001,8,13,16875.255648811566,79.56845940774743,HOEP (Legacy)
2001-08-19 13:00:00,2001,8,14,16918.96332317261,58.65266384874119,HOEP (Legacy)
2001-08-19 14:00:00,2001,8,15,16162.119601121633,50.40805058652295,HOEP (Legacy)
2001-08-19 15:00:00,2001,8,16,17067.837243983075,64.56726934927532,HOEP (Legacy)
2001-08-19 16:00:00,2001,8,17,15924.31751350216,39.6021572406797,HOEP (Legacy)
2001-08-19 17:00:00,2001,8,18,15335.219924514324,56.662837704044655,HOEP (Legacy)
2001-08-19 18:00:00,2001,8,19,15437.980393323893,27.7789424387833,HOEP (Legacy)
2001-08-19 19:00:00,2001,8,20,15120.657320532235,41.98216733331962,HOEP (Legacy)
2001-08-19 20:00:00,2001,8,21,15280.10722575311,54.876879356721524,HOEP (Legacy)
2001-08-19 21:00:00,2001,8,22,14894.624077383556,29.21765127512323,HOEP (Legacy)
2001-08-19 22:00:00,2001,8,23,14465.2458773883,22.716081238121376,HOEP (Legacy)
2001-08-19 23:00:00,2001,8,24,14621.118424635228,36.64255373915387,HOEP (Legacy)
2001-08-20 00:00:00,2001,8,1,14721.217929761917,53.31993224047905,HOEP (Legacy)
2001-08-20 01:00:00,2001,8,2,14620.23531434269,46.98508910760815,HOEP (Legacy)
2001-08-20 02:00:00,2001,8,3,15760.000960391539,60.09522252136651,HOEP (Legacy)
2001-08-20 03:00:00,2001,8,4,15262.895962613633,39.23951590915708,HOEP (Legacy)
2001-08-20 04:00:00,2001,8,5,15985.482472420823,37.49527359131052,HOEP (Legacy)
2001-08-20 05:00:00,2001,8,6,16624.779349014043,60.47552663007413,HOEP (Legacy)
2001-08-20 06:00:00,2001,8,7,17276.805721185236,78.4875707252066,HOEP (Legacy)
2001-08-20 07:00:00,2001,8,8,17703.192914170028,54.07828395081336,HOEP (Legacy)
2001-08-20 08:00:00,2001,8,9,17254.632131786435,78.45135816714722,HOEP (Legacy)
2001-08-20 09:00:00,2001,8,10,17311.61014167605,69.53295172446661,HOEP (Legacy)
2001-08-20 10:00:00,2001,8,11,17867.841938127676,51.62879058024591,HOEP (Legacy)
2001-08-20 11:00:00,2001,8,12,17877.494000943134,50.305585031515335,HOEP (Legacy)
2001-08-20 12:00:00,2001,8,13,17492.57261868723,74.16046749606353,HOEP (Legacy)
2001-08-20 13:00:00,2001,8,14,17038.09182714186,48.1088348689963,HOEP (Legacy)
2001-08-20 14:00:00,2001,8,15,16908.601554544668,27.212863052852335,HOEP (Legacy)
2001-08-20 15:00:00,2001,8,16,15370.598955241916,55.898918757960836,HOEP (Legacy)
2001-08-20 16:00:00,2001,8,17,16779.327236621204,67.55077428215505,HOEP (Legacy)
2001-08-20 17:00:00,2001,8,18,16124.17607659617,60.8979894405317,HOEP (Legacy)
2001-08-20 18:00:00,2001,8,19,15636.152509337386,56.700478090472174,HOEP (Legacy)
2001-08-20 19:00:00,2001,8,20,15752.632403945892,53.70582991810485,HOEP (Legacy)
2001-08-20 20:00:00,2001,8,21,15019.464670217818,23.17070251402292,HOEP (Legacy)
2001-08-20 21:00:00,2001,8,22,15005.59583250873,45.64857467330314,HOEP (Legacy)
2001-08-20 22:00:00,2001,8,23,14956.750924288383,45.41851015013355,HOEP (Legacy)
2001-08-20 23:00:00,2001,8,24,14849.729390932887,25.952562784482335,HOEP (Legacy)
2001-08-21 00:00:00,2001,8,1,15743.275941057726,80.3068180528589,HOEP (Legacy)
2001-08-21 01:00:00,2001,8,2,15414.455367286977,57.086958070598534,HOEP (Legacy)
2001-08-21 02:00:00,2001,8,3,15714.050074995774,44.75831814509026,HOEP (Legacy)
2001-08-21 03:00:00,2001,8,4,15741.673300560904,42.71391744422889,HOEP (Legacy)
2001-08-21 04:00:00,2001,8,5,16203.024886275785,44.876610182683606,HOEP (Legacy)
2001-08-21 05:00:00,2001,8,6,16432.88775365647,59.608379098346326,HOEP (Legacy)
2001-08-21 06:00:00,2001,8,7,16448.689419234553,59.71367324433318,HOEP (Legacy)
2001-08-21 07:00:00,2001,8,8,17018.14992428043,39.44893264923559,HOEP (Legacy)
2001-08-21 08:00:00,2001,8,9,17441.820199064194,52.43791695043467,HOEP (Legacy)
2001-08-21 09:00:00,2001,8,10,17159.706641988425,26.123417916871546,HOEP (Legacy)
2001-08-21 10:00:00,2001,8,11,17389.22801771665,37.30077971856297,HOEP (Legacy)
2001-08-21 11:00:00,2001,8,12,17266.566549867828,65.06202609879921,HOEP (Legacy)
2001-08-21 12:00:00,2001,8,13,16839.62010787446,57.945789653495645,HOEP (Legacy)
2001-08-21 13:00:00,2001,8,14,16912.76217189391,47.90616827553334,HOEP (Legacy)
2001-08-21 14:00:00,2001,8,15,16170.822070181848,32.48590305819663,HOEP (Legacy)
2001-08-21 15:00:00,2001,8,16,17300.769470865405,57.803109097853394,HOEP (Legacy)
2001-08-21 16:00:00,2001,8,17,15858.537542321732,51.01700524692412,HOEP (Legacy)
2001-08-21 17:00:00,2001,8,18,16255.601337226077,60.27370574059062,HOEP (Legacy)
2001-08-21 18:00:00,2001,8,19,15834.327976477583,60.96396641624152,HOEP (Legacy)
2001-08-21 19:00:00,2001,8,20,15374.564333834138,60.7010019415886,HOEP (Legacy)
2001-08-21 20:00:00,2001,8,21,14929.955089743831,46.69513078201022,HOEP (Legacy)
2001-08-21 21:00:00,2001,8,22,15079.021665404063,24.338519512728393,HOEP (Legacy)
2001-08-21 22:00:00,2001,8,23,14951.306343062202,50.36227482255405,HOEP (Legacy)
2001-08-21 23:00:00,2001,8,24,14278.532448494632,41.34852664133944,HOEP (Legacy)
2001-08-22 00:00:00,2001,8,1,15616.908542098408,51.79943509010127,HOEP (Legacy)
2001-08-22 01:00:00,2001,8,2,14865.94779387433,56.8454120354409,HOEP (Legacy)
2001-08-22 02:00:00,2001,8,3,15485.185442542652,56.89142276321027,HOEP (Legacy)
2001-08-22 03:00:00,2001,8,4,15411.582798520305,49.71990305771023,HOEP (Legacy)
2001-08-22 04:00:00,2001,8,5,15383.567227756092,39.25457893328859,HOEP (Legacy)
2001-08-22 05:00:00,2001,8,6,16838.027024406154,70.05896071654992,HOEP (Legacy)
2001-08-22 06:00:00,2001,8,7,16360.53049894502,48.2210598090694,HOEP (Legacy)
2001-08-22 07:00:00,2001,8,8,16947.33809548166,90.67461991426339,HOEP (Legacy)
2001-08-22 08:00:00,2001,8,9,16826.167925320973,65.61383911837886,HOEP (Legacy)
2001-08-22 09:00:00,2001,8,10,17447.100558779748,53.50598137053885,HOEP (Legacy)
2001-08-22 10:00:00,2001,8,11,17612.378963503426,53.74474493924611,HOEP (Legacy)
2001-08-22 11:00:00,2001,8,12,17051.937146038887,45.614193218900425,HOEP (Legacy)
2001-08-22 12:00:00,2001,8,13,17340.169815191857,50.657895738214606,HOEP (Legacy)
2001-08-22 13:00:00,2001,8,14,17447.64164952058,51.79654634580308,HOEP (Legacy)
2001-08-22 14:00:00,2001,8,15,17531.466199494433,81.77788604026921,HOEP (Legacy)
2001-08-22 15:00:00,2001,8,16,15778.909521245963,50.74259833327759,HOEP (Legacy)
2001-08-22 16:00:00,2001,8,17,16697.1067280174,57.54614611458051,HOEP (Legacy)
2001-08-22 17:00:00,2001,8,18,16002.872372794296,65.19021454966612,HOEP (Legacy)
2001-08-22 18:00:00,2001,8,19,16350.489887755182,49.90039272540312,HOEP (Legacy)
2001-08-22 19:00:00,2001,8,20,15715.031125783757,35.91624978336986,HOEP (Legacy)
2001-08-22 20:00:00,2001,8,21,14652.721876062054,44.03592686291733,HOEP (Legacy)
2001-08-22 21:00:00,2001,8,22,15392.956023312114,29.622574771468308,HOEP (Legacy)
2001-08-22 22:00:00,2001,8,23,14380.06769221407,70.14994207738424,HOEP (Legacy)
2001-08-22 23:00:00,2001,8,24,14431.436489445305,62.379988449786175,HOEP (Legacy)
2001-08-23 00:00:00,2001,8,1,14531.467950596161,66.13803804012264,HOEP (Legacy)
2001-08-23 01:00:00,2001,8,2,14898.32214410807,63.715995838843476,HOEP (Legacy)
2001-08-23 02:00:00,2001,8,3,15145.803251379715,50.58334451957873,HOEP (Legacy)
2001-08-23 03:00:00,2001,8,4,15949.38468919278,58.409540412526965,HOEP (Legacy)
2001-08-23 04:00:00,2001,8,5,16404.857697425112,47.349871067441114,HOEP (Legacy)
2001-08-23 05:00:00,2001,8,6,17181.631254037835,46.20252289594659,HOEP (Legacy)
2001-08-23 06:00:00,2001,8,7,16834.702569794106,53.39966744900911,HOEP (Legacy)
2001-08-23 07:00:00,2001,8,8,17369.24276148058,61.10482608075908,HOEP (Legacy)
2001-08-23 08:00:00,2001,8,9,16545.59247166054,63.616412116213134,HOEP (Legacy)
2001-08-23 09:00:00,2001,8,10,17578.75301109571,73.37163878102403,HOEP (Legacy)
2001-08-23 10:00:00,2001,8,11,17563.32612062608,78.6070589812412,HOEP (Legacy)
2001-08-23 11:00:00,2001,8,12,16359.414257776989,52.07092177370226,HOEP (Legacy)
2001-08-23 12:00:00,2001,8,13,17360.162318326704,48.26513999815252,HOEP (Legacy)
2001-08-23 13:00:00,2001,8,14,17192.38305226216,50.96949866070094,HOEP (Legacy)
2001-08-23 14:00:00,2001,8,15,16479.010667697352,40.84103232834393,HOEP (Legacy)
2001-08-23 15:00:00,2001,8,16,16984.494988019876,26.950803832055023,HOEP (Legacy)
2001-08-23 16:00:00,2001,8,17,16153.350895034866,35.777862865753704,HOEP (Legacy)
2001-08-23 17:00:00,2001,8,18,15974.515374701085,40.20725924235951,HOEP (Legacy)
2001-08-23 18:00:00,2001,8,19,15071.959054857369,51.43152278831265,HOEP (Legacy)
2001-08-23 19:00:00,2001,8,20,14982.802423816323,56.29923564964201,HOEP (Legacy)
2001-08-23 20:00:00,2001,8,21,15655.257127817427,30.829575449582475,HOEP (Legacy)
2001-08-23 21:00:00,2001,8,22,15098.408465385346,42.306381163064856,HOEP (Legacy)
2001-08-23 22:00:00,2001,8,23,15089.887481802303,41.700566772331726,HOEP (Legacy)
2001-08-23 23:00:00,2001,8,24,14621.961487289398,45.200273440696755,HOEP (Legacy)
2001-08-24 00:00:00,2001,8,1,15655.093979646015,54.4258855999738,HOEP (Legacy)
2001-08-24 01:00:00,2001,8,2,14731.63097176522,31.516714659768866,HOEP (Legacy)
2001-08-24 02:00:00,2001,8,3,15625.637311121553,35.62119915527279,HOEP (Legacy)
2001-08-24 03:00:00,2001,8,4,15723.854608739828,49.11017377692969,HOEP (Legacy)
2001-08-24 04:00:00,2001,8,5,16235.346910617543,65.94214929707628,HOEP (Legacy)
2001-08-24 05:00:00,2001,8,6,16453.96868892674,60.292343610078476,HOEP (Legacy)
2001-08-24 06:00:00,2001,8,7,16918.707018265482,37.1815525984494,HOEP (Legacy)
2001-08-24 07:00:00,2001,8,8,17245.55875269403,37.55234951083919,HOEP (Legacy)
2001-08-24 08:00:00,2001,8,9,17190.139069548484,60.1276150476643,HOEP (Legacy)
2001-08-24 09:00:00,2001,8,10,17166.779169843096,71.28066760951542,HOEP (Legacy)
2001-08-24 10:00:00,2001,8,11,17074.898616551538,48.22185571856135,HOEP (Legacy)
2001-08-24 11:00:00,2001,8,12,17342.050972904468,66.40391617094545,HOEP (Legacy)
2001-08-24 12:00:00,2001,8,13,17400.255357624534,52.251707845901635,HOEP (Legacy)
2001-08-24 13:00:00,2001,8,14,17802.21072981509,72.41392390149839,HOEP (Legacy)
2001-08-24 14:00:00,2001,8,15,16322.668992782988,58.44451623818518,HOEP (Legacy)
2001-08-24 15:00:00,2001,8,16,15924.511089508896,50.70539738724541,HOEP (Legacy)
2001-08-24 16:00:00,2001,8,17,16248.370411512136,47.647085513272955,HOEP (Legacy)
2001-08-24 17:00:00,2001,8,18,14853.565670670629,27.058303656483634,HOEP (Legacy)
2001-08-24 18:00:00,2001,8,19,14762.519954412463,43.80021387098932,HOEP (Legacy)
2001-08-24 19:00:00,2001,8,20,15331.04680315612,37.64272058541874,HOEP (Legacy)
2001-08-24 20:00:00,2001,8,21,15325.130605427774,69.90687236910006,HOEP (Legacy)
2001-08-24 21:00:00,2001,8,22,15444.079589880539,48.958705364335756,HOEP (Legacy)
2001-08-24 22:00:00,2001,8,23,15107.287580806726,67.01298421304637,HOEP (Legacy)
2001-08-24 23:00:00,2001,8,24,15377.569121724986,50.332577045446726,HOEP (Legacy)
2001-08-25 00:00:00,2001,8,1,15430.489067477884,48.12162397464539,HOEP (Legacy)
2001-08-25 01:00:00,2001,8,2,15218.494293246596,41.989886169744125,HOEP (Legacy)
2001-08-25 02:00:00,2001,8,3,15040.780930611065,45.908431246472894,HOEP (Legacy)
2001-08-25 03:00:00,2001,8,4,15672.650672516114,51.02055740073191,HOEP (Legacy)
2001-08-25 04:00:00,2001,8,5,16433.014696544644,53.36074509387005,HOEP (Legacy)
2001-08-25 05:00:00,2001,8,6,16743.722847962592,67.72523406754483,HOEP (Legacy)
2001-08-25 06:00:00,2001,8,7,17140.594835365668,43.7088116319362,HOEP (Legacy)
2001-08-25 07:00:00,2001,8,8,16820.831633317135,62.437121667234564,HOEP (Legacy)
2001-08-25 08:00:00,2001,8,9,16103.92293317071,63.51144303175076,HOEP (Legacy)
2001-08-25 09:00:00,2001,8,10,17232.13515575422,73.74248612532895,HOEP (Legacy)
2001-08-25 10:00:00,2001,8,11,17312.49259618521,65.37799866029395,HOEP (Legacy)
2001-08-25 11:00:00,2001,8,12,17651.53821198601,53.23864177979425,HOEP (Legacy)
2001-08-25 12:00:00,2001,8,13,16763.227111101718,76.0650797943369,HOEP (Legacy)
2001-08-25 13:00:00,2001,8,14,17023.916386954712,73.4656995256152,HOEP (Legacy)
2001-08-25 14:00:00,2001,8,15,16573.86618965513,65.78724535612133,HOEP (Legacy)
2001-08-25 15:00:00,2001,8,16,16255.858255793453,44.25695922226125,HOEP (Legacy)
2001-08-25 16:00:00,2001,8,17,16335.958459084888,55.23400737580033,HOEP (Legacy)
2001-08-25 17:00:00,2001,8,18,15404.367544768744,32.96530011765842,HOEP (Legacy)
2001-08-25 18:00:00,2001,8,19,15548.652998595506,52.8347363957739,HOEP (Legacy)
2001-08-25 19:00:00,2001,8,20,15477.389121378992,47.1998767496361,HOEP (Legacy)
2001-08-25 20:00:00,2001,8,21,14784.472542620682,43.61161035089047,HOEP (Legacy)
2001-08-25 21:00:00,2001,8,22,14786.4025609599,52.793708270848185,HOEP (Legacy)
2001-08-25 22:00:00,2001,8,23,15275.122961470595,37.88663013876813,HOEP (Legacy)
2001-08-25 23:00:00,2001,8,24,14892.014139720508,50.3166143381356,HOEP (Legacy)
2001-08-26 00:00:00,2001,8,1,14593.542007534521,51.465246920477824,HOEP (Legacy)
2001-08-26 01:00:00,2001,8,2,15235.999825452782,63.84550848601367,HOEP (Legacy)
2001-08-26 02:00:00,2001,8,3,15101.485597159864,59.393402909213016,HOEP (Legacy)
2001-08-26 03:00:00,2001,8,4,15764.535239229637,77.56962225789079,HOEP (Legacy)
2001-08-26 04:00:00,2001,8,5,16189.55838385228,60.432496029389775,HOEP (Legacy)
2001-08-26 05:00:00,2001,8,6,15925.786036888498,52.097136783355566,HOEP (Legacy)
2001-08-26 06:00:00,2001,8,7,16284.210091093679,50.883293536973845,HOEP (Legacy)
2001-08-26 07:00:00,2001,8,8,16586.67081365596,69.82057206969078,HOEP (Legacy)
2001-08-26 08:00:00,2001,8,9,17364.568913890773,59.33178335634521,HOEP (Legacy)
2001-08-26 09:00:00,2001,8,10,17379.36808998605,47.59224958311655,HOEP (Legacy)
2001-08-26 10:00:00,2001,8,11,18039.787684800216,75.45024179666378,HOEP (Legacy)
2001-08-26 11:00:00,2001,8,12,17191.203725863998,59.40243075017209,HOEP (Legacy)
2001-08-26 12:00:00,2001,8,13,17038.925543763664,54.934060904248774,HOEP (Legacy)
2001-08-26 13:00:00,2001,8,14,16603.656966661212,78.53990197422397,HOEP (Legacy)
2001-08-26 14:00:00,2001,8,15,17372.557602750872,71.11713539590473,HOEP (Legacy)
2001-08-26 15:00:00,2001,8,16,16776.26945280771,71.14938953925892,HOEP (Legacy)
2001-08-26 16:00:00,2001,8,17,16190.418686756935,67.42357308318645,HOEP (Legacy)
2001-08-26 17:00:00,2001,8,18,15814.21307251654,68.26903590820277,HOEP (Legacy)
2001-08-26 18:00:00,2001,8,19,15354.834492755137,34.19041255708244,HOEP (Legacy)
2001-08-26 19:00:00,2001,8,20,15866.13989795677,46.44064281443942,HOEP (Legacy)
2001-08-26 20:00:00,2001,8,21,14929.171933246962,42.75790909222349,HOEP (Legacy)
2001-08-26 21:00:00,2001,8,22,14889.080719547968,44.02390859134926,HOEP (Legacy)
2001-08-26 22:00:00,2001,8,23,15178.5865300505,61.899949319324335,HOEP (Legacy)
2001-08-26 23:00:00,2001,8,24,15207.46188598517,40.947173346751825,HOEP (Legacy)
2001-08-27 00:00:00,2001,8,1,15142.38868175811,31.983704035574128,HOEP (Legacy)
2001-08-27 01:00:00,2001,8,2,15422.686039448874,41.49354627120347,HOEP (Legacy)
2001-08-27 02:00:00,2001,8,3,14676.435096375764,46.44950932242665,HOEP (Legacy)
2001-08-27 03:00:00,2001,8,4,16330.271332073817,60.408286807620954,HOEP (Legacy)
2001-08-27 04:00:00,2001,8,5,15196.370270624304,42.49316203060431,HOEP (Legacy)
2001-08-27 05:00:00,2001,8,6,16164.425709808922,57.09515327479762,HOEP (Legacy)
2001-08-27 06:00:00,2001,8,7,17573.74013052821,64.5331252907887,HOEP (Legacy)
2001-08-27 07:00:00,2001,8,8,17564.304677426306,42.382088561104126,HOEP (Legacy)
2001-08-27 08:00:00,2001,8,9,16922.426091547168,70.6473033180024,HOEP (Legacy)
2001-08-27 09:00:00,2001,8,10,17455.64202264803,51.79133229072278,HOEP (Legacy)
2001-08-27 10:00:00,2001,8,11,17913.942983399655,58.745181259616956,HOEP (Legacy)
2001-08-27 11:00:00,2001,8,12,17679.73889375982,68.29432763700083,HOEP (Legacy)
2001-08-27 12:00:00,2001,8,13,17605.695357186265,60.46741811102408,HOEP (Legacy)
2001-08-27 13:00:00,2001,8,14,16381.107813876342,56.09327797540606,HOEP (Legacy)
2001-08-27 14:00:00,2001,8,15,16785.627963554736,50.3370285177055,HOEP (Legacy)
2001-08-27 15:00:00,2001,8,16,16282.643218994435,62.56020409349996,HOEP (Legacy)
2001-08-27 16:00:00,2001,8,17,16128.529379418433,36.95056557684013,HOEP (Legacy)
2001-08-27 17:00:00,2001,8,18,16125.050195639113,67.89156609423421,HOEP (Legacy)
2001-08-27 18:00:00,2001,8,19,15685.58503185331,44.002154162034245,HOEP (Legacy)
2001-08-27 19:00:00,2001,8,20,15051.861175237387,46.15328475809353,HOEP (Legacy)
2001-08-27 20:00:00,2001,8,21,14909.410108103806,69.41211114562222,HOEP (Legacy)
2001-08-27 21:00:00,2001,8,22,14804.828008322731,58.33802073578747,HOEP (Legacy)
2001-08-27 22:00:00,2001,8,23,15094.115398258029,40.532810062438806,HOEP (Legacy)
2001-08-27 23:00:00,2001,8,24,15101.219395788386,51.22104610038552,HOEP (Legacy)
2001-08-28 00:00:00,2001,8,1,14888.67548973296,49.33347698455096,HOEP (Legacy)
2001-08-28 01:00:00,2001,8,2,15202.617225290998,53.63856055295332,HOEP (Legacy)
2001-08-28 02:00:00,2001,8,3,15757.227128046701,54.20289978829172,HOEP (Legacy)
2001-08-28 03:00:00,2001,8,4,15996.282221772939,68.01744167116009,HOEP (Legacy)
2001-08-28 04:00:00,2001,8,5,16738.32437285519,62.233990260364024,HOEP (Legacy)
2001-08-28 05:00:00,2001,8,6,16690.411014293306,65.78473500849353,HOEP (Legacy)
2001-08-28 06:00:00,2001,8,7,16452.694882174223,65.63867887972238,HOEP (Legacy)
2001-08-28 07:00:00,2001,8,8,16850.33770935164,49.22306858164366,HOEP (Legacy)
2001-08-28 08:00:00,2001,8,9,16967.183981088834,42.721639037938175,HOEP (Legacy)
2001-08-28 09:00:00,2001,8,10,17670.41747554804,83.07180549920523,HOEP (Legacy)
2001-08-28 10:00:00,2001,8,11,17526.107510049645,55.46145865285859,HOEP (Legacy)
2001-08-28 11:00:00,2001,8,12,17487.386031505324,26.39180157929428,HOEP (Legacy)
2001-08-28 12:00:00,2001,8,13,17263.753311318946,60.579219760372446,HOEP (Legacy)
2001-08-28 13:00:00,2001,8,14,16664.082363643087,62.802099205277116,HOEP (Legacy)
2001-08-28 14:00:00,2001,8,15,16756.651237569604,57.79127724269726,HOEP (Legacy)
2001-08-28 15:00:00,2001,8,16,16350.764323889778,58.659167585563324,HOEP (Legacy)
2001-08-28 16:00:00,2001,8,17,15837.572404732784,42.95528114623871,HOEP (Legacy)
2001-08-28 17:00:00,2001,8,18,16019.397974035182,55.08244982085822,HOEP (Legacy)
2001-08-28 18:00:00,2001,8,19,15158.194044103608,48.6105885594161,HOEP (Legacy)
2001-08-28 19:00:00,2001,8,20,15128.096896559513,60.87020107776906,HOEP (Legacy)
2001-08-28 20:00:00,2001,8,21,15400.665377005058,52.64260196480717,HOEP (Legacy)
2001-08-28 21:00:00,2001,8,22,14533.358166566048,56.734477523721324,HOEP (Legacy)
2001-08-28 22:00:00,2001,8,23,15016.754077939877,53.16607388805288,HOEP (Legacy)
2001-08-28 23:00:00,2001,8,24,15172.905900798973,30.461293868356258,HOEP (Legacy)
2001-08-29 00:00:00,2001,8,1,16135.273219839357,44.76866049279321,HOEP (Legacy)
2001-08-29 01:00:00,2001,8,2,15043.419607223175,26.289285951506276,HOEP (Legacy)
2001-08-29 02:00:00,2001,8,3,15732.535538895301,55.349560632821245,HOEP (Legacy)
2001-08-29 03:00:00,2001,8,4,15447.341555087782,34.368198872634515,HOEP (Legacy)
2001-08-29 04:00:00,2001,8,5,16180.111520014667,43.23535431066429,HOEP (Legacy)
2001-08-29 05:00:00,2001,8,6,16755.499421471286,59.32420781332983,HOEP (Legacy)
2001-08-29 06:00:00,2001,8,7,16137.413333900502,58.96669153991279,HOEP (Legacy)
2001-08-29 07:00:00,2001,8,8,16987.90224038214,71.18628901635894,HOEP (Legacy)
2001-08-29 08:00:00,2001,8,9,17627.554715813916,60.506545680253815,HOEP (Legacy)
2001-08-29 09:00:00,2001,8,10,17568.121261619064,60.52503618798289,HOEP (Legacy)
2001-08-29 10:00:00,2001,8,11,17318.63717731694,59.62818552485075,HOEP (Legacy)
2001-08-29 11:00:00,2001,8,12,16816.87158252685,73.24905154521556,HOEP (Legacy)
2001-08-29 12:00:00,2001,8,13,17900.979175353295,60.610005119071545,HOEP (Legacy)
2001-08-29 13:00:00,2001,8,14,17375.259382838693,41.127152088093894,HOEP (Legacy)
2001-08-29 14:00:00,2001,8,15,17330.387250129876,71.17337191811154,HOEP (Legacy)
2001-08-29 15:00:00,2001,8,16,16070.8130231299,55.13358109932245,HOEP (Legacy)
2001-08-29 16:00:00,2001,8,17,16017.667951444892,25.183320359580428,HOEP (Legacy)
2001-08-29 17:00:00,2001,8,18,15929.048402261382,55.01957285286111,HOEP (Legacy)
2001-08-29 18:00:00,2001,8,19,15762.102697897184,73.77238985019085,HOEP (Legacy)
2001-08-29 19:00:00,2001,8,20,15274.435260799268,47.10577690790972,HOEP (Legacy)
2001-08-29 20:00:00,2001,8,21,15307.210131342366,54.88895151456223,HOEP (Legacy)
2001-08-29 21:00:00,2001,8,22,15836.151870589856,52.797416698644916,HOEP (Legacy)
2001-08-29 22:00:00,2001,8,23,14673.773333188905,33.87886033345637,HOEP (Legacy)
2001-08-29 23:00:00,2001,8,24,15483.436674267554,43.24016162358199,HOEP (Legacy)
2001-08-30 00:00:00,2001,8,1,15616.807940971225,78.85281970219664,HOEP (Legacy)
2001-08-30 01:00:00,2001,8,2,15468.058962721427,55.35749571927805,HOEP (Legacy)
2001-08-30 02:00:00,2001,8,3,15511.460183218767,56.60462966113574,HOEP (Legacy)
2001-08-30 03:00:00,2001,8,4,15841.709785128485,44.79730854638639,HOEP (Legacy)
2001-08-30 04:00:00,2001,8,5,16447.728908847264,42.8139749524987,HOEP (Legacy)
2001-08-30 05:00:00,2001,8,6,17151.638089682714,70.91163792024827,HOEP (Legacy)
2001-08-30 06:00:00,2001,8,7,17021.809732153706,55.62435923352605,HOEP (Legacy)
2001-08-30 07:00:00,2001,8,8,17070.65238136343,58.50055133706791,HOEP (Legacy)
2001-08-30 08:00:00,2001,8,9,17710.443910596983,82.56967340870256,HOEP (Legacy)
2001-08-30 09:00:00,2001,8,10,17592.362986523563,71.50637951274597,HOEP (Legacy)
2001-08-30 10:00:00,2001,8,11,17231.967858342927,64.05067268860499,HOEP (Legacy)
2001-08-30 11:00:00,2001,8,12,17722.892264091905,61.22731904059015,HOEP (Legacy)
2001-08-30 12:00:00,2001,8,13,17170.066835591162,61.258005249608175,HOEP (Legacy)
2001-08-30 13:00:00,2001,8,14,16953.595615009846,61.34015643759355,HOEP (Legacy)
2001-08-30 14:00:00,2001,8,15,17002.232503439107,61.434222163722,HOEP (Legacy)
2001-08-30 15:00:00,2001,8,16,16308.384306565276,52.56582073228763,HOEP (Legacy)
2001-08-30 16:00:00,2001,8,17,16152.062550244036,72.59164310859947,HOEP (Legacy)
2001-08-30 17:00:00,2001,8,18,15255.786635936405,52.804395067641494,HOEP (Legacy)
2001-08-30 18:00:00,2001,8,19,15256.480209409652,61.86642348151433,HOEP (Legacy)
2001-08-30 19:00:00,2001,8,20,15019.983888722494,48.071027985958,HOEP (Legacy)
2001-08-30 20:00:00,2001,8,21,15100.516649363002,64.70440983877391,HOEP (Legacy)
2001-08-30 21:00:00,2001,8,22,14883.103939431196,46.07454256459653,HOEP (Legacy)
2001-08-30 22:00:00,2001,8,23,14757.69983243489,42.30067565683125,HOEP (Legacy)
2001-08-30 23:00:00,2001,8,24,14769.123161228255,52.479936699296815,HOEP (Legacy)
2001-08-31 00:00:00,2001,8,1,14982.615484712846,28.433931417532992,HOEP (Legacy)
2001-08-31 01:00:00,2001,8,2,14707.993316998265,37.99350108898699,HOEP (Legacy)
2001-08-31 02:00:00,2001,8,3,15394.854190565158,34.89905370368825,HOEP (Legacy)
2001-08-31 03:00:00,2001,8,4,15914.880172082014,35.80208408746993,HOEP (Legacy)
2001-08-31 04:00:00,2001,8,5,16110.611282562917,70.69327644128461,HOEP (Legacy)
2001-08-31 05:00:00,2001,8,6,16654.643176842066,52.2464555537692,HOEP (Legacy)
2001-08-31 06:00:00,2001,8,7,16538.225423950906,60.13538543108933,HOEP (Legacy)
2001-08-31 07:00:00,2001,8,8,16437.291913252728,63.538036095559036,HOEP (Legacy)
2001-08-31 08:00:00,2001,8,9,18186.647315532675,67.31168458544272,HOEP (Legacy)
2001-08-31 09:00:00,2001,8,10,18295.44529659282,65.95352895091875,HOEP (Legacy)
2001-08-31 10:00:00,2001,8,11,17374.59048876421,36.15746570744112,HOEP (Legacy)
2001-08-31 11:00:00,2001,8,12,17448.516646812815,66.34489346898377,HOEP (Legacy)
2001-08-31 12:00:00,2001,8,13,17596.482945241947,45.613596544759844,HOEP (Legacy)
2001-08-31 13:00:00,2001,8,14,17584.27671825013,60.88928615464598,HOEP (Legacy)
2001-08-31 14:00:00,2001,8,15,16985.59499284649,70.83811451469619,HOEP (Legacy)
2001-08-31 15:00:00,2001,8,16,16078.622540502738,64.72019524553313,HOEP (Legacy)
2001-08-31 16:00:00,2001,8,17,15136.059204052966,42.34404204813267,HOEP (Legacy)
2001-08-31 17:00:00,2001,8,18,15762.937678708277,53.39261954773412,HOEP (Legacy)
2001-08-31 18:00:00,2001,8,19,15463.381815022927,39.7945593915893,HOEP (Legacy)
2001-08-31 19:00:00,2001,8,20,15270.24509382609,68.66265655515636,HOEP (Legacy)
2001-08-31 20:00:00,2001,8,21,14173.29347729462,25.751855724883946,HOEP (Legacy)
2001-08-31 21:00:00,2001,8,22,15467.453862377288,49.795436373433354,HOEP (Legacy)
2001-08-31 22:00:00,2001,8,23,14974.728778127663,52.98106307816832,HOEP (Legacy)
2001-08-31 23:00:00,2001,8,24,14050.105285131905,45.17279912865875,HOEP (Legacy)
2001-09-01 00:00:00,2001,9,1,13936.037247560726,42.510507764796294,HOEP (Legacy)
2001-09-01 01:00:00,2001,9,2,14193.538155168142,53.674105135634846,HOEP (Legacy)
2001-09-01 02:00:00,2001,9,3,15082.418765748504,66.30928180756773,HOEP (Legacy)
2001-09-01 03:00:00,2001,9,4,15225.338895589653,41.51695180872692,HOEP (Legacy)
2001-09-01 04:00:00,2001,9,5,15063.459300434353,52.56019253817159,HOEP (Legacy)
2001-09-01 05:00:00,2001,9,6,15695.830058529502,51.308204608406456,HOEP (Legacy)
2001-09-01 06:00:00,2001,9,7,15522.035083097797,58.582436791787444,HOEP (Legacy)
2001-09-01 07:00:00,2001,9,8,16050.282742744439,55.85838274343153,HOEP (Legacy)
2001-09-01 08:00:00,2001,9,9,16494.888751926308,47.42508459561,HOEP (Legacy)
2001-09-01 09:00:00,2001,9,10,16101.4632082407,62.99178352134098,HOEP (Legacy)
2001-09-01 10:00:00,2001,9,11,16167.237661216668,61.096565257477636,HOEP (Legacy)
2001-09-01 11:00:00,2001,9,12,16492.31591530079,68.63460611446584,HOEP (Legacy)
2001-09-01 12:00:00,2001,9,13,16062.28585454899,61.640712521039994,HOEP (Legacy)
2001-09-01 13:00:00,2001,9,14,16579.171162507613,74.5102975944496,HOEP (Legacy)
2001-09-01 14:00:00,2001,9,15,15672.607916356355,45.352638985420654,HOEP (Legacy)
2001-09-01 15:00:00,2001,9,16,15425.35823192674,40.811897440580516,HOEP (Legacy)
2001-09-01 16:00:00,2001,9,17,15416.611773371404,39.50636701778151,HOEP (Legacy)
2001-09-01 17:00:00,2001,9,18,14602.984080589713,41.10705771698232,HOEP (Legacy)
2001-09-01 18:00:00,2001,9,19,14735.134132222985,54.812383123500425,HOEP (Legacy)
2001-09-01 19:00:00,2001,9,20,14567.491617212001,45.1801358697431,HOEP (Legacy)
2001-09-01 20:00:00,2001,9,21,13830.616748860013,26.340723773630497,HOEP (Legacy)
2001-09-01 21:00:00,2001,9,22,14100.559099585518,30.667608799969173,HOEP (Legacy)
2001-09-01 22:00:00,2001,9,23,14007.88026185443,42.824656962601274,HOEP (Legacy)
2001-09-01 23:00:00,2001,9,24,13396.549660581517,26.518959711241067,HOEP (Legacy)
2001-09-02 00:00:00,2001,9,1,14283.570186909164,52.48723051561359,HOEP (Legacy)
2001-09-02 01:00:00,2001,9,2,14763.748070818048,36.19645749043872,HOEP (Legacy)
2001-09-02 02:00:00,2001,9,3,14473.047551532965,55.307020092886326,HOEP (Legacy)
2001-09-02 03:00:00,2001,9,4,15429.770670716529,40.71319774266434,HOEP (Legacy)
2001-09-02 04:00:00,2001,9,5,15187.895656305589,54.91319687829643,HOEP (Legacy)
2001-09-02 05:00:00,2001,9,6,14787.59953591209,40.15316838863875,HOEP (Legacy)
2001-09-02 06:00:00,2001,9,7,15617.614472819845,63.28176086673682,HOEP (Legacy)
2001-09-02 07:00:00,2001,9,8,16053.643535190091,38.05201140002812,HOEP (Legacy)
2001-09-02 08:00:00,2001,9,9,15795.437813064957,33.646256957384644,HOEP (Legacy)
2001-09-02 09:00:00,2001,9,10,16191.546959806366,49.910112135186296,HOEP (Legacy)
2001-09-02 10:00:00,2001,9,11,16183.033051485232,55.30430061774894,HOEP (Legacy)
2001-09-02 11:00:00,2001,9,12,17119.098658544084,81.69691587941867,HOEP (Legacy)
2001-09-02 12:00:00,2001,9,13,16243.321503052723,46.51469953237892,HOEP (Legacy)
2001-09-02 13:00:00,2001,9,14,16114.033045001996,50.59826398347727,HOEP (Legacy)
2001-09-02 14:00:00,2001,9,15,16017.749453399298,64.68970665515901,HOEP (Legacy)
2001-09-02 15:00:00,2001,9,16,15457.206945481117,42.35552512047675,HOEP (Legacy)
2001-09-02 16:00:00,2001,9,17,15408.431940303619,64.73456315459319,HOEP (Legacy)
2001-09-02 17:00:00,2001,9,18,14479.733852307569,33.984543280527404,HOEP (Legacy)
2001-09-02 18:00:00,2001,9,19,14894.796037034419,28.010280515556964,HOEP (Legacy)
2001-09-02 19:00:00,2001,9,20,14575.925889015767,74.8956466783994,HOEP (Legacy)
2001-09-02 20:00:00,2001,9,21,14736.0309932293,34.17282798639518,HOEP (Legacy)
2001-09-02 21:00:00,2001,9,22,13205.3701431808,43.5687426873879,HOEP (Legacy)
2001-09-02 22:00:00,2001,9,23,14448.294614364437,42.01248017786444,HOEP (Legacy)
2001-09-02 23:00:00,2001,9,24,13893.132554477628,44.67474280398225,HOEP (Legacy)
2001-09-03 00:00:00,2001,9,1,14950.383984950704,60.84618427533208,HOEP (Legacy)
2001-09-03 01:00:00,2001,9,2,14285.896186408285,44.515199297050444,HOEP (Legacy)
2001-09-03 02:00:00,2001,9,3,14549.253203237882,39.629637061744404,HOEP (Legacy)
2001-09-03 03:00:00,2001,9,4,15038.46408280162,40.15165391835585,HOEP (Legacy)
2001-09-03 04:00:00,2001,9,5,15666.927090266921,56.247585632104105,HOEP (Legacy)
2001-09-03 05:00:00,2001,9,6,15505.394823109025,62.41514220068814,HOEP (Legacy)
2001-09-03 06:00:00,2001,9,7,16425.58793961344,42.78290763883415,HOEP (Legacy)
2001-09-03 07:00:00,2001,9,8,16506.388166719036,54.11853441133091,HOEP (Legacy)
2001-09-03 08:00:00,2001,9,9,15859.43590572186,62.073292266781465,HOEP (Legacy)
2001-09-03 09:00:00,2001,9,10,16652.733952352526,30.03908847359206,HOEP (Legacy)
2001-09-03 10:00:00,2001,9,11,15841.424892447798,38.9233056267057,HOEP (Legacy)
2001-09-03 11:00:00,2001,9,12,16500.270895023154,70.66065055699778,HOEP (Legacy)
2001-09-03 12:00:00,2001,9,13,16235.206400267525,73.07689236525697,HOEP (Legacy)
2001-09-03 13:00:00,2001,9,14,15550.59767254137,53.79370345809556,HOEP (Legacy)
2001-09-03 14:00:00,2001,9,15,15668.474660396301,41.46365170704053,HOEP (Legacy)
2001-09-03 15:00:00,2001,9,16,15696.391995767533,42.3069121659272,HOEP (Legacy)
2001-09-03 16:00:00,2001,9,17,15159.821815281644,34.42885290964799,HOEP (Legacy)
2001-09-03 17:00:00,2001,9,18,14678.042405637187,31.60193259339563,HOEP (Legacy)
2001-09-03 18:00:00,2001,9,19,14268.014614702728,64.87117185331545,HOEP (Legacy)
2001-09-03 19:00:00,2001,9,20,14134.676079784502,47.90494356949342,HOEP (Legacy)
2001-09-03 20:00:00,2001,9,21,14297.144100967307,61.12745541617342,HOEP (Legacy)
2001-09-03 21:00:00,2001,9,22,14099.483670852593,45.94823743118069,HOEP (Legacy)
2001-09-03 22:00:00,2001,9,23,14138.187849820059,30.722432507448957,HOEP (Legacy)
2001-09-03 23:00:00,2001,9,24,14309.526631771485,61.89540986496113,HOEP (Legacy)
2001-09-04 00:00:00,2001,9,1,13942.139123151308,37.70388592628944,HOEP (Legacy)
2001-09-04 01:00:00,2001,9,2,13349.047420189852,37.447088686830824,HOEP (Legacy)
2001-09-04 02:00:00,2001,9,3,14809.404822116645,20.575146801756894,HOEP (Legacy)
2001-09-04 03:00:00,2001,9,4,14766.521548955672,56.30608027039386,HOEP (Legacy)
2001-09-04 04:00:00,2001,9,5,15161.68113365776,38.53666283436836,HOEP (Legacy)
2001-09-04 05:00:00,2001,9,6,15503.067333463672,47.55168543268029,HOEP (Legacy)
2001-09-04 06:00:00,2001,9,7,15692.68346578339,52.665098645558835,HOEP (Legacy)
2001-09-04 07:00:00,2001,9,8,15637.092328369636,46.02136882890095,HOEP (Legacy)
2001-09-04 08:00:00,2001,9,9,16784.26815459705,97.8877158312504,HOEP (Legacy)
2001-09-04 09:00:00,2001,9,10,15768.902191251687,52.37818178903346,HOEP (Legacy)
2001-09-04 10:00:00,2001,9,11,16492.336768299177,64.0876321271105,HOEP (Legacy)
2001-09-04 11:00:00,2001,9,12,16687.270943317173,49.521951506526335,HOEP (Legacy)
2001-09-04 12:00:00,2001,9,13,15374.07144358774,42.30684226402623,HOEP (Legacy)
2001-09-04 13:00:00,2001,9,14,15819.453637872299,45.100177871490104,HOEP (Legacy)
2001-09-04 14:00:00,2001,9,15,15343.843318620442,58.44360078424384,HOEP (Legacy)
2001-09-04 15:00:00,2001,9,16,15278.825156117271,56.643137002166256,HOEP (Legacy)
2001-09-04 16:00:00,2001,9,17,15638.826024497415,24.14498452776974,HOEP (Legacy)
2001-09-04 17:00:00,2001,9,18,14670.213406398181,65.74994617599958,HOEP (Legacy)
2001-09-04 18:00:00,2001,9,19,14455.657127366223,57.23941789134288,HOEP (Legacy)
2001-09-04 19:00:00,2001,9,20,14399.541330751463,39.50570680961237,HOEP (Legacy)
2001-09-04 20:00:00,2001,9,21,14058.463462830587,60.69845325032109,HOEP (Legacy)
2001-09-04 21:00:00,2001,9,22,13939.06757178114,26.576803417762754,HOEP (Legacy)
2001-09-04 22:00:00,2001,9,23,14023.857117446178,28.095038611062925,HOEP (Legacy)
2001-09-04 23:00:00,2001,9,24,13476.703916894494,51.052163376252835,HOEP (Legacy)
2001-09-05 00:00:00,2001,9,1,13754.241629914628,26.473335161730773,HOEP (Legacy)
2001-09-05 01:00:00,2001,9,2,14168.642788313846,57.47014605320491,HOEP (Legacy)
2001-09-05 02:00:00,2001,9,3,14404.646010839338,20.74485106081118,HOEP (Legacy)
2001-09-05 03:00:00,2001,9,4,14656.648813185457,29.57316421297394,HOEP (Legacy)
2001-09-05 04:00:00,2001,9,5,15540.584328791496,53.432582609975405,HOEP (Legacy)
2001-09-05 05:00:00,2001,9,6,16079.005703284625,64.21127324013878,HOEP (Legacy)
2001-09-05 06:00:00,2001,9,7,16019.593917597811,63.20961925831514,HOEP (Legacy)
2001-09-05 07:00:00,2001,9,8,15912.888018100239,56.64798701299919,HOEP (Legacy)
2001-09-05 08:00:00,2001,9,9,16452.715328775637,45.4018373063587,HOEP (Legacy)
2001-09-05 09:00:00,2001,9,10,16730.901105422334,64.43919583022814,HOEP (Legacy)
2001-09-05 10:00:00,2001,9,11,16490.82742399559,65.64081230863663,HOEP (Legacy)
2001-09-05 11:00:00,2001,9,12,16053.932296374858,68.17334223408555,HOEP (Legacy)
2001-09-05 12:00:00,2001,9,13,15632.051126338887,65.27444132019582,HOEP (Legacy)
2001-09-05 13:00:00,2001,9,14,16989.007714580737,58.53170096536637,HOEP (Legacy)
2001-09-05 14:00:00,2001,9,15,16381.303717520459,43.81973504709466,HOEP (Legacy)
2001-09-05 15:00:00,2001,9,16,15660.711003958142,32.11477068830153,HOEP (Legacy)
2001-09-05 16:00:00,2001,9,17,15473.14970045958,38.02378101715051,HOEP (Legacy)
2001-09-05 17:00:00,2001,9,18,14604.44683819572,27.39930451854888,HOEP (Legacy)
2001-09-05 18:00:00,2001,9,19,14891.66498506814,45.46863253227581,HOEP (Legacy)
2001-09-05 19:00:00,2001,9,20,14477.249611016081,53.804502515897,HOEP (Legacy)
2001-09-05 20:00:00,2001,9,21,14500.522680448083,52.88236101201599,HOEP (Legacy)
2001-09-05 21:00:00,2001,9,22,14561.11792927693,39.560155687112626,HOEP (Legacy)
2001-09-05 22:00:00,2001,9,23,13660.400142683839,30.470990274752648,HOEP (Legacy)
2001-09-05 23:00:00,2001,9,24,14754.235342584878,62.33333154497054,HOEP (Legacy)
2001-09-06 00:00:00,2001,9,1,14483.438420304368,22.67975777301428,HOEP (Legacy)
2001-09-06 01:00:00,2001,9,2,13986.496787211698,49.76803567231127,HOEP (Legacy)
2001-09-06 02:00:00,2001,9,3,14535.74968651092,47.232207489198515,HOEP (Legacy)
2001-09-06 03:00:00,2001,9,4,15487.72086507946,47.544566354533266,HOEP (Legacy)
2001-09-06 04:00:00,2001,9,5,14905.933305053974,26.915321651973315,HOEP (Legacy)
2001-09-06 05:00:00,2001,9,6,15209.444632578025,45.69154084239526,HOEP (Legacy)
2001-09-06 06:00:00,2001,9,7,15299.696176270993,44.389281911339204,HOEP (Legacy)
2001-09-06 07:00:00,2001,9,8,15588.435013818527,31.440433621661242,HOEP (Legacy)
2001-09-06 08:00:00,2001,9,9,15520.929166402788,65.63591083242032,HOEP (Legacy)
2001-09-06 09:00:00,2001,9,10,17186.212388139167,58.28705150940424,HOEP (Legacy)
2001-09-06 10:00:00,2001,9,11,16328.83917978343,36.572916965117145,HOEP (Legacy)
2001-09-06 11:00:00,2001,9,12,16987.24926362444,42.65437304172609,HOEP (Legacy)
2001-09-06 12:00:00,2001,9,13,16633.232176106354,46.97541782227173,HOEP (Legacy)
2001-09-06 13:00:00,2001,9,14,16771.565359437238,50.47030252969643,HOEP (Legacy)
2001-09-06 14:00:00,2001,9,15,15437.479945763736,57.944650636824065,HOEP (Legacy)
2001-09-06 15:00:00,2001,9,16,15940.958491128,39.06146046796505,HOEP (Legacy)
2001-09-06 16:00:00,2001,9,17,15535.726692678956,50.706560209824296,HOEP (Legacy)
2001-09-06 17:00:00,2001,9,18,15057.396807629484,38.97201484611225,HOEP (Legacy)
2001-09-06 18:00:00,2001,9,19,14344.68964981006,45.670460731487914,HOEP (Legacy)
2001-09-06 19:00:00,2001,9,20,14589.940992344105,35.61565116741256,HOEP (Legacy)
2001-09-06 20:00:00,2001,9,21,14579.223312090759,40.042753664488146,HOEP (Legacy)
2001-09-06 21:00:00,2001,9,22,14234.30496781741,32.09038678632295,HOEP (Legacy)
2001-09-06 22:00:00,2001,9,23,14944.746817244384,51.926019088389154,HOEP (Legacy)
2001-09-06 23:00:00,2001,9,24,13848.3088509345,49.14794434369929,HOEP (Legacy)
2001-09-07 00:00:00,2001,9,1,13975.85577365727,56.891314903279365,HOEP (Legacy)
2001-09-07 01:00:00,2001,9,2,15642.625806818807,53.708576527450866,HOEP (Legacy)
2001-09-07 02:00:00,2001,9,3,14803.713897899494,57.978985302533104,HOEP (Legacy)
2001-09-07 03:00:00,2001,9,4,14563.043389040868,43.092468119189974,HOEP (Legacy)
2001-09-07 04:00:00,2001,9,5,15582.515250685541,39.89057792194332,HOEP (Legacy)
2001-09-07 05:00:00,2001,9,6,15618.174209767398,39.7520507398614,HOEP (Legacy)
2001-09-07 06:00:00,2001,9,7,16159.694793640772,41.33835782218995,HOEP (Legacy)
2001-09-07 07:00:00,2001,9,8,16225.030079614666,27.60047422457842,HOEP (Legacy)
2001-09-07 08:00:00,2001,9,9,16655.78421006423,68.22984516265903,HOEP (Legacy)
2001-09-07 09:00:00,2001,9,10,17312.861917656537,61.07387538298928,HOEP (Legacy)
2001-09-07 10:00:00,2001,9,11,16559.193755882578,57.666216370748316,HOEP (Legacy)
2001-09-07 11:00:00,2001,9,12,16200.656598602034,34.43749082062838,HOEP (Legacy)
2001-09-07 12:00:00,2001,9,13,17006.433541673305,58.11725146989447,HOEP (Legacy)
2001-09-07 13:00:00,2001,9,14,15751.849284997006,42.65081915841294,HOEP (Legacy)
2001-09-07 14:00:00,2001,9,15,16026.202660928591,39.49984423025154,HOEP (Legacy)
2001-09-07 15:00:00,2001,9,16,14828.269021635024,70.88494425434476,HOEP (Legacy)
2001-09-07 16:00:00,2001,9,17,15434.165485574682,48.70300333675917,HOEP (Legacy)
2001-09-07 17:00:00,2001,9,18,15105.198903895425,40.091587416329325,HOEP (Legacy)
2001-09-07 18:00:00,2001,9,19,14790.367241784681,58.93511271001778,HOEP (Legacy)
2001-09-07 19:00:00,2001,9,20,14759.12149697898,48.884547758443965,HOEP (Legacy)
2001-09-07 20:00:00,2001,9,21,13772.694998601686,40.717844827604424,HOEP (Legacy)
2001-09-07 21:00:00,2001,9,22,14572.780474344972,49.31416212958322,HOEP (Legacy)
2001-09-07 22:00:00,2001,9,23,13849.331036289523,47.62074608312637,HOEP (Legacy)
2001-09-07 23:00:00,2001,9,24,14084.33133187003,63.641047442243135,HOEP (Legacy)
2001-09-08 00:00:00,2001,9,1,13851.726230566159,47.42490078627516,HOEP (Legacy)
2001-09-08 01:00:00,2001,9,2,14813.38677463243,59.37735659614623,HOEP (Legacy)
2001-09-08 02:00:00,2001,9,3,14623.11748567953,31.800599799428937,HOEP (Legacy)
2001-09-08 03:00:00,2001,9,4,15486.027591934366,45.700289699282,HOEP (Legacy)
2001-09-08 04:00:00,2001,9,5,15693.397111555143,62.84977557495204,HOEP (Legacy)
2001-09-08 05:00:00,2001,9,6,15617.185395418779,38.90866093350192,HOEP (Legacy)
2001-09-08 06:00:00,2001,9,7,15701.279262132968,34.38568782847706,HOEP (Legacy)
2001-09-08 07:00:00,2001,9,8,16452.575190639123,34.01552919682179,HOEP (Legacy)
2001-09-08 08:00:00,2001,9,9,15593.09379312686,54.37602535890772,HOEP (Legacy)
2001-09-08 09:00:00,2001,9,10,16172.919434970097,67.65138493644528,HOEP (Legacy)
2001-09-08 10:00:00,2001,9,11,17106.84293382996,53.860998245435056,HOEP (Legacy)
2001-09-08 11:00:00,2001,9,12,17023.94770072583,73.06762649305557,HOEP (Legacy)
2001-09-08 12:00:00,2001,9,13,16043.781466845881,59.934818509704385,HOEP (Legacy)
2001-09-08 13:00:00,2001,9,14,16098.285627275669,54.05710569745578,HOEP (Legacy)
2001-09-08 14:00:00,2001,9,15,16559.20505364534,61.89655343109946,HOEP (Legacy)
2001-09-08 15:00:00,2001,9,16,15364.891440614556,33.248560916581994,HOEP (Legacy)
2001-09-08 16:00:00,2001,9,17,14181.443679018901,47.52014733656136,HOEP (Legacy)
2001-09-08 17:00:00,2001,9,18,14758.592117666261,59.231298996521694,HOEP (Legacy)
2001-09-08 18:00:00,2001,9,19,14493.407200030792,30.623040091615525,HOEP (Legacy)
2001-09-08 19:00:00,2001,9,20,14021.127729368753,52.69991292423454,HOEP (Legacy)
2001-09-08 20:00:00,2001,9,21,14265.869797638494,54.85724935162847,HOEP (Legacy)
2001-09-08 21:00:00,2001,9,22,13990.378517471712,45.60312846405428,HOEP (Legacy)
2001-09-08 22:00:00,2001,9,23,13847.202678207339,54.87506319157913,HOEP (Legacy)
2001-09-08 23:00:00,2001,9,24,13780.096160318792,41.064773556450724,HOEP (Legacy)
2001-09-09 00:00:00,2001,9,1,14229.11477427341,38.095793783518516,HOEP (Legacy)
2001-09-09 01:00:00,2001,9,2,14298.46019116006,41.0772408045264,HOEP (Legacy)
2001-09-09 02:00:00,2001,9,3,14167.947066521843,53.98271102205565,HOEP (Legacy)
2001-09-09 03:00:00,2001,9,4,15082.554616943191,60.96826038967745,HOEP (Legacy)
2001-09-09 04:00:00,2001,9,5,15589.40842458395,46.72057456539473,HOEP (Legacy)
2001-09-09 05:00:00,2001,9,6,15146.031452149795,51.76129378156855,HOEP (Legacy)
2001-09-09 06:00:00,2001,9,7,16158.922461551967,53.564753901552756,HOEP (Legacy)
2001-09-09 07:00:00,2001,9,8,15740.403360335771,55.396093921095726,HOEP (Legacy)
2001-09-09 08:00:00,2001,9,9,16654.54463139187,66.69795033456927,HOEP (Legacy)
2001-09-09 09:00:00,2001,9,10,16931.713463858177,64.84273788539711,HOEP (Legacy)
2001-09-09 10:00:00,2001,9,11,16211.540047194454,63.547989183489136,HOEP (Legacy)
2001-09-09 11:00:00,2001,9,12,16343.573734310368,37.39145340087504,HOEP (Legacy)
2001-09-09 12:00:00,2001,9,13,15971.117565587349,47.94101538136737,HOEP (Legacy)
2001-09-09 13:00:00,2001,9,14,16408.986272154696,61.105979700853176,HOEP (Legacy)
2001-09-09 14:00:00,2001,9,15,16487.10497715608,73.6763408897914,HOEP (Legacy)
2001-09-09 15:00:00,2001,9,16,16259.16604828669,56.300656552599534,HOEP (Legacy)
2001-09-09 16:00:00,2001,9,17,14943.049284556768,28.5525542090341,HOEP (Legacy)
2001-09-09 17:00:00,2001,9,18,15159.367359405636,58.41645956653404,HOEP (Legacy)
2001-09-09 18:00:00,2001,9,19,14819.762694606688,42.56724374474739,HOEP (Legacy)
2001-09-09 19:00:00,2001,9,20,13994.952307640175,42.0973958389423,HOEP (Legacy)
2001-09-09 20:00:00,2001,9,21,14072.366914648383,17.884431823857238,HOEP (Legacy)
2001-09-09 21:00:00,2001,9,22,14822.990521599977,28.465509606138244,HOEP (Legacy)
2001-09-09 22:00:00,2001,9,23,14297.154988635017,52.55600997596954,HOEP (Legacy)
2001-09-09 23:00:00,2001,9,24,14108.232828575048,65.82981565417508,HOEP (Legacy)
2001-09-10 00:00:00,2001,9,1,14623.075449710472,48.62389006313284,HOEP (Legacy)
2001-09-10 01:00:00,2001,9,2,15388.153672149427,64.07662818064892,HOEP (Legacy)
2001-09-10 02:00:00,2001,9,3,14831.113398289657,53.584925132920574,HOEP (Legacy)
2001-09-10 03:00:00,2001,9,4,15299.801944417888,50.10683805380739,HOEP (Legacy)
2001-09-10 04:00:00,2001,9,5,15055.704643174886,63.62942549703531,HOEP (Legacy)
2001-09-10 05:00:00,2001,9,6,15634.477663507296,58.18877396414873,HOEP (Legacy)
2001-09-10 06:00:00,2001,9,7,15989.070193797224,42.301416037003875,HOEP (Legacy)
2001-09-10 07:00:00,2001,9,8,15617.65387461944,59.121070140361454,HOEP (Legacy)
2001-09-10 08:00:00,2001,9,9,15931.58405370824,26.292735721334008,HOEP (Legacy)
2001-09-10 09:00:00,2001,9,10,16421.430885499485,41.991390568917126,HOEP (Legacy)
2001-09-10 10:00:00,2001,9,11,17192.275938801777,73.18722081955602,HOEP (Legacy)
2001-09-10 11:00:00,2001,9,12,16055.61948410378,65.66437579103717,HOEP (Legacy)
2001-09-10 12:00:00,2001,9,13,16124.580254455526,66.67577705168117,HOEP (Legacy)
2001-09-10 13:00:00,2001,9,14,16066.553971300806,50.734340854617614,HOEP (Legacy)
2001-09-10 14:00:00,2001,9,15,15919.602676197132,50.18909515099086,HOEP (Legacy)
2001-09-10 15:00:00,2001,9,16,15821.110029637663,69.41761077745065,HOEP (Legacy)
2001-09-10 16:00:00,2001,9,17,15614.054935318387,53.89393949814274,HOEP (Legacy)
2001-09-10 17:00:00,2001,9,18,14988.380101281953,66.23785427691885,HOEP (Legacy)
2001-09-10 18:00:00,2001,9,19,14875.831130007995,41.09408001121993,HOEP (Legacy)
2001-09-10 19:00:00,2001,9,20,15019.451843974392,72.19466939514129,HOEP (Legacy)
2001-09-10 20:00:00,2001,9,21,13517.235046179178,41.93874383574103,HOEP (Legacy)
2001-09-10 21:00:00,2001,9,22,14061.933120744097,41.43192224184509,HOEP (Legacy)
2001-09-10 22:00:00,2001,9,23,14363.526526493362,39.92580235708293,HOEP (Legacy)
2001-09-10 23:00:00,2001,9,24,13829.803099011446,23.21634509990313,HOEP (Legacy)
2001-09-11 00:00:00,2001,9,1,14293.02668652585,86.60864814014882,HOEP (Legacy)
2001-09-11 01:00:00,2001,9,2,15640.04294700467,35.40497693129426,HOEP (Legacy)
2001-09-11 02:00:00,2001,9,3,15011.078294954086,48.53739409427488,HOEP (Legacy)
2001-09-11 03:00:00,2001,9,4,15198.618779054246,71.07036589371245,HOEP (Legacy)
2001-09-11 04:00:00,2001,9,5,15238.663988938408,36.216692751127496,HOEP (Legacy)
2001-09-11 05:00:00,2001,9,6,15844.96439428231,52.79816419585388,HOEP (Legacy)
2001-09-11 06:00:00,2001,9,7,15440.227640787516,39.96734860607365,HOEP (Legacy)
2001-09-11 07:00:00,2001,9,8,16003.324976761556,56.90355523784689,HOEP (Legacy)
2001-09-11 08:00:00,2001,9,9,16641.710950972207,16.954261709312604,HOEP (Legacy)
2001-09-11 09:00:00,2001,9,10,17096.86130918707,48.43754120409724,HOEP (Legacy)
2001-09-11 10:00:00,2001,9,11,17108.767132265817,49.080354548465415,HOEP (Legacy)
2001-09-11 11:00:00,2001,9,12,16329.34709918923,58.60115732903868,HOEP (Legacy)
2001-09-11 12:00:00,2001,9,13,16318.651201069486,70.69131624106289,HOEP (Legacy)
2001-09-11 13:00:00,2001,9,14,15900.030774937655,49.18452737030324,HOEP (Legacy)
2001-09-11 14:00:00,2001,9,15,15613.233546869737,54.987975583975796,HOEP (Legacy)
2001-09-11 15:00:00,2001,9,16,15544.583703156635,60.199034275922145,HOEP (Legacy)
2001-09-11 16:00:00,2001,9,17,15666.8254837671,70.36389407350524,HOEP (Legacy)
2001-09-11 17:00:00,2001,9,18,15471.66538205457,38.7177591408083,HOEP (Legacy)
2001-09-11 18:00:00,2001,9,19,14629.163419729553,48.42492765639454,HOEP (Legacy)
2001-09-11 19:00:00,2001,9,20,14171.217313415204,51.42185963316034,HOEP (Legacy)
2001-09-11 20:00:00,2001,9,21,14469.84495975833,54.687377430310235,HOEP (Legacy)
2001-09-11 21:00:00,2001,9,22,14408.348995488863,50.246684472089726,HOEP (Legacy)
2001-09-11 22:00:00,2001,9,23,13366.406825548936,26.906531118766225,HOEP (Legacy)
2001-09-11 23:00:00,2001,9,24,14092.888712847964,46.091903984206894,HOEP (Legacy)
2001-09-12 00:00:00,2001,9,1,14024.680202291791,53.066171289583956,HOEP (Legacy)
2001-09-12 01:00:00,2001,9,2,14814.495054238874,44.32559035925777,HOEP (Legacy)
2001-09-12 02:00:00,2001,9,3,15132.91907838798,64.22262996492242,HOEP (Legacy)
2001-09-12 03:00:00,2001,9,4,14670.434589915156,53.688034811581375,HOEP (Legacy)
2001-09-12 04:00:00,2001,9,5,15429.511525418147,55.649273573778714,HOEP (Legacy)
2001-09-12 05:00:00,2001,9,6,15530.470544761478,43.08316592172024,HOEP (Legacy)
2001-09-12 06:00:00,2001,9,7,16020.641214454234,49.07537151460632,HOEP (Legacy)
2001-09-12 07:00:00,2001,9,8,16203.785420341177,48.59186031076463,HOEP (Legacy)
2001-09-12 08:00:00,2001,9,9,16206.919575383929,52.28433922505279,HOEP (Legacy)
2001-09-12 09:00:00,2001,9,10,16314.164642567845,64.44245127442062,HOEP (Legacy)
2001-09-12 10:00:00,2001,9,11,15985.369824091542,47.364175847000105,HOEP (Legacy)
2001-09-12 11:00:00,2001,9,12,16031.010087150102,63.819088603568545,HOEP (Legacy)
2001-09-12 12:00:00,2001,9,13,15341.448271221168,41.373447153121084,HOEP (Legacy)
2001-09-12 13:00:00,2001,9,14,15930.749996025093,51.207332188666335,HOEP (Legacy)
2001-09-12 14:00:00,2001,9,15,15525.234890089403,35.88671510507204,HOEP (Legacy)
2001-09-12 15:00:00,2001,9,16,15012.46404191768,50.3791634066966,HOEP (Legacy)
2001-09-12 16:00:00,2001,9,17,15638.277525385804,33.53427928707308,HOEP (Legacy)
2001-09-12 17:00:00,2001,9,18,15571.822494223494,31.15064803341444,HOEP (Legacy)
2001-09-12 18:00:00,2001,9,19,14706.496483822462,38.414006866819015,HOEP (Legacy)
2001-09-12 19:00:00,2001,9,20,14862.23309951282,41.6109003162676,HOEP (Legacy)
2001-09-12 20:00:00,2001,9,21,13862.439635930969,38.85966898660218,HOEP (Legacy)
2001-09-12 21:00:00,2001,9,22,14270.145629240884,34.6700194562093,HOEP (Legacy)
2001-09-12 22:00:00,2001,9,23,13756.607155779484,36.98044217968819,HOEP (Legacy)
2001-09-12 23:00:00,2001,9,24,14444.534051428118,24.911811351483195,HOEP (Legacy)
2001-09-13 00:00:00,2001,9,1,14816.493522907034,43.113196690046735,HOEP (Legacy)
2001-09-13 01:00:00,2001,9,2,15322.046540858038,36.01757182080043,HOEP (Legacy)
2001-09-13 02:00:00,2001,9,3,14309.465686102587,40.038211067598766,HOEP (Legacy)
2001-09-13 03:00:00,2001,9,4,14487.315787231482,34.178452942242885,HOEP (Legacy)
2001-09-13 04:00:00,2001,9,5,14455.170842774241,41.23241783779021,HOEP (Legacy)
2001-09-13 05:00:00,2001,9,6,15110.07771161698,46.95320249328057,HOEP (Legacy)
2001-09-13 06:00:00,2001,9,7,15700.70854085094,36.630228485268276,HOEP (Legacy)
2001-09-13 07:00:00,2001,9,8,16169.924436426143,73.10838660024756,HOEP (Legacy)
2001-09-13 08:00:00,2001,9,9,16632.09638248092,69.24609309353033,HOEP (Legacy)
2001-09-13 09:00:00,2001,9,10,16669.549499374305,62.27393020125341,HOEP (Legacy)
2001-09-13 10:00:00,2001,9,11,16212.88450518372,37.175388948235216,HOEP (Legacy)
2001-09-13 11:00:00,2001,9,12,16595.928814243307,47.12272118869685,HOEP (Legacy)
2001-09-13 12:00:00,2001,9,13,16097.766308484943,73.37206672401686,HOEP (Legacy)
2001-09-13 13:00:00,2001,9,14,16306.496140191452,40.00948451407628,HOEP (Legacy)
2001-09-13 14:00:00,2001,9,15,15247.19310572332,42.45141722834451,HOEP (Legacy)
2001-09-13 15:00:00,2001,9,16,15645.881075289588,42.54526137704247,HOEP (Legacy)
2001-09-13 16:00:00,2001,9,17,15254.217462441398,41.1683011644006,HOEP (Legacy)
2001-09-13 17:00:00,2001,9,18,14898.485145111816,49.53520930421503,HOEP (Legacy)
2001-09-13 18:00:00,2001,9,19,14943.033258343503,43.72456130894899,HOEP (Legacy)
2001-09-13 19:00:00,2001,9,20,14175.256774999481,42.55834004130364,HOEP (Legacy)
2001-09-13 20:00:00,2001,9,21,14372.558531778523,43.37547984336144,HOEP (Legacy)
2001-09-13 21:00:00,2001,9,22,13648.636402107946,40.19719201291051,HOEP (Legacy)
2001-09-13 22:00:00,2001,9,23,13826.84441251933,45.363159973973154,HOEP (Legacy)
2001-09-13 23:00:00,2001,9,24,13929.552386445408,41.18413033478985,HOEP (Legacy)
2001-09-14 00:00:00,2001,9,1,14100.49807050622,45.8926754777844,HOEP (Legacy)
2001-09-14 01:00:00,2001,9,2,15239.482114443166,43.96935239811012,HOEP (Legacy)
2001-09-14 02:00:00,2001,9,3,15218.39911843347,40.59094544398605,HOEP (Legacy)
2001-09-14 03:00:00,2001,9,4,15379.744508440543,50.26655508517083,HOEP (Legacy)
2001-09-14 04:00:00,2001,9,5,15180.865962353422,45.18057650149936,HOEP (Legacy)
2001-09-14 05:00:00,2001,9,6,15453.442004440576,63.784056779731515,HOEP (Legacy)
2001-09-14 06:00:00,2001,9,7,15722.914435166893,48.2554269862927,HOEP (Legacy)
2001-09-14 07:00:00,2001,9,8,16294.948157715702,75.77744673480987,HOEP (Legacy)
2001-09-14 08:00:00,2001,9,9,15950.77035261927,57.926813999702034,HOEP (Legacy)
2001-09-14 09:00:00,2001,9,10,16634.677445018977,59.836980627852256,HOEP (Legacy)
2001-09-14 10:00:00,2001,9,11,17184.757271095958,76.13946847026175,HOEP (Legacy)
2001-09-14 11:00:00,2001,9,12,15960.171061832309,51.20705737637626,HOEP (Legacy)
2001-09-14 12:00:00,2001,9,13,15777.139789514622,50.3825005250758,HOEP (Legacy)
2001-09-14 13:00:00,2001,9,14,15525.276978526932,31.58855845917728,HOEP (Legacy)
2001-09-14 14:00:00,2001,9,15,15805.318574530238,51.68698922704195,HOEP (Legacy)
2001-09-14 15:00:00,2001,9,16,16112.029721104907,37.73545741426574,HOEP (Legacy)
2001-09-14 16:00:00,2001,9,17,15330.773184491363,44.86936858397654,HOEP (Legacy)
2001-09-14 17:00:00,2001,9,18,14897.940399796202,35.77770825401552,HOEP (Legacy)
2001-09-14 18:00:00,2001,9,19,14418.118435676917,28.203949645767462,HOEP (Legacy)
2001-09-14 19:00:00,2001,9,20,14951.525020263329,42.76577551781586,HOEP (Legacy)
2001-09-14 20:00:00,2001,9,21,14322.248305232244,37.01386031462755,HOEP (Legacy)
2001-09-14 21:00:00,2001,9,22,14107.821994175276,41.056299978055655,HOEP (Legacy)
2001-09-14 22:00:00,2001,9,23,13790.079196616643,54.32116228461189,HOEP (Legacy)
2001-09-14 23:00:00,2001,9,24,13732.971191445158,40.90727306826636,HOEP (Legacy)
2001-09-15 00:00:00,2001,9,1,14357.886715673905,54.14935134815802,HOEP (Legacy)
2001-09-15 01:00:00,2001,9,2,14050.128369560025,40.894508282486235,HOEP (Legacy)
2001-09-15 02:00:00,2001,9,3,14913.77552726723,40.84255535967969,HOEP (Legacy)
2001-09-15 03:00:00,2001,9,4,15027.674300608209,36.898186020617324,HOEP (Legacy)
2001-09-15 04:00:00,2001,9,5,15478.81363098342,36.601828621653695,HOEP (Legacy)
2001-09-15 05:00:00,2001,9,6,15785.562269342156,50.712257435338664,HOEP (Legacy)
2001-09-15 06:00:00,2001,9,7,16136.161541896428,58.9756595261013,HOEP (Legacy)
2001-09-15 07:00:00,2001,9,8,16162.15486344631,51.34047803830917,HOEP (Legacy)
2001-09-15 08:00:00,2001,9,9,16088.144825511063,50.291727903765135,HOEP (Legacy)
2001-09-15 09:00:00,2001,9,10,16674.06735430908,44.47642513394116,HOEP (Legacy)
2001-09-15 10:00:00,2001,9,11,16127.189508100319,57.82553312255321,HOEP (Legacy)
2001-09-15 11:00:00,2001,9,12,16737.019385622396,41.21795048939906,HOEP (Legacy)
2001-09-15 12:00:00,2001,9,13,16989.427320380048,48.607783240387306,HOEP (Legacy)
2001-09-15 13:00:00,2001,9,14,16429.44492055409,34.930507514689985,HOEP (Legacy)
2001-09-15 14:00:00,2001,9,15,15806.13998023121,48.62347056936759,HOEP (Legacy)
2001-09-15 15:00:00,2001,9,16,14693.225082734198,57.685342974653906,HOEP (Legacy)
2001-09-15 16:00:00,2001,9,17,15987.492942218334,47.82656326260073,HOEP (Legacy)
2001-09-15 17:00:00,2001,9,18,14436.146806247523,34.18958747759509,HOEP (Legacy)
2001-09-15 18:00:00,2001,9,19,14543.205606385813,43.91034736754136,HOEP (Legacy)
2001-09-15 19:00:00,2001,9,20,13939.220218311755,51.012224767955615,HOEP (Legacy)
2001-09-15 20:00:00,2001,9,21,13654.582125793215,17.857096646401043,HOEP (Legacy)
2001-09-15 21:00:00,2001,9,22,13895.047720343471,47.54895321894663,HOEP (Legacy)
2001-09-15 22:00:00,2001,9,23,13292.78846703931,45.096954279029376,HOEP (Legacy)
2001-09-15 23:00:00,2001,9,24,14757.73497771321,19.46632589056434,HOEP (Legacy)
2001-09-16 00:00:00,2001,9,1,14494.521479397403,59.08756810645982,HOEP (Legacy)
2001-09-16 01:00:00,2001,9,2,13993.803044749919,37.993747391232525,HOEP (Legacy)
2001-09-16 02:00:00,2001,9,3,14832.053982614747,25.227347629801542,HOEP (Legacy)
2001-09-16 03:00:00,2001,9,4,15048.270862696269,26.979602622039263,HOEP (Legacy)
2001-09-16 04:00:00,2001,9,5,15006.817808934718,41.7384000190238,HOEP (Legacy)
2001-09-16 05:00:00,2001,9,6,15957.495390424385,42.24962929639548,HOEP (Legacy)
2001-09-16 06:00:00,2001,9,7,15635.935190812708,27.603922163238444,HOEP (Legacy)
2001-09-16 07:00:00,2001,9,8,16191.984508472031,66.03847653016088,HOEP (Legacy)
2001-09-16 08:00:00,2001,9,9,15686.032569363904,56.0579779957575,HOEP (Legacy)
2001-09-16 09:00:00,2001,9,10,16746.065205768144,65.64243007214127,HOEP (Legacy)
2001-09-16 10:00:00,2001,9,11,15917.068860745807,62.80302046329213,HOEP (Legacy)
2001-09-16 11:00:00,2001,9,12,16463.03401326061,72.4094213015836,HOEP (Legacy)
2001-09-16 12:00:00,2001,9,13,15857.706987663109,50.94333297974681,HOEP (Legacy)
2001-09-16 13:00:00,2001,9,14,15971.042532773195,32.32618674656868,HOEP (Legacy)
2001-09-16 14:00:00,2001,9,15,16053.790396148366,65.71715537682829,HOEP (Legacy)
2001-09-16 15:00:00,2001,9,16,15000.037338605873,53.60912597631353,HOEP (Legacy)
2001-09-16 16:00:00,2001,9,17,15767.358960371308,61.522731573422504,HOEP (Legacy)
2001-09-16 17:00:00,2001,9,18,14700.589941364418,53.21155914629376,HOEP (Legacy)
2001-09-16 18:00:00,2001,9,19,15663.527028518107,51.5050875231966,HOEP (Legacy)
2001-09-16 19:00:00,2001,9,20,14281.809757932231,28.7255243695682,HOEP (Legacy)
2001-09-16 20:00:00,2001,9,21,13809.506453974771,24.952612691499994,HOEP (Legacy)
2001-09-16 21:00:00,2001,9,22,13774.93657887394,48.33781175175116,HOEP (Legacy)
2001-09-16 22:00:00,2001,9,23,14044.516369857221,19.33115410367909,HOEP (Legacy)
2001-09-16 23:00:00,2001,9,24,14605.420709467106,48.11840383452883,HOEP (Legacy)
2001-09-17 00:00:00,2001,9,1,13811.321042680462,46.39411628917274,HOEP (Legacy)
2001-09-17 01:00:00,2001,9,2,14440.772561932861,44.42342715790954,HOEP (Legacy)
2001-09-17 02:00:00,2001,9,3,14573.606590586152,30.659229563560093,HOEP (Legacy)
2001-09-17 03:00:00,2001,9,4,15528.871564443014,44.91853997645112,HOEP (Legacy)
2001-09-17 04:00:00,2001,9,5,14998.953816337287,67.54574794128189,HOEP (Legacy)
2001-09-17 05:00:00,2001,9,6,15580.800054450405,44.047568312290664,HOEP (Legacy)
2001-09-17 06:00:00,2001,9,7,15951.74610620976,51.865641257442604,HOEP (Legacy)
2001-09-17 07:00:00,2001,9,8,16505.143453840567,53.602376741122775,HOEP (Legacy)
2001-09-17 08:00:00,2001,9,9,15841.472565393095,55.54021338595953,HOEP (Legacy)
2001-09-17 09:00:00,2001,9,10,16349.499012375569,71.67000790655311,HOEP (Legacy)
2001-09-17 10:00:00,2001,9,11,16276.581950724536,54.58004859556818,HOEP (Legacy)
2001-09-17 11:00:00,2001,9,12,16231.614605440913,67.24837132373833,HOEP (Legacy)
2001-09-17 12:00:00,2001,9,13,16389.12541989421,24.358979428933097,HOEP (Legacy)
2001-09-17 13:00:00,2001,9,14,15475.097537880458,62.040819409882445,HOEP (Legacy)
2001-09-17 14:00:00,2001,9,15,16012.610407685519,68.09345323246261,HOEP (Legacy)
2001-09-17 15:00:00,2001,9,16,15839.049388137226,53.78953012038962,HOEP (Legacy)
2001-09-17 16:00:00,2001,9,17,15521.872029917617,56.51453849093994,HOEP (Legacy)
2001-09-17 17:00:00,2001,9,18,15271.723797464902,51.80506447646868,HOEP (Legacy)
2001-09-17 18:00:00,2001,9,19,14632.211661750487,44.04234063869879,HOEP (Legacy)
2001-09-17 19:00:00,2001,9,20,13452.381865699273,49.70123338718896,HOEP (Legacy)
2001-09-17 20:00:00,2001,9,21,14688.83774932197,47.52487125736516,HOEP (Legacy)
2001-09-17 21:00:00,2001,9,22,13829.120948573256,32.112967736976984,HOEP (Legacy)
2001-09-17 22:00:00,2001,9,23,13132.892516898139,42.34356405725285,HOEP (Legacy)
2001-09-17 23:00:00,2001,9,24,13712.38223511728,44.32680174787148,HOEP (Legacy)
2001-09-18 00:00:00,2001,9,1,13966.038991959162,57.94779386696818,HOEP (Legacy)
2001-09-18 01:00:00,2001,9,2,14555.340063437396,45.38645907157789,HOEP (Legacy)
2001-09-18 02:00:00,2001,9,3,14493.562093889204,29.67286464885077,HOEP (Legacy)
2001-09-18 03:00:00,2001,9,4,14459.620995677255,22.24379552860678,HOEP (Legacy)
2001-09-18 04:00:00,2001,9,5,15710.136094833835,59.1895022071278,HOEP (Legacy)
2001-09-18 05:00:00,2001,9,6,15415.657660166702,30.777415162609085,HOEP (Legacy)
2001-09-18 06:00:00,2001,9,7,15646.907769679317,58.178296998670106,HOEP (Legacy)
2001-09-18 07:00:00,2001,9,8,16727.685563109557,59.93883805886297,HOEP (Legacy)
2001-09-18 08:00:00,2001,9,9,16795.145022196913,77.22271271221587,HOEP (Legacy)
2001-09-18 09:00:00,2001,9,10,17404.807867494386,42.52546238661049,HOEP (Legacy)
2001-09-18 10:00:00,2001,9,11,16999.184212582848,64.39695912921246,HOEP (Legacy)
2001-09-18 11:00:00,2001,9,12,16500.636468880766,41.76390715264562,HOEP (Legacy)
2001-09-18 12:00:00,2001,9,13,16598.971554346874,61.53787964221262,HOEP (Legacy)
2001-09-18 13:00:00,2001,9,14,16119.939948116511,69.21588122789565,HOEP (Legacy)
2001-09-18 14:00:00,2001,9,15,16240.613902940013,59.78874271059931,HOEP (Legacy)
2001-09-18 15:00:00,2001,9,16,15916.37281891974,29.91206879332914,HOEP (Legacy)
2001-09-18 16:00:00,2001,9,17,15024.60065854921,68.91226018762987,HOEP (Legacy)
2001-09-18 17:00:00,2001,9,18,14947.604405367558,43.86104054875841,HOEP (Legacy)
2001-09-18 18:00:00,2001,9,19,14285.440856798352,41.32909450853505,HOEP (Legacy)
2001-09-18 19:00:00,2001,9,20,14490.208551442209,40.93953642147133,HOEP (Legacy)
2001-09-18 20:00:00,2001,9,21,14192.717693526205,29.37459960343738,HOEP (Legacy)
2001-09-18 21:00:00,2001,9,22,14164.89456106754,47.67279765672902,HOEP (Legacy)
2001-09-18 22:00:00,2001,9,23,14658.536804303787,23.005372658263955,HOEP (Legacy)
2001-09-18 23:00:00,2001,9,24,13729.173908295157,36.322210791151164,HOEP (Legacy)
2001-09-19 00:00:00,2001,9,1,14409.52828201241,55.98527309667814,HOEP (Legacy)
2001-09-19 01:00:00,2001,9,2,14531.26599809504,38.73045013297244,HOEP (Legacy)
2001-09-19 02:00:00,2001,9,3,14652.919043816637,56.69293828863803,HOEP (Legacy)
2001-09-19 03:00:00,2001,9,4,15217.437297100896,51.957425302769536,HOEP (Legacy)
2001-09-19 04:00:00,2001,9,5,15234.763229395614,40.23059911199677,HOEP (Legacy)
2001-09-19 05:00:00,2001,9,6,15431.586111728275,54.229529792347776,HOEP (Legacy)
2001-09-19 06:00:00,2001,9,7,15585.771595396156,48.41121699646892,HOEP (Legacy)
2001-09-19 07:00:00,2001,9,8,15854.789260315703,60.725685825359555,HOEP (Legacy)
2001-09-19 08:00:00,2001,9,9,16298.358028456205,59.31339237109226,HOEP (Legacy)
2001-09-19 09:00:00,2001,9,10,16435.362016109702,32.92632377749116,HOEP (Legacy)
2001-09-19 10:00:00,2001,9,11,16623.344942359763,69.63103046234008,HOEP (Legacy)
2001-09-19 11:00:00,2001,9,12,16348.935647928518,59.54448150278225,HOEP (Legacy)
2001-09-19 12:00:00,2001,9,13,16406.649026557792,59.83212506298366,HOEP (Legacy)
2001-09-19 13:00:00,2001,9,14,16407.556809038237,57.268572042096324,HOEP (Legacy)
2001-09-19 14:00:00,2001,9,15,16224.507236909765,43.10471503702843,HOEP (Legacy)
2001-09-19 15:00:00,2001,9,16,15549.738519459977,31.642097664063595,HOEP (Legacy)
2001-09-19 16:00:00,2001,9,17,14792.641617398669,36.19652874478946,HOEP (Legacy)
2001-09-19 17:00:00,2001,9,18,14830.653855614008,24.65275912342264,HOEP (Legacy)
2001-09-19 18:00:00,2001,9,19,14051.335721469879,17.150049252688596,HOEP (Legacy)
2001-09-19 19:00:00,2001,9,20,13819.412919130145,41.53167608286572,HOEP (Legacy)
2001-09-19 20:00:00,2001,9,21,14903.961634745761,58.044471894276356,HOEP (Legacy)
2001-09-19 21:00:00,2001,9,22,14105.664217406236,29.170993807172607,HOEP (Legacy)
2001-09-19 22:00:00,2001,9,23,14144.709157557527,38.82844566782448,HOEP (Legacy)
2001-09-19 23:00:00,2001,9,24,14345.427786483766,36.262810764782465,HOEP (Legacy)
2001-09-20 00:00:00,2001,9,1,14324.62095032543,40.98340611314146,HOEP (Legacy)
2001-09-20 01:00:00,2001,9,2,13726.17358092629,26.096754617302096,HOEP (Legacy)
2001-09-20 02:00:00,2001,9,3,14277.151340178283,51.77288422448804,HOEP (Legacy)
2001-09-20 03:00:00,2001,9,4,15159.123127781999,41.94820412125921,HOEP (Legacy)
2001-09-20 04:00:00,2001,9,5,15839.68270836164,52.31248056453637,HOEP (Legacy)
2001-09-20 05:00:00,2001,9,6,15105.27141728101,54.474580643132136,HOEP (Legacy)
2001-09-20 06:00:00,2001,9,7,15783.367712678923,59.16376602936262,HOEP (Legacy)
2001-09-20 07:00:00,2001,9,8,15869.274321398403,59.89357224766486,HOEP (Legacy)
2001-09-20 08:00:00,2001,9,9,16718.788885088838,50.149582946984836,HOEP (Legacy)
2001-09-20 09:00:00,2001,9,10,16161.30113461119,61.27838975549421,HOEP (Legacy)
2001-09-20 10:00:00,2001,9,11,16576.64586887325,59.04384062354052,HOEP (Legacy)
2001-09-20 11:00:00,2001,9,12,17151.635358281914,52.575244736022164,HOEP (Legacy)
2001-09-20 12:00:00,2001,9,13,15694.585539615393,42.964160588901606,HOEP (Legacy)
2001-09-20 13:00:00,2001,9,14,16211.319399062171,42.74460795796682,HOEP (Legacy)
2001-09-20 14:00:00,2001,9,15,15896.372263487185,47.65665746824917,HOEP (Legacy)
2001-09-20 15:00:00,2001,9,16,16447.93000494451,45.45624054655181,HOEP (Legacy)
2001-09-20 16:00:00,2001,9,17,15183.636885713697,59.5239867859649,HOEP (Legacy)
2001-09-20 17:00:00,2001,9,18,15381.809831099607,48.3990276677744,HOEP (Legacy)
2001-09-20 18:00:00,2001,9,19,14174.350037500644,33.29118645257663,HOEP (Legacy)
2001-09-20 19:00:00,2001,9,20,13995.239307766697,38.85865231257688,HOEP (Legacy)
2001-09-20 20:00:00,2001,9,21,14874.094935988245,37.76458432658524,HOEP (Legacy)
2001-09-20 21:00:00,2001,9,22,13749.066626123886,27.08812393582903,HOEP (Legacy)
2001-09-20 22:00:00,2001,9,23,14032.767234179006,48.89621490397475,HOEP (Legacy)
2001-09-20 23:00:00,2001,9,24,14125.21868595875,55.352189130514546,HOEP (Legacy)
2001-09-21 00:00:00,2001,9,1,14002.254144264964,5.304507747131403,HOEP (Legacy)
2001-09-21 01:00:00,2001,9,2,14406.005828101588,32.6353296233282,HOEP (Legacy)
2001-09-21 02:00:00,2001,9,3,15356.630056210044,56.058659019004565,HOEP (Legacy)
2001-09-21 03:00:00,2001,9,4,14685.547267202322,33.51258592020101,HOEP (Legacy)
2001-09-21 04:00:00,2001,9,5,15345.363636364582,24.6909756551181,HOEP (Legacy)
2001-09-21 05:00:00,2001,9,6,15440.390746584028,65.08446622222836,HOEP (Legacy)
2001-09-21 06:00:00,2001,9,7,16377.278145518556,63.42567102239562,HOEP (Legacy)
2001-09-21 07:00:00,2001,9,8,16437.725773822312,51.46600510245222,HOEP (Legacy)
2001-09-21 08:00:00,2001,9,9,15950.880469843254,54.66004554572446,HOEP (Legacy)
2001-09-21 09:00:00,2001,9,10,16117.922645117624,72.9888024271299,HOEP (Legacy)
2001-09-21 10:00:00,2001,9,11,15728.845724320072,57.17731195166656,HOEP (Legacy)
2001-09-21 11:00:00,2001,9,12,16924.385559978185,62.80505702204299,HOEP (Legacy)
2001-09-21 12:00:00,2001,9,13,16248.188089801377,48.900232111139324,HOEP (Legacy)
2001-09-21 13:00:00,2001,9,14,16065.997278211775,18.325142743322864,HOEP (Legacy)
2001-09-21 14:00:00,2001,9,15,15644.696078288509,40.52229295251742,HOEP (Legacy)
2001-09-21 15:00:00,2001,9,16,16064.005272530083,43.55662649910626,HOEP (Legacy)
2001-09-21 16:00:00,2001,9,17,14967.134200016026,57.22811346404668,HOEP (Legacy)
2001-09-21 17:00:00,2001,9,18,15361.636195785535,40.62642365788295,HOEP (Legacy)
2001-09-21 18:00:00,2001,9,19,15149.807737994995,61.50193965763993,HOEP (Legacy)
2001-09-21 19:00:00,2001,9,20,14284.858138816027,50.667524419940804,HOEP (Legacy)
2001-09-21 20:00:00,2001,9,21,14083.030796680894,56.04782284899255,HOEP (Legacy)
2001-09-21 21:00:00,2001,9,22,14045.527488999936,40.3979252495738,HOEP (Legacy)
2001-09-21 22:00:00,2001,9,23,14066.274154127246,41.99447302626036,HOEP (Legacy)
2001-09-21 23:00:00,2001,9,24,14487.652780244887,47.54536342032728,HOEP (Legacy)
2001-09-22 00:00:00,2001,9,1,14358.969669088383,21.8540536511474,HOEP (Legacy)
2001-09-22 01:00:00,2001,9,2,14363.083526319211,62.1177001566448,HOEP (Legacy)
2001-09-22 02:00:00,2001,9,3,14438.435858024075,48.355291435362524,HOEP (Legacy)
2001-09-22 03:00:00,2001,9,4,14410.205392344506,22.4500563279785,HOEP (Legacy)
2001-09-22 04:00:00,2001,9,5,15085.971840454122,17.912245240244204,HOEP (Legacy)
2001-09-22 05:00:00,2001,9,6,14886.946755372257,36.67755318368768,HOEP (Legacy)
2001-09-22 06:00:00,2001,9,7,15029.257002008022,40.52046523251626,HOEP (Legacy)
2001-09-22 07:00:00,2001,9,8,15922.973684323864,57.28278918081925,HOEP (Legacy)
2001-09-22 08:00:00,2001,9,9,16167.327868111897,67.08422812290895,HOEP (Legacy)
2001-09-22 09:00:00,2001,9,10,16917.346854285595,57.61605944462226,HOEP (Legacy)
2001-09-22 10:00:00,2001,9,11,16511.1278963834,45.01308103618041,HOEP (Legacy)
2001-09-22 11:00:00,2001,9,12,16641.18341345822,37.87364809295815,HOEP (Legacy)
2001-09-22 12:00:00,2001,9,13,16594.041598995846,85.1673370390594,HOEP (Legacy)
2001-09-22 13:00:00,2001,9,14,16010.374927947674,71.85824960865459,HOEP (Legacy)
2001-09-22 14:00:00,2001,9,15,15628.3600778922,48.64632787378729,HOEP (Legacy)
2001-09-22 15:00:00,2001,9,16,15475.791549791336,43.74527072317136,HOEP (Legacy)
2001-09-22 16:00:00,2001,9,17,14867.076119183172,69.32472164863961,HOEP (Legacy)
2001-09-22 17:00:00,2001,9,18,15249.994076796176,50.586938281933826,HOEP (Legacy)
2001-09-22 18:00:00,2001,9,19,14436.606137309074,57.46942283500693,HOEP (Legacy)
2001-09-22 19:00:00,2001,9,20,14618.24520205133,46.87270199134129,HOEP (Legacy)
2001-09-22 20:00:00,2001,9,21,13071.764171811003,42.77620346701828,HOEP (Legacy)
2001-09-22 21:00:00,2001,9,22,13766.130817019744,32.20948766532524,HOEP (Legacy)
2001-09-22 22:00:00,2001,9,23,13815.047874398393,24.421960624926697,HOEP (Legacy)
2001-09-22 23:00:00,2001,9,24,13908.452983993238,39.9493646988224,HOEP (Legacy)
2001-09-23 00:00:00,2001,9,1,14144.315181771792,60.38954077791888,HOEP (Legacy)
2001-09-23 01:00:00,2001,9,2,14532.536994519838,29.906586517027876,HOEP (Legacy)
2001-09-23 02:00:00,2001,9,3,14434.096807816783,30.416993057725303,HOEP (Legacy)
2001-09-23 03:00:00,2001,9,4,14474.899073609684,32.66807484626474,HOEP (Legacy)
2001-09-23 04:00:00,2001,9,5,15363.398276254738,58.03286021215568,HOEP (Legacy)
2001-09-23 05:00:00,2001,9,6,16305.140475701797,51.244944014878044,HOEP (Legacy)
2001-09-23 06:00:00,2001,9,7,15428.147388679095,47.40598144133372,HOEP (Legacy)
2001-09-23 07:00:00,2001,9,8,15696.865340120847,54.442691004869886,HOEP (Legacy)
2001-09-23 08:00:00,2001,9,9,15109.003085407881,28.116967758796452,HOEP (Legacy)
2001-09-23 09:00:00,2001,9,10,16795.403262975673,44.68461484288227,HOEP (Legacy)
2001-09-23 10:00:00,2001,9,11,16139.36903597141,61.027912464141465,HOEP (Legacy)
2001-09-23 11:00:00,2001,9,12,17287.061351597033,83.36687245947,HOEP (Legacy)
2001-09-23 12:00:00,2001,9,13,16305.418723414467,47.04384769960741,HOEP (Legacy)
2001-09-23 13:00:00,2001,9,14,16069.223212777197,52.96177137034102,HOEP (Legacy)
2001-09-23 14:00:00,2001,9,15,14860.419017475906,19.271646751081114,HOEP (Legacy)
2001-09-23 15:00:00,2001,9,16,15599.834570362684,48.056200475826216,HOEP (Legacy)
2001-09-23 16:00:00,2001,9,17,15581.704154294179,56.16184043099304,HOEP (Legacy)
2001-09-23 17:00:00,2001,9,18,13829.856829994858,46.94198260135124,HOEP (Legacy)
2001-09-23 18:00:00,2001,9,19,14924.06961637328,37.374831847741426,HOEP (Legacy)
2001-09-23 19:00:00,2001,9,20,14705.770360338249,46.889259645016615,HOEP (Legacy)
2001-09-23 20:00:00,2001,9,21,14226.608006290786,17.87650046362021,HOEP (Legacy)
2001-09-23 21:00:00,2001,9,22,14543.27465099057,47.85014405289325,HOEP (Legacy)
2001-09-23 22:00:00,2001,9,23,13679.865506653363,38.838739305278175,HOEP (Legacy)
2001-09-23 23:00:00,2001,9,24,13595.326123007542,31.197970618445908,HOEP (Legacy)
2001-09-24 00:00:00,2001,9,1,14216.572756898004,69.3303067021779,HOEP (Legacy)
2001-09-24 01:00:00,2001,9,2,14827.82058820767,47.90850932801597,HOEP (Legacy)
2001-09-24 02:00:00,2001,9,3,14475.495217803478,29.46991750621418,HOEP (Legacy)
2001-09-24 03:00:00,2001,9,4,14285.400548799451,64.17263586099783,HOEP (Legacy)
2001-09-24 04:00:00,2001,9,5,15676.884256121519,52.535781596685474,HOEP (Legacy)
2001-09-24 05:00:00,2001,9,6,15503.461472968116,37.11694573455725,HOEP (Legacy)
2001-09-24 06:00:00,2001,9,7,15524.479842588133,37.725474961689855,HOEP (Legacy)
2001-09-24 07:00:00,2001,9,8,16464.78349914578,36.03593417837719,HOEP (Legacy)
2001-09-24 08:00:00,2001,9,9,16774.873990475116,57.65655838080479,HOEP (Legacy)
2001-09-24 09:00:00,2001,9,10,16977.961951023517,68.45211909102701,HOEP (Legacy)
2001-09-24 10:00:00,2001,9,11,16921.404955443923,59.62770363436705,HOEP (Legacy)
2001-09-24 11:00:00,2001,9,12,16200.354536143797,26.91299236690424,HOEP (Legacy)
2001-09-24 12:00:00,2001,9,13,16599.287479214003,76.62400015287315,HOEP (Legacy)
2001-09-24 13:00:00,2001,9,14,15867.767581800268,64.7674635521211,HOEP (Legacy)
2001-09-24 14:00:00,2001,9,15,15824.25268297501,71.29777701948458,HOEP (Legacy)
2001-09-24 15:00:00,2001,9,16,15563.489330804203,35.3639408707375,HOEP (Legacy)
2001-09-24 16:00:00,2001,9,17,16014.922416381974,79.56552152523031,HOEP (Legacy)
2001-09-24 17:00:00,2001,9,18,15599.63353436258,34.243545673458186,HOEP (Legacy)
2001-09-24 18:00:00,2001,9,19,13896.273351432726,22.281515057242224,HOEP (Legacy)
2001-09-24 19:00:00,2001,9,20,14320.260365077578,34.9124174310237,HOEP (Legacy)
2001-09-24 20:00:00,2001,9,21,13884.982168377632,16.954052259368243,HOEP (Legacy)
2001-09-24 21:00:00,2001,9,22,14109.114951639443,52.38844828621191,HOEP (Legacy)
2001-09-24 22:00:00,2001,9,23,14392.822323487771,58.72745153992911,HOEP (Legacy)
2001-09-24 23:00:00,2001,9,24,13964.682033050418,36.35487263998937,HOEP (Legacy)
2001-09-25 00:00:00,2001,9,1,14146.12952806096,17.778867397224396,HOEP (Legacy)
2001-09-25 01:00:00,2001,9,2,14173.168299671568,36.409534201746126,HOEP (Legacy)
2001-09-25 02:00:00,2001,9,3,14875.739037362566,58.31475131102056,HOEP (Legacy)
2001-09-25 03:00:00,2001,9,4,14940.540604323762,53.71433510625849,HOEP (Legacy)
2001-09-25 04:00:00,2001,9,5,15958.53021001837,49.933405596604416,HOEP (Legacy)
2001-09-25 05:00:00,2001,9,6,15619.008483868463,28.729612620077685,HOEP (Legacy)
2001-09-25 06:00:00,2001,9,7,15693.931457896328,44.73846753462658,HOEP (Legacy)
2001-09-25 07:00:00,2001,9,8,15742.762756355258,45.7581573384204,HOEP (Legacy)
2001-09-25 08:00:00,2001,9,9,16534.55808086321,55.99945369575061,HOEP (Legacy)
2001-09-25 09:00:00,2001,9,10,16204.707686802067,78.86460323701579,HOEP (Legacy)
2001-09-25 10:00:00,2001,9,11,16260.580443522584,49.34341736536189,HOEP (Legacy)
2001-09-25 11:00:00,2001,9,12,16779.324490667543,60.22005778568264,HOEP (Legacy)
2001-09-25 12:00:00,2001,9,13,16615.549577005106,58.50770040188177,HOEP (Legacy)
2001-09-25 13:00:00,2001,9,14,16815.969920075164,42.670616592409665,HOEP (Legacy)
2001-09-25 14:00:00,2001,9,15,15937.505134792076,59.487979145349534,HOEP (Legacy)
2001-09-25 15:00:00,2001,9,16,15075.78595005994,25.56934519231743,HOEP (Legacy)
2001-09-25 16:00:00,2001,9,17,15425.045935116363,28.51460369486791,HOEP (Legacy)
2001-09-25 17:00:00,2001,9,18,14464.210788361112,36.48828139095822,HOEP (Legacy)
2001-09-25 18:00:00,2001,9,19,15050.264019259615,37.56871809313148,HOEP (Legacy)
2001-09-25 19:00:00,2001,9,20,14260.058844995152,83.1466709947606,HOEP (Legacy)
2001-09-25 20:00:00,2001,9,21,14132.727588023477,45.51749822605073,HOEP (Legacy)
2001-09-25 21:00:00,2001,9,22,13925.825025057287,55.23049103284937,HOEP (Legacy)
2001-09-25 22:00:00,2001,9,23,14254.790272533211,50.67258648411158,HOEP (Legacy)
2001-09-25 23:00:00,2001,9,24,14310.998301924965,34.257936258657494,HOEP (Legacy)
2001-09-26 00:00:00,2001,9,1,13648.100313369021,29.415430903374187,HOEP (Legacy)
2001-09-26 01:00:00,2001,9,2,15015.965922881092,59.28097711939305,HOEP (Legacy)
2001-09-26 02:00:00,2001,9,3,15206.322195434166,35.731504538321275,HOEP (Legacy)
2001-09-26 03:00:00,2001,9,4,15243.91194659162,47.93239672077331,HOEP (Legacy)
2001-09-26 04:00:00,2001,9,5,15118.304633959264,47.44161813239632,HOEP (Legacy)
2001-09-26 05:00:00,2001,9,6,15671.516039176675,49.411285187679105,HOEP (Legacy)
2001-09-26 06:00:00,2001,9,7,15433.986190819453,59.14015322296581,HOEP (Legacy)
2001-09-26 07:00:00,2001,9,8,14887.831248378508,47.60157211380768,HOEP (Legacy)
2001-09-26 08:00:00,2001,9,9,16433.542538831032,39.29395591902018,HOEP (Legacy)
2001-09-26 09:00:00,2001,9,10,16005.774774799336,53.99903130175814,HOEP (Legacy)
2001-09-26 10:00:00,2001,9,11,16307.509726617174,63.17474259047847,HOEP (Legacy)
2001-09-26 11:00:00,2001,9,12,15593.779758822035,41.313023963072354,HOEP (Legacy)
2001-09-26 12:00:00,2001,9,13,16060.852091018038,56.14073890106464,HOEP (Legacy)
2001-09-26 13:00:00,2001,9,14,16369.12812662384,63.75403729546811,HOEP (Legacy)
2001-09-26 14:00:00,2001,9,15,16635.362012589834,66.26448071975179,HOEP (Legacy)
2001-09-26 15:00:00,2001,9,16,15799.978614037123,43.151389151104446,HOEP (Legacy)
2001-09-26 16:00:00,2001,9,17,14934.990533386444,29.135511333016893,HOEP (Legacy)
2001-09-26 17:00:00,2001,9,18,14737.26332995463,51.113838862353006,HOEP (Legacy)
2001-09-26 18:00:00,2001,9,19,14776.864422674476,21.420095622766013,HOEP (Legacy)
2001-09-26 19:00:00,2001,9,20,13876.401452037833,53.795119517196966,HOEP (Legacy)
2001-09-26 20:00:00,2001,9,21,13902.392467012069,44.72452979098614,HOEP (Legacy)
2001-09-26 21:00:00,2001,9,22,14263.684709572535,48.59923420551549,HOEP (Legacy)
2001-09-26 22:00:00,2001,9,23,14251.01776546295,27.846013634909646,HOEP (Legacy)
2001-09-26 23:00:00,2001,9,24,14445.725962698483,40.46472315100741,HOEP (Legacy)
2001-09-27 00:00:00,2001,9,1,14257.510487156493,42.978535290261426,HOEP (Legacy)
2001-09-27 01:00:00,2001,9,2,14867.85675664044,28.182086886621498,HOEP (Legacy)
2001-09-27 02:00:00,2001,9,3,14710.357888137925,54.45636298083856,HOEP (Legacy)
2001-09-27 03:00:00,2001,9,4,14617.093681378323,24.824906414511414,HOEP (Legacy)
2001-09-27 04:00:00,2001,9,5,15321.11035754654,42.907665034770865,HOEP (Legacy)
2001-09-27 05:00:00,2001,9,6,15846.237136408776,50.169188908394766,HOEP (Legacy)
2001-09-27 06:00:00,2001,9,7,15827.81478584077,67.69203192729947,HOEP (Legacy)
2001-09-27 07:00:00,2001,9,8,15711.649564794188,51.18940223895916,HOEP (Legacy)
2001-09-27 08:00:00,2001,9,9,16207.749096466321,48.492159723253465,HOEP (Legacy)
2001-09-27 09:00:00,2001,9,10,16587.324701045094,64.53426814371143,HOEP (Legacy)
2001-09-27 10:00:00,2001,9,11,16750.85687951237,57.34952555544471,HOEP (Legacy)
2001-09-27 11:00:00,2001,9,12,15925.758918824953,45.3731207884316,HOEP (Legacy)
2001-09-27 12:00:00,2001,9,13,15874.644566275245,65.1026198139066,HOEP (Legacy)
2001-09-27 13:00:00,2001,9,14,16619.93182136187,72.31687580842308,HOEP (Legacy)
2001-09-27 14:00:00,2001,9,15,15332.1639286678,56.07706663748307,HOEP (Legacy)
2001-09-27 15:00:00,2001,9,16,16232.20532128733,39.86133994846952,HOEP (Legacy)
2001-09-27 16:00:00,2001,9,17,15203.904661728722,25.792979373570077,HOEP (Legacy)
2001-09-27 17:00:00,2001,9,18,15606.255203842347,63.744913763029835,HOEP (Legacy)
2001-09-27 18:00:00,2001,9,19,14642.361724865925,55.64625856002037,HOEP (Legacy)
2001-09-27 19:00:00,2001,9,20,14567.536902603611,42.05199616196904,HOEP (Legacy)
2001-09-27 20:00:00,2001,9,21,13901.42778151428,35.12318738810968,HOEP (Legacy)
2001-09-27 21:00:00,2001,9,22,14528.29243305983,37.20937170749346,HOEP (Legacy)
2001-09-27 22:00:00,2001,9,23,15068.510820758273,36.63081347259362,HOEP (Legacy)
2001-09-27 23:00:00,2001,9,24,14641.139561359967,49.907055573822134,HOEP (Legacy)
2001-09-28 00:00:00,2001,9,1,13601.531863551987,52.239530725983684,HOEP (Legacy)
2001-09-28 01:00:00,2001,9,2,13814.118439860804,48.32809319011277,HOEP (Legacy)
2001-09-28 02:00:00,2001,9,3,15483.325833648294,46.34125953002666,HOEP (Legacy)
2001-09-28 03:00:00,2001,9,4,15009.692531943134,32.71938365373717,HOEP (Legacy)
2001-09-28 04:00:00,2001,9,5,16324.952698656747,56.372042071954624,HOEP (Legacy)
2001-09-28 05:00:00,2001,9,6,15538.924354485533,45.0600152432409,HOEP (Legacy)
2001-09-28 06:00:00,2001,9,7,16325.088999279742,48.46773651511902,HOEP (Legacy)
2001-09-28 07:00:00,2001,9,8,15896.717084467682,43.26592314683603,HOEP (Legacy)
2001-09-28 08:00:00,2001,9,9,16000.063459785173,40.35701967962174,HOEP (Legacy)
2001-09-28 09:00:00,2001,9,10,17155.419672902877,38.1072845247336,HOEP (Legacy)
2001-09-28 10:00:00,2001,9,11,16596.439884739244,65.79911224150155,HOEP (Legacy)
2001-09-28 11:00:00,2001,9,12,15630.80023940943,24.891015123555892,HOEP (Legacy)
2001-09-28 12:00:00,2001,9,13,16376.850053489197,48.80029025636473,HOEP (Legacy)
2001-09-28 13:00:00,2001,9,14,15928.082988923725,78.86325327379225,HOEP (Legacy)
2001-09-28 14:00:00,2001,9,15,16055.916385164237,52.74272918008334,HOEP (Legacy)
2001-09-28 15:00:00,2001,9,16,15537.674153736127,66.34263128539143,HOEP (Legacy)
2001-09-28 16:00:00,2001,9,17,14754.050900545648,53.456782940538,HOEP (Legacy)
2001-09-28 17:00:00,2001,9,18,14611.646495548095,57.95227832823426,HOEP (Legacy)
2001-09-28 18:00:00,2001,9,19,15315.219490255091,39.78377356700038,HOEP (Legacy)
2001-09-28 19:00:00,2001,9,20,14641.655678297177,37.17369907737354,HOEP (Legacy)
2001-09-28 20:00:00,2001,9,21,14294.856513652889,52.087116861719856,HOEP (Legacy)
2001-09-28 21:00:00,2001,9,22,14159.18585385013,39.769708416152476,HOEP (Legacy)
2001-09-28 22:00:00,2001,9,23,13821.869646171279,38.86534502527263,HOEP (Legacy)
2001-09-28 23:00:00,2001,9,24,13827.644977586331,41.2784633271324,HOEP (Legacy)
2001-09-29 00:00:00,2001,9,1,14845.523853977558,49.80868331529905,HOEP (Legacy)
2001-09-29 01:00:00,2001,9,2,14452.561564856649,42.903896765409065,HOEP (Legacy)
2001-09-29 02:00:00,2001,9,3,14658.74615857092,21.184517180305054,HOEP (Legacy)
2001-09-29 03:00:00,2001,9,4,15536.557841669253,68.90366207827792,HOEP (Legacy)
2001-09-29 04:00:00,2001,9,5,15513.240264750519,35.294354100087915,HOEP (Legacy)
2001-09-29 05:00:00,2001,9,6,15457.488482704544,51.86897885441432,HOEP (Legacy)
2001-09-29 06:00:00,2001,9,7,15294.377966621374,57.00057575671862,HOEP (Legacy)
2001-09-29 07:00:00,2001,9,8,16146.514682983778,57.4369352228954,HOEP (Legacy)
2001-09-29 08:00:00,2001,9,9,16835.571972267186,77.32813585206392,HOEP (Legacy)
2001-09-29 09:00:00,2001,9,10,16377.724099301813,52.05859168870103,HOEP (Legacy)
2001-09-29 10:00:00,2001,9,11,16000.576104299806,55.53113603211316,HOEP (Legacy)
2001-09-29 11:00:00,2001,9,12,16180.54548794584,54.22226198082092,HOEP (Legacy)
2001-09-29 12:00:00,2001,9,13,16721.993287501242,67.16825493062026,HOEP (Legacy)
2001-09-29 13:00:00,2001,9,14,15484.64802479963,52.22849727778875,HOEP (Legacy)
2001-09-29 14:00:00,2001,9,15,16252.976309204576,63.22572398631313,HOEP (Legacy)
2001-09-29 15:00:00,2001,9,16,15778.814324754334,48.8469439049612,HOEP (Legacy)
2001-09-29 16:00:00,2001,9,17,14559.243750505619,66.72432506690231,HOEP (Legacy)
2001-09-29 17:00:00,2001,9,18,14903.159303175744,49.57859556586438,HOEP (Legacy)
2001-09-29 18:00:00,2001,9,19,14826.22119929122,46.98914011120481,HOEP (Legacy)
2001-09-29 19:00:00,2001,9,20,14071.937869328576,31.484334408242,HOEP (Legacy)
2001-09-29 20:00:00,2001,9,21,14579.252928809477,41.912181410091904,HOEP (Legacy)
2001-09-29 21:00:00,2001,9,22,14079.038202217105,30.599414305264915,HOEP (Legacy)
2001-09-29 22:00:00,2001,9,23,14065.07670219087,44.125940392151485,HOEP (Legacy)
2001-09-29 23:00:00,2001,9,24,13778.281232181293,36.15731232419293,HOEP (Legacy)
2001-09-30 00:00:00,2001,9,1,14282.19701108863,25.143101127031763,HOEP (Legacy)
2001-09-30 01:00:00,2001,9,2,13873.024222424321,50.98079022470315,HOEP (Legacy)
2001-09-30 02:00:00,2001,9,3,13930.184880105651,33.907902705535314,HOEP (Legacy)
2001-09-30 03:00:00,2001,9,4,14719.85657140329,36.98767810912992,HOEP (Legacy)
2001-09-30 04:00:00,2001,9,5,15347.041983618743,65.96350551856808,HOEP (Legacy)
2001-09-30 05:00:00,2001,9,6,15492.286664805686,38.356869791518896,HOEP (Legacy)
2001-09-30 06:00:00,2001,9,7,15680.089911707117,42.584863426868964,HOEP (Legacy)
2001-09-30 07:00:00,2001,9,8,16213.503550976686,53.91383745534057,HOEP (Legacy)
2001-09-30 08:00:00,2001,9,9,15665.11040381161,61.85505264466152,HOEP (Legacy)
2001-09-30 09:00:00,2001,9,10,16537.90632653978,40.58886326094642,HOEP (Legacy)
2001-09-30 10:00:00,2001,9,11,16875.132087397003,61.711293074787044,HOEP (Legacy)
2001-09-30 11:00:00,2001,9,12,16964.319918224155,56.736717810586605,HOEP (Legacy)
2001-09-30 12:00:00,2001,9,13,16545.029474296087,39.79432792238911,HOEP (Legacy)
2001-09-30 13:00:00,2001,9,14,16308.629658754051,52.97777748205463,HOEP (Legacy)
2001-09-30 14:00:00,2001,9,15,15736.41207044581,47.31062505286613,HOEP (Legacy)
2001-09-30 15:00:00,2001,9,16,15783.55741489644,44.04771413463482,HOEP (Legacy)
2001-09-30 16:00:00,2001,9,17,15559.402847012956,43.70259285069544,HOEP (Legacy)
2001-09-30 17:00:00,2001,9,18,14682.393209208325,50.231602666494354,HOEP (Legacy)
2001-09-30 18:00:00,2001,9,19,15119.041212604297,37.787478717754745,HOEP (Legacy)
2001-09-30 19:00:00,2001,9,20,14471.07240837771,43.992411861261715,HOEP (Legacy)
2001-09-30 20:00:00,2001,9,21,14016.880594312403,36.94519931668512,HOEP (Legacy)
2001-09-30 21:00:00,2001,9,22,14667.313894248286,54.93614771556022,HOEP (Legacy)
2001-09-30 22:00:00,2001,9,23,14192.247712851558,42.29644630218655,HOEP (Legacy)
2001-09-30 23:00:00,2001,9,24,14018.462804087814,36.40797128878835,HOEP (Legacy)
2001-10-01 00:00:00,2001,10,1,13053.14393766519,23.79069864548949,HOEP (Legacy)
2001-10-01 01:00:00,2001,10,2,13059.94707513383,30.236867722645066,HOEP (Legacy)
2001-10-01 02:00:00,2001,10,3,13185.483762134858,39.45902791886783,HOEP (Legacy)
2001-10-01 03:00:00,2001,10,4,13643.674776238217,44.14110489605355,HOEP (Legacy)
2001-10-01 04:00:00,2001,10,5,14617.254597193338,59.750427828743256,HOEP (Legacy)
2001-10-01 05:00:00,2001,10,6,14754.12605514312,18.96780560018592,HOEP (Legacy)
2001-10-01 06:00:00,2001,10,7,14388.042377081014,48.6860305588523,HOEP (Legacy)
2001-10-01 07:00:00,2001,10,8,14814.931059147768,57.11218308361184,HOEP (Legacy)
2001-10-01 08:00:00,2001,10,9,15113.802607223575,51.476661198807484,HOEP (Legacy)
2001-10-01 09:00:00,2001,10,10,15785.14984330121,81.85707991238853,HOEP (Legacy)
2001-10-01 10:00:00,2001,10,11,14653.521379972484,49.20394041450038,HOEP (Legacy)
2001-10-01 11:00:00,2001,10,12,14963.21437124679,44.300019639041864,HOEP (Legacy)
2001-10-01 12:00:00,2001,10,13,14802.708811588478,56.692205264820146,HOEP (Legacy)
2001-10-01 13:00:00,2001,10,14,15544.120620734902,62.47817651832413,HOEP (Legacy)
2001-10-01 14:00:00,2001,10,15,14773.356843888254,26.28411005095235,HOEP (Legacy)
2001-10-01 15:00:00,2001,10,16,14822.190058346987,48.56201064297413,HOEP (Legacy)
2001-10-01 16:00:00,2001,10,17,13434.17401030283,35.7590662807752,HOEP (Legacy)
2001-10-01 17:00:00,2001,10,18,13329.318405395103,38.10378647229046,HOEP (Legacy)
2001-10-01 18:00:00,2001,10,19,13754.82845902349,47.306535410452796,HOEP (Legacy)
2001-10-01 19:00:00,2001,10,20,12659.865067240129,47.22486352817319,HOEP (Legacy)
2001-10-01 20:00:00,2001,10,21,13446.345614990738,47.47313881253233,HOEP (Legacy)
2001-10-01 21:00:00,2001,10,22,11878.01723575746,21.87212063567827,HOEP (Legacy)
2001-10-01 22:00:00,2001,10,23,12572.636513306386,22.881950907950383,HOEP (Legacy)
2001-10-01 23:00:00,2001,10,24,13275.374695050517,34.630926101869434,HOEP (Legacy)
2001-10-02 00:00:00,2001,10,1,12525.267650940112,30.89679819736549,HOEP (Legacy)
2001-10-02 01:00:00,2001,10,2,12319.376062462467,3.6081162865772036,HOEP (Legacy)
2001-10-02 02:00:00,2001,10,3,13650.2829480725,55.984548529182504,HOEP (Legacy)
2001-10-02 03:00:00,2001,10,4,13558.527067973453,47.68351836431633,HOEP (Legacy)
2001-10-02 04:00:00,2001,10,5,14357.72755008295,46.27462276382627,HOEP (Legacy)
2001-10-02 05:00:00,2001,10,6,14277.977540617512,56.98407418754992,HOEP (Legacy)
2001-10-02 06:00:00,2001,10,7,14720.596385810544,29.488937243976657,HOEP (Legacy)
2001-10-02 07:00:00,2001,10,8,14351.854934258965,43.419862214703556,HOEP (Legacy)
2001-10-02 08:00:00,2001,10,9,14381.944972703845,50.19367543897951,HOEP (Legacy)
2001-10-02 09:00:00,2001,10,10,14209.390130851581,45.637296684549966,HOEP (Legacy)
2001-10-02 10:00:00,2001,10,11,15402.250548937383,59.19423574570602,HOEP (Legacy)
2001-10-02 11:00:00,2001,10,12,15264.985694766987,29.07560214719552,HOEP (Legacy)
2001-10-02 12:00:00,2001,10,13,15182.03248777546,76.6937935166859,HOEP (Legacy)
2001-10-02 13:00:00,2001,10,14,14954.165602172297,30.345369803986195,HOEP (Legacy)
2001-10-02 14:00:00,2001,10,15,14289.843987433405,29.972635668845076,HOEP (Legacy)
2001-10-02 15:00:00,2001,10,16,14573.636969144005,57.565935907667665,HOEP (Legacy)
2001-10-02 16:00:00,2001,10,17,14487.476070064384,52.45402295101745,HOEP (Legacy)
2001-10-02 17:00:00,2001,10,18,13596.40358494086,59.43383777686458,HOEP (Legacy)
2001-10-02 18:00:00,2001,10,19,13988.773264670162,42.588807845897435,HOEP (Legacy)
2001-10-02 19:00:00,2001,10,20,13362.733587389468,53.49641575519094,HOEP (Legacy)
2001-10-02 20:00:00,2001,10,21,13464.105219288247,52.48585312688628,HOEP (Legacy)
2001-10-02 21:00:00,2001,10,22,12357.009652277522,46.27013950888055,HOEP (Legacy)
2001-10-02 22:00:00,2001,10,23,13096.713969378916,42.91408799051,HOEP (Legacy)
2001-10-02 23:00:00,2001,10,24,12445.026923779142,45.24342649458513,HOEP (Legacy)
2001-10-03 00:00:00,2001,10,1,12742.457540741758,45.11644085682105,HOEP (Legacy)
2001-10-03 01:00:00,2001,10,2,13757.381498368044,27.54901386768336,HOEP (Legacy)
2001-10-03 02:00:00,2001,10,3,13456.856348556426,59.90732544763563,HOEP (Legacy)
2001-10-03 03:00:00,2001,10,4,13236.011905586116,24.313394205677668,HOEP (Legacy)
2001-10-03 04:00:00,2001,10,5,13545.121500621945,22.769763572127804,HOEP (Legacy)
2001-10-03 05:00:00,2001,10,6,14149.647742685513,35.14337634376087,HOEP (Legacy)
2001-10-03 06:00:00,2001,10,7,15177.851155129925,55.15527419062424,HOEP (Legacy)
2001-10-03 07:00:00,2001,10,8,15297.389676746636,48.08257331210482,HOEP (Legacy)
2001-10-03 08:00:00,2001,10,9,15152.988012834317,58.272396932589764,HOEP (Legacy)
2001-10-03 09:00:00,2001,10,10,14793.38823342173,60.435175511182635,HOEP (Legacy)
2001-10-03 10:00:00,2001,10,11,14778.204055809305,42.78825809384574,HOEP (Legacy)
2001-10-03 11:00:00,2001,10,12,14996.805162697687,29.87368087252652,HOEP (Legacy)
2001-10-03 12:00:00,2001,10,13,15520.056248735438,50.477643463467906,HOEP (Legacy)
2001-10-03 13:00:00,2001,10,14,14639.225192360394,52.625204303652154,HOEP (Legacy)
2001-10-03 14:00:00,2001,10,15,13462.146946248675,28.867348345853316,HOEP (Legacy)
2001-10-03 15:00:00,2001,10,16,14525.83114902555,35.67626831206882,HOEP (Legacy)
2001-10-03 16:00:00,2001,10,17,14208.401486434319,10.210392930340138,HOEP (Legacy)
2001-10-03 17:00:00,2001,10,18,13336.983224234882,50.53160083929842,HOEP (Legacy)
2001-10-03 18:00:00,2001,10,19,14220.013806835988,40.218338155063186,HOEP (Legacy)
2001-10-03 19:00:00,2001,10,20,11982.87213060086,13.629217360991174,HOEP (Legacy)
2001-10-03 20:00:00,2001,10,21,13327.572069547532,31.123554441302517,HOEP (Legacy)
2001-10-03 21:00:00,2001,10,22,12515.831615978093,49.29268037092868,HOEP (Legacy)
2001-10-03 22:00:00,2001,10,23,13150.38396535407,26.615581973170315,HOEP (Legacy)
2001-10-03 23:00:00,2001,10,24,13196.730853402443,14.493757392414803,HOEP (Legacy)
2001-10-04 00:00:00,2001,10,1,12392.357128046056,0.37769036887722507,HOEP (Legacy)
2001-10-04 01:00:00,2001,10,2,12739.988411596898,27.169214547939475,HOEP (Legacy)
2001-10-04 02:00:00,2001,10,3,13180.890398261075,23.16947049551312,HOEP (Legacy)
2001-10-04 03:00:00,2001,10,4,13628.164834557363,55.54291971326519,HOEP (Legacy)
2001-10-04 04:00:00,2001,10,5,13970.258765651377,46.93537970892638,HOEP (Legacy)
2001-10-04 05:00:00,2001,10,6,13987.287085990418,34.71486065804521,HOEP (Legacy)
2001-10-04 06:00:00,2001,10,7,15032.017787963714,42.590750186240726,HOEP (Legacy)
2001-10-04 07:00:00,2001,10,8,14799.563900688587,8.667042067387321,HOEP (Legacy)
2001-10-04 08:00:00,2001,10,9,15125.295494508033,54.02383589151074,HOEP (Legacy)
2001-10-04 09:00:00,2001,10,10,15257.832317750906,17.01427414094805,HOEP (Legacy)
2001-10-04 10:00:00,2001,10,11,14696.783412951769,42.02121266511835,HOEP (Legacy)
2001-10-04 11:00:00,2001,10,12,15153.505385016517,31.77189591073435,HOEP (Legacy)
2001-10-04 12:00:00,2001,10,13,15180.350820368078,52.87304420291922,HOEP (Legacy)
2001-10-04 13:00:00,2001,10,14,15017.15531224485,60.10778124041921,HOEP (Legacy)
2001-10-04 14:00:00,2001,10,15,13403.23552463218,52.72296775315138,HOEP (Legacy)
2001-10-04 15:00:00,2001,10,16,14332.396904705562,40.724819193350605,HOEP (Legacy)
2001-10-04 16:00:00,2001,10,17,13975.347129847101,47.30176052871231,HOEP (Legacy)
2001-10-04 17:00:00,2001,10,18,13788.562695566385,56.857156777609276,HOEP (Legacy)
2001-10-04 18:00:00,2001,10,19,13366.81484808953,34.463614957428945,HOEP (Legacy)
2001-10-04 19:00:00,2001,10,20,12918.527518250115,21.626499059494797,HOEP (Legacy)
2001-10-04 20:00:00,2001,10,21,12818.400236502446,37.9833937244135,HOEP (Legacy)
2001-10-04 21:00:00,2001,10,22,13041.456204480064,45.875213265248846,HOEP (Legacy)
2001-10-04 22:00:00,2001,10,23,12727.471533926711,24.90657922037162,HOEP (Legacy)
2001-10-04 23:00:00,2001,10,24,12810.937210794345,45.489232015722244,HOEP (Legacy)
2001-10-05 00:00:00,2001,10,1,13022.501337828196,42.3796078741631,HOEP (Legacy)
2001-10-05 01:00:00,2001,10,2,12955.938180102072,42.23299307285238,HOEP (Legacy)
2001-10-05 02:00:00,2001,10,3,13168.798483476527,38.87902503812377,HOEP (Legacy)
2001-10-05 03:00:00,2001,10,4,14562.393613534994,43.809355198775904,HOEP (Legacy)
2001-10-05 04:00:00,2001,10,5,14188.117670459862,45.454656911185566,HOEP (Legacy)
2001-10-05 05:00:00,2001,10,6,15115.532486975364,61.146083118517346,HOEP (Legacy)
2001-10-05 06:00:00,2001,10,7,14529.785932163039,45.29076876018106,HOEP (Legacy)
2001-10-05 07:00:00,2001,10,8,14844.059288676124,48.21633318943704,HOEP (Legacy)
2001-10-05 08:00:00,2001,10,9,14481.268012285842,33.82866524210137,HOEP (Legacy)
2001-10-05 09:00:00,2001,10,10,15046.07678820107,45.94307035939612,HOEP (Legacy)
2001-10-05 10:00:00,2001,10,11,14497.260045303337,47.36036448063812,HOEP (Legacy)
2001-10-05 11:00:00,2001,10,12,15248.376171486329,57.39013471942839,HOEP (Legacy)
2001-10-05 12:00:00,2001,10,13,14495.70163108941,45.15376911020878,HOEP (Legacy)
2001-10-05 13:00:00,2001,10,14,14664.710269616275,46.49589101604749,HOEP (Legacy)
2001-10-05 14:00:00,2001,10,15,14719.195344061278,41.25632287799954,HOEP (Legacy)
2001-10-05 15:00:00,2001,10,16,14331.362057386401,32.43259971690626,HOEP (Legacy)
2001-10-05 16:00:00,2001,10,17,13858.814054567596,33.031896460609545,HOEP (Legacy)
2001-10-05 17:00:00,2001,10,18,13496.613011420095,22.1546969657427,HOEP (Legacy)
2001-10-05 18:00:00,2001,10,19,12656.84016217157,16.271811874410258,HOEP (Legacy)
2001-10-05 19:00:00,2001,10,20,12353.149409251746,19.503094749878358,HOEP (Legacy)
2001-10-05 20:00:00,2001,10,21,13239.371544314348,22.399006513681236,HOEP (Legacy)
2001-10-05 21:00:00,2001,10,22,12799.532895287071,38.749420896722825,HOEP (Legacy)
2001-10-05 22:00:00,2001,10,23,12562.689985435158,32.698744195854026,HOEP (Legacy)
2001-10-05 23:00:00,2001,10,24,13156.008530291629,45.35012146851341,HOEP (Legacy)
2001-10-06 00:00:00,2001,10,1,12848.831762913764,38.83775600320794,HOEP (Legacy)
2001-10-06 01:00:00,2001,10,2,13009.636995503077,18.3496330050624,HOEP (Legacy)
2001-10-06 02:00:00,2001,10,3,12970.08839858093,37.572706911286105,HOEP (Legacy)
2001-10-06 03:00:00,2001,10,4,14336.028494110153,50.068635310726094,HOEP (Legacy)
2001-10-06 04:00:00,2001,10,5,14336.33084229598,27.349128988573927,HOEP (Legacy)
2001-10-06 05:00:00,2001,10,6,14047.563202697535,6.962621785615681,HOEP (Legacy)
2001-10-06 06:00:00,2001,10,7,15067.678493157528,49.27641727169194,HOEP (Legacy)
2001-10-06 07:00:00,2001,10,8,15087.429256025642,33.29584999967873,HOEP (Legacy)
2001-10-06 08:00:00,2001,10,9,14650.490612356076,46.48128216545243,HOEP (Legacy)
2001-10-06 09:00:00,2001,10,10,15244.114176236037,50.01945149745734,HOEP (Legacy)
2001-10-06 10:00:00,2001,10,11,15202.659132775469,71.6535247109288,HOEP (Legacy)
2001-10-06 11:00:00,2001,10,12,15268.02089637841,20.636363600799825,HOEP (Legacy)
2001-10-06 12:00:00,2001,10,13,14823.42688655446,47.23115322042714,HOEP (Legacy)
2001-10-06 13:00:00,2001,10,14,15241.082723319927,46.925100296404935,HOEP (Legacy)
2001-10-06 14:00:00,2001,10,15,14118.71219112999,39.389128692512465,HOEP (Legacy)
2001-10-06 15:00:00,2001,10,16,14269.144233281786,47.94590487262175,HOEP (Legacy)
2001-10-06 16:00:00,2001,10,17,13716.871629735806,34.74677810624026,HOEP (Legacy)
2001-10-06 17:00:00,2001,10,18,13777.903913917324,44.380522426713654,HOEP (Legacy)
2001-10-06 18:00:00,2001,10,19,13871.251142746709,44.63559706612312,HOEP (Legacy)
2001-10-06 19:00:00,2001,10,20,12408.807172361163,39.126910283393016,HOEP (Legacy)
2001-10-06 20:00:00,2001,10,21,12881.520257764918,34.054915747848014,HOEP (Legacy)
2001-10-06 21:00:00,2001,10,22,12804.049935291177,37.12853780012632,HOEP (Legacy)
2001-10-06 22:00:00,2001,10,23,12890.834220682857,56.13752173763004,HOEP (Legacy)
2001-10-06 23:00:00,2001,10,24,13219.22416106128,28.725431418813166,HOEP (Legacy)
2001-10-07 00:00:00,2001,10,1,13010.785339301703,27.583812295400115,HOEP (Legacy)
2001-10-07 01:00:00,2001,10,2,13069.950999011475,-0.5526574026745124,HOEP (Legacy)
2001-10-07 02:00:00,2001,10,3,13173.76886897232,32.51448935152239,HOEP (Legacy)
2001-10-07 03:00:00,2001,10,4,13999.941848882107,26.46229235923136,HOEP (Legacy)
2001-10-07 04:00:00,2001,10,5,13852.007662971246,32.115439620476515,HOEP (Legacy)
2001-10-07 05:00:00,2001,10,6,14075.745730903975,42.91163337344326,HOEP (Legacy)
2001-10-07 06:00:00,2001,10,7,14733.797399343624,31.00748368269916,HOEP (Legacy)
2001-10-07 07:00:00,2001,10,8,14761.928887915072,38.78514392727949,HOEP (Legacy)
2001-10-07 08:00:00,2001,10,9,14536.011981587277,18.839089466135555,HOEP (Legacy)
2001-10-07 09:00:00,2001,10,10,15437.939107508644,36.33763448878727,HOEP (Legacy)
2001-10-07 10:00:00,2001,10,11,14926.544254895807,65.21934248841119,HOEP (Legacy)
2001-10-07 11:00:00,2001,10,12,14988.608072483383,54.55733922555313,HOEP (Legacy)
2001-10-07 12:00:00,2001,10,13,14889.9239697739,33.70309489537091,HOEP (Legacy)
2001-10-07 13:00:00,2001,10,14,14835.087170063633,47.91144746766121,HOEP (Legacy)
2001-10-07 14:00:00,2001,10,15,14812.573929703536,48.94254388600473,HOEP (Legacy)
2001-10-07 15:00:00,2001,10,16,14853.956253375967,43.791856802041565,HOEP (Legacy)
2001-10-07 16:00:00,2001,10,17,14189.503654133445,36.25389776814709,HOEP (Legacy)
2001-10-07 17:00:00,2001,10,18,13691.647973399566,42.124696282627504,HOEP (Legacy)
2001-10-07 18:00:00,2001,10,19,13154.746243374166,53.27919695783892,HOEP (Legacy)
2001-10-07 19:00:00,2001,10,20,13401.785166221382,49.92844843457218,HOEP (Legacy)
2001-10-07 20:00:00,2001,10,21,12346.037375032047,34.792528362649584,HOEP (Legacy)
2001-10-07 21:00:00,2001,10,22,13202.185955495905,50.885510816360664,HOEP (Legacy)
2001-10-07 22:00:00,2001,10,23,13058.782290190933,48.315380554670654,HOEP (Legacy)
2001-10-07 23:00:00,2001,10,24,13265.540556561544,24.306689765503435,HOEP (Legacy)
2001-10-08 00:00:00,2001,10,1,12354.711546845629,24.63365013630817,HOEP (Legacy)
2001-10-08 01:00:00,2001,10,2,13455.462997411736,50.25076610928863,HOEP (Legacy)
2001-10-08 02:00:00,2001,10,3,12788.162500009905,14.806152209285425,HOEP (Legacy)
2001-10-08 03:00:00,2001,10,4,13917.927349862037,39.630652083742376,HOEP (Legacy)
2001-10-08 04:00:00,2001,10,5,14234.73982984275,39.494419104000045,HOEP (Legacy)
2001-10-08 05:00:00,2001,10,6,14661.238715834574,53.594646200681524,HOEP (Legacy)
2001-10-08 06:00:00,2001,10,7,14432.030797179103,29.642055161988896,HOEP (Legacy)
2001-10-08 07:00:00,2001,10,8,14649.114574813399,41.84072215544969,HOEP (Legacy)
2001-10-08 08:00:00,2001,10,9,14973.64133991938,67.7313435692041,HOEP (Legacy)
2001-10-08 09:00:00,2001,10,10,14945.699443791123,52.04773592110906,HOEP (Legacy)
2001-10-08 10:00:00,2001,10,11,15066.428257323392,42.865059427583056,HOEP (Legacy)
2001-10-08 11:00:00,2001,10,12,15187.075965022766,43.94883927611296,HOEP (Legacy)
2001-10-08 12:00:00,2001,10,13,14401.933424086797,32.00323039492835,HOEP (Legacy)
2001-10-08 13:00:00,2001,10,14,14428.1472135548,44.189336664683516,HOEP (Legacy)
2001-10-08 14:00:00,2001,10,15,14804.374329786291,57.429813251201765,HOEP (Legacy)
2001-10-08 15:00:00,2001,10,16,14773.838190013239,64.38121054039291,HOEP (Legacy)
2001-10-08 16:00:00,2001,10,17,14290.714425378654,52.915087389418474,HOEP (Legacy)
2001-10-08 17:00:00,2001,10,18,13772.751328108903,43.55202954965142,HOEP (Legacy)
2001-10-08 18:00:00,2001,10,19,12487.930525246597,20.065326689177894,HOEP (Legacy)
2001-10-08 19:00:00,2001,10,20,12452.315510740455,42.073406091124724,HOEP (Legacy)
2001-10-08 20:00:00,2001,10,21,13282.719805515088,32.47255160324299,HOEP (Legacy)
2001-10-08 21:00:00,2001,10,22,12788.59587413181,24.043844395922655,HOEP (Legacy)
2001-10-08 22:00:00,2001,10,23,12698.645325429767,19.12913391402132,HOEP (Legacy)
2001-10-08 23:00:00,2001,10,24,12624.048456155426,19.404721486574115,HOEP (Legacy)
2001-10-09 00:00:00,2001,10,1,13040.378168995358,19.466315877763346,HOEP (Legacy)
2001-10-09 01:00:00,2001,10,2,13828.953097117861,56.4248833569216,HOEP (Legacy)
2001-10-09 02:00:00,2001,10,3,13560.34468221673,45.0214624180483,HOEP (Legacy)
2001-10-09 03:00:00,2001,10,4,13261.236897980813,29.453981238237212,HOEP (Legacy)
2001-10-09 04:00:00,2001,10,5,13584.176645544243,36.11285312502743,HOEP (Legacy)
2001-10-09 05:00:00,2001,10,6,14445.705113957401,50.93285707859357,HOEP (Legacy)
2001-10-09 06:00:00,2001,10,7,14807.914943613754,47.618570099306794,HOEP (Legacy)
2001-10-09 07:00:00,2001,10,8,15166.414707304973,34.58199355971608,HOEP (Legacy)
2001-10-09 08:00:00,2001,10,9,15153.269068800286,64.6801161994331,HOEP (Legacy)
2001-10-09 09:00:00,2001,10,10,15293.282116417417,47.1962091048396,HOEP (Legacy)
2001-10-09 10:00:00,2001,10,11,15211.054753639179,35.478705430746324,HOEP (Legacy)
2001-10-09 11:00:00,2001,10,12,15414.467082188032,52.92136789501039,HOEP (Legacy)
2001-10-09 12:00:00,2001,10,13,14644.917959385928,48.08215395879662,HOEP (Legacy)
2001-10-09 13:00:00,2001,10,14,14846.447489151255,26.2625081737121,HOEP (Legacy)
2001-10-09 14:00:00,2001,10,15,14292.662932268311,42.01339664453695,HOEP (Legacy)
2001-10-09 15:00:00,2001,10,16,14216.583277182626,51.25943254725695,HOEP (Legacy)
2001-10-09 16:00:00,2001,10,17,13934.02503490829,73.88967994427153,HOEP (Legacy)
2001-10-09 17:00:00,2001,10,18,13556.599556600286,25.706518530468166,HOEP (Legacy)
2001-10-09 18:00:00,2001,10,19,13392.768547477634,21.781671674898075,HOEP (Legacy)
2001-10-09 19:00:00,2001,10,20,12978.104652591841,24.16356259572823,HOEP (Legacy)
2001-10-09 20:00:00,2001,10,21,12948.650647941398,41.66744703771089,HOEP (Legacy)
2001-10-09 21:00:00,2001,10,22,12605.569216179652,43.94984801409176,HOEP (Legacy)
2001-10-09 22:00:00,2001,10,23,12735.822841036803,62.89644387755049,HOEP (Legacy)
2001-10-09 23:00:00,2001,10,24,12555.172425775982,40.71277914271426,HOEP (Legacy)
2001-10-10 00:00:00,2001,10,1,13838.56417923249,38.40659264304232,HOEP (Legacy)
2001-10-10 01:00:00,2001,10,2,13169.063128825372,26.39576949337377,HOEP (Legacy)
2001-10-10 02:00:00,2001,10,3,13209.363596154286,41.62286921811996,HOEP (Legacy)
2001-10-10 03:00:00,2001,10,4,13413.528832885178,33.43757318949601,HOEP (Legacy)
2001-10-10 04:00:00,2001,10,5,13493.30605711163,46.53989649950547,HOEP (Legacy)
2001-10-10 05:00:00,2001,10,6,14043.01021663506,25.36486885366784,HOEP (Legacy)
2001-10-10 06:00:00,2001,10,7,14652.520700587156,56.668508461200645,HOEP (Legacy)
2001-10-10 07:00:00,2001,10,8,15111.280764466586,26.09585239204312,HOEP (Legacy)
2001-10-10 08:00:00,2001,10,9,15071.640285741896,49.272957744485396,HOEP (Legacy)
2001-10-10 09:00:00,2001,10,10,15588.182003529213,59.59962438707373,HOEP (Legacy)
2001-10-10 10:00:00,2001,10,11,15026.198496361196,42.58878948308421,HOEP (Legacy)
2001-10-10 11:00:00,2001,10,12,15345.590700227729,34.546478056911226,HOEP (Legacy)
2001-10-10 12:00:00,2001,10,13,15075.291547212406,46.7857387573732,HOEP (Legacy)
2001-10-10 13:00:00,2001,10,14,14701.560118625393,63.65853117225389,HOEP (Legacy)
2001-10-10 14:00:00,2001,10,15,15072.909738970262,41.49076994155085,HOEP (Legacy)
2001-10-10 15:00:00,2001,10,16,14569.588129588927,65.9763393265063,HOEP (Legacy)
2001-10-10 16:00:00,2001,10,17,13870.490101318386,26.628071714968907,HOEP (Legacy)
2001-10-10 17:00:00,2001,10,18,13638.878117121601,40.089043582174966,HOEP (Legacy)
2001-10-10 18:00:00,2001,10,19,13118.062687149697,29.52327802957987,HOEP (Legacy)
2001-10-10 19:00:00,2001,10,20,13582.3109373246,13.780367917713871,HOEP (Legacy)
2001-10-10 20:00:00,2001,10,21,12743.984592071174,57.42088745978719,HOEP (Legacy)
2001-10-10 21:00:00,2001,10,22,12693.670664976538,31.232961400746436,HOEP (Legacy)
2001-10-10 22:00:00,2001,10,23,13214.914291355313,49.00876430860488,HOEP (Legacy)
2001-10-10 23:00:00,2001,10,24,12071.297824021032,24.18427187091428,HOEP (Legacy)
2001-10-11 00:00:00,2001,10,1,12881.580641682383,57.45872230520128,HOEP (Legacy)
2001-10-11 01:00:00,2001,10,2,13167.63019871316,24.457129286879926,HOEP (Legacy)
2001-10-11 02:00:00,2001,10,3,13148.941997030082,35.592303606117746,HOEP (Legacy)
2001-10-11 03:00:00,2001,10,4,13710.859933425067,44.583642830255826,HOEP (Legacy)
2001-10-11 04:00:00,2001,10,5,13819.227030131628,42.115162178293126,HOEP (Legacy)
2001-10-11 05:00:00,2001,10,6,14346.474416510386,38.90512358736403,HOEP (Legacy)
2001-10-11 06:00:00,2001,10,7,14349.927627916763,59.82488405639236,HOEP (Legacy)
2001-10-11 07:00:00,2001,10,8,15614.2780651069,46.37655049970297,HOEP (Legacy)
2001-10-11 08:00:00,2001,10,9,15137.342264655807,34.397467088641065,HOEP (Legacy)
2001-10-11 09:00:00,2001,10,10,15109.554091313044,28.393279160306044,HOEP (Legacy)
2001-10-11 10:00:00,2001,10,11,15093.830725825128,39.55622133613433,HOEP (Legacy)
2001-10-11 11:00:00,2001,10,12,14860.046564698336,36.617771097370024,HOEP (Legacy)
2001-10-11 12:00:00,2001,10,13,15446.806892959674,62.09739166206559,HOEP (Legacy)
2001-10-11 13:00:00,2001,10,14,14719.982879624291,63.87046489465891,HOEP (Legacy)
2001-10-11 14:00:00,2001,10,15,13505.862391696393,26.569799519006498,HOEP (Legacy)
2001-10-11 15:00:00,2001,10,16,14266.181266176634,46.58542508344594,HOEP (Legacy)
2001-10-11 16:00:00,2001,10,17,14209.306814416115,42.30659474846784,HOEP (Legacy)
2001-10-11 17:00:00,2001,10,18,13345.829555684157,43.96118784268532,HOEP (Legacy)
2001-10-11 18:00:00,2001,10,19,12965.818110537524,36.91707082220978,HOEP (Legacy)
2001-10-11 19:00:00,2001,10,20,13607.823043307693,42.89233252822432,HOEP (Legacy)
2001-10-11 20:00:00,2001,10,21,12457.111273333696,30.756241633242826,HOEP (Legacy)
2001-10-11 21:00:00,2001,10,22,13002.150717058455,23.151709262788227,HOEP (Legacy)
2001-10-11 22:00:00,2001,10,23,12389.94066939785,27.669907201486826,HOEP (Legacy)
2001-10-11 23:00:00,2001,10,24,13271.53084369872,46.37676676635394,HOEP (Legacy)
2001-10-12 00:00:00,2001,10,1,12785.247526926609,20.122153984277407,HOEP (Legacy)
2001-10-12 01:00:00,2001,10,2,13189.921361582861,38.48295571792344,HOEP (Legacy)
2001-10-12 02:00:00,2001,10,3,13577.815652107207,45.87880592697327,HOEP (Legacy)
2001-10-12 03:00:00,2001,10,4,13692.991314011644,55.34999313108706,HOEP (Legacy)
2001-10-12 04:00:00,2001,10,5,13356.794656438353,46.19789517536808,HOEP (Legacy)
2001-10-12 05:00:00,2001,10,6,14389.711246552059,44.534961413325235,HOEP (Legacy)
2001-10-12 06:00:00,2001,10,7,14647.013294654016,46.87904562371953,HOEP (Legacy)
2001-10-12 07:00:00,2001,10,8,14868.85568503998,50.85557447659433,HOEP (Legacy)
2001-10-12 08:00:00,2001,10,9,15061.044709261196,37.6881659343823,HOEP (Legacy)
2001-10-12 09:00:00,2001,10,10,15195.8440940139,24.500283212438344,HOEP (Legacy)
2001-10-12 10:00:00,2001,10,11,14233.340129097785,43.35999010547547,HOEP (Legacy)
2001-10-12 11:00:00,2001,10,12,15545.251350325088,59.97550624892893,HOEP (Legacy)
2001-10-12 12:00:00,2001,10,13,15436.016841920034,67.78264027017224,HOEP (Legacy)
2001-10-12 13:00:00,2001,10,14,14628.900315614297,48.42635675025868,HOEP (Legacy)
2001-10-12 14:00:00,2001,10,15,14438.593746387283,26.737218304251726,HOEP (Legacy)
2001-10-12 15:00:00,2001,10,16,14498.339049462747,42.85989977390059,HOEP (Legacy)
2001-10-12 16:00:00,2001,10,17,13530.44485870529,48.1778519687345,HOEP (Legacy)
2001-10-12 17:00:00,2001,10,18,13517.878076595187,41.73161996514601,HOEP (Legacy)
2001-10-12 18:00:00,2001,10,19,13831.086837459863,21.157859473586047,HOEP (Legacy)
2001-10-12 19:00:00,2001,10,20,13964.523220251733,42.85930761527125,HOEP (Legacy)
2001-10-12 20:00:00,2001,10,21,13560.254413237919,20.644866306709353,HOEP (Legacy)
2001-10-12 21:00:00,2001,10,22,12562.787514997946,23.822648812223576,HOEP (Legacy)
2001-10-12 22:00:00,2001,10,23,12065.540657753621,36.947173646647855,HOEP (Legacy)
2001-10-12 23:00:00,2001,10,24,13119.645479798659,48.69437510846339,HOEP (Legacy)
2001-10-13 00:00:00,2001,10,1,12296.476639101882,16.021513982347255,HOEP (Legacy)
2001-10-13 01:00:00,2001,10,2,13272.19831602595,36.93280949515011,HOEP (Legacy)
2001-10-13 02:00:00,2001,10,3,12916.97726936493,37.109900195724585,HOEP (Legacy)
2001-10-13 03:00:00,2001,10,4,13721.400369679004,66.91170280652025,HOEP (Legacy)
2001-10-13 04:00:00,2001,10,5,14176.744711960195,46.96208397122803,HOEP (Legacy)
2001-10-13 05:00:00,2001,10,6,13867.592220245875,25.03410428796288,HOEP (Legacy)
2001-10-13 06:00:00,2001,10,7,14524.106557136209,48.176449565115355,HOEP (Legacy)
2001-10-13 07:00:00,2001,10,8,14764.450441103805,52.070993286018435,HOEP (Legacy)
2001-10-13 08:00:00,2001,10,9,15155.81936437932,60.247796523224906,HOEP (Legacy)
2001-10-13 09:00:00,2001,10,10,15634.768055697403,46.30568245927911,HOEP (Legacy)
2001-10-13 10:00:00,2001,10,11,14311.493172176453,56.46611567499397,HOEP (Legacy)
2001-10-13 11:00:00,2001,10,12,14970.547743933479,39.62950201645673,HOEP (Legacy)
2001-10-13 12:00:00,2001,10,13,15129.105160559213,55.430895998025676,HOEP (Legacy)
2001-10-13 13:00:00,2001,10,14,14811.170685711122,70.87598900421636,HOEP (Legacy)
2001-10-13 14:00:00,2001,10,15,14868.684790686699,54.64425179638291,HOEP (Legacy)
2001-10-13 15:00:00,2001,10,16,14281.123136883143,27.588043002089154,HOEP (Legacy)
2001-10-13 16:00:00,2001,10,17,14159.596521911495,43.85103281194543,HOEP (Legacy)
2001-10-13 17:00:00,2001,10,18,13934.357579478281,34.79388036323015,HOEP (Legacy)
2001-10-13 18:00:00,2001,10,19,14180.974527149772,17.995140441998515,HOEP (Legacy)
2001-10-13 19:00:00,2001,10,20,13649.845622851975,46.878074386542295,HOEP (Legacy)
2001-10-13 20:00:00,2001,10,21,13277.226477144743,27.293891662843365,HOEP (Legacy)
2001-10-13 21:00:00,2001,10,22,13221.650065509575,34.760843531204486,HOEP (Legacy)
2001-10-13 22:00:00,2001,10,23,12304.808367705307,6.520252864505874,HOEP (Legacy)
2001-10-13 23:00:00,2001,10,24,12941.684782347062,30.49650891890256,HOEP (Legacy)
2001-10-14 00:00:00,2001,10,1,12968.992732203596,41.89323819925859,HOEP (Legacy)
2001-10-14 01:00:00,2001,10,2,13632.994162514024,46.72715838060212,HOEP (Legacy)
2001-10-14 02:00:00,2001,10,3,13234.402718967176,27.57999263819381,HOEP (Legacy)
2001-10-14 03:00:00,2001,10,4,12560.168181230973,37.2156268336169,HOEP (Legacy)
2001-10-14 04:00:00,2001,10,5,13501.199966645328,40.07976667561076,HOEP (Legacy)
2001-10-14 05:00:00,2001,10,6,14271.439385792322,70.62609034827378,HOEP (Legacy)
2001-10-14 06:00:00,2001,10,7,14534.542602362451,55.35838781801441,HOEP (Legacy)
2001-10-14 07:00:00,2001,10,8,15141.846438013814,36.94138086183451,HOEP (Legacy)
2001-10-14 08:00:00,2001,10,9,15148.076148556549,57.25564482682421,HOEP (Legacy)
2001-10-14 09:00:00,2001,10,10,14794.868112466598,48.786565356688385,HOEP (Legacy)
2001-10-14 10:00:00,2001,10,11,15182.772152128917,51.48143614187521,HOEP (Legacy)
2001-10-14 11:00:00,2001,10,12,15861.76782489418,67.98460097227888,HOEP (Legacy)
2001-10-14 12:00:00,2001,10,13,14994.54217392588,32.22592569212357,HOEP (Legacy)
2001-10-14 13:00:00,2001,10,14,14786.263658168384,20.87911730483053,HOEP (Legacy)
2001-10-14 14:00:00,2001,10,15,14410.370411985468,16.268690508892604,HOEP (Legacy)
2001-10-14 15:00:00,2001,10,16,13792.692365816969,54.467548491378196,HOEP (Legacy)
2001-10-14 16:00:00,2001,10,17,13199.240946128562,13.928403505020814,HOEP (Legacy)
2001-10-14 17:00:00,2001,10,18,13821.623588571321,46.806918350224315,HOEP (Legacy)
2001-10-14 18:00:00,2001,10,19,12887.400020653502,45.19174474761061,HOEP (Legacy)
2001-10-14 19:00:00,2001,10,20,13056.369449912178,28.05632512583215,HOEP (Legacy)
2001-10-14 20:00:00,2001,10,21,13356.840004315743,59.50927726334504,HOEP (Legacy)
2001-10-14 21:00:00,2001,10,22,13135.839541689116,40.088129374126964,HOEP (Legacy)
2001-10-14 22:00:00,2001,10,23,12948.640175848675,12.982614134148573,HOEP (Legacy)
2001-10-14 23:00:00,2001,10,24,12724.874392597381,22.830361185247703,HOEP (Legacy)
2001-10-15 00:00:00,2001,10,1,13204.189789316864,18.98013847853712,HOEP (Legacy)
2001-10-15 01:00:00,2001,10,2,12556.199663981573,39.04399444229119,HOEP (Legacy)
2001-10-15 02:00:00,2001,10,3,13476.596505620117,31.53769868740971,HOEP (Legacy)
2001-10-15 03:00:00,2001,10,4,14009.803217858973,29.887952758216088,HOEP (Legacy)
2001-10-15 04:00:00,2001,10,5,13907.684155823294,45.575762878967545,HOEP (Legacy)
2001-10-15 05:00:00,2001,10,6,14732.16419520779,50.17516246990407,HOEP (Legacy)
2001-10-15 06:00:00,2001,10,7,14390.079883650847,37.20255333454078,HOEP (Legacy)
2001-10-15 07:00:00,2001,10,8,15327.27462845463,45.96182840106869,HOEP (Legacy)
2001-10-15 08:00:00,2001,10,9,15608.033737297123,66.98847141928536,HOEP (Legacy)
2001-10-15 09:00:00,2001,10,10,15414.532305155486,42.50309948659509,HOEP (Legacy)
2001-10-15 10:00:00,2001,10,11,15062.821731466433,34.693128169224124,HOEP (Legacy)
2001-10-15 11:00:00,2001,10,12,15409.832601709633,29.230718655831133,HOEP (Legacy)
2001-10-15 12:00:00,2001,10,13,15213.253303198419,42.43823279613349,HOEP (Legacy)
2001-10-15 13:00:00,2001,10,14,14498.917630035241,38.91423280885759,HOEP (Legacy)
2001-10-15 14:00:00,2001,10,15,15054.563372527908,36.29706616148815,HOEP (Legacy)
2001-10-15 15:00:00,2001,10,16,14632.477191417338,36.61310828014051,HOEP (Legacy)
2001-10-15 16:00:00,2001,10,17,13736.641361338607,38.63526814980094,HOEP (Legacy)
2001-10-15 17:00:00,2001,10,18,13733.208592243564,19.385198122988065,HOEP (Legacy)
2001-10-15 18:00:00,2001,10,19,13974.361067509339,44.68136500035108,HOEP (Legacy)
2001-10-15 19:00:00,2001,10,20,13387.408076633292,17.16161249564786,HOEP (Legacy)
2001-10-15 20:00:00,2001,10,21,12574.50720469423,42.39823604034416,HOEP (Legacy)
2001-10-15 21:00:00,2001,10,22,12464.639759187565,24.872663476277413,HOEP (Legacy)
2001-10-15 22:00:00,2001,10,23,11809.369465435151,6.39425067033925,HOEP (Legacy)
2001-10-15 23:00:00,2001,10,24,13109.876082418443,50.56563404560975,HOEP (Legacy)
2001-10-16 00:00:00,2001,10,1,13609.932154551272,56.95971205882046,HOEP (Legacy)
2001-10-16 01:00:00,2001,10,2,13608.428509693564,46.72164590440831,HOEP (Legacy)
2001-10-16 02:00:00,2001,10,3,12976.95540340959,44.187204280518,HOEP (Legacy)
2001-10-16 03:00:00,2001,10,4,13239.081882885072,43.22940767886696,HOEP (Legacy)
2001-10-16 04:00:00,2001,10,5,13481.609352876241,46.725557212138504,HOEP (Legacy)
2001-10-16 05:00:00,2001,10,6,14339.25738337679,33.1511503041183,HOEP (Legacy)
2001-10-16 06:00:00,2001,10,7,14442.353377987978,61.88791866564146,HOEP (Legacy)
2001-10-16 07:00:00,2001,10,8,14525.645063753129,30.132997665976717,HOEP (Legacy)
2001-10-16 08:00:00,2001,10,9,14749.083594314088,39.018216579069794,HOEP (Legacy)
2001-10-16 09:00:00,2001,10,10,15220.17588010637,51.48368513865384,HOEP (Legacy)
2001-10-16 10:00:00,2001,10,11,14730.908151059164,49.315920120095036,HOEP (Legacy)
2001-10-16 11:00:00,2001,10,12,15102.028805977428,33.154065300088085,HOEP (Legacy)
2001-10-16 12:00:00,2001,10,13,14695.100979661009,48.91296745925505,HOEP (Legacy)
2001-10-16 13:00:00,2001,10,14,14459.991012667944,38.837452117706306,HOEP (Legacy)
2001-10-16 14:00:00,2001,10,15,14357.8228780242,53.236884725052946,HOEP (Legacy)
2001-10-16 15:00:00,2001,10,16,14328.781683352197,45.639489801359204,HOEP (Legacy)
2001-10-16 16:00:00,2001,10,17,14010.281466416469,36.11736497262898,HOEP (Legacy)
2001-10-16 17:00:00,2001,10,18,13855.197316636099,49.812816643057914,HOEP (Legacy)
2001-10-16 18:00:00,2001,10,19,13132.419923388046,26.382423978161764,HOEP (Legacy)
2001-10-16 19:00:00,2001,10,20,13177.077708038147,35.536989621118515,HOEP (Legacy)
2001-10-16 20:00:00,2001,10,21,12805.985843998165,16.513536641674364,HOEP (Legacy)
2001-10-16 21:00:00,2001,10,22,12608.660585061678,41.430713734139346,HOEP (Legacy)
2001-10-16 22:00:00,2001,10,23,12912.127087377012,34.75509851660875,HOEP (Legacy)
2001-10-16 23:00:00,2001,10,24,12313.966696916516,29.859629380985872,HOEP (Legacy)
2001-10-17 00:00:00,2001,10,1,12810.80511880659,29.779452378164912,HOEP (Legacy)
2001-10-17 01:00:00,2001,10,2,12917.397407319088,41.97781435369061,HOEP (Legacy)
2001-10-17 02:00:00,2001,10,3,12756.80048398025,19.44783590427355,HOEP (Legacy)
2001-10-17 03:00:00,2001,10,4,13486.775488240697,25.307729510170567,HOEP (Legacy)
2001-10-17 04:00:00,2001,10,5,13971.148312318017,36.7863430839365,HOEP (Legacy)
2001-10-17 05:00:00,2001,10,6,14008.142162425815,19.749722791350464,HOEP (Legacy)
2001-10-17 06:00:00,2001,10,7,14560.851271948572,29.812851336525288,HOEP (Legacy)
2001-10-17 07:00:00,2001,10,8,14769.6742057089,22.728022931091996,HOEP (Legacy)
2001-10-17 08:00:00,2001,10,9,14573.902705179058,41.73879182284996,HOEP (Legacy)
2001-10-17 09:00:00,2001,10,10,14691.585383450636,39.189298719631935,HOEP (Legacy)
2001-10-17 10:00:00,2001,10,11,15937.623891270538,53.541131156291286,HOEP (Legacy)
2001-10-17 11:00:00,2001,10,12,15093.830860844475,45.71722483070798,HOEP (Legacy)
2001-10-17 12:00:00,2001,10,13,14766.351578660218,54.7225851002038,HOEP (Legacy)
2001-10-17 13:00:00,2001,10,14,15171.545860438708,36.1529536657688,HOEP (Legacy)
2001-10-17 14:00:00,2001,10,15,15432.776173086027,40.86072292690529,HOEP (Legacy)
2001-10-17 15:00:00,2001,10,16,14580.905536222399,37.630356212856086,HOEP (Legacy)
2001-10-17 16:00:00,2001,10,17,14179.244668084808,31.922345231330386,HOEP (Legacy)
2001-10-17 17:00:00,2001,10,18,14071.111481041342,33.23112344532689,HOEP (Legacy)
2001-10-17 18:00:00,2001,10,19,13981.81708869658,44.93103681016687,HOEP (Legacy)
2001-10-17 19:00:00,2001,10,20,12928.90663864802,4.831713521780603,HOEP (Legacy)
2001-10-17 20:00:00,2001,10,21,13273.653672659391,28.310270546085537,HOEP (Legacy)
2001-10-17 21:00:00,2001,10,22,13106.293700232663,38.1250028973669,HOEP (Legacy)
2001-10-17 22:00:00,2001,10,23,13376.684382363292,38.97103301313139,HOEP (Legacy)
2001-10-17 23:00:00,2001,10,24,12828.860044163426,17.916370806786723,HOEP (Legacy)
2001-10-18 00:00:00,2001,10,1,13016.002348509623,25.048800270263587,HOEP (Legacy)
2001-10-18 01:00:00,2001,10,2,13243.489167531081,41.83046410831034,HOEP (Legacy)
2001-10-18 02:00:00,2001,10,3,13323.87846392428,30.472693411878875,HOEP (Legacy)
2001-10-18 03:00:00,2001,10,4,14030.350999424814,34.05254225467118,HOEP (Legacy)
2001-10-18 04:00:00,2001,10,5,14049.60451447265,50.771404525465826,HOEP (Legacy)
2001-10-18 05:00:00,2001,10,6,14245.490077796936,62.99504636243019,HOEP (Legacy)
2001-10-18 06:00:00,2001,10,7,15087.74793719361,33.994460809413525,HOEP (Legacy)
2001-10-18 07:00:00,2001,10,8,15251.562691291863,53.71608497694119,HOEP (Legacy)
2001-10-18 08:00:00,2001,10,9,15224.877829748419,62.5419894290578,HOEP (Legacy)
2001-10-18 09:00:00,2001,10,10,14848.55734775,41.48510121708494,HOEP (Legacy)
2001-10-18 10:00:00,2001,10,11,14978.311368382205,45.60149002863328,HOEP (Legacy)
2001-10-18 11:00:00,2001,10,12,15952.19430295849,47.89154627750716,HOEP (Legacy)
2001-10-18 12:00:00,2001,10,13,15453.575047440534,47.929323746824494,HOEP (Legacy)
2001-10-18 13:00:00,2001,10,14,14528.627014330421,53.21883394342308,HOEP (Legacy)
2001-10-18 14:00:00,2001,10,15,15354.687244676206,42.45657758618478,HOEP (Legacy)
2001-10-18 15:00:00,2001,10,16,14264.464882952681,46.540752127945666,HOEP (Legacy)
2001-10-18 16:00:00,2001,10,17,14045.769319383984,34.76686597504867,HOEP (Legacy)
2001-10-18 17:00:00,2001,10,18,14465.408773500852,61.519295459281174,HOEP (Legacy)
2001-10-18 18:00:00,2001,10,19,14026.76276437445,69.66330457335832,HOEP (Legacy)
2001-10-18 19:00:00,2001,10,20,13498.088298070263,3.8218213375386014,HOEP (Legacy)
2001-10-18 20:00:00,2001,10,21,12502.887383299798,19.242171345363378,HOEP (Legacy)
2001-10-18 21:00:00,2001,10,22,13210.815982581262,28.59581262144494,HOEP (Legacy)
2001-10-18 22:00:00,2001,10,23,12636.598766487818,55.75360569722086,HOEP (Legacy)
2001-10-18 23:00:00,2001,10,24,12662.612001804144,18.725151496813908,HOEP (Legacy)
2001-10-19 00:00:00,2001,10,1,12844.676009042862,47.43633319140869,HOEP (Legacy)
2001-10-19 01:00:00,2001,10,2,12777.785883411703,35.17204048611727,HOEP (Legacy)
2001-10-19 02:00:00,2001,10,3,12693.29926834718,21.190718324650874,HOEP (Legacy)
2001-10-19 03:00:00,2001,10,4,13783.898175609998,22.28853090139313,HOEP (Legacy)
2001-10-19 04:00:00,2001,10,5,14075.587967416657,45.23236552281452,HOEP (Legacy)
2001-10-19 05:00:00,2001,10,6,14855.981138078927,56.67643024303528,HOEP (Legacy)
2001-10-19 06:00:00,2001,10,7,14590.623199689104,43.49886844268896,HOEP (Legacy)
2001-10-19 07:00:00,2001,10,8,14829.656545496578,47.82977176830631,HOEP (Legacy)
2001-10-19 08:00:00,2001,10,9,15275.73406193771,43.38791501072399,HOEP (Legacy)
2001-10-19 09:00:00,2001,10,10,15314.167970703076,53.00008420750177,HOEP (Legacy)
2001-10-19 10:00:00,2001,10,11,15758.888408948178,50.30907722704275,HOEP (Legacy)
2001-10-19 11:00:00,2001,10,12,15281.218165306587,44.24554599247032,HOEP (Legacy)
2001-10-19 12:00:00,2001,10,13,14901.062280654602,45.19916148620333,HOEP (Legacy)
2001-10-19 13:00:00,2001,10,14,15176.572296933386,45.17239024183506,HOEP (Legacy)
2001-10-19 14:00:00,2001,10,15,14411.541484513666,33.51508661962661,HOEP (Legacy)
2001-10-19 15:00:00,2001,10,16,14265.438884061921,44.94126624696965,HOEP (Legacy)
2001-10-19 16:00:00,2001,10,17,14449.824598330326,41.805725910163986,HOEP (Legacy)
2001-10-19 17:00:00,2001,10,18,13092.74657963276,39.420792879165646,HOEP (Legacy)
2001-10-19 18:00:00,2001,10,19,12847.447975579105,62.87290850313144,HOEP (Legacy)
2001-10-19 19:00:00,2001,10,20,13472.310771083026,26.9008686260201,HOEP (Legacy)
2001-10-19 20:00:00,2001,10,21,12505.585679453932,20.823909198303447,HOEP (Legacy)
2001-10-19 21:00:00,2001,10,22,13399.690358973767,11.006854863994867,HOEP (Legacy)
2001-10-19 22:00:00,2001,10,23,12879.620858816896,40.437433508874896,HOEP (Legacy)
2001-10-19 23:00:00,2001,10,24,13193.325182557866,34.42707638877913,HOEP (Legacy)
2001-10-20 00:00:00,2001,10,1,13101.256225404792,27.338785910050255,HOEP (Legacy)
2001-10-20 01:00:00,2001,10,2,13664.654732269855,62.208531667791384,HOEP (Legacy)
2001-10-20 02:00:00,2001,10,3,13812.53060415692,49.366648691686805,HOEP (Legacy)
2001-10-20 03:00:00,2001,10,4,13372.656170687504,46.52125960131018,HOEP (Legacy)
2001-10-20 04:00:00,2001,10,5,13980.876466569693,27.887253186283353,HOEP (Legacy)
2001-10-20 05:00:00,2001,10,6,13477.443516833588,47.246188816691514,HOEP (Legacy)
2001-10-20 06:00:00,2001,10,7,14950.41464483547,52.0578755228089,HOEP (Legacy)
2001-10-20 07:00:00,2001,10,8,15030.413053580705,36.55482496094082,HOEP (Legacy)
2001-10-20 08:00:00,2001,10,9,15255.157382266656,56.664468585968386,HOEP (Legacy)
2001-10-20 09:00:00,2001,10,10,13954.992245543424,36.90549408763888,HOEP (Legacy)
2001-10-20 10:00:00,2001,10,11,16239.956286286013,71.11134295260372,HOEP (Legacy)
2001-10-20 11:00:00,2001,10,12,15303.556343098575,45.6321289763064,HOEP (Legacy)
2001-10-20 12:00:00,2001,10,13,15435.15164816859,74.8785658292692,HOEP (Legacy)
2001-10-20 13:00:00,2001,10,14,15127.771596499495,28.50184083570607,HOEP (Legacy)
2001-10-20 14:00:00,2001,10,15,14484.395456579787,36.72807625750239,HOEP (Legacy)
2001-10-20 15:00:00,2001,10,16,14021.60874330629,61.267572642462454,HOEP (Legacy)
2001-10-20 16:00:00,2001,10,17,13583.569513542901,40.37364411972137,HOEP (Legacy)
2001-10-20 17:00:00,2001,10,18,13840.471310461062,34.35468137697396,HOEP (Legacy)
2001-10-20 18:00:00,2001,10,19,13041.819228318858,24.579036107599986,HOEP (Legacy)
2001-10-20 19:00:00,2001,10,20,13173.807323939518,28.275762041509516,HOEP (Legacy)
2001-10-20 20:00:00,2001,10,21,12617.26264246251,21.023271643601184,HOEP (Legacy)
2001-10-20 21:00:00,2001,10,22,11958.39812678452,25.367071090039094,HOEP (Legacy)
2001-10-20 22:00:00,2001,10,23,12520.666204403838,24.426857723738646,HOEP (Legacy)
2001-10-20 23:00:00,2001,10,24,13141.427171885502,44.8355107271345,HOEP (Legacy)
2001-10-21 00:00:00,2001,10,1,13419.513378555755,17.968917909482276,HOEP (Legacy)
2001-10-21 01:00:00,2001,10,2,12651.934316548652,40.03287086629413,HOEP (Legacy)
2001-10-21 02:00:00,2001,10,3,13259.520879262358,59.37184144156013,HOEP (Legacy)
2001-10-21 03:00:00,2001,10,4,14368.133603422235,31.914412072790277,HOEP (Legacy)
2001-10-21 04:00:00,2001,10,5,13379.356504244715,32.162621660597765,HOEP (Legacy)
2001-10-21 05:00:00,2001,10,6,13942.452171259909,59.990047792727694,HOEP (Legacy)
2001-10-21 06:00:00,2001,10,7,14015.315730532468,35.43455104777013,HOEP (Legacy)
2001-10-21 07:00:00,2001,10,8,14904.38130135299,43.7643487370567,HOEP (Legacy)
2001-10-21 08:00:00,2001,10,9,15299.831583378189,43.67748945674964,HOEP (Legacy)
2001-10-21 09:00:00,2001,10,10,15214.295837807465,22.84718511583568,HOEP (Legacy)
2001-10-21 10:00:00,2001,10,11,14540.944507986076,67.41632028269294,HOEP (Legacy)
2001-10-21 11:00:00,2001,10,12,15333.127176874215,57.87146708381927,HOEP (Legacy)
2001-10-21 12:00:00,2001,10,13,14982.557015268863,53.1344685358227,HOEP (Legacy)
2001-10-21 13:00:00,2001,10,14,14761.457396128555,36.156627419579124,HOEP (Legacy)
2001-10-21 14:00:00,2001,10,15,14379.078322790056,35.476416741771374,HOEP (Legacy)
2001-10-21 15:00:00,2001,10,16,14421.64774649347,48.57786046206007,HOEP (Legacy)
2001-10-21 16:00:00,2001,10,17,14736.974210686265,46.12151577959717,HOEP (Legacy)
2001-10-21 17:00:00,2001,10,18,13810.93719884525,28.674460200525353,HOEP (Legacy)
2001-10-21 18:00:00,2001,10,19,13725.719896409793,33.75281132998162,HOEP (Legacy)
2001-10-21 19:00:00,2001,10,20,13663.714807301843,14.783923183566348,HOEP (Legacy)
2001-10-21 20:00:00,2001,10,21,12516.204210609638,20.118733401391907,HOEP (Legacy)
2001-10-21 21:00:00,2001,10,22,11952.18746143293,19.527892828249946,HOEP (Legacy)
2001-10-21 22:00:00,2001,10,23,12772.92117867833,16.929035997951214,HOEP (Legacy)
2001-10-21 23:00:00,2001,10,24,12425.952166595793,33.72844931822846,HOEP (Legacy)
2001-10-22 00:00:00,2001,10,1,12674.055885955451,39.76313964964524,HOEP (Legacy)
2001-10-22 01:00:00,2001,10,2,12943.926538374148,22.746561247821948,HOEP (Legacy)
2001-10-22 02:00:00,2001,10,3,13576.261324235351,21.16833677783106,HOEP (Legacy)
2001-10-22 03:00:00,2001,10,4,13772.506151710835,61.16887192592155,HOEP (Legacy)
2001-10-22 04:00:00,2001,10,5,13784.384520867858,37.206799560204054,HOEP (Legacy)
2001-10-22 05:00:00,2001,10,6,14418.702576896849,43.963045006071134,HOEP (Legacy)
2001-10-22 06:00:00,2001,10,7,14658.832790008419,41.3758631203482,HOEP (Legacy)
2001-10-22 07:00:00,2001,10,8,14247.420420265162,49.72193851644532,HOEP (Legacy)
2001-10-22 08:00:00,2001,10,9,15750.730594551684,40.11073716593932,HOEP (Legacy)
2001-10-22 09:00:00,2001,10,10,15840.066317774154,58.0737722780833,HOEP (Legacy)
2001-10-22 10:00:00,2001,10,11,15196.009901727704,67.28039623212835,HOEP (Legacy)
2001-10-22 11:00:00,2001,10,12,15399.805091640072,53.8250979756246,HOEP (Legacy)
2001-10-22 12:00:00,2001,10,13,15263.009993842958,57.426865101888254,HOEP (Legacy)
2001-10-22 13:00:00,2001,10,14,15213.317468939535,53.4354014250926,HOEP (Legacy)
2001-10-22 14:00:00,2001,10,15,15218.971962833552,65.7756772988279,HOEP (Legacy)
2001-10-22 15:00:00,2001,10,16,14294.000412321917,7.463003512098872,HOEP (Legacy)
2001-10-22 16:00:00,2001,10,17,14063.899228024266,58.51460738924561,HOEP (Legacy)
2001-10-22 17:00:00,2001,10,18,13657.479494784498,41.63661169882653,HOEP (Legacy)
2001-10-22 18:00:00,2001,10,19,13413.050007656284,27.72306693051265,HOEP (Legacy)
2001-10-22 19:00:00,2001,10,20,13846.698327729435,49.60887760437476,HOEP (Legacy)
2001-10-22 20:00:00,2001,10,21,13025.250963014994,37.27032231690762,HOEP (Legacy)
2001-10-22 21:00:00,2001,10,22,12710.19273803072,14.976352777734178,HOEP (Legacy)
2001-10-22 22:00:00,2001,10,23,12861.945704510477,22.082478235298247,HOEP (Legacy)
2001-10-22 23:00:00,2001,10,24,12722.983077375959,20.414855782982883,HOEP (Legacy)
2001-10-23 00:00:00,2001,10,1,12830.558385749016,27.783990222385334,HOEP (Legacy)
2001-10-23 01:00:00,2001,10,2,12781.998636441156,33.20166443602426,HOEP (Legacy)
2001-10-23 02:00:00,2001,10,3,13405.184068994813,23.51216338527167,HOEP (Legacy)
2001-10-23 03:00:00,2001,10,4,13794.236021224098,23.217695139044405,HOEP (Legacy)
2001-10-23 04:00:00,2001,10,5,14150.765061783015,40.34771140160312,HOEP (Legacy)
2001-10-23 05:00:00,2001,10,6,13577.189646058227,25.516058997861187,HOEP (Legacy)
2001-10-23 06:00:00,2001,10,7,14623.245077393989,53.02020860541384,HOEP (Legacy)
2001-10-23 07:00:00,2001,10,8,15035.301813463964,42.333976070017634,HOEP (Legacy)
2001-10-23 08:00:00,2001,10,9,14550.81339792189,48.755717082782596,HOEP (Legacy)
2001-10-23 09:00:00,2001,10,10,15399.411535545669,40.43033521569007,HOEP (Legacy)
2001-10-23 10:00:00,2001,10,11,15436.598497263787,36.47994028972698,HOEP (Legacy)
2001-10-23 11:00:00,2001,10,12,15286.01207375072,58.103408449391154,HOEP (Legacy)
2001-10-23 12:00:00,2001,10,13,14429.488447748337,43.25933716069574,HOEP (Legacy)
2001-10-23 13:00:00,2001,10,14,14900.730730282057,55.979318013251195,HOEP (Legacy)
2001-10-23 14:00:00,2001,10,15,14995.418446501106,57.1484087090781,HOEP (Legacy)
2001-10-23 15:00:00,2001,10,16,14452.253291525978,31.088802416720345,HOEP (Legacy)
2001-10-23 16:00:00,2001,10,17,13904.473683398788,61.92711529274171,HOEP (Legacy)
2001-10-23 17:00:00,2001,10,18,12892.830558101374,37.581648419113705,HOEP (Legacy)
2001-10-23 18:00:00,2001,10,19,13676.125859797487,48.45057758326835,HOEP (Legacy)
2001-10-23 19:00:00,2001,10,20,13476.288518814988,40.23983508915729,HOEP (Legacy)
2001-10-23 20:00:00,2001,10,21,12948.662276699602,37.85155026450053,HOEP (Legacy)
2001-10-23 21:00:00,2001,10,22,12396.531278197435,19.16870682945379,HOEP (Legacy)
2001-10-23 22:00:00,2001,10,23,13031.245259093324,11.856284999245549,HOEP (Legacy)
2001-10-23 23:00:00,2001,10,24,12009.087779429534,50.55591688198541,HOEP (Legacy)
2001-10-24 00:00:00,2001,10,1,13152.546366842886,27.36092110257418,HOEP (Legacy)
2001-10-24 01:00:00,2001,10,2,13727.02774581511,38.20580834789903,HOEP (Legacy)
2001-10-24 02:00:00,2001,10,3,13017.056354074757,34.83804994202228,HOEP (Legacy)
2001-10-24 03:00:00,2001,10,4,13779.663173239398,43.323884484272,HOEP (Legacy)
2001-10-24 04:00:00,2001,10,5,13776.597937670263,40.360847748615505,HOEP (Legacy)
2001-10-24 05:00:00,2001,10,6,14622.441044621464,44.05952168341889,HOEP (Legacy)
2001-10-24 06:00:00,2001,10,7,13998.79135577702,45.96209539237938,HOEP (Legacy)
2001-10-24 07:00:00,2001,10,8,14686.567002019096,45.86239823770895,HOEP (Legacy)
2001-10-24 08:00:00,2001,10,9,15637.470491404421,31.08520857743729,HOEP (Legacy)
2001-10-24 09:00:00,2001,10,10,15469.10566438972,62.75017875542321,HOEP (Legacy)
2001-10-24 10:00:00,2001,10,11,15330.283498846646,41.3832898557517,HOEP (Legacy)
2001-10-24 11:00:00,2001,10,12,15068.359032072862,59.00915002738738,HOEP (Legacy)
2001-10-24 12:00:00,2001,10,13,14413.052492874851,44.98256887297111,HOEP (Legacy)
2001-10-24 13:00:00,2001,10,14,14861.214593102639,59.15688617335606,HOEP (Legacy)
2001-10-24 14:00:00,2001,10,15,13960.969744767095,18.870534783848846,HOEP (Legacy)
2001-10-24 15:00:00,2001,10,16,14206.108055631626,33.302465646749184,HOEP (Legacy)
2001-10-24 16:00:00,2001,10,17,14116.907975347096,31.04877802393004,HOEP (Legacy)
2001-10-24 17:00:00,2001,10,18,13602.923633889366,53.04790804487469,HOEP (Legacy)
2001-10-24 18:00:00,2001,10,19,13300.923301728935,20.73299432135576,HOEP (Legacy)
2001-10-24 19:00:00,2001,10,20,13184.130310784509,24.176021069595038,HOEP (Legacy)
2001-10-24 20:00:00,2001,10,21,12807.302606589119,27.23760447029113,HOEP (Legacy)
2001-10-24 21:00:00,2001,10,22,12587.642940840962,35.272669107975815,HOEP (Legacy)
2001-10-24 22:00:00,2001,10,23,12965.572014163605,41.79939827286441,HOEP (Legacy)
2001-10-24 23:00:00,2001,10,24,13867.118349899762,25.436087043558445,HOEP (Legacy)
2001-10-25 00:00:00,2001,10,1,13080.055779289421,34.148306765515926,HOEP (Legacy)
2001-10-25 01:00:00,2001,10,2,13428.79063119015,29.0417175185474,HOEP (Legacy)
2001-10-25 02:00:00,2001,10,3,13024.2302187617,40.96203174316552,HOEP (Legacy)
2001-10-25 03:00:00,2001,10,4,12993.455545075174,46.87875393991087,HOEP (Legacy)
2001-10-25 04:00:00,2001,10,5,14428.283198918458,37.3473128050833,HOEP (Legacy)
2001-10-25 05:00:00,2001,10,6,14285.285028965367,36.59885251230865,HOEP (Legacy)
2001-10-25 06:00:00,2001,10,7,14575.011384903175,46.1815618246148,HOEP (Legacy)
2001-10-25 07:00:00,2001,10,8,15031.752636834759,47.80468255536667,HOEP (Legacy)
2001-10-25 08:00:00,2001,10,9,15385.440647506464,51.08200508911041,HOEP (Legacy)
2001-10-25 09:00:00,2001,10,10,15647.891534807153,41.8492321775428,HOEP (Legacy)
2001-10-25 10:00:00,2001,10,11,15596.886393867835,65.12718074490493,HOEP (Legacy)
2001-10-25 11:00:00,2001,10,12,14852.010405966743,48.24231677293296,HOEP (Legacy)
2001-10-25 12:00:00,2001,10,13,15564.165849256942,38.261211764484464,HOEP (Legacy)
2001-10-25 13:00:00,2001,10,14,15021.183573041846,64.04043473715333,HOEP (Legacy)
2001-10-25 14:00:00,2001,10,15,14588.525137127008,48.88234398006284,HOEP (Legacy)
2001-10-25 15:00:00,2001,10,16,14228.557242072584,47.33792555801062,HOEP (Legacy)
2001-10-25 16:00:00,2001,10,17,13658.059986756893,34.21650766099998,HOEP (Legacy)
2001-10-25 17:00:00,2001,10,18,13945.907299996645,50.32946932950108,HOEP (Legacy)
2001-10-25 18:00:00,2001,10,19,13329.65526047787,48.87429654479162,HOEP (Legacy)
2001-10-25 19:00:00,2001,10,20,13816.08992611988,52.53634153323427,HOEP (Legacy)
2001-10-25 20:00:00,2001,10,21,13356.84135005001,25.910371605901837,HOEP (Legacy)
2001-10-25 21:00:00,2001,10,22,13225.509606713558,25.616260792709863,HOEP (Legacy)
2001-10-25 22:00:00,2001,10,23,13144.477009480188,51.52830327564125,HOEP (Legacy)
2001-10-25 23:00:00,2001,10,24,13084.775319620854,35.89072696676405,HOEP (Legacy)
2001-10-26 00:00:00,2001,10,1,13121.139312053921,34.143834966074586,HOEP (Legacy)
2001-10-26 01:00:00,2001,10,2,13408.705304138872,42.00067766832908,HOEP (Legacy)
2001-10-26 02:00:00,2001,10,3,12893.431465377686,46.32775502534087,HOEP (Legacy)
2001-10-26 03:00:00,2001,10,4,13846.922837252085,29.882383148223852,HOEP (Legacy)
2001-10-26 04:00:00,2001,10,5,14876.176022584823,47.398458220504516,HOEP (Legacy)
2001-10-26 05:00:00,2001,10,6,15176.714293606852,50.231448983846605,HOEP (Legacy)
2001-10-26 06:00:00,2001,10,7,14078.3921881891,67.04570186289,HOEP (Legacy)
2001-10-26 07:00:00,2001,10,8,14914.457894034904,14.175589406834199,HOEP (Legacy)
2001-10-26 08:00:00,2001,10,9,14172.565483070268,37.89607028509525,HOEP (Legacy)
2001-10-26 09:00:00,2001,10,10,14344.140858682698,29.829440403397918,HOEP (Legacy)
2001-10-26 10:00:00,2001,10,11,14985.628563532351,27.079003624088106,HOEP (Legacy)
2001-10-26 11:00:00,2001,10,12,15303.573205790322,40.08279590279708,HOEP (Legacy)
2001-10-26 12:00:00,2001,10,13,14850.98002188469,64.42954582341021,HOEP (Legacy)
2001-10-26 13:00:00,2001,10,14,15133.064311973378,51.09263265970061,HOEP (Legacy)
2001-10-26 14:00:00,2001,10,15,14195.520113623794,45.93046548767557,HOEP (Legacy)
2001-10-26 15:00:00,2001,10,16,14956.840243177283,30.36428525087314,HOEP (Legacy)
2001-10-26 16:00:00,2001,10,17,14775.708729724964,43.33719707915245,HOEP (Legacy)
2001-10-26 17:00:00,2001,10,18,13637.763725747574,26.273021523820823,HOEP (Legacy)
2001-10-26 18:00:00,2001,10,19,13637.127845601572,40.040473455165056,HOEP (Legacy)
2001-10-26 19:00:00,2001,10,20,13925.59200930416,27.218363302297085,HOEP (Legacy)
2001-10-26 20:00:00,2001,10,21,12877.91389898922,30.645978684263532,HOEP (Legacy)
2001-10-26 21:00:00,2001,10,22,12851.78688180238,28.64685509482441,HOEP (Legacy)
2001-10-26 22:00:00,2001,10,23,12912.631519687237,36.2714197088573,HOEP (Legacy)
2001-10-26 23:00:00,2001,10,24,12055.194024761115,13.710674965528625,HOEP (Legacy)
2001-10-27 00:00:00,2001,10,1,13607.496120586944,35.58627390885169,HOEP (Legacy)
2001-10-27 01:00:00,2001,10,2,13216.029081593751,44.78667249693552,HOEP (Legacy)
2001-10-27 02:00:00,2001,10,3,13190.565821449958,50.13890674396545,HOEP (Legacy)
2001-10-27 03:00:00,2001,10,4,12979.68734763296,22.226784460580554,HOEP (Legacy)
2001-10-27 04:00:00,2001,10,5,13669.936669499104,16.557622681327853,HOEP (Legacy)
2001-10-27 05:00:00,2001,10,6,14562.75618042212,39.69740495364575,HOEP (Legacy)
2001-10-27 06:00:00,2001,10,7,15501.77907647731,55.83345997544955,HOEP (Legacy)
2001-10-27 07:00:00,2001,10,8,14067.598983973372,29.359483401149365,HOEP (Legacy)
2001-10-27 08:00:00,2001,10,9,14707.16341955994,69.15294327592196,HOEP (Legacy)
2001-10-27 09:00:00,2001,10,10,14963.849833844703,52.028429896122375,HOEP (Legacy)
2001-10-27 10:00:00,2001,10,11,15156.842036239892,35.301667154892,HOEP (Legacy)
2001-10-27 11:00:00,2001,10,12,15085.209159234919,48.678932395290026,HOEP (Legacy)
2001-10-27 12:00:00,2001,10,13,15341.439932455547,60.22391009428374,HOEP (Legacy)
2001-10-27 13:00:00,2001,10,14,15311.999927305882,39.713757853342955,HOEP (Legacy)
2001-10-27 14:00:00,2001,10,15,14287.980600444182,42.20590890080024,HOEP (Legacy)
2001-10-27 15:00:00,2001,10,16,14812.401466926223,27.360098126526353,HOEP (Legacy)
2001-10-27 16:00:00,2001,10,17,13995.369927375348,27.156603053832868,HOEP (Legacy)
2001-10-27 17:00:00,2001,10,18,13660.670927952182,45.04448652833827,HOEP (Legacy)
2001-10-27 18:00:00,2001,10,19,13392.853582910591,35.821598460652446,HOEP (Legacy)
2001-10-27 19:00:00,2001,10,20,12469.886510580742,21.877910878452745,HOEP (Legacy)
2001-10-27 20:00:00,2001,10,21,12946.155930295265,17.935575626395373,HOEP (Legacy)
2001-10-27 21:00:00,2001,10,22,13773.856465367115,34.36769018436829,HOEP (Legacy)
2001-10-27 22:00:00,2001,10,23,13214.468806775607,44.62646665979169,HOEP (Legacy)
2001-10-27 23:00:00,2001,10,24,13217.97342941382,46.89253543811367,HOEP (Legacy)
2001-10-28 00:00:00,2001,10,1,12990.031351952477,11.293231869005734,HOEP (Legacy)
2001-10-28 01:00:00,2001,10,2,13036.366699350254,16.146579655797833,HOEP (Legacy)
2001-10-28 02:00:00,2001,10,3,13271.378476538155,49.876035257527676,HOEP (Legacy)
2001-10-28 03:00:00,2001,10,4,14013.805883670348,49.640744454400966,HOEP (Legacy)
2001-10-28 04:00:00,2001,10,5,14105.65509373393,66.85609111483933,HOEP (Legacy)
2001-10-28 05:00:00,2001,10,6,14744.9853195975,49.7144486774734,HOEP (Legacy)
2001-10-28 06:00:00,2001,10,7,14636.462379507337,59.726029457337475,HOEP (Legacy)
2001-10-28 07:00:00,2001,10,8,14846.165547744977,38.42025075393585,HOEP (Legacy)
2001-10-28 08:00:00,2001,10,9,14484.99546178822,48.24780132170516,HOEP (Legacy)
2001-10-28 09:00:00,2001,10,10,14382.388449621847,50.93871386927252,HOEP (Legacy)
2001-10-28 10:00:00,2001,10,11,15330.918106543848,42.02126427100518,HOEP (Legacy)
2001-10-28 11:00:00,2001,10,12,14505.815144131746,32.884957653459345,HOEP (Legacy)
2001-10-28 12:00:00,2001,10,13,14904.754666663184,30.705286396520158,HOEP (Legacy)
2001-10-28 13:00:00,2001,10,14,15144.162516129929,30.321058396176497,HOEP (Legacy)
2001-10-28 14:00:00,2001,10,15,15316.858945178035,54.84628428440889,HOEP (Legacy)
2001-10-28 15:00:00,2001,10,16,14453.56122196988,44.297195867002024,HOEP (Legacy)
2001-10-28 16:00:00,2001,10,17,14284.493747128672,39.3840653796352,HOEP (Legacy)
2001-10-28 17:00:00,2001,10,18,14503.276727342789,21.715767466783998,HOEP (Legacy)
2001-10-28 18:00:00,2001,10,19,12811.828440698753,18.56321813410201,HOEP (Legacy)
2001-10-28 19:00:00,2001,10,20,12325.180195671734,33.73858536744765,HOEP (Legacy)
2001-10-28 20:00:00,2001,10,21,12680.739273654426,31.69985702535335,HOEP (Legacy)
2001-10-28 21:00:00,2001,10,22,13010.98100310254,26.42062858343488,HOEP (Legacy)
2001-10-28 22:00:00,2001,10,23,13176.45523480189,34.59239834000631,HOEP (Legacy)
2001-10-28 23:00:00,2001,10,24,12296.665636832404,39.64043869247121,HOEP (Legacy)
2001-10-29 00:00:00,2001,10,1,13180.725077235149,34.41596570432465,HOEP (Legacy)
2001-10-29 01:00:00,2001,10,2,13191.012726582268,22.497512659208603,HOEP (Legacy)
2001-10-29 02:00:00,2001,10,3,13295.91230425271,48.23490352378914,HOEP (Legacy)
2001-10-29 03:00:00,2001,10,4,13451.756755335015,51.13689843889522,HOEP (Legacy)
2001-10-29 04:00:00,2001,10,5,13696.823298080148,33.64638558959646,HOEP (Legacy)
2001-10-29 05:00:00,2001,10,6,13730.948989380386,42.97385295386572,HOEP (Legacy)
2001-10-29 06:00:00,2001,10,7,14134.002467932329,33.67012063799919,HOEP (Legacy)
2001-10-29 07:00:00,2001,10,8,14718.159228935838,44.48594167847813,HOEP (Legacy)
2001-10-29 08:00:00,2001,10,9,14911.159767077166,47.51723335465836,HOEP (Legacy)
2001-10-29 09:00:00,2001,10,10,15086.318397555962,51.548923313959506,HOEP (Legacy)
2001-10-29 10:00:00,2001,10,11,15356.110690755533,49.366370388461974,HOEP (Legacy)
2001-10-29 11:00:00,2001,10,12,15025.050339397732,22.214010558616526,HOEP (Legacy)
2001-10-29 12:00:00,2001,10,13,15230.528216280045,69.70426520575684,HOEP (Legacy)
2001-10-29 13:00:00,2001,10,14,14662.286100553434,30.465675874738956,HOEP (Legacy)
2001-10-29 14:00:00,2001,10,15,14480.867994950431,53.289993384907206,HOEP (Legacy)
2001-10-29 15:00:00,2001,10,16,14097.47522642576,38.45303833301753,HOEP (Legacy)
2001-10-29 16:00:00,2001,10,17,13797.617064230613,42.35392494317348,HOEP (Legacy)
2001-10-29 17:00:00,2001,10,18,13562.607400087718,54.63177564868408,HOEP (Legacy)
2001-10-29 18:00:00,2001,10,19,13253.244996146295,35.13185984830374,HOEP (Legacy)
2001-10-29 19:00:00,2001,10,20,13026.465345817174,28.67082037262675,HOEP (Legacy)
2001-10-29 20:00:00,2001,10,21,12782.83291487924,14.89368413711319,HOEP (Legacy)
2001-10-29 21:00:00,2001,10,22,13123.070521193846,32.1287999849412,HOEP (Legacy)
2001-10-29 22:00:00,2001,10,23,12703.983167388866,39.89121702460913,HOEP (Legacy)
2001-10-29 23:00:00,2001,10,24,12642.541925085545,48.719994972629,HOEP (Legacy)
2001-10-30 00:00:00,2001,10,1,12705.629260994947,12.107559999758834,HOEP (Legacy)
2001-10-30 01:00:00,2001,10,2,12404.511486950987,9.148266773315669,HOEP (Legacy)
2001-10-30 02:00:00,2001,10,3,13421.61544347839,31.296353265516082,HOEP (Legacy)
2001-10-30 03:00:00,2001,10,4,14130.057170036325,44.18366371545826,HOEP (Legacy)
2001-10-30 04:00:00,2001,10,5,13783.387797917017,29.188592786066273,HOEP (Legacy)
2001-10-30 05:00:00,2001,10,6,14655.92539894335,69.41492517682767,HOEP (Legacy)
2001-10-30 06:00:00,2001,10,7,14908.398313226524,54.448675705510844,HOEP (Legacy)
2001-10-30 07:00:00,2001,10,8,14873.271248787049,34.930702167433964,HOEP (Legacy)
2001-10-30 08:00:00,2001,10,9,15720.116457960667,46.98815411409475,HOEP (Legacy)
2001-10-30 09:00:00,2001,10,10,15543.587123730566,48.646400663306814,HOEP (Legacy)
2001-10-30 10:00:00,2001,10,11,15212.514076310857,42.974861857373874,HOEP (Legacy)
2001-10-30 11:00:00,2001,10,12,14824.475920589512,47.04809937969291,HOEP (Legacy)
2001-10-30 12:00:00,2001,10,13,14828.465340074483,52.486190931284455,HOEP (Legacy)
2001-10-30 13:00:00,2001,10,14,14713.7302023706,16.90640837410658,HOEP (Legacy)
2001-10-30 14:00:00,2001,10,15,14551.385646971728,25.833346931837248,HOEP (Legacy)
2001-10-30 15:00:00,2001,10,16,13977.91616377211,43.07454080109609,HOEP (Legacy)
2001-10-30 16:00:00,2001,10,17,14662.004940787856,41.64839736085369,HOEP (Legacy)
2001-10-30 17:00:00,2001,10,18,13544.21985131595,43.53855518346274,HOEP (Legacy)
2001-10-30 18:00:00,2001,10,19,13013.718677723544,38.018087876872826,HOEP (Legacy)
2001-10-30 19:00:00,2001,10,20,12811.44182035296,48.79566688717307,HOEP (Legacy)
2001-10-30 20:00:00,2001,10,21,13021.31150682598,33.430931515300564,HOEP (Legacy)
2001-10-30 21:00:00,2001,10,22,12424.769799065998,49.51029573699702,HOEP (Legacy)
2001-10-30 22:00:00,2001,10,23,12478.506458608854,41.644262318939894,HOEP (Legacy)
2001-10-30 23:00:00,2001,10,24,11824.41648456948,34.94812524974718,HOEP (Legacy)
2001-10-31 00:00:00,2001,10,1,13420.683437018317,20.714437944994735,HOEP (Legacy)
2001-10-31 01:00:00,2001,10,2,13586.239832488898,41.392375284276454,HOEP (Legacy)
2001-10-31 02:00:00,2001,10,3,12668.050956991292,30.389770294311177,HOEP (Legacy)
2001-10-31 03:00:00,2001,10,4,13889.658196794724,31.21511006988556,HOEP (Legacy)
2001-10-31 04:00:00,2001,10,5,14163.23692305552,47.103002431890225,HOEP (Legacy)
2001-10-31 05:00:00,2001,10,6,14442.4286923656,42.541837429020255,HOEP (Legacy)
2001-10-31 06:00:00,2001,10,7,14865.158331339524,59.218210299091204,HOEP (Legacy)
2001-10-31 07:00:00,2001,10,8,14932.409870340854,51.983037169543,HOEP (Legacy)
2001-10-31 08:00:00,2001,10,9,15595.316098276706,56.16224739448537,HOEP (Legacy)
2001-10-31 09:00:00,2001,10,10,15979.919380298747,69.10136731481516,HOEP (Legacy)
2001-10-31 10:00:00,2001,10,11,15324.201110176758,65.95005300768437,HOEP (Legacy)
2001-10-31 11:00:00,2001,10,12,15468.296400340163,53.104345324253515,HOEP (Legacy)
2001-10-31 12:00:00,2001,10,13,15380.250785178816,39.22531224246776,HOEP (Legacy)
2001-10-31 13:00:00,2001,10,14,15049.595384998554,63.339826368563166,HOEP (Legacy)
2001-10-31 14:00:00,2001,10,15,14394.786759159844,36.26333792141911,HOEP (Legacy)
2001-10-31 15:00:00,2001,10,16,14091.683871413057,29.49590018077437,HOEP (Legacy)
2001-10-31 16:00:00,2001,10,17,14099.262142585889,24.181385964973853,HOEP (Legacy)
2001-10-31 17:00:00,2001,10,18,12919.987365970333,56.93449386255226,HOEP (Legacy)
2001-10-31 18:00:00,2001,10,19,13393.117313305085,64.73570563509519,HOEP (Legacy)
2001-10-31 19:00:00,2001,10,20,13353.38098445582,33.94694142746236,HOEP (Legacy)
2001-10-31 20:00:00,2001,10,21,13176.685461200386,43.30112527153355,HOEP (Legacy)
2001-10-31 21:00:00,2001,10,22,13676.842516177094,28.17880575130616,HOEP (Legacy)
2001-10-31 22:00:00,2001,10,23,12844.582207434416,35.45295720869107,HOEP (Legacy)
2001-10-31 23:00:00,2001,10,24,13006.720050740567,38.05115574050045,HOEP (Legacy)
2001-11-01 00:00:00,2001,11,1,12283.415735109887,19.563483174235362,HOEP (Legacy)
2001-11-01 01:00:00,2001,11,2,11795.36081129105,35.51950819346679,HOEP (Legacy)
2001-11-01 02:00:00,2001,11,3,11702.391557230356,44.95771626427844,HOEP (Legacy)
2001-11-01 03:00:00,2001,11,4,12364.436505658785,36.27105655035413,HOEP (Legacy)
2001-11-01 04:00:00,2001,11,5,12332.308673706491,35.16744478558096,HOEP (Legacy)
2001-11-01 05:00:00,2001,11,6,13078.545169062658,68.95883602840993,HOEP (Legacy)
2001-11-01 06:00:00,2001,11,7,13365.824041046108,34.30614052376477,HOEP (Legacy)
2001-11-01 07:00:00,2001,11,8,13460.248461595413,50.003791022050194,HOEP (Legacy)
2001-11-01 08:00:00,2001,11,9,14220.943272849305,35.28028338101759,HOEP (Legacy)
2001-11-01 09:00:00,2001,11,10,14392.617257945014,52.65757715061481,HOEP (Legacy)
2001-11-01 10:00:00,2001,11,11,14306.277590499047,42.279133587013796,HOEP (Legacy)
2001-11-01 11:00:00,2001,11,12,13663.064851075806,35.75431549354647,HOEP (Legacy)
2001-11-01 12:00:00,2001,11,13,13413.643267082178,36.77369261082461,HOEP (Legacy)
2001-11-01 13:00:00,2001,11,14,13526.994591739642,41.27640645566647,HOEP (Legacy)
2001-11-01 14:00:00,2001,11,15,13026.933551448832,34.47895761354436,HOEP (Legacy)
2001-11-01 15:00:00,2001,11,16,12912.053756702087,34.704629924959214,HOEP (Legacy)
2001-11-01 16:00:00,2001,11,17,12695.782938613063,26.481768247557454,HOEP (Legacy)
2001-11-01 17:00:00,2001,11,18,12281.536330967261,27.265919381676646,HOEP (Legacy)
2001-11-01 18:00:00,2001,11,19,11795.862070721501,39.9765557163048,HOEP (Legacy)
2001-11-01 19:00:00,2001,11,20,12041.820144833315,24.690836669807858,HOEP (Legacy)
2001-11-01 20:00:00,2001,11,21,11780.615719435114,25.95046101554925,HOEP (Legacy)
2001-11-01 21:00:00,2001,11,22,11622.341854775847,22.289576623258593,HOEP (Legacy)
2001-11-01 22:00:00,2001,11,23,11485.88466787717,22.95757348082839,HOEP (Legacy)
2001-11-01 23:00:00,2001,11,24,11003.452111081977,12.300825830258336,HOEP (Legacy)
2001-11-02 00:00:00,2001,11,1,11476.352183282948,22.986178665669424,HOEP (Legacy)
2001-11-02 01:00:00,2001,11,2,11958.583010412029,25.107858681644387,HOEP (Legacy)
2001-11-02 02:00:00,2001,11,3,12084.425104221238,37.270462104685066,HOEP (Legacy)
2001-11-02 03:00:00,2001,11,4,12697.231962367197,41.623719589437634,HOEP (Legacy)
2001-11-02 04:00:00,2001,11,5,12181.263393535966,23.80685437781558,HOEP (Legacy)
2001-11-02 05:00:00,2001,11,6,12778.348415624843,50.91385868987292,HOEP (Legacy)
2001-11-02 06:00:00,2001,11,7,13994.276579198648,26.266944333030594,HOEP (Legacy)
2001-11-02 07:00:00,2001,11,8,13620.068629865296,37.326518009625524,HOEP (Legacy)
2001-11-02 08:00:00,2001,11,9,14413.192429744038,28.65520441969475,HOEP (Legacy)
2001-11-02 09:00:00,2001,11,10,14004.480395569863,47.843918925719905,HOEP (Legacy)
2001-11-02 10:00:00,2001,11,11,13593.870597718607,7.955235583147612,HOEP (Legacy)
2001-11-02 11:00:00,2001,11,12,13894.394657372464,43.51510944626056,HOEP (Legacy)
2001-11-02 12:00:00,2001,11,13,12591.811383296608,28.92601439205052,HOEP (Legacy)
2001-11-02 13:00:00,2001,11,14,13013.363812216843,21.616777312730825,HOEP (Legacy)
2001-11-02 14:00:00,2001,11,15,13234.428727708264,33.04785022337799,HOEP (Legacy)
2001-11-02 15:00:00,2001,11,16,12704.123804551673,25.14725872707442,HOEP (Legacy)
2001-11-02 16:00:00,2001,11,17,13071.47535406357,55.62229173916309,HOEP (Legacy)
2001-11-02 17:00:00,2001,11,18,12039.144307031122,7.977262425839424,HOEP (Legacy)
2001-11-02 18:00:00,2001,11,19,11960.489384228624,14.187258643646029,HOEP (Legacy)
2001-11-02 19:00:00,2001,11,20,12210.815170540449,17.78059551585033,HOEP (Legacy)
2001-11-02 20:00:00,2001,11,21,11077.417763952642,31.399520547064675,HOEP (Legacy)
2001-11-02 21:00:00,2001,11,22,11109.462691921583,24.38498787754125,HOEP (Legacy)
2001-11-02 22:00:00,2001,11,23,11019.713312249785,40.253361514732134,HOEP (Legacy)
2001-11-02 23:00:00,2001,11,24,11355.086398515861,32.70949531293971,HOEP (Legacy)
2001-11-03 00:00:00,2001,11,1,11746.553130549784,47.107025085417845,HOEP (Legacy)
2001-11-03 01:00:00,2001,11,2,11986.48947252206,55.24527638204519,HOEP (Legacy)
2001-11-03 02:00:00,2001,11,3,12275.57323654511,30.800661791409013,HOEP (Legacy)
2001-11-03 03:00:00,2001,11,4,13259.478195492142,38.33994156434062,HOEP (Legacy)
2001-11-03 04:00:00,2001,11,5,13123.934374488343,62.3167538520432,HOEP (Legacy)
2001-11-03 05:00:00,2001,11,6,13200.172793477901,45.14394677666101,HOEP (Legacy)
2001-11-03 06:00:00,2001,11,7,13208.078359225341,46.26357217593472,HOEP (Legacy)
2001-11-03 07:00:00,2001,11,8,13160.02992896328,38.93191470512829,HOEP (Legacy)
2001-11-03 08:00:00,2001,11,9,13627.789247376817,33.32584245912742,HOEP (Legacy)
2001-11-03 09:00:00,2001,11,10,13889.928798850104,44.66671707651314,HOEP (Legacy)
2001-11-03 10:00:00,2001,11,11,14305.380220632878,39.711189354673735,HOEP (Legacy)
2001-11-03 11:00:00,2001,11,12,13138.261257646733,31.485932991896757,HOEP (Legacy)
2001-11-03 12:00:00,2001,11,13,14045.946695434,44.33872538832045,HOEP (Legacy)
2001-11-03 13:00:00,2001,11,14,13349.618318881685,16.827096039225577,HOEP (Legacy)
2001-11-03 14:00:00,2001,11,15,13219.17420916142,32.21146729453611,HOEP (Legacy)
2001-11-03 15:00:00,2001,11,16,12984.169395973848,21.650650699189164,HOEP (Legacy)
2001-11-03 16:00:00,2001,11,17,12588.230421642196,24.928498872236155,HOEP (Legacy)
2001-11-03 17:00:00,2001,11,18,13041.25203106685,44.97930746541558,HOEP (Legacy)
2001-11-03 18:00:00,2001,11,19,12370.326067073938,52.24954490030269,HOEP (Legacy)
2001-11-03 19:00:00,2001,11,20,12089.609448284707,26.07098607214432,HOEP (Legacy)
2001-11-03 20:00:00,2001,11,21,11031.193432136473,16.822648392984114,HOEP (Legacy)
2001-11-03 21:00:00,2001,11,22,12513.900670046361,31.483081632848236,HOEP (Legacy)
2001-11-03 22:00:00,2001,11,23,11636.030015706418,23.502018411202975,HOEP (Legacy)
2001-11-03 23:00:00,2001,11,24,10707.2542696122,23.22629640627927,HOEP (Legacy)
2001-11-04 00:00:00,2001,11,1,11339.725334550301,27.85122877229738,HOEP (Legacy)
2001-11-04 01:00:00,2001,11,2,11131.454381564969,27.062331894102357,HOEP (Legacy)
2001-11-04 02:00:00,2001,11,3,11937.953885410843,2.2295834919999535,HOEP (Legacy)
2001-11-04 03:00:00,2001,11,4,12218.16928729118,30.632296463150983,HOEP (Legacy)
2001-11-04 04:00:00,2001,11,5,12622.768548976574,28.701472505184345,HOEP (Legacy)
2001-11-04 05:00:00,2001,11,6,13660.577760736373,28.850590424120618,HOEP (Legacy)
2001-11-04 06:00:00,2001,11,7,13024.78407518944,52.70952979185568,HOEP (Legacy)
2001-11-04 07:00:00,2001,11,8,13228.703427016855,40.39832976598638,HOEP (Legacy)
2001-11-04 08:00:00,2001,11,9,13790.892546502564,34.4524195223589,HOEP (Legacy)
2001-11-04 09:00:00,2001,11,10,14174.192026884399,41.59271734328827,HOEP (Legacy)
2001-11-04 10:00:00,2001,11,11,13951.349186732015,28.672890870628873,HOEP (Legacy)
2001-11-04 11:00:00,2001,11,12,13882.612891281029,42.07527576946053,HOEP (Legacy)
2001-11-04 12:00:00,2001,11,13,13908.888970174034,40.36533525666805,HOEP (Legacy)
2001-11-04 13:00:00,2001,11,14,13718.164693319457,47.14828883643874,HOEP (Legacy)
2001-11-04 14:00:00,2001,11,15,13551.543338938218,39.25256642528417,HOEP (Legacy)
2001-11-04 15:00:00,2001,11,16,13253.967215864111,41.241061273513196,HOEP (Legacy)
2001-11-04 16:00:00,2001,11,17,13101.18943077148,24.70656430984906,HOEP (Legacy)
2001-11-04 17:00:00,2001,11,18,12811.628983632076,26.0657289398687,HOEP (Legacy)
2001-11-04 18:00:00,2001,11,19,12625.473988798112,42.810374553383056,HOEP (Legacy)
2001-11-04 19:00:00,2001,11,20,11993.86496095403,35.802740297186176,HOEP (Legacy)
2001-11-04 20:00:00,2001,11,21,12258.934064688256,45.305638950067504,HOEP (Legacy)
2001-11-04 21:00:00,2001,11,22,12529.323031622012,27.92885570761664,HOEP (Legacy)
2001-11-04 22:00:00,2001,11,23,10940.711036429964,25.419398554023726,HOEP (Legacy)
2001-11-04 23:00:00,2001,11,24,11062.356127310566,11.625466913089582,HOEP (Legacy)
2001-11-05 00:00:00,2001,11,1,11836.287699351655,17.568323484533014,HOEP (Legacy)
2001-11-05 01:00:00,2001,11,2,11790.798594776348,19.32687735369148,HOEP (Legacy)
2001-11-05 02:00:00,2001,11,3,12459.97204896209,29.539284962227786,HOEP (Legacy)
2001-11-05 03:00:00,2001,11,4,12357.423060963396,29.562825424448878,HOEP (Legacy)
2001-11-05 04:00:00,2001,11,5,12345.204740654279,25.91629153354264,HOEP (Legacy)
2001-11-05 05:00:00,2001,11,6,13565.960005094375,33.52422919894455,HOEP (Legacy)
2001-11-05 06:00:00,2001,11,7,12564.845662993957,25.004972409642768,HOEP (Legacy)
2001-11-05 07:00:00,2001,11,8,13279.651579664536,25.942335198011875,HOEP (Legacy)
2001-11-05 08:00:00,2001,11,9,13454.535203008112,8.180506838988634,HOEP (Legacy)
2001-11-05 09:00:00,2001,11,10,13778.936978273457,29.891133685589836,HOEP (Legacy)
2001-11-05 10:00:00,2001,11,11,14109.407910927623,31.85728926613394,HOEP (Legacy)
2001-11-05 11:00:00,2001,11,12,14017.30342404994,35.901562887518914,HOEP (Legacy)
2001-11-05 12:00:00,2001,11,13,14639.008075377606,56.16353550276513,HOEP (Legacy)
2001-11-05 13:00:00,2001,11,14,14220.142832518775,46.573581355982405,HOEP (Legacy)
2001-11-05 14:00:00,2001,11,15,12962.05539159124,29.839282991698752,HOEP (Legacy)
2001-11-05 15:00:00,2001,11,16,13444.914107908207,40.68996605913745,HOEP (Legacy)
2001-11-05 16:00:00,2001,11,17,12807.326099351021,63.26717607183622,HOEP (Legacy)
2001-11-05 17:00:00,2001,11,18,11843.014451800878,25.936215633946645,HOEP (Legacy)
2001-11-05 18:00:00,2001,11,19,11856.943438995257,24.10550396042815,HOEP (Legacy)
2001-11-05 19:00:00,2001,11,20,11932.046773965898,30.73935203561815,HOEP (Legacy)
2001-11-05 20:00:00,2001,11,21,12379.044480204255,17.771330166488962,HOEP (Legacy)
2001-11-05 21:00:00,2001,11,22,11763.888987637401,29.737051047213487,HOEP (Legacy)
2001-11-05 22:00:00,2001,11,23,11862.007038611131,23.30814683595706,HOEP (Legacy)
2001-11-05 23:00:00,2001,11,24,11294.577832371651,41.05486944135407,HOEP (Legacy)
2001-11-06 00:00:00,2001,11,1,11340.859726101122,6.49956443210721,HOEP (Legacy)
2001-11-06 01:00:00,2001,11,2,11803.867958728704,36.0311609568915,HOEP (Legacy)
2001-11-06 02:00:00,2001,11,3,11807.128052436716,36.59491574525893,HOEP (Legacy)
2001-11-06 03:00:00,2001,11,4,12101.388139970097,24.3037704600685,HOEP (Legacy)
2001-11-06 04:00:00,2001,11,5,12808.001509713387,35.238697956540044,HOEP (Legacy)
2001-11-06 05:00:00,2001,11,6,13655.0176762333,34.39505663102659,HOEP (Legacy)
2001-11-06 06:00:00,2001,11,7,13354.16738504668,30.21405611968522,HOEP (Legacy)
2001-11-06 07:00:00,2001,11,8,13668.510447550263,50.640314952295974,HOEP (Legacy)
2001-11-06 08:00:00,2001,11,9,13685.732548574013,37.15645886272027,HOEP (Legacy)
2001-11-06 09:00:00,2001,11,10,14332.786636314755,51.03315938334968,HOEP (Legacy)
2001-11-06 10:00:00,2001,11,11,14363.99284123333,45.18586331384785,HOEP (Legacy)
2001-11-06 11:00:00,2001,11,12,13485.222761524947,41.79407481483221,HOEP (Legacy)
2001-11-06 12:00:00,2001,11,13,14218.041798488026,44.927203283458866,HOEP (Legacy)
2001-11-06 13:00:00,2001,11,14,13526.89164959463,25.846668617579617,HOEP (Legacy)
2001-11-06 14:00:00,2001,11,15,13806.59186989911,44.71801446908559,HOEP (Legacy)
2001-11-06 15:00:00,2001,11,16,13188.459548172275,29.552391842400148,HOEP (Legacy)
2001-11-06 16:00:00,2001,11,17,12673.190047568269,41.21829394154515,HOEP (Legacy)
2001-11-06 17:00:00,2001,11,18,12623.360633757638,21.87147156168136,HOEP (Legacy)
2001-11-06 18:00:00,2001,11,19,12158.605405030026,31.386834624430623,HOEP (Legacy)
2001-11-06 19:00:00,2001,11,20,12085.096151223557,21.105459852967975,HOEP (Legacy)
2001-11-06 20:00:00,2001,11,21,11078.843981115631,28.26658287353289,HOEP (Legacy)
2001-11-06 21:00:00,2001,11,22,12109.809364878196,3.277523139934271,HOEP (Legacy)
2001-11-06 22:00:00,2001,11,23,11218.162270625213,39.64688163958135,HOEP (Legacy)
2001-11-06 23:00:00,2001,11,24,11370.355064030473,37.85542387687444,HOEP (Legacy)
2001-11-07 00:00:00,2001,11,1,11502.959324392146,10.204181008609565,HOEP (Legacy)
2001-11-07 01:00:00,2001,11,2,11733.417880844341,48.39545262572854,HOEP (Legacy)
2001-11-07 02:00:00,2001,11,3,12958.234762280768,26.59390208131141,HOEP (Legacy)
2001-11-07 03:00:00,2001,11,4,12465.91168025247,29.547440272670755,HOEP (Legacy)
2001-11-07 04:00:00,2001,11,5,11705.801593130716,30.83446493271363,HOEP (Legacy)
2001-11-07 05:00:00,2001,11,6,13426.30498512284,43.008124697225504,HOEP (Legacy)
2001-11-07 06:00:00,2001,11,7,13913.989401360275,11.804851090542734,HOEP (Legacy)
2001-11-07 07:00:00,2001,11,8,13120.133365643786,30.816522109351865,HOEP (Legacy)
2001-11-07 08:00:00,2001,11,9,14055.611150597102,39.287018454871216,HOEP (Legacy)
2001-11-07 09:00:00,2001,11,10,13443.168051741959,29.782119975996768,HOEP (Legacy)
2001-11-07 10:00:00,2001,11,11,14023.258087865872,43.469689411783676,HOEP (Legacy)
2001-11-07 11:00:00,2001,11,12,13885.228798305356,23.812536783271568,HOEP (Legacy)
2001-11-07 12:00:00,2001,11,13,13816.15573348822,11.793162629979612,HOEP (Legacy)
2001-11-07 13:00:00,2001,11,14,13411.794660819984,29.217945838647147,HOEP (Legacy)
2001-11-07 14:00:00,2001,11,15,13338.228754278418,14.649767594578247,HOEP (Legacy)
2001-11-07 15:00:00,2001,11,16,13202.952896406903,8.103205807027479,HOEP (Legacy)
2001-11-07 16:00:00,2001,11,17,12317.00345760865,32.90628439870367,HOEP (Legacy)
2001-11-07 17:00:00,2001,11,18,12461.022088624744,38.91503666781502,HOEP (Legacy)
2001-11-07 18:00:00,2001,11,19,12673.580146604443,38.104108678372185,HOEP (Legacy)
2001-11-07 19:00:00,2001,11,20,12174.211834975427,42.104417721398306,HOEP (Legacy)
2001-11-07 20:00:00,2001,11,21,12202.623849997288,41.86710102723364,HOEP (Legacy)
2001-11-07 21:00:00,2001,11,22,12152.729324734204,26.936764471958924,HOEP (Legacy)
2001-11-07 22:00:00,2001,11,23,11684.369119883208,12.805467231920662,HOEP (Legacy)
2001-11-07 23:00:00,2001,11,24,12178.97283635736,31.770823989537547,HOEP (Legacy)
2001-11-08 00:00:00,2001,11,1,12011.894890509426,16.97523308273386,HOEP (Legacy)
2001-11-08 01:00:00,2001,11,2,11726.538602497714,24.641084819073864,HOEP (Legacy)
2001-11-08 02:00:00,2001,11,3,11652.8289899992,35.409668592415784,HOEP (Legacy)
2001-11-08 03:00:00,2001,11,4,12681.46370951072,28.96199013994911,HOEP (Legacy)
2001-11-08 04:00:00,2001,11,5,13035.63657940817,18.525830316950696,HOEP (Legacy)
2001-11-08 05:00:00,2001,11,6,13919.210786973419,44.37593186580807,HOEP (Legacy)
2001-11-08 06:00:00,2001,11,7,14151.061749845501,26.758294029496785,HOEP (Legacy)
2001-11-08 07:00:00,2001,11,8,13679.240995383467,58.21851585359191,HOEP (Legacy)
2001-11-08 08:00:00,2001,11,9,14591.116268844109,36.40265028684165,HOEP (Legacy)
2001-11-08 09:00:00,2001,11,10,13877.76951951334,27.608500872706724,HOEP (Legacy)
2001-11-08 10:00:00,2001,11,11,14586.881106186533,38.01553651874177,HOEP (Legacy)
2001-11-08 11:00:00,2001,11,12,13255.149937999218,53.87538873185898,HOEP (Legacy)
2001-11-08 12:00:00,2001,11,13,14157.122659997824,22.310301125780605,HOEP (Legacy)
2001-11-08 13:00:00,2001,11,14,13066.949368641648,28.25378601727079,HOEP (Legacy)
2001-11-08 14:00:00,2001,11,15,13575.524271960767,39.82135643388386,HOEP (Legacy)
2001-11-08 15:00:00,2001,11,16,12914.812153319372,48.51419084827454,HOEP (Legacy)
2001-11-08 16:00:00,2001,11,17,12959.89130473289,37.30954113377021,HOEP (Legacy)
2001-11-08 17:00:00,2001,11,18,11795.324408889635,39.17999328658244,HOEP (Legacy)
2001-11-08 18:00:00,2001,11,19,11330.274650331708,23.11182834353352,HOEP (Legacy)
2001-11-08 19:00:00,2001,11,20,11922.423446550067,21.72375939427971,HOEP (Legacy)
2001-11-08 20:00:00,2001,11,21,11599.378281063206,14.743191749203937,HOEP (Legacy)
2001-11-08 21:00:00,2001,11,22,11000.598328096778,14.40393768358227,HOEP (Legacy)
2001-11-08 22:00:00,2001,11,23,11673.916549389372,22.335442650580067,HOEP (Legacy)
2001-11-08 23:00:00,2001,11,24,11352.294747340991,25.190461955186922,HOEP (Legacy)
2001-11-09 00:00:00,2001,11,1,11612.409913996531,18.40945985700712,HOEP (Legacy)
2001-11-09 01:00:00,2001,11,2,12204.934940118068,49.82344690351907,HOEP (Legacy)
2001-11-09 02:00:00,2001,11,3,12282.31795750874,36.196157494016624,HOEP (Legacy)
2001-11-09 03:00:00,2001,11,4,12118.243890619045,39.02359280729067,HOEP (Legacy)
2001-11-09 04:00:00,2001,11,5,12873.816278852337,21.784282682853217,HOEP (Legacy)
2001-11-09 05:00:00,2001,11,6,12998.216329630455,44.50905118486017,HOEP (Legacy)
2001-11-09 06:00:00,2001,11,7,13477.654533597437,51.45622422478924,HOEP (Legacy)
2001-11-09 07:00:00,2001,11,8,13794.291670234004,50.662226311350665,HOEP (Legacy)
2001-11-09 08:00:00,2001,11,9,13333.31940771075,61.175327360226916,HOEP (Legacy)
2001-11-09 09:00:00,2001,11,10,13925.036223577115,52.35797767157655,HOEP (Legacy)
2001-11-09 10:00:00,2001,11,11,13672.07008144687,24.586234819756136,HOEP (Legacy)
2001-11-09 11:00:00,2001,11,12,13820.117988628324,38.530689008798774,HOEP (Legacy)
2001-11-09 12:00:00,2001,11,13,14442.288204778566,22.657408894210334,HOEP (Legacy)
2001-11-09 13:00:00,2001,11,14,13733.171766243884,52.73817421525704,HOEP (Legacy)
2001-11-09 14:00:00,2001,11,15,12663.594025497841,62.75646983560617,HOEP (Legacy)
2001-11-09 15:00:00,2001,11,16,12719.969679654083,32.761707349076495,HOEP (Legacy)
2001-11-09 16:00:00,2001,11,17,12544.875544657856,35.62729595459088,HOEP (Legacy)
2001-11-09 17:00:00,2001,11,18,12697.504977916564,29.685173665053043,HOEP (Legacy)
2001-11-09 18:00:00,2001,11,19,11861.041813971193,12.723463790530012,HOEP (Legacy)
2001-11-09 19:00:00,2001,11,20,11041.499386557882,16.76283454984225,HOEP (Legacy)
2001-11-09 20:00:00,2001,11,21,11808.721470973875,23.25759107588007,HOEP (Legacy)
2001-11-09 21:00:00,2001,11,22,11512.873187579895,44.52018360954992,HOEP (Legacy)
2001-11-09 22:00:00,2001,11,23,11829.020181088683,23.668395653923127,HOEP (Legacy)
2001-11-09 23:00:00,2001,11,24,11561.086635683623,12.907617170612724,HOEP (Legacy)
2001-11-10 00:00:00,2001,11,1,11438.903401824911,31.168485438214756,HOEP (Legacy)
2001-11-10 01:00:00,2001,11,2,12059.262385434417,13.413524022448748,HOEP (Legacy)
2001-11-10 02:00:00,2001,11,3,12025.032993697927,34.947651661639895,HOEP (Legacy)
2001-11-10 03:00:00,2001,11,4,12853.113580035068,60.85655896608836,HOEP (Legacy)
2001-11-10 04:00:00,2001,11,5,12438.443779419254,34.825536741432614,HOEP (Legacy)
2001-11-10 05:00:00,2001,11,6,12460.447081831086,14.04010635498571,HOEP (Legacy)
2001-11-10 06:00:00,2001,11,7,13123.082594056583,28.70297181305934,HOEP (Legacy)
2001-11-10 07:00:00,2001,11,8,13399.356411141174,29.47649814389556,HOEP (Legacy)
2001-11-10 08:00:00,2001,11,9,13655.027129153015,27.071033161007804,HOEP (Legacy)
2001-11-10 09:00:00,2001,11,10,14053.528470817155,49.42262762599155,HOEP (Legacy)
2001-11-10 10:00:00,2001,11,11,14289.03415643653,42.272641446207274,HOEP (Legacy)
2001-11-10 11:00:00,2001,11,12,13631.627947243383,12.772457394781703,HOEP (Legacy)
2001-11-10 12:00:00,2001,11,13,14594.117811747217,29.390878464644373,HOEP (Legacy)
2001-11-10 13:00:00,2001,11,14,14248.402472941327,27.70718211072627,HOEP (Legacy)
2001-11-10 14:00:00,2001,11,15,14029.439555083092,46.71232816039392,HOEP (Legacy)
2001-11-10 15:00:00,2001,11,16,12527.603257768658,32.500476925042804,HOEP (Legacy)
2001-11-10 16:00:00,2001,11,17,12681.08920432261,21.109448343255387,HOEP (Legacy)
2001-11-10 17:00:00,2001,11,18,12722.070891920308,26.82976301801903,HOEP (Legacy)
2001-11-10 18:00:00,2001,11,19,12916.400255339471,16.341752179129024,HOEP (Legacy)
2001-11-10 19:00:00,2001,11,20,11393.169768679527,16.87974726888792,HOEP (Legacy)
2001-11-10 20:00:00,2001,11,21,12020.184201651091,11.744215254287727,HOEP (Legacy)
2001-11-10 21:00:00,2001,11,22,11429.237836956985,36.09418975406274,HOEP (Legacy)
2001-11-10 22:00:00,2001,11,23,12303.934660121091,15.04515077090044,HOEP (Legacy)
2001-11-10 23:00:00,2001,11,24,11494.769592192852,35.67587931205154,HOEP (Legacy)
2001-11-11 00:00:00,2001,11,1,11706.324177962415,24.697266684786808,HOEP (Legacy)
2001-11-11 01:00:00,2001,11,2,11736.75810549809,20.608755046851478,HOEP (Legacy)
2001-11-11 02:00:00,2001,11,3,11767.36983534409,39.12394730294161,HOEP (Legacy)
2001-11-11 03:00:00,2001,11,4,11901.521259975201,27.264636985534402,HOEP (Legacy)
2001-11-11 04:00:00,2001,11,5,12296.391806931872,26.24858110908573,HOEP (Legacy)
2001-11-11 05:00:00,2001,11,6,12596.618573148795,13.305798187240942,HOEP (Legacy)
2001-11-11 06:00:00,2001,11,7,13932.127232515999,47.23562637494544,HOEP (Legacy)
2001-11-11 07:00:00,2001,11,8,13781.886557533884,39.14833397462826,HOEP (Legacy)
2001-11-11 08:00:00,2001,11,9,14547.56706496959,43.20506829244935,HOEP (Legacy)
2001-11-11 09:00:00,2001,11,10,14477.275334560809,53.986772257489974,HOEP (Legacy)
2001-11-11 10:00:00,2001,11,11,13735.86947655297,32.742949089040344,HOEP (Legacy)
2001-11-11 11:00:00,2001,11,12,14747.325697312497,54.219486732981196,HOEP (Legacy)
2001-11-11 12:00:00,2001,11,13,13802.44116681851,37.766835126213195,HOEP (Legacy)
2001-11-11 13:00:00,2001,11,14,13531.715146631162,50.5205995052154,HOEP (Legacy)
2001-11-11 14:00:00,2001,11,15,13281.987395812062,9.144244900508642,HOEP (Legacy)
2001-11-11 15:00:00,2001,11,16,13167.247083038505,49.58326438905257,HOEP (Legacy)
2001-11-11 16:00:00,2001,11,17,12459.511774371282,24.76537364150734,HOEP (Legacy)
2001-11-11 17:00:00,2001,11,18,12435.64593696001,14.051069009891378,HOEP (Legacy)
2001-11-11 18:00:00,2001,11,19,12185.769089340129,29.044012972581374,HOEP (Legacy)
2001-11-11 19:00:00,2001,11,20,11716.416922761684,8.476520075269502,HOEP (Legacy)
2001-11-11 20:00:00,2001,11,21,12081.457780693883,24.363132572108977,HOEP (Legacy)
2001-11-11 21:00:00,2001,11,22,11315.284333283586,7.523050885987285,HOEP (Legacy)
2001-11-11 22:00:00,2001,11,23,11172.644909184273,8.95238909376927,HOEP (Legacy)
2001-11-11 23:00:00,2001,11,24,11689.837137795515,22.3227759468952,HOEP (Legacy)
2001-11-12 00:00:00,2001,11,1,11502.19117250388,36.00469739746831,HOEP (Legacy)
2001-11-12 01:00:00,2001,11,2,12111.442408775325,21.20962934292459,HOEP (Legacy)
2001-11-12 02:00:00,2001,11,3,12210.962320916515,51.61602348016864,HOEP (Legacy)
2001-11-12 03:00:00,2001,11,4,12264.372013192218,31.63068694085236,HOEP (Legacy)
2001-11-12 04:00:00,2001,11,5,12425.86199647191,41.962772312758844,HOEP (Legacy)
2001-11-12 05:00:00,2001,11,6,12931.620691842647,22.77043437539014,HOEP (Legacy)
2001-11-12 06:00:00,2001,11,7,14142.029276939731,39.59904503738932,HOEP (Legacy)
2001-11-12 07:00:00,2001,11,8,13784.226684837371,35.26002748013912,HOEP (Legacy)
2001-11-12 08:00:00,2001,11,9,14430.172215401919,46.20835775210759,HOEP (Legacy)
2001-11-12 09:00:00,2001,11,10,14165.751121392019,51.80822575705734,HOEP (Legacy)
2001-11-12 10:00:00,2001,11,11,14063.342837602395,54.60832720692701,HOEP (Legacy)
2001-11-12 11:00:00,2001,11,12,12867.26398830631,28.690661518815226,HOEP (Legacy)
2001-11-12 12:00:00,2001,11,13,13409.927792279557,19.02579604952758,HOEP (Legacy)
2001-11-12 13:00:00,2001,11,14,13798.24651061502,51.16911016290966,HOEP (Legacy)
2001-11-12 14:00:00,2001,11,15,12819.416587292759,23.60209297711446,HOEP (Legacy)
2001-11-12 15:00:00,2001,11,16,13232.12116246039,52.739948878093415,HOEP (Legacy)
2001-11-12 16:00:00,2001,11,17,12149.834504876504,21.389845248716618,HOEP (Legacy)
2001-11-12 17:00:00,2001,11,18,12180.350550295012,38.093024689196696,HOEP (Legacy)
2001-11-12 18:00:00,2001,11,19,11313.177152852006,27.084234858980825,HOEP (Legacy)
2001-11-12 19:00:00,2001,11,20,11684.314503036123,12.678764648326451,HOEP (Legacy)
2001-11-12 20:00:00,2001,11,21,11463.530017813326,39.37521711351644,HOEP (Legacy)
2001-11-12 21:00:00,2001,11,22,11341.737713311983,-10.479257896647614,HOEP (Legacy)
2001-11-12 22:00:00,2001,11,23,11236.593562793685,7.880471865473218,HOEP (Legacy)
2001-11-12 23:00:00,2001,11,24,11869.253903799938,24.129969060752515,HOEP (Legacy)
2001-11-13 00:00:00,2001,11,1,11980.261056845036,20.21836105245948,HOEP (Legacy)
2001-11-13 01:00:00,2001,11,2,11485.874778978054,29.018039084863023,HOEP (Legacy)
2001-11-13 02:00:00,2001,11,3,11898.410024823728,27.467738716524455,HOEP (Legacy)
2001-11-13 03:00:00,2001,11,4,11705.00844400585,27.490994797042198,HOEP (Legacy)
2001-11-13 04:00:00,2001,11,5,12539.88990644127,46.12863525941492,HOEP (Legacy)
2001-11-13 05:00:00,2001,11,6,12977.803408177157,45.94470852527614,HOEP (Legacy)
2001-11-13 06:00:00,2001,11,7,13293.21643656007,64.30978983391545,HOEP (Legacy)
2001-11-13 07:00:00,2001,11,8,13326.74364393519,42.773270873867894,HOEP (Legacy)
2001-11-13 08:00:00,2001,11,9,13721.332209537728,47.45306429587471,HOEP (Legacy)
2001-11-13 09:00:00,2001,11,10,14376.848672874943,45.4139280514801,HOEP (Legacy)
2001-11-13 10:00:00,2001,11,11,14471.50133814704,51.54231514897637,HOEP (Legacy)
2001-11-13 11:00:00,2001,11,12,13517.508380605985,56.86684494007093,HOEP (Legacy)
2001-11-13 12:00:00,2001,11,13,13807.319768652198,50.075023394223955,HOEP (Legacy)
2001-11-13 13:00:00,2001,11,14,13692.948751833814,60.81692947372812,HOEP (Legacy)
2001-11-13 14:00:00,2001,11,15,13551.502035198428,49.47588409530427,HOEP (Legacy)
2001-11-13 15:00:00,2001,11,16,13807.839016044745,33.218135171886935,HOEP (Legacy)
2001-11-13 16:00:00,2001,11,17,13396.047934653197,50.31078935482031,HOEP (Legacy)
2001-11-13 17:00:00,2001,11,18,12749.43240597667,41.1710491270112,HOEP (Legacy)
2001-11-13 18:00:00,2001,11,19,12404.541958306689,11.700633498804553,HOEP (Legacy)
2001-11-13 19:00:00,2001,11,20,11787.072643082365,26.779464326245787,HOEP (Legacy)
2001-11-13 20:00:00,2001,11,21,11554.624346512373,6.672553012457076,HOEP (Legacy)
2001-11-13 21:00:00,2001,11,22,11693.299184989217,50.22998383128465,HOEP (Legacy)
2001-11-13 22:00:00,2001,11,23,11488.86622511066,38.31934138276172,HOEP (Legacy)
2001-11-13 23:00:00,2001,11,24,11946.148773690447,20.649782034520868,HOEP (Legacy)
2001-11-14 00:00:00,2001,11,1,11723.20774764403,24.189915316732144,HOEP (Legacy)
2001-11-14 01:00:00,2001,11,2,12314.74500491268,35.311315125931884,HOEP (Legacy)
2001-11-14 02:00:00,2001,11,3,10998.276187406162,-4.135229162721398,HOEP (Legacy)
2001-11-14 03:00:00,2001,11,4,12878.405521888808,44.60955870383105,HOEP (Legacy)
2001-11-14 04:00:00,2001,11,5,12090.129176686694,25.692581440506704,HOEP (Legacy)
2001-11-14 05:00:00,2001,11,6,12929.634052334994,24.112929461306404,HOEP (Legacy)
2001-11-14 06:00:00,2001,11,7,14062.721950354327,57.70141154048184,HOEP (Legacy)
2001-11-14 07:00:00,2001,11,8,14411.700379513914,30.700963835183856,HOEP (Legacy)
2001-11-14 08:00:00,2001,11,9,13669.421928226098,35.52843251941954,HOEP (Legacy)
2001-11-14 09:00:00,2001,11,10,14017.418102176358,54.79659941295741,HOEP (Legacy)
2001-11-14 10:00:00,2001,11,11,13829.706770260787,35.52350425748573,HOEP (Legacy)
2001-11-14 11:00:00,2001,11,12,13793.340866203438,61.246498934771765,HOEP (Legacy)
2001-11-14 12:00:00,2001,11,13,13782.85210473545,51.190366704399175,HOEP (Legacy)
2001-11-14 13:00:00,2001,11,14,13132.254289870052,47.09660466630201,HOEP (Legacy)
2001-11-14 14:00:00,2001,11,15,13488.70952057663,30.418644854993584,HOEP (Legacy)
2001-11-14 15:00:00,2001,11,16,11893.860885558044,54.571450982742945,HOEP (Legacy)
2001-11-14 16:00:00,2001,11,17,13350.163338631248,32.932894216289974,HOEP (Legacy)
2001-11-14 17:00:00,2001,11,18,12420.157774956893,45.07929681957467,HOEP (Legacy)
2001-11-14 18:00:00,2001,11,19,12566.47234306935,47.8152877459856,HOEP (Legacy)
2001-11-14 19:00:00,2001,11,20,12349.75471741458,35.36651824977424,HOEP (Legacy)
2001-11-14 20:00:00,2001,11,21,12014.55527645279,44.28896706843861,HOEP (Legacy)
2001-11-14 21:00:00,2001,11,22,11610.203093229155,20.1924548868302,HOEP (Legacy)
2001-11-14 22:00:00,2001,11,23,11777.107566424376,36.077386146876854,HOEP (Legacy)
2001-11-14 23:00:00,2001,11,24,11743.855632872997,15.879564654927659,HOEP (Legacy)
2001-11-15 00:00:00,2001,11,1,11358.400884687659,-6.104308216507324,HOEP (Legacy)
2001-11-15 01:00:00,2001,11,2,11481.915788161348,31.648586888896155,HOEP (Legacy)
2001-11-15 02:00:00,2001,11,3,12325.303953579063,39.33202610869853,HOEP (Legacy)
2001-11-15 03:00:00,2001,11,4,12294.881831074073,37.99701531361771,HOEP (Legacy)
2001-11-15 04:00:00,2001,11,5,12759.365080319303,29.386162827374964,HOEP (Legacy)
2001-11-15 05:00:00,2001,11,6,12806.609576480438,37.62969813592933,HOEP (Legacy)
2001-11-15 06:00:00,2001,11,7,13933.47953419561,53.52040747695476,HOEP (Legacy)
2001-11-15 07:00:00,2001,11,8,13541.497912112382,49.37312944774256,HOEP (Legacy)
2001-11-15 08:00:00,2001,11,9,14000.803767885041,31.774154410899655,HOEP (Legacy)
2001-11-15 09:00:00,2001,11,10,14372.579398168753,17.839055047018185,HOEP (Legacy)
2001-11-15 10:00:00,2001,11,11,13578.847049076998,33.495566734154664,HOEP (Legacy)
2001-11-15 11:00:00,2001,11,12,14080.10158945659,22.780681992623,HOEP (Legacy)
2001-11-15 12:00:00,2001,11,13,14112.183228886219,38.735612218272394,HOEP (Legacy)
2001-11-15 13:00:00,2001,11,14,13638.626574107282,31.49095585642136,HOEP (Legacy)
2001-11-15 14:00:00,2001,11,15,13327.756204585909,56.016792880078164,HOEP (Legacy)
2001-11-15 15:00:00,2001,11,16,12402.482680460296,33.41390228457534,HOEP (Legacy)
2001-11-15 16:00:00,2001,11,17,11862.985233757503,29.929764502928926,HOEP (Legacy)
2001-11-15 17:00:00,2001,11,18,12433.00010765256,4.692437067990145,HOEP (Legacy)
2001-11-15 18:00:00,2001,11,19,11496.394394081333,14.545412390666241,HOEP (Legacy)
2001-11-15 19:00:00,2001,11,20,11542.145333519496,38.36834025965253,HOEP (Legacy)
2001-11-15 20:00:00,2001,11,21,11080.970938090595,13.34534376102043,HOEP (Legacy)
2001-11-15 21:00:00,2001,11,22,11860.343036079279,41.37851033310194,HOEP (Legacy)
2001-11-15 22:00:00,2001,11,23,11774.373163657347,26.223048704455792,HOEP (Legacy)
2001-11-15 23:00:00,2001,11,24,11636.522615647023,14.703162730573755,HOEP (Legacy)
2001-11-16 00:00:00,2001,11,1,11747.228868952247,20.554134146268556,HOEP (Legacy)
2001-11-16 01:00:00,2001,11,2,11950.61324320887,37.82456287846797,HOEP (Legacy)
2001-11-16 02:00:00,2001,11,3,11554.587034685166,26.646690241389134,HOEP (Legacy)
2001-11-16 03:00:00,2001,11,4,12577.196032375914,42.424264320645875,HOEP (Legacy)
2001-11-16 04:00:00,2001,11,5,13224.848067501778,44.357961357486026,HOEP (Legacy)
2001-11-16 05:00:00,2001,11,6,13481.617951327453,21.262544970993957,HOEP (Legacy)
2001-11-16 06:00:00,2001,11,7,13374.091997572334,39.49247452520715,HOEP (Legacy)
2001-11-16 07:00:00,2001,11,8,13967.409048549527,35.82225873685986,HOEP (Legacy)
2001-11-16 08:00:00,2001,11,9,13764.448616382886,61.082198814078254,HOEP (Legacy)
2001-11-16 09:00:00,2001,11,10,14026.964164221346,32.42365900999332,HOEP (Legacy)
2001-11-16 10:00:00,2001,11,11,13926.783315104562,52.05545850764464,HOEP (Legacy)
2001-11-16 11:00:00,2001,11,12,13961.335990003037,52.9979781166008,HOEP (Legacy)
2001-11-16 12:00:00,2001,11,13,14747.677868716395,37.462512815787974,HOEP (Legacy)
2001-11-16 13:00:00,2001,11,14,14172.2725767805,39.8894203822884,HOEP (Legacy)
2001-11-16 14:00:00,2001,11,15,12566.772773959035,11.775497975654723,HOEP (Legacy)
2001-11-16 15:00:00,2001,11,16,13654.541367642985,41.48788331745871,HOEP (Legacy)
2001-11-16 16:00:00,2001,11,17,12767.675749652048,34.58829711905703,HOEP (Legacy)
2001-11-16 17:00:00,2001,11,18,12390.520860977555,24.09363189963785,HOEP (Legacy)
2001-11-16 18:00:00,2001,11,19,12002.122335810936,35.34759013154855,HOEP (Legacy)
2001-11-16 19:00:00,2001,11,20,12181.9091355195,24.67680608531866,HOEP (Legacy)
2001-11-16 20:00:00,2001,11,21,11911.720679207958,38.623886739559836,HOEP (Legacy)
2001-11-16 21:00:00,2001,11,22,11542.32624278079,30.922081790744283,HOEP (Legacy)
2001-11-16 22:00:00,2001,11,23,11256.433372093234,29.865382180616372,HOEP (Legacy)
2001-11-16 23:00:00,2001,11,24,11473.4157481636,21.435439363002853,HOEP (Legacy)
2001-11-17 00:00:00,2001,11,1,11620.737868303882,25.177553901479886,HOEP (Legacy)
2001-11-17 01:00:00,2001,11,2,12121.748622351506,29.706978235138642,HOEP (Legacy)
2001-11-17 02:00:00,2001,11,3,12072.166810143102,29.722816551640882,HOEP (Legacy)
2001-11-17 03:00:00,2001,11,4,12274.673959977836,47.36923550004735,HOEP (Legacy)
2001-11-17 04:00:00,2001,11,5,12775.724031504558,22.841293788617364,HOEP (Legacy)
2001-11-17 05:00:00,2001,11,6,12839.880748018357,46.2905288686037,HOEP (Legacy)
2001-11-17 06:00:00,2001,11,7,13482.775933758629,30.146672158977463,HOEP (Legacy)
2001-11-17 07:00:00,2001,11,8,12870.912563566208,32.9497689373925,HOEP (Legacy)
2001-11-17 08:00:00,2001,11,9,13935.30313448658,47.64283696625736,HOEP (Legacy)
2001-11-17 09:00:00,2001,11,10,13652.663458935764,38.3894035936779,HOEP (Legacy)
2001-11-17 10:00:00,2001,11,11,13707.74524792773,15.081894323452193,HOEP (Legacy)
2001-11-17 11:00:00,2001,11,12,14676.440254680514,54.741546087879044,HOEP (Legacy)
2001-11-17 12:00:00,2001,11,13,13496.447355524162,51.470338070252105,HOEP (Legacy)
2001-11-17 13:00:00,2001,11,14,13785.513877187586,44.12241346780074,HOEP (Legacy)
2001-11-17 14:00:00,2001,11,15,13564.154350926576,40.27332980711173,HOEP (Legacy)
2001-11-17 15:00:00,2001,11,16,13263.019455388927,47.25635844390317,HOEP (Legacy)
2001-11-17 16:00:00,2001,11,17,12696.950953884036,16.35620580491776,HOEP (Legacy)
2001-11-17 17:00:00,2001,11,18,12853.831600877937,58.6988721639816,HOEP (Legacy)
2001-11-17 18:00:00,2001,11,19,12149.661397526672,41.527117193135574,HOEP (Legacy)
2001-11-17 19:00:00,2001,11,20,12118.125414404341,31.267221296362454,HOEP (Legacy)
2001-11-17 20:00:00,2001,11,21,11617.393800802716,0.8546708535373995,HOEP (Legacy)
2001-11-17 21:00:00,2001,11,22,11373.063092617369,14.26058609827819,HOEP (Legacy)
2001-11-17 22:00:00,2001,11,23,11237.380361399115,39.68105680442993,HOEP (Legacy)
2001-11-17 23:00:00,2001,11,24,11337.530616234551,36.783097711830536,HOEP (Legacy)
2001-11-18 00:00:00,2001,11,1,12364.689425710607,28.83595197335217,HOEP (Legacy)
2001-11-18 01:00:00,2001,11,2,12518.038401370282,42.124963972905235,HOEP (Legacy)
2001-11-18 02:00:00,2001,11,3,12264.699779857146,46.65360671821988,HOEP (Legacy)
2001-11-18 03:00:00,2001,11,4,12536.66468696653,29.83706700193285,HOEP (Legacy)
2001-11-18 04:00:00,2001,11,5,12744.215117484782,23.55950105426917,HOEP (Legacy)
2001-11-18 05:00:00,2001,11,6,12286.474288338524,44.691503384862074,HOEP (Legacy)
2001-11-18 06:00:00,2001,11,7,13453.881451108387,54.66755588326173,HOEP (Legacy)
2001-11-18 07:00:00,2001,11,8,14423.17269620924,30.60120981216745,HOEP (Legacy)
2001-11-18 08:00:00,2001,11,9,13861.469744485366,39.06720281521639,HOEP (Legacy)
2001-11-18 09:00:00,2001,11,10,14357.908876000989,29.757810967102746,HOEP (Legacy)
2001-11-18 10:00:00,2001,11,11,14715.408434366309,18.812687598032237,HOEP (Legacy)
2001-11-18 11:00:00,2001,11,12,13741.831869038197,51.16766775915069,HOEP (Legacy)
2001-11-18 12:00:00,2001,11,13,14046.587605949868,34.683123514248265,HOEP (Legacy)
2001-11-18 13:00:00,2001,11,14,13606.819051410248,42.48850482195143,HOEP (Legacy)
2001-11-18 14:00:00,2001,11,15,13939.422164742127,42.37071371651273,HOEP (Legacy)
2001-11-18 15:00:00,2001,11,16,13456.594929677825,47.573564128335086,HOEP (Legacy)
2001-11-18 16:00:00,2001,11,17,12907.07213680221,24.893721934441945,HOEP (Legacy)
2001-11-18 17:00:00,2001,11,18,12143.581119046761,34.58651187140035,HOEP (Legacy)
2001-11-18 18:00:00,2001,11,19,12633.713675551708,31.421248156603156,HOEP (Legacy)
2001-11-18 19:00:00,2001,11,20,11687.718117871296,18.625833810428265,HOEP (Legacy)
2001-11-18 20:00:00,2001,11,21,11510.89839908508,24.27443622417388,HOEP (Legacy)
2001-11-18 21:00:00,2001,11,22,11563.390126783277,-9.232568299320068,HOEP (Legacy)
2001-11-18 22:00:00,2001,11,23,11336.696916256915,21.29781155310036,HOEP (Legacy)
2001-11-18 23:00:00,2001,11,24,11405.721661315429,15.698151230294291,HOEP (Legacy)
2001-11-19 00:00:00,2001,11,1,12031.976463579167,30.69458244333425,HOEP (Legacy)
2001-11-19 01:00:00,2001,11,2,11722.397732198086,2.3350698702513846,HOEP (Legacy)
2001-11-19 02:00:00,2001,11,3,11518.373986848537,17.064684442659537,HOEP (Legacy)
2001-11-19 03:00:00,2001,11,4,12288.25315598004,27.72480711710841,HOEP (Legacy)
2001-11-19 04:00:00,2001,11,5,13134.986428738537,15.476529928887885,HOEP (Legacy)
2001-11-19 05:00:00,2001,11,6,13315.293034560167,25.60673085105502,HOEP (Legacy)
2001-11-19 06:00:00,2001,11,7,12726.647022892193,29.954247093488984,HOEP (Legacy)
2001-11-19 07:00:00,2001,11,8,13320.385087999695,45.50833487964142,HOEP (Legacy)
2001-11-19 08:00:00,2001,11,9,13994.664524180256,27.17462021448029,HOEP (Legacy)
2001-11-19 09:00:00,2001,11,10,13324.672074857452,41.6540910428143,HOEP (Legacy)
2001-11-19 10:00:00,2001,11,11,14311.788270762469,39.4513436940704,HOEP (Legacy)
2001-11-19 11:00:00,2001,11,12,13534.287246045515,30.31076547832093,HOEP (Legacy)
2001-11-19 12:00:00,2001,11,13,13228.296603853201,24.0147633483301,HOEP (Legacy)
2001-11-19 13:00:00,2001,11,14,13334.76794900678,48.76764595888113,HOEP (Legacy)
2001-11-19 14:00:00,2001,11,15,13594.952046476521,21.277920289042402,HOEP (Legacy)
2001-11-19 15:00:00,2001,11,16,13394.221013285822,39.34472538036247,HOEP (Legacy)
2001-11-19 16:00:00,2001,11,17,12656.52372074139,41.7319534918838,HOEP (Legacy)
2001-11-19 17:00:00,2001,11,18,12749.390193616235,26.469914686932324,HOEP (Legacy)
2001-11-19 18:00:00,2001,11,19,11218.278285492288,-0.7296755180143464,HOEP (Legacy)
2001-11-19 19:00:00,2001,11,20,11705.760355872424,23.629846944594707,HOEP (Legacy)
2001-11-19 20:00:00,2001,11,21,11586.100784527589,8.355688221757603,HOEP (Legacy)
2001-11-19 21:00:00,2001,11,22,11881.50127323644,36.16647323292278,HOEP (Legacy)
2001-11-19 22:00:00,2001,11,23,10977.882872498642,35.28858932888451,HOEP (Legacy)
2001-11-19 23:00:00,2001,11,24,11773.48931477497,23.880078697332152,HOEP (Legacy)
2001-11-20 00:00:00,2001,11,1,12091.00844880249,20.93898920773191,HOEP (Legacy)
2001-11-20 01:00:00,2001,11,2,11746.945293538103,40.552708568324405,HOEP (Legacy)
2001-11-20 02:00:00,2001,11,3,11838.77925974494,20.976985796106785,HOEP (Legacy)
2001-11-20 03:00:00,2001,11,4,12782.948045775083,18.346319928362313,HOEP (Legacy)
2001-11-20 04:00:00,2001,11,5,12732.910499762831,29.49951234496665,HOEP (Legacy)
2001-11-20 05:00:00,2001,11,6,12481.165381055565,22.820742052740314,HOEP (Legacy)
2001-11-20 06:00:00,2001,11,7,12524.78696432153,31.937019082473036,HOEP (Legacy)
2001-11-20 07:00:00,2001,11,8,13436.175854054947,15.290666211050453,HOEP (Legacy)
2001-11-20 08:00:00,2001,11,9,14233.509614105487,19.032845319944332,HOEP (Legacy)
2001-11-20 09:00:00,2001,11,10,13725.68547624337,34.06042119563517,HOEP (Legacy)
2001-11-20 10:00:00,2001,11,11,13713.568071193547,36.54594456883755,HOEP (Legacy)
2001-11-20 11:00:00,2001,11,12,14384.842782034513,31.596133454235016,HOEP (Legacy)
2001-11-20 12:00:00,2001,11,13,13477.907867051357,40.16883432405159,HOEP (Legacy)
2001-11-20 13:00:00,2001,11,14,14411.232127107565,35.67095008421346,HOEP (Legacy)
2001-11-20 14:00:00,2001,11,15,13434.712224047335,61.683937948420336,HOEP (Legacy)
2001-11-20 15:00:00,2001,11,16,13472.229638428073,40.50406507916937,HOEP (Legacy)
2001-11-20 16:00:00,2001,11,17,12710.356885474595,38.094985894877816,HOEP (Legacy)
2001-11-20 17:00:00,2001,11,18,12860.343083464093,41.973939257429926,HOEP (Legacy)
2001-11-20 18:00:00,2001,11,19,12443.622768880714,38.455085012238214,HOEP (Legacy)
2001-11-20 19:00:00,2001,11,20,11862.485388682206,20.446390815925287,HOEP (Legacy)
2001-11-20 20:00:00,2001,11,21,11531.787895391148,13.344779351557062,HOEP (Legacy)
2001-11-20 21:00:00,2001,11,22,11531.957156224826,54.42008286240673,HOEP (Legacy)
2001-11-20 22:00:00,2001,11,23,11369.879840249716,23.199114966174246,HOEP (Legacy)
2001-11-20 23:00:00,2001,11,24,11209.839473887536,21.368003851522563,HOEP (Legacy)
2001-11-21 00:00:00,2001,11,1,12297.859687422973,14.410639130609189,HOEP (Legacy)
2001-11-21 01:00:00,2001,11,2,11892.879771580898,30.347165733620766,HOEP (Legacy)
2001-11-21 02:00:00,2001,11,3,11608.64359442143,35.724777352169454,HOEP (Legacy)
2001-11-21 03:00:00,2001,11,4,11990.81078370631,12.345530168414903,HOEP (Legacy)
2001-11-21 04:00:00,2001,11,5,12920.193526979487,24.01512133135719,HOEP (Legacy)
2001-11-21 05:00:00,2001,11,6,12563.409856082797,24.78432826870855,HOEP (Legacy)
2001-11-21 06:00:00,2001,11,7,13236.792353240966,31.717078952181932,HOEP (Legacy)
2001-11-21 07:00:00,2001,11,8,13090.332990875886,40.095891378157056,HOEP (Legacy)
2001-11-21 08:00:00,2001,11,9,13304.860984602024,31.54336209916003,HOEP (Legacy)
2001-11-21 09:00:00,2001,11,10,13917.755569811732,28.003833547717292,HOEP (Legacy)
2001-11-21 10:00:00,2001,11,11,14193.367955734468,31.307209349462077,HOEP (Legacy)
2001-11-21 11:00:00,2001,11,12,14292.596920935586,42.26468520461546,HOEP (Legacy)
2001-11-21 12:00:00,2001,11,13,13657.380886075347,32.655007379081006,HOEP (Legacy)
2001-11-21 13:00:00,2001,11,14,13287.131572916718,29.504608645653025,HOEP (Legacy)
2001-11-21 14:00:00,2001,11,15,13506.901938517954,47.55642609358304,HOEP (Legacy)
2001-11-21 15:00:00,2001,11,16,12921.556121805559,24.500307685550297,HOEP (Legacy)
2001-11-21 16:00:00,2001,11,17,12411.983470086356,42.921104458937656,HOEP (Legacy)
2001-11-21 17:00:00,2001,11,18,12868.06099349572,19.5084896341475,HOEP (Legacy)
2001-11-21 18:00:00,2001,11,19,12676.444041109717,22.413219110348244,HOEP (Legacy)
2001-11-21 19:00:00,2001,11,20,12114.433525758206,1.8446058533712737,HOEP (Legacy)
2001-11-21 20:00:00,2001,11,21,11984.464335369656,30.577424492204695,HOEP (Legacy)
2001-11-21 21:00:00,2001,11,22,12029.512701957783,43.25877364369322,HOEP (Legacy)
2001-11-21 22:00:00,2001,11,23,11872.029136815918,16.220014604626133,HOEP (Legacy)
2001-11-21 23:00:00,2001,11,24,11693.576617570841,14.190740888712579,HOEP (Legacy)
2001-11-22 00:00:00,2001,11,1,11922.665385026155,25.75051427008719,HOEP (Legacy)
2001-11-22 01:00:00,2001,11,2,11828.772396061275,24.25776080125219,HOEP (Legacy)
2001-11-22 02:00:00,2001,11,3,11643.718128171506,43.326500441557755,HOEP (Legacy)
2001-11-22 03:00:00,2001,11,4,12218.246557144104,26.221211295483684,HOEP (Legacy)
2001-11-22 04:00:00,2001,11,5,12604.122003227343,15.926637869412902,HOEP (Legacy)
2001-11-22 05:00:00,2001,11,6,13059.4468488256,39.96055156025399,HOEP (Legacy)
2001-11-22 06:00:00,2001,11,7,13222.055154357613,57.61337358086136,HOEP (Legacy)
2001-11-22 07:00:00,2001,11,8,14055.619465646347,44.43134152061376,HOEP (Legacy)
2001-11-22 08:00:00,2001,11,9,14000.178557949574,26.03676355012969,HOEP (Legacy)
2001-11-22 09:00:00,2001,11,10,13410.544131526354,30.62212208182354,HOEP (Legacy)
2001-11-22 10:00:00,2001,11,11,14188.970055915546,38.158910090760756,HOEP (Legacy)
2001-11-22 11:00:00,2001,11,12,14423.983777273814,34.890328588395036,HOEP (Legacy)
2001-11-22 12:00:00,2001,11,13,13382.071664214787,47.44608122139394,HOEP (Legacy)
2001-11-22 13:00:00,2001,11,14,13051.750581210465,39.51366210504525,HOEP (Legacy)
2001-11-22 14:00:00,2001,11,15,13225.532507078866,43.23163786971361,HOEP (Legacy)
2001-11-22 15:00:00,2001,11,16,12806.385232464923,43.36604286882147,HOEP (Legacy)
2001-11-22 16:00:00,2001,11,17,12695.469838577492,42.43167227309564,HOEP (Legacy)
2001-11-22 17:00:00,2001,11,18,12831.70801832807,41.797417404437645,HOEP (Legacy)
2001-11-22 18:00:00,2001,11,19,12022.31480068233,10.692481075570772,HOEP (Legacy)
2001-11-22 19:00:00,2001,11,20,12094.21519073908,45.799292868574675,HOEP (Legacy)
2001-11-22 20:00:00,2001,11,21,11361.996999823175,13.315096217376182,HOEP (Legacy)
2001-11-22 21:00:00,2001,11,22,11853.49759815641,40.642072940116805,HOEP (Legacy)
2001-11-22 22:00:00,2001,11,23,12292.176214255403,25.337063089211995,HOEP (Legacy)
2001-11-22 23:00:00,2001,11,24,11259.386756086542,26.96068150412776,HOEP (Legacy)
2001-11-23 00:00:00,2001,11,1,11163.668599841945,13.796905493023466,HOEP (Legacy)
2001-11-23 01:00:00,2001,11,2,11899.248615620802,50.97971759750466,HOEP (Legacy)
2001-11-23 02:00:00,2001,11,3,12116.45344386747,47.2189282900394,HOEP (Legacy)
2001-11-23 03:00:00,2001,11,4,12381.287099439263,22.513828292608945,HOEP (Legacy)
2001-11-23 04:00:00,2001,11,5,13086.241596860491,45.34944371697784,HOEP (Legacy)
2001-11-23 05:00:00,2001,11,6,11931.375249652148,16.20393383375715,HOEP (Legacy)
2001-11-23 06:00:00,2001,11,7,13729.548237572379,43.08433652558437,HOEP (Legacy)
2001-11-23 07:00:00,2001,11,8,13649.66841002413,28.650572811933163,HOEP (Legacy)
2001-11-23 08:00:00,2001,11,9,14593.371892533787,59.48551027410157,HOEP (Legacy)
2001-11-23 09:00:00,2001,11,10,13618.751583987158,55.06798723098045,HOEP (Legacy)
2001-11-23 10:00:00,2001,11,11,14885.61813253455,46.089622064441365,HOEP (Legacy)
2001-11-23 11:00:00,2001,11,12,13793.18007537982,33.74149173088955,HOEP (Legacy)
2001-11-23 12:00:00,2001,11,13,13573.568439641826,25.211127140845683,HOEP (Legacy)
2001-11-23 13:00:00,2001,11,14,13964.929474866634,37.61413123028247,HOEP (Legacy)
2001-11-23 14:00:00,2001,11,15,12867.30098615206,30.846175119746913,HOEP (Legacy)
2001-11-23 15:00:00,2001,11,16,13759.581442874032,37.325228487081105,HOEP (Legacy)
2001-11-23 16:00:00,2001,11,17,13039.548109647587,25.081857121157086,HOEP (Legacy)
2001-11-23 17:00:00,2001,11,18,12062.60093223338,35.39902677561609,HOEP (Legacy)
2001-11-23 18:00:00,2001,11,19,12583.05644867689,9.018969423757035,HOEP (Legacy)
2001-11-23 19:00:00,2001,11,20,11550.087891812691,17.348267743966943,HOEP (Legacy)
2001-11-23 20:00:00,2001,11,21,11400.837832536492,33.675244596417095,HOEP (Legacy)
2001-11-23 21:00:00,2001,11,22,11842.059960616592,28.55944799281001,HOEP (Legacy)
2001-11-23 22:00:00,2001,11,23,11655.77011941602,10.886092685706574,HOEP (Legacy)
2001-11-23 23:00:00,2001,11,24,11261.219015010527,43.60026368364646,HOEP (Legacy)
2001-11-24 00:00:00,2001,11,1,11761.123117792438,7.472494389086407,HOEP (Legacy)
2001-11-24 01:00:00,2001,11,2,10916.148033012043,16.325091720458463,HOEP (Legacy)
2001-11-24 02:00:00,2001,11,3,12918.538416481477,35.91468445621019,HOEP (Legacy)
2001-11-24 03:00:00,2001,11,4,12748.402369701718,48.0563161525929,HOEP (Legacy)
2001-11-24 04:00:00,2001,11,5,12832.286308532603,24.556966101004846,HOEP (Legacy)
2001-11-24 05:00:00,2001,11,6,12759.625453026947,38.58641644949773,HOEP (Legacy)
2001-11-24 06:00:00,2001,11,7,13349.034825701188,26.709725072517415,HOEP (Legacy)
2001-11-24 07:00:00,2001,11,8,13042.153753808276,45.64857883890771,HOEP (Legacy)
2001-11-24 08:00:00,2001,11,9,13809.064939304535,33.50062516896491,HOEP (Legacy)
2001-11-24 09:00:00,2001,11,10,13999.505442572863,59.6135387181413,HOEP (Legacy)
2001-11-24 10:00:00,2001,11,11,13783.603400004027,31.303723464939473,HOEP (Legacy)
2001-11-24 11:00:00,2001,11,12,14312.724025919484,57.00309041826981,HOEP (Legacy)
2001-11-24 12:00:00,2001,11,13,13590.55826708753,33.55555467884952,HOEP (Legacy)
2001-11-24 13:00:00,2001,11,14,13879.552947549335,39.32707449155768,HOEP (Legacy)
2001-11-24 14:00:00,2001,11,15,13382.55590226459,23.68860472419685,HOEP (Legacy)
2001-11-24 15:00:00,2001,11,16,12784.621141253352,52.361732964233624,HOEP (Legacy)
2001-11-24 16:00:00,2001,11,17,12950.605472115287,31.22768779079347,HOEP (Legacy)
2001-11-24 17:00:00,2001,11,18,12590.599769861365,39.26572790874724,HOEP (Legacy)
2001-11-24 18:00:00,2001,11,19,12228.993049683391,42.534925903341986,HOEP (Legacy)
2001-11-24 19:00:00,2001,11,20,12128.331623389977,15.974392152357375,HOEP (Legacy)
2001-11-24 20:00:00,2001,11,21,11843.798861946092,33.86171765859549,HOEP (Legacy)
2001-11-24 21:00:00,2001,11,22,10939.234763883369,44.03353127568745,HOEP (Legacy)
2001-11-24 22:00:00,2001,11,23,10262.071434814043,31.490978713909367,HOEP (Legacy)
2001-11-24 23:00:00,2001,11,24,11529.118793725134,25.2541744226314,HOEP (Legacy)
2001-11-25 00:00:00,2001,11,1,11573.453560293712,27.10110176161846,HOEP (Legacy)
2001-11-25 01:00:00,2001,11,2,12666.339786351415,25.770074892682942,HOEP (Legacy)
2001-11-25 02:00:00,2001,11,3,12942.106176440711,44.08590084125046,HOEP (Legacy)
2001-11-25 03:00:00,2001,11,4,12327.359406778403,44.64192416467573,HOEP (Legacy)
2001-11-25 04:00:00,2001,11,5,12771.17830193762,30.643445538621073,HOEP (Legacy)
2001-11-25 05:00:00,2001,11,6,12847.962787159058,28.19917154789003,HOEP (Legacy)
2001-11-25 06:00:00,2001,11,7,14008.613938409384,45.10691249470518,HOEP (Legacy)
2001-11-25 07:00:00,2001,11,8,13935.875893505527,52.8732777945931,HOEP (Legacy)
2001-11-25 08:00:00,2001,11,9,13015.245966209008,28.33282525310505,HOEP (Legacy)
2001-11-25 09:00:00,2001,11,10,13769.496192776,35.303268884978536,HOEP (Legacy)
2001-11-25 10:00:00,2001,11,11,13427.387543545687,56.635022084622875,HOEP (Legacy)
2001-11-25 11:00:00,2001,11,12,14423.54483307109,47.43836537709308,HOEP (Legacy)
2001-11-25 12:00:00,2001,11,13,13721.404112292337,23.35203367183821,HOEP (Legacy)
2001-11-25 13:00:00,2001,11,14,13704.71702004452,29.75793767273916,HOEP (Legacy)
2001-11-25 14:00:00,2001,11,15,13187.570754273158,63.03710892730886,HOEP (Legacy)
2001-11-25 15:00:00,2001,11,16,13083.614655800875,23.604396263932394,HOEP (Legacy)
2001-11-25 16:00:00,2001,11,17,12874.28641032481,33.23058595522052,HOEP (Legacy)
2001-11-25 17:00:00,2001,11,18,12856.938168451408,12.696388530396337,HOEP (Legacy)
2001-11-25 18:00:00,2001,11,19,11958.576289361283,29.625529646375213,HOEP (Legacy)
2001-11-25 19:00:00,2001,11,20,11637.271399977619,33.5938188600079,HOEP (Legacy)
2001-11-25 20:00:00,2001,11,21,12429.368818146717,45.152975511216205,HOEP (Legacy)
2001-11-25 21:00:00,2001,11,22,11477.533795746132,36.91942581955192,HOEP (Legacy)
2001-11-25 22:00:00,2001,11,23,11757.60374574218,28.69223623838524,HOEP (Legacy)
2001-11-25 23:00:00,2001,11,24,10971.04572817256,11.715653190468789,HOEP (Legacy)
2001-11-26 00:00:00,2001,11,1,10976.224534883628,32.60396295066364,HOEP (Legacy)
2001-11-26 01:00:00,2001,11,2,11815.937893566208,33.253989312846066,HOEP (Legacy)
2001-11-26 02:00:00,2001,11,3,12035.3146061997,14.439544595911197,HOEP (Legacy)
2001-11-26 03:00:00,2001,11,4,11674.680879686397,20.646371665045194,HOEP (Legacy)
2001-11-26 04:00:00,2001,11,5,11855.584191426195,32.49436359563393,HOEP (Legacy)
2001-11-26 05:00:00,2001,11,6,13489.604232458876,24.797879487799385,HOEP (Legacy)
2001-11-26 06:00:00,2001,11,7,13499.957552884385,25.833941960959933,HOEP (Legacy)
2001-11-26 07:00:00,2001,11,8,14390.972341420498,34.733506168364585,HOEP (Legacy)
2001-11-26 08:00:00,2001,11,9,13987.212826787076,30.215882472550234,HOEP (Legacy)
2001-11-26 09:00:00,2001,11,10,14474.105669231849,61.745856148860824,HOEP (Legacy)
2001-11-26 10:00:00,2001,11,11,13812.83369559888,37.133689184390796,HOEP (Legacy)
2001-11-26 11:00:00,2001,11,12,13859.305638065276,28.42641840743819,HOEP (Legacy)
2001-11-26 12:00:00,2001,11,13,13782.081053836162,66.91306730967953,HOEP (Legacy)
2001-11-26 13:00:00,2001,11,14,13677.969879910886,39.472376713418875,HOEP (Legacy)
2001-11-26 14:00:00,2001,11,15,13865.403412983156,24.151716809934324,HOEP (Legacy)
2001-11-26 15:00:00,2001,11,16,13359.084915777456,27.92565321813726,HOEP (Legacy)
2001-11-26 16:00:00,2001,11,17,13086.705986254483,24.795116183715606,HOEP (Legacy)
2001-11-26 17:00:00,2001,11,18,12601.740792028153,2.3150473830746776,HOEP (Legacy)
2001-11-26 18:00:00,2001,11,19,12088.419216830524,24.33456803237468,HOEP (Legacy)
2001-11-26 19:00:00,2001,11,20,12136.974076173898,44.265134155079494,HOEP (Legacy)
2001-11-26 20:00:00,2001,11,21,11801.960539125088,19.54597631983544,HOEP (Legacy)
2001-11-26 21:00:00,2001,11,22,11207.879093907637,14.837531988984711,HOEP (Legacy)
2001-11-26 22:00:00,2001,11,23,11751.711876844001,31.218761559862862,HOEP (Legacy)
2001-11-26 23:00:00,2001,11,24,11818.530255680762,18.751301376772897,HOEP (Legacy)
2001-11-27 00:00:00,2001,11,1,12001.908630456204,6.4441489138637245,HOEP (Legacy)
2001-11-27 01:00:00,2001,11,2,11822.532897778783,20.74651074935113,HOEP (Legacy)
2001-11-27 02:00:00,2001,11,3,11799.680579336271,27.10135952210732,HOEP (Legacy)
2001-11-27 03:00:00,2001,11,4,12537.037371736958,57.283444567710376,HOEP (Legacy)
2001-11-27 04:00:00,2001,11,5,13051.982910628205,41.77777844845503,HOEP (Legacy)
2001-11-27 05:00:00,2001,11,6,12449.89788203146,26.142918679675528,HOEP (Legacy)
2001-11-27 06:00:00,2001,11,7,13364.504184461028,39.40627133697102,HOEP (Legacy)
2001-11-27 07:00:00,2001,11,8,13159.535595052377,28.736762374511088,HOEP (Legacy)
2001-11-27 08:00:00,2001,11,9,14023.191226820012,37.77479811544954,HOEP (Legacy)
2001-11-27 09:00:00,2001,11,10,14327.45870839536,41.36550387947602,HOEP (Legacy)
2001-11-27 10:00:00,2001,11,11,13429.166049371657,49.197049909576734,HOEP (Legacy)
2001-11-27 11:00:00,2001,11,12,13644.009110008295,54.40255718613643,HOEP (Legacy)
2001-11-27 12:00:00,2001,11,13,13848.02410667832,37.570659438437104,HOEP (Legacy)
2001-11-27 13:00:00,2001,11,14,13557.415297385649,35.70445240068234,HOEP (Legacy)
2001-11-27 14:00:00,2001,11,15,12934.104725739138,36.297138858019736,HOEP (Legacy)
2001-11-27 15:00:00,2001,11,16,13299.556484134793,36.267440109138946,HOEP (Legacy)
2001-11-27 16:00:00,2001,11,17,12707.4878621464,25.469976966366247,HOEP (Legacy)
2001-11-27 17:00:00,2001,11,18,12422.678897105083,46.58369150756812,HOEP (Legacy)
2001-11-27 18:00:00,2001,11,19,12496.136025520693,16.047028660833913,HOEP (Legacy)
2001-11-27 19:00:00,2001,11,20,12241.706462258606,27.70096161701699,HOEP (Legacy)
2001-11-27 20:00:00,2001,11,21,11912.216073359037,36.676633969650545,HOEP (Legacy)
2001-11-27 21:00:00,2001,11,22,11882.640964169055,36.40682599913356,HOEP (Legacy)
2001-11-27 22:00:00,2001,11,23,11280.646936549805,34.90642740111154,HOEP (Legacy)
2001-11-27 23:00:00,2001,11,24,11410.013351942343,14.53284610968631,HOEP (Legacy)
2001-11-28 00:00:00,2001,11,1,11913.228465910348,30.97790334713509,HOEP (Legacy)
2001-11-28 01:00:00,2001,11,2,12553.791590547986,48.022707563748085,HOEP (Legacy)
2001-11-28 02:00:00,2001,11,3,12193.4580344667,27.698026569673683,HOEP (Legacy)
2001-11-28 03:00:00,2001,11,4,11597.357149206444,56.2676320555649,HOEP (Legacy)
2001-11-28 04:00:00,2001,11,5,11822.135888068487,34.6594816355166,HOEP (Legacy)
2001-11-28 05:00:00,2001,11,6,13210.37226813784,42.99455034256145,HOEP (Legacy)
2001-11-28 06:00:00,2001,11,7,13378.908508101436,32.76849498254816,HOEP (Legacy)
2001-11-28 07:00:00,2001,11,8,13756.436606132082,33.500589694281246,HOEP (Legacy)
2001-11-28 08:00:00,2001,11,9,13436.784483543432,39.50190638962838,HOEP (Legacy)
2001-11-28 09:00:00,2001,11,10,13903.54928048805,40.19431048018278,HOEP (Legacy)
2001-11-28 10:00:00,2001,11,11,14571.833085033744,61.16802466964364,HOEP (Legacy)
2001-11-28 11:00:00,2001,11,12,14351.538197529688,60.04109494825833,HOEP (Legacy)
2001-11-28 12:00:00,2001,11,13,13601.055866975255,46.20487115876151,HOEP (Legacy)
2001-11-28 13:00:00,2001,11,14,13600.589317828202,46.04487603609812,HOEP (Legacy)
2001-11-28 14:00:00,2001,11,15,12942.542374902356,29.721842025908053,HOEP (Legacy)
2001-11-28 15:00:00,2001,11,16,13442.088846451648,53.09306683634259,HOEP (Legacy)
2001-11-28 16:00:00,2001,11,17,12129.617028058366,51.38788043281508,HOEP (Legacy)
2001-11-28 17:00:00,2001,11,18,12900.811937058292,39.15022686374903,HOEP (Legacy)
2001-11-28 18:00:00,2001,11,19,11856.605587217828,36.81715500617892,HOEP (Legacy)
2001-11-28 19:00:00,2001,11,20,11751.224889130424,45.324742835727605,HOEP (Legacy)
2001-11-28 20:00:00,2001,11,21,11396.14961772315,16.50977685739346,HOEP (Legacy)
2001-11-28 21:00:00,2001,11,22,11802.135139840322,39.47893908999871,HOEP (Legacy)
2001-11-28 22:00:00,2001,11,23,11506.909531620817,10.406668610440132,HOEP (Legacy)
2001-11-28 23:00:00,2001,11,24,12194.415028811005,40.2088628864625,HOEP (Legacy)
2001-11-29 00:00:00,2001,11,1,11300.132855199683,13.739947851187095,HOEP (Legacy)
2001-11-29 01:00:00,2001,11,2,12492.847260830533,29.236179575896895,HOEP (Legacy)
2001-11-29 02:00:00,2001,11,3,12136.953323284566,16.515477937929838,HOEP (Legacy)
2001-11-29 03:00:00,2001,11,4,12442.154146641831,22.404199877006718,HOEP (Legacy)
2001-11-29 04:00:00,2001,11,5,12942.601948270632,40.67966283591743,HOEP (Legacy)
2001-11-29 05:00:00,2001,11,6,12818.866637463498,24.625397736676398,HOEP (Legacy)
2001-11-29 06:00:00,2001,11,7,13071.068620452701,50.033119261191324,HOEP (Legacy)
2001-11-29 07:00:00,2001,11,8,13741.685808615946,41.448390979105845,HOEP (Legacy)
2001-11-29 08:00:00,2001,11,9,13368.41966464537,11.93727477807699,HOEP (Legacy)
2001-11-29 09:00:00,2001,11,10,14422.784936939015,28.513998711260612,HOEP (Legacy)
2001-11-29 10:00:00,2001,11,11,13861.720082399821,44.496154885548776,HOEP (Legacy)
2001-11-29 11:00:00,2001,11,12,13956.848983413014,30.658648767575716,HOEP (Legacy)
2001-11-29 12:00:00,2001,11,13,14095.957065955157,10.40823437268999,HOEP (Legacy)
2001-11-29 13:00:00,2001,11,14,12795.93528000234,38.90409030390843,HOEP (Legacy)
2001-11-29 14:00:00,2001,11,15,13784.241082262139,40.15967224118603,HOEP (Legacy)
2001-11-29 15:00:00,2001,11,16,13060.606814619705,44.1820294848354,HOEP (Legacy)
2001-11-29 16:00:00,2001,11,17,12847.703661020088,23.10179160051131,HOEP (Legacy)
2001-11-29 17:00:00,2001,11,18,12427.971532053985,29.009707817170536,HOEP (Legacy)
2001-11-29 18:00:00,2001,11,19,12012.903193833137,44.62340516195047,HOEP (Legacy)
2001-11-29 19:00:00,2001,11,20,12022.470650438747,22.956708712796555,HOEP (Legacy)
2001-11-29 20:00:00,2001,11,21,11817.569259441738,42.008615998005,HOEP (Legacy)
2001-11-29 21:00:00,2001,11,22,11547.929749376468,24.917438325107245,HOEP (Legacy)
2001-11-29 22:00:00,2001,11,23,11725.10805609629,31.667815846753633,HOEP (Legacy)
2001-11-29 23:00:00,2001,11,24,11302.960259169693,25.891935534562496,HOEP (Legacy)
2001-11-30 00:00:00,2001,11,1,11273.489254772017,28.4974497467255,HOEP (Legacy)
2001-11-30 01:00:00,2001,11,2,11610.235082014318,10.816248165064135,HOEP (Legacy)
2001-11-30 02:00:00,2001,11,3,11848.003354064835,41.54016908355784,HOEP (Legacy)
2001-11-30 03:00:00,2001,11,4,12458.280858072372,34.202542438241295,HOEP (Legacy)
2001-11-30 04:00:00,2001,11,5,12944.585167719528,45.280822259160495,HOEP (Legacy)
2001-11-30 05:00:00,2001,11,6,13000.38114190197,32.628928905773506,HOEP (Legacy)
2001-11-30 06:00:00,2001,11,7,13694.392348865826,7.678174386260153,HOEP (Legacy)
2001-11-30 07:00:00,2001,11,8,14243.544548541326,54.95590269621484,HOEP (Legacy)
2001-11-30 08:00:00,2001,11,9,13565.156144348352,26.211031555646166,HOEP (Legacy)
2001-11-30 09:00:00,2001,11,10,14071.432922523974,53.16142964923125,HOEP (Legacy)
2001-11-30 10:00:00,2001,11,11,14648.51645562031,33.297890095745174,HOEP (Legacy)
2001-11-30 11:00:00,2001,11,12,13424.661743037357,27.27364995839703,HOEP (Legacy)
2001-11-30 12:00:00,2001,11,13,14521.444276756729,34.27274572969377,HOEP (Legacy)
2001-11-30 13:00:00,2001,11,14,13428.719530333996,49.2920673861984,HOEP (Legacy)
2001-11-30 14:00:00,2001,11,15,13422.188311945312,23.220552161686783,HOEP (Legacy)
2001-11-30 15:00:00,2001,11,16,13479.56542010707,43.33084486175688,HOEP (Legacy)
2001-11-30 16:00:00,2001,11,17,12937.191123922528,20.753607541381257,HOEP (Legacy)
2001-11-30 17:00:00,2001,11,18,12587.162602884313,41.5639450732111,HOEP (Legacy)
2001-11-30 18:00:00,2001,11,19,12312.798190043157,23.748591044529945,HOEP (Legacy)
2001-11-30 19:00:00,2001,11,20,11200.80314588048,21.61307853409284,HOEP (Legacy)
2001-11-30 20:00:00,2001,11,21,11280.629571321388,16.725303618165004,HOEP (Legacy)
2001-11-30 21:00:00,2001,11,22,11335.140910748265,10.05502089585173,HOEP (Legacy)
2001-11-30 22:00:00,2001,11,23,11502.664118411712,33.194419392669886,HOEP (Legacy)
2001-11-30 23:00:00,2001,11,24,11503.952359502879,38.26238224496175,HOEP (Legacy)
2001-12-01 00:00:00,2001,12,1,10572.990677155783,9.144341652033383,HOEP (Legacy)
2001-12-01 01:00:00,2001,12,2,11764.565385734497,31.99536455828456,HOEP (Legacy)
2001-12-01 02:00:00,2001,12,3,10791.681558472492,23.089020053121843,HOEP (Legacy)
2001-12-01 03:00:00,2001,12,4,11834.037403486147,24.21701345911622,HOEP (Legacy)
2001-12-01 04:00:00,2001,12,5,11865.008066683129,32.29249951441359,HOEP (Legacy)
2001-12-01 05:00:00,2001,12,6,12110.048679638685,35.69946740298677,HOEP (Legacy)
2001-12-01 06:00:00,2001,12,7,12783.967453324913,43.12166911118845,HOEP (Legacy)
2001-12-01 07:00:00,2001,12,8,12028.159935508786,40.180007542431625,HOEP (Legacy)
2001-12-01 08:00:00,2001,12,9,12599.189635024773,10.785987704717506,HOEP (Legacy)
2001-12-01 09:00:00,2001,12,10,13504.180192427722,35.10853358324987,HOEP (Legacy)
2001-12-01 10:00:00,2001,12,11,13685.488209428715,59.530188316022475,HOEP (Legacy)
2001-12-01 11:00:00,2001,12,12,12930.34381636693,55.797019442029956,HOEP (Legacy)
2001-12-01 12:00:00,2001,12,13,12776.32909028715,33.73958085397978,HOEP (Legacy)
2001-12-01 13:00:00,2001,12,14,13265.668920163607,38.957711367994925,HOEP (Legacy)
2001-12-01 14:00:00,2001,12,15,12452.673542422197,21.524520713212443,HOEP (Legacy)
2001-12-01 15:00:00,2001,12,16,12568.168064662343,31.6019675239381,HOEP (Legacy)
2001-12-01 16:00:00,2001,12,17,12092.63851088696,33.452214459313886,HOEP (Legacy)
2001-12-01 17:00:00,2001,12,18,11799.41378149016,21.068053694752884,HOEP (Legacy)
2001-12-01 18:00:00,2001,12,19,11183.058275062422,41.291611798519085,HOEP (Legacy)
2001-12-01 19:00:00,2001,12,20,11206.417438012126,11.419594124760334,HOEP (Legacy)
2001-12-01 20:00:00,2001,12,21,10729.050182705865,31.112511481726692,HOEP (Legacy)
2001-12-01 21:00:00,2001,12,22,10091.101620031097,26.275746367971898,HOEP (Legacy)
2001-12-01 22:00:00,2001,12,23,11032.163718070227,17.92795435497893,HOEP (Legacy)
2001-12-01 23:00:00,2001,12,24,11152.200827427861,42.83726920247518,HOEP (Legacy)
2001-12-02 00:00:00,2001,12,1,10627.720996424569,40.736710685251,HOEP (Legacy)
2001-12-02 01:00:00,2001,12,2,10544.138811674637,26.16003049073786,HOEP (Legacy)
2001-12-02 02:00:00,2001,12,3,11418.138523673744,22.90112298345347,HOEP (Legacy)
2001-12-02 03:00:00,2001,12,4,11042.749750424677,53.535619463011756,HOEP (Legacy)
2001-12-02 04:00:00,2001,12,5,11497.618821663295,18.568418434553617,HOEP (Legacy)
2001-12-02 05:00:00,2001,12,6,12053.674034319905,28.35589499956084,HOEP (Legacy)
2001-12-02 06:00:00,2001,12,7,12559.313802783608,51.25271125313143,HOEP (Legacy)
2001-12-02 07:00:00,2001,12,8,13035.243799206493,18.93438182764157,HOEP (Legacy)
2001-12-02 08:00:00,2001,12,9,12637.409096268646,34.3473799169686,HOEP (Legacy)
2001-12-02 09:00:00,2001,12,10,13041.037629733226,11.501591710043101,HOEP (Legacy)
2001-12-02 10:00:00,2001,12,11,13227.23992803699,40.139938239768036,HOEP (Legacy)
2001-12-02 11:00:00,2001,12,12,13162.634743188404,57.904249901364835,HOEP (Legacy)
2001-12-02 12:00:00,2001,12,13,13240.042473030868,12.944195718026407,HOEP (Legacy)
2001-12-02 13:00:00,2001,12,14,12930.937094462834,28.24695434785918,HOEP (Legacy)
2001-12-02 14:00:00,2001,12,15,13313.354625861102,22.76503187729513,HOEP (Legacy)
2001-12-02 15:00:00,2001,12,16,12350.107149938618,38.75566539687068,HOEP (Legacy)
2001-12-02 16:00:00,2001,12,17,12143.797473708391,44.128828012032216,HOEP (Legacy)
2001-12-02 17:00:00,2001,12,18,11586.190520376778,28.342896325464896,HOEP (Legacy)
2001-12-02 18:00:00,2001,12,19,10676.462856845625,22.404958144494053,HOEP (Legacy)
2001-12-02 19:00:00,2001,12,20,10726.386633123157,20.368183122760026,HOEP (Legacy)
2001-12-02 20:00:00,2001,12,21,10715.359128526363,34.97782465251997,HOEP (Legacy)
2001-12-02 21:00:00,2001,12,22,10701.459307222649,14.083123800022937,HOEP (Legacy)
2001-12-02 22:00:00,2001,12,23,10737.633288054623,0.777818263455277,HOEP (Legacy)
2001-12-02 23:00:00,2001,12,24,10393.671358733138,7.177004864731144,HOEP (Legacy)
2001-12-03 00:00:00,2001,12,1,11545.801092472735,36.606774700713274,HOEP (Legacy)
2001-12-03 01:00:00,2001,12,2,10586.117613469734,26.701421389848903,HOEP (Legacy)
2001-12-03 02:00:00,2001,12,3,11340.580667220043,17.360178720197407,HOEP (Legacy)
2001-12-03 03:00:00,2001,12,4,11183.962252292251,33.43858853449723,HOEP (Legacy)
2001-12-03 04:00:00,2001,12,5,11616.053029370947,15.591300591555822,HOEP (Legacy)
2001-12-03 05:00:00,2001,12,6,12214.411416478717,28.37874769752959,HOEP (Legacy)
2001-12-03 06:00:00,2001,12,7,12481.88526698308,36.17213901764281,HOEP (Legacy)
2001-12-03 07:00:00,2001,12,8,13181.802082482822,34.8488232375561,HOEP (Legacy)
2001-12-03 08:00:00,2001,12,9,12906.18238843454,39.49581183421247,HOEP (Legacy)
2001-12-03 09:00:00,2001,12,10,13844.389182994582,37.70218232766681,HOEP (Legacy)
2001-12-03 10:00:00,2001,12,11,12569.420249066145,45.6372701969897,HOEP (Legacy)
2001-12-03 11:00:00,2001,12,12,12866.380744411306,32.69621362170135,HOEP (Legacy)
2001-12-03 12:00:00,2001,12,13,13083.648072529566,35.01069383724841,HOEP (Legacy)
2001-12-03 13:00:00,2001,12,14,12619.59837043195,33.764316697548125,HOEP (Legacy)
2001-12-03 14:00:00,2001,12,15,12475.244381123068,18.16610457911444,HOEP (Legacy)
2001-12-03 15:00:00,2001,12,16,11790.671548379645,35.71617679292145,HOEP (Legacy)
2001-12-03 16:00:00,2001,12,17,11515.064068140964,29.409698986096974,HOEP (Legacy)
2001-12-03 17:00:00,2001,12,18,12568.555686784404,29.463981690798185,HOEP (Legacy)
2001-12-03 18:00:00,2001,12,19,11509.7089064042,24.43349196594638,HOEP (Legacy)
2001-12-03 19:00:00,2001,12,20,11620.476796400788,9.583593940444796,HOEP (Legacy)
2001-12-03 20:00:00,2001,12,21,10913.77642396021,23.17351123156696,HOEP (Legacy)
2001-12-03 21:00:00,2001,12,22,10551.744898380008,-5.094102825930165,HOEP (Legacy)
2001-12-03 22:00:00,2001,12,23,10742.136494063609,34.49195168729676,HOEP (Legacy)
2001-12-03 23:00:00,2001,12,24,10765.401177769461,23.576935529930026,HOEP (Legacy)
2001-12-04 00:00:00,2001,12,1,11018.247039518532,27.045144918004382,HOEP (Legacy)
2001-12-04 01:00:00,2001,12,2,10590.93784684134,7.900948153123942,HOEP (Legacy)
2001-12-04 02:00:00,2001,12,3,11141.279886672224,32.54217670861992,HOEP (Legacy)
2001-12-04 03:00:00,2001,12,4,11620.025795502985,9.39279905383642,HOEP (Legacy)
2001-12-04 04:00:00,2001,12,5,11995.318444898914,17.510107683354278,HOEP (Legacy)
2001-12-04 05:00:00,2001,12,6,11878.441297220801,44.675488144079665,HOEP (Legacy)
2001-12-04 06:00:00,2001,12,7,12114.415228725247,28.57332755525252,HOEP (Legacy)
2001-12-04 07:00:00,2001,12,8,12522.170192820298,1.7313496587494015,HOEP (Legacy)
2001-12-04 08:00:00,2001,12,9,12819.963659107609,46.25553637477205,HOEP (Legacy)
2001-12-04 09:00:00,2001,12,10,13053.752109816214,51.650220543458516,HOEP (Legacy)
2001-12-04 10:00:00,2001,12,11,13482.673889192682,54.0363155257056,HOEP (Legacy)
2001-12-04 11:00:00,2001,12,12,12842.66329779561,26.161397791966095,HOEP (Legacy)
2001-12-04 12:00:00,2001,12,13,12741.006230128296,39.27515761205276,HOEP (Legacy)
2001-12-04 13:00:00,2001,12,14,12877.494734070558,28.161248903465538,HOEP (Legacy)
2001-12-04 14:00:00,2001,12,15,13143.40478417875,32.18873602254539,HOEP (Legacy)
2001-12-04 15:00:00,2001,12,16,11608.440225151337,23.857057687407806,HOEP (Legacy)
2001-12-04 16:00:00,2001,12,17,11614.786449515716,63.96974701993109,HOEP (Legacy)
2001-12-04 17:00:00,2001,12,18,12144.864252834566,25.417657914366494,HOEP (Legacy)
2001-12-04 18:00:00,2001,12,19,11461.043616275585,38.25016937924256,HOEP (Legacy)
2001-12-04 19:00:00,2001,12,20,11397.856442973163,23.020571496743063,HOEP (Legacy)
2001-12-04 20:00:00,2001,12,21,10777.001774657037,11.196154542412588,HOEP (Legacy)
2001-12-04 21:00:00,2001,12,22,10490.110586980878,17.99124779371915,HOEP (Legacy)
2001-12-04 22:00:00,2001,12,23,11275.376351769819,6.887282045639832,HOEP (Legacy)
2001-12-04 23:00:00,2001,12,24,10602.811467535332,28.15131854873789,HOEP (Legacy)
2001-12-05 00:00:00,2001,12,1,10617.766549485485,45.21017940997344,HOEP (Legacy)
2001-12-05 01:00:00,2001,12,2,10890.549455612601,6.5659204995264275,HOEP (Legacy)
2001-12-05 02:00:00,2001,12,3,11178.149182612251,39.697131783870645,HOEP (Legacy)
2001-12-05 03:00:00,2001,12,4,11735.819960913135,21.278914482244097,HOEP (Legacy)
2001-12-05 04:00:00,2001,12,5,11934.000667960232,48.07596770447263,HOEP (Legacy)
2001-12-05 05:00:00,2001,12,6,12189.572875931204,33.16616480325317,HOEP (Legacy)
2001-12-05 06:00:00,2001,12,7,11799.316981541855,29.39920917877978,HOEP (Legacy)
2001-12-05 07:00:00,2001,12,8,12688.720264359656,22.309619410663025,HOEP (Legacy)
2001-12-05 08:00:00,2001,12,9,12432.304361886536,3.068964085226476,HOEP (Legacy)
2001-12-05 09:00:00,2001,12,10,13175.18010132405,65.21650941050001,HOEP (Legacy)
2001-12-05 10:00:00,2001,12,11,12679.313462835571,43.54177148051103,HOEP (Legacy)
2001-12-05 11:00:00,2001,12,12,13590.874876145837,31.07729426689032,HOEP (Legacy)
2001-12-05 12:00:00,2001,12,13,12815.826485496904,12.946225305954936,HOEP (Legacy)
2001-12-05 13:00:00,2001,12,14,12858.675498817282,25.739840730710455,HOEP (Legacy)
2001-12-05 14:00:00,2001,12,15,12455.640529222594,18.787215743735803,HOEP (Legacy)
2001-12-05 15:00:00,2001,12,16,12211.661715683093,12.849132078865864,HOEP (Legacy)
2001-12-05 16:00:00,2001,12,17,11083.762973264253,28.742771766729536,HOEP (Legacy)
2001-12-05 17:00:00,2001,12,18,11998.786808219587,13.375151070107176,HOEP (Legacy)
2001-12-05 18:00:00,2001,12,19,11167.768799905813,23.25428484170385,HOEP (Legacy)
2001-12-05 19:00:00,2001,12,20,10872.170159319678,51.51049593808914,HOEP (Legacy)
2001-12-05 20:00:00,2001,12,21,10398.80294894532,24.287763488681357,HOEP (Legacy)
2001-12-05 21:00:00,2001,12,22,10540.51696763221,24.819995656193477,HOEP (Legacy)
2001-12-05 22:00:00,2001,12,23,10568.088821273726,16.457387342837116,HOEP (Legacy)
2001-12-05 23:00:00,2001,12,24,10402.082337089172,-5.102009467273522,HOEP (Legacy)
2001-12-06 00:00:00,2001,12,1,10496.477041148511,34.60663508286771,HOEP (Legacy)
2001-12-06 01:00:00,2001,12,2,10958.954246375135,13.959926412663728,HOEP (Legacy)
2001-12-06 02:00:00,2001,12,3,11056.760337782403,35.50978231788581,HOEP (Legacy)
2001-12-06 03:00:00,2001,12,4,10952.4544652104,13.040158797403262,HOEP (Legacy)
2001-12-06 04:00:00,2001,12,5,10974.070433329061,16.783106432769863,HOEP (Legacy)
2001-12-06 05:00:00,2001,12,6,12416.787541256244,39.217473816075234,HOEP (Legacy)
2001-12-06 06:00:00,2001,12,7,12834.401520299716,13.122713533909653,HOEP (Legacy)
2001-12-06 07:00:00,2001,12,8,12134.053888237375,14.130009409518337,HOEP (Legacy)
2001-12-06 08:00:00,2001,12,9,13046.726662247796,35.47513262699724,HOEP (Legacy)
2001-12-06 09:00:00,2001,12,10,12502.213645370946,46.842394205141964,HOEP (Legacy)
2001-12-06 10:00:00,2001,12,11,12570.930852734698,40.44271897293982,HOEP (Legacy)
2001-12-06 11:00:00,2001,12,12,13052.902177034362,27.71644804364584,HOEP (Legacy)
2001-12-06 12:00:00,2001,12,13,13183.458220848968,38.195625925814525,HOEP (Legacy)
2001-12-06 13:00:00,2001,12,14,12612.402571886112,31.506071323204953,HOEP (Legacy)
2001-12-06 14:00:00,2001,12,15,12042.454322304307,12.22828326057273,HOEP (Legacy)
2001-12-06 15:00:00,2001,12,16,11962.563543311084,39.275587038686695,HOEP (Legacy)
2001-12-06 16:00:00,2001,12,17,11620.662788035683,16.87130599951226,HOEP (Legacy)
2001-12-06 17:00:00,2001,12,18,11346.340786932924,10.579992386033908,HOEP (Legacy)
2001-12-06 18:00:00,2001,12,19,11009.881819356477,31.5699605779712,HOEP (Legacy)
2001-12-06 19:00:00,2001,12,20,11109.400575123911,15.219591248326733,HOEP (Legacy)
2001-12-06 20:00:00,2001,12,21,10727.546443811598,3.4542215242575267,HOEP (Legacy)
2001-12-06 21:00:00,2001,12,22,11333.55677336546,53.30289050000376,HOEP (Legacy)
2001-12-06 22:00:00,2001,12,23,10199.17209267402,20.590043295445867,HOEP (Legacy)
2001-12-06 23:00:00,2001,12,24,10446.615692324127,15.809458552053954,HOEP (Legacy)
2001-12-07 00:00:00,2001,12,1,10767.914155707069,51.94267646233063,HOEP (Legacy)
2001-12-07 01:00:00,2001,12,2,10502.191672521772,23.38606001693855,HOEP (Legacy)
2001-12-07 02:00:00,2001,12,3,12145.23519923561,24.50263520009026,HOEP (Legacy)
2001-12-07 03:00:00,2001,12,4,11435.47904339848,10.567884629366525,HOEP (Legacy)
2001-12-07 04:00:00,2001,12,5,11640.450300390106,21.03430760201448,HOEP (Legacy)
2001-12-07 05:00:00,2001,12,6,11297.509241532147,21.313874497340326,HOEP (Legacy)
2001-12-07 06:00:00,2001,12,7,12501.930632453652,37.029985461233665,HOEP (Legacy)
2001-12-07 07:00:00,2001,12,8,12141.867988585764,21.26986693937837,HOEP (Legacy)
2001-12-07 08:00:00,2001,12,9,12801.04583137072,10.915135296906026,HOEP (Legacy)
2001-12-07 09:00:00,2001,12,10,13447.01707046697,27.899921042841157,HOEP (Legacy)
2001-12-07 10:00:00,2001,12,11,13652.673426707848,42.523086579133015,HOEP (Legacy)
2001-12-07 11:00:00,2001,12,12,12932.321051679399,44.71223757915752,HOEP (Legacy)
2001-12-07 12:00:00,2001,12,13,12532.839480586388,14.319919631278438,HOEP (Legacy)
2001-12-07 13:00:00,2001,12,14,12694.161645349948,35.49991319184099,HOEP (Legacy)
2001-12-07 14:00:00,2001,12,15,12849.368096437849,25.412175130613882,HOEP (Legacy)
2001-12-07 15:00:00,2001,12,16,11844.143033898183,9.976538157274206,HOEP (Legacy)
2001-12-07 16:00:00,2001,12,17,11542.76617452668,26.40672323845105,HOEP (Legacy)
2001-12-07 17:00:00,2001,12,18,11501.503343337541,28.188131792049457,HOEP (Legacy)
2001-12-07 18:00:00,2001,12,19,11968.264605351498,18.26883549047943,HOEP (Legacy)
2001-12-07 19:00:00,2001,12,20,10809.678432122313,18.19344607570688,HOEP (Legacy)
2001-12-07 20:00:00,2001,12,21,10204.395254733357,25.655622869510356,HOEP (Legacy)
2001-12-07 21:00:00,2001,12,22,10950.65044310849,7.1328750260246085,HOEP (Legacy)
2001-12-07 22:00:00,2001,12,23,10080.317847192295,10.099530881310539,HOEP (Legacy)
2001-12-07 23:00:00,2001,12,24,10348.28116735709,29.519669083096304,HOEP (Legacy)
2001-12-08 00:00:00,2001,12,1,10766.747331219958,24.866849331171977,HOEP (Legacy)
2001-12-08 01:00:00,2001,12,2,10935.383579376245,26.59142473987075,HOEP (Legacy)
2001-12-08 02:00:00,2001,12,3,10900.896473738132,20.160602091928798,HOEP (Legacy)
2001-12-08 03:00:00,2001,12,4,10966.913476113052,-4.6883444042757105,HOEP (Legacy)
2001-12-08 04:00:00,2001,12,5,12473.48680007874,49.47971878658416,HOEP (Legacy)
2001-12-08 05:00:00,2001,12,6,11658.164840793414,19.436538483717783,HOEP (Legacy)
2001-12-08 06:00:00,2001,12,7,12425.39606763448,36.13999845141528,HOEP (Legacy)
2001-12-08 07:00:00,2001,12,8,12541.942516010182,18.848412193915678,HOEP (Legacy)
2001-12-08 08:00:00,2001,12,9,13399.778416930934,15.885548045487823,HOEP (Legacy)
2001-12-08 09:00:00,2001,12,10,13226.872325099761,29.94781318952574,HOEP (Legacy)
2001-12-08 10:00:00,2001,12,11,13689.988635422269,39.889523070246504,HOEP (Legacy)
2001-12-08 11:00:00,2001,12,12,13129.863650844549,39.522403386877144,HOEP (Legacy)
2001-12-08 12:00:00,2001,12,13,11763.565936631076,42.149177963649834,HOEP (Legacy)
2001-12-08 13:00:00,2001,12,14,12767.773915412306,36.96558474274574,HOEP (Legacy)
2001-12-08 14:00:00,2001,12,15,12282.687077589246,25.254186190358485,HOEP (Legacy)
2001-12-08 15:00:00,2001,12,16,12566.072428309513,43.260493785147496,HOEP (Legacy)
2001-12-08 16:00:00,2001,12,17,11537.690076470395,20.20677768984821,HOEP (Legacy)
2001-12-08 17:00:00,2001,12,18,11411.11223704189,10.995193021426461,HOEP (Legacy)
2001-12-08 18:00:00,2001,12,19,11391.329251454634,27.58409758696262,HOEP (Legacy)
2001-12-08 19:00:00,2001,12,20,11107.380341132928,27.22504661992883,HOEP (Legacy)
2001-12-08 20:00:00,2001,12,21,11032.301035009055,27.390884096066856,HOEP (Legacy)
2001-12-08 21:00:00,2001,12,22,10678.863766121249,-5.665001848120728,HOEP (Legacy)
2001-12-08 22:00:00,2001,12,23,10778.491384153589,22.73178485579596,HOEP (Legacy)
2001-12-08 23:00:00,2001,12,24,11106.366303803072,37.661442707048224,HOEP (Legacy)
2001-12-09 00:00:00,2001,12,1,10516.048404019853,23.494013285339793,HOEP (Legacy)
2001-12-09 01:00:00,2001,12,2,10966.033261867204,36.431394076570015,HOEP (Legacy)
2001-12-09 02:00:00,2001,12,3,11857.119330709727,17.44889308856834,HOEP (Legacy)
2001-12-09 03:00:00,2001,12,4,11867.34513655361,32.791957292483055,HOEP (Legacy)
2001-12-09 04:00:00,2001,12,5,12101.71386717038,29.311859618032774,HOEP (Legacy)
2001-12-09 05:00:00,2001,12,6,12621.439355292609,32.6278337304781,HOEP (Legacy)
2001-12-09 06:00:00,2001,12,7,12506.546732759827,26.20105634721691,HOEP (Legacy)
2001-12-09 07:00:00,2001,12,8,13579.512755545275,30.682275952595752,HOEP (Legacy)
2001-12-09 08:00:00,2001,12,9,12692.942597984222,40.14473887591922,HOEP (Legacy)
2001-12-09 09:00:00,2001,12,10,13304.58276921127,28.2884014785931,HOEP (Legacy)
2001-12-09 10:00:00,2001,12,11,13566.356923341666,39.29396712731188,HOEP (Legacy)
2001-12-09 11:00:00,2001,12,12,12593.013969828877,16.242908324408894,HOEP (Legacy)
2001-12-09 12:00:00,2001,12,13,13031.31647108006,14.336011355913023,HOEP (Legacy)
2001-12-09 13:00:00,2001,12,14,11972.841180495905,13.273399916717999,HOEP (Legacy)
2001-12-09 14:00:00,2001,12,15,12334.187947274026,11.027544532678707,HOEP (Legacy)
2001-12-09 15:00:00,2001,12,16,12473.948670101,26.398165380306715,HOEP (Legacy)
2001-12-09 16:00:00,2001,12,17,12041.485897903736,30.297483815479005,HOEP (Legacy)
2001-12-09 17:00:00,2001,12,18,10700.01235402963,32.212577330325814,HOEP (Legacy)
2001-12-09 18:00:00,2001,12,19,11621.570040707713,44.23831524584837,HOEP (Legacy)
2001-12-09 19:00:00,2001,12,20,10809.105708291961,22.28732007563768,HOEP (Legacy)
2001-12-09 20:00:00,2001,12,21,10489.364511328202,6.555754921767484,HOEP (Legacy)
2001-12-09 21:00:00,2001,12,22,10605.004685711488,33.08876949657267,HOEP (Legacy)
2001-12-09 22:00:00,2001,12,23,10161.390814968605,-5.194277626552001,HOEP (Legacy)
2001-12-09 23:00:00,2001,12,24,10282.951260010403,-2.690725395773363,HOEP (Legacy)
2001-12-10 00:00:00,2001,12,1,10347.192405757312,39.38084581334751,HOEP (Legacy)
2001-12-10 01:00:00,2001,12,2,11311.67308114135,7.2448931813638495,HOEP (Legacy)
2001-12-10 02:00:00,2001,12,3,11486.864644506108,15.735803895735089,HOEP (Legacy)
2001-12-10 03:00:00,2001,12,4,11949.178251635025,12.104947957103645,HOEP (Legacy)
2001-12-10 04:00:00,2001,12,5,11147.95084574481,45.25220379246262,HOEP (Legacy)
2001-12-10 05:00:00,2001,12,6,11777.083676161275,10.570033421640183,HOEP (Legacy)
2001-12-10 06:00:00,2001,12,7,12606.309674330376,53.14495707301404,HOEP (Legacy)
2001-12-10 07:00:00,2001,12,8,12514.16745944314,42.90150588857335,HOEP (Legacy)
2001-12-10 08:00:00,2001,12,9,12798.531507029953,28.77978558249537,HOEP (Legacy)
2001-12-10 09:00:00,2001,12,10,13054.895411618192,26.241233139077252,HOEP (Legacy)
2001-12-10 10:00:00,2001,12,11,13027.648052986662,37.79754728390004,HOEP (Legacy)
2001-12-10 11:00:00,2001,12,12,12765.318336770488,21.82054698553555,HOEP (Legacy)
2001-12-10 12:00:00,2001,12,13,13785.896358494407,56.893334919855526,HOEP (Legacy)
2001-12-10 13:00:00,2001,12,14,12439.751129596936,17.244292230326593,HOEP (Legacy)
2001-12-10 14:00:00,2001,12,15,12318.333264635537,37.062398886055426,HOEP (Legacy)
2001-12-10 15:00:00,2001,12,16,12171.238719847437,18.6287896468822,HOEP (Legacy)
2001-12-10 16:00:00,2001,12,17,11423.8971951279,35.59483922217051,HOEP (Legacy)
2001-12-10 17:00:00,2001,12,18,12021.600835274136,28.24950761152926,HOEP (Legacy)
2001-12-10 18:00:00,2001,12,19,11083.854008050379,26.274938734067725,HOEP (Legacy)
2001-12-10 19:00:00,2001,12,20,10876.900137397655,14.278156500259986,HOEP (Legacy)
2001-12-10 20:00:00,2001,12,21,10701.189055859022,29.37732491896032,HOEP (Legacy)
2001-12-10 21:00:00,2001,12,22,10926.601902625749,19.909727085016126,HOEP (Legacy)
2001-12-10 22:00:00,2001,12,23,10729.045682948818,25.81150582835603,HOEP (Legacy)
2001-12-10 23:00:00,2001,12,24,10823.576194854573,9.815145655442779,HOEP (Legacy)
2001-12-11 00:00:00,2001,12,1,10428.57579462061,16.41716009225956,HOEP (Legacy)
2001-12-11 01:00:00,2001,12,2,11253.067026720386,17.085712140522958,HOEP (Legacy)
2001-12-11 02:00:00,2001,12,3,10975.548718969396,19.127676427993926,HOEP (Legacy)
2001-12-11 03:00:00,2001,12,4,11651.217535197406,28.7029633721045,HOEP (Legacy)
2001-12-11 04:00:00,2001,12,5,11546.461243237643,34.028047659622544,HOEP (Legacy)
2001-12-11 05:00:00,2001,12,6,11191.687101450192,18.594949350367145,HOEP (Legacy)
2001-12-11 06:00:00,2001,12,7,13127.518426802346,30.57437529300036,HOEP (Legacy)
2001-12-11 07:00:00,2001,12,8,12556.661214319436,13.419853814063494,HOEP (Legacy)
2001-12-11 08:00:00,2001,12,9,12453.448587528337,25.190785915928956,HOEP (Legacy)
2001-12-11 09:00:00,2001,12,10,12180.610768996514,22.152203583966823,HOEP (Legacy)
2001-12-11 10:00:00,2001,12,11,13044.506756536988,17.754133837464266,HOEP (Legacy)
2001-12-11 11:00:00,2001,12,12,13057.949372297724,38.50404179791763,HOEP (Legacy)
2001-12-11 12:00:00,2001,12,13,12836.17580457496,48.093025508592994,HOEP (Legacy)
2001-12-11 13:00:00,2001,12,14,12700.383724775607,34.8206379729589,HOEP (Legacy)
2001-12-11 14:00:00,2001,12,15,11253.795186928248,18.795639529152744,HOEP (Legacy)
2001-12-11 15:00:00,2001,12,16,12609.728745571347,52.81980439962229,HOEP (Legacy)
2001-12-11 16:00:00,2001,12,17,11977.752667932536,39.773623676544005,HOEP (Legacy)
2001-12-11 17:00:00,2001,12,18,10514.330326254185,16.212860144134588,HOEP (Legacy)
2001-12-11 18:00:00,2001,12,19,11711.402266470132,12.899046276343634,HOEP (Legacy)
2001-12-11 19:00:00,2001,12,20,11775.9748146257,23.781992443301263,HOEP (Legacy)
2001-12-11 20:00:00,2001,12,21,11403.871686714254,39.94727389694467,HOEP (Legacy)
2001-12-11 21:00:00,2001,12,22,10860.51540644607,2.4883540712975183,HOEP (Legacy)
2001-12-11 22:00:00,2001,12,23,10082.604007136097,21.84946122577809,HOEP (Legacy)
2001-12-11 23:00:00,2001,12,24,10972.210138890785,0.1305593162121852,HOEP (Legacy)
2001-12-12 00:00:00,2001,12,1,10804.717032515062,28.754146276396682,HOEP (Legacy)
2001-12-12 01:00:00,2001,12,2,10883.901307629167,31.405168458336718,HOEP (Legacy)
2001-12-12 02:00:00,2001,12,3,11784.504007436059,40.58759184237779,HOEP (Legacy)
2001-12-12 03:00:00,2001,12,4,11092.687760694293,-0.8230707496792284,HOEP (Legacy)
2001-12-12 04:00:00,2001,12,5,11966.492136672181,20.443089905130112,HOEP (Legacy)
2001-12-12 05:00:00,2001,12,6,11921.461667132615,34.11556497787203,HOEP (Legacy)
2001-12-12 06:00:00,2001,12,7,12866.998016300719,59.60122495567914,HOEP (Legacy)
2001-12-12 07:00:00,2001,12,8,12726.617421588513,56.63134315847701,HOEP (Legacy)
2001-12-12 08:00:00,2001,12,9,12678.588721637236,27.448164955875143,HOEP (Legacy)
2001-12-12 09:00:00,2001,12,10,12570.094462695119,18.25903567713596,HOEP (Legacy)
2001-12-12 10:00:00,2001,12,11,13509.806371680621,52.78446743817511,HOEP (Legacy)
2001-12-12 11:00:00,2001,12,12,12416.47422987176,43.391383007503606,HOEP (Legacy)
2001-12-12 12:00:00,2001,12,13,12675.531828926563,50.84532832662927,HOEP (Legacy)
2001-12-12 13:00:00,2001,12,14,12419.604260309847,34.04845044498847,HOEP (Legacy)
2001-12-12 14:00:00,2001,12,15,12908.273684034246,42.74057093445323,HOEP (Legacy)
2001-12-12 15:00:00,2001,12,16,11954.056112360797,25.48015809480729,HOEP (Legacy)
2001-12-12 16:00:00,2001,12,17,12336.377845389456,23.969239320481666,HOEP (Legacy)
2001-12-12 17:00:00,2001,12,18,12148.082818084835,30.450063861600096,HOEP (Legacy)
2001-12-12 18:00:00,2001,12,19,11562.357717803117,15.749960353444568,HOEP (Legacy)
2001-12-12 19:00:00,2001,12,20,10794.159336117193,32.61042610798125,HOEP (Legacy)
2001-12-12 20:00:00,2001,12,21,11776.427503128562,21.350021416600185,HOEP (Legacy)
2001-12-12 21:00:00,2001,12,22,10365.552850152535,21.824289766839577,HOEP (Legacy)
2001-12-12 22:00:00,2001,12,23,10817.595615694398,21.623021484730682,HOEP (Legacy)
2001-12-12 23:00:00,2001,12,24,10238.43545083216,19.039035617368558,HOEP (Legacy)
2001-12-13 00:00:00,2001,12,1,10507.84646994352,18.683010897212732,HOEP (Legacy)
2001-12-13 01:00:00,2001,12,2,10696.476157510588,11.273158805667915,HOEP (Legacy)
2001-12-13 02:00:00,2001,12,3,11703.954544274566,18.199165557169692,HOEP (Legacy)
2001-12-13 03:00:00,2001,12,4,11281.184319304977,24.38889462283081,HOEP (Legacy)
2001-12-13 04:00:00,2001,12,5,11691.537717843536,13.603530191336736,HOEP (Legacy)
2001-12-13 05:00:00,2001,12,6,12085.898458593834,39.25942000397424,HOEP (Legacy)
2001-12-13 06:00:00,2001,12,7,12611.746913533008,33.185534124713136,HOEP (Legacy)
2001-12-13 07:00:00,2001,12,8,12748.805560701483,0.9445727535164963,HOEP (Legacy)
2001-12-13 08:00:00,2001,12,9,11762.016865709846,21.525621354905805,HOEP (Legacy)
2001-12-13 09:00:00,2001,12,10,13322.69343079864,22.136204974350953,HOEP (Legacy)
2001-12-13 10:00:00,2001,12,11,13269.274449965815,43.91097134818683,HOEP (Legacy)
2001-12-13 11:00:00,2001,12,12,13258.567873591663,26.699964940876754,HOEP (Legacy)
2001-12-13 12:00:00,2001,12,13,12532.085470007649,44.7331854504733,HOEP (Legacy)
2001-12-13 13:00:00,2001,12,14,13066.382978842435,17.850877511580396,HOEP (Legacy)
2001-12-13 14:00:00,2001,12,15,12974.53263583596,9.46330133441203,HOEP (Legacy)
2001-12-13 15:00:00,2001,12,16,11887.106992142757,29.189708265971458,HOEP (Legacy)
2001-12-13 16:00:00,2001,12,17,12253.8898590328,14.881264441090444,HOEP (Legacy)
2001-12-13 17:00:00,2001,12,18,11923.922103333383,31.11550780001605,HOEP (Legacy)
2001-12-13 18:00:00,2001,12,19,10788.202936287027,13.108547080745282,HOEP (Legacy)
2001-12-13 19:00:00,2001,12,20,11204.308252081068,14.509490433410976,HOEP (Legacy)
2001-12-13 20:00:00,2001,12,21,10065.861031963763,18.480742917395716,HOEP (Legacy)
2001-12-13 21:00:00,2001,12,22,10175.834484048388,19.7762097363186,HOEP (Legacy)
2001-12-13 22:00:00,2001,12,23,10494.974381517895,19.293092303326738,HOEP (Legacy)
2001-12-13 23:00:00,2001,12,24,10749.162156818988,21.55104803185381,HOEP (Legacy)
2001-12-14 00:00:00,2001,12,1,10332.506544837855,19.223367093374137,HOEP (Legacy)
2001-12-14 01:00:00,2001,12,2,11362.002228039366,19.28385210933654,HOEP (Legacy)
2001-12-14 02:00:00,2001,12,3,11365.50200417889,10.097151237898103,HOEP (Legacy)
2001-12-14 03:00:00,2001,12,4,11166.252153580646,46.31763635408116,HOEP (Legacy)
2001-12-14 04:00:00,2001,12,5,11629.447813058174,13.880324899758644,HOEP (Legacy)
2001-12-14 05:00:00,2001,12,6,12648.996737154193,31.537107776128327,HOEP (Legacy)
2001-12-14 06:00:00,2001,12,7,12051.121462987932,22.394768434439147,HOEP (Legacy)
2001-12-14 07:00:00,2001,12,8,12392.952611060577,22.708361807587885,HOEP (Legacy)
2001-12-14 08:00:00,2001,12,9,13465.08113936396,30.8784135527601,HOEP (Legacy)
2001-12-14 09:00:00,2001,12,10,12942.536706314426,22.983662624186092,HOEP (Legacy)
2001-12-14 10:00:00,2001,12,11,13164.212253893207,29.023141968239376,HOEP (Legacy)
2001-12-14 11:00:00,2001,12,12,12946.534766396682,52.91590547159608,HOEP (Legacy)
2001-12-14 12:00:00,2001,12,13,12479.02445842389,33.251652441744575,HOEP (Legacy)
2001-12-14 13:00:00,2001,12,14,12773.29246625068,34.859278379987636,HOEP (Legacy)
2001-12-14 14:00:00,2001,12,15,12698.073615774645,36.35849378590299,HOEP (Legacy)
2001-12-14 15:00:00,2001,12,16,12179.390483557096,24.11654203316593,HOEP (Legacy)
2001-12-14 16:00:00,2001,12,17,12829.72581045009,13.632937199950927,HOEP (Legacy)
2001-12-14 17:00:00,2001,12,18,11100.501914448181,18.90172188998001,HOEP (Legacy)
2001-12-14 18:00:00,2001,12,19,11514.865004481519,22.975594078175252,HOEP (Legacy)
2001-12-14 19:00:00,2001,12,20,10158.548227134417,24.194946063625792,HOEP (Legacy)
2001-12-14 20:00:00,2001,12,21,10925.08284961097,16.83576925089631,HOEP (Legacy)
2001-12-14 21:00:00,2001,12,22,11128.595639659485,7.48554808176651,HOEP (Legacy)
2001-12-14 22:00:00,2001,12,23,11373.184250539272,30.04282549076143,HOEP (Legacy)
2001-12-14 23:00:00,2001,12,24,10662.53298076639,17.64605936365019,HOEP (Legacy)
2001-12-15 00:00:00,2001,12,1,10264.536422009058,-9.70465376296605,HOEP (Legacy)
2001-12-15 01:00:00,2001,12,2,11026.7263721846,34.86564176051961,HOEP (Legacy)
2001-12-15 02:00:00,2001,12,3,11642.257093124703,34.37688610455272,HOEP (Legacy)
2001-12-15 03:00:00,2001,12,4,11897.91768748234,28.353076077666802,HOEP (Legacy)
2001-12-15 04:00:00,2001,12,5,11977.922667219462,22.744094023598826,HOEP (Legacy)
2001-12-15 05:00:00,2001,12,6,12279.587934448877,16.676417431360317,HOEP (Legacy)
2001-12-15 06:00:00,2001,12,7,12369.548723051337,48.22566492704966,HOEP (Legacy)
2001-12-15 07:00:00,2001,12,8,12197.166353323028,34.533261702552345,HOEP (Legacy)
2001-12-15 08:00:00,2001,12,9,13032.582913717188,8.798481251499737,HOEP (Legacy)
2001-12-15 09:00:00,2001,12,10,12833.066584006716,32.553467520322634,HOEP (Legacy)
2001-12-15 10:00:00,2001,12,11,13082.007538121714,33.20801045563892,HOEP (Legacy)
2001-12-15 11:00:00,2001,12,12,12424.696405181052,36.94976133434554,HOEP (Legacy)
2001-12-15 12:00:00,2001,12,13,12832.904471085303,32.0913365802133,HOEP (Legacy)
2001-12-15 13:00:00,2001,12,14,13390.152480608258,44.8227190588149,HOEP (Legacy)
2001-12-15 14:00:00,2001,12,15,11998.146448614983,42.327372142093125,HOEP (Legacy)
2001-12-15 15:00:00,2001,12,16,12043.309842649593,37.529721480320646,HOEP (Legacy)
2001-12-15 16:00:00,2001,12,17,11243.255747397025,16.284561809486444,HOEP (Legacy)
2001-12-15 17:00:00,2001,12,18,10689.362081077134,11.858022888893334,HOEP (Legacy)
2001-12-15 18:00:00,2001,12,19,11263.114564512527,30.74180760641846,HOEP (Legacy)
2001-12-15 19:00:00,2001,12,20,10956.819487833844,16.721728593683437,HOEP (Legacy)
2001-12-15 20:00:00,2001,12,21,11008.590720414672,45.49691234346715,HOEP (Legacy)
2001-12-15 21:00:00,2001,12,22,10969.456830464194,18.955284406502777,HOEP (Legacy)
2001-12-15 22:00:00,2001,12,23,11357.833610672424,19.290355166432523,HOEP (Legacy)
2001-12-15 23:00:00,2001,12,24,10816.13852759154,11.500443164429822,HOEP (Legacy)
2001-12-16 00:00:00,2001,12,1,10839.015635010906,30.02998703619899,HOEP (Legacy)
2001-12-16 01:00:00,2001,12,2,10533.405930694014,14.741839476804886,HOEP (Legacy)
2001-12-16 02:00:00,2001,12,3,11518.638660996838,32.86422499834553,HOEP (Legacy)
2001-12-16 03:00:00,2001,12,4,12507.178104664097,14.28348331257925,HOEP (Legacy)
2001-12-16 04:00:00,2001,12,5,12230.971145021516,24.742262524026756,HOEP (Legacy)
2001-12-16 05:00:00,2001,12,6,12422.585436401763,40.14155108851585,HOEP (Legacy)
2001-12-16 06:00:00,2001,12,7,12098.191695348083,21.874015849450117,HOEP (Legacy)
2001-12-16 07:00:00,2001,12,8,12704.697076910752,44.491054731138654,HOEP (Legacy)
2001-12-16 08:00:00,2001,12,9,12465.274796702384,9.917822142524336,HOEP (Legacy)
2001-12-16 09:00:00,2001,12,10,13112.439309875277,33.28889433388837,HOEP (Legacy)
2001-12-16 10:00:00,2001,12,11,13619.926246719513,47.418048761671834,HOEP (Legacy)
2001-12-16 11:00:00,2001,12,12,13185.674569513705,22.23068838827618,HOEP (Legacy)
2001-12-16 12:00:00,2001,12,13,12945.790530710452,44.15814492925739,HOEP (Legacy)
2001-12-16 13:00:00,2001,12,14,12544.014049304256,22.148213355290704,HOEP (Legacy)
2001-12-16 14:00:00,2001,12,15,12640.435843360483,33.02528440097939,HOEP (Legacy)
2001-12-16 15:00:00,2001,12,16,11871.778626854026,52.48369235219054,HOEP (Legacy)
2001-12-16 16:00:00,2001,12,17,11301.969943571963,14.398625340920212,HOEP (Legacy)
2001-12-16 17:00:00,2001,12,18,11584.72812722773,34.83463568925252,HOEP (Legacy)
2001-12-16 18:00:00,2001,12,19,11515.581369841675,22.700975717108257,HOEP (Legacy)
2001-12-16 19:00:00,2001,12,20,10981.344455908775,7.155690364903066,HOEP (Legacy)
2001-12-16 20:00:00,2001,12,21,10743.713043931682,10.160030377008367,HOEP (Legacy)
2001-12-16 21:00:00,2001,12,22,11307.431808049281,19.819177909650783,HOEP (Legacy)
2001-12-16 22:00:00,2001,12,23,10868.591337132542,0.6294488323545266,HOEP (Legacy)
2001-12-16 23:00:00,2001,12,24,11110.872913801792,22.700364424830536,HOEP (Legacy)
2001-12-17 00:00:00,2001,12,1,10823.528478269378,22.266753833035715,HOEP (Legacy)
2001-12-17 01:00:00,2001,12,2,11236.618369281578,24.008086270989704,HOEP (Legacy)
2001-12-17 02:00:00,2001,12,3,11535.33689419332,43.9953576593817,HOEP (Legacy)
2001-12-17 03:00:00,2001,12,4,11981.07696170027,51.87690746361915,HOEP (Legacy)
2001-12-17 04:00:00,2001,12,5,11948.824794076578,19.410543436577207,HOEP (Legacy)
2001-12-17 05:00:00,2001,12,6,12873.777786366149,57.560673040799514,HOEP (Legacy)
2001-12-17 06:00:00,2001,12,7,12137.90875916395,40.19233565990743,HOEP (Legacy)
2001-12-17 07:00:00,2001,12,8,13195.326547144341,43.62708502373203,HOEP (Legacy)
2001-12-17 08:00:00,2001,12,9,12986.816758612513,27.903547101523415,HOEP (Legacy)
2001-12-17 09:00:00,2001,12,10,13488.66226443009,60.074232087938555,HOEP (Legacy)
2001-12-17 10:00:00,2001,12,11,12854.135850204717,22.234596870111133,HOEP (Legacy)
2001-12-17 11:00:00,2001,12,12,13373.334554143028,17.70653298416143,HOEP (Legacy)
2001-12-17 12:00:00,2001,12,13,13428.827442145517,46.10362057680679,HOEP (Legacy)
2001-12-17 13:00:00,2001,12,14,12375.394247680535,57.18325247929616,HOEP (Legacy)
2001-12-17 14:00:00,2001,12,15,12956.497887235739,17.689514281628,HOEP (Legacy)
2001-12-17 15:00:00,2001,12,16,12359.886543458158,14.041000931819234,HOEP (Legacy)
2001-12-17 16:00:00,2001,12,17,12484.338352826659,33.7312773737259,HOEP (Legacy)
2001-12-17 17:00:00,2001,12,18,11949.378621996848,24.168136220379417,HOEP (Legacy)
2001-12-17 18:00:00,2001,12,19,10965.45631625812,9.635599490635432,HOEP (Legacy)
2001-12-17 19:00:00,2001,12,20,10358.715465221983,13.617607559022403,HOEP (Legacy)
2001-12-17 20:00:00,2001,12,21,10895.651794872381,23.929378388601393,HOEP (Legacy)
2001-12-17 21:00:00,2001,12,22,10683.694202660996,47.997835339800886,HOEP (Legacy)
2001-12-17 22:00:00,2001,12,23,10142.986777660975,-2.2500389730049832,HOEP (Legacy)
2001-12-17 23:00:00,2001,12,24,10728.208502087344,24.51942146599307,HOEP (Legacy)
2001-12-18 00:00:00,2001,12,1,10722.24662283153,27.261974706152074,HOEP (Legacy)
2001-12-18 01:00:00,2001,12,2,10804.726393021681,21.292854913364213,HOEP (Legacy)
2001-12-18 02:00:00,2001,12,3,11191.233075262404,10.076075683859592,HOEP (Legacy)
2001-12-18 03:00:00,2001,12,4,11351.198381121709,25.672752610998465,HOEP (Legacy)
2001-12-18 04:00:00,2001,12,5,12115.101481206128,28.25557695956541,HOEP (Legacy)
2001-12-18 05:00:00,2001,12,6,12102.739970026874,25.099068824746308,HOEP (Legacy)
2001-12-18 06:00:00,2001,12,7,12382.552439271903,29.087030510249132,HOEP (Legacy)
2001-12-18 07:00:00,2001,12,8,11774.391552741641,44.857579945643764,HOEP (Legacy)
2001-12-18 08:00:00,2001,12,9,13531.652633845873,10.135989064108522,HOEP (Legacy)
2001-12-18 09:00:00,2001,12,10,12754.47499248209,36.950892575521586,HOEP (Legacy)
2001-12-18 10:00:00,2001,12,11,13431.556521458473,14.343983329346468,HOEP (Legacy)
2001-12-18 11:00:00,2001,12,12,12552.343615953725,31.671603334732474,HOEP (Legacy)
2001-12-18 12:00:00,2001,12,13,12430.711139171088,38.883957247656056,HOEP (Legacy)
2001-12-18 13:00:00,2001,12,14,13742.37672126409,48.80665234016548,HOEP (Legacy)
2001-12-18 14:00:00,2001,12,15,12765.421122235912,32.84328508046278,HOEP (Legacy)
2001-12-18 15:00:00,2001,12,16,12058.131151521133,23.342343787055803,HOEP (Legacy)
2001-12-18 16:00:00,2001,12,17,11700.005661988755,8.112068784796787,HOEP (Legacy)
2001-12-18 17:00:00,2001,12,18,11318.55857200333,37.45965638644583,HOEP (Legacy)
2001-12-18 18:00:00,2001,12,19,10887.49600047441,21.30300637567574,HOEP (Legacy)
2001-12-18 19:00:00,2001,12,20,10441.953013661874,9.565714417035814,HOEP (Legacy)
2001-12-18 20:00:00,2001,12,21,10928.174145939669,2.2769735225068004,HOEP (Legacy)
2001-12-18 21:00:00,2001,12,22,10531.91776541805,32.229069272817284,HOEP (Legacy)
2001-12-18 22:00:00,2001,12,23,11305.176842634228,23.04689372333795,HOEP (Legacy)
2001-12-18 23:00:00,2001,12,24,10423.642471770467,10.636834015056753,HOEP (Legacy)
2001-12-19 00:00:00,2001,12,1,10215.607125474424,37.982362445282845,HOEP (Legacy)
2001-12-19 01:00:00,2001,12,2,11060.974018856617,50.724489011286266,HOEP (Legacy)
2001-12-19 02:00:00,2001,12,3,11667.68586335097,21.098102227290386,HOEP (Legacy)
2001-12-19 03:00:00,2001,12,4,11421.388542579361,11.731683666276304,HOEP (Legacy)
2001-12-19 04:00:00,2001,12,5,11524.986061894344,38.102751153852374,HOEP (Legacy)
2001-12-19 05:00:00,2001,12,6,11342.602200921643,24.328877603286685,HOEP (Legacy)
2001-12-19 06:00:00,2001,12,7,12797.113278235394,43.89536286629239,HOEP (Legacy)
2001-12-19 07:00:00,2001,12,8,12710.61545768982,26.266327392073958,HOEP (Legacy)
2001-12-19 08:00:00,2001,12,9,12869.525741392808,18.306456992831514,HOEP (Legacy)
2001-12-19 09:00:00,2001,12,10,13552.377644947168,14.185572528541748,HOEP (Legacy)
2001-12-19 10:00:00,2001,12,11,13062.781166934546,31.678046858924862,HOEP (Legacy)
2001-12-19 11:00:00,2001,12,12,12990.2188322818,55.81238784867444,HOEP (Legacy)
2001-12-19 12:00:00,2001,12,13,12382.436769313854,33.62404006399041,HOEP (Legacy)
2001-12-19 13:00:00,2001,12,14,12718.492126950921,20.85526513638183,HOEP (Legacy)
2001-12-19 14:00:00,2001,12,15,12594.728481643873,23.31838261217838,HOEP (Legacy)
2001-12-19 15:00:00,2001,12,16,11872.729823411164,28.943496097642004,HOEP (Legacy)
2001-12-19 16:00:00,2001,12,17,11593.478557619375,25.54466382076944,HOEP (Legacy)
2001-12-19 17:00:00,2001,12,18,11731.886138591764,24.08314672586566,HOEP (Legacy)
2001-12-19 18:00:00,2001,12,19,11298.649312251518,15.500769524071504,HOEP (Legacy)
2001-12-19 19:00:00,2001,12,20,10939.788606055055,15.641127807260395,HOEP (Legacy)
2001-12-19 20:00:00,2001,12,21,10213.796164573832,30.69007312272757,HOEP (Legacy)
2001-12-19 21:00:00,2001,12,22,11321.23377305717,18.225312507718684,HOEP (Legacy)
2001-12-19 22:00:00,2001,12,23,10041.825187719043,29.898264320090913,HOEP (Legacy)
2001-12-19 23:00:00,2001,12,24,10968.517154413414,2.4057963981586994,HOEP (Legacy)
2001-12-20 00:00:00,2001,12,1,10919.074772771177,24.79581000819759,HOEP (Legacy)
2001-12-20 01:00:00,2001,12,2,11251.821385982057,32.67006317092862,HOEP (Legacy)
2001-12-20 02:00:00,2001,12,3,10866.284056113032,39.3517851960933,HOEP (Legacy)
2001-12-20 03:00:00,2001,12,4,11242.96262893897,21.76880867334263,HOEP (Legacy)
2001-12-20 04:00:00,2001,12,5,12212.512473797948,27.582147479845727,HOEP (Legacy)
2001-12-20 05:00:00,2001,12,6,12419.694465223596,41.06978931552645,HOEP (Legacy)
2001-12-20 06:00:00,2001,12,7,12341.200293492902,24.18180438636584,HOEP (Legacy)
2001-12-20 07:00:00,2001,12,8,11991.338961225723,32.87635401052213,HOEP (Legacy)
2001-12-20 08:00:00,2001,12,9,13300.05330818734,50.84952268993427,HOEP (Legacy)
2001-12-20 09:00:00,2001,12,10,13203.425665209365,11.563838876394545,HOEP (Legacy)
2001-12-20 10:00:00,2001,12,11,12964.584930046705,25.63398073085856,HOEP (Legacy)
2001-12-20 11:00:00,2001,12,12,13079.11236488154,27.532069438359088,HOEP (Legacy)
2001-12-20 12:00:00,2001,12,13,13002.69624617975,37.29298102329491,HOEP (Legacy)
2001-12-20 13:00:00,2001,12,14,12615.170727958006,40.82269580645946,HOEP (Legacy)
2001-12-20 14:00:00,2001,12,15,11663.246012533693,37.25454923575805,HOEP (Legacy)
2001-12-20 15:00:00,2001,12,16,12196.938357373272,34.61706528957213,HOEP (Legacy)
2001-12-20 16:00:00,2001,12,17,11616.397960451874,34.13296148193791,HOEP (Legacy)
2001-12-20 17:00:00,2001,12,18,11235.378208936823,38.93994945399192,HOEP (Legacy)
2001-12-20 18:00:00,2001,12,19,11225.6567491362,16.49454823680203,HOEP (Legacy)
2001-12-20 19:00:00,2001,12,20,10716.535798611656,40.90088724192712,HOEP (Legacy)
2001-12-20 20:00:00,2001,12,21,11553.839844154769,33.62731672316969,HOEP (Legacy)
2001-12-20 21:00:00,2001,12,22,10917.931773177374,28.021094828755857,HOEP (Legacy)
2001-12-20 22:00:00,2001,12,23,9993.707421997007,15.006494338127817,HOEP (Legacy)
2001-12-20 23:00:00,2001,12,24,11041.156487810737,10.95951617029862,HOEP (Legacy)
2001-12-21 00:00:00,2001,12,1,10918.352937703034,42.86353462759888,HOEP (Legacy)
2001-12-21 01:00:00,2001,12,2,11220.68813070399,29.548264549003672,HOEP (Legacy)
2001-12-21 02:00:00,2001,12,3,11555.279025488468,10.600952288932666,HOEP (Legacy)
2001-12-21 03:00:00,2001,12,4,11348.007670178788,47.33124811650728,HOEP (Legacy)
2001-12-21 04:00:00,2001,12,5,12196.739503253142,33.187556726512895,HOEP (Legacy)
2001-12-21 05:00:00,2001,12,6,12293.15915704081,30.06876862254526,HOEP (Legacy)
2001-12-21 06:00:00,2001,12,7,12127.0107737558,30.908346068092182,HOEP (Legacy)
2001-12-21 07:00:00,2001,12,8,12946.242759337534,44.196749577568575,HOEP (Legacy)
2001-12-21 08:00:00,2001,12,9,13538.294054364103,13.985343060345219,HOEP (Legacy)
2001-12-21 09:00:00,2001,12,10,13481.349530410644,51.30304588075556,HOEP (Legacy)
2001-12-21 10:00:00,2001,12,11,12971.896789461392,40.34645032617042,HOEP (Legacy)
2001-12-21 11:00:00,2001,12,12,13123.121903364636,43.41734112092577,HOEP (Legacy)
2001-12-21 12:00:00,2001,12,13,13488.425894625525,23.65472845789413,HOEP (Legacy)
2001-12-21 13:00:00,2001,12,14,12700.667097511783,39.16570548897679,HOEP (Legacy)
2001-12-21 14:00:00,2001,12,15,12668.133502708852,18.08462301851234,HOEP (Legacy)
2001-12-21 15:00:00,2001,12,16,12206.740879340938,16.07782256124842,HOEP (Legacy)
2001-12-21 16:00:00,2001,12,17,11573.196052341742,35.37840948526254,HOEP (Legacy)
2001-12-21 17:00:00,2001,12,18,11868.958927320538,13.571001883034043,HOEP (Legacy)
2001-12-21 18:00:00,2001,12,19,11615.396990429097,23.206669220780586,HOEP (Legacy)
2001-12-21 19:00:00,2001,12,20,10458.316814543436,-1.1008548521993617,HOEP (Legacy)
2001-12-21 20:00:00,2001,12,21,10463.517890447822,-18.835864728587417,HOEP (Legacy)
2001-12-21 21:00:00,2001,12,22,10561.504831945125,24.092402236610265,HOEP (Legacy)
2001-12-21 22:00:00,2001,12,23,10217.726038659992,27.510880585060235,HOEP (Legacy)
2001-12-21 23:00:00,2001,12,24,11066.957682053246,24.152418929452327,HOEP (Legacy)
2001-12-22 00:00:00,2001,12,1,11018.751032421063,6.597681175484398,HOEP (Legacy)
2001-12-22 01:00:00,2001,12,2,10999.438899187664,17.6361454408257,HOEP (Legacy)
2001-12-22 02:00:00,2001,12,3,11359.845746908286,25.501678930092535,HOEP (Legacy)
2001-12-22 03:00:00,2001,12,4,11240.283905152352,9.46601074697781,HOEP (Legacy)
2001-12-22 04:00:00,2001,12,5,10989.40851458874,28.45212602931314,HOEP (Legacy)
2001-12-22 05:00:00,2001,12,6,12107.285651893673,27.517023982583062,HOEP (Legacy)
2001-12-22 06:00:00,2001,12,7,12161.973512495351,18.876600925989273,HOEP (Legacy)
2001-12-22 07:00:00,2001,12,8,12235.689411886107,44.63034183039032,HOEP (Legacy)
2001-12-22 08:00:00,2001,12,9,12913.176590152256,29.900310588010285,HOEP (Legacy)
2001-12-22 09:00:00,2001,12,10,12692.87718746872,12.456691919940038,HOEP (Legacy)
2001-12-22 10:00:00,2001,12,11,12835.366223446918,21.047181372571103,HOEP (Legacy)
2001-12-22 11:00:00,2001,12,12,12403.76548426808,16.92325130992833,HOEP (Legacy)
2001-12-22 12:00:00,2001,12,13,13526.559400183978,26.719251117841083,HOEP (Legacy)
2001-12-22 13:00:00,2001,12,14,13075.670987387339,23.880817023235252,HOEP (Legacy)
2001-12-22 14:00:00,2001,12,15,12701.76790980272,28.44925955113735,HOEP (Legacy)
2001-12-22 15:00:00,2001,12,16,12877.374632961877,36.223124182034,HOEP (Legacy)
2001-12-22 16:00:00,2001,12,17,11626.229710613216,40.75744343614625,HOEP (Legacy)
2001-12-22 17:00:00,2001,12,18,11387.90695104428,40.752595665823385,HOEP (Legacy)
2001-12-22 18:00:00,2001,12,19,11462.220736269452,34.942483285753106,HOEP (Legacy)
2001-12-22 19:00:00,2001,12,20,10765.214229365776,28.976814024614924,HOEP (Legacy)
2001-12-22 20:00:00,2001,12,21,11271.563889361498,16.79333231542324,HOEP (Legacy)
2001-12-22 21:00:00,2001,12,22,10284.01561267628,17.109729791108368,HOEP (Legacy)
2001-12-22 22:00:00,2001,12,23,10281.13366061601,34.50892487041783,HOEP (Legacy)
2001-12-22 23:00:00,2001,12,24,10648.636730184926,19.55443698567397,HOEP (Legacy)
2001-12-23 00:00:00,2001,12,1,11082.04470538584,29.59657163726311,HOEP (Legacy)
2001-12-23 01:00:00,2001,12,2,12006.73121005883,24.63927719360256,HOEP (Legacy)
2001-12-23 02:00:00,2001,12,3,11411.246006716703,33.20660673084993,HOEP (Legacy)
2001-12-23 03:00:00,2001,12,4,11109.395944679552,43.040326763766316,HOEP (Legacy)
2001-12-23 04:00:00,2001,12,5,11545.25156258834,17.46268165020522,HOEP (Legacy)
2001-12-23 05:00:00,2001,12,6,11708.507644852405,28.330236097020116,HOEP (Legacy)
2001-12-23 06:00:00,2001,12,7,12359.626581995863,13.237723048016012,HOEP (Legacy)
2001-12-23 07:00:00,2001,12,8,12448.174519425871,29.01865388906736,HOEP (Legacy)
2001-12-23 08:00:00,2001,12,9,13198.526611941033,42.11154307955856,HOEP (Legacy)
2001-12-23 09:00:00,2001,12,10,13193.116947666258,48.07883773369878,HOEP (Legacy)
2001-12-23 10:00:00,2001,12,11,13236.512730712227,22.67960455600423,HOEP (Legacy)
2001-12-23 11:00:00,2001,12,12,13330.754094310123,47.9801997009019,HOEP (Legacy)
2001-12-23 12:00:00,2001,12,13,12415.763426735602,36.97464012953419,HOEP (Legacy)
2001-12-23 13:00:00,2001,12,14,12904.141144345353,32.98037396432226,HOEP (Legacy)
2001-12-23 14:00:00,2001,12,15,12533.691200170328,29.071558987114386,HOEP (Legacy)
2001-12-23 15:00:00,2001,12,16,11957.734343689539,22.45217687120455,HOEP (Legacy)
2001-12-23 16:00:00,2001,12,17,12164.49758084399,21.89417614923545,HOEP (Legacy)
2001-12-23 17:00:00,2001,12,18,12068.29287442303,27.045237983461963,HOEP (Legacy)
2001-12-23 18:00:00,2001,12,19,11298.270667250092,31.554595590127047,HOEP (Legacy)
2001-12-23 19:00:00,2001,12,20,11177.338509052735,35.5512611478217,HOEP (Legacy)
2001-12-23 20:00:00,2001,12,21,10710.394598901812,21.593238324729338,HOEP (Legacy)
2001-12-23 21:00:00,2001,12,22,10651.347953670022,19.520990808720928,HOEP (Legacy)
2001-12-23 22:00:00,2001,12,23,10680.72357885738,24.56597469462969,HOEP (Legacy)
2001-12-23 23:00:00,2001,12,24,10086.91070754098,16.013210565501108,HOEP (Legacy)
2001-12-24 00:00:00,2001,12,1,10308.023148961276,14.805109980752643,HOEP (Legacy)
2001-12-24 01:00:00,2001,12,2,10847.608111537624,33.000292716652936,HOEP (Legacy)
2001-12-24 02:00:00,2001,12,3,10613.262769123516,11.358864289499156,HOEP (Legacy)
2001-12-24 03:00:00,2001,12,4,10679.871125417236,0.6121790242874035,HOEP (Legacy)
2001-12-24 04:00:00,2001,12,5,11858.050451446457,23.012374706944016,HOEP (Legacy)
2001-12-24 05:00:00,2001,12,6,12827.124148316218,8.33486310348751,HOEP (Legacy)
2001-12-24 06:00:00,2001,12,7,12775.443234446628,38.302333151881705,HOEP (Legacy)
2001-12-24 07:00:00,2001,12,8,12197.097814918347,34.34811717391645,HOEP (Legacy)
2001-12-24 08:00:00,2001,12,9,12992.072095641897,30.251469219711673,HOEP (Legacy)
2001-12-24 09:00:00,2001,12,10,13449.544915125936,27.8298842073391,HOEP (Legacy)
2001-12-24 10:00:00,2001,12,11,12928.497461343704,16.771871342978727,HOEP (Legacy)
2001-12-24 11:00:00,2001,12,12,13322.958638612845,31.670011452342965,HOEP (Legacy)
2001-12-24 12:00:00,2001,12,13,13195.270402420201,41.26453762063023,HOEP (Legacy)
2001-12-24 13:00:00,2001,12,14,13000.22993034669,32.39858974963152,HOEP (Legacy)
2001-12-24 14:00:00,2001,12,15,12831.104966491392,21.596754833210866,HOEP (Legacy)
2001-12-24 15:00:00,2001,12,16,12315.207186616626,24.634938767748054,HOEP (Legacy)
2001-12-24 16:00:00,2001,12,17,11762.865618160731,26.021747819852962,HOEP (Legacy)
2001-12-24 17:00:00,2001,12,18,11563.344367580159,14.345423205024401,HOEP (Legacy)
2001-12-24 18:00:00,2001,12,19,11207.703300582632,22.03427352019786,HOEP (Legacy)
2001-12-24 19:00:00,2001,12,20,11759.59252784344,20.727311679961918,HOEP (Legacy)
2001-12-24 20:00:00,2001,12,21,10831.225546191714,7.652662403244026,HOEP (Legacy)
2001-12-24 21:00:00,2001,12,22,11400.305960335336,22.405970549308062,HOEP (Legacy)
2001-12-24 22:00:00,2001,12,23,9932.75708345279,23.57502340169585,HOEP (Legacy)
2001-12-24 23:00:00,2001,12,24,10978.68633444138,33.193326461834964,HOEP (Legacy)
2001-12-25 00:00:00,2001,12,1,10662.567204726047,-5.776044922198363,HOEP (Legacy)
2001-12-25 01:00:00,2001,12,2,11210.290064077777,24.224333145134466,HOEP (Legacy)
2001-12-25 02:00:00,2001,12,3,11384.670106869991,30.085917657886473,HOEP (Legacy)
2001-12-25 03:00:00,2001,12,4,11029.146196806114,12.236794930091964,HOEP (Legacy)
2001-12-25 04:00:00,2001,12,5,12126.54706357495,26.295165267049775,HOEP (Legacy)
2001-12-25 05:00:00,2001,12,6,11365.24253305731,37.54630345002964,HOEP (Legacy)
2001-12-25 06:00:00,2001,12,7,13391.98563297259,57.00775713671323,HOEP (Legacy)
2001-12-25 07:00:00,2001,12,8,13259.9334460616,26.063702416452376,HOEP (Legacy)
2001-12-25 08:00:00,2001,12,9,13319.336349077365,31.494538881649863,HOEP (Legacy)
2001-12-25 09:00:00,2001,12,10,13375.290968294634,42.47794862264486,HOEP (Legacy)
2001-12-25 10:00:00,2001,12,11,13806.65823814919,56.082770400090766,HOEP (Legacy)
2001-12-25 11:00:00,2001,12,12,13363.790118470417,31.815661799958583,HOEP (Legacy)
2001-12-25 12:00:00,2001,12,13,13699.26006345994,53.5104774790479,HOEP (Legacy)
2001-12-25 13:00:00,2001,12,14,12594.647841152375,27.584280487330833,HOEP (Legacy)
2001-12-25 14:00:00,2001,12,15,12613.619612159308,62.211555208137796,HOEP (Legacy)
2001-12-25 15:00:00,2001,12,16,11064.813205757031,38.5664819175078,HOEP (Legacy)
2001-12-25 16:00:00,2001,12,17,11966.641163450384,7.211198937970654,HOEP (Legacy)
2001-12-25 17:00:00,2001,12,18,11777.900829183005,33.76896597905533,HOEP (Legacy)
2001-12-25 18:00:00,2001,12,19,11248.366983801849,27.112472064217293,HOEP (Legacy)
2001-12-25 19:00:00,2001,12,20,10607.521247057957,8.4962916184075,HOEP (Legacy)
2001-12-25 20:00:00,2001,12,21,10452.133599665072,18.024218610808948,HOEP (Legacy)
2001-12-25 21:00:00,2001,12,22,10901.804933827683,33.442218171892584,HOEP (Legacy)
2001-12-25 22:00:00,2001,12,23,10991.697317054786,15.69465160782565,HOEP (Legacy)
2001-12-25 23:00:00,2001,12,24,10024.669130322029,39.602480669416366,HOEP (Legacy)
2001-12-26 00:00:00,2001,12,1,10696.760790375174,26.796001420936868,HOEP (Legacy)
2001-12-26 01:00:00,2001,12,2,11081.409183784115,24.904698646526743,HOEP (Legacy)
2001-12-26 02:00:00,2001,12,3,11317.636115884978,36.573777308868884,HOEP (Legacy)
2001-12-26 03:00:00,2001,12,4,12458.682850616047,19.217054126057544,HOEP (Legacy)
2001-12-26 04:00:00,2001,12,5,12043.384042948348,10.388056247535072,HOEP (Legacy)
2001-12-26 05:00:00,2001,12,6,11902.95226137021,18.524714515648473,HOEP (Legacy)
2001-12-26 06:00:00,2001,12,7,12829.475844824641,37.33122047687985,HOEP (Legacy)
2001-12-26 07:00:00,2001,12,8,13210.392274659433,29.44254647349194,HOEP (Legacy)
2001-12-26 08:00:00,2001,12,9,12682.962172403844,58.595384543939254,HOEP (Legacy)
2001-12-26 09:00:00,2001,12,10,12789.595287151773,48.630630193850706,HOEP (Legacy)
2001-12-26 10:00:00,2001,12,11,12827.241209943833,35.15489798412151,HOEP (Legacy)
2001-12-26 11:00:00,2001,12,12,12991.52179876346,27.451625886336743,HOEP (Legacy)
2001-12-26 12:00:00,2001,12,13,12739.738506417332,27.303077364168914,HOEP (Legacy)
2001-12-26 13:00:00,2001,12,14,12178.969349466517,20.79618626829825,HOEP (Legacy)
2001-12-26 14:00:00,2001,12,15,11906.485086357414,13.430062774015038,HOEP (Legacy)
2001-12-26 15:00:00,2001,12,16,11593.440573961452,13.445988808483062,HOEP (Legacy)
2001-12-26 16:00:00,2001,12,17,11433.365397264932,37.85697667717719,HOEP (Legacy)
2001-12-26 17:00:00,2001,12,18,11087.40285133204,33.84127288115593,HOEP (Legacy)
2001-12-26 18:00:00,2001,12,19,12013.73138655397,23.893061877542838,HOEP (Legacy)
2001-12-26 19:00:00,2001,12,20,10833.139000516832,16.978350362497185,HOEP (Legacy)
2001-12-26 20:00:00,2001,12,21,11509.83724536171,18.70191625052128,HOEP (Legacy)
2001-12-26 21:00:00,2001,12,22,9751.450645382076,16.094471164694387,HOEP (Legacy)
2001-12-26 22:00:00,2001,12,23,10472.633719316556,15.529984447121747,HOEP (Legacy)
2001-12-26 23:00:00,2001,12,24,10160.693732252132,14.830641847459157,HOEP (Legacy)
2001-12-27 00:00:00,2001,12,1,10310.936845039932,11.595368305993716,HOEP (Legacy)
2001-12-27 01:00:00,2001,12,2,10908.487223692824,23.842715104265938,HOEP (Legacy)
2001-12-27 02:00:00,2001,12,3,11725.961263748866,51.042187862530895,HOEP (Legacy)
2001-12-27 03:00:00,2001,12,4,11817.386554005287,46.49166507009842,HOEP (Legacy)
2001-12-27 04:00:00,2001,12,5,12128.64319100922,43.13079421579238,HOEP (Legacy)
2001-12-27 05:00:00,2001,12,6,11608.347379520601,24.381578644962676,HOEP (Legacy)
2001-12-27 06:00:00,2001,12,7,12336.062087388153,18.804447844019755,HOEP (Legacy)
2001-12-27 07:00:00,2001,12,8,12515.845746471405,35.313124451246075,HOEP (Legacy)
2001-12-27 08:00:00,2001,12,9,13374.345610148453,30.67405980419577,HOEP (Legacy)
2001-12-27 09:00:00,2001,12,10,12540.942366721983,19.34780985959739,HOEP (Legacy)
2001-12-27 10:00:00,2001,12,11,13064.012857096557,31.604574130808654,HOEP (Legacy)
2001-12-27 11:00:00,2001,12,12,12718.648085594587,50.54917342728892,HOEP (Legacy)
2001-12-27 12:00:00,2001,12,13,12842.123357796345,23.348778400049433,HOEP (Legacy)
2001-12-27 13:00:00,2001,12,14,13019.302718886369,40.18495833126808,HOEP (Legacy)
2001-12-27 14:00:00,2001,12,15,13056.923011025927,40.2572598990966,HOEP (Legacy)
2001-12-27 15:00:00,2001,12,16,12407.894827693352,45.190841580846794,HOEP (Legacy)
2001-12-27 16:00:00,2001,12,17,11472.911388675051,31.20526542977943,HOEP (Legacy)
2001-12-27 17:00:00,2001,12,18,11479.943126947217,21.664869591416963,HOEP (Legacy)
2001-12-27 18:00:00,2001,12,19,11302.692599719294,16.607873225643978,HOEP (Legacy)
2001-12-27 19:00:00,2001,12,20,10986.339850173455,40.22272864506524,HOEP (Legacy)
2001-12-27 20:00:00,2001,12,21,10457.048109682448,24.1626789792113,HOEP (Legacy)
2001-12-27 21:00:00,2001,12,22,10383.513750275948,0.5194886192846901,HOEP (Legacy)
2001-12-27 22:00:00,2001,12,23,10324.226962041363,29.00801779328041,HOEP (Legacy)
2001-12-27 23:00:00,2001,12,24,10771.19024318124,18.457370497977493,HOEP (Legacy)
2001-12-28 00:00:00,2001,12,1,11021.443270741676,16.851725693667603,HOEP (Legacy)
2001-12-28 01:00:00,2001,12,2,10824.412766533937,-5.40397126023511,HOEP (Legacy)
2001-12-28 02:00:00,2001,12,3,10998.492795449894,-11.394581091933897,HOEP (Legacy)
2001-12-28 03:00:00,2001,12,4,11093.972483720743,14.469816488161399,HOEP (Legacy)
2001-12-28 04:00:00,2001,12,5,12157.84377300164,31.994097543018395,HOEP (Legacy)
2001-12-28 05:00:00,2001,12,6,11882.601514048096,7.251294864366745,HOEP (Legacy)
2001-12-28 06:00:00,2001,12,7,12947.889806338057,18.60441239741241,HOEP (Legacy)
2001-12-28 07:00:00,2001,12,8,12847.868329255987,29.890477388982504,HOEP (Legacy)
2001-12-28 08:00:00,2001,12,9,13464.569908655778,42.90847216730644,HOEP (Legacy)
2001-12-28 09:00:00,2001,12,10,13433.698758597278,45.461818364289535,HOEP (Legacy)
2001-12-28 10:00:00,2001,12,11,13245.971722340713,23.54533211053254,HOEP (Legacy)
2001-12-28 11:00:00,2001,12,12,13547.789418178296,42.702366681230664,HOEP (Legacy)
2001-12-28 12:00:00,2001,12,13,12919.375413517326,10.998024834770309,HOEP (Legacy)
2001-12-28 13:00:00,2001,12,14,12539.52806980876,17.772064668528557,HOEP (Legacy)
2001-12-28 14:00:00,2001,12,15,11768.623010927935,20.19746756241524,HOEP (Legacy)
2001-12-28 15:00:00,2001,12,16,12484.891175957733,31.350324513810936,HOEP (Legacy)
2001-12-28 16:00:00,2001,12,17,12249.65040610215,28.392015313343457,HOEP (Legacy)
2001-12-28 17:00:00,2001,12,18,11737.17200981171,4.864978254726324,HOEP (Legacy)
2001-12-28 18:00:00,2001,12,19,11785.188662153501,0.10112769017518985,HOEP (Legacy)
2001-12-28 19:00:00,2001,12,20,10722.247829764106,35.19607319235901,HOEP (Legacy)
2001-12-28 20:00:00,2001,12,21,10751.465799645943,15.010453160910263,HOEP (Legacy)
2001-12-28 21:00:00,2001,12,22,10993.176102318985,10.734229481679948,HOEP (Legacy)
2001-12-28 22:00:00,2001,12,23,10378.171264294351,17.153436627719653,HOEP (Legacy)
2001-12-28 23:00:00,2001,12,24,10839.213656052136,21.680695729475303,HOEP (Legacy)
2001-12-29 00:00:00,2001,12,1,10985.382937814087,15.457184041874124,HOEP (Legacy)
2001-12-29 01:00:00,2001,12,2,11700.980501129912,39.3471349282201,HOEP (Legacy)
2001-12-29 02:00:00,2001,12,3,11620.45885177417,21.44296385126119,HOEP (Legacy)
2001-12-29 03:00:00,2001,12,4,11178.288158570827,45.05086716434225,HOEP (Legacy)
2001-12-29 04:00:00,2001,12,5,11700.86447519505,34.201151764791504,HOEP (Legacy)
2001-12-29 05:00:00,2001,12,6,11921.79979835677,20.733958784000894,HOEP (Legacy)
2001-12-29 06:00:00,2001,12,7,12086.122127881885,26.583870604447032,HOEP (Legacy)
2001-12-29 07:00:00,2001,12,8,12916.476388209627,16.77342812818663,HOEP (Legacy)
2001-12-29 08:00:00,2001,12,9,12193.176971558672,34.75621651089911,HOEP (Legacy)
2001-12-29 09:00:00,2001,12,10,13469.30368703693,49.99455395741843,HOEP (Legacy)
2001-12-29 10:00:00,2001,12,11,13300.092172371815,25.970544676788634,HOEP (Legacy)
2001-12-29 11:00:00,2001,12,12,12773.736896199509,37.534497781654096,HOEP (Legacy)
2001-12-29 12:00:00,2001,12,13,13204.738679382946,46.64615534033664,HOEP (Legacy)
2001-12-29 13:00:00,2001,12,14,12581.427071526057,20.865428708978275,HOEP (Legacy)
2001-12-29 14:00:00,2001,12,15,12299.693231919431,15.976276281744532,HOEP (Legacy)
2001-12-29 15:00:00,2001,12,16,12026.889234709583,27.669514617464575,HOEP (Legacy)
2001-12-29 16:00:00,2001,12,17,12665.482364845784,29.44037579620281,HOEP (Legacy)
2001-12-29 17:00:00,2001,12,18,11922.81223404581,34.71029121482382,HOEP (Legacy)
2001-12-29 18:00:00,2001,12,19,11008.801892662479,6.890087123885497,HOEP (Legacy)
2001-12-29 19:00:00,2001,12,20,11518.94951006993,16.13913807939153,HOEP (Legacy)
2001-12-29 20:00:00,2001,12,21,10975.70005459181,18.425205429538362,HOEP (Legacy)
2001-12-29 21:00:00,2001,12,22,10440.29303709224,24.045917364311283,HOEP (Legacy)
2001-12-29 22:00:00,2001,12,23,10554.876396782325,3.494130532634589,HOEP (Legacy)
2001-12-29 23:00:00,2001,12,24,10653.800277953218,12.267506535180681,HOEP (Legacy)
2001-12-30 00:00:00,2001,12,1,11171.826162514404,33.51199903775475,HOEP (Legacy)
2001-12-30 01:00:00,2001,12,2,11161.676470410444,16.073684563308817,HOEP (Legacy)
2001-12-30 02:00:00,2001,12,3,11589.966278727083,15.43821701508157,HOEP (Legacy)
2001-12-30 03:00:00,2001,12,4,11796.963587830895,41.09623756479874,HOEP (Legacy)
2001-12-30 04:00:00,2001,12,5,11846.279708618109,38.010207717978574,HOEP (Legacy)
2001-12-30 05:00:00,2001,12,6,11953.645171962638,13.084759168094603,HOEP (Legacy)
2001-12-30 06:00:00,2001,12,7,11647.648458300915,22.88383089719223,HOEP (Legacy)
2001-12-30 07:00:00,2001,12,8,12450.033197153085,17.60807467053687,HOEP (Legacy)
2001-12-30 08:00:00,2001,12,9,13361.950697693299,29.824962417957146,HOEP (Legacy)
2001-12-30 09:00:00,2001,12,10,12817.719117559933,37.348503900983985,HOEP (Legacy)
2001-12-30 10:00:00,2001,12,11,13430.517885022586,25.99088122383186,HOEP (Legacy)
2001-12-30 11:00:00,2001,12,12,12595.657114452859,31.670233904671985,HOEP (Legacy)
2001-12-30 12:00:00,2001,12,13,12765.170873065,-3.451727675904877,HOEP (Legacy)
2001-12-30 13:00:00,2001,12,14,12978.770099938709,25.83400402311736,HOEP (Legacy)
2001-12-30 14:00:00,2001,12,15,12667.081507485573,22.289578573066915,HOEP (Legacy)
2001-12-30 15:00:00,2001,12,16,12490.074814799353,48.01694979155753,HOEP (Legacy)
2001-12-30 16:00:00,2001,12,17,11604.806105341715,27.002179798755414,HOEP (Legacy)
2001-12-30 17:00:00,2001,12,18,11299.71581980107,35.363862557551805,HOEP (Legacy)
2001-12-30 18:00:00,2001,12,19,11207.493273316306,9.9652549666423,HOEP (Legacy)
2001-12-30 19:00:00,2001,12,20,10661.732304697947,33.372668548391815,HOEP (Legacy)
2001-12-30 20:00:00,2001,12,21,10120.063045927303,10.609471726722651,HOEP (Legacy)
2001-12-30 21:00:00,2001,12,22,11246.834921741545,-6.685233967200695,HOEP (Legacy)
2001-12-30 22:00:00,2001,12,23,11336.62467277839,27.73410528050301,HOEP (Legacy)
2001-12-30 23:00:00,2001,12,24,11194.86544570456,23.428227835647103,HOEP (Legacy)
2001-12-31 00:00:00,2001,12,1,10386.190521759823,28.904545652662357,HOEP (Legacy)
2001-12-31 01:00:00,2001,12,2,11061.889165776342,18.843897361967002,HOEP (Legacy)
2001-12-31 02:00:00,2001,12,3,11673.487974290161,27.097990416080624,HOEP (Legacy)
2001-12-31 03:00:00,2001,12,4,11269.444930298898,69.93961693819149,HOEP (Legacy)
2001-12-31 04:00:00,2001,12,5,12730.250813274986,33.562591211627335,HOEP (Legacy)
2001-12-31 05:00:00,2001,12,6,11948.883801738782,51.11773945680579,HOEP (Legacy)
2001-12-31 06:00:00,2001,12,7,12400.864401633236,58.41893667067885,HOEP (Legacy)
2001-12-31 07:00:00,2001,12,8,12758.384138358479,23.744510508326435,HOEP (Legacy)
2001-12-31 08:00:00,2001,12,9,13038.57206111621,39.1417823547546,HOEP (Legacy)
2001-12-31 09:00:00,2001,12,10,13030.21016034452,26.33725665382464,HOEP (Legacy)
2001-12-31 10:00:00,2001,12,11,13174.504899665517,20.765954352590352,HOEP (Legacy)
2001-12-31 11:00:00,2001,12,12,12766.679504430069,28.603350832577917,HOEP (Legacy)
2001-12-31 12:00:00,2001,12,13,12537.917415235373,17.849924826293964,HOEP (Legacy)
2001-12-31 13:00:00,2001,12,14,12912.888867165446,31.505073253116517,HOEP (Legacy)
2001-12-31 14:00:00,2001,12,15,12687.50686037695,24.7603864541726,HOEP (Legacy)
2001-12-31 15:00:00,2001,12,16,12662.90826423793,37.95630811903062,HOEP (Legacy)
2001-12-31 16:00:00,2001,12,17,11521.894187066322,39.289505931820955,HOEP (Legacy)
2001-12-31 17:00:00,2001,12,18,11982.975830163117,17.409119582886785,HOEP (Legacy)
2001-12-31 18:00:00,2001,12,19,11491.60752906544,24.325513896148262,HOEP (Legacy)
2001-12-31 19:00:00,2001,12,20,11317.447826664944,51.15255223589237,HOEP (Legacy)
2001-12-31 20:00:00,2001,12,21,11838.701671370061,10.332958211416326,HOEP (Legacy)
2001-12-31 21:00:00,2001,12,22,10701.618783452135,14.525573367313143,HOEP (Legacy)
2001-12-31 22:00:00,2001,12,23,10010.732280136428,24.375265058084956,HOEP (Legacy)
2001-12-31 23:00:00,2001,12,24,11378.434155215109,41.03365356504258,HOEP (Legacy)
