Timestamp,Year,Month,Hour,Ontario Demand,Market_Price,Price_Type
2021-01-01 00:00:00,2021,1,1,14112,31.74,HOEP (Legacy)
2021-01-01 01:00:00,2021,1,2,13504,17.61,HOEP (Legacy)
2021-01-01 02:00:00,2021,1,3,13155,14.36,HOEP (Legacy)
2021-01-01 03:00:00,2021,1,4,12892,10.26,HOEP (Legacy)
2021-01-01 04:00:00,2021,1,5,12798,6.03,HOEP (Legacy)
2021-01-01 05:00:00,2021,1,6,12891,6.09,HOEP (Legacy)
2021-01-01 06:00:00,2021,1,7,13188,5.87,HOEP (Legacy)
2021-01-01 07:00:00,2021,1,8,13570,5.67,HOEP (Legacy)
2021-01-01 08:00:00,2021,1,9,13820,5.32,HOEP (Legacy)
2021-01-01 09:00:00,2021,1,10,14249,5.63,HOEP (Legacy)
2021-01-01 10:00:00,2021,1,11,14514,4.97,HOEP (Legacy)
2021-01-01 11:00:00,2021,1,12,14895,5.79,HOEP (Legacy)
2021-01-01 12:00:00,2021,1,13,14959,5.85,HOEP (Legacy)
2021-01-01 13:00:00,2021,1,14,15117,5.67,HOEP (Legacy)
2021-01-01 14:00:00,2021,1,15,15391,13.85,HOEP (Legacy)
2021-01-01 15:00:00,2021,1,16,15928,13.35,HOEP (Legacy)
2021-01-01 16:00:00,2021,1,17,16544,5.71,HOEP (Legacy)
2021-01-01 17:00:00,2021,1,18,17120,5.89,HOEP (Legacy)
2021-01-01 18:00:00,2021,1,19,16774,8.41,HOEP (Legacy)
2021-01-01 19:00:00,2021,1,20,16385,13.35,HOEP (Legacy)
2021-01-01 20:00:00,2021,1,21,16206,13.37,HOEP (Legacy)
2021-01-01 21:00:00,2021,1,22,15888,13.35,HOEP (Legacy)
2021-01-01 22:00:00,2021,1,23,15269,12.25,HOEP (Legacy)
2021-01-01 23:00:00,2021,1,24,14476,13.33,HOEP (Legacy)
2021-01-02 00:00:00,2021,1,1,13827,19.16,HOEP (Legacy)
2021-01-02 01:00:00,2021,1,2,13453,13.66,HOEP (Legacy)
2021-01-02 02:00:00,2021,1,3,13177,14.34,HOEP (Legacy)
2021-01-02 03:00:00,2021,1,4,13145,18.69,HOEP (Legacy)
2021-01-02 04:00:00,2021,1,5,13192,14.37,HOEP (Legacy)
2021-01-02 05:00:00,2021,1,6,13140,13.68,HOEP (Legacy)
2021-01-02 06:00:00,2021,1,7,13477,6.89,HOEP (Legacy)
2021-01-02 07:00:00,2021,1,8,14173,10.35,HOEP (Legacy)
2021-01-02 08:00:00,2021,1,9,14661,10.51,HOEP (Legacy)
2021-01-02 09:00:00,2021,1,10,15127,17.32,HOEP (Legacy)
2021-01-02 10:00:00,2021,1,11,15466,37.12,HOEP (Legacy)
2021-01-02 11:00:00,2021,1,12,15805,20.51,HOEP (Legacy)
2021-01-02 12:00:00,2021,1,13,15849,21.2,HOEP (Legacy)
2021-01-02 13:00:00,2021,1,14,15914,19.41,HOEP (Legacy)
2021-01-02 14:00:00,2021,1,15,16003,19.73,HOEP (Legacy)
2021-01-02 15:00:00,2021,1,16,16178,19.49,HOEP (Legacy)
2021-01-02 16:00:00,2021,1,17,16800,21.11,HOEP (Legacy)
2021-01-02 17:00:00,2021,1,18,17860,24.18,HOEP (Legacy)
2021-01-02 18:00:00,2021,1,19,17594,21.94,HOEP (Legacy)
2021-01-02 19:00:00,2021,1,20,16914,20.13,HOEP (Legacy)
2021-01-02 20:00:00,2021,1,21,16387,21.62,HOEP (Legacy)
2021-01-02 21:00:00,2021,1,22,15752,22.83,HOEP (Legacy)
2021-01-02 22:00:00,2021,1,23,15083,18.07,HOEP (Legacy)
2021-01-02 23:00:00,2021,1,24,14236,16.96,HOEP (Legacy)
2021-01-03 00:00:00,2021,1,1,13620,8.9,HOEP (Legacy)
2021-01-03 01:00:00,2021,1,2,13214,8.95,HOEP (Legacy)
2021-01-03 02:00:00,2021,1,3,12962,7.38,HOEP (Legacy)
2021-01-03 03:00:00,2021,1,4,12834,1.79,HOEP (Legacy)
2021-01-03 04:00:00,2021,1,5,12802,6.64,HOEP (Legacy)
2021-01-03 05:00:00,2021,1,6,13025,8.39,HOEP (Legacy)
2021-01-03 06:00:00,2021,1,7,13440,2.45,HOEP (Legacy)
2021-01-03 07:00:00,2021,1,8,14038,1.96,HOEP (Legacy)
2021-01-03 08:00:00,2021,1,9,14596,13.65,HOEP (Legacy)
2021-01-03 09:00:00,2021,1,10,15130,11.96,HOEP (Legacy)
2021-01-03 10:00:00,2021,1,11,15759,21.91,HOEP (Legacy)
2021-01-03 11:00:00,2021,1,12,16215,22.11,HOEP (Legacy)
2021-01-03 12:00:00,2021,1,13,16448,21.88,HOEP (Legacy)
2021-01-03 13:00:00,2021,1,14,16366,21.3,HOEP (Legacy)
2021-01-03 14:00:00,2021,1,15,16296,21.36,HOEP (Legacy)
2021-01-03 15:00:00,2021,1,16,16459,14.77,HOEP (Legacy)
2021-01-03 16:00:00,2021,1,17,17056,18.87,HOEP (Legacy)
2021-01-03 17:00:00,2021,1,18,18098,22.11,HOEP (Legacy)
2021-01-03 18:00:00,2021,1,19,17672,20.4,HOEP (Legacy)
2021-01-03 19:00:00,2021,1,20,17082,20.96,HOEP (Legacy)
2021-01-03 20:00:00,2021,1,21,16536,19.75,HOEP (Legacy)
2021-01-03 21:00:00,2021,1,22,15956,21.5,HOEP (Legacy)
2021-01-03 22:00:00,2021,1,23,15196,19.07,HOEP (Legacy)
2021-01-03 23:00:00,2021,1,24,14424,20.86,HOEP (Legacy)
2021-01-04 00:00:00,2021,1,1,13765,7.3,HOEP (Legacy)
2021-01-04 01:00:00,2021,1,2,13538,8.01,HOEP (Legacy)
2021-01-04 02:00:00,2021,1,3,13199,5.26,HOEP (Legacy)
2021-01-04 03:00:00,2021,1,4,13121,5.28,HOEP (Legacy)
2021-01-04 04:00:00,2021,1,5,13231,11.45,HOEP (Legacy)
2021-01-04 05:00:00,2021,1,6,13757,20.73,HOEP (Legacy)
2021-01-04 06:00:00,2021,1,7,14922,22.57,HOEP (Legacy)
2021-01-04 07:00:00,2021,1,8,16075,20.18,HOEP (Legacy)
2021-01-04 08:00:00,2021,1,9,16877,23.66,HOEP (Legacy)
2021-01-04 09:00:00,2021,1,10,17157,21.54,HOEP (Legacy)
2021-01-04 10:00:00,2021,1,11,17333,22.65,HOEP (Legacy)
2021-01-04 11:00:00,2021,1,12,17608,23.14,HOEP (Legacy)
2021-01-04 12:00:00,2021,1,13,17736,22.28,HOEP (Legacy)
2021-01-04 13:00:00,2021,1,14,17664,22.41,HOEP (Legacy)
2021-01-04 14:00:00,2021,1,15,17535,21.67,HOEP (Legacy)
2021-01-04 15:00:00,2021,1,16,17767,19.55,HOEP (Legacy)
2021-01-04 16:00:00,2021,1,17,18272,24.57,HOEP (Legacy)
2021-01-04 17:00:00,2021,1,18,19160,29.08,HOEP (Legacy)
2021-01-04 18:00:00,2021,1,19,18652,24.05,HOEP (Legacy)
2021-01-04 19:00:00,2021,1,20,18161,20.07,HOEP (Legacy)
2021-01-04 20:00:00,2021,1,21,17319,20.26,HOEP (Legacy)
2021-01-04 21:00:00,2021,1,22,16617,18.32,HOEP (Legacy)
2021-01-04 22:00:00,2021,1,23,15890,18.53,HOEP (Legacy)
2021-01-04 23:00:00,2021,1,24,14902,15.4,HOEP (Legacy)
2021-01-05 00:00:00,2021,1,1,14278,7.31,HOEP (Legacy)
2021-01-05 01:00:00,2021,1,2,13901,15.64,HOEP (Legacy)
2021-01-05 02:00:00,2021,1,3,13538,18.02,HOEP (Legacy)
2021-01-05 03:00:00,2021,1,4,13530,16.36,HOEP (Legacy)
2021-01-05 04:00:00,2021,1,5,13634,23.61,HOEP (Legacy)
2021-01-05 05:00:00,2021,1,6,14237,22.19,HOEP (Legacy)
2021-01-05 06:00:00,2021,1,7,15241,21.03,HOEP (Legacy)
2021-01-05 07:00:00,2021,1,8,16427,22.68,HOEP (Legacy)
2021-01-05 08:00:00,2021,1,9,17150,26.23,HOEP (Legacy)
2021-01-05 09:00:00,2021,1,10,17448,25.62,HOEP (Legacy)
2021-01-05 10:00:00,2021,1,11,17653,25.68,HOEP (Legacy)
2021-01-05 11:00:00,2021,1,12,17777,25.88,HOEP (Legacy)
2021-01-05 12:00:00,2021,1,13,17732,26.67,HOEP (Legacy)
2021-01-05 13:00:00,2021,1,14,17663,25.77,HOEP (Legacy)
2021-01-05 14:00:00,2021,1,15,17558,24.66,HOEP (Legacy)
2021-01-05 15:00:00,2021,1,16,17844,23.82,HOEP (Legacy)
2021-01-05 16:00:00,2021,1,17,18382,24.21,HOEP (Legacy)
2021-01-05 17:00:00,2021,1,18,19275,26.62,HOEP (Legacy)
2021-01-05 18:00:00,2021,1,19,18828,24.44,HOEP (Legacy)
2021-01-05 19:00:00,2021,1,20,18286,24.59,HOEP (Legacy)
2021-01-05 20:00:00,2021,1,21,17825,25.05,HOEP (Legacy)
2021-01-05 21:00:00,2021,1,22,17086,24.96,HOEP (Legacy)
2021-01-05 22:00:00,2021,1,23,16046,20.9,HOEP (Legacy)
2021-01-05 23:00:00,2021,1,24,15059,16.56,HOEP (Legacy)
2021-01-06 00:00:00,2021,1,1,14391,14.35,HOEP (Legacy)
2021-01-06 01:00:00,2021,1,2,13930,13.63,HOEP (Legacy)
2021-01-06 02:00:00,2021,1,3,13857,14.38,HOEP (Legacy)
2021-01-06 03:00:00,2021,1,4,13915,6.4,HOEP (Legacy)
2021-01-06 04:00:00,2021,1,5,13862,2.07,HOEP (Legacy)
2021-01-06 05:00:00,2021,1,6,14245,20.47,HOEP (Legacy)
2021-01-06 06:00:00,2021,1,7,15225,19.59,HOEP (Legacy)
2021-01-06 07:00:00,2021,1,8,16510,18.91,HOEP (Legacy)
2021-01-06 08:00:00,2021,1,9,17118,24.55,HOEP (Legacy)
2021-01-06 09:00:00,2021,1,10,17428,27.34,HOEP (Legacy)
2021-01-06 10:00:00,2021,1,11,17474,26.07,HOEP (Legacy)
2021-01-06 11:00:00,2021,1,12,17614,27.72,HOEP (Legacy)
2021-01-06 12:00:00,2021,1,13,17518,27.66,HOEP (Legacy)
2021-01-06 13:00:00,2021,1,14,17369,24.85,HOEP (Legacy)
2021-01-06 14:00:00,2021,1,15,17312,21.88,HOEP (Legacy)
2021-01-06 15:00:00,2021,1,16,17618,23.72,HOEP (Legacy)
2021-01-06 16:00:00,2021,1,17,18238,21.99,HOEP (Legacy)
2021-01-06 17:00:00,2021,1,18,19369,26.26,HOEP (Legacy)
2021-01-06 18:00:00,2021,1,19,18696,24.05,HOEP (Legacy)
2021-01-06 19:00:00,2021,1,20,18124,24.11,HOEP (Legacy)
2021-01-06 20:00:00,2021,1,21,17644,24.62,HOEP (Legacy)
2021-01-06 21:00:00,2021,1,22,17133,23.89,HOEP (Legacy)
2021-01-06 22:00:00,2021,1,23,16169,22.55,HOEP (Legacy)
2021-01-06 23:00:00,2021,1,24,15126,20.06,HOEP (Legacy)
2021-01-07 00:00:00,2021,1,1,14453,16.07,HOEP (Legacy)
2021-01-07 01:00:00,2021,1,2,14068,14.17,HOEP (Legacy)
2021-01-07 02:00:00,2021,1,3,13784,3.14,HOEP (Legacy)
2021-01-07 03:00:00,2021,1,4,13702,1.98,HOEP (Legacy)
2021-01-07 04:00:00,2021,1,5,13767,6.01,HOEP (Legacy)
2021-01-07 05:00:00,2021,1,6,14320,8.2,HOEP (Legacy)
2021-01-07 06:00:00,2021,1,7,15305,9.11,HOEP (Legacy)
2021-01-07 07:00:00,2021,1,8,16530,20.34,HOEP (Legacy)
2021-01-07 08:00:00,2021,1,9,17182,23.94,HOEP (Legacy)
2021-01-07 09:00:00,2021,1,10,17541,23.95,HOEP (Legacy)
2021-01-07 10:00:00,2021,1,11,17457,24.78,HOEP (Legacy)
2021-01-07 11:00:00,2021,1,12,17386,25.41,HOEP (Legacy)
2021-01-07 12:00:00,2021,1,13,17161,24.82,HOEP (Legacy)
2021-01-07 13:00:00,2021,1,14,16891,24.79,HOEP (Legacy)
2021-01-07 14:00:00,2021,1,15,16651,23.96,HOEP (Legacy)
2021-01-07 15:00:00,2021,1,16,16822,23.0,HOEP (Legacy)
2021-01-07 16:00:00,2021,1,17,17777,25.63,HOEP (Legacy)
2021-01-07 17:00:00,2021,1,18,19178,27.61,HOEP (Legacy)
2021-01-07 18:00:00,2021,1,19,18988,25.66,HOEP (Legacy)
2021-01-07 19:00:00,2021,1,20,18451,23.71,HOEP (Legacy)
2021-01-07 20:00:00,2021,1,21,17880,24.65,HOEP (Legacy)
2021-01-07 21:00:00,2021,1,22,17384,23.34,HOEP (Legacy)
2021-01-07 22:00:00,2021,1,23,16353,23.57,HOEP (Legacy)
2021-01-07 23:00:00,2021,1,24,15377,22.03,HOEP (Legacy)
2021-01-08 00:00:00,2021,1,1,14853,32.26,HOEP (Legacy)
2021-01-08 01:00:00,2021,1,2,14612,38.0,HOEP (Legacy)
2021-01-08 02:00:00,2021,1,3,14434,21.09,HOEP (Legacy)
2021-01-08 03:00:00,2021,1,4,14454,7.98,HOEP (Legacy)
2021-01-08 04:00:00,2021,1,5,14575,2.69,HOEP (Legacy)
2021-01-08 05:00:00,2021,1,6,14984,15.84,HOEP (Legacy)
2021-01-08 06:00:00,2021,1,7,16196,24.81,HOEP (Legacy)
2021-01-08 07:00:00,2021,1,8,17543,25.16,HOEP (Legacy)
2021-01-08 08:00:00,2021,1,9,18192,26.9,HOEP (Legacy)
2021-01-08 09:00:00,2021,1,10,18257,26.61,HOEP (Legacy)
2021-01-08 10:00:00,2021,1,11,17831,26.66,HOEP (Legacy)
2021-01-08 11:00:00,2021,1,12,17604,26.62,HOEP (Legacy)
2021-01-08 12:00:00,2021,1,13,17388,26.31,HOEP (Legacy)
2021-01-08 13:00:00,2021,1,14,16998,21.57,HOEP (Legacy)
2021-01-08 14:00:00,2021,1,15,16796,19.91,HOEP (Legacy)
2021-01-08 15:00:00,2021,1,16,16996,23.89,HOEP (Legacy)
2021-01-08 16:00:00,2021,1,17,17786,25.13,HOEP (Legacy)
2021-01-08 17:00:00,2021,1,18,19069,26.87,HOEP (Legacy)
2021-01-08 18:00:00,2021,1,19,19084,26.58,HOEP (Legacy)
2021-01-08 19:00:00,2021,1,20,18435,26.9,HOEP (Legacy)
2021-01-08 20:00:00,2021,1,21,18055,26.75,HOEP (Legacy)
2021-01-08 21:00:00,2021,1,22,17447,25.24,HOEP (Legacy)
2021-01-08 22:00:00,2021,1,23,16459,23.12,HOEP (Legacy)
2021-01-08 23:00:00,2021,1,24,15583,16.18,HOEP (Legacy)
2021-01-09 00:00:00,2021,1,1,14891,15.03,HOEP (Legacy)
2021-01-09 01:00:00,2021,1,2,14427,14.06,HOEP (Legacy)
2021-01-09 02:00:00,2021,1,3,14136,19.62,HOEP (Legacy)
2021-01-09 03:00:00,2021,1,4,14014,9.52,HOEP (Legacy)
2021-01-09 04:00:00,2021,1,5,14041,14.37,HOEP (Legacy)
2021-01-09 05:00:00,2021,1,6,14268,14.37,HOEP (Legacy)
2021-01-09 06:00:00,2021,1,7,14872,13.69,HOEP (Legacy)
2021-01-09 07:00:00,2021,1,8,15597,23.91,HOEP (Legacy)
2021-01-09 08:00:00,2021,1,9,15934,23.91,HOEP (Legacy)
2021-01-09 09:00:00,2021,1,10,16120,22.92,HOEP (Legacy)
2021-01-09 10:00:00,2021,1,11,16095,23.89,HOEP (Legacy)
2021-01-09 11:00:00,2021,1,12,15932,24.4,HOEP (Legacy)
2021-01-09 12:00:00,2021,1,13,15879,24.03,HOEP (Legacy)
2021-01-09 13:00:00,2021,1,14,15655,24.07,HOEP (Legacy)
2021-01-09 14:00:00,2021,1,15,15557,24.36,HOEP (Legacy)
2021-01-09 15:00:00,2021,1,16,15869,24.78,HOEP (Legacy)
2021-01-09 16:00:00,2021,1,17,16778,23.38,HOEP (Legacy)
2021-01-09 17:00:00,2021,1,18,18157,26.96,HOEP (Legacy)
2021-01-09 18:00:00,2021,1,19,18020,26.55,HOEP (Legacy)
2021-01-09 19:00:00,2021,1,20,17456,24.0,HOEP (Legacy)
2021-01-09 20:00:00,2021,1,21,16976,23.85,HOEP (Legacy)
2021-01-09 21:00:00,2021,1,22,16416,18.95,HOEP (Legacy)
2021-01-09 22:00:00,2021,1,23,15668,16.58,HOEP (Legacy)
2021-01-09 23:00:00,2021,1,24,14861,14.96,HOEP (Legacy)
2021-01-10 00:00:00,2021,1,1,14365,14.36,HOEP (Legacy)
2021-01-10 01:00:00,2021,1,2,13974,14.38,HOEP (Legacy)
2021-01-10 02:00:00,2021,1,3,13797,14.39,HOEP (Legacy)
2021-01-10 03:00:00,2021,1,4,13718,14.36,HOEP (Legacy)
2021-01-10 04:00:00,2021,1,5,13504,14.35,HOEP (Legacy)
2021-01-10 05:00:00,2021,1,6,13682,14.35,HOEP (Legacy)
2021-01-10 06:00:00,2021,1,7,14189,14.57,HOEP (Legacy)
2021-01-10 07:00:00,2021,1,8,14841,17.67,HOEP (Legacy)
2021-01-10 08:00:00,2021,1,9,15248,14.28,HOEP (Legacy)
2021-01-10 09:00:00,2021,1,10,15664,19.1,HOEP (Legacy)
2021-01-10 10:00:00,2021,1,11,15969,24.27,HOEP (Legacy)
2021-01-10 11:00:00,2021,1,12,16177,24.11,HOEP (Legacy)
2021-01-10 12:00:00,2021,1,13,16250,23.96,HOEP (Legacy)
2021-01-10 13:00:00,2021,1,14,16167,23.7,HOEP (Legacy)
2021-01-10 14:00:00,2021,1,15,16115,23.55,HOEP (Legacy)
2021-01-10 15:00:00,2021,1,16,16501,24.17,HOEP (Legacy)
2021-01-10 16:00:00,2021,1,17,17363,26.85,HOEP (Legacy)
2021-01-10 17:00:00,2021,1,18,18461,27.92,HOEP (Legacy)
2021-01-10 18:00:00,2021,1,19,18069,27.69,HOEP (Legacy)
2021-01-10 19:00:00,2021,1,20,17564,25.44,HOEP (Legacy)
2021-01-10 20:00:00,2021,1,21,16998,24.37,HOEP (Legacy)
2021-01-10 21:00:00,2021,1,22,16437,24.34,HOEP (Legacy)
2021-01-10 22:00:00,2021,1,23,15754,24.31,HOEP (Legacy)
2021-01-10 23:00:00,2021,1,24,14941,23.13,HOEP (Legacy)
2021-01-11 00:00:00,2021,1,1,14344,18.42,HOEP (Legacy)
2021-01-11 01:00:00,2021,1,2,13915,13.87,HOEP (Legacy)
2021-01-11 02:00:00,2021,1,3,13783,10.9,HOEP (Legacy)
2021-01-11 03:00:00,2021,1,4,13710,7.2,HOEP (Legacy)
2021-01-11 04:00:00,2021,1,5,13876,5.83,HOEP (Legacy)
2021-01-11 05:00:00,2021,1,6,14337,11.67,HOEP (Legacy)
2021-01-11 06:00:00,2021,1,7,15584,17.16,HOEP (Legacy)
2021-01-11 07:00:00,2021,1,8,16698,24.44,HOEP (Legacy)
2021-01-11 08:00:00,2021,1,9,17221,25.35,HOEP (Legacy)
2021-01-11 09:00:00,2021,1,10,17418,22.29,HOEP (Legacy)
2021-01-11 10:00:00,2021,1,11,17179,14.92,HOEP (Legacy)
2021-01-11 11:00:00,2021,1,12,17309,15.29,HOEP (Legacy)
2021-01-11 12:00:00,2021,1,13,17695,22.83,HOEP (Legacy)
2021-01-11 13:00:00,2021,1,14,17770,15.15,HOEP (Legacy)
2021-01-11 14:00:00,2021,1,15,17422,15.49,HOEP (Legacy)
2021-01-11 15:00:00,2021,1,16,17951,14.09,HOEP (Legacy)
2021-01-11 16:00:00,2021,1,17,18593,20.71,HOEP (Legacy)
2021-01-11 17:00:00,2021,1,18,19114,23.51,HOEP (Legacy)
2021-01-11 18:00:00,2021,1,19,18524,16.44,HOEP (Legacy)
2021-01-11 19:00:00,2021,1,20,18186,11.69,HOEP (Legacy)
2021-01-11 20:00:00,2021,1,21,17538,9.16,HOEP (Legacy)
2021-01-11 21:00:00,2021,1,22,16892,16.5,HOEP (Legacy)
2021-01-11 22:00:00,2021,1,23,15800,14.24,HOEP (Legacy)
2021-01-11 23:00:00,2021,1,24,14744,14.2,HOEP (Legacy)
2021-01-12 00:00:00,2021,1,1,14339,12.73,HOEP (Legacy)
2021-01-12 01:00:00,2021,1,2,14076,14.4,HOEP (Legacy)
2021-01-12 02:00:00,2021,1,3,13930,14.4,HOEP (Legacy)
2021-01-12 03:00:00,2021,1,4,13750,14.38,HOEP (Legacy)
2021-01-12 04:00:00,2021,1,5,13817,5.94,HOEP (Legacy)
2021-01-12 05:00:00,2021,1,6,14411,6.83,HOEP (Legacy)
2021-01-12 06:00:00,2021,1,7,15534,8.1,HOEP (Legacy)
2021-01-12 07:00:00,2021,1,8,16657,19.32,HOEP (Legacy)
2021-01-12 08:00:00,2021,1,9,17379,27.17,HOEP (Legacy)
2021-01-12 09:00:00,2021,1,10,17798,27.3,HOEP (Legacy)
2021-01-12 10:00:00,2021,1,11,18021,27.89,HOEP (Legacy)
2021-01-12 11:00:00,2021,1,12,18138,27.66,HOEP (Legacy)
2021-01-12 12:00:00,2021,1,13,18172,27.1,HOEP (Legacy)
2021-01-12 13:00:00,2021,1,14,18003,23.79,HOEP (Legacy)
2021-01-12 14:00:00,2021,1,15,17913,20.38,HOEP (Legacy)
2021-01-12 15:00:00,2021,1,16,17998,23.4,HOEP (Legacy)
2021-01-12 16:00:00,2021,1,17,18668,21.19,HOEP (Legacy)
2021-01-12 17:00:00,2021,1,18,19426,28.08,HOEP (Legacy)
2021-01-12 18:00:00,2021,1,19,18971,26.71,HOEP (Legacy)
2021-01-12 19:00:00,2021,1,20,18413,25.35,HOEP (Legacy)
2021-01-12 20:00:00,2021,1,21,17971,25.36,HOEP (Legacy)
2021-01-12 21:00:00,2021,1,22,17179,22.58,HOEP (Legacy)
2021-01-12 22:00:00,2021,1,23,16181,21.45,HOEP (Legacy)
2021-01-12 23:00:00,2021,1,24,15152,12.39,HOEP (Legacy)
2021-01-13 00:00:00,2021,1,1,14414,5.76,HOEP (Legacy)
2021-01-13 01:00:00,2021,1,2,14028,6.86,HOEP (Legacy)
2021-01-13 02:00:00,2021,1,3,13767,5.8,HOEP (Legacy)
2021-01-13 03:00:00,2021,1,4,13609,1.92,HOEP (Legacy)
2021-01-13 04:00:00,2021,1,5,13736,0.48,HOEP (Legacy)
2021-01-13 05:00:00,2021,1,6,14254,0.0,HOEP (Legacy)
2021-01-13 06:00:00,2021,1,7,15198,14.58,HOEP (Legacy)
2021-01-13 07:00:00,2021,1,8,16449,10.84,HOEP (Legacy)
2021-01-13 08:00:00,2021,1,9,17141,14.39,HOEP (Legacy)
2021-01-13 09:00:00,2021,1,10,17408,14.4,HOEP (Legacy)
2021-01-13 10:00:00,2021,1,11,17506,24.87,HOEP (Legacy)
2021-01-13 11:00:00,2021,1,12,17484,13.68,HOEP (Legacy)
2021-01-13 12:00:00,2021,1,13,17342,14.35,HOEP (Legacy)
2021-01-13 13:00:00,2021,1,14,17175,6.64,HOEP (Legacy)
2021-01-13 14:00:00,2021,1,15,16899,8.05,HOEP (Legacy)
2021-01-13 15:00:00,2021,1,16,17119,13.67,HOEP (Legacy)
2021-01-13 16:00:00,2021,1,17,17789,13.36,HOEP (Legacy)
2021-01-13 17:00:00,2021,1,18,18678,20.46,HOEP (Legacy)
2021-01-13 18:00:00,2021,1,19,18262,21.58,HOEP (Legacy)
2021-01-13 19:00:00,2021,1,20,17882,18.05,HOEP (Legacy)
2021-01-13 20:00:00,2021,1,21,17282,7.87,HOEP (Legacy)
2021-01-13 21:00:00,2021,1,22,16514,3.78,HOEP (Legacy)
2021-01-13 22:00:00,2021,1,23,15533,7.84,HOEP (Legacy)
2021-01-13 23:00:00,2021,1,24,14651,7.36,HOEP (Legacy)
2021-01-14 00:00:00,2021,1,1,14090,5.81,HOEP (Legacy)
2021-01-14 01:00:00,2021,1,2,13744,10.67,HOEP (Legacy)
2021-01-14 02:00:00,2021,1,3,13516,10.12,HOEP (Legacy)
2021-01-14 03:00:00,2021,1,4,13444,10.9,HOEP (Legacy)
2021-01-14 04:00:00,2021,1,5,13693,10.89,HOEP (Legacy)
2021-01-14 05:00:00,2021,1,6,14147,7.31,HOEP (Legacy)
2021-01-14 06:00:00,2021,1,7,15087,14.23,HOEP (Legacy)
2021-01-14 07:00:00,2021,1,8,16363,23.44,HOEP (Legacy)
2021-01-14 08:00:00,2021,1,9,17049,24.43,HOEP (Legacy)
2021-01-14 09:00:00,2021,1,10,17208,24.55,HOEP (Legacy)
2021-01-14 10:00:00,2021,1,11,17025,21.53,HOEP (Legacy)
2021-01-14 11:00:00,2021,1,12,17068,24.61,HOEP (Legacy)
2021-01-14 12:00:00,2021,1,13,17035,24.13,HOEP (Legacy)
2021-01-14 13:00:00,2021,1,14,16860,23.32,HOEP (Legacy)
2021-01-14 14:00:00,2021,1,15,16795,20.46,HOEP (Legacy)
2021-01-14 15:00:00,2021,1,16,17060,19.21,HOEP (Legacy)
2021-01-14 16:00:00,2021,1,17,17555,25.29,HOEP (Legacy)
2021-01-14 17:00:00,2021,1,18,18487,24.85,HOEP (Legacy)
2021-01-14 18:00:00,2021,1,19,18000,19.07,HOEP (Legacy)
2021-01-14 19:00:00,2021,1,20,17331,7.88,HOEP (Legacy)
2021-01-14 20:00:00,2021,1,21,16848,5.34,HOEP (Legacy)
2021-01-14 21:00:00,2021,1,22,16296,7.38,HOEP (Legacy)
2021-01-14 22:00:00,2021,1,23,15203,3.07,HOEP (Legacy)
2021-01-14 23:00:00,2021,1,24,14251,0.0,HOEP (Legacy)
2021-01-15 00:00:00,2021,1,1,13646,0.0,HOEP (Legacy)
2021-01-15 01:00:00,2021,1,2,13305,-0.09,HOEP (Legacy)
2021-01-15 02:00:00,2021,1,3,13087,-0.13,HOEP (Legacy)
2021-01-15 03:00:00,2021,1,4,13032,-0.13,HOEP (Legacy)
2021-01-15 04:00:00,2021,1,5,13120,-0.04,HOEP (Legacy)
2021-01-15 05:00:00,2021,1,6,13692,-0.01,HOEP (Legacy)
2021-01-15 06:00:00,2021,1,7,14514,0.0,HOEP (Legacy)
2021-01-15 07:00:00,2021,1,8,15569,0.0,HOEP (Legacy)
2021-01-15 08:00:00,2021,1,9,16279,0.41,HOEP (Legacy)
2021-01-15 09:00:00,2021,1,10,16597,0.0,HOEP (Legacy)
2021-01-15 10:00:00,2021,1,11,16671,5.39,HOEP (Legacy)
2021-01-15 11:00:00,2021,1,12,16863,13.07,HOEP (Legacy)
2021-01-15 12:00:00,2021,1,13,16905,14.37,HOEP (Legacy)
2021-01-15 13:00:00,2021,1,14,16811,14.38,HOEP (Legacy)
2021-01-15 14:00:00,2021,1,15,16762,14.37,HOEP (Legacy)
2021-01-15 15:00:00,2021,1,16,16832,13.08,HOEP (Legacy)
2021-01-15 16:00:00,2021,1,17,17570,19.77,HOEP (Legacy)
2021-01-15 17:00:00,2021,1,18,18502,23.34,HOEP (Legacy)
2021-01-15 18:00:00,2021,1,19,18077,18.06,HOEP (Legacy)
2021-01-15 19:00:00,2021,1,20,17621,14.64,HOEP (Legacy)
2021-01-15 20:00:00,2021,1,21,17182,10.22,HOEP (Legacy)
2021-01-15 21:00:00,2021,1,22,16441,14.93,HOEP (Legacy)
2021-01-15 22:00:00,2021,1,23,15644,11.59,HOEP (Legacy)
2021-01-15 23:00:00,2021,1,24,14774,12.2,HOEP (Legacy)
2021-01-16 00:00:00,2021,1,1,14135,13.69,HOEP (Legacy)
2021-01-16 01:00:00,2021,1,2,13667,8.88,HOEP (Legacy)
2021-01-16 02:00:00,2021,1,3,13336,14.37,HOEP (Legacy)
2021-01-16 03:00:00,2021,1,4,13289,14.37,HOEP (Legacy)
2021-01-16 04:00:00,2021,1,5,13332,20.41,HOEP (Legacy)
2021-01-16 05:00:00,2021,1,6,13599,13.68,HOEP (Legacy)
2021-01-16 06:00:00,2021,1,7,14062,14.37,HOEP (Legacy)
2021-01-16 07:00:00,2021,1,8,14704,12.99,HOEP (Legacy)
2021-01-16 08:00:00,2021,1,9,15197,12.28,HOEP (Legacy)
2021-01-16 09:00:00,2021,1,10,15434,23.5,HOEP (Legacy)
2021-01-16 10:00:00,2021,1,11,15646,24.92,HOEP (Legacy)
2021-01-16 11:00:00,2021,1,12,15946,24.95,HOEP (Legacy)
2021-01-16 12:00:00,2021,1,13,15947,24.71,HOEP (Legacy)
2021-01-16 13:00:00,2021,1,14,15884,24.62,HOEP (Legacy)
2021-01-16 14:00:00,2021,1,15,15775,25.11,HOEP (Legacy)
2021-01-16 15:00:00,2021,1,16,16001,19.07,HOEP (Legacy)
2021-01-16 16:00:00,2021,1,17,16613,20.05,HOEP (Legacy)
2021-01-16 17:00:00,2021,1,18,17659,27.03,HOEP (Legacy)
2021-01-16 18:00:00,2021,1,19,17426,24.32,HOEP (Legacy)
2021-01-16 19:00:00,2021,1,20,16792,22.09,HOEP (Legacy)
2021-01-16 20:00:00,2021,1,21,16428,17.49,HOEP (Legacy)
2021-01-16 21:00:00,2021,1,22,15902,14.05,HOEP (Legacy)
2021-01-16 22:00:00,2021,1,23,15065,2.44,HOEP (Legacy)
2021-01-16 23:00:00,2021,1,24,14068,0.98,HOEP (Legacy)
2021-01-17 00:00:00,2021,1,1,13516,0.44,HOEP (Legacy)
2021-01-17 01:00:00,2021,1,2,13198,0.0,HOEP (Legacy)
2021-01-17 02:00:00,2021,1,3,13038,0.0,HOEP (Legacy)
2021-01-17 03:00:00,2021,1,4,13079,0.0,HOEP (Legacy)
2021-01-17 04:00:00,2021,1,5,13074,0.0,HOEP (Legacy)
2021-01-17 05:00:00,2021,1,6,13150,0.0,HOEP (Legacy)
2021-01-17 06:00:00,2021,1,7,13396,0.49,HOEP (Legacy)
2021-01-17 07:00:00,2021,1,8,13875,7.03,HOEP (Legacy)
2021-01-17 08:00:00,2021,1,9,14471,9.65,HOEP (Legacy)
2021-01-17 09:00:00,2021,1,10,14981,10.86,HOEP (Legacy)
2021-01-17 10:00:00,2021,1,11,15435,27.89,HOEP (Legacy)
2021-01-17 11:00:00,2021,1,12,15934,18.3,HOEP (Legacy)
2021-01-17 12:00:00,2021,1,13,16021,14.4,HOEP (Legacy)
2021-01-17 13:00:00,2021,1,14,16093,12.29,HOEP (Legacy)
2021-01-17 14:00:00,2021,1,15,16123,14.38,HOEP (Legacy)
2021-01-17 15:00:00,2021,1,16,16367,12.32,HOEP (Legacy)
2021-01-17 16:00:00,2021,1,17,17180,23.01,HOEP (Legacy)
2021-01-17 17:00:00,2021,1,18,18286,38.68,HOEP (Legacy)
2021-01-17 18:00:00,2021,1,19,17889,26.02,HOEP (Legacy)
2021-01-17 19:00:00,2021,1,20,17379,25.19,HOEP (Legacy)
2021-01-17 20:00:00,2021,1,21,16708,25.85,HOEP (Legacy)
2021-01-17 21:00:00,2021,1,22,16309,21.85,HOEP (Legacy)
2021-01-17 22:00:00,2021,1,23,15383,16.87,HOEP (Legacy)
2021-01-17 23:00:00,2021,1,24,14675,12.29,HOEP (Legacy)
2021-01-18 00:00:00,2021,1,1,14077,17.03,HOEP (Legacy)
2021-01-18 01:00:00,2021,1,2,13692,5.94,HOEP (Legacy)
2021-01-18 02:00:00,2021,1,3,13623,14.35,HOEP (Legacy)
2021-01-18 03:00:00,2021,1,4,13633,14.35,HOEP (Legacy)
2021-01-18 04:00:00,2021,1,5,13736,14.35,HOEP (Legacy)
2021-01-18 05:00:00,2021,1,6,14344,16.01,HOEP (Legacy)
2021-01-18 06:00:00,2021,1,7,15655,20.28,HOEP (Legacy)
2021-01-18 07:00:00,2021,1,8,16802,27.66,HOEP (Legacy)
2021-01-18 08:00:00,2021,1,9,17448,33.4,HOEP (Legacy)
2021-01-18 09:00:00,2021,1,10,17577,24.72,HOEP (Legacy)
2021-01-18 10:00:00,2021,1,11,17513,25.64,HOEP (Legacy)
2021-01-18 11:00:00,2021,1,12,17258,24.22,HOEP (Legacy)
2021-01-18 12:00:00,2021,1,13,17206,23.54,HOEP (Legacy)
2021-01-18 13:00:00,2021,1,14,17222,24.15,HOEP (Legacy)
2021-01-18 14:00:00,2021,1,15,17106,19.48,HOEP (Legacy)
2021-01-18 15:00:00,2021,1,16,17337,23.44,HOEP (Legacy)
2021-01-18 16:00:00,2021,1,17,17977,24.78,HOEP (Legacy)
2021-01-18 17:00:00,2021,1,18,18981,28.55,HOEP (Legacy)
2021-01-18 18:00:00,2021,1,19,18678,25.58,HOEP (Legacy)
2021-01-18 19:00:00,2021,1,20,18248,24.36,HOEP (Legacy)
2021-01-18 20:00:00,2021,1,21,17751,23.7,HOEP (Legacy)
2021-01-18 21:00:00,2021,1,22,16940,15.11,HOEP (Legacy)
2021-01-18 22:00:00,2021,1,23,16027,9.42,HOEP (Legacy)
2021-01-18 23:00:00,2021,1,24,15097,7.17,HOEP (Legacy)
2021-01-19 00:00:00,2021,1,1,14436,7.19,HOEP (Legacy)
2021-01-19 01:00:00,2021,1,2,14129,4.84,HOEP (Legacy)
2021-01-19 02:00:00,2021,1,3,13921,4.87,HOEP (Legacy)
2021-01-19 03:00:00,2021,1,4,13843,5.2,HOEP (Legacy)
2021-01-19 04:00:00,2021,1,5,13907,0.89,HOEP (Legacy)
2021-01-19 05:00:00,2021,1,6,14503,0.0,HOEP (Legacy)
2021-01-19 06:00:00,2021,1,7,15645,0.95,HOEP (Legacy)
2021-01-19 07:00:00,2021,1,8,16645,11.06,HOEP (Legacy)
2021-01-19 08:00:00,2021,1,9,17252,9.09,HOEP (Legacy)
2021-01-19 09:00:00,2021,1,10,17511,13.35,HOEP (Legacy)
2021-01-19 10:00:00,2021,1,11,17459,13.37,HOEP (Legacy)
2021-01-19 11:00:00,2021,1,12,17279,5.92,HOEP (Legacy)
2021-01-19 12:00:00,2021,1,13,17117,5.93,HOEP (Legacy)
2021-01-19 13:00:00,2021,1,14,16927,12.73,HOEP (Legacy)
2021-01-19 14:00:00,2021,1,15,17066,7.23,HOEP (Legacy)
2021-01-19 15:00:00,2021,1,16,17422,12.75,HOEP (Legacy)
2021-01-19 16:00:00,2021,1,17,18059,13.68,HOEP (Legacy)
2021-01-19 17:00:00,2021,1,18,18944,24.28,HOEP (Legacy)
2021-01-19 18:00:00,2021,1,19,18762,21.08,HOEP (Legacy)
2021-01-19 19:00:00,2021,1,20,18347,16.63,HOEP (Legacy)
2021-01-19 20:00:00,2021,1,21,17776,13.62,HOEP (Legacy)
2021-01-19 21:00:00,2021,1,22,17089,9.94,HOEP (Legacy)
2021-01-19 22:00:00,2021,1,23,16167,4.8,HOEP (Legacy)
2021-01-19 23:00:00,2021,1,24,15281,9.03,HOEP (Legacy)
2021-01-20 00:00:00,2021,1,1,14674,10.9,HOEP (Legacy)
2021-01-20 01:00:00,2021,1,2,14308,5.22,HOEP (Legacy)
2021-01-20 02:00:00,2021,1,3,14078,5.76,HOEP (Legacy)
2021-01-20 03:00:00,2021,1,4,14009,1.86,HOEP (Legacy)
2021-01-20 04:00:00,2021,1,5,14142,0.0,HOEP (Legacy)
2021-01-20 05:00:00,2021,1,6,14702,0.0,HOEP (Legacy)
2021-01-20 06:00:00,2021,1,7,15789,2.64,HOEP (Legacy)
2021-01-20 07:00:00,2021,1,8,17099,20.77,HOEP (Legacy)
2021-01-20 08:00:00,2021,1,9,17830,23.77,HOEP (Legacy)
2021-01-20 09:00:00,2021,1,10,18314,28.37,HOEP (Legacy)
2021-01-20 10:00:00,2021,1,11,18066,27.38,HOEP (Legacy)
2021-01-20 11:00:00,2021,1,12,17752,23.94,HOEP (Legacy)
2021-01-20 12:00:00,2021,1,13,17487,15.09,HOEP (Legacy)
2021-01-20 13:00:00,2021,1,14,17454,14.36,HOEP (Legacy)
2021-01-20 14:00:00,2021,1,15,17458,14.77,HOEP (Legacy)
2021-01-20 15:00:00,2021,1,16,17872,18.12,HOEP (Legacy)
2021-01-20 16:00:00,2021,1,17,18454,22.89,HOEP (Legacy)
2021-01-20 17:00:00,2021,1,18,19243,22.67,HOEP (Legacy)
2021-01-20 18:00:00,2021,1,19,18975,18.7,HOEP (Legacy)
2021-01-20 19:00:00,2021,1,20,18446,7.78,HOEP (Legacy)
2021-01-20 20:00:00,2021,1,21,17853,3.42,HOEP (Legacy)
2021-01-20 21:00:00,2021,1,22,17040,3.39,HOEP (Legacy)
2021-01-20 22:00:00,2021,1,23,16036,1.92,HOEP (Legacy)
2021-01-20 23:00:00,2021,1,24,14950,0.0,HOEP (Legacy)
2021-01-21 00:00:00,2021,1,1,14297,0.0,HOEP (Legacy)
2021-01-21 01:00:00,2021,1,2,13980,0.0,HOEP (Legacy)
2021-01-21 02:00:00,2021,1,3,13842,0.0,HOEP (Legacy)
2021-01-21 03:00:00,2021,1,4,13811,0.0,HOEP (Legacy)
2021-01-21 04:00:00,2021,1,5,13964,0.0,HOEP (Legacy)
2021-01-21 05:00:00,2021,1,6,14436,0.0,HOEP (Legacy)
2021-01-21 06:00:00,2021,1,7,15421,0.47,HOEP (Legacy)
2021-01-21 07:00:00,2021,1,8,16592,4.18,HOEP (Legacy)
2021-01-21 08:00:00,2021,1,9,17142,5.94,HOEP (Legacy)
2021-01-21 09:00:00,2021,1,10,17193,5.85,HOEP (Legacy)
2021-01-21 10:00:00,2021,1,11,17097,6.03,HOEP (Legacy)
2021-01-21 11:00:00,2021,1,12,17109,6.05,HOEP (Legacy)
2021-01-21 12:00:00,2021,1,13,17104,5.92,HOEP (Legacy)
2021-01-21 13:00:00,2021,1,14,17101,6.03,HOEP (Legacy)
2021-01-21 14:00:00,2021,1,15,17092,5.97,HOEP (Legacy)
2021-01-21 15:00:00,2021,1,16,17227,11.54,HOEP (Legacy)
2021-01-21 16:00:00,2021,1,17,17689,9.8,HOEP (Legacy)
2021-01-21 17:00:00,2021,1,18,18743,14.34,HOEP (Legacy)
2021-01-21 18:00:00,2021,1,19,18397,8.36,HOEP (Legacy)
2021-01-21 19:00:00,2021,1,20,17776,5.87,HOEP (Legacy)
2021-01-21 20:00:00,2021,1,21,17190,1.3,HOEP (Legacy)
2021-01-21 21:00:00,2021,1,22,16415,0.0,HOEP (Legacy)
2021-01-21 22:00:00,2021,1,23,15511,5.46,HOEP (Legacy)
2021-01-21 23:00:00,2021,1,24,14591,1.97,HOEP (Legacy)
2021-01-22 00:00:00,2021,1,1,14296,0.0,HOEP (Legacy)
2021-01-22 01:00:00,2021,1,2,13953,0.0,HOEP (Legacy)
2021-01-22 02:00:00,2021,1,3,13730,0.0,HOEP (Legacy)
2021-01-22 03:00:00,2021,1,4,13748,0.0,HOEP (Legacy)
2021-01-22 04:00:00,2021,1,5,13842,0.0,HOEP (Legacy)
2021-01-22 05:00:00,2021,1,6,14385,0.0,HOEP (Legacy)
2021-01-22 06:00:00,2021,1,7,15311,0.17,HOEP (Legacy)
2021-01-22 07:00:00,2021,1,8,16354,6.72,HOEP (Legacy)
2021-01-22 08:00:00,2021,1,9,17207,13.36,HOEP (Legacy)
2021-01-22 09:00:00,2021,1,10,17464,12.12,HOEP (Legacy)
2021-01-22 10:00:00,2021,1,11,17605,17.12,HOEP (Legacy)
2021-01-22 11:00:00,2021,1,12,17712,14.4,HOEP (Legacy)
2021-01-22 12:00:00,2021,1,13,17604,13.55,HOEP (Legacy)
2021-01-22 13:00:00,2021,1,14,17509,10.91,HOEP (Legacy)
2021-01-22 14:00:00,2021,1,15,17525,8.94,HOEP (Legacy)
2021-01-22 15:00:00,2021,1,16,17644,3.36,HOEP (Legacy)
2021-01-22 16:00:00,2021,1,17,18136,8.91,HOEP (Legacy)
2021-01-22 17:00:00,2021,1,18,18861,19.57,HOEP (Legacy)
2021-01-22 18:00:00,2021,1,19,18873,16.44,HOEP (Legacy)
2021-01-22 19:00:00,2021,1,20,18340,18.11,HOEP (Legacy)
2021-01-22 20:00:00,2021,1,21,17893,10.9,HOEP (Legacy)
2021-01-22 21:00:00,2021,1,22,17146,13.75,HOEP (Legacy)
2021-01-22 22:00:00,2021,1,23,16315,10.24,HOEP (Legacy)
2021-01-22 23:00:00,2021,1,24,15446,8.48,HOEP (Legacy)
2021-01-23 00:00:00,2021,1,1,14813,5.92,HOEP (Legacy)
2021-01-23 01:00:00,2021,1,2,14448,5.71,HOEP (Legacy)
2021-01-23 02:00:00,2021,1,3,14284,6.08,HOEP (Legacy)
2021-01-23 03:00:00,2021,1,4,14221,6.59,HOEP (Legacy)
2021-01-23 04:00:00,2021,1,5,14278,11.53,HOEP (Legacy)
2021-01-23 05:00:00,2021,1,6,14683,9.71,HOEP (Legacy)
2021-01-23 06:00:00,2021,1,7,15156,6.4,HOEP (Legacy)
2021-01-23 07:00:00,2021,1,8,16055,7.92,HOEP (Legacy)
2021-01-23 08:00:00,2021,1,9,16615,12.3,HOEP (Legacy)
2021-01-23 09:00:00,2021,1,10,16804,14.36,HOEP (Legacy)
2021-01-23 10:00:00,2021,1,11,16978,14.39,HOEP (Legacy)
2021-01-23 11:00:00,2021,1,12,16893,14.38,HOEP (Legacy)
2021-01-23 12:00:00,2021,1,13,16687,11.6,HOEP (Legacy)
2021-01-23 13:00:00,2021,1,14,16515,7.78,HOEP (Legacy)
2021-01-23 14:00:00,2021,1,15,16488,12.98,HOEP (Legacy)
2021-01-23 15:00:00,2021,1,16,16824,17.74,HOEP (Legacy)
2021-01-23 16:00:00,2021,1,17,17690,22.93,HOEP (Legacy)
2021-01-23 17:00:00,2021,1,18,19005,44.71,HOEP (Legacy)
2021-01-23 18:00:00,2021,1,19,19264,47.25,HOEP (Legacy)
2021-01-23 19:00:00,2021,1,20,18357,22.26,HOEP (Legacy)
2021-01-23 20:00:00,2021,1,21,17767,19.27,HOEP (Legacy)
2021-01-23 21:00:00,2021,1,22,17222,19.27,HOEP (Legacy)
2021-01-23 22:00:00,2021,1,23,16538,24.41,HOEP (Legacy)
2021-01-23 23:00:00,2021,1,24,15744,29.62,HOEP (Legacy)
2021-01-24 00:00:00,2021,1,1,15173,22.59,HOEP (Legacy)
2021-01-24 01:00:00,2021,1,2,14780,21.46,HOEP (Legacy)
2021-01-24 02:00:00,2021,1,3,14548,17.9,HOEP (Legacy)
2021-01-24 03:00:00,2021,1,4,14370,13.24,HOEP (Legacy)
2021-01-24 04:00:00,2021,1,5,14338,13.23,HOEP (Legacy)
2021-01-24 05:00:00,2021,1,6,14586,12.08,HOEP (Legacy)
2021-01-24 06:00:00,2021,1,7,14818,10.9,HOEP (Legacy)
2021-01-24 07:00:00,2021,1,8,15337,12.68,HOEP (Legacy)
2021-01-24 08:00:00,2021,1,9,15855,13.25,HOEP (Legacy)
2021-01-24 09:00:00,2021,1,10,16019,13.24,HOEP (Legacy)
2021-01-24 10:00:00,2021,1,11,16272,13.24,HOEP (Legacy)
2021-01-24 11:00:00,2021,1,12,16657,21.64,HOEP (Legacy)
2021-01-24 12:00:00,2021,1,13,16799,18.65,HOEP (Legacy)
2021-01-24 13:00:00,2021,1,14,16858,21.61,HOEP (Legacy)
2021-01-24 14:00:00,2021,1,15,16909,20.69,HOEP (Legacy)
2021-01-24 15:00:00,2021,1,16,17069,13.75,HOEP (Legacy)
2021-01-24 16:00:00,2021,1,17,17846,21.57,HOEP (Legacy)
2021-01-24 17:00:00,2021,1,18,18945,23.13,HOEP (Legacy)
2021-01-24 18:00:00,2021,1,19,18837,22.25,HOEP (Legacy)
2021-01-24 19:00:00,2021,1,20,18057,21.14,HOEP (Legacy)
2021-01-24 20:00:00,2021,1,21,17321,20.66,HOEP (Legacy)
2021-01-24 21:00:00,2021,1,22,16723,22.32,HOEP (Legacy)
2021-01-24 22:00:00,2021,1,23,15911,22.04,HOEP (Legacy)
2021-01-24 23:00:00,2021,1,24,15116,18.0,HOEP (Legacy)
2021-01-25 00:00:00,2021,1,1,14551,16.44,HOEP (Legacy)
2021-01-25 01:00:00,2021,1,2,14290,15.76,HOEP (Legacy)
2021-01-25 02:00:00,2021,1,3,14155,16.45,HOEP (Legacy)
2021-01-25 03:00:00,2021,1,4,14109,20.38,HOEP (Legacy)
2021-01-25 04:00:00,2021,1,5,14359,20.61,HOEP (Legacy)
2021-01-25 05:00:00,2021,1,6,14994,22.53,HOEP (Legacy)
2021-01-25 06:00:00,2021,1,7,16018,22.6,HOEP (Legacy)
2021-01-25 07:00:00,2021,1,8,17237,26.15,HOEP (Legacy)
2021-01-25 08:00:00,2021,1,9,17821,29.49,HOEP (Legacy)
2021-01-25 09:00:00,2021,1,10,17809,26.89,HOEP (Legacy)
2021-01-25 10:00:00,2021,1,11,17793,22.8,HOEP (Legacy)
2021-01-25 11:00:00,2021,1,12,17701,24.5,HOEP (Legacy)
2021-01-25 12:00:00,2021,1,13,17688,24.7,HOEP (Legacy)
2021-01-25 13:00:00,2021,1,14,17465,24.7,HOEP (Legacy)
2021-01-25 14:00:00,2021,1,15,17415,24.41,HOEP (Legacy)
2021-01-25 15:00:00,2021,1,16,17707,24.83,HOEP (Legacy)
2021-01-25 16:00:00,2021,1,17,18249,26.15,HOEP (Legacy)
2021-01-25 17:00:00,2021,1,18,19099,28.05,HOEP (Legacy)
2021-01-25 18:00:00,2021,1,19,19051,26.16,HOEP (Legacy)
2021-01-25 19:00:00,2021,1,20,18505,25.25,HOEP (Legacy)
2021-01-25 20:00:00,2021,1,21,17851,23.83,HOEP (Legacy)
2021-01-25 21:00:00,2021,1,22,17040,22.15,HOEP (Legacy)
2021-01-25 22:00:00,2021,1,23,16404,20.31,HOEP (Legacy)
2021-01-25 23:00:00,2021,1,24,15371,14.32,HOEP (Legacy)
2021-01-26 00:00:00,2021,1,1,14655,9.02,HOEP (Legacy)
2021-01-26 01:00:00,2021,1,2,14216,5.32,HOEP (Legacy)
2021-01-26 02:00:00,2021,1,3,14095,0.0,HOEP (Legacy)
2021-01-26 03:00:00,2021,1,4,14080,0.0,HOEP (Legacy)
2021-01-26 04:00:00,2021,1,5,14160,0.0,HOEP (Legacy)
2021-01-26 05:00:00,2021,1,6,14694,0.0,HOEP (Legacy)
2021-01-26 06:00:00,2021,1,7,15611,4.52,HOEP (Legacy)
2021-01-26 07:00:00,2021,1,8,16895,17.57,HOEP (Legacy)
2021-01-26 08:00:00,2021,1,9,17525,23.46,HOEP (Legacy)
2021-01-26 09:00:00,2021,1,10,18058,23.21,HOEP (Legacy)
2021-01-26 10:00:00,2021,1,11,18315,26.41,HOEP (Legacy)
2021-01-26 11:00:00,2021,1,12,18547,27.3,HOEP (Legacy)
2021-01-26 12:00:00,2021,1,13,18763,27.04,HOEP (Legacy)
2021-01-26 13:00:00,2021,1,14,18503,23.7,HOEP (Legacy)
2021-01-26 14:00:00,2021,1,15,18538,23.29,HOEP (Legacy)
2021-01-26 15:00:00,2021,1,16,18317,23.13,HOEP (Legacy)
2021-01-26 16:00:00,2021,1,17,18907,23.91,HOEP (Legacy)
2021-01-26 17:00:00,2021,1,18,19639,25.65,HOEP (Legacy)
2021-01-26 18:00:00,2021,1,19,19510,23.6,HOEP (Legacy)
2021-01-26 19:00:00,2021,1,20,18743,23.06,HOEP (Legacy)
2021-01-26 20:00:00,2021,1,21,18028,22.41,HOEP (Legacy)
2021-01-26 21:00:00,2021,1,22,17390,21.85,HOEP (Legacy)
2021-01-26 22:00:00,2021,1,23,16597,23.12,HOEP (Legacy)
2021-01-26 23:00:00,2021,1,24,15624,15.61,HOEP (Legacy)
2021-01-27 00:00:00,2021,1,1,15203,15.97,HOEP (Legacy)
2021-01-27 01:00:00,2021,1,2,14795,10.31,HOEP (Legacy)
2021-01-27 02:00:00,2021,1,3,14503,13.26,HOEP (Legacy)
2021-01-27 03:00:00,2021,1,4,14466,13.25,HOEP (Legacy)
2021-01-27 04:00:00,2021,1,5,14617,13.98,HOEP (Legacy)
2021-01-27 05:00:00,2021,1,6,15105,22.1,HOEP (Legacy)
2021-01-27 06:00:00,2021,1,7,16163,23.64,HOEP (Legacy)
2021-01-27 07:00:00,2021,1,8,17340,23.78,HOEP (Legacy)
2021-01-27 08:00:00,2021,1,9,17862,23.88,HOEP (Legacy)
2021-01-27 09:00:00,2021,1,10,18005,25.95,HOEP (Legacy)
2021-01-27 10:00:00,2021,1,11,17951,26.65,HOEP (Legacy)
2021-01-27 11:00:00,2021,1,12,17396,26.25,HOEP (Legacy)
2021-01-27 12:00:00,2021,1,13,17174,24.43,HOEP (Legacy)
2021-01-27 13:00:00,2021,1,14,16924,23.01,HOEP (Legacy)
2021-01-27 14:00:00,2021,1,15,16911,21.23,HOEP (Legacy)
2021-01-27 15:00:00,2021,1,16,17485,22.47,HOEP (Legacy)
2021-01-27 16:00:00,2021,1,17,18292,23.99,HOEP (Legacy)
2021-01-27 17:00:00,2021,1,18,19391,27.15,HOEP (Legacy)
2021-01-27 18:00:00,2021,1,19,19651,24.23,HOEP (Legacy)
2021-01-27 19:00:00,2021,1,20,19013,22.65,HOEP (Legacy)
2021-01-27 20:00:00,2021,1,21,18429,23.48,HOEP (Legacy)
2021-01-27 21:00:00,2021,1,22,17695,23.64,HOEP (Legacy)
2021-01-27 22:00:00,2021,1,23,16836,28.58,HOEP (Legacy)
2021-01-27 23:00:00,2021,1,24,15848,20.87,HOEP (Legacy)
2021-01-28 00:00:00,2021,1,1,15242,14.36,HOEP (Legacy)
2021-01-28 01:00:00,2021,1,2,14833,12.92,HOEP (Legacy)
2021-01-28 02:00:00,2021,1,3,14746,3.43,HOEP (Legacy)
2021-01-28 03:00:00,2021,1,4,14730,0.0,HOEP (Legacy)
2021-01-28 04:00:00,2021,1,5,14953,0.0,HOEP (Legacy)
2021-01-28 05:00:00,2021,1,6,15571,1.37,HOEP (Legacy)
2021-01-28 06:00:00,2021,1,7,16517,12.22,HOEP (Legacy)
2021-01-28 07:00:00,2021,1,8,17611,13.34,HOEP (Legacy)
2021-01-28 08:00:00,2021,1,9,18189,14.36,HOEP (Legacy)
2021-01-28 09:00:00,2021,1,10,18014,14.35,HOEP (Legacy)
2021-01-28 10:00:00,2021,1,11,17798,14.35,HOEP (Legacy)
2021-01-28 11:00:00,2021,1,12,17749,15.91,HOEP (Legacy)
2021-01-28 12:00:00,2021,1,13,17744,17.83,HOEP (Legacy)
2021-01-28 13:00:00,2021,1,14,17635,15.91,HOEP (Legacy)
2021-01-28 14:00:00,2021,1,15,17680,15.76,HOEP (Legacy)
2021-01-28 15:00:00,2021,1,16,18214,13.66,HOEP (Legacy)
2021-01-28 16:00:00,2021,1,17,18892,20.16,HOEP (Legacy)
2021-01-28 17:00:00,2021,1,18,19988,27.01,HOEP (Legacy)
2021-01-28 18:00:00,2021,1,19,20150,24.28,HOEP (Legacy)
2021-01-28 19:00:00,2021,1,20,19634,24.1,HOEP (Legacy)
2021-01-28 20:00:00,2021,1,21,18847,19.01,HOEP (Legacy)
2021-01-28 21:00:00,2021,1,22,18190,12.27,HOEP (Legacy)
2021-01-28 22:00:00,2021,1,23,17209,18.36,HOEP (Legacy)
2021-01-28 23:00:00,2021,1,24,16389,17.41,HOEP (Legacy)
2021-01-29 00:00:00,2021,1,1,16012,46.26,HOEP (Legacy)
2021-01-29 01:00:00,2021,1,2,15781,42.94,HOEP (Legacy)
2021-01-29 02:00:00,2021,1,3,15593,19.58,HOEP (Legacy)
2021-01-29 03:00:00,2021,1,4,15473,14.35,HOEP (Legacy)
2021-01-29 04:00:00,2021,1,5,15617,14.32,HOEP (Legacy)
2021-01-29 05:00:00,2021,1,6,16050,4.15,HOEP (Legacy)
2021-01-29 06:00:00,2021,1,7,16851,23.25,HOEP (Legacy)
2021-01-29 07:00:00,2021,1,8,17912,27.24,HOEP (Legacy)
2021-01-29 08:00:00,2021,1,9,18493,28.0,HOEP (Legacy)
2021-01-29 09:00:00,2021,1,10,18485,28.04,HOEP (Legacy)
2021-01-29 10:00:00,2021,1,11,18644,27.56,HOEP (Legacy)
2021-01-29 11:00:00,2021,1,12,18541,25.39,HOEP (Legacy)
2021-01-29 12:00:00,2021,1,13,18281,24.66,HOEP (Legacy)
2021-01-29 13:00:00,2021,1,14,17708,24.2,HOEP (Legacy)
2021-01-29 14:00:00,2021,1,15,17706,21.6,HOEP (Legacy)
2021-01-29 15:00:00,2021,1,16,17841,24.08,HOEP (Legacy)
2021-01-29 16:00:00,2021,1,17,18488,26.47,HOEP (Legacy)
2021-01-29 17:00:00,2021,1,18,19444,28.72,HOEP (Legacy)
2021-01-29 18:00:00,2021,1,19,19792,28.51,HOEP (Legacy)
2021-01-29 19:00:00,2021,1,20,19156,28.05,HOEP (Legacy)
2021-01-29 20:00:00,2021,1,21,18682,28.1,HOEP (Legacy)
2021-01-29 21:00:00,2021,1,22,17938,28.03,HOEP (Legacy)
2021-01-29 22:00:00,2021,1,23,17061,24.98,HOEP (Legacy)
2021-01-29 23:00:00,2021,1,24,16239,26.91,HOEP (Legacy)
2021-01-30 00:00:00,2021,1,1,15498,24.06,HOEP (Legacy)
2021-01-30 01:00:00,2021,1,2,15359,23.96,HOEP (Legacy)
2021-01-30 02:00:00,2021,1,3,15225,23.87,HOEP (Legacy)
2021-01-30 03:00:00,2021,1,4,15184,23.9,HOEP (Legacy)
2021-01-30 04:00:00,2021,1,5,15148,23.87,HOEP (Legacy)
2021-01-30 05:00:00,2021,1,6,15375,24.41,HOEP (Legacy)
2021-01-30 06:00:00,2021,1,7,15828,25.5,HOEP (Legacy)
2021-01-30 07:00:00,2021,1,8,16389,27.8,HOEP (Legacy)
2021-01-30 08:00:00,2021,1,9,16915,27.8,HOEP (Legacy)
2021-01-30 09:00:00,2021,1,10,17238,27.75,HOEP (Legacy)
2021-01-30 10:00:00,2021,1,11,17233,27.78,HOEP (Legacy)
2021-01-30 11:00:00,2021,1,12,17273,27.2,HOEP (Legacy)
2021-01-30 12:00:00,2021,1,13,17080,25.84,HOEP (Legacy)
2021-01-30 13:00:00,2021,1,14,16705,24.25,HOEP (Legacy)
2021-01-30 14:00:00,2021,1,15,16502,25.17,HOEP (Legacy)
2021-01-30 15:00:00,2021,1,16,16528,24.59,HOEP (Legacy)
2021-01-30 16:00:00,2021,1,17,17073,25.34,HOEP (Legacy)
2021-01-30 17:00:00,2021,1,18,18604,41.57,HOEP (Legacy)
2021-01-30 18:00:00,2021,1,19,18889,38.25,HOEP (Legacy)
2021-01-30 19:00:00,2021,1,20,18051,27.56,HOEP (Legacy)
2021-01-30 20:00:00,2021,1,21,17575,25.91,HOEP (Legacy)
2021-01-30 21:00:00,2021,1,22,17098,24.63,HOEP (Legacy)
2021-01-30 22:00:00,2021,1,23,16338,23.9,HOEP (Legacy)
2021-01-30 23:00:00,2021,1,24,15613,15.49,HOEP (Legacy)
2021-01-31 00:00:00,2021,1,1,14934,14.36,HOEP (Legacy)
2021-01-31 01:00:00,2021,1,2,14661,5.07,HOEP (Legacy)
2021-01-31 02:00:00,2021,1,3,14424,0.0,HOEP (Legacy)
2021-01-31 03:00:00,2021,1,4,14277,0.0,HOEP (Legacy)
2021-01-31 04:00:00,2021,1,5,14242,0.0,HOEP (Legacy)
2021-01-31 05:00:00,2021,1,6,14560,0.0,HOEP (Legacy)
2021-01-31 06:00:00,2021,1,7,14779,1.47,HOEP (Legacy)
2021-01-31 07:00:00,2021,1,8,15360,11.57,HOEP (Legacy)
2021-01-31 08:00:00,2021,1,9,15876,22.03,HOEP (Legacy)
2021-01-31 09:00:00,2021,1,10,16275,13.67,HOEP (Legacy)
2021-01-31 10:00:00,2021,1,11,16486,24.14,HOEP (Legacy)
2021-01-31 11:00:00,2021,1,12,16658,21.03,HOEP (Legacy)
2021-01-31 12:00:00,2021,1,13,16663,23.79,HOEP (Legacy)
2021-01-31 13:00:00,2021,1,14,16686,15.06,HOEP (Legacy)
2021-01-31 14:00:00,2021,1,15,16649,14.34,HOEP (Legacy)
2021-01-31 15:00:00,2021,1,16,16935,8.72,HOEP (Legacy)
2021-01-31 16:00:00,2021,1,17,17722,24.3,HOEP (Legacy)
2021-01-31 17:00:00,2021,1,18,18709,21.56,HOEP (Legacy)
2021-01-31 18:00:00,2021,1,19,18885,21.32,HOEP (Legacy)
2021-01-31 19:00:00,2021,1,20,18252,24.47,HOEP (Legacy)
2021-01-31 20:00:00,2021,1,21,17772,24.16,HOEP (Legacy)
2021-01-31 21:00:00,2021,1,22,17084,24.83,HOEP (Legacy)
2021-01-31 22:00:00,2021,1,23,16242,14.06,HOEP (Legacy)
2021-01-31 23:00:00,2021,1,24,15541,7.39,HOEP (Legacy)
2021-02-01 00:00:00,2021,2,1,14951,13.35,HOEP (Legacy)
2021-02-01 01:00:00,2021,2,2,14863,8.5,HOEP (Legacy)
2021-02-01 02:00:00,2021,2,3,14840,6.84,HOEP (Legacy)
2021-02-01 03:00:00,2021,2,4,14733,6.68,HOEP (Legacy)
2021-02-01 04:00:00,2021,2,5,14873,9.73,HOEP (Legacy)
2021-02-01 05:00:00,2021,2,6,15573,24.46,HOEP (Legacy)
2021-02-01 06:00:00,2021,2,7,16691,27.12,HOEP (Legacy)
2021-02-01 07:00:00,2021,2,8,17758,28.33,HOEP (Legacy)
2021-02-01 08:00:00,2021,2,9,18427,28.79,HOEP (Legacy)
2021-02-01 09:00:00,2021,2,10,18623,29.49,HOEP (Legacy)
2021-02-01 10:00:00,2021,2,11,18341,28.42,HOEP (Legacy)
2021-02-01 11:00:00,2021,2,12,18183,28.1,HOEP (Legacy)
2021-02-01 12:00:00,2021,2,13,18017,27.98,HOEP (Legacy)
2021-02-01 13:00:00,2021,2,14,17750,24.3,HOEP (Legacy)
2021-02-01 14:00:00,2021,2,15,17593,24.23,HOEP (Legacy)
2021-02-01 15:00:00,2021,2,16,17879,24.16,HOEP (Legacy)
2021-02-01 16:00:00,2021,2,17,18650,24.73,HOEP (Legacy)
2021-02-01 17:00:00,2021,2,18,19825,26.52,HOEP (Legacy)
2021-02-01 18:00:00,2021,2,19,19722,25.31,HOEP (Legacy)
2021-02-01 19:00:00,2021,2,20,19088,24.36,HOEP (Legacy)
2021-02-01 20:00:00,2021,2,21,18426,24.38,HOEP (Legacy)
2021-02-01 21:00:00,2021,2,22,17646,24.34,HOEP (Legacy)
2021-02-01 22:00:00,2021,2,23,16731,24.32,HOEP (Legacy)
2021-02-01 23:00:00,2021,2,24,15837,25.26,HOEP (Legacy)
2021-02-02 00:00:00,2021,2,1,15277,14.12,HOEP (Legacy)
2021-02-02 01:00:00,2021,2,2,14924,13.33,HOEP (Legacy)
2021-02-02 02:00:00,2021,2,3,14640,13.33,HOEP (Legacy)
2021-02-02 03:00:00,2021,2,4,14643,13.34,HOEP (Legacy)
2021-02-02 04:00:00,2021,2,5,14849,5.92,HOEP (Legacy)
2021-02-02 05:00:00,2021,2,6,15430,0.0,HOEP (Legacy)
2021-02-02 06:00:00,2021,2,7,16365,14.73,HOEP (Legacy)
2021-02-02 07:00:00,2021,2,8,17681,25.2,HOEP (Legacy)
2021-02-02 08:00:00,2021,2,9,18034,26.23,HOEP (Legacy)
2021-02-02 09:00:00,2021,2,10,17924,25.92,HOEP (Legacy)
2021-02-02 10:00:00,2021,2,11,17717,26.35,HOEP (Legacy)
2021-02-02 11:00:00,2021,2,12,17564,26.34,HOEP (Legacy)
2021-02-02 12:00:00,2021,2,13,17408,16.09,HOEP (Legacy)
2021-02-02 13:00:00,2021,2,14,17169,4.47,HOEP (Legacy)
2021-02-02 14:00:00,2021,2,15,17134,1.37,HOEP (Legacy)
2021-02-02 15:00:00,2021,2,16,17255,4.64,HOEP (Legacy)
2021-02-02 16:00:00,2021,2,17,17951,11.42,HOEP (Legacy)
2021-02-02 17:00:00,2021,2,18,18804,17.77,HOEP (Legacy)
2021-02-02 18:00:00,2021,2,19,19005,14.82,HOEP (Legacy)
2021-02-02 19:00:00,2021,2,20,18530,12.85,HOEP (Legacy)
2021-02-02 20:00:00,2021,2,21,17998,12.03,HOEP (Legacy)
2021-02-02 21:00:00,2021,2,22,17237,8.99,HOEP (Legacy)
2021-02-02 22:00:00,2021,2,23,16288,10.85,HOEP (Legacy)
2021-02-02 23:00:00,2021,2,24,15354,0.41,HOEP (Legacy)
2021-02-03 00:00:00,2021,2,1,14771,0.42,HOEP (Legacy)
2021-02-03 01:00:00,2021,2,2,14347,0.96,HOEP (Legacy)
2021-02-03 02:00:00,2021,2,3,14261,1.37,HOEP (Legacy)
2021-02-03 03:00:00,2021,2,4,14338,4.89,HOEP (Legacy)
2021-02-03 04:00:00,2021,2,5,14544,5.86,HOEP (Legacy)
2021-02-03 05:00:00,2021,2,6,15082,1.45,HOEP (Legacy)
2021-02-03 06:00:00,2021,2,7,16121,5.87,HOEP (Legacy)
2021-02-03 07:00:00,2021,2,8,17438,28.41,HOEP (Legacy)
2021-02-03 08:00:00,2021,2,9,17993,54.99,HOEP (Legacy)
2021-02-03 09:00:00,2021,2,10,17921,64.78,HOEP (Legacy)
2021-02-03 10:00:00,2021,2,11,17406,27.56,HOEP (Legacy)
2021-02-03 11:00:00,2021,2,12,16998,17.33,HOEP (Legacy)
2021-02-03 12:00:00,2021,2,13,16698,17.46,HOEP (Legacy)
2021-02-03 13:00:00,2021,2,14,16427,13.15,HOEP (Legacy)
2021-02-03 14:00:00,2021,2,15,16277,13.16,HOEP (Legacy)
2021-02-03 15:00:00,2021,2,16,16464,17.27,HOEP (Legacy)
2021-02-03 16:00:00,2021,2,17,17312,20.77,HOEP (Legacy)
2021-02-03 17:00:00,2021,2,18,18578,25.98,HOEP (Legacy)
2021-02-03 18:00:00,2021,2,19,19047,27.46,HOEP (Legacy)
2021-02-03 19:00:00,2021,2,20,18666,25.16,HOEP (Legacy)
2021-02-03 20:00:00,2021,2,21,18053,27.91,HOEP (Legacy)
2021-02-03 21:00:00,2021,2,22,17431,27.98,HOEP (Legacy)
2021-02-03 22:00:00,2021,2,23,16411,20.61,HOEP (Legacy)
2021-02-03 23:00:00,2021,2,24,15536,24.15,HOEP (Legacy)
2021-02-04 00:00:00,2021,2,1,14936,14.88,HOEP (Legacy)
2021-02-04 01:00:00,2021,2,2,14517,13.26,HOEP (Legacy)
2021-02-04 02:00:00,2021,2,3,14494,11.43,HOEP (Legacy)
2021-02-04 03:00:00,2021,2,4,14446,12.63,HOEP (Legacy)
2021-02-04 04:00:00,2021,2,5,14582,5.97,HOEP (Legacy)
2021-02-04 05:00:00,2021,2,6,15126,17.0,HOEP (Legacy)
2021-02-04 06:00:00,2021,2,7,16249,24.58,HOEP (Legacy)
2021-02-04 07:00:00,2021,2,8,17405,27.48,HOEP (Legacy)
2021-02-04 08:00:00,2021,2,9,17632,33.35,HOEP (Legacy)
2021-02-04 09:00:00,2021,2,10,16923,26.82,HOEP (Legacy)
2021-02-04 10:00:00,2021,2,11,16460,25.67,HOEP (Legacy)
2021-02-04 11:00:00,2021,2,12,16320,26.5,HOEP (Legacy)
2021-02-04 12:00:00,2021,2,13,16069,25.17,HOEP (Legacy)
2021-02-04 13:00:00,2021,2,14,15916,20.05,HOEP (Legacy)
2021-02-04 14:00:00,2021,2,15,15929,19.06,HOEP (Legacy)
2021-02-04 15:00:00,2021,2,16,16385,14.38,HOEP (Legacy)
2021-02-04 16:00:00,2021,2,17,17156,13.5,HOEP (Legacy)
2021-02-04 17:00:00,2021,2,18,18382,20.65,HOEP (Legacy)
2021-02-04 18:00:00,2021,2,19,18626,15.7,HOEP (Legacy)
2021-02-04 19:00:00,2021,2,20,17987,7.43,HOEP (Legacy)
2021-02-04 20:00:00,2021,2,21,17569,3.72,HOEP (Legacy)
2021-02-04 21:00:00,2021,2,22,16804,7.5,HOEP (Legacy)
2021-02-04 22:00:00,2021,2,23,15749,8.24,HOEP (Legacy)
2021-02-04 23:00:00,2021,2,24,14855,1.94,HOEP (Legacy)
2021-02-05 00:00:00,2021,2,1,14456,0.48,HOEP (Legacy)
2021-02-05 01:00:00,2021,2,2,14030,0.0,HOEP (Legacy)
2021-02-05 02:00:00,2021,2,3,14147,0.0,HOEP (Legacy)
2021-02-05 03:00:00,2021,2,4,14073,0.0,HOEP (Legacy)
2021-02-05 04:00:00,2021,2,5,14133,0.0,HOEP (Legacy)
2021-02-05 05:00:00,2021,2,6,14682,3.61,HOEP (Legacy)
2021-02-05 06:00:00,2021,2,7,15773,1.97,HOEP (Legacy)
2021-02-05 07:00:00,2021,2,8,16854,6.2,HOEP (Legacy)
2021-02-05 08:00:00,2021,2,9,17540,12.09,HOEP (Legacy)
2021-02-05 09:00:00,2021,2,10,17762,14.36,HOEP (Legacy)
2021-02-05 10:00:00,2021,2,11,18048,19.38,HOEP (Legacy)
2021-02-05 11:00:00,2021,2,12,18340,23.43,HOEP (Legacy)
2021-02-05 12:00:00,2021,2,13,18110,6.68,HOEP (Legacy)
2021-02-05 13:00:00,2021,2,14,17990,5.92,HOEP (Legacy)
2021-02-05 14:00:00,2021,2,15,17697,5.7,HOEP (Legacy)
2021-02-05 15:00:00,2021,2,16,17704,6.0,HOEP (Legacy)
2021-02-05 16:00:00,2021,2,17,18066,6.6,HOEP (Legacy)
2021-02-05 17:00:00,2021,2,18,18851,14.41,HOEP (Legacy)
2021-02-05 18:00:00,2021,2,19,19121,17.66,HOEP (Legacy)
2021-02-05 19:00:00,2021,2,20,18553,20.62,HOEP (Legacy)
2021-02-05 20:00:00,2021,2,21,18126,10.87,HOEP (Legacy)
2021-02-05 21:00:00,2021,2,22,17379,5.83,HOEP (Legacy)
2021-02-05 22:00:00,2021,2,23,16519,8.87,HOEP (Legacy)
2021-02-05 23:00:00,2021,2,24,15564,9.84,HOEP (Legacy)
2021-02-06 00:00:00,2021,2,1,14965,1.94,HOEP (Legacy)
2021-02-06 01:00:00,2021,2,2,14541,1.44,HOEP (Legacy)
2021-02-06 02:00:00,2021,2,3,14337,2.42,HOEP (Legacy)
2021-02-06 03:00:00,2021,2,4,14253,0.49,HOEP (Legacy)
2021-02-06 04:00:00,2021,2,5,14346,1.9,HOEP (Legacy)
2021-02-06 05:00:00,2021,2,6,14614,5.92,HOEP (Legacy)
2021-02-06 06:00:00,2021,2,7,15084,4.34,HOEP (Legacy)
2021-02-06 07:00:00,2021,2,8,15838,8.2,HOEP (Legacy)
2021-02-06 08:00:00,2021,2,9,16437,11.61,HOEP (Legacy)
2021-02-06 09:00:00,2021,2,10,16683,14.34,HOEP (Legacy)
2021-02-06 10:00:00,2021,2,11,16817,10.2,HOEP (Legacy)
2021-02-06 11:00:00,2021,2,12,16884,6.65,HOEP (Legacy)
2021-02-06 12:00:00,2021,2,13,16830,5.89,HOEP (Legacy)
2021-02-06 13:00:00,2021,2,14,16829,5.92,HOEP (Legacy)
2021-02-06 14:00:00,2021,2,15,16865,7.69,HOEP (Legacy)
2021-02-06 15:00:00,2021,2,16,17004,20.66,HOEP (Legacy)
2021-02-06 16:00:00,2021,2,17,17726,16.03,HOEP (Legacy)
2021-02-06 17:00:00,2021,2,18,18668,28.95,HOEP (Legacy)
2021-02-06 18:00:00,2021,2,19,19023,30.61,HOEP (Legacy)
2021-02-06 19:00:00,2021,2,20,18409,21.37,HOEP (Legacy)
2021-02-06 20:00:00,2021,2,21,17773,30.33,HOEP (Legacy)
2021-02-06 21:00:00,2021,2,22,17225,61.33,HOEP (Legacy)
2021-02-06 22:00:00,2021,2,23,16481,61.3,HOEP (Legacy)
2021-02-06 23:00:00,2021,2,24,15579,23.6,HOEP (Legacy)
2021-02-07 00:00:00,2021,2,1,15074,19.6,HOEP (Legacy)
2021-02-07 01:00:00,2021,2,2,14700,20.4,HOEP (Legacy)
2021-02-07 02:00:00,2021,2,3,14500,28.31,HOEP (Legacy)
2021-02-07 03:00:00,2021,2,4,14418,14.36,HOEP (Legacy)
2021-02-07 04:00:00,2021,2,5,14405,5.98,HOEP (Legacy)
2021-02-07 05:00:00,2021,2,6,14580,8.79,HOEP (Legacy)
2021-02-07 06:00:00,2021,2,7,15079,4.25,HOEP (Legacy)
2021-02-07 07:00:00,2021,2,8,15622,8.74,HOEP (Legacy)
2021-02-07 08:00:00,2021,2,9,16194,14.36,HOEP (Legacy)
2021-02-07 09:00:00,2021,2,10,16471,14.35,HOEP (Legacy)
2021-02-07 10:00:00,2021,2,11,16599,14.32,HOEP (Legacy)
2021-02-07 11:00:00,2021,2,12,16601,14.32,HOEP (Legacy)
2021-02-07 12:00:00,2021,2,13,16528,13.66,HOEP (Legacy)
2021-02-07 13:00:00,2021,2,14,16388,8.85,HOEP (Legacy)
2021-02-07 14:00:00,2021,2,15,16418,12.25,HOEP (Legacy)
2021-02-07 15:00:00,2021,2,16,16742,15.86,HOEP (Legacy)
2021-02-07 16:00:00,2021,2,17,17691,30.61,HOEP (Legacy)
2021-02-07 17:00:00,2021,2,18,19037,370.44,HOEP (Legacy)
2021-02-07 18:00:00,2021,2,19,19549,143.58,HOEP (Legacy)
2021-02-07 19:00:00,2021,2,20,18741,52.02,HOEP (Legacy)
2021-02-07 20:00:00,2021,2,21,18224,30.23,HOEP (Legacy)
2021-02-07 21:00:00,2021,2,22,17672,17.6,HOEP (Legacy)
2021-02-07 22:00:00,2021,2,23,16954,10.74,HOEP (Legacy)
2021-02-07 23:00:00,2021,2,24,16139,7.72,HOEP (Legacy)
2021-02-08 00:00:00,2021,2,1,15632,13.32,HOEP (Legacy)
2021-02-08 01:00:00,2021,2,2,15345,14.52,HOEP (Legacy)
2021-02-08 02:00:00,2021,2,3,15265,13.35,HOEP (Legacy)
2021-02-08 03:00:00,2021,2,4,15313,19.7,HOEP (Legacy)
2021-02-08 04:00:00,2021,2,5,15536,30.5,HOEP (Legacy)
2021-02-08 05:00:00,2021,2,6,16198,33.77,HOEP (Legacy)
2021-02-08 06:00:00,2021,2,7,17369,35.15,HOEP (Legacy)
2021-02-08 07:00:00,2021,2,8,18755,137.34,HOEP (Legacy)
2021-02-08 08:00:00,2021,2,9,19209,81.37,HOEP (Legacy)
2021-02-08 09:00:00,2021,2,10,19249,78.4,HOEP (Legacy)
2021-02-08 10:00:00,2021,2,11,18744,34.48,HOEP (Legacy)
2021-02-08 11:00:00,2021,2,12,18304,34.24,HOEP (Legacy)
2021-02-08 12:00:00,2021,2,13,18008,34.15,HOEP (Legacy)
2021-02-08 13:00:00,2021,2,14,17663,34.15,HOEP (Legacy)
2021-02-08 14:00:00,2021,2,15,17629,34.34,HOEP (Legacy)
2021-02-08 15:00:00,2021,2,16,17998,33.05,HOEP (Legacy)
2021-02-08 16:00:00,2021,2,17,18936,45.65,HOEP (Legacy)
2021-02-08 17:00:00,2021,2,18,19971,98.45,HOEP (Legacy)
2021-02-08 18:00:00,2021,2,19,20318,76.46,HOEP (Legacy)
2021-02-08 19:00:00,2021,2,20,19638,54.81,HOEP (Legacy)
2021-02-08 20:00:00,2021,2,21,19079,37.77,HOEP (Legacy)
2021-02-08 21:00:00,2021,2,22,18354,34.64,HOEP (Legacy)
2021-02-08 22:00:00,2021,2,23,17464,34.25,HOEP (Legacy)
2021-02-08 23:00:00,2021,2,24,16556,34.25,HOEP (Legacy)
2021-02-09 00:00:00,2021,2,1,16112,33.97,HOEP (Legacy)
2021-02-09 01:00:00,2021,2,2,15761,33.88,HOEP (Legacy)
2021-02-09 02:00:00,2021,2,3,15545,32.34,HOEP (Legacy)
2021-02-09 03:00:00,2021,2,4,15484,32.26,HOEP (Legacy)
2021-02-09 04:00:00,2021,2,5,15562,31.09,HOEP (Legacy)
2021-02-09 05:00:00,2021,2,6,16129,32.78,HOEP (Legacy)
2021-02-09 06:00:00,2021,2,7,17219,33.19,HOEP (Legacy)
2021-02-09 07:00:00,2021,2,8,18356,37.38,HOEP (Legacy)
2021-02-09 08:00:00,2021,2,9,18947,36.62,HOEP (Legacy)
2021-02-09 09:00:00,2021,2,10,18893,35.52,HOEP (Legacy)
2021-02-09 10:00:00,2021,2,11,18534,34.41,HOEP (Legacy)
2021-02-09 11:00:00,2021,2,12,18142,35.49,HOEP (Legacy)
2021-02-09 12:00:00,2021,2,13,17657,33.05,HOEP (Legacy)
2021-02-09 13:00:00,2021,2,14,17447,33.11,HOEP (Legacy)
2021-02-09 14:00:00,2021,2,15,17496,33.02,HOEP (Legacy)
2021-02-09 15:00:00,2021,2,16,17627,32.91,HOEP (Legacy)
2021-02-09 16:00:00,2021,2,17,18433,35.56,HOEP (Legacy)
2021-02-09 17:00:00,2021,2,18,19714,45.39,HOEP (Legacy)
2021-02-09 18:00:00,2021,2,19,19902,48.02,HOEP (Legacy)
2021-02-09 19:00:00,2021,2,20,19343,36.84,HOEP (Legacy)
2021-02-09 20:00:00,2021,2,21,18871,32.71,HOEP (Legacy)
2021-02-09 21:00:00,2021,2,22,17915,32.13,HOEP (Legacy)
2021-02-09 22:00:00,2021,2,23,16946,31.58,HOEP (Legacy)
2021-02-09 23:00:00,2021,2,24,16186,26.25,HOEP (Legacy)
2021-02-10 00:00:00,2021,2,1,15683,26.9,HOEP (Legacy)
2021-02-10 01:00:00,2021,2,2,15395,25.45,HOEP (Legacy)
2021-02-10 02:00:00,2021,2,3,15212,20.47,HOEP (Legacy)
2021-02-10 03:00:00,2021,2,4,15172,23.14,HOEP (Legacy)
2021-02-10 04:00:00,2021,2,5,15403,24.94,HOEP (Legacy)
2021-02-10 05:00:00,2021,2,6,16035,28.39,HOEP (Legacy)
2021-02-10 06:00:00,2021,2,7,17225,28.39,HOEP (Legacy)
2021-02-10 07:00:00,2021,2,8,18362,30.56,HOEP (Legacy)
2021-02-10 08:00:00,2021,2,9,18639,32.25,HOEP (Legacy)
2021-02-10 09:00:00,2021,2,10,18323,32.19,HOEP (Legacy)
2021-02-10 10:00:00,2021,2,11,17982,33.13,HOEP (Legacy)
2021-02-10 11:00:00,2021,2,12,17888,32.27,HOEP (Legacy)
2021-02-10 12:00:00,2021,2,13,17653,32.17,HOEP (Legacy)
2021-02-10 13:00:00,2021,2,14,17607,28.82,HOEP (Legacy)
2021-02-10 14:00:00,2021,2,15,17610,28.59,HOEP (Legacy)
2021-02-10 15:00:00,2021,2,16,18061,28.38,HOEP (Legacy)
2021-02-10 16:00:00,2021,2,17,18918,31.66,HOEP (Legacy)
2021-02-10 17:00:00,2021,2,18,19895,36.3,HOEP (Legacy)
2021-02-10 18:00:00,2021,2,19,20185,36.85,HOEP (Legacy)
2021-02-10 19:00:00,2021,2,20,19707,32.83,HOEP (Legacy)
2021-02-10 20:00:00,2021,2,21,19151,33.73,HOEP (Legacy)
2021-02-10 21:00:00,2021,2,22,18392,36.18,HOEP (Legacy)
2021-02-10 22:00:00,2021,2,23,17386,32.42,HOEP (Legacy)
2021-02-10 23:00:00,2021,2,24,16516,29.73,HOEP (Legacy)
2021-02-11 00:00:00,2021,2,1,15971,31.74,HOEP (Legacy)
2021-02-11 01:00:00,2021,2,2,15539,26.94,HOEP (Legacy)
2021-02-11 02:00:00,2021,2,3,15366,23.95,HOEP (Legacy)
2021-02-11 03:00:00,2021,2,4,15252,21.75,HOEP (Legacy)
2021-02-11 04:00:00,2021,2,5,15392,12.9,HOEP (Legacy)
2021-02-11 05:00:00,2021,2,6,16060,25.17,HOEP (Legacy)
2021-02-11 06:00:00,2021,2,7,17166,31.54,HOEP (Legacy)
2021-02-11 07:00:00,2021,2,8,18365,36.41,HOEP (Legacy)
2021-02-11 08:00:00,2021,2,9,18626,36.11,HOEP (Legacy)
2021-02-11 09:00:00,2021,2,10,18216,34.76,HOEP (Legacy)
2021-02-11 10:00:00,2021,2,11,17692,36.17,HOEP (Legacy)
2021-02-11 11:00:00,2021,2,12,17366,36.75,HOEP (Legacy)
2021-02-11 12:00:00,2021,2,13,17121,34.25,HOEP (Legacy)
2021-02-11 13:00:00,2021,2,14,16982,35.19,HOEP (Legacy)
2021-02-11 14:00:00,2021,2,15,16926,32.9,HOEP (Legacy)
2021-02-11 15:00:00,2021,2,16,17236,34.21,HOEP (Legacy)
2021-02-11 16:00:00,2021,2,17,18295,34.8,HOEP (Legacy)
2021-02-11 17:00:00,2021,2,18,19553,39.11,HOEP (Legacy)
2021-02-11 18:00:00,2021,2,19,19984,38.06,HOEP (Legacy)
2021-02-11 19:00:00,2021,2,20,19658,36.03,HOEP (Legacy)
2021-02-11 20:00:00,2021,2,21,19133,35.6,HOEP (Legacy)
2021-02-11 21:00:00,2021,2,22,18384,35.29,HOEP (Legacy)
2021-02-11 22:00:00,2021,2,23,17670,33.03,HOEP (Legacy)
2021-02-11 23:00:00,2021,2,24,16730,23.1,HOEP (Legacy)
2021-02-12 00:00:00,2021,2,1,16006,16.07,HOEP (Legacy)
2021-02-12 01:00:00,2021,2,2,15590,13.32,HOEP (Legacy)
2021-02-12 02:00:00,2021,2,3,15516,13.31,HOEP (Legacy)
2021-02-12 03:00:00,2021,2,4,15454,13.35,HOEP (Legacy)
2021-02-12 04:00:00,2021,2,5,15796,25.68,HOEP (Legacy)
2021-02-12 05:00:00,2021,2,6,16587,37.88,HOEP (Legacy)
2021-02-12 06:00:00,2021,2,7,17671,47.62,HOEP (Legacy)
2021-02-12 07:00:00,2021,2,8,18781,53.28,HOEP (Legacy)
2021-02-12 08:00:00,2021,2,9,19244,53.38,HOEP (Legacy)
2021-02-12 09:00:00,2021,2,10,19420,53.32,HOEP (Legacy)
2021-02-12 10:00:00,2021,2,11,19272,53.07,HOEP (Legacy)
2021-02-12 11:00:00,2021,2,12,19005,51.8,HOEP (Legacy)
2021-02-12 12:00:00,2021,2,13,18716,48.72,HOEP (Legacy)
2021-02-12 13:00:00,2021,2,14,18152,48.61,HOEP (Legacy)
2021-02-12 14:00:00,2021,2,15,17838,49.92,HOEP (Legacy)
2021-02-12 15:00:00,2021,2,16,18027,52.27,HOEP (Legacy)
2021-02-12 16:00:00,2021,2,17,18922,63.85,HOEP (Legacy)
2021-02-12 17:00:00,2021,2,18,19914,266.36,HOEP (Legacy)
2021-02-12 18:00:00,2021,2,19,20212,73.21,HOEP (Legacy)
2021-02-12 19:00:00,2021,2,20,19770,58.79,HOEP (Legacy)
2021-02-12 20:00:00,2021,2,21,19285,52.72,HOEP (Legacy)
2021-02-12 21:00:00,2021,2,22,18491,53.3,HOEP (Legacy)
2021-02-12 22:00:00,2021,2,23,17619,47.86,HOEP (Legacy)
2021-02-12 23:00:00,2021,2,24,16742,46.73,HOEP (Legacy)
2021-02-13 00:00:00,2021,2,1,16168,46.02,HOEP (Legacy)
2021-02-13 01:00:00,2021,2,2,15794,54.74,HOEP (Legacy)
2021-02-13 02:00:00,2021,2,3,15655,55.19,HOEP (Legacy)
2021-02-13 03:00:00,2021,2,4,15485,42.14,HOEP (Legacy)
2021-02-13 04:00:00,2021,2,5,15656,49.68,HOEP (Legacy)
2021-02-13 05:00:00,2021,2,6,15867,57.34,HOEP (Legacy)
2021-02-13 06:00:00,2021,2,7,16403,56.72,HOEP (Legacy)
2021-02-13 07:00:00,2021,2,8,17003,56.26,HOEP (Legacy)
2021-02-13 08:00:00,2021,2,9,17355,57.67,HOEP (Legacy)
2021-02-13 09:00:00,2021,2,10,17702,60.27,HOEP (Legacy)
2021-02-13 10:00:00,2021,2,11,17988,57.76,HOEP (Legacy)
2021-02-13 11:00:00,2021,2,12,17775,55.83,HOEP (Legacy)
2021-02-13 12:00:00,2021,2,13,17624,56.41,HOEP (Legacy)
2021-02-13 13:00:00,2021,2,14,17650,52.1,HOEP (Legacy)
2021-02-13 14:00:00,2021,2,15,17771,52.39,HOEP (Legacy)
2021-02-13 15:00:00,2021,2,16,18139,55.05,HOEP (Legacy)
2021-02-13 16:00:00,2021,2,17,18807,63.33,HOEP (Legacy)
2021-02-13 17:00:00,2021,2,18,19630,59.95,HOEP (Legacy)
2021-02-13 18:00:00,2021,2,19,19775,61.66,HOEP (Legacy)
2021-02-13 19:00:00,2021,2,20,19342,56.68,HOEP (Legacy)
2021-02-13 20:00:00,2021,2,21,18472,56.65,HOEP (Legacy)
2021-02-13 21:00:00,2021,2,22,17968,60.49,HOEP (Legacy)
2021-02-13 22:00:00,2021,2,23,17435,68.65,HOEP (Legacy)
2021-02-13 23:00:00,2021,2,24,16559,58.16,HOEP (Legacy)
2021-02-14 00:00:00,2021,2,1,16020,56.26,HOEP (Legacy)
2021-02-14 01:00:00,2021,2,2,15648,53.93,HOEP (Legacy)
2021-02-14 02:00:00,2021,2,3,15413,52.94,HOEP (Legacy)
2021-02-14 03:00:00,2021,2,4,15428,52.87,HOEP (Legacy)
2021-02-14 04:00:00,2021,2,5,15408,52.88,HOEP (Legacy)
2021-02-14 05:00:00,2021,2,6,15459,53.38,HOEP (Legacy)
2021-02-14 06:00:00,2021,2,7,15904,58.45,HOEP (Legacy)
2021-02-14 07:00:00,2021,2,8,16477,60.71,HOEP (Legacy)
2021-02-14 08:00:00,2021,2,9,16704,63.49,HOEP (Legacy)
2021-02-14 09:00:00,2021,2,10,16700,55.34,HOEP (Legacy)
2021-02-14 10:00:00,2021,2,11,16558,55.59,HOEP (Legacy)
2021-02-14 11:00:00,2021,2,12,16300,51.47,HOEP (Legacy)
2021-02-14 12:00:00,2021,2,13,15904,45.14,HOEP (Legacy)
2021-02-14 13:00:00,2021,2,14,15452,43.68,HOEP (Legacy)
2021-02-14 14:00:00,2021,2,15,15425,51.02,HOEP (Legacy)
2021-02-14 15:00:00,2021,2,16,15797,53.19,HOEP (Legacy)
2021-02-14 16:00:00,2021,2,17,16738,55.25,HOEP (Legacy)
2021-02-14 17:00:00,2021,2,18,18183,56.56,HOEP (Legacy)
2021-02-14 18:00:00,2021,2,19,18808,60.03,HOEP (Legacy)
2021-02-14 19:00:00,2021,2,20,18416,58.39,HOEP (Legacy)
2021-02-14 20:00:00,2021,2,21,17737,56.26,HOEP (Legacy)
2021-02-14 21:00:00,2021,2,22,17218,56.13,HOEP (Legacy)
2021-02-14 22:00:00,2021,2,23,16557,55.07,HOEP (Legacy)
2021-02-14 23:00:00,2021,2,24,15789,57.38,HOEP (Legacy)
2021-02-15 00:00:00,2021,2,1,15309,53.53,HOEP (Legacy)
2021-02-15 01:00:00,2021,2,2,14880,53.45,HOEP (Legacy)
2021-02-15 02:00:00,2021,2,3,14654,54.39,HOEP (Legacy)
2021-02-15 03:00:00,2021,2,4,14623,53.43,HOEP (Legacy)
2021-02-15 04:00:00,2021,2,5,14552,52.23,HOEP (Legacy)
2021-02-15 05:00:00,2021,2,6,14812,45.25,HOEP (Legacy)
2021-02-15 06:00:00,2021,2,7,15367,55.25,HOEP (Legacy)
2021-02-15 07:00:00,2021,2,8,15722,55.13,HOEP (Legacy)
2021-02-15 08:00:00,2021,2,9,16271,55.3,HOEP (Legacy)
2021-02-15 09:00:00,2021,2,10,16675,55.31,HOEP (Legacy)
2021-02-15 10:00:00,2021,2,11,16943,56.17,HOEP (Legacy)
2021-02-15 11:00:00,2021,2,12,17056,56.02,HOEP (Legacy)
2021-02-15 12:00:00,2021,2,13,16780,55.37,HOEP (Legacy)
2021-02-15 13:00:00,2021,2,14,16096,55.25,HOEP (Legacy)
2021-02-15 14:00:00,2021,2,15,16128,53.68,HOEP (Legacy)
2021-02-15 15:00:00,2021,2,16,16471,54.17,HOEP (Legacy)
2021-02-15 16:00:00,2021,2,17,17309,55.08,HOEP (Legacy)
2021-02-15 17:00:00,2021,2,18,18414,56.26,HOEP (Legacy)
2021-02-15 18:00:00,2021,2,19,18719,55.95,HOEP (Legacy)
2021-02-15 19:00:00,2021,2,20,18333,51.44,HOEP (Legacy)
2021-02-15 20:00:00,2021,2,21,18032,52.23,HOEP (Legacy)
2021-02-15 21:00:00,2021,2,22,17427,44.49,HOEP (Legacy)
2021-02-15 22:00:00,2021,2,23,16550,20.97,HOEP (Legacy)
2021-02-15 23:00:00,2021,2,24,15819,7.44,HOEP (Legacy)
2021-02-16 00:00:00,2021,2,1,15420,11.84,HOEP (Legacy)
2021-02-16 01:00:00,2021,2,2,15044,4.75,HOEP (Legacy)
2021-02-16 02:00:00,2021,2,3,14899,0.0,HOEP (Legacy)
2021-02-16 03:00:00,2021,2,4,14852,0.0,HOEP (Legacy)
2021-02-16 04:00:00,2021,2,5,15016,0.0,HOEP (Legacy)
2021-02-16 05:00:00,2021,2,6,15631,2.38,HOEP (Legacy)
2021-02-16 06:00:00,2021,2,7,16604,4.19,HOEP (Legacy)
2021-02-16 07:00:00,2021,2,8,17550,30.55,HOEP (Legacy)
2021-02-16 08:00:00,2021,2,9,18571,29.82,HOEP (Legacy)
2021-02-16 09:00:00,2021,2,10,18860,42.9,HOEP (Legacy)
2021-02-16 10:00:00,2021,2,11,18980,47.83,HOEP (Legacy)
2021-02-16 11:00:00,2021,2,12,19036,55.94,HOEP (Legacy)
2021-02-16 12:00:00,2021,2,13,19228,57.41,HOEP (Legacy)
2021-02-16 13:00:00,2021,2,14,18832,57.2,HOEP (Legacy)
2021-02-16 14:00:00,2021,2,15,18404,53.65,HOEP (Legacy)
2021-02-16 15:00:00,2021,2,16,18474,53.67,HOEP (Legacy)
2021-02-16 16:00:00,2021,2,17,18620,55.15,HOEP (Legacy)
2021-02-16 17:00:00,2021,2,18,19509,55.39,HOEP (Legacy)
2021-02-16 18:00:00,2021,2,19,19947,56.86,HOEP (Legacy)
2021-02-16 19:00:00,2021,2,20,19976,56.33,HOEP (Legacy)
2021-02-16 20:00:00,2021,2,21,19146,56.79,HOEP (Legacy)
2021-02-16 21:00:00,2021,2,22,18432,55.19,HOEP (Legacy)
2021-02-16 22:00:00,2021,2,23,17554,52.43,HOEP (Legacy)
2021-02-16 23:00:00,2021,2,24,16552,45.32,HOEP (Legacy)
2021-02-17 00:00:00,2021,2,1,16336,50.65,HOEP (Legacy)
2021-02-17 01:00:00,2021,2,2,16076,52.43,HOEP (Legacy)
2021-02-17 02:00:00,2021,2,3,15966,49.85,HOEP (Legacy)
2021-02-17 03:00:00,2021,2,4,15909,47.27,HOEP (Legacy)
2021-02-17 04:00:00,2021,2,5,15813,80.85,HOEP (Legacy)
2021-02-17 05:00:00,2021,2,6,16336,84.66,HOEP (Legacy)
2021-02-17 06:00:00,2021,2,7,17464,85.53,HOEP (Legacy)
2021-02-17 07:00:00,2021,2,8,18637,99.41,HOEP (Legacy)
2021-02-17 08:00:00,2021,2,9,19065,119.07,HOEP (Legacy)
2021-02-17 09:00:00,2021,2,10,18762,85.02,HOEP (Legacy)
2021-02-17 10:00:00,2021,2,11,18307,86.39,HOEP (Legacy)
2021-02-17 11:00:00,2021,2,12,17924,85.37,HOEP (Legacy)
2021-02-17 12:00:00,2021,2,13,17851,85.03,HOEP (Legacy)
2021-02-17 13:00:00,2021,2,14,17532,84.81,HOEP (Legacy)
2021-02-17 14:00:00,2021,2,15,17820,82.49,HOEP (Legacy)
2021-02-17 15:00:00,2021,2,16,18268,82.2,HOEP (Legacy)
2021-02-17 16:00:00,2021,2,17,18816,84.51,HOEP (Legacy)
2021-02-17 17:00:00,2021,2,18,19527,110.11,HOEP (Legacy)
2021-02-17 18:00:00,2021,2,19,19934,112.44,HOEP (Legacy)
2021-02-17 19:00:00,2021,2,20,19604,105.73,HOEP (Legacy)
2021-02-17 20:00:00,2021,2,21,18963,101.64,HOEP (Legacy)
2021-02-17 21:00:00,2021,2,22,18229,88.58,HOEP (Legacy)
2021-02-17 22:00:00,2021,2,23,17347,85.05,HOEP (Legacy)
2021-02-17 23:00:00,2021,2,24,16290,78.12,HOEP (Legacy)
2021-02-18 00:00:00,2021,2,1,15686,52.72,HOEP (Legacy)
2021-02-18 01:00:00,2021,2,2,15374,48.07,HOEP (Legacy)
2021-02-18 02:00:00,2021,2,3,15191,46.01,HOEP (Legacy)
2021-02-18 03:00:00,2021,2,4,15116,45.3,HOEP (Legacy)
2021-02-18 04:00:00,2021,2,5,15339,44.01,HOEP (Legacy)
2021-02-18 05:00:00,2021,2,6,15799,46.12,HOEP (Legacy)
2021-02-18 06:00:00,2021,2,7,16895,53.01,HOEP (Legacy)
2021-02-18 07:00:00,2021,2,8,18026,57.65,HOEP (Legacy)
2021-02-18 08:00:00,2021,2,9,18527,54.33,HOEP (Legacy)
2021-02-18 09:00:00,2021,2,10,18680,53.94,HOEP (Legacy)
2021-02-18 10:00:00,2021,2,11,18640,53.43,HOEP (Legacy)
2021-02-18 11:00:00,2021,2,12,18376,57.19,HOEP (Legacy)
2021-02-18 12:00:00,2021,2,13,18274,60.94,HOEP (Legacy)
2021-02-18 13:00:00,2021,2,14,18137,53.03,HOEP (Legacy)
2021-02-18 14:00:00,2021,2,15,17978,52.63,HOEP (Legacy)
2021-02-18 15:00:00,2021,2,16,18200,52.79,HOEP (Legacy)
2021-02-18 16:00:00,2021,2,17,18802,53.59,HOEP (Legacy)
2021-02-18 17:00:00,2021,2,18,19379,59.98,HOEP (Legacy)
2021-02-18 18:00:00,2021,2,19,19717,56.7,HOEP (Legacy)
2021-02-18 19:00:00,2021,2,20,19517,53.22,HOEP (Legacy)
2021-02-18 20:00:00,2021,2,21,18930,54.71,HOEP (Legacy)
2021-02-18 21:00:00,2021,2,22,18167,53.83,HOEP (Legacy)
2021-02-18 22:00:00,2021,2,23,17183,57.22,HOEP (Legacy)
2021-02-18 23:00:00,2021,2,24,16188,51.39,HOEP (Legacy)
2021-02-19 00:00:00,2021,2,1,15604,51.19,HOEP (Legacy)
2021-02-19 01:00:00,2021,2,2,15262,48.64,HOEP (Legacy)
2021-02-19 02:00:00,2021,2,3,15254,49.96,HOEP (Legacy)
2021-02-19 03:00:00,2021,2,4,15292,49.12,HOEP (Legacy)
2021-02-19 04:00:00,2021,2,5,15485,48.82,HOEP (Legacy)
2021-02-19 05:00:00,2021,2,6,15749,51.26,HOEP (Legacy)
2021-02-19 06:00:00,2021,2,7,16893,52.08,HOEP (Legacy)
2021-02-19 07:00:00,2021,2,8,17925,72.45,HOEP (Legacy)
2021-02-19 08:00:00,2021,2,9,18502,90.75,HOEP (Legacy)
2021-02-19 09:00:00,2021,2,10,18641,117.71,HOEP (Legacy)
2021-02-19 10:00:00,2021,2,11,18446,58.28,HOEP (Legacy)
2021-02-19 11:00:00,2021,2,12,18106,58.21,HOEP (Legacy)
2021-02-19 12:00:00,2021,2,13,17804,56.52,HOEP (Legacy)
2021-02-19 13:00:00,2021,2,14,17632,51.31,HOEP (Legacy)
2021-02-19 14:00:00,2021,2,15,17627,62.99,HOEP (Legacy)
2021-02-19 15:00:00,2021,2,16,17736,49.44,HOEP (Legacy)
2021-02-19 16:00:00,2021,2,17,18197,51.1,HOEP (Legacy)
2021-02-19 17:00:00,2021,2,18,18774,51.5,HOEP (Legacy)
2021-02-19 18:00:00,2021,2,19,18971,54.23,HOEP (Legacy)
2021-02-19 19:00:00,2021,2,20,18647,51.35,HOEP (Legacy)
2021-02-19 20:00:00,2021,2,21,18200,50.93,HOEP (Legacy)
2021-02-19 21:00:00,2021,2,22,17620,66.98,HOEP (Legacy)
2021-02-19 22:00:00,2021,2,23,16944,49.26,HOEP (Legacy)
2021-02-19 23:00:00,2021,2,24,15944,44.37,HOEP (Legacy)
2021-02-20 00:00:00,2021,2,1,15295,46.54,HOEP (Legacy)
2021-02-20 01:00:00,2021,2,2,15003,29.97,HOEP (Legacy)
2021-02-20 02:00:00,2021,2,3,14782,30.78,HOEP (Legacy)
2021-02-20 03:00:00,2021,2,4,14557,34.94,HOEP (Legacy)
2021-02-20 04:00:00,2021,2,5,14621,38.14,HOEP (Legacy)
2021-02-20 05:00:00,2021,2,6,14953,28.98,HOEP (Legacy)
2021-02-20 06:00:00,2021,2,7,15443,39.38,HOEP (Legacy)
2021-02-20 07:00:00,2021,2,8,16127,40.32,HOEP (Legacy)
2021-02-20 08:00:00,2021,2,9,16729,40.69,HOEP (Legacy)
2021-02-20 09:00:00,2021,2,10,16900,40.62,HOEP (Legacy)
2021-02-20 10:00:00,2021,2,11,16621,40.56,HOEP (Legacy)
2021-02-20 11:00:00,2021,2,12,16188,40.5,HOEP (Legacy)
2021-02-20 12:00:00,2021,2,13,15891,38.74,HOEP (Legacy)
2021-02-20 13:00:00,2021,2,14,15781,38.59,HOEP (Legacy)
2021-02-20 14:00:00,2021,2,15,15677,30.47,HOEP (Legacy)
2021-02-20 15:00:00,2021,2,16,15925,31.55,HOEP (Legacy)
2021-02-20 16:00:00,2021,2,17,16604,31.48,HOEP (Legacy)
2021-02-20 17:00:00,2021,2,18,17580,35.1,HOEP (Legacy)
2021-02-20 18:00:00,2021,2,19,18221,44.12,HOEP (Legacy)
2021-02-20 19:00:00,2021,2,20,17922,36.63,HOEP (Legacy)
2021-02-20 20:00:00,2021,2,21,17425,32.33,HOEP (Legacy)
2021-02-20 21:00:00,2021,2,22,16895,29.07,HOEP (Legacy)
2021-02-20 22:00:00,2021,2,23,16127,30.15,HOEP (Legacy)
2021-02-20 23:00:00,2021,2,24,15344,30.91,HOEP (Legacy)
2021-02-21 00:00:00,2021,2,1,15116,30.05,HOEP (Legacy)
2021-02-21 01:00:00,2021,2,2,14745,24.59,HOEP (Legacy)
2021-02-21 02:00:00,2021,2,3,14327,21.93,HOEP (Legacy)
2021-02-21 03:00:00,2021,2,4,14306,34.9,HOEP (Legacy)
2021-02-21 04:00:00,2021,2,5,14554,13.37,HOEP (Legacy)
2021-02-21 05:00:00,2021,2,6,14648,20.18,HOEP (Legacy)
2021-02-21 06:00:00,2021,2,7,15081,31.44,HOEP (Legacy)
2021-02-21 07:00:00,2021,2,8,15568,35.05,HOEP (Legacy)
2021-02-21 08:00:00,2021,2,9,16005,36.24,HOEP (Legacy)
2021-02-21 09:00:00,2021,2,10,15801,13.36,HOEP (Legacy)
2021-02-21 10:00:00,2021,2,11,15553,14.96,HOEP (Legacy)
2021-02-21 11:00:00,2021,2,12,15362,13.34,HOEP (Legacy)
2021-02-21 12:00:00,2021,2,13,15199,20.21,HOEP (Legacy)
2021-02-21 13:00:00,2021,2,14,14907,21.17,HOEP (Legacy)
2021-02-21 14:00:00,2021,2,15,14853,25.83,HOEP (Legacy)
2021-02-21 15:00:00,2021,2,16,15445,27.16,HOEP (Legacy)
2021-02-21 16:00:00,2021,2,17,16571,28.07,HOEP (Legacy)
2021-02-21 17:00:00,2021,2,18,17699,36.56,HOEP (Legacy)
2021-02-21 18:00:00,2021,2,19,18256,30.48,HOEP (Legacy)
2021-02-21 19:00:00,2021,2,20,17894,29.1,HOEP (Legacy)
2021-02-21 20:00:00,2021,2,21,17367,34.68,HOEP (Legacy)
2021-02-21 21:00:00,2021,2,22,16770,12.13,HOEP (Legacy)
2021-02-21 22:00:00,2021,2,23,15960,13.19,HOEP (Legacy)
2021-02-21 23:00:00,2021,2,24,15024,1.02,HOEP (Legacy)
2021-02-22 00:00:00,2021,2,1,14545,0.0,HOEP (Legacy)
2021-02-22 01:00:00,2021,2,2,14019,5.74,HOEP (Legacy)
2021-02-22 02:00:00,2021,2,3,13869,9.13,HOEP (Legacy)
2021-02-22 03:00:00,2021,2,4,13818,0.44,HOEP (Legacy)
2021-02-22 04:00:00,2021,2,5,13943,0.0,HOEP (Legacy)
2021-02-22 05:00:00,2021,2,6,14518,8.47,HOEP (Legacy)
2021-02-22 06:00:00,2021,2,7,15754,12.41,HOEP (Legacy)
2021-02-22 07:00:00,2021,2,8,16878,21.83,HOEP (Legacy)
2021-02-22 08:00:00,2021,2,9,17465,29.98,HOEP (Legacy)
2021-02-22 09:00:00,2021,2,10,17719,33.76,HOEP (Legacy)
2021-02-22 10:00:00,2021,2,11,17941,36.16,HOEP (Legacy)
2021-02-22 11:00:00,2021,2,12,18073,40.06,HOEP (Legacy)
2021-02-22 12:00:00,2021,2,13,17996,41.03,HOEP (Legacy)
2021-02-22 13:00:00,2021,2,14,17684,34.38,HOEP (Legacy)
2021-02-22 14:00:00,2021,2,15,17443,34.31,HOEP (Legacy)
2021-02-22 15:00:00,2021,2,16,17466,33.23,HOEP (Legacy)
2021-02-22 16:00:00,2021,2,17,17991,34.59,HOEP (Legacy)
2021-02-22 17:00:00,2021,2,18,18633,44.25,HOEP (Legacy)
2021-02-22 18:00:00,2021,2,19,18762,39.22,HOEP (Legacy)
2021-02-22 19:00:00,2021,2,20,18240,13.29,HOEP (Legacy)
2021-02-22 20:00:00,2021,2,21,17613,15.79,HOEP (Legacy)
2021-02-22 21:00:00,2021,2,22,16757,9.62,HOEP (Legacy)
2021-02-22 22:00:00,2021,2,23,15832,7.02,HOEP (Legacy)
2021-02-22 23:00:00,2021,2,24,14956,5.92,HOEP (Legacy)
2021-02-23 00:00:00,2021,2,1,14338,3.19,HOEP (Legacy)
2021-02-23 01:00:00,2021,2,2,13997,4.17,HOEP (Legacy)
2021-02-23 02:00:00,2021,2,3,13800,0.0,HOEP (Legacy)
2021-02-23 03:00:00,2021,2,4,13744,3.45,HOEP (Legacy)
2021-02-23 04:00:00,2021,2,5,13897,4.63,HOEP (Legacy)
2021-02-23 05:00:00,2021,2,6,14422,1.04,HOEP (Legacy)
2021-02-23 06:00:00,2021,2,7,15595,5.1,HOEP (Legacy)
2021-02-23 07:00:00,2021,2,8,16729,20.1,HOEP (Legacy)
2021-02-23 08:00:00,2021,2,9,17392,25.69,HOEP (Legacy)
2021-02-23 09:00:00,2021,2,10,17425,22.26,HOEP (Legacy)
2021-02-23 10:00:00,2021,2,11,17151,14.98,HOEP (Legacy)
2021-02-23 11:00:00,2021,2,12,17095,14.35,HOEP (Legacy)
2021-02-23 12:00:00,2021,2,13,17048,25.12,HOEP (Legacy)
2021-02-23 13:00:00,2021,2,14,16714,22.58,HOEP (Legacy)
2021-02-23 14:00:00,2021,2,15,16575,14.37,HOEP (Legacy)
2021-02-23 15:00:00,2021,2,16,16671,13.71,HOEP (Legacy)
2021-02-23 16:00:00,2021,2,17,17020,22.05,HOEP (Legacy)
2021-02-23 17:00:00,2021,2,18,17786,24.77,HOEP (Legacy)
2021-02-23 18:00:00,2021,2,19,18068,25.94,HOEP (Legacy)
2021-02-23 19:00:00,2021,2,20,17945,23.45,HOEP (Legacy)
2021-02-23 20:00:00,2021,2,21,17361,15.42,HOEP (Legacy)
2021-02-23 21:00:00,2021,2,22,16592,18.54,HOEP (Legacy)
2021-02-23 22:00:00,2021,2,23,15797,14.37,HOEP (Legacy)
2021-02-23 23:00:00,2021,2,24,14794,24.64,HOEP (Legacy)
2021-02-24 00:00:00,2021,2,1,14307,24.43,HOEP (Legacy)
2021-02-24 01:00:00,2021,2,2,13970,25.8,HOEP (Legacy)
2021-02-24 02:00:00,2021,2,3,13778,24.88,HOEP (Legacy)
2021-02-24 03:00:00,2021,2,4,13734,14.37,HOEP (Legacy)
2021-02-24 04:00:00,2021,2,5,13861,22.56,HOEP (Legacy)
2021-02-24 05:00:00,2021,2,6,14290,13.63,HOEP (Legacy)
2021-02-24 06:00:00,2021,2,7,15424,5.43,HOEP (Legacy)
2021-02-24 07:00:00,2021,2,8,16343,0.0,HOEP (Legacy)
2021-02-24 08:00:00,2021,2,9,16587,1.33,HOEP (Legacy)
2021-02-24 09:00:00,2021,2,10,16282,4.43,HOEP (Legacy)
2021-02-24 10:00:00,2021,2,11,16092,0.0,HOEP (Legacy)
2021-02-24 11:00:00,2021,2,12,15986,5.96,HOEP (Legacy)
2021-02-24 12:00:00,2021,2,13,15993,13.65,HOEP (Legacy)
2021-02-24 13:00:00,2021,2,14,15968,14.39,HOEP (Legacy)
2021-02-24 14:00:00,2021,2,15,16000,13.49,HOEP (Legacy)
2021-02-24 15:00:00,2021,2,16,16120,4.41,HOEP (Legacy)
2021-02-24 16:00:00,2021,2,17,16938,1.38,HOEP (Legacy)
2021-02-24 17:00:00,2021,2,18,17750,7.07,HOEP (Legacy)
2021-02-24 18:00:00,2021,2,19,18007,16.41,HOEP (Legacy)
2021-02-24 19:00:00,2021,2,20,17807,17.3,HOEP (Legacy)
2021-02-24 20:00:00,2021,2,21,17347,12.97,HOEP (Legacy)
2021-02-24 21:00:00,2021,2,22,16850,14.37,HOEP (Legacy)
2021-02-24 22:00:00,2021,2,23,16013,24.55,HOEP (Legacy)
2021-02-24 23:00:00,2021,2,24,15058,17.24,HOEP (Legacy)
2021-02-25 00:00:00,2021,2,1,14447,14.36,HOEP (Legacy)
2021-02-25 01:00:00,2021,2,2,14156,9.48,HOEP (Legacy)
2021-02-25 02:00:00,2021,2,3,13982,9.65,HOEP (Legacy)
2021-02-25 03:00:00,2021,2,4,13903,11.83,HOEP (Legacy)
2021-02-25 04:00:00,2021,2,5,13952,9.69,HOEP (Legacy)
2021-02-25 05:00:00,2021,2,6,14683,11.55,HOEP (Legacy)
2021-02-25 06:00:00,2021,2,7,15945,24.74,HOEP (Legacy)
2021-02-25 07:00:00,2021,2,8,17222,44.15,HOEP (Legacy)
2021-02-25 08:00:00,2021,2,9,17478,47.03,HOEP (Legacy)
2021-02-25 09:00:00,2021,2,10,16878,28.12,HOEP (Legacy)
2021-02-25 10:00:00,2021,2,11,16294,27.28,HOEP (Legacy)
2021-02-25 11:00:00,2021,2,12,16043,27.41,HOEP (Legacy)
2021-02-25 12:00:00,2021,2,13,15887,26.61,HOEP (Legacy)
2021-02-25 13:00:00,2021,2,14,15696,27.26,HOEP (Legacy)
2021-02-25 14:00:00,2021,2,15,15675,24.86,HOEP (Legacy)
2021-02-25 15:00:00,2021,2,16,15976,25.02,HOEP (Legacy)
2021-02-25 16:00:00,2021,2,17,16657,24.08,HOEP (Legacy)
2021-02-25 17:00:00,2021,2,18,17850,31.5,HOEP (Legacy)
2021-02-25 18:00:00,2021,2,19,18544,26.97,HOEP (Legacy)
2021-02-25 19:00:00,2021,2,20,18491,49.99,HOEP (Legacy)
2021-02-25 20:00:00,2021,2,21,18038,25.32,HOEP (Legacy)
2021-02-25 21:00:00,2021,2,22,17153,18.53,HOEP (Legacy)
2021-02-25 22:00:00,2021,2,23,16244,15.0,HOEP (Legacy)
2021-02-25 23:00:00,2021,2,24,15302,16.39,HOEP (Legacy)
2021-02-26 00:00:00,2021,2,1,14665,18.04,HOEP (Legacy)
2021-02-26 01:00:00,2021,2,2,14338,18.05,HOEP (Legacy)
2021-02-26 02:00:00,2021,2,3,14308,17.74,HOEP (Legacy)
2021-02-26 03:00:00,2021,2,4,14367,19.27,HOEP (Legacy)
2021-02-26 04:00:00,2021,2,5,14608,17.74,HOEP (Legacy)
2021-02-26 05:00:00,2021,2,6,15134,24.27,HOEP (Legacy)
2021-02-26 06:00:00,2021,2,7,16360,24.71,HOEP (Legacy)
2021-02-26 07:00:00,2021,2,8,17109,25.0,HOEP (Legacy)
2021-02-26 08:00:00,2021,2,9,16822,16.04,HOEP (Legacy)
2021-02-26 09:00:00,2021,2,10,16221,9.45,HOEP (Legacy)
2021-02-26 10:00:00,2021,2,11,16002,14.37,HOEP (Legacy)
2021-02-26 11:00:00,2021,2,12,15873,24.11,HOEP (Legacy)
2021-02-26 12:00:00,2021,2,13,15965,24.3,HOEP (Legacy)
2021-02-26 13:00:00,2021,2,14,15479,14.37,HOEP (Legacy)
2021-02-26 14:00:00,2021,2,15,15284,14.34,HOEP (Legacy)
2021-02-26 15:00:00,2021,2,16,15237,0.97,HOEP (Legacy)
2021-02-26 16:00:00,2021,2,17,15890,4.51,HOEP (Legacy)
2021-02-26 17:00:00,2021,2,18,16923,19.53,HOEP (Legacy)
2021-02-26 18:00:00,2021,2,19,17588,21.61,HOEP (Legacy)
2021-02-26 19:00:00,2021,2,20,17597,23.57,HOEP (Legacy)
2021-02-26 20:00:00,2021,2,21,17246,18.34,HOEP (Legacy)
2021-02-26 21:00:00,2021,2,22,16442,13.07,HOEP (Legacy)
2021-02-26 22:00:00,2021,2,23,15636,7.51,HOEP (Legacy)
2021-02-26 23:00:00,2021,2,24,14683,9.47,HOEP (Legacy)
2021-02-27 00:00:00,2021,2,1,14177,14.37,HOEP (Legacy)
2021-02-27 01:00:00,2021,2,2,13651,13.5,HOEP (Legacy)
2021-02-27 02:00:00,2021,2,3,13272,0.47,HOEP (Legacy)
2021-02-27 03:00:00,2021,2,4,13323,5.85,HOEP (Legacy)
2021-02-27 04:00:00,2021,2,5,13361,5.97,HOEP (Legacy)
2021-02-27 05:00:00,2021,2,6,13649,10.96,HOEP (Legacy)
2021-02-27 06:00:00,2021,2,7,14226,5.87,HOEP (Legacy)
2021-02-27 07:00:00,2021,2,8,14942,6.66,HOEP (Legacy)
2021-02-27 08:00:00,2021,2,9,15618,13.01,HOEP (Legacy)
2021-02-27 09:00:00,2021,2,10,16504,59.54,HOEP (Legacy)
2021-02-27 10:00:00,2021,2,11,16616,199.29,HOEP (Legacy)
2021-02-27 11:00:00,2021,2,12,16385,97.82,HOEP (Legacy)
2021-02-27 12:00:00,2021,2,13,15802,19.72,HOEP (Legacy)
2021-02-27 13:00:00,2021,2,14,15322,12.62,HOEP (Legacy)
2021-02-27 14:00:00,2021,2,15,14849,14.34,HOEP (Legacy)
2021-02-27 15:00:00,2021,2,16,14805,5.85,HOEP (Legacy)
2021-02-27 16:00:00,2021,2,17,15353,17.33,HOEP (Legacy)
2021-02-27 17:00:00,2021,2,18,16451,24.83,HOEP (Legacy)
2021-02-27 18:00:00,2021,2,19,17040,25.65,HOEP (Legacy)
2021-02-27 19:00:00,2021,2,20,16866,25.0,HOEP (Legacy)
2021-02-27 20:00:00,2021,2,21,16426,25.57,HOEP (Legacy)
2021-02-27 21:00:00,2021,2,22,15820,24.5,HOEP (Legacy)
2021-02-27 22:00:00,2021,2,23,15070,13.67,HOEP (Legacy)
2021-02-27 23:00:00,2021,2,24,14346,16.66,HOEP (Legacy)
2021-02-28 00:00:00,2021,2,1,13883,32.2,HOEP (Legacy)
2021-02-28 01:00:00,2021,2,2,13713,35.84,HOEP (Legacy)
2021-02-28 02:00:00,2021,2,3,13412,33.73,HOEP (Legacy)
2021-02-28 03:00:00,2021,2,4,13200,15.58,HOEP (Legacy)
2021-02-28 04:00:00,2021,2,5,13240,6.76,HOEP (Legacy)
2021-02-28 05:00:00,2021,2,6,13374,1.44,HOEP (Legacy)
2021-02-28 06:00:00,2021,2,7,13533,0.0,HOEP (Legacy)
2021-02-28 07:00:00,2021,2,8,13939,0.0,HOEP (Legacy)
2021-02-28 08:00:00,2021,2,9,14580,0.0,HOEP (Legacy)
2021-02-28 09:00:00,2021,2,10,14848,0.0,HOEP (Legacy)
2021-02-28 10:00:00,2021,2,11,15118,14.34,HOEP (Legacy)
2021-02-28 11:00:00,2021,2,12,15487,13.69,HOEP (Legacy)
2021-02-28 12:00:00,2021,2,13,15518,14.36,HOEP (Legacy)
2021-02-28 13:00:00,2021,2,14,15227,14.36,HOEP (Legacy)
2021-02-28 14:00:00,2021,2,15,15202,14.35,HOEP (Legacy)
2021-02-28 15:00:00,2021,2,16,15815,14.37,HOEP (Legacy)
2021-02-28 16:00:00,2021,2,17,16278,16.55,HOEP (Legacy)
2021-02-28 17:00:00,2021,2,18,17056,21.09,HOEP (Legacy)
2021-02-28 18:00:00,2021,2,19,17060,10.86,HOEP (Legacy)
2021-02-28 19:00:00,2021,2,20,16848,6.89,HOEP (Legacy)
2021-02-28 20:00:00,2021,2,21,16097,1.97,HOEP (Legacy)
2021-02-28 21:00:00,2021,2,22,15401,4.83,HOEP (Legacy)
2021-02-28 22:00:00,2021,2,23,14528,1.97,HOEP (Legacy)
2021-02-28 23:00:00,2021,2,24,13564,0.0,HOEP (Legacy)
2021-03-01 00:00:00,2021,3,1,13054,0.0,HOEP (Legacy)
2021-03-01 01:00:00,2021,3,2,12699,0.0,HOEP (Legacy)
2021-03-01 02:00:00,2021,3,3,12620,0.0,HOEP (Legacy)
2021-03-01 03:00:00,2021,3,4,12673,0.0,HOEP (Legacy)
2021-03-01 04:00:00,2021,3,5,13074,0.0,HOEP (Legacy)
2021-03-01 05:00:00,2021,3,6,13756,0.0,HOEP (Legacy)
2021-03-01 06:00:00,2021,3,7,14901,0.5,HOEP (Legacy)
2021-03-01 07:00:00,2021,3,8,16259,10.49,HOEP (Legacy)
2021-03-01 08:00:00,2021,3,9,16926,13.35,HOEP (Legacy)
2021-03-01 09:00:00,2021,3,10,16817,21.89,HOEP (Legacy)
2021-03-01 10:00:00,2021,3,11,16631,13.36,HOEP (Legacy)
2021-03-01 11:00:00,2021,3,12,16656,13.37,HOEP (Legacy)
2021-03-01 12:00:00,2021,3,13,16822,13.35,HOEP (Legacy)
2021-03-01 13:00:00,2021,3,14,16634,13.34,HOEP (Legacy)
2021-03-01 14:00:00,2021,3,15,16424,2.59,HOEP (Legacy)
2021-03-01 15:00:00,2021,3,16,16580,2.68,HOEP (Legacy)
2021-03-01 16:00:00,2021,3,17,17432,13.64,HOEP (Legacy)
2021-03-01 17:00:00,2021,3,18,18648,22.15,HOEP (Legacy)
2021-03-01 18:00:00,2021,3,19,19344,25.68,HOEP (Legacy)
2021-03-01 19:00:00,2021,3,20,19223,23.35,HOEP (Legacy)
2021-03-01 20:00:00,2021,3,21,18744,20.58,HOEP (Legacy)
2021-03-01 21:00:00,2021,3,22,18004,19.83,HOEP (Legacy)
2021-03-01 22:00:00,2021,3,23,17154,16.99,HOEP (Legacy)
2021-03-01 23:00:00,2021,3,24,16231,11.6,HOEP (Legacy)
2021-03-02 00:00:00,2021,3,1,15751,13.05,HOEP (Legacy)
2021-03-02 01:00:00,2021,3,2,15370,14.34,HOEP (Legacy)
2021-03-02 02:00:00,2021,3,3,15258,17.57,HOEP (Legacy)
2021-03-02 03:00:00,2021,3,4,15393,20.5,HOEP (Legacy)
2021-03-02 04:00:00,2021,3,5,15760,28.69,HOEP (Legacy)
2021-03-02 05:00:00,2021,3,6,16498,29.83,HOEP (Legacy)
2021-03-02 06:00:00,2021,3,7,17492,56.84,HOEP (Legacy)
2021-03-02 07:00:00,2021,3,8,18091,40.83,HOEP (Legacy)
2021-03-02 08:00:00,2021,3,9,18200,58.07,HOEP (Legacy)
2021-03-02 09:00:00,2021,3,10,17627,45.93,HOEP (Legacy)
2021-03-02 10:00:00,2021,3,11,17339,33.83,HOEP (Legacy)
2021-03-02 11:00:00,2021,3,12,16839,26.03,HOEP (Legacy)
2021-03-02 12:00:00,2021,3,13,16416,23.18,HOEP (Legacy)
2021-03-02 13:00:00,2021,3,14,15969,15.09,HOEP (Legacy)
2021-03-02 14:00:00,2021,3,15,15901,14.79,HOEP (Legacy)
2021-03-02 15:00:00,2021,3,16,16220,14.96,HOEP (Legacy)
2021-03-02 16:00:00,2021,3,17,17127,16.13,HOEP (Legacy)
2021-03-02 17:00:00,2021,3,18,18303,24.71,HOEP (Legacy)
2021-03-02 18:00:00,2021,3,19,18979,25.31,HOEP (Legacy)
2021-03-02 19:00:00,2021,3,20,18913,25.61,HOEP (Legacy)
2021-03-02 20:00:00,2021,3,21,18281,27.39,HOEP (Legacy)
2021-03-02 21:00:00,2021,3,22,17345,24.63,HOEP (Legacy)
2021-03-02 22:00:00,2021,3,23,16293,14.38,HOEP (Legacy)
2021-03-02 23:00:00,2021,3,24,15158,0.0,HOEP (Legacy)
2021-03-03 00:00:00,2021,3,1,14627,0.0,HOEP (Legacy)
2021-03-03 01:00:00,2021,3,2,14048,0.0,HOEP (Legacy)
2021-03-03 02:00:00,2021,3,3,13872,10.86,HOEP (Legacy)
2021-03-03 03:00:00,2021,3,4,13861,8.99,HOEP (Legacy)
2021-03-03 04:00:00,2021,3,5,14112,10.28,HOEP (Legacy)
2021-03-03 05:00:00,2021,3,6,14853,10.37,HOEP (Legacy)
2021-03-03 06:00:00,2021,3,7,15831,25.05,HOEP (Legacy)
2021-03-03 07:00:00,2021,3,8,16926,25.54,HOEP (Legacy)
2021-03-03 08:00:00,2021,3,9,17106,27.72,HOEP (Legacy)
2021-03-03 09:00:00,2021,3,10,16898,27.54,HOEP (Legacy)
2021-03-03 10:00:00,2021,3,11,16330,25.62,HOEP (Legacy)
2021-03-03 11:00:00,2021,3,12,16053,28.55,HOEP (Legacy)
2021-03-03 12:00:00,2021,3,13,16143,28.28,HOEP (Legacy)
2021-03-03 13:00:00,2021,3,14,16113,27.6,HOEP (Legacy)
2021-03-03 14:00:00,2021,3,15,15903,25.21,HOEP (Legacy)
2021-03-03 15:00:00,2021,3,16,16121,21.34,HOEP (Legacy)
2021-03-03 16:00:00,2021,3,17,16821,19.52,HOEP (Legacy)
2021-03-03 17:00:00,2021,3,18,17893,25.25,HOEP (Legacy)
2021-03-03 18:00:00,2021,3,19,18260,25.95,HOEP (Legacy)
2021-03-03 19:00:00,2021,3,20,18143,27.31,HOEP (Legacy)
2021-03-03 20:00:00,2021,3,21,17649,25.27,HOEP (Legacy)
2021-03-03 21:00:00,2021,3,22,16844,25.25,HOEP (Legacy)
2021-03-03 22:00:00,2021,3,23,15794,19.89,HOEP (Legacy)
2021-03-03 23:00:00,2021,3,24,14888,13.07,HOEP (Legacy)
2021-03-04 00:00:00,2021,3,1,14282,14.36,HOEP (Legacy)
2021-03-04 01:00:00,2021,3,2,13957,13.06,HOEP (Legacy)
2021-03-04 02:00:00,2021,3,3,13862,5.18,HOEP (Legacy)
2021-03-04 03:00:00,2021,3,4,13852,0.0,HOEP (Legacy)
2021-03-04 04:00:00,2021,3,5,14020,0.0,HOEP (Legacy)
2021-03-04 05:00:00,2021,3,6,14574,7.81,HOEP (Legacy)
2021-03-04 06:00:00,2021,3,7,15524,11.31,HOEP (Legacy)
2021-03-04 07:00:00,2021,3,8,16580,10.15,HOEP (Legacy)
2021-03-04 08:00:00,2021,3,9,16674,1.85,HOEP (Legacy)
2021-03-04 09:00:00,2021,3,10,16164,0.0,HOEP (Legacy)
2021-03-04 10:00:00,2021,3,11,15856,0.0,HOEP (Legacy)
2021-03-04 11:00:00,2021,3,12,15729,0.0,HOEP (Legacy)
2021-03-04 12:00:00,2021,3,13,15763,1.4,HOEP (Legacy)
2021-03-04 13:00:00,2021,3,14,15670,0.98,HOEP (Legacy)
2021-03-04 14:00:00,2021,3,15,15551,0.0,HOEP (Legacy)
2021-03-04 15:00:00,2021,3,16,15614,0.0,HOEP (Legacy)
2021-03-04 16:00:00,2021,3,17,16656,7.28,HOEP (Legacy)
2021-03-04 17:00:00,2021,3,18,17809,22.38,HOEP (Legacy)
2021-03-04 18:00:00,2021,3,19,18894,26.25,HOEP (Legacy)
2021-03-04 19:00:00,2021,3,20,18972,24.9,HOEP (Legacy)
2021-03-04 20:00:00,2021,3,21,18488,25.99,HOEP (Legacy)
2021-03-04 21:00:00,2021,3,22,17735,26.16,HOEP (Legacy)
2021-03-04 22:00:00,2021,3,23,16837,28.3,HOEP (Legacy)
2021-03-04 23:00:00,2021,3,24,15783,24.07,HOEP (Legacy)
2021-03-05 00:00:00,2021,3,1,15116,16.01,HOEP (Legacy)
2021-03-05 01:00:00,2021,3,2,14756,18.29,HOEP (Legacy)
2021-03-05 02:00:00,2021,3,3,14745,17.13,HOEP (Legacy)
2021-03-05 03:00:00,2021,3,4,14621,14.33,HOEP (Legacy)
2021-03-05 04:00:00,2021,3,5,14871,9.59,HOEP (Legacy)
2021-03-05 05:00:00,2021,3,6,15420,14.35,HOEP (Legacy)
2021-03-05 06:00:00,2021,3,7,16504,23.54,HOEP (Legacy)
2021-03-05 07:00:00,2021,3,8,17297,25.0,HOEP (Legacy)
2021-03-05 08:00:00,2021,3,9,17231,23.68,HOEP (Legacy)
2021-03-05 09:00:00,2021,3,10,16767,16.74,HOEP (Legacy)
2021-03-05 10:00:00,2021,3,11,16262,7.21,HOEP (Legacy)
2021-03-05 11:00:00,2021,3,12,16190,19.31,HOEP (Legacy)
2021-03-05 12:00:00,2021,3,13,16053,14.5,HOEP (Legacy)
2021-03-05 13:00:00,2021,3,14,15879,4.76,HOEP (Legacy)
2021-03-05 14:00:00,2021,3,15,15576,0.49,HOEP (Legacy)
2021-03-05 15:00:00,2021,3,16,15865,5.83,HOEP (Legacy)
2021-03-05 16:00:00,2021,3,17,16727,7.74,HOEP (Legacy)
2021-03-05 17:00:00,2021,3,18,17641,19.89,HOEP (Legacy)
2021-03-05 18:00:00,2021,3,19,18311,24.78,HOEP (Legacy)
2021-03-05 19:00:00,2021,3,20,18299,24.74,HOEP (Legacy)
2021-03-05 20:00:00,2021,3,21,17763,21.98,HOEP (Legacy)
2021-03-05 21:00:00,2021,3,22,17023,18.78,HOEP (Legacy)
2021-03-05 22:00:00,2021,3,23,16179,13.32,HOEP (Legacy)
2021-03-05 23:00:00,2021,3,24,15191,10.84,HOEP (Legacy)
2021-03-06 00:00:00,2021,3,1,14615,20.67,HOEP (Legacy)
2021-03-06 01:00:00,2021,3,2,14418,34.53,HOEP (Legacy)
2021-03-06 02:00:00,2021,3,3,14218,33.75,HOEP (Legacy)
2021-03-06 03:00:00,2021,3,4,14158,31.88,HOEP (Legacy)
2021-03-06 04:00:00,2021,3,5,14231,25.48,HOEP (Legacy)
2021-03-06 05:00:00,2021,3,6,14507,19.17,HOEP (Legacy)
2021-03-06 06:00:00,2021,3,7,15114,24.53,HOEP (Legacy)
2021-03-06 07:00:00,2021,3,8,15727,11.47,HOEP (Legacy)
2021-03-06 08:00:00,2021,3,9,15923,11.6,HOEP (Legacy)
2021-03-06 09:00:00,2021,3,10,15913,5.94,HOEP (Legacy)
2021-03-06 10:00:00,2021,3,11,15863,14.38,HOEP (Legacy)
2021-03-06 11:00:00,2021,3,12,15806,25.16,HOEP (Legacy)
2021-03-06 12:00:00,2021,3,13,15709,27.65,HOEP (Legacy)
2021-03-06 13:00:00,2021,3,14,15440,23.59,HOEP (Legacy)
2021-03-06 14:00:00,2021,3,15,15241,24.42,HOEP (Legacy)
2021-03-06 15:00:00,2021,3,16,15427,13.45,HOEP (Legacy)
2021-03-06 16:00:00,2021,3,17,16095,17.8,HOEP (Legacy)
2021-03-06 17:00:00,2021,3,18,17066,24.34,HOEP (Legacy)
2021-03-06 18:00:00,2021,3,19,17949,28.53,HOEP (Legacy)
2021-03-06 19:00:00,2021,3,20,18029,28.13,HOEP (Legacy)
2021-03-06 20:00:00,2021,3,21,17573,25.81,HOEP (Legacy)
2021-03-06 21:00:00,2021,3,22,16951,25.87,HOEP (Legacy)
2021-03-06 22:00:00,2021,3,23,16086,24.91,HOEP (Legacy)
2021-03-06 23:00:00,2021,3,24,15295,24.48,HOEP (Legacy)
2021-03-07 00:00:00,2021,3,1,14699,20.32,HOEP (Legacy)
2021-03-07 01:00:00,2021,3,2,14279,9.48,HOEP (Legacy)
2021-03-07 02:00:00,2021,3,3,14103,21.82,HOEP (Legacy)
2021-03-07 03:00:00,2021,3,4,14160,28.45,HOEP (Legacy)
2021-03-07 04:00:00,2021,3,5,14367,47.69,HOEP (Legacy)
2021-03-07 05:00:00,2021,3,6,14582,31.07,HOEP (Legacy)
2021-03-07 06:00:00,2021,3,7,15092,26.48,HOEP (Legacy)
2021-03-07 07:00:00,2021,3,8,15185,21.05,HOEP (Legacy)
2021-03-07 08:00:00,2021,3,9,14928,24.17,HOEP (Legacy)
2021-03-07 09:00:00,2021,3,10,14820,13.28,HOEP (Legacy)
2021-03-07 10:00:00,2021,3,11,14698,22.63,HOEP (Legacy)
2021-03-07 11:00:00,2021,3,12,14973,24.25,HOEP (Legacy)
2021-03-07 12:00:00,2021,3,13,15084,23.04,HOEP (Legacy)
2021-03-07 13:00:00,2021,3,14,14726,13.27,HOEP (Legacy)
2021-03-07 14:00:00,2021,3,15,14543,11.11,HOEP (Legacy)
2021-03-07 15:00:00,2021,3,16,14741,5.9,HOEP (Legacy)
2021-03-07 16:00:00,2021,3,17,15655,17.89,HOEP (Legacy)
2021-03-07 17:00:00,2021,3,18,17020,21.9,HOEP (Legacy)
2021-03-07 18:00:00,2021,3,19,17928,27.25,HOEP (Legacy)
2021-03-07 19:00:00,2021,3,20,18192,28.48,HOEP (Legacy)
2021-03-07 20:00:00,2021,3,21,17649,27.4,HOEP (Legacy)
2021-03-07 21:00:00,2021,3,22,17042,25.14,HOEP (Legacy)
2021-03-07 22:00:00,2021,3,23,16168,24.3,HOEP (Legacy)
2021-03-07 23:00:00,2021,3,24,15333,21.07,HOEP (Legacy)
2021-03-08 00:00:00,2021,3,1,14850,16.7,HOEP (Legacy)
2021-03-08 01:00:00,2021,3,2,14550,14.45,HOEP (Legacy)
2021-03-08 02:00:00,2021,3,3,14369,13.25,HOEP (Legacy)
2021-03-08 03:00:00,2021,3,4,14312,13.27,HOEP (Legacy)
2021-03-08 04:00:00,2021,3,5,14448,13.26,HOEP (Legacy)
2021-03-08 05:00:00,2021,3,6,14910,12.72,HOEP (Legacy)
2021-03-08 06:00:00,2021,3,7,15984,24.24,HOEP (Legacy)
2021-03-08 07:00:00,2021,3,8,16827,24.49,HOEP (Legacy)
2021-03-08 08:00:00,2021,3,9,17123,24.94,HOEP (Legacy)
2021-03-08 09:00:00,2021,3,10,16922,24.71,HOEP (Legacy)
2021-03-08 10:00:00,2021,3,11,16233,13.28,HOEP (Legacy)
2021-03-08 11:00:00,2021,3,12,16208,16.71,HOEP (Legacy)
2021-03-08 12:00:00,2021,3,13,15933,17.5,HOEP (Legacy)
2021-03-08 13:00:00,2021,3,14,15908,19.46,HOEP (Legacy)
2021-03-08 14:00:00,2021,3,15,15853,13.27,HOEP (Legacy)
2021-03-08 15:00:00,2021,3,16,16214,14.97,HOEP (Legacy)
2021-03-08 16:00:00,2021,3,17,16956,16.41,HOEP (Legacy)
2021-03-08 17:00:00,2021,3,18,17718,24.16,HOEP (Legacy)
2021-03-08 18:00:00,2021,3,19,18083,24.26,HOEP (Legacy)
2021-03-08 19:00:00,2021,3,20,17786,21.4,HOEP (Legacy)
2021-03-08 20:00:00,2021,3,21,17122,11.65,HOEP (Legacy)
2021-03-08 21:00:00,2021,3,22,16459,10.61,HOEP (Legacy)
2021-03-08 22:00:00,2021,3,23,15684,9.81,HOEP (Legacy)
2021-03-08 23:00:00,2021,3,24,14731,11.4,HOEP (Legacy)
2021-03-09 00:00:00,2021,3,1,14158,20.43,HOEP (Legacy)
2021-03-09 01:00:00,2021,3,2,13678,14.51,HOEP (Legacy)
2021-03-09 02:00:00,2021,3,3,13653,24.65,HOEP (Legacy)
2021-03-09 03:00:00,2021,3,4,13847,23.38,HOEP (Legacy)
2021-03-09 04:00:00,2021,3,5,14018,10.93,HOEP (Legacy)
2021-03-09 05:00:00,2021,3,6,14409,12.77,HOEP (Legacy)
2021-03-09 06:00:00,2021,3,7,15582,24.47,HOEP (Legacy)
2021-03-09 07:00:00,2021,3,8,16258,25.42,HOEP (Legacy)
2021-03-09 08:00:00,2021,3,9,16337,24.89,HOEP (Legacy)
2021-03-09 09:00:00,2021,3,10,15675,23.99,HOEP (Legacy)
2021-03-09 10:00:00,2021,3,11,15110,23.19,HOEP (Legacy)
2021-03-09 11:00:00,2021,3,12,14961,23.59,HOEP (Legacy)
2021-03-09 12:00:00,2021,3,13,14899,18.0,HOEP (Legacy)
2021-03-09 13:00:00,2021,3,14,14628,13.35,HOEP (Legacy)
2021-03-09 14:00:00,2021,3,15,14589,8.37,HOEP (Legacy)
2021-03-09 15:00:00,2021,3,16,14809,13.34,HOEP (Legacy)
2021-03-09 16:00:00,2021,3,17,15582,15.17,HOEP (Legacy)
2021-03-09 17:00:00,2021,3,18,16606,22.31,HOEP (Legacy)
2021-03-09 18:00:00,2021,3,19,17126,21.06,HOEP (Legacy)
2021-03-09 19:00:00,2021,3,20,17108,12.65,HOEP (Legacy)
2021-03-09 20:00:00,2021,3,21,16559,6.88,HOEP (Legacy)
2021-03-09 21:00:00,2021,3,22,15918,5.23,HOEP (Legacy)
2021-03-09 22:00:00,2021,3,23,14979,5.82,HOEP (Legacy)
2021-03-09 23:00:00,2021,3,24,14042,3.0,HOEP (Legacy)
2021-03-10 00:00:00,2021,3,1,13564,9.86,HOEP (Legacy)
2021-03-10 01:00:00,2021,3,2,13041,5.73,HOEP (Legacy)
2021-03-10 02:00:00,2021,3,3,12838,3.8,HOEP (Legacy)
2021-03-10 03:00:00,2021,3,4,12860,5.83,HOEP (Legacy)
2021-03-10 04:00:00,2021,3,5,13048,2.56,HOEP (Legacy)
2021-03-10 05:00:00,2021,3,6,13565,1.81,HOEP (Legacy)
2021-03-10 06:00:00,2021,3,7,14608,4.91,HOEP (Legacy)
2021-03-10 07:00:00,2021,3,8,15508,8.87,HOEP (Legacy)
2021-03-10 08:00:00,2021,3,9,15488,2.87,HOEP (Legacy)
2021-03-10 09:00:00,2021,3,10,15052,3.81,HOEP (Legacy)
2021-03-10 10:00:00,2021,3,11,14840,5.88,HOEP (Legacy)
2021-03-10 11:00:00,2021,3,12,14480,3.17,HOEP (Legacy)
2021-03-10 12:00:00,2021,3,13,14526,1.84,HOEP (Legacy)
2021-03-10 13:00:00,2021,3,14,14249,7.28,HOEP (Legacy)
2021-03-10 14:00:00,2021,3,15,14386,7.5,HOEP (Legacy)
2021-03-10 15:00:00,2021,3,16,14791,8.22,HOEP (Legacy)
2021-03-10 16:00:00,2021,3,17,15804,5.8,HOEP (Legacy)
2021-03-10 17:00:00,2021,3,18,16421,8.89,HOEP (Legacy)
2021-03-10 18:00:00,2021,3,19,16778,5.07,HOEP (Legacy)
2021-03-10 19:00:00,2021,3,20,16630,0.41,HOEP (Legacy)
2021-03-10 20:00:00,2021,3,21,15976,8.27,HOEP (Legacy)
2021-03-10 21:00:00,2021,3,22,15174,7.19,HOEP (Legacy)
2021-03-10 22:00:00,2021,3,23,14182,7.7,HOEP (Legacy)
2021-03-10 23:00:00,2021,3,24,13193,4.64,HOEP (Legacy)
2021-03-11 00:00:00,2021,3,1,12551,0.0,HOEP (Legacy)
2021-03-11 01:00:00,2021,3,2,12206,0.0,HOEP (Legacy)
2021-03-11 02:00:00,2021,3,3,12011,0.0,HOEP (Legacy)
2021-03-11 03:00:00,2021,3,4,11901,0.0,HOEP (Legacy)
2021-03-11 04:00:00,2021,3,5,12030,0.0,HOEP (Legacy)
2021-03-11 05:00:00,2021,3,6,12598,0.0,HOEP (Legacy)
2021-03-11 06:00:00,2021,3,7,13682,2.94,HOEP (Legacy)
2021-03-11 07:00:00,2021,3,8,14840,12.1,HOEP (Legacy)
2021-03-11 08:00:00,2021,3,9,15119,13.34,HOEP (Legacy)
2021-03-11 09:00:00,2021,3,10,14993,5.8,HOEP (Legacy)
2021-03-11 10:00:00,2021,3,11,14902,5.96,HOEP (Legacy)
2021-03-11 11:00:00,2021,3,12,14827,5.32,HOEP (Legacy)
2021-03-11 12:00:00,2021,3,13,14725,6.18,HOEP (Legacy)
2021-03-11 13:00:00,2021,3,14,14656,4.9,HOEP (Legacy)
2021-03-11 14:00:00,2021,3,15,14568,4.63,HOEP (Legacy)
2021-03-11 15:00:00,2021,3,16,14580,6.84,HOEP (Legacy)
2021-03-11 16:00:00,2021,3,17,15367,14.35,HOEP (Legacy)
2021-03-11 17:00:00,2021,3,18,16067,4.02,HOEP (Legacy)
2021-03-11 18:00:00,2021,3,19,16502,5.9,HOEP (Legacy)
2021-03-11 19:00:00,2021,3,20,16526,7.51,HOEP (Legacy)
2021-03-11 20:00:00,2021,3,21,16003,5.58,HOEP (Legacy)
2021-03-11 21:00:00,2021,3,22,15421,5.81,HOEP (Legacy)
2021-03-11 22:00:00,2021,3,23,14594,12.3,HOEP (Legacy)
2021-03-11 23:00:00,2021,3,24,13820,12.39,HOEP (Legacy)
2021-03-12 00:00:00,2021,3,1,13403,5.99,HOEP (Legacy)
2021-03-12 01:00:00,2021,3,2,13010,6.27,HOEP (Legacy)
2021-03-12 02:00:00,2021,3,3,12864,13.14,HOEP (Legacy)
2021-03-12 03:00:00,2021,3,4,12934,14.37,HOEP (Legacy)
2021-03-12 04:00:00,2021,3,5,13079,11.23,HOEP (Legacy)
2021-03-12 05:00:00,2021,3,6,13630,8.95,HOEP (Legacy)
2021-03-12 06:00:00,2021,3,7,14742,11.63,HOEP (Legacy)
2021-03-12 07:00:00,2021,3,8,15454,14.36,HOEP (Legacy)
2021-03-12 08:00:00,2021,3,9,15330,8.89,HOEP (Legacy)
2021-03-12 09:00:00,2021,3,10,14699,1.4,HOEP (Legacy)
2021-03-12 10:00:00,2021,3,11,14090,3.68,HOEP (Legacy)
2021-03-12 11:00:00,2021,3,12,13966,6.51,HOEP (Legacy)
2021-03-12 12:00:00,2021,3,13,14050,1.97,HOEP (Legacy)
2021-03-12 13:00:00,2021,3,14,14124,0.86,HOEP (Legacy)
2021-03-12 14:00:00,2021,3,15,14352,3.4,HOEP (Legacy)
2021-03-12 15:00:00,2021,3,16,14513,0.0,HOEP (Legacy)
2021-03-12 16:00:00,2021,3,17,15005,0.0,HOEP (Legacy)
2021-03-12 17:00:00,2021,3,18,16040,7.92,HOEP (Legacy)
2021-03-12 18:00:00,2021,3,19,16891,26.03,HOEP (Legacy)
2021-03-12 19:00:00,2021,3,20,17367,49.79,HOEP (Legacy)
2021-03-12 20:00:00,2021,3,21,16910,17.51,HOEP (Legacy)
2021-03-12 21:00:00,2021,3,22,16354,20.79,HOEP (Legacy)
2021-03-12 22:00:00,2021,3,23,15623,20.22,HOEP (Legacy)
2021-03-12 23:00:00,2021,3,24,14796,28.15,HOEP (Legacy)
2021-03-13 00:00:00,2021,3,1,14323,37.23,HOEP (Legacy)
2021-03-13 01:00:00,2021,3,2,13615,34.68,HOEP (Legacy)
2021-03-13 02:00:00,2021,3,3,13637,23.18,HOEP (Legacy)
2021-03-13 03:00:00,2021,3,4,13670,28.23,HOEP (Legacy)
2021-03-13 04:00:00,2021,3,5,13928,34.97,HOEP (Legacy)
2021-03-13 05:00:00,2021,3,6,14224,79.46,HOEP (Legacy)
2021-03-13 06:00:00,2021,3,7,14701,31.92,HOEP (Legacy)
2021-03-13 07:00:00,2021,3,8,14801,7.6,HOEP (Legacy)
2021-03-13 08:00:00,2021,3,9,14811,5.78,HOEP (Legacy)
2021-03-13 09:00:00,2021,3,10,14571,8.4,HOEP (Legacy)
2021-03-13 10:00:00,2021,3,11,14494,11.63,HOEP (Legacy)
2021-03-13 11:00:00,2021,3,12,14440,9.66,HOEP (Legacy)
2021-03-13 12:00:00,2021,3,13,14278,9.76,HOEP (Legacy)
2021-03-13 13:00:00,2021,3,14,14003,4.6,HOEP (Legacy)
2021-03-13 14:00:00,2021,3,15,13743,0.0,HOEP (Legacy)
2021-03-13 15:00:00,2021,3,16,13891,0.0,HOEP (Legacy)
2021-03-13 16:00:00,2021,3,17,14923,4.67,HOEP (Legacy)
2021-03-13 17:00:00,2021,3,18,15925,13.18,HOEP (Legacy)
2021-03-13 18:00:00,2021,3,19,16366,12.74,HOEP (Legacy)
2021-03-13 19:00:00,2021,3,20,16490,12.74,HOEP (Legacy)
2021-03-13 20:00:00,2021,3,21,15999,10.83,HOEP (Legacy)
2021-03-13 21:00:00,2021,3,22,15470,0.0,HOEP (Legacy)
2021-03-13 22:00:00,2021,3,23,14654,0.47,HOEP (Legacy)
2021-03-13 23:00:00,2021,3,24,13851,3.34,HOEP (Legacy)
2021-03-14 00:00:00,2021,3,1,13272,4.81,HOEP (Legacy)
2021-03-14 01:00:00,2021,3,2,12922,1.83,HOEP (Legacy)
2021-03-14 02:00:00,2021,3,3,12932,8.23,HOEP (Legacy)
2021-03-14 03:00:00,2021,3,4,12838,8.23,HOEP (Legacy)
2021-03-14 04:00:00,2021,3,5,12938,1.75,HOEP (Legacy)
2021-03-14 05:00:00,2021,3,6,13090,0.0,HOEP (Legacy)
2021-03-14 06:00:00,2021,3,7,13377,0.0,HOEP (Legacy)
2021-03-14 07:00:00,2021,3,8,13738,0.0,HOEP (Legacy)
2021-03-14 08:00:00,2021,3,9,13838,0.0,HOEP (Legacy)
2021-03-14 09:00:00,2021,3,10,13807,0.0,HOEP (Legacy)
2021-03-14 10:00:00,2021,3,11,13726,0.0,HOEP (Legacy)
2021-03-14 11:00:00,2021,3,12,13964,0.0,HOEP (Legacy)
2021-03-14 12:00:00,2021,3,13,13728,0.0,HOEP (Legacy)
2021-03-14 13:00:00,2021,3,14,13531,0.0,HOEP (Legacy)
2021-03-14 14:00:00,2021,3,15,13628,0.0,HOEP (Legacy)
2021-03-14 15:00:00,2021,3,16,14150,0.0,HOEP (Legacy)
2021-03-14 16:00:00,2021,3,17,15135,1.88,HOEP (Legacy)
2021-03-14 17:00:00,2021,3,18,16075,5.76,HOEP (Legacy)
2021-03-14 18:00:00,2021,3,19,17006,12.57,HOEP (Legacy)
2021-03-14 19:00:00,2021,3,20,17274,20.1,HOEP (Legacy)
2021-03-14 20:00:00,2021,3,21,16630,14.37,HOEP (Legacy)
2021-03-14 21:00:00,2021,3,22,15912,18.31,HOEP (Legacy)
2021-03-14 22:00:00,2021,3,23,15156,9.69,HOEP (Legacy)
2021-03-14 23:00:00,2021,3,24,14522,13.28,HOEP (Legacy)
2021-03-15 00:00:00,2021,3,1,14000,6.87,HOEP (Legacy)
2021-03-15 01:00:00,2021,3,2,14038,6.0,HOEP (Legacy)
2021-03-15 02:00:00,2021,3,3,14052,9.63,HOEP (Legacy)
2021-03-15 03:00:00,2021,3,4,14456,12.78,HOEP (Legacy)
2021-03-15 04:00:00,2021,3,5,15010,15.46,HOEP (Legacy)
2021-03-15 05:00:00,2021,3,6,16060,27.79,HOEP (Legacy)
2021-03-15 06:00:00,2021,3,7,17315,28.32,HOEP (Legacy)
2021-03-15 07:00:00,2021,3,8,17596,28.43,HOEP (Legacy)
2021-03-15 08:00:00,2021,3,9,16902,26.68,HOEP (Legacy)
2021-03-15 09:00:00,2021,3,10,16168,25.25,HOEP (Legacy)
2021-03-15 10:00:00,2021,3,11,15908,23.4,HOEP (Legacy)
2021-03-15 11:00:00,2021,3,12,15754,23.36,HOEP (Legacy)
2021-03-15 12:00:00,2021,3,13,15685,20.07,HOEP (Legacy)
2021-03-15 13:00:00,2021,3,14,15313,17.81,HOEP (Legacy)
2021-03-15 14:00:00,2021,3,15,15319,17.85,HOEP (Legacy)
2021-03-15 15:00:00,2021,3,16,15859,21.27,HOEP (Legacy)
2021-03-15 16:00:00,2021,3,17,16727,25.99,HOEP (Legacy)
2021-03-15 17:00:00,2021,3,18,17295,27.01,HOEP (Legacy)
2021-03-15 18:00:00,2021,3,19,17880,27.3,HOEP (Legacy)
2021-03-15 19:00:00,2021,3,20,17741,24.41,HOEP (Legacy)
2021-03-15 20:00:00,2021,3,21,17039,22.83,HOEP (Legacy)
2021-03-15 21:00:00,2021,3,22,16074,22.2,HOEP (Legacy)
2021-03-15 22:00:00,2021,3,23,15103,16.35,HOEP (Legacy)
2021-03-15 23:00:00,2021,3,24,14349,14.98,HOEP (Legacy)
2021-03-16 00:00:00,2021,3,1,13974,13.16,HOEP (Legacy)
2021-03-16 01:00:00,2021,3,2,13802,14.37,HOEP (Legacy)
2021-03-16 02:00:00,2021,3,3,13696,12.56,HOEP (Legacy)
2021-03-16 03:00:00,2021,3,4,13806,14.37,HOEP (Legacy)
2021-03-16 04:00:00,2021,3,5,14272,16.6,HOEP (Legacy)
2021-03-16 05:00:00,2021,3,6,15440,26.64,HOEP (Legacy)
2021-03-16 06:00:00,2021,3,7,16936,33.08,HOEP (Legacy)
2021-03-16 07:00:00,2021,3,8,17592,112.59,HOEP (Legacy)
2021-03-16 08:00:00,2021,3,9,17424,28.82,HOEP (Legacy)
2021-03-16 09:00:00,2021,3,10,17142,27.58,HOEP (Legacy)
2021-03-16 10:00:00,2021,3,11,16881,27.05,HOEP (Legacy)
2021-03-16 11:00:00,2021,3,12,16349,26.36,HOEP (Legacy)
2021-03-16 12:00:00,2021,3,13,16070,26.36,HOEP (Legacy)
2021-03-16 13:00:00,2021,3,14,15906,25.69,HOEP (Legacy)
2021-03-16 14:00:00,2021,3,15,15993,25.09,HOEP (Legacy)
2021-03-16 15:00:00,2021,3,16,16309,24.76,HOEP (Legacy)
2021-03-16 16:00:00,2021,3,17,17024,26.31,HOEP (Legacy)
2021-03-16 17:00:00,2021,3,18,17335,24.15,HOEP (Legacy)
2021-03-16 18:00:00,2021,3,19,17659,24.08,HOEP (Legacy)
2021-03-16 19:00:00,2021,3,20,17497,22.82,HOEP (Legacy)
2021-03-16 20:00:00,2021,3,21,16804,23.38,HOEP (Legacy)
2021-03-16 21:00:00,2021,3,22,15904,25.23,HOEP (Legacy)
2021-03-16 22:00:00,2021,3,23,14887,21.7,HOEP (Legacy)
2021-03-16 23:00:00,2021,3,24,14187,15.33,HOEP (Legacy)
2021-03-17 00:00:00,2021,3,1,13821,23.19,HOEP (Legacy)
2021-03-17 01:00:00,2021,3,2,13644,25.4,HOEP (Legacy)
2021-03-17 02:00:00,2021,3,3,13591,22.51,HOEP (Legacy)
2021-03-17 03:00:00,2021,3,4,13768,13.27,HOEP (Legacy)
2021-03-17 04:00:00,2021,3,5,14223,17.52,HOEP (Legacy)
2021-03-17 05:00:00,2021,3,6,15590,24.55,HOEP (Legacy)
2021-03-17 06:00:00,2021,3,7,16655,26.66,HOEP (Legacy)
2021-03-17 07:00:00,2021,3,8,17076,26.07,HOEP (Legacy)
2021-03-17 08:00:00,2021,3,9,16862,26.67,HOEP (Legacy)
2021-03-17 09:00:00,2021,3,10,16411,24.66,HOEP (Legacy)
2021-03-17 10:00:00,2021,3,11,15741,24.79,HOEP (Legacy)
2021-03-17 11:00:00,2021,3,12,15414,22.26,HOEP (Legacy)
2021-03-17 12:00:00,2021,3,13,15409,22.26,HOEP (Legacy)
2021-03-17 13:00:00,2021,3,14,14948,21.95,HOEP (Legacy)
2021-03-17 14:00:00,2021,3,15,14831,22.18,HOEP (Legacy)
2021-03-17 15:00:00,2021,3,16,15200,21.98,HOEP (Legacy)
2021-03-17 16:00:00,2021,3,17,15836,22.2,HOEP (Legacy)
2021-03-17 17:00:00,2021,3,18,16260,22.25,HOEP (Legacy)
2021-03-17 18:00:00,2021,3,19,16800,23.55,HOEP (Legacy)
2021-03-17 19:00:00,2021,3,20,16806,21.9,HOEP (Legacy)
2021-03-17 20:00:00,2021,3,21,16173,20.49,HOEP (Legacy)
2021-03-17 21:00:00,2021,3,22,15224,20.52,HOEP (Legacy)
2021-03-17 22:00:00,2021,3,23,14284,11.47,HOEP (Legacy)
2021-03-17 23:00:00,2021,3,24,13584,18.68,HOEP (Legacy)
2021-03-18 00:00:00,2021,3,1,13130,13.26,HOEP (Legacy)
2021-03-18 01:00:00,2021,3,2,12927,10.19,HOEP (Legacy)
2021-03-18 02:00:00,2021,3,3,12750,0.0,HOEP (Legacy)
2021-03-18 03:00:00,2021,3,4,12915,0.0,HOEP (Legacy)
2021-03-18 04:00:00,2021,3,5,13540,0.88,HOEP (Legacy)
2021-03-18 05:00:00,2021,3,6,14639,4.7,HOEP (Legacy)
2021-03-18 06:00:00,2021,3,7,15784,19.41,HOEP (Legacy)
2021-03-18 07:00:00,2021,3,8,16509,21.69,HOEP (Legacy)
2021-03-18 08:00:00,2021,3,9,16318,13.94,HOEP (Legacy)
2021-03-18 09:00:00,2021,3,10,16280,20.48,HOEP (Legacy)
2021-03-18 10:00:00,2021,3,11,16175,13.7,HOEP (Legacy)
2021-03-18 11:00:00,2021,3,12,16066,13.69,HOEP (Legacy)
2021-03-18 12:00:00,2021,3,13,15669,12.76,HOEP (Legacy)
2021-03-18 13:00:00,2021,3,14,15245,12.63,HOEP (Legacy)
2021-03-18 14:00:00,2021,3,15,15366,9.75,HOEP (Legacy)
2021-03-18 15:00:00,2021,3,16,15854,15.17,HOEP (Legacy)
2021-03-18 16:00:00,2021,3,17,16588,19.58,HOEP (Legacy)
2021-03-18 17:00:00,2021,3,18,16689,13.17,HOEP (Legacy)
2021-03-18 18:00:00,2021,3,19,16971,12.6,HOEP (Legacy)
2021-03-18 19:00:00,2021,3,20,16972,15.63,HOEP (Legacy)
2021-03-18 20:00:00,2021,3,21,16339,7.2,HOEP (Legacy)
2021-03-18 21:00:00,2021,3,22,15549,5.34,HOEP (Legacy)
2021-03-18 22:00:00,2021,3,23,14538,4.02,HOEP (Legacy)
2021-03-18 23:00:00,2021,3,24,13826,4.92,HOEP (Legacy)
2021-03-19 00:00:00,2021,3,1,13570,0.0,HOEP (Legacy)
2021-03-19 01:00:00,2021,3,2,13613,0.44,HOEP (Legacy)
2021-03-19 02:00:00,2021,3,3,13616,3.8,HOEP (Legacy)
2021-03-19 03:00:00,2021,3,4,13754,9.4,HOEP (Legacy)
2021-03-19 04:00:00,2021,3,5,14273,6.17,HOEP (Legacy)
2021-03-19 05:00:00,2021,3,6,15566,23.63,HOEP (Legacy)
2021-03-19 06:00:00,2021,3,7,16783,28.21,HOEP (Legacy)
2021-03-19 07:00:00,2021,3,8,17037,24.21,HOEP (Legacy)
2021-03-19 08:00:00,2021,3,9,16055,9.11,HOEP (Legacy)
2021-03-19 09:00:00,2021,3,10,15485,9.32,HOEP (Legacy)
2021-03-19 10:00:00,2021,3,11,15264,14.16,HOEP (Legacy)
2021-03-19 11:00:00,2021,3,12,15163,22.31,HOEP (Legacy)
2021-03-19 12:00:00,2021,3,13,14829,22.17,HOEP (Legacy)
2021-03-19 13:00:00,2021,3,14,14617,21.47,HOEP (Legacy)
2021-03-19 14:00:00,2021,3,15,14365,21.31,HOEP (Legacy)
2021-03-19 15:00:00,2021,3,16,14590,17.84,HOEP (Legacy)
2021-03-19 16:00:00,2021,3,17,15450,17.28,HOEP (Legacy)
2021-03-19 17:00:00,2021,3,18,16122,19.82,HOEP (Legacy)
2021-03-19 18:00:00,2021,3,19,16761,21.44,HOEP (Legacy)
2021-03-19 19:00:00,2021,3,20,16972,21.47,HOEP (Legacy)
2021-03-19 20:00:00,2021,3,21,16308,24.3,HOEP (Legacy)
2021-03-19 21:00:00,2021,3,22,15413,29.57,HOEP (Legacy)
2021-03-19 22:00:00,2021,3,23,14533,15.74,HOEP (Legacy)
2021-03-19 23:00:00,2021,3,24,13762,13.8,HOEP (Legacy)
2021-03-20 00:00:00,2021,3,1,13507,13.36,HOEP (Legacy)
2021-03-20 01:00:00,2021,3,2,13032,13.36,HOEP (Legacy)
2021-03-20 02:00:00,2021,3,3,13012,17.4,HOEP (Legacy)
2021-03-20 03:00:00,2021,3,4,13193,13.36,HOEP (Legacy)
2021-03-20 04:00:00,2021,3,5,13485,13.33,HOEP (Legacy)
2021-03-20 05:00:00,2021,3,6,13961,17.29,HOEP (Legacy)
2021-03-20 06:00:00,2021,3,7,14812,32.72,HOEP (Legacy)
2021-03-20 07:00:00,2021,3,8,14972,35.7,HOEP (Legacy)
2021-03-20 08:00:00,2021,3,9,14675,35.34,HOEP (Legacy)
2021-03-20 09:00:00,2021,3,10,14282,24.79,HOEP (Legacy)
2021-03-20 10:00:00,2021,3,11,13919,22.71,HOEP (Legacy)
2021-03-20 11:00:00,2021,3,12,13643,17.21,HOEP (Legacy)
2021-03-20 12:00:00,2021,3,13,13223,14.8,HOEP (Legacy)
2021-03-20 13:00:00,2021,3,14,12772,11.62,HOEP (Legacy)
2021-03-20 14:00:00,2021,3,15,12714,13.73,HOEP (Legacy)
2021-03-20 15:00:00,2021,3,16,13076,7.38,HOEP (Legacy)
2021-03-20 16:00:00,2021,3,17,13877,12.27,HOEP (Legacy)
2021-03-20 17:00:00,2021,3,18,14558,14.37,HOEP (Legacy)
2021-03-20 18:00:00,2021,3,19,15208,19.76,HOEP (Legacy)
2021-03-20 19:00:00,2021,3,20,15238,18.41,HOEP (Legacy)
2021-03-20 20:00:00,2021,3,21,14810,14.01,HOEP (Legacy)
2021-03-20 21:00:00,2021,3,22,14138,15.08,HOEP (Legacy)
2021-03-20 22:00:00,2021,3,23,13288,11.51,HOEP (Legacy)
2021-03-20 23:00:00,2021,3,24,12755,10.97,HOEP (Legacy)
2021-03-21 00:00:00,2021,3,1,12364,13.36,HOEP (Legacy)
2021-03-21 01:00:00,2021,3,2,12233,16.94,HOEP (Legacy)
2021-03-21 02:00:00,2021,3,3,12097,15.11,HOEP (Legacy)
2021-03-21 03:00:00,2021,3,4,12215,18.77,HOEP (Legacy)
2021-03-21 04:00:00,2021,3,5,12451,14.09,HOEP (Legacy)
2021-03-21 05:00:00,2021,3,6,12806,18.3,HOEP (Legacy)
2021-03-21 06:00:00,2021,3,7,13429,19.64,HOEP (Legacy)
2021-03-21 07:00:00,2021,3,8,13563,13.37,HOEP (Legacy)
2021-03-21 08:00:00,2021,3,9,13395,23.09,HOEP (Legacy)
2021-03-21 09:00:00,2021,3,10,13219,22.64,HOEP (Legacy)
2021-03-21 10:00:00,2021,3,11,13009,13.91,HOEP (Legacy)
2021-03-21 11:00:00,2021,3,12,12883,18.17,HOEP (Legacy)
2021-03-21 12:00:00,2021,3,13,12695,9.06,HOEP (Legacy)
2021-03-21 13:00:00,2021,3,14,12371,3.45,HOEP (Legacy)
2021-03-21 14:00:00,2021,3,15,12307,4.14,HOEP (Legacy)
2021-03-21 15:00:00,2021,3,16,12800,6.47,HOEP (Legacy)
2021-03-21 16:00:00,2021,3,17,13705,12.19,HOEP (Legacy)
2021-03-21 17:00:00,2021,3,18,14374,9.9,HOEP (Legacy)
2021-03-21 18:00:00,2021,3,19,14860,13.35,HOEP (Legacy)
2021-03-21 19:00:00,2021,3,20,14997,6.62,HOEP (Legacy)
2021-03-21 20:00:00,2021,3,21,14413,6.67,HOEP (Legacy)
2021-03-21 21:00:00,2021,3,22,13821,5.17,HOEP (Legacy)
2021-03-21 22:00:00,2021,3,23,13010,10.36,HOEP (Legacy)
2021-03-21 23:00:00,2021,3,24,12550,8.19,HOEP (Legacy)
2021-03-22 00:00:00,2021,3,1,12241,10.29,HOEP (Legacy)
2021-03-22 01:00:00,2021,3,2,12096,0.88,HOEP (Legacy)
2021-03-22 02:00:00,2021,3,3,12125,0.0,HOEP (Legacy)
2021-03-22 03:00:00,2021,3,4,12329,0.0,HOEP (Legacy)
2021-03-22 04:00:00,2021,3,5,12901,0.47,HOEP (Legacy)
2021-03-22 05:00:00,2021,3,6,14130,2.06,HOEP (Legacy)
2021-03-22 06:00:00,2021,3,7,15379,5.3,HOEP (Legacy)
2021-03-22 07:00:00,2021,3,8,15512,10.95,HOEP (Legacy)
2021-03-22 08:00:00,2021,3,9,15148,19.1,HOEP (Legacy)
2021-03-22 09:00:00,2021,3,10,14612,21.59,HOEP (Legacy)
2021-03-22 10:00:00,2021,3,11,14172,17.75,HOEP (Legacy)
2021-03-22 11:00:00,2021,3,12,14103,19.92,HOEP (Legacy)
2021-03-22 12:00:00,2021,3,13,13855,12.98,HOEP (Legacy)
2021-03-22 13:00:00,2021,3,14,13427,1.0,HOEP (Legacy)
2021-03-22 14:00:00,2021,3,15,13593,8.3,HOEP (Legacy)
2021-03-22 15:00:00,2021,3,16,13991,4.19,HOEP (Legacy)
2021-03-22 16:00:00,2021,3,17,14805,10.37,HOEP (Legacy)
2021-03-22 17:00:00,2021,3,18,15267,19.14,HOEP (Legacy)
2021-03-22 18:00:00,2021,3,19,15765,20.73,HOEP (Legacy)
2021-03-22 19:00:00,2021,3,20,16118,21.54,HOEP (Legacy)
2021-03-22 20:00:00,2021,3,21,15345,16.2,HOEP (Legacy)
2021-03-22 21:00:00,2021,3,22,14403,15.92,HOEP (Legacy)
2021-03-22 22:00:00,2021,3,23,13367,13.47,HOEP (Legacy)
2021-03-22 23:00:00,2021,3,24,12719,20.71,HOEP (Legacy)
2021-03-23 00:00:00,2021,3,1,12408,24.85,HOEP (Legacy)
2021-03-23 01:00:00,2021,3,2,12161,7.35,HOEP (Legacy)
2021-03-23 02:00:00,2021,3,3,12157,14.35,HOEP (Legacy)
2021-03-23 03:00:00,2021,3,4,12404,4.64,HOEP (Legacy)
2021-03-23 04:00:00,2021,3,5,12788,0.95,HOEP (Legacy)
2021-03-23 05:00:00,2021,3,6,14016,3.74,HOEP (Legacy)
2021-03-23 06:00:00,2021,3,7,15128,20.24,HOEP (Legacy)
2021-03-23 07:00:00,2021,3,8,15358,21.7,HOEP (Legacy)
2021-03-23 08:00:00,2021,3,9,15020,21.95,HOEP (Legacy)
2021-03-23 09:00:00,2021,3,10,14800,21.88,HOEP (Legacy)
2021-03-23 10:00:00,2021,3,11,14428,22.76,HOEP (Legacy)
2021-03-23 11:00:00,2021,3,12,14427,23.06,HOEP (Legacy)
2021-03-23 12:00:00,2021,3,13,14144,20.12,HOEP (Legacy)
2021-03-23 13:00:00,2021,3,14,13944,17.8,HOEP (Legacy)
2021-03-23 14:00:00,2021,3,15,14074,19.67,HOEP (Legacy)
2021-03-23 15:00:00,2021,3,16,14409,16.09,HOEP (Legacy)
2021-03-23 16:00:00,2021,3,17,15180,20.54,HOEP (Legacy)
2021-03-23 17:00:00,2021,3,18,15371,19.33,HOEP (Legacy)
2021-03-23 18:00:00,2021,3,19,15716,21.7,HOEP (Legacy)
2021-03-23 19:00:00,2021,3,20,15850,13.41,HOEP (Legacy)
2021-03-23 20:00:00,2021,3,21,14906,2.37,HOEP (Legacy)
2021-03-23 21:00:00,2021,3,22,14189,7.83,HOEP (Legacy)
2021-03-23 22:00:00,2021,3,23,13239,7.22,HOEP (Legacy)
2021-03-23 23:00:00,2021,3,24,12583,9.69,HOEP (Legacy)
2021-03-24 00:00:00,2021,3,1,12175,6.69,HOEP (Legacy)
2021-03-24 01:00:00,2021,3,2,11924,0.0,HOEP (Legacy)
2021-03-24 02:00:00,2021,3,3,11808,0.0,HOEP (Legacy)
2021-03-24 03:00:00,2021,3,4,11971,0.0,HOEP (Legacy)
2021-03-24 04:00:00,2021,3,5,12277,0.49,HOEP (Legacy)
2021-03-24 05:00:00,2021,3,6,13403,0.41,HOEP (Legacy)
2021-03-24 06:00:00,2021,3,7,14464,7.28,HOEP (Legacy)
2021-03-24 07:00:00,2021,3,8,15219,6.14,HOEP (Legacy)
2021-03-24 08:00:00,2021,3,9,15228,7.33,HOEP (Legacy)
2021-03-24 09:00:00,2021,3,10,14809,2.85,HOEP (Legacy)
2021-03-24 10:00:00,2021,3,11,14601,6.26,HOEP (Legacy)
2021-03-24 11:00:00,2021,3,12,14615,16.13,HOEP (Legacy)
2021-03-24 12:00:00,2021,3,13,14544,14.4,HOEP (Legacy)
2021-03-24 13:00:00,2021,3,14,14286,15.78,HOEP (Legacy)
2021-03-24 14:00:00,2021,3,15,14518,18.15,HOEP (Legacy)
2021-03-24 15:00:00,2021,3,16,14858,18.65,HOEP (Legacy)
2021-03-24 16:00:00,2021,3,17,15443,17.59,HOEP (Legacy)
2021-03-24 17:00:00,2021,3,18,15473,14.37,HOEP (Legacy)
2021-03-24 18:00:00,2021,3,19,15556,14.35,HOEP (Legacy)
2021-03-24 19:00:00,2021,3,20,15484,5.12,HOEP (Legacy)
2021-03-24 20:00:00,2021,3,21,14886,1.43,HOEP (Legacy)
2021-03-24 21:00:00,2021,3,22,13845,2.82,HOEP (Legacy)
2021-03-24 22:00:00,2021,3,23,12930,0.0,HOEP (Legacy)
2021-03-24 23:00:00,2021,3,24,12201,0.0,HOEP (Legacy)
2021-03-25 00:00:00,2021,3,1,11855,0.0,HOEP (Legacy)
2021-03-25 01:00:00,2021,3,2,11691,0.0,HOEP (Legacy)
2021-03-25 02:00:00,2021,3,3,11817,0.0,HOEP (Legacy)
2021-03-25 03:00:00,2021,3,4,11901,0.0,HOEP (Legacy)
2021-03-25 04:00:00,2021,3,5,12273,0.0,HOEP (Legacy)
2021-03-25 05:00:00,2021,3,6,13484,0.0,HOEP (Legacy)
2021-03-25 06:00:00,2021,3,7,14589,13.13,HOEP (Legacy)
2021-03-25 07:00:00,2021,3,8,14941,6.86,HOEP (Legacy)
2021-03-25 08:00:00,2021,3,9,14570,14.97,HOEP (Legacy)
2021-03-25 09:00:00,2021,3,10,14099,5.96,HOEP (Legacy)
2021-03-25 10:00:00,2021,3,11,14050,5.91,HOEP (Legacy)
2021-03-25 11:00:00,2021,3,12,14025,9.62,HOEP (Legacy)
2021-03-25 12:00:00,2021,3,13,13905,13.78,HOEP (Legacy)
2021-03-25 13:00:00,2021,3,14,13747,7.2,HOEP (Legacy)
2021-03-25 14:00:00,2021,3,15,14107,15.69,HOEP (Legacy)
2021-03-25 15:00:00,2021,3,16,14858,21.15,HOEP (Legacy)
2021-03-25 16:00:00,2021,3,17,15528,22.93,HOEP (Legacy)
2021-03-25 17:00:00,2021,3,18,15703,22.18,HOEP (Legacy)
2021-03-25 18:00:00,2021,3,19,15796,19.81,HOEP (Legacy)
2021-03-25 19:00:00,2021,3,20,15772,16.9,HOEP (Legacy)
2021-03-25 20:00:00,2021,3,21,15077,13.63,HOEP (Legacy)
2021-03-25 21:00:00,2021,3,22,13981,10.59,HOEP (Legacy)
2021-03-25 22:00:00,2021,3,23,13124,2.09,HOEP (Legacy)
2021-03-25 23:00:00,2021,3,24,12465,3.11,HOEP (Legacy)
2021-03-26 00:00:00,2021,3,1,11985,1.45,HOEP (Legacy)
2021-03-26 01:00:00,2021,3,2,11686,0.0,HOEP (Legacy)
2021-03-26 02:00:00,2021,3,3,11659,0.0,HOEP (Legacy)
2021-03-26 03:00:00,2021,3,4,12030,0.47,HOEP (Legacy)
2021-03-26 04:00:00,2021,3,5,12637,8.94,HOEP (Legacy)
2021-03-26 05:00:00,2021,3,6,13730,9.35,HOEP (Legacy)
2021-03-26 06:00:00,2021,3,7,14638,12.97,HOEP (Legacy)
2021-03-26 07:00:00,2021,3,8,15375,3.87,HOEP (Legacy)
2021-03-26 08:00:00,2021,3,9,15841,14.36,HOEP (Legacy)
2021-03-26 09:00:00,2021,3,10,16206,37.82,HOEP (Legacy)
2021-03-26 10:00:00,2021,3,11,16473,30.74,HOEP (Legacy)
2021-03-26 11:00:00,2021,3,12,16229,13.77,HOEP (Legacy)
2021-03-26 12:00:00,2021,3,13,15854,12.97,HOEP (Legacy)
2021-03-26 13:00:00,2021,3,14,15587,1.59,HOEP (Legacy)
2021-03-26 14:00:00,2021,3,15,15322,17.19,HOEP (Legacy)
2021-03-26 15:00:00,2021,3,16,15589,22.55,HOEP (Legacy)
2021-03-26 16:00:00,2021,3,17,16311,27.08,HOEP (Legacy)
2021-03-26 17:00:00,2021,3,18,16350,24.78,HOEP (Legacy)
2021-03-26 18:00:00,2021,3,19,16286,14.47,HOEP (Legacy)
2021-03-26 19:00:00,2021,3,20,16091,15.23,HOEP (Legacy)
2021-03-26 20:00:00,2021,3,21,15546,22.09,HOEP (Legacy)
2021-03-26 21:00:00,2021,3,22,14897,19.78,HOEP (Legacy)
2021-03-26 22:00:00,2021,3,23,14064,13.68,HOEP (Legacy)
2021-03-26 23:00:00,2021,3,24,13165,11.61,HOEP (Legacy)
2021-03-27 00:00:00,2021,3,1,12745,15.49,HOEP (Legacy)
2021-03-27 01:00:00,2021,3,2,12482,13.29,HOEP (Legacy)
2021-03-27 02:00:00,2021,3,3,12352,17.34,HOEP (Legacy)
2021-03-27 03:00:00,2021,3,4,12393,13.29,HOEP (Legacy)
2021-03-27 04:00:00,2021,3,5,12560,16.21,HOEP (Legacy)
2021-03-27 05:00:00,2021,3,6,13123,10.83,HOEP (Legacy)
2021-03-27 06:00:00,2021,3,7,13764,21.98,HOEP (Legacy)
2021-03-27 07:00:00,2021,3,8,14679,97.37,HOEP (Legacy)
2021-03-27 08:00:00,2021,3,9,15168,77.05,HOEP (Legacy)
2021-03-27 09:00:00,2021,3,10,15096,30.2,HOEP (Legacy)
2021-03-27 10:00:00,2021,3,11,15080,22.85,HOEP (Legacy)
2021-03-27 11:00:00,2021,3,12,14843,24.48,HOEP (Legacy)
2021-03-27 12:00:00,2021,3,13,14348,18.34,HOEP (Legacy)
2021-03-27 13:00:00,2021,3,14,14071,7.28,HOEP (Legacy)
2021-03-27 14:00:00,2021,3,15,13900,11.13,HOEP (Legacy)
2021-03-27 15:00:00,2021,3,16,14069,17.61,HOEP (Legacy)
2021-03-27 16:00:00,2021,3,17,14697,19.37,HOEP (Legacy)
2021-03-27 17:00:00,2021,3,18,14908,16.64,HOEP (Legacy)
2021-03-27 18:00:00,2021,3,19,15132,14.21,HOEP (Legacy)
2021-03-27 19:00:00,2021,3,20,15089,10.17,HOEP (Legacy)
2021-03-27 20:00:00,2021,3,21,14477,6.87,HOEP (Legacy)
2021-03-27 21:00:00,2021,3,22,13688,2.37,HOEP (Legacy)
2021-03-27 22:00:00,2021,3,23,12915,3.08,HOEP (Legacy)
2021-03-27 23:00:00,2021,3,24,12501,10.21,HOEP (Legacy)
2021-03-28 00:00:00,2021,3,1,12055,13.26,HOEP (Legacy)
2021-03-28 01:00:00,2021,3,2,11736,5.2,HOEP (Legacy)
2021-03-28 02:00:00,2021,3,3,11733,5.7,HOEP (Legacy)
2021-03-28 03:00:00,2021,3,4,11881,7.28,HOEP (Legacy)
2021-03-28 04:00:00,2021,3,5,12044,5.98,HOEP (Legacy)
2021-03-28 05:00:00,2021,3,6,12398,0.81,HOEP (Legacy)
2021-03-28 06:00:00,2021,3,7,12745,10.48,HOEP (Legacy)
2021-03-28 07:00:00,2021,3,8,13467,6.64,HOEP (Legacy)
2021-03-28 08:00:00,2021,3,9,14175,245.15,HOEP (Legacy)
2021-03-28 09:00:00,2021,3,10,14682,1660.8,HOEP (Legacy)
2021-03-28 10:00:00,2021,3,11,14862,4.75,HOEP (Legacy)
2021-03-28 11:00:00,2021,3,12,14777,0.0,HOEP (Legacy)
2021-03-28 12:00:00,2021,3,13,14589,4.54,HOEP (Legacy)
2021-03-28 13:00:00,2021,3,14,14442,6.84,HOEP (Legacy)
2021-03-28 14:00:00,2021,3,15,14508,12.74,HOEP (Legacy)
2021-03-28 15:00:00,2021,3,16,14904,12.34,HOEP (Legacy)
2021-03-28 16:00:00,2021,3,17,15564,22.65,HOEP (Legacy)
2021-03-28 17:00:00,2021,3,18,15527,5.88,HOEP (Legacy)
2021-03-28 18:00:00,2021,3,19,15573,9.02,HOEP (Legacy)
2021-03-28 19:00:00,2021,3,20,15485,7.44,HOEP (Legacy)
2021-03-28 20:00:00,2021,3,21,14986,4.76,HOEP (Legacy)
2021-03-28 21:00:00,2021,3,22,14200,2.82,HOEP (Legacy)
2021-03-28 22:00:00,2021,3,23,13472,1.88,HOEP (Legacy)
2021-03-28 23:00:00,2021,3,24,12910,0.0,HOEP (Legacy)
2021-03-29 00:00:00,2021,3,1,12630,0.0,HOEP (Legacy)
2021-03-29 01:00:00,2021,3,2,12549,0.0,HOEP (Legacy)
2021-03-29 02:00:00,2021,3,3,12542,0.0,HOEP (Legacy)
2021-03-29 03:00:00,2021,3,4,12891,0.81,HOEP (Legacy)
2021-03-29 04:00:00,2021,3,5,13555,4.82,HOEP (Legacy)
2021-03-29 05:00:00,2021,3,6,14805,20.48,HOEP (Legacy)
2021-03-29 06:00:00,2021,3,7,16246,30.41,HOEP (Legacy)
2021-03-29 07:00:00,2021,3,8,16470,23.77,HOEP (Legacy)
2021-03-29 08:00:00,2021,3,9,15883,20.1,HOEP (Legacy)
2021-03-29 09:00:00,2021,3,10,15241,20.29,HOEP (Legacy)
2021-03-29 10:00:00,2021,3,11,14963,21.94,HOEP (Legacy)
2021-03-29 11:00:00,2021,3,12,14825,22.24,HOEP (Legacy)
2021-03-29 12:00:00,2021,3,13,14530,18.73,HOEP (Legacy)
2021-03-29 13:00:00,2021,3,14,14188,11.24,HOEP (Legacy)
2021-03-29 14:00:00,2021,3,15,14103,5.99,HOEP (Legacy)
2021-03-29 15:00:00,2021,3,16,14440,6.17,HOEP (Legacy)
2021-03-29 16:00:00,2021,3,17,15110,14.22,HOEP (Legacy)
2021-03-29 17:00:00,2021,3,18,15464,14.51,HOEP (Legacy)
2021-03-29 18:00:00,2021,3,19,15973,21.41,HOEP (Legacy)
2021-03-29 19:00:00,2021,3,20,16125,15.33,HOEP (Legacy)
2021-03-29 20:00:00,2021,3,21,15696,5.0,HOEP (Legacy)
2021-03-29 21:00:00,2021,3,22,14836,2.89,HOEP (Legacy)
2021-03-29 22:00:00,2021,3,23,13953,1.92,HOEP (Legacy)
2021-03-29 23:00:00,2021,3,24,13124,0.5,HOEP (Legacy)
2021-03-30 00:00:00,2021,3,1,12765,0.44,HOEP (Legacy)
2021-03-30 01:00:00,2021,3,2,12433,0.0,HOEP (Legacy)
2021-03-30 02:00:00,2021,3,3,12564,0.0,HOEP (Legacy)
2021-03-30 03:00:00,2021,3,4,12643,0.0,HOEP (Legacy)
2021-03-30 04:00:00,2021,3,5,13180,0.0,HOEP (Legacy)
2021-03-30 05:00:00,2021,3,6,14408,1.43,HOEP (Legacy)
2021-03-30 06:00:00,2021,3,7,15339,5.39,HOEP (Legacy)
2021-03-30 07:00:00,2021,3,8,15333,2.83,HOEP (Legacy)
2021-03-30 08:00:00,2021,3,9,14612,2.33,HOEP (Legacy)
2021-03-30 09:00:00,2021,3,10,14125,0.0,HOEP (Legacy)
2021-03-30 10:00:00,2021,3,11,13872,0.0,HOEP (Legacy)
2021-03-30 11:00:00,2021,3,12,13693,0.0,HOEP (Legacy)
2021-03-30 12:00:00,2021,3,13,13488,0.0,HOEP (Legacy)
2021-03-30 13:00:00,2021,3,14,13415,0.0,HOEP (Legacy)
2021-03-30 14:00:00,2021,3,15,13501,0.0,HOEP (Legacy)
2021-03-30 15:00:00,2021,3,16,13947,3.11,HOEP (Legacy)
2021-03-30 16:00:00,2021,3,17,14647,9.32,HOEP (Legacy)
2021-03-30 17:00:00,2021,3,18,14977,2.24,HOEP (Legacy)
2021-03-30 18:00:00,2021,3,19,15302,6.49,HOEP (Legacy)
2021-03-30 19:00:00,2021,3,20,15557,2.36,HOEP (Legacy)
2021-03-30 20:00:00,2021,3,21,15008,1.85,HOEP (Legacy)
2021-03-30 21:00:00,2021,3,22,14028,0.0,HOEP (Legacy)
2021-03-30 22:00:00,2021,3,23,12926,0.0,HOEP (Legacy)
2021-03-30 23:00:00,2021,3,24,12381,0.0,HOEP (Legacy)
2021-03-31 00:00:00,2021,3,1,12105,0.0,HOEP (Legacy)
2021-03-31 01:00:00,2021,3,2,11859,0.0,HOEP (Legacy)
2021-03-31 02:00:00,2021,3,3,11733,0.0,HOEP (Legacy)
2021-03-31 03:00:00,2021,3,4,11810,0.95,HOEP (Legacy)
2021-03-31 04:00:00,2021,3,5,12398,3.24,HOEP (Legacy)
2021-03-31 05:00:00,2021,3,6,13508,3.22,HOEP (Legacy)
2021-03-31 06:00:00,2021,3,7,14915,97.0,HOEP (Legacy)
2021-03-31 07:00:00,2021,3,8,15788,188.21,HOEP (Legacy)
2021-03-31 08:00:00,2021,3,9,15842,12.63,HOEP (Legacy)
2021-03-31 09:00:00,2021,3,10,15555,7.21,HOEP (Legacy)
2021-03-31 10:00:00,2021,3,11,15538,13.38,HOEP (Legacy)
2021-03-31 11:00:00,2021,3,12,15531,16.1,HOEP (Legacy)
2021-03-31 12:00:00,2021,3,13,15324,13.37,HOEP (Legacy)
2021-03-31 13:00:00,2021,3,14,15094,8.99,HOEP (Legacy)
2021-03-31 14:00:00,2021,3,15,14932,5.82,HOEP (Legacy)
2021-03-31 15:00:00,2021,3,16,15024,9.4,HOEP (Legacy)
2021-03-31 16:00:00,2021,3,17,15584,17.97,HOEP (Legacy)
2021-03-31 17:00:00,2021,3,18,15716,14.07,HOEP (Legacy)
2021-03-31 18:00:00,2021,3,19,16096,10.9,HOEP (Legacy)
2021-03-31 19:00:00,2021,3,20,16265,22.62,HOEP (Legacy)
2021-03-31 20:00:00,2021,3,21,15615,14.22,HOEP (Legacy)
2021-03-31 21:00:00,2021,3,22,14917,17.68,HOEP (Legacy)
2021-03-31 22:00:00,2021,3,23,13941,2.97,HOEP (Legacy)
2021-03-31 23:00:00,2021,3,24,13265,2.02,HOEP (Legacy)
2021-04-01 00:00:00,2021,4,1,12795,0.88,HOEP (Legacy)
2021-04-01 01:00:00,2021,4,2,12594,4.36,HOEP (Legacy)
2021-04-01 02:00:00,2021,4,3,12590,5.76,HOEP (Legacy)
2021-04-01 03:00:00,2021,4,4,12737,4.81,HOEP (Legacy)
2021-04-01 04:00:00,2021,4,5,13356,1.99,HOEP (Legacy)
2021-04-01 05:00:00,2021,4,6,14614,4.34,HOEP (Legacy)
2021-04-01 06:00:00,2021,4,7,15630,12.12,HOEP (Legacy)
2021-04-01 07:00:00,2021,4,8,16057,8.11,HOEP (Legacy)
2021-04-01 08:00:00,2021,4,9,15937,3.83,HOEP (Legacy)
2021-04-01 09:00:00,2021,4,10,15535,5.82,HOEP (Legacy)
2021-04-01 10:00:00,2021,4,11,15561,13.35,HOEP (Legacy)
2021-04-01 11:00:00,2021,4,12,15172,0.49,HOEP (Legacy)
2021-04-01 12:00:00,2021,4,13,14673,0.0,HOEP (Legacy)
2021-04-01 13:00:00,2021,4,14,14579,0.41,HOEP (Legacy)
2021-04-01 14:00:00,2021,4,15,14539,0.49,HOEP (Legacy)
2021-04-01 15:00:00,2021,4,16,14686,0.0,HOEP (Legacy)
2021-04-01 16:00:00,2021,4,17,15373,0.49,HOEP (Legacy)
2021-04-01 17:00:00,2021,4,18,15730,0.0,HOEP (Legacy)
2021-04-01 18:00:00,2021,4,19,16157,2.79,HOEP (Legacy)
2021-04-01 19:00:00,2021,4,20,16486,5.72,HOEP (Legacy)
2021-04-01 20:00:00,2021,4,21,16103,6.11,HOEP (Legacy)
2021-04-01 21:00:00,2021,4,22,15553,18.44,HOEP (Legacy)
2021-04-01 22:00:00,2021,4,23,14638,15.53,HOEP (Legacy)
2021-04-01 23:00:00,2021,4,24,13829,12.21,HOEP (Legacy)
2021-04-02 00:00:00,2021,4,1,13230,11.82,HOEP (Legacy)
2021-04-02 01:00:00,2021,4,2,12965,13.35,HOEP (Legacy)
2021-04-02 02:00:00,2021,4,3,13056,12.81,HOEP (Legacy)
2021-04-02 03:00:00,2021,4,4,13108,6.03,HOEP (Legacy)
2021-04-02 04:00:00,2021,4,5,13318,9.22,HOEP (Legacy)
2021-04-02 05:00:00,2021,4,6,13982,12.82,HOEP (Legacy)
2021-04-02 06:00:00,2021,4,7,14211,13.35,HOEP (Legacy)
2021-04-02 07:00:00,2021,4,8,14101,8.03,HOEP (Legacy)
2021-04-02 08:00:00,2021,4,9,13467,3.12,HOEP (Legacy)
2021-04-02 09:00:00,2021,4,10,13123,0.0,HOEP (Legacy)
2021-04-02 10:00:00,2021,4,11,13180,0.0,HOEP (Legacy)
2021-04-02 11:00:00,2021,4,12,13367,2.96,HOEP (Legacy)
2021-04-02 12:00:00,2021,4,13,13018,4.88,HOEP (Legacy)
2021-04-02 13:00:00,2021,4,14,12784,0.31,HOEP (Legacy)
2021-04-02 14:00:00,2021,4,15,12572,0.31,HOEP (Legacy)
2021-04-02 15:00:00,2021,4,16,13020,2.37,HOEP (Legacy)
2021-04-02 16:00:00,2021,4,17,13819,9.95,HOEP (Legacy)
2021-04-02 17:00:00,2021,4,18,14358,14.54,HOEP (Legacy)
2021-04-02 18:00:00,2021,4,19,14911,12.77,HOEP (Legacy)
2021-04-02 19:00:00,2021,4,20,15376,35.27,HOEP (Legacy)
2021-04-02 20:00:00,2021,4,21,15094,14.34,HOEP (Legacy)
2021-04-02 21:00:00,2021,4,22,14452,11.57,HOEP (Legacy)
2021-04-02 22:00:00,2021,4,23,13673,9.4,HOEP (Legacy)
2021-04-02 23:00:00,2021,4,24,13042,6.91,HOEP (Legacy)
2021-04-03 00:00:00,2021,4,1,12716,4.78,HOEP (Legacy)
2021-04-03 01:00:00,2021,4,2,12432,5.85,HOEP (Legacy)
2021-04-03 02:00:00,2021,4,3,12443,5.82,HOEP (Legacy)
2021-04-03 03:00:00,2021,4,4,12519,5.85,HOEP (Legacy)
2021-04-03 04:00:00,2021,4,5,12729,6.14,HOEP (Legacy)
2021-04-03 05:00:00,2021,4,6,13201,5.95,HOEP (Legacy)
2021-04-03 06:00:00,2021,4,7,13491,0.0,HOEP (Legacy)
2021-04-03 07:00:00,2021,4,8,13578,0.87,HOEP (Legacy)
2021-04-03 08:00:00,2021,4,9,13595,2.17,HOEP (Legacy)
2021-04-03 09:00:00,2021,4,10,13489,0.0,HOEP (Legacy)
2021-04-03 10:00:00,2021,4,11,13190,0.0,HOEP (Legacy)
2021-04-03 11:00:00,2021,4,12,13088,0.0,HOEP (Legacy)
2021-04-03 12:00:00,2021,4,13,13064,0.0,HOEP (Legacy)
2021-04-03 13:00:00,2021,4,14,12713,0.0,HOEP (Legacy)
2021-04-03 14:00:00,2021,4,15,12858,0.39,HOEP (Legacy)
2021-04-03 15:00:00,2021,4,16,13726,6.79,HOEP (Legacy)
2021-04-03 16:00:00,2021,4,17,14723,14.35,HOEP (Legacy)
2021-04-03 17:00:00,2021,4,18,14916,12.22,HOEP (Legacy)
2021-04-03 18:00:00,2021,4,19,14970,13.27,HOEP (Legacy)
2021-04-03 19:00:00,2021,4,20,14972,5.57,HOEP (Legacy)
2021-04-03 20:00:00,2021,4,21,14377,2.39,HOEP (Legacy)
2021-04-03 21:00:00,2021,4,22,13917,6.67,HOEP (Legacy)
2021-04-03 22:00:00,2021,4,23,13289,18.39,HOEP (Legacy)
2021-04-03 23:00:00,2021,4,24,12807,25.61,HOEP (Legacy)
2021-04-04 00:00:00,2021,4,1,12237,5.94,HOEP (Legacy)
2021-04-04 01:00:00,2021,4,2,12035,5.92,HOEP (Legacy)
2021-04-04 02:00:00,2021,4,3,11901,5.82,HOEP (Legacy)
2021-04-04 03:00:00,2021,4,4,11907,2.71,HOEP (Legacy)
2021-04-04 04:00:00,2021,4,5,12091,9.56,HOEP (Legacy)
2021-04-04 05:00:00,2021,4,6,12765,14.94,HOEP (Legacy)
2021-04-04 06:00:00,2021,4,7,12966,13.67,HOEP (Legacy)
2021-04-04 07:00:00,2021,4,8,13068,5.92,HOEP (Legacy)
2021-04-04 08:00:00,2021,4,9,13008,12.29,HOEP (Legacy)
2021-04-04 09:00:00,2021,4,10,12570,9.03,HOEP (Legacy)
2021-04-04 10:00:00,2021,4,11,12375,11.29,HOEP (Legacy)
2021-04-04 11:00:00,2021,4,12,12288,9.39,HOEP (Legacy)
2021-04-04 12:00:00,2021,4,13,12031,13.71,HOEP (Legacy)
2021-04-04 13:00:00,2021,4,14,11884,5.91,HOEP (Legacy)
2021-04-04 14:00:00,2021,4,15,12060,6.64,HOEP (Legacy)
2021-04-04 15:00:00,2021,4,16,12498,7.4,HOEP (Legacy)
2021-04-04 16:00:00,2021,4,17,13206,10.31,HOEP (Legacy)
2021-04-04 17:00:00,2021,4,18,13586,13.32,HOEP (Legacy)
2021-04-04 18:00:00,2021,4,19,13940,9.01,HOEP (Legacy)
2021-04-04 19:00:00,2021,4,20,14282,13.35,HOEP (Legacy)
2021-04-04 20:00:00,2021,4,21,14091,12.86,HOEP (Legacy)
2021-04-04 21:00:00,2021,4,22,13646,12.15,HOEP (Legacy)
2021-04-04 22:00:00,2021,4,23,12842,8.49,HOEP (Legacy)
2021-04-04 23:00:00,2021,4,24,12270,6.82,HOEP (Legacy)
2021-04-05 00:00:00,2021,4,1,11973,0.9,HOEP (Legacy)
2021-04-05 01:00:00,2021,4,2,11793,0.9,HOEP (Legacy)
2021-04-05 02:00:00,2021,4,3,11757,1.86,HOEP (Legacy)
2021-04-05 03:00:00,2021,4,4,11920,0.0,HOEP (Legacy)
2021-04-05 04:00:00,2021,4,5,12313,0.0,HOEP (Legacy)
2021-04-05 05:00:00,2021,4,6,13249,0.0,HOEP (Legacy)
2021-04-05 06:00:00,2021,4,7,13979,5.26,HOEP (Legacy)
2021-04-05 07:00:00,2021,4,8,14251,6.8,HOEP (Legacy)
2021-04-05 08:00:00,2021,4,9,14187,13.46,HOEP (Legacy)
2021-04-05 09:00:00,2021,4,10,14049,14.25,HOEP (Legacy)
2021-04-05 10:00:00,2021,4,11,14007,13.26,HOEP (Legacy)
2021-04-05 11:00:00,2021,4,12,14226,23.27,HOEP (Legacy)
2021-04-05 12:00:00,2021,4,13,14353,9.13,HOEP (Legacy)
2021-04-05 13:00:00,2021,4,14,14043,2.98,HOEP (Legacy)
2021-04-05 14:00:00,2021,4,15,13945,0.0,HOEP (Legacy)
2021-04-05 15:00:00,2021,4,16,14306,0.0,HOEP (Legacy)
2021-04-05 16:00:00,2021,4,17,14938,0.0,HOEP (Legacy)
2021-04-05 17:00:00,2021,4,18,15085,4.47,HOEP (Legacy)
2021-04-05 18:00:00,2021,4,19,15376,4.85,HOEP (Legacy)
2021-04-05 19:00:00,2021,4,20,15557,3.42,HOEP (Legacy)
2021-04-05 20:00:00,2021,4,21,14968,5.24,HOEP (Legacy)
2021-04-05 21:00:00,2021,4,22,14047,3.41,HOEP (Legacy)
2021-04-05 22:00:00,2021,4,23,13136,0.9,HOEP (Legacy)
2021-04-05 23:00:00,2021,4,24,12571,3.69,HOEP (Legacy)
2021-04-06 00:00:00,2021,4,1,12166,2.73,HOEP (Legacy)
2021-04-06 01:00:00,2021,4,2,12011,5.58,HOEP (Legacy)
2021-04-06 02:00:00,2021,4,3,12063,4.25,HOEP (Legacy)
2021-04-06 03:00:00,2021,4,4,12055,0.0,HOEP (Legacy)
2021-04-06 04:00:00,2021,4,5,12588,0.0,HOEP (Legacy)
2021-04-06 05:00:00,2021,4,6,13703,2.34,HOEP (Legacy)
2021-04-06 06:00:00,2021,4,7,14484,0.0,HOEP (Legacy)
2021-04-06 07:00:00,2021,4,8,14540,0.0,HOEP (Legacy)
2021-04-06 08:00:00,2021,4,9,14447,5.41,HOEP (Legacy)
2021-04-06 09:00:00,2021,4,10,13852,5.2,HOEP (Legacy)
2021-04-06 10:00:00,2021,4,11,13596,5.84,HOEP (Legacy)
2021-04-06 11:00:00,2021,4,12,13644,6.0,HOEP (Legacy)
2021-04-06 12:00:00,2021,4,13,13427,5.9,HOEP (Legacy)
2021-04-06 13:00:00,2021,4,14,13512,6.02,HOEP (Legacy)
2021-04-06 14:00:00,2021,4,15,13743,13.43,HOEP (Legacy)
2021-04-06 15:00:00,2021,4,16,14338,11.58,HOEP (Legacy)
2021-04-06 16:00:00,2021,4,17,14984,13.31,HOEP (Legacy)
2021-04-06 17:00:00,2021,4,18,15197,10.12,HOEP (Legacy)
2021-04-06 18:00:00,2021,4,19,15429,8.48,HOEP (Legacy)
2021-04-06 19:00:00,2021,4,20,15450,5.91,HOEP (Legacy)
2021-04-06 20:00:00,2021,4,21,14815,5.95,HOEP (Legacy)
2021-04-06 21:00:00,2021,4,22,14029,5.99,HOEP (Legacy)
2021-04-06 22:00:00,2021,4,23,13214,23.93,HOEP (Legacy)
2021-04-06 23:00:00,2021,4,24,12532,9.06,HOEP (Legacy)
2021-04-07 00:00:00,2021,4,1,12076,5.96,HOEP (Legacy)
2021-04-07 01:00:00,2021,4,2,11820,13.29,HOEP (Legacy)
2021-04-07 02:00:00,2021,4,3,11760,13.27,HOEP (Legacy)
2021-04-07 03:00:00,2021,4,4,11920,13.5,HOEP (Legacy)
2021-04-07 04:00:00,2021,4,5,12476,6.58,HOEP (Legacy)
2021-04-07 05:00:00,2021,4,6,13601,3.77,HOEP (Legacy)
2021-04-07 06:00:00,2021,4,7,14357,11.46,HOEP (Legacy)
2021-04-07 07:00:00,2021,4,8,14736,15.83,HOEP (Legacy)
2021-04-07 08:00:00,2021,4,9,14568,15.46,HOEP (Legacy)
2021-04-07 09:00:00,2021,4,10,13865,13.83,HOEP (Legacy)
2021-04-07 10:00:00,2021,4,11,13478,7.42,HOEP (Legacy)
2021-04-07 11:00:00,2021,4,12,13468,5.83,HOEP (Legacy)
2021-04-07 12:00:00,2021,4,13,13331,4.52,HOEP (Legacy)
2021-04-07 13:00:00,2021,4,14,13172,2.33,HOEP (Legacy)
2021-04-07 14:00:00,2021,4,15,13181,5.95,HOEP (Legacy)
2021-04-07 15:00:00,2021,4,16,13470,0.46,HOEP (Legacy)
2021-04-07 16:00:00,2021,4,17,14079,5.89,HOEP (Legacy)
2021-04-07 17:00:00,2021,4,18,14249,0.0,HOEP (Legacy)
2021-04-07 18:00:00,2021,4,19,14518,0.0,HOEP (Legacy)
2021-04-07 19:00:00,2021,4,20,14767,2.3,HOEP (Legacy)
2021-04-07 20:00:00,2021,4,21,14149,0.41,HOEP (Legacy)
2021-04-07 21:00:00,2021,4,22,13304,0.0,HOEP (Legacy)
2021-04-07 22:00:00,2021,4,23,12393,0.0,HOEP (Legacy)
2021-04-07 23:00:00,2021,4,24,11892,0.0,HOEP (Legacy)
2021-04-08 00:00:00,2021,4,1,11497,0.0,HOEP (Legacy)
2021-04-08 01:00:00,2021,4,2,11289,-0.02,HOEP (Legacy)
2021-04-08 02:00:00,2021,4,3,11257,-0.01,HOEP (Legacy)
2021-04-08 03:00:00,2021,4,4,11452,0.0,HOEP (Legacy)
2021-04-08 04:00:00,2021,4,5,11940,0.0,HOEP (Legacy)
2021-04-08 05:00:00,2021,4,6,12944,0.0,HOEP (Legacy)
2021-04-08 06:00:00,2021,4,7,13601,0.0,HOEP (Legacy)
2021-04-08 07:00:00,2021,4,8,14024,0.0,HOEP (Legacy)
2021-04-08 08:00:00,2021,4,9,13980,5.79,HOEP (Legacy)
2021-04-08 09:00:00,2021,4,10,13614,6.32,HOEP (Legacy)
2021-04-08 10:00:00,2021,4,11,13560,6.81,HOEP (Legacy)
2021-04-08 11:00:00,2021,4,12,13575,11.63,HOEP (Legacy)
2021-04-08 12:00:00,2021,4,13,13215,4.71,HOEP (Legacy)
2021-04-08 13:00:00,2021,4,14,13096,0.95,HOEP (Legacy)
2021-04-08 14:00:00,2021,4,15,13268,0.0,HOEP (Legacy)
2021-04-08 15:00:00,2021,4,16,13548,0.0,HOEP (Legacy)
2021-04-08 16:00:00,2021,4,17,14252,8.36,HOEP (Legacy)
2021-04-08 17:00:00,2021,4,18,14577,10.26,HOEP (Legacy)
2021-04-08 18:00:00,2021,4,19,14885,7.84,HOEP (Legacy)
2021-04-08 19:00:00,2021,4,20,15161,3.88,HOEP (Legacy)
2021-04-08 20:00:00,2021,4,21,14337,2.24,HOEP (Legacy)
2021-04-08 21:00:00,2021,4,22,13321,2.63,HOEP (Legacy)
2021-04-08 22:00:00,2021,4,23,12421,0.0,HOEP (Legacy)
2021-04-08 23:00:00,2021,4,24,11869,0.0,HOEP (Legacy)
2021-04-09 00:00:00,2021,4,1,11465,0.0,HOEP (Legacy)
2021-04-09 01:00:00,2021,4,2,11391,0.0,HOEP (Legacy)
2021-04-09 02:00:00,2021,4,3,11231,0.0,HOEP (Legacy)
2021-04-09 03:00:00,2021,4,4,11182,0.0,HOEP (Legacy)
2021-04-09 04:00:00,2021,4,5,11614,0.0,HOEP (Legacy)
2021-04-09 05:00:00,2021,4,6,12612,0.47,HOEP (Legacy)
2021-04-09 06:00:00,2021,4,7,13588,1.97,HOEP (Legacy)
2021-04-09 07:00:00,2021,4,8,14311,9.18,HOEP (Legacy)
2021-04-09 08:00:00,2021,4,9,14369,12.48,HOEP (Legacy)
2021-04-09 09:00:00,2021,4,10,14129,13.35,HOEP (Legacy)
2021-04-09 10:00:00,2021,4,11,14043,13.35,HOEP (Legacy)
2021-04-09 11:00:00,2021,4,12,14040,13.36,HOEP (Legacy)
2021-04-09 12:00:00,2021,4,13,14125,14.09,HOEP (Legacy)
2021-04-09 13:00:00,2021,4,14,13884,12.8,HOEP (Legacy)
2021-04-09 14:00:00,2021,4,15,13737,6.82,HOEP (Legacy)
2021-04-09 15:00:00,2021,4,16,13796,5.73,HOEP (Legacy)
2021-04-09 16:00:00,2021,4,17,14186,5.96,HOEP (Legacy)
2021-04-09 17:00:00,2021,4,18,14201,1.65,HOEP (Legacy)
2021-04-09 18:00:00,2021,4,19,14374,0.0,HOEP (Legacy)
2021-04-09 19:00:00,2021,4,20,14484,0.0,HOEP (Legacy)
2021-04-09 20:00:00,2021,4,21,13980,0.0,HOEP (Legacy)
2021-04-09 21:00:00,2021,4,22,13157,0.0,HOEP (Legacy)
2021-04-09 22:00:00,2021,4,23,12327,0.0,HOEP (Legacy)
2021-04-09 23:00:00,2021,4,24,11573,0.0,HOEP (Legacy)
2021-04-10 00:00:00,2021,4,1,11134,0.0,HOEP (Legacy)
2021-04-10 01:00:00,2021,4,2,10994,0.0,HOEP (Legacy)
2021-04-10 02:00:00,2021,4,3,10995,0.0,HOEP (Legacy)
2021-04-10 03:00:00,2021,4,4,10976,0.0,HOEP (Legacy)
2021-04-10 04:00:00,2021,4,5,11141,2.59,HOEP (Legacy)
2021-04-10 05:00:00,2021,4,6,11776,15.18,HOEP (Legacy)
2021-04-10 06:00:00,2021,4,7,11892,12.41,HOEP (Legacy)
2021-04-10 07:00:00,2021,4,8,12238,5.85,HOEP (Legacy)
2021-04-10 08:00:00,2021,4,9,12501,5.97,HOEP (Legacy)
2021-04-10 09:00:00,2021,4,10,12448,10.56,HOEP (Legacy)
2021-04-10 10:00:00,2021,4,11,12456,7.36,HOEP (Legacy)
2021-04-10 11:00:00,2021,4,12,12481,8.16,HOEP (Legacy)
2021-04-10 12:00:00,2021,4,13,12283,8.17,HOEP (Legacy)
2021-04-10 13:00:00,2021,4,14,12156,5.88,HOEP (Legacy)
2021-04-10 14:00:00,2021,4,15,12425,6.58,HOEP (Legacy)
2021-04-10 15:00:00,2021,4,16,12802,5.97,HOEP (Legacy)
2021-04-10 16:00:00,2021,4,17,13395,5.87,HOEP (Legacy)
2021-04-10 17:00:00,2021,4,18,13615,5.81,HOEP (Legacy)
2021-04-10 18:00:00,2021,4,19,13718,5.79,HOEP (Legacy)
2021-04-10 19:00:00,2021,4,20,13854,4.08,HOEP (Legacy)
2021-04-10 20:00:00,2021,4,21,13258,7.2,HOEP (Legacy)
2021-04-10 21:00:00,2021,4,22,12660,7.35,HOEP (Legacy)
2021-04-10 22:00:00,2021,4,23,11848,1.96,HOEP (Legacy)
2021-04-10 23:00:00,2021,4,24,11248,0.0,HOEP (Legacy)
2021-04-11 00:00:00,2021,4,1,10800,0.0,HOEP (Legacy)
2021-04-11 01:00:00,2021,4,2,10593,0.0,HOEP (Legacy)
2021-04-11 02:00:00,2021,4,3,10498,-0.29,HOEP (Legacy)
2021-04-11 03:00:00,2021,4,4,10513,-0.07,HOEP (Legacy)
2021-04-11 04:00:00,2021,4,5,10625,0.0,HOEP (Legacy)
2021-04-11 05:00:00,2021,4,6,10864,0.0,HOEP (Legacy)
2021-04-11 06:00:00,2021,4,7,11247,0.0,HOEP (Legacy)
2021-04-11 07:00:00,2021,4,8,11846,0.88,HOEP (Legacy)
2021-04-11 08:00:00,2021,4,9,12594,9.4,HOEP (Legacy)
2021-04-11 09:00:00,2021,4,10,13106,24.12,HOEP (Legacy)
2021-04-11 10:00:00,2021,4,11,13337,15.36,HOEP (Legacy)
2021-04-11 11:00:00,2021,4,12,13437,14.36,HOEP (Legacy)
2021-04-11 12:00:00,2021,4,13,13347,14.37,HOEP (Legacy)
2021-04-11 13:00:00,2021,4,14,13238,5.96,HOEP (Legacy)
2021-04-11 14:00:00,2021,4,15,13389,5.85,HOEP (Legacy)
2021-04-11 15:00:00,2021,4,16,13797,13.45,HOEP (Legacy)
2021-04-11 16:00:00,2021,4,17,14552,39.56,HOEP (Legacy)
2021-04-11 17:00:00,2021,4,18,14665,64.65,HOEP (Legacy)
2021-04-11 18:00:00,2021,4,19,14552,6.06,HOEP (Legacy)
2021-04-11 19:00:00,2021,4,20,14381,0.41,HOEP (Legacy)
2021-04-11 20:00:00,2021,4,21,13741,2.72,HOEP (Legacy)
2021-04-11 21:00:00,2021,4,22,13077,5.38,HOEP (Legacy)
2021-04-11 22:00:00,2021,4,23,12338,4.92,HOEP (Legacy)
2021-04-11 23:00:00,2021,4,24,11777,12.29,HOEP (Legacy)
2021-04-12 00:00:00,2021,4,1,11513,5.94,HOEP (Legacy)
2021-04-12 01:00:00,2021,4,2,11266,14.35,HOEP (Legacy)
2021-04-12 02:00:00,2021,4,3,11359,14.35,HOEP (Legacy)
2021-04-12 03:00:00,2021,4,4,11501,14.33,HOEP (Legacy)
2021-04-12 04:00:00,2021,4,5,11799,2.91,HOEP (Legacy)
2021-04-12 05:00:00,2021,4,6,13010,5.7,HOEP (Legacy)
2021-04-12 06:00:00,2021,4,7,13812,10.95,HOEP (Legacy)
2021-04-12 07:00:00,2021,4,8,14539,12.59,HOEP (Legacy)
2021-04-12 08:00:00,2021,4,9,15079,26.55,HOEP (Legacy)
2021-04-12 09:00:00,2021,4,10,15335,57.32,HOEP (Legacy)
2021-04-12 10:00:00,2021,4,11,15468,20.2,HOEP (Legacy)
2021-04-12 11:00:00,2021,4,12,15392,16.4,HOEP (Legacy)
2021-04-12 12:00:00,2021,4,13,15039,16.47,HOEP (Legacy)
2021-04-12 13:00:00,2021,4,14,14833,13.32,HOEP (Legacy)
2021-04-12 14:00:00,2021,4,15,14840,15.78,HOEP (Legacy)
2021-04-12 15:00:00,2021,4,16,15015,17.78,HOEP (Legacy)
2021-04-12 16:00:00,2021,4,17,15499,22.25,HOEP (Legacy)
2021-04-12 17:00:00,2021,4,18,15553,19.85,HOEP (Legacy)
2021-04-12 18:00:00,2021,4,19,15587,18.63,HOEP (Legacy)
2021-04-12 19:00:00,2021,4,20,15572,13.31,HOEP (Legacy)
2021-04-12 20:00:00,2021,4,21,14764,14.69,HOEP (Legacy)
2021-04-12 21:00:00,2021,4,22,13911,14.64,HOEP (Legacy)
2021-04-12 22:00:00,2021,4,23,13106,18.76,HOEP (Legacy)
2021-04-12 23:00:00,2021,4,24,12609,11.82,HOEP (Legacy)
2021-04-13 00:00:00,2021,4,1,12003,13.08,HOEP (Legacy)
2021-04-13 01:00:00,2021,4,2,11789,8.2,HOEP (Legacy)
2021-04-13 02:00:00,2021,4,3,11772,6.9,HOEP (Legacy)
2021-04-13 03:00:00,2021,4,4,11917,6.05,HOEP (Legacy)
2021-04-13 04:00:00,2021,4,5,12305,0.97,HOEP (Legacy)
2021-04-13 05:00:00,2021,4,6,13296,7.84,HOEP (Legacy)
2021-04-13 06:00:00,2021,4,7,14131,20.72,HOEP (Legacy)
2021-04-13 07:00:00,2021,4,8,14705,59.56,HOEP (Legacy)
2021-04-13 08:00:00,2021,4,9,14482,14.37,HOEP (Legacy)
2021-04-13 09:00:00,2021,4,10,14332,14.34,HOEP (Legacy)
2021-04-13 10:00:00,2021,4,11,14510,14.36,HOEP (Legacy)
2021-04-13 11:00:00,2021,4,12,14294,9.5,HOEP (Legacy)
2021-04-13 12:00:00,2021,4,13,13831,5.36,HOEP (Legacy)
2021-04-13 13:00:00,2021,4,14,13569,9.24,HOEP (Legacy)
2021-04-13 14:00:00,2021,4,15,13599,5.9,HOEP (Legacy)
2021-04-13 15:00:00,2021,4,16,13804,7.42,HOEP (Legacy)
2021-04-13 16:00:00,2021,4,17,14340,6.59,HOEP (Legacy)
2021-04-13 17:00:00,2021,4,18,14611,7.07,HOEP (Legacy)
2021-04-13 18:00:00,2021,4,19,14944,11.15,HOEP (Legacy)
2021-04-13 19:00:00,2021,4,20,15242,6.32,HOEP (Legacy)
2021-04-13 20:00:00,2021,4,21,14662,11.62,HOEP (Legacy)
2021-04-13 21:00:00,2021,4,22,13804,25.27,HOEP (Legacy)
2021-04-13 22:00:00,2021,4,23,12995,7.28,HOEP (Legacy)
2021-04-13 23:00:00,2021,4,24,12170,2.2,HOEP (Legacy)
2021-04-14 00:00:00,2021,4,1,11727,0.0,HOEP (Legacy)
2021-04-14 01:00:00,2021,4,2,11594,0.0,HOEP (Legacy)
2021-04-14 02:00:00,2021,4,3,11680,2.93,HOEP (Legacy)
2021-04-14 03:00:00,2021,4,4,11959,11.79,HOEP (Legacy)
2021-04-14 04:00:00,2021,4,5,12447,16.82,HOEP (Legacy)
2021-04-14 05:00:00,2021,4,6,13434,10.91,HOEP (Legacy)
2021-04-14 06:00:00,2021,4,7,14157,14.02,HOEP (Legacy)
2021-04-14 07:00:00,2021,4,8,14444,14.38,HOEP (Legacy)
2021-04-14 08:00:00,2021,4,9,14076,11.1,HOEP (Legacy)
2021-04-14 09:00:00,2021,4,10,13370,9.35,HOEP (Legacy)
2021-04-14 10:00:00,2021,4,11,13205,12.23,HOEP (Legacy)
2021-04-14 11:00:00,2021,4,12,13246,6.56,HOEP (Legacy)
2021-04-14 12:00:00,2021,4,13,13282,1.92,HOEP (Legacy)
2021-04-14 13:00:00,2021,4,14,13100,0.48,HOEP (Legacy)
2021-04-14 14:00:00,2021,4,15,13319,2.75,HOEP (Legacy)
2021-04-14 15:00:00,2021,4,16,13770,3.56,HOEP (Legacy)
2021-04-14 16:00:00,2021,4,17,14650,18.5,HOEP (Legacy)
2021-04-14 17:00:00,2021,4,18,14662,12.24,HOEP (Legacy)
2021-04-14 18:00:00,2021,4,19,14770,13.32,HOEP (Legacy)
2021-04-14 19:00:00,2021,4,20,14998,7.88,HOEP (Legacy)
2021-04-14 20:00:00,2021,4,21,14529,2.79,HOEP (Legacy)
2021-04-14 21:00:00,2021,4,22,13769,2.75,HOEP (Legacy)
2021-04-14 22:00:00,2021,4,23,13025,3.35,HOEP (Legacy)
2021-04-14 23:00:00,2021,4,24,12622,7.66,HOEP (Legacy)
2021-04-15 00:00:00,2021,4,1,12297,12.34,HOEP (Legacy)
2021-04-15 01:00:00,2021,4,2,12128,14.35,HOEP (Legacy)
2021-04-15 02:00:00,2021,4,3,12042,6.0,HOEP (Legacy)
2021-04-15 03:00:00,2021,4,4,12140,5.88,HOEP (Legacy)
2021-04-15 04:00:00,2021,4,5,12523,5.32,HOEP (Legacy)
2021-04-15 05:00:00,2021,4,6,13338,5.54,HOEP (Legacy)
2021-04-15 06:00:00,2021,4,7,14302,16.65,HOEP (Legacy)
2021-04-15 07:00:00,2021,4,8,14902,74.03,HOEP (Legacy)
2021-04-15 08:00:00,2021,4,9,15335,78.94,HOEP (Legacy)
2021-04-15 09:00:00,2021,4,10,15388,52.61,HOEP (Legacy)
2021-04-15 10:00:00,2021,4,11,15409,26.31,HOEP (Legacy)
2021-04-15 11:00:00,2021,4,12,15509,39.9,HOEP (Legacy)
2021-04-15 12:00:00,2021,4,13,15207,20.47,HOEP (Legacy)
2021-04-15 13:00:00,2021,4,14,14923,12.58,HOEP (Legacy)
2021-04-15 14:00:00,2021,4,15,14937,12.0,HOEP (Legacy)
2021-04-15 15:00:00,2021,4,16,15117,24.71,HOEP (Legacy)
2021-04-15 16:00:00,2021,4,17,15554,28.69,HOEP (Legacy)
2021-04-15 17:00:00,2021,4,18,15538,14.36,HOEP (Legacy)
2021-04-15 18:00:00,2021,4,19,15714,31.8,HOEP (Legacy)
2021-04-15 19:00:00,2021,4,20,15775,6.29,HOEP (Legacy)
2021-04-15 20:00:00,2021,4,21,15079,9.76,HOEP (Legacy)
2021-04-15 21:00:00,2021,4,22,14237,7.18,HOEP (Legacy)
2021-04-15 22:00:00,2021,4,23,13345,3.5,HOEP (Legacy)
2021-04-15 23:00:00,2021,4,24,12631,2.37,HOEP (Legacy)
2021-04-16 00:00:00,2021,4,1,12198,0.0,HOEP (Legacy)
2021-04-16 01:00:00,2021,4,2,11904,0.0,HOEP (Legacy)
2021-04-16 02:00:00,2021,4,3,11846,0.0,HOEP (Legacy)
2021-04-16 03:00:00,2021,4,4,12012,0.0,HOEP (Legacy)
2021-04-16 04:00:00,2021,4,5,12585,0.0,HOEP (Legacy)
2021-04-16 05:00:00,2021,4,6,13566,0.47,HOEP (Legacy)
2021-04-16 06:00:00,2021,4,7,14246,4.4,HOEP (Legacy)
2021-04-16 07:00:00,2021,4,8,14934,6.04,HOEP (Legacy)
2021-04-16 08:00:00,2021,4,9,15191,1.64,HOEP (Legacy)
2021-04-16 09:00:00,2021,4,10,15223,5.32,HOEP (Legacy)
2021-04-16 10:00:00,2021,4,11,15206,5.75,HOEP (Legacy)
2021-04-16 11:00:00,2021,4,12,15061,5.83,HOEP (Legacy)
2021-04-16 12:00:00,2021,4,13,15005,5.88,HOEP (Legacy)
2021-04-16 13:00:00,2021,4,14,14898,5.82,HOEP (Legacy)
2021-04-16 14:00:00,2021,4,15,14790,4.3,HOEP (Legacy)
2021-04-16 15:00:00,2021,4,16,15074,8.39,HOEP (Legacy)
2021-04-16 16:00:00,2021,4,17,15551,17.01,HOEP (Legacy)
2021-04-16 17:00:00,2021,4,18,15629,15.2,HOEP (Legacy)
2021-04-16 18:00:00,2021,4,19,15778,11.88,HOEP (Legacy)
2021-04-16 19:00:00,2021,4,20,15811,15.89,HOEP (Legacy)
2021-04-16 20:00:00,2021,4,21,15144,17.36,HOEP (Legacy)
2021-04-16 21:00:00,2021,4,22,14338,13.02,HOEP (Legacy)
2021-04-16 22:00:00,2021,4,23,13292,11.79,HOEP (Legacy)
2021-04-16 23:00:00,2021,4,24,12573,10.88,HOEP (Legacy)
2021-04-17 00:00:00,2021,4,1,12131,5.92,HOEP (Legacy)
2021-04-17 01:00:00,2021,4,2,11910,5.94,HOEP (Legacy)
2021-04-17 02:00:00,2021,4,3,11843,5.98,HOEP (Legacy)
2021-04-17 03:00:00,2021,4,4,11924,9.63,HOEP (Legacy)
2021-04-17 04:00:00,2021,4,5,12030,10.54,HOEP (Legacy)
2021-04-17 05:00:00,2021,4,6,12442,11.54,HOEP (Legacy)
2021-04-17 06:00:00,2021,4,7,12968,9.16,HOEP (Legacy)
2021-04-17 07:00:00,2021,4,8,13565,13.27,HOEP (Legacy)
2021-04-17 08:00:00,2021,4,9,13701,13.08,HOEP (Legacy)
2021-04-17 09:00:00,2021,4,10,13558,7.53,HOEP (Legacy)
2021-04-17 10:00:00,2021,4,11,13685,11.08,HOEP (Legacy)
2021-04-17 11:00:00,2021,4,12,13608,6.05,HOEP (Legacy)
2021-04-17 12:00:00,2021,4,13,13305,5.94,HOEP (Legacy)
2021-04-17 13:00:00,2021,4,14,13020,0.95,HOEP (Legacy)
2021-04-17 14:00:00,2021,4,15,12927,0.95,HOEP (Legacy)
2021-04-17 15:00:00,2021,4,16,13142,3.76,HOEP (Legacy)
2021-04-17 16:00:00,2021,4,17,13729,4.37,HOEP (Legacy)
2021-04-17 17:00:00,2021,4,18,14031,5.87,HOEP (Legacy)
2021-04-17 18:00:00,2021,4,19,14167,5.93,HOEP (Legacy)
2021-04-17 19:00:00,2021,4,20,14350,13.68,HOEP (Legacy)
2021-04-17 20:00:00,2021,4,21,13988,9.03,HOEP (Legacy)
2021-04-17 21:00:00,2021,4,22,13396,7.52,HOEP (Legacy)
2021-04-17 22:00:00,2021,4,23,12599,7.92,HOEP (Legacy)
2021-04-17 23:00:00,2021,4,24,12029,9.68,HOEP (Legacy)
2021-04-18 00:00:00,2021,4,1,11619,7.71,HOEP (Legacy)
2021-04-18 01:00:00,2021,4,2,11433,8.66,HOEP (Legacy)
2021-04-18 02:00:00,2021,4,3,11354,7.2,HOEP (Legacy)
2021-04-18 03:00:00,2021,4,4,11406,13.82,HOEP (Legacy)
2021-04-18 04:00:00,2021,4,5,11667,10.76,HOEP (Legacy)
2021-04-18 05:00:00,2021,4,6,11997,12.48,HOEP (Legacy)
2021-04-18 06:00:00,2021,4,7,12219,5.76,HOEP (Legacy)
2021-04-18 07:00:00,2021,4,8,12590,6.07,HOEP (Legacy)
2021-04-18 08:00:00,2021,4,9,12621,6.08,HOEP (Legacy)
2021-04-18 09:00:00,2021,4,10,12427,5.91,HOEP (Legacy)
2021-04-18 10:00:00,2021,4,11,12308,5.95,HOEP (Legacy)
2021-04-18 11:00:00,2021,4,12,12504,10.65,HOEP (Legacy)
2021-04-18 12:00:00,2021,4,13,12483,5.87,HOEP (Legacy)
2021-04-18 13:00:00,2021,4,14,12506,4.23,HOEP (Legacy)
2021-04-18 14:00:00,2021,4,15,12537,5.9,HOEP (Legacy)
2021-04-18 15:00:00,2021,4,16,13133,8.67,HOEP (Legacy)
2021-04-18 16:00:00,2021,4,17,13922,14.41,HOEP (Legacy)
2021-04-18 17:00:00,2021,4,18,14118,11.61,HOEP (Legacy)
2021-04-18 18:00:00,2021,4,19,14087,5.95,HOEP (Legacy)
2021-04-18 19:00:00,2021,4,20,14254,5.73,HOEP (Legacy)
2021-04-18 20:00:00,2021,4,21,13888,4.71,HOEP (Legacy)
2021-04-18 21:00:00,2021,4,22,13310,4.91,HOEP (Legacy)
2021-04-18 22:00:00,2021,4,23,12596,4.76,HOEP (Legacy)
2021-04-18 23:00:00,2021,4,24,11999,4.21,HOEP (Legacy)
2021-04-19 00:00:00,2021,4,1,11602,2.38,HOEP (Legacy)
2021-04-19 01:00:00,2021,4,2,11455,5.18,HOEP (Legacy)
2021-04-19 02:00:00,2021,4,3,11408,0.41,HOEP (Legacy)
2021-04-19 03:00:00,2021,4,4,11939,5.9,HOEP (Legacy)
2021-04-19 04:00:00,2021,4,5,12248,8.48,HOEP (Legacy)
2021-04-19 05:00:00,2021,4,6,13331,5.24,HOEP (Legacy)
2021-04-19 06:00:00,2021,4,7,14010,2.8,HOEP (Legacy)
2021-04-19 07:00:00,2021,4,8,14199,5.96,HOEP (Legacy)
2021-04-19 08:00:00,2021,4,9,13998,1.97,HOEP (Legacy)
2021-04-19 09:00:00,2021,4,10,13435,0.0,HOEP (Legacy)
2021-04-19 10:00:00,2021,4,11,13289,0.0,HOEP (Legacy)
2021-04-19 11:00:00,2021,4,12,13340,0.48,HOEP (Legacy)
2021-04-19 12:00:00,2021,4,13,13349,0.0,HOEP (Legacy)
2021-04-19 13:00:00,2021,4,14,13487,0.0,HOEP (Legacy)
2021-04-19 14:00:00,2021,4,15,13519,3.77,HOEP (Legacy)
2021-04-19 15:00:00,2021,4,16,14051,5.53,HOEP (Legacy)
2021-04-19 16:00:00,2021,4,17,14793,4.05,HOEP (Legacy)
2021-04-19 17:00:00,2021,4,18,14947,2.91,HOEP (Legacy)
2021-04-19 18:00:00,2021,4,19,15059,6.52,HOEP (Legacy)
2021-04-19 19:00:00,2021,4,20,15302,6.08,HOEP (Legacy)
2021-04-19 20:00:00,2021,4,21,14837,5.1,HOEP (Legacy)
2021-04-19 21:00:00,2021,4,22,13955,5.27,HOEP (Legacy)
2021-04-19 22:00:00,2021,4,23,12926,3.73,HOEP (Legacy)
2021-04-19 23:00:00,2021,4,24,12474,6.54,HOEP (Legacy)
2021-04-20 00:00:00,2021,4,1,12131,2.68,HOEP (Legacy)
2021-04-20 01:00:00,2021,4,2,11847,0.0,HOEP (Legacy)
2021-04-20 02:00:00,2021,4,3,11819,0.0,HOEP (Legacy)
2021-04-20 03:00:00,2021,4,4,11970,0.0,HOEP (Legacy)
2021-04-20 04:00:00,2021,4,5,12394,0.0,HOEP (Legacy)
2021-04-20 05:00:00,2021,4,6,13514,0.0,HOEP (Legacy)
2021-04-20 06:00:00,2021,4,7,14438,6.43,HOEP (Legacy)
2021-04-20 07:00:00,2021,4,8,15156,11.61,HOEP (Legacy)
2021-04-20 08:00:00,2021,4,9,14851,6.79,HOEP (Legacy)
2021-04-20 09:00:00,2021,4,10,14961,0.0,HOEP (Legacy)
2021-04-20 10:00:00,2021,4,11,15173,13.0,HOEP (Legacy)
2021-04-20 11:00:00,2021,4,12,15307,25.09,HOEP (Legacy)
2021-04-20 12:00:00,2021,4,13,15230,9.84,HOEP (Legacy)
2021-04-20 13:00:00,2021,4,14,15044,8.17,HOEP (Legacy)
2021-04-20 14:00:00,2021,4,15,15391,16.06,HOEP (Legacy)
2021-04-20 15:00:00,2021,4,16,15983,28.16,HOEP (Legacy)
2021-04-20 16:00:00,2021,4,17,16592,20.4,HOEP (Legacy)
2021-04-20 17:00:00,2021,4,18,16644,18.95,HOEP (Legacy)
2021-04-20 18:00:00,2021,4,19,16320,16.92,HOEP (Legacy)
2021-04-20 19:00:00,2021,4,20,16330,20.53,HOEP (Legacy)
2021-04-20 20:00:00,2021,4,21,15670,11.11,HOEP (Legacy)
2021-04-20 21:00:00,2021,4,22,14755,10.12,HOEP (Legacy)
2021-04-20 22:00:00,2021,4,23,13860,7.72,HOEP (Legacy)
2021-04-20 23:00:00,2021,4,24,13349,7.54,HOEP (Legacy)
2021-04-21 00:00:00,2021,4,1,12977,16.1,HOEP (Legacy)
2021-04-21 01:00:00,2021,4,2,12867,18.72,HOEP (Legacy)
2021-04-21 02:00:00,2021,4,3,12837,14.38,HOEP (Legacy)
2021-04-21 03:00:00,2021,4,4,12998,12.64,HOEP (Legacy)
2021-04-21 04:00:00,2021,4,5,13554,9.5,HOEP (Legacy)
2021-04-21 05:00:00,2021,4,6,14520,12.73,HOEP (Legacy)
2021-04-21 06:00:00,2021,4,7,15262,23.52,HOEP (Legacy)
2021-04-21 07:00:00,2021,4,8,16031,42.0,HOEP (Legacy)
2021-04-21 08:00:00,2021,4,9,16162,32.86,HOEP (Legacy)
2021-04-21 09:00:00,2021,4,10,16132,50.24,HOEP (Legacy)
2021-04-21 10:00:00,2021,4,11,16008,99.4,HOEP (Legacy)
2021-04-21 11:00:00,2021,4,12,15769,31.41,HOEP (Legacy)
2021-04-21 12:00:00,2021,4,13,15377,18.33,HOEP (Legacy)
2021-04-21 13:00:00,2021,4,14,15078,17.52,HOEP (Legacy)
2021-04-21 14:00:00,2021,4,15,14889,28.91,HOEP (Legacy)
2021-04-21 15:00:00,2021,4,16,15151,25.12,HOEP (Legacy)
2021-04-21 16:00:00,2021,4,17,15973,27.25,HOEP (Legacy)
2021-04-21 17:00:00,2021,4,18,16017,27.73,HOEP (Legacy)
2021-04-21 18:00:00,2021,4,19,16229,25.9,HOEP (Legacy)
2021-04-21 19:00:00,2021,4,20,16552,27.72,HOEP (Legacy)
2021-04-21 20:00:00,2021,4,21,16173,35.24,HOEP (Legacy)
2021-04-21 21:00:00,2021,4,22,15212,25.97,HOEP (Legacy)
2021-04-21 22:00:00,2021,4,23,14292,19.22,HOEP (Legacy)
2021-04-21 23:00:00,2021,4,24,13672,15.41,HOEP (Legacy)
2021-04-22 00:00:00,2021,4,1,13156,10.34,HOEP (Legacy)
2021-04-22 01:00:00,2021,4,2,12909,14.37,HOEP (Legacy)
2021-04-22 02:00:00,2021,4,3,12875,13.0,HOEP (Legacy)
2021-04-22 03:00:00,2021,4,4,12967,5.92,HOEP (Legacy)
2021-04-22 04:00:00,2021,4,5,13309,10.91,HOEP (Legacy)
2021-04-22 05:00:00,2021,4,6,14304,11.73,HOEP (Legacy)
2021-04-22 06:00:00,2021,4,7,15203,21.67,HOEP (Legacy)
2021-04-22 07:00:00,2021,4,8,15806,26.04,HOEP (Legacy)
2021-04-22 08:00:00,2021,4,9,15442,11.25,HOEP (Legacy)
2021-04-22 09:00:00,2021,4,10,14747,12.46,HOEP (Legacy)
2021-04-22 10:00:00,2021,4,11,14997,7.13,HOEP (Legacy)
2021-04-22 11:00:00,2021,4,12,14968,7.1,HOEP (Legacy)
2021-04-22 12:00:00,2021,4,13,14765,4.51,HOEP (Legacy)
2021-04-22 13:00:00,2021,4,14,14460,0.0,HOEP (Legacy)
2021-04-22 14:00:00,2021,4,15,14615,5.29,HOEP (Legacy)
2021-04-22 15:00:00,2021,4,16,14899,9.47,HOEP (Legacy)
2021-04-22 16:00:00,2021,4,17,15551,16.11,HOEP (Legacy)
2021-04-22 17:00:00,2021,4,18,15444,15.31,HOEP (Legacy)
2021-04-22 18:00:00,2021,4,19,15836,15.89,HOEP (Legacy)
2021-04-22 19:00:00,2021,4,20,16401,30.58,HOEP (Legacy)
2021-04-22 20:00:00,2021,4,21,15842,80.76,HOEP (Legacy)
2021-04-22 21:00:00,2021,4,22,14745,6.63,HOEP (Legacy)
2021-04-22 22:00:00,2021,4,23,13879,0.98,HOEP (Legacy)
2021-04-22 23:00:00,2021,4,24,13227,0.49,HOEP (Legacy)
2021-04-23 00:00:00,2021,4,1,12810,5.36,HOEP (Legacy)
2021-04-23 01:00:00,2021,4,2,12619,9.53,HOEP (Legacy)
2021-04-23 02:00:00,2021,4,3,12560,5.92,HOEP (Legacy)
2021-04-23 03:00:00,2021,4,4,12718,6.62,HOEP (Legacy)
2021-04-23 04:00:00,2021,4,5,13230,16.42,HOEP (Legacy)
2021-04-23 05:00:00,2021,4,6,14334,14.66,HOEP (Legacy)
2021-04-23 06:00:00,2021,4,7,14608,6.22,HOEP (Legacy)
2021-04-23 07:00:00,2021,4,8,14478,6.95,HOEP (Legacy)
2021-04-23 08:00:00,2021,4,9,14035,8.54,HOEP (Legacy)
2021-04-23 09:00:00,2021,4,10,13645,5.5,HOEP (Legacy)
2021-04-23 10:00:00,2021,4,11,13484,10.23,HOEP (Legacy)
2021-04-23 11:00:00,2021,4,12,13508,3.9,HOEP (Legacy)
2021-04-23 12:00:00,2021,4,13,13047,0.0,HOEP (Legacy)
2021-04-23 13:00:00,2021,4,14,12713,0.0,HOEP (Legacy)
2021-04-23 14:00:00,2021,4,15,12578,0.0,HOEP (Legacy)
2021-04-23 15:00:00,2021,4,16,12927,0.0,HOEP (Legacy)
2021-04-23 16:00:00,2021,4,17,13593,1.4,HOEP (Legacy)
2021-04-23 17:00:00,2021,4,18,14002,1.41,HOEP (Legacy)
2021-04-23 18:00:00,2021,4,19,14340,3.57,HOEP (Legacy)
2021-04-23 19:00:00,2021,4,20,14566,4.49,HOEP (Legacy)
2021-04-23 20:00:00,2021,4,21,14443,0.0,HOEP (Legacy)
2021-04-23 21:00:00,2021,4,22,13526,1.76,HOEP (Legacy)
2021-04-23 22:00:00,2021,4,23,12797,0.49,HOEP (Legacy)
2021-04-23 23:00:00,2021,4,24,12068,0.0,HOEP (Legacy)
2021-04-24 00:00:00,2021,4,1,11715,0.0,HOEP (Legacy)
2021-04-24 01:00:00,2021,4,2,11560,5.51,HOEP (Legacy)
2021-04-24 02:00:00,2021,4,3,11473,0.48,HOEP (Legacy)
2021-04-24 03:00:00,2021,4,4,11689,7.2,HOEP (Legacy)
2021-04-24 04:00:00,2021,4,5,11837,10.77,HOEP (Legacy)
2021-04-24 05:00:00,2021,4,6,12164,15.36,HOEP (Legacy)
2021-04-24 06:00:00,2021,4,7,12550,10.11,HOEP (Legacy)
2021-04-24 07:00:00,2021,4,8,12699,13.12,HOEP (Legacy)
2021-04-24 08:00:00,2021,4,9,12748,7.59,HOEP (Legacy)
2021-04-24 09:00:00,2021,4,10,12518,6.01,HOEP (Legacy)
2021-04-24 10:00:00,2021,4,11,12330,5.81,HOEP (Legacy)
2021-04-24 11:00:00,2021,4,12,12424,5.91,HOEP (Legacy)
2021-04-24 12:00:00,2021,4,13,12379,5.98,HOEP (Legacy)
2021-04-24 13:00:00,2021,4,14,12444,5.98,HOEP (Legacy)
2021-04-24 14:00:00,2021,4,15,12581,11.65,HOEP (Legacy)
2021-04-24 15:00:00,2021,4,16,13092,13.92,HOEP (Legacy)
2021-04-24 16:00:00,2021,4,17,13548,9.1,HOEP (Legacy)
2021-04-24 17:00:00,2021,4,18,13909,10.99,HOEP (Legacy)
2021-04-24 18:00:00,2021,4,19,13981,7.04,HOEP (Legacy)
2021-04-24 19:00:00,2021,4,20,13863,5.9,HOEP (Legacy)
2021-04-24 20:00:00,2021,4,21,13687,6.66,HOEP (Legacy)
2021-04-24 21:00:00,2021,4,22,13091,9.67,HOEP (Legacy)
2021-04-24 22:00:00,2021,4,23,12345,7.69,HOEP (Legacy)
2021-04-24 23:00:00,2021,4,24,11747,7.9,HOEP (Legacy)
2021-04-25 00:00:00,2021,4,1,11312,8.86,HOEP (Legacy)
2021-04-25 01:00:00,2021,4,2,11112,5.96,HOEP (Legacy)
2021-04-25 02:00:00,2021,4,3,10954,5.18,HOEP (Legacy)
2021-04-25 03:00:00,2021,4,4,11063,3.96,HOEP (Legacy)
2021-04-25 04:00:00,2021,4,5,11221,0.0,HOEP (Legacy)
2021-04-25 05:00:00,2021,4,6,11362,0.0,HOEP (Legacy)
2021-04-25 06:00:00,2021,4,7,11720,0.0,HOEP (Legacy)
2021-04-25 07:00:00,2021,4,8,12267,0.0,HOEP (Legacy)
2021-04-25 08:00:00,2021,4,9,12726,0.0,HOEP (Legacy)
2021-04-25 09:00:00,2021,4,10,13010,0.0,HOEP (Legacy)
2021-04-25 10:00:00,2021,4,11,13131,4.92,HOEP (Legacy)
2021-04-25 11:00:00,2021,4,12,13088,0.0,HOEP (Legacy)
2021-04-25 12:00:00,2021,4,13,12785,0.0,HOEP (Legacy)
2021-04-25 13:00:00,2021,4,14,12665,0.0,HOEP (Legacy)
2021-04-25 14:00:00,2021,4,15,12831,0.0,HOEP (Legacy)
2021-04-25 15:00:00,2021,4,16,13193,0.0,HOEP (Legacy)
2021-04-25 16:00:00,2021,4,17,13856,3.27,HOEP (Legacy)
2021-04-25 17:00:00,2021,4,18,14243,2.29,HOEP (Legacy)
2021-04-25 18:00:00,2021,4,19,14474,3.25,HOEP (Legacy)
2021-04-25 19:00:00,2021,4,20,14929,5.28,HOEP (Legacy)
2021-04-25 20:00:00,2021,4,21,14655,5.89,HOEP (Legacy)
2021-04-25 21:00:00,2021,4,22,14191,5.85,HOEP (Legacy)
2021-04-25 22:00:00,2021,4,23,13306,5.8,HOEP (Legacy)
2021-04-25 23:00:00,2021,4,24,12584,5.91,HOEP (Legacy)
2021-04-26 00:00:00,2021,4,1,12368,11.74,HOEP (Legacy)
2021-04-26 01:00:00,2021,4,2,12274,10.6,HOEP (Legacy)
2021-04-26 02:00:00,2021,4,3,12318,6.05,HOEP (Legacy)
2021-04-26 03:00:00,2021,4,4,12546,13.26,HOEP (Legacy)
2021-04-26 04:00:00,2021,4,5,13126,7.38,HOEP (Legacy)
2021-04-26 05:00:00,2021,4,6,13767,12.07,HOEP (Legacy)
2021-04-26 06:00:00,2021,4,7,14556,9.42,HOEP (Legacy)
2021-04-26 07:00:00,2021,4,8,14805,9.24,HOEP (Legacy)
2021-04-26 08:00:00,2021,4,9,14552,6.32,HOEP (Legacy)
2021-04-26 09:00:00,2021,4,10,13997,5.93,HOEP (Legacy)
2021-04-26 10:00:00,2021,4,11,13941,13.26,HOEP (Legacy)
2021-04-26 11:00:00,2021,4,12,14185,22.58,HOEP (Legacy)
2021-04-26 12:00:00,2021,4,13,13903,11.55,HOEP (Legacy)
2021-04-26 13:00:00,2021,4,14,13634,9.22,HOEP (Legacy)
2021-04-26 14:00:00,2021,4,15,13753,5.88,HOEP (Legacy)
2021-04-26 15:00:00,2021,4,16,14134,8.94,HOEP (Legacy)
2021-04-26 16:00:00,2021,4,17,14880,13.29,HOEP (Legacy)
2021-04-26 17:00:00,2021,4,18,15113,10.49,HOEP (Legacy)
2021-04-26 18:00:00,2021,4,19,15274,5.92,HOEP (Legacy)
2021-04-26 19:00:00,2021,4,20,15368,5.14,HOEP (Legacy)
2021-04-26 20:00:00,2021,4,21,14908,4.26,HOEP (Legacy)
2021-04-26 21:00:00,2021,4,22,14196,7.21,HOEP (Legacy)
2021-04-26 22:00:00,2021,4,23,13334,9.64,HOEP (Legacy)
2021-04-26 23:00:00,2021,4,24,12761,3.54,HOEP (Legacy)
2021-04-27 00:00:00,2021,4,1,12417,0.0,HOEP (Legacy)
2021-04-27 01:00:00,2021,4,2,12055,0.0,HOEP (Legacy)
2021-04-27 02:00:00,2021,4,3,11882,0.0,HOEP (Legacy)
2021-04-27 03:00:00,2021,4,4,12011,0.0,HOEP (Legacy)
2021-04-27 04:00:00,2021,4,5,12674,0.47,HOEP (Legacy)
2021-04-27 05:00:00,2021,4,6,13575,0.95,HOEP (Legacy)
2021-04-27 06:00:00,2021,4,7,14416,4.92,HOEP (Legacy)
2021-04-27 07:00:00,2021,4,8,14856,11.08,HOEP (Legacy)
2021-04-27 08:00:00,2021,4,9,14836,6.36,HOEP (Legacy)
2021-04-27 09:00:00,2021,4,10,14501,5.81,HOEP (Legacy)
2021-04-27 10:00:00,2021,4,11,14107,3.66,HOEP (Legacy)
2021-04-27 11:00:00,2021,4,12,13806,0.38,HOEP (Legacy)
2021-04-27 12:00:00,2021,4,13,13439,4.66,HOEP (Legacy)
2021-04-27 13:00:00,2021,4,14,13315,9.02,HOEP (Legacy)
2021-04-27 14:00:00,2021,4,15,13415,5.84,HOEP (Legacy)
2021-04-27 15:00:00,2021,4,16,13792,4.59,HOEP (Legacy)
2021-04-27 16:00:00,2021,4,17,14464,7.67,HOEP (Legacy)
2021-04-27 17:00:00,2021,4,18,14812,7.25,HOEP (Legacy)
2021-04-27 18:00:00,2021,4,19,15116,12.29,HOEP (Legacy)
2021-04-27 19:00:00,2021,4,20,15202,5.99,HOEP (Legacy)
2021-04-27 20:00:00,2021,4,21,14643,5.1,HOEP (Legacy)
2021-04-27 21:00:00,2021,4,22,13761,3.51,HOEP (Legacy)
2021-04-27 22:00:00,2021,4,23,12750,2.43,HOEP (Legacy)
2021-04-27 23:00:00,2021,4,24,12202,3.86,HOEP (Legacy)
2021-04-28 00:00:00,2021,4,1,11939,0.0,HOEP (Legacy)
2021-04-28 01:00:00,2021,4,2,11673,0.0,HOEP (Legacy)
2021-04-28 02:00:00,2021,4,3,11553,0.0,HOEP (Legacy)
2021-04-28 03:00:00,2021,4,4,11642,0.0,HOEP (Legacy)
2021-04-28 04:00:00,2021,4,5,12131,0.0,HOEP (Legacy)
2021-04-28 05:00:00,2021,4,6,12954,0.0,HOEP (Legacy)
2021-04-28 06:00:00,2021,4,7,13527,0.0,HOEP (Legacy)
2021-04-28 07:00:00,2021,4,8,14095,1.85,HOEP (Legacy)
2021-04-28 08:00:00,2021,4,9,14509,9.25,HOEP (Legacy)
2021-04-28 09:00:00,2021,4,10,14725,13.69,HOEP (Legacy)
2021-04-28 10:00:00,2021,4,11,15228,30.48,HOEP (Legacy)
2021-04-28 11:00:00,2021,4,12,15453,17.21,HOEP (Legacy)
2021-04-28 12:00:00,2021,4,13,14927,1.97,HOEP (Legacy)
2021-04-28 13:00:00,2021,4,14,14274,-0.05,HOEP (Legacy)
2021-04-28 14:00:00,2021,4,15,14189,0.0,HOEP (Legacy)
2021-04-28 15:00:00,2021,4,16,14526,2.92,HOEP (Legacy)
2021-04-28 16:00:00,2021,4,17,15121,9.57,HOEP (Legacy)
2021-04-28 17:00:00,2021,4,18,15250,11.48,HOEP (Legacy)
2021-04-28 18:00:00,2021,4,19,15187,8.87,HOEP (Legacy)
2021-04-28 19:00:00,2021,4,20,15263,13.31,HOEP (Legacy)
2021-04-28 20:00:00,2021,4,21,14762,6.7,HOEP (Legacy)
2021-04-28 21:00:00,2021,4,22,13893,11.11,HOEP (Legacy)
2021-04-28 22:00:00,2021,4,23,13046,10.17,HOEP (Legacy)
2021-04-28 23:00:00,2021,4,24,12369,8.12,HOEP (Legacy)
2021-04-29 00:00:00,2021,4,1,12047,6.08,HOEP (Legacy)
2021-04-29 01:00:00,2021,4,2,11882,14.37,HOEP (Legacy)
2021-04-29 02:00:00,2021,4,3,11819,13.67,HOEP (Legacy)
2021-04-29 03:00:00,2021,4,4,11917,14.38,HOEP (Legacy)
2021-04-29 04:00:00,2021,4,5,12376,13.57,HOEP (Legacy)
2021-04-29 05:00:00,2021,4,6,13265,8.9,HOEP (Legacy)
2021-04-29 06:00:00,2021,4,7,13992,20.08,HOEP (Legacy)
2021-04-29 07:00:00,2021,4,8,14984,31.69,HOEP (Legacy)
2021-04-29 08:00:00,2021,4,9,15048,26.93,HOEP (Legacy)
2021-04-29 09:00:00,2021,4,10,15225,20.95,HOEP (Legacy)
2021-04-29 10:00:00,2021,4,11,15501,14.79,HOEP (Legacy)
2021-04-29 11:00:00,2021,4,12,15381,10.29,HOEP (Legacy)
2021-04-29 12:00:00,2021,4,13,15189,12.49,HOEP (Legacy)
2021-04-29 13:00:00,2021,4,14,15081,12.31,HOEP (Legacy)
2021-04-29 14:00:00,2021,4,15,15149,22.21,HOEP (Legacy)
2021-04-29 15:00:00,2021,4,16,15310,84.0,HOEP (Legacy)
2021-04-29 16:00:00,2021,4,17,15483,13.77,HOEP (Legacy)
2021-04-29 17:00:00,2021,4,18,15474,11.34,HOEP (Legacy)
2021-04-29 18:00:00,2021,4,19,15488,6.89,HOEP (Legacy)
2021-04-29 19:00:00,2021,4,20,15405,2.24,HOEP (Legacy)
2021-04-29 20:00:00,2021,4,21,14677,0.46,HOEP (Legacy)
2021-04-29 21:00:00,2021,4,22,13778,-0.01,HOEP (Legacy)
2021-04-29 22:00:00,2021,4,23,12796,0.0,HOEP (Legacy)
2021-04-29 23:00:00,2021,4,24,12116,0.0,HOEP (Legacy)
2021-04-30 00:00:00,2021,4,1,11757,-0.02,HOEP (Legacy)
2021-04-30 01:00:00,2021,4,2,11545,-2.77,HOEP (Legacy)
2021-04-30 02:00:00,2021,4,3,11429,-3.0,HOEP (Legacy)
2021-04-30 03:00:00,2021,4,4,11545,-3.0,HOEP (Legacy)
2021-04-30 04:00:00,2021,4,5,11880,-1.74,HOEP (Legacy)
2021-04-30 05:00:00,2021,4,6,12775,0.0,HOEP (Legacy)
2021-04-30 06:00:00,2021,4,7,13724,0.0,HOEP (Legacy)
2021-04-30 07:00:00,2021,4,8,14381,0.0,HOEP (Legacy)
2021-04-30 08:00:00,2021,4,9,14401,0.0,HOEP (Legacy)
2021-04-30 09:00:00,2021,4,10,14400,0.0,HOEP (Legacy)
2021-04-30 10:00:00,2021,4,11,14495,0.0,HOEP (Legacy)
2021-04-30 11:00:00,2021,4,12,14463,0.0,HOEP (Legacy)
2021-04-30 12:00:00,2021,4,13,14041,0.0,HOEP (Legacy)
2021-04-30 13:00:00,2021,4,14,13740,0.0,HOEP (Legacy)
2021-04-30 14:00:00,2021,4,15,13923,0.0,HOEP (Legacy)
2021-04-30 15:00:00,2021,4,16,14150,0.0,HOEP (Legacy)
2021-04-30 16:00:00,2021,4,17,14344,0.0,HOEP (Legacy)
2021-04-30 17:00:00,2021,4,18,14421,0.0,HOEP (Legacy)
2021-04-30 18:00:00,2021,4,19,14544,0.0,HOEP (Legacy)
2021-04-30 19:00:00,2021,4,20,14919,0.41,HOEP (Legacy)
2021-04-30 20:00:00,2021,4,21,14659,0.0,HOEP (Legacy)
2021-04-30 21:00:00,2021,4,22,13920,0.0,HOEP (Legacy)
2021-04-30 22:00:00,2021,4,23,13149,0.41,HOEP (Legacy)
2021-04-30 23:00:00,2021,4,24,12501,0.0,HOEP (Legacy)
2021-05-01 00:00:00,2021,5,1,12208,0.0,HOEP (Legacy)
2021-05-01 01:00:00,2021,5,2,11992,0.0,HOEP (Legacy)
2021-05-01 02:00:00,2021,5,3,11942,3.39,HOEP (Legacy)
2021-05-01 03:00:00,2021,5,4,12073,8.81,HOEP (Legacy)
2021-05-01 04:00:00,2021,5,5,12319,5.4,HOEP (Legacy)
2021-05-01 05:00:00,2021,5,6,12559,8.15,HOEP (Legacy)
2021-05-01 06:00:00,2021,5,7,12933,5.94,HOEP (Legacy)
2021-05-01 07:00:00,2021,5,8,12915,5.51,HOEP (Legacy)
2021-05-01 08:00:00,2021,5,9,12818,5.34,HOEP (Legacy)
2021-05-01 09:00:00,2021,5,10,12624,5.87,HOEP (Legacy)
2021-05-01 10:00:00,2021,5,11,12724,1.89,HOEP (Legacy)
2021-05-01 11:00:00,2021,5,12,12591,2.33,HOEP (Legacy)
2021-05-01 12:00:00,2021,5,13,12354,0.0,HOEP (Legacy)
2021-05-01 13:00:00,2021,5,14,12132,-0.01,HOEP (Legacy)
2021-05-01 14:00:00,2021,5,15,11989,-0.03,HOEP (Legacy)
2021-05-01 15:00:00,2021,5,16,12669,0.0,HOEP (Legacy)
2021-05-01 16:00:00,2021,5,17,13696,0.0,HOEP (Legacy)
2021-05-01 17:00:00,2021,5,18,14121,0.0,HOEP (Legacy)
2021-05-01 18:00:00,2021,5,19,14251,0.0,HOEP (Legacy)
2021-05-01 19:00:00,2021,5,20,14137,0.0,HOEP (Legacy)
2021-05-01 20:00:00,2021,5,21,13584,0.0,HOEP (Legacy)
2021-05-01 21:00:00,2021,5,22,13095,0.0,HOEP (Legacy)
2021-05-01 22:00:00,2021,5,23,12324,0.0,HOEP (Legacy)
2021-05-01 23:00:00,2021,5,24,11693,-0.07,HOEP (Legacy)
2021-05-02 00:00:00,2021,5,1,11324,-1.97,HOEP (Legacy)
2021-05-02 01:00:00,2021,5,2,11049,-2.46,HOEP (Legacy)
2021-05-02 02:00:00,2021,5,3,11122,-3.0,HOEP (Legacy)
2021-05-02 03:00:00,2021,5,4,11050,-3.0,HOEP (Legacy)
2021-05-02 04:00:00,2021,5,5,11212,-3.0,HOEP (Legacy)
2021-05-02 05:00:00,2021,5,6,11218,-2.53,HOEP (Legacy)
2021-05-02 06:00:00,2021,5,7,11541,-0.07,HOEP (Legacy)
2021-05-02 07:00:00,2021,5,8,12217,0.0,HOEP (Legacy)
2021-05-02 08:00:00,2021,5,9,12826,1.83,HOEP (Legacy)
2021-05-02 09:00:00,2021,5,10,12917,5.85,HOEP (Legacy)
2021-05-02 10:00:00,2021,5,11,13005,5.87,HOEP (Legacy)
2021-05-02 11:00:00,2021,5,12,13002,4.11,HOEP (Legacy)
2021-05-02 12:00:00,2021,5,13,12575,0.0,HOEP (Legacy)
2021-05-02 13:00:00,2021,5,14,12264,0.0,HOEP (Legacy)
2021-05-02 14:00:00,2021,5,15,12364,0.0,HOEP (Legacy)
2021-05-02 15:00:00,2021,5,16,12724,0.89,HOEP (Legacy)
2021-05-02 16:00:00,2021,5,17,13486,0.0,HOEP (Legacy)
2021-05-02 17:00:00,2021,5,18,13745,0.0,HOEP (Legacy)
2021-05-02 18:00:00,2021,5,19,13759,0.0,HOEP (Legacy)
2021-05-02 19:00:00,2021,5,20,14017,0.0,HOEP (Legacy)
2021-05-02 20:00:00,2021,5,21,13641,0.0,HOEP (Legacy)
2021-05-02 21:00:00,2021,5,22,13087,0.0,HOEP (Legacy)
2021-05-02 22:00:00,2021,5,23,12266,-0.02,HOEP (Legacy)
2021-05-02 23:00:00,2021,5,24,11678,0.0,HOEP (Legacy)
2021-05-03 00:00:00,2021,5,1,11260,-0.03,HOEP (Legacy)
2021-05-03 01:00:00,2021,5,2,11044,-0.02,HOEP (Legacy)
2021-05-03 02:00:00,2021,5,3,10984,-0.08,HOEP (Legacy)
2021-05-03 03:00:00,2021,5,4,11081,0.0,HOEP (Legacy)
2021-05-03 04:00:00,2021,5,5,11668,0.0,HOEP (Legacy)
2021-05-03 05:00:00,2021,5,6,12577,-0.02,HOEP (Legacy)
2021-05-03 06:00:00,2021,5,7,13495,0.0,HOEP (Legacy)
2021-05-03 07:00:00,2021,5,8,14463,17.85,HOEP (Legacy)
2021-05-03 08:00:00,2021,5,9,14804,9.72,HOEP (Legacy)
2021-05-03 09:00:00,2021,5,10,14826,15.63,HOEP (Legacy)
2021-05-03 10:00:00,2021,5,11,14962,46.47,HOEP (Legacy)
2021-05-03 11:00:00,2021,5,12,15299,35.19,HOEP (Legacy)
2021-05-03 12:00:00,2021,5,13,14982,125.28,HOEP (Legacy)
2021-05-03 13:00:00,2021,5,14,14802,28.01,HOEP (Legacy)
2021-05-03 14:00:00,2021,5,15,14982,21.12,HOEP (Legacy)
2021-05-03 15:00:00,2021,5,16,15354,21.09,HOEP (Legacy)
2021-05-03 16:00:00,2021,5,17,15882,29.65,HOEP (Legacy)
2021-05-03 17:00:00,2021,5,18,15646,33.09,HOEP (Legacy)
2021-05-03 18:00:00,2021,5,19,15406,23.1,HOEP (Legacy)
2021-05-03 19:00:00,2021,5,20,15379,21.21,HOEP (Legacy)
2021-05-03 20:00:00,2021,5,21,14511,8.38,HOEP (Legacy)
2021-05-03 21:00:00,2021,5,22,13817,2.97,HOEP (Legacy)
2021-05-03 22:00:00,2021,5,23,12947,4.06,HOEP (Legacy)
2021-05-03 23:00:00,2021,5,24,12440,11.64,HOEP (Legacy)
2021-05-04 00:00:00,2021,5,1,11962,13.34,HOEP (Legacy)
2021-05-04 01:00:00,2021,5,2,11935,12.29,HOEP (Legacy)
2021-05-04 02:00:00,2021,5,3,11829,12.22,HOEP (Legacy)
2021-05-04 03:00:00,2021,5,4,11870,7.65,HOEP (Legacy)
2021-05-04 04:00:00,2021,5,5,12183,4.88,HOEP (Legacy)
2021-05-04 05:00:00,2021,5,6,12984,6.78,HOEP (Legacy)
2021-05-04 06:00:00,2021,5,7,14002,16.54,HOEP (Legacy)
2021-05-04 07:00:00,2021,5,8,14786,21.79,HOEP (Legacy)
2021-05-04 08:00:00,2021,5,9,15057,22.8,HOEP (Legacy)
2021-05-04 09:00:00,2021,5,10,15131,23.17,HOEP (Legacy)
2021-05-04 10:00:00,2021,5,11,15196,24.68,HOEP (Legacy)
2021-05-04 11:00:00,2021,5,12,15149,25.63,HOEP (Legacy)
2021-05-04 12:00:00,2021,5,13,15136,24.89,HOEP (Legacy)
2021-05-04 13:00:00,2021,5,14,15053,25.13,HOEP (Legacy)
2021-05-04 14:00:00,2021,5,15,14754,23.56,HOEP (Legacy)
2021-05-04 15:00:00,2021,5,16,15084,24.02,HOEP (Legacy)
2021-05-04 16:00:00,2021,5,17,15544,23.5,HOEP (Legacy)
2021-05-04 17:00:00,2021,5,18,15031,13.44,HOEP (Legacy)
2021-05-04 18:00:00,2021,5,19,14692,7.27,HOEP (Legacy)
2021-05-04 19:00:00,2021,5,20,15091,6.79,HOEP (Legacy)
2021-05-04 20:00:00,2021,5,21,14593,25.73,HOEP (Legacy)
2021-05-04 21:00:00,2021,5,22,13788,21.38,HOEP (Legacy)
2021-05-04 22:00:00,2021,5,23,12981,8.98,HOEP (Legacy)
2021-05-04 23:00:00,2021,5,24,12381,1.96,HOEP (Legacy)
2021-05-05 00:00:00,2021,5,1,12023,3.76,HOEP (Legacy)
2021-05-05 01:00:00,2021,5,2,11780,0.78,HOEP (Legacy)
2021-05-05 02:00:00,2021,5,3,11726,11.11,HOEP (Legacy)
2021-05-05 03:00:00,2021,5,4,11784,5.98,HOEP (Legacy)
2021-05-05 04:00:00,2021,5,5,12254,6.64,HOEP (Legacy)
2021-05-05 05:00:00,2021,5,6,13105,4.63,HOEP (Legacy)
2021-05-05 06:00:00,2021,5,7,13958,16.25,HOEP (Legacy)
2021-05-05 07:00:00,2021,5,8,14617,14.11,HOEP (Legacy)
2021-05-05 08:00:00,2021,5,9,14846,13.35,HOEP (Legacy)
2021-05-05 09:00:00,2021,5,10,14739,6.18,HOEP (Legacy)
2021-05-05 10:00:00,2021,5,11,14743,9.1,HOEP (Legacy)
2021-05-05 11:00:00,2021,5,12,14707,21.18,HOEP (Legacy)
2021-05-05 12:00:00,2021,5,13,14492,12.72,HOEP (Legacy)
2021-05-05 13:00:00,2021,5,14,14202,6.53,HOEP (Legacy)
2021-05-05 14:00:00,2021,5,15,14204,12.31,HOEP (Legacy)
2021-05-05 15:00:00,2021,5,16,14460,10.34,HOEP (Legacy)
2021-05-05 16:00:00,2021,5,17,14852,11.61,HOEP (Legacy)
2021-05-05 17:00:00,2021,5,18,14961,14.03,HOEP (Legacy)
2021-05-05 18:00:00,2021,5,19,15135,24.99,HOEP (Legacy)
2021-05-05 19:00:00,2021,5,20,15450,40.23,HOEP (Legacy)
2021-05-05 20:00:00,2021,5,21,15132,22.18,HOEP (Legacy)
2021-05-05 21:00:00,2021,5,22,14244,27.86,HOEP (Legacy)
2021-05-05 22:00:00,2021,5,23,13294,15.74,HOEP (Legacy)
2021-05-05 23:00:00,2021,5,24,12563,14.34,HOEP (Legacy)
2021-05-06 00:00:00,2021,5,1,12223,17.18,HOEP (Legacy)
2021-05-06 01:00:00,2021,5,2,11999,15.51,HOEP (Legacy)
2021-05-06 02:00:00,2021,5,3,11960,13.28,HOEP (Legacy)
2021-05-06 03:00:00,2021,5,4,12228,14.2,HOEP (Legacy)
2021-05-06 04:00:00,2021,5,5,12729,17.21,HOEP (Legacy)
2021-05-06 05:00:00,2021,5,6,13579,14.96,HOEP (Legacy)
2021-05-06 06:00:00,2021,5,7,14100,18.89,HOEP (Legacy)
2021-05-06 07:00:00,2021,5,8,14088,16.44,HOEP (Legacy)
2021-05-06 08:00:00,2021,5,9,13836,14.64,HOEP (Legacy)
2021-05-06 09:00:00,2021,5,10,13601,21.83,HOEP (Legacy)
2021-05-06 10:00:00,2021,5,11,13572,13.28,HOEP (Legacy)
2021-05-06 11:00:00,2021,5,12,13651,14.6,HOEP (Legacy)
2021-05-06 12:00:00,2021,5,13,13534,13.25,HOEP (Legacy)
2021-05-06 13:00:00,2021,5,14,13403,13.26,HOEP (Legacy)
2021-05-06 14:00:00,2021,5,15,13414,12.04,HOEP (Legacy)
2021-05-06 15:00:00,2021,5,16,13774,9.85,HOEP (Legacy)
2021-05-06 16:00:00,2021,5,17,14299,11.45,HOEP (Legacy)
2021-05-06 17:00:00,2021,5,18,14665,10.36,HOEP (Legacy)
2021-05-06 18:00:00,2021,5,19,14974,15.39,HOEP (Legacy)
2021-05-06 19:00:00,2021,5,20,15135,17.83,HOEP (Legacy)
2021-05-06 20:00:00,2021,5,21,14700,18.89,HOEP (Legacy)
2021-05-06 21:00:00,2021,5,22,14120,48.2,HOEP (Legacy)
2021-05-06 22:00:00,2021,5,23,13219,18.01,HOEP (Legacy)
2021-05-06 23:00:00,2021,5,24,12449,10.3,HOEP (Legacy)
2021-05-07 00:00:00,2021,5,1,12101,14.39,HOEP (Legacy)
2021-05-07 01:00:00,2021,5,2,11980,14.39,HOEP (Legacy)
2021-05-07 02:00:00,2021,5,3,11970,16.66,HOEP (Legacy)
2021-05-07 03:00:00,2021,5,4,12081,21.86,HOEP (Legacy)
2021-05-07 04:00:00,2021,5,5,12506,20.67,HOEP (Legacy)
2021-05-07 05:00:00,2021,5,6,13400,24.64,HOEP (Legacy)
2021-05-07 06:00:00,2021,5,7,14056,24.82,HOEP (Legacy)
2021-05-07 07:00:00,2021,5,8,14474,25.78,HOEP (Legacy)
2021-05-07 08:00:00,2021,5,9,14609,24.85,HOEP (Legacy)
2021-05-07 09:00:00,2021,5,10,14251,24.46,HOEP (Legacy)
2021-05-07 10:00:00,2021,5,11,14126,24.5,HOEP (Legacy)
2021-05-07 11:00:00,2021,5,12,14249,22.92,HOEP (Legacy)
2021-05-07 12:00:00,2021,5,13,14206,22.28,HOEP (Legacy)
2021-05-07 13:00:00,2021,5,14,13841,24.59,HOEP (Legacy)
2021-05-07 14:00:00,2021,5,15,13648,22.24,HOEP (Legacy)
2021-05-07 15:00:00,2021,5,16,13970,14.94,HOEP (Legacy)
2021-05-07 16:00:00,2021,5,17,14370,11.72,HOEP (Legacy)
2021-05-07 17:00:00,2021,5,18,14351,13.18,HOEP (Legacy)
2021-05-07 18:00:00,2021,5,19,14467,19.5,HOEP (Legacy)
2021-05-07 19:00:00,2021,5,20,14776,24.04,HOEP (Legacy)
2021-05-07 20:00:00,2021,5,21,14478,30.79,HOEP (Legacy)
2021-05-07 21:00:00,2021,5,22,13819,27.55,HOEP (Legacy)
2021-05-07 22:00:00,2021,5,23,13041,13.46,HOEP (Legacy)
2021-05-07 23:00:00,2021,5,24,12346,6.47,HOEP (Legacy)
2021-05-08 00:00:00,2021,5,1,11794,5.39,HOEP (Legacy)
2021-05-08 01:00:00,2021,5,2,11441,4.43,HOEP (Legacy)
2021-05-08 02:00:00,2021,5,3,11333,4.12,HOEP (Legacy)
2021-05-08 03:00:00,2021,5,4,11521,0.0,HOEP (Legacy)
2021-05-08 04:00:00,2021,5,5,11524,0.0,HOEP (Legacy)
2021-05-08 05:00:00,2021,5,6,11749,1.44,HOEP (Legacy)
2021-05-08 06:00:00,2021,5,7,12206,5.94,HOEP (Legacy)
2021-05-08 07:00:00,2021,5,8,12570,4.75,HOEP (Legacy)
2021-05-08 08:00:00,2021,5,9,12679,5.96,HOEP (Legacy)
2021-05-08 09:00:00,2021,5,10,12704,9.7,HOEP (Legacy)
2021-05-08 10:00:00,2021,5,11,12780,15.69,HOEP (Legacy)
2021-05-08 11:00:00,2021,5,12,13139,30.55,HOEP (Legacy)
2021-05-08 12:00:00,2021,5,13,12951,13.12,HOEP (Legacy)
2021-05-08 13:00:00,2021,5,14,12621,3.53,HOEP (Legacy)
2021-05-08 14:00:00,2021,5,15,12634,5.9,HOEP (Legacy)
2021-05-08 15:00:00,2021,5,16,12888,18.21,HOEP (Legacy)
2021-05-08 16:00:00,2021,5,17,13460,15.03,HOEP (Legacy)
2021-05-08 17:00:00,2021,5,18,13792,10.97,HOEP (Legacy)
2021-05-08 18:00:00,2021,5,19,13820,19.33,HOEP (Legacy)
2021-05-08 19:00:00,2021,5,20,14055,27.84,HOEP (Legacy)
2021-05-08 20:00:00,2021,5,21,13953,22.29,HOEP (Legacy)
2021-05-08 21:00:00,2021,5,22,13403,20.65,HOEP (Legacy)
2021-05-08 22:00:00,2021,5,23,12742,21.5,HOEP (Legacy)
2021-05-08 23:00:00,2021,5,24,12155,8.05,HOEP (Legacy)
2021-05-09 00:00:00,2021,5,1,11715,11.31,HOEP (Legacy)
2021-05-09 01:00:00,2021,5,2,11307,7.97,HOEP (Legacy)
2021-05-09 02:00:00,2021,5,3,11284,6.38,HOEP (Legacy)
2021-05-09 03:00:00,2021,5,4,11300,8.24,HOEP (Legacy)
2021-05-09 04:00:00,2021,5,5,11407,5.98,HOEP (Legacy)
2021-05-09 05:00:00,2021,5,6,11425,6.0,HOEP (Legacy)
2021-05-09 06:00:00,2021,5,7,11618,5.95,HOEP (Legacy)
2021-05-09 07:00:00,2021,5,8,11852,6.0,HOEP (Legacy)
2021-05-09 08:00:00,2021,5,9,12071,11.32,HOEP (Legacy)
2021-05-09 09:00:00,2021,5,10,12040,6.15,HOEP (Legacy)
2021-05-09 10:00:00,2021,5,11,12122,9.81,HOEP (Legacy)
2021-05-09 11:00:00,2021,5,12,12522,13.38,HOEP (Legacy)
2021-05-09 12:00:00,2021,5,13,12531,13.8,HOEP (Legacy)
2021-05-09 13:00:00,2021,5,14,12370,1.3,HOEP (Legacy)
2021-05-09 14:00:00,2021,5,15,12557,6.02,HOEP (Legacy)
2021-05-09 15:00:00,2021,5,16,12970,0.0,HOEP (Legacy)
2021-05-09 16:00:00,2021,5,17,13341,1.44,HOEP (Legacy)
2021-05-09 17:00:00,2021,5,18,13387,8.58,HOEP (Legacy)
2021-05-09 18:00:00,2021,5,19,13629,18.73,HOEP (Legacy)
2021-05-09 19:00:00,2021,5,20,14203,58.83,HOEP (Legacy)
2021-05-09 20:00:00,2021,5,21,14042,95.18,HOEP (Legacy)
2021-05-09 21:00:00,2021,5,22,13387,15.89,HOEP (Legacy)
2021-05-09 22:00:00,2021,5,23,12614,10.86,HOEP (Legacy)
2021-05-09 23:00:00,2021,5,24,11880,5.71,HOEP (Legacy)
2021-05-10 00:00:00,2021,5,1,11545,5.94,HOEP (Legacy)
2021-05-10 01:00:00,2021,5,2,11523,5.87,HOEP (Legacy)
2021-05-10 02:00:00,2021,5,3,11630,11.51,HOEP (Legacy)
2021-05-10 03:00:00,2021,5,4,11850,13.98,HOEP (Legacy)
2021-05-10 04:00:00,2021,5,5,12388,14.81,HOEP (Legacy)
2021-05-10 05:00:00,2021,5,6,13196,14.73,HOEP (Legacy)
2021-05-10 06:00:00,2021,5,7,13997,59.65,HOEP (Legacy)
2021-05-10 07:00:00,2021,5,8,14199,86.66,HOEP (Legacy)
2021-05-10 08:00:00,2021,5,9,13661,14.38,HOEP (Legacy)
2021-05-10 09:00:00,2021,5,10,13460,14.36,HOEP (Legacy)
2021-05-10 10:00:00,2021,5,11,13522,15.08,HOEP (Legacy)
2021-05-10 11:00:00,2021,5,12,13858,26.97,HOEP (Legacy)
2021-05-10 12:00:00,2021,5,13,13785,10.38,HOEP (Legacy)
2021-05-10 13:00:00,2021,5,14,13590,0.0,HOEP (Legacy)
2021-05-10 14:00:00,2021,5,15,13473,0.0,HOEP (Legacy)
2021-05-10 15:00:00,2021,5,16,13611,0.0,HOEP (Legacy)
2021-05-10 16:00:00,2021,5,17,14186,5.25,HOEP (Legacy)
2021-05-10 17:00:00,2021,5,18,14296,11.62,HOEP (Legacy)
2021-05-10 18:00:00,2021,5,19,14556,20.06,HOEP (Legacy)
2021-05-10 19:00:00,2021,5,20,14962,27.83,HOEP (Legacy)
2021-05-10 20:00:00,2021,5,21,14703,23.23,HOEP (Legacy)
2021-05-10 21:00:00,2021,5,22,14081,12.24,HOEP (Legacy)
2021-05-10 22:00:00,2021,5,23,13117,14.02,HOEP (Legacy)
2021-05-10 23:00:00,2021,5,24,12444,14.54,HOEP (Legacy)
2021-05-11 00:00:00,2021,5,1,11935,5.34,HOEP (Legacy)
2021-05-11 01:00:00,2021,5,2,11697,0.47,HOEP (Legacy)
2021-05-11 02:00:00,2021,5,3,11631,4.62,HOEP (Legacy)
2021-05-11 03:00:00,2021,5,4,11731,5.94,HOEP (Legacy)
2021-05-11 04:00:00,2021,5,5,12362,1.41,HOEP (Legacy)
2021-05-11 05:00:00,2021,5,6,13152,6.53,HOEP (Legacy)
2021-05-11 06:00:00,2021,5,7,13871,13.31,HOEP (Legacy)
2021-05-11 07:00:00,2021,5,8,14197,13.3,HOEP (Legacy)
2021-05-11 08:00:00,2021,5,9,14241,8.4,HOEP (Legacy)
2021-05-11 09:00:00,2021,5,10,14112,12.28,HOEP (Legacy)
2021-05-11 10:00:00,2021,5,11,14099,7.76,HOEP (Legacy)
2021-05-11 11:00:00,2021,5,12,14060,7.17,HOEP (Legacy)
2021-05-11 12:00:00,2021,5,13,13858,4.89,HOEP (Legacy)
2021-05-11 13:00:00,2021,5,14,13714,13.31,HOEP (Legacy)
2021-05-11 14:00:00,2021,5,15,13791,15.35,HOEP (Legacy)
2021-05-11 15:00:00,2021,5,16,14209,19.61,HOEP (Legacy)
2021-05-11 16:00:00,2021,5,17,15024,25.74,HOEP (Legacy)
2021-05-11 17:00:00,2021,5,18,15179,20.32,HOEP (Legacy)
2021-05-11 18:00:00,2021,5,19,15358,52.29,HOEP (Legacy)
2021-05-11 19:00:00,2021,5,20,15567,20.67,HOEP (Legacy)
2021-05-11 20:00:00,2021,5,21,14982,19.33,HOEP (Legacy)
2021-05-11 21:00:00,2021,5,22,14295,10.06,HOEP (Legacy)
2021-05-11 22:00:00,2021,5,23,13287,10.69,HOEP (Legacy)
2021-05-11 23:00:00,2021,5,24,12678,11.8,HOEP (Legacy)
2021-05-12 00:00:00,2021,5,1,12327,12.27,HOEP (Legacy)
2021-05-12 01:00:00,2021,5,2,11955,6.89,HOEP (Legacy)
2021-05-12 02:00:00,2021,5,3,11854,6.01,HOEP (Legacy)
2021-05-12 03:00:00,2021,5,4,11862,5.82,HOEP (Legacy)
2021-05-12 04:00:00,2021,5,5,12289,0.48,HOEP (Legacy)
2021-05-12 05:00:00,2021,5,6,13096,2.63,HOEP (Legacy)
2021-05-12 06:00:00,2021,5,7,13776,10.13,HOEP (Legacy)
2021-05-12 07:00:00,2021,5,8,14012,14.4,HOEP (Legacy)
2021-05-12 08:00:00,2021,5,9,13499,8.18,HOEP (Legacy)
2021-05-12 09:00:00,2021,5,10,13114,5.36,HOEP (Legacy)
2021-05-12 10:00:00,2021,5,11,13117,11.72,HOEP (Legacy)
2021-05-12 11:00:00,2021,5,12,13168,11.53,HOEP (Legacy)
2021-05-12 12:00:00,2021,5,13,13041,5.1,HOEP (Legacy)
2021-05-12 13:00:00,2021,5,14,12951,3.31,HOEP (Legacy)
2021-05-12 14:00:00,2021,5,15,12685,0.0,HOEP (Legacy)
2021-05-12 15:00:00,2021,5,16,12870,0.54,HOEP (Legacy)
2021-05-12 16:00:00,2021,5,17,13508,6.13,HOEP (Legacy)
2021-05-12 17:00:00,2021,5,18,13866,11.68,HOEP (Legacy)
2021-05-12 18:00:00,2021,5,19,14145,8.43,HOEP (Legacy)
2021-05-12 19:00:00,2021,5,20,14522,12.48,HOEP (Legacy)
2021-05-12 20:00:00,2021,5,21,14497,14.39,HOEP (Legacy)
2021-05-12 21:00:00,2021,5,22,13907,20.77,HOEP (Legacy)
2021-05-12 22:00:00,2021,5,23,12834,9.41,HOEP (Legacy)
2021-05-12 23:00:00,2021,5,24,11864,11.51,HOEP (Legacy)
2021-05-13 00:00:00,2021,5,1,11634,7.51,HOEP (Legacy)
2021-05-13 01:00:00,2021,5,2,11470,6.83,HOEP (Legacy)
2021-05-13 02:00:00,2021,5,3,11384,6.0,HOEP (Legacy)
2021-05-13 03:00:00,2021,5,4,11639,5.83,HOEP (Legacy)
2021-05-13 04:00:00,2021,5,5,11957,10.95,HOEP (Legacy)
2021-05-13 05:00:00,2021,5,6,12885,12.98,HOEP (Legacy)
2021-05-13 06:00:00,2021,5,7,13629,17.97,HOEP (Legacy)
2021-05-13 07:00:00,2021,5,8,14006,24.4,HOEP (Legacy)
2021-05-13 08:00:00,2021,5,9,13691,14.39,HOEP (Legacy)
2021-05-13 09:00:00,2021,5,10,13289,11.99,HOEP (Legacy)
2021-05-13 10:00:00,2021,5,11,13224,14.36,HOEP (Legacy)
2021-05-13 11:00:00,2021,5,12,13326,14.35,HOEP (Legacy)
2021-05-13 12:00:00,2021,5,13,13271,13.1,HOEP (Legacy)
2021-05-13 13:00:00,2021,5,14,13125,5.87,HOEP (Legacy)
2021-05-13 14:00:00,2021,5,15,13193,7.74,HOEP (Legacy)
2021-05-13 15:00:00,2021,5,16,13631,7.27,HOEP (Legacy)
2021-05-13 16:00:00,2021,5,17,13980,18.75,HOEP (Legacy)
2021-05-13 17:00:00,2021,5,18,14174,14.38,HOEP (Legacy)
2021-05-13 18:00:00,2021,5,19,14351,13.77,HOEP (Legacy)
2021-05-13 19:00:00,2021,5,20,14525,14.38,HOEP (Legacy)
2021-05-13 20:00:00,2021,5,21,14546,13.69,HOEP (Legacy)
2021-05-13 21:00:00,2021,5,22,13768,14.42,HOEP (Legacy)
2021-05-13 22:00:00,2021,5,23,12812,5.88,HOEP (Legacy)
2021-05-13 23:00:00,2021,5,24,12068,4.5,HOEP (Legacy)
2021-05-14 00:00:00,2021,5,1,11714,13.34,HOEP (Legacy)
2021-05-14 01:00:00,2021,5,2,11481,5.76,HOEP (Legacy)
2021-05-14 02:00:00,2021,5,3,11398,5.34,HOEP (Legacy)
2021-05-14 03:00:00,2021,5,4,11507,4.32,HOEP (Legacy)
2021-05-14 04:00:00,2021,5,5,11953,6.11,HOEP (Legacy)
2021-05-14 05:00:00,2021,5,6,12699,9.49,HOEP (Legacy)
2021-05-14 06:00:00,2021,5,7,13360,17.13,HOEP (Legacy)
2021-05-14 07:00:00,2021,5,8,13582,15.57,HOEP (Legacy)
2021-05-14 08:00:00,2021,5,9,13593,37.59,HOEP (Legacy)
2021-05-14 09:00:00,2021,5,10,13212,19.09,HOEP (Legacy)
2021-05-14 10:00:00,2021,5,11,13263,14.4,HOEP (Legacy)
2021-05-14 11:00:00,2021,5,12,13359,15.9,HOEP (Legacy)
2021-05-14 12:00:00,2021,5,13,13221,14.38,HOEP (Legacy)
2021-05-14 13:00:00,2021,5,14,12904,11.61,HOEP (Legacy)
2021-05-14 14:00:00,2021,5,15,12763,8.21,HOEP (Legacy)
2021-05-14 15:00:00,2021,5,16,13108,1.73,HOEP (Legacy)
2021-05-14 16:00:00,2021,5,17,13489,0.88,HOEP (Legacy)
2021-05-14 17:00:00,2021,5,18,13817,10.92,HOEP (Legacy)
2021-05-14 18:00:00,2021,5,19,14039,13.24,HOEP (Legacy)
2021-05-14 19:00:00,2021,5,20,14290,12.66,HOEP (Legacy)
2021-05-14 20:00:00,2021,5,21,14159,4.32,HOEP (Legacy)
2021-05-14 21:00:00,2021,5,22,13523,10.28,HOEP (Legacy)
2021-05-14 22:00:00,2021,5,23,12657,8.34,HOEP (Legacy)
2021-05-14 23:00:00,2021,5,24,11880,8.35,HOEP (Legacy)
2021-05-15 00:00:00,2021,5,1,11412,2.38,HOEP (Legacy)
2021-05-15 01:00:00,2021,5,2,11132,5.28,HOEP (Legacy)
2021-05-15 02:00:00,2021,5,3,10916,0.0,HOEP (Legacy)
2021-05-15 03:00:00,2021,5,4,10906,1.84,HOEP (Legacy)
2021-05-15 04:00:00,2021,5,5,11159,8.39,HOEP (Legacy)
2021-05-15 05:00:00,2021,5,6,11270,13.32,HOEP (Legacy)
2021-05-15 06:00:00,2021,5,7,11715,13.26,HOEP (Legacy)
2021-05-15 07:00:00,2021,5,8,12189,8.66,HOEP (Legacy)
2021-05-15 08:00:00,2021,5,9,12341,12.15,HOEP (Legacy)
2021-05-15 09:00:00,2021,5,10,12229,6.07,HOEP (Legacy)
2021-05-15 10:00:00,2021,5,11,12283,5.92,HOEP (Legacy)
2021-05-15 11:00:00,2021,5,12,12340,6.96,HOEP (Legacy)
2021-05-15 12:00:00,2021,5,13,12329,5.82,HOEP (Legacy)
2021-05-15 13:00:00,2021,5,14,12198,6.71,HOEP (Legacy)
2021-05-15 14:00:00,2021,5,15,12200,5.91,HOEP (Legacy)
2021-05-15 15:00:00,2021,5,16,12443,6.76,HOEP (Legacy)
2021-05-15 16:00:00,2021,5,17,13165,11.56,HOEP (Legacy)
2021-05-15 17:00:00,2021,5,18,13500,8.75,HOEP (Legacy)
2021-05-15 18:00:00,2021,5,19,13522,13.64,HOEP (Legacy)
2021-05-15 19:00:00,2021,5,20,13630,39.23,HOEP (Legacy)
2021-05-15 20:00:00,2021,5,21,13720,84.6,HOEP (Legacy)
2021-05-15 21:00:00,2021,5,22,13127,13.66,HOEP (Legacy)
2021-05-15 22:00:00,2021,5,23,12291,13.75,HOEP (Legacy)
2021-05-15 23:00:00,2021,5,24,11711,13.68,HOEP (Legacy)
2021-05-16 00:00:00,2021,5,1,11215,17.01,HOEP (Legacy)
2021-05-16 01:00:00,2021,5,2,10949,13.24,HOEP (Legacy)
2021-05-16 02:00:00,2021,5,3,10782,11.72,HOEP (Legacy)
2021-05-16 03:00:00,2021,5,4,10821,13.22,HOEP (Legacy)
2021-05-16 04:00:00,2021,5,5,11010,13.25,HOEP (Legacy)
2021-05-16 05:00:00,2021,5,6,11007,13.27,HOEP (Legacy)
2021-05-16 06:00:00,2021,5,7,11250,13.25,HOEP (Legacy)
2021-05-16 07:00:00,2021,5,8,11623,14.2,HOEP (Legacy)
2021-05-16 08:00:00,2021,5,9,11964,18.42,HOEP (Legacy)
2021-05-16 09:00:00,2021,5,10,12160,27.68,HOEP (Legacy)
2021-05-16 10:00:00,2021,5,11,12314,17.62,HOEP (Legacy)
2021-05-16 11:00:00,2021,5,12,12375,20.0,HOEP (Legacy)
2021-05-16 12:00:00,2021,5,13,12417,31.46,HOEP (Legacy)
2021-05-16 13:00:00,2021,5,14,12238,19.45,HOEP (Legacy)
2021-05-16 14:00:00,2021,5,15,12226,19.88,HOEP (Legacy)
2021-05-16 15:00:00,2021,5,16,12619,18.28,HOEP (Legacy)
2021-05-16 16:00:00,2021,5,17,13502,26.88,HOEP (Legacy)
2021-05-16 17:00:00,2021,5,18,13949,31.72,HOEP (Legacy)
2021-05-16 18:00:00,2021,5,19,14014,23.82,HOEP (Legacy)
2021-05-16 19:00:00,2021,5,20,14098,17.43,HOEP (Legacy)
2021-05-16 20:00:00,2021,5,21,14092,33.42,HOEP (Legacy)
2021-05-16 21:00:00,2021,5,22,13431,18.4,HOEP (Legacy)
2021-05-16 22:00:00,2021,5,23,12640,19.28,HOEP (Legacy)
2021-05-16 23:00:00,2021,5,24,11990,19.25,HOEP (Legacy)
2021-05-17 00:00:00,2021,5,1,11474,17.69,HOEP (Legacy)
2021-05-17 01:00:00,2021,5,2,11324,22.24,HOEP (Legacy)
2021-05-17 02:00:00,2021,5,3,11171,13.23,HOEP (Legacy)
2021-05-17 03:00:00,2021,5,4,11342,15.43,HOEP (Legacy)
2021-05-17 04:00:00,2021,5,5,11842,3.3,HOEP (Legacy)
2021-05-17 05:00:00,2021,5,6,12571,13.26,HOEP (Legacy)
2021-05-17 06:00:00,2021,5,7,13168,14.96,HOEP (Legacy)
2021-05-17 07:00:00,2021,5,8,13894,23.58,HOEP (Legacy)
2021-05-17 08:00:00,2021,5,9,13907,17.21,HOEP (Legacy)
2021-05-17 09:00:00,2021,5,10,13704,15.11,HOEP (Legacy)
2021-05-17 10:00:00,2021,5,11,13780,14.49,HOEP (Legacy)
2021-05-17 11:00:00,2021,5,12,13986,17.76,HOEP (Legacy)
2021-05-17 12:00:00,2021,5,13,13997,24.66,HOEP (Legacy)
2021-05-17 13:00:00,2021,5,14,13952,24.95,HOEP (Legacy)
2021-05-17 14:00:00,2021,5,15,14048,24.95,HOEP (Legacy)
2021-05-17 15:00:00,2021,5,16,14393,25.67,HOEP (Legacy)
2021-05-17 16:00:00,2021,5,17,15119,24.18,HOEP (Legacy)
2021-05-17 17:00:00,2021,5,18,15334,21.42,HOEP (Legacy)
2021-05-17 18:00:00,2021,5,19,15373,20.99,HOEP (Legacy)
2021-05-17 19:00:00,2021,5,20,15216,22.47,HOEP (Legacy)
2021-05-17 20:00:00,2021,5,21,14956,17.87,HOEP (Legacy)
2021-05-17 21:00:00,2021,5,22,13981,12.84,HOEP (Legacy)
2021-05-17 22:00:00,2021,5,23,12906,11.46,HOEP (Legacy)
2021-05-17 23:00:00,2021,5,24,12179,13.66,HOEP (Legacy)
2021-05-18 00:00:00,2021,5,1,11819,0.0,HOEP (Legacy)
2021-05-18 01:00:00,2021,5,2,11475,0.0,HOEP (Legacy)
2021-05-18 02:00:00,2021,5,3,11350,0.0,HOEP (Legacy)
2021-05-18 03:00:00,2021,5,4,11415,-0.37,HOEP (Legacy)
2021-05-18 04:00:00,2021,5,5,11764,-3.94,HOEP (Legacy)
2021-05-18 05:00:00,2021,5,6,12259,4.01,HOEP (Legacy)
2021-05-18 06:00:00,2021,5,7,13036,9.84,HOEP (Legacy)
2021-05-18 07:00:00,2021,5,8,13512,14.36,HOEP (Legacy)
2021-05-18 08:00:00,2021,5,9,13835,14.34,HOEP (Legacy)
2021-05-18 09:00:00,2021,5,10,13981,14.35,HOEP (Legacy)
2021-05-18 10:00:00,2021,5,11,14237,21.75,HOEP (Legacy)
2021-05-18 11:00:00,2021,5,12,14370,25.79,HOEP (Legacy)
2021-05-18 12:00:00,2021,5,13,14424,22.83,HOEP (Legacy)
2021-05-18 13:00:00,2021,5,14,14497,21.58,HOEP (Legacy)
2021-05-18 14:00:00,2021,5,15,14682,19.85,HOEP (Legacy)
2021-05-18 15:00:00,2021,5,16,15124,20.11,HOEP (Legacy)
2021-05-18 16:00:00,2021,5,17,16029,24.3,HOEP (Legacy)
2021-05-18 17:00:00,2021,5,18,16194,28.03,HOEP (Legacy)
2021-05-18 18:00:00,2021,5,19,16148,22.66,HOEP (Legacy)
2021-05-18 19:00:00,2021,5,20,16066,20.08,HOEP (Legacy)
2021-05-18 20:00:00,2021,5,21,15806,22.92,HOEP (Legacy)
2021-05-18 21:00:00,2021,5,22,14801,20.24,HOEP (Legacy)
2021-05-18 22:00:00,2021,5,23,13604,14.29,HOEP (Legacy)
2021-05-18 23:00:00,2021,5,24,12724,6.27,HOEP (Legacy)
2021-05-19 00:00:00,2021,5,1,12239,0.0,HOEP (Legacy)
2021-05-19 01:00:00,2021,5,2,11864,2.56,HOEP (Legacy)
2021-05-19 02:00:00,2021,5,3,11673,0.94,HOEP (Legacy)
2021-05-19 03:00:00,2021,5,4,11706,0.0,HOEP (Legacy)
2021-05-19 04:00:00,2021,5,5,12050,12.59,HOEP (Legacy)
2021-05-19 05:00:00,2021,5,6,12707,14.09,HOEP (Legacy)
2021-05-19 06:00:00,2021,5,7,13486,19.81,HOEP (Legacy)
2021-05-19 07:00:00,2021,5,8,14292,32.83,HOEP (Legacy)
2021-05-19 08:00:00,2021,5,9,14551,34.35,HOEP (Legacy)
2021-05-19 09:00:00,2021,5,10,14768,26.26,HOEP (Legacy)
2021-05-19 10:00:00,2021,5,11,15102,25.48,HOEP (Legacy)
2021-05-19 11:00:00,2021,5,12,15572,27.75,HOEP (Legacy)
2021-05-19 12:00:00,2021,5,13,15733,25.98,HOEP (Legacy)
2021-05-19 13:00:00,2021,5,14,15921,30.75,HOEP (Legacy)
2021-05-19 14:00:00,2021,5,15,16398,30.52,HOEP (Legacy)
2021-05-19 15:00:00,2021,5,16,16947,36.58,HOEP (Legacy)
2021-05-19 16:00:00,2021,5,17,17332,106.39,HOEP (Legacy)
2021-05-19 17:00:00,2021,5,18,17277,673.96,HOEP (Legacy)
2021-05-19 18:00:00,2021,5,19,16862,31.48,HOEP (Legacy)
2021-05-19 19:00:00,2021,5,20,16623,28.75,HOEP (Legacy)
2021-05-19 20:00:00,2021,5,21,16440,24.61,HOEP (Legacy)
2021-05-19 21:00:00,2021,5,22,15281,17.63,HOEP (Legacy)
2021-05-19 22:00:00,2021,5,23,14103,18.31,HOEP (Legacy)
2021-05-19 23:00:00,2021,5,24,13084,14.03,HOEP (Legacy)
2021-05-20 00:00:00,2021,5,1,12613,15.22,HOEP (Legacy)
2021-05-20 01:00:00,2021,5,2,12299,13.36,HOEP (Legacy)
2021-05-20 02:00:00,2021,5,3,12040,19.2,HOEP (Legacy)
2021-05-20 03:00:00,2021,5,4,12029,45.21,HOEP (Legacy)
2021-05-20 04:00:00,2021,5,5,12406,6.51,HOEP (Legacy)
2021-05-20 05:00:00,2021,5,6,13063,2.47,HOEP (Legacy)
2021-05-20 06:00:00,2021,5,7,13886,5.99,HOEP (Legacy)
2021-05-20 07:00:00,2021,5,8,14873,22.59,HOEP (Legacy)
2021-05-20 08:00:00,2021,5,9,15263,19.2,HOEP (Legacy)
2021-05-20 09:00:00,2021,5,10,15506,23.9,HOEP (Legacy)
2021-05-20 10:00:00,2021,5,11,15796,24.83,HOEP (Legacy)
2021-05-20 11:00:00,2021,5,12,16244,25.17,HOEP (Legacy)
2021-05-20 12:00:00,2021,5,13,16587,26.3,HOEP (Legacy)
2021-05-20 13:00:00,2021,5,14,17080,29.0,HOEP (Legacy)
2021-05-20 14:00:00,2021,5,15,17584,28.75,HOEP (Legacy)
2021-05-20 15:00:00,2021,5,16,17904,29.99,HOEP (Legacy)
2021-05-20 16:00:00,2021,5,17,18523,31.3,HOEP (Legacy)
2021-05-20 17:00:00,2021,5,18,18622,28.96,HOEP (Legacy)
2021-05-20 18:00:00,2021,5,19,18425,28.88,HOEP (Legacy)
2021-05-20 19:00:00,2021,5,20,17969,28.8,HOEP (Legacy)
2021-05-20 20:00:00,2021,5,21,17538,27.64,HOEP (Legacy)
2021-05-20 21:00:00,2021,5,22,16456,25.02,HOEP (Legacy)
2021-05-20 22:00:00,2021,5,23,14975,23.73,HOEP (Legacy)
2021-05-20 23:00:00,2021,5,24,13803,8.1,HOEP (Legacy)
2021-05-21 00:00:00,2021,5,1,13207,9.23,HOEP (Legacy)
2021-05-21 01:00:00,2021,5,2,12464,0.22,HOEP (Legacy)
2021-05-21 02:00:00,2021,5,3,12023,0.09,HOEP (Legacy)
2021-05-21 03:00:00,2021,5,4,11939,0.0,HOEP (Legacy)
2021-05-21 04:00:00,2021,5,5,12161,0.0,HOEP (Legacy)
2021-05-21 05:00:00,2021,5,6,12837,0.14,HOEP (Legacy)
2021-05-21 06:00:00,2021,5,7,13751,1.96,HOEP (Legacy)
2021-05-21 07:00:00,2021,5,8,14773,8.54,HOEP (Legacy)
2021-05-21 08:00:00,2021,5,9,15558,19.01,HOEP (Legacy)
2021-05-21 09:00:00,2021,5,10,16330,24.54,HOEP (Legacy)
2021-05-21 10:00:00,2021,5,11,16956,24.69,HOEP (Legacy)
2021-05-21 11:00:00,2021,5,12,17527,27.42,HOEP (Legacy)
2021-05-21 12:00:00,2021,5,13,17787,28.82,HOEP (Legacy)
2021-05-21 13:00:00,2021,5,14,18041,28.84,HOEP (Legacy)
2021-05-21 14:00:00,2021,5,15,18407,28.84,HOEP (Legacy)
2021-05-21 15:00:00,2021,5,16,18767,28.84,HOEP (Legacy)
2021-05-21 16:00:00,2021,5,17,19076,28.65,HOEP (Legacy)
2021-05-21 17:00:00,2021,5,18,19243,27.13,HOEP (Legacy)
2021-05-21 18:00:00,2021,5,19,19178,28.76,HOEP (Legacy)
2021-05-21 19:00:00,2021,5,20,18798,28.27,HOEP (Legacy)
2021-05-21 20:00:00,2021,5,21,18317,26.35,HOEP (Legacy)
2021-05-21 21:00:00,2021,5,22,17144,25.02,HOEP (Legacy)
2021-05-21 22:00:00,2021,5,23,15594,21.28,HOEP (Legacy)
2021-05-21 23:00:00,2021,5,24,14535,14.26,HOEP (Legacy)
2021-05-22 00:00:00,2021,5,1,13703,2.72,HOEP (Legacy)
2021-05-22 01:00:00,2021,5,2,13072,0.0,HOEP (Legacy)
2021-05-22 02:00:00,2021,5,3,12545,0.0,HOEP (Legacy)
2021-05-22 03:00:00,2021,5,4,12305,0.0,HOEP (Legacy)
2021-05-22 04:00:00,2021,5,5,12327,0.0,HOEP (Legacy)
2021-05-22 05:00:00,2021,5,6,12412,0.0,HOEP (Legacy)
2021-05-22 06:00:00,2021,5,7,12946,0.0,HOEP (Legacy)
2021-05-22 07:00:00,2021,5,8,13772,5.94,HOEP (Legacy)
2021-05-22 08:00:00,2021,5,9,14717,12.22,HOEP (Legacy)
2021-05-22 09:00:00,2021,5,10,15659,18.79,HOEP (Legacy)
2021-05-22 10:00:00,2021,5,11,16520,24.79,HOEP (Legacy)
2021-05-22 11:00:00,2021,5,12,16626,22.5,HOEP (Legacy)
2021-05-22 12:00:00,2021,5,13,16317,24.39,HOEP (Legacy)
2021-05-22 13:00:00,2021,5,14,16125,14.34,HOEP (Legacy)
2021-05-22 14:00:00,2021,5,15,16222,16.81,HOEP (Legacy)
2021-05-22 15:00:00,2021,5,16,16537,20.14,HOEP (Legacy)
2021-05-22 16:00:00,2021,5,17,17081,24.4,HOEP (Legacy)
2021-05-22 17:00:00,2021,5,18,17060,21.68,HOEP (Legacy)
2021-05-22 18:00:00,2021,5,19,16841,24.18,HOEP (Legacy)
2021-05-22 19:00:00,2021,5,20,16518,24.25,HOEP (Legacy)
2021-05-22 20:00:00,2021,5,21,16347,23.2,HOEP (Legacy)
2021-05-22 21:00:00,2021,5,22,15665,10.77,HOEP (Legacy)
2021-05-22 22:00:00,2021,5,23,14532,6.63,HOEP (Legacy)
2021-05-22 23:00:00,2021,5,24,13436,3.06,HOEP (Legacy)
2021-05-23 00:00:00,2021,5,1,12611,0.47,HOEP (Legacy)
2021-05-23 01:00:00,2021,5,2,12186,0.0,HOEP (Legacy)
2021-05-23 02:00:00,2021,5,3,11837,0.0,HOEP (Legacy)
2021-05-23 03:00:00,2021,5,4,11568,0.0,HOEP (Legacy)
2021-05-23 04:00:00,2021,5,5,11516,0.0,HOEP (Legacy)
2021-05-23 05:00:00,2021,5,6,11454,0.0,HOEP (Legacy)
2021-05-23 06:00:00,2021,5,7,12232,0.95,HOEP (Legacy)
2021-05-23 07:00:00,2021,5,8,13536,3.04,HOEP (Legacy)
2021-05-23 08:00:00,2021,5,9,14416,7.18,HOEP (Legacy)
2021-05-23 09:00:00,2021,5,10,14808,4.81,HOEP (Legacy)
2021-05-23 10:00:00,2021,5,11,14780,0.0,HOEP (Legacy)
2021-05-23 11:00:00,2021,5,12,14715,0.82,HOEP (Legacy)
2021-05-23 12:00:00,2021,5,13,14435,4.39,HOEP (Legacy)
2021-05-23 13:00:00,2021,5,14,14206,5.87,HOEP (Legacy)
2021-05-23 14:00:00,2021,5,15,14230,8.3,HOEP (Legacy)
2021-05-23 15:00:00,2021,5,16,14654,5.98,HOEP (Legacy)
2021-05-23 16:00:00,2021,5,17,15150,11.39,HOEP (Legacy)
2021-05-23 17:00:00,2021,5,18,15588,13.3,HOEP (Legacy)
2021-05-23 18:00:00,2021,5,19,15098,6.05,HOEP (Legacy)
2021-05-23 19:00:00,2021,5,20,14724,11.12,HOEP (Legacy)
2021-05-23 20:00:00,2021,5,21,14578,12.29,HOEP (Legacy)
2021-05-23 21:00:00,2021,5,22,13787,9.64,HOEP (Legacy)
2021-05-23 22:00:00,2021,5,23,12866,7.71,HOEP (Legacy)
2021-05-23 23:00:00,2021,5,24,12128,4.47,HOEP (Legacy)
2021-05-24 00:00:00,2021,5,1,11485,2.86,HOEP (Legacy)
2021-05-24 01:00:00,2021,5,2,11082,0.0,HOEP (Legacy)
2021-05-24 02:00:00,2021,5,3,10863,0.0,HOEP (Legacy)
2021-05-24 03:00:00,2021,5,4,10822,0.0,HOEP (Legacy)
2021-05-24 04:00:00,2021,5,5,10874,0.0,HOEP (Legacy)
2021-05-24 05:00:00,2021,5,6,10905,0.0,HOEP (Legacy)
2021-05-24 06:00:00,2021,5,7,11285,0.4,HOEP (Legacy)
2021-05-24 07:00:00,2021,5,8,11591,4.27,HOEP (Legacy)
2021-05-24 08:00:00,2021,5,9,11768,3.25,HOEP (Legacy)
2021-05-24 09:00:00,2021,5,10,12039,10.31,HOEP (Legacy)
2021-05-24 10:00:00,2021,5,11,12525,13.68,HOEP (Legacy)
2021-05-24 11:00:00,2021,5,12,12584,8.36,HOEP (Legacy)
2021-05-24 12:00:00,2021,5,13,12562,7.26,HOEP (Legacy)
2021-05-24 13:00:00,2021,5,14,12584,13.17,HOEP (Legacy)
2021-05-24 14:00:00,2021,5,15,12819,10.18,HOEP (Legacy)
2021-05-24 15:00:00,2021,5,16,13653,14.69,HOEP (Legacy)
2021-05-24 16:00:00,2021,5,17,14751,24.18,HOEP (Legacy)
2021-05-24 17:00:00,2021,5,18,15131,41.84,HOEP (Legacy)
2021-05-24 18:00:00,2021,5,19,15164,16.09,HOEP (Legacy)
2021-05-24 19:00:00,2021,5,20,14871,14.37,HOEP (Legacy)
2021-05-24 20:00:00,2021,5,21,14610,10.2,HOEP (Legacy)
2021-05-24 21:00:00,2021,5,22,13905,3.58,HOEP (Legacy)
2021-05-24 22:00:00,2021,5,23,12832,1.49,HOEP (Legacy)
2021-05-24 23:00:00,2021,5,24,11982,0.0,HOEP (Legacy)
2021-05-25 00:00:00,2021,5,1,11493,-0.01,HOEP (Legacy)
2021-05-25 01:00:00,2021,5,2,11162,-1.17,HOEP (Legacy)
2021-05-25 02:00:00,2021,5,3,11042,-2.93,HOEP (Legacy)
2021-05-25 03:00:00,2021,5,4,11236,-3.0,HOEP (Legacy)
2021-05-25 04:00:00,2021,5,5,11475,-0.52,HOEP (Legacy)
2021-05-25 05:00:00,2021,5,6,12185,0.0,HOEP (Legacy)
2021-05-25 06:00:00,2021,5,7,13317,1.47,HOEP (Legacy)
2021-05-25 07:00:00,2021,5,8,14503,10.34,HOEP (Legacy)
2021-05-25 08:00:00,2021,5,9,15109,11.82,HOEP (Legacy)
2021-05-25 09:00:00,2021,5,10,15492,9.72,HOEP (Legacy)
2021-05-25 10:00:00,2021,5,11,15953,4.18,HOEP (Legacy)
2021-05-25 11:00:00,2021,5,12,16635,8.75,HOEP (Legacy)
2021-05-25 12:00:00,2021,5,13,17269,14.38,HOEP (Legacy)
2021-05-25 13:00:00,2021,5,14,17661,21.15,HOEP (Legacy)
2021-05-25 14:00:00,2021,5,15,18022,24.3,HOEP (Legacy)
2021-05-25 15:00:00,2021,5,16,18500,24.91,HOEP (Legacy)
2021-05-25 16:00:00,2021,5,17,19381,37.56,HOEP (Legacy)
2021-05-25 17:00:00,2021,5,18,19443,27.62,HOEP (Legacy)
2021-05-25 18:00:00,2021,5,19,18785,23.17,HOEP (Legacy)
2021-05-25 19:00:00,2021,5,20,18394,23.87,HOEP (Legacy)
2021-05-25 20:00:00,2021,5,21,17997,19.03,HOEP (Legacy)
2021-05-25 21:00:00,2021,5,22,16841,15.74,HOEP (Legacy)
2021-05-25 22:00:00,2021,5,23,15436,5.68,HOEP (Legacy)
2021-05-25 23:00:00,2021,5,24,14407,3.2,HOEP (Legacy)
2021-05-26 00:00:00,2021,5,1,13670,0.47,HOEP (Legacy)
2021-05-26 01:00:00,2021,5,2,13144,0.0,HOEP (Legacy)
2021-05-26 02:00:00,2021,5,3,12978,0.0,HOEP (Legacy)
2021-05-26 03:00:00,2021,5,4,12856,0.0,HOEP (Legacy)
2021-05-26 04:00:00,2021,5,5,13145,0.0,HOEP (Legacy)
2021-05-26 05:00:00,2021,5,6,14043,0.0,HOEP (Legacy)
2021-05-26 06:00:00,2021,5,7,15042,6.29,HOEP (Legacy)
2021-05-26 07:00:00,2021,5,8,16022,16.04,HOEP (Legacy)
2021-05-26 08:00:00,2021,5,9,16879,32.36,HOEP (Legacy)
2021-05-26 09:00:00,2021,5,10,16993,39.5,HOEP (Legacy)
2021-05-26 10:00:00,2021,5,11,16958,22.0,HOEP (Legacy)
2021-05-26 11:00:00,2021,5,12,17130,23.53,HOEP (Legacy)
2021-05-26 12:00:00,2021,5,13,16766,14.97,HOEP (Legacy)
2021-05-26 13:00:00,2021,5,14,16594,17.1,HOEP (Legacy)
2021-05-26 14:00:00,2021,5,15,16728,15.31,HOEP (Legacy)
2021-05-26 15:00:00,2021,5,16,17062,14.39,HOEP (Legacy)
2021-05-26 16:00:00,2021,5,17,17433,12.31,HOEP (Legacy)
2021-05-26 17:00:00,2021,5,18,17391,13.07,HOEP (Legacy)
2021-05-26 18:00:00,2021,5,19,17064,11.73,HOEP (Legacy)
2021-05-26 19:00:00,2021,5,20,16402,8.1,HOEP (Legacy)
2021-05-26 20:00:00,2021,5,21,15667,5.89,HOEP (Legacy)
2021-05-26 21:00:00,2021,5,22,14390,2.4,HOEP (Legacy)
2021-05-26 22:00:00,2021,5,23,13183,0.99,HOEP (Legacy)
2021-05-26 23:00:00,2021,5,24,12435,0.0,HOEP (Legacy)
2021-05-27 00:00:00,2021,5,1,11978,0.0,HOEP (Legacy)
2021-05-27 01:00:00,2021,5,2,11651,0.0,HOEP (Legacy)
2021-05-27 02:00:00,2021,5,3,11467,0.0,HOEP (Legacy)
2021-05-27 03:00:00,2021,5,4,11601,0.0,HOEP (Legacy)
2021-05-27 04:00:00,2021,5,5,11985,4.58,HOEP (Legacy)
2021-05-27 05:00:00,2021,5,6,12652,2.95,HOEP (Legacy)
2021-05-27 06:00:00,2021,5,7,13432,13.73,HOEP (Legacy)
2021-05-27 07:00:00,2021,5,8,13829,20.36,HOEP (Legacy)
2021-05-27 08:00:00,2021,5,9,13938,21.63,HOEP (Legacy)
2021-05-27 09:00:00,2021,5,10,13778,22.97,HOEP (Legacy)
2021-05-27 10:00:00,2021,5,11,13863,13.83,HOEP (Legacy)
2021-05-27 11:00:00,2021,5,12,13955,15.51,HOEP (Legacy)
2021-05-27 12:00:00,2021,5,13,13622,13.36,HOEP (Legacy)
2021-05-27 13:00:00,2021,5,14,13434,9.18,HOEP (Legacy)
2021-05-27 14:00:00,2021,5,15,13536,6.88,HOEP (Legacy)
2021-05-27 15:00:00,2021,5,16,14112,7.14,HOEP (Legacy)
2021-05-27 16:00:00,2021,5,17,14641,1.46,HOEP (Legacy)
2021-05-27 17:00:00,2021,5,18,14921,6.61,HOEP (Legacy)
2021-05-27 18:00:00,2021,5,19,14945,12.77,HOEP (Legacy)
2021-05-27 19:00:00,2021,5,20,14956,61.82,HOEP (Legacy)
2021-05-27 20:00:00,2021,5,21,14750,23.56,HOEP (Legacy)
2021-05-27 21:00:00,2021,5,22,13919,18.85,HOEP (Legacy)
2021-05-27 22:00:00,2021,5,23,12898,9.13,HOEP (Legacy)
2021-05-27 23:00:00,2021,5,24,12208,8.93,HOEP (Legacy)
2021-05-28 00:00:00,2021,5,1,11794,2.95,HOEP (Legacy)
2021-05-28 01:00:00,2021,5,2,11358,0.0,HOEP (Legacy)
2021-05-28 02:00:00,2021,5,3,11189,0.0,HOEP (Legacy)
2021-05-28 03:00:00,2021,5,4,11283,0.0,HOEP (Legacy)
2021-05-28 04:00:00,2021,5,5,11672,0.0,HOEP (Legacy)
2021-05-28 05:00:00,2021,5,6,12562,0.0,HOEP (Legacy)
2021-05-28 06:00:00,2021,5,7,13411,2.18,HOEP (Legacy)
2021-05-28 07:00:00,2021,5,8,14260,0.4,HOEP (Legacy)
2021-05-28 08:00:00,2021,5,9,14726,5.7,HOEP (Legacy)
2021-05-28 09:00:00,2021,5,10,14925,5.92,HOEP (Legacy)
2021-05-28 10:00:00,2021,5,11,15110,5.93,HOEP (Legacy)
2021-05-28 11:00:00,2021,5,12,15257,5.88,HOEP (Legacy)
2021-05-28 12:00:00,2021,5,13,15066,0.42,HOEP (Legacy)
2021-05-28 13:00:00,2021,5,14,14769,0.0,HOEP (Legacy)
2021-05-28 14:00:00,2021,5,15,14557,0.0,HOEP (Legacy)
2021-05-28 15:00:00,2021,5,16,14758,0.0,HOEP (Legacy)
2021-05-28 16:00:00,2021,5,17,14791,0.0,HOEP (Legacy)
2021-05-28 17:00:00,2021,5,18,14546,0.0,HOEP (Legacy)
2021-05-28 18:00:00,2021,5,19,13156,0.0,HOEP (Legacy)
2021-05-28 19:00:00,2021,5,20,14655,0.89,HOEP (Legacy)
2021-05-28 20:00:00,2021,5,21,14590,12.35,HOEP (Legacy)
2021-05-28 21:00:00,2021,5,22,13754,2.92,HOEP (Legacy)
2021-05-28 22:00:00,2021,5,23,12693,0.47,HOEP (Legacy)
2021-05-28 23:00:00,2021,5,24,12032,0.0,HOEP (Legacy)
2021-05-29 00:00:00,2021,5,1,11584,0.0,HOEP (Legacy)
2021-05-29 01:00:00,2021,5,2,11287,0.0,HOEP (Legacy)
2021-05-29 02:00:00,2021,5,3,11085,0.0,HOEP (Legacy)
2021-05-29 03:00:00,2021,5,4,11072,0.0,HOEP (Legacy)
2021-05-29 04:00:00,2021,5,5,11378,0.0,HOEP (Legacy)
2021-05-29 05:00:00,2021,5,6,11707,0.0,HOEP (Legacy)
2021-05-29 06:00:00,2021,5,7,12127,0.0,HOEP (Legacy)
2021-05-29 07:00:00,2021,5,8,12231,0.0,HOEP (Legacy)
2021-05-29 08:00:00,2021,5,9,12236,0.0,HOEP (Legacy)
2021-05-29 09:00:00,2021,5,10,12047,0.0,HOEP (Legacy)
2021-05-29 10:00:00,2021,5,11,12123,0.0,HOEP (Legacy)
2021-05-29 11:00:00,2021,5,12,12192,0.0,HOEP (Legacy)
2021-05-29 12:00:00,2021,5,13,11993,0.0,HOEP (Legacy)
2021-05-29 13:00:00,2021,5,14,11773,0.0,HOEP (Legacy)
2021-05-29 14:00:00,2021,5,15,11739,0.0,HOEP (Legacy)
2021-05-29 15:00:00,2021,5,16,11962,0.0,HOEP (Legacy)
2021-05-29 16:00:00,2021,5,17,12737,2.4,HOEP (Legacy)
2021-05-29 17:00:00,2021,5,18,13231,7.87,HOEP (Legacy)
2021-05-29 18:00:00,2021,5,19,13713,12.15,HOEP (Legacy)
2021-05-29 19:00:00,2021,5,20,13762,14.92,HOEP (Legacy)
2021-05-29 20:00:00,2021,5,21,13732,13.35,HOEP (Legacy)
2021-05-29 21:00:00,2021,5,22,13303,31.86,HOEP (Legacy)
2021-05-29 22:00:00,2021,5,23,12477,18.24,HOEP (Legacy)
2021-05-29 23:00:00,2021,5,24,11804,12.83,HOEP (Legacy)
2021-05-30 00:00:00,2021,5,1,11376,11.08,HOEP (Legacy)
2021-05-30 01:00:00,2021,5,2,11103,12.71,HOEP (Legacy)
2021-05-30 02:00:00,2021,5,3,10965,6.1,HOEP (Legacy)
2021-05-30 03:00:00,2021,5,4,10792,6.13,HOEP (Legacy)
2021-05-30 04:00:00,2021,5,5,10854,11.23,HOEP (Legacy)
2021-05-30 05:00:00,2021,5,6,10960,6.63,HOEP (Legacy)
2021-05-30 06:00:00,2021,5,7,11243,8.02,HOEP (Legacy)
2021-05-30 07:00:00,2021,5,8,11538,6.26,HOEP (Legacy)
2021-05-30 08:00:00,2021,5,9,11590,9.41,HOEP (Legacy)
2021-05-30 09:00:00,2021,5,10,11514,5.83,HOEP (Legacy)
2021-05-30 10:00:00,2021,5,11,11683,8.2,HOEP (Legacy)
2021-05-30 11:00:00,2021,5,12,11810,13.34,HOEP (Legacy)
2021-05-30 12:00:00,2021,5,13,11773,11.17,HOEP (Legacy)
2021-05-30 13:00:00,2021,5,14,11553,10.46,HOEP (Legacy)
2021-05-30 14:00:00,2021,5,15,11769,5.67,HOEP (Legacy)
2021-05-30 15:00:00,2021,5,16,12319,13.99,HOEP (Legacy)
2021-05-30 16:00:00,2021,5,17,13165,18.82,HOEP (Legacy)
2021-05-30 17:00:00,2021,5,18,13543,17.09,HOEP (Legacy)
2021-05-30 18:00:00,2021,5,19,13632,13.36,HOEP (Legacy)
2021-05-30 19:00:00,2021,5,20,13717,13.33,HOEP (Legacy)
2021-05-30 20:00:00,2021,5,21,13767,5.78,HOEP (Legacy)
2021-05-30 21:00:00,2021,5,22,13267,13.56,HOEP (Legacy)
2021-05-30 22:00:00,2021,5,23,12489,20.19,HOEP (Legacy)
2021-05-30 23:00:00,2021,5,24,11808,4.26,HOEP (Legacy)
2021-05-31 00:00:00,2021,5,1,11412,5.57,HOEP (Legacy)
2021-05-31 01:00:00,2021,5,2,11210,12.3,HOEP (Legacy)
2021-05-31 02:00:00,2021,5,3,11095,8.02,HOEP (Legacy)
2021-05-31 03:00:00,2021,5,4,11101,5.86,HOEP (Legacy)
2021-05-31 04:00:00,2021,5,5,11616,1.18,HOEP (Legacy)
2021-05-31 05:00:00,2021,5,6,12286,6.66,HOEP (Legacy)
2021-05-31 06:00:00,2021,5,7,13101,14.97,HOEP (Legacy)
2021-05-31 07:00:00,2021,5,8,13647,13.37,HOEP (Legacy)
2021-05-31 08:00:00,2021,5,9,13625,15.18,HOEP (Legacy)
2021-05-31 09:00:00,2021,5,10,13408,13.32,HOEP (Legacy)
2021-05-31 10:00:00,2021,5,11,13493,10.63,HOEP (Legacy)
2021-05-31 11:00:00,2021,5,12,13612,13.33,HOEP (Legacy)
2021-05-31 12:00:00,2021,5,13,13766,13.33,HOEP (Legacy)
2021-05-31 13:00:00,2021,5,14,13686,13.36,HOEP (Legacy)
2021-05-31 14:00:00,2021,5,15,13984,13.33,HOEP (Legacy)
2021-05-31 15:00:00,2021,5,16,14424,13.34,HOEP (Legacy)
2021-05-31 16:00:00,2021,5,17,15028,17.51,HOEP (Legacy)
2021-05-31 17:00:00,2021,5,18,15375,16.71,HOEP (Legacy)
2021-05-31 18:00:00,2021,5,19,15392,13.37,HOEP (Legacy)
2021-05-31 19:00:00,2021,5,20,15029,13.34,HOEP (Legacy)
2021-05-31 20:00:00,2021,5,21,14904,11.5,HOEP (Legacy)
2021-05-31 21:00:00,2021,5,22,13951,8.74,HOEP (Legacy)
2021-05-31 22:00:00,2021,5,23,12814,2.58,HOEP (Legacy)
2021-05-31 23:00:00,2021,5,24,12232,2.15,HOEP (Legacy)
2021-06-01 00:00:00,2021,6,1,11727,2.91,HOEP (Legacy)
2021-06-01 01:00:00,2021,6,2,11435,5.49,HOEP (Legacy)
2021-06-01 02:00:00,2021,6,3,11378,13.32,HOEP (Legacy)
2021-06-01 03:00:00,2021,6,4,11402,13.34,HOEP (Legacy)
2021-06-01 04:00:00,2021,6,5,11716,9.65,HOEP (Legacy)
2021-06-01 05:00:00,2021,6,6,12432,10.89,HOEP (Legacy)
2021-06-01 06:00:00,2021,6,7,13366,28.42,HOEP (Legacy)
2021-06-01 07:00:00,2021,6,8,14149,31.64,HOEP (Legacy)
2021-06-01 08:00:00,2021,6,9,14244,21.25,HOEP (Legacy)
2021-06-01 09:00:00,2021,6,10,14080,13.36,HOEP (Legacy)
2021-06-01 10:00:00,2021,6,11,14203,23.85,HOEP (Legacy)
2021-06-01 11:00:00,2021,6,12,14576,16.06,HOEP (Legacy)
2021-06-01 12:00:00,2021,6,13,14600,22.81,HOEP (Legacy)
2021-06-01 13:00:00,2021,6,14,14539,17.48,HOEP (Legacy)
2021-06-01 14:00:00,2021,6,15,14757,26.79,HOEP (Legacy)
2021-06-01 15:00:00,2021,6,16,15160,27.23,HOEP (Legacy)
2021-06-01 16:00:00,2021,6,17,15783,32.01,HOEP (Legacy)
2021-06-01 17:00:00,2021,6,18,16351,25.78,HOEP (Legacy)
2021-06-01 18:00:00,2021,6,19,16372,25.54,HOEP (Legacy)
2021-06-01 19:00:00,2021,6,20,15892,25.16,HOEP (Legacy)
2021-06-01 20:00:00,2021,6,21,15688,25.63,HOEP (Legacy)
2021-06-01 21:00:00,2021,6,22,14892,16.19,HOEP (Legacy)
2021-06-01 22:00:00,2021,6,23,13713,14.06,HOEP (Legacy)
2021-06-01 23:00:00,2021,6,24,12830,6.91,HOEP (Legacy)
2021-06-02 00:00:00,2021,6,1,12173,6.24,HOEP (Legacy)
2021-06-02 01:00:00,2021,6,2,11829,20.15,HOEP (Legacy)
2021-06-02 02:00:00,2021,6,3,11613,13.37,HOEP (Legacy)
2021-06-02 03:00:00,2021,6,4,11570,25.54,HOEP (Legacy)
2021-06-02 04:00:00,2021,6,5,11852,14.27,HOEP (Legacy)
2021-06-02 05:00:00,2021,6,6,12559,36.89,HOEP (Legacy)
2021-06-02 06:00:00,2021,6,7,13350,16.55,HOEP (Legacy)
2021-06-02 07:00:00,2021,6,8,14066,39.92,HOEP (Legacy)
2021-06-02 08:00:00,2021,6,9,14537,26.16,HOEP (Legacy)
2021-06-02 09:00:00,2021,6,10,14705,25.38,HOEP (Legacy)
2021-06-02 10:00:00,2021,6,11,14891,24.84,HOEP (Legacy)
2021-06-02 11:00:00,2021,6,12,15316,26.04,HOEP (Legacy)
2021-06-02 12:00:00,2021,6,13,15503,23.23,HOEP (Legacy)
2021-06-02 13:00:00,2021,6,14,15608,26.32,HOEP (Legacy)
2021-06-02 14:00:00,2021,6,15,16007,26.41,HOEP (Legacy)
2021-06-02 15:00:00,2021,6,16,16426,28.98,HOEP (Legacy)
2021-06-02 16:00:00,2021,6,17,16996,32.53,HOEP (Legacy)
2021-06-02 17:00:00,2021,6,18,16825,26.68,HOEP (Legacy)
2021-06-02 18:00:00,2021,6,19,16318,25.33,HOEP (Legacy)
2021-06-02 19:00:00,2021,6,20,15837,26.05,HOEP (Legacy)
2021-06-02 20:00:00,2021,6,21,15822,23.48,HOEP (Legacy)
2021-06-02 21:00:00,2021,6,22,14972,13.2,HOEP (Legacy)
2021-06-02 22:00:00,2021,6,23,13831,9.08,HOEP (Legacy)
2021-06-02 23:00:00,2021,6,24,12950,8.28,HOEP (Legacy)
2021-06-03 00:00:00,2021,6,1,12514,13.73,HOEP (Legacy)
2021-06-03 01:00:00,2021,6,2,12389,14.36,HOEP (Legacy)
2021-06-03 02:00:00,2021,6,3,12161,15.0,HOEP (Legacy)
2021-06-03 03:00:00,2021,6,4,12095,13.3,HOEP (Legacy)
2021-06-03 04:00:00,2021,6,5,12324,16.54,HOEP (Legacy)
2021-06-03 05:00:00,2021,6,6,13015,18.59,HOEP (Legacy)
2021-06-03 06:00:00,2021,6,7,14090,25.35,HOEP (Legacy)
2021-06-03 07:00:00,2021,6,8,14911,33.13,HOEP (Legacy)
2021-06-03 08:00:00,2021,6,9,15210,27.95,HOEP (Legacy)
2021-06-03 09:00:00,2021,6,10,15390,26.58,HOEP (Legacy)
2021-06-03 10:00:00,2021,6,11,15679,27.0,HOEP (Legacy)
2021-06-03 11:00:00,2021,6,12,15863,27.03,HOEP (Legacy)
2021-06-03 12:00:00,2021,6,13,15857,26.47,HOEP (Legacy)
2021-06-03 13:00:00,2021,6,14,15738,27.19,HOEP (Legacy)
2021-06-03 14:00:00,2021,6,15,15758,26.18,HOEP (Legacy)
2021-06-03 15:00:00,2021,6,16,16310,31.17,HOEP (Legacy)
2021-06-03 16:00:00,2021,6,17,16928,33.0,HOEP (Legacy)
2021-06-03 17:00:00,2021,6,18,16955,28.04,HOEP (Legacy)
2021-06-03 18:00:00,2021,6,19,16782,27.01,HOEP (Legacy)
2021-06-03 19:00:00,2021,6,20,16604,33.5,HOEP (Legacy)
2021-06-03 20:00:00,2021,6,21,16346,26.87,HOEP (Legacy)
2021-06-03 21:00:00,2021,6,22,15316,28.93,HOEP (Legacy)
2021-06-03 22:00:00,2021,6,23,13941,24.02,HOEP (Legacy)
2021-06-03 23:00:00,2021,6,24,13177,13.91,HOEP (Legacy)
2021-06-04 00:00:00,2021,6,1,12485,6.57,HOEP (Legacy)
2021-06-04 01:00:00,2021,6,2,12123,0.0,HOEP (Legacy)
2021-06-04 02:00:00,2021,6,3,11927,0.0,HOEP (Legacy)
2021-06-04 03:00:00,2021,6,4,11963,5.47,HOEP (Legacy)
2021-06-04 04:00:00,2021,6,5,12275,14.1,HOEP (Legacy)
2021-06-04 05:00:00,2021,6,6,12910,17.02,HOEP (Legacy)
2021-06-04 06:00:00,2021,6,7,13840,22.35,HOEP (Legacy)
2021-06-04 07:00:00,2021,6,8,14832,24.44,HOEP (Legacy)
2021-06-04 08:00:00,2021,6,9,15401,20.2,HOEP (Legacy)
2021-06-04 09:00:00,2021,6,10,15607,23.44,HOEP (Legacy)
2021-06-04 10:00:00,2021,6,11,15822,26.12,HOEP (Legacy)
2021-06-04 11:00:00,2021,6,12,16101,29.34,HOEP (Legacy)
2021-06-04 12:00:00,2021,6,13,16318,26.88,HOEP (Legacy)
2021-06-04 13:00:00,2021,6,14,16296,28.03,HOEP (Legacy)
2021-06-04 14:00:00,2021,6,15,16529,26.58,HOEP (Legacy)
2021-06-04 15:00:00,2021,6,16,16966,27.95,HOEP (Legacy)
2021-06-04 16:00:00,2021,6,17,17662,25.64,HOEP (Legacy)
2021-06-04 17:00:00,2021,6,18,17950,25.73,HOEP (Legacy)
2021-06-04 18:00:00,2021,6,19,17997,29.93,HOEP (Legacy)
2021-06-04 19:00:00,2021,6,20,17331,25.27,HOEP (Legacy)
2021-06-04 20:00:00,2021,6,21,16801,25.29,HOEP (Legacy)
2021-06-04 21:00:00,2021,6,22,15946,22.2,HOEP (Legacy)
2021-06-04 22:00:00,2021,6,23,14628,9.72,HOEP (Legacy)
2021-06-04 23:00:00,2021,6,24,13441,1.61,HOEP (Legacy)
2021-06-05 00:00:00,2021,6,1,12745,0.0,HOEP (Legacy)
2021-06-05 01:00:00,2021,6,2,12243,0.0,HOEP (Legacy)
2021-06-05 02:00:00,2021,6,3,11889,0.0,HOEP (Legacy)
2021-06-05 03:00:00,2021,6,4,11776,0.0,HOEP (Legacy)
2021-06-05 04:00:00,2021,6,5,11815,0.0,HOEP (Legacy)
2021-06-05 05:00:00,2021,6,6,11942,0.0,HOEP (Legacy)
2021-06-05 06:00:00,2021,6,7,12543,0.0,HOEP (Legacy)
2021-06-05 07:00:00,2021,6,8,13718,4.96,HOEP (Legacy)
2021-06-05 08:00:00,2021,6,9,14949,22.69,HOEP (Legacy)
2021-06-05 09:00:00,2021,6,10,15817,18.96,HOEP (Legacy)
2021-06-05 10:00:00,2021,6,11,16672,26.23,HOEP (Legacy)
2021-06-05 11:00:00,2021,6,12,17230,25.39,HOEP (Legacy)
2021-06-05 12:00:00,2021,6,13,17024,24.46,HOEP (Legacy)
2021-06-05 13:00:00,2021,6,14,17123,25.7,HOEP (Legacy)
2021-06-05 14:00:00,2021,6,15,17613,25.76,HOEP (Legacy)
2021-06-05 15:00:00,2021,6,16,17982,26.54,HOEP (Legacy)
2021-06-05 16:00:00,2021,6,17,18555,24.71,HOEP (Legacy)
2021-06-05 17:00:00,2021,6,18,18753,30.66,HOEP (Legacy)
2021-06-05 18:00:00,2021,6,19,18289,39.92,HOEP (Legacy)
2021-06-05 19:00:00,2021,6,20,17919,26.44,HOEP (Legacy)
2021-06-05 20:00:00,2021,6,21,17449,26.12,HOEP (Legacy)
2021-06-05 21:00:00,2021,6,22,16733,14.26,HOEP (Legacy)
2021-06-05 22:00:00,2021,6,23,15375,5.32,HOEP (Legacy)
2021-06-05 23:00:00,2021,6,24,14183,0.41,HOEP (Legacy)
2021-06-06 00:00:00,2021,6,1,13271,0.0,HOEP (Legacy)
2021-06-06 01:00:00,2021,6,2,12686,0.0,HOEP (Legacy)
2021-06-06 02:00:00,2021,6,3,12325,0.0,HOEP (Legacy)
2021-06-06 03:00:00,2021,6,4,12235,0.4,HOEP (Legacy)
2021-06-06 04:00:00,2021,6,5,12118,1.34,HOEP (Legacy)
2021-06-06 05:00:00,2021,6,6,12114,0.0,HOEP (Legacy)
2021-06-06 06:00:00,2021,6,7,12662,6.47,HOEP (Legacy)
2021-06-06 07:00:00,2021,6,8,13896,18.32,HOEP (Legacy)
2021-06-06 08:00:00,2021,6,9,15346,25.92,HOEP (Legacy)
2021-06-06 09:00:00,2021,6,10,16516,25.15,HOEP (Legacy)
2021-06-06 10:00:00,2021,6,11,17487,28.88,HOEP (Legacy)
2021-06-06 11:00:00,2021,6,12,18042,29.63,HOEP (Legacy)
2021-06-06 12:00:00,2021,6,13,18279,29.62,HOEP (Legacy)
2021-06-06 13:00:00,2021,6,14,18524,29.62,HOEP (Legacy)
2021-06-06 14:00:00,2021,6,15,18937,33.6,HOEP (Legacy)
2021-06-06 15:00:00,2021,6,16,19663,36.58,HOEP (Legacy)
2021-06-06 16:00:00,2021,6,17,20393,31.96,HOEP (Legacy)
2021-06-06 17:00:00,2021,6,18,20556,30.92,HOEP (Legacy)
2021-06-06 18:00:00,2021,6,19,20353,31.0,HOEP (Legacy)
2021-06-06 19:00:00,2021,6,20,19993,34.12,HOEP (Legacy)
2021-06-06 20:00:00,2021,6,21,19271,29.88,HOEP (Legacy)
2021-06-06 21:00:00,2021,6,22,18305,26.9,HOEP (Legacy)
2021-06-06 22:00:00,2021,6,23,16650,22.86,HOEP (Legacy)
2021-06-06 23:00:00,2021,6,24,15360,11.89,HOEP (Legacy)
2021-06-07 00:00:00,2021,6,1,14363,4.38,HOEP (Legacy)
2021-06-07 01:00:00,2021,6,2,13718,0.0,HOEP (Legacy)
2021-06-07 02:00:00,2021,6,3,13341,0.0,HOEP (Legacy)
2021-06-07 03:00:00,2021,6,4,13389,7.22,HOEP (Legacy)
2021-06-07 04:00:00,2021,6,5,13598,7.06,HOEP (Legacy)
2021-06-07 05:00:00,2021,6,6,14381,5.51,HOEP (Legacy)
2021-06-07 06:00:00,2021,6,7,15736,18.55,HOEP (Legacy)
2021-06-07 07:00:00,2021,6,8,17046,27.11,HOEP (Legacy)
2021-06-07 08:00:00,2021,6,9,18283,32.32,HOEP (Legacy)
2021-06-07 09:00:00,2021,6,10,18982,30.34,HOEP (Legacy)
2021-06-07 10:00:00,2021,6,11,19998,31.65,HOEP (Legacy)
2021-06-07 11:00:00,2021,6,12,20741,42.19,HOEP (Legacy)
2021-06-07 12:00:00,2021,6,13,21012,37.39,HOEP (Legacy)
2021-06-07 13:00:00,2021,6,14,20901,61.76,HOEP (Legacy)
2021-06-07 14:00:00,2021,6,15,21068,56.32,HOEP (Legacy)
2021-06-07 15:00:00,2021,6,16,20967,32.65,HOEP (Legacy)
2021-06-07 16:00:00,2021,6,17,21340,31.15,HOEP (Legacy)
2021-06-07 17:00:00,2021,6,18,21200,30.84,HOEP (Legacy)
2021-06-07 18:00:00,2021,6,19,20652,30.88,HOEP (Legacy)
2021-06-07 19:00:00,2021,6,20,20422,33.98,HOEP (Legacy)
2021-06-07 20:00:00,2021,6,21,20295,32.3,HOEP (Legacy)
2021-06-07 21:00:00,2021,6,22,19299,32.8,HOEP (Legacy)
2021-06-07 22:00:00,2021,6,23,17573,30.45,HOEP (Legacy)
2021-06-07 23:00:00,2021,6,24,16272,23.68,HOEP (Legacy)
2021-06-08 00:00:00,2021,6,1,15317,17.73,HOEP (Legacy)
2021-06-08 01:00:00,2021,6,2,14746,15.5,HOEP (Legacy)
2021-06-08 02:00:00,2021,6,3,14386,24.18,HOEP (Legacy)
2021-06-08 03:00:00,2021,6,4,14274,27.02,HOEP (Legacy)
2021-06-08 04:00:00,2021,6,5,14577,18.91,HOEP (Legacy)
2021-06-08 05:00:00,2021,6,6,15283,18.07,HOEP (Legacy)
2021-06-08 06:00:00,2021,6,7,16306,23.61,HOEP (Legacy)
2021-06-08 07:00:00,2021,6,8,17336,27.22,HOEP (Legacy)
2021-06-08 08:00:00,2021,6,9,18086,31.84,HOEP (Legacy)
2021-06-08 09:00:00,2021,6,10,18566,32.19,HOEP (Legacy)
2021-06-08 10:00:00,2021,6,11,19052,37.61,HOEP (Legacy)
2021-06-08 11:00:00,2021,6,12,19630,41.17,HOEP (Legacy)
2021-06-08 12:00:00,2021,6,13,19963,79.05,HOEP (Legacy)
2021-06-08 13:00:00,2021,6,14,20094,58.09,HOEP (Legacy)
2021-06-08 14:00:00,2021,6,15,20368,66.26,HOEP (Legacy)
2021-06-08 15:00:00,2021,6,16,20453,46.9,HOEP (Legacy)
2021-06-08 16:00:00,2021,6,17,20475,32.67,HOEP (Legacy)
2021-06-08 17:00:00,2021,6,18,20174,32.81,HOEP (Legacy)
2021-06-08 18:00:00,2021,6,19,19901,34.74,HOEP (Legacy)
2021-06-08 19:00:00,2021,6,20,19763,41.77,HOEP (Legacy)
2021-06-08 20:00:00,2021,6,21,19295,43.45,HOEP (Legacy)
2021-06-08 21:00:00,2021,6,22,18322,32.64,HOEP (Legacy)
2021-06-08 22:00:00,2021,6,23,16854,30.13,HOEP (Legacy)
2021-06-08 23:00:00,2021,6,24,15623,26.68,HOEP (Legacy)
2021-06-09 00:00:00,2021,6,1,14737,22.47,HOEP (Legacy)
2021-06-09 01:00:00,2021,6,2,14197,24.4,HOEP (Legacy)
2021-06-09 02:00:00,2021,6,3,13772,17.09,HOEP (Legacy)
2021-06-09 03:00:00,2021,6,4,13585,23.82,HOEP (Legacy)
2021-06-09 04:00:00,2021,6,5,13789,23.11,HOEP (Legacy)
2021-06-09 05:00:00,2021,6,6,14559,26.15,HOEP (Legacy)
2021-06-09 06:00:00,2021,6,7,16178,28.75,HOEP (Legacy)
2021-06-09 07:00:00,2021,6,8,17869,30.52,HOEP (Legacy)
2021-06-09 08:00:00,2021,6,9,18856,32.43,HOEP (Legacy)
2021-06-09 09:00:00,2021,6,10,19409,54.66,HOEP (Legacy)
2021-06-09 10:00:00,2021,6,11,20129,99.22,HOEP (Legacy)
2021-06-09 11:00:00,2021,6,12,20714,104.21,HOEP (Legacy)
2021-06-09 12:00:00,2021,6,13,20808,55.36,HOEP (Legacy)
2021-06-09 13:00:00,2021,6,14,20660,34.74,HOEP (Legacy)
2021-06-09 14:00:00,2021,6,15,20559,34.05,HOEP (Legacy)
2021-06-09 15:00:00,2021,6,16,20848,44.72,HOEP (Legacy)
2021-06-09 16:00:00,2021,6,17,21157,86.26,HOEP (Legacy)
2021-06-09 17:00:00,2021,6,18,21039,86.71,HOEP (Legacy)
2021-06-09 18:00:00,2021,6,19,20652,92.05,HOEP (Legacy)
2021-06-09 19:00:00,2021,6,20,19926,84.82,HOEP (Legacy)
2021-06-09 20:00:00,2021,6,21,19396,36.67,HOEP (Legacy)
2021-06-09 21:00:00,2021,6,22,18492,34.13,HOEP (Legacy)
2021-06-09 22:00:00,2021,6,23,16898,29.18,HOEP (Legacy)
2021-06-09 23:00:00,2021,6,24,15311,26.49,HOEP (Legacy)
2021-06-10 00:00:00,2021,6,1,14364,27.36,HOEP (Legacy)
2021-06-10 01:00:00,2021,6,2,13953,24.83,HOEP (Legacy)
2021-06-10 02:00:00,2021,6,3,13366,13.35,HOEP (Legacy)
2021-06-10 03:00:00,2021,6,4,13120,11.88,HOEP (Legacy)
2021-06-10 04:00:00,2021,6,5,13190,10.83,HOEP (Legacy)
2021-06-10 05:00:00,2021,6,6,13715,5.44,HOEP (Legacy)
2021-06-10 06:00:00,2021,6,7,14654,16.19,HOEP (Legacy)
2021-06-10 07:00:00,2021,6,8,15892,13.35,HOEP (Legacy)
2021-06-10 08:00:00,2021,6,9,16327,16.09,HOEP (Legacy)
2021-06-10 09:00:00,2021,6,10,16487,29.25,HOEP (Legacy)
2021-06-10 10:00:00,2021,6,11,16902,28.74,HOEP (Legacy)
2021-06-10 11:00:00,2021,6,12,17305,29.39,HOEP (Legacy)
2021-06-10 12:00:00,2021,6,13,17579,27.41,HOEP (Legacy)
2021-06-10 13:00:00,2021,6,14,17682,29.7,HOEP (Legacy)
2021-06-10 14:00:00,2021,6,15,17816,27.42,HOEP (Legacy)
2021-06-10 15:00:00,2021,6,16,18239,31.51,HOEP (Legacy)
2021-06-10 16:00:00,2021,6,17,18905,75.45,HOEP (Legacy)
2021-06-10 17:00:00,2021,6,18,18975,58.24,HOEP (Legacy)
2021-06-10 18:00:00,2021,6,19,18670,29.34,HOEP (Legacy)
2021-06-10 19:00:00,2021,6,20,17727,27.41,HOEP (Legacy)
2021-06-10 20:00:00,2021,6,21,17124,27.23,HOEP (Legacy)
2021-06-10 21:00:00,2021,6,22,16090,23.36,HOEP (Legacy)
2021-06-10 22:00:00,2021,6,23,14784,16.47,HOEP (Legacy)
2021-06-10 23:00:00,2021,6,24,13855,18.06,HOEP (Legacy)
2021-06-11 00:00:00,2021,6,1,13005,6.35,HOEP (Legacy)
2021-06-11 01:00:00,2021,6,2,12775,14.34,HOEP (Legacy)
2021-06-11 02:00:00,2021,6,3,12495,0.0,HOEP (Legacy)
2021-06-11 03:00:00,2021,6,4,12443,2.38,HOEP (Legacy)
2021-06-11 04:00:00,2021,6,5,12695,14.35,HOEP (Legacy)
2021-06-11 05:00:00,2021,6,6,13337,18.97,HOEP (Legacy)
2021-06-11 06:00:00,2021,6,7,14324,22.89,HOEP (Legacy)
2021-06-11 07:00:00,2021,6,8,15310,26.11,HOEP (Legacy)
2021-06-11 08:00:00,2021,6,9,16036,28.59,HOEP (Legacy)
2021-06-11 09:00:00,2021,6,10,16442,31.29,HOEP (Legacy)
2021-06-11 10:00:00,2021,6,11,16684,30.72,HOEP (Legacy)
2021-06-11 11:00:00,2021,6,12,17134,30.88,HOEP (Legacy)
2021-06-11 12:00:00,2021,6,13,17250,30.88,HOEP (Legacy)
2021-06-11 13:00:00,2021,6,14,17553,30.11,HOEP (Legacy)
2021-06-11 14:00:00,2021,6,15,17847,30.58,HOEP (Legacy)
2021-06-11 15:00:00,2021,6,16,18155,29.3,HOEP (Legacy)
2021-06-11 16:00:00,2021,6,17,18394,29.11,HOEP (Legacy)
2021-06-11 17:00:00,2021,6,18,18110,31.57,HOEP (Legacy)
2021-06-11 18:00:00,2021,6,19,17388,30.12,HOEP (Legacy)
2021-06-11 19:00:00,2021,6,20,16918,30.9,HOEP (Legacy)
2021-06-11 20:00:00,2021,6,21,16550,28.62,HOEP (Legacy)
2021-06-11 21:00:00,2021,6,22,15820,28.14,HOEP (Legacy)
2021-06-11 22:00:00,2021,6,23,14731,31.56,HOEP (Legacy)
2021-06-11 23:00:00,2021,6,24,13738,21.74,HOEP (Legacy)
2021-06-12 00:00:00,2021,6,1,12843,14.91,HOEP (Legacy)
2021-06-12 01:00:00,2021,6,2,12421,19.57,HOEP (Legacy)
2021-06-12 02:00:00,2021,6,3,12128,34.03,HOEP (Legacy)
2021-06-12 03:00:00,2021,6,4,12023,27.25,HOEP (Legacy)
2021-06-12 04:00:00,2021,6,5,11971,18.22,HOEP (Legacy)
2021-06-12 05:00:00,2021,6,6,12088,20.95,HOEP (Legacy)
2021-06-12 06:00:00,2021,6,7,12634,31.54,HOEP (Legacy)
2021-06-12 07:00:00,2021,6,8,13649,28.35,HOEP (Legacy)
2021-06-12 08:00:00,2021,6,9,14268,16.66,HOEP (Legacy)
2021-06-12 09:00:00,2021,6,10,14833,22.82,HOEP (Legacy)
2021-06-12 10:00:00,2021,6,11,15318,24.17,HOEP (Legacy)
2021-06-12 11:00:00,2021,6,12,15693,26.97,HOEP (Legacy)
2021-06-12 12:00:00,2021,6,13,15883,27.94,HOEP (Legacy)
2021-06-12 13:00:00,2021,6,14,15983,28.06,HOEP (Legacy)
2021-06-12 14:00:00,2021,6,15,16298,29.48,HOEP (Legacy)
2021-06-12 15:00:00,2021,6,16,16848,29.7,HOEP (Legacy)
2021-06-12 16:00:00,2021,6,17,17690,30.98,HOEP (Legacy)
2021-06-12 17:00:00,2021,6,18,17880,31.16,HOEP (Legacy)
2021-06-12 18:00:00,2021,6,19,17691,32.11,HOEP (Legacy)
2021-06-12 19:00:00,2021,6,20,16976,31.75,HOEP (Legacy)
2021-06-12 20:00:00,2021,6,21,16466,30.95,HOEP (Legacy)
2021-06-12 21:00:00,2021,6,22,15887,31.06,HOEP (Legacy)
2021-06-12 22:00:00,2021,6,23,14665,28.24,HOEP (Legacy)
2021-06-12 23:00:00,2021,6,24,13664,25.63,HOEP (Legacy)
2021-06-13 00:00:00,2021,6,1,12775,15.21,HOEP (Legacy)
2021-06-13 01:00:00,2021,6,2,12293,13.28,HOEP (Legacy)
2021-06-13 02:00:00,2021,6,3,12103,32.98,HOEP (Legacy)
2021-06-13 03:00:00,2021,6,4,12088,2.02,HOEP (Legacy)
2021-06-13 04:00:00,2021,6,5,11940,5.59,HOEP (Legacy)
2021-06-13 05:00:00,2021,6,6,11967,14.34,HOEP (Legacy)
2021-06-13 06:00:00,2021,6,7,12283,12.74,HOEP (Legacy)
2021-06-13 07:00:00,2021,6,8,13118,11.49,HOEP (Legacy)
2021-06-13 08:00:00,2021,6,9,13880,13.33,HOEP (Legacy)
2021-06-13 09:00:00,2021,6,10,14812,27.69,HOEP (Legacy)
2021-06-13 10:00:00,2021,6,11,15717,31.34,HOEP (Legacy)
2021-06-13 11:00:00,2021,6,12,16604,31.77,HOEP (Legacy)
2021-06-13 12:00:00,2021,6,13,16849,31.63,HOEP (Legacy)
2021-06-13 13:00:00,2021,6,14,17048,30.99,HOEP (Legacy)
2021-06-13 14:00:00,2021,6,15,17401,31.09,HOEP (Legacy)
2021-06-13 15:00:00,2021,6,16,17471,31.34,HOEP (Legacy)
2021-06-13 16:00:00,2021,6,17,17908,30.62,HOEP (Legacy)
2021-06-13 17:00:00,2021,6,18,18165,31.47,HOEP (Legacy)
2021-06-13 18:00:00,2021,6,19,17998,31.05,HOEP (Legacy)
2021-06-13 19:00:00,2021,6,20,17742,30.78,HOEP (Legacy)
2021-06-13 20:00:00,2021,6,21,17207,30.79,HOEP (Legacy)
2021-06-13 21:00:00,2021,6,22,16227,30.18,HOEP (Legacy)
2021-06-13 22:00:00,2021,6,23,15023,30.66,HOEP (Legacy)
2021-06-13 23:00:00,2021,6,24,13674,36.36,HOEP (Legacy)
2021-06-14 00:00:00,2021,6,1,13004,16.54,HOEP (Legacy)
2021-06-14 01:00:00,2021,6,2,12381,5.39,HOEP (Legacy)
2021-06-14 02:00:00,2021,6,3,12020,0.0,HOEP (Legacy)
2021-06-14 03:00:00,2021,6,4,12079,6.53,HOEP (Legacy)
2021-06-14 04:00:00,2021,6,5,12450,0.54,HOEP (Legacy)
2021-06-14 05:00:00,2021,6,6,13234,0.0,HOEP (Legacy)
2021-06-14 06:00:00,2021,6,7,14216,3.19,HOEP (Legacy)
2021-06-14 07:00:00,2021,6,8,15147,16.86,HOEP (Legacy)
2021-06-14 08:00:00,2021,6,9,15666,27.18,HOEP (Legacy)
2021-06-14 09:00:00,2021,6,10,15742,27.8,HOEP (Legacy)
2021-06-14 10:00:00,2021,6,11,15710,27.84,HOEP (Legacy)
2021-06-14 11:00:00,2021,6,12,16032,28.1,HOEP (Legacy)
2021-06-14 12:00:00,2021,6,13,16389,31.63,HOEP (Legacy)
2021-06-14 13:00:00,2021,6,14,16634,30.64,HOEP (Legacy)
2021-06-14 14:00:00,2021,6,15,16469,28.47,HOEP (Legacy)
2021-06-14 15:00:00,2021,6,16,16381,28.02,HOEP (Legacy)
2021-06-14 16:00:00,2021,6,17,16852,27.45,HOEP (Legacy)
2021-06-14 17:00:00,2021,6,18,16862,27.78,HOEP (Legacy)
2021-06-14 18:00:00,2021,6,19,16342,27.93,HOEP (Legacy)
2021-06-14 19:00:00,2021,6,20,15951,27.89,HOEP (Legacy)
2021-06-14 20:00:00,2021,6,21,15810,27.92,HOEP (Legacy)
2021-06-14 21:00:00,2021,6,22,15139,23.76,HOEP (Legacy)
2021-06-14 22:00:00,2021,6,23,14095,12.16,HOEP (Legacy)
2021-06-14 23:00:00,2021,6,24,13130,4.91,HOEP (Legacy)
2021-06-15 00:00:00,2021,6,1,12615,13.72,HOEP (Legacy)
2021-06-15 01:00:00,2021,6,2,12290,11.81,HOEP (Legacy)
2021-06-15 02:00:00,2021,6,3,11974,0.0,HOEP (Legacy)
2021-06-15 03:00:00,2021,6,4,11965,0.0,HOEP (Legacy)
2021-06-15 04:00:00,2021,6,5,12211,11.92,HOEP (Legacy)
2021-06-15 05:00:00,2021,6,6,12860,5.4,HOEP (Legacy)
2021-06-15 06:00:00,2021,6,7,13699,20.06,HOEP (Legacy)
2021-06-15 07:00:00,2021,6,8,14264,21.65,HOEP (Legacy)
2021-06-15 08:00:00,2021,6,9,14446,14.49,HOEP (Legacy)
2021-06-15 09:00:00,2021,6,10,14551,14.39,HOEP (Legacy)
2021-06-15 10:00:00,2021,6,11,14591,6.78,HOEP (Legacy)
2021-06-15 11:00:00,2021,6,12,14691,0.0,HOEP (Legacy)
2021-06-15 12:00:00,2021,6,13,14754,9.01,HOEP (Legacy)
2021-06-15 13:00:00,2021,6,14,14624,0.0,HOEP (Legacy)
2021-06-15 14:00:00,2021,6,15,14771,6.25,HOEP (Legacy)
2021-06-15 15:00:00,2021,6,16,15231,0.0,HOEP (Legacy)
2021-06-15 16:00:00,2021,6,17,15824,10.82,HOEP (Legacy)
2021-06-15 17:00:00,2021,6,18,16013,5.91,HOEP (Legacy)
2021-06-15 18:00:00,2021,6,19,15947,6.78,HOEP (Legacy)
2021-06-15 19:00:00,2021,6,20,15722,14.39,HOEP (Legacy)
2021-06-15 20:00:00,2021,6,21,15486,16.23,HOEP (Legacy)
2021-06-15 21:00:00,2021,6,22,14764,20.78,HOEP (Legacy)
2021-06-15 22:00:00,2021,6,23,13543,13.5,HOEP (Legacy)
2021-06-15 23:00:00,2021,6,24,12575,5.88,HOEP (Legacy)
2021-06-16 00:00:00,2021,6,1,11940,0.0,HOEP (Legacy)
2021-06-16 01:00:00,2021,6,2,11629,0.0,HOEP (Legacy)
2021-06-16 02:00:00,2021,6,3,11425,0.0,HOEP (Legacy)
2021-06-16 03:00:00,2021,6,4,11416,0.0,HOEP (Legacy)
2021-06-16 04:00:00,2021,6,5,11654,-0.76,HOEP (Legacy)
2021-06-16 05:00:00,2021,6,6,12291,6.26,HOEP (Legacy)
2021-06-16 06:00:00,2021,6,7,13290,29.44,HOEP (Legacy)
2021-06-16 07:00:00,2021,6,8,13980,27.33,HOEP (Legacy)
2021-06-16 08:00:00,2021,6,9,14042,20.06,HOEP (Legacy)
2021-06-16 09:00:00,2021,6,10,13960,22.81,HOEP (Legacy)
2021-06-16 10:00:00,2021,6,11,14065,26.24,HOEP (Legacy)
2021-06-16 11:00:00,2021,6,12,13994,21.49,HOEP (Legacy)
2021-06-16 12:00:00,2021,6,13,14150,11.32,HOEP (Legacy)
2021-06-16 13:00:00,2021,6,14,14096,1.1,HOEP (Legacy)
2021-06-16 14:00:00,2021,6,15,14362,14.37,HOEP (Legacy)
2021-06-16 15:00:00,2021,6,16,14875,16.05,HOEP (Legacy)
2021-06-16 16:00:00,2021,6,17,15520,27.64,HOEP (Legacy)
2021-06-16 17:00:00,2021,6,18,15686,24.74,HOEP (Legacy)
2021-06-16 18:00:00,2021,6,19,15727,25.02,HOEP (Legacy)
2021-06-16 19:00:00,2021,6,20,15639,14.39,HOEP (Legacy)
2021-06-16 20:00:00,2021,6,21,15210,30.43,HOEP (Legacy)
2021-06-16 21:00:00,2021,6,22,14441,25.69,HOEP (Legacy)
2021-06-16 22:00:00,2021,6,23,13382,23.61,HOEP (Legacy)
2021-06-16 23:00:00,2021,6,24,12393,14.64,HOEP (Legacy)
2021-06-17 00:00:00,2021,6,1,11847,15.9,HOEP (Legacy)
2021-06-17 01:00:00,2021,6,2,11485,13.77,HOEP (Legacy)
2021-06-17 02:00:00,2021,6,3,11304,7.11,HOEP (Legacy)
2021-06-17 03:00:00,2021,6,4,11342,12.42,HOEP (Legacy)
2021-06-17 04:00:00,2021,6,5,11672,14.48,HOEP (Legacy)
2021-06-17 05:00:00,2021,6,6,12594,24.36,HOEP (Legacy)
2021-06-17 06:00:00,2021,6,7,13638,19.62,HOEP (Legacy)
2021-06-17 07:00:00,2021,6,8,14117,21.55,HOEP (Legacy)
2021-06-17 08:00:00,2021,6,9,14403,27.67,HOEP (Legacy)
2021-06-17 09:00:00,2021,6,10,14322,28.41,HOEP (Legacy)
2021-06-17 10:00:00,2021,6,11,14545,28.84,HOEP (Legacy)
2021-06-17 11:00:00,2021,6,12,14804,28.06,HOEP (Legacy)
2021-06-17 12:00:00,2021,6,13,14816,18.64,HOEP (Legacy)
2021-06-17 13:00:00,2021,6,14,14843,24.96,HOEP (Legacy)
2021-06-17 14:00:00,2021,6,15,15259,27.1,HOEP (Legacy)
2021-06-17 15:00:00,2021,6,16,16064,26.6,HOEP (Legacy)
2021-06-17 16:00:00,2021,6,17,16897,28.9,HOEP (Legacy)
2021-06-17 17:00:00,2021,6,18,17066,28.39,HOEP (Legacy)
2021-06-17 18:00:00,2021,6,19,16969,28.33,HOEP (Legacy)
2021-06-17 19:00:00,2021,6,20,16716,31.02,HOEP (Legacy)
2021-06-17 20:00:00,2021,6,21,16306,24.25,HOEP (Legacy)
2021-06-17 21:00:00,2021,6,22,15413,6.87,HOEP (Legacy)
2021-06-17 22:00:00,2021,6,23,14119,0.0,HOEP (Legacy)
2021-06-17 23:00:00,2021,6,24,13085,0.0,HOEP (Legacy)
2021-06-18 00:00:00,2021,6,1,12424,0.0,HOEP (Legacy)
2021-06-18 01:00:00,2021,6,2,12089,0.0,HOEP (Legacy)
2021-06-18 02:00:00,2021,6,3,11771,0.0,HOEP (Legacy)
2021-06-18 03:00:00,2021,6,4,11741,0.0,HOEP (Legacy)
2021-06-18 04:00:00,2021,6,5,12100,0.0,HOEP (Legacy)
2021-06-18 05:00:00,2021,6,6,12792,0.0,HOEP (Legacy)
2021-06-18 06:00:00,2021,6,7,13677,1.81,HOEP (Legacy)
2021-06-18 07:00:00,2021,6,8,14747,19.67,HOEP (Legacy)
2021-06-18 08:00:00,2021,6,9,15291,15.85,HOEP (Legacy)
2021-06-18 09:00:00,2021,6,10,15636,28.23,HOEP (Legacy)
2021-06-18 10:00:00,2021,6,11,16038,23.31,HOEP (Legacy)
2021-06-18 11:00:00,2021,6,12,16065,11.51,HOEP (Legacy)
2021-06-18 12:00:00,2021,6,13,15603,9.38,HOEP (Legacy)
2021-06-18 13:00:00,2021,6,14,15454,13.06,HOEP (Legacy)
2021-06-18 14:00:00,2021,6,15,15747,14.4,HOEP (Legacy)
2021-06-18 15:00:00,2021,6,16,16089,9.06,HOEP (Legacy)
2021-06-18 16:00:00,2021,6,17,16676,7.99,HOEP (Legacy)
2021-06-18 17:00:00,2021,6,18,16760,11.27,HOEP (Legacy)
2021-06-18 18:00:00,2021,6,19,16757,27.75,HOEP (Legacy)
2021-06-18 19:00:00,2021,6,20,16583,32.12,HOEP (Legacy)
2021-06-18 20:00:00,2021,6,21,16413,29.34,HOEP (Legacy)
2021-06-18 21:00:00,2021,6,22,15758,21.83,HOEP (Legacy)
2021-06-18 22:00:00,2021,6,23,14693,13.21,HOEP (Legacy)
2021-06-18 23:00:00,2021,6,24,13543,9.66,HOEP (Legacy)
2021-06-19 00:00:00,2021,6,1,12921,4.62,HOEP (Legacy)
2021-06-19 01:00:00,2021,6,2,12497,17.5,HOEP (Legacy)
2021-06-19 02:00:00,2021,6,3,12158,22.03,HOEP (Legacy)
2021-06-19 03:00:00,2021,6,4,11927,14.39,HOEP (Legacy)
2021-06-19 04:00:00,2021,6,5,11802,0.0,HOEP (Legacy)
2021-06-19 05:00:00,2021,6,6,11853,0.0,HOEP (Legacy)
2021-06-19 06:00:00,2021,6,7,12469,5.91,HOEP (Legacy)
2021-06-19 07:00:00,2021,6,8,13625,25.04,HOEP (Legacy)
2021-06-19 08:00:00,2021,6,9,14783,52.16,HOEP (Legacy)
2021-06-19 09:00:00,2021,6,10,15248,27.1,HOEP (Legacy)
2021-06-19 10:00:00,2021,6,11,15755,14.39,HOEP (Legacy)
2021-06-19 11:00:00,2021,6,12,16245,17.33,HOEP (Legacy)
2021-06-19 12:00:00,2021,6,13,16432,26.09,HOEP (Legacy)
2021-06-19 13:00:00,2021,6,14,16631,28.71,HOEP (Legacy)
2021-06-19 14:00:00,2021,6,15,16604,28.97,HOEP (Legacy)
2021-06-19 15:00:00,2021,6,16,16345,28.92,HOEP (Legacy)
2021-06-19 16:00:00,2021,6,17,16464,29.13,HOEP (Legacy)
2021-06-19 17:00:00,2021,6,18,16296,29.71,HOEP (Legacy)
2021-06-19 18:00:00,2021,6,19,16458,31.55,HOEP (Legacy)
2021-06-19 19:00:00,2021,6,20,16423,31.65,HOEP (Legacy)
2021-06-19 20:00:00,2021,6,21,16093,30.96,HOEP (Legacy)
2021-06-19 21:00:00,2021,6,22,15458,23.63,HOEP (Legacy)
2021-06-19 22:00:00,2021,6,23,14420,17.51,HOEP (Legacy)
2021-06-19 23:00:00,2021,6,24,13432,14.36,HOEP (Legacy)
2021-06-20 00:00:00,2021,6,1,12625,18.0,HOEP (Legacy)
2021-06-20 01:00:00,2021,6,2,12080,26.05,HOEP (Legacy)
2021-06-20 02:00:00,2021,6,3,11678,14.36,HOEP (Legacy)
2021-06-20 03:00:00,2021,6,4,11496,14.38,HOEP (Legacy)
2021-06-20 04:00:00,2021,6,5,11363,8.28,HOEP (Legacy)
2021-06-20 05:00:00,2021,6,6,11332,13.7,HOEP (Legacy)
2021-06-20 06:00:00,2021,6,7,11952,12.4,HOEP (Legacy)
2021-06-20 07:00:00,2021,6,8,12811,20.46,HOEP (Legacy)
2021-06-20 08:00:00,2021,6,9,13701,27.15,HOEP (Legacy)
2021-06-20 09:00:00,2021,6,10,14354,18.81,HOEP (Legacy)
2021-06-20 10:00:00,2021,6,11,14944,28.58,HOEP (Legacy)
2021-06-20 11:00:00,2021,6,12,15463,28.25,HOEP (Legacy)
2021-06-20 12:00:00,2021,6,13,15751,29.59,HOEP (Legacy)
2021-06-20 13:00:00,2021,6,14,15955,29.87,HOEP (Legacy)
2021-06-20 14:00:00,2021,6,15,16339,30.97,HOEP (Legacy)
2021-06-20 15:00:00,2021,6,16,17156,31.45,HOEP (Legacy)
2021-06-20 16:00:00,2021,6,17,18155,32.8,HOEP (Legacy)
2021-06-20 17:00:00,2021,6,18,18524,32.19,HOEP (Legacy)
2021-06-20 18:00:00,2021,6,19,18218,32.01,HOEP (Legacy)
2021-06-20 19:00:00,2021,6,20,17703,33.02,HOEP (Legacy)
2021-06-20 20:00:00,2021,6,21,17403,31.81,HOEP (Legacy)
2021-06-20 21:00:00,2021,6,22,16475,30.1,HOEP (Legacy)
2021-06-20 22:00:00,2021,6,23,15224,45.42,HOEP (Legacy)
2021-06-20 23:00:00,2021,6,24,14084,46.81,HOEP (Legacy)
2021-06-21 00:00:00,2021,6,1,13297,22.76,HOEP (Legacy)
2021-06-21 01:00:00,2021,6,2,13016,7.31,HOEP (Legacy)
2021-06-21 02:00:00,2021,6,3,12671,4.42,HOEP (Legacy)
2021-06-21 03:00:00,2021,6,4,12416,0.0,HOEP (Legacy)
2021-06-21 04:00:00,2021,6,5,12701,0.0,HOEP (Legacy)
2021-06-21 05:00:00,2021,6,6,13765,0.0,HOEP (Legacy)
2021-06-21 06:00:00,2021,6,7,14752,13.41,HOEP (Legacy)
2021-06-21 07:00:00,2021,6,8,15874,25.87,HOEP (Legacy)
2021-06-21 08:00:00,2021,6,9,16341,19.8,HOEP (Legacy)
2021-06-21 09:00:00,2021,6,10,16983,23.33,HOEP (Legacy)
2021-06-21 10:00:00,2021,6,11,17784,28.69,HOEP (Legacy)
2021-06-21 11:00:00,2021,6,12,18666,56.35,HOEP (Legacy)
2021-06-21 12:00:00,2021,6,13,18619,28.37,HOEP (Legacy)
2021-06-21 13:00:00,2021,6,14,18422,22.8,HOEP (Legacy)
2021-06-21 14:00:00,2021,6,15,18524,25.74,HOEP (Legacy)
2021-06-21 15:00:00,2021,6,16,18785,28.37,HOEP (Legacy)
2021-06-21 16:00:00,2021,6,17,18860,14.39,HOEP (Legacy)
2021-06-21 17:00:00,2021,6,18,18281,14.36,HOEP (Legacy)
2021-06-21 18:00:00,2021,6,19,17607,8.8,HOEP (Legacy)
2021-06-21 19:00:00,2021,6,20,16782,14.21,HOEP (Legacy)
2021-06-21 20:00:00,2021,6,21,16148,12.3,HOEP (Legacy)
2021-06-21 21:00:00,2021,6,22,15115,10.97,HOEP (Legacy)
2021-06-21 22:00:00,2021,6,23,13880,0.5,HOEP (Legacy)
2021-06-21 23:00:00,2021,6,24,12844,0.0,HOEP (Legacy)
2021-06-22 00:00:00,2021,6,1,12259,0.0,HOEP (Legacy)
2021-06-22 01:00:00,2021,6,2,11867,0.4,HOEP (Legacy)
2021-06-22 02:00:00,2021,6,3,11722,3.25,HOEP (Legacy)
2021-06-22 03:00:00,2021,6,4,11797,4.37,HOEP (Legacy)
2021-06-22 04:00:00,2021,6,5,11939,2.68,HOEP (Legacy)
2021-06-22 05:00:00,2021,6,6,12498,11.66,HOEP (Legacy)
2021-06-22 06:00:00,2021,6,7,13436,22.34,HOEP (Legacy)
2021-06-22 07:00:00,2021,6,8,14051,14.39,HOEP (Legacy)
2021-06-22 08:00:00,2021,6,9,14079,24.63,HOEP (Legacy)
2021-06-22 09:00:00,2021,6,10,13999,27.52,HOEP (Legacy)
2021-06-22 10:00:00,2021,6,11,14161,27.54,HOEP (Legacy)
2021-06-22 11:00:00,2021,6,12,14392,20.6,HOEP (Legacy)
2021-06-22 12:00:00,2021,6,13,14592,26.17,HOEP (Legacy)
2021-06-22 13:00:00,2021,6,14,14571,19.26,HOEP (Legacy)
2021-06-22 14:00:00,2021,6,15,14568,14.38,HOEP (Legacy)
2021-06-22 15:00:00,2021,6,16,14572,14.37,HOEP (Legacy)
2021-06-22 16:00:00,2021,6,17,15015,13.77,HOEP (Legacy)
2021-06-22 17:00:00,2021,6,18,14956,21.53,HOEP (Legacy)
2021-06-22 18:00:00,2021,6,19,15211,19.19,HOEP (Legacy)
2021-06-22 19:00:00,2021,6,20,15121,26.97,HOEP (Legacy)
2021-06-22 20:00:00,2021,6,21,14969,26.24,HOEP (Legacy)
2021-06-22 21:00:00,2021,6,22,14344,16.11,HOEP (Legacy)
2021-06-22 22:00:00,2021,6,23,13327,10.26,HOEP (Legacy)
2021-06-22 23:00:00,2021,6,24,12550,5.86,HOEP (Legacy)
2021-06-23 00:00:00,2021,6,1,11988,3.61,HOEP (Legacy)
2021-06-23 01:00:00,2021,6,2,11662,0.0,HOEP (Legacy)
2021-06-23 02:00:00,2021,6,3,11478,0.0,HOEP (Legacy)
2021-06-23 03:00:00,2021,6,4,11524,1.19,HOEP (Legacy)
2021-06-23 04:00:00,2021,6,5,12105,13.68,HOEP (Legacy)
2021-06-23 05:00:00,2021,6,6,12832,22.82,HOEP (Legacy)
2021-06-23 06:00:00,2021,6,7,13378,12.26,HOEP (Legacy)
2021-06-23 07:00:00,2021,6,8,13854,19.13,HOEP (Legacy)
2021-06-23 08:00:00,2021,6,9,14198,32.12,HOEP (Legacy)
2021-06-23 09:00:00,2021,6,10,14270,23.75,HOEP (Legacy)
2021-06-23 10:00:00,2021,6,11,14528,30.17,HOEP (Legacy)
2021-06-23 11:00:00,2021,6,12,14713,14.38,HOEP (Legacy)
2021-06-23 12:00:00,2021,6,13,14510,10.37,HOEP (Legacy)
2021-06-23 13:00:00,2021,6,14,14502,6.1,HOEP (Legacy)
2021-06-23 14:00:00,2021,6,15,14699,1.21,HOEP (Legacy)
2021-06-23 15:00:00,2021,6,16,15141,6.54,HOEP (Legacy)
2021-06-23 16:00:00,2021,6,17,15847,13.1,HOEP (Legacy)
2021-06-23 17:00:00,2021,6,18,16020,16.03,HOEP (Legacy)
2021-06-23 18:00:00,2021,6,19,16075,14.37,HOEP (Legacy)
2021-06-23 19:00:00,2021,6,20,15833,14.92,HOEP (Legacy)
2021-06-23 20:00:00,2021,6,21,15687,19.64,HOEP (Legacy)
2021-06-23 21:00:00,2021,6,22,14974,20.43,HOEP (Legacy)
2021-06-23 22:00:00,2021,6,23,13622,4.08,HOEP (Legacy)
2021-06-23 23:00:00,2021,6,24,12653,0.0,HOEP (Legacy)
2021-06-24 00:00:00,2021,6,1,12197,0.0,HOEP (Legacy)
2021-06-24 01:00:00,2021,6,2,11832,0.0,HOEP (Legacy)
2021-06-24 02:00:00,2021,6,3,11613,0.0,HOEP (Legacy)
2021-06-24 03:00:00,2021,6,4,11594,0.0,HOEP (Legacy)
2021-06-24 04:00:00,2021,6,5,12014,0.0,HOEP (Legacy)
2021-06-24 05:00:00,2021,6,6,12514,0.0,HOEP (Legacy)
2021-06-24 06:00:00,2021,6,7,13579,0.47,HOEP (Legacy)
2021-06-24 07:00:00,2021,6,8,14549,5.9,HOEP (Legacy)
2021-06-24 08:00:00,2021,6,9,15101,0.0,HOEP (Legacy)
2021-06-24 09:00:00,2021,6,10,15360,0.0,HOEP (Legacy)
2021-06-24 10:00:00,2021,6,11,15605,1.41,HOEP (Legacy)
2021-06-24 11:00:00,2021,6,12,16075,10.25,HOEP (Legacy)
2021-06-24 12:00:00,2021,6,13,16395,14.38,HOEP (Legacy)
2021-06-24 13:00:00,2021,6,14,16598,18.34,HOEP (Legacy)
2021-06-24 14:00:00,2021,6,15,17497,113.9,HOEP (Legacy)
2021-06-24 15:00:00,2021,6,16,18016,30.32,HOEP (Legacy)
2021-06-24 16:00:00,2021,6,17,18385,25.26,HOEP (Legacy)
2021-06-24 17:00:00,2021,6,18,18225,28.95,HOEP (Legacy)
2021-06-24 18:00:00,2021,6,19,17757,25.39,HOEP (Legacy)
2021-06-24 19:00:00,2021,6,20,17606,36.33,HOEP (Legacy)
2021-06-24 20:00:00,2021,6,21,17536,55.19,HOEP (Legacy)
2021-06-24 21:00:00,2021,6,22,16526,26.69,HOEP (Legacy)
2021-06-24 22:00:00,2021,6,23,15345,13.17,HOEP (Legacy)
2021-06-24 23:00:00,2021,6,24,14092,0.61,HOEP (Legacy)
2021-06-25 00:00:00,2021,6,1,13412,0.0,HOEP (Legacy)
2021-06-25 01:00:00,2021,6,2,12976,0.0,HOEP (Legacy)
2021-06-25 02:00:00,2021,6,3,12787,0.0,HOEP (Legacy)
2021-06-25 03:00:00,2021,6,4,12925,11.75,HOEP (Legacy)
2021-06-25 04:00:00,2021,6,5,13133,10.52,HOEP (Legacy)
2021-06-25 05:00:00,2021,6,6,13856,3.39,HOEP (Legacy)
2021-06-25 06:00:00,2021,6,7,14735,1.66,HOEP (Legacy)
2021-06-25 07:00:00,2021,6,8,15551,13.0,HOEP (Legacy)
2021-06-25 08:00:00,2021,6,9,16070,13.25,HOEP (Legacy)
2021-06-25 09:00:00,2021,6,10,16516,29.77,HOEP (Legacy)
2021-06-25 10:00:00,2021,6,11,17030,33.39,HOEP (Legacy)
2021-06-25 11:00:00,2021,6,12,17567,35.42,HOEP (Legacy)
2021-06-25 12:00:00,2021,6,13,17681,27.83,HOEP (Legacy)
2021-06-25 13:00:00,2021,6,14,17404,13.26,HOEP (Legacy)
2021-06-25 14:00:00,2021,6,15,17024,10.81,HOEP (Legacy)
2021-06-25 15:00:00,2021,6,16,16980,13.26,HOEP (Legacy)
2021-06-25 16:00:00,2021,6,17,17032,21.72,HOEP (Legacy)
2021-06-25 17:00:00,2021,6,18,16922,12.62,HOEP (Legacy)
2021-06-25 18:00:00,2021,6,19,16877,13.28,HOEP (Legacy)
2021-06-25 19:00:00,2021,6,20,16687,24.17,HOEP (Legacy)
2021-06-25 20:00:00,2021,6,21,16361,26.18,HOEP (Legacy)
2021-06-25 21:00:00,2021,6,22,15570,11.69,HOEP (Legacy)
2021-06-25 22:00:00,2021,6,23,14408,7.23,HOEP (Legacy)
2021-06-25 23:00:00,2021,6,24,13473,0.0,HOEP (Legacy)
2021-06-26 00:00:00,2021,6,1,12883,0.0,HOEP (Legacy)
2021-06-26 01:00:00,2021,6,2,12649,0.5,HOEP (Legacy)
2021-06-26 02:00:00,2021,6,3,12470,8.07,HOEP (Legacy)
2021-06-26 03:00:00,2021,6,4,12429,15.36,HOEP (Legacy)
2021-06-26 04:00:00,2021,6,5,12511,27.97,HOEP (Legacy)
2021-06-26 05:00:00,2021,6,6,12643,13.24,HOEP (Legacy)
2021-06-26 06:00:00,2021,6,7,13102,17.93,HOEP (Legacy)
2021-06-26 07:00:00,2021,6,8,14143,19.38,HOEP (Legacy)
2021-06-26 08:00:00,2021,6,9,15048,20.48,HOEP (Legacy)
2021-06-26 09:00:00,2021,6,10,15739,16.09,HOEP (Legacy)
2021-06-26 10:00:00,2021,6,11,16334,13.26,HOEP (Legacy)
2021-06-26 11:00:00,2021,6,12,16517,14.4,HOEP (Legacy)
2021-06-26 12:00:00,2021,6,13,16535,15.56,HOEP (Legacy)
2021-06-26 13:00:00,2021,6,14,16727,24.07,HOEP (Legacy)
2021-06-26 14:00:00,2021,6,15,17264,29.14,HOEP (Legacy)
2021-06-26 15:00:00,2021,6,16,17386,24.83,HOEP (Legacy)
2021-06-26 16:00:00,2021,6,17,17810,24.02,HOEP (Legacy)
2021-06-26 17:00:00,2021,6,18,17868,13.26,HOEP (Legacy)
2021-06-26 18:00:00,2021,6,19,17601,15.72,HOEP (Legacy)
2021-06-26 19:00:00,2021,6,20,17267,21.05,HOEP (Legacy)
2021-06-26 20:00:00,2021,6,21,17153,29.1,HOEP (Legacy)
2021-06-26 21:00:00,2021,6,22,16496,17.17,HOEP (Legacy)
2021-06-26 22:00:00,2021,6,23,15392,6.62,HOEP (Legacy)
2021-06-26 23:00:00,2021,6,24,14442,0.41,HOEP (Legacy)
2021-06-27 00:00:00,2021,6,1,13568,0.0,HOEP (Legacy)
2021-06-27 01:00:00,2021,6,2,12977,0.0,HOEP (Legacy)
2021-06-27 02:00:00,2021,6,3,12610,0.0,HOEP (Legacy)
2021-06-27 03:00:00,2021,6,4,12403,0.0,HOEP (Legacy)
2021-06-27 04:00:00,2021,6,5,12412,0.0,HOEP (Legacy)
2021-06-27 05:00:00,2021,6,6,12620,0.0,HOEP (Legacy)
2021-06-27 06:00:00,2021,6,7,13402,1.7,HOEP (Legacy)
2021-06-27 07:00:00,2021,6,8,14786,11.26,HOEP (Legacy)
2021-06-27 08:00:00,2021,6,9,16026,24.05,HOEP (Legacy)
2021-06-27 09:00:00,2021,6,10,16869,17.63,HOEP (Legacy)
2021-06-27 10:00:00,2021,6,11,17657,13.75,HOEP (Legacy)
2021-06-27 11:00:00,2021,6,12,18249,30.65,HOEP (Legacy)
2021-06-27 12:00:00,2021,6,13,18878,32.4,HOEP (Legacy)
2021-06-27 13:00:00,2021,6,14,19006,33.66,HOEP (Legacy)
2021-06-27 14:00:00,2021,6,15,19124,33.62,HOEP (Legacy)
2021-06-27 15:00:00,2021,6,16,19627,33.44,HOEP (Legacy)
2021-06-27 16:00:00,2021,6,17,20729,33.7,HOEP (Legacy)
2021-06-27 17:00:00,2021,6,18,20904,33.17,HOEP (Legacy)
2021-06-27 18:00:00,2021,6,19,20771,34.14,HOEP (Legacy)
2021-06-27 19:00:00,2021,6,20,20197,34.36,HOEP (Legacy)
2021-06-27 20:00:00,2021,6,21,19634,37.21,HOEP (Legacy)
2021-06-27 21:00:00,2021,6,22,18727,35.26,HOEP (Legacy)
2021-06-27 22:00:00,2021,6,23,17417,33.03,HOEP (Legacy)
2021-06-27 23:00:00,2021,6,24,16196,30.93,HOEP (Legacy)
2021-06-28 00:00:00,2021,6,1,15505,35.94,HOEP (Legacy)
2021-06-28 01:00:00,2021,6,2,14903,35.54,HOEP (Legacy)
2021-06-28 02:00:00,2021,6,3,14513,29.19,HOEP (Legacy)
2021-06-28 03:00:00,2021,6,4,14382,18.49,HOEP (Legacy)
2021-06-28 04:00:00,2021,6,5,14606,1.78,HOEP (Legacy)
2021-06-28 05:00:00,2021,6,6,15484,29.92,HOEP (Legacy)
2021-06-28 06:00:00,2021,6,7,17018,37.1,HOEP (Legacy)
2021-06-28 07:00:00,2021,6,8,18768,76.97,HOEP (Legacy)
2021-06-28 08:00:00,2021,6,9,19676,84.68,HOEP (Legacy)
2021-06-28 09:00:00,2021,6,10,20365,130.14,HOEP (Legacy)
2021-06-28 10:00:00,2021,6,11,20855,201.15,HOEP (Legacy)
2021-06-28 11:00:00,2021,6,12,21712,155.65,HOEP (Legacy)
2021-06-28 12:00:00,2021,6,13,21764,100.67,HOEP (Legacy)
2021-06-28 13:00:00,2021,6,14,21614,109.86,HOEP (Legacy)
2021-06-28 14:00:00,2021,6,15,21684,72.34,HOEP (Legacy)
2021-06-28 15:00:00,2021,6,16,21868,148.15,HOEP (Legacy)
2021-06-28 16:00:00,2021,6,17,22248,188.98,HOEP (Legacy)
2021-06-28 17:00:00,2021,6,18,22258,232.79,HOEP (Legacy)
2021-06-28 18:00:00,2021,6,19,21873,140.19,HOEP (Legacy)
2021-06-28 19:00:00,2021,6,20,21479,56.51,HOEP (Legacy)
2021-06-28 20:00:00,2021,6,21,21225,96.42,HOEP (Legacy)
2021-06-28 21:00:00,2021,6,22,20306,85.1,HOEP (Legacy)
2021-06-28 22:00:00,2021,6,23,18437,72.78,HOEP (Legacy)
2021-06-28 23:00:00,2021,6,24,17038,31.98,HOEP (Legacy)
2021-06-29 00:00:00,2021,6,1,15998,35.57,HOEP (Legacy)
2021-06-29 01:00:00,2021,6,2,15353,32.36,HOEP (Legacy)
2021-06-29 02:00:00,2021,6,3,14716,30.52,HOEP (Legacy)
2021-06-29 03:00:00,2021,6,4,14513,29.83,HOEP (Legacy)
2021-06-29 04:00:00,2021,6,5,14762,27.9,HOEP (Legacy)
2021-06-29 05:00:00,2021,6,6,15544,29.79,HOEP (Legacy)
2021-06-29 06:00:00,2021,6,7,16910,31.22,HOEP (Legacy)
2021-06-29 07:00:00,2021,6,8,18667,35.65,HOEP (Legacy)
2021-06-29 08:00:00,2021,6,9,19776,38.62,HOEP (Legacy)
2021-06-29 09:00:00,2021,6,10,20510,70.31,HOEP (Legacy)
2021-06-29 10:00:00,2021,6,11,21377,64.51,HOEP (Legacy)
2021-06-29 11:00:00,2021,6,12,21711,67.11,HOEP (Legacy)
2021-06-29 12:00:00,2021,6,13,21566,39.27,HOEP (Legacy)
2021-06-29 13:00:00,2021,6,14,21139,39.11,HOEP (Legacy)
2021-06-29 14:00:00,2021,6,15,20711,38.93,HOEP (Legacy)
2021-06-29 15:00:00,2021,6,16,20264,37.24,HOEP (Legacy)
2021-06-29 16:00:00,2021,6,17,20640,40.4,HOEP (Legacy)
2021-06-29 17:00:00,2021,6,18,20500,39.39,HOEP (Legacy)
2021-06-29 18:00:00,2021,6,19,20102,36.03,HOEP (Legacy)
2021-06-29 19:00:00,2021,6,20,19653,38.83,HOEP (Legacy)
2021-06-29 20:00:00,2021,6,21,19214,35.9,HOEP (Legacy)
2021-06-29 21:00:00,2021,6,22,18188,37.2,HOEP (Legacy)
2021-06-29 22:00:00,2021,6,23,17035,32.37,HOEP (Legacy)
2021-06-29 23:00:00,2021,6,24,15894,24.31,HOEP (Legacy)
2021-06-30 00:00:00,2021,6,1,15012,33.68,HOEP (Legacy)
2021-06-30 01:00:00,2021,6,2,14461,24.68,HOEP (Legacy)
2021-06-30 02:00:00,2021,6,3,14111,28.62,HOEP (Legacy)
2021-06-30 03:00:00,2021,6,4,14043,28.27,HOEP (Legacy)
2021-06-30 04:00:00,2021,6,5,14391,16.58,HOEP (Legacy)
2021-06-30 05:00:00,2021,6,6,15182,20.33,HOEP (Legacy)
2021-06-30 06:00:00,2021,6,7,16311,29.61,HOEP (Legacy)
2021-06-30 07:00:00,2021,6,8,17429,35.82,HOEP (Legacy)
2021-06-30 08:00:00,2021,6,9,18356,37.58,HOEP (Legacy)
2021-06-30 09:00:00,2021,6,10,18846,38.99,HOEP (Legacy)
2021-06-30 10:00:00,2021,6,11,19510,39.74,HOEP (Legacy)
2021-06-30 11:00:00,2021,6,12,19938,40.95,HOEP (Legacy)
2021-06-30 12:00:00,2021,6,13,20073,40.47,HOEP (Legacy)
2021-06-30 13:00:00,2021,6,14,20074,41.13,HOEP (Legacy)
2021-06-30 14:00:00,2021,6,15,20104,43.25,HOEP (Legacy)
2021-06-30 15:00:00,2021,6,16,20376,39.29,HOEP (Legacy)
2021-06-30 16:00:00,2021,6,17,20377,37.58,HOEP (Legacy)
2021-06-30 17:00:00,2021,6,18,19891,35.55,HOEP (Legacy)
2021-06-30 18:00:00,2021,6,19,19686,37.3,HOEP (Legacy)
2021-06-30 19:00:00,2021,6,20,18922,33.2,HOEP (Legacy)
2021-06-30 20:00:00,2021,6,21,18563,37.73,HOEP (Legacy)
2021-06-30 21:00:00,2021,6,22,17615,36.85,HOEP (Legacy)
2021-06-30 22:00:00,2021,6,23,16297,38.18,HOEP (Legacy)
2021-06-30 23:00:00,2021,6,24,15090,32.74,HOEP (Legacy)
2021-07-01 00:00:00,2021,7,1,14233,36.8,HOEP (Legacy)
2021-07-01 01:00:00,2021,7,2,13668,40.74,HOEP (Legacy)
2021-07-01 02:00:00,2021,7,3,13055,22.1,HOEP (Legacy)
2021-07-01 03:00:00,2021,7,4,12671,28.7,HOEP (Legacy)
2021-07-01 04:00:00,2021,7,5,12816,26.58,HOEP (Legacy)
2021-07-01 05:00:00,2021,7,6,13100,26.02,HOEP (Legacy)
2021-07-01 06:00:00,2021,7,7,13636,24.28,HOEP (Legacy)
2021-07-01 07:00:00,2021,7,8,14406,29.91,HOEP (Legacy)
2021-07-01 08:00:00,2021,7,9,15175,32.44,HOEP (Legacy)
2021-07-01 09:00:00,2021,7,10,15832,35.64,HOEP (Legacy)
2021-07-01 10:00:00,2021,7,11,16498,37.39,HOEP (Legacy)
2021-07-01 11:00:00,2021,7,12,16757,35.98,HOEP (Legacy)
2021-07-01 12:00:00,2021,7,13,16893,37.23,HOEP (Legacy)
2021-07-01 13:00:00,2021,7,14,16859,34.26,HOEP (Legacy)
2021-07-01 14:00:00,2021,7,15,16652,29.0,HOEP (Legacy)
2021-07-01 15:00:00,2021,7,16,16788,30.61,HOEP (Legacy)
2021-07-01 16:00:00,2021,7,17,17243,13.35,HOEP (Legacy)
2021-07-01 17:00:00,2021,7,18,17117,12.11,HOEP (Legacy)
2021-07-01 18:00:00,2021,7,19,16745,10.02,HOEP (Legacy)
2021-07-01 19:00:00,2021,7,20,16399,13.34,HOEP (Legacy)
2021-07-01 20:00:00,2021,7,21,15847,24.74,HOEP (Legacy)
2021-07-01 21:00:00,2021,7,22,15071,17.24,HOEP (Legacy)
2021-07-01 22:00:00,2021,7,23,13993,15.93,HOEP (Legacy)
2021-07-01 23:00:00,2021,7,24,12980,9.12,HOEP (Legacy)
2021-07-02 00:00:00,2021,7,1,12403,10.92,HOEP (Legacy)
2021-07-02 01:00:00,2021,7,2,11883,6.69,HOEP (Legacy)
2021-07-02 02:00:00,2021,7,3,11606,5.26,HOEP (Legacy)
2021-07-02 03:00:00,2021,7,4,11592,5.6,HOEP (Legacy)
2021-07-02 04:00:00,2021,7,5,11656,5.76,HOEP (Legacy)
2021-07-02 05:00:00,2021,7,6,12098,2.42,HOEP (Legacy)
2021-07-02 06:00:00,2021,7,7,12864,5.69,HOEP (Legacy)
2021-07-02 07:00:00,2021,7,8,13494,6.71,HOEP (Legacy)
2021-07-02 08:00:00,2021,7,9,13842,5.77,HOEP (Legacy)
2021-07-02 09:00:00,2021,7,10,13969,11.88,HOEP (Legacy)
2021-07-02 10:00:00,2021,7,11,14215,13.66,HOEP (Legacy)
2021-07-02 11:00:00,2021,7,12,14589,6.96,HOEP (Legacy)
2021-07-02 12:00:00,2021,7,13,14895,18.19,HOEP (Legacy)
2021-07-02 13:00:00,2021,7,14,15188,8.57,HOEP (Legacy)
2021-07-02 14:00:00,2021,7,15,15378,5.32,HOEP (Legacy)
2021-07-02 15:00:00,2021,7,16,15417,3.74,HOEP (Legacy)
2021-07-02 16:00:00,2021,7,17,15466,5.06,HOEP (Legacy)
2021-07-02 17:00:00,2021,7,18,15515,9.1,HOEP (Legacy)
2021-07-02 18:00:00,2021,7,19,15582,13.32,HOEP (Legacy)
2021-07-02 19:00:00,2021,7,20,15164,13.33,HOEP (Legacy)
2021-07-02 20:00:00,2021,7,21,15238,13.37,HOEP (Legacy)
2021-07-02 21:00:00,2021,7,22,14550,19.24,HOEP (Legacy)
2021-07-02 22:00:00,2021,7,23,13387,11.0,HOEP (Legacy)
2021-07-02 23:00:00,2021,7,24,12564,10.93,HOEP (Legacy)
2021-07-03 00:00:00,2021,7,1,11940,5.84,HOEP (Legacy)
2021-07-03 01:00:00,2021,7,2,11518,5.82,HOEP (Legacy)
2021-07-03 02:00:00,2021,7,3,11214,5.38,HOEP (Legacy)
2021-07-03 03:00:00,2021,7,4,11230,1.45,HOEP (Legacy)
2021-07-03 04:00:00,2021,7,5,11124,5.93,HOEP (Legacy)
2021-07-03 05:00:00,2021,7,6,11108,10.44,HOEP (Legacy)
2021-07-03 06:00:00,2021,7,7,11555,7.91,HOEP (Legacy)
2021-07-03 07:00:00,2021,7,8,12331,13.01,HOEP (Legacy)
2021-07-03 08:00:00,2021,7,9,12819,14.36,HOEP (Legacy)
2021-07-03 09:00:00,2021,7,10,13045,7.08,HOEP (Legacy)
2021-07-03 10:00:00,2021,7,11,13395,28.53,HOEP (Legacy)
2021-07-03 11:00:00,2021,7,12,13886,16.63,HOEP (Legacy)
2021-07-03 12:00:00,2021,7,13,14225,28.78,HOEP (Legacy)
2021-07-03 13:00:00,2021,7,14,14413,14.38,HOEP (Legacy)
2021-07-03 14:00:00,2021,7,15,14694,14.37,HOEP (Legacy)
2021-07-03 15:00:00,2021,7,16,15206,8.83,HOEP (Legacy)
2021-07-03 16:00:00,2021,7,17,15825,15.77,HOEP (Legacy)
2021-07-03 17:00:00,2021,7,18,16159,21.36,HOEP (Legacy)
2021-07-03 18:00:00,2021,7,19,16209,25.6,HOEP (Legacy)
2021-07-03 19:00:00,2021,7,20,15837,25.73,HOEP (Legacy)
2021-07-03 20:00:00,2021,7,21,15568,26.37,HOEP (Legacy)
2021-07-03 21:00:00,2021,7,22,14949,12.12,HOEP (Legacy)
2021-07-03 22:00:00,2021,7,23,14030,20.08,HOEP (Legacy)
2021-07-03 23:00:00,2021,7,24,13144,19.15,HOEP (Legacy)
2021-07-04 00:00:00,2021,7,1,12442,21.91,HOEP (Legacy)
2021-07-04 01:00:00,2021,7,2,11945,14.35,HOEP (Legacy)
2021-07-04 02:00:00,2021,7,3,11666,16.67,HOEP (Legacy)
2021-07-04 03:00:00,2021,7,4,11408,14.34,HOEP (Legacy)
2021-07-04 04:00:00,2021,7,5,11338,10.17,HOEP (Legacy)
2021-07-04 05:00:00,2021,7,6,11219,13.75,HOEP (Legacy)
2021-07-04 06:00:00,2021,7,7,11788,16.36,HOEP (Legacy)
2021-07-04 07:00:00,2021,7,8,12692,30.28,HOEP (Legacy)
2021-07-04 08:00:00,2021,7,9,13395,30.09,HOEP (Legacy)
2021-07-04 09:00:00,2021,7,10,14020,32.2,HOEP (Legacy)
2021-07-04 10:00:00,2021,7,11,14760,26.19,HOEP (Legacy)
2021-07-04 11:00:00,2021,7,12,15334,20.07,HOEP (Legacy)
2021-07-04 12:00:00,2021,7,13,15476,13.35,HOEP (Legacy)
2021-07-04 13:00:00,2021,7,14,15629,16.09,HOEP (Legacy)
2021-07-04 14:00:00,2021,7,15,16043,28.9,HOEP (Legacy)
2021-07-04 15:00:00,2021,7,16,16736,32.37,HOEP (Legacy)
2021-07-04 16:00:00,2021,7,17,17612,37.01,HOEP (Legacy)
2021-07-04 17:00:00,2021,7,18,18016,35.99,HOEP (Legacy)
2021-07-04 18:00:00,2021,7,19,17895,36.44,HOEP (Legacy)
2021-07-04 19:00:00,2021,7,20,17253,37.23,HOEP (Legacy)
2021-07-04 20:00:00,2021,7,21,16888,32.67,HOEP (Legacy)
2021-07-04 21:00:00,2021,7,22,16068,23.31,HOEP (Legacy)
2021-07-04 22:00:00,2021,7,23,14786,12.42,HOEP (Legacy)
2021-07-04 23:00:00,2021,7,24,13660,2.67,HOEP (Legacy)
2021-07-05 00:00:00,2021,7,1,13066,0.0,HOEP (Legacy)
2021-07-05 01:00:00,2021,7,2,12459,2.65,HOEP (Legacy)
2021-07-05 02:00:00,2021,7,3,12259,7.4,HOEP (Legacy)
2021-07-05 03:00:00,2021,7,4,12340,15.52,HOEP (Legacy)
2021-07-05 04:00:00,2021,7,5,12554,14.51,HOEP (Legacy)
2021-07-05 05:00:00,2021,7,6,13246,6.7,HOEP (Legacy)
2021-07-05 06:00:00,2021,7,7,14233,5.06,HOEP (Legacy)
2021-07-05 07:00:00,2021,7,8,15645,19.01,HOEP (Legacy)
2021-07-05 08:00:00,2021,7,9,16608,18.51,HOEP (Legacy)
2021-07-05 09:00:00,2021,7,10,17372,30.69,HOEP (Legacy)
2021-07-05 10:00:00,2021,7,11,18257,31.73,HOEP (Legacy)
2021-07-05 11:00:00,2021,7,12,18911,31.1,HOEP (Legacy)
2021-07-05 12:00:00,2021,7,13,19363,30.98,HOEP (Legacy)
2021-07-05 13:00:00,2021,7,14,19725,27.93,HOEP (Legacy)
2021-07-05 14:00:00,2021,7,15,19986,24.94,HOEP (Legacy)
2021-07-05 15:00:00,2021,7,16,20552,28.59,HOEP (Legacy)
2021-07-05 16:00:00,2021,7,17,20952,28.78,HOEP (Legacy)
2021-07-05 17:00:00,2021,7,18,20857,31.07,HOEP (Legacy)
2021-07-05 18:00:00,2021,7,19,20583,32.51,HOEP (Legacy)
2021-07-05 19:00:00,2021,7,20,20222,31.05,HOEP (Legacy)
2021-07-05 20:00:00,2021,7,21,19707,30.23,HOEP (Legacy)
2021-07-05 21:00:00,2021,7,22,18685,29.54,HOEP (Legacy)
2021-07-05 22:00:00,2021,7,23,17236,25.04,HOEP (Legacy)
2021-07-05 23:00:00,2021,7,24,16006,30.23,HOEP (Legacy)
2021-07-06 00:00:00,2021,7,1,15133,21.19,HOEP (Legacy)
2021-07-06 01:00:00,2021,7,2,14416,12.18,HOEP (Legacy)
2021-07-06 02:00:00,2021,7,3,14027,14.39,HOEP (Legacy)
2021-07-06 03:00:00,2021,7,4,13927,18.71,HOEP (Legacy)
2021-07-06 04:00:00,2021,7,5,14221,17.53,HOEP (Legacy)
2021-07-06 05:00:00,2021,7,6,15120,29.71,HOEP (Legacy)
2021-07-06 06:00:00,2021,7,7,16770,30.01,HOEP (Legacy)
2021-07-06 07:00:00,2021,7,8,18393,34.29,HOEP (Legacy)
2021-07-06 08:00:00,2021,7,9,19252,32.48,HOEP (Legacy)
2021-07-06 09:00:00,2021,7,10,19862,32.75,HOEP (Legacy)
2021-07-06 10:00:00,2021,7,11,20409,34.47,HOEP (Legacy)
2021-07-06 11:00:00,2021,7,12,20787,37.35,HOEP (Legacy)
2021-07-06 12:00:00,2021,7,13,20965,39.69,HOEP (Legacy)
2021-07-06 13:00:00,2021,7,14,21059,36.96,HOEP (Legacy)
2021-07-06 14:00:00,2021,7,15,21220,36.6,HOEP (Legacy)
2021-07-06 15:00:00,2021,7,16,21432,38.14,HOEP (Legacy)
2021-07-06 16:00:00,2021,7,17,21655,32.39,HOEP (Legacy)
2021-07-06 17:00:00,2021,7,18,21390,38.08,HOEP (Legacy)
2021-07-06 18:00:00,2021,7,19,21470,41.78,HOEP (Legacy)
2021-07-06 19:00:00,2021,7,20,20807,50.32,HOEP (Legacy)
2021-07-06 20:00:00,2021,7,21,20434,34.43,HOEP (Legacy)
2021-07-06 21:00:00,2021,7,22,19552,34.52,HOEP (Legacy)
2021-07-06 22:00:00,2021,7,23,17784,32.68,HOEP (Legacy)
2021-07-06 23:00:00,2021,7,24,16416,27.19,HOEP (Legacy)
2021-07-07 00:00:00,2021,7,1,15301,30.93,HOEP (Legacy)
2021-07-07 01:00:00,2021,7,2,14589,31.05,HOEP (Legacy)
2021-07-07 02:00:00,2021,7,3,14126,32.13,HOEP (Legacy)
2021-07-07 03:00:00,2021,7,4,13845,16.9,HOEP (Legacy)
2021-07-07 04:00:00,2021,7,5,13951,18.53,HOEP (Legacy)
2021-07-07 05:00:00,2021,7,6,14704,22.44,HOEP (Legacy)
2021-07-07 06:00:00,2021,7,7,15626,31.78,HOEP (Legacy)
2021-07-07 07:00:00,2021,7,8,16755,31.48,HOEP (Legacy)
2021-07-07 08:00:00,2021,7,9,17305,41.13,HOEP (Legacy)
2021-07-07 09:00:00,2021,7,10,17558,31.81,HOEP (Legacy)
2021-07-07 10:00:00,2021,7,11,17745,31.74,HOEP (Legacy)
2021-07-07 11:00:00,2021,7,12,17849,31.81,HOEP (Legacy)
2021-07-07 12:00:00,2021,7,13,17613,31.99,HOEP (Legacy)
2021-07-07 13:00:00,2021,7,14,17429,34.08,HOEP (Legacy)
2021-07-07 14:00:00,2021,7,15,17428,33.13,HOEP (Legacy)
2021-07-07 15:00:00,2021,7,16,17297,31.78,HOEP (Legacy)
2021-07-07 16:00:00,2021,7,17,17292,31.53,HOEP (Legacy)
2021-07-07 17:00:00,2021,7,18,17065,31.72,HOEP (Legacy)
2021-07-07 18:00:00,2021,7,19,16800,31.69,HOEP (Legacy)
2021-07-07 19:00:00,2021,7,20,16440,33.77,HOEP (Legacy)
2021-07-07 20:00:00,2021,7,21,16324,34.33,HOEP (Legacy)
2021-07-07 21:00:00,2021,7,22,15266,30.65,HOEP (Legacy)
2021-07-07 22:00:00,2021,7,23,14150,13.2,HOEP (Legacy)
2021-07-07 23:00:00,2021,7,24,13175,12.3,HOEP (Legacy)
2021-07-08 00:00:00,2021,7,1,12575,10.26,HOEP (Legacy)
2021-07-08 01:00:00,2021,7,2,12269,27.31,HOEP (Legacy)
2021-07-08 02:00:00,2021,7,3,12136,21.5,HOEP (Legacy)
2021-07-08 03:00:00,2021,7,4,12135,20.25,HOEP (Legacy)
2021-07-08 04:00:00,2021,7,5,12379,14.33,HOEP (Legacy)
2021-07-08 05:00:00,2021,7,6,13054,13.76,HOEP (Legacy)
2021-07-08 06:00:00,2021,7,7,14069,23.43,HOEP (Legacy)
2021-07-08 07:00:00,2021,7,8,14991,26.69,HOEP (Legacy)
2021-07-08 08:00:00,2021,7,9,15495,31.12,HOEP (Legacy)
2021-07-08 09:00:00,2021,7,10,15814,31.38,HOEP (Legacy)
2021-07-08 10:00:00,2021,7,11,16201,31.88,HOEP (Legacy)
2021-07-08 11:00:00,2021,7,12,16465,33.29,HOEP (Legacy)
2021-07-08 12:00:00,2021,7,13,16357,36.98,HOEP (Legacy)
2021-07-08 13:00:00,2021,7,14,16212,38.9,HOEP (Legacy)
2021-07-08 14:00:00,2021,7,15,16317,31.63,HOEP (Legacy)
2021-07-08 15:00:00,2021,7,16,16268,30.18,HOEP (Legacy)
2021-07-08 16:00:00,2021,7,17,16496,29.6,HOEP (Legacy)
2021-07-08 17:00:00,2021,7,18,16498,32.33,HOEP (Legacy)
2021-07-08 18:00:00,2021,7,19,16325,34.23,HOEP (Legacy)
2021-07-08 19:00:00,2021,7,20,16167,31.58,HOEP (Legacy)
2021-07-08 20:00:00,2021,7,21,16068,31.22,HOEP (Legacy)
2021-07-08 21:00:00,2021,7,22,15194,31.17,HOEP (Legacy)
2021-07-08 22:00:00,2021,7,23,14070,25.62,HOEP (Legacy)
2021-07-08 23:00:00,2021,7,24,13246,28.26,HOEP (Legacy)
2021-07-09 00:00:00,2021,7,1,12582,26.09,HOEP (Legacy)
2021-07-09 01:00:00,2021,7,2,12236,23.08,HOEP (Legacy)
2021-07-09 02:00:00,2021,7,3,12002,16.72,HOEP (Legacy)
2021-07-09 03:00:00,2021,7,4,11998,14.37,HOEP (Legacy)
2021-07-09 04:00:00,2021,7,5,12310,14.35,HOEP (Legacy)
2021-07-09 05:00:00,2021,7,6,13048,13.64,HOEP (Legacy)
2021-07-09 06:00:00,2021,7,7,13999,19.54,HOEP (Legacy)
2021-07-09 07:00:00,2021,7,8,14809,12.8,HOEP (Legacy)
2021-07-09 08:00:00,2021,7,9,15173,13.37,HOEP (Legacy)
2021-07-09 09:00:00,2021,7,10,15351,31.58,HOEP (Legacy)
2021-07-09 10:00:00,2021,7,11,15445,31.84,HOEP (Legacy)
2021-07-09 11:00:00,2021,7,12,15514,28.02,HOEP (Legacy)
2021-07-09 12:00:00,2021,7,13,15499,14.36,HOEP (Legacy)
2021-07-09 13:00:00,2021,7,14,15473,14.38,HOEP (Legacy)
2021-07-09 14:00:00,2021,7,15,15440,14.38,HOEP (Legacy)
2021-07-09 15:00:00,2021,7,16,15595,14.35,HOEP (Legacy)
2021-07-09 16:00:00,2021,7,17,15827,19.04,HOEP (Legacy)
2021-07-09 17:00:00,2021,7,18,15752,13.37,HOEP (Legacy)
2021-07-09 18:00:00,2021,7,19,15539,22.81,HOEP (Legacy)
2021-07-09 19:00:00,2021,7,20,15462,20.77,HOEP (Legacy)
2021-07-09 20:00:00,2021,7,21,15516,29.39,HOEP (Legacy)
2021-07-09 21:00:00,2021,7,22,14749,26.45,HOEP (Legacy)
2021-07-09 22:00:00,2021,7,23,13532,17.43,HOEP (Legacy)
2021-07-09 23:00:00,2021,7,24,12527,10.28,HOEP (Legacy)
2021-07-10 00:00:00,2021,7,1,11951,19.0,HOEP (Legacy)
2021-07-10 01:00:00,2021,7,2,11599,14.38,HOEP (Legacy)
2021-07-10 02:00:00,2021,7,3,11347,14.35,HOEP (Legacy)
2021-07-10 03:00:00,2021,7,4,11233,14.34,HOEP (Legacy)
2021-07-10 04:00:00,2021,7,5,11228,14.34,HOEP (Legacy)
2021-07-10 05:00:00,2021,7,6,11346,14.35,HOEP (Legacy)
2021-07-10 06:00:00,2021,7,7,11784,18.14,HOEP (Legacy)
2021-07-10 07:00:00,2021,7,8,12455,15.91,HOEP (Legacy)
2021-07-10 08:00:00,2021,7,9,13015,15.48,HOEP (Legacy)
2021-07-10 09:00:00,2021,7,10,13413,27.29,HOEP (Legacy)
2021-07-10 10:00:00,2021,7,11,13910,19.87,HOEP (Legacy)
2021-07-10 11:00:00,2021,7,12,14211,14.34,HOEP (Legacy)
2021-07-10 12:00:00,2021,7,13,14324,14.37,HOEP (Legacy)
2021-07-10 13:00:00,2021,7,14,14457,14.37,HOEP (Legacy)
2021-07-10 14:00:00,2021,7,15,14702,32.83,HOEP (Legacy)
2021-07-10 15:00:00,2021,7,16,15135,30.51,HOEP (Legacy)
2021-07-10 16:00:00,2021,7,17,15949,33.63,HOEP (Legacy)
2021-07-10 17:00:00,2021,7,18,16289,53.06,HOEP (Legacy)
2021-07-10 18:00:00,2021,7,19,16230,38.66,HOEP (Legacy)
2021-07-10 19:00:00,2021,7,20,15728,27.09,HOEP (Legacy)
2021-07-10 20:00:00,2021,7,21,15386,22.96,HOEP (Legacy)
2021-07-10 21:00:00,2021,7,22,14834,25.52,HOEP (Legacy)
2021-07-10 22:00:00,2021,7,23,13651,20.34,HOEP (Legacy)
2021-07-10 23:00:00,2021,7,24,12826,17.63,HOEP (Legacy)
2021-07-11 00:00:00,2021,7,1,12100,16.77,HOEP (Legacy)
2021-07-11 01:00:00,2021,7,2,11659,19.34,HOEP (Legacy)
2021-07-11 02:00:00,2021,7,3,11418,26.26,HOEP (Legacy)
2021-07-11 03:00:00,2021,7,4,11269,14.38,HOEP (Legacy)
2021-07-11 04:00:00,2021,7,5,11220,14.36,HOEP (Legacy)
2021-07-11 05:00:00,2021,7,6,11213,11.33,HOEP (Legacy)
2021-07-11 06:00:00,2021,7,7,11612,8.19,HOEP (Legacy)
2021-07-11 07:00:00,2021,7,8,12238,23.14,HOEP (Legacy)
2021-07-11 08:00:00,2021,7,9,12957,30.47,HOEP (Legacy)
2021-07-11 09:00:00,2021,7,10,13436,14.86,HOEP (Legacy)
2021-07-11 10:00:00,2021,7,11,13902,14.33,HOEP (Legacy)
2021-07-11 11:00:00,2021,7,12,14312,14.35,HOEP (Legacy)
2021-07-11 12:00:00,2021,7,13,14475,14.37,HOEP (Legacy)
2021-07-11 13:00:00,2021,7,14,14517,20.17,HOEP (Legacy)
2021-07-11 14:00:00,2021,7,15,14762,17.18,HOEP (Legacy)
2021-07-11 15:00:00,2021,7,16,15055,18.02,HOEP (Legacy)
2021-07-11 16:00:00,2021,7,17,15574,14.34,HOEP (Legacy)
2021-07-11 17:00:00,2021,7,18,15525,14.35,HOEP (Legacy)
2021-07-11 18:00:00,2021,7,19,15370,14.34,HOEP (Legacy)
2021-07-11 19:00:00,2021,7,20,15350,23.05,HOEP (Legacy)
2021-07-11 20:00:00,2021,7,21,15463,31.53,HOEP (Legacy)
2021-07-11 21:00:00,2021,7,22,14811,17.21,HOEP (Legacy)
2021-07-11 22:00:00,2021,7,23,13857,26.22,HOEP (Legacy)
2021-07-11 23:00:00,2021,7,24,13067,19.72,HOEP (Legacy)
2021-07-12 00:00:00,2021,7,1,12598,24.66,HOEP (Legacy)
2021-07-12 01:00:00,2021,7,2,12195,22.98,HOEP (Legacy)
2021-07-12 02:00:00,2021,7,3,12030,14.34,HOEP (Legacy)
2021-07-12 03:00:00,2021,7,4,12066,14.38,HOEP (Legacy)
2021-07-12 04:00:00,2021,7,5,12335,14.35,HOEP (Legacy)
2021-07-12 05:00:00,2021,7,6,13063,13.85,HOEP (Legacy)
2021-07-12 06:00:00,2021,7,7,14145,23.69,HOEP (Legacy)
2021-07-12 07:00:00,2021,7,8,15152,30.03,HOEP (Legacy)
2021-07-12 08:00:00,2021,7,9,15773,34.49,HOEP (Legacy)
2021-07-12 09:00:00,2021,7,10,16214,35.08,HOEP (Legacy)
2021-07-12 10:00:00,2021,7,11,16712,35.54,HOEP (Legacy)
2021-07-12 11:00:00,2021,7,12,17048,35.6,HOEP (Legacy)
2021-07-12 12:00:00,2021,7,13,17310,35.6,HOEP (Legacy)
2021-07-12 13:00:00,2021,7,14,17556,35.97,HOEP (Legacy)
2021-07-12 14:00:00,2021,7,15,17755,36.52,HOEP (Legacy)
2021-07-12 15:00:00,2021,7,16,18136,38.51,HOEP (Legacy)
2021-07-12 16:00:00,2021,7,17,18604,47.65,HOEP (Legacy)
2021-07-12 17:00:00,2021,7,18,18474,35.83,HOEP (Legacy)
2021-07-12 18:00:00,2021,7,19,18262,35.42,HOEP (Legacy)
2021-07-12 19:00:00,2021,7,20,17895,35.74,HOEP (Legacy)
2021-07-12 20:00:00,2021,7,21,17670,37.99,HOEP (Legacy)
2021-07-12 21:00:00,2021,7,22,17043,36.75,HOEP (Legacy)
2021-07-12 22:00:00,2021,7,23,15789,35.94,HOEP (Legacy)
2021-07-12 23:00:00,2021,7,24,14657,28.37,HOEP (Legacy)
2021-07-13 00:00:00,2021,7,1,13931,40.03,HOEP (Legacy)
2021-07-13 01:00:00,2021,7,2,13578,35.34,HOEP (Legacy)
2021-07-13 02:00:00,2021,7,3,12940,24.05,HOEP (Legacy)
2021-07-13 03:00:00,2021,7,4,13021,31.91,HOEP (Legacy)
2021-07-13 04:00:00,2021,7,5,13353,17.08,HOEP (Legacy)
2021-07-13 05:00:00,2021,7,6,14195,14.19,HOEP (Legacy)
2021-07-13 06:00:00,2021,7,7,15295,30.76,HOEP (Legacy)
2021-07-13 07:00:00,2021,7,8,16374,33.21,HOEP (Legacy)
2021-07-13 08:00:00,2021,7,9,17070,34.01,HOEP (Legacy)
2021-07-13 09:00:00,2021,7,10,17526,34.83,HOEP (Legacy)
2021-07-13 10:00:00,2021,7,11,18191,36.28,HOEP (Legacy)
2021-07-13 11:00:00,2021,7,12,18874,35.24,HOEP (Legacy)
2021-07-13 12:00:00,2021,7,13,19427,35.02,HOEP (Legacy)
2021-07-13 13:00:00,2021,7,14,19758,35.39,HOEP (Legacy)
2021-07-13 14:00:00,2021,7,15,19886,34.27,HOEP (Legacy)
2021-07-13 15:00:00,2021,7,16,20386,37.05,HOEP (Legacy)
2021-07-13 16:00:00,2021,7,17,20748,38.08,HOEP (Legacy)
2021-07-13 17:00:00,2021,7,18,20277,36.46,HOEP (Legacy)
2021-07-13 18:00:00,2021,7,19,19824,37.52,HOEP (Legacy)
2021-07-13 19:00:00,2021,7,20,19408,37.82,HOEP (Legacy)
2021-07-13 20:00:00,2021,7,21,18970,37.47,HOEP (Legacy)
2021-07-13 21:00:00,2021,7,22,17580,35.83,HOEP (Legacy)
2021-07-13 22:00:00,2021,7,23,16108,33.18,HOEP (Legacy)
2021-07-13 23:00:00,2021,7,24,14955,23.28,HOEP (Legacy)
2021-07-14 00:00:00,2021,7,1,14273,41.42,HOEP (Legacy)
2021-07-14 01:00:00,2021,7,2,13701,40.89,HOEP (Legacy)
2021-07-14 02:00:00,2021,7,3,13614,24.44,HOEP (Legacy)
2021-07-14 03:00:00,2021,7,4,13484,21.24,HOEP (Legacy)
2021-07-14 04:00:00,2021,7,5,13749,14.36,HOEP (Legacy)
2021-07-14 05:00:00,2021,7,6,14475,21.92,HOEP (Legacy)
2021-07-14 06:00:00,2021,7,7,15668,35.06,HOEP (Legacy)
2021-07-14 07:00:00,2021,7,8,16895,35.67,HOEP (Legacy)
2021-07-14 08:00:00,2021,7,9,17735,36.27,HOEP (Legacy)
2021-07-14 09:00:00,2021,7,10,18205,35.96,HOEP (Legacy)
2021-07-14 10:00:00,2021,7,11,18791,36.43,HOEP (Legacy)
2021-07-14 11:00:00,2021,7,12,19306,36.99,HOEP (Legacy)
2021-07-14 12:00:00,2021,7,13,19582,37.21,HOEP (Legacy)
2021-07-14 13:00:00,2021,7,14,19964,37.81,HOEP (Legacy)
2021-07-14 14:00:00,2021,7,15,20265,37.86,HOEP (Legacy)
2021-07-14 15:00:00,2021,7,16,20999,37.54,HOEP (Legacy)
2021-07-14 16:00:00,2021,7,17,21368,41.03,HOEP (Legacy)
2021-07-14 17:00:00,2021,7,18,21335,141.68,HOEP (Legacy)
2021-07-14 18:00:00,2021,7,19,21019,168.9,HOEP (Legacy)
2021-07-14 19:00:00,2021,7,20,20408,39.51,HOEP (Legacy)
2021-07-14 20:00:00,2021,7,21,19905,36.23,HOEP (Legacy)
2021-07-14 21:00:00,2021,7,22,18693,35.9,HOEP (Legacy)
2021-07-14 22:00:00,2021,7,23,17161,35.47,HOEP (Legacy)
2021-07-14 23:00:00,2021,7,24,15767,26.49,HOEP (Legacy)
2021-07-15 00:00:00,2021,7,1,14746,10.09,HOEP (Legacy)
2021-07-15 01:00:00,2021,7,2,14142,7.52,HOEP (Legacy)
2021-07-15 02:00:00,2021,7,3,13741,14.45,HOEP (Legacy)
2021-07-15 03:00:00,2021,7,4,13497,16.55,HOEP (Legacy)
2021-07-15 04:00:00,2021,7,5,13664,14.34,HOEP (Legacy)
2021-07-15 05:00:00,2021,7,6,14366,8.24,HOEP (Legacy)
2021-07-15 06:00:00,2021,7,7,15619,20.29,HOEP (Legacy)
2021-07-15 07:00:00,2021,7,8,17003,32.16,HOEP (Legacy)
2021-07-15 08:00:00,2021,7,9,17705,32.13,HOEP (Legacy)
2021-07-15 09:00:00,2021,7,10,18316,31.7,HOEP (Legacy)
2021-07-15 10:00:00,2021,7,11,19150,33.82,HOEP (Legacy)
2021-07-15 11:00:00,2021,7,12,19696,34.28,HOEP (Legacy)
2021-07-15 12:00:00,2021,7,13,19786,33.52,HOEP (Legacy)
2021-07-15 13:00:00,2021,7,14,20041,34.39,HOEP (Legacy)
2021-07-15 14:00:00,2021,7,15,20345,35.9,HOEP (Legacy)
2021-07-15 15:00:00,2021,7,16,20744,37.73,HOEP (Legacy)
2021-07-15 16:00:00,2021,7,17,20971,37.25,HOEP (Legacy)
2021-07-15 17:00:00,2021,7,18,20473,36.31,HOEP (Legacy)
2021-07-15 18:00:00,2021,7,19,19945,34.49,HOEP (Legacy)
2021-07-15 19:00:00,2021,7,20,19519,32.88,HOEP (Legacy)
2021-07-15 20:00:00,2021,7,21,19206,34.71,HOEP (Legacy)
2021-07-15 21:00:00,2021,7,22,18149,34.75,HOEP (Legacy)
2021-07-15 22:00:00,2021,7,23,16698,33.81,HOEP (Legacy)
2021-07-15 23:00:00,2021,7,24,15556,32.02,HOEP (Legacy)
2021-07-16 00:00:00,2021,7,1,14412,28.49,HOEP (Legacy)
2021-07-16 01:00:00,2021,7,2,13826,32.81,HOEP (Legacy)
2021-07-16 02:00:00,2021,7,3,13336,30.71,HOEP (Legacy)
2021-07-16 03:00:00,2021,7,4,13208,32.58,HOEP (Legacy)
2021-07-16 04:00:00,2021,7,5,13363,14.37,HOEP (Legacy)
2021-07-16 05:00:00,2021,7,6,14038,5.28,HOEP (Legacy)
2021-07-16 06:00:00,2021,7,7,15227,26.4,HOEP (Legacy)
2021-07-16 07:00:00,2021,7,8,16045,34.48,HOEP (Legacy)
2021-07-16 08:00:00,2021,7,9,16599,36.52,HOEP (Legacy)
2021-07-16 09:00:00,2021,7,10,17215,37.09,HOEP (Legacy)
2021-07-16 10:00:00,2021,7,11,17675,36.74,HOEP (Legacy)
2021-07-16 11:00:00,2021,7,12,17767,36.52,HOEP (Legacy)
2021-07-16 12:00:00,2021,7,13,17855,35.37,HOEP (Legacy)
2021-07-16 13:00:00,2021,7,14,18045,36.58,HOEP (Legacy)
2021-07-16 14:00:00,2021,7,15,18138,37.07,HOEP (Legacy)
2021-07-16 15:00:00,2021,7,16,18286,37.8,HOEP (Legacy)
2021-07-16 16:00:00,2021,7,17,18338,37.11,HOEP (Legacy)
2021-07-16 17:00:00,2021,7,18,17866,36.51,HOEP (Legacy)
2021-07-16 18:00:00,2021,7,19,17313,35.28,HOEP (Legacy)
2021-07-16 19:00:00,2021,7,20,17059,38.74,HOEP (Legacy)
2021-07-16 20:00:00,2021,7,21,17012,33.49,HOEP (Legacy)
2021-07-16 21:00:00,2021,7,22,15968,30.05,HOEP (Legacy)
2021-07-16 22:00:00,2021,7,23,14758,19.63,HOEP (Legacy)
2021-07-16 23:00:00,2021,7,24,14000,24.12,HOEP (Legacy)
2021-07-17 00:00:00,2021,7,1,13101,14.38,HOEP (Legacy)
2021-07-17 01:00:00,2021,7,2,12634,25.15,HOEP (Legacy)
2021-07-17 02:00:00,2021,7,3,12260,18.71,HOEP (Legacy)
2021-07-17 03:00:00,2021,7,4,12088,20.87,HOEP (Legacy)
2021-07-17 04:00:00,2021,7,5,12108,14.35,HOEP (Legacy)
2021-07-17 05:00:00,2021,7,6,12327,14.34,HOEP (Legacy)
2021-07-17 06:00:00,2021,7,7,12687,10.85,HOEP (Legacy)
2021-07-17 07:00:00,2021,7,8,13562,17.36,HOEP (Legacy)
2021-07-17 08:00:00,2021,7,9,14550,39.95,HOEP (Legacy)
2021-07-17 09:00:00,2021,7,10,14994,38.85,HOEP (Legacy)
2021-07-17 10:00:00,2021,7,11,15249,32.7,HOEP (Legacy)
2021-07-17 11:00:00,2021,7,12,15341,11.85,HOEP (Legacy)
2021-07-17 12:00:00,2021,7,13,15104,13.84,HOEP (Legacy)
2021-07-17 13:00:00,2021,7,14,15162,16.31,HOEP (Legacy)
2021-07-17 14:00:00,2021,7,15,15143,15.8,HOEP (Legacy)
2021-07-17 15:00:00,2021,7,16,15464,28.14,HOEP (Legacy)
2021-07-17 16:00:00,2021,7,17,15900,34.59,HOEP (Legacy)
2021-07-17 17:00:00,2021,7,18,15997,41.68,HOEP (Legacy)
2021-07-17 18:00:00,2021,7,19,15915,37.37,HOEP (Legacy)
2021-07-17 19:00:00,2021,7,20,15862,42.46,HOEP (Legacy)
2021-07-17 20:00:00,2021,7,21,15796,42.31,HOEP (Legacy)
2021-07-17 21:00:00,2021,7,22,15104,35.74,HOEP (Legacy)
2021-07-17 22:00:00,2021,7,23,14182,17.54,HOEP (Legacy)
2021-07-17 23:00:00,2021,7,24,13333,22.32,HOEP (Legacy)
2021-07-18 00:00:00,2021,7,1,12706,15.96,HOEP (Legacy)
2021-07-18 01:00:00,2021,7,2,12277,16.49,HOEP (Legacy)
2021-07-18 02:00:00,2021,7,3,11915,12.55,HOEP (Legacy)
2021-07-18 03:00:00,2021,7,4,11766,3.43,HOEP (Legacy)
2021-07-18 04:00:00,2021,7,5,11677,1.03,HOEP (Legacy)
2021-07-18 05:00:00,2021,7,6,11640,0.49,HOEP (Legacy)
2021-07-18 06:00:00,2021,7,7,11914,-2.38,HOEP (Legacy)
2021-07-18 07:00:00,2021,7,8,12712,5.29,HOEP (Legacy)
2021-07-18 08:00:00,2021,7,9,13766,23.5,HOEP (Legacy)
2021-07-18 09:00:00,2021,7,10,14549,30.09,HOEP (Legacy)
2021-07-18 10:00:00,2021,7,11,15458,21.36,HOEP (Legacy)
2021-07-18 11:00:00,2021,7,12,16159,32.28,HOEP (Legacy)
2021-07-18 12:00:00,2021,7,13,16690,33.13,HOEP (Legacy)
2021-07-18 13:00:00,2021,7,14,17260,34.93,HOEP (Legacy)
2021-07-18 14:00:00,2021,7,15,17844,34.33,HOEP (Legacy)
2021-07-18 15:00:00,2021,7,16,18631,36.63,HOEP (Legacy)
2021-07-18 16:00:00,2021,7,17,19507,40.47,HOEP (Legacy)
2021-07-18 17:00:00,2021,7,18,19433,36.69,HOEP (Legacy)
2021-07-18 18:00:00,2021,7,19,18818,36.45,HOEP (Legacy)
2021-07-18 19:00:00,2021,7,20,18389,36.99,HOEP (Legacy)
2021-07-18 20:00:00,2021,7,21,18227,52.07,HOEP (Legacy)
2021-07-18 21:00:00,2021,7,22,17304,37.29,HOEP (Legacy)
2021-07-18 22:00:00,2021,7,23,15915,25.62,HOEP (Legacy)
2021-07-18 23:00:00,2021,7,24,14602,16.89,HOEP (Legacy)
2021-07-19 00:00:00,2021,7,1,13847,30.95,HOEP (Legacy)
2021-07-19 01:00:00,2021,7,2,13134,23.37,HOEP (Legacy)
2021-07-19 02:00:00,2021,7,3,12768,22.12,HOEP (Legacy)
2021-07-19 03:00:00,2021,7,4,12660,14.37,HOEP (Legacy)
2021-07-19 04:00:00,2021,7,5,13142,24.84,HOEP (Legacy)
2021-07-19 05:00:00,2021,7,6,13801,25.33,HOEP (Legacy)
2021-07-19 06:00:00,2021,7,7,14953,34.21,HOEP (Legacy)
2021-07-19 07:00:00,2021,7,8,16121,33.45,HOEP (Legacy)
2021-07-19 08:00:00,2021,7,9,17342,33.0,HOEP (Legacy)
2021-07-19 09:00:00,2021,7,10,18293,34.72,HOEP (Legacy)
2021-07-19 10:00:00,2021,7,11,19079,35.95,HOEP (Legacy)
2021-07-19 11:00:00,2021,7,12,19600,36.79,HOEP (Legacy)
2021-07-19 12:00:00,2021,7,13,20106,38.05,HOEP (Legacy)
2021-07-19 13:00:00,2021,7,14,20762,38.83,HOEP (Legacy)
2021-07-19 14:00:00,2021,7,15,20844,39.0,HOEP (Legacy)
2021-07-19 15:00:00,2021,7,16,20849,37.73,HOEP (Legacy)
2021-07-19 16:00:00,2021,7,17,20819,34.24,HOEP (Legacy)
2021-07-19 17:00:00,2021,7,18,20458,33.19,HOEP (Legacy)
2021-07-19 18:00:00,2021,7,19,20568,32.92,HOEP (Legacy)
2021-07-19 19:00:00,2021,7,20,20341,34.19,HOEP (Legacy)
2021-07-19 20:00:00,2021,7,21,19923,35.65,HOEP (Legacy)
2021-07-19 21:00:00,2021,7,22,18848,35.42,HOEP (Legacy)
2021-07-19 22:00:00,2021,7,23,17285,36.64,HOEP (Legacy)
2021-07-19 23:00:00,2021,7,24,15958,32.25,HOEP (Legacy)
2021-07-20 00:00:00,2021,7,1,15008,29.54,HOEP (Legacy)
2021-07-20 01:00:00,2021,7,2,14357,21.13,HOEP (Legacy)
2021-07-20 02:00:00,2021,7,3,13855,14.36,HOEP (Legacy)
2021-07-20 03:00:00,2021,7,4,13668,17.21,HOEP (Legacy)
2021-07-20 04:00:00,2021,7,5,13870,14.36,HOEP (Legacy)
2021-07-20 05:00:00,2021,7,6,14526,31.84,HOEP (Legacy)
2021-07-20 06:00:00,2021,7,7,15761,33.37,HOEP (Legacy)
2021-07-20 07:00:00,2021,7,8,16987,36.51,HOEP (Legacy)
2021-07-20 08:00:00,2021,7,9,17866,36.91,HOEP (Legacy)
2021-07-20 09:00:00,2021,7,10,18947,37.92,HOEP (Legacy)
2021-07-20 10:00:00,2021,7,11,19443,37.94,HOEP (Legacy)
2021-07-20 11:00:00,2021,7,12,19948,38.79,HOEP (Legacy)
2021-07-20 12:00:00,2021,7,13,20339,38.55,HOEP (Legacy)
2021-07-20 13:00:00,2021,7,14,20413,39.08,HOEP (Legacy)
2021-07-20 14:00:00,2021,7,15,20756,39.9,HOEP (Legacy)
2021-07-20 15:00:00,2021,7,16,20650,39.05,HOEP (Legacy)
2021-07-20 16:00:00,2021,7,17,20347,38.91,HOEP (Legacy)
2021-07-20 17:00:00,2021,7,18,19206,37.61,HOEP (Legacy)
2021-07-20 18:00:00,2021,7,19,18508,36.35,HOEP (Legacy)
2021-07-20 19:00:00,2021,7,20,18011,37.51,HOEP (Legacy)
2021-07-20 20:00:00,2021,7,21,17505,32.73,HOEP (Legacy)
2021-07-20 21:00:00,2021,7,22,16439,24.41,HOEP (Legacy)
2021-07-20 22:00:00,2021,7,23,15177,19.62,HOEP (Legacy)
2021-07-20 23:00:00,2021,7,24,13991,9.95,HOEP (Legacy)
2021-07-21 00:00:00,2021,7,1,13285,0.5,HOEP (Legacy)
2021-07-21 01:00:00,2021,7,2,12739,0.54,HOEP (Legacy)
2021-07-21 02:00:00,2021,7,3,12367,0.0,HOEP (Legacy)
2021-07-21 03:00:00,2021,7,4,12456,8.86,HOEP (Legacy)
2021-07-21 04:00:00,2021,7,5,12704,4.45,HOEP (Legacy)
2021-07-21 05:00:00,2021,7,6,13165,5.53,HOEP (Legacy)
2021-07-21 06:00:00,2021,7,7,14235,10.62,HOEP (Legacy)
2021-07-21 07:00:00,2021,7,8,14902,24.04,HOEP (Legacy)
2021-07-21 08:00:00,2021,7,9,15232,22.33,HOEP (Legacy)
2021-07-21 09:00:00,2021,7,10,15702,14.4,HOEP (Legacy)
2021-07-21 10:00:00,2021,7,11,16051,14.4,HOEP (Legacy)
2021-07-21 11:00:00,2021,7,12,16404,34.9,HOEP (Legacy)
2021-07-21 12:00:00,2021,7,13,16614,35.16,HOEP (Legacy)
2021-07-21 13:00:00,2021,7,14,16903,32.79,HOEP (Legacy)
2021-07-21 14:00:00,2021,7,15,17041,30.85,HOEP (Legacy)
2021-07-21 15:00:00,2021,7,16,17592,34.95,HOEP (Legacy)
2021-07-21 16:00:00,2021,7,17,18226,35.13,HOEP (Legacy)
2021-07-21 17:00:00,2021,7,18,18369,36.3,HOEP (Legacy)
2021-07-21 18:00:00,2021,7,19,18147,37.85,HOEP (Legacy)
2021-07-21 19:00:00,2021,7,20,17460,37.25,HOEP (Legacy)
2021-07-21 20:00:00,2021,7,21,16947,36.13,HOEP (Legacy)
2021-07-21 21:00:00,2021,7,22,15966,28.94,HOEP (Legacy)
2021-07-21 22:00:00,2021,7,23,14610,8.99,HOEP (Legacy)
2021-07-21 23:00:00,2021,7,24,13396,3.14,HOEP (Legacy)
2021-07-22 00:00:00,2021,7,1,12717,4.39,HOEP (Legacy)
2021-07-22 01:00:00,2021,7,2,12296,17.65,HOEP (Legacy)
2021-07-22 02:00:00,2021,7,3,12067,15.43,HOEP (Legacy)
2021-07-22 03:00:00,2021,7,4,11986,15.43,HOEP (Legacy)
2021-07-22 04:00:00,2021,7,5,12260,22.46,HOEP (Legacy)
2021-07-22 05:00:00,2021,7,6,12952,26.0,HOEP (Legacy)
2021-07-22 06:00:00,2021,7,7,13865,27.14,HOEP (Legacy)
2021-07-22 07:00:00,2021,7,8,14603,27.78,HOEP (Legacy)
2021-07-22 08:00:00,2021,7,9,15059,35.1,HOEP (Legacy)
2021-07-22 09:00:00,2021,7,10,15584,31.55,HOEP (Legacy)
2021-07-22 10:00:00,2021,7,11,16126,35.11,HOEP (Legacy)
2021-07-22 11:00:00,2021,7,12,16639,35.15,HOEP (Legacy)
2021-07-22 12:00:00,2021,7,13,17102,35.28,HOEP (Legacy)
2021-07-22 13:00:00,2021,7,14,17287,36.54,HOEP (Legacy)
2021-07-22 14:00:00,2021,7,15,17459,36.82,HOEP (Legacy)
2021-07-22 15:00:00,2021,7,16,17824,38.52,HOEP (Legacy)
2021-07-22 16:00:00,2021,7,17,18170,38.74,HOEP (Legacy)
2021-07-22 17:00:00,2021,7,18,18191,38.71,HOEP (Legacy)
2021-07-22 18:00:00,2021,7,19,17683,38.55,HOEP (Legacy)
2021-07-22 19:00:00,2021,7,20,17153,38.17,HOEP (Legacy)
2021-07-22 20:00:00,2021,7,21,17007,36.86,HOEP (Legacy)
2021-07-22 21:00:00,2021,7,22,16068,34.62,HOEP (Legacy)
2021-07-22 22:00:00,2021,7,23,14830,23.46,HOEP (Legacy)
2021-07-22 23:00:00,2021,7,24,13744,16.19,HOEP (Legacy)
2021-07-23 00:00:00,2021,7,1,13012,13.7,HOEP (Legacy)
2021-07-23 01:00:00,2021,7,2,12537,19.35,HOEP (Legacy)
2021-07-23 02:00:00,2021,7,3,12237,29.75,HOEP (Legacy)
2021-07-23 03:00:00,2021,7,4,12171,33.48,HOEP (Legacy)
2021-07-23 04:00:00,2021,7,5,12388,33.26,HOEP (Legacy)
2021-07-23 05:00:00,2021,7,6,13001,26.82,HOEP (Legacy)
2021-07-23 06:00:00,2021,7,7,14044,31.73,HOEP (Legacy)
2021-07-23 07:00:00,2021,7,8,14810,17.48,HOEP (Legacy)
2021-07-23 08:00:00,2021,7,9,15376,34.51,HOEP (Legacy)
2021-07-23 09:00:00,2021,7,10,15914,34.94,HOEP (Legacy)
2021-07-23 10:00:00,2021,7,11,16472,35.21,HOEP (Legacy)
2021-07-23 11:00:00,2021,7,12,16912,36.29,HOEP (Legacy)
2021-07-23 12:00:00,2021,7,13,17409,36.5,HOEP (Legacy)
2021-07-23 13:00:00,2021,7,14,17562,37.55,HOEP (Legacy)
2021-07-23 14:00:00,2021,7,15,17625,37.75,HOEP (Legacy)
2021-07-23 15:00:00,2021,7,16,18236,38.51,HOEP (Legacy)
2021-07-23 16:00:00,2021,7,17,18796,44.55,HOEP (Legacy)
2021-07-23 17:00:00,2021,7,18,18896,39.74,HOEP (Legacy)
2021-07-23 18:00:00,2021,7,19,18682,39.28,HOEP (Legacy)
2021-07-23 19:00:00,2021,7,20,18005,37.93,HOEP (Legacy)
2021-07-23 20:00:00,2021,7,21,17404,37.84,HOEP (Legacy)
2021-07-23 21:00:00,2021,7,22,16475,36.32,HOEP (Legacy)
2021-07-23 22:00:00,2021,7,23,15141,26.13,HOEP (Legacy)
2021-07-23 23:00:00,2021,7,24,13980,11.27,HOEP (Legacy)
2021-07-24 00:00:00,2021,7,1,13138,3.44,HOEP (Legacy)
2021-07-24 01:00:00,2021,7,2,12524,3.0,HOEP (Legacy)
2021-07-24 02:00:00,2021,7,3,12146,5.85,HOEP (Legacy)
2021-07-24 03:00:00,2021,7,4,11921,0.0,HOEP (Legacy)
2021-07-24 04:00:00,2021,7,5,11998,0.0,HOEP (Legacy)
2021-07-24 05:00:00,2021,7,6,11983,0.0,HOEP (Legacy)
2021-07-24 06:00:00,2021,7,7,12548,0.49,HOEP (Legacy)
2021-07-24 07:00:00,2021,7,8,13475,6.46,HOEP (Legacy)
2021-07-24 08:00:00,2021,7,9,14299,8.66,HOEP (Legacy)
2021-07-24 09:00:00,2021,7,10,15022,12.66,HOEP (Legacy)
2021-07-24 10:00:00,2021,7,11,15760,33.72,HOEP (Legacy)
2021-07-24 11:00:00,2021,7,12,15954,20.25,HOEP (Legacy)
2021-07-24 12:00:00,2021,7,13,16089,14.38,HOEP (Legacy)
2021-07-24 13:00:00,2021,7,14,16044,12.29,HOEP (Legacy)
2021-07-24 14:00:00,2021,7,15,16105,10.92,HOEP (Legacy)
2021-07-24 15:00:00,2021,7,16,16359,5.73,HOEP (Legacy)
2021-07-24 16:00:00,2021,7,17,16683,3.04,HOEP (Legacy)
2021-07-24 17:00:00,2021,7,18,16601,5.92,HOEP (Legacy)
2021-07-24 18:00:00,2021,7,19,16403,10.89,HOEP (Legacy)
2021-07-24 19:00:00,2021,7,20,16101,9.61,HOEP (Legacy)
2021-07-24 20:00:00,2021,7,21,16399,52.9,HOEP (Legacy)
2021-07-24 21:00:00,2021,7,22,15704,58.25,HOEP (Legacy)
2021-07-24 22:00:00,2021,7,23,14718,47.05,HOEP (Legacy)
2021-07-24 23:00:00,2021,7,24,13806,36.71,HOEP (Legacy)
2021-07-25 00:00:00,2021,7,1,13198,14.36,HOEP (Legacy)
2021-07-25 01:00:00,2021,7,2,12755,12.47,HOEP (Legacy)
2021-07-25 02:00:00,2021,7,3,12308,0.0,HOEP (Legacy)
2021-07-25 03:00:00,2021,7,4,12274,10.25,HOEP (Legacy)
2021-07-25 04:00:00,2021,7,5,12367,14.36,HOEP (Legacy)
2021-07-25 05:00:00,2021,7,6,12271,15.48,HOEP (Legacy)
2021-07-25 06:00:00,2021,7,7,12885,20.63,HOEP (Legacy)
2021-07-25 07:00:00,2021,7,8,13885,24.05,HOEP (Legacy)
2021-07-25 08:00:00,2021,7,9,14814,14.36,HOEP (Legacy)
2021-07-25 09:00:00,2021,7,10,15872,24.46,HOEP (Legacy)
2021-07-25 10:00:00,2021,7,11,16823,34.06,HOEP (Legacy)
2021-07-25 11:00:00,2021,7,12,17395,35.62,HOEP (Legacy)
2021-07-25 12:00:00,2021,7,13,17827,35.6,HOEP (Legacy)
2021-07-25 13:00:00,2021,7,14,18055,35.24,HOEP (Legacy)
2021-07-25 14:00:00,2021,7,15,18200,34.84,HOEP (Legacy)
2021-07-25 15:00:00,2021,7,16,18805,38.82,HOEP (Legacy)
2021-07-25 16:00:00,2021,7,17,19578,39.25,HOEP (Legacy)
2021-07-25 17:00:00,2021,7,18,19828,40.31,HOEP (Legacy)
2021-07-25 18:00:00,2021,7,19,19659,39.93,HOEP (Legacy)
2021-07-25 19:00:00,2021,7,20,18899,38.71,HOEP (Legacy)
2021-07-25 20:00:00,2021,7,21,18321,39.01,HOEP (Legacy)
2021-07-25 21:00:00,2021,7,22,17358,35.88,HOEP (Legacy)
2021-07-25 22:00:00,2021,7,23,16094,29.84,HOEP (Legacy)
2021-07-25 23:00:00,2021,7,24,14813,19.97,HOEP (Legacy)
2021-07-26 00:00:00,2021,7,1,13696,9.13,HOEP (Legacy)
2021-07-26 01:00:00,2021,7,2,13254,14.35,HOEP (Legacy)
2021-07-26 02:00:00,2021,7,3,12788,20.13,HOEP (Legacy)
2021-07-26 03:00:00,2021,7,4,12659,15.5,HOEP (Legacy)
2021-07-26 04:00:00,2021,7,5,12932,13.76,HOEP (Legacy)
2021-07-26 05:00:00,2021,7,6,13602,6.47,HOEP (Legacy)
2021-07-26 06:00:00,2021,7,7,14755,34.58,HOEP (Legacy)
2021-07-26 07:00:00,2021,7,8,16042,34.3,HOEP (Legacy)
2021-07-26 08:00:00,2021,7,9,17251,33.77,HOEP (Legacy)
2021-07-26 09:00:00,2021,7,10,18172,34.66,HOEP (Legacy)
2021-07-26 10:00:00,2021,7,11,18955,36.35,HOEP (Legacy)
2021-07-26 11:00:00,2021,7,12,19628,34.69,HOEP (Legacy)
2021-07-26 12:00:00,2021,7,13,19965,39.25,HOEP (Legacy)
2021-07-26 13:00:00,2021,7,14,20279,39.58,HOEP (Legacy)
2021-07-26 14:00:00,2021,7,15,20284,39.8,HOEP (Legacy)
2021-07-26 15:00:00,2021,7,16,20463,40.78,HOEP (Legacy)
2021-07-26 16:00:00,2021,7,17,20804,40.93,HOEP (Legacy)
2021-07-26 17:00:00,2021,7,18,20752,38.55,HOEP (Legacy)
2021-07-26 18:00:00,2021,7,19,20627,42.46,HOEP (Legacy)
2021-07-26 19:00:00,2021,7,20,20205,42.16,HOEP (Legacy)
2021-07-26 20:00:00,2021,7,21,19605,42.17,HOEP (Legacy)
2021-07-26 21:00:00,2021,7,22,18352,37.35,HOEP (Legacy)
2021-07-26 22:00:00,2021,7,23,16752,37.67,HOEP (Legacy)
2021-07-26 23:00:00,2021,7,24,15352,34.16,HOEP (Legacy)
2021-07-27 00:00:00,2021,7,1,14282,23.33,HOEP (Legacy)
2021-07-27 01:00:00,2021,7,2,13547,23.31,HOEP (Legacy)
2021-07-27 02:00:00,2021,7,3,12976,18.99,HOEP (Legacy)
2021-07-27 03:00:00,2021,7,4,12922,14.37,HOEP (Legacy)
2021-07-27 04:00:00,2021,7,5,13221,21.58,HOEP (Legacy)
2021-07-27 05:00:00,2021,7,6,13798,17.96,HOEP (Legacy)
2021-07-27 06:00:00,2021,7,7,14751,16.48,HOEP (Legacy)
2021-07-27 07:00:00,2021,7,8,15834,17.24,HOEP (Legacy)
2021-07-27 08:00:00,2021,7,9,16760,36.35,HOEP (Legacy)
2021-07-27 09:00:00,2021,7,10,17118,36.2,HOEP (Legacy)
2021-07-27 10:00:00,2021,7,11,17381,36.19,HOEP (Legacy)
2021-07-27 11:00:00,2021,7,12,17447,36.17,HOEP (Legacy)
2021-07-27 12:00:00,2021,7,13,17653,36.71,HOEP (Legacy)
2021-07-27 13:00:00,2021,7,14,17837,35.56,HOEP (Legacy)
2021-07-27 14:00:00,2021,7,15,17981,36.49,HOEP (Legacy)
2021-07-27 15:00:00,2021,7,16,18368,40.11,HOEP (Legacy)
2021-07-27 16:00:00,2021,7,17,18928,42.4,HOEP (Legacy)
2021-07-27 17:00:00,2021,7,18,19053,47.14,HOEP (Legacy)
2021-07-27 18:00:00,2021,7,19,18793,38.06,HOEP (Legacy)
2021-07-27 19:00:00,2021,7,20,18263,36.93,HOEP (Legacy)
2021-07-27 20:00:00,2021,7,21,17946,38.6,HOEP (Legacy)
2021-07-27 21:00:00,2021,7,22,16876,36.25,HOEP (Legacy)
2021-07-27 22:00:00,2021,7,23,15493,25.07,HOEP (Legacy)
2021-07-27 23:00:00,2021,7,24,14423,23.42,HOEP (Legacy)
2021-07-28 00:00:00,2021,7,1,13556,22.39,HOEP (Legacy)
2021-07-28 01:00:00,2021,7,2,12839,16.26,HOEP (Legacy)
2021-07-28 02:00:00,2021,7,3,12538,15.18,HOEP (Legacy)
2021-07-28 03:00:00,2021,7,4,12544,23.09,HOEP (Legacy)
2021-07-28 04:00:00,2021,7,5,12766,28.04,HOEP (Legacy)
2021-07-28 05:00:00,2021,7,6,13419,34.44,HOEP (Legacy)
2021-07-28 06:00:00,2021,7,7,14409,31.52,HOEP (Legacy)
2021-07-28 07:00:00,2021,7,8,15285,30.05,HOEP (Legacy)
2021-07-28 08:00:00,2021,7,9,15920,35.92,HOEP (Legacy)
2021-07-28 09:00:00,2021,7,10,16466,35.59,HOEP (Legacy)
2021-07-28 10:00:00,2021,7,11,17008,35.25,HOEP (Legacy)
2021-07-28 11:00:00,2021,7,12,17572,37.78,HOEP (Legacy)
2021-07-28 12:00:00,2021,7,13,17932,37.36,HOEP (Legacy)
2021-07-28 13:00:00,2021,7,14,18272,37.25,HOEP (Legacy)
2021-07-28 14:00:00,2021,7,15,18554,37.34,HOEP (Legacy)
2021-07-28 15:00:00,2021,7,16,18930,38.7,HOEP (Legacy)
2021-07-28 16:00:00,2021,7,17,19391,40.26,HOEP (Legacy)
2021-07-28 17:00:00,2021,7,18,19371,36.22,HOEP (Legacy)
2021-07-28 18:00:00,2021,7,19,18832,38.23,HOEP (Legacy)
2021-07-28 19:00:00,2021,7,20,18054,35.76,HOEP (Legacy)
2021-07-28 20:00:00,2021,7,21,17579,35.42,HOEP (Legacy)
2021-07-28 21:00:00,2021,7,22,16369,35.71,HOEP (Legacy)
2021-07-28 22:00:00,2021,7,23,14907,14.71,HOEP (Legacy)
2021-07-28 23:00:00,2021,7,24,13810,5.05,HOEP (Legacy)
2021-07-29 00:00:00,2021,7,1,13260,6.58,HOEP (Legacy)
2021-07-29 01:00:00,2021,7,2,13005,15.85,HOEP (Legacy)
2021-07-29 02:00:00,2021,7,3,12593,4.1,HOEP (Legacy)
2021-07-29 03:00:00,2021,7,4,12386,0.0,HOEP (Legacy)
2021-07-29 04:00:00,2021,7,5,12847,0.0,HOEP (Legacy)
2021-07-29 05:00:00,2021,7,6,13605,12.13,HOEP (Legacy)
2021-07-29 06:00:00,2021,7,7,14930,19.76,HOEP (Legacy)
2021-07-29 07:00:00,2021,7,8,15903,17.57,HOEP (Legacy)
2021-07-29 08:00:00,2021,7,9,16532,37.13,HOEP (Legacy)
2021-07-29 09:00:00,2021,7,10,17051,34.95,HOEP (Legacy)
2021-07-29 10:00:00,2021,7,11,17050,16.78,HOEP (Legacy)
2021-07-29 11:00:00,2021,7,12,17381,24.5,HOEP (Legacy)
2021-07-29 12:00:00,2021,7,13,17994,35.61,HOEP (Legacy)
2021-07-29 13:00:00,2021,7,14,18002,35.04,HOEP (Legacy)
2021-07-29 14:00:00,2021,7,15,18175,35.07,HOEP (Legacy)
2021-07-29 15:00:00,2021,7,16,18544,35.75,HOEP (Legacy)
2021-07-29 16:00:00,2021,7,17,18929,37.66,HOEP (Legacy)
2021-07-29 17:00:00,2021,7,18,18813,36.82,HOEP (Legacy)
2021-07-29 18:00:00,2021,7,19,18608,37.18,HOEP (Legacy)
2021-07-29 19:00:00,2021,7,20,17942,34.79,HOEP (Legacy)
2021-07-29 20:00:00,2021,7,21,17636,35.17,HOEP (Legacy)
2021-07-29 21:00:00,2021,7,22,16646,34.85,HOEP (Legacy)
2021-07-29 22:00:00,2021,7,23,15243,87.87,HOEP (Legacy)
2021-07-29 23:00:00,2021,7,24,14075,25.09,HOEP (Legacy)
2021-07-30 00:00:00,2021,7,1,13214,14.35,HOEP (Legacy)
2021-07-30 01:00:00,2021,7,2,12692,13.77,HOEP (Legacy)
2021-07-30 02:00:00,2021,7,3,12212,2.4,HOEP (Legacy)
2021-07-30 03:00:00,2021,7,4,12035,0.0,HOEP (Legacy)
2021-07-30 04:00:00,2021,7,5,12280,13.66,HOEP (Legacy)
2021-07-30 05:00:00,2021,7,6,12929,25.74,HOEP (Legacy)
2021-07-30 06:00:00,2021,7,7,14007,37.25,HOEP (Legacy)
2021-07-30 07:00:00,2021,7,8,14781,77.47,HOEP (Legacy)
2021-07-30 08:00:00,2021,7,9,14724,26.65,HOEP (Legacy)
2021-07-30 09:00:00,2021,7,10,15028,37.65,HOEP (Legacy)
2021-07-30 10:00:00,2021,7,11,15002,15.75,HOEP (Legacy)
2021-07-30 11:00:00,2021,7,12,14969,14.36,HOEP (Legacy)
2021-07-30 12:00:00,2021,7,13,14981,15.75,HOEP (Legacy)
2021-07-30 13:00:00,2021,7,14,15061,21.24,HOEP (Legacy)
2021-07-30 14:00:00,2021,7,15,14951,20.19,HOEP (Legacy)
2021-07-30 15:00:00,2021,7,16,15361,7.12,HOEP (Legacy)
2021-07-30 16:00:00,2021,7,17,15797,18.79,HOEP (Legacy)
2021-07-30 17:00:00,2021,7,18,15910,30.4,HOEP (Legacy)
2021-07-30 18:00:00,2021,7,19,15994,34.18,HOEP (Legacy)
2021-07-30 19:00:00,2021,7,20,15653,33.29,HOEP (Legacy)
2021-07-30 20:00:00,2021,7,21,15417,40.29,HOEP (Legacy)
2021-07-30 21:00:00,2021,7,22,14542,23.73,HOEP (Legacy)
2021-07-30 22:00:00,2021,7,23,13531,23.12,HOEP (Legacy)
2021-07-30 23:00:00,2021,7,24,12568,25.99,HOEP (Legacy)
2021-07-31 00:00:00,2021,7,1,11978,7.97,HOEP (Legacy)
2021-07-31 01:00:00,2021,7,2,11398,14.37,HOEP (Legacy)
2021-07-31 02:00:00,2021,7,3,11215,14.35,HOEP (Legacy)
2021-07-31 03:00:00,2021,7,4,11143,13.74,HOEP (Legacy)
2021-07-31 04:00:00,2021,7,5,11151,13.67,HOEP (Legacy)
2021-07-31 05:00:00,2021,7,6,11314,3.43,HOEP (Legacy)
2021-07-31 06:00:00,2021,7,7,11591,1.94,HOEP (Legacy)
2021-07-31 07:00:00,2021,7,8,12049,5.71,HOEP (Legacy)
2021-07-31 08:00:00,2021,7,9,12641,16.98,HOEP (Legacy)
2021-07-31 09:00:00,2021,7,10,13056,36.34,HOEP (Legacy)
2021-07-31 10:00:00,2021,7,11,13410,34.91,HOEP (Legacy)
2021-07-31 11:00:00,2021,7,12,13623,13.78,HOEP (Legacy)
2021-07-31 12:00:00,2021,7,13,13721,14.38,HOEP (Legacy)
2021-07-31 13:00:00,2021,7,14,13868,9.67,HOEP (Legacy)
2021-07-31 14:00:00,2021,7,15,14030,6.04,HOEP (Legacy)
2021-07-31 15:00:00,2021,7,16,14206,5.71,HOEP (Legacy)
2021-07-31 16:00:00,2021,7,17,14801,9.08,HOEP (Legacy)
2021-07-31 17:00:00,2021,7,18,14978,10.22,HOEP (Legacy)
2021-07-31 18:00:00,2021,7,19,14766,14.34,HOEP (Legacy)
2021-07-31 19:00:00,2021,7,20,14572,14.38,HOEP (Legacy)
2021-07-31 20:00:00,2021,7,21,14508,24.41,HOEP (Legacy)
2021-07-31 21:00:00,2021,7,22,13981,31.77,HOEP (Legacy)
2021-07-31 22:00:00,2021,7,23,13068,37.62,HOEP (Legacy)
2021-07-31 23:00:00,2021,7,24,12273,33.57,HOEP (Legacy)
2021-08-01 00:00:00,2021,8,1,11973,14.35,HOEP (Legacy)
2021-08-01 01:00:00,2021,8,2,11640,14.34,HOEP (Legacy)
2021-08-01 02:00:00,2021,8,3,11404,14.35,HOEP (Legacy)
2021-08-01 03:00:00,2021,8,4,11338,14.36,HOEP (Legacy)
2021-08-01 04:00:00,2021,8,5,11320,14.34,HOEP (Legacy)
2021-08-01 05:00:00,2021,8,6,11172,14.36,HOEP (Legacy)
2021-08-01 06:00:00,2021,8,7,11590,10.43,HOEP (Legacy)
2021-08-01 07:00:00,2021,8,8,12198,12.98,HOEP (Legacy)
2021-08-01 08:00:00,2021,8,9,12754,16.92,HOEP (Legacy)
2021-08-01 09:00:00,2021,8,10,13417,37.24,HOEP (Legacy)
2021-08-01 10:00:00,2021,8,11,13710,20.2,HOEP (Legacy)
2021-08-01 11:00:00,2021,8,12,13788,14.35,HOEP (Legacy)
2021-08-01 12:00:00,2021,8,13,13727,13.74,HOEP (Legacy)
2021-08-01 13:00:00,2021,8,14,13827,14.34,HOEP (Legacy)
2021-08-01 14:00:00,2021,8,15,13862,6.64,HOEP (Legacy)
2021-08-01 15:00:00,2021,8,16,14089,5.6,HOEP (Legacy)
2021-08-01 16:00:00,2021,8,17,14383,3.8,HOEP (Legacy)
2021-08-01 17:00:00,2021,8,18,14693,5.68,HOEP (Legacy)
2021-08-01 18:00:00,2021,8,19,14485,9.42,HOEP (Legacy)
2021-08-01 19:00:00,2021,8,20,14220,14.37,HOEP (Legacy)
2021-08-01 20:00:00,2021,8,21,14148,22.89,HOEP (Legacy)
2021-08-01 21:00:00,2021,8,22,13565,9.13,HOEP (Legacy)
2021-08-01 22:00:00,2021,8,23,12756,10.82,HOEP (Legacy)
2021-08-01 23:00:00,2021,8,24,12127,9.38,HOEP (Legacy)
2021-08-02 00:00:00,2021,8,1,11730,9.96,HOEP (Legacy)
2021-08-02 01:00:00,2021,8,2,11119,0.0,HOEP (Legacy)
2021-08-02 02:00:00,2021,8,3,10853,2.25,HOEP (Legacy)
2021-08-02 03:00:00,2021,8,4,11057,1.58,HOEP (Legacy)
2021-08-02 04:00:00,2021,8,5,11004,-0.01,HOEP (Legacy)
2021-08-02 05:00:00,2021,8,6,10892,-0.2,HOEP (Legacy)
2021-08-02 06:00:00,2021,8,7,11446,9.59,HOEP (Legacy)
2021-08-02 07:00:00,2021,8,8,12036,13.34,HOEP (Legacy)
2021-08-02 08:00:00,2021,8,9,12442,13.29,HOEP (Legacy)
2021-08-02 09:00:00,2021,8,10,12805,13.28,HOEP (Legacy)
2021-08-02 10:00:00,2021,8,11,13163,13.3,HOEP (Legacy)
2021-08-02 11:00:00,2021,8,12,13365,13.3,HOEP (Legacy)
2021-08-02 12:00:00,2021,8,13,13474,13.3,HOEP (Legacy)
2021-08-02 13:00:00,2021,8,14,13612,15.25,HOEP (Legacy)
2021-08-02 14:00:00,2021,8,15,14056,28.42,HOEP (Legacy)
2021-08-02 15:00:00,2021,8,16,14917,23.05,HOEP (Legacy)
2021-08-02 16:00:00,2021,8,17,15985,31.25,HOEP (Legacy)
2021-08-02 17:00:00,2021,8,18,16294,33.16,HOEP (Legacy)
2021-08-02 18:00:00,2021,8,19,16353,36.24,HOEP (Legacy)
2021-08-02 19:00:00,2021,8,20,15943,32.69,HOEP (Legacy)
2021-08-02 20:00:00,2021,8,21,15513,31.75,HOEP (Legacy)
2021-08-02 21:00:00,2021,8,22,14749,21.63,HOEP (Legacy)
2021-08-02 22:00:00,2021,8,23,13730,22.58,HOEP (Legacy)
2021-08-02 23:00:00,2021,8,24,12665,10.68,HOEP (Legacy)
2021-08-03 00:00:00,2021,8,1,11970,6.68,HOEP (Legacy)
2021-08-03 01:00:00,2021,8,2,11606,0.0,HOEP (Legacy)
2021-08-03 02:00:00,2021,8,3,11408,1.64,HOEP (Legacy)
2021-08-03 03:00:00,2021,8,4,11348,1.11,HOEP (Legacy)
2021-08-03 04:00:00,2021,8,5,11847,8.78,HOEP (Legacy)
2021-08-03 05:00:00,2021,8,6,12433,7.73,HOEP (Legacy)
2021-08-03 06:00:00,2021,8,7,13458,23.48,HOEP (Legacy)
2021-08-03 07:00:00,2021,8,8,14400,28.36,HOEP (Legacy)
2021-08-03 08:00:00,2021,8,9,15133,27.0,HOEP (Legacy)
2021-08-03 09:00:00,2021,8,10,15699,30.84,HOEP (Legacy)
2021-08-03 10:00:00,2021,8,11,16142,31.84,HOEP (Legacy)
2021-08-03 11:00:00,2021,8,12,16543,32.25,HOEP (Legacy)
2021-08-03 12:00:00,2021,8,13,16806,34.26,HOEP (Legacy)
2021-08-03 13:00:00,2021,8,14,17142,26.0,HOEP (Legacy)
2021-08-03 14:00:00,2021,8,15,17404,32.37,HOEP (Legacy)
2021-08-03 15:00:00,2021,8,16,18039,37.67,HOEP (Legacy)
2021-08-03 16:00:00,2021,8,17,18832,37.79,HOEP (Legacy)
2021-08-03 17:00:00,2021,8,18,18885,38.68,HOEP (Legacy)
2021-08-03 18:00:00,2021,8,19,18636,38.59,HOEP (Legacy)
2021-08-03 19:00:00,2021,8,20,18113,38.58,HOEP (Legacy)
2021-08-03 20:00:00,2021,8,21,17527,38.22,HOEP (Legacy)
2021-08-03 21:00:00,2021,8,22,16492,35.51,HOEP (Legacy)
2021-08-03 22:00:00,2021,8,23,14983,31.11,HOEP (Legacy)
2021-08-03 23:00:00,2021,8,24,14161,24.79,HOEP (Legacy)
2021-08-04 00:00:00,2021,8,1,13349,20.67,HOEP (Legacy)
2021-08-04 01:00:00,2021,8,2,12830,17.76,HOEP (Legacy)
2021-08-04 02:00:00,2021,8,3,12509,21.04,HOEP (Legacy)
2021-08-04 03:00:00,2021,8,4,12445,29.29,HOEP (Legacy)
2021-08-04 04:00:00,2021,8,5,12748,24.3,HOEP (Legacy)
2021-08-04 05:00:00,2021,8,6,13318,21.07,HOEP (Legacy)
2021-08-04 06:00:00,2021,8,7,14254,25.2,HOEP (Legacy)
2021-08-04 07:00:00,2021,8,8,15148,27.31,HOEP (Legacy)
2021-08-04 08:00:00,2021,8,9,15851,35.03,HOEP (Legacy)
2021-08-04 09:00:00,2021,8,10,16550,35.06,HOEP (Legacy)
2021-08-04 10:00:00,2021,8,11,17236,35.37,HOEP (Legacy)
2021-08-04 11:00:00,2021,8,12,17811,37.13,HOEP (Legacy)
2021-08-04 12:00:00,2021,8,13,18273,36.96,HOEP (Legacy)
2021-08-04 13:00:00,2021,8,14,18646,38.62,HOEP (Legacy)
2021-08-04 14:00:00,2021,8,15,18751,39.5,HOEP (Legacy)
2021-08-04 15:00:00,2021,8,16,19432,44.72,HOEP (Legacy)
2021-08-04 16:00:00,2021,8,17,20347,50.63,HOEP (Legacy)
2021-08-04 17:00:00,2021,8,18,20267,42.05,HOEP (Legacy)
2021-08-04 18:00:00,2021,8,19,19783,38.51,HOEP (Legacy)
2021-08-04 19:00:00,2021,8,20,19064,37.23,HOEP (Legacy)
2021-08-04 20:00:00,2021,8,21,18599,39.28,HOEP (Legacy)
2021-08-04 21:00:00,2021,8,22,17259,38.2,HOEP (Legacy)
2021-08-04 22:00:00,2021,8,23,15862,37.03,HOEP (Legacy)
2021-08-04 23:00:00,2021,8,24,14538,25.42,HOEP (Legacy)
2021-08-05 00:00:00,2021,8,1,13661,23.21,HOEP (Legacy)
2021-08-05 01:00:00,2021,8,2,13046,25.76,HOEP (Legacy)
2021-08-05 02:00:00,2021,8,3,12726,35.74,HOEP (Legacy)
2021-08-05 03:00:00,2021,8,4,12709,31.5,HOEP (Legacy)
2021-08-05 04:00:00,2021,8,5,12930,29.89,HOEP (Legacy)
2021-08-05 05:00:00,2021,8,6,13457,18.65,HOEP (Legacy)
2021-08-05 06:00:00,2021,8,7,14406,11.58,HOEP (Legacy)
2021-08-05 07:00:00,2021,8,8,15553,34.38,HOEP (Legacy)
2021-08-05 08:00:00,2021,8,9,16404,37.08,HOEP (Legacy)
2021-08-05 09:00:00,2021,8,10,17250,40.45,HOEP (Legacy)
2021-08-05 10:00:00,2021,8,11,18025,40.43,HOEP (Legacy)
2021-08-05 11:00:00,2021,8,12,18683,41.14,HOEP (Legacy)
2021-08-05 12:00:00,2021,8,13,18979,40.96,HOEP (Legacy)
2021-08-05 13:00:00,2021,8,14,19244,42.08,HOEP (Legacy)
2021-08-05 14:00:00,2021,8,15,19640,42.67,HOEP (Legacy)
2021-08-05 15:00:00,2021,8,16,20295,43.65,HOEP (Legacy)
2021-08-05 16:00:00,2021,8,17,20846,50.51,HOEP (Legacy)
2021-08-05 17:00:00,2021,8,18,20823,45.66,HOEP (Legacy)
2021-08-05 18:00:00,2021,8,19,20417,41.18,HOEP (Legacy)
2021-08-05 19:00:00,2021,8,20,19733,36.82,HOEP (Legacy)
2021-08-05 20:00:00,2021,8,21,19130,36.91,HOEP (Legacy)
2021-08-05 21:00:00,2021,8,22,17875,37.22,HOEP (Legacy)
2021-08-05 22:00:00,2021,8,23,16346,36.73,HOEP (Legacy)
2021-08-05 23:00:00,2021,8,24,15006,22.42,HOEP (Legacy)
2021-08-06 00:00:00,2021,8,1,14119,19.39,HOEP (Legacy)
2021-08-06 01:00:00,2021,8,2,13493,22.6,HOEP (Legacy)
2021-08-06 02:00:00,2021,8,3,13053,14.38,HOEP (Legacy)
2021-08-06 03:00:00,2021,8,4,12990,14.36,HOEP (Legacy)
2021-08-06 04:00:00,2021,8,5,13074,17.98,HOEP (Legacy)
2021-08-06 05:00:00,2021,8,6,13762,19.39,HOEP (Legacy)
2021-08-06 06:00:00,2021,8,7,14803,9.9,HOEP (Legacy)
2021-08-06 07:00:00,2021,8,8,15949,34.23,HOEP (Legacy)
2021-08-06 08:00:00,2021,8,9,16996,38.25,HOEP (Legacy)
2021-08-06 09:00:00,2021,8,10,17917,44.69,HOEP (Legacy)
2021-08-06 10:00:00,2021,8,11,18581,44.41,HOEP (Legacy)
2021-08-06 11:00:00,2021,8,12,19145,41.54,HOEP (Legacy)
2021-08-06 12:00:00,2021,8,13,19634,40.87,HOEP (Legacy)
2021-08-06 13:00:00,2021,8,14,19827,40.82,HOEP (Legacy)
2021-08-06 14:00:00,2021,8,15,19964,41.18,HOEP (Legacy)
2021-08-06 15:00:00,2021,8,16,20152,40.95,HOEP (Legacy)
2021-08-06 16:00:00,2021,8,17,20516,42.42,HOEP (Legacy)
2021-08-06 17:00:00,2021,8,18,20528,42.16,HOEP (Legacy)
2021-08-06 18:00:00,2021,8,19,20214,42.43,HOEP (Legacy)
2021-08-06 19:00:00,2021,8,20,19828,42.17,HOEP (Legacy)
2021-08-06 20:00:00,2021,8,21,19253,39.55,HOEP (Legacy)
2021-08-06 21:00:00,2021,8,22,18076,38.91,HOEP (Legacy)
2021-08-06 22:00:00,2021,8,23,16579,37.68,HOEP (Legacy)
2021-08-06 23:00:00,2021,8,24,15316,27.38,HOEP (Legacy)
2021-08-07 00:00:00,2021,8,1,14377,17.22,HOEP (Legacy)
2021-08-07 01:00:00,2021,8,2,13829,23.87,HOEP (Legacy)
2021-08-07 02:00:00,2021,8,3,13478,47.82,HOEP (Legacy)
2021-08-07 03:00:00,2021,8,4,13259,31.29,HOEP (Legacy)
2021-08-07 04:00:00,2021,8,5,13194,29.28,HOEP (Legacy)
2021-08-07 05:00:00,2021,8,6,13290,28.89,HOEP (Legacy)
2021-08-07 06:00:00,2021,8,7,14031,34.82,HOEP (Legacy)
2021-08-07 07:00:00,2021,8,8,15037,33.4,HOEP (Legacy)
2021-08-07 08:00:00,2021,8,9,15969,36.43,HOEP (Legacy)
2021-08-07 09:00:00,2021,8,10,16577,40.01,HOEP (Legacy)
2021-08-07 10:00:00,2021,8,11,17518,42.38,HOEP (Legacy)
2021-08-07 11:00:00,2021,8,12,18544,51.11,HOEP (Legacy)
2021-08-07 12:00:00,2021,8,13,19009,63.66,HOEP (Legacy)
2021-08-07 13:00:00,2021,8,14,18916,43.54,HOEP (Legacy)
2021-08-07 14:00:00,2021,8,15,18330,40.85,HOEP (Legacy)
2021-08-07 15:00:00,2021,8,16,18444,41.73,HOEP (Legacy)
2021-08-07 16:00:00,2021,8,17,18740,42.5,HOEP (Legacy)
2021-08-07 17:00:00,2021,8,18,18809,42.64,HOEP (Legacy)
2021-08-07 18:00:00,2021,8,19,18535,42.56,HOEP (Legacy)
2021-08-07 19:00:00,2021,8,20,18020,47.17,HOEP (Legacy)
2021-08-07 20:00:00,2021,8,21,17830,42.74,HOEP (Legacy)
2021-08-07 21:00:00,2021,8,22,17036,42.09,HOEP (Legacy)
2021-08-07 22:00:00,2021,8,23,15836,38.62,HOEP (Legacy)
2021-08-07 23:00:00,2021,8,24,14946,37.5,HOEP (Legacy)
2021-08-08 00:00:00,2021,8,1,13957,32.63,HOEP (Legacy)
2021-08-08 01:00:00,2021,8,2,13340,16.36,HOEP (Legacy)
2021-08-08 02:00:00,2021,8,3,13013,13.35,HOEP (Legacy)
2021-08-08 03:00:00,2021,8,4,12656,21.4,HOEP (Legacy)
2021-08-08 04:00:00,2021,8,5,12602,34.54,HOEP (Legacy)
2021-08-08 05:00:00,2021,8,6,12656,31.97,HOEP (Legacy)
2021-08-08 06:00:00,2021,8,7,13032,15.33,HOEP (Legacy)
2021-08-08 07:00:00,2021,8,8,13985,34.51,HOEP (Legacy)
2021-08-08 08:00:00,2021,8,9,15439,35.42,HOEP (Legacy)
2021-08-08 09:00:00,2021,8,10,16631,35.93,HOEP (Legacy)
2021-08-08 10:00:00,2021,8,11,17588,36.79,HOEP (Legacy)
2021-08-08 11:00:00,2021,8,12,18104,39.98,HOEP (Legacy)
2021-08-08 12:00:00,2021,8,13,18737,43.35,HOEP (Legacy)
2021-08-08 13:00:00,2021,8,14,18777,43.58,HOEP (Legacy)
2021-08-08 14:00:00,2021,8,15,18601,40.63,HOEP (Legacy)
2021-08-08 15:00:00,2021,8,16,18822,41.83,HOEP (Legacy)
2021-08-08 16:00:00,2021,8,17,19610,41.82,HOEP (Legacy)
2021-08-08 17:00:00,2021,8,18,19571,41.73,HOEP (Legacy)
2021-08-08 18:00:00,2021,8,19,19229,41.37,HOEP (Legacy)
2021-08-08 19:00:00,2021,8,20,19046,46.75,HOEP (Legacy)
2021-08-08 20:00:00,2021,8,21,18788,39.88,HOEP (Legacy)
2021-08-08 21:00:00,2021,8,22,17798,37.98,HOEP (Legacy)
2021-08-08 22:00:00,2021,8,23,16526,33.72,HOEP (Legacy)
2021-08-08 23:00:00,2021,8,24,15398,11.77,HOEP (Legacy)
2021-08-09 00:00:00,2021,8,1,14445,13.06,HOEP (Legacy)
2021-08-09 01:00:00,2021,8,2,14044,15.39,HOEP (Legacy)
2021-08-09 02:00:00,2021,8,3,13938,40.78,HOEP (Legacy)
2021-08-09 03:00:00,2021,8,4,13984,40.81,HOEP (Legacy)
2021-08-09 04:00:00,2021,8,5,14413,20.0,HOEP (Legacy)
2021-08-09 05:00:00,2021,8,6,15186,25.2,HOEP (Legacy)
2021-08-09 06:00:00,2021,8,7,16156,37.45,HOEP (Legacy)
2021-08-09 07:00:00,2021,8,8,17506,37.54,HOEP (Legacy)
2021-08-09 08:00:00,2021,8,9,18615,37.46,HOEP (Legacy)
2021-08-09 09:00:00,2021,8,10,19777,40.21,HOEP (Legacy)
2021-08-09 10:00:00,2021,8,11,20683,42.9,HOEP (Legacy)
2021-08-09 11:00:00,2021,8,12,21256,47.29,HOEP (Legacy)
2021-08-09 12:00:00,2021,8,13,21502,41.28,HOEP (Legacy)
2021-08-09 13:00:00,2021,8,14,21592,44.93,HOEP (Legacy)
2021-08-09 14:00:00,2021,8,15,21917,54.86,HOEP (Legacy)
2021-08-09 15:00:00,2021,8,16,22289,114.58,HOEP (Legacy)
2021-08-09 16:00:00,2021,8,17,22428,63.56,HOEP (Legacy)
2021-08-09 17:00:00,2021,8,18,22164,51.68,HOEP (Legacy)
2021-08-09 18:00:00,2021,8,19,21682,41.35,HOEP (Legacy)
2021-08-09 19:00:00,2021,8,20,21566,45.45,HOEP (Legacy)
2021-08-09 20:00:00,2021,8,21,21261,42.81,HOEP (Legacy)
2021-08-09 21:00:00,2021,8,22,19875,41.78,HOEP (Legacy)
2021-08-09 22:00:00,2021,8,23,18586,38.84,HOEP (Legacy)
2021-08-09 23:00:00,2021,8,24,17298,37.69,HOEP (Legacy)
2021-08-10 00:00:00,2021,8,1,16520,41.11,HOEP (Legacy)
2021-08-10 01:00:00,2021,8,2,15794,33.22,HOEP (Legacy)
2021-08-10 02:00:00,2021,8,3,15362,37.11,HOEP (Legacy)
2021-08-10 03:00:00,2021,8,4,15193,25.67,HOEP (Legacy)
2021-08-10 04:00:00,2021,8,5,15382,17.24,HOEP (Legacy)
2021-08-10 05:00:00,2021,8,6,16347,14.37,HOEP (Legacy)
2021-08-10 06:00:00,2021,8,7,17613,25.75,HOEP (Legacy)
2021-08-10 07:00:00,2021,8,8,18582,33.96,HOEP (Legacy)
2021-08-10 08:00:00,2021,8,9,19357,36.08,HOEP (Legacy)
2021-08-10 09:00:00,2021,8,10,19983,38.67,HOEP (Legacy)
2021-08-10 10:00:00,2021,8,11,20428,42.17,HOEP (Legacy)
2021-08-10 11:00:00,2021,8,12,20779,37.91,HOEP (Legacy)
2021-08-10 12:00:00,2021,8,13,20668,33.5,HOEP (Legacy)
2021-08-10 13:00:00,2021,8,14,20644,35.71,HOEP (Legacy)
2021-08-10 14:00:00,2021,8,15,20594,37.44,HOEP (Legacy)
2021-08-10 15:00:00,2021,8,16,20864,41.81,HOEP (Legacy)
2021-08-10 16:00:00,2021,8,17,21241,43.52,HOEP (Legacy)
2021-08-10 17:00:00,2021,8,18,21174,44.86,HOEP (Legacy)
2021-08-10 18:00:00,2021,8,19,21279,58.75,HOEP (Legacy)
2021-08-10 19:00:00,2021,8,20,21065,45.11,HOEP (Legacy)
2021-08-10 20:00:00,2021,8,21,20638,53.34,HOEP (Legacy)
2021-08-10 21:00:00,2021,8,22,19573,43.89,HOEP (Legacy)
2021-08-10 22:00:00,2021,8,23,18027,40.27,HOEP (Legacy)
2021-08-10 23:00:00,2021,8,24,16672,36.46,HOEP (Legacy)
2021-08-11 00:00:00,2021,8,1,15776,35.36,HOEP (Legacy)
2021-08-11 01:00:00,2021,8,2,15083,9.44,HOEP (Legacy)
2021-08-11 02:00:00,2021,8,3,14612,13.66,HOEP (Legacy)
2021-08-11 03:00:00,2021,8,4,14663,22.43,HOEP (Legacy)
2021-08-11 04:00:00,2021,8,5,15489,33.23,HOEP (Legacy)
2021-08-11 05:00:00,2021,8,6,16127,24.43,HOEP (Legacy)
2021-08-11 06:00:00,2021,8,7,17131,34.09,HOEP (Legacy)
2021-08-11 07:00:00,2021,8,8,17934,38.31,HOEP (Legacy)
2021-08-11 08:00:00,2021,8,9,18807,38.58,HOEP (Legacy)
2021-08-11 09:00:00,2021,8,10,19578,42.4,HOEP (Legacy)
2021-08-11 10:00:00,2021,8,11,20847,64.19,HOEP (Legacy)
2021-08-11 11:00:00,2021,8,12,21433,55.83,HOEP (Legacy)
2021-08-11 12:00:00,2021,8,13,21436,50.74,HOEP (Legacy)
2021-08-11 13:00:00,2021,8,14,21610,43.22,HOEP (Legacy)
2021-08-11 14:00:00,2021,8,15,21513,41.92,HOEP (Legacy)
2021-08-11 15:00:00,2021,8,16,22019,45.37,HOEP (Legacy)
2021-08-11 16:00:00,2021,8,17,22042,51.07,HOEP (Legacy)
2021-08-11 17:00:00,2021,8,18,21632,41.46,HOEP (Legacy)
2021-08-11 18:00:00,2021,8,19,20899,40.89,HOEP (Legacy)
2021-08-11 19:00:00,2021,8,20,20806,47.5,HOEP (Legacy)
2021-08-11 20:00:00,2021,8,21,20648,43.09,HOEP (Legacy)
2021-08-11 21:00:00,2021,8,22,19315,38.4,HOEP (Legacy)
2021-08-11 22:00:00,2021,8,23,17764,26.28,HOEP (Legacy)
2021-08-11 23:00:00,2021,8,24,16541,19.06,HOEP (Legacy)
2021-08-12 00:00:00,2021,8,1,15642,8.93,HOEP (Legacy)
2021-08-12 01:00:00,2021,8,2,14940,12.88,HOEP (Legacy)
2021-08-12 02:00:00,2021,8,3,14664,22.66,HOEP (Legacy)
2021-08-12 03:00:00,2021,8,4,14551,23.44,HOEP (Legacy)
2021-08-12 04:00:00,2021,8,5,14992,28.44,HOEP (Legacy)
2021-08-12 05:00:00,2021,8,6,15856,26.36,HOEP (Legacy)
2021-08-12 06:00:00,2021,8,7,17041,29.75,HOEP (Legacy)
2021-08-12 07:00:00,2021,8,8,17996,29.71,HOEP (Legacy)
2021-08-12 08:00:00,2021,8,9,18413,27.49,HOEP (Legacy)
2021-08-12 09:00:00,2021,8,10,18879,37.62,HOEP (Legacy)
2021-08-12 10:00:00,2021,8,11,19559,42.32,HOEP (Legacy)
2021-08-12 11:00:00,2021,8,12,20153,42.7,HOEP (Legacy)
2021-08-12 12:00:00,2021,8,13,20494,43.75,HOEP (Legacy)
2021-08-12 13:00:00,2021,8,14,20878,43.89,HOEP (Legacy)
2021-08-12 14:00:00,2021,8,15,21048,42.42,HOEP (Legacy)
2021-08-12 15:00:00,2021,8,16,21346,42.53,HOEP (Legacy)
2021-08-12 16:00:00,2021,8,17,21678,51.15,HOEP (Legacy)
2021-08-12 17:00:00,2021,8,18,21734,50.04,HOEP (Legacy)
2021-08-12 18:00:00,2021,8,19,21477,50.25,HOEP (Legacy)
2021-08-12 19:00:00,2021,8,20,21071,45.56,HOEP (Legacy)
2021-08-12 20:00:00,2021,8,21,20699,41.71,HOEP (Legacy)
2021-08-12 21:00:00,2021,8,22,19514,33.92,HOEP (Legacy)
2021-08-12 22:00:00,2021,8,23,18090,32.05,HOEP (Legacy)
2021-08-12 23:00:00,2021,8,24,16655,27.26,HOEP (Legacy)
2021-08-13 00:00:00,2021,8,1,15847,28.51,HOEP (Legacy)
2021-08-13 01:00:00,2021,8,2,15114,31.8,HOEP (Legacy)
2021-08-13 02:00:00,2021,8,3,14698,30.66,HOEP (Legacy)
2021-08-13 03:00:00,2021,8,4,14717,32.8,HOEP (Legacy)
2021-08-13 04:00:00,2021,8,5,15115,32.48,HOEP (Legacy)
2021-08-13 05:00:00,2021,8,6,15914,30.97,HOEP (Legacy)
2021-08-13 06:00:00,2021,8,7,17164,38.56,HOEP (Legacy)
2021-08-13 07:00:00,2021,8,8,18415,40.6,HOEP (Legacy)
2021-08-13 08:00:00,2021,8,9,19473,50.1,HOEP (Legacy)
2021-08-13 09:00:00,2021,8,10,20412,71.95,HOEP (Legacy)
2021-08-13 10:00:00,2021,8,11,20890,59.64,HOEP (Legacy)
2021-08-13 11:00:00,2021,8,12,20975,59.68,HOEP (Legacy)
2021-08-13 12:00:00,2021,8,13,21171,48.31,HOEP (Legacy)
2021-08-13 13:00:00,2021,8,14,21292,59.2,HOEP (Legacy)
2021-08-13 14:00:00,2021,8,15,21233,45.0,HOEP (Legacy)
2021-08-13 15:00:00,2021,8,16,21101,42.74,HOEP (Legacy)
2021-08-13 16:00:00,2021,8,17,21248,60.2,HOEP (Legacy)
2021-08-13 17:00:00,2021,8,18,21375,66.2,HOEP (Legacy)
2021-08-13 18:00:00,2021,8,19,20698,55.19,HOEP (Legacy)
2021-08-13 19:00:00,2021,8,20,19820,42.22,HOEP (Legacy)
2021-08-13 20:00:00,2021,8,21,19086,42.82,HOEP (Legacy)
2021-08-13 21:00:00,2021,8,22,17897,38.65,HOEP (Legacy)
2021-08-13 22:00:00,2021,8,23,16498,41.1,HOEP (Legacy)
2021-08-13 23:00:00,2021,8,24,15087,36.12,HOEP (Legacy)
2021-08-14 00:00:00,2021,8,1,14221,32.35,HOEP (Legacy)
2021-08-14 01:00:00,2021,8,2,13577,26.21,HOEP (Legacy)
2021-08-14 02:00:00,2021,8,3,12886,26.79,HOEP (Legacy)
2021-08-14 03:00:00,2021,8,4,12631,18.55,HOEP (Legacy)
2021-08-14 04:00:00,2021,8,5,12537,14.38,HOEP (Legacy)
2021-08-14 05:00:00,2021,8,6,12598,14.37,HOEP (Legacy)
2021-08-14 06:00:00,2021,8,7,13304,9.76,HOEP (Legacy)
2021-08-14 07:00:00,2021,8,8,14021,22.75,HOEP (Legacy)
2021-08-14 08:00:00,2021,8,9,14737,34.57,HOEP (Legacy)
2021-08-14 09:00:00,2021,8,10,15051,30.11,HOEP (Legacy)
2021-08-14 10:00:00,2021,8,11,15400,32.69,HOEP (Legacy)
2021-08-14 11:00:00,2021,8,12,15503,17.71,HOEP (Legacy)
2021-08-14 12:00:00,2021,8,13,15430,34.49,HOEP (Legacy)
2021-08-14 13:00:00,2021,8,14,15372,30.23,HOEP (Legacy)
2021-08-14 14:00:00,2021,8,15,15605,35.01,HOEP (Legacy)
2021-08-14 15:00:00,2021,8,16,16216,36.28,HOEP (Legacy)
2021-08-14 16:00:00,2021,8,17,16722,36.28,HOEP (Legacy)
2021-08-14 17:00:00,2021,8,18,16990,38.38,HOEP (Legacy)
2021-08-14 18:00:00,2021,8,19,16639,38.39,HOEP (Legacy)
2021-08-14 19:00:00,2021,8,20,16171,38.38,HOEP (Legacy)
2021-08-14 20:00:00,2021,8,21,15705,35.1,HOEP (Legacy)
2021-08-14 21:00:00,2021,8,22,14909,35.83,HOEP (Legacy)
2021-08-14 22:00:00,2021,8,23,13887,20.77,HOEP (Legacy)
2021-08-14 23:00:00,2021,8,24,12999,14.73,HOEP (Legacy)
2021-08-15 00:00:00,2021,8,1,12339,19.71,HOEP (Legacy)
2021-08-15 01:00:00,2021,8,2,11924,14.37,HOEP (Legacy)
2021-08-15 02:00:00,2021,8,3,11626,14.38,HOEP (Legacy)
2021-08-15 03:00:00,2021,8,4,11464,14.37,HOEP (Legacy)
2021-08-15 04:00:00,2021,8,5,11464,12.2,HOEP (Legacy)
2021-08-15 05:00:00,2021,8,6,11572,8.86,HOEP (Legacy)
2021-08-15 06:00:00,2021,8,7,11665,14.37,HOEP (Legacy)
2021-08-15 07:00:00,2021,8,8,12180,24.45,HOEP (Legacy)
2021-08-15 08:00:00,2021,8,9,13019,25.55,HOEP (Legacy)
2021-08-15 09:00:00,2021,8,10,13388,33.68,HOEP (Legacy)
2021-08-15 10:00:00,2021,8,11,13835,31.33,HOEP (Legacy)
2021-08-15 11:00:00,2021,8,12,14151,28.69,HOEP (Legacy)
2021-08-15 12:00:00,2021,8,13,14375,15.68,HOEP (Legacy)
2021-08-15 13:00:00,2021,8,14,14606,15.67,HOEP (Legacy)
2021-08-15 14:00:00,2021,8,15,14973,20.45,HOEP (Legacy)
2021-08-15 15:00:00,2021,8,16,15722,35.24,HOEP (Legacy)
2021-08-15 16:00:00,2021,8,17,16841,37.87,HOEP (Legacy)
2021-08-15 17:00:00,2021,8,18,17378,39.01,HOEP (Legacy)
2021-08-15 18:00:00,2021,8,19,17203,36.45,HOEP (Legacy)
2021-08-15 19:00:00,2021,8,20,16718,40.25,HOEP (Legacy)
2021-08-15 20:00:00,2021,8,21,16346,36.3,HOEP (Legacy)
2021-08-15 21:00:00,2021,8,22,15455,35.59,HOEP (Legacy)
2021-08-15 22:00:00,2021,8,23,14338,35.58,HOEP (Legacy)
2021-08-15 23:00:00,2021,8,24,13364,19.22,HOEP (Legacy)
2021-08-16 00:00:00,2021,8,1,12555,17.51,HOEP (Legacy)
2021-08-16 01:00:00,2021,8,2,12203,30.91,HOEP (Legacy)
2021-08-16 02:00:00,2021,8,3,12026,35.1,HOEP (Legacy)
2021-08-16 03:00:00,2021,8,4,12080,17.5,HOEP (Legacy)
2021-08-16 04:00:00,2021,8,5,12447,16.06,HOEP (Legacy)
2021-08-16 05:00:00,2021,8,6,13128,17.36,HOEP (Legacy)
2021-08-16 06:00:00,2021,8,7,14028,7.69,HOEP (Legacy)
2021-08-16 07:00:00,2021,8,8,14859,32.16,HOEP (Legacy)
2021-08-16 08:00:00,2021,8,9,15773,34.94,HOEP (Legacy)
2021-08-16 09:00:00,2021,8,10,16339,34.29,HOEP (Legacy)
2021-08-16 10:00:00,2021,8,11,16724,35.12,HOEP (Legacy)
2021-08-16 11:00:00,2021,8,12,17095,38.51,HOEP (Legacy)
2021-08-16 12:00:00,2021,8,13,17451,40.13,HOEP (Legacy)
2021-08-16 13:00:00,2021,8,14,17644,40.42,HOEP (Legacy)
2021-08-16 14:00:00,2021,8,15,17750,39.91,HOEP (Legacy)
2021-08-16 15:00:00,2021,8,16,17896,39.43,HOEP (Legacy)
2021-08-16 16:00:00,2021,8,17,18271,39.37,HOEP (Legacy)
2021-08-16 17:00:00,2021,8,18,18202,39.54,HOEP (Legacy)
2021-08-16 18:00:00,2021,8,19,17967,39.44,HOEP (Legacy)
2021-08-16 19:00:00,2021,8,20,17928,40.73,HOEP (Legacy)
2021-08-16 20:00:00,2021,8,21,17573,41.26,HOEP (Legacy)
2021-08-16 21:00:00,2021,8,22,16526,40.8,HOEP (Legacy)
2021-08-16 22:00:00,2021,8,23,15391,39.54,HOEP (Legacy)
2021-08-16 23:00:00,2021,8,24,14418,35.88,HOEP (Legacy)
2021-08-17 00:00:00,2021,8,1,13854,40.4,HOEP (Legacy)
2021-08-17 01:00:00,2021,8,2,13365,40.02,HOEP (Legacy)
2021-08-17 02:00:00,2021,8,3,13061,29.98,HOEP (Legacy)
2021-08-17 03:00:00,2021,8,4,13090,30.53,HOEP (Legacy)
2021-08-17 04:00:00,2021,8,5,13521,36.29,HOEP (Legacy)
2021-08-17 05:00:00,2021,8,6,14518,35.31,HOEP (Legacy)
2021-08-17 06:00:00,2021,8,7,15615,37.42,HOEP (Legacy)
2021-08-17 07:00:00,2021,8,8,16549,38.81,HOEP (Legacy)
2021-08-17 08:00:00,2021,8,9,17142,39.24,HOEP (Legacy)
2021-08-17 09:00:00,2021,8,10,17715,39.45,HOEP (Legacy)
2021-08-17 10:00:00,2021,8,11,18332,42.09,HOEP (Legacy)
2021-08-17 11:00:00,2021,8,12,18940,47.69,HOEP (Legacy)
2021-08-17 12:00:00,2021,8,13,19458,83.9,HOEP (Legacy)
2021-08-17 13:00:00,2021,8,14,19893,55.76,HOEP (Legacy)
2021-08-17 14:00:00,2021,8,15,20028,52.2,HOEP (Legacy)
2021-08-17 15:00:00,2021,8,16,20440,65.61,HOEP (Legacy)
2021-08-17 16:00:00,2021,8,17,20966,55.31,HOEP (Legacy)
2021-08-17 17:00:00,2021,8,18,21009,64.7,HOEP (Legacy)
2021-08-17 18:00:00,2021,8,19,20660,45.4,HOEP (Legacy)
2021-08-17 19:00:00,2021,8,20,20382,52.01,HOEP (Legacy)
2021-08-17 20:00:00,2021,8,21,19851,47.73,HOEP (Legacy)
2021-08-17 21:00:00,2021,8,22,18506,42.63,HOEP (Legacy)
2021-08-17 22:00:00,2021,8,23,17037,42.11,HOEP (Legacy)
2021-08-17 23:00:00,2021,8,24,15838,36.84,HOEP (Legacy)
2021-08-18 00:00:00,2021,8,1,14868,36.4,HOEP (Legacy)
2021-08-18 01:00:00,2021,8,2,14336,35.96,HOEP (Legacy)
2021-08-18 02:00:00,2021,8,3,14015,34.37,HOEP (Legacy)
2021-08-18 03:00:00,2021,8,4,13901,34.07,HOEP (Legacy)
2021-08-18 04:00:00,2021,8,5,14247,31.29,HOEP (Legacy)
2021-08-18 05:00:00,2021,8,6,15094,34.71,HOEP (Legacy)
2021-08-18 06:00:00,2021,8,7,16109,33.07,HOEP (Legacy)
2021-08-18 07:00:00,2021,8,8,17066,36.8,HOEP (Legacy)
2021-08-18 08:00:00,2021,8,9,17698,39.94,HOEP (Legacy)
2021-08-18 09:00:00,2021,8,10,18314,40.09,HOEP (Legacy)
2021-08-18 10:00:00,2021,8,11,18833,40.25,HOEP (Legacy)
2021-08-18 11:00:00,2021,8,12,19218,41.53,HOEP (Legacy)
2021-08-18 12:00:00,2021,8,13,19666,41.83,HOEP (Legacy)
2021-08-18 13:00:00,2021,8,14,20131,90.32,HOEP (Legacy)
2021-08-18 14:00:00,2021,8,15,20431,58.86,HOEP (Legacy)
2021-08-18 15:00:00,2021,8,16,20803,72.44,HOEP (Legacy)
2021-08-18 16:00:00,2021,8,17,21055,39.67,HOEP (Legacy)
2021-08-18 17:00:00,2021,8,18,20807,40.4,HOEP (Legacy)
2021-08-18 18:00:00,2021,8,19,20662,40.15,HOEP (Legacy)
2021-08-18 19:00:00,2021,8,20,20724,62.75,HOEP (Legacy)
2021-08-18 20:00:00,2021,8,21,20087,50.75,HOEP (Legacy)
2021-08-18 21:00:00,2021,8,22,18693,39.56,HOEP (Legacy)
2021-08-18 22:00:00,2021,8,23,17471,38.25,HOEP (Legacy)
2021-08-18 23:00:00,2021,8,24,16073,40.36,HOEP (Legacy)
2021-08-19 00:00:00,2021,8,1,15180,37.95,HOEP (Legacy)
2021-08-19 01:00:00,2021,8,2,14610,34.81,HOEP (Legacy)
2021-08-19 02:00:00,2021,8,3,14183,34.82,HOEP (Legacy)
2021-08-19 03:00:00,2021,8,4,14105,25.69,HOEP (Legacy)
2021-08-19 04:00:00,2021,8,5,14452,29.59,HOEP (Legacy)
2021-08-19 05:00:00,2021,8,6,15122,34.84,HOEP (Legacy)
2021-08-19 06:00:00,2021,8,7,16129,35.19,HOEP (Legacy)
2021-08-19 07:00:00,2021,8,8,17348,37.86,HOEP (Legacy)
2021-08-19 08:00:00,2021,8,9,18505,44.51,HOEP (Legacy)
2021-08-19 09:00:00,2021,8,10,19421,46.36,HOEP (Legacy)
2021-08-19 10:00:00,2021,8,11,20115,69.04,HOEP (Legacy)
2021-08-19 11:00:00,2021,8,12,20730,111.27,HOEP (Legacy)
2021-08-19 12:00:00,2021,8,13,21101,50.08,HOEP (Legacy)
2021-08-19 13:00:00,2021,8,14,21204,57.08,HOEP (Legacy)
2021-08-19 14:00:00,2021,8,15,21320,57.66,HOEP (Legacy)
2021-08-19 15:00:00,2021,8,16,21562,66.03,HOEP (Legacy)
2021-08-19 16:00:00,2021,8,17,21788,56.48,HOEP (Legacy)
2021-08-19 17:00:00,2021,8,18,21662,57.18,HOEP (Legacy)
2021-08-19 18:00:00,2021,8,19,21386,86.14,HOEP (Legacy)
2021-08-19 19:00:00,2021,8,20,21259,111.64,HOEP (Legacy)
2021-08-19 20:00:00,2021,8,21,20733,90.58,HOEP (Legacy)
2021-08-19 21:00:00,2021,8,22,19145,43.5,HOEP (Legacy)
2021-08-19 22:00:00,2021,8,23,17602,38.31,HOEP (Legacy)
2021-08-19 23:00:00,2021,8,24,16180,35.98,HOEP (Legacy)
2021-08-20 00:00:00,2021,8,1,15106,36.89,HOEP (Legacy)
2021-08-20 01:00:00,2021,8,2,14519,33.82,HOEP (Legacy)
2021-08-20 02:00:00,2021,8,3,14098,34.74,HOEP (Legacy)
2021-08-20 03:00:00,2021,8,4,13947,34.37,HOEP (Legacy)
2021-08-20 04:00:00,2021,8,5,14151,31.04,HOEP (Legacy)
2021-08-20 05:00:00,2021,8,6,14849,30.06,HOEP (Legacy)
2021-08-20 06:00:00,2021,8,7,15782,32.63,HOEP (Legacy)
2021-08-20 07:00:00,2021,8,8,17027,37.67,HOEP (Legacy)
2021-08-20 08:00:00,2021,8,9,18119,39.38,HOEP (Legacy)
2021-08-20 09:00:00,2021,8,10,19128,41.21,HOEP (Legacy)
2021-08-20 10:00:00,2021,8,11,20051,42.12,HOEP (Legacy)
2021-08-20 11:00:00,2021,8,12,20785,82.33,HOEP (Legacy)
2021-08-20 12:00:00,2021,8,13,21149,79.38,HOEP (Legacy)
2021-08-20 13:00:00,2021,8,14,21325,90.15,HOEP (Legacy)
2021-08-20 14:00:00,2021,8,15,21297,42.0,HOEP (Legacy)
2021-08-20 15:00:00,2021,8,16,21381,41.29,HOEP (Legacy)
2021-08-20 16:00:00,2021,8,17,21569,41.63,HOEP (Legacy)
2021-08-20 17:00:00,2021,8,18,21328,40.49,HOEP (Legacy)
2021-08-20 18:00:00,2021,8,19,21246,51.92,HOEP (Legacy)
2021-08-20 19:00:00,2021,8,20,21328,113.38,HOEP (Legacy)
2021-08-20 20:00:00,2021,8,21,20772,101.69,HOEP (Legacy)
2021-08-20 21:00:00,2021,8,22,19419,57.54,HOEP (Legacy)
2021-08-20 22:00:00,2021,8,23,17818,40.18,HOEP (Legacy)
2021-08-20 23:00:00,2021,8,24,16569,37.72,HOEP (Legacy)
2021-08-21 00:00:00,2021,8,1,15554,34.52,HOEP (Legacy)
2021-08-21 01:00:00,2021,8,2,14969,30.8,HOEP (Legacy)
2021-08-21 02:00:00,2021,8,3,14398,26.76,HOEP (Legacy)
2021-08-21 03:00:00,2021,8,4,14159,26.26,HOEP (Legacy)
2021-08-21 04:00:00,2021,8,5,14112,22.8,HOEP (Legacy)
2021-08-21 05:00:00,2021,8,6,14296,21.75,HOEP (Legacy)
2021-08-21 06:00:00,2021,8,7,14931,27.24,HOEP (Legacy)
2021-08-21 07:00:00,2021,8,8,16041,37.01,HOEP (Legacy)
2021-08-21 08:00:00,2021,8,9,17212,36.81,HOEP (Legacy)
2021-08-21 09:00:00,2021,8,10,18596,53.29,HOEP (Legacy)
2021-08-21 10:00:00,2021,8,11,19710,80.86,HOEP (Legacy)
2021-08-21 11:00:00,2021,8,12,20469,115.25,HOEP (Legacy)
2021-08-21 12:00:00,2021,8,13,20724,108.68,HOEP (Legacy)
2021-08-21 13:00:00,2021,8,14,20830,44.76,HOEP (Legacy)
2021-08-21 14:00:00,2021,8,15,20776,42.98,HOEP (Legacy)
2021-08-21 15:00:00,2021,8,16,20978,44.81,HOEP (Legacy)
2021-08-21 16:00:00,2021,8,17,21186,62.69,HOEP (Legacy)
2021-08-21 17:00:00,2021,8,18,20973,44.06,HOEP (Legacy)
2021-08-21 18:00:00,2021,8,19,20263,43.01,HOEP (Legacy)
2021-08-21 19:00:00,2021,8,20,19973,42.35,HOEP (Legacy)
2021-08-21 20:00:00,2021,8,21,19526,41.29,HOEP (Legacy)
2021-08-21 21:00:00,2021,8,22,18393,40.99,HOEP (Legacy)
2021-08-21 22:00:00,2021,8,23,17142,37.59,HOEP (Legacy)
2021-08-21 23:00:00,2021,8,24,15970,32.48,HOEP (Legacy)
2021-08-22 00:00:00,2021,8,1,15077,36.63,HOEP (Legacy)
2021-08-22 01:00:00,2021,8,2,14384,32.78,HOEP (Legacy)
2021-08-22 02:00:00,2021,8,3,13897,18.53,HOEP (Legacy)
2021-08-22 03:00:00,2021,8,4,13556,14.37,HOEP (Legacy)
2021-08-22 04:00:00,2021,8,5,13492,21.3,HOEP (Legacy)
2021-08-22 05:00:00,2021,8,6,13607,29.58,HOEP (Legacy)
2021-08-22 06:00:00,2021,8,7,14044,24.75,HOEP (Legacy)
2021-08-22 07:00:00,2021,8,8,15248,31.42,HOEP (Legacy)
2021-08-22 08:00:00,2021,8,9,16635,31.41,HOEP (Legacy)
2021-08-22 09:00:00,2021,8,10,17951,36.3,HOEP (Legacy)
2021-08-22 10:00:00,2021,8,11,18965,43.4,HOEP (Legacy)
2021-08-22 11:00:00,2021,8,12,19794,43.39,HOEP (Legacy)
2021-08-22 12:00:00,2021,8,13,20219,50.47,HOEP (Legacy)
2021-08-22 13:00:00,2021,8,14,20483,51.53,HOEP (Legacy)
2021-08-22 14:00:00,2021,8,15,20610,41.94,HOEP (Legacy)
2021-08-22 15:00:00,2021,8,16,20866,42.2,HOEP (Legacy)
2021-08-22 16:00:00,2021,8,17,21228,43.55,HOEP (Legacy)
2021-08-22 17:00:00,2021,8,18,21158,42.97,HOEP (Legacy)
2021-08-22 18:00:00,2021,8,19,20953,42.15,HOEP (Legacy)
2021-08-22 19:00:00,2021,8,20,20776,45.37,HOEP (Legacy)
2021-08-22 20:00:00,2021,8,21,20546,42.23,HOEP (Legacy)
2021-08-22 21:00:00,2021,8,22,19295,41.09,HOEP (Legacy)
2021-08-22 22:00:00,2021,8,23,17747,33.3,HOEP (Legacy)
2021-08-22 23:00:00,2021,8,24,16584,31.72,HOEP (Legacy)
2021-08-23 00:00:00,2021,8,1,15667,31.26,HOEP (Legacy)
2021-08-23 01:00:00,2021,8,2,14995,31.63,HOEP (Legacy)
2021-08-23 02:00:00,2021,8,3,14617,29.34,HOEP (Legacy)
2021-08-23 03:00:00,2021,8,4,14541,28.99,HOEP (Legacy)
2021-08-23 04:00:00,2021,8,5,14919,30.27,HOEP (Legacy)
2021-08-23 05:00:00,2021,8,6,15786,33.91,HOEP (Legacy)
2021-08-23 06:00:00,2021,8,7,17051,33.7,HOEP (Legacy)
2021-08-23 07:00:00,2021,8,8,18418,36.4,HOEP (Legacy)
2021-08-23 08:00:00,2021,8,9,19505,42.4,HOEP (Legacy)
2021-08-23 09:00:00,2021,8,10,20503,52.7,HOEP (Legacy)
2021-08-23 10:00:00,2021,8,11,21334,56.64,HOEP (Legacy)
2021-08-23 11:00:00,2021,8,12,21945,76.18,HOEP (Legacy)
2021-08-23 12:00:00,2021,8,13,22099,43.89,HOEP (Legacy)
2021-08-23 13:00:00,2021,8,14,22055,44.24,HOEP (Legacy)
2021-08-23 14:00:00,2021,8,15,21957,41.68,HOEP (Legacy)
2021-08-23 15:00:00,2021,8,16,22049,41.57,HOEP (Legacy)
2021-08-23 16:00:00,2021,8,17,22309,46.74,HOEP (Legacy)
2021-08-23 17:00:00,2021,8,18,22154,43.62,HOEP (Legacy)
2021-08-23 18:00:00,2021,8,19,21813,42.76,HOEP (Legacy)
2021-08-23 19:00:00,2021,8,20,21632,45.08,HOEP (Legacy)
2021-08-23 20:00:00,2021,8,21,21067,43.75,HOEP (Legacy)
2021-08-23 21:00:00,2021,8,22,19595,34.45,HOEP (Legacy)
2021-08-23 22:00:00,2021,8,23,17907,30.04,HOEP (Legacy)
2021-08-23 23:00:00,2021,8,24,16568,29.66,HOEP (Legacy)
2021-08-24 00:00:00,2021,8,1,15639,30.61,HOEP (Legacy)
2021-08-24 01:00:00,2021,8,2,14958,26.68,HOEP (Legacy)
2021-08-24 02:00:00,2021,8,3,14471,28.8,HOEP (Legacy)
2021-08-24 03:00:00,2021,8,4,14262,22.65,HOEP (Legacy)
2021-08-24 04:00:00,2021,8,5,14682,16.22,HOEP (Legacy)
2021-08-24 05:00:00,2021,8,6,15009,35.34,HOEP (Legacy)
2021-08-24 06:00:00,2021,8,7,16308,31.59,HOEP (Legacy)
2021-08-24 07:00:00,2021,8,8,17792,33.2,HOEP (Legacy)
2021-08-24 08:00:00,2021,8,9,19018,42.52,HOEP (Legacy)
2021-08-24 09:00:00,2021,8,10,20077,60.16,HOEP (Legacy)
2021-08-24 10:00:00,2021,8,11,20717,60.7,HOEP (Legacy)
2021-08-24 11:00:00,2021,8,12,21389,83.01,HOEP (Legacy)
2021-08-24 12:00:00,2021,8,13,21643,46.71,HOEP (Legacy)
2021-08-24 13:00:00,2021,8,14,21913,112.89,HOEP (Legacy)
2021-08-24 14:00:00,2021,8,15,22144,152.08,HOEP (Legacy)
2021-08-24 15:00:00,2021,8,16,22592,156.9,HOEP (Legacy)
2021-08-24 16:00:00,2021,8,17,22986,154.2,HOEP (Legacy)
2021-08-24 17:00:00,2021,8,18,22642,152.74,HOEP (Legacy)
2021-08-24 18:00:00,2021,8,19,22378,152.74,HOEP (Legacy)
2021-08-24 19:00:00,2021,8,20,22576,152.74,HOEP (Legacy)
2021-08-24 20:00:00,2021,8,21,21870,116.18,HOEP (Legacy)
2021-08-24 21:00:00,2021,8,22,20321,55.22,HOEP (Legacy)
2021-08-24 22:00:00,2021,8,23,18770,57.17,HOEP (Legacy)
2021-08-24 23:00:00,2021,8,24,17436,32.04,HOEP (Legacy)
2021-08-25 00:00:00,2021,8,1,16340,32.37,HOEP (Legacy)
2021-08-25 01:00:00,2021,8,2,15607,30.67,HOEP (Legacy)
2021-08-25 02:00:00,2021,8,3,15080,28.62,HOEP (Legacy)
2021-08-25 03:00:00,2021,8,4,14987,30.31,HOEP (Legacy)
2021-08-25 04:00:00,2021,8,5,15337,36.36,HOEP (Legacy)
2021-08-25 05:00:00,2021,8,6,16115,35.31,HOEP (Legacy)
2021-08-25 06:00:00,2021,8,7,17367,33.03,HOEP (Legacy)
2021-08-25 07:00:00,2021,8,8,18787,37.48,HOEP (Legacy)
2021-08-25 08:00:00,2021,8,9,20071,45.09,HOEP (Legacy)
2021-08-25 09:00:00,2021,8,10,21209,60.5,HOEP (Legacy)
2021-08-25 10:00:00,2021,8,11,21460,44.71,HOEP (Legacy)
2021-08-25 11:00:00,2021,8,12,21581,45.53,HOEP (Legacy)
2021-08-25 12:00:00,2021,8,13,22082,96.62,HOEP (Legacy)
2021-08-25 13:00:00,2021,8,14,22198,138.75,HOEP (Legacy)
2021-08-25 14:00:00,2021,8,15,22096,151.98,HOEP (Legacy)
2021-08-25 15:00:00,2021,8,16,22195,150.04,HOEP (Legacy)
2021-08-25 16:00:00,2021,8,17,22360,67.11,HOEP (Legacy)
2021-08-25 17:00:00,2021,8,18,21930,45.86,HOEP (Legacy)
2021-08-25 18:00:00,2021,8,19,21749,76.11,HOEP (Legacy)
2021-08-25 19:00:00,2021,8,20,22165,88.64,HOEP (Legacy)
2021-08-25 20:00:00,2021,8,21,21528,43.23,HOEP (Legacy)
2021-08-25 21:00:00,2021,8,22,20273,39.22,HOEP (Legacy)
2021-08-25 22:00:00,2021,8,23,18619,36.41,HOEP (Legacy)
2021-08-25 23:00:00,2021,8,24,17327,35.28,HOEP (Legacy)
2021-08-26 00:00:00,2021,8,1,16282,32.31,HOEP (Legacy)
2021-08-26 01:00:00,2021,8,2,15723,36.63,HOEP (Legacy)
2021-08-26 02:00:00,2021,8,3,15368,36.58,HOEP (Legacy)
2021-08-26 03:00:00,2021,8,4,15295,36.62,HOEP (Legacy)
2021-08-26 04:00:00,2021,8,5,15590,31.37,HOEP (Legacy)
2021-08-26 05:00:00,2021,8,6,16342,32.64,HOEP (Legacy)
2021-08-26 06:00:00,2021,8,7,17457,38.21,HOEP (Legacy)
2021-08-26 07:00:00,2021,8,8,18812,44.13,HOEP (Legacy)
2021-08-26 08:00:00,2021,8,9,19898,93.08,HOEP (Legacy)
2021-08-26 09:00:00,2021,8,10,21072,120.57,HOEP (Legacy)
2021-08-26 10:00:00,2021,8,11,21867,160.03,HOEP (Legacy)
2021-08-26 11:00:00,2021,8,12,22409,143.23,HOEP (Legacy)
2021-08-26 12:00:00,2021,8,13,22667,140.92,HOEP (Legacy)
2021-08-26 13:00:00,2021,8,14,22707,155.03,HOEP (Legacy)
2021-08-26 14:00:00,2021,8,15,22740,136.36,HOEP (Legacy)
2021-08-26 15:00:00,2021,8,16,22523,70.3,HOEP (Legacy)
2021-08-26 16:00:00,2021,8,17,22299,78.17,HOEP (Legacy)
2021-08-26 17:00:00,2021,8,18,22024,75.37,HOEP (Legacy)
2021-08-26 18:00:00,2021,8,19,21673,46.01,HOEP (Legacy)
2021-08-26 19:00:00,2021,8,20,21692,45.39,HOEP (Legacy)
2021-08-26 20:00:00,2021,8,21,21177,59.9,HOEP (Legacy)
2021-08-26 21:00:00,2021,8,22,19887,51.31,HOEP (Legacy)
2021-08-26 22:00:00,2021,8,23,18237,38.36,HOEP (Legacy)
2021-08-26 23:00:00,2021,8,24,16888,38.13,HOEP (Legacy)
2021-08-27 00:00:00,2021,8,1,15722,28.79,HOEP (Legacy)
2021-08-27 01:00:00,2021,8,2,14963,26.25,HOEP (Legacy)
2021-08-27 02:00:00,2021,8,3,14547,22.36,HOEP (Legacy)
2021-08-27 03:00:00,2021,8,4,14377,21.03,HOEP (Legacy)
2021-08-27 04:00:00,2021,8,5,14489,20.08,HOEP (Legacy)
2021-08-27 05:00:00,2021,8,6,15077,26.56,HOEP (Legacy)
2021-08-27 06:00:00,2021,8,7,15880,37.2,HOEP (Legacy)
2021-08-27 07:00:00,2021,8,8,16747,36.31,HOEP (Legacy)
2021-08-27 08:00:00,2021,8,9,17309,36.61,HOEP (Legacy)
2021-08-27 09:00:00,2021,8,10,18153,39.82,HOEP (Legacy)
2021-08-27 10:00:00,2021,8,11,18584,42.72,HOEP (Legacy)
2021-08-27 11:00:00,2021,8,12,18871,42.74,HOEP (Legacy)
2021-08-27 12:00:00,2021,8,13,19288,48.04,HOEP (Legacy)
2021-08-27 13:00:00,2021,8,14,19641,42.96,HOEP (Legacy)
2021-08-27 14:00:00,2021,8,15,19588,50.98,HOEP (Legacy)
2021-08-27 15:00:00,2021,8,16,20073,87.58,HOEP (Legacy)
2021-08-27 16:00:00,2021,8,17,20167,48.71,HOEP (Legacy)
2021-08-27 17:00:00,2021,8,18,19429,42.46,HOEP (Legacy)
2021-08-27 18:00:00,2021,8,19,19011,42.48,HOEP (Legacy)
2021-08-27 19:00:00,2021,8,20,19011,43.54,HOEP (Legacy)
2021-08-27 20:00:00,2021,8,21,18496,39.63,HOEP (Legacy)
2021-08-27 21:00:00,2021,8,22,17150,35.82,HOEP (Legacy)
2021-08-27 22:00:00,2021,8,23,15942,38.28,HOEP (Legacy)
2021-08-27 23:00:00,2021,8,24,14956,34.61,HOEP (Legacy)
2021-08-28 00:00:00,2021,8,1,14144,34.24,HOEP (Legacy)
2021-08-28 01:00:00,2021,8,2,13547,36.57,HOEP (Legacy)
2021-08-28 02:00:00,2021,8,3,13197,40.1,HOEP (Legacy)
2021-08-28 03:00:00,2021,8,4,13093,21.61,HOEP (Legacy)
2021-08-28 04:00:00,2021,8,5,13104,28.62,HOEP (Legacy)
2021-08-28 05:00:00,2021,8,6,13320,28.19,HOEP (Legacy)
2021-08-28 06:00:00,2021,8,7,13853,15.19,HOEP (Legacy)
2021-08-28 07:00:00,2021,8,8,15089,21.6,HOEP (Legacy)
2021-08-28 08:00:00,2021,8,9,15988,40.49,HOEP (Legacy)
2021-08-28 09:00:00,2021,8,10,16877,45.51,HOEP (Legacy)
2021-08-28 10:00:00,2021,8,11,17625,69.06,HOEP (Legacy)
2021-08-28 11:00:00,2021,8,12,18356,92.17,HOEP (Legacy)
2021-08-28 12:00:00,2021,8,13,18894,73.69,HOEP (Legacy)
2021-08-28 13:00:00,2021,8,14,19255,94.58,HOEP (Legacy)
2021-08-28 14:00:00,2021,8,15,19491,114.3,HOEP (Legacy)
2021-08-28 15:00:00,2021,8,16,20025,137.44,HOEP (Legacy)
2021-08-28 16:00:00,2021,8,17,20325,70.8,HOEP (Legacy)
2021-08-28 17:00:00,2021,8,18,20083,64.61,HOEP (Legacy)
2021-08-28 18:00:00,2021,8,19,19411,55.9,HOEP (Legacy)
2021-08-28 19:00:00,2021,8,20,19055,53.9,HOEP (Legacy)
2021-08-28 20:00:00,2021,8,21,18400,43.03,HOEP (Legacy)
2021-08-28 21:00:00,2021,8,22,17519,44.6,HOEP (Legacy)
2021-08-28 22:00:00,2021,8,23,16511,41.22,HOEP (Legacy)
2021-08-28 23:00:00,2021,8,24,15375,40.11,HOEP (Legacy)
2021-08-29 00:00:00,2021,8,1,14600,35.5,HOEP (Legacy)
2021-08-29 01:00:00,2021,8,2,13950,26.35,HOEP (Legacy)
2021-08-29 02:00:00,2021,8,3,13745,31.19,HOEP (Legacy)
2021-08-29 03:00:00,2021,8,4,13626,35.47,HOEP (Legacy)
2021-08-29 04:00:00,2021,8,5,13328,25.24,HOEP (Legacy)
2021-08-29 05:00:00,2021,8,6,13360,14.38,HOEP (Legacy)
2021-08-29 06:00:00,2021,8,7,13793,12.73,HOEP (Legacy)
2021-08-29 07:00:00,2021,8,8,15069,24.64,HOEP (Legacy)
2021-08-29 08:00:00,2021,8,9,16700,39.81,HOEP (Legacy)
2021-08-29 09:00:00,2021,8,10,18310,55.87,HOEP (Legacy)
2021-08-29 10:00:00,2021,8,11,19555,103.11,HOEP (Legacy)
2021-08-29 11:00:00,2021,8,12,19992,54.17,HOEP (Legacy)
2021-08-29 12:00:00,2021,8,13,20023,45.01,HOEP (Legacy)
2021-08-29 13:00:00,2021,8,14,20001,45.05,HOEP (Legacy)
2021-08-29 14:00:00,2021,8,15,20292,44.95,HOEP (Legacy)
2021-08-29 15:00:00,2021,8,16,20868,45.2,HOEP (Legacy)
2021-08-29 16:00:00,2021,8,17,21930,58.13,HOEP (Legacy)
2021-08-29 17:00:00,2021,8,18,21789,52.32,HOEP (Legacy)
2021-08-29 18:00:00,2021,8,19,21259,77.06,HOEP (Legacy)
2021-08-29 19:00:00,2021,8,20,20867,75.13,HOEP (Legacy)
2021-08-29 20:00:00,2021,8,21,19715,40.75,HOEP (Legacy)
2021-08-29 21:00:00,2021,8,22,18335,40.39,HOEP (Legacy)
2021-08-29 22:00:00,2021,8,23,16878,34.76,HOEP (Legacy)
2021-08-29 23:00:00,2021,8,24,15847,29.67,HOEP (Legacy)
2021-08-30 00:00:00,2021,8,1,15097,31.55,HOEP (Legacy)
2021-08-30 01:00:00,2021,8,2,14457,35.92,HOEP (Legacy)
2021-08-30 02:00:00,2021,8,3,14344,39.21,HOEP (Legacy)
2021-08-30 03:00:00,2021,8,4,14521,38.74,HOEP (Legacy)
2021-08-30 04:00:00,2021,8,5,14789,33.8,HOEP (Legacy)
2021-08-30 05:00:00,2021,8,6,15655,39.33,HOEP (Legacy)
2021-08-30 06:00:00,2021,8,7,16922,38.62,HOEP (Legacy)
2021-08-30 07:00:00,2021,8,8,18133,41.88,HOEP (Legacy)
2021-08-30 08:00:00,2021,8,9,18919,49.0,HOEP (Legacy)
2021-08-30 09:00:00,2021,8,10,19304,45.45,HOEP (Legacy)
2021-08-30 10:00:00,2021,8,11,19656,45.58,HOEP (Legacy)
2021-08-30 11:00:00,2021,8,12,20105,49.95,HOEP (Legacy)
2021-08-30 12:00:00,2021,8,13,20373,61.14,HOEP (Legacy)
2021-08-30 13:00:00,2021,8,14,20698,92.97,HOEP (Legacy)
2021-08-30 14:00:00,2021,8,15,20876,63.61,HOEP (Legacy)
2021-08-30 15:00:00,2021,8,16,21206,48.77,HOEP (Legacy)
2021-08-30 16:00:00,2021,8,17,21576,73.76,HOEP (Legacy)
2021-08-30 17:00:00,2021,8,18,21361,44.02,HOEP (Legacy)
2021-08-30 18:00:00,2021,8,19,20790,41.33,HOEP (Legacy)
2021-08-30 19:00:00,2021,8,20,20148,40.66,HOEP (Legacy)
2021-08-30 20:00:00,2021,8,21,19296,44.7,HOEP (Legacy)
2021-08-30 21:00:00,2021,8,22,17989,43.1,HOEP (Legacy)
2021-08-30 22:00:00,2021,8,23,16516,36.92,HOEP (Legacy)
2021-08-30 23:00:00,2021,8,24,15221,37.54,HOEP (Legacy)
2021-08-31 00:00:00,2021,8,1,14302,25.91,HOEP (Legacy)
2021-08-31 01:00:00,2021,8,2,13636,21.22,HOEP (Legacy)
2021-08-31 02:00:00,2021,8,3,13268,14.9,HOEP (Legacy)
2021-08-31 03:00:00,2021,8,4,13136,14.93,HOEP (Legacy)
2021-08-31 04:00:00,2021,8,5,13419,14.32,HOEP (Legacy)
2021-08-31 05:00:00,2021,8,6,14229,15.46,HOEP (Legacy)
2021-08-31 06:00:00,2021,8,7,15174,31.94,HOEP (Legacy)
2021-08-31 07:00:00,2021,8,8,16245,33.84,HOEP (Legacy)
2021-08-31 08:00:00,2021,8,9,16813,36.88,HOEP (Legacy)
2021-08-31 09:00:00,2021,8,10,17444,40.79,HOEP (Legacy)
2021-08-31 10:00:00,2021,8,11,17763,40.67,HOEP (Legacy)
2021-08-31 11:00:00,2021,8,12,18185,37.95,HOEP (Legacy)
2021-08-31 12:00:00,2021,8,13,18448,43.94,HOEP (Legacy)
2021-08-31 13:00:00,2021,8,14,18673,45.32,HOEP (Legacy)
2021-08-31 14:00:00,2021,8,15,18604,43.74,HOEP (Legacy)
2021-08-31 15:00:00,2021,8,16,18981,37.96,HOEP (Legacy)
2021-08-31 16:00:00,2021,8,17,19389,43.7,HOEP (Legacy)
2021-08-31 17:00:00,2021,8,18,19115,39.69,HOEP (Legacy)
2021-08-31 18:00:00,2021,8,19,18510,34.1,HOEP (Legacy)
2021-08-31 19:00:00,2021,8,20,18225,38.21,HOEP (Legacy)
2021-08-31 20:00:00,2021,8,21,17493,34.09,HOEP (Legacy)
2021-08-31 21:00:00,2021,8,22,16375,34.74,HOEP (Legacy)
2021-08-31 22:00:00,2021,8,23,14954,33.05,HOEP (Legacy)
2021-08-31 23:00:00,2021,8,24,13927,27.44,HOEP (Legacy)
2021-09-01 00:00:00,2021,9,1,13205,17.12,HOEP (Legacy)
2021-09-01 01:00:00,2021,9,2,12745,17.12,HOEP (Legacy)
2021-09-01 02:00:00,2021,9,3,12464,14.38,HOEP (Legacy)
2021-09-01 03:00:00,2021,9,4,12443,14.35,HOEP (Legacy)
2021-09-01 04:00:00,2021,9,5,12669,0.0,HOEP (Legacy)
2021-09-01 05:00:00,2021,9,6,13467,13.67,HOEP (Legacy)
2021-09-01 06:00:00,2021,9,7,14234,28.27,HOEP (Legacy)
2021-09-01 07:00:00,2021,9,8,14843,45.17,HOEP (Legacy)
2021-09-01 08:00:00,2021,9,9,15383,44.4,HOEP (Legacy)
2021-09-01 09:00:00,2021,9,10,15345,38.85,HOEP (Legacy)
2021-09-01 10:00:00,2021,9,11,15517,38.78,HOEP (Legacy)
2021-09-01 11:00:00,2021,9,12,15801,33.42,HOEP (Legacy)
2021-09-01 12:00:00,2021,9,13,16274,38.89,HOEP (Legacy)
2021-09-01 13:00:00,2021,9,14,16349,38.88,HOEP (Legacy)
2021-09-01 14:00:00,2021,9,15,16826,38.86,HOEP (Legacy)
2021-09-01 15:00:00,2021,9,16,17141,38.27,HOEP (Legacy)
2021-09-01 16:00:00,2021,9,17,17700,38.77,HOEP (Legacy)
2021-09-01 17:00:00,2021,9,18,17759,38.47,HOEP (Legacy)
2021-09-01 18:00:00,2021,9,19,17666,38.95,HOEP (Legacy)
2021-09-01 19:00:00,2021,9,20,17277,39.77,HOEP (Legacy)
2021-09-01 20:00:00,2021,9,21,16556,38.5,HOEP (Legacy)
2021-09-01 21:00:00,2021,9,22,15501,28.82,HOEP (Legacy)
2021-09-01 22:00:00,2021,9,23,14206,12.43,HOEP (Legacy)
2021-09-01 23:00:00,2021,9,24,13185,6.48,HOEP (Legacy)
2021-09-02 00:00:00,2021,9,1,12526,11.96,HOEP (Legacy)
2021-09-02 01:00:00,2021,9,2,12211,17.61,HOEP (Legacy)
2021-09-02 02:00:00,2021,9,3,12014,18.16,HOEP (Legacy)
2021-09-02 03:00:00,2021,9,4,12032,22.56,HOEP (Legacy)
2021-09-02 04:00:00,2021,9,5,12563,19.89,HOEP (Legacy)
2021-09-02 05:00:00,2021,9,6,13379,22.69,HOEP (Legacy)
2021-09-02 06:00:00,2021,9,7,14100,25.58,HOEP (Legacy)
2021-09-02 07:00:00,2021,9,8,14499,39.1,HOEP (Legacy)
2021-09-02 08:00:00,2021,9,9,15046,41.97,HOEP (Legacy)
2021-09-02 09:00:00,2021,9,10,15237,41.22,HOEP (Legacy)
2021-09-02 10:00:00,2021,9,11,15308,40.93,HOEP (Legacy)
2021-09-02 11:00:00,2021,9,12,15477,40.74,HOEP (Legacy)
2021-09-02 12:00:00,2021,9,13,15715,40.68,HOEP (Legacy)
2021-09-02 13:00:00,2021,9,14,15786,40.7,HOEP (Legacy)
2021-09-02 14:00:00,2021,9,15,15854,38.02,HOEP (Legacy)
2021-09-02 15:00:00,2021,9,16,16241,38.43,HOEP (Legacy)
2021-09-02 16:00:00,2021,9,17,16803,40.6,HOEP (Legacy)
2021-09-02 17:00:00,2021,9,18,16596,35.82,HOEP (Legacy)
2021-09-02 18:00:00,2021,9,19,16440,36.74,HOEP (Legacy)
2021-09-02 19:00:00,2021,9,20,16538,41.27,HOEP (Legacy)
2021-09-02 20:00:00,2021,9,21,15966,40.34,HOEP (Legacy)
2021-09-02 21:00:00,2021,9,22,14959,40.53,HOEP (Legacy)
2021-09-02 22:00:00,2021,9,23,14029,60.75,HOEP (Legacy)
2021-09-02 23:00:00,2021,9,24,13158,43.87,HOEP (Legacy)
2021-09-03 00:00:00,2021,9,1,12606,33.32,HOEP (Legacy)
2021-09-03 01:00:00,2021,9,2,12177,34.86,HOEP (Legacy)
2021-09-03 02:00:00,2021,9,3,12038,31.74,HOEP (Legacy)
2021-09-03 03:00:00,2021,9,4,12039,42.22,HOEP (Legacy)
2021-09-03 04:00:00,2021,9,5,12515,11.36,HOEP (Legacy)
2021-09-03 05:00:00,2021,9,6,13259,21.43,HOEP (Legacy)
2021-09-03 06:00:00,2021,9,7,13877,19.74,HOEP (Legacy)
2021-09-03 07:00:00,2021,9,8,14465,31.74,HOEP (Legacy)
2021-09-03 08:00:00,2021,9,9,14931,38.77,HOEP (Legacy)
2021-09-03 09:00:00,2021,9,10,15153,39.33,HOEP (Legacy)
2021-09-03 10:00:00,2021,9,11,15444,40.95,HOEP (Legacy)
2021-09-03 11:00:00,2021,9,12,15690,43.33,HOEP (Legacy)
2021-09-03 12:00:00,2021,9,13,15860,44.61,HOEP (Legacy)
2021-09-03 13:00:00,2021,9,14,16010,43.27,HOEP (Legacy)
2021-09-03 14:00:00,2021,9,15,15957,41.32,HOEP (Legacy)
2021-09-03 15:00:00,2021,9,16,16197,42.06,HOEP (Legacy)
2021-09-03 16:00:00,2021,9,17,16621,42.98,HOEP (Legacy)
2021-09-03 17:00:00,2021,9,18,16602,43.67,HOEP (Legacy)
2021-09-03 18:00:00,2021,9,19,16350,42.2,HOEP (Legacy)
2021-09-03 19:00:00,2021,9,20,16376,43.58,HOEP (Legacy)
2021-09-03 20:00:00,2021,9,21,15928,44.53,HOEP (Legacy)
2021-09-03 21:00:00,2021,9,22,15058,42.49,HOEP (Legacy)
2021-09-03 22:00:00,2021,9,23,14166,40.36,HOEP (Legacy)
2021-09-03 23:00:00,2021,9,24,13279,37.38,HOEP (Legacy)
2021-09-04 00:00:00,2021,9,1,12624,32.85,HOEP (Legacy)
2021-09-04 01:00:00,2021,9,2,12277,35.19,HOEP (Legacy)
2021-09-04 02:00:00,2021,9,3,12033,36.36,HOEP (Legacy)
2021-09-04 03:00:00,2021,9,4,11915,34.0,HOEP (Legacy)
2021-09-04 04:00:00,2021,9,5,12053,33.51,HOEP (Legacy)
2021-09-04 05:00:00,2021,9,6,12229,29.69,HOEP (Legacy)
2021-09-04 06:00:00,2021,9,7,12533,16.29,HOEP (Legacy)
2021-09-04 07:00:00,2021,9,8,13053,19.4,HOEP (Legacy)
2021-09-04 08:00:00,2021,9,9,13590,17.32,HOEP (Legacy)
2021-09-04 09:00:00,2021,9,10,14033,29.46,HOEP (Legacy)
2021-09-04 10:00:00,2021,9,11,14458,13.31,HOEP (Legacy)
2021-09-04 11:00:00,2021,9,12,14774,38.81,HOEP (Legacy)
2021-09-04 12:00:00,2021,9,13,14916,37.87,HOEP (Legacy)
2021-09-04 13:00:00,2021,9,14,15128,39.89,HOEP (Legacy)
2021-09-04 14:00:00,2021,9,15,15516,40.7,HOEP (Legacy)
2021-09-04 15:00:00,2021,9,16,15908,41.54,HOEP (Legacy)
2021-09-04 16:00:00,2021,9,17,16476,41.27,HOEP (Legacy)
2021-09-04 17:00:00,2021,9,18,16248,52.46,HOEP (Legacy)
2021-09-04 18:00:00,2021,9,19,15980,40.22,HOEP (Legacy)
2021-09-04 19:00:00,2021,9,20,15824,40.96,HOEP (Legacy)
2021-09-04 20:00:00,2021,9,21,15309,21.17,HOEP (Legacy)
2021-09-04 21:00:00,2021,9,22,14614,3.82,HOEP (Legacy)
2021-09-04 22:00:00,2021,9,23,13883,7.07,HOEP (Legacy)
2021-09-04 23:00:00,2021,9,24,13246,2.76,HOEP (Legacy)
2021-09-05 00:00:00,2021,9,1,12720,8.84,HOEP (Legacy)
2021-09-05 01:00:00,2021,9,2,12514,34.42,HOEP (Legacy)
2021-09-05 02:00:00,2021,9,3,12300,40.34,HOEP (Legacy)
2021-09-05 03:00:00,2021,9,4,12276,40.32,HOEP (Legacy)
2021-09-05 04:00:00,2021,9,5,12308,42.08,HOEP (Legacy)
2021-09-05 05:00:00,2021,9,6,12407,39.04,HOEP (Legacy)
2021-09-05 06:00:00,2021,9,7,12770,35.4,HOEP (Legacy)
2021-09-05 07:00:00,2021,9,8,13483,37.2,HOEP (Legacy)
2021-09-05 08:00:00,2021,9,9,14119,24.16,HOEP (Legacy)
2021-09-05 09:00:00,2021,9,10,14639,29.98,HOEP (Legacy)
2021-09-05 10:00:00,2021,9,11,15129,37.93,HOEP (Legacy)
2021-09-05 11:00:00,2021,9,12,15479,41.71,HOEP (Legacy)
2021-09-05 12:00:00,2021,9,13,15574,41.12,HOEP (Legacy)
2021-09-05 13:00:00,2021,9,14,15656,34.75,HOEP (Legacy)
2021-09-05 14:00:00,2021,9,15,15799,18.73,HOEP (Legacy)
2021-09-05 15:00:00,2021,9,16,16312,20.98,HOEP (Legacy)
2021-09-05 16:00:00,2021,9,17,16671,41.45,HOEP (Legacy)
2021-09-05 17:00:00,2021,9,18,16867,42.25,HOEP (Legacy)
2021-09-05 18:00:00,2021,9,19,16471,42.11,HOEP (Legacy)
2021-09-05 19:00:00,2021,9,20,16055,41.58,HOEP (Legacy)
2021-09-05 20:00:00,2021,9,21,15551,31.2,HOEP (Legacy)
2021-09-05 21:00:00,2021,9,22,14761,3.29,HOEP (Legacy)
2021-09-05 22:00:00,2021,9,23,13909,3.07,HOEP (Legacy)
2021-09-05 23:00:00,2021,9,24,13330,18.19,HOEP (Legacy)
2021-09-06 00:00:00,2021,9,1,12680,39.72,HOEP (Legacy)
2021-09-06 01:00:00,2021,9,2,12192,31.15,HOEP (Legacy)
2021-09-06 02:00:00,2021,9,3,11694,0.0,HOEP (Legacy)
2021-09-06 03:00:00,2021,9,4,11797,0.99,HOEP (Legacy)
2021-09-06 04:00:00,2021,9,5,11611,0.0,HOEP (Legacy)
2021-09-06 05:00:00,2021,9,6,11775,0.0,HOEP (Legacy)
2021-09-06 06:00:00,2021,9,7,12073,8.21,HOEP (Legacy)
2021-09-06 07:00:00,2021,9,8,12616,33.93,HOEP (Legacy)
2021-09-06 08:00:00,2021,9,9,13287,47.86,HOEP (Legacy)
2021-09-06 09:00:00,2021,9,10,13888,7.52,HOEP (Legacy)
2021-09-06 10:00:00,2021,9,11,14227,0.0,HOEP (Legacy)
2021-09-06 11:00:00,2021,9,12,14285,5.78,HOEP (Legacy)
2021-09-06 12:00:00,2021,9,13,14489,5.8,HOEP (Legacy)
2021-09-06 13:00:00,2021,9,14,14497,12.99,HOEP (Legacy)
2021-09-06 14:00:00,2021,9,15,14584,13.67,HOEP (Legacy)
2021-09-06 15:00:00,2021,9,16,15216,31.23,HOEP (Legacy)
2021-09-06 16:00:00,2021,9,17,16023,43.04,HOEP (Legacy)
2021-09-06 17:00:00,2021,9,18,16216,51.25,HOEP (Legacy)
2021-09-06 18:00:00,2021,9,19,15992,43.82,HOEP (Legacy)
2021-09-06 19:00:00,2021,9,20,15943,45.16,HOEP (Legacy)
2021-09-06 20:00:00,2021,9,21,15271,44.93,HOEP (Legacy)
2021-09-06 21:00:00,2021,9,22,14521,46.29,HOEP (Legacy)
2021-09-06 22:00:00,2021,9,23,13494,39.12,HOEP (Legacy)
2021-09-06 23:00:00,2021,9,24,12635,47.24,HOEP (Legacy)
2021-09-07 00:00:00,2021,9,1,12288,30.25,HOEP (Legacy)
2021-09-07 01:00:00,2021,9,2,11833,18.9,HOEP (Legacy)
2021-09-07 02:00:00,2021,9,3,11719,14.37,HOEP (Legacy)
2021-09-07 03:00:00,2021,9,4,11791,26.44,HOEP (Legacy)
2021-09-07 04:00:00,2021,9,5,12097,4.65,HOEP (Legacy)
2021-09-07 05:00:00,2021,9,6,13116,10.18,HOEP (Legacy)
2021-09-07 06:00:00,2021,9,7,14025,6.5,HOEP (Legacy)
2021-09-07 07:00:00,2021,9,8,14393,12.32,HOEP (Legacy)
2021-09-07 08:00:00,2021,9,9,14897,43.06,HOEP (Legacy)
2021-09-07 09:00:00,2021,9,10,15409,42.2,HOEP (Legacy)
2021-09-07 10:00:00,2021,9,11,15727,25.19,HOEP (Legacy)
2021-09-07 11:00:00,2021,9,12,16374,50.56,HOEP (Legacy)
2021-09-07 12:00:00,2021,9,13,16605,14.89,HOEP (Legacy)
2021-09-07 13:00:00,2021,9,14,16652,13.66,HOEP (Legacy)
2021-09-07 14:00:00,2021,9,15,17209,14.82,HOEP (Legacy)
2021-09-07 15:00:00,2021,9,16,17780,42.74,HOEP (Legacy)
2021-09-07 16:00:00,2021,9,17,18615,55.27,HOEP (Legacy)
2021-09-07 17:00:00,2021,9,18,18339,66.04,HOEP (Legacy)
2021-09-07 18:00:00,2021,9,19,17924,50.81,HOEP (Legacy)
2021-09-07 19:00:00,2021,9,20,17390,41.58,HOEP (Legacy)
2021-09-07 20:00:00,2021,9,21,16660,31.91,HOEP (Legacy)
2021-09-07 21:00:00,2021,9,22,15903,53.11,HOEP (Legacy)
2021-09-07 22:00:00,2021,9,23,14545,15.35,HOEP (Legacy)
2021-09-07 23:00:00,2021,9,24,13500,0.0,HOEP (Legacy)
2021-09-08 00:00:00,2021,9,1,12987,0.0,HOEP (Legacy)
2021-09-08 01:00:00,2021,9,2,12799,6.46,HOEP (Legacy)
2021-09-08 02:00:00,2021,9,3,12737,51.31,HOEP (Legacy)
2021-09-08 03:00:00,2021,9,4,12740,63.17,HOEP (Legacy)
2021-09-08 04:00:00,2021,9,5,13087,40.07,HOEP (Legacy)
2021-09-08 05:00:00,2021,9,6,14168,46.23,HOEP (Legacy)
2021-09-08 06:00:00,2021,9,7,15241,42.11,HOEP (Legacy)
2021-09-08 07:00:00,2021,9,8,15766,34.31,HOEP (Legacy)
2021-09-08 08:00:00,2021,9,9,16083,39.41,HOEP (Legacy)
2021-09-08 09:00:00,2021,9,10,16569,41.69,HOEP (Legacy)
2021-09-08 10:00:00,2021,9,11,16702,34.92,HOEP (Legacy)
2021-09-08 11:00:00,2021,9,12,16824,10.78,HOEP (Legacy)
2021-09-08 12:00:00,2021,9,13,16957,13.68,HOEP (Legacy)
2021-09-08 13:00:00,2021,9,14,16917,22.9,HOEP (Legacy)
2021-09-08 14:00:00,2021,9,15,17282,26.9,HOEP (Legacy)
2021-09-08 15:00:00,2021,9,16,17700,41.12,HOEP (Legacy)
2021-09-08 16:00:00,2021,9,17,18045,41.57,HOEP (Legacy)
2021-09-08 17:00:00,2021,9,18,18001,42.74,HOEP (Legacy)
2021-09-08 18:00:00,2021,9,19,17681,42.65,HOEP (Legacy)
2021-09-08 19:00:00,2021,9,20,17333,42.57,HOEP (Legacy)
2021-09-08 20:00:00,2021,9,21,16540,36.68,HOEP (Legacy)
2021-09-08 21:00:00,2021,9,22,15473,17.5,HOEP (Legacy)
2021-09-08 22:00:00,2021,9,23,14284,18.45,HOEP (Legacy)
2021-09-08 23:00:00,2021,9,24,13314,16.86,HOEP (Legacy)
2021-09-09 00:00:00,2021,9,1,12690,22.1,HOEP (Legacy)
2021-09-09 01:00:00,2021,9,2,12284,44.61,HOEP (Legacy)
2021-09-09 02:00:00,2021,9,3,12233,42.46,HOEP (Legacy)
2021-09-09 03:00:00,2021,9,4,12364,14.35,HOEP (Legacy)
2021-09-09 04:00:00,2021,9,5,12684,12.53,HOEP (Legacy)
2021-09-09 05:00:00,2021,9,6,13504,28.4,HOEP (Legacy)
2021-09-09 06:00:00,2021,9,7,14635,33.26,HOEP (Legacy)
2021-09-09 07:00:00,2021,9,8,15003,42.08,HOEP (Legacy)
2021-09-09 08:00:00,2021,9,9,15131,35.74,HOEP (Legacy)
2021-09-09 09:00:00,2021,9,10,15269,35.17,HOEP (Legacy)
2021-09-09 10:00:00,2021,9,11,15598,34.22,HOEP (Legacy)
2021-09-09 11:00:00,2021,9,12,15831,25.71,HOEP (Legacy)
2021-09-09 12:00:00,2021,9,13,15972,36.71,HOEP (Legacy)
2021-09-09 13:00:00,2021,9,14,15715,8.75,HOEP (Legacy)
2021-09-09 14:00:00,2021,9,15,16036,26.7,HOEP (Legacy)
2021-09-09 15:00:00,2021,9,16,16570,43.92,HOEP (Legacy)
2021-09-09 16:00:00,2021,9,17,16782,44.8,HOEP (Legacy)
2021-09-09 17:00:00,2021,9,18,16587,44.89,HOEP (Legacy)
2021-09-09 18:00:00,2021,9,19,16652,47.41,HOEP (Legacy)
2021-09-09 19:00:00,2021,9,20,16644,45.18,HOEP (Legacy)
2021-09-09 20:00:00,2021,9,21,15899,45.15,HOEP (Legacy)
2021-09-09 21:00:00,2021,9,22,15007,43.63,HOEP (Legacy)
2021-09-09 22:00:00,2021,9,23,13845,49.34,HOEP (Legacy)
2021-09-09 23:00:00,2021,9,24,13000,27.85,HOEP (Legacy)
2021-09-10 00:00:00,2021,9,1,12335,18.63,HOEP (Legacy)
2021-09-10 01:00:00,2021,9,2,12073,32.04,HOEP (Legacy)
2021-09-10 02:00:00,2021,9,3,11928,44.99,HOEP (Legacy)
2021-09-10 03:00:00,2021,9,4,11967,41.2,HOEP (Legacy)
2021-09-10 04:00:00,2021,9,5,12409,16.74,HOEP (Legacy)
2021-09-10 05:00:00,2021,9,6,13361,31.64,HOEP (Legacy)
2021-09-10 06:00:00,2021,9,7,14322,40.56,HOEP (Legacy)
2021-09-10 07:00:00,2021,9,8,14614,38.08,HOEP (Legacy)
2021-09-10 08:00:00,2021,9,9,14880,37.74,HOEP (Legacy)
2021-09-10 09:00:00,2021,9,10,14813,42.51,HOEP (Legacy)
2021-09-10 10:00:00,2021,9,11,15093,44.09,HOEP (Legacy)
2021-09-10 11:00:00,2021,9,12,15284,45.86,HOEP (Legacy)
2021-09-10 12:00:00,2021,9,13,15350,49.69,HOEP (Legacy)
2021-09-10 13:00:00,2021,9,14,15174,46.24,HOEP (Legacy)
2021-09-10 14:00:00,2021,9,15,15460,45.73,HOEP (Legacy)
2021-09-10 15:00:00,2021,9,16,15892,45.77,HOEP (Legacy)
2021-09-10 16:00:00,2021,9,17,16383,46.47,HOEP (Legacy)
2021-09-10 17:00:00,2021,9,18,16467,49.53,HOEP (Legacy)
2021-09-10 18:00:00,2021,9,19,16335,46.0,HOEP (Legacy)
2021-09-10 19:00:00,2021,9,20,16155,45.89,HOEP (Legacy)
2021-09-10 20:00:00,2021,9,21,15562,45.91,HOEP (Legacy)
2021-09-10 21:00:00,2021,9,22,14691,44.6,HOEP (Legacy)
2021-09-10 22:00:00,2021,9,23,13575,22.9,HOEP (Legacy)
2021-09-10 23:00:00,2021,9,24,12469,5.8,HOEP (Legacy)
2021-09-11 00:00:00,2021,9,1,11920,0.51,HOEP (Legacy)
2021-09-11 01:00:00,2021,9,2,11460,0.54,HOEP (Legacy)
2021-09-11 02:00:00,2021,9,3,11233,0.0,HOEP (Legacy)
2021-09-11 03:00:00,2021,9,4,11318,0.0,HOEP (Legacy)
2021-09-11 04:00:00,2021,9,5,11411,0.0,HOEP (Legacy)
2021-09-11 05:00:00,2021,9,6,11842,0.0,HOEP (Legacy)
2021-09-11 06:00:00,2021,9,7,12325,0.88,HOEP (Legacy)
2021-09-11 07:00:00,2021,9,8,12911,21.67,HOEP (Legacy)
2021-09-11 08:00:00,2021,9,9,13677,30.32,HOEP (Legacy)
2021-09-11 09:00:00,2021,9,10,13954,18.17,HOEP (Legacy)
2021-09-11 10:00:00,2021,9,11,14044,0.0,HOEP (Legacy)
2021-09-11 11:00:00,2021,9,12,14350,0.0,HOEP (Legacy)
2021-09-11 12:00:00,2021,9,13,14623,0.0,HOEP (Legacy)
2021-09-11 13:00:00,2021,9,14,14753,6.63,HOEP (Legacy)
2021-09-11 14:00:00,2021,9,15,14967,2.21,HOEP (Legacy)
2021-09-11 15:00:00,2021,9,16,15351,2.77,HOEP (Legacy)
2021-09-11 16:00:00,2021,9,17,15935,5.92,HOEP (Legacy)
2021-09-11 17:00:00,2021,9,18,15971,6.17,HOEP (Legacy)
2021-09-11 18:00:00,2021,9,19,15829,5.88,HOEP (Legacy)
2021-09-11 19:00:00,2021,9,20,15585,12.27,HOEP (Legacy)
2021-09-11 20:00:00,2021,9,21,15028,9.44,HOEP (Legacy)
2021-09-11 21:00:00,2021,9,22,14467,13.75,HOEP (Legacy)
2021-09-11 22:00:00,2021,9,23,13648,5.09,HOEP (Legacy)
2021-09-11 23:00:00,2021,9,24,12971,0.0,HOEP (Legacy)
2021-09-12 00:00:00,2021,9,1,12532,2.04,HOEP (Legacy)
2021-09-12 01:00:00,2021,9,2,12365,13.67,HOEP (Legacy)
2021-09-12 02:00:00,2021,9,3,12158,4.67,HOEP (Legacy)
2021-09-12 03:00:00,2021,9,4,12007,3.42,HOEP (Legacy)
2021-09-12 04:00:00,2021,9,5,12008,13.58,HOEP (Legacy)
2021-09-12 05:00:00,2021,9,6,12382,28.79,HOEP (Legacy)
2021-09-12 06:00:00,2021,9,7,12747,20.73,HOEP (Legacy)
2021-09-12 07:00:00,2021,9,8,13619,48.49,HOEP (Legacy)
2021-09-12 08:00:00,2021,9,9,14270,53.05,HOEP (Legacy)
2021-09-12 09:00:00,2021,9,10,14737,39.26,HOEP (Legacy)
2021-09-12 10:00:00,2021,9,11,15116,37.78,HOEP (Legacy)
2021-09-12 11:00:00,2021,9,12,15556,44.58,HOEP (Legacy)
2021-09-12 12:00:00,2021,9,13,15374,44.21,HOEP (Legacy)
2021-09-12 13:00:00,2021,9,14,15369,44.48,HOEP (Legacy)
2021-09-12 14:00:00,2021,9,15,15537,44.37,HOEP (Legacy)
2021-09-12 15:00:00,2021,9,16,16111,50.82,HOEP (Legacy)
2021-09-12 16:00:00,2021,9,17,16858,87.24,HOEP (Legacy)
2021-09-12 17:00:00,2021,9,18,16820,72.39,HOEP (Legacy)
2021-09-12 18:00:00,2021,9,19,16911,47.88,HOEP (Legacy)
2021-09-12 19:00:00,2021,9,20,16747,47.63,HOEP (Legacy)
2021-09-12 20:00:00,2021,9,21,16069,45.67,HOEP (Legacy)
2021-09-12 21:00:00,2021,9,22,14975,46.58,HOEP (Legacy)
2021-09-12 22:00:00,2021,9,23,13868,27.97,HOEP (Legacy)
2021-09-12 23:00:00,2021,9,24,13036,32.33,HOEP (Legacy)
2021-09-13 00:00:00,2021,9,1,12546,42.34,HOEP (Legacy)
2021-09-13 01:00:00,2021,9,2,12138,41.84,HOEP (Legacy)
2021-09-13 02:00:00,2021,9,3,11973,40.29,HOEP (Legacy)
2021-09-13 03:00:00,2021,9,4,11973,34.74,HOEP (Legacy)
2021-09-13 04:00:00,2021,9,5,12410,29.33,HOEP (Legacy)
2021-09-13 05:00:00,2021,9,6,13376,28.74,HOEP (Legacy)
2021-09-13 06:00:00,2021,9,7,14354,38.45,HOEP (Legacy)
2021-09-13 07:00:00,2021,9,8,14772,44.23,HOEP (Legacy)
2021-09-13 08:00:00,2021,9,9,15120,44.24,HOEP (Legacy)
2021-09-13 09:00:00,2021,9,10,15245,43.58,HOEP (Legacy)
2021-09-13 10:00:00,2021,9,11,15540,44.27,HOEP (Legacy)
2021-09-13 11:00:00,2021,9,12,15700,40.65,HOEP (Legacy)
2021-09-13 12:00:00,2021,9,13,15943,34.03,HOEP (Legacy)
2021-09-13 13:00:00,2021,9,14,16193,34.39,HOEP (Legacy)
2021-09-13 14:00:00,2021,9,15,16227,33.79,HOEP (Legacy)
2021-09-13 15:00:00,2021,9,16,16703,41.45,HOEP (Legacy)
2021-09-13 16:00:00,2021,9,17,17022,39.51,HOEP (Legacy)
2021-09-13 17:00:00,2021,9,18,16914,38.55,HOEP (Legacy)
2021-09-13 18:00:00,2021,9,19,16952,44.43,HOEP (Legacy)
2021-09-13 19:00:00,2021,9,20,16874,44.85,HOEP (Legacy)
2021-09-13 20:00:00,2021,9,21,16099,40.06,HOEP (Legacy)
2021-09-13 21:00:00,2021,9,22,15127,48.28,HOEP (Legacy)
2021-09-13 22:00:00,2021,9,23,13996,45.56,HOEP (Legacy)
2021-09-13 23:00:00,2021,9,24,13319,17.33,HOEP (Legacy)
2021-09-14 00:00:00,2021,9,1,12548,22.8,HOEP (Legacy)
2021-09-14 01:00:00,2021,9,2,12120,7.27,HOEP (Legacy)
2021-09-14 02:00:00,2021,9,3,12124,8.05,HOEP (Legacy)
2021-09-14 03:00:00,2021,9,4,12053,5.85,HOEP (Legacy)
2021-09-14 04:00:00,2021,9,5,12472,0.0,HOEP (Legacy)
2021-09-14 05:00:00,2021,9,6,13443,2.69,HOEP (Legacy)
2021-09-14 06:00:00,2021,9,7,14368,17.68,HOEP (Legacy)
2021-09-14 07:00:00,2021,9,8,14803,36.28,HOEP (Legacy)
2021-09-14 08:00:00,2021,9,9,15112,38.22,HOEP (Legacy)
2021-09-14 09:00:00,2021,9,10,15394,18.62,HOEP (Legacy)
2021-09-14 10:00:00,2021,9,11,15592,0.0,HOEP (Legacy)
2021-09-14 11:00:00,2021,9,12,15987,0.0,HOEP (Legacy)
2021-09-14 12:00:00,2021,9,13,16256,0.0,HOEP (Legacy)
2021-09-14 13:00:00,2021,9,14,16767,3.4,HOEP (Legacy)
2021-09-14 14:00:00,2021,9,15,17126,23.74,HOEP (Legacy)
2021-09-14 15:00:00,2021,9,16,17880,44.12,HOEP (Legacy)
2021-09-14 16:00:00,2021,9,17,18520,46.9,HOEP (Legacy)
2021-09-14 17:00:00,2021,9,18,18616,36.46,HOEP (Legacy)
2021-09-14 18:00:00,2021,9,19,18662,38.8,HOEP (Legacy)
2021-09-14 19:00:00,2021,9,20,18195,42.4,HOEP (Legacy)
2021-09-14 20:00:00,2021,9,21,17445,44.66,HOEP (Legacy)
2021-09-14 21:00:00,2021,9,22,16488,46.42,HOEP (Legacy)
2021-09-14 22:00:00,2021,9,23,15515,67.67,HOEP (Legacy)
2021-09-14 23:00:00,2021,9,24,14390,31.25,HOEP (Legacy)
2021-09-15 00:00:00,2021,9,1,13626,47.66,HOEP (Legacy)
2021-09-15 01:00:00,2021,9,2,13179,48.83,HOEP (Legacy)
2021-09-15 02:00:00,2021,9,3,12883,43.9,HOEP (Legacy)
2021-09-15 03:00:00,2021,9,4,12710,28.71,HOEP (Legacy)
2021-09-15 04:00:00,2021,9,5,12867,7.86,HOEP (Legacy)
2021-09-15 05:00:00,2021,9,6,13821,36.38,HOEP (Legacy)
2021-09-15 06:00:00,2021,9,7,15030,51.67,HOEP (Legacy)
2021-09-15 07:00:00,2021,9,8,15450,51.57,HOEP (Legacy)
2021-09-15 08:00:00,2021,9,9,15550,49.39,HOEP (Legacy)
2021-09-15 09:00:00,2021,9,10,15648,50.82,HOEP (Legacy)
2021-09-15 10:00:00,2021,9,11,15789,49.41,HOEP (Legacy)
2021-09-15 11:00:00,2021,9,12,16004,50.25,HOEP (Legacy)
2021-09-15 12:00:00,2021,9,13,16262,50.48,HOEP (Legacy)
2021-09-15 13:00:00,2021,9,14,16489,52.11,HOEP (Legacy)
2021-09-15 14:00:00,2021,9,15,16397,51.82,HOEP (Legacy)
2021-09-15 15:00:00,2021,9,16,16822,52.22,HOEP (Legacy)
2021-09-15 16:00:00,2021,9,17,17291,52.79,HOEP (Legacy)
2021-09-15 17:00:00,2021,9,18,17056,52.12,HOEP (Legacy)
2021-09-15 18:00:00,2021,9,19,17031,52.35,HOEP (Legacy)
2021-09-15 19:00:00,2021,9,20,16891,52.44,HOEP (Legacy)
2021-09-15 20:00:00,2021,9,21,16146,50.65,HOEP (Legacy)
2021-09-15 21:00:00,2021,9,22,15081,49.8,HOEP (Legacy)
2021-09-15 22:00:00,2021,9,23,13910,50.41,HOEP (Legacy)
2021-09-15 23:00:00,2021,9,24,13000,20.24,HOEP (Legacy)
2021-09-16 00:00:00,2021,9,1,12411,15.3,HOEP (Legacy)
2021-09-16 01:00:00,2021,9,2,12098,23.32,HOEP (Legacy)
2021-09-16 02:00:00,2021,9,3,12028,36.41,HOEP (Legacy)
2021-09-16 03:00:00,2021,9,4,12084,37.97,HOEP (Legacy)
2021-09-16 04:00:00,2021,9,5,12446,16.88,HOEP (Legacy)
2021-09-16 05:00:00,2021,9,6,13537,38.16,HOEP (Legacy)
2021-09-16 06:00:00,2021,9,7,14642,48.14,HOEP (Legacy)
2021-09-16 07:00:00,2021,9,8,14950,50.25,HOEP (Legacy)
2021-09-16 08:00:00,2021,9,9,14903,40.93,HOEP (Legacy)
2021-09-16 09:00:00,2021,9,10,15130,49.97,HOEP (Legacy)
2021-09-16 10:00:00,2021,9,11,15536,50.53,HOEP (Legacy)
2021-09-16 11:00:00,2021,9,12,16039,50.73,HOEP (Legacy)
2021-09-16 12:00:00,2021,9,13,16301,50.71,HOEP (Legacy)
2021-09-16 13:00:00,2021,9,14,16185,51.32,HOEP (Legacy)
2021-09-16 14:00:00,2021,9,15,16387,51.27,HOEP (Legacy)
2021-09-16 15:00:00,2021,9,16,16883,53.15,HOEP (Legacy)
2021-09-16 16:00:00,2021,9,17,17567,105.15,HOEP (Legacy)
2021-09-16 17:00:00,2021,9,18,17620,59.16,HOEP (Legacy)
2021-09-16 18:00:00,2021,9,19,17322,53.3,HOEP (Legacy)
2021-09-16 19:00:00,2021,9,20,16973,50.02,HOEP (Legacy)
2021-09-16 20:00:00,2021,9,21,15928,34.28,HOEP (Legacy)
2021-09-16 21:00:00,2021,9,22,14798,6.27,HOEP (Legacy)
2021-09-16 22:00:00,2021,9,23,13567,2.7,HOEP (Legacy)
2021-09-16 23:00:00,2021,9,24,12735,3.15,HOEP (Legacy)
2021-09-17 00:00:00,2021,9,1,12288,16.92,HOEP (Legacy)
2021-09-17 01:00:00,2021,9,2,12159,23.01,HOEP (Legacy)
2021-09-17 02:00:00,2021,9,3,12153,19.96,HOEP (Legacy)
2021-09-17 03:00:00,2021,9,4,12275,42.45,HOEP (Legacy)
2021-09-17 04:00:00,2021,9,5,12508,8.85,HOEP (Legacy)
2021-09-17 05:00:00,2021,9,6,13566,7.46,HOEP (Legacy)
2021-09-17 06:00:00,2021,9,7,14446,2.22,HOEP (Legacy)
2021-09-17 07:00:00,2021,9,8,14988,44.07,HOEP (Legacy)
2021-09-17 08:00:00,2021,9,9,15513,51.83,HOEP (Legacy)
2021-09-17 09:00:00,2021,9,10,16044,52.18,HOEP (Legacy)
2021-09-17 10:00:00,2021,9,11,16315,51.91,HOEP (Legacy)
2021-09-17 11:00:00,2021,9,12,16614,51.82,HOEP (Legacy)
2021-09-17 12:00:00,2021,9,13,16915,49.58,HOEP (Legacy)
2021-09-17 13:00:00,2021,9,14,17369,50.49,HOEP (Legacy)
2021-09-17 14:00:00,2021,9,15,17729,51.75,HOEP (Legacy)
2021-09-17 15:00:00,2021,9,16,18239,53.28,HOEP (Legacy)
2021-09-17 16:00:00,2021,9,17,18734,53.6,HOEP (Legacy)
2021-09-17 17:00:00,2021,9,18,18769,53.34,HOEP (Legacy)
2021-09-17 18:00:00,2021,9,19,18380,53.35,HOEP (Legacy)
2021-09-17 19:00:00,2021,9,20,17917,52.42,HOEP (Legacy)
2021-09-17 20:00:00,2021,9,21,17009,50.57,HOEP (Legacy)
2021-09-17 21:00:00,2021,9,22,15904,47.67,HOEP (Legacy)
2021-09-17 22:00:00,2021,9,23,14828,34.39,HOEP (Legacy)
2021-09-17 23:00:00,2021,9,24,13876,39.32,HOEP (Legacy)
2021-09-18 00:00:00,2021,9,1,13215,33.09,HOEP (Legacy)
2021-09-18 01:00:00,2021,9,2,12867,52.02,HOEP (Legacy)
2021-09-18 02:00:00,2021,9,3,12561,34.77,HOEP (Legacy)
2021-09-18 03:00:00,2021,9,4,12268,2.72,HOEP (Legacy)
2021-09-18 04:00:00,2021,9,5,12290,10.84,HOEP (Legacy)
2021-09-18 05:00:00,2021,9,6,12470,17.69,HOEP (Legacy)
2021-09-18 06:00:00,2021,9,7,13004,24.76,HOEP (Legacy)
2021-09-18 07:00:00,2021,9,8,13676,45.39,HOEP (Legacy)
2021-09-18 08:00:00,2021,9,9,14163,12.78,HOEP (Legacy)
2021-09-18 09:00:00,2021,9,10,14517,36.87,HOEP (Legacy)
2021-09-18 10:00:00,2021,9,11,15028,81.42,HOEP (Legacy)
2021-09-18 11:00:00,2021,9,12,15270,232.74,HOEP (Legacy)
2021-09-18 12:00:00,2021,9,13,14992,60.42,HOEP (Legacy)
2021-09-18 13:00:00,2021,9,14,15213,48.36,HOEP (Legacy)
2021-09-18 14:00:00,2021,9,15,15443,48.76,HOEP (Legacy)
2021-09-18 15:00:00,2021,9,16,15853,47.32,HOEP (Legacy)
2021-09-18 16:00:00,2021,9,17,16414,49.15,HOEP (Legacy)
2021-09-18 17:00:00,2021,9,18,16432,49.52,HOEP (Legacy)
2021-09-18 18:00:00,2021,9,19,15780,48.43,HOEP (Legacy)
2021-09-18 19:00:00,2021,9,20,15154,38.79,HOEP (Legacy)
2021-09-18 20:00:00,2021,9,21,14404,22.22,HOEP (Legacy)
2021-09-18 21:00:00,2021,9,22,13651,9.84,HOEP (Legacy)
2021-09-18 22:00:00,2021,9,23,12850,7.76,HOEP (Legacy)
2021-09-18 23:00:00,2021,9,24,12046,7.77,HOEP (Legacy)
2021-09-19 00:00:00,2021,9,1,11466,4.87,HOEP (Legacy)
2021-09-19 01:00:00,2021,9,2,11063,12.22,HOEP (Legacy)
2021-09-19 02:00:00,2021,9,3,10860,14.36,HOEP (Legacy)
2021-09-19 03:00:00,2021,9,4,10860,13.75,HOEP (Legacy)
2021-09-19 04:00:00,2021,9,5,10824,8.18,HOEP (Legacy)
2021-09-19 05:00:00,2021,9,6,11232,11.66,HOEP (Legacy)
2021-09-19 06:00:00,2021,9,7,11455,6.57,HOEP (Legacy)
2021-09-19 07:00:00,2021,9,8,11790,3.43,HOEP (Legacy)
2021-09-19 08:00:00,2021,9,9,12207,19.84,HOEP (Legacy)
2021-09-19 09:00:00,2021,9,10,12656,49.72,HOEP (Legacy)
2021-09-19 10:00:00,2021,9,11,13099,13.77,HOEP (Legacy)
2021-09-19 11:00:00,2021,9,12,13416,13.09,HOEP (Legacy)
2021-09-19 12:00:00,2021,9,13,13587,14.38,HOEP (Legacy)
2021-09-19 13:00:00,2021,9,14,13779,14.38,HOEP (Legacy)
2021-09-19 14:00:00,2021,9,15,14118,35.71,HOEP (Legacy)
2021-09-19 15:00:00,2021,9,16,14901,52.49,HOEP (Legacy)
2021-09-19 16:00:00,2021,9,17,15846,108.68,HOEP (Legacy)
2021-09-19 17:00:00,2021,9,18,15956,108.83,HOEP (Legacy)
2021-09-19 18:00:00,2021,9,19,15675,46.7,HOEP (Legacy)
2021-09-19 19:00:00,2021,9,20,15642,33.78,HOEP (Legacy)
2021-09-19 20:00:00,2021,9,21,14565,9.49,HOEP (Legacy)
2021-09-19 21:00:00,2021,9,22,13731,1.69,HOEP (Legacy)
2021-09-19 22:00:00,2021,9,23,12725,0.0,HOEP (Legacy)
2021-09-19 23:00:00,2021,9,24,11906,0.0,HOEP (Legacy)
2021-09-20 00:00:00,2021,9,1,11616,0.0,HOEP (Legacy)
2021-09-20 01:00:00,2021,9,2,11337,0.0,HOEP (Legacy)
2021-09-20 02:00:00,2021,9,3,11189,0.0,HOEP (Legacy)
2021-09-20 03:00:00,2021,9,4,11298,3.22,HOEP (Legacy)
2021-09-20 04:00:00,2021,9,5,11981,0.47,HOEP (Legacy)
2021-09-20 05:00:00,2021,9,6,13030,5.75,HOEP (Legacy)
2021-09-20 06:00:00,2021,9,7,14052,8.95,HOEP (Legacy)
2021-09-20 07:00:00,2021,9,8,14403,18.98,HOEP (Legacy)
2021-09-20 08:00:00,2021,9,9,14667,44.68,HOEP (Legacy)
2021-09-20 09:00:00,2021,9,10,15161,47.82,HOEP (Legacy)
2021-09-20 10:00:00,2021,9,11,15255,56.44,HOEP (Legacy)
2021-09-20 11:00:00,2021,9,12,15515,52.38,HOEP (Legacy)
2021-09-20 12:00:00,2021,9,13,15819,51.12,HOEP (Legacy)
2021-09-20 13:00:00,2021,9,14,16269,47.76,HOEP (Legacy)
2021-09-20 14:00:00,2021,9,15,16554,47.89,HOEP (Legacy)
2021-09-20 15:00:00,2021,9,16,16881,51.29,HOEP (Legacy)
2021-09-20 16:00:00,2021,9,17,17525,51.8,HOEP (Legacy)
2021-09-20 17:00:00,2021,9,18,17237,48.7,HOEP (Legacy)
2021-09-20 18:00:00,2021,9,19,17129,48.09,HOEP (Legacy)
2021-09-20 19:00:00,2021,9,20,17003,43.01,HOEP (Legacy)
2021-09-20 20:00:00,2021,9,21,16307,8.12,HOEP (Legacy)
2021-09-20 21:00:00,2021,9,22,15383,2.4,HOEP (Legacy)
2021-09-20 22:00:00,2021,9,23,14190,2.15,HOEP (Legacy)
2021-09-20 23:00:00,2021,9,24,13341,0.0,HOEP (Legacy)
2021-09-21 00:00:00,2021,9,1,13011,2.16,HOEP (Legacy)
2021-09-21 01:00:00,2021,9,2,12771,12.95,HOEP (Legacy)
2021-09-21 02:00:00,2021,9,3,12510,2.42,HOEP (Legacy)
2021-09-21 03:00:00,2021,9,4,12399,0.0,HOEP (Legacy)
2021-09-21 04:00:00,2021,9,5,12914,0.0,HOEP (Legacy)
2021-09-21 05:00:00,2021,9,6,14038,0.0,HOEP (Legacy)
2021-09-21 06:00:00,2021,9,7,15173,3.82,HOEP (Legacy)
2021-09-21 07:00:00,2021,9,8,15802,5.78,HOEP (Legacy)
2021-09-21 08:00:00,2021,9,9,15960,0.48,HOEP (Legacy)
2021-09-21 09:00:00,2021,9,10,16157,0.08,HOEP (Legacy)
2021-09-21 10:00:00,2021,9,11,16373,7.51,HOEP (Legacy)
2021-09-21 11:00:00,2021,9,12,16749,23.28,HOEP (Legacy)
2021-09-21 12:00:00,2021,9,13,17471,46.35,HOEP (Legacy)
2021-09-21 13:00:00,2021,9,14,17634,48.97,HOEP (Legacy)
2021-09-21 14:00:00,2021,9,15,17589,43.92,HOEP (Legacy)
2021-09-21 15:00:00,2021,9,16,17678,45.61,HOEP (Legacy)
2021-09-21 16:00:00,2021,9,17,17920,47.66,HOEP (Legacy)
2021-09-21 17:00:00,2021,9,18,17805,45.67,HOEP (Legacy)
2021-09-21 18:00:00,2021,9,19,17978,50.28,HOEP (Legacy)
2021-09-21 19:00:00,2021,9,20,17572,46.62,HOEP (Legacy)
2021-09-21 20:00:00,2021,9,21,16782,46.59,HOEP (Legacy)
2021-09-21 21:00:00,2021,9,22,15670,29.45,HOEP (Legacy)
2021-09-21 22:00:00,2021,9,23,14500,3.82,HOEP (Legacy)
2021-09-21 23:00:00,2021,9,24,13457,0.0,HOEP (Legacy)
2021-09-22 00:00:00,2021,9,1,12948,0.49,HOEP (Legacy)
2021-09-22 01:00:00,2021,9,2,12451,0.95,HOEP (Legacy)
2021-09-22 02:00:00,2021,9,3,12256,4.28,HOEP (Legacy)
2021-09-22 03:00:00,2021,9,4,12274,0.95,HOEP (Legacy)
2021-09-22 04:00:00,2021,9,5,12689,0.0,HOEP (Legacy)
2021-09-22 05:00:00,2021,9,6,13529,0.0,HOEP (Legacy)
2021-09-22 06:00:00,2021,9,7,14670,2.87,HOEP (Legacy)
2021-09-22 07:00:00,2021,9,8,15358,9.8,HOEP (Legacy)
2021-09-22 08:00:00,2021,9,9,15556,9.11,HOEP (Legacy)
2021-09-22 09:00:00,2021,9,10,15826,9.23,HOEP (Legacy)
2021-09-22 10:00:00,2021,9,11,16024,0.51,HOEP (Legacy)
2021-09-22 11:00:00,2021,9,12,16076,1.32,HOEP (Legacy)
2021-09-22 12:00:00,2021,9,13,15931,5.79,HOEP (Legacy)
2021-09-22 13:00:00,2021,9,14,15801,0.42,HOEP (Legacy)
2021-09-22 14:00:00,2021,9,15,15683,0.0,HOEP (Legacy)
2021-09-22 15:00:00,2021,9,16,15985,0.0,HOEP (Legacy)
2021-09-22 16:00:00,2021,9,17,16270,6.57,HOEP (Legacy)
2021-09-22 17:00:00,2021,9,18,16146,14.37,HOEP (Legacy)
2021-09-22 18:00:00,2021,9,19,16323,14.38,HOEP (Legacy)
2021-09-22 19:00:00,2021,9,20,15625,1.45,HOEP (Legacy)
2021-09-22 20:00:00,2021,9,21,14815,6.74,HOEP (Legacy)
2021-09-22 21:00:00,2021,9,22,13895,4.69,HOEP (Legacy)
2021-09-22 22:00:00,2021,9,23,12851,3.27,HOEP (Legacy)
2021-09-22 23:00:00,2021,9,24,12228,1.38,HOEP (Legacy)
2021-09-23 00:00:00,2021,9,1,11887,0.0,HOEP (Legacy)
2021-09-23 01:00:00,2021,9,2,11672,0.0,HOEP (Legacy)
2021-09-23 02:00:00,2021,9,3,11653,1.91,HOEP (Legacy)
2021-09-23 03:00:00,2021,9,4,11653,5.39,HOEP (Legacy)
2021-09-23 04:00:00,2021,9,5,12228,3.82,HOEP (Legacy)
2021-09-23 05:00:00,2021,9,6,13314,5.75,HOEP (Legacy)
2021-09-23 06:00:00,2021,9,7,14506,11.54,HOEP (Legacy)
2021-09-23 07:00:00,2021,9,8,14912,7.32,HOEP (Legacy)
2021-09-23 08:00:00,2021,9,9,15121,28.84,HOEP (Legacy)
2021-09-23 09:00:00,2021,9,10,15277,13.29,HOEP (Legacy)
2021-09-23 10:00:00,2021,9,11,15384,13.27,HOEP (Legacy)
2021-09-23 11:00:00,2021,9,12,15528,39.97,HOEP (Legacy)
2021-09-23 12:00:00,2021,9,13,15532,22.73,HOEP (Legacy)
2021-09-23 13:00:00,2021,9,14,15270,9.05,HOEP (Legacy)
2021-09-23 14:00:00,2021,9,15,15203,10.23,HOEP (Legacy)
2021-09-23 15:00:00,2021,9,16,15384,21.68,HOEP (Legacy)
2021-09-23 16:00:00,2021,9,17,15650,20.13,HOEP (Legacy)
2021-09-23 17:00:00,2021,9,18,15756,16.21,HOEP (Legacy)
2021-09-23 18:00:00,2021,9,19,16119,59.82,HOEP (Legacy)
2021-09-23 19:00:00,2021,9,20,15708,35.98,HOEP (Legacy)
2021-09-23 20:00:00,2021,9,21,14804,7.41,HOEP (Legacy)
2021-09-23 21:00:00,2021,9,22,14004,10.43,HOEP (Legacy)
2021-09-23 22:00:00,2021,9,23,13034,2.79,HOEP (Legacy)
2021-09-23 23:00:00,2021,9,24,12150,0.0,HOEP (Legacy)
2021-09-24 00:00:00,2021,9,1,11722,0.0,HOEP (Legacy)
2021-09-24 01:00:00,2021,9,2,11520,0.47,HOEP (Legacy)
2021-09-24 02:00:00,2021,9,3,11289,0.0,HOEP (Legacy)
2021-09-24 03:00:00,2021,9,4,11261,0.0,HOEP (Legacy)
2021-09-24 04:00:00,2021,9,5,11653,0.0,HOEP (Legacy)
2021-09-24 05:00:00,2021,9,6,12703,4.55,HOEP (Legacy)
2021-09-24 06:00:00,2021,9,7,14090,31.81,HOEP (Legacy)
2021-09-24 07:00:00,2021,9,8,14666,16.11,HOEP (Legacy)
2021-09-24 08:00:00,2021,9,9,14699,14.39,HOEP (Legacy)
2021-09-24 09:00:00,2021,9,10,14590,15.42,HOEP (Legacy)
2021-09-24 10:00:00,2021,9,11,14693,15.41,HOEP (Legacy)
2021-09-24 11:00:00,2021,9,12,14630,9.03,HOEP (Legacy)
2021-09-24 12:00:00,2021,9,13,14350,0.0,HOEP (Legacy)
2021-09-24 13:00:00,2021,9,14,14168,0.0,HOEP (Legacy)
2021-09-24 14:00:00,2021,9,15,14318,2.35,HOEP (Legacy)
2021-09-24 15:00:00,2021,9,16,14610,29.57,HOEP (Legacy)
2021-09-24 16:00:00,2021,9,17,15012,30.13,HOEP (Legacy)
2021-09-24 17:00:00,2021,9,18,15160,44.16,HOEP (Legacy)
2021-09-24 18:00:00,2021,9,19,15446,33.2,HOEP (Legacy)
2021-09-24 19:00:00,2021,9,20,15211,19.85,HOEP (Legacy)
2021-09-24 20:00:00,2021,9,21,14452,14.68,HOEP (Legacy)
2021-09-24 21:00:00,2021,9,22,13419,8.61,HOEP (Legacy)
2021-09-24 22:00:00,2021,9,23,12519,2.16,HOEP (Legacy)
2021-09-24 23:00:00,2021,9,24,11703,0.0,HOEP (Legacy)
2021-09-25 00:00:00,2021,9,1,11331,0.0,HOEP (Legacy)
2021-09-25 01:00:00,2021,9,2,10981,0.0,HOEP (Legacy)
2021-09-25 02:00:00,2021,9,3,10697,0.0,HOEP (Legacy)
2021-09-25 03:00:00,2021,9,4,10600,0.0,HOEP (Legacy)
2021-09-25 04:00:00,2021,9,5,10824,0.0,HOEP (Legacy)
2021-09-25 05:00:00,2021,9,6,11322,0.0,HOEP (Legacy)
2021-09-25 06:00:00,2021,9,7,11893,0.0,HOEP (Legacy)
2021-09-25 07:00:00,2021,9,8,12505,5.81,HOEP (Legacy)
2021-09-25 08:00:00,2021,9,9,13009,6.29,HOEP (Legacy)
2021-09-25 09:00:00,2021,9,10,13351,3.34,HOEP (Legacy)
2021-09-25 10:00:00,2021,9,11,13549,4.32,HOEP (Legacy)
2021-09-25 11:00:00,2021,9,12,13744,3.35,HOEP (Legacy)
2021-09-25 12:00:00,2021,9,13,13537,5.88,HOEP (Legacy)
2021-09-25 13:00:00,2021,9,14,13554,9.54,HOEP (Legacy)
2021-09-25 14:00:00,2021,9,15,13495,5.72,HOEP (Legacy)
2021-09-25 15:00:00,2021,9,16,13897,7.26,HOEP (Legacy)
2021-09-25 16:00:00,2021,9,17,14415,30.04,HOEP (Legacy)
2021-09-25 17:00:00,2021,9,18,14494,51.74,HOEP (Legacy)
2021-09-25 18:00:00,2021,9,19,14662,25.19,HOEP (Legacy)
2021-09-25 19:00:00,2021,9,20,14235,10.17,HOEP (Legacy)
2021-09-25 20:00:00,2021,9,21,13622,4.59,HOEP (Legacy)
2021-09-25 21:00:00,2021,9,22,12762,2.58,HOEP (Legacy)
2021-09-25 22:00:00,2021,9,23,12016,3.63,HOEP (Legacy)
2021-09-25 23:00:00,2021,9,24,11371,3.45,HOEP (Legacy)
2021-09-26 00:00:00,2021,9,1,10998,0.0,HOEP (Legacy)
2021-09-26 01:00:00,2021,9,2,10713,0.0,HOEP (Legacy)
2021-09-26 02:00:00,2021,9,3,10498,0.0,HOEP (Legacy)
2021-09-26 03:00:00,2021,9,4,10426,0.0,HOEP (Legacy)
2021-09-26 04:00:00,2021,9,5,10572,-3.0,HOEP (Legacy)
2021-09-26 05:00:00,2021,9,6,10999,-0.04,HOEP (Legacy)
2021-09-26 06:00:00,2021,9,7,11456,0.0,HOEP (Legacy)
2021-09-26 07:00:00,2021,9,8,11910,8.23,HOEP (Legacy)
2021-09-26 08:00:00,2021,9,9,12175,13.37,HOEP (Legacy)
2021-09-26 09:00:00,2021,9,10,12316,10.38,HOEP (Legacy)
2021-09-26 10:00:00,2021,9,11,12461,12.81,HOEP (Legacy)
2021-09-26 11:00:00,2021,9,12,12584,10.47,HOEP (Legacy)
2021-09-26 12:00:00,2021,9,13,12875,27.98,HOEP (Legacy)
2021-09-26 13:00:00,2021,9,14,13126,36.36,HOEP (Legacy)
2021-09-26 14:00:00,2021,9,15,13274,15.18,HOEP (Legacy)
2021-09-26 15:00:00,2021,9,16,13698,16.73,HOEP (Legacy)
2021-09-26 16:00:00,2021,9,17,14450,41.13,HOEP (Legacy)
2021-09-26 17:00:00,2021,9,18,14675,29.75,HOEP (Legacy)
2021-09-26 18:00:00,2021,9,19,14724,2.35,HOEP (Legacy)
2021-09-26 19:00:00,2021,9,20,14298,0.0,HOEP (Legacy)
2021-09-26 20:00:00,2021,9,21,13738,0.0,HOEP (Legacy)
2021-09-26 21:00:00,2021,9,22,12960,0.4,HOEP (Legacy)
2021-09-26 22:00:00,2021,9,23,12338,4.94,HOEP (Legacy)
2021-09-26 23:00:00,2021,9,24,11515,0.0,HOEP (Legacy)
2021-09-27 00:00:00,2021,9,1,11311,0.0,HOEP (Legacy)
2021-09-27 01:00:00,2021,9,2,10989,0.0,HOEP (Legacy)
2021-09-27 02:00:00,2021,9,3,10873,-0.02,HOEP (Legacy)
2021-09-27 03:00:00,2021,9,4,10968,-0.08,HOEP (Legacy)
2021-09-27 04:00:00,2021,9,5,11490,0.0,HOEP (Legacy)
2021-09-27 05:00:00,2021,9,6,12680,0.47,HOEP (Legacy)
2021-09-27 06:00:00,2021,9,7,13946,29.1,HOEP (Legacy)
2021-09-27 07:00:00,2021,9,8,14644,22.3,HOEP (Legacy)
2021-09-27 08:00:00,2021,9,9,14833,10.54,HOEP (Legacy)
2021-09-27 09:00:00,2021,9,10,14914,12.87,HOEP (Legacy)
2021-09-27 10:00:00,2021,9,11,15127,21.92,HOEP (Legacy)
2021-09-27 11:00:00,2021,9,12,15087,30.13,HOEP (Legacy)
2021-09-27 12:00:00,2021,9,13,15333,41.2,HOEP (Legacy)
2021-09-27 13:00:00,2021,9,14,15415,33.3,HOEP (Legacy)
2021-09-27 14:00:00,2021,9,15,15700,41.83,HOEP (Legacy)
2021-09-27 15:00:00,2021,9,16,16261,40.65,HOEP (Legacy)
2021-09-27 16:00:00,2021,9,17,16760,53.69,HOEP (Legacy)
2021-09-27 17:00:00,2021,9,18,16877,54.21,HOEP (Legacy)
2021-09-27 18:00:00,2021,9,19,16845,41.96,HOEP (Legacy)
2021-09-27 19:00:00,2021,9,20,16331,39.32,HOEP (Legacy)
2021-09-27 20:00:00,2021,9,21,15317,35.5,HOEP (Legacy)
2021-09-27 21:00:00,2021,9,22,14353,37.89,HOEP (Legacy)
2021-09-27 22:00:00,2021,9,23,13432,37.56,HOEP (Legacy)
2021-09-27 23:00:00,2021,9,24,12661,29.55,HOEP (Legacy)
2021-09-28 00:00:00,2021,9,1,12278,27.33,HOEP (Legacy)
2021-09-28 01:00:00,2021,9,2,12035,32.67,HOEP (Legacy)
2021-09-28 02:00:00,2021,9,3,11887,19.72,HOEP (Legacy)
2021-09-28 03:00:00,2021,9,4,11717,14.37,HOEP (Legacy)
2021-09-28 04:00:00,2021,9,5,12108,7.3,HOEP (Legacy)
2021-09-28 05:00:00,2021,9,6,13062,7.96,HOEP (Legacy)
2021-09-28 06:00:00,2021,9,7,14035,30.45,HOEP (Legacy)
2021-09-28 07:00:00,2021,9,8,14502,37.07,HOEP (Legacy)
2021-09-28 08:00:00,2021,9,9,14310,39.85,HOEP (Legacy)
2021-09-28 09:00:00,2021,9,10,13979,13.8,HOEP (Legacy)
2021-09-28 10:00:00,2021,9,11,14110,39.65,HOEP (Legacy)
2021-09-28 11:00:00,2021,9,12,14216,9.52,HOEP (Legacy)
2021-09-28 12:00:00,2021,9,13,14156,8.84,HOEP (Legacy)
2021-09-28 13:00:00,2021,9,14,14167,15.78,HOEP (Legacy)
2021-09-28 14:00:00,2021,9,15,14285,34.33,HOEP (Legacy)
2021-09-28 15:00:00,2021,9,16,14794,33.7,HOEP (Legacy)
2021-09-28 16:00:00,2021,9,17,15727,60.42,HOEP (Legacy)
2021-09-28 17:00:00,2021,9,18,15817,45.51,HOEP (Legacy)
2021-09-28 18:00:00,2021,9,19,16194,72.33,HOEP (Legacy)
2021-09-28 19:00:00,2021,9,20,15867,51.86,HOEP (Legacy)
2021-09-28 20:00:00,2021,9,21,15120,50.31,HOEP (Legacy)
2021-09-28 21:00:00,2021,9,22,14155,23.02,HOEP (Legacy)
2021-09-28 22:00:00,2021,9,23,13165,13.76,HOEP (Legacy)
2021-09-28 23:00:00,2021,9,24,12354,20.43,HOEP (Legacy)
2021-09-29 00:00:00,2021,9,1,11966,39.54,HOEP (Legacy)
2021-09-29 01:00:00,2021,9,2,11783,46.45,HOEP (Legacy)
2021-09-29 02:00:00,2021,9,3,11691,37.52,HOEP (Legacy)
2021-09-29 03:00:00,2021,9,4,11779,43.27,HOEP (Legacy)
2021-09-29 04:00:00,2021,9,5,12245,31.55,HOEP (Legacy)
2021-09-29 05:00:00,2021,9,6,13456,55.22,HOEP (Legacy)
2021-09-29 06:00:00,2021,9,7,14583,98.15,HOEP (Legacy)
2021-09-29 07:00:00,2021,9,8,14922,284.48,HOEP (Legacy)
2021-09-29 08:00:00,2021,9,9,14793,306.65,HOEP (Legacy)
2021-09-29 09:00:00,2021,9,10,14529,47.59,HOEP (Legacy)
2021-09-29 10:00:00,2021,9,11,14563,49.4,HOEP (Legacy)
2021-09-29 11:00:00,2021,9,12,14545,47.87,HOEP (Legacy)
2021-09-29 12:00:00,2021,9,13,14536,48.47,HOEP (Legacy)
2021-09-29 13:00:00,2021,9,14,14708,49.33,HOEP (Legacy)
2021-09-29 14:00:00,2021,9,15,14779,48.95,HOEP (Legacy)
2021-09-29 15:00:00,2021,9,16,15243,40.08,HOEP (Legacy)
2021-09-29 16:00:00,2021,9,17,15850,46.34,HOEP (Legacy)
2021-09-29 17:00:00,2021,9,18,15823,50.4,HOEP (Legacy)
2021-09-29 18:00:00,2021,9,19,16238,51.62,HOEP (Legacy)
2021-09-29 19:00:00,2021,9,20,15889,47.53,HOEP (Legacy)
2021-09-29 20:00:00,2021,9,21,15023,42.89,HOEP (Legacy)
2021-09-29 21:00:00,2021,9,22,14091,30.26,HOEP (Legacy)
2021-09-29 22:00:00,2021,9,23,13206,49.93,HOEP (Legacy)
2021-09-29 23:00:00,2021,9,24,12227,34.4,HOEP (Legacy)
2021-09-30 00:00:00,2021,9,1,11916,13.68,HOEP (Legacy)
2021-09-30 01:00:00,2021,9,2,11675,10.22,HOEP (Legacy)
2021-09-30 02:00:00,2021,9,3,11562,10.19,HOEP (Legacy)
2021-09-30 03:00:00,2021,9,4,11702,14.36,HOEP (Legacy)
2021-09-30 04:00:00,2021,9,5,12167,7.69,HOEP (Legacy)
2021-09-30 05:00:00,2021,9,6,13245,36.64,HOEP (Legacy)
2021-09-30 06:00:00,2021,9,7,14330,48.81,HOEP (Legacy)
2021-09-30 07:00:00,2021,9,8,14676,47.85,HOEP (Legacy)
2021-09-30 08:00:00,2021,9,9,14465,38.49,HOEP (Legacy)
2021-09-30 09:00:00,2021,9,10,14526,43.22,HOEP (Legacy)
2021-09-30 10:00:00,2021,9,11,14650,32.63,HOEP (Legacy)
2021-09-30 11:00:00,2021,9,12,14394,14.39,HOEP (Legacy)
2021-09-30 12:00:00,2021,9,13,14373,39.57,HOEP (Legacy)
2021-09-30 13:00:00,2021,9,14,14356,37.56,HOEP (Legacy)
2021-09-30 14:00:00,2021,9,15,14515,48.44,HOEP (Legacy)
2021-09-30 15:00:00,2021,9,16,14933,44.82,HOEP (Legacy)
2021-09-30 16:00:00,2021,9,17,15468,50.58,HOEP (Legacy)
2021-09-30 17:00:00,2021,9,18,15613,47.83,HOEP (Legacy)
2021-09-30 18:00:00,2021,9,19,16224,53.64,HOEP (Legacy)
2021-09-30 19:00:00,2021,9,20,15807,52.53,HOEP (Legacy)
2021-09-30 20:00:00,2021,9,21,15091,49.78,HOEP (Legacy)
2021-09-30 21:00:00,2021,9,22,14121,48.52,HOEP (Legacy)
2021-09-30 22:00:00,2021,9,23,13097,31.78,HOEP (Legacy)
2021-09-30 23:00:00,2021,9,24,12410,31.17,HOEP (Legacy)
2021-10-01 00:00:00,2021,10,1,12202,111.11,HOEP (Legacy)
2021-10-01 01:00:00,2021,10,2,11910,40.86,HOEP (Legacy)
2021-10-01 02:00:00,2021,10,3,11973,44.63,HOEP (Legacy)
2021-10-01 03:00:00,2021,10,4,12090,46.8,HOEP (Legacy)
2021-10-01 04:00:00,2021,10,5,12498,27.18,HOEP (Legacy)
2021-10-01 05:00:00,2021,10,6,13424,59.97,HOEP (Legacy)
2021-10-01 06:00:00,2021,10,7,14759,133.16,HOEP (Legacy)
2021-10-01 07:00:00,2021,10,8,14967,70.78,HOEP (Legacy)
2021-10-01 08:00:00,2021,10,9,14807,49.33,HOEP (Legacy)
2021-10-01 09:00:00,2021,10,10,14665,49.32,HOEP (Legacy)
2021-10-01 10:00:00,2021,10,11,14458,49.29,HOEP (Legacy)
2021-10-01 11:00:00,2021,10,12,14278,46.09,HOEP (Legacy)
2021-10-01 12:00:00,2021,10,13,14220,40.16,HOEP (Legacy)
2021-10-01 13:00:00,2021,10,14,14201,18.48,HOEP (Legacy)
2021-10-01 14:00:00,2021,10,15,14306,48.55,HOEP (Legacy)
2021-10-01 15:00:00,2021,10,16,14875,49.33,HOEP (Legacy)
2021-10-01 16:00:00,2021,10,17,15359,46.37,HOEP (Legacy)
2021-10-01 17:00:00,2021,10,18,15443,49.79,HOEP (Legacy)
2021-10-01 18:00:00,2021,10,19,15781,49.41,HOEP (Legacy)
2021-10-01 19:00:00,2021,10,20,15322,49.53,HOEP (Legacy)
2021-10-01 20:00:00,2021,10,21,14612,38.93,HOEP (Legacy)
2021-10-01 21:00:00,2021,10,22,13742,27.57,HOEP (Legacy)
2021-10-01 22:00:00,2021,10,23,12963,23.32,HOEP (Legacy)
2021-10-01 23:00:00,2021,10,24,12067,8.61,HOEP (Legacy)
2021-10-02 00:00:00,2021,10,1,11573,0.0,HOEP (Legacy)
2021-10-02 01:00:00,2021,10,2,11341,5.88,HOEP (Legacy)
2021-10-02 02:00:00,2021,10,3,11027,5.83,HOEP (Legacy)
2021-10-02 03:00:00,2021,10,4,11068,19.38,HOEP (Legacy)
2021-10-02 04:00:00,2021,10,5,11463,18.7,HOEP (Legacy)
2021-10-02 05:00:00,2021,10,6,12120,34.47,HOEP (Legacy)
2021-10-02 06:00:00,2021,10,7,12675,32.31,HOEP (Legacy)
2021-10-02 07:00:00,2021,10,8,13374,34.77,HOEP (Legacy)
2021-10-02 08:00:00,2021,10,9,13979,47.88,HOEP (Legacy)
2021-10-02 09:00:00,2021,10,10,14289,48.59,HOEP (Legacy)
2021-10-02 10:00:00,2021,10,11,14427,48.41,HOEP (Legacy)
2021-10-02 11:00:00,2021,10,12,14505,48.44,HOEP (Legacy)
2021-10-02 12:00:00,2021,10,13,14753,50.72,HOEP (Legacy)
2021-10-02 13:00:00,2021,10,14,14623,48.4,HOEP (Legacy)
2021-10-02 14:00:00,2021,10,15,14744,45.72,HOEP (Legacy)
2021-10-02 15:00:00,2021,10,16,15185,49.08,HOEP (Legacy)
2021-10-02 16:00:00,2021,10,17,15635,52.81,HOEP (Legacy)
2021-10-02 17:00:00,2021,10,18,15600,52.88,HOEP (Legacy)
2021-10-02 18:00:00,2021,10,19,15347,51.39,HOEP (Legacy)
2021-10-02 19:00:00,2021,10,20,14830,48.23,HOEP (Legacy)
2021-10-02 20:00:00,2021,10,21,14278,34.33,HOEP (Legacy)
2021-10-02 21:00:00,2021,10,22,13720,28.34,HOEP (Legacy)
2021-10-02 22:00:00,2021,10,23,12888,13.7,HOEP (Legacy)
2021-10-02 23:00:00,2021,10,24,12285,38.97,HOEP (Legacy)
2021-10-03 00:00:00,2021,10,1,11841,89.37,HOEP (Legacy)
2021-10-03 01:00:00,2021,10,2,11637,104.25,HOEP (Legacy)
2021-10-03 02:00:00,2021,10,3,11319,100.7,HOEP (Legacy)
2021-10-03 03:00:00,2021,10,4,11349,81.45,HOEP (Legacy)
2021-10-03 04:00:00,2021,10,5,11477,63.78,HOEP (Legacy)
2021-10-03 05:00:00,2021,10,6,11829,53.98,HOEP (Legacy)
2021-10-03 06:00:00,2021,10,7,12370,38.18,HOEP (Legacy)
2021-10-03 07:00:00,2021,10,8,13115,40.45,HOEP (Legacy)
2021-10-03 08:00:00,2021,10,9,14000,48.14,HOEP (Legacy)
2021-10-03 09:00:00,2021,10,10,14531,51.95,HOEP (Legacy)
2021-10-03 10:00:00,2021,10,11,15009,55.65,HOEP (Legacy)
2021-10-03 11:00:00,2021,10,12,15410,55.93,HOEP (Legacy)
2021-10-03 12:00:00,2021,10,13,15336,57.45,HOEP (Legacy)
2021-10-03 13:00:00,2021,10,14,15097,52.91,HOEP (Legacy)
2021-10-03 14:00:00,2021,10,15,15274,52.94,HOEP (Legacy)
2021-10-03 15:00:00,2021,10,16,15890,53.05,HOEP (Legacy)
2021-10-03 16:00:00,2021,10,17,16240,53.13,HOEP (Legacy)
2021-10-03 17:00:00,2021,10,18,16096,54.5,HOEP (Legacy)
2021-10-03 18:00:00,2021,10,19,16008,53.48,HOEP (Legacy)
2021-10-03 19:00:00,2021,10,20,15450,52.79,HOEP (Legacy)
2021-10-03 20:00:00,2021,10,21,15051,51.18,HOEP (Legacy)
2021-10-03 21:00:00,2021,10,22,14055,51.57,HOEP (Legacy)
2021-10-03 22:00:00,2021,10,23,12986,30.09,HOEP (Legacy)
2021-10-03 23:00:00,2021,10,24,12351,33.45,HOEP (Legacy)
2021-10-04 00:00:00,2021,10,1,11911,44.99,HOEP (Legacy)
2021-10-04 01:00:00,2021,10,2,11663,47.21,HOEP (Legacy)
2021-10-04 02:00:00,2021,10,3,11604,49.05,HOEP (Legacy)
2021-10-04 03:00:00,2021,10,4,11706,38.9,HOEP (Legacy)
2021-10-04 04:00:00,2021,10,5,12175,14.35,HOEP (Legacy)
2021-10-04 05:00:00,2021,10,6,13379,34.0,HOEP (Legacy)
2021-10-04 06:00:00,2021,10,7,14705,42.48,HOEP (Legacy)
2021-10-04 07:00:00,2021,10,8,15451,45.71,HOEP (Legacy)
2021-10-04 08:00:00,2021,10,9,15789,48.67,HOEP (Legacy)
2021-10-04 09:00:00,2021,10,10,15745,48.14,HOEP (Legacy)
2021-10-04 10:00:00,2021,10,11,16024,54.49,HOEP (Legacy)
2021-10-04 11:00:00,2021,10,12,15916,53.27,HOEP (Legacy)
2021-10-04 12:00:00,2021,10,13,15596,51.59,HOEP (Legacy)
2021-10-04 13:00:00,2021,10,14,15503,46.01,HOEP (Legacy)
2021-10-04 14:00:00,2021,10,15,15589,46.42,HOEP (Legacy)
2021-10-04 15:00:00,2021,10,16,16166,45.99,HOEP (Legacy)
2021-10-04 16:00:00,2021,10,17,16584,37.05,HOEP (Legacy)
2021-10-04 17:00:00,2021,10,18,16576,37.53,HOEP (Legacy)
2021-10-04 18:00:00,2021,10,19,16599,42.08,HOEP (Legacy)
2021-10-04 19:00:00,2021,10,20,15986,42.57,HOEP (Legacy)
2021-10-04 20:00:00,2021,10,21,15259,39.12,HOEP (Legacy)
2021-10-04 21:00:00,2021,10,22,14265,45.0,HOEP (Legacy)
2021-10-04 22:00:00,2021,10,23,13154,50.84,HOEP (Legacy)
2021-10-04 23:00:00,2021,10,24,12602,38.29,HOEP (Legacy)
2021-10-05 00:00:00,2021,10,1,12148,38.49,HOEP (Legacy)
2021-10-05 01:00:00,2021,10,2,11907,44.11,HOEP (Legacy)
2021-10-05 02:00:00,2021,10,3,11847,34.03,HOEP (Legacy)
2021-10-05 03:00:00,2021,10,4,11889,39.68,HOEP (Legacy)
2021-10-05 04:00:00,2021,10,5,12391,24.11,HOEP (Legacy)
2021-10-05 05:00:00,2021,10,6,13486,48.49,HOEP (Legacy)
2021-10-05 06:00:00,2021,10,7,14709,60.84,HOEP (Legacy)
2021-10-05 07:00:00,2021,10,8,15417,64.04,HOEP (Legacy)
2021-10-05 08:00:00,2021,10,9,15497,61.71,HOEP (Legacy)
2021-10-05 09:00:00,2021,10,10,15562,58.34,HOEP (Legacy)
2021-10-05 10:00:00,2021,10,11,15545,57.2,HOEP (Legacy)
2021-10-05 11:00:00,2021,10,12,15553,54.4,HOEP (Legacy)
2021-10-05 12:00:00,2021,10,13,15539,53.98,HOEP (Legacy)
2021-10-05 13:00:00,2021,10,14,15565,54.34,HOEP (Legacy)
2021-10-05 14:00:00,2021,10,15,15601,52.69,HOEP (Legacy)
2021-10-05 15:00:00,2021,10,16,15892,53.53,HOEP (Legacy)
2021-10-05 16:00:00,2021,10,17,16260,56.87,HOEP (Legacy)
2021-10-05 17:00:00,2021,10,18,16409,90.22,HOEP (Legacy)
2021-10-05 18:00:00,2021,10,19,16628,64.26,HOEP (Legacy)
2021-10-05 19:00:00,2021,10,20,16273,56.32,HOEP (Legacy)
2021-10-05 20:00:00,2021,10,21,15369,54.13,HOEP (Legacy)
2021-10-05 21:00:00,2021,10,22,14470,56.47,HOEP (Legacy)
2021-10-05 22:00:00,2021,10,23,13537,53.48,HOEP (Legacy)
2021-10-05 23:00:00,2021,10,24,12678,28.61,HOEP (Legacy)
2021-10-06 00:00:00,2021,10,1,12194,32.46,HOEP (Legacy)
2021-10-06 01:00:00,2021,10,2,11972,39.74,HOEP (Legacy)
2021-10-06 02:00:00,2021,10,3,11753,39.45,HOEP (Legacy)
2021-10-06 03:00:00,2021,10,4,12018,45.09,HOEP (Legacy)
2021-10-06 04:00:00,2021,10,5,12483,15.23,HOEP (Legacy)
2021-10-06 05:00:00,2021,10,6,13619,48.39,HOEP (Legacy)
2021-10-06 06:00:00,2021,10,7,14847,56.18,HOEP (Legacy)
2021-10-06 07:00:00,2021,10,8,15165,56.47,HOEP (Legacy)
2021-10-06 08:00:00,2021,10,9,15100,56.29,HOEP (Legacy)
2021-10-06 09:00:00,2021,10,10,15070,56.18,HOEP (Legacy)
2021-10-06 10:00:00,2021,10,11,15107,56.21,HOEP (Legacy)
2021-10-06 11:00:00,2021,10,12,15279,54.38,HOEP (Legacy)
2021-10-06 12:00:00,2021,10,13,15391,55.89,HOEP (Legacy)
2021-10-06 13:00:00,2021,10,14,15373,48.45,HOEP (Legacy)
2021-10-06 14:00:00,2021,10,15,15456,53.17,HOEP (Legacy)
2021-10-06 15:00:00,2021,10,16,15870,51.12,HOEP (Legacy)
2021-10-06 16:00:00,2021,10,17,16345,56.95,HOEP (Legacy)
2021-10-06 17:00:00,2021,10,18,16457,54.9,HOEP (Legacy)
2021-10-06 18:00:00,2021,10,19,16662,57.09,HOEP (Legacy)
2021-10-06 19:00:00,2021,10,20,16308,56.29,HOEP (Legacy)
2021-10-06 20:00:00,2021,10,21,15568,55.52,HOEP (Legacy)
2021-10-06 21:00:00,2021,10,22,14538,52.71,HOEP (Legacy)
2021-10-06 22:00:00,2021,10,23,13456,54.76,HOEP (Legacy)
2021-10-06 23:00:00,2021,10,24,12656,45.42,HOEP (Legacy)
2021-10-07 00:00:00,2021,10,1,12181,47.95,HOEP (Legacy)
2021-10-07 01:00:00,2021,10,2,11845,24.59,HOEP (Legacy)
2021-10-07 02:00:00,2021,10,3,11704,22.05,HOEP (Legacy)
2021-10-07 03:00:00,2021,10,4,11730,37.81,HOEP (Legacy)
2021-10-07 04:00:00,2021,10,5,12463,43.08,HOEP (Legacy)
2021-10-07 05:00:00,2021,10,6,13718,50.3,HOEP (Legacy)
2021-10-07 06:00:00,2021,10,7,15120,58.19,HOEP (Legacy)
2021-10-07 07:00:00,2021,10,8,15664,63.59,HOEP (Legacy)
2021-10-07 08:00:00,2021,10,9,15689,59.66,HOEP (Legacy)
2021-10-07 09:00:00,2021,10,10,15782,57.99,HOEP (Legacy)
2021-10-07 10:00:00,2021,10,11,15761,56.6,HOEP (Legacy)
2021-10-07 11:00:00,2021,10,12,15520,54.45,HOEP (Legacy)
2021-10-07 12:00:00,2021,10,13,15437,56.91,HOEP (Legacy)
2021-10-07 13:00:00,2021,10,14,15829,57.87,HOEP (Legacy)
2021-10-07 14:00:00,2021,10,15,16017,62.36,HOEP (Legacy)
2021-10-07 15:00:00,2021,10,16,16388,58.29,HOEP (Legacy)
2021-10-07 16:00:00,2021,10,17,16915,66.82,HOEP (Legacy)
2021-10-07 17:00:00,2021,10,18,16831,59.56,HOEP (Legacy)
2021-10-07 18:00:00,2021,10,19,16968,61.85,HOEP (Legacy)
2021-10-07 19:00:00,2021,10,20,16597,61.97,HOEP (Legacy)
2021-10-07 20:00:00,2021,10,21,15907,58.25,HOEP (Legacy)
2021-10-07 21:00:00,2021,10,22,14793,56.25,HOEP (Legacy)
2021-10-07 22:00:00,2021,10,23,13632,53.49,HOEP (Legacy)
2021-10-07 23:00:00,2021,10,24,12798,50.41,HOEP (Legacy)
2021-10-08 00:00:00,2021,10,1,12352,44.24,HOEP (Legacy)
2021-10-08 01:00:00,2021,10,2,11936,37.5,HOEP (Legacy)
2021-10-08 02:00:00,2021,10,3,11784,22.94,HOEP (Legacy)
2021-10-08 03:00:00,2021,10,4,11922,22.95,HOEP (Legacy)
2021-10-08 04:00:00,2021,10,5,12404,37.76,HOEP (Legacy)
2021-10-08 05:00:00,2021,10,6,13518,51.65,HOEP (Legacy)
2021-10-08 06:00:00,2021,10,7,14926,54.44,HOEP (Legacy)
2021-10-08 07:00:00,2021,10,8,15368,55.03,HOEP (Legacy)
2021-10-08 08:00:00,2021,10,9,15567,55.07,HOEP (Legacy)
2021-10-08 09:00:00,2021,10,10,15783,56.53,HOEP (Legacy)
2021-10-08 10:00:00,2021,10,11,15870,59.96,HOEP (Legacy)
2021-10-08 11:00:00,2021,10,12,15713,56.05,HOEP (Legacy)
2021-10-08 12:00:00,2021,10,13,15745,59.93,HOEP (Legacy)
2021-10-08 13:00:00,2021,10,14,15589,55.11,HOEP (Legacy)
2021-10-08 14:00:00,2021,10,15,15711,59.17,HOEP (Legacy)
2021-10-08 15:00:00,2021,10,16,16111,71.95,HOEP (Legacy)
2021-10-08 16:00:00,2021,10,17,16340,58.13,HOEP (Legacy)
2021-10-08 17:00:00,2021,10,18,16302,55.91,HOEP (Legacy)
2021-10-08 18:00:00,2021,10,19,16367,56.67,HOEP (Legacy)
2021-10-08 19:00:00,2021,10,20,16006,55.44,HOEP (Legacy)
2021-10-08 20:00:00,2021,10,21,15433,52.14,HOEP (Legacy)
2021-10-08 21:00:00,2021,10,22,14540,51.94,HOEP (Legacy)
2021-10-08 22:00:00,2021,10,23,13418,60.92,HOEP (Legacy)
2021-10-08 23:00:00,2021,10,24,12804,77.1,HOEP (Legacy)
2021-10-09 00:00:00,2021,10,1,12170,138.55,HOEP (Legacy)
2021-10-09 01:00:00,2021,10,2,11690,80.55,HOEP (Legacy)
2021-10-09 02:00:00,2021,10,3,11743,101.66,HOEP (Legacy)
2021-10-09 03:00:00,2021,10,4,11761,62.52,HOEP (Legacy)
2021-10-09 04:00:00,2021,10,5,11823,17.15,HOEP (Legacy)
2021-10-09 05:00:00,2021,10,6,12263,30.93,HOEP (Legacy)
2021-10-09 06:00:00,2021,10,7,13010,49.25,HOEP (Legacy)
2021-10-09 07:00:00,2021,10,8,13661,66.48,HOEP (Legacy)
2021-10-09 08:00:00,2021,10,9,14328,73.0,HOEP (Legacy)
2021-10-09 09:00:00,2021,10,10,14901,83.32,HOEP (Legacy)
2021-10-09 10:00:00,2021,10,11,15165,101.03,HOEP (Legacy)
2021-10-09 11:00:00,2021,10,12,15161,103.56,HOEP (Legacy)
2021-10-09 12:00:00,2021,10,13,15118,123.89,HOEP (Legacy)
2021-10-09 13:00:00,2021,10,14,15128,61.08,HOEP (Legacy)
2021-10-09 14:00:00,2021,10,15,15243,58.94,HOEP (Legacy)
2021-10-09 15:00:00,2021,10,16,15528,69.71,HOEP (Legacy)
2021-10-09 16:00:00,2021,10,17,15905,215.58,HOEP (Legacy)
2021-10-09 17:00:00,2021,10,18,15710,76.44,HOEP (Legacy)
2021-10-09 18:00:00,2021,10,19,15626,100.26,HOEP (Legacy)
2021-10-09 19:00:00,2021,10,20,15097,49.52,HOEP (Legacy)
2021-10-09 20:00:00,2021,10,21,14562,49.18,HOEP (Legacy)
2021-10-09 21:00:00,2021,10,22,13902,44.16,HOEP (Legacy)
2021-10-09 22:00:00,2021,10,23,12930,20.44,HOEP (Legacy)
2021-10-09 23:00:00,2021,10,24,12179,5.37,HOEP (Legacy)
2021-10-10 00:00:00,2021,10,1,11632,14.35,HOEP (Legacy)
2021-10-10 01:00:00,2021,10,2,11381,50.92,HOEP (Legacy)
2021-10-10 02:00:00,2021,10,3,11256,36.85,HOEP (Legacy)
2021-10-10 03:00:00,2021,10,4,11154,14.39,HOEP (Legacy)
2021-10-10 04:00:00,2021,10,5,11254,21.93,HOEP (Legacy)
2021-10-10 05:00:00,2021,10,6,11575,27.64,HOEP (Legacy)
2021-10-10 06:00:00,2021,10,7,12091,13.66,HOEP (Legacy)
2021-10-10 07:00:00,2021,10,8,12775,9.32,HOEP (Legacy)
2021-10-10 08:00:00,2021,10,9,13610,40.26,HOEP (Legacy)
2021-10-10 09:00:00,2021,10,10,14189,60.64,HOEP (Legacy)
2021-10-10 10:00:00,2021,10,11,14657,194.49,HOEP (Legacy)
2021-10-10 11:00:00,2021,10,12,14978,1150.22,HOEP (Legacy)
2021-10-10 12:00:00,2021,10,13,14784,163.86,HOEP (Legacy)
2021-10-10 13:00:00,2021,10,14,14492,27.91,HOEP (Legacy)
2021-10-10 14:00:00,2021,10,15,14529,2.42,HOEP (Legacy)
2021-10-10 15:00:00,2021,10,16,14843,47.24,HOEP (Legacy)
2021-10-10 16:00:00,2021,10,17,15054,47.64,HOEP (Legacy)
2021-10-10 17:00:00,2021,10,18,14900,22.62,HOEP (Legacy)
2021-10-10 18:00:00,2021,10,19,14788,11.6,HOEP (Legacy)
2021-10-10 19:00:00,2021,10,20,14456,28.27,HOEP (Legacy)
2021-10-10 20:00:00,2021,10,21,13872,9.71,HOEP (Legacy)
2021-10-10 21:00:00,2021,10,22,13228,11.03,HOEP (Legacy)
2021-10-10 22:00:00,2021,10,23,12508,13.69,HOEP (Legacy)
2021-10-10 23:00:00,2021,10,24,11914,21.37,HOEP (Legacy)
2021-10-11 00:00:00,2021,10,1,11467,5.86,HOEP (Legacy)
2021-10-11 01:00:00,2021,10,2,11190,13.23,HOEP (Legacy)
2021-10-11 02:00:00,2021,10,3,11003,1.91,HOEP (Legacy)
2021-10-11 03:00:00,2021,10,4,10831,0.95,HOEP (Legacy)
2021-10-11 04:00:00,2021,10,5,10891,2.39,HOEP (Legacy)
2021-10-11 05:00:00,2021,10,6,11316,2.64,HOEP (Legacy)
2021-10-11 06:00:00,2021,10,7,12002,5.58,HOEP (Legacy)
2021-10-11 07:00:00,2021,10,8,12554,23.49,HOEP (Legacy)
2021-10-11 08:00:00,2021,10,9,13034,28.53,HOEP (Legacy)
2021-10-11 09:00:00,2021,10,10,13620,14.38,HOEP (Legacy)
2021-10-11 10:00:00,2021,10,11,13663,13.01,HOEP (Legacy)
2021-10-11 11:00:00,2021,10,12,14235,48.35,HOEP (Legacy)
2021-10-11 12:00:00,2021,10,13,14166,14.37,HOEP (Legacy)
2021-10-11 13:00:00,2021,10,14,14251,10.95,HOEP (Legacy)
2021-10-11 14:00:00,2021,10,15,14600,35.84,HOEP (Legacy)
2021-10-11 15:00:00,2021,10,16,15443,47.64,HOEP (Legacy)
2021-10-11 16:00:00,2021,10,17,15789,48.95,HOEP (Legacy)
2021-10-11 17:00:00,2021,10,18,15732,49.53,HOEP (Legacy)
2021-10-11 18:00:00,2021,10,19,15790,47.51,HOEP (Legacy)
2021-10-11 19:00:00,2021,10,20,15408,30.58,HOEP (Legacy)
2021-10-11 20:00:00,2021,10,21,14632,14.06,HOEP (Legacy)
2021-10-11 21:00:00,2021,10,22,13729,19.65,HOEP (Legacy)
2021-10-11 22:00:00,2021,10,23,12852,19.25,HOEP (Legacy)
2021-10-11 23:00:00,2021,10,24,12193,1.46,HOEP (Legacy)
2021-10-12 00:00:00,2021,10,1,11664,0.47,HOEP (Legacy)
2021-10-12 01:00:00,2021,10,2,11316,0.0,HOEP (Legacy)
2021-10-12 02:00:00,2021,10,3,11136,0.0,HOEP (Legacy)
2021-10-12 03:00:00,2021,10,4,11141,0.0,HOEP (Legacy)
2021-10-12 04:00:00,2021,10,5,11741,0.48,HOEP (Legacy)
2021-10-12 05:00:00,2021,10,6,13362,5.8,HOEP (Legacy)
2021-10-12 06:00:00,2021,10,7,14591,19.77,HOEP (Legacy)
2021-10-12 07:00:00,2021,10,8,14840,25.2,HOEP (Legacy)
2021-10-12 08:00:00,2021,10,9,14955,38.05,HOEP (Legacy)
2021-10-12 09:00:00,2021,10,10,15136,46.94,HOEP (Legacy)
2021-10-12 10:00:00,2021,10,11,15483,46.57,HOEP (Legacy)
2021-10-12 11:00:00,2021,10,12,15826,47.16,HOEP (Legacy)
2021-10-12 12:00:00,2021,10,13,15801,45.7,HOEP (Legacy)
2021-10-12 13:00:00,2021,10,14,15680,40.75,HOEP (Legacy)
2021-10-12 14:00:00,2021,10,15,15786,38.65,HOEP (Legacy)
2021-10-12 15:00:00,2021,10,16,16293,41.17,HOEP (Legacy)
2021-10-12 16:00:00,2021,10,17,17054,54.82,HOEP (Legacy)
2021-10-12 17:00:00,2021,10,18,17241,60.23,HOEP (Legacy)
2021-10-12 18:00:00,2021,10,19,17312,51.9,HOEP (Legacy)
2021-10-12 19:00:00,2021,10,20,16799,45.2,HOEP (Legacy)
2021-10-12 20:00:00,2021,10,21,16063,43.53,HOEP (Legacy)
2021-10-12 21:00:00,2021,10,22,15005,43.42,HOEP (Legacy)
2021-10-12 22:00:00,2021,10,23,13785,40.02,HOEP (Legacy)
2021-10-12 23:00:00,2021,10,24,12900,32.46,HOEP (Legacy)
2021-10-13 00:00:00,2021,10,1,12299,46.22,HOEP (Legacy)
2021-10-13 01:00:00,2021,10,2,11947,51.79,HOEP (Legacy)
2021-10-13 02:00:00,2021,10,3,11760,52.63,HOEP (Legacy)
2021-10-13 03:00:00,2021,10,4,11896,39.87,HOEP (Legacy)
2021-10-13 04:00:00,2021,10,5,12470,16.23,HOEP (Legacy)
2021-10-13 05:00:00,2021,10,6,13797,31.96,HOEP (Legacy)
2021-10-13 06:00:00,2021,10,7,15137,45.09,HOEP (Legacy)
2021-10-13 07:00:00,2021,10,8,15925,47.99,HOEP (Legacy)
2021-10-13 08:00:00,2021,10,9,16016,52.64,HOEP (Legacy)
2021-10-13 09:00:00,2021,10,10,16223,54.42,HOEP (Legacy)
2021-10-13 10:00:00,2021,10,11,16013,53.55,HOEP (Legacy)
2021-10-13 11:00:00,2021,10,12,15998,52.24,HOEP (Legacy)
2021-10-13 12:00:00,2021,10,13,16239,54.88,HOEP (Legacy)
2021-10-13 13:00:00,2021,10,14,16158,56.2,HOEP (Legacy)
2021-10-13 14:00:00,2021,10,15,16137,55.34,HOEP (Legacy)
2021-10-13 15:00:00,2021,10,16,16622,51.08,HOEP (Legacy)
2021-10-13 16:00:00,2021,10,17,17116,62.32,HOEP (Legacy)
2021-10-13 17:00:00,2021,10,18,17280,68.44,HOEP (Legacy)
2021-10-13 18:00:00,2021,10,19,16824,64.38,HOEP (Legacy)
2021-10-13 19:00:00,2021,10,20,16523,48.48,HOEP (Legacy)
2021-10-13 20:00:00,2021,10,21,15771,50.9,HOEP (Legacy)
2021-10-13 21:00:00,2021,10,22,14851,39.4,HOEP (Legacy)
2021-10-13 22:00:00,2021,10,23,13648,25.85,HOEP (Legacy)
2021-10-13 23:00:00,2021,10,24,12742,22.86,HOEP (Legacy)
2021-10-14 00:00:00,2021,10,1,12340,30.64,HOEP (Legacy)
2021-10-14 01:00:00,2021,10,2,12030,25.01,HOEP (Legacy)
2021-10-14 02:00:00,2021,10,3,11819,24.06,HOEP (Legacy)
2021-10-14 03:00:00,2021,10,4,11851,39.7,HOEP (Legacy)
2021-10-14 04:00:00,2021,10,5,12369,13.68,HOEP (Legacy)
2021-10-14 05:00:00,2021,10,6,13602,27.33,HOEP (Legacy)
2021-10-14 06:00:00,2021,10,7,14830,49.8,HOEP (Legacy)
2021-10-14 07:00:00,2021,10,8,15256,47.56,HOEP (Legacy)
2021-10-14 08:00:00,2021,10,9,15462,48.44,HOEP (Legacy)
2021-10-14 09:00:00,2021,10,10,15649,52.8,HOEP (Legacy)
2021-10-14 10:00:00,2021,10,11,15824,56.35,HOEP (Legacy)
2021-10-14 11:00:00,2021,10,12,15884,54.97,HOEP (Legacy)
2021-10-14 12:00:00,2021,10,13,15992,54.77,HOEP (Legacy)
2021-10-14 13:00:00,2021,10,14,16209,53.98,HOEP (Legacy)
2021-10-14 14:00:00,2021,10,15,16203,51.46,HOEP (Legacy)
2021-10-14 15:00:00,2021,10,16,16747,52.11,HOEP (Legacy)
2021-10-14 16:00:00,2021,10,17,16966,57.12,HOEP (Legacy)
2021-10-14 17:00:00,2021,10,18,16761,51.04,HOEP (Legacy)
2021-10-14 18:00:00,2021,10,19,16661,48.36,HOEP (Legacy)
2021-10-14 19:00:00,2021,10,20,16250,48.36,HOEP (Legacy)
2021-10-14 20:00:00,2021,10,21,15732,49.49,HOEP (Legacy)
2021-10-14 21:00:00,2021,10,22,14931,48.27,HOEP (Legacy)
2021-10-14 22:00:00,2021,10,23,13886,47.76,HOEP (Legacy)
2021-10-14 23:00:00,2021,10,24,13066,40.37,HOEP (Legacy)
2021-10-15 00:00:00,2021,10,1,12573,33.99,HOEP (Legacy)
2021-10-15 01:00:00,2021,10,2,12152,47.29,HOEP (Legacy)
2021-10-15 02:00:00,2021,10,3,12015,50.72,HOEP (Legacy)
2021-10-15 03:00:00,2021,10,4,12103,55.42,HOEP (Legacy)
2021-10-15 04:00:00,2021,10,5,12576,10.49,HOEP (Legacy)
2021-10-15 05:00:00,2021,10,6,13672,42.34,HOEP (Legacy)
2021-10-15 06:00:00,2021,10,7,15096,55.42,HOEP (Legacy)
2021-10-15 07:00:00,2021,10,8,15706,61.85,HOEP (Legacy)
2021-10-15 08:00:00,2021,10,9,15994,60.38,HOEP (Legacy)
2021-10-15 09:00:00,2021,10,10,16117,85.27,HOEP (Legacy)
2021-10-15 10:00:00,2021,10,11,16084,62.57,HOEP (Legacy)
2021-10-15 11:00:00,2021,10,12,15961,56.88,HOEP (Legacy)
2021-10-15 12:00:00,2021,10,13,15951,54.76,HOEP (Legacy)
2021-10-15 13:00:00,2021,10,14,16116,58.02,HOEP (Legacy)
2021-10-15 14:00:00,2021,10,15,16104,66.21,HOEP (Legacy)
2021-10-15 15:00:00,2021,10,16,16359,54.52,HOEP (Legacy)
2021-10-15 16:00:00,2021,10,17,16630,75.26,HOEP (Legacy)
2021-10-15 17:00:00,2021,10,18,16598,70.26,HOEP (Legacy)
2021-10-15 18:00:00,2021,10,19,16429,56.77,HOEP (Legacy)
2021-10-15 19:00:00,2021,10,20,15840,49.37,HOEP (Legacy)
2021-10-15 20:00:00,2021,10,21,15111,25.11,HOEP (Legacy)
2021-10-15 21:00:00,2021,10,22,14449,19.75,HOEP (Legacy)
2021-10-15 22:00:00,2021,10,23,13392,32.18,HOEP (Legacy)
2021-10-15 23:00:00,2021,10,24,12747,89.57,HOEP (Legacy)
2021-10-16 00:00:00,2021,10,1,11988,41.96,HOEP (Legacy)
2021-10-16 01:00:00,2021,10,2,11598,12.37,HOEP (Legacy)
2021-10-16 02:00:00,2021,10,3,11513,13.86,HOEP (Legacy)
2021-10-16 03:00:00,2021,10,4,11487,17.47,HOEP (Legacy)
2021-10-16 04:00:00,2021,10,5,11627,43.3,HOEP (Legacy)
2021-10-16 05:00:00,2021,10,6,12060,12.63,HOEP (Legacy)
2021-10-16 06:00:00,2021,10,7,12587,5.35,HOEP (Legacy)
2021-10-16 07:00:00,2021,10,8,13230,1.88,HOEP (Legacy)
2021-10-16 08:00:00,2021,10,9,14117,8.81,HOEP (Legacy)
2021-10-16 09:00:00,2021,10,10,14516,45.51,HOEP (Legacy)
2021-10-16 10:00:00,2021,10,11,14387,23.7,HOEP (Legacy)
2021-10-16 11:00:00,2021,10,12,14264,9.25,HOEP (Legacy)
2021-10-16 12:00:00,2021,10,13,14039,7.63,HOEP (Legacy)
2021-10-16 13:00:00,2021,10,14,13963,0.87,HOEP (Legacy)
2021-10-16 14:00:00,2021,10,15,13686,3.29,HOEP (Legacy)
2021-10-16 15:00:00,2021,10,16,14129,8.95,HOEP (Legacy)
2021-10-16 16:00:00,2021,10,17,14584,10.44,HOEP (Legacy)
2021-10-16 17:00:00,2021,10,18,14898,4.94,HOEP (Legacy)
2021-10-16 18:00:00,2021,10,19,14735,5.87,HOEP (Legacy)
2021-10-16 19:00:00,2021,10,20,14292,3.36,HOEP (Legacy)
2021-10-16 20:00:00,2021,10,21,13762,3.34,HOEP (Legacy)
2021-10-16 21:00:00,2021,10,22,13188,4.51,HOEP (Legacy)
2021-10-16 22:00:00,2021,10,23,12437,6.69,HOEP (Legacy)
2021-10-16 23:00:00,2021,10,24,11878,5.36,HOEP (Legacy)
2021-10-17 00:00:00,2021,10,1,11432,3.82,HOEP (Legacy)
2021-10-17 01:00:00,2021,10,2,11082,0.0,HOEP (Legacy)
2021-10-17 02:00:00,2021,10,3,10949,0.0,HOEP (Legacy)
2021-10-17 03:00:00,2021,10,4,10779,0.0,HOEP (Legacy)
2021-10-17 04:00:00,2021,10,5,10999,0.0,HOEP (Legacy)
2021-10-17 05:00:00,2021,10,6,11445,0.0,HOEP (Legacy)
2021-10-17 06:00:00,2021,10,7,12042,7.38,HOEP (Legacy)
2021-10-17 07:00:00,2021,10,8,12511,13.7,HOEP (Legacy)
2021-10-17 08:00:00,2021,10,9,13023,15.45,HOEP (Legacy)
2021-10-17 09:00:00,2021,10,10,13173,45.78,HOEP (Legacy)
2021-10-17 10:00:00,2021,10,11,13352,8.19,HOEP (Legacy)
2021-10-17 11:00:00,2021,10,12,13252,0.0,HOEP (Legacy)
2021-10-17 12:00:00,2021,10,13,12969,0.0,HOEP (Legacy)
2021-10-17 13:00:00,2021,10,14,12905,0.4,HOEP (Legacy)
2021-10-17 14:00:00,2021,10,15,13294,0.0,HOEP (Legacy)
2021-10-17 15:00:00,2021,10,16,13875,1.88,HOEP (Legacy)
2021-10-17 16:00:00,2021,10,17,14738,32.64,HOEP (Legacy)
2021-10-17 17:00:00,2021,10,18,15061,46.29,HOEP (Legacy)
2021-10-17 18:00:00,2021,10,19,15303,45.65,HOEP (Legacy)
2021-10-17 19:00:00,2021,10,20,14715,23.22,HOEP (Legacy)
2021-10-17 20:00:00,2021,10,21,14064,8.78,HOEP (Legacy)
2021-10-17 21:00:00,2021,10,22,13314,3.45,HOEP (Legacy)
2021-10-17 22:00:00,2021,10,23,12324,0.0,HOEP (Legacy)
2021-10-17 23:00:00,2021,10,24,11887,0.0,HOEP (Legacy)
2021-10-18 00:00:00,2021,10,1,11569,0.0,HOEP (Legacy)
2021-10-18 01:00:00,2021,10,2,11440,0.0,HOEP (Legacy)
2021-10-18 02:00:00,2021,10,3,11475,0.0,HOEP (Legacy)
2021-10-18 03:00:00,2021,10,4,11517,0.0,HOEP (Legacy)
2021-10-18 04:00:00,2021,10,5,12053,1.36,HOEP (Legacy)
2021-10-18 05:00:00,2021,10,6,13380,6.23,HOEP (Legacy)
2021-10-18 06:00:00,2021,10,7,14858,42.41,HOEP (Legacy)
2021-10-18 07:00:00,2021,10,8,15216,46.46,HOEP (Legacy)
2021-10-18 08:00:00,2021,10,9,15003,45.58,HOEP (Legacy)
2021-10-18 09:00:00,2021,10,10,14704,27.02,HOEP (Legacy)
2021-10-18 10:00:00,2021,10,11,14272,11.56,HOEP (Legacy)
2021-10-18 11:00:00,2021,10,12,14131,24.13,HOEP (Legacy)
2021-10-18 12:00:00,2021,10,13,14043,14.37,HOEP (Legacy)
2021-10-18 13:00:00,2021,10,14,13947,14.35,HOEP (Legacy)
2021-10-18 14:00:00,2021,10,15,13974,12.42,HOEP (Legacy)
2021-10-18 15:00:00,2021,10,16,14596,38.23,HOEP (Legacy)
2021-10-18 16:00:00,2021,10,17,15549,51.83,HOEP (Legacy)
2021-10-18 17:00:00,2021,10,18,16311,56.19,HOEP (Legacy)
2021-10-18 18:00:00,2021,10,19,16450,54.4,HOEP (Legacy)
2021-10-18 19:00:00,2021,10,20,15786,48.97,HOEP (Legacy)
2021-10-18 20:00:00,2021,10,21,15192,51.19,HOEP (Legacy)
2021-10-18 21:00:00,2021,10,22,14127,47.36,HOEP (Legacy)
2021-10-18 22:00:00,2021,10,23,12996,39.4,HOEP (Legacy)
2021-10-18 23:00:00,2021,10,24,12302,8.37,HOEP (Legacy)
2021-10-19 00:00:00,2021,10,1,11783,11.62,HOEP (Legacy)
2021-10-19 01:00:00,2021,10,2,11629,14.37,HOEP (Legacy)
2021-10-19 02:00:00,2021,10,3,11526,25.56,HOEP (Legacy)
2021-10-19 03:00:00,2021,10,4,11864,16.62,HOEP (Legacy)
2021-10-19 04:00:00,2021,10,5,12478,31.25,HOEP (Legacy)
2021-10-19 05:00:00,2021,10,6,13720,41.57,HOEP (Legacy)
2021-10-19 06:00:00,2021,10,7,15103,89.05,HOEP (Legacy)
2021-10-19 07:00:00,2021,10,8,15289,44.8,HOEP (Legacy)
2021-10-19 08:00:00,2021,10,9,14941,44.78,HOEP (Legacy)
2021-10-19 09:00:00,2021,10,10,14697,44.55,HOEP (Legacy)
2021-10-19 10:00:00,2021,10,11,14375,44.59,HOEP (Legacy)
2021-10-19 11:00:00,2021,10,12,14049,44.01,HOEP (Legacy)
2021-10-19 12:00:00,2021,10,13,13898,43.34,HOEP (Legacy)
2021-10-19 13:00:00,2021,10,14,13858,30.82,HOEP (Legacy)
2021-10-19 14:00:00,2021,10,15,14051,38.9,HOEP (Legacy)
2021-10-19 15:00:00,2021,10,16,14681,41.15,HOEP (Legacy)
2021-10-19 16:00:00,2021,10,17,15649,46.05,HOEP (Legacy)
2021-10-19 17:00:00,2021,10,18,16138,47.23,HOEP (Legacy)
2021-10-19 18:00:00,2021,10,19,16165,47.18,HOEP (Legacy)
2021-10-19 19:00:00,2021,10,20,15492,43.06,HOEP (Legacy)
2021-10-19 20:00:00,2021,10,21,14708,24.24,HOEP (Legacy)
2021-10-19 21:00:00,2021,10,22,13785,5.65,HOEP (Legacy)
2021-10-19 22:00:00,2021,10,23,12913,2.74,HOEP (Legacy)
2021-10-19 23:00:00,2021,10,24,12079,0.97,HOEP (Legacy)
2021-10-20 00:00:00,2021,10,1,11631,3.77,HOEP (Legacy)
2021-10-20 01:00:00,2021,10,2,11416,13.71,HOEP (Legacy)
2021-10-20 02:00:00,2021,10,3,11472,8.28,HOEP (Legacy)
2021-10-20 03:00:00,2021,10,4,11644,3.71,HOEP (Legacy)
2021-10-20 04:00:00,2021,10,5,12137,1.43,HOEP (Legacy)
2021-10-20 05:00:00,2021,10,6,13331,29.96,HOEP (Legacy)
2021-10-20 06:00:00,2021,10,7,14597,43.2,HOEP (Legacy)
2021-10-20 07:00:00,2021,10,8,14861,43.13,HOEP (Legacy)
2021-10-20 08:00:00,2021,10,9,14613,43.34,HOEP (Legacy)
2021-10-20 09:00:00,2021,10,10,14597,44.86,HOEP (Legacy)
2021-10-20 10:00:00,2021,10,11,14724,45.83,HOEP (Legacy)
2021-10-20 11:00:00,2021,10,12,14866,46.1,HOEP (Legacy)
2021-10-20 12:00:00,2021,10,13,14927,44.99,HOEP (Legacy)
2021-10-20 13:00:00,2021,10,14,14790,34.19,HOEP (Legacy)
2021-10-20 14:00:00,2021,10,15,14714,36.38,HOEP (Legacy)
2021-10-20 15:00:00,2021,10,16,15381,38.54,HOEP (Legacy)
2021-10-20 16:00:00,2021,10,17,15926,44.27,HOEP (Legacy)
2021-10-20 17:00:00,2021,10,18,16271,45.72,HOEP (Legacy)
2021-10-20 18:00:00,2021,10,19,16359,45.6,HOEP (Legacy)
2021-10-20 19:00:00,2021,10,20,15870,42.36,HOEP (Legacy)
2021-10-20 20:00:00,2021,10,21,15088,41.84,HOEP (Legacy)
2021-10-20 21:00:00,2021,10,22,14071,27.61,HOEP (Legacy)
2021-10-20 22:00:00,2021,10,23,12988,24.8,HOEP (Legacy)
2021-10-20 23:00:00,2021,10,24,12135,11.83,HOEP (Legacy)
2021-10-21 00:00:00,2021,10,1,11873,26.23,HOEP (Legacy)
2021-10-21 01:00:00,2021,10,2,11691,19.36,HOEP (Legacy)
2021-10-21 02:00:00,2021,10,3,11600,12.68,HOEP (Legacy)
2021-10-21 03:00:00,2021,10,4,11659,8.92,HOEP (Legacy)
2021-10-21 04:00:00,2021,10,5,12117,14.06,HOEP (Legacy)
2021-10-21 05:00:00,2021,10,6,13321,29.42,HOEP (Legacy)
2021-10-21 06:00:00,2021,10,7,14771,42.61,HOEP (Legacy)
2021-10-21 07:00:00,2021,10,8,15321,43.94,HOEP (Legacy)
2021-10-21 08:00:00,2021,10,9,15713,46.2,HOEP (Legacy)
2021-10-21 09:00:00,2021,10,10,15923,45.05,HOEP (Legacy)
2021-10-21 10:00:00,2021,10,11,15815,44.67,HOEP (Legacy)
2021-10-21 11:00:00,2021,10,12,15422,42.9,HOEP (Legacy)
2021-10-21 12:00:00,2021,10,13,15072,34.01,HOEP (Legacy)
2021-10-21 13:00:00,2021,10,14,14975,32.51,HOEP (Legacy)
2021-10-21 14:00:00,2021,10,15,15338,42.21,HOEP (Legacy)
2021-10-21 15:00:00,2021,10,16,15666,42.66,HOEP (Legacy)
2021-10-21 16:00:00,2021,10,17,15880,22.94,HOEP (Legacy)
2021-10-21 17:00:00,2021,10,18,16042,27.61,HOEP (Legacy)
2021-10-21 18:00:00,2021,10,19,15995,23.59,HOEP (Legacy)
2021-10-21 19:00:00,2021,10,20,15758,20.64,HOEP (Legacy)
2021-10-21 20:00:00,2021,10,21,15081,21.11,HOEP (Legacy)
2021-10-21 21:00:00,2021,10,22,14032,15.9,HOEP (Legacy)
2021-10-21 22:00:00,2021,10,23,12855,2.48,HOEP (Legacy)
2021-10-21 23:00:00,2021,10,24,12479,6.14,HOEP (Legacy)
2021-10-22 00:00:00,2021,10,1,11892,5.2,HOEP (Legacy)
2021-10-22 01:00:00,2021,10,2,11720,7.09,HOEP (Legacy)
2021-10-22 02:00:00,2021,10,3,11885,10.9,HOEP (Legacy)
2021-10-22 03:00:00,2021,10,4,11933,29.18,HOEP (Legacy)
2021-10-22 04:00:00,2021,10,5,12470,25.17,HOEP (Legacy)
2021-10-22 05:00:00,2021,10,6,13679,32.0,HOEP (Legacy)
2021-10-22 06:00:00,2021,10,7,15046,47.01,HOEP (Legacy)
2021-10-22 07:00:00,2021,10,8,15636,45.67,HOEP (Legacy)
2021-10-22 08:00:00,2021,10,9,15642,45.19,HOEP (Legacy)
2021-10-22 09:00:00,2021,10,10,15483,45.88,HOEP (Legacy)
2021-10-22 10:00:00,2021,10,11,15328,46.92,HOEP (Legacy)
2021-10-22 11:00:00,2021,10,12,15206,47.26,HOEP (Legacy)
2021-10-22 12:00:00,2021,10,13,14922,52.48,HOEP (Legacy)
2021-10-22 13:00:00,2021,10,14,14735,49.25,HOEP (Legacy)
2021-10-22 14:00:00,2021,10,15,14755,49.13,HOEP (Legacy)
2021-10-22 15:00:00,2021,10,16,15297,49.29,HOEP (Legacy)
2021-10-22 16:00:00,2021,10,17,15886,45.56,HOEP (Legacy)
2021-10-22 17:00:00,2021,10,18,16169,49.03,HOEP (Legacy)
2021-10-22 18:00:00,2021,10,19,16017,49.04,HOEP (Legacy)
2021-10-22 19:00:00,2021,10,20,15646,48.71,HOEP (Legacy)
2021-10-22 20:00:00,2021,10,21,14999,48.77,HOEP (Legacy)
2021-10-22 21:00:00,2021,10,22,14200,42.59,HOEP (Legacy)
2021-10-22 22:00:00,2021,10,23,13120,41.01,HOEP (Legacy)
2021-10-22 23:00:00,2021,10,24,12423,37.57,HOEP (Legacy)
2021-10-23 00:00:00,2021,10,1,11964,46.62,HOEP (Legacy)
2021-10-23 01:00:00,2021,10,2,11795,33.07,HOEP (Legacy)
2021-10-23 02:00:00,2021,10,3,11712,47.11,HOEP (Legacy)
2021-10-23 03:00:00,2021,10,4,11794,46.15,HOEP (Legacy)
2021-10-23 04:00:00,2021,10,5,11945,42.07,HOEP (Legacy)
2021-10-23 05:00:00,2021,10,6,12600,42.75,HOEP (Legacy)
2021-10-23 06:00:00,2021,10,7,13562,42.38,HOEP (Legacy)
2021-10-23 07:00:00,2021,10,8,14161,47.92,HOEP (Legacy)
2021-10-23 08:00:00,2021,10,9,14106,47.71,HOEP (Legacy)
2021-10-23 09:00:00,2021,10,10,14274,49.62,HOEP (Legacy)
2021-10-23 10:00:00,2021,10,11,14316,46.0,HOEP (Legacy)
2021-10-23 11:00:00,2021,10,12,14065,44.77,HOEP (Legacy)
2021-10-23 12:00:00,2021,10,13,13649,39.22,HOEP (Legacy)
2021-10-23 13:00:00,2021,10,14,13567,38.45,HOEP (Legacy)
2021-10-23 14:00:00,2021,10,15,13859,39.76,HOEP (Legacy)
2021-10-23 15:00:00,2021,10,16,14279,44.75,HOEP (Legacy)
2021-10-23 16:00:00,2021,10,17,14986,44.81,HOEP (Legacy)
2021-10-23 17:00:00,2021,10,18,15435,68.63,HOEP (Legacy)
2021-10-23 18:00:00,2021,10,19,15234,48.36,HOEP (Legacy)
2021-10-23 19:00:00,2021,10,20,14790,45.68,HOEP (Legacy)
2021-10-23 20:00:00,2021,10,21,14272,45.43,HOEP (Legacy)
2021-10-23 21:00:00,2021,10,22,13636,45.76,HOEP (Legacy)
2021-10-23 22:00:00,2021,10,23,12782,36.17,HOEP (Legacy)
2021-10-23 23:00:00,2021,10,24,12159,38.9,HOEP (Legacy)
2021-10-24 00:00:00,2021,10,1,11730,26.61,HOEP (Legacy)
2021-10-24 01:00:00,2021,10,2,11474,28.2,HOEP (Legacy)
2021-10-24 02:00:00,2021,10,3,11478,42.55,HOEP (Legacy)
2021-10-24 03:00:00,2021,10,4,11487,35.45,HOEP (Legacy)
2021-10-24 04:00:00,2021,10,5,11697,42.11,HOEP (Legacy)
2021-10-24 05:00:00,2021,10,6,12322,45.56,HOEP (Legacy)
2021-10-24 06:00:00,2021,10,7,13009,37.27,HOEP (Legacy)
2021-10-24 07:00:00,2021,10,8,13234,44.94,HOEP (Legacy)
2021-10-24 08:00:00,2021,10,9,13367,14.36,HOEP (Legacy)
2021-10-24 09:00:00,2021,10,10,13352,14.36,HOEP (Legacy)
2021-10-24 10:00:00,2021,10,11,13359,14.38,HOEP (Legacy)
2021-10-24 11:00:00,2021,10,12,13338,41.9,HOEP (Legacy)
2021-10-24 12:00:00,2021,10,13,13396,44.9,HOEP (Legacy)
2021-10-24 13:00:00,2021,10,14,13712,48.48,HOEP (Legacy)
2021-10-24 14:00:00,2021,10,15,13893,48.97,HOEP (Legacy)
2021-10-24 15:00:00,2021,10,16,14469,36.54,HOEP (Legacy)
2021-10-24 16:00:00,2021,10,17,15037,43.85,HOEP (Legacy)
2021-10-24 17:00:00,2021,10,18,15514,49.22,HOEP (Legacy)
2021-10-24 18:00:00,2021,10,19,15288,45.92,HOEP (Legacy)
2021-10-24 19:00:00,2021,10,20,14681,42.94,HOEP (Legacy)
2021-10-24 20:00:00,2021,10,21,13937,33.01,HOEP (Legacy)
2021-10-24 21:00:00,2021,10,22,13137,26.32,HOEP (Legacy)
2021-10-24 22:00:00,2021,10,23,12359,10.18,HOEP (Legacy)
2021-10-24 23:00:00,2021,10,24,11829,11.87,HOEP (Legacy)
2021-10-25 00:00:00,2021,10,1,11596,8.05,HOEP (Legacy)
2021-10-25 01:00:00,2021,10,2,11592,3.73,HOEP (Legacy)
2021-10-25 02:00:00,2021,10,3,11507,0.0,HOEP (Legacy)
2021-10-25 03:00:00,2021,10,4,11781,0.0,HOEP (Legacy)
2021-10-25 04:00:00,2021,10,5,12360,5.27,HOEP (Legacy)
2021-10-25 05:00:00,2021,10,6,13571,14.71,HOEP (Legacy)
2021-10-25 06:00:00,2021,10,7,15275,38.7,HOEP (Legacy)
2021-10-25 07:00:00,2021,10,8,15856,45.04,HOEP (Legacy)
2021-10-25 08:00:00,2021,10,9,15847,44.44,HOEP (Legacy)
2021-10-25 09:00:00,2021,10,10,16152,34.42,HOEP (Legacy)
2021-10-25 10:00:00,2021,10,11,16402,26.04,HOEP (Legacy)
2021-10-25 11:00:00,2021,10,12,16269,43.64,HOEP (Legacy)
2021-10-25 12:00:00,2021,10,13,16141,46.75,HOEP (Legacy)
2021-10-25 13:00:00,2021,10,14,16087,45.44,HOEP (Legacy)
2021-10-25 14:00:00,2021,10,15,16033,42.46,HOEP (Legacy)
2021-10-25 15:00:00,2021,10,16,16484,44.5,HOEP (Legacy)
2021-10-25 16:00:00,2021,10,17,16871,45.35,HOEP (Legacy)
2021-10-25 17:00:00,2021,10,18,16854,44.78,HOEP (Legacy)
2021-10-25 18:00:00,2021,10,19,16292,41.94,HOEP (Legacy)
2021-10-25 19:00:00,2021,10,20,15806,11.54,HOEP (Legacy)
2021-10-25 20:00:00,2021,10,21,15131,11.09,HOEP (Legacy)
2021-10-25 21:00:00,2021,10,22,14242,3.87,HOEP (Legacy)
2021-10-25 22:00:00,2021,10,23,13159,2.92,HOEP (Legacy)
2021-10-25 23:00:00,2021,10,24,12619,0.0,HOEP (Legacy)
2021-10-26 00:00:00,2021,10,1,12252,0.0,HOEP (Legacy)
2021-10-26 01:00:00,2021,10,2,12184,0.0,HOEP (Legacy)
2021-10-26 02:00:00,2021,10,3,12147,0.0,HOEP (Legacy)
2021-10-26 03:00:00,2021,10,4,12314,1.42,HOEP (Legacy)
2021-10-26 04:00:00,2021,10,5,12902,11.51,HOEP (Legacy)
2021-10-26 05:00:00,2021,10,6,14075,26.67,HOEP (Legacy)
2021-10-26 06:00:00,2021,10,7,15451,48.09,HOEP (Legacy)
2021-10-26 07:00:00,2021,10,8,16138,50.67,HOEP (Legacy)
2021-10-26 08:00:00,2021,10,9,16262,49.57,HOEP (Legacy)
2021-10-26 09:00:00,2021,10,10,16267,47.0,HOEP (Legacy)
2021-10-26 10:00:00,2021,10,11,16260,23.4,HOEP (Legacy)
2021-10-26 11:00:00,2021,10,12,16082,14.35,HOEP (Legacy)
2021-10-26 12:00:00,2021,10,13,16004,16.64,HOEP (Legacy)
2021-10-26 13:00:00,2021,10,14,15957,14.37,HOEP (Legacy)
2021-10-26 14:00:00,2021,10,15,16002,25.11,HOEP (Legacy)
2021-10-26 15:00:00,2021,10,16,16517,36.94,HOEP (Legacy)
2021-10-26 16:00:00,2021,10,17,16983,50.1,HOEP (Legacy)
2021-10-26 17:00:00,2021,10,18,16997,45.71,HOEP (Legacy)
2021-10-26 18:00:00,2021,10,19,16698,50.49,HOEP (Legacy)
2021-10-26 19:00:00,2021,10,20,16372,23.4,HOEP (Legacy)
2021-10-26 20:00:00,2021,10,21,15701,33.7,HOEP (Legacy)
2021-10-26 21:00:00,2021,10,22,14701,30.09,HOEP (Legacy)
2021-10-26 22:00:00,2021,10,23,13523,25.28,HOEP (Legacy)
2021-10-26 23:00:00,2021,10,24,12822,37.8,HOEP (Legacy)
2021-10-27 00:00:00,2021,10,1,12470,56.95,HOEP (Legacy)
2021-10-27 01:00:00,2021,10,2,12380,55.49,HOEP (Legacy)
2021-10-27 02:00:00,2021,10,3,12263,11.59,HOEP (Legacy)
2021-10-27 03:00:00,2021,10,4,12418,10.98,HOEP (Legacy)
2021-10-27 04:00:00,2021,10,5,12848,12.72,HOEP (Legacy)
2021-10-27 05:00:00,2021,10,6,14166,49.31,HOEP (Legacy)
2021-10-27 06:00:00,2021,10,7,15521,52.88,HOEP (Legacy)
2021-10-27 07:00:00,2021,10,8,15913,53.75,HOEP (Legacy)
2021-10-27 08:00:00,2021,10,9,15653,51.46,HOEP (Legacy)
2021-10-27 09:00:00,2021,10,10,15044,50.84,HOEP (Legacy)
2021-10-27 10:00:00,2021,10,11,14822,50.72,HOEP (Legacy)
2021-10-27 11:00:00,2021,10,12,14657,50.83,HOEP (Legacy)
2021-10-27 12:00:00,2021,10,13,14611,49.2,HOEP (Legacy)
2021-10-27 13:00:00,2021,10,14,14506,37.96,HOEP (Legacy)
2021-10-27 14:00:00,2021,10,15,14679,47.64,HOEP (Legacy)
2021-10-27 15:00:00,2021,10,16,15208,50.64,HOEP (Legacy)
2021-10-27 16:00:00,2021,10,17,15793,51.71,HOEP (Legacy)
2021-10-27 17:00:00,2021,10,18,16252,54.15,HOEP (Legacy)
2021-10-27 18:00:00,2021,10,19,16249,52.95,HOEP (Legacy)
2021-10-27 19:00:00,2021,10,20,15732,51.88,HOEP (Legacy)
2021-10-27 20:00:00,2021,10,21,15053,50.36,HOEP (Legacy)
2021-10-27 21:00:00,2021,10,22,14253,36.47,HOEP (Legacy)
2021-10-27 22:00:00,2021,10,23,13488,39.43,HOEP (Legacy)
2021-10-27 23:00:00,2021,10,24,12810,20.74,HOEP (Legacy)
2021-10-28 00:00:00,2021,10,1,12078,15.37,HOEP (Legacy)
2021-10-28 01:00:00,2021,10,2,11792,4.49,HOEP (Legacy)
2021-10-28 02:00:00,2021,10,3,11914,0.0,HOEP (Legacy)
2021-10-28 03:00:00,2021,10,4,11977,0.0,HOEP (Legacy)
2021-10-28 04:00:00,2021,10,5,12484,1.45,HOEP (Legacy)
2021-10-28 05:00:00,2021,10,6,13803,17.71,HOEP (Legacy)
2021-10-28 06:00:00,2021,10,7,15236,13.65,HOEP (Legacy)
2021-10-28 07:00:00,2021,10,8,15396,14.32,HOEP (Legacy)
2021-10-28 08:00:00,2021,10,9,15207,25.13,HOEP (Legacy)
2021-10-28 09:00:00,2021,10,10,14913,13.81,HOEP (Legacy)
2021-10-28 10:00:00,2021,10,11,14838,14.4,HOEP (Legacy)
2021-10-28 11:00:00,2021,10,12,14602,14.4,HOEP (Legacy)
2021-10-28 12:00:00,2021,10,13,14368,14.06,HOEP (Legacy)
2021-10-28 13:00:00,2021,10,14,14098,8.57,HOEP (Legacy)
2021-10-28 14:00:00,2021,10,15,14236,4.38,HOEP (Legacy)
2021-10-28 15:00:00,2021,10,16,14989,5.76,HOEP (Legacy)
2021-10-28 16:00:00,2021,10,17,15867,10.65,HOEP (Legacy)
2021-10-28 17:00:00,2021,10,18,16215,13.64,HOEP (Legacy)
2021-10-28 18:00:00,2021,10,19,16171,12.95,HOEP (Legacy)
2021-10-28 19:00:00,2021,10,20,15803,13.89,HOEP (Legacy)
2021-10-28 20:00:00,2021,10,21,15317,8.13,HOEP (Legacy)
2021-10-28 21:00:00,2021,10,22,14348,7.78,HOEP (Legacy)
2021-10-28 22:00:00,2021,10,23,13444,5.76,HOEP (Legacy)
2021-10-28 23:00:00,2021,10,24,12808,4.22,HOEP (Legacy)
2021-10-29 00:00:00,2021,10,1,12417,5.68,HOEP (Legacy)
2021-10-29 01:00:00,2021,10,2,12172,0.47,HOEP (Legacy)
2021-10-29 02:00:00,2021,10,3,11988,0.0,HOEP (Legacy)
2021-10-29 03:00:00,2021,10,4,12069,0.0,HOEP (Legacy)
2021-10-29 04:00:00,2021,10,5,12645,0.47,HOEP (Legacy)
2021-10-29 05:00:00,2021,10,6,13840,6.96,HOEP (Legacy)
2021-10-29 06:00:00,2021,10,7,15245,15.85,HOEP (Legacy)
2021-10-29 07:00:00,2021,10,8,15751,31.49,HOEP (Legacy)
2021-10-29 08:00:00,2021,10,9,15595,58.69,HOEP (Legacy)
2021-10-29 09:00:00,2021,10,10,15553,76.02,HOEP (Legacy)
2021-10-29 10:00:00,2021,10,11,15193,16.08,HOEP (Legacy)
2021-10-29 11:00:00,2021,10,12,14918,14.4,HOEP (Legacy)
2021-10-29 12:00:00,2021,10,13,14872,47.87,HOEP (Legacy)
2021-10-29 13:00:00,2021,10,14,14724,13.89,HOEP (Legacy)
2021-10-29 14:00:00,2021,10,15,14955,13.89,HOEP (Legacy)
2021-10-29 15:00:00,2021,10,16,15526,16.4,HOEP (Legacy)
2021-10-29 16:00:00,2021,10,17,15944,14.4,HOEP (Legacy)
2021-10-29 17:00:00,2021,10,18,15982,14.38,HOEP (Legacy)
2021-10-29 18:00:00,2021,10,19,15598,8.48,HOEP (Legacy)
2021-10-29 19:00:00,2021,10,20,15301,14.15,HOEP (Legacy)
2021-10-29 20:00:00,2021,10,21,14761,39.46,HOEP (Legacy)
2021-10-29 21:00:00,2021,10,22,13979,36.8,HOEP (Legacy)
2021-10-29 22:00:00,2021,10,23,13095,8.25,HOEP (Legacy)
2021-10-29 23:00:00,2021,10,24,12456,0.94,HOEP (Legacy)
2021-10-30 00:00:00,2021,10,1,12119,13.42,HOEP (Legacy)
2021-10-30 01:00:00,2021,10,2,11890,10.45,HOEP (Legacy)
2021-10-30 02:00:00,2021,10,3,11761,1.97,HOEP (Legacy)
2021-10-30 03:00:00,2021,10,4,11776,8.56,HOEP (Legacy)
2021-10-30 04:00:00,2021,10,5,11963,13.77,HOEP (Legacy)
2021-10-30 05:00:00,2021,10,6,12609,33.8,HOEP (Legacy)
2021-10-30 06:00:00,2021,10,7,13471,34.35,HOEP (Legacy)
2021-10-30 07:00:00,2021,10,8,14227,42.36,HOEP (Legacy)
2021-10-30 08:00:00,2021,10,9,14945,45.3,HOEP (Legacy)
2021-10-30 09:00:00,2021,10,10,15287,49.06,HOEP (Legacy)
2021-10-30 10:00:00,2021,10,11,15626,57.62,HOEP (Legacy)
2021-10-30 11:00:00,2021,10,12,15456,49.5,HOEP (Legacy)
2021-10-30 12:00:00,2021,10,13,15283,48.86,HOEP (Legacy)
2021-10-30 13:00:00,2021,10,14,15222,49.01,HOEP (Legacy)
2021-10-30 14:00:00,2021,10,15,15242,50.9,HOEP (Legacy)
2021-10-30 15:00:00,2021,10,16,15547,50.95,HOEP (Legacy)
2021-10-30 16:00:00,2021,10,17,15986,51.55,HOEP (Legacy)
2021-10-30 17:00:00,2021,10,18,15854,51.54,HOEP (Legacy)
2021-10-30 18:00:00,2021,10,19,15290,49.82,HOEP (Legacy)
2021-10-30 19:00:00,2021,10,20,14803,49.91,HOEP (Legacy)
2021-10-30 20:00:00,2021,10,21,14304,48.65,HOEP (Legacy)
2021-10-30 21:00:00,2021,10,22,13685,49.01,HOEP (Legacy)
2021-10-30 22:00:00,2021,10,23,12935,33.86,HOEP (Legacy)
2021-10-30 23:00:00,2021,10,24,12306,39.98,HOEP (Legacy)
2021-10-31 00:00:00,2021,10,1,11955,33.92,HOEP (Legacy)
2021-10-31 01:00:00,2021,10,2,11691,50.94,HOEP (Legacy)
2021-10-31 02:00:00,2021,10,3,11601,43.96,HOEP (Legacy)
2021-10-31 03:00:00,2021,10,4,11543,14.37,HOEP (Legacy)
2021-10-31 04:00:00,2021,10,5,11645,19.41,HOEP (Legacy)
2021-10-31 05:00:00,2021,10,6,12095,46.65,HOEP (Legacy)
2021-10-31 06:00:00,2021,10,7,12624,29.53,HOEP (Legacy)
2021-10-31 07:00:00,2021,10,8,13256,27.82,HOEP (Legacy)
2021-10-31 08:00:00,2021,10,9,13847,49.77,HOEP (Legacy)
2021-10-31 09:00:00,2021,10,10,14220,18.29,HOEP (Legacy)
2021-10-31 10:00:00,2021,10,11,14193,7.81,HOEP (Legacy)
2021-10-31 11:00:00,2021,10,12,13841,6.79,HOEP (Legacy)
2021-10-31 12:00:00,2021,10,13,13485,7.43,HOEP (Legacy)
2021-10-31 13:00:00,2021,10,14,13368,8.13,HOEP (Legacy)
2021-10-31 14:00:00,2021,10,15,13844,14.06,HOEP (Legacy)
2021-10-31 15:00:00,2021,10,16,14637,14.38,HOEP (Legacy)
2021-10-31 16:00:00,2021,10,17,15106,12.84,HOEP (Legacy)
2021-10-31 17:00:00,2021,10,18,14817,1.28,HOEP (Legacy)
2021-10-31 18:00:00,2021,10,19,14372,2.26,HOEP (Legacy)
2021-10-31 19:00:00,2021,10,20,14174,0.0,HOEP (Legacy)
2021-10-31 20:00:00,2021,10,21,13768,2.47,HOEP (Legacy)
2021-10-31 21:00:00,2021,10,22,13000,0.0,HOEP (Legacy)
2021-10-31 22:00:00,2021,10,23,12331,0.0,HOEP (Legacy)
2021-10-31 23:00:00,2021,10,24,11889,0.0,HOEP (Legacy)
2021-11-01 00:00:00,2021,11,1,11808,0.0,HOEP (Legacy)
2021-11-01 01:00:00,2021,11,2,11638,0.0,HOEP (Legacy)
2021-11-01 02:00:00,2021,11,3,11605,0.0,HOEP (Legacy)
2021-11-01 03:00:00,2021,11,4,11751,0.0,HOEP (Legacy)
2021-11-01 04:00:00,2021,11,5,12418,0.48,HOEP (Legacy)
2021-11-01 05:00:00,2021,11,6,13654,5.71,HOEP (Legacy)
2021-11-01 06:00:00,2021,11,7,15202,34.55,HOEP (Legacy)
2021-11-01 07:00:00,2021,11,8,15590,21.98,HOEP (Legacy)
2021-11-01 08:00:00,2021,11,9,15112,14.23,HOEP (Legacy)
2021-11-01 09:00:00,2021,11,10,14561,16.03,HOEP (Legacy)
2021-11-01 10:00:00,2021,11,11,14451,11.81,HOEP (Legacy)
2021-11-01 11:00:00,2021,11,12,14505,1.45,HOEP (Legacy)
2021-11-01 12:00:00,2021,11,13,14628,2.82,HOEP (Legacy)
2021-11-01 13:00:00,2021,11,14,14796,5.8,HOEP (Legacy)
2021-11-01 14:00:00,2021,11,15,15130,24.16,HOEP (Legacy)
2021-11-01 15:00:00,2021,11,16,15959,22.17,HOEP (Legacy)
2021-11-01 16:00:00,2021,11,17,16809,37.6,HOEP (Legacy)
2021-11-01 17:00:00,2021,11,18,17328,48.54,HOEP (Legacy)
2021-11-01 18:00:00,2021,11,19,16994,38.33,HOEP (Legacy)
2021-11-01 19:00:00,2021,11,20,16215,11.92,HOEP (Legacy)
2021-11-01 20:00:00,2021,11,21,15633,5.64,HOEP (Legacy)
2021-11-01 21:00:00,2021,11,22,14872,9.18,HOEP (Legacy)
2021-11-01 22:00:00,2021,11,23,13911,9.47,HOEP (Legacy)
2021-11-01 23:00:00,2021,11,24,13181,4.11,HOEP (Legacy)
2021-11-02 00:00:00,2021,11,1,12825,3.4,HOEP (Legacy)
2021-11-02 01:00:00,2021,11,2,12528,0.0,HOEP (Legacy)
2021-11-02 02:00:00,2021,11,3,12742,7.73,HOEP (Legacy)
2021-11-02 03:00:00,2021,11,4,12877,14.38,HOEP (Legacy)
2021-11-02 04:00:00,2021,11,5,13297,14.39,HOEP (Legacy)
2021-11-02 05:00:00,2021,11,6,14391,25.03,HOEP (Legacy)
2021-11-02 06:00:00,2021,11,7,15968,39.9,HOEP (Legacy)
2021-11-02 07:00:00,2021,11,8,16270,46.26,HOEP (Legacy)
2021-11-02 08:00:00,2021,11,9,16164,45.9,HOEP (Legacy)
2021-11-02 09:00:00,2021,11,10,15542,47.16,HOEP (Legacy)
2021-11-02 10:00:00,2021,11,11,15355,40.4,HOEP (Legacy)
2021-11-02 11:00:00,2021,11,12,15301,45.26,HOEP (Legacy)
2021-11-02 12:00:00,2021,11,13,15379,50.17,HOEP (Legacy)
2021-11-02 13:00:00,2021,11,14,15365,46.16,HOEP (Legacy)
2021-11-02 14:00:00,2021,11,15,15500,46.38,HOEP (Legacy)
2021-11-02 15:00:00,2021,11,16,16209,43.74,HOEP (Legacy)
2021-11-02 16:00:00,2021,11,17,16873,46.67,HOEP (Legacy)
2021-11-02 17:00:00,2021,11,18,17154,48.03,HOEP (Legacy)
2021-11-02 18:00:00,2021,11,19,17175,47.19,HOEP (Legacy)
2021-11-02 19:00:00,2021,11,20,16713,46.66,HOEP (Legacy)
2021-11-02 20:00:00,2021,11,21,15996,39.76,HOEP (Legacy)
2021-11-02 21:00:00,2021,11,22,15043,13.71,HOEP (Legacy)
2021-11-02 22:00:00,2021,11,23,14009,22.23,HOEP (Legacy)
2021-11-02 23:00:00,2021,11,24,13391,36.86,HOEP (Legacy)
2021-11-03 00:00:00,2021,11,1,13185,36.02,HOEP (Legacy)
2021-11-03 01:00:00,2021,11,2,12832,58.19,HOEP (Legacy)
2021-11-03 02:00:00,2021,11,3,12829,49.15,HOEP (Legacy)
2021-11-03 03:00:00,2021,11,4,13008,48.47,HOEP (Legacy)
2021-11-03 04:00:00,2021,11,5,13332,45.18,HOEP (Legacy)
2021-11-03 05:00:00,2021,11,6,14801,48.6,HOEP (Legacy)
2021-11-03 06:00:00,2021,11,7,16352,66.52,HOEP (Legacy)
2021-11-03 07:00:00,2021,11,8,16706,56.76,HOEP (Legacy)
2021-11-03 08:00:00,2021,11,9,16466,54.2,HOEP (Legacy)
2021-11-03 09:00:00,2021,11,10,15897,48.93,HOEP (Legacy)
2021-11-03 10:00:00,2021,11,11,15414,48.59,HOEP (Legacy)
2021-11-03 11:00:00,2021,11,12,15114,48.61,HOEP (Legacy)
2021-11-03 12:00:00,2021,11,13,15065,32.55,HOEP (Legacy)
2021-11-03 13:00:00,2021,11,14,15523,48.58,HOEP (Legacy)
2021-11-03 14:00:00,2021,11,15,15913,48.6,HOEP (Legacy)
2021-11-03 15:00:00,2021,11,16,16553,48.84,HOEP (Legacy)
2021-11-03 16:00:00,2021,11,17,17342,57.53,HOEP (Legacy)
2021-11-03 17:00:00,2021,11,18,17639,61.63,HOEP (Legacy)
2021-11-03 18:00:00,2021,11,19,17516,54.68,HOEP (Legacy)
2021-11-03 19:00:00,2021,11,20,17177,51.77,HOEP (Legacy)
2021-11-03 20:00:00,2021,11,21,16387,48.63,HOEP (Legacy)
2021-11-03 21:00:00,2021,11,22,15451,46.63,HOEP (Legacy)
2021-11-03 22:00:00,2021,11,23,14371,43.3,HOEP (Legacy)
2021-11-03 23:00:00,2021,11,24,13650,47.4,HOEP (Legacy)
2021-11-04 00:00:00,2021,11,1,13380,42.32,HOEP (Legacy)
2021-11-04 01:00:00,2021,11,2,13206,26.56,HOEP (Legacy)
2021-11-04 02:00:00,2021,11,3,13156,22.83,HOEP (Legacy)
2021-11-04 03:00:00,2021,11,4,13300,31.53,HOEP (Legacy)
2021-11-04 04:00:00,2021,11,5,13883,32.12,HOEP (Legacy)
2021-11-04 05:00:00,2021,11,6,15118,52.68,HOEP (Legacy)
2021-11-04 06:00:00,2021,11,7,16701,75.31,HOEP (Legacy)
2021-11-04 07:00:00,2021,11,8,16903,62.74,HOEP (Legacy)
2021-11-04 08:00:00,2021,11,9,16669,66.57,HOEP (Legacy)
2021-11-04 09:00:00,2021,11,10,16293,57.27,HOEP (Legacy)
2021-11-04 10:00:00,2021,11,11,15801,51.02,HOEP (Legacy)
2021-11-04 11:00:00,2021,11,12,15624,50.82,HOEP (Legacy)
2021-11-04 12:00:00,2021,11,13,15958,50.72,HOEP (Legacy)
2021-11-04 13:00:00,2021,11,14,15815,50.75,HOEP (Legacy)
2021-11-04 14:00:00,2021,11,15,16083,50.38,HOEP (Legacy)
2021-11-04 15:00:00,2021,11,16,16677,53.0,HOEP (Legacy)
2021-11-04 16:00:00,2021,11,17,17345,57.18,HOEP (Legacy)
2021-11-04 17:00:00,2021,11,18,17598,58.69,HOEP (Legacy)
2021-11-04 18:00:00,2021,11,19,17482,57.68,HOEP (Legacy)
2021-11-04 19:00:00,2021,11,20,17061,55.72,HOEP (Legacy)
2021-11-04 20:00:00,2021,11,21,16449,50.98,HOEP (Legacy)
2021-11-04 21:00:00,2021,11,22,15557,50.88,HOEP (Legacy)
2021-11-04 22:00:00,2021,11,23,14490,47.97,HOEP (Legacy)
2021-11-04 23:00:00,2021,11,24,13746,51.57,HOEP (Legacy)
2021-11-05 00:00:00,2021,11,1,13339,54.57,HOEP (Legacy)
2021-11-05 01:00:00,2021,11,2,13097,49.92,HOEP (Legacy)
2021-11-05 02:00:00,2021,11,3,13000,45.67,HOEP (Legacy)
2021-11-05 03:00:00,2021,11,4,13013,19.57,HOEP (Legacy)
2021-11-05 04:00:00,2021,11,5,13609,16.81,HOEP (Legacy)
2021-11-05 05:00:00,2021,11,6,14813,55.18,HOEP (Legacy)
2021-11-05 06:00:00,2021,11,7,16411,60.33,HOEP (Legacy)
2021-11-05 07:00:00,2021,11,8,16755,67.05,HOEP (Legacy)
2021-11-05 08:00:00,2021,11,9,16240,57.94,HOEP (Legacy)
2021-11-05 09:00:00,2021,11,10,15734,51.96,HOEP (Legacy)
2021-11-05 10:00:00,2021,11,11,15258,43.42,HOEP (Legacy)
2021-11-05 11:00:00,2021,11,12,14907,51.64,HOEP (Legacy)
2021-11-05 12:00:00,2021,11,13,14668,43.17,HOEP (Legacy)
2021-11-05 13:00:00,2021,11,14,14571,23.74,HOEP (Legacy)
2021-11-05 14:00:00,2021,11,15,14788,15.81,HOEP (Legacy)
2021-11-05 15:00:00,2021,11,16,15296,14.84,HOEP (Legacy)
2021-11-05 16:00:00,2021,11,17,16086,51.27,HOEP (Legacy)
2021-11-05 17:00:00,2021,11,18,16557,54.18,HOEP (Legacy)
2021-11-05 18:00:00,2021,11,19,16489,51.41,HOEP (Legacy)
2021-11-05 19:00:00,2021,11,20,16133,51.62,HOEP (Legacy)
2021-11-05 20:00:00,2021,11,21,15566,51.28,HOEP (Legacy)
2021-11-05 21:00:00,2021,11,22,14735,46.43,HOEP (Legacy)
2021-11-05 22:00:00,2021,11,23,13740,39.29,HOEP (Legacy)
2021-11-05 23:00:00,2021,11,24,12993,13.14,HOEP (Legacy)
2021-11-06 00:00:00,2021,11,1,12800,14.36,HOEP (Legacy)
2021-11-06 01:00:00,2021,11,2,12427,52.0,HOEP (Legacy)
2021-11-06 02:00:00,2021,11,3,12407,48.35,HOEP (Legacy)
2021-11-06 03:00:00,2021,11,4,12452,31.88,HOEP (Legacy)
2021-11-06 04:00:00,2021,11,5,12603,13.15,HOEP (Legacy)
2021-11-06 05:00:00,2021,11,6,13186,1.0,HOEP (Legacy)
2021-11-06 06:00:00,2021,11,7,13829,22.05,HOEP (Legacy)
2021-11-06 07:00:00,2021,11,8,14487,50.18,HOEP (Legacy)
2021-11-06 08:00:00,2021,11,9,14763,50.94,HOEP (Legacy)
2021-11-06 09:00:00,2021,11,10,14532,50.21,HOEP (Legacy)
2021-11-06 10:00:00,2021,11,11,14176,41.54,HOEP (Legacy)
2021-11-06 11:00:00,2021,11,12,13820,6.17,HOEP (Legacy)
2021-11-06 12:00:00,2021,11,13,13564,11.79,HOEP (Legacy)
2021-11-06 13:00:00,2021,11,14,13353,14.33,HOEP (Legacy)
2021-11-06 14:00:00,2021,11,15,13581,13.66,HOEP (Legacy)
2021-11-06 15:00:00,2021,11,16,14463,17.62,HOEP (Legacy)
2021-11-06 16:00:00,2021,11,17,15477,48.72,HOEP (Legacy)
2021-11-06 17:00:00,2021,11,18,15765,48.95,HOEP (Legacy)
2021-11-06 18:00:00,2021,11,19,15216,44.32,HOEP (Legacy)
2021-11-06 19:00:00,2021,11,20,14666,19.36,HOEP (Legacy)
2021-11-06 20:00:00,2021,11,21,14243,60.67,HOEP (Legacy)
2021-11-06 21:00:00,2021,11,22,13674,43.25,HOEP (Legacy)
2021-11-06 22:00:00,2021,11,23,13089,35.24,HOEP (Legacy)
2021-11-06 23:00:00,2021,11,24,12617,13.15,HOEP (Legacy)
2021-11-07 00:00:00,2021,11,1,12247,24.1,HOEP (Legacy)
2021-11-07 01:00:00,2021,11,2,11949,14.38,HOEP (Legacy)
2021-11-07 02:00:00,2021,11,3,11838,24.36,HOEP (Legacy)
2021-11-07 03:00:00,2021,11,4,11783,24.36,HOEP (Legacy)
2021-11-07 04:00:00,2021,11,5,11891,45.33,HOEP (Legacy)
2021-11-07 05:00:00,2021,11,6,12228,46.66,HOEP (Legacy)
2021-11-07 06:00:00,2021,11,7,12875,39.67,HOEP (Legacy)
2021-11-07 07:00:00,2021,11,8,13385,33.85,HOEP (Legacy)
2021-11-07 08:00:00,2021,11,9,13537,14.37,HOEP (Legacy)
2021-11-07 09:00:00,2021,11,10,13572,44.55,HOEP (Legacy)
2021-11-07 10:00:00,2021,11,11,13515,48.84,HOEP (Legacy)
2021-11-07 11:00:00,2021,11,12,13319,46.48,HOEP (Legacy)
2021-11-07 12:00:00,2021,11,13,13347,28.5,HOEP (Legacy)
2021-11-07 13:00:00,2021,11,14,13185,38.75,HOEP (Legacy)
2021-11-07 14:00:00,2021,11,15,13357,27.55,HOEP (Legacy)
2021-11-07 15:00:00,2021,11,16,14094,36.42,HOEP (Legacy)
2021-11-07 16:00:00,2021,11,17,15239,45.95,HOEP (Legacy)
2021-11-07 17:00:00,2021,11,18,16158,52.41,HOEP (Legacy)
2021-11-07 18:00:00,2021,11,19,15793,52.01,HOEP (Legacy)
2021-11-07 19:00:00,2021,11,20,15355,54.13,HOEP (Legacy)
2021-11-07 20:00:00,2021,11,21,14898,52.04,HOEP (Legacy)
2021-11-07 21:00:00,2021,11,22,14292,27.36,HOEP (Legacy)
2021-11-07 22:00:00,2021,11,23,13509,20.1,HOEP (Legacy)
2021-11-07 23:00:00,2021,11,24,12852,16.74,HOEP (Legacy)
2021-11-08 00:00:00,2021,11,1,12483,19.66,HOEP (Legacy)
2021-11-08 01:00:00,2021,11,2,12225,20.09,HOEP (Legacy)
2021-11-08 02:00:00,2021,11,3,12067,21.98,HOEP (Legacy)
2021-11-08 03:00:00,2021,11,4,11931,14.35,HOEP (Legacy)
2021-11-08 04:00:00,2021,11,5,11971,14.32,HOEP (Legacy)
2021-11-08 05:00:00,2021,11,6,12746,1.68,HOEP (Legacy)
2021-11-08 06:00:00,2021,11,7,13933,30.54,HOEP (Legacy)
2021-11-08 07:00:00,2021,11,8,15300,47.84,HOEP (Legacy)
2021-11-08 08:00:00,2021,11,9,15241,47.85,HOEP (Legacy)
2021-11-08 09:00:00,2021,11,10,14720,48.35,HOEP (Legacy)
2021-11-08 10:00:00,2021,11,11,14510,50.0,HOEP (Legacy)
2021-11-08 11:00:00,2021,11,12,14349,47.77,HOEP (Legacy)
2021-11-08 12:00:00,2021,11,13,14126,39.34,HOEP (Legacy)
2021-11-08 13:00:00,2021,11,14,14090,26.7,HOEP (Legacy)
2021-11-08 14:00:00,2021,11,15,14400,35.0,HOEP (Legacy)
2021-11-08 15:00:00,2021,11,16,14986,47.28,HOEP (Legacy)
2021-11-08 16:00:00,2021,11,17,15999,48.67,HOEP (Legacy)
2021-11-08 17:00:00,2021,11,18,16727,51.77,HOEP (Legacy)
2021-11-08 18:00:00,2021,11,19,16592,49.44,HOEP (Legacy)
2021-11-08 19:00:00,2021,11,20,16077,49.06,HOEP (Legacy)
2021-11-08 20:00:00,2021,11,21,15568,49.1,HOEP (Legacy)
2021-11-08 21:00:00,2021,11,22,14911,49.15,HOEP (Legacy)
2021-11-08 22:00:00,2021,11,23,13931,48.27,HOEP (Legacy)
2021-11-08 23:00:00,2021,11,24,13211,27.63,HOEP (Legacy)
2021-11-09 00:00:00,2021,11,1,12629,31.0,HOEP (Legacy)
2021-11-09 01:00:00,2021,11,2,12379,63.91,HOEP (Legacy)
2021-11-09 02:00:00,2021,11,3,12170,53.72,HOEP (Legacy)
2021-11-09 03:00:00,2021,11,4,12083,44.29,HOEP (Legacy)
2021-11-09 04:00:00,2021,11,5,12280,17.2,HOEP (Legacy)
2021-11-09 05:00:00,2021,11,6,13035,41.15,HOEP (Legacy)
2021-11-09 06:00:00,2021,11,7,14247,49.64,HOEP (Legacy)
2021-11-09 07:00:00,2021,11,8,15273,52.12,HOEP (Legacy)
2021-11-09 08:00:00,2021,11,9,15554,53.25,HOEP (Legacy)
2021-11-09 09:00:00,2021,11,10,15319,53.17,HOEP (Legacy)
2021-11-09 10:00:00,2021,11,11,15052,52.76,HOEP (Legacy)
2021-11-09 11:00:00,2021,11,12,15172,53.59,HOEP (Legacy)
2021-11-09 12:00:00,2021,11,13,15294,55.33,HOEP (Legacy)
2021-11-09 13:00:00,2021,11,14,15715,57.77,HOEP (Legacy)
2021-11-09 14:00:00,2021,11,15,16017,53.65,HOEP (Legacy)
2021-11-09 15:00:00,2021,11,16,16148,52.68,HOEP (Legacy)
2021-11-09 16:00:00,2021,11,17,16771,59.97,HOEP (Legacy)
2021-11-09 17:00:00,2021,11,18,17471,95.32,HOEP (Legacy)
2021-11-09 18:00:00,2021,11,19,16928,54.71,HOEP (Legacy)
2021-11-09 19:00:00,2021,11,20,16553,54.26,HOEP (Legacy)
2021-11-09 20:00:00,2021,11,21,16060,52.75,HOEP (Legacy)
2021-11-09 21:00:00,2021,11,22,15461,52.35,HOEP (Legacy)
2021-11-09 22:00:00,2021,11,23,14499,51.42,HOEP (Legacy)
2021-11-09 23:00:00,2021,11,24,13538,49.64,HOEP (Legacy)
2021-11-10 00:00:00,2021,11,1,13190,49.59,HOEP (Legacy)
2021-11-10 01:00:00,2021,11,2,12777,42.06,HOEP (Legacy)
2021-11-10 02:00:00,2021,11,3,12366,42.36,HOEP (Legacy)
2021-11-10 03:00:00,2021,11,4,12427,40.94,HOEP (Legacy)
2021-11-10 04:00:00,2021,11,5,12558,36.35,HOEP (Legacy)
2021-11-10 05:00:00,2021,11,6,13184,44.42,HOEP (Legacy)
2021-11-10 06:00:00,2021,11,7,14630,48.7,HOEP (Legacy)
2021-11-10 07:00:00,2021,11,8,15794,66.48,HOEP (Legacy)
2021-11-10 08:00:00,2021,11,9,15629,52.0,HOEP (Legacy)
2021-11-10 09:00:00,2021,11,10,15023,45.12,HOEP (Legacy)
2021-11-10 10:00:00,2021,11,11,14733,44.98,HOEP (Legacy)
2021-11-10 11:00:00,2021,11,12,14617,44.96,HOEP (Legacy)
2021-11-10 12:00:00,2021,11,13,14505,45.08,HOEP (Legacy)
2021-11-10 13:00:00,2021,11,14,14535,45.04,HOEP (Legacy)
2021-11-10 14:00:00,2021,11,15,14835,48.57,HOEP (Legacy)
2021-11-10 15:00:00,2021,11,16,15481,47.78,HOEP (Legacy)
2021-11-10 16:00:00,2021,11,17,16524,50.01,HOEP (Legacy)
2021-11-10 17:00:00,2021,11,18,17509,53.8,HOEP (Legacy)
2021-11-10 18:00:00,2021,11,19,17226,51.99,HOEP (Legacy)
2021-11-10 19:00:00,2021,11,20,16859,49.89,HOEP (Legacy)
2021-11-10 20:00:00,2021,11,21,16505,50.2,HOEP (Legacy)
2021-11-10 21:00:00,2021,11,22,15577,47.15,HOEP (Legacy)
2021-11-10 22:00:00,2021,11,23,14688,39.42,HOEP (Legacy)
2021-11-10 23:00:00,2021,11,24,13584,23.79,HOEP (Legacy)
2021-11-11 00:00:00,2021,11,1,13095,9.49,HOEP (Legacy)
2021-11-11 01:00:00,2021,11,2,12661,5.32,HOEP (Legacy)
2021-11-11 02:00:00,2021,11,3,12282,10.77,HOEP (Legacy)
2021-11-11 03:00:00,2021,11,4,12213,22.25,HOEP (Legacy)
2021-11-11 04:00:00,2021,11,5,12619,33.94,HOEP (Legacy)
2021-11-11 05:00:00,2021,11,6,13102,10.54,HOEP (Legacy)
2021-11-11 06:00:00,2021,11,7,14224,23.12,HOEP (Legacy)
2021-11-11 07:00:00,2021,11,8,15575,41.96,HOEP (Legacy)
2021-11-11 08:00:00,2021,11,9,15596,42.03,HOEP (Legacy)
2021-11-11 09:00:00,2021,11,10,15707,42.08,HOEP (Legacy)
2021-11-11 10:00:00,2021,11,11,15558,41.49,HOEP (Legacy)
2021-11-11 11:00:00,2021,11,12,15267,41.64,HOEP (Legacy)
2021-11-11 12:00:00,2021,11,13,15153,15.59,HOEP (Legacy)
2021-11-11 13:00:00,2021,11,14,15329,36.88,HOEP (Legacy)
2021-11-11 14:00:00,2021,11,15,15304,36.91,HOEP (Legacy)
2021-11-11 15:00:00,2021,11,16,15713,39.04,HOEP (Legacy)
2021-11-11 16:00:00,2021,11,17,16473,31.94,HOEP (Legacy)
2021-11-11 17:00:00,2021,11,18,17236,49.78,HOEP (Legacy)
2021-11-11 18:00:00,2021,11,19,16995,43.04,HOEP (Legacy)
2021-11-11 19:00:00,2021,11,20,16666,42.28,HOEP (Legacy)
2021-11-11 20:00:00,2021,11,21,16434,42.22,HOEP (Legacy)
2021-11-11 21:00:00,2021,11,22,15763,42.83,HOEP (Legacy)
2021-11-11 22:00:00,2021,11,23,14647,43.32,HOEP (Legacy)
2021-11-11 23:00:00,2021,11,24,13714,59.92,HOEP (Legacy)
2021-11-12 00:00:00,2021,11,1,12974,24.68,HOEP (Legacy)
2021-11-12 01:00:00,2021,11,2,12522,7.62,HOEP (Legacy)
2021-11-12 02:00:00,2021,11,3,12234,0.11,HOEP (Legacy)
2021-11-12 03:00:00,2021,11,4,12254,13.23,HOEP (Legacy)
2021-11-12 04:00:00,2021,11,5,12411,43.04,HOEP (Legacy)
2021-11-12 05:00:00,2021,11,6,12865,44.03,HOEP (Legacy)
2021-11-12 06:00:00,2021,11,7,14061,44.03,HOEP (Legacy)
2021-11-12 07:00:00,2021,11,8,15202,34.48,HOEP (Legacy)
2021-11-12 08:00:00,2021,11,9,15517,13.36,HOEP (Legacy)
2021-11-12 09:00:00,2021,11,10,15274,13.36,HOEP (Legacy)
2021-11-12 10:00:00,2021,11,11,14850,15.49,HOEP (Legacy)
2021-11-12 11:00:00,2021,11,12,14848,11.29,HOEP (Legacy)
2021-11-12 12:00:00,2021,11,13,14463,12.74,HOEP (Legacy)
2021-11-12 13:00:00,2021,11,14,14464,15.52,HOEP (Legacy)
2021-11-12 14:00:00,2021,11,15,14657,21.93,HOEP (Legacy)
2021-11-12 15:00:00,2021,11,16,15090,35.18,HOEP (Legacy)
2021-11-12 16:00:00,2021,11,17,15842,45.19,HOEP (Legacy)
2021-11-12 17:00:00,2021,11,18,16674,46.87,HOEP (Legacy)
2021-11-12 18:00:00,2021,11,19,16226,43.66,HOEP (Legacy)
2021-11-12 19:00:00,2021,11,20,16209,47.41,HOEP (Legacy)
2021-11-12 20:00:00,2021,11,21,15853,46.27,HOEP (Legacy)
2021-11-12 21:00:00,2021,11,22,15095,44.02,HOEP (Legacy)
2021-11-12 22:00:00,2021,11,23,14299,44.56,HOEP (Legacy)
2021-11-12 23:00:00,2021,11,24,13661,34.62,HOEP (Legacy)
2021-11-13 00:00:00,2021,11,1,12853,37.38,HOEP (Legacy)
2021-11-13 01:00:00,2021,11,2,12511,43.99,HOEP (Legacy)
2021-11-13 02:00:00,2021,11,3,12291,42.16,HOEP (Legacy)
2021-11-13 03:00:00,2021,11,4,12269,35.12,HOEP (Legacy)
2021-11-13 04:00:00,2021,11,5,12211,31.66,HOEP (Legacy)
2021-11-13 05:00:00,2021,11,6,12448,32.12,HOEP (Legacy)
2021-11-13 06:00:00,2021,11,7,13143,19.98,HOEP (Legacy)
2021-11-13 07:00:00,2021,11,8,13895,31.08,HOEP (Legacy)
2021-11-13 08:00:00,2021,11,9,14521,38.69,HOEP (Legacy)
2021-11-13 09:00:00,2021,11,10,14892,45.21,HOEP (Legacy)
2021-11-13 10:00:00,2021,11,11,14693,17.88,HOEP (Legacy)
2021-11-13 11:00:00,2021,11,12,14464,12.79,HOEP (Legacy)
2021-11-13 12:00:00,2021,11,13,14755,27.05,HOEP (Legacy)
2021-11-13 13:00:00,2021,11,14,14718,40.2,HOEP (Legacy)
2021-11-13 14:00:00,2021,11,15,14735,31.89,HOEP (Legacy)
2021-11-13 15:00:00,2021,11,16,14993,15.9,HOEP (Legacy)
2021-11-13 16:00:00,2021,11,17,15820,22.85,HOEP (Legacy)
2021-11-13 17:00:00,2021,11,18,16501,48.38,HOEP (Legacy)
2021-11-13 18:00:00,2021,11,19,16301,48.13,HOEP (Legacy)
2021-11-13 19:00:00,2021,11,20,15735,43.94,HOEP (Legacy)
2021-11-13 20:00:00,2021,11,21,15371,51.05,HOEP (Legacy)
2021-11-13 21:00:00,2021,11,22,14833,30.29,HOEP (Legacy)
2021-11-13 22:00:00,2021,11,23,14193,51.03,HOEP (Legacy)
2021-11-13 23:00:00,2021,11,24,13544,49.8,HOEP (Legacy)
2021-11-14 00:00:00,2021,11,1,12968,53.55,HOEP (Legacy)
2021-11-14 01:00:00,2021,11,2,12608,50.75,HOEP (Legacy)
2021-11-14 02:00:00,2021,11,3,12280,27.72,HOEP (Legacy)
2021-11-14 03:00:00,2021,11,4,12163,25.08,HOEP (Legacy)
2021-11-14 04:00:00,2021,11,5,12107,36.71,HOEP (Legacy)
2021-11-14 05:00:00,2021,11,6,12493,33.69,HOEP (Legacy)
2021-11-14 06:00:00,2021,11,7,12731,38.98,HOEP (Legacy)
2021-11-14 07:00:00,2021,11,8,13377,33.28,HOEP (Legacy)
2021-11-14 08:00:00,2021,11,9,14121,44.63,HOEP (Legacy)
2021-11-14 09:00:00,2021,11,10,14385,39.39,HOEP (Legacy)
2021-11-14 10:00:00,2021,11,11,14840,42.94,HOEP (Legacy)
2021-11-14 11:00:00,2021,11,12,15157,46.96,HOEP (Legacy)
2021-11-14 12:00:00,2021,11,13,15626,49.68,HOEP (Legacy)
2021-11-14 13:00:00,2021,11,14,16018,49.02,HOEP (Legacy)
2021-11-14 14:00:00,2021,11,15,16174,49.12,HOEP (Legacy)
2021-11-14 15:00:00,2021,11,16,16335,49.02,HOEP (Legacy)
2021-11-14 16:00:00,2021,11,17,17028,51.3,HOEP (Legacy)
2021-11-14 17:00:00,2021,11,18,17800,51.21,HOEP (Legacy)
2021-11-14 18:00:00,2021,11,19,17146,49.51,HOEP (Legacy)
2021-11-14 19:00:00,2021,11,20,16718,49.02,HOEP (Legacy)
2021-11-14 20:00:00,2021,11,21,16398,49.41,HOEP (Legacy)
2021-11-14 21:00:00,2021,11,22,15573,48.98,HOEP (Legacy)
2021-11-14 22:00:00,2021,11,23,14855,49.67,HOEP (Legacy)
2021-11-14 23:00:00,2021,11,24,14235,48.49,HOEP (Legacy)
2021-11-15 00:00:00,2021,11,1,13519,50.64,HOEP (Legacy)
2021-11-15 01:00:00,2021,11,2,13104,31.79,HOEP (Legacy)
2021-11-15 02:00:00,2021,11,3,12873,18.97,HOEP (Legacy)
2021-11-15 03:00:00,2021,11,4,12838,23.94,HOEP (Legacy)
2021-11-15 04:00:00,2021,11,5,12966,39.86,HOEP (Legacy)
2021-11-15 05:00:00,2021,11,6,13648,20.38,HOEP (Legacy)
2021-11-15 06:00:00,2021,11,7,15084,44.25,HOEP (Legacy)
2021-11-15 07:00:00,2021,11,8,16151,47.75,HOEP (Legacy)
2021-11-15 08:00:00,2021,11,9,16591,48.85,HOEP (Legacy)
2021-11-15 09:00:00,2021,11,10,16449,48.07,HOEP (Legacy)
2021-11-15 10:00:00,2021,11,11,16185,45.32,HOEP (Legacy)
2021-11-15 11:00:00,2021,11,12,16009,45.15,HOEP (Legacy)
2021-11-15 12:00:00,2021,11,13,15959,44.35,HOEP (Legacy)
2021-11-15 13:00:00,2021,11,14,16076,40.4,HOEP (Legacy)
2021-11-15 14:00:00,2021,11,15,16499,43.49,HOEP (Legacy)
2021-11-15 15:00:00,2021,11,16,16699,40.6,HOEP (Legacy)
2021-11-15 16:00:00,2021,11,17,17521,47.9,HOEP (Legacy)
2021-11-15 17:00:00,2021,11,18,18649,52.16,HOEP (Legacy)
2021-11-15 18:00:00,2021,11,19,17920,49.24,HOEP (Legacy)
2021-11-15 19:00:00,2021,11,20,17457,46.32,HOEP (Legacy)
2021-11-15 20:00:00,2021,11,21,17117,49.81,HOEP (Legacy)
2021-11-15 21:00:00,2021,11,22,16300,43.62,HOEP (Legacy)
2021-11-15 22:00:00,2021,11,23,15349,44.07,HOEP (Legacy)
2021-11-15 23:00:00,2021,11,24,14451,43.08,HOEP (Legacy)
2021-11-16 00:00:00,2021,11,1,13800,41.76,HOEP (Legacy)
2021-11-16 01:00:00,2021,11,2,13274,34.07,HOEP (Legacy)
2021-11-16 02:00:00,2021,11,3,13075,29.65,HOEP (Legacy)
2021-11-16 03:00:00,2021,11,4,13049,31.62,HOEP (Legacy)
2021-11-16 04:00:00,2021,11,5,13278,17.91,HOEP (Legacy)
2021-11-16 05:00:00,2021,11,6,14004,21.58,HOEP (Legacy)
2021-11-16 06:00:00,2021,11,7,15201,40.58,HOEP (Legacy)
2021-11-16 07:00:00,2021,11,8,16291,47.9,HOEP (Legacy)
2021-11-16 08:00:00,2021,11,9,16521,47.99,HOEP (Legacy)
2021-11-16 09:00:00,2021,11,10,16134,47.84,HOEP (Legacy)
2021-11-16 10:00:00,2021,11,11,16152,47.68,HOEP (Legacy)
2021-11-16 11:00:00,2021,11,12,16131,47.62,HOEP (Legacy)
2021-11-16 12:00:00,2021,11,13,15952,46.12,HOEP (Legacy)
2021-11-16 13:00:00,2021,11,14,15921,43.98,HOEP (Legacy)
2021-11-16 14:00:00,2021,11,15,16075,45.05,HOEP (Legacy)
2021-11-16 15:00:00,2021,11,16,16733,46.06,HOEP (Legacy)
2021-11-16 16:00:00,2021,11,17,17729,49.81,HOEP (Legacy)
2021-11-16 17:00:00,2021,11,18,18454,50.66,HOEP (Legacy)
2021-11-16 18:00:00,2021,11,19,17936,48.57,HOEP (Legacy)
2021-11-16 19:00:00,2021,11,20,17597,44.48,HOEP (Legacy)
2021-11-16 20:00:00,2021,11,21,17117,43.73,HOEP (Legacy)
2021-11-16 21:00:00,2021,11,22,16314,44.07,HOEP (Legacy)
2021-11-16 22:00:00,2021,11,23,15103,45.27,HOEP (Legacy)
2021-11-16 23:00:00,2021,11,24,14233,20.34,HOEP (Legacy)
2021-11-17 00:00:00,2021,11,1,13787,48.07,HOEP (Legacy)
2021-11-17 01:00:00,2021,11,2,13249,29.53,HOEP (Legacy)
2021-11-17 02:00:00,2021,11,3,13001,10.56,HOEP (Legacy)
2021-11-17 03:00:00,2021,11,4,12876,0.51,HOEP (Legacy)
2021-11-17 04:00:00,2021,11,5,12959,6.6,HOEP (Legacy)
2021-11-17 05:00:00,2021,11,6,13599,16.03,HOEP (Legacy)
2021-11-17 06:00:00,2021,11,7,14767,30.86,HOEP (Legacy)
2021-11-17 07:00:00,2021,11,8,15851,45.32,HOEP (Legacy)
2021-11-17 08:00:00,2021,11,9,16298,53.0,HOEP (Legacy)
2021-11-17 09:00:00,2021,11,10,16583,47.95,HOEP (Legacy)
2021-11-17 10:00:00,2021,11,11,16717,58.8,HOEP (Legacy)
2021-11-17 11:00:00,2021,11,12,16902,46.85,HOEP (Legacy)
2021-11-17 12:00:00,2021,11,13,16821,47.08,HOEP (Legacy)
2021-11-17 13:00:00,2021,11,14,16763,46.47,HOEP (Legacy)
2021-11-17 14:00:00,2021,11,15,16762,11.34,HOEP (Legacy)
2021-11-17 15:00:00,2021,11,16,16865,26.4,HOEP (Legacy)
2021-11-17 16:00:00,2021,11,17,17446,49.89,HOEP (Legacy)
2021-11-17 17:00:00,2021,11,18,17936,46.72,HOEP (Legacy)
2021-11-17 18:00:00,2021,11,19,17307,51.19,HOEP (Legacy)
2021-11-17 19:00:00,2021,11,20,16732,25.96,HOEP (Legacy)
2021-11-17 20:00:00,2021,11,21,16200,36.14,HOEP (Legacy)
2021-11-17 21:00:00,2021,11,22,15618,38.02,HOEP (Legacy)
2021-11-17 22:00:00,2021,11,23,14494,28.03,HOEP (Legacy)
2021-11-17 23:00:00,2021,11,24,13633,15.79,HOEP (Legacy)
2021-11-18 00:00:00,2021,11,1,13034,41.91,HOEP (Legacy)
2021-11-18 01:00:00,2021,11,2,12656,45.53,HOEP (Legacy)
2021-11-18 02:00:00,2021,11,3,12535,34.47,HOEP (Legacy)
2021-11-18 03:00:00,2021,11,4,12332,8.86,HOEP (Legacy)
2021-11-18 04:00:00,2021,11,5,12443,0.0,HOEP (Legacy)
2021-11-18 05:00:00,2021,11,6,12942,1.91,HOEP (Legacy)
2021-11-18 06:00:00,2021,11,7,14130,5.06,HOEP (Legacy)
2021-11-18 07:00:00,2021,11,8,15317,3.11,HOEP (Legacy)
2021-11-18 08:00:00,2021,11,9,15812,8.03,HOEP (Legacy)
2021-11-18 09:00:00,2021,11,10,16287,43.13,HOEP (Legacy)
2021-11-18 10:00:00,2021,11,11,16079,19.29,HOEP (Legacy)
2021-11-18 11:00:00,2021,11,12,15780,1.49,HOEP (Legacy)
2021-11-18 12:00:00,2021,11,13,15775,0.42,HOEP (Legacy)
2021-11-18 13:00:00,2021,11,14,15822,34.05,HOEP (Legacy)
2021-11-18 14:00:00,2021,11,15,15892,13.46,HOEP (Legacy)
2021-11-18 15:00:00,2021,11,16,16228,8.03,HOEP (Legacy)
2021-11-18 16:00:00,2021,11,17,16956,27.46,HOEP (Legacy)
2021-11-18 17:00:00,2021,11,18,17553,43.91,HOEP (Legacy)
2021-11-18 18:00:00,2021,11,19,17049,44.31,HOEP (Legacy)
2021-11-18 19:00:00,2021,11,20,16756,43.92,HOEP (Legacy)
2021-11-18 20:00:00,2021,11,21,16457,43.96,HOEP (Legacy)
2021-11-18 21:00:00,2021,11,22,15914,35.77,HOEP (Legacy)
2021-11-18 22:00:00,2021,11,23,15083,10.94,HOEP (Legacy)
2021-11-18 23:00:00,2021,11,24,14145,4.57,HOEP (Legacy)
2021-11-19 00:00:00,2021,11,1,13418,9.54,HOEP (Legacy)
2021-11-19 01:00:00,2021,11,2,13077,14.38,HOEP (Legacy)
2021-11-19 02:00:00,2021,11,3,12881,47.48,HOEP (Legacy)
2021-11-19 03:00:00,2021,11,4,12821,16.53,HOEP (Legacy)
2021-11-19 04:00:00,2021,11,5,12971,24.9,HOEP (Legacy)
2021-11-19 05:00:00,2021,11,6,13617,13.74,HOEP (Legacy)
2021-11-19 06:00:00,2021,11,7,15029,39.13,HOEP (Legacy)
2021-11-19 07:00:00,2021,11,8,16338,48.76,HOEP (Legacy)
2021-11-19 08:00:00,2021,11,9,16534,45.07,HOEP (Legacy)
2021-11-19 09:00:00,2021,11,10,16279,45.06,HOEP (Legacy)
2021-11-19 10:00:00,2021,11,11,16083,45.02,HOEP (Legacy)
2021-11-19 11:00:00,2021,11,12,15942,41.47,HOEP (Legacy)
2021-11-19 12:00:00,2021,11,13,15972,45.22,HOEP (Legacy)
2021-11-19 13:00:00,2021,11,14,15967,46.54,HOEP (Legacy)
2021-11-19 14:00:00,2021,11,15,15826,49.59,HOEP (Legacy)
2021-11-19 15:00:00,2021,11,16,16319,50.32,HOEP (Legacy)
2021-11-19 16:00:00,2021,11,17,17236,82.43,HOEP (Legacy)
2021-11-19 17:00:00,2021,11,18,18048,99.63,HOEP (Legacy)
2021-11-19 18:00:00,2021,11,19,17542,60.81,HOEP (Legacy)
2021-11-19 19:00:00,2021,11,20,17074,50.27,HOEP (Legacy)
2021-11-19 20:00:00,2021,11,21,16748,49.32,HOEP (Legacy)
2021-11-19 21:00:00,2021,11,22,16106,48.46,HOEP (Legacy)
2021-11-19 22:00:00,2021,11,23,15315,49.11,HOEP (Legacy)
2021-11-19 23:00:00,2021,11,24,14285,35.82,HOEP (Legacy)
2021-11-20 00:00:00,2021,11,1,13557,33.93,HOEP (Legacy)
2021-11-20 01:00:00,2021,11,2,13132,17.87,HOEP (Legacy)
2021-11-20 02:00:00,2021,11,3,12834,19.11,HOEP (Legacy)
2021-11-20 03:00:00,2021,11,4,12941,35.2,HOEP (Legacy)
2021-11-20 04:00:00,2021,11,5,12783,37.32,HOEP (Legacy)
2021-11-20 05:00:00,2021,11,6,13050,26.78,HOEP (Legacy)
2021-11-20 06:00:00,2021,11,7,13508,14.75,HOEP (Legacy)
2021-11-20 07:00:00,2021,11,8,14095,9.48,HOEP (Legacy)
2021-11-20 08:00:00,2021,11,9,14598,35.45,HOEP (Legacy)
2021-11-20 09:00:00,2021,11,10,14947,44.2,HOEP (Legacy)
2021-11-20 10:00:00,2021,11,11,15186,25.71,HOEP (Legacy)
2021-11-20 11:00:00,2021,11,12,15408,44.52,HOEP (Legacy)
2021-11-20 12:00:00,2021,11,13,15517,44.81,HOEP (Legacy)
2021-11-20 13:00:00,2021,11,14,15586,45.3,HOEP (Legacy)
2021-11-20 14:00:00,2021,11,15,15736,47.45,HOEP (Legacy)
2021-11-20 15:00:00,2021,11,16,16014,45.37,HOEP (Legacy)
2021-11-20 16:00:00,2021,11,17,16609,45.92,HOEP (Legacy)
2021-11-20 17:00:00,2021,11,18,17073,47.42,HOEP (Legacy)
2021-11-20 18:00:00,2021,11,19,16513,45.33,HOEP (Legacy)
2021-11-20 19:00:00,2021,11,20,16013,44.79,HOEP (Legacy)
2021-11-20 20:00:00,2021,11,21,15518,44.6,HOEP (Legacy)
2021-11-20 21:00:00,2021,11,22,14821,45.52,HOEP (Legacy)
2021-11-20 22:00:00,2021,11,23,14346,44.74,HOEP (Legacy)
2021-11-20 23:00:00,2021,11,24,13718,62.62,HOEP (Legacy)
2021-11-21 00:00:00,2021,11,1,13242,54.02,HOEP (Legacy)
2021-11-21 01:00:00,2021,11,2,12712,84.34,HOEP (Legacy)
2021-11-21 02:00:00,2021,11,3,12516,48.19,HOEP (Legacy)
2021-11-21 03:00:00,2021,11,4,12477,44.57,HOEP (Legacy)
2021-11-21 04:00:00,2021,11,5,12447,37.75,HOEP (Legacy)
2021-11-21 05:00:00,2021,11,6,12599,22.81,HOEP (Legacy)
2021-11-21 06:00:00,2021,11,7,13123,23.65,HOEP (Legacy)
2021-11-21 07:00:00,2021,11,8,13710,43.98,HOEP (Legacy)
2021-11-21 08:00:00,2021,11,9,14152,25.94,HOEP (Legacy)
2021-11-21 09:00:00,2021,11,10,14135,40.82,HOEP (Legacy)
2021-11-21 10:00:00,2021,11,11,14300,13.64,HOEP (Legacy)
2021-11-21 11:00:00,2021,11,12,14503,11.02,HOEP (Legacy)
2021-11-21 12:00:00,2021,11,13,14792,44.87,HOEP (Legacy)
2021-11-21 13:00:00,2021,11,14,14997,36.62,HOEP (Legacy)
2021-11-21 14:00:00,2021,11,15,15255,42.23,HOEP (Legacy)
2021-11-21 15:00:00,2021,11,16,15720,42.59,HOEP (Legacy)
2021-11-21 16:00:00,2021,11,17,16401,45.06,HOEP (Legacy)
2021-11-21 17:00:00,2021,11,18,17007,44.97,HOEP (Legacy)
2021-11-21 18:00:00,2021,11,19,16331,40.38,HOEP (Legacy)
2021-11-21 19:00:00,2021,11,20,15933,11.23,HOEP (Legacy)
2021-11-21 20:00:00,2021,11,21,15511,29.55,HOEP (Legacy)
2021-11-21 21:00:00,2021,11,22,14899,41.33,HOEP (Legacy)
2021-11-21 22:00:00,2021,11,23,14128,28.25,HOEP (Legacy)
2021-11-21 23:00:00,2021,11,24,13402,17.81,HOEP (Legacy)
2021-11-22 00:00:00,2021,11,1,12710,4.53,HOEP (Legacy)
2021-11-22 01:00:00,2021,11,2,12453,0.08,HOEP (Legacy)
2021-11-22 02:00:00,2021,11,3,12482,1.78,HOEP (Legacy)
2021-11-22 03:00:00,2021,11,4,12528,10.38,HOEP (Legacy)
2021-11-22 04:00:00,2021,11,5,12740,6.46,HOEP (Legacy)
2021-11-22 05:00:00,2021,11,6,13628,12.62,HOEP (Legacy)
2021-11-22 06:00:00,2021,11,7,14792,41.78,HOEP (Legacy)
2021-11-22 07:00:00,2021,11,8,16050,38.3,HOEP (Legacy)
2021-11-22 08:00:00,2021,11,9,16490,44.23,HOEP (Legacy)
2021-11-22 09:00:00,2021,11,10,16077,9.87,HOEP (Legacy)
2021-11-22 10:00:00,2021,11,11,15653,11.3,HOEP (Legacy)
2021-11-22 11:00:00,2021,11,12,15927,7.15,HOEP (Legacy)
2021-11-22 12:00:00,2021,11,13,15954,20.24,HOEP (Legacy)
2021-11-22 13:00:00,2021,11,14,16080,25.53,HOEP (Legacy)
2021-11-22 14:00:00,2021,11,15,16197,22.07,HOEP (Legacy)
2021-11-22 15:00:00,2021,11,16,16712,43.78,HOEP (Legacy)
2021-11-22 16:00:00,2021,11,17,17725,74.91,HOEP (Legacy)
2021-11-22 17:00:00,2021,11,18,19055,183.35,HOEP (Legacy)
2021-11-22 18:00:00,2021,11,19,18486,65.69,HOEP (Legacy)
2021-11-22 19:00:00,2021,11,20,17977,53.84,HOEP (Legacy)
2021-11-22 20:00:00,2021,11,21,17526,52.33,HOEP (Legacy)
2021-11-22 21:00:00,2021,11,22,16845,52.37,HOEP (Legacy)
2021-11-22 22:00:00,2021,11,23,15805,46.29,HOEP (Legacy)
2021-11-22 23:00:00,2021,11,24,14892,41.19,HOEP (Legacy)
2021-11-23 00:00:00,2021,11,1,14177,40.28,HOEP (Legacy)
2021-11-23 01:00:00,2021,11,2,13796,41.69,HOEP (Legacy)
2021-11-23 02:00:00,2021,11,3,13629,42.87,HOEP (Legacy)
2021-11-23 03:00:00,2021,11,4,13512,39.58,HOEP (Legacy)
2021-11-23 04:00:00,2021,11,5,13747,15.95,HOEP (Legacy)
2021-11-23 05:00:00,2021,11,6,14454,39.13,HOEP (Legacy)
2021-11-23 06:00:00,2021,11,7,15714,47.8,HOEP (Legacy)
2021-11-23 07:00:00,2021,11,8,17064,70.39,HOEP (Legacy)
2021-11-23 08:00:00,2021,11,9,17247,66.34,HOEP (Legacy)
2021-11-23 09:00:00,2021,11,10,16670,51.36,HOEP (Legacy)
2021-11-23 10:00:00,2021,11,11,16369,47.87,HOEP (Legacy)
2021-11-23 11:00:00,2021,11,12,16147,46.96,HOEP (Legacy)
2021-11-23 12:00:00,2021,11,13,16117,44.39,HOEP (Legacy)
2021-11-23 13:00:00,2021,11,14,16144,43.05,HOEP (Legacy)
2021-11-23 14:00:00,2021,11,15,16358,46.89,HOEP (Legacy)
2021-11-23 15:00:00,2021,11,16,16838,47.5,HOEP (Legacy)
2021-11-23 16:00:00,2021,11,17,17819,51.76,HOEP (Legacy)
2021-11-23 17:00:00,2021,11,18,18720,52.57,HOEP (Legacy)
2021-11-23 18:00:00,2021,11,19,18381,48.49,HOEP (Legacy)
2021-11-23 19:00:00,2021,11,20,18078,48.15,HOEP (Legacy)
2021-11-23 20:00:00,2021,11,21,17662,46.98,HOEP (Legacy)
2021-11-23 21:00:00,2021,11,22,16894,44.83,HOEP (Legacy)
2021-11-23 22:00:00,2021,11,23,15743,44.18,HOEP (Legacy)
2021-11-23 23:00:00,2021,11,24,14829,38.85,HOEP (Legacy)
2021-11-24 00:00:00,2021,11,1,14112,35.38,HOEP (Legacy)
2021-11-24 01:00:00,2021,11,2,13748,15.73,HOEP (Legacy)
2021-11-24 02:00:00,2021,11,3,13451,27.93,HOEP (Legacy)
2021-11-24 03:00:00,2021,11,4,13436,23.74,HOEP (Legacy)
2021-11-24 04:00:00,2021,11,5,13528,7.19,HOEP (Legacy)
2021-11-24 05:00:00,2021,11,6,14121,0.97,HOEP (Legacy)
2021-11-24 06:00:00,2021,11,7,15318,48.74,HOEP (Legacy)
2021-11-24 07:00:00,2021,11,8,16653,49.48,HOEP (Legacy)
2021-11-24 08:00:00,2021,11,9,16719,49.47,HOEP (Legacy)
2021-11-24 09:00:00,2021,11,10,16118,46.11,HOEP (Legacy)
2021-11-24 10:00:00,2021,11,11,15856,6.09,HOEP (Legacy)
2021-11-24 11:00:00,2021,11,12,15713,8.51,HOEP (Legacy)
2021-11-24 12:00:00,2021,11,13,15686,18.01,HOEP (Legacy)
2021-11-24 13:00:00,2021,11,14,15686,41.86,HOEP (Legacy)
2021-11-24 14:00:00,2021,11,15,16009,45.05,HOEP (Legacy)
2021-11-24 15:00:00,2021,11,16,16577,35.47,HOEP (Legacy)
2021-11-24 16:00:00,2021,11,17,17316,41.99,HOEP (Legacy)
2021-11-24 17:00:00,2021,11,18,18256,46.87,HOEP (Legacy)
2021-11-24 18:00:00,2021,11,19,17564,45.87,HOEP (Legacy)
2021-11-24 19:00:00,2021,11,20,17215,45.1,HOEP (Legacy)
2021-11-24 20:00:00,2021,11,21,16937,45.27,HOEP (Legacy)
2021-11-24 21:00:00,2021,11,22,16250,65.58,HOEP (Legacy)
2021-11-24 22:00:00,2021,11,23,15125,27.39,HOEP (Legacy)
2021-11-24 23:00:00,2021,11,24,14201,11.67,HOEP (Legacy)
2021-11-25 00:00:00,2021,11,1,13628,24.88,HOEP (Legacy)
2021-11-25 01:00:00,2021,11,2,13115,13.28,HOEP (Legacy)
2021-11-25 02:00:00,2021,11,3,12941,13.35,HOEP (Legacy)
2021-11-25 03:00:00,2021,11,4,12832,9.23,HOEP (Legacy)
2021-11-25 04:00:00,2021,11,5,13052,18.63,HOEP (Legacy)
2021-11-25 05:00:00,2021,11,6,13725,9.11,HOEP (Legacy)
2021-11-25 06:00:00,2021,11,7,14914,44.35,HOEP (Legacy)
2021-11-25 07:00:00,2021,11,8,16268,44.78,HOEP (Legacy)
2021-11-25 08:00:00,2021,11,9,16936,48.51,HOEP (Legacy)
2021-11-25 09:00:00,2021,11,10,17016,48.76,HOEP (Legacy)
2021-11-25 10:00:00,2021,11,11,17371,56.96,HOEP (Legacy)
2021-11-25 11:00:00,2021,11,12,17412,115.48,HOEP (Legacy)
2021-11-25 12:00:00,2021,11,13,17552,80.26,HOEP (Legacy)
2021-11-25 13:00:00,2021,11,14,17521,60.95,HOEP (Legacy)
2021-11-25 14:00:00,2021,11,15,17412,51.98,HOEP (Legacy)
2021-11-25 15:00:00,2021,11,16,17531,52.8,HOEP (Legacy)
2021-11-25 16:00:00,2021,11,17,18136,92.94,HOEP (Legacy)
2021-11-25 17:00:00,2021,11,18,18424,51.45,HOEP (Legacy)
2021-11-25 18:00:00,2021,11,19,17683,47.68,HOEP (Legacy)
2021-11-25 19:00:00,2021,11,20,17015,45.79,HOEP (Legacy)
2021-11-25 20:00:00,2021,11,21,16626,45.5,HOEP (Legacy)
2021-11-25 21:00:00,2021,11,22,16081,21.65,HOEP (Legacy)
2021-11-25 22:00:00,2021,11,23,15287,24.8,HOEP (Legacy)
2021-11-25 23:00:00,2021,11,24,14406,16.84,HOEP (Legacy)
2021-11-26 00:00:00,2021,11,1,13572,8.08,HOEP (Legacy)
2021-11-26 01:00:00,2021,11,2,13130,10.21,HOEP (Legacy)
2021-11-26 02:00:00,2021,11,3,12960,13.34,HOEP (Legacy)
2021-11-26 03:00:00,2021,11,4,12947,13.38,HOEP (Legacy)
2021-11-26 04:00:00,2021,11,5,13165,13.33,HOEP (Legacy)
2021-11-26 05:00:00,2021,11,6,13810,4.77,HOEP (Legacy)
2021-11-26 06:00:00,2021,11,7,15133,15.01,HOEP (Legacy)
2021-11-26 07:00:00,2021,11,8,16370,13.99,HOEP (Legacy)
2021-11-26 08:00:00,2021,11,9,16949,40.84,HOEP (Legacy)
2021-11-26 09:00:00,2021,11,10,17138,44.03,HOEP (Legacy)
2021-11-26 10:00:00,2021,11,11,17207,45.61,HOEP (Legacy)
2021-11-26 11:00:00,2021,11,12,17252,45.67,HOEP (Legacy)
2021-11-26 12:00:00,2021,11,13,17363,45.43,HOEP (Legacy)
2021-11-26 13:00:00,2021,11,14,17610,45.46,HOEP (Legacy)
2021-11-26 14:00:00,2021,11,15,17519,45.56,HOEP (Legacy)
2021-11-26 15:00:00,2021,11,16,17491,36.61,HOEP (Legacy)
2021-11-26 16:00:00,2021,11,17,17993,42.49,HOEP (Legacy)
2021-11-26 17:00:00,2021,11,18,18674,47.03,HOEP (Legacy)
2021-11-26 18:00:00,2021,11,19,18351,46.4,HOEP (Legacy)
2021-11-26 19:00:00,2021,11,20,17980,46.87,HOEP (Legacy)
2021-11-26 20:00:00,2021,11,21,17916,47.37,HOEP (Legacy)
2021-11-26 21:00:00,2021,11,22,17365,48.53,HOEP (Legacy)
2021-11-26 22:00:00,2021,11,23,16492,48.22,HOEP (Legacy)
2021-11-26 23:00:00,2021,11,24,15490,44.86,HOEP (Legacy)
2021-11-27 00:00:00,2021,11,1,14732,47.53,HOEP (Legacy)
2021-11-27 01:00:00,2021,11,2,14213,47.5,HOEP (Legacy)
2021-11-27 02:00:00,2021,11,3,13943,48.56,HOEP (Legacy)
2021-11-27 03:00:00,2021,11,4,13942,47.44,HOEP (Legacy)
2021-11-27 04:00:00,2021,11,5,14003,46.21,HOEP (Legacy)
2021-11-27 05:00:00,2021,11,6,14228,43.46,HOEP (Legacy)
2021-11-27 06:00:00,2021,11,7,14793,42.98,HOEP (Legacy)
2021-11-27 07:00:00,2021,11,8,15447,47.17,HOEP (Legacy)
2021-11-27 08:00:00,2021,11,9,15971,49.49,HOEP (Legacy)
2021-11-27 09:00:00,2021,11,10,16220,50.44,HOEP (Legacy)
2021-11-27 10:00:00,2021,11,11,16259,50.44,HOEP (Legacy)
2021-11-27 11:00:00,2021,11,12,16274,50.92,HOEP (Legacy)
2021-11-27 12:00:00,2021,11,13,16263,50.35,HOEP (Legacy)
2021-11-27 13:00:00,2021,11,14,16157,47.53,HOEP (Legacy)
2021-11-27 14:00:00,2021,11,15,16237,47.59,HOEP (Legacy)
2021-11-27 15:00:00,2021,11,16,16673,50.09,HOEP (Legacy)
2021-11-27 16:00:00,2021,11,17,17633,50.89,HOEP (Legacy)
2021-11-27 17:00:00,2021,11,18,18463,50.59,HOEP (Legacy)
2021-11-27 18:00:00,2021,11,19,18073,50.56,HOEP (Legacy)
2021-11-27 19:00:00,2021,11,20,17651,50.4,HOEP (Legacy)
2021-11-27 20:00:00,2021,11,21,17138,50.37,HOEP (Legacy)
2021-11-27 21:00:00,2021,11,22,16591,50.0,HOEP (Legacy)
2021-11-27 22:00:00,2021,11,23,16002,49.15,HOEP (Legacy)
2021-11-27 23:00:00,2021,11,24,15274,50.48,HOEP (Legacy)
2021-11-28 00:00:00,2021,11,1,14633,47.89,HOEP (Legacy)
2021-11-28 01:00:00,2021,11,2,14185,46.38,HOEP (Legacy)
2021-11-28 02:00:00,2021,11,3,13803,46.1,HOEP (Legacy)
2021-11-28 03:00:00,2021,11,4,13683,45.35,HOEP (Legacy)
2021-11-28 04:00:00,2021,11,5,13764,45.89,HOEP (Legacy)
2021-11-28 05:00:00,2021,11,6,13963,46.14,HOEP (Legacy)
2021-11-28 06:00:00,2021,11,7,14427,47.19,HOEP (Legacy)
2021-11-28 07:00:00,2021,11,8,15097,49.24,HOEP (Legacy)
2021-11-28 08:00:00,2021,11,9,15695,72.28,HOEP (Legacy)
2021-11-28 09:00:00,2021,11,10,16300,76.84,HOEP (Legacy)
2021-11-28 10:00:00,2021,11,11,16505,51.49,HOEP (Legacy)
2021-11-28 11:00:00,2021,11,12,16826,50.33,HOEP (Legacy)
2021-11-28 12:00:00,2021,11,13,16904,50.11,HOEP (Legacy)
2021-11-28 13:00:00,2021,11,14,16926,49.34,HOEP (Legacy)
2021-11-28 14:00:00,2021,11,15,17101,49.06,HOEP (Legacy)
2021-11-28 15:00:00,2021,11,16,17371,47.17,HOEP (Legacy)
2021-11-28 16:00:00,2021,11,17,17755,42.1,HOEP (Legacy)
2021-11-28 17:00:00,2021,11,18,18527,47.91,HOEP (Legacy)
2021-11-28 18:00:00,2021,11,19,18134,49.91,HOEP (Legacy)
2021-11-28 19:00:00,2021,11,20,17676,50.41,HOEP (Legacy)
2021-11-28 20:00:00,2021,11,21,17383,50.59,HOEP (Legacy)
2021-11-28 21:00:00,2021,11,22,16795,48.74,HOEP (Legacy)
2021-11-28 22:00:00,2021,11,23,15923,46.94,HOEP (Legacy)
2021-11-28 23:00:00,2021,11,24,15034,35.21,HOEP (Legacy)
2021-11-29 00:00:00,2021,11,1,14519,46.52,HOEP (Legacy)
2021-11-29 01:00:00,2021,11,2,14259,46.15,HOEP (Legacy)
2021-11-29 02:00:00,2021,11,3,13968,46.12,HOEP (Legacy)
2021-11-29 03:00:00,2021,11,4,13910,46.14,HOEP (Legacy)
2021-11-29 04:00:00,2021,11,5,14109,43.56,HOEP (Legacy)
2021-11-29 05:00:00,2021,11,6,14733,45.74,HOEP (Legacy)
2021-11-29 06:00:00,2021,11,7,16035,51.08,HOEP (Legacy)
2021-11-29 07:00:00,2021,11,8,17474,61.64,HOEP (Legacy)
2021-11-29 08:00:00,2021,11,9,17825,60.04,HOEP (Legacy)
2021-11-29 09:00:00,2021,11,10,17743,60.83,HOEP (Legacy)
2021-11-29 10:00:00,2021,11,11,17719,56.05,HOEP (Legacy)
2021-11-29 11:00:00,2021,11,12,17598,58.01,HOEP (Legacy)
2021-11-29 12:00:00,2021,11,13,17466,53.79,HOEP (Legacy)
2021-11-29 13:00:00,2021,11,14,17514,51.15,HOEP (Legacy)
2021-11-29 14:00:00,2021,11,15,17649,51.37,HOEP (Legacy)
2021-11-29 15:00:00,2021,11,16,18016,51.68,HOEP (Legacy)
2021-11-29 16:00:00,2021,11,17,18807,60.91,HOEP (Legacy)
2021-11-29 17:00:00,2021,11,18,19644,71.61,HOEP (Legacy)
2021-11-29 18:00:00,2021,11,19,18963,52.3,HOEP (Legacy)
2021-11-29 19:00:00,2021,11,20,18718,51.88,HOEP (Legacy)
2021-11-29 20:00:00,2021,11,21,18235,51.67,HOEP (Legacy)
2021-11-29 21:00:00,2021,11,22,17466,58.85,HOEP (Legacy)
2021-11-29 22:00:00,2021,11,23,16317,50.07,HOEP (Legacy)
2021-11-29 23:00:00,2021,11,24,15520,48.11,HOEP (Legacy)
2021-11-30 00:00:00,2021,11,1,14672,39.7,HOEP (Legacy)
2021-11-30 01:00:00,2021,11,2,14149,33.47,HOEP (Legacy)
2021-11-30 02:00:00,2021,11,3,13943,33.25,HOEP (Legacy)
2021-11-30 03:00:00,2021,11,4,13972,45.14,HOEP (Legacy)
2021-11-30 04:00:00,2021,11,5,14119,38.07,HOEP (Legacy)
2021-11-30 05:00:00,2021,11,6,14623,42.74,HOEP (Legacy)
2021-11-30 06:00:00,2021,11,7,15886,43.65,HOEP (Legacy)
2021-11-30 07:00:00,2021,11,8,17413,50.99,HOEP (Legacy)
2021-11-30 08:00:00,2021,11,9,17972,52.43,HOEP (Legacy)
2021-11-30 09:00:00,2021,11,10,17870,50.24,HOEP (Legacy)
2021-11-30 10:00:00,2021,11,11,17850,50.36,HOEP (Legacy)
2021-11-30 11:00:00,2021,11,12,17627,50.47,HOEP (Legacy)
2021-11-30 12:00:00,2021,11,13,17495,50.4,HOEP (Legacy)
2021-11-30 13:00:00,2021,11,14,17494,49.82,HOEP (Legacy)
2021-11-30 14:00:00,2021,11,15,17539,47.01,HOEP (Legacy)
2021-11-30 15:00:00,2021,11,16,17785,45.27,HOEP (Legacy)
2021-11-30 16:00:00,2021,11,17,18718,43.43,HOEP (Legacy)
2021-11-30 17:00:00,2021,11,18,19254,45.5,HOEP (Legacy)
2021-11-30 18:00:00,2021,11,19,18805,45.52,HOEP (Legacy)
2021-11-30 19:00:00,2021,11,20,18322,45.42,HOEP (Legacy)
2021-11-30 20:00:00,2021,11,21,17788,45.92,HOEP (Legacy)
2021-11-30 21:00:00,2021,11,22,17191,43.37,HOEP (Legacy)
2021-11-30 22:00:00,2021,11,23,16034,24.09,HOEP (Legacy)
2021-11-30 23:00:00,2021,11,24,15144,14.05,HOEP (Legacy)
2021-12-01 00:00:00,2021,12,1,14314,24.86,HOEP (Legacy)
2021-12-01 01:00:00,2021,12,2,14067,41.08,HOEP (Legacy)
2021-12-01 02:00:00,2021,12,3,14097,41.45,HOEP (Legacy)
2021-12-01 03:00:00,2021,12,4,14067,41.6,HOEP (Legacy)
2021-12-01 04:00:00,2021,12,5,14165,40.55,HOEP (Legacy)
2021-12-01 05:00:00,2021,12,6,14604,42.6,HOEP (Legacy)
2021-12-01 06:00:00,2021,12,7,15817,45.78,HOEP (Legacy)
2021-12-01 07:00:00,2021,12,8,17125,48.53,HOEP (Legacy)
2021-12-01 08:00:00,2021,12,9,17407,48.8,HOEP (Legacy)
2021-12-01 09:00:00,2021,12,10,17369,49.43,HOEP (Legacy)
2021-12-01 10:00:00,2021,12,11,17216,49.26,HOEP (Legacy)
2021-12-01 11:00:00,2021,12,12,16809,47.63,HOEP (Legacy)
2021-12-01 12:00:00,2021,12,13,16490,46.72,HOEP (Legacy)
2021-12-01 13:00:00,2021,12,14,16547,46.61,HOEP (Legacy)
2021-12-01 14:00:00,2021,12,15,16937,48.01,HOEP (Legacy)
2021-12-01 15:00:00,2021,12,16,17716,49.49,HOEP (Legacy)
2021-12-01 16:00:00,2021,12,17,18447,58.91,HOEP (Legacy)
2021-12-01 17:00:00,2021,12,18,18832,49.09,HOEP (Legacy)
2021-12-01 18:00:00,2021,12,19,18305,46.79,HOEP (Legacy)
2021-12-01 19:00:00,2021,12,20,17829,45.17,HOEP (Legacy)
2021-12-01 20:00:00,2021,12,21,17526,44.53,HOEP (Legacy)
2021-12-01 21:00:00,2021,12,22,16887,43.13,HOEP (Legacy)
2021-12-01 22:00:00,2021,12,23,15779,41.9,HOEP (Legacy)
2021-12-01 23:00:00,2021,12,24,14593,23.53,HOEP (Legacy)
2021-12-02 00:00:00,2021,12,1,13777,5.94,HOEP (Legacy)
2021-12-02 01:00:00,2021,12,2,13399,0.51,HOEP (Legacy)
2021-12-02 02:00:00,2021,12,3,13171,2.4,HOEP (Legacy)
2021-12-02 03:00:00,2021,12,4,12973,0.0,HOEP (Legacy)
2021-12-02 04:00:00,2021,12,5,13100,0.0,HOEP (Legacy)
2021-12-02 05:00:00,2021,12,6,13603,4.4,HOEP (Legacy)
2021-12-02 06:00:00,2021,12,7,14920,32.62,HOEP (Legacy)
2021-12-02 07:00:00,2021,12,8,16263,39.13,HOEP (Legacy)
2021-12-02 08:00:00,2021,12,9,16639,37.59,HOEP (Legacy)
2021-12-02 09:00:00,2021,12,10,16747,39.8,HOEP (Legacy)
2021-12-02 10:00:00,2021,12,11,16726,39.87,HOEP (Legacy)
2021-12-02 11:00:00,2021,12,12,16580,41.21,HOEP (Legacy)
2021-12-02 12:00:00,2021,12,13,16697,39.92,HOEP (Legacy)
2021-12-02 13:00:00,2021,12,14,16494,40.32,HOEP (Legacy)
2021-12-02 14:00:00,2021,12,15,16565,34.85,HOEP (Legacy)
2021-12-02 15:00:00,2021,12,16,16781,22.64,HOEP (Legacy)
2021-12-02 16:00:00,2021,12,17,17529,19.68,HOEP (Legacy)
2021-12-02 17:00:00,2021,12,18,18353,40.51,HOEP (Legacy)
2021-12-02 18:00:00,2021,12,19,18200,40.56,HOEP (Legacy)
2021-12-02 19:00:00,2021,12,20,17823,40.39,HOEP (Legacy)
2021-12-02 20:00:00,2021,12,21,17564,45.2,HOEP (Legacy)
2021-12-02 21:00:00,2021,12,22,16984,43.83,HOEP (Legacy)
2021-12-02 22:00:00,2021,12,23,16012,53.57,HOEP (Legacy)
2021-12-02 23:00:00,2021,12,24,15029,47.62,HOEP (Legacy)
2021-12-03 00:00:00,2021,12,1,14490,49.35,HOEP (Legacy)
2021-12-03 01:00:00,2021,12,2,14124,49.32,HOEP (Legacy)
2021-12-03 02:00:00,2021,12,3,13974,44.05,HOEP (Legacy)
2021-12-03 03:00:00,2021,12,4,13934,41.47,HOEP (Legacy)
2021-12-03 04:00:00,2021,12,5,14163,37.09,HOEP (Legacy)
2021-12-03 05:00:00,2021,12,6,14586,37.66,HOEP (Legacy)
2021-12-03 06:00:00,2021,12,7,15690,39.86,HOEP (Legacy)
2021-12-03 07:00:00,2021,12,8,17199,44.15,HOEP (Legacy)
2021-12-03 08:00:00,2021,12,9,17715,44.14,HOEP (Legacy)
2021-12-03 09:00:00,2021,12,10,17620,44.12,HOEP (Legacy)
2021-12-03 10:00:00,2021,12,11,17202,44.32,HOEP (Legacy)
2021-12-03 11:00:00,2021,12,12,17058,44.82,HOEP (Legacy)
2021-12-03 12:00:00,2021,12,13,16985,44.55,HOEP (Legacy)
2021-12-03 13:00:00,2021,12,14,16911,44.49,HOEP (Legacy)
2021-12-03 14:00:00,2021,12,15,17091,44.8,HOEP (Legacy)
2021-12-03 15:00:00,2021,12,16,17677,44.77,HOEP (Legacy)
2021-12-03 16:00:00,2021,12,17,18689,56.4,HOEP (Legacy)
2021-12-03 17:00:00,2021,12,18,19323,72.1,HOEP (Legacy)
2021-12-03 18:00:00,2021,12,19,18797,48.51,HOEP (Legacy)
2021-12-03 19:00:00,2021,12,20,18197,49.45,HOEP (Legacy)
2021-12-03 20:00:00,2021,12,21,17823,46.27,HOEP (Legacy)
2021-12-03 21:00:00,2021,12,22,17340,45.47,HOEP (Legacy)
2021-12-03 22:00:00,2021,12,23,16401,46.83,HOEP (Legacy)
2021-12-03 23:00:00,2021,12,24,15457,42.45,HOEP (Legacy)
2021-12-04 00:00:00,2021,12,1,14752,40.69,HOEP (Legacy)
2021-12-04 01:00:00,2021,12,2,14190,39.64,HOEP (Legacy)
2021-12-04 02:00:00,2021,12,3,13854,39.15,HOEP (Legacy)
2021-12-04 03:00:00,2021,12,4,13620,39.27,HOEP (Legacy)
2021-12-04 04:00:00,2021,12,5,13483,39.42,HOEP (Legacy)
2021-12-04 05:00:00,2021,12,6,13632,39.2,HOEP (Legacy)
2021-12-04 06:00:00,2021,12,7,14308,38.6,HOEP (Legacy)
2021-12-04 07:00:00,2021,12,8,14889,37.88,HOEP (Legacy)
2021-12-04 08:00:00,2021,12,9,15439,38.57,HOEP (Legacy)
2021-12-04 09:00:00,2021,12,10,15819,38.41,HOEP (Legacy)
2021-12-04 10:00:00,2021,12,11,16114,40.09,HOEP (Legacy)
2021-12-04 11:00:00,2021,12,12,15985,38.06,HOEP (Legacy)
2021-12-04 12:00:00,2021,12,13,16172,38.49,HOEP (Legacy)
2021-12-04 13:00:00,2021,12,14,15963,38.59,HOEP (Legacy)
2021-12-04 14:00:00,2021,12,15,15943,39.23,HOEP (Legacy)
2021-12-04 15:00:00,2021,12,16,16387,39.3,HOEP (Legacy)
2021-12-04 16:00:00,2021,12,17,17384,42.92,HOEP (Legacy)
2021-12-04 17:00:00,2021,12,18,18198,56.82,HOEP (Legacy)
2021-12-04 18:00:00,2021,12,19,17809,45.66,HOEP (Legacy)
2021-12-04 19:00:00,2021,12,20,17133,44.41,HOEP (Legacy)
2021-12-04 20:00:00,2021,12,21,16856,43.38,HOEP (Legacy)
2021-12-04 21:00:00,2021,12,22,16380,39.99,HOEP (Legacy)
2021-12-04 22:00:00,2021,12,23,15514,41.07,HOEP (Legacy)
2021-12-04 23:00:00,2021,12,24,14767,38.97,HOEP (Legacy)
2021-12-05 00:00:00,2021,12,1,14183,39.26,HOEP (Legacy)
2021-12-05 01:00:00,2021,12,2,13939,44.06,HOEP (Legacy)
2021-12-05 02:00:00,2021,12,3,13684,39.35,HOEP (Legacy)
2021-12-05 03:00:00,2021,12,4,13451,39.21,HOEP (Legacy)
2021-12-05 04:00:00,2021,12,5,13580,42.42,HOEP (Legacy)
2021-12-05 05:00:00,2021,12,6,13890,42.2,HOEP (Legacy)
2021-12-05 06:00:00,2021,12,7,14349,41.72,HOEP (Legacy)
2021-12-05 07:00:00,2021,12,8,15123,46.06,HOEP (Legacy)
2021-12-05 08:00:00,2021,12,9,15589,45.64,HOEP (Legacy)
2021-12-05 09:00:00,2021,12,10,15903,44.02,HOEP (Legacy)
2021-12-05 10:00:00,2021,12,11,16177,42.77,HOEP (Legacy)
2021-12-05 11:00:00,2021,12,12,16280,40.96,HOEP (Legacy)
2021-12-05 12:00:00,2021,12,13,16324,40.21,HOEP (Legacy)
2021-12-05 13:00:00,2021,12,14,16403,39.16,HOEP (Legacy)
2021-12-05 14:00:00,2021,12,15,16776,39.29,HOEP (Legacy)
2021-12-05 15:00:00,2021,12,16,16978,39.21,HOEP (Legacy)
2021-12-05 16:00:00,2021,12,17,18051,42.56,HOEP (Legacy)
2021-12-05 17:00:00,2021,12,18,18736,42.73,HOEP (Legacy)
2021-12-05 18:00:00,2021,12,19,18354,42.81,HOEP (Legacy)
2021-12-05 19:00:00,2021,12,20,17979,42.78,HOEP (Legacy)
2021-12-05 20:00:00,2021,12,21,17715,95.97,HOEP (Legacy)
2021-12-05 21:00:00,2021,12,22,16938,53.04,HOEP (Legacy)
2021-12-05 22:00:00,2021,12,23,15754,37.83,HOEP (Legacy)
2021-12-05 23:00:00,2021,12,24,14790,22.83,HOEP (Legacy)
2021-12-06 00:00:00,2021,12,1,14138,19.13,HOEP (Legacy)
2021-12-06 01:00:00,2021,12,2,13714,46.49,HOEP (Legacy)
2021-12-06 02:00:00,2021,12,3,13605,47.7,HOEP (Legacy)
2021-12-06 03:00:00,2021,12,4,13377,33.64,HOEP (Legacy)
2021-12-06 04:00:00,2021,12,5,13505,38.2,HOEP (Legacy)
2021-12-06 05:00:00,2021,12,6,13986,31.18,HOEP (Legacy)
2021-12-06 06:00:00,2021,12,7,15104,25.23,HOEP (Legacy)
2021-12-06 07:00:00,2021,12,8,16062,29.74,HOEP (Legacy)
2021-12-06 08:00:00,2021,12,9,16852,37.88,HOEP (Legacy)
2021-12-06 09:00:00,2021,12,10,17248,38.1,HOEP (Legacy)
2021-12-06 10:00:00,2021,12,11,17463,38.9,HOEP (Legacy)
2021-12-06 11:00:00,2021,12,12,17619,39.11,HOEP (Legacy)
2021-12-06 12:00:00,2021,12,13,17577,39.05,HOEP (Legacy)
2021-12-06 13:00:00,2021,12,14,17441,38.15,HOEP (Legacy)
2021-12-06 14:00:00,2021,12,15,17473,38.18,HOEP (Legacy)
2021-12-06 15:00:00,2021,12,16,17655,39.6,HOEP (Legacy)
2021-12-06 16:00:00,2021,12,17,18265,39.29,HOEP (Legacy)
2021-12-06 17:00:00,2021,12,18,19269,41.09,HOEP (Legacy)
2021-12-06 18:00:00,2021,12,19,18973,40.89,HOEP (Legacy)
2021-12-06 19:00:00,2021,12,20,18660,40.43,HOEP (Legacy)
2021-12-06 20:00:00,2021,12,21,18311,47.75,HOEP (Legacy)
2021-12-06 21:00:00,2021,12,22,17612,41.1,HOEP (Legacy)
2021-12-06 22:00:00,2021,12,23,16530,41.39,HOEP (Legacy)
2021-12-06 23:00:00,2021,12,24,15491,36.13,HOEP (Legacy)
2021-12-07 00:00:00,2021,12,1,14975,30.77,HOEP (Legacy)
2021-12-07 01:00:00,2021,12,2,14486,39.94,HOEP (Legacy)
2021-12-07 02:00:00,2021,12,3,14259,13.34,HOEP (Legacy)
2021-12-07 03:00:00,2021,12,4,14368,18.39,HOEP (Legacy)
2021-12-07 04:00:00,2021,12,5,14583,22.83,HOEP (Legacy)
2021-12-07 05:00:00,2021,12,6,15308,35.19,HOEP (Legacy)
2021-12-07 06:00:00,2021,12,7,16399,38.16,HOEP (Legacy)
2021-12-07 07:00:00,2021,12,8,18000,48.47,HOEP (Legacy)
2021-12-07 08:00:00,2021,12,9,18271,41.65,HOEP (Legacy)
2021-12-07 09:00:00,2021,12,10,18273,66.09,HOEP (Legacy)
2021-12-07 10:00:00,2021,12,11,18358,46.63,HOEP (Legacy)
2021-12-07 11:00:00,2021,12,12,18361,40.54,HOEP (Legacy)
2021-12-07 12:00:00,2021,12,13,18288,51.21,HOEP (Legacy)
2021-12-07 13:00:00,2021,12,14,18482,39.1,HOEP (Legacy)
2021-12-07 14:00:00,2021,12,15,18532,39.15,HOEP (Legacy)
2021-12-07 15:00:00,2021,12,16,18753,39.16,HOEP (Legacy)
2021-12-07 16:00:00,2021,12,17,19509,79.02,HOEP (Legacy)
2021-12-07 17:00:00,2021,12,18,20455,145.49,HOEP (Legacy)
2021-12-07 18:00:00,2021,12,19,20054,72.47,HOEP (Legacy)
2021-12-07 19:00:00,2021,12,20,19631,65.43,HOEP (Legacy)
2021-12-07 20:00:00,2021,12,21,19153,45.98,HOEP (Legacy)
2021-12-07 21:00:00,2021,12,22,18455,53.78,HOEP (Legacy)
2021-12-07 22:00:00,2021,12,23,17484,43.59,HOEP (Legacy)
2021-12-07 23:00:00,2021,12,24,16398,47.05,HOEP (Legacy)
2021-12-08 00:00:00,2021,12,1,15653,65.24,HOEP (Legacy)
2021-12-08 01:00:00,2021,12,2,15207,44.41,HOEP (Legacy)
2021-12-08 02:00:00,2021,12,3,15091,41.76,HOEP (Legacy)
2021-12-08 03:00:00,2021,12,4,15004,41.39,HOEP (Legacy)
2021-12-08 04:00:00,2021,12,5,15210,41.47,HOEP (Legacy)
2021-12-08 05:00:00,2021,12,6,15681,38.79,HOEP (Legacy)
2021-12-08 06:00:00,2021,12,7,16819,57.96,HOEP (Legacy)
2021-12-08 07:00:00,2021,12,8,18264,154.05,HOEP (Legacy)
2021-12-08 08:00:00,2021,12,9,18700,190.88,HOEP (Legacy)
2021-12-08 09:00:00,2021,12,10,18980,137.42,HOEP (Legacy)
2021-12-08 10:00:00,2021,12,11,19101,88.88,HOEP (Legacy)
2021-12-08 11:00:00,2021,12,12,19124,79.01,HOEP (Legacy)
2021-12-08 12:00:00,2021,12,13,18803,86.35,HOEP (Legacy)
2021-12-08 13:00:00,2021,12,14,18635,93.0,HOEP (Legacy)
2021-12-08 14:00:00,2021,12,15,18513,88.83,HOEP (Legacy)
2021-12-08 15:00:00,2021,12,16,18711,66.78,HOEP (Legacy)
2021-12-08 16:00:00,2021,12,17,19658,64.35,HOEP (Legacy)
2021-12-08 17:00:00,2021,12,18,20284,66.42,HOEP (Legacy)
2021-12-08 18:00:00,2021,12,19,19971,94.44,HOEP (Legacy)
2021-12-08 19:00:00,2021,12,20,19567,68.82,HOEP (Legacy)
2021-12-08 20:00:00,2021,12,21,19051,61.91,HOEP (Legacy)
2021-12-08 21:00:00,2021,12,22,18403,41.25,HOEP (Legacy)
2021-12-08 22:00:00,2021,12,23,17406,40.53,HOEP (Legacy)
2021-12-08 23:00:00,2021,12,24,16398,38.65,HOEP (Legacy)
2021-12-09 00:00:00,2021,12,1,15619,40.49,HOEP (Legacy)
2021-12-09 01:00:00,2021,12,2,15248,38.92,HOEP (Legacy)
2021-12-09 02:00:00,2021,12,3,14925,40.18,HOEP (Legacy)
2021-12-09 03:00:00,2021,12,4,14762,35.72,HOEP (Legacy)
2021-12-09 04:00:00,2021,12,5,14933,35.66,HOEP (Legacy)
2021-12-09 05:00:00,2021,12,6,15623,40.11,HOEP (Legacy)
2021-12-09 06:00:00,2021,12,7,16918,53.33,HOEP (Legacy)
2021-12-09 07:00:00,2021,12,8,18245,55.4,HOEP (Legacy)
2021-12-09 08:00:00,2021,12,9,18451,54.8,HOEP (Legacy)
2021-12-09 09:00:00,2021,12,10,18561,60.18,HOEP (Legacy)
2021-12-09 10:00:00,2021,12,11,18656,57.96,HOEP (Legacy)
2021-12-09 11:00:00,2021,12,12,18562,45.1,HOEP (Legacy)
2021-12-09 12:00:00,2021,12,13,18534,41.13,HOEP (Legacy)
2021-12-09 13:00:00,2021,12,14,18688,42.11,HOEP (Legacy)
2021-12-09 14:00:00,2021,12,15,18645,41.45,HOEP (Legacy)
2021-12-09 15:00:00,2021,12,16,18582,36.25,HOEP (Legacy)
2021-12-09 16:00:00,2021,12,17,19016,35.35,HOEP (Legacy)
2021-12-09 17:00:00,2021,12,18,19527,35.61,HOEP (Legacy)
2021-12-09 18:00:00,2021,12,19,19284,35.33,HOEP (Legacy)
2021-12-09 19:00:00,2021,12,20,19065,38.67,HOEP (Legacy)
2021-12-09 20:00:00,2021,12,21,18849,39.31,HOEP (Legacy)
2021-12-09 21:00:00,2021,12,22,18220,36.28,HOEP (Legacy)
2021-12-09 22:00:00,2021,12,23,17062,34.03,HOEP (Legacy)
2021-12-09 23:00:00,2021,12,24,16037,33.56,HOEP (Legacy)
2021-12-10 00:00:00,2021,12,1,15177,34.64,HOEP (Legacy)
2021-12-10 01:00:00,2021,12,2,14671,34.1,HOEP (Legacy)
2021-12-10 02:00:00,2021,12,3,14413,34.05,HOEP (Legacy)
2021-12-10 03:00:00,2021,12,4,14114,34.06,HOEP (Legacy)
2021-12-10 04:00:00,2021,12,5,13978,34.02,HOEP (Legacy)
2021-12-10 05:00:00,2021,12,6,14531,31.43,HOEP (Legacy)
2021-12-10 06:00:00,2021,12,7,15860,34.65,HOEP (Legacy)
2021-12-10 07:00:00,2021,12,8,17335,38.29,HOEP (Legacy)
2021-12-10 08:00:00,2021,12,9,17732,38.57,HOEP (Legacy)
2021-12-10 09:00:00,2021,12,10,17815,35.83,HOEP (Legacy)
2021-12-10 10:00:00,2021,12,11,17887,39.29,HOEP (Legacy)
2021-12-10 11:00:00,2021,12,12,17869,39.63,HOEP (Legacy)
2021-12-10 12:00:00,2021,12,13,17658,40.12,HOEP (Legacy)
2021-12-10 13:00:00,2021,12,14,17577,39.89,HOEP (Legacy)
2021-12-10 14:00:00,2021,12,15,17462,39.71,HOEP (Legacy)
2021-12-10 15:00:00,2021,12,16,17625,39.37,HOEP (Legacy)
2021-12-10 16:00:00,2021,12,17,18053,39.88,HOEP (Legacy)
2021-12-10 17:00:00,2021,12,18,18658,39.75,HOEP (Legacy)
2021-12-10 18:00:00,2021,12,19,18188,35.73,HOEP (Legacy)
2021-12-10 19:00:00,2021,12,20,17638,33.26,HOEP (Legacy)
2021-12-10 20:00:00,2021,12,21,16999,30.99,HOEP (Legacy)
2021-12-10 21:00:00,2021,12,22,16411,29.86,HOEP (Legacy)
2021-12-10 22:00:00,2021,12,23,15555,34.61,HOEP (Legacy)
2021-12-10 23:00:00,2021,12,24,14618,28.5,HOEP (Legacy)
2021-12-11 00:00:00,2021,12,1,13854,20.49,HOEP (Legacy)
2021-12-11 01:00:00,2021,12,2,13356,17.34,HOEP (Legacy)
2021-12-11 02:00:00,2021,12,3,13143,13.69,HOEP (Legacy)
2021-12-11 03:00:00,2021,12,4,13151,14.31,HOEP (Legacy)
2021-12-11 04:00:00,2021,12,5,13186,7.29,HOEP (Legacy)
2021-12-11 05:00:00,2021,12,6,13370,6.0,HOEP (Legacy)
2021-12-11 06:00:00,2021,12,7,13852,10.63,HOEP (Legacy)
2021-12-11 07:00:00,2021,12,8,14532,10.27,HOEP (Legacy)
2021-12-11 08:00:00,2021,12,9,15112,11.09,HOEP (Legacy)
2021-12-11 09:00:00,2021,12,10,15668,19.72,HOEP (Legacy)
2021-12-11 10:00:00,2021,12,11,15817,32.27,HOEP (Legacy)
2021-12-11 11:00:00,2021,12,12,15520,29.02,HOEP (Legacy)
2021-12-11 12:00:00,2021,12,13,15664,34.79,HOEP (Legacy)
2021-12-11 13:00:00,2021,12,14,15599,36.61,HOEP (Legacy)
2021-12-11 14:00:00,2021,12,15,15687,34.73,HOEP (Legacy)
2021-12-11 15:00:00,2021,12,16,15482,22.6,HOEP (Legacy)
2021-12-11 16:00:00,2021,12,17,16089,32.05,HOEP (Legacy)
2021-12-11 17:00:00,2021,12,18,16816,34.29,HOEP (Legacy)
2021-12-11 18:00:00,2021,12,19,16679,37.42,HOEP (Legacy)
2021-12-11 19:00:00,2021,12,20,16303,34.31,HOEP (Legacy)
2021-12-11 20:00:00,2021,12,21,15724,36.65,HOEP (Legacy)
2021-12-11 21:00:00,2021,12,22,15334,35.02,HOEP (Legacy)
2021-12-11 22:00:00,2021,12,23,14747,39.79,HOEP (Legacy)
2021-12-11 23:00:00,2021,12,24,13996,35.93,HOEP (Legacy)
2021-12-12 00:00:00,2021,12,1,13518,27.24,HOEP (Legacy)
2021-12-12 01:00:00,2021,12,2,13118,0.72,HOEP (Legacy)
2021-12-12 02:00:00,2021,12,3,12896,10.55,HOEP (Legacy)
2021-12-12 03:00:00,2021,12,4,12815,14.34,HOEP (Legacy)
2021-12-12 04:00:00,2021,12,5,12890,13.65,HOEP (Legacy)
2021-12-12 05:00:00,2021,12,6,13087,36.48,HOEP (Legacy)
2021-12-12 06:00:00,2021,12,7,13620,60.04,HOEP (Legacy)
2021-12-12 07:00:00,2021,12,8,14186,43.56,HOEP (Legacy)
2021-12-12 08:00:00,2021,12,9,14520,14.38,HOEP (Legacy)
2021-12-12 09:00:00,2021,12,10,14317,7.45,HOEP (Legacy)
2021-12-12 10:00:00,2021,12,11,14211,2.79,HOEP (Legacy)
2021-12-12 11:00:00,2021,12,12,14063,5.91,HOEP (Legacy)
2021-12-12 12:00:00,2021,12,13,14090,11.95,HOEP (Legacy)
2021-12-12 13:00:00,2021,12,14,13980,0.0,HOEP (Legacy)
2021-12-12 14:00:00,2021,12,15,14137,2.76,HOEP (Legacy)
2021-12-12 15:00:00,2021,12,16,14982,4.08,HOEP (Legacy)
2021-12-12 16:00:00,2021,12,17,16161,24.98,HOEP (Legacy)
2021-12-12 17:00:00,2021,12,18,17396,34.7,HOEP (Legacy)
2021-12-12 18:00:00,2021,12,19,17362,36.29,HOEP (Legacy)
2021-12-12 19:00:00,2021,12,20,16944,34.66,HOEP (Legacy)
2021-12-12 20:00:00,2021,12,21,16535,34.56,HOEP (Legacy)
2021-12-12 21:00:00,2021,12,22,15843,33.09,HOEP (Legacy)
2021-12-12 22:00:00,2021,12,23,14852,23.51,HOEP (Legacy)
2021-12-12 23:00:00,2021,12,24,13905,3.02,HOEP (Legacy)
2021-12-13 00:00:00,2021,12,1,13283,2.42,HOEP (Legacy)
2021-12-13 01:00:00,2021,12,2,13047,7.58,HOEP (Legacy)
2021-12-13 02:00:00,2021,12,3,12855,7.03,HOEP (Legacy)
2021-12-13 03:00:00,2021,12,4,12938,14.36,HOEP (Legacy)
2021-12-13 04:00:00,2021,12,5,13152,0.6,HOEP (Legacy)
2021-12-13 05:00:00,2021,12,6,13711,3.88,HOEP (Legacy)
2021-12-13 06:00:00,2021,12,7,14924,18.9,HOEP (Legacy)
2021-12-13 07:00:00,2021,12,8,16246,33.1,HOEP (Legacy)
2021-12-13 08:00:00,2021,12,9,16571,34.27,HOEP (Legacy)
2021-12-13 09:00:00,2021,12,10,16394,36.1,HOEP (Legacy)
2021-12-13 10:00:00,2021,12,11,15813,26.52,HOEP (Legacy)
2021-12-13 11:00:00,2021,12,12,15312,12.38,HOEP (Legacy)
2021-12-13 12:00:00,2021,12,13,15202,10.84,HOEP (Legacy)
2021-12-13 13:00:00,2021,12,14,15119,6.61,HOEP (Legacy)
2021-12-13 14:00:00,2021,12,15,15203,7.24,HOEP (Legacy)
2021-12-13 15:00:00,2021,12,16,15949,19.6,HOEP (Legacy)
2021-12-13 16:00:00,2021,12,17,17146,33.46,HOEP (Legacy)
2021-12-13 17:00:00,2021,12,18,18317,36.07,HOEP (Legacy)
2021-12-13 18:00:00,2021,12,19,18067,35.54,HOEP (Legacy)
2021-12-13 19:00:00,2021,12,20,17669,34.42,HOEP (Legacy)
2021-12-13 20:00:00,2021,12,21,17365,34.82,HOEP (Legacy)
2021-12-13 21:00:00,2021,12,22,16986,37.95,HOEP (Legacy)
2021-12-13 22:00:00,2021,12,23,15972,35.21,HOEP (Legacy)
2021-12-13 23:00:00,2021,12,24,14882,35.31,HOEP (Legacy)
2021-12-14 00:00:00,2021,12,1,14080,44.3,HOEP (Legacy)
2021-12-14 01:00:00,2021,12,2,13834,41.13,HOEP (Legacy)
2021-12-14 02:00:00,2021,12,3,13692,41.2,HOEP (Legacy)
2021-12-14 03:00:00,2021,12,4,13750,37.71,HOEP (Legacy)
2021-12-14 04:00:00,2021,12,5,13784,37.69,HOEP (Legacy)
2021-12-14 05:00:00,2021,12,6,14235,36.65,HOEP (Legacy)
2021-12-14 06:00:00,2021,12,7,15357,35.18,HOEP (Legacy)
2021-12-14 07:00:00,2021,12,8,16660,39.58,HOEP (Legacy)
2021-12-14 08:00:00,2021,12,9,16950,38.26,HOEP (Legacy)
2021-12-14 09:00:00,2021,12,10,16504,38.04,HOEP (Legacy)
2021-12-14 10:00:00,2021,12,11,15942,37.27,HOEP (Legacy)
2021-12-14 11:00:00,2021,12,12,15679,37.66,HOEP (Legacy)
2021-12-14 12:00:00,2021,12,13,15516,40.64,HOEP (Legacy)
2021-12-14 13:00:00,2021,12,14,15604,37.49,HOEP (Legacy)
2021-12-14 14:00:00,2021,12,15,16018,36.53,HOEP (Legacy)
2021-12-14 15:00:00,2021,12,16,16810,35.66,HOEP (Legacy)
2021-12-14 16:00:00,2021,12,17,17705,36.14,HOEP (Legacy)
2021-12-14 17:00:00,2021,12,18,18700,40.82,HOEP (Legacy)
2021-12-14 18:00:00,2021,12,19,18161,37.18,HOEP (Legacy)
2021-12-14 19:00:00,2021,12,20,17764,36.76,HOEP (Legacy)
2021-12-14 20:00:00,2021,12,21,17435,36.3,HOEP (Legacy)
2021-12-14 21:00:00,2021,12,22,16906,36.46,HOEP (Legacy)
2021-12-14 22:00:00,2021,12,23,16006,36.17,HOEP (Legacy)
2021-12-14 23:00:00,2021,12,24,14838,32.11,HOEP (Legacy)
2021-12-15 00:00:00,2021,12,1,14342,36.17,HOEP (Legacy)
2021-12-15 01:00:00,2021,12,2,13889,33.04,HOEP (Legacy)
2021-12-15 02:00:00,2021,12,3,13520,17.44,HOEP (Legacy)
2021-12-15 03:00:00,2021,12,4,13226,14.38,HOEP (Legacy)
2021-12-15 04:00:00,2021,12,5,13537,14.31,HOEP (Legacy)
2021-12-15 05:00:00,2021,12,6,14211,14.35,HOEP (Legacy)
2021-12-15 06:00:00,2021,12,7,15379,33.28,HOEP (Legacy)
2021-12-15 07:00:00,2021,12,8,16488,34.24,HOEP (Legacy)
2021-12-15 08:00:00,2021,12,9,17109,35.87,HOEP (Legacy)
2021-12-15 09:00:00,2021,12,10,17288,35.92,HOEP (Legacy)
2021-12-15 10:00:00,2021,12,11,17466,37.17,HOEP (Legacy)
2021-12-15 11:00:00,2021,12,12,17650,37.56,HOEP (Legacy)
2021-12-15 12:00:00,2021,12,13,17680,38.84,HOEP (Legacy)
2021-12-15 13:00:00,2021,12,14,17672,39.54,HOEP (Legacy)
2021-12-15 14:00:00,2021,12,15,17661,35.43,HOEP (Legacy)
2021-12-15 15:00:00,2021,12,16,17460,33.32,HOEP (Legacy)
2021-12-15 16:00:00,2021,12,17,18087,34.27,HOEP (Legacy)
2021-12-15 17:00:00,2021,12,18,18594,36.95,HOEP (Legacy)
2021-12-15 18:00:00,2021,12,19,18000,36.83,HOEP (Legacy)
2021-12-15 19:00:00,2021,12,20,17451,36.24,HOEP (Legacy)
2021-12-15 20:00:00,2021,12,21,17080,34.79,HOEP (Legacy)
2021-12-15 21:00:00,2021,12,22,16377,36.48,HOEP (Legacy)
2021-12-15 22:00:00,2021,12,23,15194,24.7,HOEP (Legacy)
2021-12-15 23:00:00,2021,12,24,14282,20.58,HOEP (Legacy)
2021-12-16 00:00:00,2021,12,1,13579,20.03,HOEP (Legacy)
2021-12-16 01:00:00,2021,12,2,12989,13.35,HOEP (Legacy)
2021-12-16 02:00:00,2021,12,3,12800,12.82,HOEP (Legacy)
2021-12-16 03:00:00,2021,12,4,12633,1.46,HOEP (Legacy)
2021-12-16 04:00:00,2021,12,5,12657,17.05,HOEP (Legacy)
2021-12-16 05:00:00,2021,12,6,13211,15.3,HOEP (Legacy)
2021-12-16 06:00:00,2021,12,7,14452,25.22,HOEP (Legacy)
2021-12-16 07:00:00,2021,12,8,15836,50.21,HOEP (Legacy)
2021-12-16 08:00:00,2021,12,9,16115,32.2,HOEP (Legacy)
2021-12-16 09:00:00,2021,12,10,16137,40.23,HOEP (Legacy)
2021-12-16 10:00:00,2021,12,11,15955,35.62,HOEP (Legacy)
2021-12-16 11:00:00,2021,12,12,15836,34.71,HOEP (Legacy)
2021-12-16 12:00:00,2021,12,13,16076,34.69,HOEP (Legacy)
2021-12-16 13:00:00,2021,12,14,16183,34.88,HOEP (Legacy)
2021-12-16 14:00:00,2021,12,15,16317,34.69,HOEP (Legacy)
2021-12-16 15:00:00,2021,12,16,16374,34.69,HOEP (Legacy)
2021-12-16 16:00:00,2021,12,17,16695,26.7,HOEP (Legacy)
2021-12-16 17:00:00,2021,12,18,17343,34.68,HOEP (Legacy)
2021-12-16 18:00:00,2021,12,19,17284,40.2,HOEP (Legacy)
2021-12-16 19:00:00,2021,12,20,17011,39.97,HOEP (Legacy)
2021-12-16 20:00:00,2021,12,21,16616,47.62,HOEP (Legacy)
2021-12-16 21:00:00,2021,12,22,16046,46.49,HOEP (Legacy)
2021-12-16 22:00:00,2021,12,23,15018,28.6,HOEP (Legacy)
2021-12-16 23:00:00,2021,12,24,14079,18.04,HOEP (Legacy)
2021-12-17 00:00:00,2021,12,1,13531,12.83,HOEP (Legacy)
2021-12-17 01:00:00,2021,12,2,13212,3.75,HOEP (Legacy)
2021-12-17 02:00:00,2021,12,3,12991,16.54,HOEP (Legacy)
2021-12-17 03:00:00,2021,12,4,13185,36.47,HOEP (Legacy)
2021-12-17 04:00:00,2021,12,5,13441,35.79,HOEP (Legacy)
2021-12-17 05:00:00,2021,12,6,13898,28.7,HOEP (Legacy)
2021-12-17 06:00:00,2021,12,7,14863,27.73,HOEP (Legacy)
2021-12-17 07:00:00,2021,12,8,16240,35.29,HOEP (Legacy)
2021-12-17 08:00:00,2021,12,9,16645,32.98,HOEP (Legacy)
2021-12-17 09:00:00,2021,12,10,16498,34.8,HOEP (Legacy)
2021-12-17 10:00:00,2021,12,11,16294,35.71,HOEP (Legacy)
2021-12-17 11:00:00,2021,12,12,16253,37.53,HOEP (Legacy)
2021-12-17 12:00:00,2021,12,13,16139,39.56,HOEP (Legacy)
2021-12-17 13:00:00,2021,12,14,16191,38.83,HOEP (Legacy)
2021-12-17 14:00:00,2021,12,15,16438,38.86,HOEP (Legacy)
2021-12-17 15:00:00,2021,12,16,17018,38.43,HOEP (Legacy)
2021-12-17 16:00:00,2021,12,17,17854,50.18,HOEP (Legacy)
2021-12-17 17:00:00,2021,12,18,18606,39.6,HOEP (Legacy)
2021-12-17 18:00:00,2021,12,19,18289,39.6,HOEP (Legacy)
2021-12-17 19:00:00,2021,12,20,17954,39.57,HOEP (Legacy)
2021-12-17 20:00:00,2021,12,21,17567,39.06,HOEP (Legacy)
2021-12-17 21:00:00,2021,12,22,16794,43.58,HOEP (Legacy)
2021-12-17 22:00:00,2021,12,23,15801,37.39,HOEP (Legacy)
2021-12-17 23:00:00,2021,12,24,14827,35.75,HOEP (Legacy)
2021-12-18 00:00:00,2021,12,1,14042,38.1,HOEP (Legacy)
2021-12-18 01:00:00,2021,12,2,13600,35.67,HOEP (Legacy)
2021-12-18 02:00:00,2021,12,3,13358,34.48,HOEP (Legacy)
2021-12-18 03:00:00,2021,12,4,13287,35.27,HOEP (Legacy)
2021-12-18 04:00:00,2021,12,5,13304,34.33,HOEP (Legacy)
2021-12-18 05:00:00,2021,12,6,13576,33.54,HOEP (Legacy)
2021-12-18 06:00:00,2021,12,7,14424,29.99,HOEP (Legacy)
2021-12-18 07:00:00,2021,12,8,15411,35.92,HOEP (Legacy)
2021-12-18 08:00:00,2021,12,9,16011,36.62,HOEP (Legacy)
2021-12-18 09:00:00,2021,12,10,16968,39.71,HOEP (Legacy)
2021-12-18 10:00:00,2021,12,11,17505,39.75,HOEP (Legacy)
2021-12-18 11:00:00,2021,12,12,17860,40.79,HOEP (Legacy)
2021-12-18 12:00:00,2021,12,13,18147,43.38,HOEP (Legacy)
2021-12-18 13:00:00,2021,12,14,17883,38.91,HOEP (Legacy)
2021-12-18 14:00:00,2021,12,15,17609,38.93,HOEP (Legacy)
2021-12-18 15:00:00,2021,12,16,17623,38.91,HOEP (Legacy)
2021-12-18 16:00:00,2021,12,17,18319,38.85,HOEP (Legacy)
2021-12-18 17:00:00,2021,12,18,18823,38.95,HOEP (Legacy)
2021-12-18 18:00:00,2021,12,19,18540,39.13,HOEP (Legacy)
2021-12-18 19:00:00,2021,12,20,17870,34.8,HOEP (Legacy)
2021-12-18 20:00:00,2021,12,21,17370,41.72,HOEP (Legacy)
2021-12-18 21:00:00,2021,12,22,16713,45.37,HOEP (Legacy)
2021-12-18 22:00:00,2021,12,23,15955,44.62,HOEP (Legacy)
2021-12-18 23:00:00,2021,12,24,15122,44.03,HOEP (Legacy)
2021-12-19 00:00:00,2021,12,1,14490,40.72,HOEP (Legacy)
2021-12-19 01:00:00,2021,12,2,14053,39.53,HOEP (Legacy)
2021-12-19 02:00:00,2021,12,3,13799,34.39,HOEP (Legacy)
2021-12-19 03:00:00,2021,12,4,13689,34.19,HOEP (Legacy)
2021-12-19 04:00:00,2021,12,5,13711,34.15,HOEP (Legacy)
2021-12-19 05:00:00,2021,12,6,13965,31.99,HOEP (Legacy)
2021-12-19 06:00:00,2021,12,7,14637,36.01,HOEP (Legacy)
2021-12-19 07:00:00,2021,12,8,15323,32.14,HOEP (Legacy)
2021-12-19 08:00:00,2021,12,9,15989,38.42,HOEP (Legacy)
2021-12-19 09:00:00,2021,12,10,16505,39.56,HOEP (Legacy)
2021-12-19 10:00:00,2021,12,11,16694,38.95,HOEP (Legacy)
2021-12-19 11:00:00,2021,12,12,16831,42.34,HOEP (Legacy)
2021-12-19 12:00:00,2021,12,13,16778,39.81,HOEP (Legacy)
2021-12-19 13:00:00,2021,12,14,16541,39.38,HOEP (Legacy)
2021-12-19 14:00:00,2021,12,15,16636,37.81,HOEP (Legacy)
2021-12-19 15:00:00,2021,12,16,17008,33.48,HOEP (Legacy)
2021-12-19 16:00:00,2021,12,17,17920,37.66,HOEP (Legacy)
2021-12-19 17:00:00,2021,12,18,19272,70.87,HOEP (Legacy)
2021-12-19 18:00:00,2021,12,19,18916,52.82,HOEP (Legacy)
2021-12-19 19:00:00,2021,12,20,18432,41.47,HOEP (Legacy)
2021-12-19 20:00:00,2021,12,21,18116,36.62,HOEP (Legacy)
2021-12-19 21:00:00,2021,12,22,17437,38.59,HOEP (Legacy)
2021-12-19 22:00:00,2021,12,23,16524,35.24,HOEP (Legacy)
2021-12-19 23:00:00,2021,12,24,15650,32.81,HOEP (Legacy)
2021-12-20 00:00:00,2021,12,1,14851,34.25,HOEP (Legacy)
2021-12-20 01:00:00,2021,12,2,14408,31.09,HOEP (Legacy)
2021-12-20 02:00:00,2021,12,3,14340,31.07,HOEP (Legacy)
2021-12-20 03:00:00,2021,12,4,14241,30.09,HOEP (Legacy)
2021-12-20 04:00:00,2021,12,5,14402,14.38,HOEP (Legacy)
2021-12-20 05:00:00,2021,12,6,14972,3.82,HOEP (Legacy)
2021-12-20 06:00:00,2021,12,7,15980,17.06,HOEP (Legacy)
2021-12-20 07:00:00,2021,12,8,17015,19.79,HOEP (Legacy)
2021-12-20 08:00:00,2021,12,9,17496,2.0,HOEP (Legacy)
2021-12-20 09:00:00,2021,12,10,17674,34.06,HOEP (Legacy)
2021-12-20 10:00:00,2021,12,11,18009,34.02,HOEP (Legacy)
2021-12-20 11:00:00,2021,12,12,17905,33.9,HOEP (Legacy)
2021-12-20 12:00:00,2021,12,13,17652,33.36,HOEP (Legacy)
2021-12-20 13:00:00,2021,12,14,17390,32.16,HOEP (Legacy)
2021-12-20 14:00:00,2021,12,15,17243,32.14,HOEP (Legacy)
2021-12-20 15:00:00,2021,12,16,17366,24.67,HOEP (Legacy)
2021-12-20 16:00:00,2021,12,17,18073,12.59,HOEP (Legacy)
2021-12-20 17:00:00,2021,12,18,19140,23.4,HOEP (Legacy)
2021-12-20 18:00:00,2021,12,19,18624,12.35,HOEP (Legacy)
2021-12-20 19:00:00,2021,12,20,18089,5.3,HOEP (Legacy)
2021-12-20 20:00:00,2021,12,21,17691,0.0,HOEP (Legacy)
2021-12-20 21:00:00,2021,12,22,17094,0.0,HOEP (Legacy)
2021-12-20 22:00:00,2021,12,23,16141,0.0,HOEP (Legacy)
2021-12-20 23:00:00,2021,12,24,15083,0.0,HOEP (Legacy)
2021-12-21 00:00:00,2021,12,1,14360,-0.11,HOEP (Legacy)
2021-12-21 01:00:00,2021,12,2,14009,0.0,HOEP (Legacy)
2021-12-21 02:00:00,2021,12,3,13916,0.0,HOEP (Legacy)
2021-12-21 03:00:00,2021,12,4,13777,0.0,HOEP (Legacy)
2021-12-21 04:00:00,2021,12,5,13995,3.01,HOEP (Legacy)
2021-12-21 05:00:00,2021,12,6,14651,32.32,HOEP (Legacy)
2021-12-21 06:00:00,2021,12,7,15782,31.25,HOEP (Legacy)
2021-12-21 07:00:00,2021,12,8,16945,31.31,HOEP (Legacy)
2021-12-21 08:00:00,2021,12,9,17422,36.09,HOEP (Legacy)
2021-12-21 09:00:00,2021,12,10,17292,35.99,HOEP (Legacy)
2021-12-21 10:00:00,2021,12,11,17145,35.82,HOEP (Legacy)
2021-12-21 11:00:00,2021,12,12,17017,26.71,HOEP (Legacy)
2021-12-21 12:00:00,2021,12,13,16923,20.78,HOEP (Legacy)
2021-12-21 13:00:00,2021,12,14,16948,14.36,HOEP (Legacy)
2021-12-21 14:00:00,2021,12,15,17214,29.4,HOEP (Legacy)
2021-12-21 15:00:00,2021,12,16,17622,30.02,HOEP (Legacy)
2021-12-21 16:00:00,2021,12,17,18390,36.54,HOEP (Legacy)
2021-12-21 17:00:00,2021,12,18,19204,36.16,HOEP (Legacy)
2021-12-21 18:00:00,2021,12,19,18434,24.61,HOEP (Legacy)
2021-12-21 19:00:00,2021,12,20,18009,23.87,HOEP (Legacy)
2021-12-21 20:00:00,2021,12,21,17663,27.58,HOEP (Legacy)
2021-12-21 21:00:00,2021,12,22,17021,30.53,HOEP (Legacy)
2021-12-21 22:00:00,2021,12,23,16152,11.9,HOEP (Legacy)
2021-12-21 23:00:00,2021,12,24,15245,3.94,HOEP (Legacy)
2021-12-22 00:00:00,2021,12,1,14327,0.47,HOEP (Legacy)
2021-12-22 01:00:00,2021,12,2,13809,0.0,HOEP (Legacy)
2021-12-22 02:00:00,2021,12,3,13558,0.0,HOEP (Legacy)
2021-12-22 03:00:00,2021,12,4,13460,0.0,HOEP (Legacy)
2021-12-22 04:00:00,2021,12,5,13683,0.0,HOEP (Legacy)
2021-12-22 05:00:00,2021,12,6,14308,3.41,HOEP (Legacy)
2021-12-22 06:00:00,2021,12,7,15402,4.44,HOEP (Legacy)
2021-12-22 07:00:00,2021,12,8,16689,11.28,HOEP (Legacy)
2021-12-22 08:00:00,2021,12,9,17318,20.12,HOEP (Legacy)
2021-12-22 09:00:00,2021,12,10,17633,26.58,HOEP (Legacy)
2021-12-22 10:00:00,2021,12,11,17324,13.24,HOEP (Legacy)
2021-12-22 11:00:00,2021,12,12,17286,12.67,HOEP (Legacy)
2021-12-22 12:00:00,2021,12,13,17446,13.29,HOEP (Legacy)
2021-12-22 13:00:00,2021,12,14,17435,20.13,HOEP (Legacy)
2021-12-22 14:00:00,2021,12,15,17533,8.97,HOEP (Legacy)
2021-12-22 15:00:00,2021,12,16,17813,25.07,HOEP (Legacy)
2021-12-22 16:00:00,2021,12,17,18553,37.44,HOEP (Legacy)
2021-12-22 17:00:00,2021,12,18,19432,39.35,HOEP (Legacy)
2021-12-22 18:00:00,2021,12,19,19511,39.51,HOEP (Legacy)
2021-12-22 19:00:00,2021,12,20,19098,39.23,HOEP (Legacy)
2021-12-22 20:00:00,2021,12,21,18800,37.71,HOEP (Legacy)
2021-12-22 21:00:00,2021,12,22,18274,37.65,HOEP (Legacy)
2021-12-22 22:00:00,2021,12,23,17406,38.86,HOEP (Legacy)
2021-12-22 23:00:00,2021,12,24,16365,37.43,HOEP (Legacy)
2021-12-23 00:00:00,2021,12,1,15709,47.3,HOEP (Legacy)
2021-12-23 01:00:00,2021,12,2,15210,45.48,HOEP (Legacy)
2021-12-23 02:00:00,2021,12,3,14868,42.51,HOEP (Legacy)
2021-12-23 03:00:00,2021,12,4,15009,42.34,HOEP (Legacy)
2021-12-23 04:00:00,2021,12,5,15069,49.71,HOEP (Legacy)
2021-12-23 05:00:00,2021,12,6,15619,46.91,HOEP (Legacy)
2021-12-23 06:00:00,2021,12,7,16559,44.36,HOEP (Legacy)
2021-12-23 07:00:00,2021,12,8,17782,60.15,HOEP (Legacy)
2021-12-23 08:00:00,2021,12,9,18125,58.95,HOEP (Legacy)
2021-12-23 09:00:00,2021,12,10,18139,97.45,HOEP (Legacy)
2021-12-23 10:00:00,2021,12,11,17852,40.3,HOEP (Legacy)
2021-12-23 11:00:00,2021,12,12,17361,39.58,HOEP (Legacy)
2021-12-23 12:00:00,2021,12,13,17201,37.81,HOEP (Legacy)
2021-12-23 13:00:00,2021,12,14,17398,41.0,HOEP (Legacy)
2021-12-23 14:00:00,2021,12,15,17554,41.28,HOEP (Legacy)
2021-12-23 15:00:00,2021,12,16,17915,40.73,HOEP (Legacy)
2021-12-23 16:00:00,2021,12,17,18493,34.99,HOEP (Legacy)
2021-12-23 17:00:00,2021,12,18,19023,38.93,HOEP (Legacy)
2021-12-23 18:00:00,2021,12,19,18758,38.27,HOEP (Legacy)
2021-12-23 19:00:00,2021,12,20,18755,38.71,HOEP (Legacy)
2021-12-23 20:00:00,2021,12,21,18586,39.19,HOEP (Legacy)
2021-12-23 21:00:00,2021,12,22,17909,37.35,HOEP (Legacy)
2021-12-23 22:00:00,2021,12,23,16844,41.29,HOEP (Legacy)
2021-12-23 23:00:00,2021,12,24,15766,33.03,HOEP (Legacy)
2021-12-24 00:00:00,2021,12,1,15077,40.6,HOEP (Legacy)
2021-12-24 01:00:00,2021,12,2,14417,36.42,HOEP (Legacy)
2021-12-24 02:00:00,2021,12,3,14104,34.94,HOEP (Legacy)
2021-12-24 03:00:00,2021,12,4,13989,34.17,HOEP (Legacy)
2021-12-24 04:00:00,2021,12,5,14122,33.93,HOEP (Legacy)
2021-12-24 05:00:00,2021,12,6,14290,36.74,HOEP (Legacy)
2021-12-24 06:00:00,2021,12,7,14959,37.03,HOEP (Legacy)
2021-12-24 07:00:00,2021,12,8,15628,14.63,HOEP (Legacy)
2021-12-24 08:00:00,2021,12,9,16071,15.27,HOEP (Legacy)
2021-12-24 09:00:00,2021,12,10,16455,37.57,HOEP (Legacy)
2021-12-24 10:00:00,2021,12,11,16634,38.44,HOEP (Legacy)
2021-12-24 11:00:00,2021,12,12,16758,39.71,HOEP (Legacy)
2021-12-24 12:00:00,2021,12,13,16430,34.07,HOEP (Legacy)
2021-12-24 13:00:00,2021,12,14,16179,33.86,HOEP (Legacy)
2021-12-24 14:00:00,2021,12,15,16220,33.85,HOEP (Legacy)
2021-12-24 15:00:00,2021,12,16,16347,27.95,HOEP (Legacy)
2021-12-24 16:00:00,2021,12,17,16730,24.01,HOEP (Legacy)
2021-12-24 17:00:00,2021,12,18,17177,25.89,HOEP (Legacy)
2021-12-24 18:00:00,2021,12,19,16677,23.4,HOEP (Legacy)
2021-12-24 19:00:00,2021,12,20,16118,11.06,HOEP (Legacy)
2021-12-24 20:00:00,2021,12,21,15831,10.76,HOEP (Legacy)
2021-12-24 21:00:00,2021,12,22,15128,5.98,HOEP (Legacy)
2021-12-24 22:00:00,2021,12,23,14737,13.65,HOEP (Legacy)
2021-12-24 23:00:00,2021,12,24,14129,13.66,HOEP (Legacy)
2021-12-25 00:00:00,2021,12,1,13452,15.67,HOEP (Legacy)
2021-12-25 01:00:00,2021,12,2,12883,8.49,HOEP (Legacy)
2021-12-25 02:00:00,2021,12,3,12694,10.49,HOEP (Legacy)
2021-12-25 03:00:00,2021,12,4,12606,10.47,HOEP (Legacy)
2021-12-25 04:00:00,2021,12,5,12583,17.21,HOEP (Legacy)
2021-12-25 05:00:00,2021,12,6,12786,8.54,HOEP (Legacy)
2021-12-25 06:00:00,2021,12,7,13051,11.28,HOEP (Legacy)
2021-12-25 07:00:00,2021,12,8,13633,11.36,HOEP (Legacy)
2021-12-25 08:00:00,2021,12,9,14469,14.46,HOEP (Legacy)
2021-12-25 09:00:00,2021,12,10,14812,32.27,HOEP (Legacy)
2021-12-25 10:00:00,2021,12,11,14932,34.9,HOEP (Legacy)
2021-12-25 11:00:00,2021,12,12,15152,33.93,HOEP (Legacy)
2021-12-25 12:00:00,2021,12,13,15323,31.8,HOEP (Legacy)
2021-12-25 13:00:00,2021,12,14,15337,19.14,HOEP (Legacy)
2021-12-25 14:00:00,2021,12,15,15544,14.81,HOEP (Legacy)
2021-12-25 15:00:00,2021,12,16,15467,13.35,HOEP (Legacy)
2021-12-25 16:00:00,2021,12,17,15933,27.2,HOEP (Legacy)
2021-12-25 17:00:00,2021,12,18,16078,33.82,HOEP (Legacy)
2021-12-25 18:00:00,2021,12,19,15527,26.08,HOEP (Legacy)
2021-12-25 19:00:00,2021,12,20,15232,36.05,HOEP (Legacy)
2021-12-25 20:00:00,2021,12,21,15103,41.15,HOEP (Legacy)
2021-12-25 21:00:00,2021,12,22,14829,45.89,HOEP (Legacy)
2021-12-25 22:00:00,2021,12,23,14416,42.64,HOEP (Legacy)
2021-12-25 23:00:00,2021,12,24,13523,23.64,HOEP (Legacy)
2021-12-26 00:00:00,2021,12,1,13250,18.25,HOEP (Legacy)
2021-12-26 01:00:00,2021,12,2,12695,21.01,HOEP (Legacy)
2021-12-26 02:00:00,2021,12,3,12609,49.74,HOEP (Legacy)
2021-12-26 03:00:00,2021,12,4,12531,47.17,HOEP (Legacy)
2021-12-26 04:00:00,2021,12,5,12517,28.58,HOEP (Legacy)
2021-12-26 05:00:00,2021,12,6,12606,12.46,HOEP (Legacy)
2021-12-26 06:00:00,2021,12,7,12998,10.29,HOEP (Legacy)
2021-12-26 07:00:00,2021,12,8,13443,14.99,HOEP (Legacy)
2021-12-26 08:00:00,2021,12,9,13896,27.18,HOEP (Legacy)
2021-12-26 09:00:00,2021,12,10,14269,33.07,HOEP (Legacy)
2021-12-26 10:00:00,2021,12,11,14683,38.57,HOEP (Legacy)
2021-12-26 11:00:00,2021,12,12,14962,38.84,HOEP (Legacy)
2021-12-26 12:00:00,2021,12,13,15133,36.99,HOEP (Legacy)
2021-12-26 13:00:00,2021,12,14,14824,34.86,HOEP (Legacy)
2021-12-26 14:00:00,2021,12,15,14933,37.19,HOEP (Legacy)
2021-12-26 15:00:00,2021,12,16,15295,35.67,HOEP (Legacy)
2021-12-26 16:00:00,2021,12,17,16068,33.87,HOEP (Legacy)
2021-12-26 17:00:00,2021,12,18,16873,36.57,HOEP (Legacy)
2021-12-26 18:00:00,2021,12,19,16782,34.82,HOEP (Legacy)
2021-12-26 19:00:00,2021,12,20,16468,34.86,HOEP (Legacy)
2021-12-26 20:00:00,2021,12,21,16153,37.12,HOEP (Legacy)
2021-12-26 21:00:00,2021,12,22,15674,35.29,HOEP (Legacy)
2021-12-26 22:00:00,2021,12,23,15071,37.17,HOEP (Legacy)
2021-12-26 23:00:00,2021,12,24,14410,32.08,HOEP (Legacy)
2021-12-27 00:00:00,2021,12,1,14054,40.81,HOEP (Legacy)
2021-12-27 01:00:00,2021,12,2,13475,12.42,HOEP (Legacy)
2021-12-27 02:00:00,2021,12,3,13460,26.75,HOEP (Legacy)
2021-12-27 03:00:00,2021,12,4,13092,9.92,HOEP (Legacy)
2021-12-27 04:00:00,2021,12,5,13472,35.31,HOEP (Legacy)
2021-12-27 05:00:00,2021,12,6,13814,26.14,HOEP (Legacy)
2021-12-27 06:00:00,2021,12,7,14005,2.16,HOEP (Legacy)
2021-12-27 07:00:00,2021,12,8,14710,0.0,HOEP (Legacy)
2021-12-27 08:00:00,2021,12,9,15408,9.73,HOEP (Legacy)
2021-12-27 09:00:00,2021,12,10,16134,15.71,HOEP (Legacy)
2021-12-27 10:00:00,2021,12,11,16384,34.69,HOEP (Legacy)
2021-12-27 11:00:00,2021,12,12,16566,34.01,HOEP (Legacy)
2021-12-27 12:00:00,2021,12,13,16804,37.57,HOEP (Legacy)
2021-12-27 13:00:00,2021,12,14,16994,34.48,HOEP (Legacy)
2021-12-27 14:00:00,2021,12,15,17074,38.37,HOEP (Legacy)
2021-12-27 15:00:00,2021,12,16,17466,45.24,HOEP (Legacy)
2021-12-27 16:00:00,2021,12,17,18038,39.17,HOEP (Legacy)
2021-12-27 17:00:00,2021,12,18,18497,39.21,HOEP (Legacy)
2021-12-27 18:00:00,2021,12,19,18236,38.66,HOEP (Legacy)
2021-12-27 19:00:00,2021,12,20,17904,38.6,HOEP (Legacy)
2021-12-27 20:00:00,2021,12,21,17129,39.25,HOEP (Legacy)
2021-12-27 21:00:00,2021,12,22,16432,39.34,HOEP (Legacy)
2021-12-27 22:00:00,2021,12,23,15737,35.66,HOEP (Legacy)
2021-12-27 23:00:00,2021,12,24,14707,30.75,HOEP (Legacy)
2021-12-28 00:00:00,2021,12,1,13990,23.88,HOEP (Legacy)
2021-12-28 01:00:00,2021,12,2,13592,27.46,HOEP (Legacy)
2021-12-28 02:00:00,2021,12,3,13535,16.6,HOEP (Legacy)
2021-12-28 03:00:00,2021,12,4,13380,9.33,HOEP (Legacy)
2021-12-28 04:00:00,2021,12,5,13432,0.0,HOEP (Legacy)
2021-12-28 05:00:00,2021,12,6,13575,2.39,HOEP (Legacy)
2021-12-28 06:00:00,2021,12,7,14305,6.95,HOEP (Legacy)
2021-12-28 07:00:00,2021,12,8,14988,7.44,HOEP (Legacy)
2021-12-28 08:00:00,2021,12,9,15380,17.73,HOEP (Legacy)
2021-12-28 09:00:00,2021,12,10,15939,36.17,HOEP (Legacy)
2021-12-28 10:00:00,2021,12,11,16239,38.39,HOEP (Legacy)
2021-12-28 11:00:00,2021,12,12,16405,38.96,HOEP (Legacy)
2021-12-28 12:00:00,2021,12,13,16594,38.58,HOEP (Legacy)
2021-12-28 13:00:00,2021,12,14,16616,40.03,HOEP (Legacy)
2021-12-28 14:00:00,2021,12,15,16873,39.65,HOEP (Legacy)
2021-12-28 15:00:00,2021,12,16,16976,38.38,HOEP (Legacy)
2021-12-28 16:00:00,2021,12,17,17662,38.35,HOEP (Legacy)
2021-12-28 17:00:00,2021,12,18,18182,40.77,HOEP (Legacy)
2021-12-28 18:00:00,2021,12,19,17657,38.21,HOEP (Legacy)
2021-12-28 19:00:00,2021,12,20,17034,37.44,HOEP (Legacy)
2021-12-28 20:00:00,2021,12,21,16904,38.84,HOEP (Legacy)
2021-12-28 21:00:00,2021,12,22,16347,40.78,HOEP (Legacy)
2021-12-28 22:00:00,2021,12,23,15549,37.11,HOEP (Legacy)
2021-12-28 23:00:00,2021,12,24,14675,33.99,HOEP (Legacy)
2021-12-29 00:00:00,2021,12,1,13996,28.03,HOEP (Legacy)
2021-12-29 01:00:00,2021,12,2,13565,39.13,HOEP (Legacy)
2021-12-29 02:00:00,2021,12,3,13398,39.11,HOEP (Legacy)
2021-12-29 03:00:00,2021,12,4,13278,37.75,HOEP (Legacy)
2021-12-29 04:00:00,2021,12,5,13459,48.12,HOEP (Legacy)
2021-12-29 05:00:00,2021,12,6,13782,32.81,HOEP (Legacy)
2021-12-29 06:00:00,2021,12,7,14488,36.88,HOEP (Legacy)
2021-12-29 07:00:00,2021,12,8,15378,36.98,HOEP (Legacy)
2021-12-29 08:00:00,2021,12,9,15798,37.23,HOEP (Legacy)
2021-12-29 09:00:00,2021,12,10,16242,38.69,HOEP (Legacy)
2021-12-29 10:00:00,2021,12,11,16458,40.81,HOEP (Legacy)
2021-12-29 11:00:00,2021,12,12,16721,39.5,HOEP (Legacy)
2021-12-29 12:00:00,2021,12,13,16792,39.18,HOEP (Legacy)
2021-12-29 13:00:00,2021,12,14,16704,38.03,HOEP (Legacy)
2021-12-29 14:00:00,2021,12,15,16662,37.35,HOEP (Legacy)
2021-12-29 15:00:00,2021,12,16,16995,37.42,HOEP (Legacy)
2021-12-29 16:00:00,2021,12,17,17692,37.43,HOEP (Legacy)
2021-12-29 17:00:00,2021,12,18,18522,38.41,HOEP (Legacy)
2021-12-29 18:00:00,2021,12,19,17829,37.25,HOEP (Legacy)
2021-12-29 19:00:00,2021,12,20,17291,37.48,HOEP (Legacy)
2021-12-29 20:00:00,2021,12,21,16831,37.03,HOEP (Legacy)
2021-12-29 21:00:00,2021,12,22,16122,36.91,HOEP (Legacy)
2021-12-29 22:00:00,2021,12,23,15171,34.89,HOEP (Legacy)
2021-12-29 23:00:00,2021,12,24,14434,40.35,HOEP (Legacy)
2021-12-30 00:00:00,2021,12,1,13822,34.56,HOEP (Legacy)
2021-12-30 01:00:00,2021,12,2,13469,37.85,HOEP (Legacy)
2021-12-30 02:00:00,2021,12,3,13279,41.39,HOEP (Legacy)
2021-12-30 03:00:00,2021,12,4,13069,36.99,HOEP (Legacy)
2021-12-30 04:00:00,2021,12,5,13258,35.06,HOEP (Legacy)
2021-12-30 05:00:00,2021,12,6,13710,35.24,HOEP (Legacy)
2021-12-30 06:00:00,2021,12,7,14557,35.03,HOEP (Legacy)
2021-12-30 07:00:00,2021,12,8,15306,36.31,HOEP (Legacy)
2021-12-30 08:00:00,2021,12,9,15838,35.82,HOEP (Legacy)
2021-12-30 09:00:00,2021,12,10,16123,37.1,HOEP (Legacy)
2021-12-30 10:00:00,2021,12,11,16129,37.79,HOEP (Legacy)
2021-12-30 11:00:00,2021,12,12,16220,36.99,HOEP (Legacy)
2021-12-30 12:00:00,2021,12,13,16411,36.81,HOEP (Legacy)
2021-12-30 13:00:00,2021,12,14,16446,37.05,HOEP (Legacy)
2021-12-30 14:00:00,2021,12,15,16583,35.73,HOEP (Legacy)
2021-12-30 15:00:00,2021,12,16,16662,34.81,HOEP (Legacy)
2021-12-30 16:00:00,2021,12,17,17355,35.94,HOEP (Legacy)
2021-12-30 17:00:00,2021,12,18,18162,37.15,HOEP (Legacy)
2021-12-30 18:00:00,2021,12,19,17784,37.13,HOEP (Legacy)
2021-12-30 19:00:00,2021,12,20,17393,38.12,HOEP (Legacy)
2021-12-30 20:00:00,2021,12,21,16992,36.45,HOEP (Legacy)
2021-12-30 21:00:00,2021,12,22,16341,39.69,HOEP (Legacy)
2021-12-30 22:00:00,2021,12,23,15432,44.88,HOEP (Legacy)
2021-12-30 23:00:00,2021,12,24,14506,36.32,HOEP (Legacy)
2021-12-31 00:00:00,2021,12,1,13909,41.41,HOEP (Legacy)
2021-12-31 01:00:00,2021,12,2,13404,21.4,HOEP (Legacy)
2021-12-31 02:00:00,2021,12,3,13175,29.49,HOEP (Legacy)
2021-12-31 03:00:00,2021,12,4,13056,20.35,HOEP (Legacy)
2021-12-31 04:00:00,2021,12,5,13107,27.83,HOEP (Legacy)
2021-12-31 05:00:00,2021,12,6,13386,14.34,HOEP (Legacy)
2021-12-31 06:00:00,2021,12,7,13936,8.23,HOEP (Legacy)
2021-12-31 07:00:00,2021,12,8,14608,29.31,HOEP (Legacy)
2021-12-31 08:00:00,2021,12,9,15360,36.19,HOEP (Legacy)
2021-12-31 09:00:00,2021,12,10,15851,35.49,HOEP (Legacy)
2021-12-31 10:00:00,2021,12,11,16105,33.62,HOEP (Legacy)
2021-12-31 11:00:00,2021,12,12,16044,36.68,HOEP (Legacy)
2021-12-31 12:00:00,2021,12,13,16053,35.22,HOEP (Legacy)
2021-12-31 13:00:00,2021,12,14,15979,35.22,HOEP (Legacy)
2021-12-31 14:00:00,2021,12,15,15793,30.26,HOEP (Legacy)
2021-12-31 15:00:00,2021,12,16,16149,36.21,HOEP (Legacy)
2021-12-31 16:00:00,2021,12,17,16546,32.88,HOEP (Legacy)
2021-12-31 17:00:00,2021,12,18,17372,39.51,HOEP (Legacy)
2021-12-31 18:00:00,2021,12,19,16870,35.79,HOEP (Legacy)
2021-12-31 19:00:00,2021,12,20,16046,35.66,HOEP (Legacy)
2021-12-31 20:00:00,2021,12,21,15529,36.04,HOEP (Legacy)
2021-12-31 21:00:00,2021,12,22,15112,33.17,HOEP (Legacy)
2021-12-31 22:00:00,2021,12,23,14596,26.11,HOEP (Legacy)
2021-12-31 23:00:00,2021,12,24,14070,29.43,HOEP (Legacy)
