Timestamp,Year,Month,Hour,Ontario Demand,Market_Price,Price_Type
2012-01-01 00:00:00,2012,1,1,13710,21.71,HOEP (Legacy)
2012-01-01 01:00:00,2012,1,2,13285,16.92,HOEP (Legacy)
2012-01-01 02:00:00,2012,1,3,12905,11.23,HOEP (Legacy)
2012-01-01 03:00:00,2012,1,4,12608,7.1,HOEP (Legacy)
2012-01-01 04:00:00,2012,1,5,12439,-6.7,HOEP (Legacy)
2012-01-01 05:00:00,2012,1,6,12513,14.8,HOEP (Legacy)
2012-01-01 06:00:00,2012,1,7,12766,11.63,HOEP (Legacy)
2012-01-01 07:00:00,2012,1,8,13007,-8.25,HOEP (Legacy)
2012-01-01 08:00:00,2012,1,9,13286,-28.07,HOEP (Legacy)
2012-01-01 09:00:00,2012,1,10,13710,9.83,HOEP (Legacy)
2012-01-01 10:00:00,2012,1,11,14194,10.89,HOEP (Legacy)
2012-01-01 11:00:00,2012,1,12,14734,16.08,HOEP (Legacy)
2012-01-01 12:00:00,2012,1,13,15099,18.3,HOEP (Legacy)
2012-01-01 13:00:00,2012,1,14,15268,19.01,HOEP (Legacy)
2012-01-01 14:00:00,2012,1,15,15218,12.28,HOEP (Legacy)
2012-01-01 15:00:00,2012,1,16,15315,12.59,HOEP (Legacy)
2012-01-01 16:00:00,2012,1,17,15983,-24.83,HOEP (Legacy)
2012-01-01 17:00:00,2012,1,18,16747,13.91,HOEP (Legacy)
2012-01-01 18:00:00,2012,1,19,16569,15.74,HOEP (Legacy)
2012-01-01 19:00:00,2012,1,20,16297,13.65,HOEP (Legacy)
2012-01-01 20:00:00,2012,1,21,16061,16.94,HOEP (Legacy)
2012-01-01 21:00:00,2012,1,22,15765,23.35,HOEP (Legacy)
2012-01-01 22:00:00,2012,1,23,15101,25.26,HOEP (Legacy)
2012-01-01 23:00:00,2012,1,24,14257,19.36,HOEP (Legacy)
2012-01-02 00:00:00,2012,1,1,13497,15.52,HOEP (Legacy)
2012-01-02 01:00:00,2012,1,2,12980,-69.78,HOEP (Legacy)
2012-01-02 02:00:00,2012,1,3,12929,-128.25,HOEP (Legacy)
2012-01-02 03:00:00,2012,1,4,12810,-128.23,HOEP (Legacy)
2012-01-02 04:00:00,2012,1,5,12782,-80.95,HOEP (Legacy)
2012-01-02 05:00:00,2012,1,6,13024,24.57,HOEP (Legacy)
2012-01-02 06:00:00,2012,1,7,13810,24.55,HOEP (Legacy)
2012-01-02 07:00:00,2012,1,8,14804,0.68,HOEP (Legacy)
2012-01-02 08:00:00,2012,1,9,15387,10.68,HOEP (Legacy)
2012-01-02 09:00:00,2012,1,10,15810,23.55,HOEP (Legacy)
2012-01-02 10:00:00,2012,1,11,16431,18.94,HOEP (Legacy)
2012-01-02 11:00:00,2012,1,12,16601,29.92,HOEP (Legacy)
2012-01-02 12:00:00,2012,1,13,16882,26.52,HOEP (Legacy)
2012-01-02 13:00:00,2012,1,14,16781,25.07,HOEP (Legacy)
2012-01-02 14:00:00,2012,1,15,16769,24.26,HOEP (Legacy)
2012-01-02 15:00:00,2012,1,16,16945,24.1,HOEP (Legacy)
2012-01-02 16:00:00,2012,1,17,17984,27.12,HOEP (Legacy)
2012-01-02 17:00:00,2012,1,18,19450,35.16,HOEP (Legacy)
2012-01-02 18:00:00,2012,1,19,19471,31.35,HOEP (Legacy)
2012-01-02 19:00:00,2012,1,20,19180,32.64,HOEP (Legacy)
2012-01-02 20:00:00,2012,1,21,18943,30.11,HOEP (Legacy)
2012-01-02 21:00:00,2012,1,22,18183,27.42,HOEP (Legacy)
2012-01-02 22:00:00,2012,1,23,17165,25.16,HOEP (Legacy)
2012-01-02 23:00:00,2012,1,24,16188,25.12,HOEP (Legacy)
2012-01-03 00:00:00,2012,1,1,15412,28.34,HOEP (Legacy)
2012-01-03 01:00:00,2012,1,2,15045,27.69,HOEP (Legacy)
2012-01-03 02:00:00,2012,1,3,14714,25.31,HOEP (Legacy)
2012-01-03 03:00:00,2012,1,4,14792,25.22,HOEP (Legacy)
2012-01-03 04:00:00,2012,1,5,15039,25.88,HOEP (Legacy)
2012-01-03 05:00:00,2012,1,6,15789,26.66,HOEP (Legacy)
2012-01-03 06:00:00,2012,1,7,17016,31.16,HOEP (Legacy)
2012-01-03 07:00:00,2012,1,8,18369,34.77,HOEP (Legacy)
2012-01-03 08:00:00,2012,1,9,18782,35.89,HOEP (Legacy)
2012-01-03 09:00:00,2012,1,10,19086,33.82,HOEP (Legacy)
2012-01-03 10:00:00,2012,1,11,19271,32.96,HOEP (Legacy)
2012-01-03 11:00:00,2012,1,12,19299,29.05,HOEP (Legacy)
2012-01-03 12:00:00,2012,1,13,19366,31.62,HOEP (Legacy)
2012-01-03 13:00:00,2012,1,14,19419,31.48,HOEP (Legacy)
2012-01-03 14:00:00,2012,1,15,19284,47.13,HOEP (Legacy)
2012-01-03 15:00:00,2012,1,16,19419,44.83,HOEP (Legacy)
2012-01-03 16:00:00,2012,1,17,20272,58.15,HOEP (Legacy)
2012-01-03 17:00:00,2012,1,18,21550,115.22,HOEP (Legacy)
2012-01-03 18:00:00,2012,1,19,21847,91.28,HOEP (Legacy)
2012-01-03 19:00:00,2012,1,20,21415,135.25,HOEP (Legacy)
2012-01-03 20:00:00,2012,1,21,20922,124.66,HOEP (Legacy)
2012-01-03 21:00:00,2012,1,22,20177,41.33,HOEP (Legacy)
2012-01-03 22:00:00,2012,1,23,19046,32.09,HOEP (Legacy)
2012-01-03 23:00:00,2012,1,24,17891,29.16,HOEP (Legacy)
2012-01-04 00:00:00,2012,1,1,16816,31.34,HOEP (Legacy)
2012-01-04 01:00:00,2012,1,2,16177,31.88,HOEP (Legacy)
2012-01-04 02:00:00,2012,1,3,15795,29.74,HOEP (Legacy)
2012-01-04 03:00:00,2012,1,4,15711,27.32,HOEP (Legacy)
2012-01-04 04:00:00,2012,1,5,15738,29.83,HOEP (Legacy)
2012-01-04 05:00:00,2012,1,6,16322,31.8,HOEP (Legacy)
2012-01-04 06:00:00,2012,1,7,17371,33.1,HOEP (Legacy)
2012-01-04 07:00:00,2012,1,8,18494,36.11,HOEP (Legacy)
2012-01-04 08:00:00,2012,1,9,18881,34.22,HOEP (Legacy)
2012-01-04 09:00:00,2012,1,10,19054,36.85,HOEP (Legacy)
2012-01-04 10:00:00,2012,1,11,19135,32.3,HOEP (Legacy)
2012-01-04 11:00:00,2012,1,12,18982,28.96,HOEP (Legacy)
2012-01-04 12:00:00,2012,1,13,19079,30.16,HOEP (Legacy)
2012-01-04 13:00:00,2012,1,14,18995,29.92,HOEP (Legacy)
2012-01-04 14:00:00,2012,1,15,18962,30.56,HOEP (Legacy)
2012-01-04 15:00:00,2012,1,16,19057,31.32,HOEP (Legacy)
2012-01-04 16:00:00,2012,1,17,19876,33.2,HOEP (Legacy)
2012-01-04 17:00:00,2012,1,18,20812,36.11,HOEP (Legacy)
2012-01-04 18:00:00,2012,1,19,20506,48.59,HOEP (Legacy)
2012-01-04 19:00:00,2012,1,20,20066,34.82,HOEP (Legacy)
2012-01-04 20:00:00,2012,1,21,19580,37.68,HOEP (Legacy)
2012-01-04 21:00:00,2012,1,22,18753,33.83,HOEP (Legacy)
2012-01-04 22:00:00,2012,1,23,17597,27.72,HOEP (Legacy)
2012-01-04 23:00:00,2012,1,24,16397,20.61,HOEP (Legacy)
2012-01-05 00:00:00,2012,1,1,15540,25.57,HOEP (Legacy)
2012-01-05 01:00:00,2012,1,2,15119,27.77,HOEP (Legacy)
2012-01-05 02:00:00,2012,1,3,14671,25.26,HOEP (Legacy)
2012-01-05 03:00:00,2012,1,4,14545,20.55,HOEP (Legacy)
2012-01-05 04:00:00,2012,1,5,14586,20.01,HOEP (Legacy)
2012-01-05 05:00:00,2012,1,6,15355,24.98,HOEP (Legacy)
2012-01-05 06:00:00,2012,1,7,16352,25.91,HOEP (Legacy)
2012-01-05 07:00:00,2012,1,8,17518,30.09,HOEP (Legacy)
2012-01-05 08:00:00,2012,1,9,17949,29.67,HOEP (Legacy)
2012-01-05 09:00:00,2012,1,10,18267,28.68,HOEP (Legacy)
2012-01-05 10:00:00,2012,1,11,18314,28.23,HOEP (Legacy)
2012-01-05 11:00:00,2012,1,12,18396,25.69,HOEP (Legacy)
2012-01-05 12:00:00,2012,1,13,18247,25.3,HOEP (Legacy)
2012-01-05 13:00:00,2012,1,14,18248,25.31,HOEP (Legacy)
2012-01-05 14:00:00,2012,1,15,18242,25.06,HOEP (Legacy)
2012-01-05 15:00:00,2012,1,16,18303,24.69,HOEP (Legacy)
2012-01-05 16:00:00,2012,1,17,19013,25.58,HOEP (Legacy)
2012-01-05 17:00:00,2012,1,18,20073,29.33,HOEP (Legacy)
2012-01-05 18:00:00,2012,1,19,19874,26.41,HOEP (Legacy)
2012-01-05 19:00:00,2012,1,20,19424,25.44,HOEP (Legacy)
2012-01-05 20:00:00,2012,1,21,19094,25.61,HOEP (Legacy)
2012-01-05 21:00:00,2012,1,22,18376,24.23,HOEP (Legacy)
2012-01-05 22:00:00,2012,1,23,17423,20.6,HOEP (Legacy)
2012-01-05 23:00:00,2012,1,24,16355,25.8,HOEP (Legacy)
2012-01-06 00:00:00,2012,1,1,15261,30.12,HOEP (Legacy)
2012-01-06 01:00:00,2012,1,2,14552,28.38,HOEP (Legacy)
2012-01-06 02:00:00,2012,1,3,14284,23.97,HOEP (Legacy)
2012-01-06 03:00:00,2012,1,4,14092,23.8,HOEP (Legacy)
2012-01-06 04:00:00,2012,1,5,14119,18.47,HOEP (Legacy)
2012-01-06 05:00:00,2012,1,6,14612,20.82,HOEP (Legacy)
2012-01-06 06:00:00,2012,1,7,15730,26.24,HOEP (Legacy)
2012-01-06 07:00:00,2012,1,8,16969,22.77,HOEP (Legacy)
2012-01-06 08:00:00,2012,1,9,17295,22.52,HOEP (Legacy)
2012-01-06 09:00:00,2012,1,10,17490,25.11,HOEP (Legacy)
2012-01-06 10:00:00,2012,1,11,17641,22.35,HOEP (Legacy)
2012-01-06 11:00:00,2012,1,12,17656,19.48,HOEP (Legacy)
2012-01-06 12:00:00,2012,1,13,17571,18.9,HOEP (Legacy)
2012-01-06 13:00:00,2012,1,14,17347,22.87,HOEP (Legacy)
2012-01-06 14:00:00,2012,1,15,17312,24.28,HOEP (Legacy)
2012-01-06 15:00:00,2012,1,16,17386,24.02,HOEP (Legacy)
2012-01-06 16:00:00,2012,1,17,17905,23.85,HOEP (Legacy)
2012-01-06 17:00:00,2012,1,18,18811,25.75,HOEP (Legacy)
2012-01-06 18:00:00,2012,1,19,18797,24.28,HOEP (Legacy)
2012-01-06 19:00:00,2012,1,20,18354,24.63,HOEP (Legacy)
2012-01-06 20:00:00,2012,1,21,18004,24.21,HOEP (Legacy)
2012-01-06 21:00:00,2012,1,22,17325,24.38,HOEP (Legacy)
2012-01-06 22:00:00,2012,1,23,16371,23.57,HOEP (Legacy)
2012-01-06 23:00:00,2012,1,24,15105,28.98,HOEP (Legacy)
2012-01-07 00:00:00,2012,1,1,14282,23.62,HOEP (Legacy)
2012-01-07 01:00:00,2012,1,2,13595,26.78,HOEP (Legacy)
2012-01-07 02:00:00,2012,1,3,13297,20.09,HOEP (Legacy)
2012-01-07 03:00:00,2012,1,4,13154,18.32,HOEP (Legacy)
2012-01-07 04:00:00,2012,1,5,13114,19.26,HOEP (Legacy)
2012-01-07 05:00:00,2012,1,6,13342,19.85,HOEP (Legacy)
2012-01-07 06:00:00,2012,1,7,13953,21.59,HOEP (Legacy)
2012-01-07 07:00:00,2012,1,8,14646,21.92,HOEP (Legacy)
2012-01-07 08:00:00,2012,1,9,15261,20.66,HOEP (Legacy)
2012-01-07 09:00:00,2012,1,10,15783,22.23,HOEP (Legacy)
2012-01-07 10:00:00,2012,1,11,16015,21.43,HOEP (Legacy)
2012-01-07 11:00:00,2012,1,12,15987,24.54,HOEP (Legacy)
2012-01-07 12:00:00,2012,1,13,15834,20.37,HOEP (Legacy)
2012-01-07 13:00:00,2012,1,14,15698,17.94,HOEP (Legacy)
2012-01-07 14:00:00,2012,1,15,15772,18.18,HOEP (Legacy)
2012-01-07 15:00:00,2012,1,16,16005,19.96,HOEP (Legacy)
2012-01-07 16:00:00,2012,1,17,16881,22.1,HOEP (Legacy)
2012-01-07 17:00:00,2012,1,18,18017,26.4,HOEP (Legacy)
2012-01-07 18:00:00,2012,1,19,17994,25.45,HOEP (Legacy)
2012-01-07 19:00:00,2012,1,20,17436,25.28,HOEP (Legacy)
2012-01-07 20:00:00,2012,1,21,17067,24.72,HOEP (Legacy)
2012-01-07 21:00:00,2012,1,22,16536,23.69,HOEP (Legacy)
2012-01-07 22:00:00,2012,1,23,15941,24.5,HOEP (Legacy)
2012-01-07 23:00:00,2012,1,24,14976,21.75,HOEP (Legacy)
2012-01-08 00:00:00,2012,1,1,14190,22.17,HOEP (Legacy)
2012-01-08 01:00:00,2012,1,2,13658,24.25,HOEP (Legacy)
2012-01-08 02:00:00,2012,1,3,13399,18.96,HOEP (Legacy)
2012-01-08 03:00:00,2012,1,4,13269,22.56,HOEP (Legacy)
2012-01-08 04:00:00,2012,1,5,13278,21.2,HOEP (Legacy)
2012-01-08 05:00:00,2012,1,6,13468,20.05,HOEP (Legacy)
2012-01-08 06:00:00,2012,1,7,13911,22.41,HOEP (Legacy)
2012-01-08 07:00:00,2012,1,8,14519,28.63,HOEP (Legacy)
2012-01-08 08:00:00,2012,1,9,15077,26.25,HOEP (Legacy)
2012-01-08 09:00:00,2012,1,10,15581,26.3,HOEP (Legacy)
2012-01-08 10:00:00,2012,1,11,15802,23.5,HOEP (Legacy)
2012-01-08 11:00:00,2012,1,12,15894,26.7,HOEP (Legacy)
2012-01-08 12:00:00,2012,1,13,15949,26.52,HOEP (Legacy)
2012-01-08 13:00:00,2012,1,14,15873,23.67,HOEP (Legacy)
2012-01-08 14:00:00,2012,1,15,15766,21.91,HOEP (Legacy)
2012-01-08 15:00:00,2012,1,16,16059,23.73,HOEP (Legacy)
2012-01-08 16:00:00,2012,1,17,17154,26.26,HOEP (Legacy)
2012-01-08 17:00:00,2012,1,18,18618,27.94,HOEP (Legacy)
2012-01-08 18:00:00,2012,1,19,18610,28.53,HOEP (Legacy)
2012-01-08 19:00:00,2012,1,20,18142,26.9,HOEP (Legacy)
2012-01-08 20:00:00,2012,1,21,17691,26.9,HOEP (Legacy)
2012-01-08 21:00:00,2012,1,22,17058,26.06,HOEP (Legacy)
2012-01-08 22:00:00,2012,1,23,16087,24.22,HOEP (Legacy)
2012-01-08 23:00:00,2012,1,24,15073,22.03,HOEP (Legacy)
2012-01-09 00:00:00,2012,1,1,14602,16.52,HOEP (Legacy)
2012-01-09 01:00:00,2012,1,2,13982,17.65,HOEP (Legacy)
2012-01-09 02:00:00,2012,1,3,13883,23.09,HOEP (Legacy)
2012-01-09 03:00:00,2012,1,4,13857,20.42,HOEP (Legacy)
2012-01-09 04:00:00,2012,1,5,13984,20.09,HOEP (Legacy)
2012-01-09 05:00:00,2012,1,6,14684,19.08,HOEP (Legacy)
2012-01-09 06:00:00,2012,1,7,16268,19.02,HOEP (Legacy)
2012-01-09 07:00:00,2012,1,8,17839,22.58,HOEP (Legacy)
2012-01-09 08:00:00,2012,1,9,17824,18.98,HOEP (Legacy)
2012-01-09 09:00:00,2012,1,10,17703,18.72,HOEP (Legacy)
2012-01-09 10:00:00,2012,1,11,17634,23.21,HOEP (Legacy)
2012-01-09 11:00:00,2012,1,12,17648,27.06,HOEP (Legacy)
2012-01-09 12:00:00,2012,1,13,17509,24.24,HOEP (Legacy)
2012-01-09 13:00:00,2012,1,14,17520,23.83,HOEP (Legacy)
2012-01-09 14:00:00,2012,1,15,17268,21.03,HOEP (Legacy)
2012-01-09 15:00:00,2012,1,16,17525,21.69,HOEP (Legacy)
2012-01-09 16:00:00,2012,1,17,18393,25.24,HOEP (Legacy)
2012-01-09 17:00:00,2012,1,18,19475,25.81,HOEP (Legacy)
2012-01-09 18:00:00,2012,1,19,19274,25.79,HOEP (Legacy)
2012-01-09 19:00:00,2012,1,20,18909,24.31,HOEP (Legacy)
2012-01-09 20:00:00,2012,1,21,18460,24.02,HOEP (Legacy)
2012-01-09 21:00:00,2012,1,22,17681,22.68,HOEP (Legacy)
2012-01-09 22:00:00,2012,1,23,16579,20.97,HOEP (Legacy)
2012-01-09 23:00:00,2012,1,24,15282,20.01,HOEP (Legacy)
2012-01-10 00:00:00,2012,1,1,14409,20.75,HOEP (Legacy)
2012-01-10 01:00:00,2012,1,2,13869,15.1,HOEP (Legacy)
2012-01-10 02:00:00,2012,1,3,13634,15.1,HOEP (Legacy)
2012-01-10 03:00:00,2012,1,4,13645,15.1,HOEP (Legacy)
2012-01-10 04:00:00,2012,1,5,13623,15.1,HOEP (Legacy)
2012-01-10 05:00:00,2012,1,6,14289,16.71,HOEP (Legacy)
2012-01-10 06:00:00,2012,1,7,15652,27.8,HOEP (Legacy)
2012-01-10 07:00:00,2012,1,8,17321,26.24,HOEP (Legacy)
2012-01-10 08:00:00,2012,1,9,17566,26.63,HOEP (Legacy)
2012-01-10 09:00:00,2012,1,10,17472,28.11,HOEP (Legacy)
2012-01-10 10:00:00,2012,1,11,17443,28.49,HOEP (Legacy)
2012-01-10 11:00:00,2012,1,12,17345,25.11,HOEP (Legacy)
2012-01-10 12:00:00,2012,1,13,17277,21.41,HOEP (Legacy)
2012-01-10 13:00:00,2012,1,14,17283,19.64,HOEP (Legacy)
2012-01-10 14:00:00,2012,1,15,17256,21.05,HOEP (Legacy)
2012-01-10 15:00:00,2012,1,16,17441,22.61,HOEP (Legacy)
2012-01-10 16:00:00,2012,1,17,18326,25.87,HOEP (Legacy)
2012-01-10 17:00:00,2012,1,18,19356,28.02,HOEP (Legacy)
2012-01-10 18:00:00,2012,1,19,19370,28.5,HOEP (Legacy)
2012-01-10 19:00:00,2012,1,20,19112,28.41,HOEP (Legacy)
2012-01-10 20:00:00,2012,1,21,18744,25.82,HOEP (Legacy)
2012-01-10 21:00:00,2012,1,22,18017,24.89,HOEP (Legacy)
2012-01-10 22:00:00,2012,1,23,16850,26.49,HOEP (Legacy)
2012-01-10 23:00:00,2012,1,24,15477,25.35,HOEP (Legacy)
2012-01-11 00:00:00,2012,1,1,14398,28.05,HOEP (Legacy)
2012-01-11 01:00:00,2012,1,2,13956,26.72,HOEP (Legacy)
2012-01-11 02:00:00,2012,1,3,13735,28.31,HOEP (Legacy)
2012-01-11 03:00:00,2012,1,4,13713,26.96,HOEP (Legacy)
2012-01-11 04:00:00,2012,1,5,13922,21.57,HOEP (Legacy)
2012-01-11 05:00:00,2012,1,6,14709,26.78,HOEP (Legacy)
2012-01-11 06:00:00,2012,1,7,16029,31.01,HOEP (Legacy)
2012-01-11 07:00:00,2012,1,8,17658,84.04,HOEP (Legacy)
2012-01-11 08:00:00,2012,1,9,17858,28.45,HOEP (Legacy)
2012-01-11 09:00:00,2012,1,10,17789,28.42,HOEP (Legacy)
2012-01-11 10:00:00,2012,1,11,17840,25.34,HOEP (Legacy)
2012-01-11 11:00:00,2012,1,12,17861,25.27,HOEP (Legacy)
2012-01-11 12:00:00,2012,1,13,17610,25.19,HOEP (Legacy)
2012-01-11 13:00:00,2012,1,14,17539,25.22,HOEP (Legacy)
2012-01-11 14:00:00,2012,1,15,17452,25.23,HOEP (Legacy)
2012-01-11 15:00:00,2012,1,16,17649,24.02,HOEP (Legacy)
2012-01-11 16:00:00,2012,1,17,18563,27.75,HOEP (Legacy)
2012-01-11 17:00:00,2012,1,18,19561,34.54,HOEP (Legacy)
2012-01-11 18:00:00,2012,1,19,19512,29.48,HOEP (Legacy)
2012-01-11 19:00:00,2012,1,20,19230,28.5,HOEP (Legacy)
2012-01-11 20:00:00,2012,1,21,18885,27.81,HOEP (Legacy)
2012-01-11 21:00:00,2012,1,22,18116,25.97,HOEP (Legacy)
2012-01-11 22:00:00,2012,1,23,16899,23.87,HOEP (Legacy)
2012-01-11 23:00:00,2012,1,24,15692,25.77,HOEP (Legacy)
2012-01-12 00:00:00,2012,1,1,14859,28.08,HOEP (Legacy)
2012-01-12 01:00:00,2012,1,2,14253,29.25,HOEP (Legacy)
2012-01-12 02:00:00,2012,1,3,13985,27.09,HOEP (Legacy)
2012-01-12 03:00:00,2012,1,4,13964,26.59,HOEP (Legacy)
2012-01-12 04:00:00,2012,1,5,14208,27.95,HOEP (Legacy)
2012-01-12 05:00:00,2012,1,6,14857,28.26,HOEP (Legacy)
2012-01-12 06:00:00,2012,1,7,16384,35.44,HOEP (Legacy)
2012-01-12 07:00:00,2012,1,8,17948,70.58,HOEP (Legacy)
2012-01-12 08:00:00,2012,1,9,18423,31.97,HOEP (Legacy)
2012-01-12 09:00:00,2012,1,10,18435,25.85,HOEP (Legacy)
2012-01-12 10:00:00,2012,1,11,18516,24.33,HOEP (Legacy)
2012-01-12 11:00:00,2012,1,12,18598,26.35,HOEP (Legacy)
2012-01-12 12:00:00,2012,1,13,18505,24.47,HOEP (Legacy)
2012-01-12 13:00:00,2012,1,14,18385,24.09,HOEP (Legacy)
2012-01-12 14:00:00,2012,1,15,18283,23.89,HOEP (Legacy)
2012-01-12 15:00:00,2012,1,16,18521,26.11,HOEP (Legacy)
2012-01-12 16:00:00,2012,1,17,19258,27.75,HOEP (Legacy)
2012-01-12 17:00:00,2012,1,18,19942,28.46,HOEP (Legacy)
2012-01-12 18:00:00,2012,1,19,19654,29.24,HOEP (Legacy)
2012-01-12 19:00:00,2012,1,20,19256,27.23,HOEP (Legacy)
2012-01-12 20:00:00,2012,1,21,18777,26.19,HOEP (Legacy)
2012-01-12 21:00:00,2012,1,22,18063,24.17,HOEP (Legacy)
2012-01-12 22:00:00,2012,1,23,16798,23.1,HOEP (Legacy)
2012-01-12 23:00:00,2012,1,24,15503,22.85,HOEP (Legacy)
2012-01-13 00:00:00,2012,1,1,14562,14.36,HOEP (Legacy)
2012-01-13 01:00:00,2012,1,2,14139,14.28,HOEP (Legacy)
2012-01-13 02:00:00,2012,1,3,13848,14.25,HOEP (Legacy)
2012-01-13 03:00:00,2012,1,4,13861,13.77,HOEP (Legacy)
2012-01-13 04:00:00,2012,1,5,13860,14.22,HOEP (Legacy)
2012-01-13 05:00:00,2012,1,6,14524,14.24,HOEP (Legacy)
2012-01-13 06:00:00,2012,1,7,16166,18.91,HOEP (Legacy)
2012-01-13 07:00:00,2012,1,8,17673,23.41,HOEP (Legacy)
2012-01-13 08:00:00,2012,1,9,18172,23.35,HOEP (Legacy)
2012-01-13 09:00:00,2012,1,10,18345,23.31,HOEP (Legacy)
2012-01-13 10:00:00,2012,1,11,18606,23.58,HOEP (Legacy)
2012-01-13 11:00:00,2012,1,12,18663,23.36,HOEP (Legacy)
2012-01-13 12:00:00,2012,1,13,18557,23.31,HOEP (Legacy)
2012-01-13 13:00:00,2012,1,14,18428,23.31,HOEP (Legacy)
2012-01-13 14:00:00,2012,1,15,18259,23.31,HOEP (Legacy)
2012-01-13 15:00:00,2012,1,16,18364,24.68,HOEP (Legacy)
2012-01-13 16:00:00,2012,1,17,18973,26.2,HOEP (Legacy)
2012-01-13 17:00:00,2012,1,18,19887,26.07,HOEP (Legacy)
2012-01-13 18:00:00,2012,1,19,19943,31.39,HOEP (Legacy)
2012-01-13 19:00:00,2012,1,20,19651,38.47,HOEP (Legacy)
2012-01-13 20:00:00,2012,1,21,19263,33.4,HOEP (Legacy)
2012-01-13 21:00:00,2012,1,22,18550,30.77,HOEP (Legacy)
2012-01-13 22:00:00,2012,1,23,17605,24.55,HOEP (Legacy)
2012-01-13 23:00:00,2012,1,24,16507,24.2,HOEP (Legacy)
2012-01-14 00:00:00,2012,1,1,15585,31.13,HOEP (Legacy)
2012-01-14 01:00:00,2012,1,2,15127,32.28,HOEP (Legacy)
2012-01-14 02:00:00,2012,1,3,14879,32.07,HOEP (Legacy)
2012-01-14 03:00:00,2012,1,4,14757,30.67,HOEP (Legacy)
2012-01-14 04:00:00,2012,1,5,14753,27.48,HOEP (Legacy)
2012-01-14 05:00:00,2012,1,6,15048,24.71,HOEP (Legacy)
2012-01-14 06:00:00,2012,1,7,15680,26.38,HOEP (Legacy)
2012-01-14 07:00:00,2012,1,8,16596,25.63,HOEP (Legacy)
2012-01-14 08:00:00,2012,1,9,17307,29.29,HOEP (Legacy)
2012-01-14 09:00:00,2012,1,10,18050,30.94,HOEP (Legacy)
2012-01-14 10:00:00,2012,1,11,18308,31.52,HOEP (Legacy)
2012-01-14 11:00:00,2012,1,12,18459,31.91,HOEP (Legacy)
2012-01-14 12:00:00,2012,1,13,18331,31.99,HOEP (Legacy)
2012-01-14 13:00:00,2012,1,14,17963,30.0,HOEP (Legacy)
2012-01-14 14:00:00,2012,1,15,17655,28.11,HOEP (Legacy)
2012-01-14 15:00:00,2012,1,16,17568,26.57,HOEP (Legacy)
2012-01-14 16:00:00,2012,1,17,18122,27.64,HOEP (Legacy)
2012-01-14 17:00:00,2012,1,18,19551,62.26,HOEP (Legacy)
2012-01-14 18:00:00,2012,1,19,19911,92.1,HOEP (Legacy)
2012-01-14 19:00:00,2012,1,20,19402,52.55,HOEP (Legacy)
2012-01-14 20:00:00,2012,1,21,18885,30.66,HOEP (Legacy)
2012-01-14 21:00:00,2012,1,22,18378,30.24,HOEP (Legacy)
2012-01-14 22:00:00,2012,1,23,17603,27.89,HOEP (Legacy)
2012-01-14 23:00:00,2012,1,24,16614,26.33,HOEP (Legacy)
2012-01-15 00:00:00,2012,1,1,15943,28.07,HOEP (Legacy)
2012-01-15 01:00:00,2012,1,2,15549,27.96,HOEP (Legacy)
2012-01-15 02:00:00,2012,1,3,15278,28.02,HOEP (Legacy)
2012-01-15 03:00:00,2012,1,4,15133,25.76,HOEP (Legacy)
2012-01-15 04:00:00,2012,1,5,15193,26.76,HOEP (Legacy)
2012-01-15 05:00:00,2012,1,6,15332,24.54,HOEP (Legacy)
2012-01-15 06:00:00,2012,1,7,15830,22.58,HOEP (Legacy)
2012-01-15 07:00:00,2012,1,8,16447,24.15,HOEP (Legacy)
2012-01-15 08:00:00,2012,1,9,16903,26.34,HOEP (Legacy)
2012-01-15 09:00:00,2012,1,10,17446,25.99,HOEP (Legacy)
2012-01-15 10:00:00,2012,1,11,17677,26.18,HOEP (Legacy)
2012-01-15 11:00:00,2012,1,12,17736,25.89,HOEP (Legacy)
2012-01-15 12:00:00,2012,1,13,17612,25.67,HOEP (Legacy)
2012-01-15 13:00:00,2012,1,14,17420,25.89,HOEP (Legacy)
2012-01-15 14:00:00,2012,1,15,17268,25.91,HOEP (Legacy)
2012-01-15 15:00:00,2012,1,16,17355,26.13,HOEP (Legacy)
2012-01-15 16:00:00,2012,1,17,18335,27.3,HOEP (Legacy)
2012-01-15 17:00:00,2012,1,18,19838,31.65,HOEP (Legacy)
2012-01-15 18:00:00,2012,1,19,20017,32.48,HOEP (Legacy)
2012-01-15 19:00:00,2012,1,20,19520,30.48,HOEP (Legacy)
2012-01-15 20:00:00,2012,1,21,19238,29.36,HOEP (Legacy)
2012-01-15 21:00:00,2012,1,22,18596,26.33,HOEP (Legacy)
2012-01-15 22:00:00,2012,1,23,17579,27.52,HOEP (Legacy)
2012-01-15 23:00:00,2012,1,24,16460,22.94,HOEP (Legacy)
2012-01-16 00:00:00,2012,1,1,15770,27.29,HOEP (Legacy)
2012-01-16 01:00:00,2012,1,2,15424,26.41,HOEP (Legacy)
2012-01-16 02:00:00,2012,1,3,15154,24.05,HOEP (Legacy)
2012-01-16 03:00:00,2012,1,4,15043,24.08,HOEP (Legacy)
2012-01-16 04:00:00,2012,1,5,15267,23.93,HOEP (Legacy)
2012-01-16 05:00:00,2012,1,6,15923,24.78,HOEP (Legacy)
2012-01-16 06:00:00,2012,1,7,17515,27.89,HOEP (Legacy)
2012-01-16 07:00:00,2012,1,8,18784,26.5,HOEP (Legacy)
2012-01-16 08:00:00,2012,1,9,19083,26.27,HOEP (Legacy)
2012-01-16 09:00:00,2012,1,10,18976,26.57,HOEP (Legacy)
2012-01-16 10:00:00,2012,1,11,18972,25.96,HOEP (Legacy)
2012-01-16 11:00:00,2012,1,12,18860,25.61,HOEP (Legacy)
2012-01-16 12:00:00,2012,1,13,18615,25.92,HOEP (Legacy)
2012-01-16 13:00:00,2012,1,14,18526,26.17,HOEP (Legacy)
2012-01-16 14:00:00,2012,1,15,18528,26.65,HOEP (Legacy)
2012-01-16 15:00:00,2012,1,16,18677,28.2,HOEP (Legacy)
2012-01-16 16:00:00,2012,1,17,19388,28.2,HOEP (Legacy)
2012-01-16 17:00:00,2012,1,18,20357,31.35,HOEP (Legacy)
2012-01-16 18:00:00,2012,1,19,20390,30.9,HOEP (Legacy)
2012-01-16 19:00:00,2012,1,20,19990,31.93,HOEP (Legacy)
2012-01-16 20:00:00,2012,1,21,19559,32.94,HOEP (Legacy)
2012-01-16 21:00:00,2012,1,22,18756,28.23,HOEP (Legacy)
2012-01-16 22:00:00,2012,1,23,17548,24.84,HOEP (Legacy)
2012-01-16 23:00:00,2012,1,24,16234,23.92,HOEP (Legacy)
2012-01-17 00:00:00,2012,1,1,15285,28.62,HOEP (Legacy)
2012-01-17 01:00:00,2012,1,2,14617,27.04,HOEP (Legacy)
2012-01-17 02:00:00,2012,1,3,14371,29.77,HOEP (Legacy)
2012-01-17 03:00:00,2012,1,4,14369,28.03,HOEP (Legacy)
2012-01-17 04:00:00,2012,1,5,14515,27.67,HOEP (Legacy)
2012-01-17 05:00:00,2012,1,6,15118,22.3,HOEP (Legacy)
2012-01-17 06:00:00,2012,1,7,16537,25.53,HOEP (Legacy)
2012-01-17 07:00:00,2012,1,8,17936,27.1,HOEP (Legacy)
2012-01-17 08:00:00,2012,1,9,18544,27.06,HOEP (Legacy)
2012-01-17 09:00:00,2012,1,10,18554,26.63,HOEP (Legacy)
2012-01-17 10:00:00,2012,1,11,18697,29.15,HOEP (Legacy)
2012-01-17 11:00:00,2012,1,12,18723,28.72,HOEP (Legacy)
2012-01-17 12:00:00,2012,1,13,18517,26.83,HOEP (Legacy)
2012-01-17 13:00:00,2012,1,14,18523,26.1,HOEP (Legacy)
2012-01-17 14:00:00,2012,1,15,18448,26.18,HOEP (Legacy)
2012-01-17 15:00:00,2012,1,16,18592,26.33,HOEP (Legacy)
2012-01-17 16:00:00,2012,1,17,19515,29.4,HOEP (Legacy)
2012-01-17 17:00:00,2012,1,18,20316,30.63,HOEP (Legacy)
2012-01-17 18:00:00,2012,1,19,19928,29.89,HOEP (Legacy)
2012-01-17 19:00:00,2012,1,20,19655,29.46,HOEP (Legacy)
2012-01-17 20:00:00,2012,1,21,19430,26.93,HOEP (Legacy)
2012-01-17 21:00:00,2012,1,22,18681,23.44,HOEP (Legacy)
2012-01-17 22:00:00,2012,1,23,17748,21.2,HOEP (Legacy)
2012-01-17 23:00:00,2012,1,24,16384,18.22,HOEP (Legacy)
2012-01-18 00:00:00,2012,1,1,15636,10.68,HOEP (Legacy)
2012-01-18 01:00:00,2012,1,2,15306,20.67,HOEP (Legacy)
2012-01-18 02:00:00,2012,1,3,15072,18.59,HOEP (Legacy)
2012-01-18 03:00:00,2012,1,4,15115,18.78,HOEP (Legacy)
2012-01-18 04:00:00,2012,1,5,15378,18.32,HOEP (Legacy)
2012-01-18 05:00:00,2012,1,6,16072,20.33,HOEP (Legacy)
2012-01-18 06:00:00,2012,1,7,17495,22.84,HOEP (Legacy)
2012-01-18 07:00:00,2012,1,8,19036,23.61,HOEP (Legacy)
2012-01-18 08:00:00,2012,1,9,19305,24.92,HOEP (Legacy)
2012-01-18 09:00:00,2012,1,10,19237,24.9,HOEP (Legacy)
2012-01-18 10:00:00,2012,1,11,19237,29.15,HOEP (Legacy)
2012-01-18 11:00:00,2012,1,12,19098,31.71,HOEP (Legacy)
2012-01-18 12:00:00,2012,1,13,18860,28.07,HOEP (Legacy)
2012-01-18 13:00:00,2012,1,14,18834,25.21,HOEP (Legacy)
2012-01-18 14:00:00,2012,1,15,18700,25.49,HOEP (Legacy)
2012-01-18 15:00:00,2012,1,16,18896,23.41,HOEP (Legacy)
2012-01-18 16:00:00,2012,1,17,19595,26.02,HOEP (Legacy)
2012-01-18 17:00:00,2012,1,18,20730,33.92,HOEP (Legacy)
2012-01-18 18:00:00,2012,1,19,20986,33.41,HOEP (Legacy)
2012-01-18 19:00:00,2012,1,20,20563,29.97,HOEP (Legacy)
2012-01-18 20:00:00,2012,1,21,20378,27.41,HOEP (Legacy)
2012-01-18 21:00:00,2012,1,22,19549,23.29,HOEP (Legacy)
2012-01-18 22:00:00,2012,1,23,18232,21.48,HOEP (Legacy)
2012-01-18 23:00:00,2012,1,24,17187,20.52,HOEP (Legacy)
2012-01-19 00:00:00,2012,1,1,15968,25.03,HOEP (Legacy)
2012-01-19 01:00:00,2012,1,2,15613,23.03,HOEP (Legacy)
2012-01-19 02:00:00,2012,1,3,15298,22.4,HOEP (Legacy)
2012-01-19 03:00:00,2012,1,4,15176,21.14,HOEP (Legacy)
2012-01-19 04:00:00,2012,1,5,15351,17.82,HOEP (Legacy)
2012-01-19 05:00:00,2012,1,6,16101,21.49,HOEP (Legacy)
2012-01-19 06:00:00,2012,1,7,17490,23.34,HOEP (Legacy)
2012-01-19 07:00:00,2012,1,8,18955,26.03,HOEP (Legacy)
2012-01-19 08:00:00,2012,1,9,19054,25.17,HOEP (Legacy)
2012-01-19 09:00:00,2012,1,10,19086,24.42,HOEP (Legacy)
2012-01-19 10:00:00,2012,1,11,19248,26.07,HOEP (Legacy)
2012-01-19 11:00:00,2012,1,12,19167,23.41,HOEP (Legacy)
2012-01-19 12:00:00,2012,1,13,19117,22.38,HOEP (Legacy)
2012-01-19 13:00:00,2012,1,14,19185,21.81,HOEP (Legacy)
2012-01-19 14:00:00,2012,1,15,18903,21.82,HOEP (Legacy)
2012-01-19 15:00:00,2012,1,16,18949,21.74,HOEP (Legacy)
2012-01-19 16:00:00,2012,1,17,19437,24.32,HOEP (Legacy)
2012-01-19 17:00:00,2012,1,18,20423,28.67,HOEP (Legacy)
2012-01-19 18:00:00,2012,1,19,20866,30.8,HOEP (Legacy)
2012-01-19 19:00:00,2012,1,20,20735,29.66,HOEP (Legacy)
2012-01-19 20:00:00,2012,1,21,20491,29.7,HOEP (Legacy)
2012-01-19 21:00:00,2012,1,22,19757,26.07,HOEP (Legacy)
2012-01-19 22:00:00,2012,1,23,18484,25.28,HOEP (Legacy)
2012-01-19 23:00:00,2012,1,24,17166,25.15,HOEP (Legacy)
2012-01-20 00:00:00,2012,1,1,16253,22.33,HOEP (Legacy)
2012-01-20 01:00:00,2012,1,2,15871,22.62,HOEP (Legacy)
2012-01-20 02:00:00,2012,1,3,15722,22.62,HOEP (Legacy)
2012-01-20 03:00:00,2012,1,4,15617,24.25,HOEP (Legacy)
2012-01-20 04:00:00,2012,1,5,15826,27.32,HOEP (Legacy)
2012-01-20 05:00:00,2012,1,6,16567,24.68,HOEP (Legacy)
2012-01-20 06:00:00,2012,1,7,17891,27.4,HOEP (Legacy)
2012-01-20 07:00:00,2012,1,8,19417,43.24,HOEP (Legacy)
2012-01-20 08:00:00,2012,1,9,19564,54.24,HOEP (Legacy)
2012-01-20 09:00:00,2012,1,10,19588,27.86,HOEP (Legacy)
2012-01-20 10:00:00,2012,1,11,19535,26.29,HOEP (Legacy)
2012-01-20 11:00:00,2012,1,12,19483,25.76,HOEP (Legacy)
2012-01-20 12:00:00,2012,1,13,19162,25.82,HOEP (Legacy)
2012-01-20 13:00:00,2012,1,14,19039,25.22,HOEP (Legacy)
2012-01-20 14:00:00,2012,1,15,18988,25.67,HOEP (Legacy)
2012-01-20 15:00:00,2012,1,16,19092,24.49,HOEP (Legacy)
2012-01-20 16:00:00,2012,1,17,19683,27.77,HOEP (Legacy)
2012-01-20 17:00:00,2012,1,18,20775,46.54,HOEP (Legacy)
2012-01-20 18:00:00,2012,1,19,20819,52.51,HOEP (Legacy)
2012-01-20 19:00:00,2012,1,20,20443,31.91,HOEP (Legacy)
2012-01-20 20:00:00,2012,1,21,19977,28.35,HOEP (Legacy)
2012-01-20 21:00:00,2012,1,22,19335,25.44,HOEP (Legacy)
2012-01-20 22:00:00,2012,1,23,18369,26.21,HOEP (Legacy)
2012-01-20 23:00:00,2012,1,24,17188,28.27,HOEP (Legacy)
2012-01-21 00:00:00,2012,1,1,16050,24.16,HOEP (Legacy)
2012-01-21 01:00:00,2012,1,2,15523,24.35,HOEP (Legacy)
2012-01-21 02:00:00,2012,1,3,15300,24.87,HOEP (Legacy)
2012-01-21 03:00:00,2012,1,4,15133,23.54,HOEP (Legacy)
2012-01-21 04:00:00,2012,1,5,15200,23.48,HOEP (Legacy)
2012-01-21 05:00:00,2012,1,6,15450,22.58,HOEP (Legacy)
2012-01-21 06:00:00,2012,1,7,15993,22.8,HOEP (Legacy)
2012-01-21 07:00:00,2012,1,8,16798,21.52,HOEP (Legacy)
2012-01-21 08:00:00,2012,1,9,17376,23.86,HOEP (Legacy)
2012-01-21 09:00:00,2012,1,10,18015,25.6,HOEP (Legacy)
2012-01-21 10:00:00,2012,1,11,18139,28.94,HOEP (Legacy)
2012-01-21 11:00:00,2012,1,12,18067,25.1,HOEP (Legacy)
2012-01-21 12:00:00,2012,1,13,17862,25.4,HOEP (Legacy)
2012-01-21 13:00:00,2012,1,14,17422,24.12,HOEP (Legacy)
2012-01-21 14:00:00,2012,1,15,17194,25.33,HOEP (Legacy)
2012-01-21 15:00:00,2012,1,16,17158,25.52,HOEP (Legacy)
2012-01-21 16:00:00,2012,1,17,17704,24.98,HOEP (Legacy)
2012-01-21 17:00:00,2012,1,18,18859,34.72,HOEP (Legacy)
2012-01-21 18:00:00,2012,1,19,19345,29.18,HOEP (Legacy)
2012-01-21 19:00:00,2012,1,20,18759,27.22,HOEP (Legacy)
2012-01-21 20:00:00,2012,1,21,18335,25.41,HOEP (Legacy)
2012-01-21 21:00:00,2012,1,22,17748,26.13,HOEP (Legacy)
2012-01-21 22:00:00,2012,1,23,16965,24.45,HOEP (Legacy)
2012-01-21 23:00:00,2012,1,24,16002,24.36,HOEP (Legacy)
2012-01-22 00:00:00,2012,1,1,15198,21.63,HOEP (Legacy)
2012-01-22 01:00:00,2012,1,2,14713,22.52,HOEP (Legacy)
2012-01-22 02:00:00,2012,1,3,14542,21.25,HOEP (Legacy)
2012-01-22 03:00:00,2012,1,4,14334,20.87,HOEP (Legacy)
2012-01-22 04:00:00,2012,1,5,14318,20.45,HOEP (Legacy)
2012-01-22 05:00:00,2012,1,6,14674,21.25,HOEP (Legacy)
2012-01-22 06:00:00,2012,1,7,15158,22.25,HOEP (Legacy)
2012-01-22 07:00:00,2012,1,8,15666,23.7,HOEP (Legacy)
2012-01-22 08:00:00,2012,1,9,16116,23.44,HOEP (Legacy)
2012-01-22 09:00:00,2012,1,10,16643,26.49,HOEP (Legacy)
2012-01-22 10:00:00,2012,1,11,16950,25.31,HOEP (Legacy)
2012-01-22 11:00:00,2012,1,12,17116,26.05,HOEP (Legacy)
2012-01-22 12:00:00,2012,1,13,17092,24.64,HOEP (Legacy)
2012-01-22 13:00:00,2012,1,14,17011,26.36,HOEP (Legacy)
2012-01-22 14:00:00,2012,1,15,16869,23.92,HOEP (Legacy)
2012-01-22 15:00:00,2012,1,16,16999,23.34,HOEP (Legacy)
2012-01-22 16:00:00,2012,1,17,17569,25.57,HOEP (Legacy)
2012-01-22 17:00:00,2012,1,18,18866,27.42,HOEP (Legacy)
2012-01-22 18:00:00,2012,1,19,19186,47.17,HOEP (Legacy)
2012-01-22 19:00:00,2012,1,20,18675,26.31,HOEP (Legacy)
2012-01-22 20:00:00,2012,1,21,18229,24.85,HOEP (Legacy)
2012-01-22 21:00:00,2012,1,22,17548,23.01,HOEP (Legacy)
2012-01-22 22:00:00,2012,1,23,16477,22.37,HOEP (Legacy)
2012-01-22 23:00:00,2012,1,24,15405,21.23,HOEP (Legacy)
2012-01-23 00:00:00,2012,1,1,14588,22.83,HOEP (Legacy)
2012-01-23 01:00:00,2012,1,2,14101,22.67,HOEP (Legacy)
2012-01-23 02:00:00,2012,1,3,13926,21.05,HOEP (Legacy)
2012-01-23 03:00:00,2012,1,4,13900,21.8,HOEP (Legacy)
2012-01-23 04:00:00,2012,1,5,14148,20.51,HOEP (Legacy)
2012-01-23 05:00:00,2012,1,6,14931,21.79,HOEP (Legacy)
2012-01-23 06:00:00,2012,1,7,16249,23.04,HOEP (Legacy)
2012-01-23 07:00:00,2012,1,8,17709,26.36,HOEP (Legacy)
2012-01-23 08:00:00,2012,1,9,18156,34.28,HOEP (Legacy)
2012-01-23 09:00:00,2012,1,10,18375,32.0,HOEP (Legacy)
2012-01-23 10:00:00,2012,1,11,18540,53.02,HOEP (Legacy)
2012-01-23 11:00:00,2012,1,12,18539,46.83,HOEP (Legacy)
2012-01-23 12:00:00,2012,1,13,18359,23.92,HOEP (Legacy)
2012-01-23 13:00:00,2012,1,14,18378,21.85,HOEP (Legacy)
2012-01-23 14:00:00,2012,1,15,18205,22.62,HOEP (Legacy)
2012-01-23 15:00:00,2012,1,16,18369,23.17,HOEP (Legacy)
2012-01-23 16:00:00,2012,1,17,19030,24.87,HOEP (Legacy)
2012-01-23 17:00:00,2012,1,18,19638,29.84,HOEP (Legacy)
2012-01-23 18:00:00,2012,1,19,19537,32.72,HOEP (Legacy)
2012-01-23 19:00:00,2012,1,20,19274,28.64,HOEP (Legacy)
2012-01-23 20:00:00,2012,1,21,18850,22.68,HOEP (Legacy)
2012-01-23 21:00:00,2012,1,22,18098,22.82,HOEP (Legacy)
2012-01-23 22:00:00,2012,1,23,16933,22.89,HOEP (Legacy)
2012-01-23 23:00:00,2012,1,24,15668,21.13,HOEP (Legacy)
2012-01-24 00:00:00,2012,1,1,14785,20.61,HOEP (Legacy)
2012-01-24 01:00:00,2012,1,2,14279,20.37,HOEP (Legacy)
2012-01-24 02:00:00,2012,1,3,14171,19.85,HOEP (Legacy)
2012-01-24 03:00:00,2012,1,4,14137,17.52,HOEP (Legacy)
2012-01-24 04:00:00,2012,1,5,14289,-60.82,HOEP (Legacy)
2012-01-24 05:00:00,2012,1,6,14873,20.01,HOEP (Legacy)
2012-01-24 06:00:00,2012,1,7,16362,21.19,HOEP (Legacy)
2012-01-24 07:00:00,2012,1,8,17846,23.38,HOEP (Legacy)
2012-01-24 08:00:00,2012,1,9,18377,24.35,HOEP (Legacy)
2012-01-24 09:00:00,2012,1,10,18411,22.47,HOEP (Legacy)
2012-01-24 10:00:00,2012,1,11,18494,25.48,HOEP (Legacy)
2012-01-24 11:00:00,2012,1,12,18550,25.01,HOEP (Legacy)
2012-01-24 12:00:00,2012,1,13,18518,21.95,HOEP (Legacy)
2012-01-24 13:00:00,2012,1,14,18473,21.37,HOEP (Legacy)
2012-01-24 14:00:00,2012,1,15,18380,21.24,HOEP (Legacy)
2012-01-24 15:00:00,2012,1,16,18548,20.99,HOEP (Legacy)
2012-01-24 16:00:00,2012,1,17,19146,23.21,HOEP (Legacy)
2012-01-24 17:00:00,2012,1,18,19933,30.95,HOEP (Legacy)
2012-01-24 18:00:00,2012,1,19,20042,28.84,HOEP (Legacy)
2012-01-24 19:00:00,2012,1,20,19795,25.46,HOEP (Legacy)
2012-01-24 20:00:00,2012,1,21,19323,23.42,HOEP (Legacy)
2012-01-24 21:00:00,2012,1,22,18627,21.47,HOEP (Legacy)
2012-01-24 22:00:00,2012,1,23,17456,21.31,HOEP (Legacy)
2012-01-24 23:00:00,2012,1,24,16132,21.49,HOEP (Legacy)
2012-01-25 00:00:00,2012,1,1,15264,25.69,HOEP (Legacy)
2012-01-25 01:00:00,2012,1,2,14727,25.59,HOEP (Legacy)
2012-01-25 02:00:00,2012,1,3,14349,24.64,HOEP (Legacy)
2012-01-25 03:00:00,2012,1,4,14368,21.32,HOEP (Legacy)
2012-01-25 04:00:00,2012,1,5,14536,20.54,HOEP (Legacy)
2012-01-25 05:00:00,2012,1,6,15275,22.02,HOEP (Legacy)
2012-01-25 06:00:00,2012,1,7,16766,26.57,HOEP (Legacy)
2012-01-25 07:00:00,2012,1,8,18383,72.66,HOEP (Legacy)
2012-01-25 08:00:00,2012,1,9,18495,31.85,HOEP (Legacy)
2012-01-25 09:00:00,2012,1,10,18577,29.36,HOEP (Legacy)
2012-01-25 10:00:00,2012,1,11,18609,30.5,HOEP (Legacy)
2012-01-25 11:00:00,2012,1,12,18642,26.64,HOEP (Legacy)
2012-01-25 12:00:00,2012,1,13,18529,26.27,HOEP (Legacy)
2012-01-25 13:00:00,2012,1,14,18514,25.61,HOEP (Legacy)
2012-01-25 14:00:00,2012,1,15,18448,24.14,HOEP (Legacy)
2012-01-25 15:00:00,2012,1,16,18558,23.36,HOEP (Legacy)
2012-01-25 16:00:00,2012,1,17,19182,27.11,HOEP (Legacy)
2012-01-25 17:00:00,2012,1,18,20069,30.69,HOEP (Legacy)
2012-01-25 18:00:00,2012,1,19,20150,29.44,HOEP (Legacy)
2012-01-25 19:00:00,2012,1,20,19808,27.07,HOEP (Legacy)
2012-01-25 20:00:00,2012,1,21,19432,27.6,HOEP (Legacy)
2012-01-25 21:00:00,2012,1,22,18678,24.73,HOEP (Legacy)
2012-01-25 22:00:00,2012,1,23,17586,22.56,HOEP (Legacy)
2012-01-25 23:00:00,2012,1,24,16372,23.08,HOEP (Legacy)
2012-01-26 00:00:00,2012,1,1,15381,23.21,HOEP (Legacy)
2012-01-26 01:00:00,2012,1,2,14848,23.99,HOEP (Legacy)
2012-01-26 02:00:00,2012,1,3,14660,21.92,HOEP (Legacy)
2012-01-26 03:00:00,2012,1,4,14589,20.32,HOEP (Legacy)
2012-01-26 04:00:00,2012,1,5,14743,20.2,HOEP (Legacy)
2012-01-26 05:00:00,2012,1,6,15446,21.75,HOEP (Legacy)
2012-01-26 06:00:00,2012,1,7,16745,24.72,HOEP (Legacy)
2012-01-26 07:00:00,2012,1,8,18133,25.73,HOEP (Legacy)
2012-01-26 08:00:00,2012,1,9,18314,25.2,HOEP (Legacy)
2012-01-26 09:00:00,2012,1,10,18340,25.24,HOEP (Legacy)
2012-01-26 10:00:00,2012,1,11,18496,25.47,HOEP (Legacy)
2012-01-26 11:00:00,2012,1,12,18599,23.55,HOEP (Legacy)
2012-01-26 12:00:00,2012,1,13,18473,24.29,HOEP (Legacy)
2012-01-26 13:00:00,2012,1,14,18384,26.27,HOEP (Legacy)
2012-01-26 14:00:00,2012,1,15,18318,25.54,HOEP (Legacy)
2012-01-26 15:00:00,2012,1,16,18471,24.88,HOEP (Legacy)
2012-01-26 16:00:00,2012,1,17,19201,26.45,HOEP (Legacy)
2012-01-26 17:00:00,2012,1,18,19971,31.38,HOEP (Legacy)
2012-01-26 18:00:00,2012,1,19,19882,30.02,HOEP (Legacy)
2012-01-26 19:00:00,2012,1,20,19656,26.69,HOEP (Legacy)
2012-01-26 20:00:00,2012,1,21,19332,26.46,HOEP (Legacy)
2012-01-26 21:00:00,2012,1,22,18575,24.22,HOEP (Legacy)
2012-01-26 22:00:00,2012,1,23,17486,24.47,HOEP (Legacy)
2012-01-26 23:00:00,2012,1,24,16164,21.73,HOEP (Legacy)
2012-01-27 00:00:00,2012,1,1,15248,25.78,HOEP (Legacy)
2012-01-27 01:00:00,2012,1,2,14772,25.41,HOEP (Legacy)
2012-01-27 02:00:00,2012,1,3,14426,24.91,HOEP (Legacy)
2012-01-27 03:00:00,2012,1,4,14301,22.65,HOEP (Legacy)
2012-01-27 04:00:00,2012,1,5,14453,22.42,HOEP (Legacy)
2012-01-27 05:00:00,2012,1,6,15062,22.23,HOEP (Legacy)
2012-01-27 06:00:00,2012,1,7,16228,22.55,HOEP (Legacy)
2012-01-27 07:00:00,2012,1,8,17591,22.24,HOEP (Legacy)
2012-01-27 08:00:00,2012,1,9,18113,23.05,HOEP (Legacy)
2012-01-27 09:00:00,2012,1,10,18339,23.49,HOEP (Legacy)
2012-01-27 10:00:00,2012,1,11,18469,23.09,HOEP (Legacy)
2012-01-27 11:00:00,2012,1,12,18574,23.21,HOEP (Legacy)
2012-01-27 12:00:00,2012,1,13,18350,23.26,HOEP (Legacy)
2012-01-27 13:00:00,2012,1,14,18061,22.99,HOEP (Legacy)
2012-01-27 14:00:00,2012,1,15,17833,22.7,HOEP (Legacy)
2012-01-27 15:00:00,2012,1,16,17834,23.02,HOEP (Legacy)
2012-01-27 16:00:00,2012,1,17,18312,23.09,HOEP (Legacy)
2012-01-27 17:00:00,2012,1,18,18875,25.61,HOEP (Legacy)
2012-01-27 18:00:00,2012,1,19,19227,24.66,HOEP (Legacy)
2012-01-27 19:00:00,2012,1,20,18825,23.32,HOEP (Legacy)
2012-01-27 20:00:00,2012,1,21,18515,23.03,HOEP (Legacy)
2012-01-27 21:00:00,2012,1,22,17698,21.73,HOEP (Legacy)
2012-01-27 22:00:00,2012,1,23,16712,20.22,HOEP (Legacy)
2012-01-27 23:00:00,2012,1,24,15633,21.33,HOEP (Legacy)
2012-01-28 00:00:00,2012,1,1,14653,21.92,HOEP (Legacy)
2012-01-28 01:00:00,2012,1,2,14066,22.82,HOEP (Legacy)
2012-01-28 02:00:00,2012,1,3,13738,19.11,HOEP (Legacy)
2012-01-28 03:00:00,2012,1,4,13553,18.15,HOEP (Legacy)
2012-01-28 04:00:00,2012,1,5,13583,17.49,HOEP (Legacy)
2012-01-28 05:00:00,2012,1,6,13855,18.49,HOEP (Legacy)
2012-01-28 06:00:00,2012,1,7,14475,21.24,HOEP (Legacy)
2012-01-28 07:00:00,2012,1,8,15327,20.97,HOEP (Legacy)
2012-01-28 08:00:00,2012,1,9,15924,22.43,HOEP (Legacy)
2012-01-28 09:00:00,2012,1,10,16729,22.52,HOEP (Legacy)
2012-01-28 10:00:00,2012,1,11,17077,22.82,HOEP (Legacy)
2012-01-28 11:00:00,2012,1,12,17218,22.7,HOEP (Legacy)
2012-01-28 12:00:00,2012,1,13,17316,22.52,HOEP (Legacy)
2012-01-28 13:00:00,2012,1,14,17180,21.99,HOEP (Legacy)
2012-01-28 14:00:00,2012,1,15,17052,22.33,HOEP (Legacy)
2012-01-28 15:00:00,2012,1,16,16957,21.93,HOEP (Legacy)
2012-01-28 16:00:00,2012,1,17,17444,22.25,HOEP (Legacy)
2012-01-28 17:00:00,2012,1,18,18182,22.15,HOEP (Legacy)
2012-01-28 18:00:00,2012,1,19,18462,22.14,HOEP (Legacy)
2012-01-28 19:00:00,2012,1,20,17896,22.03,HOEP (Legacy)
2012-01-28 20:00:00,2012,1,21,17421,22.13,HOEP (Legacy)
2012-01-28 21:00:00,2012,1,22,16900,21.79,HOEP (Legacy)
2012-01-28 22:00:00,2012,1,23,16137,20.14,HOEP (Legacy)
2012-01-28 23:00:00,2012,1,24,15193,19.1,HOEP (Legacy)
2012-01-29 00:00:00,2012,1,1,14530,17.17,HOEP (Legacy)
2012-01-29 01:00:00,2012,1,2,14019,14.31,HOEP (Legacy)
2012-01-29 02:00:00,2012,1,3,13766,15.14,HOEP (Legacy)
2012-01-29 03:00:00,2012,1,4,13631,16.0,HOEP (Legacy)
2012-01-29 04:00:00,2012,1,5,13672,15.57,HOEP (Legacy)
2012-01-29 05:00:00,2012,1,6,14024,14.89,HOEP (Legacy)
2012-01-29 06:00:00,2012,1,7,14283,19.34,HOEP (Legacy)
2012-01-29 07:00:00,2012,1,8,14714,20.15,HOEP (Legacy)
2012-01-29 08:00:00,2012,1,9,15194,21.23,HOEP (Legacy)
2012-01-29 09:00:00,2012,1,10,15734,21.15,HOEP (Legacy)
2012-01-29 10:00:00,2012,1,11,16061,21.07,HOEP (Legacy)
2012-01-29 11:00:00,2012,1,12,16314,20.58,HOEP (Legacy)
2012-01-29 12:00:00,2012,1,13,16375,22.02,HOEP (Legacy)
2012-01-29 13:00:00,2012,1,14,16334,21.94,HOEP (Legacy)
2012-01-29 14:00:00,2012,1,15,16247,22.01,HOEP (Legacy)
2012-01-29 15:00:00,2012,1,16,16518,22.1,HOEP (Legacy)
2012-01-29 16:00:00,2012,1,17,17369,22.22,HOEP (Legacy)
2012-01-29 17:00:00,2012,1,18,18283,25.45,HOEP (Legacy)
2012-01-29 18:00:00,2012,1,19,18460,26.35,HOEP (Legacy)
2012-01-29 19:00:00,2012,1,20,18241,23.09,HOEP (Legacy)
2012-01-29 20:00:00,2012,1,21,17817,23.1,HOEP (Legacy)
2012-01-29 21:00:00,2012,1,22,17200,23.21,HOEP (Legacy)
2012-01-29 22:00:00,2012,1,23,16362,25.09,HOEP (Legacy)
2012-01-29 23:00:00,2012,1,24,15403,23.04,HOEP (Legacy)
2012-01-30 00:00:00,2012,1,1,14723,22.71,HOEP (Legacy)
2012-01-30 01:00:00,2012,1,2,14404,24.27,HOEP (Legacy)
2012-01-30 02:00:00,2012,1,3,14332,23.45,HOEP (Legacy)
2012-01-30 03:00:00,2012,1,4,14257,23.05,HOEP (Legacy)
2012-01-30 04:00:00,2012,1,5,14482,22.74,HOEP (Legacy)
2012-01-30 05:00:00,2012,1,6,15373,23.38,HOEP (Legacy)
2012-01-30 06:00:00,2012,1,7,16763,26.85,HOEP (Legacy)
2012-01-30 07:00:00,2012,1,8,18229,30.45,HOEP (Legacy)
2012-01-30 08:00:00,2012,1,9,18554,26.33,HOEP (Legacy)
2012-01-30 09:00:00,2012,1,10,18463,22.93,HOEP (Legacy)
2012-01-30 10:00:00,2012,1,11,18505,23.62,HOEP (Legacy)
2012-01-30 11:00:00,2012,1,12,18404,22.76,HOEP (Legacy)
2012-01-30 12:00:00,2012,1,13,18274,23.32,HOEP (Legacy)
2012-01-30 13:00:00,2012,1,14,18152,22.41,HOEP (Legacy)
2012-01-30 14:00:00,2012,1,15,18210,22.63,HOEP (Legacy)
2012-01-30 15:00:00,2012,1,16,18429,22.75,HOEP (Legacy)
2012-01-30 16:00:00,2012,1,17,19036,25.78,HOEP (Legacy)
2012-01-30 17:00:00,2012,1,18,20020,46.37,HOEP (Legacy)
2012-01-30 18:00:00,2012,1,19,20213,34.67,HOEP (Legacy)
2012-01-30 19:00:00,2012,1,20,20172,26.69,HOEP (Legacy)
2012-01-30 20:00:00,2012,1,21,19975,26.87,HOEP (Legacy)
2012-01-30 21:00:00,2012,1,22,19069,25.78,HOEP (Legacy)
2012-01-30 22:00:00,2012,1,23,17759,22.26,HOEP (Legacy)
2012-01-30 23:00:00,2012,1,24,16309,20.81,HOEP (Legacy)
2012-01-31 00:00:00,2012,1,1,15325,22.34,HOEP (Legacy)
2012-01-31 01:00:00,2012,1,2,14783,22.8,HOEP (Legacy)
2012-01-31 02:00:00,2012,1,3,14688,22.93,HOEP (Legacy)
2012-01-31 03:00:00,2012,1,4,14432,22.69,HOEP (Legacy)
2012-01-31 04:00:00,2012,1,5,14488,20.09,HOEP (Legacy)
2012-01-31 05:00:00,2012,1,6,15226,20.71,HOEP (Legacy)
2012-01-31 06:00:00,2012,1,7,16527,22.3,HOEP (Legacy)
2012-01-31 07:00:00,2012,1,8,17774,23.17,HOEP (Legacy)
2012-01-31 08:00:00,2012,1,9,17995,21.54,HOEP (Legacy)
2012-01-31 09:00:00,2012,1,10,17859,21.7,HOEP (Legacy)
2012-01-31 10:00:00,2012,1,11,17821,21.61,HOEP (Legacy)
2012-01-31 11:00:00,2012,1,12,17558,21.53,HOEP (Legacy)
2012-01-31 12:00:00,2012,1,13,17433,21.43,HOEP (Legacy)
2012-01-31 13:00:00,2012,1,14,17342,20.75,HOEP (Legacy)
2012-01-31 14:00:00,2012,1,15,17193,21.06,HOEP (Legacy)
2012-01-31 15:00:00,2012,1,16,17464,19.34,HOEP (Legacy)
2012-01-31 16:00:00,2012,1,17,17906,20.74,HOEP (Legacy)
2012-01-31 17:00:00,2012,1,18,18697,21.88,HOEP (Legacy)
2012-01-31 18:00:00,2012,1,19,19229,23.63,HOEP (Legacy)
2012-01-31 19:00:00,2012,1,20,18913,21.89,HOEP (Legacy)
2012-01-31 20:00:00,2012,1,21,18433,21.33,HOEP (Legacy)
2012-01-31 21:00:00,2012,1,22,17568,20.8,HOEP (Legacy)
2012-01-31 22:00:00,2012,1,23,16444,19.8,HOEP (Legacy)
2012-01-31 23:00:00,2012,1,24,15179,21.03,HOEP (Legacy)
2012-02-01 00:00:00,2012,2,1,14280,-71.5,HOEP (Legacy)
2012-02-01 01:00:00,2012,2,2,13806,-35.4,HOEP (Legacy)
2012-02-01 02:00:00,2012,2,3,13441,15.15,HOEP (Legacy)
2012-02-01 03:00:00,2012,2,4,13322,17.08,HOEP (Legacy)
2012-02-01 04:00:00,2012,2,5,13393,16.74,HOEP (Legacy)
2012-02-01 05:00:00,2012,2,6,14108,13.37,HOEP (Legacy)
2012-02-01 06:00:00,2012,2,7,15636,20.18,HOEP (Legacy)
2012-02-01 07:00:00,2012,2,8,16978,22.14,HOEP (Legacy)
2012-02-01 08:00:00,2012,2,9,17346,21.09,HOEP (Legacy)
2012-02-01 09:00:00,2012,2,10,17506,21.38,HOEP (Legacy)
2012-02-01 10:00:00,2012,2,11,17711,21.39,HOEP (Legacy)
2012-02-01 11:00:00,2012,2,12,17779,21.34,HOEP (Legacy)
2012-02-01 12:00:00,2012,2,13,17817,21.13,HOEP (Legacy)
2012-02-01 13:00:00,2012,2,14,17834,21.26,HOEP (Legacy)
2012-02-01 14:00:00,2012,2,15,17922,20.86,HOEP (Legacy)
2012-02-01 15:00:00,2012,2,16,18077,20.98,HOEP (Legacy)
2012-02-01 16:00:00,2012,2,17,18598,21.54,HOEP (Legacy)
2012-02-01 17:00:00,2012,2,18,19233,24.3,HOEP (Legacy)
2012-02-01 18:00:00,2012,2,19,19527,25.23,HOEP (Legacy)
2012-02-01 19:00:00,2012,2,20,19214,24.99,HOEP (Legacy)
2012-02-01 20:00:00,2012,2,21,18787,24.82,HOEP (Legacy)
2012-02-01 21:00:00,2012,2,22,18091,23.31,HOEP (Legacy)
2012-02-01 22:00:00,2012,2,23,16972,21.89,HOEP (Legacy)
2012-02-01 23:00:00,2012,2,24,15573,20.74,HOEP (Legacy)
2012-02-02 00:00:00,2012,2,1,14749,22.49,HOEP (Legacy)
2012-02-02 01:00:00,2012,2,2,14240,21.93,HOEP (Legacy)
2012-02-02 02:00:00,2012,2,3,14001,21.76,HOEP (Legacy)
2012-02-02 03:00:00,2012,2,4,13996,21.06,HOEP (Legacy)
2012-02-02 04:00:00,2012,2,5,14120,19.67,HOEP (Legacy)
2012-02-02 05:00:00,2012,2,6,14851,20.13,HOEP (Legacy)
2012-02-02 06:00:00,2012,2,7,16338,22.11,HOEP (Legacy)
2012-02-02 07:00:00,2012,2,8,17790,22.76,HOEP (Legacy)
2012-02-02 08:00:00,2012,2,9,18118,22.46,HOEP (Legacy)
2012-02-02 09:00:00,2012,2,10,18084,23.03,HOEP (Legacy)
2012-02-02 10:00:00,2012,2,11,18188,24.35,HOEP (Legacy)
2012-02-02 11:00:00,2012,2,12,18268,24.11,HOEP (Legacy)
2012-02-02 12:00:00,2012,2,13,17997,22.94,HOEP (Legacy)
2012-02-02 13:00:00,2012,2,14,17975,22.12,HOEP (Legacy)
2012-02-02 14:00:00,2012,2,15,17868,23.06,HOEP (Legacy)
2012-02-02 15:00:00,2012,2,16,18077,23.05,HOEP (Legacy)
2012-02-02 16:00:00,2012,2,17,18577,23.32,HOEP (Legacy)
2012-02-02 17:00:00,2012,2,18,19188,24.46,HOEP (Legacy)
2012-02-02 18:00:00,2012,2,19,19725,28.03,HOEP (Legacy)
2012-02-02 19:00:00,2012,2,20,19437,25.34,HOEP (Legacy)
2012-02-02 20:00:00,2012,2,21,19125,28.06,HOEP (Legacy)
2012-02-02 21:00:00,2012,2,22,18440,24.21,HOEP (Legacy)
2012-02-02 22:00:00,2012,2,23,17216,21.34,HOEP (Legacy)
2012-02-02 23:00:00,2012,2,24,16005,20.93,HOEP (Legacy)
2012-02-03 00:00:00,2012,2,1,15108,22.06,HOEP (Legacy)
2012-02-03 01:00:00,2012,2,2,14458,22.97,HOEP (Legacy)
2012-02-03 02:00:00,2012,2,3,14111,21.42,HOEP (Legacy)
2012-02-03 03:00:00,2012,2,4,14072,20.17,HOEP (Legacy)
2012-02-03 04:00:00,2012,2,5,14241,20.0,HOEP (Legacy)
2012-02-03 05:00:00,2012,2,6,14960,20.09,HOEP (Legacy)
2012-02-03 06:00:00,2012,2,7,16427,22.94,HOEP (Legacy)
2012-02-03 07:00:00,2012,2,8,17711,26.39,HOEP (Legacy)
2012-02-03 08:00:00,2012,2,9,17995,25.08,HOEP (Legacy)
2012-02-03 09:00:00,2012,2,10,18155,24.31,HOEP (Legacy)
2012-02-03 10:00:00,2012,2,11,18211,25.19,HOEP (Legacy)
2012-02-03 11:00:00,2012,2,12,18193,25.03,HOEP (Legacy)
2012-02-03 12:00:00,2012,2,13,18028,24.59,HOEP (Legacy)
2012-02-03 13:00:00,2012,2,14,17940,23.89,HOEP (Legacy)
2012-02-03 14:00:00,2012,2,15,17835,24.17,HOEP (Legacy)
2012-02-03 15:00:00,2012,2,16,17881,23.03,HOEP (Legacy)
2012-02-03 16:00:00,2012,2,17,18278,24.51,HOEP (Legacy)
2012-02-03 17:00:00,2012,2,18,19002,27.61,HOEP (Legacy)
2012-02-03 18:00:00,2012,2,19,19078,27.47,HOEP (Legacy)
2012-02-03 19:00:00,2012,2,20,18657,24.27,HOEP (Legacy)
2012-02-03 20:00:00,2012,2,21,18225,23.17,HOEP (Legacy)
2012-02-03 21:00:00,2012,2,22,17476,21.6,HOEP (Legacy)
2012-02-03 22:00:00,2012,2,23,16607,20.28,HOEP (Legacy)
2012-02-03 23:00:00,2012,2,24,15466,20.26,HOEP (Legacy)
2012-02-04 00:00:00,2012,2,1,14530,23.59,HOEP (Legacy)
2012-02-04 01:00:00,2012,2,2,13996,28.05,HOEP (Legacy)
2012-02-04 02:00:00,2012,2,3,13695,25.62,HOEP (Legacy)
2012-02-04 03:00:00,2012,2,4,13528,21.09,HOEP (Legacy)
2012-02-04 04:00:00,2012,2,5,13532,19.83,HOEP (Legacy)
2012-02-04 05:00:00,2012,2,6,13834,20.84,HOEP (Legacy)
2012-02-04 06:00:00,2012,2,7,14502,22.2,HOEP (Legacy)
2012-02-04 07:00:00,2012,2,8,15216,23.63,HOEP (Legacy)
2012-02-04 08:00:00,2012,2,9,15841,24.33,HOEP (Legacy)
2012-02-04 09:00:00,2012,2,10,16333,24.62,HOEP (Legacy)
2012-02-04 10:00:00,2012,2,11,16474,24.93,HOEP (Legacy)
2012-02-04 11:00:00,2012,2,12,16604,23.62,HOEP (Legacy)
2012-02-04 12:00:00,2012,2,13,16584,22.69,HOEP (Legacy)
2012-02-04 13:00:00,2012,2,14,16433,22.35,HOEP (Legacy)
2012-02-04 14:00:00,2012,2,15,16108,21.98,HOEP (Legacy)
2012-02-04 15:00:00,2012,2,16,16027,21.75,HOEP (Legacy)
2012-02-04 16:00:00,2012,2,17,16422,21.47,HOEP (Legacy)
2012-02-04 17:00:00,2012,2,18,17507,25.15,HOEP (Legacy)
2012-02-04 18:00:00,2012,2,19,17969,26.02,HOEP (Legacy)
2012-02-04 19:00:00,2012,2,20,17604,23.34,HOEP (Legacy)
2012-02-04 20:00:00,2012,2,21,17090,23.09,HOEP (Legacy)
2012-02-04 21:00:00,2012,2,22,16557,21.78,HOEP (Legacy)
2012-02-04 22:00:00,2012,2,23,15821,20.5,HOEP (Legacy)
2012-02-04 23:00:00,2012,2,24,14840,19.57,HOEP (Legacy)
2012-02-05 00:00:00,2012,2,1,14136,22.19,HOEP (Legacy)
2012-02-05 01:00:00,2012,2,2,13623,23.91,HOEP (Legacy)
2012-02-05 02:00:00,2012,2,3,13427,21.27,HOEP (Legacy)
2012-02-05 03:00:00,2012,2,4,13260,17.24,HOEP (Legacy)
2012-02-05 04:00:00,2012,2,5,13228,20.77,HOEP (Legacy)
2012-02-05 05:00:00,2012,2,6,13501,20.43,HOEP (Legacy)
2012-02-05 06:00:00,2012,2,7,13926,19.63,HOEP (Legacy)
2012-02-05 07:00:00,2012,2,8,14460,20.36,HOEP (Legacy)
2012-02-05 08:00:00,2012,2,9,14934,20.36,HOEP (Legacy)
2012-02-05 09:00:00,2012,2,10,15365,20.34,HOEP (Legacy)
2012-02-05 10:00:00,2012,2,11,15717,20.09,HOEP (Legacy)
2012-02-05 11:00:00,2012,2,12,15776,20.27,HOEP (Legacy)
2012-02-05 12:00:00,2012,2,13,15942,21.11,HOEP (Legacy)
2012-02-05 13:00:00,2012,2,14,15729,21.46,HOEP (Legacy)
2012-02-05 14:00:00,2012,2,15,15727,21.54,HOEP (Legacy)
2012-02-05 15:00:00,2012,2,16,15900,21.59,HOEP (Legacy)
2012-02-05 16:00:00,2012,2,17,16472,22.01,HOEP (Legacy)
2012-02-05 17:00:00,2012,2,18,17474,25.96,HOEP (Legacy)
2012-02-05 18:00:00,2012,2,19,18054,25.6,HOEP (Legacy)
2012-02-05 19:00:00,2012,2,20,17483,22.73,HOEP (Legacy)
2012-02-05 20:00:00,2012,2,21,17011,21.7,HOEP (Legacy)
2012-02-05 21:00:00,2012,2,22,16512,20.84,HOEP (Legacy)
2012-02-05 22:00:00,2012,2,23,15707,19.91,HOEP (Legacy)
2012-02-05 23:00:00,2012,2,24,14825,18.46,HOEP (Legacy)
2012-02-06 00:00:00,2012,2,1,14023,16.9,HOEP (Legacy)
2012-02-06 01:00:00,2012,2,2,13606,20.18,HOEP (Legacy)
2012-02-06 02:00:00,2012,2,3,13464,19.14,HOEP (Legacy)
2012-02-06 03:00:00,2012,2,4,13452,18.23,HOEP (Legacy)
2012-02-06 04:00:00,2012,2,5,13652,18.41,HOEP (Legacy)
2012-02-06 05:00:00,2012,2,6,14429,18.75,HOEP (Legacy)
2012-02-06 06:00:00,2012,2,7,15865,23.14,HOEP (Legacy)
2012-02-06 07:00:00,2012,2,8,17283,23.16,HOEP (Legacy)
2012-02-06 08:00:00,2012,2,9,17350,22.96,HOEP (Legacy)
2012-02-06 09:00:00,2012,2,10,17157,21.49,HOEP (Legacy)
2012-02-06 10:00:00,2012,2,11,17114,21.1,HOEP (Legacy)
2012-02-06 11:00:00,2012,2,12,17165,20.56,HOEP (Legacy)
2012-02-06 12:00:00,2012,2,13,17126,20.19,HOEP (Legacy)
2012-02-06 13:00:00,2012,2,14,16975,19.91,HOEP (Legacy)
2012-02-06 14:00:00,2012,2,15,16772,19.92,HOEP (Legacy)
2012-02-06 15:00:00,2012,2,16,16934,19.96,HOEP (Legacy)
2012-02-06 16:00:00,2012,2,17,17567,22.34,HOEP (Legacy)
2012-02-06 17:00:00,2012,2,18,18190,24.9,HOEP (Legacy)
2012-02-06 18:00:00,2012,2,19,19045,27.0,HOEP (Legacy)
2012-02-06 19:00:00,2012,2,20,19000,24.67,HOEP (Legacy)
2012-02-06 20:00:00,2012,2,21,18667,24.68,HOEP (Legacy)
2012-02-06 21:00:00,2012,2,22,17795,23.64,HOEP (Legacy)
2012-02-06 22:00:00,2012,2,23,16688,19.3,HOEP (Legacy)
2012-02-06 23:00:00,2012,2,24,15396,17.87,HOEP (Legacy)
2012-02-07 00:00:00,2012,2,1,14471,21.02,HOEP (Legacy)
2012-02-07 01:00:00,2012,2,2,14037,21.64,HOEP (Legacy)
2012-02-07 02:00:00,2012,2,3,13864,20.26,HOEP (Legacy)
2012-02-07 03:00:00,2012,2,4,13826,20.0,HOEP (Legacy)
2012-02-07 04:00:00,2012,2,5,14057,19.79,HOEP (Legacy)
2012-02-07 05:00:00,2012,2,6,14682,21.24,HOEP (Legacy)
2012-02-07 06:00:00,2012,2,7,16050,22.83,HOEP (Legacy)
2012-02-07 07:00:00,2012,2,8,17694,24.43,HOEP (Legacy)
2012-02-07 08:00:00,2012,2,9,17930,24.08,HOEP (Legacy)
2012-02-07 09:00:00,2012,2,10,17716,25.24,HOEP (Legacy)
2012-02-07 10:00:00,2012,2,11,18046,23.85,HOEP (Legacy)
2012-02-07 11:00:00,2012,2,12,17887,23.46,HOEP (Legacy)
2012-02-07 12:00:00,2012,2,13,17465,23.07,HOEP (Legacy)
2012-02-07 13:00:00,2012,2,14,16971,21.74,HOEP (Legacy)
2012-02-07 14:00:00,2012,2,15,17414,19.93,HOEP (Legacy)
2012-02-07 15:00:00,2012,2,16,17425,20.35,HOEP (Legacy)
2012-02-07 16:00:00,2012,2,17,18236,21.22,HOEP (Legacy)
2012-02-07 17:00:00,2012,2,18,18995,24.63,HOEP (Legacy)
2012-02-07 18:00:00,2012,2,19,19852,25.7,HOEP (Legacy)
2012-02-07 19:00:00,2012,2,20,19799,24.84,HOEP (Legacy)
2012-02-07 20:00:00,2012,2,21,19438,24.38,HOEP (Legacy)
2012-02-07 21:00:00,2012,2,22,18795,22.27,HOEP (Legacy)
2012-02-07 22:00:00,2012,2,23,17570,21.21,HOEP (Legacy)
2012-02-07 23:00:00,2012,2,24,16422,19.42,HOEP (Legacy)
2012-02-08 00:00:00,2012,2,1,15550,22.0,HOEP (Legacy)
2012-02-08 01:00:00,2012,2,2,15128,22.39,HOEP (Legacy)
2012-02-08 02:00:00,2012,2,3,14896,22.12,HOEP (Legacy)
2012-02-08 03:00:00,2012,2,4,14876,21.98,HOEP (Legacy)
2012-02-08 04:00:00,2012,2,5,15066,21.6,HOEP (Legacy)
2012-02-08 05:00:00,2012,2,6,15771,22.02,HOEP (Legacy)
2012-02-08 06:00:00,2012,2,7,17445,24.29,HOEP (Legacy)
2012-02-08 07:00:00,2012,2,8,18637,25.73,HOEP (Legacy)
2012-02-08 08:00:00,2012,2,9,18643,24.69,HOEP (Legacy)
2012-02-08 09:00:00,2012,2,10,18346,23.66,HOEP (Legacy)
2012-02-08 10:00:00,2012,2,11,18239,23.58,HOEP (Legacy)
2012-02-08 11:00:00,2012,2,12,17998,23.02,HOEP (Legacy)
2012-02-08 12:00:00,2012,2,13,17745,22.78,HOEP (Legacy)
2012-02-08 13:00:00,2012,2,14,17594,22.72,HOEP (Legacy)
2012-02-08 14:00:00,2012,2,15,17540,21.4,HOEP (Legacy)
2012-02-08 15:00:00,2012,2,16,17668,21.0,HOEP (Legacy)
2012-02-08 16:00:00,2012,2,17,18186,22.27,HOEP (Legacy)
2012-02-08 17:00:00,2012,2,18,19160,23.55,HOEP (Legacy)
2012-02-08 18:00:00,2012,2,19,19661,23.33,HOEP (Legacy)
2012-02-08 19:00:00,2012,2,20,19566,24.56,HOEP (Legacy)
2012-02-08 20:00:00,2012,2,21,19278,22.67,HOEP (Legacy)
2012-02-08 21:00:00,2012,2,22,18529,22.14,HOEP (Legacy)
2012-02-08 22:00:00,2012,2,23,17158,19.76,HOEP (Legacy)
2012-02-08 23:00:00,2012,2,24,16114,18.19,HOEP (Legacy)
2012-02-09 00:00:00,2012,2,1,15152,17.33,HOEP (Legacy)
2012-02-09 01:00:00,2012,2,2,14665,20.01,HOEP (Legacy)
2012-02-09 02:00:00,2012,2,3,14603,19.96,HOEP (Legacy)
2012-02-09 03:00:00,2012,2,4,14443,19.95,HOEP (Legacy)
2012-02-09 04:00:00,2012,2,5,14713,14.51,HOEP (Legacy)
2012-02-09 05:00:00,2012,2,6,15342,18.49,HOEP (Legacy)
2012-02-09 06:00:00,2012,2,7,16750,22.12,HOEP (Legacy)
2012-02-09 07:00:00,2012,2,8,18056,22.96,HOEP (Legacy)
2012-02-09 08:00:00,2012,2,9,17921,21.86,HOEP (Legacy)
2012-02-09 09:00:00,2012,2,10,17666,21.22,HOEP (Legacy)
2012-02-09 10:00:00,2012,2,11,17490,21.06,HOEP (Legacy)
2012-02-09 11:00:00,2012,2,12,17301,21.07,HOEP (Legacy)
2012-02-09 12:00:00,2012,2,13,17199,21.16,HOEP (Legacy)
2012-02-09 13:00:00,2012,2,14,17018,20.53,HOEP (Legacy)
2012-02-09 14:00:00,2012,2,15,16867,19.65,HOEP (Legacy)
2012-02-09 15:00:00,2012,2,16,16934,19.96,HOEP (Legacy)
2012-02-09 16:00:00,2012,2,17,17336,20.84,HOEP (Legacy)
2012-02-09 17:00:00,2012,2,18,18253,20.81,HOEP (Legacy)
2012-02-09 18:00:00,2012,2,19,19007,22.18,HOEP (Legacy)
2012-02-09 19:00:00,2012,2,20,19009,22.98,HOEP (Legacy)
2012-02-09 20:00:00,2012,2,21,18703,21.66,HOEP (Legacy)
2012-02-09 21:00:00,2012,2,22,18089,21.23,HOEP (Legacy)
2012-02-09 22:00:00,2012,2,23,16926,21.55,HOEP (Legacy)
2012-02-09 23:00:00,2012,2,24,15660,21.93,HOEP (Legacy)
2012-02-10 00:00:00,2012,2,1,14770,20.02,HOEP (Legacy)
2012-02-10 01:00:00,2012,2,2,14323,20.61,HOEP (Legacy)
2012-02-10 02:00:00,2012,2,3,14211,19.75,HOEP (Legacy)
2012-02-10 03:00:00,2012,2,4,14186,18.81,HOEP (Legacy)
2012-02-10 04:00:00,2012,2,5,14259,18.62,HOEP (Legacy)
2012-02-10 05:00:00,2012,2,6,15002,20.46,HOEP (Legacy)
2012-02-10 06:00:00,2012,2,7,16443,24.46,HOEP (Legacy)
2012-02-10 07:00:00,2012,2,8,17969,25.68,HOEP (Legacy)
2012-02-10 08:00:00,2012,2,9,18361,24.84,HOEP (Legacy)
2012-02-10 09:00:00,2012,2,10,18418,23.86,HOEP (Legacy)
2012-02-10 10:00:00,2012,2,11,18447,23.8,HOEP (Legacy)
2012-02-10 11:00:00,2012,2,12,18459,24.38,HOEP (Legacy)
2012-02-10 12:00:00,2012,2,13,18312,23.79,HOEP (Legacy)
2012-02-10 13:00:00,2012,2,14,18201,23.83,HOEP (Legacy)
2012-02-10 14:00:00,2012,2,15,18186,23.75,HOEP (Legacy)
2012-02-10 15:00:00,2012,2,16,18168,26.23,HOEP (Legacy)
2012-02-10 16:00:00,2012,2,17,18561,25.84,HOEP (Legacy)
2012-02-10 17:00:00,2012,2,18,19121,27.45,HOEP (Legacy)
2012-02-10 18:00:00,2012,2,19,19692,28.34,HOEP (Legacy)
2012-02-10 19:00:00,2012,2,20,19381,27.08,HOEP (Legacy)
2012-02-10 20:00:00,2012,2,21,19069,27.45,HOEP (Legacy)
2012-02-10 21:00:00,2012,2,22,18293,24.6,HOEP (Legacy)
2012-02-10 22:00:00,2012,2,23,17337,21.77,HOEP (Legacy)
2012-02-10 23:00:00,2012,2,24,16211,21.52,HOEP (Legacy)
2012-02-11 00:00:00,2012,2,1,15284,21.53,HOEP (Legacy)
2012-02-11 01:00:00,2012,2,2,14924,19.09,HOEP (Legacy)
2012-02-11 02:00:00,2012,2,3,14709,19.35,HOEP (Legacy)
2012-02-11 03:00:00,2012,2,4,14621,18.93,HOEP (Legacy)
2012-02-11 04:00:00,2012,2,5,14734,16.5,HOEP (Legacy)
2012-02-11 05:00:00,2012,2,6,15029,18.42,HOEP (Legacy)
2012-02-11 06:00:00,2012,2,7,15856,20.86,HOEP (Legacy)
2012-02-11 07:00:00,2012,2,8,16537,21.22,HOEP (Legacy)
2012-02-11 08:00:00,2012,2,9,17252,21.19,HOEP (Legacy)
2012-02-11 09:00:00,2012,2,10,18056,21.66,HOEP (Legacy)
2012-02-11 10:00:00,2012,2,11,18350,23.67,HOEP (Legacy)
2012-02-11 11:00:00,2012,2,12,18437,22.28,HOEP (Legacy)
2012-02-11 12:00:00,2012,2,13,18203,22.19,HOEP (Legacy)
2012-02-11 13:00:00,2012,2,14,17805,21.29,HOEP (Legacy)
2012-02-11 14:00:00,2012,2,15,17597,21.26,HOEP (Legacy)
2012-02-11 15:00:00,2012,2,16,17493,21.22,HOEP (Legacy)
2012-02-11 16:00:00,2012,2,17,17882,21.95,HOEP (Legacy)
2012-02-11 17:00:00,2012,2,18,18743,24.04,HOEP (Legacy)
2012-02-11 18:00:00,2012,2,19,19514,27.99,HOEP (Legacy)
2012-02-11 19:00:00,2012,2,20,19265,25.28,HOEP (Legacy)
2012-02-11 20:00:00,2012,2,21,18764,24.2,HOEP (Legacy)
2012-02-11 21:00:00,2012,2,22,18082,21.99,HOEP (Legacy)
2012-02-11 22:00:00,2012,2,23,17185,20.87,HOEP (Legacy)
2012-02-11 23:00:00,2012,2,24,16354,16.85,HOEP (Legacy)
2012-02-12 00:00:00,2012,2,1,15591,20.4,HOEP (Legacy)
2012-02-12 01:00:00,2012,2,2,15062,19.86,HOEP (Legacy)
2012-02-12 02:00:00,2012,2,3,14771,20.79,HOEP (Legacy)
2012-02-12 03:00:00,2012,2,4,14627,20.85,HOEP (Legacy)
2012-02-12 04:00:00,2012,2,5,14583,19.91,HOEP (Legacy)
2012-02-12 05:00:00,2012,2,6,14702,19.96,HOEP (Legacy)
2012-02-12 06:00:00,2012,2,7,15133,19.44,HOEP (Legacy)
2012-02-12 07:00:00,2012,2,8,15799,20.06,HOEP (Legacy)
2012-02-12 08:00:00,2012,2,9,16272,21.31,HOEP (Legacy)
2012-02-12 09:00:00,2012,2,10,16826,21.68,HOEP (Legacy)
2012-02-12 10:00:00,2012,2,11,16938,22.72,HOEP (Legacy)
2012-02-12 11:00:00,2012,2,12,17050,24.31,HOEP (Legacy)
2012-02-12 12:00:00,2012,2,13,17100,25.44,HOEP (Legacy)
2012-02-12 13:00:00,2012,2,14,16984,21.83,HOEP (Legacy)
2012-02-12 14:00:00,2012,2,15,16951,21.27,HOEP (Legacy)
2012-02-12 15:00:00,2012,2,16,17064,21.2,HOEP (Legacy)
2012-02-12 16:00:00,2012,2,17,17709,22.32,HOEP (Legacy)
2012-02-12 17:00:00,2012,2,18,18680,24.54,HOEP (Legacy)
2012-02-12 18:00:00,2012,2,19,19216,25.44,HOEP (Legacy)
2012-02-12 19:00:00,2012,2,20,18991,24.8,HOEP (Legacy)
2012-02-12 20:00:00,2012,2,21,18484,24.1,HOEP (Legacy)
2012-02-12 21:00:00,2012,2,22,17758,24.08,HOEP (Legacy)
2012-02-12 22:00:00,2012,2,23,16862,23.35,HOEP (Legacy)
2012-02-12 23:00:00,2012,2,24,15970,21.02,HOEP (Legacy)
2012-02-13 00:00:00,2012,2,1,15151,20.59,HOEP (Legacy)
2012-02-13 01:00:00,2012,2,2,14824,22.92,HOEP (Legacy)
2012-02-13 02:00:00,2012,2,3,14602,21.91,HOEP (Legacy)
2012-02-13 03:00:00,2012,2,4,14569,22.19,HOEP (Legacy)
2012-02-13 04:00:00,2012,2,5,14749,20.7,HOEP (Legacy)
2012-02-13 05:00:00,2012,2,6,15398,21.88,HOEP (Legacy)
2012-02-13 06:00:00,2012,2,7,16929,24.1,HOEP (Legacy)
2012-02-13 07:00:00,2012,2,8,18225,25.08,HOEP (Legacy)
2012-02-13 08:00:00,2012,2,9,18261,24.52,HOEP (Legacy)
2012-02-13 09:00:00,2012,2,10,18117,24.52,HOEP (Legacy)
2012-02-13 10:00:00,2012,2,11,18043,23.96,HOEP (Legacy)
2012-02-13 11:00:00,2012,2,12,17878,23.96,HOEP (Legacy)
2012-02-13 12:00:00,2012,2,13,17592,22.82,HOEP (Legacy)
2012-02-13 13:00:00,2012,2,14,17483,21.36,HOEP (Legacy)
2012-02-13 14:00:00,2012,2,15,17393,21.23,HOEP (Legacy)
2012-02-13 15:00:00,2012,2,16,17397,21.23,HOEP (Legacy)
2012-02-13 16:00:00,2012,2,17,17909,21.6,HOEP (Legacy)
2012-02-13 17:00:00,2012,2,18,18812,22.46,HOEP (Legacy)
2012-02-13 18:00:00,2012,2,19,19596,24.16,HOEP (Legacy)
2012-02-13 19:00:00,2012,2,20,19528,26.62,HOEP (Legacy)
2012-02-13 20:00:00,2012,2,21,19358,25.98,HOEP (Legacy)
2012-02-13 21:00:00,2012,2,22,18671,25.42,HOEP (Legacy)
2012-02-13 22:00:00,2012,2,23,17465,24.21,HOEP (Legacy)
2012-02-13 23:00:00,2012,2,24,16307,23.02,HOEP (Legacy)
2012-02-14 00:00:00,2012,2,1,15273,20.62,HOEP (Legacy)
2012-02-14 01:00:00,2012,2,2,14738,20.92,HOEP (Legacy)
2012-02-14 02:00:00,2012,2,3,14511,19.75,HOEP (Legacy)
2012-02-14 03:00:00,2012,2,4,14522,18.6,HOEP (Legacy)
2012-02-14 04:00:00,2012,2,5,14690,19.15,HOEP (Legacy)
2012-02-14 05:00:00,2012,2,6,15343,19.29,HOEP (Legacy)
2012-02-14 06:00:00,2012,2,7,16816,23.56,HOEP (Legacy)
2012-02-14 07:00:00,2012,2,8,18040,23.19,HOEP (Legacy)
2012-02-14 08:00:00,2012,2,9,18174,23.35,HOEP (Legacy)
2012-02-14 09:00:00,2012,2,10,18181,22.23,HOEP (Legacy)
2012-02-14 10:00:00,2012,2,11,18159,21.92,HOEP (Legacy)
2012-02-14 11:00:00,2012,2,12,18188,22.41,HOEP (Legacy)
2012-02-14 12:00:00,2012,2,13,18192,22.7,HOEP (Legacy)
2012-02-14 13:00:00,2012,2,14,18131,24.68,HOEP (Legacy)
2012-02-14 14:00:00,2012,2,15,18149,24.56,HOEP (Legacy)
2012-02-14 15:00:00,2012,2,16,18135,25.15,HOEP (Legacy)
2012-02-14 16:00:00,2012,2,17,18673,24.4,HOEP (Legacy)
2012-02-14 17:00:00,2012,2,18,19233,26.04,HOEP (Legacy)
2012-02-14 18:00:00,2012,2,19,19605,24.65,HOEP (Legacy)
2012-02-14 19:00:00,2012,2,20,19410,25.33,HOEP (Legacy)
2012-02-14 20:00:00,2012,2,21,19094,25.36,HOEP (Legacy)
2012-02-14 21:00:00,2012,2,22,18261,23.64,HOEP (Legacy)
2012-02-14 22:00:00,2012,2,23,17201,22.69,HOEP (Legacy)
2012-02-14 23:00:00,2012,2,24,15971,21.18,HOEP (Legacy)
2012-02-15 00:00:00,2012,2,1,15084,20.14,HOEP (Legacy)
2012-02-15 01:00:00,2012,2,2,14571,21.52,HOEP (Legacy)
2012-02-15 02:00:00,2012,2,3,14318,20.12,HOEP (Legacy)
2012-02-15 03:00:00,2012,2,4,14223,19.57,HOEP (Legacy)
2012-02-15 04:00:00,2012,2,5,14376,17.15,HOEP (Legacy)
2012-02-15 05:00:00,2012,2,6,15055,16.53,HOEP (Legacy)
2012-02-15 06:00:00,2012,2,7,16383,22.68,HOEP (Legacy)
2012-02-15 07:00:00,2012,2,8,17607,22.82,HOEP (Legacy)
2012-02-15 08:00:00,2012,2,9,17832,22.6,HOEP (Legacy)
2012-02-15 09:00:00,2012,2,10,17791,22.38,HOEP (Legacy)
2012-02-15 10:00:00,2012,2,11,17800,22.36,HOEP (Legacy)
2012-02-15 11:00:00,2012,2,12,17746,22.42,HOEP (Legacy)
2012-02-15 12:00:00,2012,2,13,17625,21.37,HOEP (Legacy)
2012-02-15 13:00:00,2012,2,14,17586,21.37,HOEP (Legacy)
2012-02-15 14:00:00,2012,2,15,17597,21.36,HOEP (Legacy)
2012-02-15 15:00:00,2012,2,16,17767,21.74,HOEP (Legacy)
2012-02-15 16:00:00,2012,2,17,18353,22.12,HOEP (Legacy)
2012-02-15 17:00:00,2012,2,18,18994,33.41,HOEP (Legacy)
2012-02-15 18:00:00,2012,2,19,19308,25.21,HOEP (Legacy)
2012-02-15 19:00:00,2012,2,20,19294,24.36,HOEP (Legacy)
2012-02-15 20:00:00,2012,2,21,18997,24.2,HOEP (Legacy)
2012-02-15 21:00:00,2012,2,22,18213,22.35,HOEP (Legacy)
2012-02-15 22:00:00,2012,2,23,17070,20.74,HOEP (Legacy)
2012-02-15 23:00:00,2012,2,24,15785,21.26,HOEP (Legacy)
2012-02-16 00:00:00,2012,2,1,14860,20.78,HOEP (Legacy)
2012-02-16 01:00:00,2012,2,2,14373,18.74,HOEP (Legacy)
2012-02-16 02:00:00,2012,2,3,14116,18.12,HOEP (Legacy)
2012-02-16 03:00:00,2012,2,4,14085,19.99,HOEP (Legacy)
2012-02-16 04:00:00,2012,2,5,14159,19.98,HOEP (Legacy)
2012-02-16 05:00:00,2012,2,6,14831,16.32,HOEP (Legacy)
2012-02-16 06:00:00,2012,2,7,16242,22.15,HOEP (Legacy)
2012-02-16 07:00:00,2012,2,8,17591,21.73,HOEP (Legacy)
2012-02-16 08:00:00,2012,2,9,17857,21.19,HOEP (Legacy)
2012-02-16 09:00:00,2012,2,10,17870,21.17,HOEP (Legacy)
2012-02-16 10:00:00,2012,2,11,18018,21.19,HOEP (Legacy)
2012-02-16 11:00:00,2012,2,12,17986,22.24,HOEP (Legacy)
2012-02-16 12:00:00,2012,2,13,17803,22.7,HOEP (Legacy)
2012-02-16 13:00:00,2012,2,14,17856,22.51,HOEP (Legacy)
2012-02-16 14:00:00,2012,2,15,17837,22.94,HOEP (Legacy)
2012-02-16 15:00:00,2012,2,16,17955,22.55,HOEP (Legacy)
2012-02-16 16:00:00,2012,2,17,18485,22.2,HOEP (Legacy)
2012-02-16 17:00:00,2012,2,18,18926,22.58,HOEP (Legacy)
2012-02-16 18:00:00,2012,2,19,19218,22.69,HOEP (Legacy)
2012-02-16 19:00:00,2012,2,20,19046,22.06,HOEP (Legacy)
2012-02-16 20:00:00,2012,2,21,18547,22.12,HOEP (Legacy)
2012-02-16 21:00:00,2012,2,22,17881,21.3,HOEP (Legacy)
2012-02-16 22:00:00,2012,2,23,16785,20.67,HOEP (Legacy)
2012-02-16 23:00:00,2012,2,24,15538,20.77,HOEP (Legacy)
2012-02-17 00:00:00,2012,2,1,14593,19.11,HOEP (Legacy)
2012-02-17 01:00:00,2012,2,2,14207,18.8,HOEP (Legacy)
2012-02-17 02:00:00,2012,2,3,13830,18.49,HOEP (Legacy)
2012-02-17 03:00:00,2012,2,4,13712,17.24,HOEP (Legacy)
2012-02-17 04:00:00,2012,2,5,13869,14.86,HOEP (Legacy)
2012-02-17 05:00:00,2012,2,6,14556,19.4,HOEP (Legacy)
2012-02-17 06:00:00,2012,2,7,15914,22.79,HOEP (Legacy)
2012-02-17 07:00:00,2012,2,8,17220,20.75,HOEP (Legacy)
2012-02-17 08:00:00,2012,2,9,17320,20.76,HOEP (Legacy)
2012-02-17 09:00:00,2012,2,10,17377,20.86,HOEP (Legacy)
2012-02-17 10:00:00,2012,2,11,17387,20.89,HOEP (Legacy)
2012-02-17 11:00:00,2012,2,12,17393,20.97,HOEP (Legacy)
2012-02-17 12:00:00,2012,2,13,17344,21.71,HOEP (Legacy)
2012-02-17 13:00:00,2012,2,14,17348,21.48,HOEP (Legacy)
2012-02-17 14:00:00,2012,2,15,17304,20.9,HOEP (Legacy)
2012-02-17 15:00:00,2012,2,16,17313,19.87,HOEP (Legacy)
2012-02-17 16:00:00,2012,2,17,17503,21.62,HOEP (Legacy)
2012-02-17 17:00:00,2012,2,18,18117,21.37,HOEP (Legacy)
2012-02-17 18:00:00,2012,2,19,18675,22.35,HOEP (Legacy)
2012-02-17 19:00:00,2012,2,20,18498,22.1,HOEP (Legacy)
2012-02-17 20:00:00,2012,2,21,18317,21.8,HOEP (Legacy)
2012-02-17 21:00:00,2012,2,22,17703,21.34,HOEP (Legacy)
2012-02-17 22:00:00,2012,2,23,16685,19.93,HOEP (Legacy)
2012-02-17 23:00:00,2012,2,24,15579,19.58,HOEP (Legacy)
2012-02-18 00:00:00,2012,2,1,14526,21.45,HOEP (Legacy)
2012-02-18 01:00:00,2012,2,2,13923,19.85,HOEP (Legacy)
2012-02-18 02:00:00,2012,2,3,13590,19.75,HOEP (Legacy)
2012-02-18 03:00:00,2012,2,4,13476,17.92,HOEP (Legacy)
2012-02-18 04:00:00,2012,2,5,13525,17.41,HOEP (Legacy)
2012-02-18 05:00:00,2012,2,6,13877,17.18,HOEP (Legacy)
2012-02-18 06:00:00,2012,2,7,14377,21.42,HOEP (Legacy)
2012-02-18 07:00:00,2012,2,8,15028,21.86,HOEP (Legacy)
2012-02-18 08:00:00,2012,2,9,15657,22.37,HOEP (Legacy)
2012-02-18 09:00:00,2012,2,10,16232,22.43,HOEP (Legacy)
2012-02-18 10:00:00,2012,2,11,16611,22.83,HOEP (Legacy)
2012-02-18 11:00:00,2012,2,12,16698,22.11,HOEP (Legacy)
2012-02-18 12:00:00,2012,2,13,16538,22.0,HOEP (Legacy)
2012-02-18 13:00:00,2012,2,14,16355,22.05,HOEP (Legacy)
2012-02-18 14:00:00,2012,2,15,16228,21.85,HOEP (Legacy)
2012-02-18 15:00:00,2012,2,16,16280,21.31,HOEP (Legacy)
2012-02-18 16:00:00,2012,2,17,16601,22.23,HOEP (Legacy)
2012-02-18 17:00:00,2012,2,18,17206,70.76,HOEP (Legacy)
2012-02-18 18:00:00,2012,2,19,17956,280.73,HOEP (Legacy)
2012-02-18 19:00:00,2012,2,20,17562,32.91,HOEP (Legacy)
2012-02-18 20:00:00,2012,2,21,17105,24.17,HOEP (Legacy)
2012-02-18 21:00:00,2012,2,22,16496,23.28,HOEP (Legacy)
2012-02-18 22:00:00,2012,2,23,15761,22.33,HOEP (Legacy)
2012-02-18 23:00:00,2012,2,24,14984,21.4,HOEP (Legacy)
2012-02-19 00:00:00,2012,2,1,14340,22.03,HOEP (Legacy)
2012-02-19 01:00:00,2012,2,2,13811,23.07,HOEP (Legacy)
2012-02-19 02:00:00,2012,2,3,13483,22.47,HOEP (Legacy)
2012-02-19 03:00:00,2012,2,4,13401,20.86,HOEP (Legacy)
2012-02-19 04:00:00,2012,2,5,13468,20.85,HOEP (Legacy)
2012-02-19 05:00:00,2012,2,6,13656,20.78,HOEP (Legacy)
2012-02-19 06:00:00,2012,2,7,14257,21.82,HOEP (Legacy)
2012-02-19 07:00:00,2012,2,8,14655,21.48,HOEP (Legacy)
2012-02-19 08:00:00,2012,2,9,15049,21.96,HOEP (Legacy)
2012-02-19 09:00:00,2012,2,10,15487,21.88,HOEP (Legacy)
2012-02-19 10:00:00,2012,2,11,15628,21.95,HOEP (Legacy)
2012-02-19 11:00:00,2012,2,12,15770,21.87,HOEP (Legacy)
2012-02-19 12:00:00,2012,2,13,15747,21.98,HOEP (Legacy)
2012-02-19 13:00:00,2012,2,14,15597,21.7,HOEP (Legacy)
2012-02-19 14:00:00,2012,2,15,15511,20.72,HOEP (Legacy)
2012-02-19 15:00:00,2012,2,16,15602,20.04,HOEP (Legacy)
2012-02-19 16:00:00,2012,2,17,16114,20.92,HOEP (Legacy)
2012-02-19 17:00:00,2012,2,18,16887,22.32,HOEP (Legacy)
2012-02-19 18:00:00,2012,2,19,17673,22.98,HOEP (Legacy)
2012-02-19 19:00:00,2012,2,20,17476,22.76,HOEP (Legacy)
2012-02-19 20:00:00,2012,2,21,17091,22.15,HOEP (Legacy)
2012-02-19 21:00:00,2012,2,22,16618,23.02,HOEP (Legacy)
2012-02-19 22:00:00,2012,2,23,15964,22.5,HOEP (Legacy)
2012-02-19 23:00:00,2012,2,24,15179,20.9,HOEP (Legacy)
2012-02-20 00:00:00,2012,2,1,14637,21.82,HOEP (Legacy)
2012-02-20 01:00:00,2012,2,2,14273,22.63,HOEP (Legacy)
2012-02-20 02:00:00,2012,2,3,14088,22.51,HOEP (Legacy)
2012-02-20 03:00:00,2012,2,4,14085,19.8,HOEP (Legacy)
2012-02-20 04:00:00,2012,2,5,14209,21.53,HOEP (Legacy)
2012-02-20 05:00:00,2012,2,6,14567,26.03,HOEP (Legacy)
2012-02-20 06:00:00,2012,2,7,15297,24.09,HOEP (Legacy)
2012-02-20 07:00:00,2012,2,8,15504,22.56,HOEP (Legacy)
2012-02-20 08:00:00,2012,2,9,15715,21.88,HOEP (Legacy)
2012-02-20 09:00:00,2012,2,10,16042,21.97,HOEP (Legacy)
2012-02-20 10:00:00,2012,2,11,16203,22.04,HOEP (Legacy)
2012-02-20 11:00:00,2012,2,12,16265,21.96,HOEP (Legacy)
2012-02-20 12:00:00,2012,2,13,16084,21.61,HOEP (Legacy)
2012-02-20 13:00:00,2012,2,14,15673,21.3,HOEP (Legacy)
2012-02-20 14:00:00,2012,2,15,15460,20.73,HOEP (Legacy)
2012-02-20 15:00:00,2012,2,16,15436,20.02,HOEP (Legacy)
2012-02-20 16:00:00,2012,2,17,16012,20.78,HOEP (Legacy)
2012-02-20 17:00:00,2012,2,18,16948,22.61,HOEP (Legacy)
2012-02-20 18:00:00,2012,2,19,18093,40.39,HOEP (Legacy)
2012-02-20 19:00:00,2012,2,20,18012,54.77,HOEP (Legacy)
2012-02-20 20:00:00,2012,2,21,17679,23.21,HOEP (Legacy)
2012-02-20 21:00:00,2012,2,22,17019,21.53,HOEP (Legacy)
2012-02-20 22:00:00,2012,2,23,16101,22.24,HOEP (Legacy)
2012-02-20 23:00:00,2012,2,24,15026,20.52,HOEP (Legacy)
2012-02-21 00:00:00,2012,2,1,14455,18.56,HOEP (Legacy)
2012-02-21 01:00:00,2012,2,2,14098,19.04,HOEP (Legacy)
2012-02-21 02:00:00,2012,2,3,13926,19.12,HOEP (Legacy)
2012-02-21 03:00:00,2012,2,4,13818,19.61,HOEP (Legacy)
2012-02-21 04:00:00,2012,2,5,14036,20.49,HOEP (Legacy)
2012-02-21 05:00:00,2012,2,6,14641,21.67,HOEP (Legacy)
2012-02-21 06:00:00,2012,2,7,16125,22.75,HOEP (Legacy)
2012-02-21 07:00:00,2012,2,8,17431,25.12,HOEP (Legacy)
2012-02-21 08:00:00,2012,2,9,17728,23.71,HOEP (Legacy)
2012-02-21 09:00:00,2012,2,10,17841,23.76,HOEP (Legacy)
2012-02-21 10:00:00,2012,2,11,18002,23.68,HOEP (Legacy)
2012-02-21 11:00:00,2012,2,12,18168,24.01,HOEP (Legacy)
2012-02-21 12:00:00,2012,2,13,18053,23.15,HOEP (Legacy)
2012-02-21 13:00:00,2012,2,14,18000,23.06,HOEP (Legacy)
2012-02-21 14:00:00,2012,2,15,18077,23.06,HOEP (Legacy)
2012-02-21 15:00:00,2012,2,16,18116,23.07,HOEP (Legacy)
2012-02-21 16:00:00,2012,2,17,18715,23.05,HOEP (Legacy)
2012-02-21 17:00:00,2012,2,18,19241,27.54,HOEP (Legacy)
2012-02-21 18:00:00,2012,2,19,19603,24.5,HOEP (Legacy)
2012-02-21 19:00:00,2012,2,20,19417,23.08,HOEP (Legacy)
2012-02-21 20:00:00,2012,2,21,18939,23.2,HOEP (Legacy)
2012-02-21 21:00:00,2012,2,22,18204,22.38,HOEP (Legacy)
2012-02-21 22:00:00,2012,2,23,17002,20.36,HOEP (Legacy)
2012-02-21 23:00:00,2012,2,24,15730,19.52,HOEP (Legacy)
2012-02-22 00:00:00,2012,2,1,14831,19.8,HOEP (Legacy)
2012-02-22 01:00:00,2012,2,2,14378,20.03,HOEP (Legacy)
2012-02-22 02:00:00,2012,2,3,14055,20.08,HOEP (Legacy)
2012-02-22 03:00:00,2012,2,4,13904,18.8,HOEP (Legacy)
2012-02-22 04:00:00,2012,2,5,14174,18.57,HOEP (Legacy)
2012-02-22 05:00:00,2012,2,6,14744,19.97,HOEP (Legacy)
2012-02-22 06:00:00,2012,2,7,15948,22.65,HOEP (Legacy)
2012-02-22 07:00:00,2012,2,8,17161,21.66,HOEP (Legacy)
2012-02-22 08:00:00,2012,2,9,17258,21.48,HOEP (Legacy)
2012-02-22 09:00:00,2012,2,10,17175,21.33,HOEP (Legacy)
2012-02-22 10:00:00,2012,2,11,17497,21.3,HOEP (Legacy)
2012-02-22 11:00:00,2012,2,12,17568,21.37,HOEP (Legacy)
2012-02-22 12:00:00,2012,2,13,17454,21.39,HOEP (Legacy)
2012-02-22 13:00:00,2012,2,14,17503,21.31,HOEP (Legacy)
2012-02-22 14:00:00,2012,2,15,17354,21.11,HOEP (Legacy)
2012-02-22 15:00:00,2012,2,16,17547,21.35,HOEP (Legacy)
2012-02-22 16:00:00,2012,2,17,18021,21.43,HOEP (Legacy)
2012-02-22 17:00:00,2012,2,18,18686,21.95,HOEP (Legacy)
2012-02-22 18:00:00,2012,2,19,19167,22.15,HOEP (Legacy)
2012-02-22 19:00:00,2012,2,20,19099,22.22,HOEP (Legacy)
2012-02-22 20:00:00,2012,2,21,18583,22.28,HOEP (Legacy)
2012-02-22 21:00:00,2012,2,22,17921,21.89,HOEP (Legacy)
2012-02-22 22:00:00,2012,2,23,16926,21.26,HOEP (Legacy)
2012-02-22 23:00:00,2012,2,24,15643,22.23,HOEP (Legacy)
2012-02-23 00:00:00,2012,2,1,14723,20.21,HOEP (Legacy)
2012-02-23 01:00:00,2012,2,2,14279,18.52,HOEP (Legacy)
2012-02-23 02:00:00,2012,2,3,14007,17.69,HOEP (Legacy)
2012-02-23 03:00:00,2012,2,4,13935,19.54,HOEP (Legacy)
2012-02-23 04:00:00,2012,2,5,14089,17.02,HOEP (Legacy)
2012-02-23 05:00:00,2012,2,6,14856,19.42,HOEP (Legacy)
2012-02-23 06:00:00,2012,2,7,16216,23.2,HOEP (Legacy)
2012-02-23 07:00:00,2012,2,8,17307,22.04,HOEP (Legacy)
2012-02-23 08:00:00,2012,2,9,17520,21.94,HOEP (Legacy)
2012-02-23 09:00:00,2012,2,10,17474,21.28,HOEP (Legacy)
2012-02-23 10:00:00,2012,2,11,17420,21.43,HOEP (Legacy)
2012-02-23 11:00:00,2012,2,12,17246,21.78,HOEP (Legacy)
2012-02-23 12:00:00,2012,2,13,17071,21.46,HOEP (Legacy)
2012-02-23 13:00:00,2012,2,14,17029,21.63,HOEP (Legacy)
2012-02-23 14:00:00,2012,2,15,16944,21.17,HOEP (Legacy)
2012-02-23 15:00:00,2012,2,16,17011,21.19,HOEP (Legacy)
2012-02-23 16:00:00,2012,2,17,17456,21.87,HOEP (Legacy)
2012-02-23 17:00:00,2012,2,18,18044,22.09,HOEP (Legacy)
2012-02-23 18:00:00,2012,2,19,18702,22.61,HOEP (Legacy)
2012-02-23 19:00:00,2012,2,20,18835,22.2,HOEP (Legacy)
2012-02-23 20:00:00,2012,2,21,18590,22.14,HOEP (Legacy)
2012-02-23 21:00:00,2012,2,22,17762,21.73,HOEP (Legacy)
2012-02-23 22:00:00,2012,2,23,16689,20.13,HOEP (Legacy)
2012-02-23 23:00:00,2012,2,24,15460,19.26,HOEP (Legacy)
2012-02-24 00:00:00,2012,2,1,14616,18.9,HOEP (Legacy)
2012-02-24 01:00:00,2012,2,2,14112,14.14,HOEP (Legacy)
2012-02-24 02:00:00,2012,2,3,13928,13.33,HOEP (Legacy)
2012-02-24 03:00:00,2012,2,4,13957,14.11,HOEP (Legacy)
2012-02-24 04:00:00,2012,2,5,14029,15.65,HOEP (Legacy)
2012-02-24 05:00:00,2012,2,6,14744,16.79,HOEP (Legacy)
2012-02-24 06:00:00,2012,2,7,16244,21.46,HOEP (Legacy)
2012-02-24 07:00:00,2012,2,8,17407,22.38,HOEP (Legacy)
2012-02-24 08:00:00,2012,2,9,17955,22.25,HOEP (Legacy)
2012-02-24 09:00:00,2012,2,10,18180,22.76,HOEP (Legacy)
2012-02-24 10:00:00,2012,2,11,18309,22.53,HOEP (Legacy)
2012-02-24 11:00:00,2012,2,12,18601,23.44,HOEP (Legacy)
2012-02-24 12:00:00,2012,2,13,18558,23.23,HOEP (Legacy)
2012-02-24 13:00:00,2012,2,14,18377,23.45,HOEP (Legacy)
2012-02-24 14:00:00,2012,2,15,18222,22.54,HOEP (Legacy)
2012-02-24 15:00:00,2012,2,16,17995,21.82,HOEP (Legacy)
2012-02-24 16:00:00,2012,2,17,18243,21.85,HOEP (Legacy)
2012-02-24 17:00:00,2012,2,18,18501,22.31,HOEP (Legacy)
2012-02-24 18:00:00,2012,2,19,18840,22.55,HOEP (Legacy)
2012-02-24 19:00:00,2012,2,20,18623,21.57,HOEP (Legacy)
2012-02-24 20:00:00,2012,2,21,18299,20.66,HOEP (Legacy)
2012-02-24 21:00:00,2012,2,22,17599,20.22,HOEP (Legacy)
2012-02-24 22:00:00,2012,2,23,16659,18.83,HOEP (Legacy)
2012-02-24 23:00:00,2012,2,24,15538,19.77,HOEP (Legacy)
2012-02-25 00:00:00,2012,2,1,14585,19.04,HOEP (Legacy)
2012-02-25 01:00:00,2012,2,2,14078,20.11,HOEP (Legacy)
2012-02-25 02:00:00,2012,2,3,13805,19.57,HOEP (Legacy)
2012-02-25 03:00:00,2012,2,4,13756,14.59,HOEP (Legacy)
2012-02-25 04:00:00,2012,2,5,13749,14.1,HOEP (Legacy)
2012-02-25 05:00:00,2012,2,6,14026,13.23,HOEP (Legacy)
2012-02-25 06:00:00,2012,2,7,14777,16.26,HOEP (Legacy)
2012-02-25 07:00:00,2012,2,8,15231,16.29,HOEP (Legacy)
2012-02-25 08:00:00,2012,2,9,15996,18.66,HOEP (Legacy)
2012-02-25 09:00:00,2012,2,10,16604,19.84,HOEP (Legacy)
2012-02-25 10:00:00,2012,2,11,16926,20.86,HOEP (Legacy)
2012-02-25 11:00:00,2012,2,12,16971,22.1,HOEP (Legacy)
2012-02-25 12:00:00,2012,2,13,16888,22.25,HOEP (Legacy)
2012-02-25 13:00:00,2012,2,14,16641,20.51,HOEP (Legacy)
2012-02-25 14:00:00,2012,2,15,16412,19.59,HOEP (Legacy)
2012-02-25 15:00:00,2012,2,16,16279,17.88,HOEP (Legacy)
2012-02-25 16:00:00,2012,2,17,16567,19.91,HOEP (Legacy)
2012-02-25 17:00:00,2012,2,18,17215,21.65,HOEP (Legacy)
2012-02-25 18:00:00,2012,2,19,18148,55.23,HOEP (Legacy)
2012-02-25 19:00:00,2012,2,20,17942,38.71,HOEP (Legacy)
2012-02-25 20:00:00,2012,2,21,17634,23.17,HOEP (Legacy)
2012-02-25 21:00:00,2012,2,22,17123,22.86,HOEP (Legacy)
2012-02-25 22:00:00,2012,2,23,16354,20.66,HOEP (Legacy)
2012-02-25 23:00:00,2012,2,24,15453,19.9,HOEP (Legacy)
2012-02-26 00:00:00,2012,2,1,14708,21.77,HOEP (Legacy)
2012-02-26 01:00:00,2012,2,2,14310,22.43,HOEP (Legacy)
2012-02-26 02:00:00,2012,2,3,14087,22.13,HOEP (Legacy)
2012-02-26 03:00:00,2012,2,4,14030,21.52,HOEP (Legacy)
2012-02-26 04:00:00,2012,2,5,14063,22.03,HOEP (Legacy)
2012-02-26 05:00:00,2012,2,6,14193,20.78,HOEP (Legacy)
2012-02-26 06:00:00,2012,2,7,14688,21.12,HOEP (Legacy)
2012-02-26 07:00:00,2012,2,8,14952,20.7,HOEP (Legacy)
2012-02-26 08:00:00,2012,2,9,15431,20.7,HOEP (Legacy)
2012-02-26 09:00:00,2012,2,10,15807,20.9,HOEP (Legacy)
2012-02-26 10:00:00,2012,2,11,16076,20.86,HOEP (Legacy)
2012-02-26 11:00:00,2012,2,12,16073,20.91,HOEP (Legacy)
2012-02-26 12:00:00,2012,2,13,16157,20.85,HOEP (Legacy)
2012-02-26 13:00:00,2012,2,14,16069,19.79,HOEP (Legacy)
2012-02-26 14:00:00,2012,2,15,15996,20.01,HOEP (Legacy)
2012-02-26 15:00:00,2012,2,16,16142,20.02,HOEP (Legacy)
2012-02-26 16:00:00,2012,2,17,16523,20.85,HOEP (Legacy)
2012-02-26 17:00:00,2012,2,18,17341,21.62,HOEP (Legacy)
2012-02-26 18:00:00,2012,2,19,18173,36.25,HOEP (Legacy)
2012-02-26 19:00:00,2012,2,20,18204,28.63,HOEP (Legacy)
2012-02-26 20:00:00,2012,2,21,17745,26.84,HOEP (Legacy)
2012-02-26 21:00:00,2012,2,22,17168,21.51,HOEP (Legacy)
2012-02-26 22:00:00,2012,2,23,16259,22.7,HOEP (Legacy)
2012-02-26 23:00:00,2012,2,24,15344,19.62,HOEP (Legacy)
2012-02-27 00:00:00,2012,2,1,14539,18.61,HOEP (Legacy)
2012-02-27 01:00:00,2012,2,2,14239,17.16,HOEP (Legacy)
2012-02-27 02:00:00,2012,2,3,14091,16.55,HOEP (Legacy)
2012-02-27 03:00:00,2012,2,4,14018,16.41,HOEP (Legacy)
2012-02-27 04:00:00,2012,2,5,14179,16.03,HOEP (Legacy)
2012-02-27 05:00:00,2012,2,6,14858,20.2,HOEP (Legacy)
2012-02-27 06:00:00,2012,2,7,16111,21.65,HOEP (Legacy)
2012-02-27 07:00:00,2012,2,8,17323,23.59,HOEP (Legacy)
2012-02-27 08:00:00,2012,2,9,17794,22.21,HOEP (Legacy)
2012-02-27 09:00:00,2012,2,10,17919,20.88,HOEP (Legacy)
2012-02-27 10:00:00,2012,2,11,17699,20.72,HOEP (Legacy)
2012-02-27 11:00:00,2012,2,12,17447,18.73,HOEP (Legacy)
2012-02-27 12:00:00,2012,2,13,17366,18.66,HOEP (Legacy)
2012-02-27 13:00:00,2012,2,14,17385,18.27,HOEP (Legacy)
2012-02-27 14:00:00,2012,2,15,17433,19.84,HOEP (Legacy)
2012-02-27 15:00:00,2012,2,16,17656,20.1,HOEP (Legacy)
2012-02-27 16:00:00,2012,2,17,18360,21.03,HOEP (Legacy)
2012-02-27 17:00:00,2012,2,18,19129,21.26,HOEP (Legacy)
2012-02-27 18:00:00,2012,2,19,19467,23.06,HOEP (Legacy)
2012-02-27 19:00:00,2012,2,20,19512,22.41,HOEP (Legacy)
2012-02-27 20:00:00,2012,2,21,19143,21.84,HOEP (Legacy)
2012-02-27 21:00:00,2012,2,22,18450,20.29,HOEP (Legacy)
2012-02-27 22:00:00,2012,2,23,17361,20.76,HOEP (Legacy)
2012-02-27 23:00:00,2012,2,24,16155,20.22,HOEP (Legacy)
2012-02-28 00:00:00,2012,2,1,15324,21.18,HOEP (Legacy)
2012-02-28 01:00:00,2012,2,2,14882,22.28,HOEP (Legacy)
2012-02-28 02:00:00,2012,2,3,14713,20.77,HOEP (Legacy)
2012-02-28 03:00:00,2012,2,4,14686,20.18,HOEP (Legacy)
2012-02-28 04:00:00,2012,2,5,14819,18.53,HOEP (Legacy)
2012-02-28 05:00:00,2012,2,6,15482,19.3,HOEP (Legacy)
2012-02-28 06:00:00,2012,2,7,16853,23.63,HOEP (Legacy)
2012-02-28 07:00:00,2012,2,8,17970,21.7,HOEP (Legacy)
2012-02-28 08:00:00,2012,2,9,18204,21.63,HOEP (Legacy)
2012-02-28 09:00:00,2012,2,10,17972,21.49,HOEP (Legacy)
2012-02-28 10:00:00,2012,2,11,17845,21.78,HOEP (Legacy)
2012-02-28 11:00:00,2012,2,12,17724,21.69,HOEP (Legacy)
2012-02-28 12:00:00,2012,2,13,17573,21.56,HOEP (Legacy)
2012-02-28 13:00:00,2012,2,14,17420,21.56,HOEP (Legacy)
2012-02-28 14:00:00,2012,2,15,17197,20.77,HOEP (Legacy)
2012-02-28 15:00:00,2012,2,16,17206,20.48,HOEP (Legacy)
2012-02-28 16:00:00,2012,2,17,17868,21.11,HOEP (Legacy)
2012-02-28 17:00:00,2012,2,18,18672,21.71,HOEP (Legacy)
2012-02-28 18:00:00,2012,2,19,19254,27.23,HOEP (Legacy)
2012-02-28 19:00:00,2012,2,20,19488,24.39,HOEP (Legacy)
2012-02-28 20:00:00,2012,2,21,19143,21.85,HOEP (Legacy)
2012-02-28 21:00:00,2012,2,22,18258,21.39,HOEP (Legacy)
2012-02-28 22:00:00,2012,2,23,17102,19.86,HOEP (Legacy)
2012-02-28 23:00:00,2012,2,24,15925,18.59,HOEP (Legacy)
2012-02-29 00:00:00,2012,2,1,15117,16.66,HOEP (Legacy)
2012-02-29 01:00:00,2012,2,2,14669,17.49,HOEP (Legacy)
2012-02-29 02:00:00,2012,2,3,14320,18.91,HOEP (Legacy)
2012-02-29 03:00:00,2012,2,4,14222,17.66,HOEP (Legacy)
2012-02-29 04:00:00,2012,2,5,14440,17.01,HOEP (Legacy)
2012-02-29 05:00:00,2012,2,6,15106,19.44,HOEP (Legacy)
2012-02-29 06:00:00,2012,2,7,16533,20.37,HOEP (Legacy)
2012-02-29 07:00:00,2012,2,8,17684,19.89,HOEP (Legacy)
2012-02-29 08:00:00,2012,2,9,18042,20.59,HOEP (Legacy)
2012-02-29 09:00:00,2012,2,10,18260,20.01,HOEP (Legacy)
2012-02-29 10:00:00,2012,2,11,18561,20.61,HOEP (Legacy)
2012-02-29 11:00:00,2012,2,12,18603,20.9,HOEP (Legacy)
2012-02-29 12:00:00,2012,2,13,18597,20.99,HOEP (Legacy)
2012-02-29 13:00:00,2012,2,14,18519,20.96,HOEP (Legacy)
2012-02-29 14:00:00,2012,2,15,18450,20.98,HOEP (Legacy)
2012-02-29 15:00:00,2012,2,16,18501,21.68,HOEP (Legacy)
2012-02-29 16:00:00,2012,2,17,19019,31.32,HOEP (Legacy)
2012-02-29 17:00:00,2012,2,18,19442,29.81,HOEP (Legacy)
2012-02-29 18:00:00,2012,2,19,19956,23.97,HOEP (Legacy)
2012-02-29 19:00:00,2012,2,20,19769,24.83,HOEP (Legacy)
2012-02-29 20:00:00,2012,2,21,19369,22.01,HOEP (Legacy)
2012-02-29 21:00:00,2012,2,22,18765,20.87,HOEP (Legacy)
2012-02-29 22:00:00,2012,2,23,17497,20.33,HOEP (Legacy)
2012-02-29 23:00:00,2012,2,24,16151,19.52,HOEP (Legacy)
2012-03-01 00:00:00,2012,3,1,15214,20.06,HOEP (Legacy)
2012-03-01 01:00:00,2012,3,2,14771,22.77,HOEP (Legacy)
2012-03-01 02:00:00,2012,3,3,14575,23.46,HOEP (Legacy)
2012-03-01 03:00:00,2012,3,4,14575,21.62,HOEP (Legacy)
2012-03-01 04:00:00,2012,3,5,14729,22.58,HOEP (Legacy)
2012-03-01 05:00:00,2012,3,6,15390,20.83,HOEP (Legacy)
2012-03-01 06:00:00,2012,3,7,16705,21.65,HOEP (Legacy)
2012-03-01 07:00:00,2012,3,8,17594,21.1,HOEP (Legacy)
2012-03-01 08:00:00,2012,3,9,17986,20.93,HOEP (Legacy)
2012-03-01 09:00:00,2012,3,10,18068,21.08,HOEP (Legacy)
2012-03-01 10:00:00,2012,3,11,18193,21.77,HOEP (Legacy)
2012-03-01 11:00:00,2012,3,12,18179,22.73,HOEP (Legacy)
2012-03-01 12:00:00,2012,3,13,18062,21.69,HOEP (Legacy)
2012-03-01 13:00:00,2012,3,14,17880,21.64,HOEP (Legacy)
2012-03-01 14:00:00,2012,3,15,17817,22.33,HOEP (Legacy)
2012-03-01 15:00:00,2012,3,16,17959,23.71,HOEP (Legacy)
2012-03-01 16:00:00,2012,3,17,18400,24.08,HOEP (Legacy)
2012-03-01 17:00:00,2012,3,18,18798,26.59,HOEP (Legacy)
2012-03-01 18:00:00,2012,3,19,19055,24.64,HOEP (Legacy)
2012-03-01 19:00:00,2012,3,20,19134,24.24,HOEP (Legacy)
2012-03-01 20:00:00,2012,3,21,18798,24.6,HOEP (Legacy)
2012-03-01 21:00:00,2012,3,22,18106,23.41,HOEP (Legacy)
2012-03-01 22:00:00,2012,3,23,16820,21.3,HOEP (Legacy)
2012-03-01 23:00:00,2012,3,24,15610,20.69,HOEP (Legacy)
2012-03-02 00:00:00,2012,3,1,14648,18.74,HOEP (Legacy)
2012-03-02 01:00:00,2012,3,2,14170,18.8,HOEP (Legacy)
2012-03-02 02:00:00,2012,3,3,13900,18.8,HOEP (Legacy)
2012-03-02 03:00:00,2012,3,4,13857,19.46,HOEP (Legacy)
2012-03-02 04:00:00,2012,3,5,14114,19.13,HOEP (Legacy)
2012-03-02 05:00:00,2012,3,6,14793,19.02,HOEP (Legacy)
2012-03-02 06:00:00,2012,3,7,15980,20.26,HOEP (Legacy)
2012-03-02 07:00:00,2012,3,8,17107,20.63,HOEP (Legacy)
2012-03-02 08:00:00,2012,3,9,17427,20.82,HOEP (Legacy)
2012-03-02 09:00:00,2012,3,10,17424,20.78,HOEP (Legacy)
2012-03-02 10:00:00,2012,3,11,17462,20.84,HOEP (Legacy)
2012-03-02 11:00:00,2012,3,12,17401,20.8,HOEP (Legacy)
2012-03-02 12:00:00,2012,3,13,17188,20.64,HOEP (Legacy)
2012-03-02 13:00:00,2012,3,14,16892,20.14,HOEP (Legacy)
2012-03-02 14:00:00,2012,3,15,16714,19.32,HOEP (Legacy)
2012-03-02 15:00:00,2012,3,16,16928,18.78,HOEP (Legacy)
2012-03-02 16:00:00,2012,3,17,17266,18.99,HOEP (Legacy)
2012-03-02 17:00:00,2012,3,18,17733,20.19,HOEP (Legacy)
2012-03-02 18:00:00,2012,3,19,18311,22.41,HOEP (Legacy)
2012-03-02 19:00:00,2012,3,20,18057,19.74,HOEP (Legacy)
2012-03-02 20:00:00,2012,3,21,17706,19.8,HOEP (Legacy)
2012-03-02 21:00:00,2012,3,22,17035,20.44,HOEP (Legacy)
2012-03-02 22:00:00,2012,3,23,16157,17.5,HOEP (Legacy)
2012-03-02 23:00:00,2012,3,24,15061,18.25,HOEP (Legacy)
2012-03-03 00:00:00,2012,3,1,14221,24.82,HOEP (Legacy)
2012-03-03 01:00:00,2012,3,2,13566,18.24,HOEP (Legacy)
2012-03-03 02:00:00,2012,3,3,13265,20.63,HOEP (Legacy)
2012-03-03 03:00:00,2012,3,4,13238,19.33,HOEP (Legacy)
2012-03-03 04:00:00,2012,3,5,13123,18.24,HOEP (Legacy)
2012-03-03 05:00:00,2012,3,6,13258,18.04,HOEP (Legacy)
2012-03-03 06:00:00,2012,3,7,13976,17.26,HOEP (Legacy)
2012-03-03 07:00:00,2012,3,8,14582,18.53,HOEP (Legacy)
2012-03-03 08:00:00,2012,3,9,15520,21.7,HOEP (Legacy)
2012-03-03 09:00:00,2012,3,10,16312,22.13,HOEP (Legacy)
2012-03-03 10:00:00,2012,3,11,16572,21.81,HOEP (Legacy)
2012-03-03 11:00:00,2012,3,12,16849,25.52,HOEP (Legacy)
2012-03-03 12:00:00,2012,3,13,16817,52.37,HOEP (Legacy)
2012-03-03 13:00:00,2012,3,14,16780,24.08,HOEP (Legacy)
2012-03-03 14:00:00,2012,3,15,16518,23.68,HOEP (Legacy)
2012-03-03 15:00:00,2012,3,16,16575,20.69,HOEP (Legacy)
2012-03-03 16:00:00,2012,3,17,16862,23.02,HOEP (Legacy)
2012-03-03 17:00:00,2012,3,18,17390,25.99,HOEP (Legacy)
2012-03-03 18:00:00,2012,3,19,17788,80.93,HOEP (Legacy)
2012-03-03 19:00:00,2012,3,20,17769,37.92,HOEP (Legacy)
2012-03-03 20:00:00,2012,3,21,17130,22.64,HOEP (Legacy)
2012-03-03 21:00:00,2012,3,22,16507,20.49,HOEP (Legacy)
2012-03-03 22:00:00,2012,3,23,15759,19.68,HOEP (Legacy)
2012-03-03 23:00:00,2012,3,24,14942,19.03,HOEP (Legacy)
2012-03-04 00:00:00,2012,3,1,14221,18.22,HOEP (Legacy)
2012-03-04 01:00:00,2012,3,2,13767,18.32,HOEP (Legacy)
2012-03-04 02:00:00,2012,3,3,13612,22.15,HOEP (Legacy)
2012-03-04 03:00:00,2012,3,4,13646,22.25,HOEP (Legacy)
2012-03-04 04:00:00,2012,3,5,13603,22.34,HOEP (Legacy)
2012-03-04 05:00:00,2012,3,6,13918,20.88,HOEP (Legacy)
2012-03-04 06:00:00,2012,3,7,14298,20.76,HOEP (Legacy)
2012-03-04 07:00:00,2012,3,8,14632,19.26,HOEP (Legacy)
2012-03-04 08:00:00,2012,3,9,15368,20.53,HOEP (Legacy)
2012-03-04 09:00:00,2012,3,10,15763,20.56,HOEP (Legacy)
2012-03-04 10:00:00,2012,3,11,16046,20.76,HOEP (Legacy)
2012-03-04 11:00:00,2012,3,12,16223,21.01,HOEP (Legacy)
2012-03-04 12:00:00,2012,3,13,16409,20.75,HOEP (Legacy)
2012-03-04 13:00:00,2012,3,14,16323,20.74,HOEP (Legacy)
2012-03-04 14:00:00,2012,3,15,16371,19.87,HOEP (Legacy)
2012-03-04 15:00:00,2012,3,16,16465,20.28,HOEP (Legacy)
2012-03-04 16:00:00,2012,3,17,16964,20.83,HOEP (Legacy)
2012-03-04 17:00:00,2012,3,18,17847,41.47,HOEP (Legacy)
2012-03-04 18:00:00,2012,3,19,18735,263.82,HOEP (Legacy)
2012-03-04 19:00:00,2012,3,20,18929,389.66,HOEP (Legacy)
2012-03-04 20:00:00,2012,3,21,18521,183.88,HOEP (Legacy)
2012-03-04 21:00:00,2012,3,22,17992,26.53,HOEP (Legacy)
2012-03-04 22:00:00,2012,3,23,16984,20.89,HOEP (Legacy)
2012-03-04 23:00:00,2012,3,24,16113,19.37,HOEP (Legacy)
2012-03-05 00:00:00,2012,3,1,15439,22.46,HOEP (Legacy)
2012-03-05 01:00:00,2012,3,2,15171,22.73,HOEP (Legacy)
2012-03-05 02:00:00,2012,3,3,15143,23.25,HOEP (Legacy)
2012-03-05 03:00:00,2012,3,4,15185,24.1,HOEP (Legacy)
2012-03-05 04:00:00,2012,3,5,15409,23.41,HOEP (Legacy)
2012-03-05 05:00:00,2012,3,6,16069,23.04,HOEP (Legacy)
2012-03-05 06:00:00,2012,3,7,17462,23.94,HOEP (Legacy)
2012-03-05 07:00:00,2012,3,8,18727,22.6,HOEP (Legacy)
2012-03-05 08:00:00,2012,3,9,18942,22.22,HOEP (Legacy)
2012-03-05 09:00:00,2012,3,10,18655,22.03,HOEP (Legacy)
2012-03-05 10:00:00,2012,3,11,18683,22.66,HOEP (Legacy)
2012-03-05 11:00:00,2012,3,12,18608,22.64,HOEP (Legacy)
2012-03-05 12:00:00,2012,3,13,18455,22.39,HOEP (Legacy)
2012-03-05 13:00:00,2012,3,14,18307,22.98,HOEP (Legacy)
2012-03-05 14:00:00,2012,3,15,18108,23.81,HOEP (Legacy)
2012-03-05 15:00:00,2012,3,16,18035,22.02,HOEP (Legacy)
2012-03-05 16:00:00,2012,3,17,18506,22.14,HOEP (Legacy)
2012-03-05 17:00:00,2012,3,18,19077,23.29,HOEP (Legacy)
2012-03-05 18:00:00,2012,3,19,19968,23.52,HOEP (Legacy)
2012-03-05 19:00:00,2012,3,20,20332,23.28,HOEP (Legacy)
2012-03-05 20:00:00,2012,3,21,20041,26.15,HOEP (Legacy)
2012-03-05 21:00:00,2012,3,22,19358,23.31,HOEP (Legacy)
2012-03-05 22:00:00,2012,3,23,18107,22.01,HOEP (Legacy)
2012-03-05 23:00:00,2012,3,24,16878,20.06,HOEP (Legacy)
2012-03-06 00:00:00,2012,3,1,15968,20.71,HOEP (Legacy)
2012-03-06 01:00:00,2012,3,2,15758,20.72,HOEP (Legacy)
2012-03-06 02:00:00,2012,3,3,15557,20.57,HOEP (Legacy)
2012-03-06 03:00:00,2012,3,4,15377,20.59,HOEP (Legacy)
2012-03-06 04:00:00,2012,3,5,15670,21.11,HOEP (Legacy)
2012-03-06 05:00:00,2012,3,6,16220,20.59,HOEP (Legacy)
2012-03-06 06:00:00,2012,3,7,17411,19.5,HOEP (Legacy)
2012-03-06 07:00:00,2012,3,8,18456,19.95,HOEP (Legacy)
2012-03-06 08:00:00,2012,3,9,18546,20.47,HOEP (Legacy)
2012-03-06 09:00:00,2012,3,10,18368,19.93,HOEP (Legacy)
2012-03-06 10:00:00,2012,3,11,18252,20.4,HOEP (Legacy)
2012-03-06 11:00:00,2012,3,12,18106,20.42,HOEP (Legacy)
2012-03-06 12:00:00,2012,3,13,17878,19.8,HOEP (Legacy)
2012-03-06 13:00:00,2012,3,14,17726,19.95,HOEP (Legacy)
2012-03-06 14:00:00,2012,3,15,17598,19.73,HOEP (Legacy)
2012-03-06 15:00:00,2012,3,16,17572,19.54,HOEP (Legacy)
2012-03-06 16:00:00,2012,3,17,18061,19.98,HOEP (Legacy)
2012-03-06 17:00:00,2012,3,18,18478,20.06,HOEP (Legacy)
2012-03-06 18:00:00,2012,3,19,19091,20.17,HOEP (Legacy)
2012-03-06 19:00:00,2012,3,20,19399,20.35,HOEP (Legacy)
2012-03-06 20:00:00,2012,3,21,19038,20.2,HOEP (Legacy)
2012-03-06 21:00:00,2012,3,22,18217,20.15,HOEP (Legacy)
2012-03-06 22:00:00,2012,3,23,17032,18.29,HOEP (Legacy)
2012-03-06 23:00:00,2012,3,24,15663,16.52,HOEP (Legacy)
2012-03-07 00:00:00,2012,3,1,14927,16.54,HOEP (Legacy)
2012-03-07 01:00:00,2012,3,2,14347,16.07,HOEP (Legacy)
2012-03-07 02:00:00,2012,3,3,14107,15.5,HOEP (Legacy)
2012-03-07 03:00:00,2012,3,4,14030,15.76,HOEP (Legacy)
2012-03-07 04:00:00,2012,3,5,14150,14.9,HOEP (Legacy)
2012-03-07 05:00:00,2012,3,6,14842,15.53,HOEP (Legacy)
2012-03-07 06:00:00,2012,3,7,15974,18.42,HOEP (Legacy)
2012-03-07 07:00:00,2012,3,8,16759,19.16,HOEP (Legacy)
2012-03-07 08:00:00,2012,3,9,16963,19.35,HOEP (Legacy)
2012-03-07 09:00:00,2012,3,10,16850,18.95,HOEP (Legacy)
2012-03-07 10:00:00,2012,3,11,16749,17.34,HOEP (Legacy)
2012-03-07 11:00:00,2012,3,12,16632,18.94,HOEP (Legacy)
2012-03-07 12:00:00,2012,3,13,16371,17.87,HOEP (Legacy)
2012-03-07 13:00:00,2012,3,14,16362,20.17,HOEP (Legacy)
2012-03-07 14:00:00,2012,3,15,16273,18.72,HOEP (Legacy)
2012-03-07 15:00:00,2012,3,16,16349,18.26,HOEP (Legacy)
2012-03-07 16:00:00,2012,3,17,16874,17.85,HOEP (Legacy)
2012-03-07 17:00:00,2012,3,18,17288,18.15,HOEP (Legacy)
2012-03-07 18:00:00,2012,3,19,17887,19.63,HOEP (Legacy)
2012-03-07 19:00:00,2012,3,20,18186,20.35,HOEP (Legacy)
2012-03-07 20:00:00,2012,3,21,17901,43.96,HOEP (Legacy)
2012-03-07 21:00:00,2012,3,22,17046,19.63,HOEP (Legacy)
2012-03-07 22:00:00,2012,3,23,15923,18.6,HOEP (Legacy)
2012-03-07 23:00:00,2012,3,24,14705,-10.41,HOEP (Legacy)
2012-03-08 00:00:00,2012,3,1,13804,15.1,HOEP (Legacy)
2012-03-08 01:00:00,2012,3,2,13309,14.2,HOEP (Legacy)
2012-03-08 02:00:00,2012,3,3,13025,13.99,HOEP (Legacy)
2012-03-08 03:00:00,2012,3,4,12955,13.75,HOEP (Legacy)
2012-03-08 04:00:00,2012,3,5,12971,9.99,HOEP (Legacy)
2012-03-08 05:00:00,2012,3,6,13720,-70.12,HOEP (Legacy)
2012-03-08 06:00:00,2012,3,7,14993,17.49,HOEP (Legacy)
2012-03-08 07:00:00,2012,3,8,16208,19.74,HOEP (Legacy)
2012-03-08 08:00:00,2012,3,9,16634,17.81,HOEP (Legacy)
2012-03-08 09:00:00,2012,3,10,16859,18.67,HOEP (Legacy)
2012-03-08 10:00:00,2012,3,11,17125,16.98,HOEP (Legacy)
2012-03-08 11:00:00,2012,3,12,17178,18.72,HOEP (Legacy)
2012-03-08 12:00:00,2012,3,13,17268,19.08,HOEP (Legacy)
2012-03-08 13:00:00,2012,3,14,17298,17.4,HOEP (Legacy)
2012-03-08 14:00:00,2012,3,15,17235,16.4,HOEP (Legacy)
2012-03-08 15:00:00,2012,3,16,17410,16.84,HOEP (Legacy)
2012-03-08 16:00:00,2012,3,17,17823,17.47,HOEP (Legacy)
2012-03-08 17:00:00,2012,3,18,18184,18.08,HOEP (Legacy)
2012-03-08 18:00:00,2012,3,19,18592,19.59,HOEP (Legacy)
2012-03-08 19:00:00,2012,3,20,18670,19.29,HOEP (Legacy)
2012-03-08 20:00:00,2012,3,21,18425,19.33,HOEP (Legacy)
2012-03-08 21:00:00,2012,3,22,17849,20.25,HOEP (Legacy)
2012-03-08 22:00:00,2012,3,23,16826,20.4,HOEP (Legacy)
2012-03-08 23:00:00,2012,3,24,15562,19.8,HOEP (Legacy)
2012-03-09 00:00:00,2012,3,1,14625,15.59,HOEP (Legacy)
2012-03-09 01:00:00,2012,3,2,14252,-22.76,HOEP (Legacy)
2012-03-09 02:00:00,2012,3,3,14016,15.14,HOEP (Legacy)
2012-03-09 03:00:00,2012,3,4,13957,14.74,HOEP (Legacy)
2012-03-09 04:00:00,2012,3,5,14041,14.79,HOEP (Legacy)
2012-03-09 05:00:00,2012,3,6,14736,5.5,HOEP (Legacy)
2012-03-09 06:00:00,2012,3,7,15980,15.06,HOEP (Legacy)
2012-03-09 07:00:00,2012,3,8,16945,16.02,HOEP (Legacy)
2012-03-09 08:00:00,2012,3,9,17335,15.87,HOEP (Legacy)
2012-03-09 09:00:00,2012,3,10,17340,15.12,HOEP (Legacy)
2012-03-09 10:00:00,2012,3,11,17463,15.88,HOEP (Legacy)
2012-03-09 11:00:00,2012,3,12,17459,18.38,HOEP (Legacy)
2012-03-09 12:00:00,2012,3,13,17394,18.41,HOEP (Legacy)
2012-03-09 13:00:00,2012,3,14,17303,17.59,HOEP (Legacy)
2012-03-09 14:00:00,2012,3,15,17274,18.91,HOEP (Legacy)
2012-03-09 15:00:00,2012,3,16,17309,19.05,HOEP (Legacy)
2012-03-09 16:00:00,2012,3,17,17581,18.92,HOEP (Legacy)
2012-03-09 17:00:00,2012,3,18,17941,18.91,HOEP (Legacy)
2012-03-09 18:00:00,2012,3,19,18671,26.88,HOEP (Legacy)
2012-03-09 19:00:00,2012,3,20,19044,32.81,HOEP (Legacy)
2012-03-09 20:00:00,2012,3,21,18765,19.58,HOEP (Legacy)
2012-03-09 21:00:00,2012,3,22,18176,18.26,HOEP (Legacy)
2012-03-09 22:00:00,2012,3,23,17166,17.96,HOEP (Legacy)
2012-03-09 23:00:00,2012,3,24,16067,19.67,HOEP (Legacy)
2012-03-10 00:00:00,2012,3,1,15172,18.14,HOEP (Legacy)
2012-03-10 01:00:00,2012,3,2,14735,19.38,HOEP (Legacy)
2012-03-10 02:00:00,2012,3,3,14516,24.21,HOEP (Legacy)
2012-03-10 03:00:00,2012,3,4,14391,20.19,HOEP (Legacy)
2012-03-10 04:00:00,2012,3,5,14383,20.79,HOEP (Legacy)
2012-03-10 05:00:00,2012,3,6,14717,18.95,HOEP (Legacy)
2012-03-10 06:00:00,2012,3,7,15273,19.1,HOEP (Legacy)
2012-03-10 07:00:00,2012,3,8,15712,18.02,HOEP (Legacy)
2012-03-10 08:00:00,2012,3,9,16344,18.78,HOEP (Legacy)
2012-03-10 09:00:00,2012,3,10,16782,19.11,HOEP (Legacy)
2012-03-10 10:00:00,2012,3,11,16884,19.72,HOEP (Legacy)
2012-03-10 11:00:00,2012,3,12,16746,18.92,HOEP (Legacy)
2012-03-10 12:00:00,2012,3,13,16531,19.16,HOEP (Legacy)
2012-03-10 13:00:00,2012,3,14,16205,18.69,HOEP (Legacy)
2012-03-10 14:00:00,2012,3,15,15957,15.73,HOEP (Legacy)
2012-03-10 15:00:00,2012,3,16,15971,14.79,HOEP (Legacy)
2012-03-10 16:00:00,2012,3,17,16256,16.14,HOEP (Legacy)
2012-03-10 17:00:00,2012,3,18,16726,15.6,HOEP (Legacy)
2012-03-10 18:00:00,2012,3,19,17245,16.16,HOEP (Legacy)
2012-03-10 19:00:00,2012,3,20,17488,16.43,HOEP (Legacy)
2012-03-10 20:00:00,2012,3,21,17025,16.87,HOEP (Legacy)
2012-03-10 21:00:00,2012,3,22,16338,16.53,HOEP (Legacy)
2012-03-10 22:00:00,2012,3,23,15530,13.71,HOEP (Legacy)
2012-03-10 23:00:00,2012,3,24,14717,-46.91,HOEP (Legacy)
2012-03-11 00:00:00,2012,3,1,14097,-96.72,HOEP (Legacy)
2012-03-11 01:00:00,2012,3,2,13650,-111.06,HOEP (Legacy)
2012-03-11 02:00:00,2012,3,3,13362,-29.93,HOEP (Legacy)
2012-03-11 03:00:00,2012,3,4,13088,14.74,HOEP (Legacy)
2012-03-11 04:00:00,2012,3,5,13134,15.51,HOEP (Legacy)
2012-03-11 05:00:00,2012,3,6,13414,17.69,HOEP (Legacy)
2012-03-11 06:00:00,2012,3,7,13736,14.3,HOEP (Legacy)
2012-03-11 07:00:00,2012,3,8,14052,-128.11,HOEP (Legacy)
2012-03-11 08:00:00,2012,3,9,14432,-128.13,HOEP (Legacy)
2012-03-11 09:00:00,2012,3,10,14577,-76.25,HOEP (Legacy)
2012-03-11 10:00:00,2012,3,11,14455,13.99,HOEP (Legacy)
2012-03-11 11:00:00,2012,3,12,14430,14.0,HOEP (Legacy)
2012-03-11 12:00:00,2012,3,13,14272,15.19,HOEP (Legacy)
2012-03-11 13:00:00,2012,3,14,14110,-44.04,HOEP (Legacy)
2012-03-11 14:00:00,2012,3,15,14240,-128.0,HOEP (Legacy)
2012-03-11 15:00:00,2012,3,16,14321,-26.01,HOEP (Legacy)
2012-03-11 16:00:00,2012,3,17,14484,15.07,HOEP (Legacy)
2012-03-11 17:00:00,2012,3,18,14896,31.73,HOEP (Legacy)
2012-03-11 18:00:00,2012,3,19,15639,18.83,HOEP (Legacy)
2012-03-11 19:00:00,2012,3,20,16134,21.4,HOEP (Legacy)
2012-03-11 20:00:00,2012,3,21,15653,18.26,HOEP (Legacy)
2012-03-11 21:00:00,2012,3,22,14971,20.31,HOEP (Legacy)
2012-03-11 22:00:00,2012,3,23,14058,17.77,HOEP (Legacy)
2012-03-11 23:00:00,2012,3,24,13278,18.19,HOEP (Legacy)
2012-03-12 00:00:00,2012,3,1,12850,17.56,HOEP (Legacy)
2012-03-12 01:00:00,2012,3,2,12757,16.26,HOEP (Legacy)
2012-03-12 02:00:00,2012,3,3,12752,16.34,HOEP (Legacy)
2012-03-12 03:00:00,2012,3,4,12929,14.43,HOEP (Legacy)
2012-03-12 04:00:00,2012,3,5,13440,8.83,HOEP (Legacy)
2012-03-12 05:00:00,2012,3,6,14564,17.75,HOEP (Legacy)
2012-03-12 06:00:00,2012,3,7,15845,18.39,HOEP (Legacy)
2012-03-12 07:00:00,2012,3,8,16265,18.13,HOEP (Legacy)
2012-03-12 08:00:00,2012,3,9,16601,18.16,HOEP (Legacy)
2012-03-12 09:00:00,2012,3,10,16689,18.14,HOEP (Legacy)
2012-03-12 10:00:00,2012,3,11,16784,18.12,HOEP (Legacy)
2012-03-12 11:00:00,2012,3,12,16809,18.19,HOEP (Legacy)
2012-03-12 12:00:00,2012,3,13,16849,17.58,HOEP (Legacy)
2012-03-12 13:00:00,2012,3,14,16617,16.78,HOEP (Legacy)
2012-03-12 14:00:00,2012,3,15,16638,15.98,HOEP (Legacy)
2012-03-12 15:00:00,2012,3,16,16906,17.55,HOEP (Legacy)
2012-03-12 16:00:00,2012,3,17,17232,19.6,HOEP (Legacy)
2012-03-12 17:00:00,2012,3,18,17240,18.67,HOEP (Legacy)
2012-03-12 18:00:00,2012,3,19,17578,18.53,HOEP (Legacy)
2012-03-12 19:00:00,2012,3,20,17556,18.32,HOEP (Legacy)
2012-03-12 20:00:00,2012,3,21,16943,19.66,HOEP (Legacy)
2012-03-12 21:00:00,2012,3,22,15894,19.87,HOEP (Legacy)
2012-03-12 22:00:00,2012,3,23,14624,19.24,HOEP (Legacy)
2012-03-12 23:00:00,2012,3,24,13805,15.72,HOEP (Legacy)
2012-03-13 00:00:00,2012,3,1,13150,18.34,HOEP (Legacy)
2012-03-13 01:00:00,2012,3,2,12916,16.61,HOEP (Legacy)
2012-03-13 02:00:00,2012,3,3,12802,15.01,HOEP (Legacy)
2012-03-13 03:00:00,2012,3,4,12869,14.9,HOEP (Legacy)
2012-03-13 04:00:00,2012,3,5,13358,14.73,HOEP (Legacy)
2012-03-13 05:00:00,2012,3,6,14542,16.23,HOEP (Legacy)
2012-03-13 06:00:00,2012,3,7,15679,17.73,HOEP (Legacy)
2012-03-13 07:00:00,2012,3,8,16101,16.95,HOEP (Legacy)
2012-03-13 08:00:00,2012,3,9,16300,17.63,HOEP (Legacy)
2012-03-13 09:00:00,2012,3,10,16441,18.33,HOEP (Legacy)
2012-03-13 10:00:00,2012,3,11,16446,19.11,HOEP (Legacy)
2012-03-13 11:00:00,2012,3,12,16246,17.81,HOEP (Legacy)
2012-03-13 12:00:00,2012,3,13,16167,17.58,HOEP (Legacy)
2012-03-13 13:00:00,2012,3,14,15938,16.47,HOEP (Legacy)
2012-03-13 14:00:00,2012,3,15,15786,16.02,HOEP (Legacy)
2012-03-13 15:00:00,2012,3,16,15974,15.12,HOEP (Legacy)
2012-03-13 16:00:00,2012,3,17,16064,15.96,HOEP (Legacy)
2012-03-13 17:00:00,2012,3,18,16006,16.14,HOEP (Legacy)
2012-03-13 18:00:00,2012,3,19,16637,17.46,HOEP (Legacy)
2012-03-13 19:00:00,2012,3,20,17055,18.66,HOEP (Legacy)
2012-03-13 20:00:00,2012,3,21,16652,18.67,HOEP (Legacy)
2012-03-13 21:00:00,2012,3,22,15767,17.49,HOEP (Legacy)
2012-03-13 22:00:00,2012,3,23,14590,15.75,HOEP (Legacy)
2012-03-13 23:00:00,2012,3,24,13692,11.99,HOEP (Legacy)
2012-03-14 00:00:00,2012,3,1,13358,-58.63,HOEP (Legacy)
2012-03-14 01:00:00,2012,3,2,13117,13.96,HOEP (Legacy)
2012-03-14 02:00:00,2012,3,3,12985,14.8,HOEP (Legacy)
2012-03-14 03:00:00,2012,3,4,13124,14.37,HOEP (Legacy)
2012-03-14 04:00:00,2012,3,5,13667,16.47,HOEP (Legacy)
2012-03-14 05:00:00,2012,3,6,15011,17.27,HOEP (Legacy)
2012-03-14 06:00:00,2012,3,7,16061,17.65,HOEP (Legacy)
2012-03-14 07:00:00,2012,3,8,16375,20.13,HOEP (Legacy)
2012-03-14 08:00:00,2012,3,9,16533,20.81,HOEP (Legacy)
2012-03-14 09:00:00,2012,3,10,16581,17.47,HOEP (Legacy)
2012-03-14 10:00:00,2012,3,11,16435,17.83,HOEP (Legacy)
2012-03-14 11:00:00,2012,3,12,16270,17.59,HOEP (Legacy)
2012-03-14 12:00:00,2012,3,13,16159,16.89,HOEP (Legacy)
2012-03-14 13:00:00,2012,3,14,16025,15.99,HOEP (Legacy)
2012-03-14 14:00:00,2012,3,15,15874,18.43,HOEP (Legacy)
2012-03-14 15:00:00,2012,3,16,16019,17.87,HOEP (Legacy)
2012-03-14 16:00:00,2012,3,17,16062,16.68,HOEP (Legacy)
2012-03-14 17:00:00,2012,3,18,16093,21.43,HOEP (Legacy)
2012-03-14 18:00:00,2012,3,19,16553,37.52,HOEP (Legacy)
2012-03-14 19:00:00,2012,3,20,17143,20.51,HOEP (Legacy)
2012-03-14 20:00:00,2012,3,21,16439,15.01,HOEP (Legacy)
2012-03-14 21:00:00,2012,3,22,15451,-33.79,HOEP (Legacy)
2012-03-14 22:00:00,2012,3,23,14313,-61.42,HOEP (Legacy)
2012-03-14 23:00:00,2012,3,24,13488,-128.18,HOEP (Legacy)
2012-03-15 00:00:00,2012,3,1,12941,-23.8,HOEP (Legacy)
2012-03-15 01:00:00,2012,3,2,12728,-32.02,HOEP (Legacy)
2012-03-15 02:00:00,2012,3,3,12575,-49.82,HOEP (Legacy)
2012-03-15 03:00:00,2012,3,4,12684,2.97,HOEP (Legacy)
2012-03-15 04:00:00,2012,3,5,13086,14.31,HOEP (Legacy)
2012-03-15 05:00:00,2012,3,6,14343,7.11,HOEP (Legacy)
2012-03-15 06:00:00,2012,3,7,15561,16.24,HOEP (Legacy)
2012-03-15 07:00:00,2012,3,8,16057,13.94,HOEP (Legacy)
2012-03-15 08:00:00,2012,3,9,16340,14.28,HOEP (Legacy)
2012-03-15 09:00:00,2012,3,10,16402,20.81,HOEP (Legacy)
2012-03-15 10:00:00,2012,3,11,16412,16.67,HOEP (Legacy)
2012-03-15 11:00:00,2012,3,12,16191,15.09,HOEP (Legacy)
2012-03-15 12:00:00,2012,3,13,16024,14.96,HOEP (Legacy)
2012-03-15 13:00:00,2012,3,14,15781,11.85,HOEP (Legacy)
2012-03-15 14:00:00,2012,3,15,15861,15.76,HOEP (Legacy)
2012-03-15 15:00:00,2012,3,16,15980,19.27,HOEP (Legacy)
2012-03-15 16:00:00,2012,3,17,16043,38.02,HOEP (Legacy)
2012-03-15 17:00:00,2012,3,18,16104,24.32,HOEP (Legacy)
2012-03-15 18:00:00,2012,3,19,16732,75.4,HOEP (Legacy)
2012-03-15 19:00:00,2012,3,20,17072,25.56,HOEP (Legacy)
2012-03-15 20:00:00,2012,3,21,16343,24.61,HOEP (Legacy)
2012-03-15 21:00:00,2012,3,22,15347,15.28,HOEP (Legacy)
2012-03-15 22:00:00,2012,3,23,14286,17.55,HOEP (Legacy)
2012-03-15 23:00:00,2012,3,24,13363,15.91,HOEP (Legacy)
2012-03-16 00:00:00,2012,3,1,12780,20.89,HOEP (Legacy)
2012-03-16 01:00:00,2012,3,2,12589,12.88,HOEP (Legacy)
2012-03-16 02:00:00,2012,3,3,12415,8.23,HOEP (Legacy)
2012-03-16 03:00:00,2012,3,4,12528,14.27,HOEP (Legacy)
2012-03-16 04:00:00,2012,3,5,13129,7.43,HOEP (Legacy)
2012-03-16 05:00:00,2012,3,6,14232,0.88,HOEP (Legacy)
2012-03-16 06:00:00,2012,3,7,15288,13.97,HOEP (Legacy)
2012-03-16 07:00:00,2012,3,8,15962,17.3,HOEP (Legacy)
2012-03-16 08:00:00,2012,3,9,16097,30.91,HOEP (Legacy)
2012-03-16 09:00:00,2012,3,10,16220,41.26,HOEP (Legacy)
2012-03-16 10:00:00,2012,3,11,16184,38.59,HOEP (Legacy)
2012-03-16 11:00:00,2012,3,12,16124,18.49,HOEP (Legacy)
2012-03-16 12:00:00,2012,3,13,15919,16.42,HOEP (Legacy)
2012-03-16 13:00:00,2012,3,14,15672,14.98,HOEP (Legacy)
2012-03-16 14:00:00,2012,3,15,15550,15.47,HOEP (Legacy)
2012-03-16 15:00:00,2012,3,16,15548,16.64,HOEP (Legacy)
2012-03-16 16:00:00,2012,3,17,15535,16.52,HOEP (Legacy)
2012-03-16 17:00:00,2012,3,18,15704,15.41,HOEP (Legacy)
2012-03-16 18:00:00,2012,3,19,16050,25.89,HOEP (Legacy)
2012-03-16 19:00:00,2012,3,20,16644,33.07,HOEP (Legacy)
2012-03-16 20:00:00,2012,3,21,16035,13.49,HOEP (Legacy)
2012-03-16 21:00:00,2012,3,22,15128,11.58,HOEP (Legacy)
2012-03-16 22:00:00,2012,3,23,14037,13.07,HOEP (Legacy)
2012-03-16 23:00:00,2012,3,24,13094,13.64,HOEP (Legacy)
2012-03-17 00:00:00,2012,3,1,12454,14.87,HOEP (Legacy)
2012-03-17 01:00:00,2012,3,2,12142,14.73,HOEP (Legacy)
2012-03-17 02:00:00,2012,3,3,11962,14.63,HOEP (Legacy)
2012-03-17 03:00:00,2012,3,4,11967,14.66,HOEP (Legacy)
2012-03-17 04:00:00,2012,3,5,12160,14.69,HOEP (Legacy)
2012-03-17 05:00:00,2012,3,6,12833,15.01,HOEP (Legacy)
2012-03-17 06:00:00,2012,3,7,13344,14.9,HOEP (Legacy)
2012-03-17 07:00:00,2012,3,8,14101,15.83,HOEP (Legacy)
2012-03-17 08:00:00,2012,3,9,14827,16.52,HOEP (Legacy)
2012-03-17 09:00:00,2012,3,10,15257,18.12,HOEP (Legacy)
2012-03-17 10:00:00,2012,3,11,15280,17.69,HOEP (Legacy)
2012-03-17 11:00:00,2012,3,12,14933,15.7,HOEP (Legacy)
2012-03-17 12:00:00,2012,3,13,14802,16.56,HOEP (Legacy)
2012-03-17 13:00:00,2012,3,14,14479,15.36,HOEP (Legacy)
2012-03-17 14:00:00,2012,3,15,14291,15.5,HOEP (Legacy)
2012-03-17 15:00:00,2012,3,16,14384,16.5,HOEP (Legacy)
2012-03-17 16:00:00,2012,3,17,14577,16.44,HOEP (Legacy)
2012-03-17 17:00:00,2012,3,18,14577,13.73,HOEP (Legacy)
2012-03-17 18:00:00,2012,3,19,14922,13.9,HOEP (Legacy)
2012-03-17 19:00:00,2012,3,20,15263,13.46,HOEP (Legacy)
2012-03-17 20:00:00,2012,3,21,14747,14.9,HOEP (Legacy)
2012-03-17 21:00:00,2012,3,22,13930,11.28,HOEP (Legacy)
2012-03-17 22:00:00,2012,3,23,13087,13.66,HOEP (Legacy)
2012-03-17 23:00:00,2012,3,24,12262,15.6,HOEP (Legacy)
2012-03-18 00:00:00,2012,3,1,11752,14.31,HOEP (Legacy)
2012-03-18 01:00:00,2012,3,2,11635,14.01,HOEP (Legacy)
2012-03-18 02:00:00,2012,3,3,11467,12.48,HOEP (Legacy)
2012-03-18 03:00:00,2012,3,4,11466,9.05,HOEP (Legacy)
2012-03-18 04:00:00,2012,3,5,11729,-11.51,HOEP (Legacy)
2012-03-18 05:00:00,2012,3,6,12069,7.61,HOEP (Legacy)
2012-03-18 06:00:00,2012,3,7,12481,0.29,HOEP (Legacy)
2012-03-18 07:00:00,2012,3,8,12946,12.4,HOEP (Legacy)
2012-03-18 08:00:00,2012,3,9,13424,9.42,HOEP (Legacy)
2012-03-18 09:00:00,2012,3,10,13950,9.49,HOEP (Legacy)
2012-03-18 10:00:00,2012,3,11,14047,11.78,HOEP (Legacy)
2012-03-18 11:00:00,2012,3,12,14077,13.59,HOEP (Legacy)
2012-03-18 12:00:00,2012,3,13,13961,13.32,HOEP (Legacy)
2012-03-18 13:00:00,2012,3,14,13766,13.93,HOEP (Legacy)
2012-03-18 14:00:00,2012,3,15,13654,14.1,HOEP (Legacy)
2012-03-18 15:00:00,2012,3,16,13978,14.74,HOEP (Legacy)
2012-03-18 16:00:00,2012,3,17,14334,14.2,HOEP (Legacy)
2012-03-18 17:00:00,2012,3,18,14553,13.71,HOEP (Legacy)
2012-03-18 18:00:00,2012,3,19,14888,13.97,HOEP (Legacy)
2012-03-18 19:00:00,2012,3,20,15711,16.76,HOEP (Legacy)
2012-03-18 20:00:00,2012,3,21,15067,16.13,HOEP (Legacy)
2012-03-18 21:00:00,2012,3,22,14314,17.32,HOEP (Legacy)
2012-03-18 22:00:00,2012,3,23,13315,16.45,HOEP (Legacy)
2012-03-18 23:00:00,2012,3,24,12582,12.41,HOEP (Legacy)
2012-03-19 00:00:00,2012,3,1,12048,0.44,HOEP (Legacy)
2012-03-19 01:00:00,2012,3,2,11856,-128.08,HOEP (Legacy)
2012-03-19 02:00:00,2012,3,3,11761,11.51,HOEP (Legacy)
2012-03-19 03:00:00,2012,3,4,11898,-92.7,HOEP (Legacy)
2012-03-19 04:00:00,2012,3,5,12583,15.92,HOEP (Legacy)
2012-03-19 05:00:00,2012,3,6,14058,19.74,HOEP (Legacy)
2012-03-19 06:00:00,2012,3,7,15462,18.34,HOEP (Legacy)
2012-03-19 07:00:00,2012,3,8,15776,16.77,HOEP (Legacy)
2012-03-19 08:00:00,2012,3,9,15965,15.72,HOEP (Legacy)
2012-03-19 09:00:00,2012,3,10,16090,15.52,HOEP (Legacy)
2012-03-19 10:00:00,2012,3,11,16250,15.5,HOEP (Legacy)
2012-03-19 11:00:00,2012,3,12,16185,15.67,HOEP (Legacy)
2012-03-19 12:00:00,2012,3,13,16155,17.06,HOEP (Legacy)
2012-03-19 13:00:00,2012,3,14,16088,15.59,HOEP (Legacy)
2012-03-19 14:00:00,2012,3,15,16082,15.96,HOEP (Legacy)
2012-03-19 15:00:00,2012,3,16,16310,17.16,HOEP (Legacy)
2012-03-19 16:00:00,2012,3,17,16372,15.87,HOEP (Legacy)
2012-03-19 17:00:00,2012,3,18,16279,15.52,HOEP (Legacy)
2012-03-19 18:00:00,2012,3,19,16655,16.87,HOEP (Legacy)
2012-03-19 19:00:00,2012,3,20,17109,17.18,HOEP (Legacy)
2012-03-19 20:00:00,2012,3,21,16284,16.78,HOEP (Legacy)
2012-03-19 21:00:00,2012,3,22,15287,14.25,HOEP (Legacy)
2012-03-19 22:00:00,2012,3,23,14081,-69.44,HOEP (Legacy)
2012-03-19 23:00:00,2012,3,24,13060,-72.74,HOEP (Legacy)
2012-03-20 00:00:00,2012,3,1,12505,-13.51,HOEP (Legacy)
2012-03-20 01:00:00,2012,3,2,12137,-39.32,HOEP (Legacy)
2012-03-20 02:00:00,2012,3,3,12045,-23.18,HOEP (Legacy)
2012-03-20 03:00:00,2012,3,4,12015,10.31,HOEP (Legacy)
2012-03-20 04:00:00,2012,3,5,12484,-0.13,HOEP (Legacy)
2012-03-20 05:00:00,2012,3,6,13943,14.86,HOEP (Legacy)
2012-03-20 06:00:00,2012,3,7,15396,15.42,HOEP (Legacy)
2012-03-20 07:00:00,2012,3,8,15842,15.19,HOEP (Legacy)
2012-03-20 08:00:00,2012,3,9,15859,13.37,HOEP (Legacy)
2012-03-20 09:00:00,2012,3,10,15850,11.91,HOEP (Legacy)
2012-03-20 10:00:00,2012,3,11,15925,14.79,HOEP (Legacy)
2012-03-20 11:00:00,2012,3,12,16123,13.3,HOEP (Legacy)
2012-03-20 12:00:00,2012,3,13,16145,14.86,HOEP (Legacy)
2012-03-20 13:00:00,2012,3,14,16080,15.49,HOEP (Legacy)
2012-03-20 14:00:00,2012,3,15,16141,15.69,HOEP (Legacy)
2012-03-20 15:00:00,2012,3,16,16349,14.52,HOEP (Legacy)
2012-03-20 16:00:00,2012,3,17,16551,14.38,HOEP (Legacy)
2012-03-20 17:00:00,2012,3,18,16288,14.17,HOEP (Legacy)
2012-03-20 18:00:00,2012,3,19,16601,15.37,HOEP (Legacy)
2012-03-20 19:00:00,2012,3,20,17165,15.62,HOEP (Legacy)
2012-03-20 20:00:00,2012,3,21,16572,14.43,HOEP (Legacy)
2012-03-20 21:00:00,2012,3,22,15554,-6.35,HOEP (Legacy)
2012-03-20 22:00:00,2012,3,23,14224,7.56,HOEP (Legacy)
2012-03-20 23:00:00,2012,3,24,13003,13.02,HOEP (Legacy)
2012-03-21 00:00:00,2012,3,1,12635,7.57,HOEP (Legacy)
2012-03-21 01:00:00,2012,3,2,12118,7.57,HOEP (Legacy)
2012-03-21 02:00:00,2012,3,3,11991,4.36,HOEP (Legacy)
2012-03-21 03:00:00,2012,3,4,12134,-36.2,HOEP (Legacy)
2012-03-21 04:00:00,2012,3,5,12596,-22.21,HOEP (Legacy)
2012-03-21 05:00:00,2012,3,6,14063,15.06,HOEP (Legacy)
2012-03-21 06:00:00,2012,3,7,15292,15.36,HOEP (Legacy)
2012-03-21 07:00:00,2012,3,8,15629,14.35,HOEP (Legacy)
2012-03-21 08:00:00,2012,3,9,15610,13.98,HOEP (Legacy)
2012-03-21 09:00:00,2012,3,10,15931,15.42,HOEP (Legacy)
2012-03-21 10:00:00,2012,3,11,16086,14.92,HOEP (Legacy)
2012-03-21 11:00:00,2012,3,12,16182,14.79,HOEP (Legacy)
2012-03-21 12:00:00,2012,3,13,16282,17.11,HOEP (Legacy)
2012-03-21 13:00:00,2012,3,14,16406,15.74,HOEP (Legacy)
2012-03-21 14:00:00,2012,3,15,16359,15.63,HOEP (Legacy)
2012-03-21 15:00:00,2012,3,16,16537,15.44,HOEP (Legacy)
2012-03-21 16:00:00,2012,3,17,16667,14.89,HOEP (Legacy)
2012-03-21 17:00:00,2012,3,18,16391,15.25,HOEP (Legacy)
2012-03-21 18:00:00,2012,3,19,16684,33.75,HOEP (Legacy)
2012-03-21 19:00:00,2012,3,20,17303,18.52,HOEP (Legacy)
2012-03-21 20:00:00,2012,3,21,16515,15.46,HOEP (Legacy)
2012-03-21 21:00:00,2012,3,22,15418,17.48,HOEP (Legacy)
2012-03-21 22:00:00,2012,3,23,14056,18.87,HOEP (Legacy)
2012-03-21 23:00:00,2012,3,24,13133,9.29,HOEP (Legacy)
2012-03-22 00:00:00,2012,3,1,12486,-5.11,HOEP (Legacy)
2012-03-22 01:00:00,2012,3,2,12225,-95.57,HOEP (Legacy)
2012-03-22 02:00:00,2012,3,3,12123,-128.15,HOEP (Legacy)
2012-03-22 03:00:00,2012,3,4,12171,-11.45,HOEP (Legacy)
2012-03-22 04:00:00,2012,3,5,12715,16.22,HOEP (Legacy)
2012-03-22 05:00:00,2012,3,6,14039,16.68,HOEP (Legacy)
2012-03-22 06:00:00,2012,3,7,15158,14.67,HOEP (Legacy)
2012-03-22 07:00:00,2012,3,8,15709,14.45,HOEP (Legacy)
2012-03-22 08:00:00,2012,3,9,15926,14.93,HOEP (Legacy)
2012-03-22 09:00:00,2012,3,10,16189,14.98,HOEP (Legacy)
2012-03-22 10:00:00,2012,3,11,16361,15.42,HOEP (Legacy)
2012-03-22 11:00:00,2012,3,12,16255,16.11,HOEP (Legacy)
2012-03-22 12:00:00,2012,3,13,16438,16.61,HOEP (Legacy)
2012-03-22 13:00:00,2012,3,14,16533,17.59,HOEP (Legacy)
2012-03-22 14:00:00,2012,3,15,16577,17.91,HOEP (Legacy)
2012-03-22 15:00:00,2012,3,16,16690,17.89,HOEP (Legacy)
2012-03-22 16:00:00,2012,3,17,16769,17.44,HOEP (Legacy)
2012-03-22 17:00:00,2012,3,18,16466,15.75,HOEP (Legacy)
2012-03-22 18:00:00,2012,3,19,16930,18.31,HOEP (Legacy)
2012-03-22 19:00:00,2012,3,20,17384,18.67,HOEP (Legacy)
2012-03-22 20:00:00,2012,3,21,16559,18.31,HOEP (Legacy)
2012-03-22 21:00:00,2012,3,22,15499,17.67,HOEP (Legacy)
2012-03-22 22:00:00,2012,3,23,14171,19.09,HOEP (Legacy)
2012-03-22 23:00:00,2012,3,24,13081,15.05,HOEP (Legacy)
2012-03-23 00:00:00,2012,3,1,12497,15.78,HOEP (Legacy)
2012-03-23 01:00:00,2012,3,2,12097,14.48,HOEP (Legacy)
2012-03-23 02:00:00,2012,3,3,12033,14.4,HOEP (Legacy)
2012-03-23 03:00:00,2012,3,4,11972,14.4,HOEP (Legacy)
2012-03-23 04:00:00,2012,3,5,12465,14.43,HOEP (Legacy)
2012-03-23 05:00:00,2012,3,6,13865,15.26,HOEP (Legacy)
2012-03-23 06:00:00,2012,3,7,15014,13.81,HOEP (Legacy)
2012-03-23 07:00:00,2012,3,8,15533,11.87,HOEP (Legacy)
2012-03-23 08:00:00,2012,3,9,15635,12.69,HOEP (Legacy)
2012-03-23 09:00:00,2012,3,10,15724,16.28,HOEP (Legacy)
2012-03-23 10:00:00,2012,3,11,15796,14.65,HOEP (Legacy)
2012-03-23 11:00:00,2012,3,12,15721,14.52,HOEP (Legacy)
2012-03-23 12:00:00,2012,3,13,15582,14.69,HOEP (Legacy)
2012-03-23 13:00:00,2012,3,14,15489,14.45,HOEP (Legacy)
2012-03-23 14:00:00,2012,3,15,15398,14.45,HOEP (Legacy)
2012-03-23 15:00:00,2012,3,16,15362,15.98,HOEP (Legacy)
2012-03-23 16:00:00,2012,3,17,15369,14.77,HOEP (Legacy)
2012-03-23 17:00:00,2012,3,18,15249,14.29,HOEP (Legacy)
2012-03-23 18:00:00,2012,3,19,15621,15.05,HOEP (Legacy)
2012-03-23 19:00:00,2012,3,20,16095,15.81,HOEP (Legacy)
2012-03-23 20:00:00,2012,3,21,15531,14.37,HOEP (Legacy)
2012-03-23 21:00:00,2012,3,22,14511,1.93,HOEP (Legacy)
2012-03-23 22:00:00,2012,3,23,13342,-39.98,HOEP (Legacy)
2012-03-23 23:00:00,2012,3,24,12420,7.85,HOEP (Legacy)
2012-03-24 00:00:00,2012,3,1,11796,8.52,HOEP (Legacy)
2012-03-24 01:00:00,2012,3,2,11495,12.27,HOEP (Legacy)
2012-03-24 02:00:00,2012,3,3,11318,10.81,HOEP (Legacy)
2012-03-24 03:00:00,2012,3,4,11250,13.4,HOEP (Legacy)
2012-03-24 04:00:00,2012,3,5,11531,0.97,HOEP (Legacy)
2012-03-24 05:00:00,2012,3,6,12088,-46.02,HOEP (Legacy)
2012-03-24 06:00:00,2012,3,7,12770,-82.87,HOEP (Legacy)
2012-03-24 07:00:00,2012,3,8,13654,-11.03,HOEP (Legacy)
2012-03-24 08:00:00,2012,3,9,14601,16.6,HOEP (Legacy)
2012-03-24 09:00:00,2012,3,10,15041,23.31,HOEP (Legacy)
2012-03-24 10:00:00,2012,3,11,15205,15.93,HOEP (Legacy)
2012-03-24 11:00:00,2012,3,12,15271,18.15,HOEP (Legacy)
2012-03-24 12:00:00,2012,3,13,15088,42.89,HOEP (Legacy)
2012-03-24 13:00:00,2012,3,14,14884,31.53,HOEP (Legacy)
2012-03-24 14:00:00,2012,3,15,14841,24.12,HOEP (Legacy)
2012-03-24 15:00:00,2012,3,16,15009,28.67,HOEP (Legacy)
2012-03-24 16:00:00,2012,3,17,15242,20.29,HOEP (Legacy)
2012-03-24 17:00:00,2012,3,18,15184,25.94,HOEP (Legacy)
2012-03-24 18:00:00,2012,3,19,15304,15.28,HOEP (Legacy)
2012-03-24 19:00:00,2012,3,20,15632,15.78,HOEP (Legacy)
2012-03-24 20:00:00,2012,3,21,14917,16.68,HOEP (Legacy)
2012-03-24 21:00:00,2012,3,22,14215,26.53,HOEP (Legacy)
2012-03-24 22:00:00,2012,3,23,13357,23.0,HOEP (Legacy)
2012-03-24 23:00:00,2012,3,24,12557,16.19,HOEP (Legacy)
2012-03-25 00:00:00,2012,3,1,12000,21.73,HOEP (Legacy)
2012-03-25 01:00:00,2012,3,2,11601,13.8,HOEP (Legacy)
2012-03-25 02:00:00,2012,3,3,11442,13.8,HOEP (Legacy)
2012-03-25 03:00:00,2012,3,4,11423,13.8,HOEP (Legacy)
2012-03-25 04:00:00,2012,3,5,11500,14.49,HOEP (Legacy)
2012-03-25 05:00:00,2012,3,6,11860,16.45,HOEP (Legacy)
2012-03-25 06:00:00,2012,3,7,12317,16.52,HOEP (Legacy)
2012-03-25 07:00:00,2012,3,8,12900,15.71,HOEP (Legacy)
2012-03-25 08:00:00,2012,3,9,13751,14.35,HOEP (Legacy)
2012-03-25 09:00:00,2012,3,10,14233,12.96,HOEP (Legacy)
2012-03-25 10:00:00,2012,3,11,14426,12.96,HOEP (Legacy)
2012-03-25 11:00:00,2012,3,12,14315,14.1,HOEP (Legacy)
2012-03-25 12:00:00,2012,3,13,14054,14.1,HOEP (Legacy)
2012-03-25 13:00:00,2012,3,14,13810,14.5,HOEP (Legacy)
2012-03-25 14:00:00,2012,3,15,13722,14.1,HOEP (Legacy)
2012-03-25 15:00:00,2012,3,16,14022,16.12,HOEP (Legacy)
2012-03-25 16:00:00,2012,3,17,14242,14.34,HOEP (Legacy)
2012-03-25 17:00:00,2012,3,18,14299,14.22,HOEP (Legacy)
2012-03-25 18:00:00,2012,3,19,14828,16.26,HOEP (Legacy)
2012-03-25 19:00:00,2012,3,20,15489,15.13,HOEP (Legacy)
2012-03-25 20:00:00,2012,3,21,15094,14.47,HOEP (Legacy)
2012-03-25 21:00:00,2012,3,22,14315,12.45,HOEP (Legacy)
2012-03-25 22:00:00,2012,3,23,13364,13.13,HOEP (Legacy)
2012-03-25 23:00:00,2012,3,24,12796,11.67,HOEP (Legacy)
2012-03-26 00:00:00,2012,3,1,12312,-80.82,HOEP (Legacy)
2012-03-26 01:00:00,2012,3,2,12198,-40.91,HOEP (Legacy)
2012-03-26 02:00:00,2012,3,3,12176,-76.67,HOEP (Legacy)
2012-03-26 03:00:00,2012,3,4,12306,10.12,HOEP (Legacy)
2012-03-26 04:00:00,2012,3,5,12947,14.01,HOEP (Legacy)
2012-03-26 05:00:00,2012,3,6,14591,12.56,HOEP (Legacy)
2012-03-26 06:00:00,2012,3,7,16099,16.91,HOEP (Legacy)
2012-03-26 07:00:00,2012,3,8,16521,14.07,HOEP (Legacy)
2012-03-26 08:00:00,2012,3,9,16551,15.8,HOEP (Legacy)
2012-03-26 09:00:00,2012,3,10,16587,14.95,HOEP (Legacy)
2012-03-26 10:00:00,2012,3,11,16684,17.1,HOEP (Legacy)
2012-03-26 11:00:00,2012,3,12,16546,15.32,HOEP (Legacy)
2012-03-26 12:00:00,2012,3,13,16306,13.86,HOEP (Legacy)
2012-03-26 13:00:00,2012,3,14,16142,14.61,HOEP (Legacy)
2012-03-26 14:00:00,2012,3,15,16139,14.95,HOEP (Legacy)
2012-03-26 15:00:00,2012,3,16,16298,14.91,HOEP (Legacy)
2012-03-26 16:00:00,2012,3,17,16540,15.15,HOEP (Legacy)
2012-03-26 17:00:00,2012,3,18,16600,14.75,HOEP (Legacy)
2012-03-26 18:00:00,2012,3,19,17170,23.61,HOEP (Legacy)
2012-03-26 19:00:00,2012,3,20,18136,35.34,HOEP (Legacy)
2012-03-26 20:00:00,2012,3,21,17414,18.53,HOEP (Legacy)
2012-03-26 21:00:00,2012,3,22,16326,18.68,HOEP (Legacy)
2012-03-26 22:00:00,2012,3,23,15095,21.53,HOEP (Legacy)
2012-03-26 23:00:00,2012,3,24,14116,15.88,HOEP (Legacy)
2012-03-27 00:00:00,2012,3,1,13743,14.63,HOEP (Legacy)
2012-03-27 01:00:00,2012,3,2,13522,14.14,HOEP (Legacy)
2012-03-27 02:00:00,2012,3,3,13465,14.15,HOEP (Legacy)
2012-03-27 03:00:00,2012,3,4,13570,14.14,HOEP (Legacy)
2012-03-27 04:00:00,2012,3,5,14244,16.47,HOEP (Legacy)
2012-03-27 05:00:00,2012,3,6,15827,22.22,HOEP (Legacy)
2012-03-27 06:00:00,2012,3,7,17142,21.95,HOEP (Legacy)
2012-03-27 07:00:00,2012,3,8,17156,18.35,HOEP (Legacy)
2012-03-27 08:00:00,2012,3,9,16865,18.32,HOEP (Legacy)
2012-03-27 09:00:00,2012,3,10,16801,18.32,HOEP (Legacy)
2012-03-27 10:00:00,2012,3,11,16718,17.93,HOEP (Legacy)
2012-03-27 11:00:00,2012,3,12,16536,14.79,HOEP (Legacy)
2012-03-27 12:00:00,2012,3,13,16408,14.6,HOEP (Legacy)
2012-03-27 13:00:00,2012,3,14,16338,14.57,HOEP (Legacy)
2012-03-27 14:00:00,2012,3,15,16248,14.55,HOEP (Legacy)
2012-03-27 15:00:00,2012,3,16,16473,16.35,HOEP (Legacy)
2012-03-27 16:00:00,2012,3,17,16772,16.26,HOEP (Legacy)
2012-03-27 17:00:00,2012,3,18,16772,16.16,HOEP (Legacy)
2012-03-27 18:00:00,2012,3,19,17362,16.71,HOEP (Legacy)
2012-03-27 19:00:00,2012,3,20,17765,16.71,HOEP (Legacy)
2012-03-27 20:00:00,2012,3,21,17064,14.21,HOEP (Legacy)
2012-03-27 21:00:00,2012,3,22,15836,13.91,HOEP (Legacy)
2012-03-27 22:00:00,2012,3,23,14620,7.77,HOEP (Legacy)
2012-03-27 23:00:00,2012,3,24,13568,8.12,HOEP (Legacy)
2012-03-28 00:00:00,2012,3,1,12980,13.39,HOEP (Legacy)
2012-03-28 01:00:00,2012,3,2,12896,12.99,HOEP (Legacy)
2012-03-28 02:00:00,2012,3,3,12824,11.55,HOEP (Legacy)
2012-03-28 03:00:00,2012,3,4,12896,7.4,HOEP (Legacy)
2012-03-28 04:00:00,2012,3,5,13371,-7.02,HOEP (Legacy)
2012-03-28 05:00:00,2012,3,6,14844,15.33,HOEP (Legacy)
2012-03-28 06:00:00,2012,3,7,16102,14.86,HOEP (Legacy)
2012-03-28 07:00:00,2012,3,8,16273,13.76,HOEP (Legacy)
2012-03-28 08:00:00,2012,3,9,16070,13.4,HOEP (Legacy)
2012-03-28 09:00:00,2012,3,10,16151,13.4,HOEP (Legacy)
2012-03-28 10:00:00,2012,3,11,16116,13.39,HOEP (Legacy)
2012-03-28 11:00:00,2012,3,12,16116,13.97,HOEP (Legacy)
2012-03-28 12:00:00,2012,3,13,16201,13.4,HOEP (Legacy)
2012-03-28 13:00:00,2012,3,14,16412,14.18,HOEP (Legacy)
2012-03-28 14:00:00,2012,3,15,16382,16.18,HOEP (Legacy)
2012-03-28 15:00:00,2012,3,16,16620,16.29,HOEP (Legacy)
2012-03-28 16:00:00,2012,3,17,16674,16.3,HOEP (Legacy)
2012-03-28 17:00:00,2012,3,18,16667,14.7,HOEP (Legacy)
2012-03-28 18:00:00,2012,3,19,17042,15.23,HOEP (Legacy)
2012-03-28 19:00:00,2012,3,20,17345,14.64,HOEP (Legacy)
2012-03-28 20:00:00,2012,3,21,16712,14.38,HOEP (Legacy)
2012-03-28 21:00:00,2012,3,22,15613,14.15,HOEP (Legacy)
2012-03-28 22:00:00,2012,3,23,14247,14.4,HOEP (Legacy)
2012-03-28 23:00:00,2012,3,24,13362,12.79,HOEP (Legacy)
2012-03-29 00:00:00,2012,3,1,13057,13.47,HOEP (Legacy)
2012-03-29 01:00:00,2012,3,2,12891,13.39,HOEP (Legacy)
2012-03-29 02:00:00,2012,3,3,12838,12.77,HOEP (Legacy)
2012-03-29 03:00:00,2012,3,4,12980,13.23,HOEP (Legacy)
2012-03-29 04:00:00,2012,3,5,13616,13.84,HOEP (Legacy)
2012-03-29 05:00:00,2012,3,6,15083,17.82,HOEP (Legacy)
2012-03-29 06:00:00,2012,3,7,16496,17.72,HOEP (Legacy)
2012-03-29 07:00:00,2012,3,8,16850,16.86,HOEP (Legacy)
2012-03-29 08:00:00,2012,3,9,16990,17.78,HOEP (Legacy)
2012-03-29 09:00:00,2012,3,10,17251,16.93,HOEP (Legacy)
2012-03-29 10:00:00,2012,3,11,17337,18.04,HOEP (Legacy)
2012-03-29 11:00:00,2012,3,12,17195,18.63,HOEP (Legacy)
2012-03-29 12:00:00,2012,3,13,17144,19.73,HOEP (Legacy)
2012-03-29 13:00:00,2012,3,14,17036,17.9,HOEP (Legacy)
2012-03-29 14:00:00,2012,3,15,16921,18.03,HOEP (Legacy)
2012-03-29 15:00:00,2012,3,16,17126,18.17,HOEP (Legacy)
2012-03-29 16:00:00,2012,3,17,17259,15.98,HOEP (Legacy)
2012-03-29 17:00:00,2012,3,18,17076,16.31,HOEP (Legacy)
2012-03-29 18:00:00,2012,3,19,17346,17.02,HOEP (Legacy)
2012-03-29 19:00:00,2012,3,20,18082,19.48,HOEP (Legacy)
2012-03-29 20:00:00,2012,3,21,17516,18.68,HOEP (Legacy)
2012-03-29 21:00:00,2012,3,22,16357,19.32,HOEP (Legacy)
2012-03-29 22:00:00,2012,3,23,15049,18.36,HOEP (Legacy)
2012-03-29 23:00:00,2012,3,24,14082,16.21,HOEP (Legacy)
2012-03-30 00:00:00,2012,3,1,13538,14.4,HOEP (Legacy)
2012-03-30 01:00:00,2012,3,2,13343,14.23,HOEP (Legacy)
2012-03-30 02:00:00,2012,3,3,13304,13.97,HOEP (Legacy)
2012-03-30 03:00:00,2012,3,4,13446,13.33,HOEP (Legacy)
2012-03-30 04:00:00,2012,3,5,14170,14.21,HOEP (Legacy)
2012-03-30 05:00:00,2012,3,6,15583,17.26,HOEP (Legacy)
2012-03-30 06:00:00,2012,3,7,16701,17.5,HOEP (Legacy)
2012-03-30 07:00:00,2012,3,8,16981,15.29,HOEP (Legacy)
2012-03-30 08:00:00,2012,3,9,16790,13.44,HOEP (Legacy)
2012-03-30 09:00:00,2012,3,10,16691,13.35,HOEP (Legacy)
2012-03-30 10:00:00,2012,3,11,16531,14.12,HOEP (Legacy)
2012-03-30 11:00:00,2012,3,12,16459,14.09,HOEP (Legacy)
2012-03-30 12:00:00,2012,3,13,16541,14.7,HOEP (Legacy)
2012-03-30 13:00:00,2012,3,14,16355,13.4,HOEP (Legacy)
2012-03-30 14:00:00,2012,3,15,16423,13.92,HOEP (Legacy)
2012-03-30 15:00:00,2012,3,16,16729,17.84,HOEP (Legacy)
2012-03-30 16:00:00,2012,3,17,16992,19.13,HOEP (Legacy)
2012-03-30 17:00:00,2012,3,18,16927,16.24,HOEP (Legacy)
2012-03-30 18:00:00,2012,3,19,17192,17.6,HOEP (Legacy)
2012-03-30 19:00:00,2012,3,20,17594,17.69,HOEP (Legacy)
2012-03-30 20:00:00,2012,3,21,16916,16.0,HOEP (Legacy)
2012-03-30 21:00:00,2012,3,22,15916,15.79,HOEP (Legacy)
2012-03-30 22:00:00,2012,3,23,14858,20.74,HOEP (Legacy)
2012-03-30 23:00:00,2012,3,24,13824,14.56,HOEP (Legacy)
2012-03-31 00:00:00,2012,3,1,13213,14.79,HOEP (Legacy)
2012-03-31 01:00:00,2012,3,2,13036,14.32,HOEP (Legacy)
2012-03-31 02:00:00,2012,3,3,12921,15.49,HOEP (Legacy)
2012-03-31 03:00:00,2012,3,4,12974,14.3,HOEP (Legacy)
2012-03-31 04:00:00,2012,3,5,13188,14.3,HOEP (Legacy)
2012-03-31 05:00:00,2012,3,6,13810,14.74,HOEP (Legacy)
2012-03-31 06:00:00,2012,3,7,14413,16.17,HOEP (Legacy)
2012-03-31 07:00:00,2012,3,8,15257,16.57,HOEP (Legacy)
2012-03-31 08:00:00,2012,3,9,15900,17.92,HOEP (Legacy)
2012-03-31 09:00:00,2012,3,10,16112,17.99,HOEP (Legacy)
2012-03-31 10:00:00,2012,3,11,16001,17.99,HOEP (Legacy)
2012-03-31 11:00:00,2012,3,12,15614,17.92,HOEP (Legacy)
2012-03-31 12:00:00,2012,3,13,15211,16.44,HOEP (Legacy)
2012-03-31 13:00:00,2012,3,14,14735,16.27,HOEP (Legacy)
2012-03-31 14:00:00,2012,3,15,14640,16.62,HOEP (Legacy)
2012-03-31 15:00:00,2012,3,16,14716,16.43,HOEP (Legacy)
2012-03-31 16:00:00,2012,3,17,14964,16.97,HOEP (Legacy)
2012-03-31 17:00:00,2012,3,18,15061,16.32,HOEP (Legacy)
2012-03-31 18:00:00,2012,3,19,15168,16.62,HOEP (Legacy)
2012-03-31 19:00:00,2012,3,20,15616,18.55,HOEP (Legacy)
2012-03-31 20:00:00,2012,3,21,15224,18.54,HOEP (Legacy)
2012-03-31 21:00:00,2012,3,22,14643,16.62,HOEP (Legacy)
2012-03-31 22:00:00,2012,3,23,13724,17.61,HOEP (Legacy)
2012-03-31 23:00:00,2012,3,24,12867,14.12,HOEP (Legacy)
2012-04-01 00:00:00,2012,4,1,12556,14.3,HOEP (Legacy)
2012-04-01 01:00:00,2012,4,2,12341,14.22,HOEP (Legacy)
2012-04-01 02:00:00,2012,4,3,12250,13.77,HOEP (Legacy)
2012-04-01 03:00:00,2012,4,4,12169,13.84,HOEP (Legacy)
2012-04-01 04:00:00,2012,4,5,12346,15.35,HOEP (Legacy)
2012-04-01 05:00:00,2012,4,6,12729,16.29,HOEP (Legacy)
2012-04-01 06:00:00,2012,4,7,13210,15.35,HOEP (Legacy)
2012-04-01 07:00:00,2012,4,8,13895,16.24,HOEP (Legacy)
2012-04-01 08:00:00,2012,4,9,14644,16.31,HOEP (Legacy)
2012-04-01 09:00:00,2012,4,10,15217,18.1,HOEP (Legacy)
2012-04-01 10:00:00,2012,4,11,15610,20.29,HOEP (Legacy)
2012-04-01 11:00:00,2012,4,12,15846,21.52,HOEP (Legacy)
2012-04-01 12:00:00,2012,4,13,15733,17.99,HOEP (Legacy)
2012-04-01 13:00:00,2012,4,14,15613,17.98,HOEP (Legacy)
2012-04-01 14:00:00,2012,4,15,15519,17.91,HOEP (Legacy)
2012-04-01 15:00:00,2012,4,16,15819,18.03,HOEP (Legacy)
2012-04-01 16:00:00,2012,4,17,16178,18.33,HOEP (Legacy)
2012-04-01 17:00:00,2012,4,18,16039,18.01,HOEP (Legacy)
2012-04-01 18:00:00,2012,4,19,15990,18.03,HOEP (Legacy)
2012-04-01 19:00:00,2012,4,20,16296,18.66,HOEP (Legacy)
2012-04-01 20:00:00,2012,4,21,15731,19.02,HOEP (Legacy)
2012-04-01 21:00:00,2012,4,22,14869,17.95,HOEP (Legacy)
2012-04-01 22:00:00,2012,4,23,13904,16.49,HOEP (Legacy)
2012-04-01 23:00:00,2012,4,24,13181,14.88,HOEP (Legacy)
2012-04-02 00:00:00,2012,4,1,12861,15.25,HOEP (Legacy)
2012-04-02 01:00:00,2012,4,2,12646,15.37,HOEP (Legacy)
2012-04-02 02:00:00,2012,4,3,12619,15.31,HOEP (Legacy)
2012-04-02 03:00:00,2012,4,4,12770,14.96,HOEP (Legacy)
2012-04-02 04:00:00,2012,4,5,13552,15.19,HOEP (Legacy)
2012-04-02 05:00:00,2012,4,6,15118,18.19,HOEP (Legacy)
2012-04-02 06:00:00,2012,4,7,16327,18.08,HOEP (Legacy)
2012-04-02 07:00:00,2012,4,8,16558,18.54,HOEP (Legacy)
2012-04-02 08:00:00,2012,4,9,16438,18.9,HOEP (Legacy)
2012-04-02 09:00:00,2012,4,10,16290,18.75,HOEP (Legacy)
2012-04-02 10:00:00,2012,4,11,16244,18.15,HOEP (Legacy)
2012-04-02 11:00:00,2012,4,12,16114,17.64,HOEP (Legacy)
2012-04-02 12:00:00,2012,4,13,16022,17.98,HOEP (Legacy)
2012-04-02 13:00:00,2012,4,14,15861,16.68,HOEP (Legacy)
2012-04-02 14:00:00,2012,4,15,15803,16.84,HOEP (Legacy)
2012-04-02 15:00:00,2012,4,16,16043,16.86,HOEP (Legacy)
2012-04-02 16:00:00,2012,4,17,16103,16.72,HOEP (Legacy)
2012-04-02 17:00:00,2012,4,18,16089,16.68,HOEP (Legacy)
2012-04-02 18:00:00,2012,4,19,16333,17.78,HOEP (Legacy)
2012-04-02 19:00:00,2012,4,20,17205,19.81,HOEP (Legacy)
2012-04-02 20:00:00,2012,4,21,16806,18.93,HOEP (Legacy)
2012-04-02 21:00:00,2012,4,22,15753,16.84,HOEP (Legacy)
2012-04-02 22:00:00,2012,4,23,14534,19.29,HOEP (Legacy)
2012-04-02 23:00:00,2012,4,24,13654,16.45,HOEP (Legacy)
2012-04-03 00:00:00,2012,4,1,13217,17.34,HOEP (Legacy)
2012-04-03 01:00:00,2012,4,2,12995,14.32,HOEP (Legacy)
2012-04-03 02:00:00,2012,4,3,12917,14.88,HOEP (Legacy)
2012-04-03 03:00:00,2012,4,4,13089,14.4,HOEP (Legacy)
2012-04-03 04:00:00,2012,4,5,13752,15.99,HOEP (Legacy)
2012-04-03 05:00:00,2012,4,6,15185,17.77,HOEP (Legacy)
2012-04-03 06:00:00,2012,4,7,16348,18.13,HOEP (Legacy)
2012-04-03 07:00:00,2012,4,8,16440,17.24,HOEP (Legacy)
2012-04-03 08:00:00,2012,4,9,16420,17.26,HOEP (Legacy)
2012-04-03 09:00:00,2012,4,10,16448,22.81,HOEP (Legacy)
2012-04-03 10:00:00,2012,4,11,16718,18.09,HOEP (Legacy)
2012-04-03 11:00:00,2012,4,12,16563,17.25,HOEP (Legacy)
2012-04-03 12:00:00,2012,4,13,16497,17.12,HOEP (Legacy)
2012-04-03 13:00:00,2012,4,14,16112,17.28,HOEP (Legacy)
2012-04-03 14:00:00,2012,4,15,16234,17.5,HOEP (Legacy)
2012-04-03 15:00:00,2012,4,16,16365,17.48,HOEP (Legacy)
2012-04-03 16:00:00,2012,4,17,16647,17.51,HOEP (Legacy)
2012-04-03 17:00:00,2012,4,18,16610,16.48,HOEP (Legacy)
2012-04-03 18:00:00,2012,4,19,16925,17.74,HOEP (Legacy)
2012-04-03 19:00:00,2012,4,20,17464,18.94,HOEP (Legacy)
2012-04-03 20:00:00,2012,4,21,16917,19.44,HOEP (Legacy)
2012-04-03 21:00:00,2012,4,22,15852,16.31,HOEP (Legacy)
2012-04-03 22:00:00,2012,4,23,14413,13.84,HOEP (Legacy)
2012-04-03 23:00:00,2012,4,24,13569,12.31,HOEP (Legacy)
2012-04-04 00:00:00,2012,4,1,13032,12.0,HOEP (Legacy)
2012-04-04 01:00:00,2012,4,2,12852,11.95,HOEP (Legacy)
2012-04-04 02:00:00,2012,4,3,12700,12.84,HOEP (Legacy)
2012-04-04 03:00:00,2012,4,4,12875,12.88,HOEP (Legacy)
2012-04-04 04:00:00,2012,4,5,13585,13.93,HOEP (Legacy)
2012-04-04 05:00:00,2012,4,6,15038,17.85,HOEP (Legacy)
2012-04-04 06:00:00,2012,4,7,16155,18.12,HOEP (Legacy)
2012-04-04 07:00:00,2012,4,8,16293,17.93,HOEP (Legacy)
2012-04-04 08:00:00,2012,4,9,16166,17.99,HOEP (Legacy)
2012-04-04 09:00:00,2012,4,10,16087,16.99,HOEP (Legacy)
2012-04-04 10:00:00,2012,4,11,16007,16.97,HOEP (Legacy)
2012-04-04 11:00:00,2012,4,12,15951,16.85,HOEP (Legacy)
2012-04-04 12:00:00,2012,4,13,15907,15.73,HOEP (Legacy)
2012-04-04 13:00:00,2012,4,14,15867,15.5,HOEP (Legacy)
2012-04-04 14:00:00,2012,4,15,15777,15.75,HOEP (Legacy)
2012-04-04 15:00:00,2012,4,16,15837,15.79,HOEP (Legacy)
2012-04-04 16:00:00,2012,4,17,15965,15.68,HOEP (Legacy)
2012-04-04 17:00:00,2012,4,18,15923,15.38,HOEP (Legacy)
2012-04-04 18:00:00,2012,4,19,16364,16.39,HOEP (Legacy)
2012-04-04 19:00:00,2012,4,20,17246,16.95,HOEP (Legacy)
2012-04-04 20:00:00,2012,4,21,16930,16.64,HOEP (Legacy)
2012-04-04 21:00:00,2012,4,22,15887,13.97,HOEP (Legacy)
2012-04-04 22:00:00,2012,4,23,14565,14.38,HOEP (Legacy)
2012-04-04 23:00:00,2012,4,24,13647,12.95,HOEP (Legacy)
2012-04-05 00:00:00,2012,4,1,13227,12.66,HOEP (Legacy)
2012-04-05 01:00:00,2012,4,2,12954,12.13,HOEP (Legacy)
2012-04-05 02:00:00,2012,4,3,12941,12.22,HOEP (Legacy)
2012-04-05 03:00:00,2012,4,4,13099,10.72,HOEP (Legacy)
2012-04-05 04:00:00,2012,4,5,13870,11.11,HOEP (Legacy)
2012-04-05 05:00:00,2012,4,6,15159,17.91,HOEP (Legacy)
2012-04-05 06:00:00,2012,4,7,16475,18.28,HOEP (Legacy)
2012-04-05 07:00:00,2012,4,8,16794,18.6,HOEP (Legacy)
2012-04-05 08:00:00,2012,4,9,16720,17.72,HOEP (Legacy)
2012-04-05 09:00:00,2012,4,10,16697,18.27,HOEP (Legacy)
2012-04-05 10:00:00,2012,4,11,16550,23.16,HOEP (Legacy)
2012-04-05 11:00:00,2012,4,12,16383,22.22,HOEP (Legacy)
2012-04-05 12:00:00,2012,4,13,16099,18.42,HOEP (Legacy)
2012-04-05 13:00:00,2012,4,14,15730,16.6,HOEP (Legacy)
2012-04-05 14:00:00,2012,4,15,15519,15.27,HOEP (Legacy)
2012-04-05 15:00:00,2012,4,16,15548,15.4,HOEP (Legacy)
2012-04-05 16:00:00,2012,4,17,15500,15.17,HOEP (Legacy)
2012-04-05 17:00:00,2012,4,18,15475,14.35,HOEP (Legacy)
2012-04-05 18:00:00,2012,4,19,15957,26.22,HOEP (Legacy)
2012-04-05 19:00:00,2012,4,20,16973,46.39,HOEP (Legacy)
2012-04-05 20:00:00,2012,4,21,16647,24.71,HOEP (Legacy)
2012-04-05 21:00:00,2012,4,22,15527,16.72,HOEP (Legacy)
2012-04-05 22:00:00,2012,4,23,14254,17.19,HOEP (Legacy)
2012-04-05 23:00:00,2012,4,24,13377,15.75,HOEP (Legacy)
2012-04-06 00:00:00,2012,4,1,12787,15.21,HOEP (Legacy)
2012-04-06 01:00:00,2012,4,2,12504,14.53,HOEP (Legacy)
2012-04-06 02:00:00,2012,4,3,12313,15.39,HOEP (Legacy)
2012-04-06 03:00:00,2012,4,4,12294,13.98,HOEP (Legacy)
2012-04-06 04:00:00,2012,4,5,12546,18.11,HOEP (Legacy)
2012-04-06 05:00:00,2012,4,6,13146,24.97,HOEP (Legacy)
2012-04-06 06:00:00,2012,4,7,13299,23.45,HOEP (Legacy)
2012-04-06 07:00:00,2012,4,8,13763,17.93,HOEP (Legacy)
2012-04-06 08:00:00,2012,4,9,14253,20.54,HOEP (Legacy)
2012-04-06 09:00:00,2012,4,10,14313,20.09,HOEP (Legacy)
2012-04-06 10:00:00,2012,4,11,14274,19.96,HOEP (Legacy)
2012-04-06 11:00:00,2012,4,12,14284,30.9,HOEP (Legacy)
2012-04-06 12:00:00,2012,4,13,13993,21.75,HOEP (Legacy)
2012-04-06 13:00:00,2012,4,14,13776,17.43,HOEP (Legacy)
2012-04-06 14:00:00,2012,4,15,13556,15.73,HOEP (Legacy)
2012-04-06 15:00:00,2012,4,16,13741,15.69,HOEP (Legacy)
2012-04-06 16:00:00,2012,4,17,13994,16.67,HOEP (Legacy)
2012-04-06 17:00:00,2012,4,18,13933,15.5,HOEP (Legacy)
2012-04-06 18:00:00,2012,4,19,14145,17.22,HOEP (Legacy)
2012-04-06 19:00:00,2012,4,20,14961,19.12,HOEP (Legacy)
2012-04-06 20:00:00,2012,4,21,14836,18.48,HOEP (Legacy)
2012-04-06 21:00:00,2012,4,22,14252,16.52,HOEP (Legacy)
2012-04-06 22:00:00,2012,4,23,13391,16.29,HOEP (Legacy)
2012-04-06 23:00:00,2012,4,24,12756,15.74,HOEP (Legacy)
2012-04-07 00:00:00,2012,4,1,12368,27.37,HOEP (Legacy)
2012-04-07 01:00:00,2012,4,2,12099,20.16,HOEP (Legacy)
2012-04-07 02:00:00,2012,4,3,12038,17.69,HOEP (Legacy)
2012-04-07 03:00:00,2012,4,4,12101,16.21,HOEP (Legacy)
2012-04-07 04:00:00,2012,4,5,12321,14.09,HOEP (Legacy)
2012-04-07 05:00:00,2012,4,6,12948,16.51,HOEP (Legacy)
2012-04-07 06:00:00,2012,4,7,13413,17.28,HOEP (Legacy)
2012-04-07 07:00:00,2012,4,8,13967,18.29,HOEP (Legacy)
2012-04-07 08:00:00,2012,4,9,14391,17.98,HOEP (Legacy)
2012-04-07 09:00:00,2012,4,10,14446,17.75,HOEP (Legacy)
2012-04-07 10:00:00,2012,4,11,14359,17.63,HOEP (Legacy)
2012-04-07 11:00:00,2012,4,12,14119,17.39,HOEP (Legacy)
2012-04-07 12:00:00,2012,4,13,13792,16.85,HOEP (Legacy)
2012-04-07 13:00:00,2012,4,14,13635,16.84,HOEP (Legacy)
2012-04-07 14:00:00,2012,4,15,13539,16.76,HOEP (Legacy)
2012-04-07 15:00:00,2012,4,16,13603,16.24,HOEP (Legacy)
2012-04-07 16:00:00,2012,4,17,13811,16.65,HOEP (Legacy)
2012-04-07 17:00:00,2012,4,18,13793,16.54,HOEP (Legacy)
2012-04-07 18:00:00,2012,4,19,13890,16.72,HOEP (Legacy)
2012-04-07 19:00:00,2012,4,20,14756,17.76,HOEP (Legacy)
2012-04-07 20:00:00,2012,4,21,14469,17.21,HOEP (Legacy)
2012-04-07 21:00:00,2012,4,22,13842,15.45,HOEP (Legacy)
2012-04-07 22:00:00,2012,4,23,13050,14.98,HOEP (Legacy)
2012-04-07 23:00:00,2012,4,24,12346,14.73,HOEP (Legacy)
2012-04-08 00:00:00,2012,4,1,11778,20.31,HOEP (Legacy)
2012-04-08 01:00:00,2012,4,2,11708,20.91,HOEP (Legacy)
2012-04-08 02:00:00,2012,4,3,11638,22.14,HOEP (Legacy)
2012-04-08 03:00:00,2012,4,4,11389,15.64,HOEP (Legacy)
2012-04-08 04:00:00,2012,4,5,11632,25.29,HOEP (Legacy)
2012-04-08 05:00:00,2012,4,6,11941,19.02,HOEP (Legacy)
2012-04-08 06:00:00,2012,4,7,12386,16.36,HOEP (Legacy)
2012-04-08 07:00:00,2012,4,8,13121,18.25,HOEP (Legacy)
2012-04-08 08:00:00,2012,4,9,13608,17.81,HOEP (Legacy)
2012-04-08 09:00:00,2012,4,10,13655,14.51,HOEP (Legacy)
2012-04-08 10:00:00,2012,4,11,13744,14.39,HOEP (Legacy)
2012-04-08 11:00:00,2012,4,12,13752,14.22,HOEP (Legacy)
2012-04-08 12:00:00,2012,4,13,13613,14.29,HOEP (Legacy)
2012-04-08 13:00:00,2012,4,14,13453,14.09,HOEP (Legacy)
2012-04-08 14:00:00,2012,4,15,13343,13.27,HOEP (Legacy)
2012-04-08 15:00:00,2012,4,16,13486,13.44,HOEP (Legacy)
2012-04-08 16:00:00,2012,4,17,13478,12.84,HOEP (Legacy)
2012-04-08 17:00:00,2012,4,18,13335,10.95,HOEP (Legacy)
2012-04-08 18:00:00,2012,4,19,13576,14.73,HOEP (Legacy)
2012-04-08 19:00:00,2012,4,20,14631,17.8,HOEP (Legacy)
2012-04-08 20:00:00,2012,4,21,14690,48.18,HOEP (Legacy)
2012-04-08 21:00:00,2012,4,22,14145,14.92,HOEP (Legacy)
2012-04-08 22:00:00,2012,4,23,13296,14.23,HOEP (Legacy)
2012-04-08 23:00:00,2012,4,24,12613,12.02,HOEP (Legacy)
2012-04-09 00:00:00,2012,4,1,12106,13.38,HOEP (Legacy)
2012-04-09 01:00:00,2012,4,2,12065,13.75,HOEP (Legacy)
2012-04-09 02:00:00,2012,4,3,12068,13.4,HOEP (Legacy)
2012-04-09 03:00:00,2012,4,4,12151,13.35,HOEP (Legacy)
2012-04-09 04:00:00,2012,4,5,12733,16.08,HOEP (Legacy)
2012-04-09 05:00:00,2012,4,6,14002,15.69,HOEP (Legacy)
2012-04-09 06:00:00,2012,4,7,14701,15.3,HOEP (Legacy)
2012-04-09 07:00:00,2012,4,8,15607,16.52,HOEP (Legacy)
2012-04-09 08:00:00,2012,4,9,15941,17.5,HOEP (Legacy)
2012-04-09 09:00:00,2012,4,10,16173,17.55,HOEP (Legacy)
2012-04-09 10:00:00,2012,4,11,16302,19.84,HOEP (Legacy)
2012-04-09 11:00:00,2012,4,12,16168,18.06,HOEP (Legacy)
2012-04-09 12:00:00,2012,4,13,15967,19.28,HOEP (Legacy)
2012-04-09 13:00:00,2012,4,14,15795,17.91,HOEP (Legacy)
2012-04-09 14:00:00,2012,4,15,15776,17.74,HOEP (Legacy)
2012-04-09 15:00:00,2012,4,16,15869,16.97,HOEP (Legacy)
2012-04-09 16:00:00,2012,4,17,15976,15.62,HOEP (Legacy)
2012-04-09 17:00:00,2012,4,18,15927,15.96,HOEP (Legacy)
2012-04-09 18:00:00,2012,4,19,16281,17.4,HOEP (Legacy)
2012-04-09 19:00:00,2012,4,20,17145,20.05,HOEP (Legacy)
2012-04-09 20:00:00,2012,4,21,16639,18.39,HOEP (Legacy)
2012-04-09 21:00:00,2012,4,22,15474,14.83,HOEP (Legacy)
2012-04-09 22:00:00,2012,4,23,14273,17.16,HOEP (Legacy)
2012-04-09 23:00:00,2012,4,24,13532,12.18,HOEP (Legacy)
2012-04-10 00:00:00,2012,4,1,13180,12.11,HOEP (Legacy)
2012-04-10 01:00:00,2012,4,2,12879,12.52,HOEP (Legacy)
2012-04-10 02:00:00,2012,4,3,12825,12.52,HOEP (Legacy)
2012-04-10 03:00:00,2012,4,4,12923,12.27,HOEP (Legacy)
2012-04-10 04:00:00,2012,4,5,13462,16.05,HOEP (Legacy)
2012-04-10 05:00:00,2012,4,6,14922,15.51,HOEP (Legacy)
2012-04-10 06:00:00,2012,4,7,16097,17.62,HOEP (Legacy)
2012-04-10 07:00:00,2012,4,8,16581,17.19,HOEP (Legacy)
2012-04-10 08:00:00,2012,4,9,16537,14.27,HOEP (Legacy)
2012-04-10 09:00:00,2012,4,10,16565,15.5,HOEP (Legacy)
2012-04-10 10:00:00,2012,4,11,16681,16.45,HOEP (Legacy)
2012-04-10 11:00:00,2012,4,12,16621,16.55,HOEP (Legacy)
2012-04-10 12:00:00,2012,4,13,16590,17.54,HOEP (Legacy)
2012-04-10 13:00:00,2012,4,14,16467,16.92,HOEP (Legacy)
2012-04-10 14:00:00,2012,4,15,16324,16.77,HOEP (Legacy)
2012-04-10 15:00:00,2012,4,16,16771,17.55,HOEP (Legacy)
2012-04-10 16:00:00,2012,4,17,16925,17.56,HOEP (Legacy)
2012-04-10 17:00:00,2012,4,18,16982,17.98,HOEP (Legacy)
2012-04-10 18:00:00,2012,4,19,17271,18.98,HOEP (Legacy)
2012-04-10 19:00:00,2012,4,20,17721,17.24,HOEP (Legacy)
2012-04-10 20:00:00,2012,4,21,17323,16.81,HOEP (Legacy)
2012-04-10 21:00:00,2012,4,22,16179,14.98,HOEP (Legacy)
2012-04-10 22:00:00,2012,4,23,14828,15.42,HOEP (Legacy)
2012-04-10 23:00:00,2012,4,24,13941,13.57,HOEP (Legacy)
2012-04-11 00:00:00,2012,4,1,13434,16.71,HOEP (Legacy)
2012-04-11 01:00:00,2012,4,2,13134,15.08,HOEP (Legacy)
2012-04-11 02:00:00,2012,4,3,13086,13.42,HOEP (Legacy)
2012-04-11 03:00:00,2012,4,4,13191,13.17,HOEP (Legacy)
2012-04-11 04:00:00,2012,4,5,13808,15.4,HOEP (Legacy)
2012-04-11 05:00:00,2012,4,6,15242,17.19,HOEP (Legacy)
2012-04-11 06:00:00,2012,4,7,16228,19.05,HOEP (Legacy)
2012-04-11 07:00:00,2012,4,8,16555,17.78,HOEP (Legacy)
2012-04-11 08:00:00,2012,4,9,16523,17.43,HOEP (Legacy)
2012-04-11 09:00:00,2012,4,10,16523,17.53,HOEP (Legacy)
2012-04-11 10:00:00,2012,4,11,16597,18.14,HOEP (Legacy)
2012-04-11 11:00:00,2012,4,12,16361,17.43,HOEP (Legacy)
2012-04-11 12:00:00,2012,4,13,16225,17.39,HOEP (Legacy)
2012-04-11 13:00:00,2012,4,14,15891,17.33,HOEP (Legacy)
2012-04-11 14:00:00,2012,4,15,15875,17.34,HOEP (Legacy)
2012-04-11 15:00:00,2012,4,16,16102,17.36,HOEP (Legacy)
2012-04-11 16:00:00,2012,4,17,16299,17.42,HOEP (Legacy)
2012-04-11 17:00:00,2012,4,18,16275,19.44,HOEP (Legacy)
2012-04-11 18:00:00,2012,4,19,16703,17.69,HOEP (Legacy)
2012-04-11 19:00:00,2012,4,20,17361,21.08,HOEP (Legacy)
2012-04-11 20:00:00,2012,4,21,16993,21.34,HOEP (Legacy)
2012-04-11 21:00:00,2012,4,22,16040,19.81,HOEP (Legacy)
2012-04-11 22:00:00,2012,4,23,14638,18.13,HOEP (Legacy)
2012-04-11 23:00:00,2012,4,24,13749,14.15,HOEP (Legacy)
2012-04-12 00:00:00,2012,4,1,13245,15.36,HOEP (Legacy)
2012-04-12 01:00:00,2012,4,2,13043,15.81,HOEP (Legacy)
2012-04-12 02:00:00,2012,4,3,12937,13.42,HOEP (Legacy)
2012-04-12 03:00:00,2012,4,4,13054,13.42,HOEP (Legacy)
2012-04-12 04:00:00,2012,4,5,13789,15.07,HOEP (Legacy)
2012-04-12 05:00:00,2012,4,6,15105,17.95,HOEP (Legacy)
2012-04-12 06:00:00,2012,4,7,16243,18.08,HOEP (Legacy)
2012-04-12 07:00:00,2012,4,8,16354,17.3,HOEP (Legacy)
2012-04-12 08:00:00,2012,4,9,16312,17.02,HOEP (Legacy)
2012-04-12 09:00:00,2012,4,10,16125,16.86,HOEP (Legacy)
2012-04-12 10:00:00,2012,4,11,16140,16.36,HOEP (Legacy)
2012-04-12 11:00:00,2012,4,12,16123,16.3,HOEP (Legacy)
2012-04-12 12:00:00,2012,4,13,16185,16.3,HOEP (Legacy)
2012-04-12 13:00:00,2012,4,14,15745,15.68,HOEP (Legacy)
2012-04-12 14:00:00,2012,4,15,15701,16.21,HOEP (Legacy)
2012-04-12 15:00:00,2012,4,16,15975,18.12,HOEP (Legacy)
2012-04-12 16:00:00,2012,4,17,16051,18.82,HOEP (Legacy)
2012-04-12 17:00:00,2012,4,18,16013,19.05,HOEP (Legacy)
2012-04-12 18:00:00,2012,4,19,16426,21.06,HOEP (Legacy)
2012-04-12 19:00:00,2012,4,20,17000,21.39,HOEP (Legacy)
2012-04-12 20:00:00,2012,4,21,16898,21.23,HOEP (Legacy)
2012-04-12 21:00:00,2012,4,22,15711,20.58,HOEP (Legacy)
2012-04-12 22:00:00,2012,4,23,15160,19.44,HOEP (Legacy)
2012-04-12 23:00:00,2012,4,24,13693,16.98,HOEP (Legacy)
2012-04-13 00:00:00,2012,4,1,13198,16.17,HOEP (Legacy)
2012-04-13 01:00:00,2012,4,2,13083,14.63,HOEP (Legacy)
2012-04-13 02:00:00,2012,4,3,12888,14.56,HOEP (Legacy)
2012-04-13 03:00:00,2012,4,4,13056,14.92,HOEP (Legacy)
2012-04-13 04:00:00,2012,4,5,13692,16.14,HOEP (Legacy)
2012-04-13 05:00:00,2012,4,6,14991,18.75,HOEP (Legacy)
2012-04-13 06:00:00,2012,4,7,16024,18.2,HOEP (Legacy)
2012-04-13 07:00:00,2012,4,8,16196,16.66,HOEP (Legacy)
2012-04-13 08:00:00,2012,4,9,15976,18.05,HOEP (Legacy)
2012-04-13 09:00:00,2012,4,10,15858,17.67,HOEP (Legacy)
2012-04-13 10:00:00,2012,4,11,15862,18.75,HOEP (Legacy)
2012-04-13 11:00:00,2012,4,12,15728,18.59,HOEP (Legacy)
2012-04-13 12:00:00,2012,4,13,15645,18.79,HOEP (Legacy)
2012-04-13 13:00:00,2012,4,14,15404,18.1,HOEP (Legacy)
2012-04-13 14:00:00,2012,4,15,15274,18.46,HOEP (Legacy)
2012-04-13 15:00:00,2012,4,16,15397,18.65,HOEP (Legacy)
2012-04-13 16:00:00,2012,4,17,15337,17.1,HOEP (Legacy)
2012-04-13 17:00:00,2012,4,18,15177,16.92,HOEP (Legacy)
2012-04-13 18:00:00,2012,4,19,15527,16.36,HOEP (Legacy)
2012-04-13 19:00:00,2012,4,20,16394,18.88,HOEP (Legacy)
2012-04-13 20:00:00,2012,4,21,16101,18.55,HOEP (Legacy)
2012-04-13 21:00:00,2012,4,22,15068,17.36,HOEP (Legacy)
2012-04-13 22:00:00,2012,4,23,13910,16.65,HOEP (Legacy)
2012-04-13 23:00:00,2012,4,24,13033,11.28,HOEP (Legacy)
2012-04-14 00:00:00,2012,4,1,12489,19.36,HOEP (Legacy)
2012-04-14 01:00:00,2012,4,2,12293,20.58,HOEP (Legacy)
2012-04-14 02:00:00,2012,4,3,12179,15.01,HOEP (Legacy)
2012-04-14 03:00:00,2012,4,4,12138,14.92,HOEP (Legacy)
2012-04-14 04:00:00,2012,4,5,12340,16.14,HOEP (Legacy)
2012-04-14 05:00:00,2012,4,6,12866,17.18,HOEP (Legacy)
2012-04-14 06:00:00,2012,4,7,13382,18.92,HOEP (Legacy)
2012-04-14 07:00:00,2012,4,8,13419,18.84,HOEP (Legacy)
2012-04-14 08:00:00,2012,4,9,13232,18.87,HOEP (Legacy)
2012-04-14 09:00:00,2012,4,10,14695,19.07,HOEP (Legacy)
2012-04-14 10:00:00,2012,4,11,15340,17.58,HOEP (Legacy)
2012-04-14 11:00:00,2012,4,12,15069,17.17,HOEP (Legacy)
2012-04-14 12:00:00,2012,4,13,14912,16.58,HOEP (Legacy)
2012-04-14 13:00:00,2012,4,14,14520,16.51,HOEP (Legacy)
2012-04-14 14:00:00,2012,4,15,14377,16.47,HOEP (Legacy)
2012-04-14 15:00:00,2012,4,16,14461,16.58,HOEP (Legacy)
2012-04-14 16:00:00,2012,4,17,14656,16.58,HOEP (Legacy)
2012-04-14 17:00:00,2012,4,18,14541,16.79,HOEP (Legacy)
2012-04-14 18:00:00,2012,4,19,14628,16.78,HOEP (Legacy)
2012-04-14 19:00:00,2012,4,20,15114,16.76,HOEP (Legacy)
2012-04-14 20:00:00,2012,4,21,14766,15.83,HOEP (Legacy)
2012-04-14 21:00:00,2012,4,22,14024,15.84,HOEP (Legacy)
2012-04-14 22:00:00,2012,4,23,13124,15.56,HOEP (Legacy)
2012-04-14 23:00:00,2012,4,24,12398,13.83,HOEP (Legacy)
2012-04-15 00:00:00,2012,4,1,11842,19.32,HOEP (Legacy)
2012-04-15 01:00:00,2012,4,2,11478,20.05,HOEP (Legacy)
2012-04-15 02:00:00,2012,4,3,11292,21.38,HOEP (Legacy)
2012-04-15 03:00:00,2012,4,4,11248,16.26,HOEP (Legacy)
2012-04-15 04:00:00,2012,4,5,11401,14.36,HOEP (Legacy)
2012-04-15 05:00:00,2012,4,6,11793,11.82,HOEP (Legacy)
2012-04-15 06:00:00,2012,4,7,12236,14.11,HOEP (Legacy)
2012-04-15 07:00:00,2012,4,8,13027,15.76,HOEP (Legacy)
2012-04-15 08:00:00,2012,4,9,13774,16.4,HOEP (Legacy)
2012-04-15 09:00:00,2012,4,10,14213,16.58,HOEP (Legacy)
2012-04-15 10:00:00,2012,4,11,14501,16.78,HOEP (Legacy)
2012-04-15 11:00:00,2012,4,12,14695,16.56,HOEP (Legacy)
2012-04-15 12:00:00,2012,4,13,14660,16.56,HOEP (Legacy)
2012-04-15 13:00:00,2012,4,14,14599,16.59,HOEP (Legacy)
2012-04-15 14:00:00,2012,4,15,14487,16.6,HOEP (Legacy)
2012-04-15 15:00:00,2012,4,16,14660,18.09,HOEP (Legacy)
2012-04-15 16:00:00,2012,4,17,14989,19.47,HOEP (Legacy)
2012-04-15 17:00:00,2012,4,18,15027,19.49,HOEP (Legacy)
2012-04-15 18:00:00,2012,4,19,15108,21.16,HOEP (Legacy)
2012-04-15 19:00:00,2012,4,20,15554,19.52,HOEP (Legacy)
2012-04-15 20:00:00,2012,4,21,15064,18.62,HOEP (Legacy)
2012-04-15 21:00:00,2012,4,22,14168,17.24,HOEP (Legacy)
2012-04-15 22:00:00,2012,4,23,13222,13.89,HOEP (Legacy)
2012-04-15 23:00:00,2012,4,24,12359,12.65,HOEP (Legacy)
2012-04-16 00:00:00,2012,4,1,11868,15.31,HOEP (Legacy)
2012-04-16 01:00:00,2012,4,2,11900,14.6,HOEP (Legacy)
2012-04-16 02:00:00,2012,4,3,11747,13.73,HOEP (Legacy)
2012-04-16 03:00:00,2012,4,4,11844,7.03,HOEP (Legacy)
2012-04-16 04:00:00,2012,4,5,12306,4.79,HOEP (Legacy)
2012-04-16 05:00:00,2012,4,6,13644,13.75,HOEP (Legacy)
2012-04-16 06:00:00,2012,4,7,14936,15.77,HOEP (Legacy)
2012-04-16 07:00:00,2012,4,8,15568,16.1,HOEP (Legacy)
2012-04-16 08:00:00,2012,4,9,15801,16.37,HOEP (Legacy)
2012-04-16 09:00:00,2012,4,10,16060,16.17,HOEP (Legacy)
2012-04-16 10:00:00,2012,4,11,16270,18.28,HOEP (Legacy)
2012-04-16 11:00:00,2012,4,12,16196,19.03,HOEP (Legacy)
2012-04-16 12:00:00,2012,4,13,16309,18.18,HOEP (Legacy)
2012-04-16 13:00:00,2012,4,14,16315,16.24,HOEP (Legacy)
2012-04-16 14:00:00,2012,4,15,16376,15.62,HOEP (Legacy)
2012-04-16 15:00:00,2012,4,16,16488,16.0,HOEP (Legacy)
2012-04-16 16:00:00,2012,4,17,16565,15.67,HOEP (Legacy)
2012-04-16 17:00:00,2012,4,18,16313,14.76,HOEP (Legacy)
2012-04-16 18:00:00,2012,4,19,16343,14.2,HOEP (Legacy)
2012-04-16 19:00:00,2012,4,20,16851,14.68,HOEP (Legacy)
2012-04-16 20:00:00,2012,4,21,16445,16.21,HOEP (Legacy)
2012-04-16 21:00:00,2012,4,22,15254,12.69,HOEP (Legacy)
2012-04-16 22:00:00,2012,4,23,14008,-6.27,HOEP (Legacy)
2012-04-16 23:00:00,2012,4,24,13071,14.07,HOEP (Legacy)
2012-04-17 00:00:00,2012,4,1,12564,12.1,HOEP (Legacy)
2012-04-17 01:00:00,2012,4,2,12364,10.81,HOEP (Legacy)
2012-04-17 02:00:00,2012,4,3,12316,9.98,HOEP (Legacy)
2012-04-17 03:00:00,2012,4,4,12409,11.53,HOEP (Legacy)
2012-04-17 04:00:00,2012,4,5,12968,12.25,HOEP (Legacy)
2012-04-17 05:00:00,2012,4,6,14286,17.01,HOEP (Legacy)
2012-04-17 06:00:00,2012,4,7,15362,17.71,HOEP (Legacy)
2012-04-17 07:00:00,2012,4,8,15852,17.01,HOEP (Legacy)
2012-04-17 08:00:00,2012,4,9,15951,17.03,HOEP (Legacy)
2012-04-17 09:00:00,2012,4,10,16056,16.99,HOEP (Legacy)
2012-04-17 10:00:00,2012,4,11,16126,17.09,HOEP (Legacy)
2012-04-17 11:00:00,2012,4,12,15930,17.08,HOEP (Legacy)
2012-04-17 12:00:00,2012,4,13,15953,17.03,HOEP (Legacy)
2012-04-17 13:00:00,2012,4,14,15784,17.04,HOEP (Legacy)
2012-04-17 14:00:00,2012,4,15,15787,17.51,HOEP (Legacy)
2012-04-17 15:00:00,2012,4,16,16053,19.64,HOEP (Legacy)
2012-04-17 16:00:00,2012,4,17,16254,19.92,HOEP (Legacy)
2012-04-17 17:00:00,2012,4,18,16158,19.41,HOEP (Legacy)
2012-04-17 18:00:00,2012,4,19,16348,20.42,HOEP (Legacy)
2012-04-17 19:00:00,2012,4,20,16998,20.37,HOEP (Legacy)
2012-04-17 20:00:00,2012,4,21,16844,19.98,HOEP (Legacy)
2012-04-17 21:00:00,2012,4,22,15850,15.61,HOEP (Legacy)
2012-04-17 22:00:00,2012,4,23,14576,18.22,HOEP (Legacy)
2012-04-17 23:00:00,2012,4,24,13658,14.58,HOEP (Legacy)
2012-04-18 00:00:00,2012,4,1,13170,15.33,HOEP (Legacy)
2012-04-18 01:00:00,2012,4,2,13105,14.3,HOEP (Legacy)
2012-04-18 02:00:00,2012,4,3,13036,14.3,HOEP (Legacy)
2012-04-18 03:00:00,2012,4,4,13186,14.3,HOEP (Legacy)
2012-04-18 04:00:00,2012,4,5,13769,14.93,HOEP (Legacy)
2012-04-18 05:00:00,2012,4,6,15031,18.41,HOEP (Legacy)
2012-04-18 06:00:00,2012,4,7,16005,18.58,HOEP (Legacy)
2012-04-18 07:00:00,2012,4,8,16347,18.15,HOEP (Legacy)
2012-04-18 08:00:00,2012,4,9,16129,18.28,HOEP (Legacy)
2012-04-18 09:00:00,2012,4,10,16170,18.94,HOEP (Legacy)
2012-04-18 10:00:00,2012,4,11,16077,19.35,HOEP (Legacy)
2012-04-18 11:00:00,2012,4,12,15964,17.94,HOEP (Legacy)
2012-04-18 12:00:00,2012,4,13,15913,18.26,HOEP (Legacy)
2012-04-18 13:00:00,2012,4,14,15723,21.02,HOEP (Legacy)
2012-04-18 14:00:00,2012,4,15,15741,20.04,HOEP (Legacy)
2012-04-18 15:00:00,2012,4,16,16059,23.29,HOEP (Legacy)
2012-04-18 16:00:00,2012,4,17,16093,19.35,HOEP (Legacy)
2012-04-18 17:00:00,2012,4,18,16038,17.65,HOEP (Legacy)
2012-04-18 18:00:00,2012,4,19,16297,18.05,HOEP (Legacy)
2012-04-18 19:00:00,2012,4,20,17032,25.97,HOEP (Legacy)
2012-04-18 20:00:00,2012,4,21,16912,24.85,HOEP (Legacy)
2012-04-18 21:00:00,2012,4,22,15757,16.41,HOEP (Legacy)
2012-04-18 22:00:00,2012,4,23,14317,15.18,HOEP (Legacy)
2012-04-18 23:00:00,2012,4,24,13442,14.32,HOEP (Legacy)
2012-04-19 00:00:00,2012,4,1,13054,13.74,HOEP (Legacy)
2012-04-19 01:00:00,2012,4,2,12854,0.55,HOEP (Legacy)
2012-04-19 02:00:00,2012,4,3,12692,-34.51,HOEP (Legacy)
2012-04-19 03:00:00,2012,4,4,12866,2.66,HOEP (Legacy)
2012-04-19 04:00:00,2012,4,5,13408,13.52,HOEP (Legacy)
2012-04-19 05:00:00,2012,4,6,14699,18.35,HOEP (Legacy)
2012-04-19 06:00:00,2012,4,7,15650,18.88,HOEP (Legacy)
2012-04-19 07:00:00,2012,4,8,15952,18.66,HOEP (Legacy)
2012-04-19 08:00:00,2012,4,9,15964,18.31,HOEP (Legacy)
2012-04-19 09:00:00,2012,4,10,16041,20.08,HOEP (Legacy)
2012-04-19 10:00:00,2012,4,11,16102,20.71,HOEP (Legacy)
2012-04-19 11:00:00,2012,4,12,16046,19.28,HOEP (Legacy)
2012-04-19 12:00:00,2012,4,13,16138,19.76,HOEP (Legacy)
2012-04-19 13:00:00,2012,4,14,16056,18.79,HOEP (Legacy)
2012-04-19 14:00:00,2012,4,15,15993,19.99,HOEP (Legacy)
2012-04-19 15:00:00,2012,4,16,16257,20.92,HOEP (Legacy)
2012-04-19 16:00:00,2012,4,17,16277,19.68,HOEP (Legacy)
2012-04-19 17:00:00,2012,4,18,16085,17.95,HOEP (Legacy)
2012-04-19 18:00:00,2012,4,19,16254,18.22,HOEP (Legacy)
2012-04-19 19:00:00,2012,4,20,16818,20.99,HOEP (Legacy)
2012-04-19 20:00:00,2012,4,21,16482,18.91,HOEP (Legacy)
2012-04-19 21:00:00,2012,4,22,15324,16.33,HOEP (Legacy)
2012-04-19 22:00:00,2012,4,23,14104,16.17,HOEP (Legacy)
2012-04-19 23:00:00,2012,4,24,13223,0.61,HOEP (Legacy)
2012-04-20 00:00:00,2012,4,1,12612,14.36,HOEP (Legacy)
2012-04-20 01:00:00,2012,4,2,12363,14.89,HOEP (Legacy)
2012-04-20 02:00:00,2012,4,3,12107,14.38,HOEP (Legacy)
2012-04-20 03:00:00,2012,4,4,12271,14.34,HOEP (Legacy)
2012-04-20 04:00:00,2012,4,5,12817,-14.21,HOEP (Legacy)
2012-04-20 05:00:00,2012,4,6,13993,18.82,HOEP (Legacy)
2012-04-20 06:00:00,2012,4,7,15362,16.76,HOEP (Legacy)
2012-04-20 07:00:00,2012,4,8,15795,16.35,HOEP (Legacy)
2012-04-20 08:00:00,2012,4,9,15785,16.92,HOEP (Legacy)
2012-04-20 09:00:00,2012,4,10,15973,18.16,HOEP (Legacy)
2012-04-20 10:00:00,2012,4,11,16047,18.14,HOEP (Legacy)
2012-04-20 11:00:00,2012,4,12,15942,16.57,HOEP (Legacy)
2012-04-20 12:00:00,2012,4,13,15828,17.86,HOEP (Legacy)
2012-04-20 13:00:00,2012,4,14,15697,17.17,HOEP (Legacy)
2012-04-20 14:00:00,2012,4,15,15558,17.15,HOEP (Legacy)
2012-04-20 15:00:00,2012,4,16,15690,17.1,HOEP (Legacy)
2012-04-20 16:00:00,2012,4,17,15776,19.53,HOEP (Legacy)
2012-04-20 17:00:00,2012,4,18,15602,18.26,HOEP (Legacy)
2012-04-20 18:00:00,2012,4,19,15816,18.31,HOEP (Legacy)
2012-04-20 19:00:00,2012,4,20,16474,18.57,HOEP (Legacy)
2012-04-20 20:00:00,2012,4,21,16096,16.85,HOEP (Legacy)
2012-04-20 21:00:00,2012,4,22,14917,15.17,HOEP (Legacy)
2012-04-20 22:00:00,2012,4,23,13798,17.92,HOEP (Legacy)
2012-04-20 23:00:00,2012,4,24,12964,14.79,HOEP (Legacy)
2012-04-21 00:00:00,2012,4,1,12407,15.19,HOEP (Legacy)
2012-04-21 01:00:00,2012,4,2,12040,14.69,HOEP (Legacy)
2012-04-21 02:00:00,2012,4,3,11937,14.38,HOEP (Legacy)
2012-04-21 03:00:00,2012,4,4,11919,15.37,HOEP (Legacy)
2012-04-21 04:00:00,2012,4,5,12121,14.89,HOEP (Legacy)
2012-04-21 05:00:00,2012,4,6,12757,14.38,HOEP (Legacy)
2012-04-21 06:00:00,2012,4,7,13447,16.21,HOEP (Legacy)
2012-04-21 07:00:00,2012,4,8,14430,17.02,HOEP (Legacy)
2012-04-21 08:00:00,2012,4,9,15172,18.97,HOEP (Legacy)
2012-04-21 09:00:00,2012,4,10,15565,19.45,HOEP (Legacy)
2012-04-21 10:00:00,2012,4,11,15752,20.57,HOEP (Legacy)
2012-04-21 11:00:00,2012,4,12,15586,22.3,HOEP (Legacy)
2012-04-21 12:00:00,2012,4,13,15271,17.92,HOEP (Legacy)
2012-04-21 13:00:00,2012,4,14,15092,17.64,HOEP (Legacy)
2012-04-21 14:00:00,2012,4,15,14896,16.92,HOEP (Legacy)
2012-04-21 15:00:00,2012,4,16,15064,17.47,HOEP (Legacy)
2012-04-21 16:00:00,2012,4,17,15290,18.73,HOEP (Legacy)
2012-04-21 17:00:00,2012,4,18,15218,18.16,HOEP (Legacy)
2012-04-21 18:00:00,2012,4,19,15162,16.45,HOEP (Legacy)
2012-04-21 19:00:00,2012,4,20,15556,19.29,HOEP (Legacy)
2012-04-21 20:00:00,2012,4,21,15366,17.3,HOEP (Legacy)
2012-04-21 21:00:00,2012,4,22,14558,17.15,HOEP (Legacy)
2012-04-21 22:00:00,2012,4,23,13558,14.96,HOEP (Legacy)
2012-04-21 23:00:00,2012,4,24,12758,13.76,HOEP (Legacy)
2012-04-22 00:00:00,2012,4,1,12335,15.51,HOEP (Legacy)
2012-04-22 01:00:00,2012,4,2,12081,15.82,HOEP (Legacy)
2012-04-22 02:00:00,2012,4,3,11944,15.02,HOEP (Legacy)
2012-04-22 03:00:00,2012,4,4,11943,14.36,HOEP (Legacy)
2012-04-22 04:00:00,2012,4,5,12061,0.77,HOEP (Legacy)
2012-04-22 05:00:00,2012,4,6,12347,14.18,HOEP (Legacy)
2012-04-22 06:00:00,2012,4,7,12742,14.0,HOEP (Legacy)
2012-04-22 07:00:00,2012,4,8,13548,13.9,HOEP (Legacy)
2012-04-22 08:00:00,2012,4,9,14111,16.09,HOEP (Legacy)
2012-04-22 09:00:00,2012,4,10,14402,16.13,HOEP (Legacy)
2012-04-22 10:00:00,2012,4,11,14564,17.82,HOEP (Legacy)
2012-04-22 11:00:00,2012,4,12,14593,16.23,HOEP (Legacy)
2012-04-22 12:00:00,2012,4,13,14418,16.25,HOEP (Legacy)
2012-04-22 13:00:00,2012,4,14,14163,16.09,HOEP (Legacy)
2012-04-22 14:00:00,2012,4,15,14014,16.15,HOEP (Legacy)
2012-04-22 15:00:00,2012,4,16,14197,16.15,HOEP (Legacy)
2012-04-22 16:00:00,2012,4,17,14469,16.1,HOEP (Legacy)
2012-04-22 17:00:00,2012,4,18,14515,16.09,HOEP (Legacy)
2012-04-22 18:00:00,2012,4,19,14611,15.88,HOEP (Legacy)
2012-04-22 19:00:00,2012,4,20,15407,16.7,HOEP (Legacy)
2012-04-22 20:00:00,2012,4,21,15390,32.83,HOEP (Legacy)
2012-04-22 21:00:00,2012,4,22,14506,19.2,HOEP (Legacy)
2012-04-22 22:00:00,2012,4,23,13356,14.46,HOEP (Legacy)
2012-04-22 23:00:00,2012,4,24,12671,13.33,HOEP (Legacy)
2012-04-23 00:00:00,2012,4,1,12392,14.29,HOEP (Legacy)
2012-04-23 01:00:00,2012,4,2,12141,14.25,HOEP (Legacy)
2012-04-23 02:00:00,2012,4,3,12094,14.19,HOEP (Legacy)
2012-04-23 03:00:00,2012,4,4,12277,14.09,HOEP (Legacy)
2012-04-23 04:00:00,2012,4,5,12962,14.42,HOEP (Legacy)
2012-04-23 05:00:00,2012,4,6,14416,18.83,HOEP (Legacy)
2012-04-23 06:00:00,2012,4,7,15813,18.17,HOEP (Legacy)
2012-04-23 07:00:00,2012,4,8,16300,16.09,HOEP (Legacy)
2012-04-23 08:00:00,2012,4,9,16434,16.7,HOEP (Legacy)
2012-04-23 09:00:00,2012,4,10,16552,16.62,HOEP (Legacy)
2012-04-23 10:00:00,2012,4,11,16875,18.84,HOEP (Legacy)
2012-04-23 11:00:00,2012,4,12,16895,21.17,HOEP (Legacy)
2012-04-23 12:00:00,2012,4,13,16820,18.51,HOEP (Legacy)
2012-04-23 13:00:00,2012,4,14,16804,16.73,HOEP (Legacy)
2012-04-23 14:00:00,2012,4,15,16874,17.7,HOEP (Legacy)
2012-04-23 15:00:00,2012,4,16,17278,18.43,HOEP (Legacy)
2012-04-23 16:00:00,2012,4,17,17504,20.6,HOEP (Legacy)
2012-04-23 17:00:00,2012,4,18,17251,20.19,HOEP (Legacy)
2012-04-23 18:00:00,2012,4,19,17467,21.7,HOEP (Legacy)
2012-04-23 19:00:00,2012,4,20,17874,21.04,HOEP (Legacy)
2012-04-23 20:00:00,2012,4,21,17264,31.35,HOEP (Legacy)
2012-04-23 21:00:00,2012,4,22,16073,16.74,HOEP (Legacy)
2012-04-23 22:00:00,2012,4,23,14620,15.87,HOEP (Legacy)
2012-04-23 23:00:00,2012,4,24,13721,14.01,HOEP (Legacy)
2012-04-24 00:00:00,2012,4,1,13357,16.79,HOEP (Legacy)
2012-04-24 01:00:00,2012,4,2,13087,17.03,HOEP (Legacy)
2012-04-24 02:00:00,2012,4,3,12940,15.29,HOEP (Legacy)
2012-04-24 03:00:00,2012,4,4,13102,14.38,HOEP (Legacy)
2012-04-24 04:00:00,2012,4,5,13698,14.75,HOEP (Legacy)
2012-04-24 05:00:00,2012,4,6,15059,19.21,HOEP (Legacy)
2012-04-24 06:00:00,2012,4,7,16469,21.24,HOEP (Legacy)
2012-04-24 07:00:00,2012,4,8,16776,18.29,HOEP (Legacy)
2012-04-24 08:00:00,2012,4,9,16859,19.93,HOEP (Legacy)
2012-04-24 09:00:00,2012,4,10,16847,20.36,HOEP (Legacy)
2012-04-24 10:00:00,2012,4,11,16731,20.09,HOEP (Legacy)
2012-04-24 11:00:00,2012,4,12,16737,19.28,HOEP (Legacy)
2012-04-24 12:00:00,2012,4,13,16495,17.92,HOEP (Legacy)
2012-04-24 13:00:00,2012,4,14,16403,17.71,HOEP (Legacy)
2012-04-24 14:00:00,2012,4,15,16345,18.44,HOEP (Legacy)
2012-04-24 15:00:00,2012,4,16,16638,19.14,HOEP (Legacy)
2012-04-24 16:00:00,2012,4,17,16852,22.74,HOEP (Legacy)
2012-04-24 17:00:00,2012,4,18,16529,19.3,HOEP (Legacy)
2012-04-24 18:00:00,2012,4,19,16746,21.18,HOEP (Legacy)
2012-04-24 19:00:00,2012,4,20,17302,31.15,HOEP (Legacy)
2012-04-24 20:00:00,2012,4,21,17017,51.57,HOEP (Legacy)
2012-04-24 21:00:00,2012,4,22,15861,20.62,HOEP (Legacy)
2012-04-24 22:00:00,2012,4,23,14487,16.34,HOEP (Legacy)
2012-04-24 23:00:00,2012,4,24,13591,14.26,HOEP (Legacy)
2012-04-25 00:00:00,2012,4,1,13230,14.64,HOEP (Legacy)
2012-04-25 01:00:00,2012,4,2,12924,14.76,HOEP (Legacy)
2012-04-25 02:00:00,2012,4,3,12885,17.66,HOEP (Legacy)
2012-04-25 03:00:00,2012,4,4,12953,16.49,HOEP (Legacy)
2012-04-25 04:00:00,2012,4,5,13454,17.63,HOEP (Legacy)
2012-04-25 05:00:00,2012,4,6,14822,21.44,HOEP (Legacy)
2012-04-25 06:00:00,2012,4,7,16123,34.27,HOEP (Legacy)
2012-04-25 07:00:00,2012,4,8,16338,23.5,HOEP (Legacy)
2012-04-25 08:00:00,2012,4,9,16286,52.64,HOEP (Legacy)
2012-04-25 09:00:00,2012,4,10,16118,21.02,HOEP (Legacy)
2012-04-25 10:00:00,2012,4,11,16157,22.92,HOEP (Legacy)
2012-04-25 11:00:00,2012,4,12,16059,20.54,HOEP (Legacy)
2012-04-25 12:00:00,2012,4,13,15995,21.64,HOEP (Legacy)
2012-04-25 13:00:00,2012,4,14,15810,20.68,HOEP (Legacy)
2012-04-25 14:00:00,2012,4,15,15852,20.63,HOEP (Legacy)
2012-04-25 15:00:00,2012,4,16,15951,20.42,HOEP (Legacy)
2012-04-25 16:00:00,2012,4,17,16077,20.51,HOEP (Legacy)
2012-04-25 17:00:00,2012,4,18,15983,19.88,HOEP (Legacy)
2012-04-25 18:00:00,2012,4,19,15888,19.52,HOEP (Legacy)
2012-04-25 19:00:00,2012,4,20,16590,18.67,HOEP (Legacy)
2012-04-25 20:00:00,2012,4,21,16553,26.98,HOEP (Legacy)
2012-04-25 21:00:00,2012,4,22,15376,17.42,HOEP (Legacy)
2012-04-25 22:00:00,2012,4,23,14134,15.6,HOEP (Legacy)
2012-04-25 23:00:00,2012,4,24,13136,14.22,HOEP (Legacy)
2012-04-26 00:00:00,2012,4,1,12686,13.87,HOEP (Legacy)
2012-04-26 01:00:00,2012,4,2,12427,14.4,HOEP (Legacy)
2012-04-26 02:00:00,2012,4,3,12436,14.36,HOEP (Legacy)
2012-04-26 03:00:00,2012,4,4,12609,14.97,HOEP (Legacy)
2012-04-26 04:00:00,2012,4,5,13248,15.43,HOEP (Legacy)
2012-04-26 05:00:00,2012,4,6,14584,18.1,HOEP (Legacy)
2012-04-26 06:00:00,2012,4,7,15916,19.12,HOEP (Legacy)
2012-04-26 07:00:00,2012,4,8,16460,19.37,HOEP (Legacy)
2012-04-26 08:00:00,2012,4,9,16533,40.99,HOEP (Legacy)
2012-04-26 09:00:00,2012,4,10,16617,54.45,HOEP (Legacy)
2012-04-26 10:00:00,2012,4,11,16705,39.76,HOEP (Legacy)
2012-04-26 11:00:00,2012,4,12,16552,19.89,HOEP (Legacy)
2012-04-26 12:00:00,2012,4,13,16613,17.31,HOEP (Legacy)
2012-04-26 13:00:00,2012,4,14,16568,16.81,HOEP (Legacy)
2012-04-26 14:00:00,2012,4,15,16453,16.88,HOEP (Legacy)
2012-04-26 15:00:00,2012,4,16,16552,18.01,HOEP (Legacy)
2012-04-26 16:00:00,2012,4,17,16555,19.33,HOEP (Legacy)
2012-04-26 17:00:00,2012,4,18,16476,17.02,HOEP (Legacy)
2012-04-26 18:00:00,2012,4,19,16539,17.1,HOEP (Legacy)
2012-04-26 19:00:00,2012,4,20,17001,16.81,HOEP (Legacy)
2012-04-26 20:00:00,2012,4,21,16884,21.95,HOEP (Legacy)
2012-04-26 21:00:00,2012,4,22,15735,26.88,HOEP (Legacy)
2012-04-26 22:00:00,2012,4,23,14424,17.08,HOEP (Legacy)
2012-04-26 23:00:00,2012,4,24,13602,12.68,HOEP (Legacy)
2012-04-27 00:00:00,2012,4,1,13148,10.48,HOEP (Legacy)
2012-04-27 01:00:00,2012,4,2,12955,9.92,HOEP (Legacy)
2012-04-27 02:00:00,2012,4,3,12870,11.41,HOEP (Legacy)
2012-04-27 03:00:00,2012,4,4,13022,9.57,HOEP (Legacy)
2012-04-27 04:00:00,2012,4,5,13608,9.14,HOEP (Legacy)
2012-04-27 05:00:00,2012,4,6,14827,15.69,HOEP (Legacy)
2012-04-27 06:00:00,2012,4,7,16093,17.57,HOEP (Legacy)
2012-04-27 07:00:00,2012,4,8,16577,21.65,HOEP (Legacy)
2012-04-27 08:00:00,2012,4,9,16885,19.22,HOEP (Legacy)
2012-04-27 09:00:00,2012,4,10,16844,20.25,HOEP (Legacy)
2012-04-27 10:00:00,2012,4,11,16702,20.03,HOEP (Legacy)
2012-04-27 11:00:00,2012,4,12,16387,18.21,HOEP (Legacy)
2012-04-27 12:00:00,2012,4,13,16127,21.56,HOEP (Legacy)
2012-04-27 13:00:00,2012,4,14,15895,18.79,HOEP (Legacy)
2012-04-27 14:00:00,2012,4,15,15796,17.73,HOEP (Legacy)
2012-04-27 15:00:00,2012,4,16,15840,17.37,HOEP (Legacy)
2012-04-27 16:00:00,2012,4,17,15810,17.44,HOEP (Legacy)
2012-04-27 17:00:00,2012,4,18,15722,16.99,HOEP (Legacy)
2012-04-27 18:00:00,2012,4,19,15919,16.61,HOEP (Legacy)
2012-04-27 19:00:00,2012,4,20,16482,19.41,HOEP (Legacy)
2012-04-27 20:00:00,2012,4,21,16646,19.45,HOEP (Legacy)
2012-04-27 21:00:00,2012,4,22,15735,16.83,HOEP (Legacy)
2012-04-27 22:00:00,2012,4,23,14520,18.3,HOEP (Legacy)
2012-04-27 23:00:00,2012,4,24,13611,14.4,HOEP (Legacy)
2012-04-28 00:00:00,2012,4,1,13070,16.01,HOEP (Legacy)
2012-04-28 01:00:00,2012,4,2,12834,16.15,HOEP (Legacy)
2012-04-28 02:00:00,2012,4,3,12707,21.48,HOEP (Legacy)
2012-04-28 03:00:00,2012,4,4,12720,18.94,HOEP (Legacy)
2012-04-28 04:00:00,2012,4,5,12892,15.61,HOEP (Legacy)
2012-04-28 05:00:00,2012,4,6,13251,14.4,HOEP (Legacy)
2012-04-28 06:00:00,2012,4,7,13898,17.01,HOEP (Legacy)
2012-04-28 07:00:00,2012,4,8,14536,16.85,HOEP (Legacy)
2012-04-28 08:00:00,2012,4,9,15052,16.1,HOEP (Legacy)
2012-04-28 09:00:00,2012,4,10,15359,17.17,HOEP (Legacy)
2012-04-28 10:00:00,2012,4,11,15169,19.28,HOEP (Legacy)
2012-04-28 11:00:00,2012,4,12,14932,17.08,HOEP (Legacy)
2012-04-28 12:00:00,2012,4,13,14646,17.07,HOEP (Legacy)
2012-04-28 13:00:00,2012,4,14,14356,16.13,HOEP (Legacy)
2012-04-28 14:00:00,2012,4,15,14137,14.07,HOEP (Legacy)
2012-04-28 15:00:00,2012,4,16,14149,14.06,HOEP (Legacy)
2012-04-28 16:00:00,2012,4,17,14405,14.07,HOEP (Legacy)
2012-04-28 17:00:00,2012,4,18,14393,15.55,HOEP (Legacy)
2012-04-28 18:00:00,2012,4,19,14496,15.56,HOEP (Legacy)
2012-04-28 19:00:00,2012,4,20,14913,16.06,HOEP (Legacy)
2012-04-28 20:00:00,2012,4,21,15168,14.91,HOEP (Legacy)
2012-04-28 21:00:00,2012,4,22,14555,15.14,HOEP (Legacy)
2012-04-28 22:00:00,2012,4,23,13664,19.28,HOEP (Legacy)
2012-04-28 23:00:00,2012,4,24,12870,13.69,HOEP (Legacy)
2012-04-29 00:00:00,2012,4,1,12468,13.44,HOEP (Legacy)
2012-04-29 01:00:00,2012,4,2,12294,14.4,HOEP (Legacy)
2012-04-29 02:00:00,2012,4,3,12173,14.4,HOEP (Legacy)
2012-04-29 03:00:00,2012,4,4,12173,14.4,HOEP (Legacy)
2012-04-29 04:00:00,2012,4,5,12262,14.4,HOEP (Legacy)
2012-04-29 05:00:00,2012,4,6,12102,12.08,HOEP (Legacy)
2012-04-29 06:00:00,2012,4,7,12550,6.03,HOEP (Legacy)
2012-04-29 07:00:00,2012,4,8,13169,-57.72,HOEP (Legacy)
2012-04-29 08:00:00,2012,4,9,13647,12.69,HOEP (Legacy)
2012-04-29 09:00:00,2012,4,10,13841,12.37,HOEP (Legacy)
2012-04-29 10:00:00,2012,4,11,13940,15.15,HOEP (Legacy)
2012-04-29 11:00:00,2012,4,12,13886,14.52,HOEP (Legacy)
2012-04-29 12:00:00,2012,4,13,13688,13.06,HOEP (Legacy)
2012-04-29 13:00:00,2012,4,14,13501,12.5,HOEP (Legacy)
2012-04-29 14:00:00,2012,4,15,13582,11.84,HOEP (Legacy)
2012-04-29 15:00:00,2012,4,16,13904,12.93,HOEP (Legacy)
2012-04-29 16:00:00,2012,4,17,14155,16.72,HOEP (Legacy)
2012-04-29 17:00:00,2012,4,18,14318,17.19,HOEP (Legacy)
2012-04-29 18:00:00,2012,4,19,14496,33.02,HOEP (Legacy)
2012-04-29 19:00:00,2012,4,20,15268,33.62,HOEP (Legacy)
2012-04-29 20:00:00,2012,4,21,15428,39.85,HOEP (Legacy)
2012-04-29 21:00:00,2012,4,22,14549,15.02,HOEP (Legacy)
2012-04-29 22:00:00,2012,4,23,13544,13.74,HOEP (Legacy)
2012-04-29 23:00:00,2012,4,24,12792,13.57,HOEP (Legacy)
2012-04-30 00:00:00,2012,4,1,12441,12.55,HOEP (Legacy)
2012-04-30 01:00:00,2012,4,2,12341,13.72,HOEP (Legacy)
2012-04-30 02:00:00,2012,4,3,12337,14.34,HOEP (Legacy)
2012-04-30 03:00:00,2012,4,4,12520,12.91,HOEP (Legacy)
2012-04-30 04:00:00,2012,4,5,13205,-32.66,HOEP (Legacy)
2012-04-30 05:00:00,2012,4,6,14331,14.49,HOEP (Legacy)
2012-04-30 06:00:00,2012,4,7,15484,16.55,HOEP (Legacy)
2012-04-30 07:00:00,2012,4,8,16001,16.23,HOEP (Legacy)
2012-04-30 08:00:00,2012,4,9,16278,15.81,HOEP (Legacy)
2012-04-30 09:00:00,2012,4,10,16381,16.25,HOEP (Legacy)
2012-04-30 10:00:00,2012,4,11,16467,16.24,HOEP (Legacy)
2012-04-30 11:00:00,2012,4,12,16434,16.86,HOEP (Legacy)
2012-04-30 12:00:00,2012,4,13,16374,17.07,HOEP (Legacy)
2012-04-30 13:00:00,2012,4,14,16472,17.07,HOEP (Legacy)
2012-04-30 14:00:00,2012,4,15,16535,17.21,HOEP (Legacy)
2012-04-30 15:00:00,2012,4,16,16887,17.09,HOEP (Legacy)
2012-04-30 16:00:00,2012,4,17,17017,17.45,HOEP (Legacy)
2012-04-30 17:00:00,2012,4,18,16968,18.78,HOEP (Legacy)
2012-04-30 18:00:00,2012,4,19,17268,20.78,HOEP (Legacy)
2012-04-30 19:00:00,2012,4,20,17560,20.32,HOEP (Legacy)
2012-04-30 20:00:00,2012,4,21,16910,17.57,HOEP (Legacy)
2012-04-30 21:00:00,2012,4,22,15662,13.77,HOEP (Legacy)
2012-04-30 22:00:00,2012,4,23,14459,12.49,HOEP (Legacy)
2012-04-30 23:00:00,2012,4,24,13549,12.14,HOEP (Legacy)
2012-05-01 00:00:00,2012,5,1,13048,18.93,HOEP (Legacy)
2012-05-01 01:00:00,2012,5,2,12723,14.33,HOEP (Legacy)
2012-05-01 02:00:00,2012,5,3,12605,14.33,HOEP (Legacy)
2012-05-01 03:00:00,2012,5,4,12680,13.85,HOEP (Legacy)
2012-05-01 04:00:00,2012,5,5,13208,9.62,HOEP (Legacy)
2012-05-01 05:00:00,2012,5,6,14374,13.35,HOEP (Legacy)
2012-05-01 06:00:00,2012,5,7,15723,16.4,HOEP (Legacy)
2012-05-01 07:00:00,2012,5,8,16333,17.35,HOEP (Legacy)
2012-05-01 08:00:00,2012,5,9,16374,16.99,HOEP (Legacy)
2012-05-01 09:00:00,2012,5,10,16391,17.09,HOEP (Legacy)
2012-05-01 10:00:00,2012,5,11,16398,17.1,HOEP (Legacy)
2012-05-01 11:00:00,2012,5,12,16289,17.09,HOEP (Legacy)
2012-05-01 12:00:00,2012,5,13,16202,17.11,HOEP (Legacy)
2012-05-01 13:00:00,2012,5,14,16092,17.0,HOEP (Legacy)
2012-05-01 14:00:00,2012,5,15,16068,16.01,HOEP (Legacy)
2012-05-01 15:00:00,2012,5,16,16288,16.33,HOEP (Legacy)
2012-05-01 16:00:00,2012,5,17,16268,16.36,HOEP (Legacy)
2012-05-01 17:00:00,2012,5,18,16021,15.01,HOEP (Legacy)
2012-05-01 18:00:00,2012,5,19,16133,15.31,HOEP (Legacy)
2012-05-01 19:00:00,2012,5,20,16585,14.42,HOEP (Legacy)
2012-05-01 20:00:00,2012,5,21,16524,14.61,HOEP (Legacy)
2012-05-01 21:00:00,2012,5,22,15438,13.53,HOEP (Legacy)
2012-05-01 22:00:00,2012,5,23,13921,13.89,HOEP (Legacy)
2012-05-01 23:00:00,2012,5,24,13021,-7.54,HOEP (Legacy)
2012-05-02 00:00:00,2012,5,1,12590,12.68,HOEP (Legacy)
2012-05-02 01:00:00,2012,5,2,12295,0.63,HOEP (Legacy)
2012-05-02 02:00:00,2012,5,3,12180,11.95,HOEP (Legacy)
2012-05-02 03:00:00,2012,5,4,12265,-33.51,HOEP (Legacy)
2012-05-02 04:00:00,2012,5,5,12923,-40.65,HOEP (Legacy)
2012-05-02 05:00:00,2012,5,6,14186,15.03,HOEP (Legacy)
2012-05-02 06:00:00,2012,5,7,15517,13.99,HOEP (Legacy)
2012-05-02 07:00:00,2012,5,8,15991,15.51,HOEP (Legacy)
2012-05-02 08:00:00,2012,5,9,16116,14.4,HOEP (Legacy)
2012-05-02 09:00:00,2012,5,10,16209,15.2,HOEP (Legacy)
2012-05-02 10:00:00,2012,5,11,16224,15.06,HOEP (Legacy)
2012-05-02 11:00:00,2012,5,12,16098,15.37,HOEP (Legacy)
2012-05-02 12:00:00,2012,5,13,15827,15.01,HOEP (Legacy)
2012-05-02 13:00:00,2012,5,14,15893,14.76,HOEP (Legacy)
2012-05-02 14:00:00,2012,5,15,15832,15.02,HOEP (Legacy)
2012-05-02 15:00:00,2012,5,16,16126,15.02,HOEP (Legacy)
2012-05-02 16:00:00,2012,5,17,16212,14.82,HOEP (Legacy)
2012-05-02 17:00:00,2012,5,18,16122,14.8,HOEP (Legacy)
2012-05-02 18:00:00,2012,5,19,16189,14.95,HOEP (Legacy)
2012-05-02 19:00:00,2012,5,20,16546,15.66,HOEP (Legacy)
2012-05-02 20:00:00,2012,5,21,16463,18.43,HOEP (Legacy)
2012-05-02 21:00:00,2012,5,22,15196,17.01,HOEP (Legacy)
2012-05-02 22:00:00,2012,5,23,13875,18.2,HOEP (Legacy)
2012-05-02 23:00:00,2012,5,24,12894,15.15,HOEP (Legacy)
2012-05-03 00:00:00,2012,5,1,12396,15.48,HOEP (Legacy)
2012-05-03 01:00:00,2012,5,2,12115,15.36,HOEP (Legacy)
2012-05-03 02:00:00,2012,5,3,11895,14.44,HOEP (Legacy)
2012-05-03 03:00:00,2012,5,4,12020,15.02,HOEP (Legacy)
2012-05-03 04:00:00,2012,5,5,12596,14.81,HOEP (Legacy)
2012-05-03 05:00:00,2012,5,6,13858,18.83,HOEP (Legacy)
2012-05-03 06:00:00,2012,5,7,15192,17.5,HOEP (Legacy)
2012-05-03 07:00:00,2012,5,8,15773,16.02,HOEP (Legacy)
2012-05-03 08:00:00,2012,5,9,15912,15.27,HOEP (Legacy)
2012-05-03 09:00:00,2012,5,10,16213,16.27,HOEP (Legacy)
2012-05-03 10:00:00,2012,5,11,16337,16.28,HOEP (Legacy)
2012-05-03 11:00:00,2012,5,12,16207,15.97,HOEP (Legacy)
2012-05-03 12:00:00,2012,5,13,16221,15.24,HOEP (Legacy)
2012-05-03 13:00:00,2012,5,14,16137,14.81,HOEP (Legacy)
2012-05-03 14:00:00,2012,5,15,16198,14.44,HOEP (Legacy)
2012-05-03 15:00:00,2012,5,16,16420,14.92,HOEP (Legacy)
2012-05-03 16:00:00,2012,5,17,16375,14.65,HOEP (Legacy)
2012-05-03 17:00:00,2012,5,18,16240,14.65,HOEP (Legacy)
2012-05-03 18:00:00,2012,5,19,16605,15.39,HOEP (Legacy)
2012-05-03 19:00:00,2012,5,20,17080,15.4,HOEP (Legacy)
2012-05-03 20:00:00,2012,5,21,16472,15.19,HOEP (Legacy)
2012-05-03 21:00:00,2012,5,22,15348,14.54,HOEP (Legacy)
2012-05-03 22:00:00,2012,5,23,14060,5.95,HOEP (Legacy)
2012-05-03 23:00:00,2012,5,24,13065,14.41,HOEP (Legacy)
2012-05-04 00:00:00,2012,5,1,12416,14.56,HOEP (Legacy)
2012-05-04 01:00:00,2012,5,2,12268,14.28,HOEP (Legacy)
2012-05-04 02:00:00,2012,5,3,12081,14.25,HOEP (Legacy)
2012-05-04 03:00:00,2012,5,4,12027,14.35,HOEP (Legacy)
2012-05-04 04:00:00,2012,5,5,12476,16.14,HOEP (Legacy)
2012-05-04 05:00:00,2012,5,6,13690,22.68,HOEP (Legacy)
2012-05-04 06:00:00,2012,5,7,14994,17.91,HOEP (Legacy)
2012-05-04 07:00:00,2012,5,8,15619,16.38,HOEP (Legacy)
2012-05-04 08:00:00,2012,5,9,16111,15.76,HOEP (Legacy)
2012-05-04 09:00:00,2012,5,10,16474,16.76,HOEP (Legacy)
2012-05-04 10:00:00,2012,5,11,16588,17.44,HOEP (Legacy)
2012-05-04 11:00:00,2012,5,12,16499,17.44,HOEP (Legacy)
2012-05-04 12:00:00,2012,5,13,16463,17.38,HOEP (Legacy)
2012-05-04 13:00:00,2012,5,14,16282,17.36,HOEP (Legacy)
2012-05-04 14:00:00,2012,5,15,16162,17.61,HOEP (Legacy)
2012-05-04 15:00:00,2012,5,16,16225,17.26,HOEP (Legacy)
2012-05-04 16:00:00,2012,5,17,16121,13.02,HOEP (Legacy)
2012-05-04 17:00:00,2012,5,18,15671,12.31,HOEP (Legacy)
2012-05-04 18:00:00,2012,5,19,15618,12.58,HOEP (Legacy)
2012-05-04 19:00:00,2012,5,20,15891,14.93,HOEP (Legacy)
2012-05-04 20:00:00,2012,5,21,16049,14.73,HOEP (Legacy)
2012-05-04 21:00:00,2012,5,22,14950,13.06,HOEP (Legacy)
2012-05-04 22:00:00,2012,5,23,13659,13.29,HOEP (Legacy)
2012-05-04 23:00:00,2012,5,24,12542,13.35,HOEP (Legacy)
2012-05-05 00:00:00,2012,5,1,11985,11.84,HOEP (Legacy)
2012-05-05 01:00:00,2012,5,2,11616,12.38,HOEP (Legacy)
2012-05-05 02:00:00,2012,5,3,11442,11.05,HOEP (Legacy)
2012-05-05 03:00:00,2012,5,4,11464,11.05,HOEP (Legacy)
2012-05-05 04:00:00,2012,5,5,11654,11.05,HOEP (Legacy)
2012-05-05 05:00:00,2012,5,6,11899,10.2,HOEP (Legacy)
2012-05-05 06:00:00,2012,5,7,12603,12.65,HOEP (Legacy)
2012-05-05 07:00:00,2012,5,8,13403,14.86,HOEP (Legacy)
2012-05-05 08:00:00,2012,5,9,14053,15.31,HOEP (Legacy)
2012-05-05 09:00:00,2012,5,10,14367,17.2,HOEP (Legacy)
2012-05-05 10:00:00,2012,5,11,14425,17.9,HOEP (Legacy)
2012-05-05 11:00:00,2012,5,12,14261,16.93,HOEP (Legacy)
2012-05-05 12:00:00,2012,5,13,14091,17.89,HOEP (Legacy)
2012-05-05 13:00:00,2012,5,14,13763,16.8,HOEP (Legacy)
2012-05-05 14:00:00,2012,5,15,13657,16.85,HOEP (Legacy)
2012-05-05 15:00:00,2012,5,16,13832,16.48,HOEP (Legacy)
2012-05-05 16:00:00,2012,5,17,14042,17.3,HOEP (Legacy)
2012-05-05 17:00:00,2012,5,18,14033,16.65,HOEP (Legacy)
2012-05-05 18:00:00,2012,5,19,13922,14.65,HOEP (Legacy)
2012-05-05 19:00:00,2012,5,20,14206,14.49,HOEP (Legacy)
2012-05-05 20:00:00,2012,5,21,14443,15.21,HOEP (Legacy)
2012-05-05 21:00:00,2012,5,22,13776,15.56,HOEP (Legacy)
2012-05-05 22:00:00,2012,5,23,13012,29.4,HOEP (Legacy)
2012-05-05 23:00:00,2012,5,24,12159,13.82,HOEP (Legacy)
2012-05-06 00:00:00,2012,5,1,11686,13.49,HOEP (Legacy)
2012-05-06 01:00:00,2012,5,2,11328,11.07,HOEP (Legacy)
2012-05-06 02:00:00,2012,5,3,11158,11.02,HOEP (Legacy)
2012-05-06 03:00:00,2012,5,4,11140,11.06,HOEP (Legacy)
2012-05-06 04:00:00,2012,5,5,11203,10.81,HOEP (Legacy)
2012-05-06 05:00:00,2012,5,6,11259,11.7,HOEP (Legacy)
2012-05-06 06:00:00,2012,5,7,11737,10.59,HOEP (Legacy)
2012-05-06 07:00:00,2012,5,8,12517,13.76,HOEP (Legacy)
2012-05-06 08:00:00,2012,5,9,13014,12.86,HOEP (Legacy)
2012-05-06 09:00:00,2012,5,10,13225,14.84,HOEP (Legacy)
2012-05-06 10:00:00,2012,5,11,13487,14.43,HOEP (Legacy)
2012-05-06 11:00:00,2012,5,12,13505,13.36,HOEP (Legacy)
2012-05-06 12:00:00,2012,5,13,13371,13.39,HOEP (Legacy)
2012-05-06 13:00:00,2012,5,14,13238,14.54,HOEP (Legacy)
2012-05-06 14:00:00,2012,5,15,13348,14.27,HOEP (Legacy)
2012-05-06 15:00:00,2012,5,16,13814,17.73,HOEP (Legacy)
2012-05-06 16:00:00,2012,5,17,14228,22.01,HOEP (Legacy)
2012-05-06 17:00:00,2012,5,18,14174,20.68,HOEP (Legacy)
2012-05-06 18:00:00,2012,5,19,14016,14.23,HOEP (Legacy)
2012-05-06 19:00:00,2012,5,20,14640,42.01,HOEP (Legacy)
2012-05-06 20:00:00,2012,5,21,14747,25.49,HOEP (Legacy)
2012-05-06 21:00:00,2012,5,22,13933,59.03,HOEP (Legacy)
2012-05-06 22:00:00,2012,5,23,12928,16.89,HOEP (Legacy)
2012-05-06 23:00:00,2012,5,24,12157,13.96,HOEP (Legacy)
2012-05-07 00:00:00,2012,5,1,11751,13.18,HOEP (Legacy)
2012-05-07 01:00:00,2012,5,2,11574,8.79,HOEP (Legacy)
2012-05-07 02:00:00,2012,5,3,11541,8.31,HOEP (Legacy)
2012-05-07 03:00:00,2012,5,4,11656,11.14,HOEP (Legacy)
2012-05-07 04:00:00,2012,5,5,12242,14.34,HOEP (Legacy)
2012-05-07 05:00:00,2012,5,6,13460,14.79,HOEP (Legacy)
2012-05-07 06:00:00,2012,5,7,14713,38.73,HOEP (Legacy)
2012-05-07 07:00:00,2012,5,8,15399,20.67,HOEP (Legacy)
2012-05-07 08:00:00,2012,5,9,15659,20.73,HOEP (Legacy)
2012-05-07 09:00:00,2012,5,10,15944,22.98,HOEP (Legacy)
2012-05-07 10:00:00,2012,5,11,16035,21.85,HOEP (Legacy)
2012-05-07 11:00:00,2012,5,12,16039,24.18,HOEP (Legacy)
2012-05-07 12:00:00,2012,5,13,16067,27.58,HOEP (Legacy)
2012-05-07 13:00:00,2012,5,14,16032,22.12,HOEP (Legacy)
2012-05-07 14:00:00,2012,5,15,15965,20.04,HOEP (Legacy)
2012-05-07 15:00:00,2012,5,16,16218,19.73,HOEP (Legacy)
2012-05-07 16:00:00,2012,5,17,16368,19.08,HOEP (Legacy)
2012-05-07 17:00:00,2012,5,18,16181,18.24,HOEP (Legacy)
2012-05-07 18:00:00,2012,5,19,16167,23.5,HOEP (Legacy)
2012-05-07 19:00:00,2012,5,20,16656,32.2,HOEP (Legacy)
2012-05-07 20:00:00,2012,5,21,16488,20.83,HOEP (Legacy)
2012-05-07 21:00:00,2012,5,22,15324,17.32,HOEP (Legacy)
2012-05-07 22:00:00,2012,5,23,13962,18.09,HOEP (Legacy)
2012-05-07 23:00:00,2012,5,24,12983,15.17,HOEP (Legacy)
2012-05-08 00:00:00,2012,5,1,12488,17.29,HOEP (Legacy)
2012-05-08 01:00:00,2012,5,2,12250,16.06,HOEP (Legacy)
2012-05-08 02:00:00,2012,5,3,12165,13.64,HOEP (Legacy)
2012-05-08 03:00:00,2012,5,4,12292,13.94,HOEP (Legacy)
2012-05-08 04:00:00,2012,5,5,12779,13.62,HOEP (Legacy)
2012-05-08 05:00:00,2012,5,6,13869,4.68,HOEP (Legacy)
2012-05-08 06:00:00,2012,5,7,15166,17.08,HOEP (Legacy)
2012-05-08 07:00:00,2012,5,8,15895,21.23,HOEP (Legacy)
2012-05-08 08:00:00,2012,5,9,15993,21.37,HOEP (Legacy)
2012-05-08 09:00:00,2012,5,10,16158,22.34,HOEP (Legacy)
2012-05-08 10:00:00,2012,5,11,16177,21.18,HOEP (Legacy)
2012-05-08 11:00:00,2012,5,12,16176,20.63,HOEP (Legacy)
2012-05-08 12:00:00,2012,5,13,16162,20.4,HOEP (Legacy)
2012-05-08 13:00:00,2012,5,14,16120,20.43,HOEP (Legacy)
2012-05-08 14:00:00,2012,5,15,16128,21.4,HOEP (Legacy)
2012-05-08 15:00:00,2012,5,16,16252,20.42,HOEP (Legacy)
2012-05-08 16:00:00,2012,5,17,16421,20.99,HOEP (Legacy)
2012-05-08 17:00:00,2012,5,18,16266,18.52,HOEP (Legacy)
2012-05-08 18:00:00,2012,5,19,16335,20.18,HOEP (Legacy)
2012-05-08 19:00:00,2012,5,20,16376,21.88,HOEP (Legacy)
2012-05-08 20:00:00,2012,5,21,16338,20.46,HOEP (Legacy)
2012-05-08 21:00:00,2012,5,22,15292,18.75,HOEP (Legacy)
2012-05-08 22:00:00,2012,5,23,13864,15.01,HOEP (Legacy)
2012-05-08 23:00:00,2012,5,24,12923,-33.94,HOEP (Legacy)
2012-05-09 00:00:00,2012,5,1,12400,12.39,HOEP (Legacy)
2012-05-09 01:00:00,2012,5,2,11989,13.77,HOEP (Legacy)
2012-05-09 02:00:00,2012,5,3,11872,14.04,HOEP (Legacy)
2012-05-09 03:00:00,2012,5,4,11992,13.69,HOEP (Legacy)
2012-05-09 04:00:00,2012,5,5,12540,13.92,HOEP (Legacy)
2012-05-09 05:00:00,2012,5,6,13716,18.73,HOEP (Legacy)
2012-05-09 06:00:00,2012,5,7,15091,19.68,HOEP (Legacy)
2012-05-09 07:00:00,2012,5,8,15492,21.56,HOEP (Legacy)
2012-05-09 08:00:00,2012,5,9,15664,22.25,HOEP (Legacy)
2012-05-09 09:00:00,2012,5,10,15895,22.89,HOEP (Legacy)
2012-05-09 10:00:00,2012,5,11,16010,23.41,HOEP (Legacy)
2012-05-09 11:00:00,2012,5,12,15915,21.48,HOEP (Legacy)
2012-05-09 12:00:00,2012,5,13,16019,21.04,HOEP (Legacy)
2012-05-09 13:00:00,2012,5,14,15766,21.41,HOEP (Legacy)
2012-05-09 14:00:00,2012,5,15,15862,21.42,HOEP (Legacy)
2012-05-09 15:00:00,2012,5,16,16135,21.95,HOEP (Legacy)
2012-05-09 16:00:00,2012,5,17,16225,21.73,HOEP (Legacy)
2012-05-09 17:00:00,2012,5,18,15959,20.12,HOEP (Legacy)
2012-05-09 18:00:00,2012,5,19,16004,19.37,HOEP (Legacy)
2012-05-09 19:00:00,2012,5,20,16274,21.36,HOEP (Legacy)
2012-05-09 20:00:00,2012,5,21,16305,20.83,HOEP (Legacy)
2012-05-09 21:00:00,2012,5,22,15293,17.38,HOEP (Legacy)
2012-05-09 22:00:00,2012,5,23,13919,34.71,HOEP (Legacy)
2012-05-09 23:00:00,2012,5,24,12985,19.15,HOEP (Legacy)
2012-05-10 00:00:00,2012,5,1,12474,16.77,HOEP (Legacy)
2012-05-10 01:00:00,2012,5,2,12209,14.83,HOEP (Legacy)
2012-05-10 02:00:00,2012,5,3,12097,13.4,HOEP (Legacy)
2012-05-10 03:00:00,2012,5,4,12234,13.48,HOEP (Legacy)
2012-05-10 04:00:00,2012,5,5,12765,14.23,HOEP (Legacy)
2012-05-10 05:00:00,2012,5,6,13746,23.76,HOEP (Legacy)
2012-05-10 06:00:00,2012,5,7,15195,34.63,HOEP (Legacy)
2012-05-10 07:00:00,2012,5,8,15519,28.81,HOEP (Legacy)
2012-05-10 08:00:00,2012,5,9,15681,15.85,HOEP (Legacy)
2012-05-10 09:00:00,2012,5,10,15746,15.88,HOEP (Legacy)
2012-05-10 10:00:00,2012,5,11,15814,20.39,HOEP (Legacy)
2012-05-10 11:00:00,2012,5,12,15721,20.93,HOEP (Legacy)
2012-05-10 12:00:00,2012,5,13,15609,19.24,HOEP (Legacy)
2012-05-10 13:00:00,2012,5,14,15342,15.26,HOEP (Legacy)
2012-05-10 14:00:00,2012,5,15,15425,14.49,HOEP (Legacy)
2012-05-10 15:00:00,2012,5,16,15552,14.32,HOEP (Legacy)
2012-05-10 16:00:00,2012,5,17,15576,14.46,HOEP (Legacy)
2012-05-10 17:00:00,2012,5,18,15349,16.21,HOEP (Legacy)
2012-05-10 18:00:00,2012,5,19,15539,15.5,HOEP (Legacy)
2012-05-10 19:00:00,2012,5,20,15964,30.16,HOEP (Legacy)
2012-05-10 20:00:00,2012,5,21,16240,33.04,HOEP (Legacy)
2012-05-10 21:00:00,2012,5,22,15267,20.9,HOEP (Legacy)
2012-05-10 22:00:00,2012,5,23,13857,25.02,HOEP (Legacy)
2012-05-10 23:00:00,2012,5,24,12948,8.07,HOEP (Legacy)
2012-05-11 00:00:00,2012,5,1,12496,-80.45,HOEP (Legacy)
2012-05-11 01:00:00,2012,5,2,12197,-116.26,HOEP (Legacy)
2012-05-11 02:00:00,2012,5,3,12082,-116.24,HOEP (Legacy)
2012-05-11 03:00:00,2012,5,4,12162,-128.0,HOEP (Legacy)
2012-05-11 04:00:00,2012,5,5,12660,18.77,HOEP (Legacy)
2012-05-11 05:00:00,2012,5,6,13623,-7.58,HOEP (Legacy)
2012-05-11 06:00:00,2012,5,7,14951,23.04,HOEP (Legacy)
2012-05-11 07:00:00,2012,5,8,15430,19.49,HOEP (Legacy)
2012-05-11 08:00:00,2012,5,9,15572,22.18,HOEP (Legacy)
2012-05-11 09:00:00,2012,5,10,15720,23.98,HOEP (Legacy)
2012-05-11 10:00:00,2012,5,11,15756,23.41,HOEP (Legacy)
2012-05-11 11:00:00,2012,5,12,15671,24.03,HOEP (Legacy)
2012-05-11 12:00:00,2012,5,13,15616,22.74,HOEP (Legacy)
2012-05-11 13:00:00,2012,5,14,15397,19.86,HOEP (Legacy)
2012-05-11 14:00:00,2012,5,15,15327,16.74,HOEP (Legacy)
2012-05-11 15:00:00,2012,5,16,15373,17.27,HOEP (Legacy)
2012-05-11 16:00:00,2012,5,17,15321,18.63,HOEP (Legacy)
2012-05-11 17:00:00,2012,5,18,15195,17.76,HOEP (Legacy)
2012-05-11 18:00:00,2012,5,19,15280,18.33,HOEP (Legacy)
2012-05-11 19:00:00,2012,5,20,15468,20.85,HOEP (Legacy)
2012-05-11 20:00:00,2012,5,21,15698,16.91,HOEP (Legacy)
2012-05-11 21:00:00,2012,5,22,14758,3.84,HOEP (Legacy)
2012-05-11 22:00:00,2012,5,23,13626,-28.55,HOEP (Legacy)
2012-05-11 23:00:00,2012,5,24,12471,16.57,HOEP (Legacy)
2012-05-12 00:00:00,2012,5,1,11717,10.73,HOEP (Legacy)
2012-05-12 01:00:00,2012,5,2,11373,14.86,HOEP (Legacy)
2012-05-12 02:00:00,2012,5,3,11189,17.26,HOEP (Legacy)
2012-05-12 03:00:00,2012,5,4,11228,15.4,HOEP (Legacy)
2012-05-12 04:00:00,2012,5,5,11399,15.77,HOEP (Legacy)
2012-05-12 05:00:00,2012,5,6,11603,18.4,HOEP (Legacy)
2012-05-12 06:00:00,2012,5,7,12406,19.41,HOEP (Legacy)
2012-05-12 07:00:00,2012,5,8,13326,18.65,HOEP (Legacy)
2012-05-12 08:00:00,2012,5,9,14082,21.64,HOEP (Legacy)
2012-05-12 09:00:00,2012,5,10,14359,15.13,HOEP (Legacy)
2012-05-12 10:00:00,2012,5,11,14591,17.29,HOEP (Legacy)
2012-05-12 11:00:00,2012,5,12,14669,22.83,HOEP (Legacy)
2012-05-12 12:00:00,2012,5,13,14435,19.94,HOEP (Legacy)
2012-05-12 13:00:00,2012,5,14,14311,16.55,HOEP (Legacy)
2012-05-12 14:00:00,2012,5,15,14273,14.83,HOEP (Legacy)
2012-05-12 15:00:00,2012,5,16,14442,15.28,HOEP (Legacy)
2012-05-12 16:00:00,2012,5,17,14648,18.83,HOEP (Legacy)
2012-05-12 17:00:00,2012,5,18,14531,20.14,HOEP (Legacy)
2012-05-12 18:00:00,2012,5,19,14402,21.79,HOEP (Legacy)
2012-05-12 19:00:00,2012,5,20,14771,29.06,HOEP (Legacy)
2012-05-12 20:00:00,2012,5,21,14868,25.34,HOEP (Legacy)
2012-05-12 21:00:00,2012,5,22,14090,18.3,HOEP (Legacy)
2012-05-12 22:00:00,2012,5,23,13062,18.95,HOEP (Legacy)
2012-05-12 23:00:00,2012,5,24,12154,16.48,HOEP (Legacy)
2012-05-13 00:00:00,2012,5,1,11486,16.97,HOEP (Legacy)
2012-05-13 01:00:00,2012,5,2,11202,16.2,HOEP (Legacy)
2012-05-13 02:00:00,2012,5,3,11045,14.95,HOEP (Legacy)
2012-05-13 03:00:00,2012,5,4,10998,14.01,HOEP (Legacy)
2012-05-13 04:00:00,2012,5,5,11045,1.92,HOEP (Legacy)
2012-05-13 05:00:00,2012,5,6,11208,-74.97,HOEP (Legacy)
2012-05-13 06:00:00,2012,5,7,11742,14.93,HOEP (Legacy)
2012-05-13 07:00:00,2012,5,8,12570,17.08,HOEP (Legacy)
2012-05-13 08:00:00,2012,5,9,13271,17.86,HOEP (Legacy)
2012-05-13 09:00:00,2012,5,10,13602,16.16,HOEP (Legacy)
2012-05-13 10:00:00,2012,5,11,13847,16.48,HOEP (Legacy)
2012-05-13 11:00:00,2012,5,12,13806,16.19,HOEP (Legacy)
2012-05-13 12:00:00,2012,5,13,13635,16.15,HOEP (Legacy)
2012-05-13 13:00:00,2012,5,14,13556,19.94,HOEP (Legacy)
2012-05-13 14:00:00,2012,5,15,13577,20.62,HOEP (Legacy)
2012-05-13 15:00:00,2012,5,16,13734,19.74,HOEP (Legacy)
2012-05-13 16:00:00,2012,5,17,13895,19.59,HOEP (Legacy)
2012-05-13 17:00:00,2012,5,18,13925,19.09,HOEP (Legacy)
2012-05-13 18:00:00,2012,5,19,14146,23.69,HOEP (Legacy)
2012-05-13 19:00:00,2012,5,20,14474,24.01,HOEP (Legacy)
2012-05-13 20:00:00,2012,5,21,15069,20.74,HOEP (Legacy)
2012-05-13 21:00:00,2012,5,22,14268,22.78,HOEP (Legacy)
2012-05-13 22:00:00,2012,5,23,13211,24.24,HOEP (Legacy)
2012-05-13 23:00:00,2012,5,24,12339,17.62,HOEP (Legacy)
2012-05-14 00:00:00,2012,5,1,11898,15.44,HOEP (Legacy)
2012-05-14 01:00:00,2012,5,2,11721,16.62,HOEP (Legacy)
2012-05-14 02:00:00,2012,5,3,11603,14.4,HOEP (Legacy)
2012-05-14 03:00:00,2012,5,4,11770,14.38,HOEP (Legacy)
2012-05-14 04:00:00,2012,5,5,12271,14.6,HOEP (Legacy)
2012-05-14 05:00:00,2012,5,6,13192,17.5,HOEP (Legacy)
2012-05-14 06:00:00,2012,5,7,14708,21.09,HOEP (Legacy)
2012-05-14 07:00:00,2012,5,8,15425,20.29,HOEP (Legacy)
2012-05-14 08:00:00,2012,5,9,15817,21.71,HOEP (Legacy)
2012-05-14 09:00:00,2012,5,10,16186,27.05,HOEP (Legacy)
2012-05-14 10:00:00,2012,5,11,16311,27.47,HOEP (Legacy)
2012-05-14 11:00:00,2012,5,12,16345,27.34,HOEP (Legacy)
2012-05-14 12:00:00,2012,5,13,16422,26.76,HOEP (Legacy)
2012-05-14 13:00:00,2012,5,14,16490,27.78,HOEP (Legacy)
2012-05-14 14:00:00,2012,5,15,16523,28.03,HOEP (Legacy)
2012-05-14 15:00:00,2012,5,16,16817,28.47,HOEP (Legacy)
2012-05-14 16:00:00,2012,5,17,16841,30.5,HOEP (Legacy)
2012-05-14 17:00:00,2012,5,18,16544,28.36,HOEP (Legacy)
2012-05-14 18:00:00,2012,5,19,16716,30.11,HOEP (Legacy)
2012-05-14 19:00:00,2012,5,20,16896,32.63,HOEP (Legacy)
2012-05-14 20:00:00,2012,5,21,16870,32.36,HOEP (Legacy)
2012-05-14 21:00:00,2012,5,22,15717,20.95,HOEP (Legacy)
2012-05-14 22:00:00,2012,5,23,14131,29.49,HOEP (Legacy)
2012-05-14 23:00:00,2012,5,24,13230,18.11,HOEP (Legacy)
2012-05-15 00:00:00,2012,5,1,12458,13.8,HOEP (Legacy)
2012-05-15 01:00:00,2012,5,2,12251,13.18,HOEP (Legacy)
2012-05-15 02:00:00,2012,5,3,12104,14.21,HOEP (Legacy)
2012-05-15 03:00:00,2012,5,4,12117,14.16,HOEP (Legacy)
2012-05-15 04:00:00,2012,5,5,12617,10.15,HOEP (Legacy)
2012-05-15 05:00:00,2012,5,6,13663,17.18,HOEP (Legacy)
2012-05-15 06:00:00,2012,5,7,15182,21.75,HOEP (Legacy)
2012-05-15 07:00:00,2012,5,8,15737,21.38,HOEP (Legacy)
2012-05-15 08:00:00,2012,5,9,16099,21.94,HOEP (Legacy)
2012-05-15 09:00:00,2012,5,10,16348,21.52,HOEP (Legacy)
2012-05-15 10:00:00,2012,5,11,16581,22.67,HOEP (Legacy)
2012-05-15 11:00:00,2012,5,12,16598,22.81,HOEP (Legacy)
2012-05-15 12:00:00,2012,5,13,16781,21.82,HOEP (Legacy)
2012-05-15 13:00:00,2012,5,14,16788,22.01,HOEP (Legacy)
2012-05-15 14:00:00,2012,5,15,16883,21.82,HOEP (Legacy)
2012-05-15 15:00:00,2012,5,16,17062,21.21,HOEP (Legacy)
2012-05-15 16:00:00,2012,5,17,17097,22.83,HOEP (Legacy)
2012-05-15 17:00:00,2012,5,18,16876,22.58,HOEP (Legacy)
2012-05-15 18:00:00,2012,5,19,16755,20.81,HOEP (Legacy)
2012-05-15 19:00:00,2012,5,20,16906,21.28,HOEP (Legacy)
2012-05-15 20:00:00,2012,5,21,17089,21.33,HOEP (Legacy)
2012-05-15 21:00:00,2012,5,22,15762,20.18,HOEP (Legacy)
2012-05-15 22:00:00,2012,5,23,14265,18.27,HOEP (Legacy)
2012-05-15 23:00:00,2012,5,24,13208,16.93,HOEP (Legacy)
2012-05-16 00:00:00,2012,5,1,12619,14.48,HOEP (Legacy)
2012-05-16 01:00:00,2012,5,2,12345,12.2,HOEP (Legacy)
2012-05-16 02:00:00,2012,5,3,12252,22.13,HOEP (Legacy)
2012-05-16 03:00:00,2012,5,4,12241,20.18,HOEP (Legacy)
2012-05-16 04:00:00,2012,5,5,12672,19.37,HOEP (Legacy)
2012-05-16 05:00:00,2012,5,6,13686,18.45,HOEP (Legacy)
2012-05-16 06:00:00,2012,5,7,15236,25.38,HOEP (Legacy)
2012-05-16 07:00:00,2012,5,8,15824,22.65,HOEP (Legacy)
2012-05-16 08:00:00,2012,5,9,15925,23.67,HOEP (Legacy)
2012-05-16 09:00:00,2012,5,10,16060,23.1,HOEP (Legacy)
2012-05-16 10:00:00,2012,5,11,15983,21.56,HOEP (Legacy)
2012-05-16 11:00:00,2012,5,12,15888,21.47,HOEP (Legacy)
2012-05-16 12:00:00,2012,5,13,15979,21.98,HOEP (Legacy)
2012-05-16 13:00:00,2012,5,14,15795,20.77,HOEP (Legacy)
2012-05-16 14:00:00,2012,5,15,15866,20.83,HOEP (Legacy)
2012-05-16 15:00:00,2012,5,16,15954,20.17,HOEP (Legacy)
2012-05-16 16:00:00,2012,5,17,16093,19.89,HOEP (Legacy)
2012-05-16 17:00:00,2012,5,18,16151,22.21,HOEP (Legacy)
2012-05-16 18:00:00,2012,5,19,16248,24.19,HOEP (Legacy)
2012-05-16 19:00:00,2012,5,20,16426,24.3,HOEP (Legacy)
2012-05-16 20:00:00,2012,5,21,16759,33.73,HOEP (Legacy)
2012-05-16 21:00:00,2012,5,22,15547,22.94,HOEP (Legacy)
2012-05-16 22:00:00,2012,5,23,14098,21.29,HOEP (Legacy)
2012-05-16 23:00:00,2012,5,24,13110,14.22,HOEP (Legacy)
2012-05-17 00:00:00,2012,5,1,12626,18.63,HOEP (Legacy)
2012-05-17 01:00:00,2012,5,2,12284,14.81,HOEP (Legacy)
2012-05-17 02:00:00,2012,5,3,12167,13.93,HOEP (Legacy)
2012-05-17 03:00:00,2012,5,4,12236,12.33,HOEP (Legacy)
2012-05-17 04:00:00,2012,5,5,12659,11.3,HOEP (Legacy)
2012-05-17 05:00:00,2012,5,6,13668,18.32,HOEP (Legacy)
2012-05-17 06:00:00,2012,5,7,14995,20.0,HOEP (Legacy)
2012-05-17 07:00:00,2012,5,8,15488,20.1,HOEP (Legacy)
2012-05-17 08:00:00,2012,5,9,15538,20.41,HOEP (Legacy)
2012-05-17 09:00:00,2012,5,10,15680,20.27,HOEP (Legacy)
2012-05-17 10:00:00,2012,5,11,15817,20.56,HOEP (Legacy)
2012-05-17 11:00:00,2012,5,12,15731,20.56,HOEP (Legacy)
2012-05-17 12:00:00,2012,5,13,15829,20.54,HOEP (Legacy)
2012-05-17 13:00:00,2012,5,14,15871,20.55,HOEP (Legacy)
2012-05-17 14:00:00,2012,5,15,15787,20.58,HOEP (Legacy)
2012-05-17 15:00:00,2012,5,16,15930,20.85,HOEP (Legacy)
2012-05-17 16:00:00,2012,5,17,15984,21.31,HOEP (Legacy)
2012-05-17 17:00:00,2012,5,18,15824,20.46,HOEP (Legacy)
2012-05-17 18:00:00,2012,5,19,15783,18.47,HOEP (Legacy)
2012-05-17 19:00:00,2012,5,20,16187,19.45,HOEP (Legacy)
2012-05-17 20:00:00,2012,5,21,16430,19.99,HOEP (Legacy)
2012-05-17 21:00:00,2012,5,22,15385,19.89,HOEP (Legacy)
2012-05-17 22:00:00,2012,5,23,14026,17.67,HOEP (Legacy)
2012-05-17 23:00:00,2012,5,24,12966,16.09,HOEP (Legacy)
2012-05-18 00:00:00,2012,5,1,12341,16.04,HOEP (Legacy)
2012-05-18 01:00:00,2012,5,2,12025,12.51,HOEP (Legacy)
2012-05-18 02:00:00,2012,5,3,11960,12.18,HOEP (Legacy)
2012-05-18 03:00:00,2012,5,4,12019,12.18,HOEP (Legacy)
2012-05-18 04:00:00,2012,5,5,12389,13.18,HOEP (Legacy)
2012-05-18 05:00:00,2012,5,6,13344,17.58,HOEP (Legacy)
2012-05-18 06:00:00,2012,5,7,14627,20.09,HOEP (Legacy)
2012-05-18 07:00:00,2012,5,8,15421,20.68,HOEP (Legacy)
2012-05-18 08:00:00,2012,5,9,15548,20.66,HOEP (Legacy)
2012-05-18 09:00:00,2012,5,10,15726,20.68,HOEP (Legacy)
2012-05-18 10:00:00,2012,5,11,15806,20.72,HOEP (Legacy)
2012-05-18 11:00:00,2012,5,12,15768,20.83,HOEP (Legacy)
2012-05-18 12:00:00,2012,5,13,15845,32.58,HOEP (Legacy)
2012-05-18 13:00:00,2012,5,14,15847,34.67,HOEP (Legacy)
2012-05-18 14:00:00,2012,5,15,15685,22.73,HOEP (Legacy)
2012-05-18 15:00:00,2012,5,16,15614,23.67,HOEP (Legacy)
2012-05-18 16:00:00,2012,5,17,15553,22.38,HOEP (Legacy)
2012-05-18 17:00:00,2012,5,18,15428,25.35,HOEP (Legacy)
2012-05-18 18:00:00,2012,5,19,15457,21.52,HOEP (Legacy)
2012-05-18 19:00:00,2012,5,20,15518,23.42,HOEP (Legacy)
2012-05-18 20:00:00,2012,5,21,15758,23.12,HOEP (Legacy)
2012-05-18 21:00:00,2012,5,22,14649,21.54,HOEP (Legacy)
2012-05-18 22:00:00,2012,5,23,13374,21.29,HOEP (Legacy)
2012-05-18 23:00:00,2012,5,24,12298,18.46,HOEP (Legacy)
2012-05-19 00:00:00,2012,5,1,11813,17.19,HOEP (Legacy)
2012-05-19 01:00:00,2012,5,2,11514,16.9,HOEP (Legacy)
2012-05-19 02:00:00,2012,5,3,11375,17.36,HOEP (Legacy)
2012-05-19 03:00:00,2012,5,4,11380,16.28,HOEP (Legacy)
2012-05-19 04:00:00,2012,5,5,11467,21.49,HOEP (Legacy)
2012-05-19 05:00:00,2012,5,6,11604,20.46,HOEP (Legacy)
2012-05-19 06:00:00,2012,5,7,12226,20.77,HOEP (Legacy)
2012-05-19 07:00:00,2012,5,8,13060,20.62,HOEP (Legacy)
2012-05-19 08:00:00,2012,5,9,13779,20.34,HOEP (Legacy)
2012-05-19 09:00:00,2012,5,10,14037,21.03,HOEP (Legacy)
2012-05-19 10:00:00,2012,5,11,14336,21.49,HOEP (Legacy)
2012-05-19 11:00:00,2012,5,12,14510,26.22,HOEP (Legacy)
2012-05-19 12:00:00,2012,5,13,14469,21.88,HOEP (Legacy)
2012-05-19 13:00:00,2012,5,14,14665,25.35,HOEP (Legacy)
2012-05-19 14:00:00,2012,5,15,14654,32.63,HOEP (Legacy)
2012-05-19 15:00:00,2012,5,16,14846,40.3,HOEP (Legacy)
2012-05-19 16:00:00,2012,5,17,15018,35.66,HOEP (Legacy)
2012-05-19 17:00:00,2012,5,18,14947,34.81,HOEP (Legacy)
2012-05-19 18:00:00,2012,5,19,14761,33.57,HOEP (Legacy)
2012-05-19 19:00:00,2012,5,20,14677,22.81,HOEP (Legacy)
2012-05-19 20:00:00,2012,5,21,14964,22.6,HOEP (Legacy)
2012-05-19 21:00:00,2012,5,22,14285,34.61,HOEP (Legacy)
2012-05-19 22:00:00,2012,5,23,13212,19.02,HOEP (Legacy)
2012-05-19 23:00:00,2012,5,24,12400,14.76,HOEP (Legacy)
2012-05-20 00:00:00,2012,5,1,11769,15.75,HOEP (Legacy)
2012-05-20 01:00:00,2012,5,2,11384,13.56,HOEP (Legacy)
2012-05-20 02:00:00,2012,5,3,11114,14.66,HOEP (Legacy)
2012-05-20 03:00:00,2012,5,4,11125,11.22,HOEP (Legacy)
2012-05-20 04:00:00,2012,5,5,11136,14.76,HOEP (Legacy)
2012-05-20 05:00:00,2012,5,6,11131,10.16,HOEP (Legacy)
2012-05-20 06:00:00,2012,5,7,11664,12.52,HOEP (Legacy)
2012-05-20 07:00:00,2012,5,8,12600,25.08,HOEP (Legacy)
2012-05-20 08:00:00,2012,5,9,13601,20.32,HOEP (Legacy)
2012-05-20 09:00:00,2012,5,10,14117,20.66,HOEP (Legacy)
2012-05-20 10:00:00,2012,5,11,14624,21.4,HOEP (Legacy)
2012-05-20 11:00:00,2012,5,12,14911,41.29,HOEP (Legacy)
2012-05-20 12:00:00,2012,5,13,14921,37.96,HOEP (Legacy)
2012-05-20 13:00:00,2012,5,14,15007,29.47,HOEP (Legacy)
2012-05-20 14:00:00,2012,5,15,15143,27.4,HOEP (Legacy)
2012-05-20 15:00:00,2012,5,16,15525,39.54,HOEP (Legacy)
2012-05-20 16:00:00,2012,5,17,15804,34.59,HOEP (Legacy)
2012-05-20 17:00:00,2012,5,18,15591,25.4,HOEP (Legacy)
2012-05-20 18:00:00,2012,5,19,15279,26.07,HOEP (Legacy)
2012-05-20 19:00:00,2012,5,20,14927,21.0,HOEP (Legacy)
2012-05-20 20:00:00,2012,5,21,15279,22.23,HOEP (Legacy)
2012-05-20 21:00:00,2012,5,22,14506,17.83,HOEP (Legacy)
2012-05-20 22:00:00,2012,5,23,13646,21.03,HOEP (Legacy)
2012-05-20 23:00:00,2012,5,24,12681,15.29,HOEP (Legacy)
2012-05-21 00:00:00,2012,5,1,12045,17.02,HOEP (Legacy)
2012-05-21 01:00:00,2012,5,2,11745,16.98,HOEP (Legacy)
2012-05-21 02:00:00,2012,5,3,11495,14.4,HOEP (Legacy)
2012-05-21 03:00:00,2012,5,4,11304,13.21,HOEP (Legacy)
2012-05-21 04:00:00,2012,5,5,11362,17.91,HOEP (Legacy)
2012-05-21 05:00:00,2012,5,6,11318,18.9,HOEP (Legacy)
2012-05-21 06:00:00,2012,5,7,11944,20.13,HOEP (Legacy)
2012-05-21 07:00:00,2012,5,8,12975,26.71,HOEP (Legacy)
2012-05-21 08:00:00,2012,5,9,13940,28.19,HOEP (Legacy)
2012-05-21 09:00:00,2012,5,10,14618,40.35,HOEP (Legacy)
2012-05-21 10:00:00,2012,5,11,15149,26.29,HOEP (Legacy)
2012-05-21 11:00:00,2012,5,12,15393,26.83,HOEP (Legacy)
2012-05-21 12:00:00,2012,5,13,15490,24.34,HOEP (Legacy)
2012-05-21 13:00:00,2012,5,14,15531,42.14,HOEP (Legacy)
2012-05-21 14:00:00,2012,5,15,15658,75.36,HOEP (Legacy)
2012-05-21 15:00:00,2012,5,16,15939,50.2,HOEP (Legacy)
2012-05-21 16:00:00,2012,5,17,16323,23.94,HOEP (Legacy)
2012-05-21 17:00:00,2012,5,18,16199,21.92,HOEP (Legacy)
2012-05-21 18:00:00,2012,5,19,15816,21.86,HOEP (Legacy)
2012-05-21 19:00:00,2012,5,20,15947,23.04,HOEP (Legacy)
2012-05-21 20:00:00,2012,5,21,16227,23.03,HOEP (Legacy)
2012-05-21 21:00:00,2012,5,22,15305,20.11,HOEP (Legacy)
2012-05-21 22:00:00,2012,5,23,14042,20.3,HOEP (Legacy)
2012-05-21 23:00:00,2012,5,24,13123,2.55,HOEP (Legacy)
2012-05-22 00:00:00,2012,5,1,12580,14.2,HOEP (Legacy)
2012-05-22 01:00:00,2012,5,2,12176,15.25,HOEP (Legacy)
2012-05-22 02:00:00,2012,5,3,11988,14.01,HOEP (Legacy)
2012-05-22 03:00:00,2012,5,4,12101,13.92,HOEP (Legacy)
2012-05-22 04:00:00,2012,5,5,12560,-22.69,HOEP (Legacy)
2012-05-22 05:00:00,2012,5,6,13575,18.66,HOEP (Legacy)
2012-05-22 06:00:00,2012,5,7,15162,18.53,HOEP (Legacy)
2012-05-22 07:00:00,2012,5,8,15875,21.12,HOEP (Legacy)
2012-05-22 08:00:00,2012,5,9,16364,22.49,HOEP (Legacy)
2012-05-22 09:00:00,2012,5,10,17002,35.03,HOEP (Legacy)
2012-05-22 10:00:00,2012,5,11,17290,21.3,HOEP (Legacy)
2012-05-22 11:00:00,2012,5,12,17284,21.84,HOEP (Legacy)
2012-05-22 12:00:00,2012,5,13,17542,21.63,HOEP (Legacy)
2012-05-22 13:00:00,2012,5,14,17627,22.32,HOEP (Legacy)
2012-05-22 14:00:00,2012,5,15,17587,21.91,HOEP (Legacy)
2012-05-22 15:00:00,2012,5,16,17740,21.92,HOEP (Legacy)
2012-05-22 16:00:00,2012,5,17,17915,21.95,HOEP (Legacy)
2012-05-22 17:00:00,2012,5,18,17566,21.98,HOEP (Legacy)
2012-05-22 18:00:00,2012,5,19,17408,22.02,HOEP (Legacy)
2012-05-22 19:00:00,2012,5,20,17581,22.3,HOEP (Legacy)
2012-05-22 20:00:00,2012,5,21,17645,27.23,HOEP (Legacy)
2012-05-22 21:00:00,2012,5,22,16500,28.04,HOEP (Legacy)
2012-05-22 22:00:00,2012,5,23,14977,21.58,HOEP (Legacy)
2012-05-22 23:00:00,2012,5,24,13743,37.98,HOEP (Legacy)
2012-05-23 00:00:00,2012,5,1,13115,27.09,HOEP (Legacy)
2012-05-23 01:00:00,2012,5,2,12786,14.26,HOEP (Legacy)
2012-05-23 02:00:00,2012,5,3,12626,14.18,HOEP (Legacy)
2012-05-23 03:00:00,2012,5,4,12633,14.07,HOEP (Legacy)
2012-05-23 04:00:00,2012,5,5,12973,14.02,HOEP (Legacy)
2012-05-23 05:00:00,2012,5,6,14125,27.17,HOEP (Legacy)
2012-05-23 06:00:00,2012,5,7,15614,23.67,HOEP (Legacy)
2012-05-23 07:00:00,2012,5,8,16423,19.53,HOEP (Legacy)
2012-05-23 08:00:00,2012,5,9,16770,18.93,HOEP (Legacy)
2012-05-23 09:00:00,2012,5,10,17172,20.82,HOEP (Legacy)
2012-05-23 10:00:00,2012,5,11,17426,20.86,HOEP (Legacy)
2012-05-23 11:00:00,2012,5,12,17581,20.89,HOEP (Legacy)
2012-05-23 12:00:00,2012,5,13,17800,22.98,HOEP (Legacy)
2012-05-23 13:00:00,2012,5,14,17881,21.77,HOEP (Legacy)
2012-05-23 14:00:00,2012,5,15,18013,21.74,HOEP (Legacy)
2012-05-23 15:00:00,2012,5,16,18345,22.51,HOEP (Legacy)
2012-05-23 16:00:00,2012,5,17,18481,22.08,HOEP (Legacy)
2012-05-23 17:00:00,2012,5,18,18258,21.6,HOEP (Legacy)
2012-05-23 18:00:00,2012,5,19,17889,26.61,HOEP (Legacy)
2012-05-23 19:00:00,2012,5,20,17830,21.72,HOEP (Legacy)
2012-05-23 20:00:00,2012,5,21,17857,24.04,HOEP (Legacy)
2012-05-23 21:00:00,2012,5,22,16731,29.99,HOEP (Legacy)
2012-05-23 22:00:00,2012,5,23,15254,21.36,HOEP (Legacy)
2012-05-23 23:00:00,2012,5,24,14103,-51.4,HOEP (Legacy)
2012-05-24 00:00:00,2012,5,1,13277,-21.75,HOEP (Legacy)
2012-05-24 01:00:00,2012,5,2,12908,-21.69,HOEP (Legacy)
2012-05-24 02:00:00,2012,5,3,12579,13.68,HOEP (Legacy)
2012-05-24 03:00:00,2012,5,4,12611,14.39,HOEP (Legacy)
2012-05-24 04:00:00,2012,5,5,13005,15.64,HOEP (Legacy)
2012-05-24 05:00:00,2012,5,6,14000,31.6,HOEP (Legacy)
2012-05-24 06:00:00,2012,5,7,15684,43.62,HOEP (Legacy)
2012-05-24 07:00:00,2012,5,8,16604,26.19,HOEP (Legacy)
2012-05-24 08:00:00,2012,5,9,17261,20.11,HOEP (Legacy)
2012-05-24 09:00:00,2012,5,10,17833,20.18,HOEP (Legacy)
2012-05-24 10:00:00,2012,5,11,18344,21.8,HOEP (Legacy)
2012-05-24 11:00:00,2012,5,12,18557,30.0,HOEP (Legacy)
2012-05-24 12:00:00,2012,5,13,19040,44.82,HOEP (Legacy)
2012-05-24 13:00:00,2012,5,14,19056,58.09,HOEP (Legacy)
2012-05-24 14:00:00,2012,5,15,19322,32.53,HOEP (Legacy)
2012-05-24 15:00:00,2012,5,16,19669,30.56,HOEP (Legacy)
2012-05-24 16:00:00,2012,5,17,19594,23.53,HOEP (Legacy)
2012-05-24 17:00:00,2012,5,18,19207,21.62,HOEP (Legacy)
2012-05-24 18:00:00,2012,5,19,18982,21.42,HOEP (Legacy)
2012-05-24 19:00:00,2012,5,20,18895,23.81,HOEP (Legacy)
2012-05-24 20:00:00,2012,5,21,19044,21.61,HOEP (Legacy)
2012-05-24 21:00:00,2012,5,22,17809,23.87,HOEP (Legacy)
2012-05-24 22:00:00,2012,5,23,16105,23.61,HOEP (Legacy)
2012-05-24 23:00:00,2012,5,24,14889,73.26,HOEP (Legacy)
2012-05-25 00:00:00,2012,5,1,14154,167.5,HOEP (Legacy)
2012-05-25 01:00:00,2012,5,2,13583,42.05,HOEP (Legacy)
2012-05-25 02:00:00,2012,5,3,13080,43.79,HOEP (Legacy)
2012-05-25 03:00:00,2012,5,4,13209,14.57,HOEP (Legacy)
2012-05-25 04:00:00,2012,5,5,13648,15.15,HOEP (Legacy)
2012-05-25 05:00:00,2012,5,6,14661,18.82,HOEP (Legacy)
2012-05-25 06:00:00,2012,5,7,16417,20.36,HOEP (Legacy)
2012-05-25 07:00:00,2012,5,8,17527,21.29,HOEP (Legacy)
2012-05-25 08:00:00,2012,5,9,18071,21.66,HOEP (Legacy)
2012-05-25 09:00:00,2012,5,10,18750,28.9,HOEP (Legacy)
2012-05-25 10:00:00,2012,5,11,19222,36.33,HOEP (Legacy)
2012-05-25 11:00:00,2012,5,12,19315,35.52,HOEP (Legacy)
2012-05-25 12:00:00,2012,5,13,19537,46.93,HOEP (Legacy)
2012-05-25 13:00:00,2012,5,14,19877,39.53,HOEP (Legacy)
2012-05-25 14:00:00,2012,5,15,19961,34.9,HOEP (Legacy)
2012-05-25 15:00:00,2012,5,16,20295,38.15,HOEP (Legacy)
2012-05-25 16:00:00,2012,5,17,20213,87.28,HOEP (Legacy)
2012-05-25 17:00:00,2012,5,18,19683,44.09,HOEP (Legacy)
2012-05-25 18:00:00,2012,5,19,19284,71.12,HOEP (Legacy)
2012-05-25 19:00:00,2012,5,20,18819,26.32,HOEP (Legacy)
2012-05-25 20:00:00,2012,5,21,18885,22.36,HOEP (Legacy)
2012-05-25 21:00:00,2012,5,22,17610,21.43,HOEP (Legacy)
2012-05-25 22:00:00,2012,5,23,15968,20.96,HOEP (Legacy)
2012-05-25 23:00:00,2012,5,24,14552,20.03,HOEP (Legacy)
2012-05-26 00:00:00,2012,5,1,13762,24.07,HOEP (Legacy)
2012-05-26 01:00:00,2012,5,2,13218,28.46,HOEP (Legacy)
2012-05-26 02:00:00,2012,5,3,12837,23.53,HOEP (Legacy)
2012-05-26 03:00:00,2012,5,4,12682,18.89,HOEP (Legacy)
2012-05-26 04:00:00,2012,5,5,12620,18.1,HOEP (Legacy)
2012-05-26 05:00:00,2012,5,6,12871,17.13,HOEP (Legacy)
2012-05-26 06:00:00,2012,5,7,13681,17.24,HOEP (Legacy)
2012-05-26 07:00:00,2012,5,8,14445,20.6,HOEP (Legacy)
2012-05-26 08:00:00,2012,5,9,15371,22.29,HOEP (Legacy)
2012-05-26 09:00:00,2012,5,10,16084,31.81,HOEP (Legacy)
2012-05-26 10:00:00,2012,5,11,16330,46.59,HOEP (Legacy)
2012-05-26 11:00:00,2012,5,12,16637,46.93,HOEP (Legacy)
2012-05-26 12:00:00,2012,5,13,16747,48.19,HOEP (Legacy)
2012-05-26 13:00:00,2012,5,14,16705,45.09,HOEP (Legacy)
2012-05-26 14:00:00,2012,5,15,16692,27.14,HOEP (Legacy)
2012-05-26 15:00:00,2012,5,16,16747,41.51,HOEP (Legacy)
2012-05-26 16:00:00,2012,5,17,16846,46.01,HOEP (Legacy)
2012-05-26 17:00:00,2012,5,18,16705,38.1,HOEP (Legacy)
2012-05-26 18:00:00,2012,5,19,16315,24.45,HOEP (Legacy)
2012-05-26 19:00:00,2012,5,20,15869,21.57,HOEP (Legacy)
2012-05-26 20:00:00,2012,5,21,16194,30.65,HOEP (Legacy)
2012-05-26 21:00:00,2012,5,22,15476,23.92,HOEP (Legacy)
2012-05-26 22:00:00,2012,5,23,14395,21.51,HOEP (Legacy)
2012-05-26 23:00:00,2012,5,24,13346,19.34,HOEP (Legacy)
2012-05-27 00:00:00,2012,5,1,12535,21.3,HOEP (Legacy)
2012-05-27 01:00:00,2012,5,2,12076,16.9,HOEP (Legacy)
2012-05-27 02:00:00,2012,5,3,11806,16.96,HOEP (Legacy)
2012-05-27 03:00:00,2012,5,4,11733,12.22,HOEP (Legacy)
2012-05-27 04:00:00,2012,5,5,11684,-24.82,HOEP (Legacy)
2012-05-27 05:00:00,2012,5,6,11685,-128.1,HOEP (Legacy)
2012-05-27 06:00:00,2012,5,7,12249,-39.2,HOEP (Legacy)
2012-05-27 07:00:00,2012,5,8,12996,9.84,HOEP (Legacy)
2012-05-27 08:00:00,2012,5,9,13879,20.63,HOEP (Legacy)
2012-05-27 09:00:00,2012,5,10,14522,29.23,HOEP (Legacy)
2012-05-27 10:00:00,2012,5,11,15037,24.89,HOEP (Legacy)
2012-05-27 11:00:00,2012,5,12,15429,22.88,HOEP (Legacy)
2012-05-27 12:00:00,2012,5,13,15403,19.57,HOEP (Legacy)
2012-05-27 13:00:00,2012,5,14,15437,21.88,HOEP (Legacy)
2012-05-27 14:00:00,2012,5,15,15660,27.7,HOEP (Legacy)
2012-05-27 15:00:00,2012,5,16,15975,36.54,HOEP (Legacy)
2012-05-27 16:00:00,2012,5,17,16152,30.14,HOEP (Legacy)
2012-05-27 17:00:00,2012,5,18,16084,19.71,HOEP (Legacy)
2012-05-27 18:00:00,2012,5,19,15948,23.88,HOEP (Legacy)
2012-05-27 19:00:00,2012,5,20,16060,29.63,HOEP (Legacy)
2012-05-27 20:00:00,2012,5,21,16259,26.8,HOEP (Legacy)
2012-05-27 21:00:00,2012,5,22,15389,22.6,HOEP (Legacy)
2012-05-27 22:00:00,2012,5,23,14260,6.06,HOEP (Legacy)
2012-05-27 23:00:00,2012,5,24,13284,-9.67,HOEP (Legacy)
2012-05-28 00:00:00,2012,5,1,12626,13.93,HOEP (Legacy)
2012-05-28 01:00:00,2012,5,2,12418,14.39,HOEP (Legacy)
2012-05-28 02:00:00,2012,5,3,12291,13.28,HOEP (Legacy)
2012-05-28 03:00:00,2012,5,4,12304,14.81,HOEP (Legacy)
2012-05-28 04:00:00,2012,5,5,12795,23.35,HOEP (Legacy)
2012-05-28 05:00:00,2012,5,6,13844,39.77,HOEP (Legacy)
2012-05-28 06:00:00,2012,5,7,15832,20.41,HOEP (Legacy)
2012-05-28 07:00:00,2012,5,8,16691,18.98,HOEP (Legacy)
2012-05-28 08:00:00,2012,5,9,17423,19.39,HOEP (Legacy)
2012-05-28 09:00:00,2012,5,10,18067,21.15,HOEP (Legacy)
2012-05-28 10:00:00,2012,5,11,18844,21.76,HOEP (Legacy)
2012-05-28 11:00:00,2012,5,12,19146,23.77,HOEP (Legacy)
2012-05-28 12:00:00,2012,5,13,19703,29.71,HOEP (Legacy)
2012-05-28 13:00:00,2012,5,14,20132,26.54,HOEP (Legacy)
2012-05-28 14:00:00,2012,5,15,20635,29.11,HOEP (Legacy)
2012-05-28 15:00:00,2012,5,16,20852,24.28,HOEP (Legacy)
2012-05-28 16:00:00,2012,5,17,21106,38.61,HOEP (Legacy)
2012-05-28 17:00:00,2012,5,18,20921,41.25,HOEP (Legacy)
2012-05-28 18:00:00,2012,5,19,20601,29.34,HOEP (Legacy)
2012-05-28 19:00:00,2012,5,20,20207,29.23,HOEP (Legacy)
2012-05-28 20:00:00,2012,5,21,20646,35.55,HOEP (Legacy)
2012-05-28 21:00:00,2012,5,22,19210,22.95,HOEP (Legacy)
2012-05-28 22:00:00,2012,5,23,17569,22.88,HOEP (Legacy)
2012-05-28 23:00:00,2012,5,24,16124,25.84,HOEP (Legacy)
2012-05-29 00:00:00,2012,5,1,15520,37.25,HOEP (Legacy)
2012-05-29 01:00:00,2012,5,2,14931,28.57,HOEP (Legacy)
2012-05-29 02:00:00,2012,5,3,14666,24.55,HOEP (Legacy)
2012-05-29 03:00:00,2012,5,4,14521,20.29,HOEP (Legacy)
2012-05-29 04:00:00,2012,5,5,14813,16.33,HOEP (Legacy)
2012-05-29 05:00:00,2012,5,6,15966,21.29,HOEP (Legacy)
2012-05-29 06:00:00,2012,5,7,17657,33.38,HOEP (Legacy)
2012-05-29 07:00:00,2012,5,8,18615,24.45,HOEP (Legacy)
2012-05-29 08:00:00,2012,5,9,19443,37.42,HOEP (Legacy)
2012-05-29 09:00:00,2012,5,10,19691,24.59,HOEP (Legacy)
2012-05-29 10:00:00,2012,5,11,19997,21.18,HOEP (Legacy)
2012-05-29 11:00:00,2012,5,12,19999,20.43,HOEP (Legacy)
2012-05-29 12:00:00,2012,5,13,19832,19.49,HOEP (Legacy)
2012-05-29 13:00:00,2012,5,14,19802,19.34,HOEP (Legacy)
2012-05-29 14:00:00,2012,5,15,20129,20.9,HOEP (Legacy)
2012-05-29 15:00:00,2012,5,16,20372,21.64,HOEP (Legacy)
2012-05-29 16:00:00,2012,5,17,20435,21.51,HOEP (Legacy)
2012-05-29 17:00:00,2012,5,18,19882,20.42,HOEP (Legacy)
2012-05-29 18:00:00,2012,5,19,19412,20.4,HOEP (Legacy)
2012-05-29 19:00:00,2012,5,20,18992,22.55,HOEP (Legacy)
2012-05-29 20:00:00,2012,5,21,18991,21.33,HOEP (Legacy)
2012-05-29 21:00:00,2012,5,22,17531,22.18,HOEP (Legacy)
2012-05-29 22:00:00,2012,5,23,15869,22.57,HOEP (Legacy)
2012-05-29 23:00:00,2012,5,24,14573,23.33,HOEP (Legacy)
2012-05-30 00:00:00,2012,5,1,13768,22.49,HOEP (Legacy)
2012-05-30 01:00:00,2012,5,2,13256,16.05,HOEP (Legacy)
2012-05-30 02:00:00,2012,5,3,12888,14.67,HOEP (Legacy)
2012-05-30 03:00:00,2012,5,4,12838,14.64,HOEP (Legacy)
2012-05-30 04:00:00,2012,5,5,13199,14.57,HOEP (Legacy)
2012-05-30 05:00:00,2012,5,6,14180,21.73,HOEP (Legacy)
2012-05-30 06:00:00,2012,5,7,15648,24.56,HOEP (Legacy)
2012-05-30 07:00:00,2012,5,8,16514,28.52,HOEP (Legacy)
2012-05-30 08:00:00,2012,5,9,17021,25.99,HOEP (Legacy)
2012-05-30 09:00:00,2012,5,10,17363,24.56,HOEP (Legacy)
2012-05-30 10:00:00,2012,5,11,17500,24.93,HOEP (Legacy)
2012-05-30 11:00:00,2012,5,12,17661,25.35,HOEP (Legacy)
2012-05-30 12:00:00,2012,5,13,17585,23.52,HOEP (Legacy)
2012-05-30 13:00:00,2012,5,14,17525,22.69,HOEP (Legacy)
2012-05-30 14:00:00,2012,5,15,17595,21.55,HOEP (Legacy)
2012-05-30 15:00:00,2012,5,16,17799,20.4,HOEP (Legacy)
2012-05-30 16:00:00,2012,5,17,17639,20.31,HOEP (Legacy)
2012-05-30 17:00:00,2012,5,18,17185,19.91,HOEP (Legacy)
2012-05-30 18:00:00,2012,5,19,16878,20.58,HOEP (Legacy)
2012-05-30 19:00:00,2012,5,20,16818,22.6,HOEP (Legacy)
2012-05-30 20:00:00,2012,5,21,16976,23.34,HOEP (Legacy)
2012-05-30 21:00:00,2012,5,22,15979,21.39,HOEP (Legacy)
2012-05-30 22:00:00,2012,5,23,14524,41.34,HOEP (Legacy)
2012-05-30 23:00:00,2012,5,24,13417,16.7,HOEP (Legacy)
2012-05-31 00:00:00,2012,5,1,12783,14.31,HOEP (Legacy)
2012-05-31 01:00:00,2012,5,2,12455,15.51,HOEP (Legacy)
2012-05-31 02:00:00,2012,5,3,12307,14.06,HOEP (Legacy)
2012-05-31 03:00:00,2012,5,4,12401,13.97,HOEP (Legacy)
2012-05-31 04:00:00,2012,5,5,12650,16.94,HOEP (Legacy)
2012-05-31 05:00:00,2012,5,6,13572,22.96,HOEP (Legacy)
2012-05-31 06:00:00,2012,5,7,14946,23.66,HOEP (Legacy)
2012-05-31 07:00:00,2012,5,8,15607,19.72,HOEP (Legacy)
2012-05-31 08:00:00,2012,5,9,15931,19.03,HOEP (Legacy)
2012-05-31 09:00:00,2012,5,10,16152,21.68,HOEP (Legacy)
2012-05-31 10:00:00,2012,5,11,16214,19.58,HOEP (Legacy)
2012-05-31 11:00:00,2012,5,12,16294,19.55,HOEP (Legacy)
2012-05-31 12:00:00,2012,5,13,16404,21.46,HOEP (Legacy)
2012-05-31 13:00:00,2012,5,14,16350,21.0,HOEP (Legacy)
2012-05-31 14:00:00,2012,5,15,16396,23.39,HOEP (Legacy)
2012-05-31 15:00:00,2012,5,16,16558,22.05,HOEP (Legacy)
2012-05-31 16:00:00,2012,5,17,16586,18.86,HOEP (Legacy)
2012-05-31 17:00:00,2012,5,18,16174,16.38,HOEP (Legacy)
2012-05-31 18:00:00,2012,5,19,15918,15.32,HOEP (Legacy)
2012-05-31 19:00:00,2012,5,20,15984,14.56,HOEP (Legacy)
2012-05-31 20:00:00,2012,5,21,16368,19.46,HOEP (Legacy)
2012-05-31 21:00:00,2012,5,22,15482,16.83,HOEP (Legacy)
2012-05-31 22:00:00,2012,5,23,14127,15.4,HOEP (Legacy)
2012-05-31 23:00:00,2012,5,24,13054,16.43,HOEP (Legacy)
2012-06-01 00:00:00,2012,6,1,12399,13.52,HOEP (Legacy)
2012-06-01 01:00:00,2012,6,2,11986,-117.02,HOEP (Legacy)
2012-06-01 02:00:00,2012,6,3,11838,-128.0,HOEP (Legacy)
2012-06-01 03:00:00,2012,6,4,11899,-59.66,HOEP (Legacy)
2012-06-01 04:00:00,2012,6,5,12321,-10.53,HOEP (Legacy)
2012-06-01 05:00:00,2012,6,6,13341,19.19,HOEP (Legacy)
2012-06-01 06:00:00,2012,6,7,14754,10.46,HOEP (Legacy)
2012-06-01 07:00:00,2012,6,8,15480,15.39,HOEP (Legacy)
2012-06-01 08:00:00,2012,6,9,15936,19.15,HOEP (Legacy)
2012-06-01 09:00:00,2012,6,10,16282,20.92,HOEP (Legacy)
2012-06-01 10:00:00,2012,6,11,16550,32.42,HOEP (Legacy)
2012-06-01 11:00:00,2012,6,12,16499,25.72,HOEP (Legacy)
2012-06-01 12:00:00,2012,6,13,16512,23.24,HOEP (Legacy)
2012-06-01 13:00:00,2012,6,14,16376,20.73,HOEP (Legacy)
2012-06-01 14:00:00,2012,6,15,16312,20.12,HOEP (Legacy)
2012-06-01 15:00:00,2012,6,16,16290,17.73,HOEP (Legacy)
2012-06-01 16:00:00,2012,6,17,16377,16.2,HOEP (Legacy)
2012-06-01 17:00:00,2012,6,18,16183,15.49,HOEP (Legacy)
2012-06-01 18:00:00,2012,6,19,16059,17.16,HOEP (Legacy)
2012-06-01 19:00:00,2012,6,20,16066,16.63,HOEP (Legacy)
2012-06-01 20:00:00,2012,6,21,15931,16.03,HOEP (Legacy)
2012-06-01 21:00:00,2012,6,22,14932,22.38,HOEP (Legacy)
2012-06-01 22:00:00,2012,6,23,13686,23.0,HOEP (Legacy)
2012-06-01 23:00:00,2012,6,24,12697,24.8,HOEP (Legacy)
2012-06-02 00:00:00,2012,6,1,12001,16.28,HOEP (Legacy)
2012-06-02 01:00:00,2012,6,2,11589,16.61,HOEP (Legacy)
2012-06-02 02:00:00,2012,6,3,11443,26.26,HOEP (Legacy)
2012-06-02 03:00:00,2012,6,4,11396,25.36,HOEP (Legacy)
2012-06-02 04:00:00,2012,6,5,11631,14.34,HOEP (Legacy)
2012-06-02 05:00:00,2012,6,6,11954,16.8,HOEP (Legacy)
2012-06-02 06:00:00,2012,6,7,12626,16.88,HOEP (Legacy)
2012-06-02 07:00:00,2012,6,8,13542,20.28,HOEP (Legacy)
2012-06-02 08:00:00,2012,6,9,14333,20.22,HOEP (Legacy)
2012-06-02 09:00:00,2012,6,10,14579,20.09,HOEP (Legacy)
2012-06-02 10:00:00,2012,6,11,14792,19.58,HOEP (Legacy)
2012-06-02 11:00:00,2012,6,12,14748,19.35,HOEP (Legacy)
2012-06-02 12:00:00,2012,6,13,14555,18.86,HOEP (Legacy)
2012-06-02 13:00:00,2012,6,14,14374,18.95,HOEP (Legacy)
2012-06-02 14:00:00,2012,6,15,14200,18.82,HOEP (Legacy)
2012-06-02 15:00:00,2012,6,16,14356,18.48,HOEP (Legacy)
2012-06-02 16:00:00,2012,6,17,14414,18.48,HOEP (Legacy)
2012-06-02 17:00:00,2012,6,18,14240,17.16,HOEP (Legacy)
2012-06-02 18:00:00,2012,6,19,14074,17.01,HOEP (Legacy)
2012-06-02 19:00:00,2012,6,20,14173,18.19,HOEP (Legacy)
2012-06-02 20:00:00,2012,6,21,14558,20.0,HOEP (Legacy)
2012-06-02 21:00:00,2012,6,22,13876,22.27,HOEP (Legacy)
2012-06-02 22:00:00,2012,6,23,12893,16.13,HOEP (Legacy)
2012-06-02 23:00:00,2012,6,24,12042,18.36,HOEP (Legacy)
2012-06-03 00:00:00,2012,6,1,11481,17.45,HOEP (Legacy)
2012-06-03 01:00:00,2012,6,2,11197,18.81,HOEP (Legacy)
2012-06-03 02:00:00,2012,6,3,11081,15.25,HOEP (Legacy)
2012-06-03 03:00:00,2012,6,4,11041,14.22,HOEP (Legacy)
2012-06-03 04:00:00,2012,6,5,11040,14.21,HOEP (Legacy)
2012-06-03 05:00:00,2012,6,6,11017,14.06,HOEP (Legacy)
2012-06-03 06:00:00,2012,6,7,11507,14.68,HOEP (Legacy)
2012-06-03 07:00:00,2012,6,8,12373,17.27,HOEP (Legacy)
2012-06-03 08:00:00,2012,6,9,13186,18.91,HOEP (Legacy)
2012-06-03 09:00:00,2012,6,10,13700,19.14,HOEP (Legacy)
2012-06-03 10:00:00,2012,6,11,13944,18.61,HOEP (Legacy)
2012-06-03 11:00:00,2012,6,12,14134,18.83,HOEP (Legacy)
2012-06-03 12:00:00,2012,6,13,13982,18.53,HOEP (Legacy)
2012-06-03 13:00:00,2012,6,14,13999,18.47,HOEP (Legacy)
2012-06-03 14:00:00,2012,6,15,14056,18.48,HOEP (Legacy)
2012-06-03 15:00:00,2012,6,16,14230,18.55,HOEP (Legacy)
2012-06-03 16:00:00,2012,6,17,14416,18.6,HOEP (Legacy)
2012-06-03 17:00:00,2012,6,18,14312,18.49,HOEP (Legacy)
2012-06-03 18:00:00,2012,6,19,14306,18.49,HOEP (Legacy)
2012-06-03 19:00:00,2012,6,20,14293,18.79,HOEP (Legacy)
2012-06-03 20:00:00,2012,6,21,14734,20.71,HOEP (Legacy)
2012-06-03 21:00:00,2012,6,22,14135,32.31,HOEP (Legacy)
2012-06-03 22:00:00,2012,6,23,13073,25.07,HOEP (Legacy)
2012-06-03 23:00:00,2012,6,24,12289,21.33,HOEP (Legacy)
2012-06-04 00:00:00,2012,6,1,11684,22.32,HOEP (Legacy)
2012-06-04 01:00:00,2012,6,2,11480,16.76,HOEP (Legacy)
2012-06-04 02:00:00,2012,6,3,11388,14.31,HOEP (Legacy)
2012-06-04 03:00:00,2012,6,4,11595,15.43,HOEP (Legacy)
2012-06-04 04:00:00,2012,6,5,12227,18.75,HOEP (Legacy)
2012-06-04 05:00:00,2012,6,6,13127,17.18,HOEP (Legacy)
2012-06-04 06:00:00,2012,6,7,14635,18.25,HOEP (Legacy)
2012-06-04 07:00:00,2012,6,8,15494,18.71,HOEP (Legacy)
2012-06-04 08:00:00,2012,6,9,15739,17.11,HOEP (Legacy)
2012-06-04 09:00:00,2012,6,10,16069,17.82,HOEP (Legacy)
2012-06-04 10:00:00,2012,6,11,16104,18.83,HOEP (Legacy)
2012-06-04 11:00:00,2012,6,12,16131,18.6,HOEP (Legacy)
2012-06-04 12:00:00,2012,6,13,16242,19.04,HOEP (Legacy)
2012-06-04 13:00:00,2012,6,14,16143,17.48,HOEP (Legacy)
2012-06-04 14:00:00,2012,6,15,16009,17.16,HOEP (Legacy)
2012-06-04 15:00:00,2012,6,16,16087,15.83,HOEP (Legacy)
2012-06-04 16:00:00,2012,6,17,16128,15.35,HOEP (Legacy)
2012-06-04 17:00:00,2012,6,18,15952,15.25,HOEP (Legacy)
2012-06-04 18:00:00,2012,6,19,15919,15.64,HOEP (Legacy)
2012-06-04 19:00:00,2012,6,20,16157,17.5,HOEP (Legacy)
2012-06-04 20:00:00,2012,6,21,16195,18.99,HOEP (Legacy)
2012-06-04 21:00:00,2012,6,22,15097,16.32,HOEP (Legacy)
2012-06-04 22:00:00,2012,6,23,13790,17.75,HOEP (Legacy)
2012-06-04 23:00:00,2012,6,24,12915,13.37,HOEP (Legacy)
2012-06-05 00:00:00,2012,6,1,12458,15.1,HOEP (Legacy)
2012-06-05 01:00:00,2012,6,2,12208,13.81,HOEP (Legacy)
2012-06-05 02:00:00,2012,6,3,12020,13.69,HOEP (Legacy)
2012-06-05 03:00:00,2012,6,4,12149,13.41,HOEP (Legacy)
2012-06-05 04:00:00,2012,6,5,12521,10.47,HOEP (Legacy)
2012-06-05 05:00:00,2012,6,6,13424,17.92,HOEP (Legacy)
2012-06-05 06:00:00,2012,6,7,14891,21.09,HOEP (Legacy)
2012-06-05 07:00:00,2012,6,8,15416,19.18,HOEP (Legacy)
2012-06-05 08:00:00,2012,6,9,15666,18.83,HOEP (Legacy)
2012-06-05 09:00:00,2012,6,10,15881,18.98,HOEP (Legacy)
2012-06-05 10:00:00,2012,6,11,16133,18.97,HOEP (Legacy)
2012-06-05 11:00:00,2012,6,12,16119,20.27,HOEP (Legacy)
2012-06-05 12:00:00,2012,6,13,16195,18.99,HOEP (Legacy)
2012-06-05 13:00:00,2012,6,14,16271,18.04,HOEP (Legacy)
2012-06-05 14:00:00,2012,6,15,16323,18.08,HOEP (Legacy)
2012-06-05 15:00:00,2012,6,16,16449,18.21,HOEP (Legacy)
2012-06-05 16:00:00,2012,6,17,16447,18.08,HOEP (Legacy)
2012-06-05 17:00:00,2012,6,18,16306,17.88,HOEP (Legacy)
2012-06-05 18:00:00,2012,6,19,16165,17.57,HOEP (Legacy)
2012-06-05 19:00:00,2012,6,20,16286,18.04,HOEP (Legacy)
2012-06-05 20:00:00,2012,6,21,16574,17.8,HOEP (Legacy)
2012-06-05 21:00:00,2012,6,22,15713,19.33,HOEP (Legacy)
2012-06-05 22:00:00,2012,6,23,14173,17.1,HOEP (Legacy)
2012-06-05 23:00:00,2012,6,24,13152,15.46,HOEP (Legacy)
2012-06-06 00:00:00,2012,6,1,12690,12.74,HOEP (Legacy)
2012-06-06 01:00:00,2012,6,2,12361,12.09,HOEP (Legacy)
2012-06-06 02:00:00,2012,6,3,12257,3.53,HOEP (Legacy)
2012-06-06 03:00:00,2012,6,4,12253,1.47,HOEP (Legacy)
2012-06-06 04:00:00,2012,6,5,12517,6.63,HOEP (Legacy)
2012-06-06 05:00:00,2012,6,6,13474,15.51,HOEP (Legacy)
2012-06-06 06:00:00,2012,6,7,14926,18.39,HOEP (Legacy)
2012-06-06 07:00:00,2012,6,8,15569,18.53,HOEP (Legacy)
2012-06-06 08:00:00,2012,6,9,15977,18.57,HOEP (Legacy)
2012-06-06 09:00:00,2012,6,10,16330,19.42,HOEP (Legacy)
2012-06-06 10:00:00,2012,6,11,16554,19.43,HOEP (Legacy)
2012-06-06 11:00:00,2012,6,12,16653,18.36,HOEP (Legacy)
2012-06-06 12:00:00,2012,6,13,16852,18.35,HOEP (Legacy)
2012-06-06 13:00:00,2012,6,14,16862,18.49,HOEP (Legacy)
2012-06-06 14:00:00,2012,6,15,16904,18.86,HOEP (Legacy)
2012-06-06 15:00:00,2012,6,16,17138,22.03,HOEP (Legacy)
2012-06-06 16:00:00,2012,6,17,17251,21.88,HOEP (Legacy)
2012-06-06 17:00:00,2012,6,18,16777,19.95,HOEP (Legacy)
2012-06-06 18:00:00,2012,6,19,16644,18.99,HOEP (Legacy)
2012-06-06 19:00:00,2012,6,20,16633,18.93,HOEP (Legacy)
2012-06-06 20:00:00,2012,6,21,16767,18.9,HOEP (Legacy)
2012-06-06 21:00:00,2012,6,22,15811,18.87,HOEP (Legacy)
2012-06-06 22:00:00,2012,6,23,14357,17.85,HOEP (Legacy)
2012-06-06 23:00:00,2012,6,24,13178,14.14,HOEP (Legacy)
2012-06-07 00:00:00,2012,6,1,12698,14.34,HOEP (Legacy)
2012-06-07 01:00:00,2012,6,2,12311,14.4,HOEP (Legacy)
2012-06-07 02:00:00,2012,6,3,12138,13.65,HOEP (Legacy)
2012-06-07 03:00:00,2012,6,4,12215,14.4,HOEP (Legacy)
2012-06-07 04:00:00,2012,6,5,12531,14.3,HOEP (Legacy)
2012-06-07 05:00:00,2012,6,6,13541,2.0,HOEP (Legacy)
2012-06-07 06:00:00,2012,6,7,15009,20.21,HOEP (Legacy)
2012-06-07 07:00:00,2012,6,8,15719,18.79,HOEP (Legacy)
2012-06-07 08:00:00,2012,6,9,16142,18.67,HOEP (Legacy)
2012-06-07 09:00:00,2012,6,10,16624,19.53,HOEP (Legacy)
2012-06-07 10:00:00,2012,6,11,16859,19.54,HOEP (Legacy)
2012-06-07 11:00:00,2012,6,12,17005,20.59,HOEP (Legacy)
2012-06-07 12:00:00,2012,6,13,17061,21.66,HOEP (Legacy)
2012-06-07 13:00:00,2012,6,14,17229,21.99,HOEP (Legacy)
2012-06-07 14:00:00,2012,6,15,17265,24.5,HOEP (Legacy)
2012-06-07 15:00:00,2012,6,16,17483,31.35,HOEP (Legacy)
2012-06-07 16:00:00,2012,6,17,17483,23.92,HOEP (Legacy)
2012-06-07 17:00:00,2012,6,18,17248,21.41,HOEP (Legacy)
2012-06-07 18:00:00,2012,6,19,17114,20.54,HOEP (Legacy)
2012-06-07 19:00:00,2012,6,20,17182,20.82,HOEP (Legacy)
2012-06-07 20:00:00,2012,6,21,17217,20.79,HOEP (Legacy)
2012-06-07 21:00:00,2012,6,22,16387,22.43,HOEP (Legacy)
2012-06-07 22:00:00,2012,6,23,14882,22.08,HOEP (Legacy)
2012-06-07 23:00:00,2012,6,24,13620,17.8,HOEP (Legacy)
2012-06-08 00:00:00,2012,6,1,12879,19.1,HOEP (Legacy)
2012-06-08 01:00:00,2012,6,2,12468,16.08,HOEP (Legacy)
2012-06-08 02:00:00,2012,6,3,12345,13.78,HOEP (Legacy)
2012-06-08 03:00:00,2012,6,4,12362,13.91,HOEP (Legacy)
2012-06-08 04:00:00,2012,6,5,12678,13.65,HOEP (Legacy)
2012-06-08 05:00:00,2012,6,6,13649,13.75,HOEP (Legacy)
2012-06-08 06:00:00,2012,6,7,14849,17.25,HOEP (Legacy)
2012-06-08 07:00:00,2012,6,8,15787,17.78,HOEP (Legacy)
2012-06-08 08:00:00,2012,6,9,16436,18.33,HOEP (Legacy)
2012-06-08 09:00:00,2012,6,10,17035,18.72,HOEP (Legacy)
2012-06-08 10:00:00,2012,6,11,17391,18.62,HOEP (Legacy)
2012-06-08 11:00:00,2012,6,12,17517,18.7,HOEP (Legacy)
2012-06-08 12:00:00,2012,6,13,17612,20.84,HOEP (Legacy)
2012-06-08 13:00:00,2012,6,14,17649,21.58,HOEP (Legacy)
2012-06-08 14:00:00,2012,6,15,17730,20.13,HOEP (Legacy)
2012-06-08 15:00:00,2012,6,16,17887,19.43,HOEP (Legacy)
2012-06-08 16:00:00,2012,6,17,17834,20.42,HOEP (Legacy)
2012-06-08 17:00:00,2012,6,18,17676,20.14,HOEP (Legacy)
2012-06-08 18:00:00,2012,6,19,17464,18.6,HOEP (Legacy)
2012-06-08 19:00:00,2012,6,20,17236,18.79,HOEP (Legacy)
2012-06-08 20:00:00,2012,6,21,17517,21.62,HOEP (Legacy)
2012-06-08 21:00:00,2012,6,22,16615,19.37,HOEP (Legacy)
2012-06-08 22:00:00,2012,6,23,15127,23.12,HOEP (Legacy)
2012-06-08 23:00:00,2012,6,24,13931,23.82,HOEP (Legacy)
2012-06-09 00:00:00,2012,6,1,13184,26.22,HOEP (Legacy)
2012-06-09 01:00:00,2012,6,2,12674,29.01,HOEP (Legacy)
2012-06-09 02:00:00,2012,6,3,12403,15.29,HOEP (Legacy)
2012-06-09 03:00:00,2012,6,4,12252,15.59,HOEP (Legacy)
2012-06-09 04:00:00,2012,6,5,12317,13.58,HOEP (Legacy)
2012-06-09 05:00:00,2012,6,6,12577,10.51,HOEP (Legacy)
2012-06-09 06:00:00,2012,6,7,13380,13.11,HOEP (Legacy)
2012-06-09 07:00:00,2012,6,8,14368,15.77,HOEP (Legacy)
2012-06-09 08:00:00,2012,6,9,15370,18.36,HOEP (Legacy)
2012-06-09 09:00:00,2012,6,10,15908,18.51,HOEP (Legacy)
2012-06-09 10:00:00,2012,6,11,16281,18.82,HOEP (Legacy)
2012-06-09 11:00:00,2012,6,12,16305,18.42,HOEP (Legacy)
2012-06-09 12:00:00,2012,6,13,16178,18.72,HOEP (Legacy)
2012-06-09 13:00:00,2012,6,14,16203,18.33,HOEP (Legacy)
2012-06-09 14:00:00,2012,6,15,16161,20.01,HOEP (Legacy)
2012-06-09 15:00:00,2012,6,16,16413,23.84,HOEP (Legacy)
2012-06-09 16:00:00,2012,6,17,16680,26.11,HOEP (Legacy)
2012-06-09 17:00:00,2012,6,18,16650,21.02,HOEP (Legacy)
2012-06-09 18:00:00,2012,6,19,16348,20.26,HOEP (Legacy)
2012-06-09 19:00:00,2012,6,20,16106,19.44,HOEP (Legacy)
2012-06-09 20:00:00,2012,6,21,16291,20.43,HOEP (Legacy)
2012-06-09 21:00:00,2012,6,22,15756,18.26,HOEP (Legacy)
2012-06-09 22:00:00,2012,6,23,14566,16.63,HOEP (Legacy)
2012-06-09 23:00:00,2012,6,24,13565,14.31,HOEP (Legacy)
2012-06-10 00:00:00,2012,6,1,12872,13.69,HOEP (Legacy)
2012-06-10 01:00:00,2012,6,2,12362,10.21,HOEP (Legacy)
2012-06-10 02:00:00,2012,6,3,12087,-39.82,HOEP (Legacy)
2012-06-10 03:00:00,2012,6,4,11911,10.87,HOEP (Legacy)
2012-06-10 04:00:00,2012,6,5,11767,-63.37,HOEP (Legacy)
2012-06-10 05:00:00,2012,6,6,11767,-62.17,HOEP (Legacy)
2012-06-10 06:00:00,2012,6,7,12495,-17.71,HOEP (Legacy)
2012-06-10 07:00:00,2012,6,8,13799,16.27,HOEP (Legacy)
2012-06-10 08:00:00,2012,6,9,15094,17.83,HOEP (Legacy)
2012-06-10 09:00:00,2012,6,10,16054,27.41,HOEP (Legacy)
2012-06-10 10:00:00,2012,6,11,16957,21.09,HOEP (Legacy)
2012-06-10 11:00:00,2012,6,12,17485,20.46,HOEP (Legacy)
2012-06-10 12:00:00,2012,6,13,17818,24.46,HOEP (Legacy)
2012-06-10 13:00:00,2012,6,14,18202,49.51,HOEP (Legacy)
2012-06-10 14:00:00,2012,6,15,18288,40.28,HOEP (Legacy)
2012-06-10 15:00:00,2012,6,16,18809,37.26,HOEP (Legacy)
2012-06-10 16:00:00,2012,6,17,19276,39.36,HOEP (Legacy)
2012-06-10 17:00:00,2012,6,18,19200,56.15,HOEP (Legacy)
2012-06-10 18:00:00,2012,6,19,18958,40.26,HOEP (Legacy)
2012-06-10 19:00:00,2012,6,20,18702,42.11,HOEP (Legacy)
2012-06-10 20:00:00,2012,6,21,18712,24.95,HOEP (Legacy)
2012-06-10 21:00:00,2012,6,22,17817,21.25,HOEP (Legacy)
2012-06-10 22:00:00,2012,6,23,16178,17.96,HOEP (Legacy)
2012-06-10 23:00:00,2012,6,24,14878,17.8,HOEP (Legacy)
2012-06-11 00:00:00,2012,6,1,14107,16.26,HOEP (Legacy)
2012-06-11 01:00:00,2012,6,2,13667,17.23,HOEP (Legacy)
2012-06-11 02:00:00,2012,6,3,13248,19.04,HOEP (Legacy)
2012-06-11 03:00:00,2012,6,4,13172,17.65,HOEP (Legacy)
2012-06-11 04:00:00,2012,6,5,13614,13.18,HOEP (Legacy)
2012-06-11 05:00:00,2012,6,6,14675,16.24,HOEP (Legacy)
2012-06-11 06:00:00,2012,6,7,16355,18.72,HOEP (Legacy)
2012-06-11 07:00:00,2012,6,8,17850,21.42,HOEP (Legacy)
2012-06-11 08:00:00,2012,6,9,18791,25.58,HOEP (Legacy)
2012-06-11 09:00:00,2012,6,10,19506,26.13,HOEP (Legacy)
2012-06-11 10:00:00,2012,6,11,20108,25.5,HOEP (Legacy)
2012-06-11 11:00:00,2012,6,12,20302,32.88,HOEP (Legacy)
2012-06-11 12:00:00,2012,6,13,20667,23.7,HOEP (Legacy)
2012-06-11 13:00:00,2012,6,14,20837,24.44,HOEP (Legacy)
2012-06-11 14:00:00,2012,6,15,21077,28.66,HOEP (Legacy)
2012-06-11 15:00:00,2012,6,16,21508,29.86,HOEP (Legacy)
2012-06-11 16:00:00,2012,6,17,21400,28.62,HOEP (Legacy)
2012-06-11 17:00:00,2012,6,18,20571,21.68,HOEP (Legacy)
2012-06-11 18:00:00,2012,6,19,20004,20.81,HOEP (Legacy)
2012-06-11 19:00:00,2012,6,20,19860,22.28,HOEP (Legacy)
2012-06-11 20:00:00,2012,6,21,19872,21.43,HOEP (Legacy)
2012-06-11 21:00:00,2012,6,22,18704,19.59,HOEP (Legacy)
2012-06-11 22:00:00,2012,6,23,16862,17.43,HOEP (Legacy)
2012-06-11 23:00:00,2012,6,24,15575,20.24,HOEP (Legacy)
2012-06-12 00:00:00,2012,6,1,14867,20.2,HOEP (Legacy)
2012-06-12 01:00:00,2012,6,2,14307,17.14,HOEP (Legacy)
2012-06-12 02:00:00,2012,6,3,14027,15.26,HOEP (Legacy)
2012-06-12 03:00:00,2012,6,4,13979,14.43,HOEP (Legacy)
2012-06-12 04:00:00,2012,6,5,14483,16.68,HOEP (Legacy)
2012-06-12 05:00:00,2012,6,6,15614,16.44,HOEP (Legacy)
2012-06-12 06:00:00,2012,6,7,17216,18.25,HOEP (Legacy)
2012-06-12 07:00:00,2012,6,8,18027,19.96,HOEP (Legacy)
2012-06-12 08:00:00,2012,6,9,18486,20.02,HOEP (Legacy)
2012-06-12 09:00:00,2012,6,10,19154,19.81,HOEP (Legacy)
2012-06-12 10:00:00,2012,6,11,19538,21.3,HOEP (Legacy)
2012-06-12 11:00:00,2012,6,12,19865,21.62,HOEP (Legacy)
2012-06-12 12:00:00,2012,6,13,20026,21.81,HOEP (Legacy)
2012-06-12 13:00:00,2012,6,14,20063,21.48,HOEP (Legacy)
2012-06-12 14:00:00,2012,6,15,19912,21.8,HOEP (Legacy)
2012-06-12 15:00:00,2012,6,16,20134,21.4,HOEP (Legacy)
2012-06-12 16:00:00,2012,6,17,19872,19.34,HOEP (Legacy)
2012-06-12 17:00:00,2012,6,18,19144,19.14,HOEP (Legacy)
2012-06-12 18:00:00,2012,6,19,18488,17.2,HOEP (Legacy)
2012-06-12 19:00:00,2012,6,20,17933,14.9,HOEP (Legacy)
2012-06-12 20:00:00,2012,6,21,17624,16.79,HOEP (Legacy)
2012-06-12 21:00:00,2012,6,22,16691,18.09,HOEP (Legacy)
2012-06-12 22:00:00,2012,6,23,14926,19.07,HOEP (Legacy)
2012-06-12 23:00:00,2012,6,24,13727,19.04,HOEP (Legacy)
2012-06-13 00:00:00,2012,6,1,12992,20.38,HOEP (Legacy)
2012-06-13 01:00:00,2012,6,2,12549,17.47,HOEP (Legacy)
2012-06-13 02:00:00,2012,6,3,12407,25.78,HOEP (Legacy)
2012-06-13 03:00:00,2012,6,4,12430,9.26,HOEP (Legacy)
2012-06-13 04:00:00,2012,6,5,12666,20.28,HOEP (Legacy)
2012-06-13 05:00:00,2012,6,6,13451,15.33,HOEP (Legacy)
2012-06-13 06:00:00,2012,6,7,15215,17.25,HOEP (Legacy)
2012-06-13 07:00:00,2012,6,8,15609,16.97,HOEP (Legacy)
2012-06-13 08:00:00,2012,6,9,15976,17.85,HOEP (Legacy)
2012-06-13 09:00:00,2012,6,10,16269,17.89,HOEP (Legacy)
2012-06-13 10:00:00,2012,6,11,16389,17.99,HOEP (Legacy)
2012-06-13 11:00:00,2012,6,12,16368,18.01,HOEP (Legacy)
2012-06-13 12:00:00,2012,6,13,16518,18.09,HOEP (Legacy)
2012-06-13 13:00:00,2012,6,14,16556,18.07,HOEP (Legacy)
2012-06-13 14:00:00,2012,6,15,16702,18.04,HOEP (Legacy)
2012-06-13 15:00:00,2012,6,16,17018,18.0,HOEP (Legacy)
2012-06-13 16:00:00,2012,6,17,17214,18.01,HOEP (Legacy)
2012-06-13 17:00:00,2012,6,18,17016,18.04,HOEP (Legacy)
2012-06-13 18:00:00,2012,6,19,16764,19.11,HOEP (Legacy)
2012-06-13 19:00:00,2012,6,20,16671,18.89,HOEP (Legacy)
2012-06-13 20:00:00,2012,6,21,16801,20.26,HOEP (Legacy)
2012-06-13 21:00:00,2012,6,22,15910,17.22,HOEP (Legacy)
2012-06-13 22:00:00,2012,6,23,14514,21.62,HOEP (Legacy)
2012-06-13 23:00:00,2012,6,24,13272,20.74,HOEP (Legacy)
2012-06-14 00:00:00,2012,6,1,12718,14.37,HOEP (Legacy)
2012-06-14 01:00:00,2012,6,2,12330,-0.83,HOEP (Legacy)
2012-06-14 02:00:00,2012,6,3,12106,-128.08,HOEP (Legacy)
2012-06-14 03:00:00,2012,6,4,12104,-128.06,HOEP (Legacy)
2012-06-14 04:00:00,2012,6,5,12402,-2.14,HOEP (Legacy)
2012-06-14 05:00:00,2012,6,6,13623,31.81,HOEP (Legacy)
2012-06-14 06:00:00,2012,6,7,15104,20.31,HOEP (Legacy)
2012-06-14 07:00:00,2012,6,8,15791,18.02,HOEP (Legacy)
2012-06-14 08:00:00,2012,6,9,16327,18.18,HOEP (Legacy)
2012-06-14 09:00:00,2012,6,10,16573,18.0,HOEP (Legacy)
2012-06-14 10:00:00,2012,6,11,16879,18.01,HOEP (Legacy)
2012-06-14 11:00:00,2012,6,12,16971,17.99,HOEP (Legacy)
2012-06-14 12:00:00,2012,6,13,17050,27.63,HOEP (Legacy)
2012-06-14 13:00:00,2012,6,14,17067,21.09,HOEP (Legacy)
2012-06-14 14:00:00,2012,6,15,17230,21.43,HOEP (Legacy)
2012-06-14 15:00:00,2012,6,16,17530,22.35,HOEP (Legacy)
2012-06-14 16:00:00,2012,6,17,17583,22.06,HOEP (Legacy)
2012-06-14 17:00:00,2012,6,18,17450,20.86,HOEP (Legacy)
2012-06-14 18:00:00,2012,6,19,17305,18.66,HOEP (Legacy)
2012-06-14 19:00:00,2012,6,20,17004,18.36,HOEP (Legacy)
2012-06-14 20:00:00,2012,6,21,17130,19.28,HOEP (Legacy)
2012-06-14 21:00:00,2012,6,22,16080,16.87,HOEP (Legacy)
2012-06-14 22:00:00,2012,6,23,14528,15.78,HOEP (Legacy)
2012-06-14 23:00:00,2012,6,24,13316,13.45,HOEP (Legacy)
2012-06-15 00:00:00,2012,6,1,12698,15.04,HOEP (Legacy)
2012-06-15 01:00:00,2012,6,2,12350,15.57,HOEP (Legacy)
2012-06-15 02:00:00,2012,6,3,12172,20.3,HOEP (Legacy)
2012-06-15 03:00:00,2012,6,4,12084,14.81,HOEP (Legacy)
2012-06-15 04:00:00,2012,6,5,12445,11.66,HOEP (Legacy)
2012-06-15 05:00:00,2012,6,6,13434,-9.52,HOEP (Legacy)
2012-06-15 06:00:00,2012,6,7,15207,60.84,HOEP (Legacy)
2012-06-15 07:00:00,2012,6,8,16167,19.51,HOEP (Legacy)
2012-06-15 08:00:00,2012,6,9,16786,19.85,HOEP (Legacy)
2012-06-15 09:00:00,2012,6,10,17342,20.36,HOEP (Legacy)
2012-06-15 10:00:00,2012,6,11,17758,23.25,HOEP (Legacy)
2012-06-15 11:00:00,2012,6,12,17998,23.65,HOEP (Legacy)
2012-06-15 12:00:00,2012,6,13,18226,24.53,HOEP (Legacy)
2012-06-15 13:00:00,2012,6,14,18450,26.06,HOEP (Legacy)
2012-06-15 14:00:00,2012,6,15,18620,29.78,HOEP (Legacy)
2012-06-15 15:00:00,2012,6,16,18884,52.24,HOEP (Legacy)
2012-06-15 16:00:00,2012,6,17,18910,36.73,HOEP (Legacy)
2012-06-15 17:00:00,2012,6,18,18672,28.49,HOEP (Legacy)
2012-06-15 18:00:00,2012,6,19,18292,23.99,HOEP (Legacy)
2012-06-15 19:00:00,2012,6,20,17923,21.43,HOEP (Legacy)
2012-06-15 20:00:00,2012,6,21,17790,20.99,HOEP (Legacy)
2012-06-15 21:00:00,2012,6,22,16928,20.03,HOEP (Legacy)
2012-06-15 22:00:00,2012,6,23,15565,22.08,HOEP (Legacy)
2012-06-15 23:00:00,2012,6,24,14328,17.34,HOEP (Legacy)
2012-06-16 00:00:00,2012,6,1,13380,22.39,HOEP (Legacy)
2012-06-16 01:00:00,2012,6,2,12896,17.45,HOEP (Legacy)
2012-06-16 02:00:00,2012,6,3,12594,20.55,HOEP (Legacy)
2012-06-16 03:00:00,2012,6,4,12436,22.2,HOEP (Legacy)
2012-06-16 04:00:00,2012,6,5,12461,17.76,HOEP (Legacy)
2012-06-16 05:00:00,2012,6,6,12579,20.33,HOEP (Legacy)
2012-06-16 06:00:00,2012,6,7,13364,13.23,HOEP (Legacy)
2012-06-16 07:00:00,2012,6,8,14561,19.0,HOEP (Legacy)
2012-06-16 08:00:00,2012,6,9,15712,18.57,HOEP (Legacy)
2012-06-16 09:00:00,2012,6,10,16655,24.32,HOEP (Legacy)
2012-06-16 10:00:00,2012,6,11,17414,22.52,HOEP (Legacy)
2012-06-16 11:00:00,2012,6,12,17777,25.0,HOEP (Legacy)
2012-06-16 12:00:00,2012,6,13,17914,24.52,HOEP (Legacy)
2012-06-16 13:00:00,2012,6,14,18167,28.48,HOEP (Legacy)
2012-06-16 14:00:00,2012,6,15,18301,27.71,HOEP (Legacy)
2012-06-16 15:00:00,2012,6,16,18481,21.35,HOEP (Legacy)
2012-06-16 16:00:00,2012,6,17,18617,20.59,HOEP (Legacy)
2012-06-16 17:00:00,2012,6,18,18159,19.58,HOEP (Legacy)
2012-06-16 18:00:00,2012,6,19,17567,19.82,HOEP (Legacy)
2012-06-16 19:00:00,2012,6,20,17060,19.69,HOEP (Legacy)
2012-06-16 20:00:00,2012,6,21,17132,19.64,HOEP (Legacy)
2012-06-16 21:00:00,2012,6,22,16473,18.56,HOEP (Legacy)
2012-06-16 22:00:00,2012,6,23,15325,18.85,HOEP (Legacy)
2012-06-16 23:00:00,2012,6,24,14205,17.29,HOEP (Legacy)
2012-06-17 00:00:00,2012,6,1,13432,15.29,HOEP (Legacy)
2012-06-17 01:00:00,2012,6,2,12907,12.39,HOEP (Legacy)
2012-06-17 02:00:00,2012,6,3,12561,0.67,HOEP (Legacy)
2012-06-17 03:00:00,2012,6,4,12442,-72.66,HOEP (Legacy)
2012-06-17 04:00:00,2012,6,5,12351,-14.2,HOEP (Legacy)
2012-06-17 05:00:00,2012,6,6,12284,-24.74,HOEP (Legacy)
2012-06-17 06:00:00,2012,6,7,12878,9.68,HOEP (Legacy)
2012-06-17 07:00:00,2012,6,8,14036,15.5,HOEP (Legacy)
2012-06-17 08:00:00,2012,6,9,15032,19.27,HOEP (Legacy)
2012-06-17 09:00:00,2012,6,10,15780,21.16,HOEP (Legacy)
2012-06-17 10:00:00,2012,6,11,16457,19.24,HOEP (Legacy)
2012-06-17 11:00:00,2012,6,12,16879,19.46,HOEP (Legacy)
2012-06-17 12:00:00,2012,6,13,16989,19.6,HOEP (Legacy)
2012-06-17 13:00:00,2012,6,14,17131,19.6,HOEP (Legacy)
2012-06-17 14:00:00,2012,6,15,17353,20.71,HOEP (Legacy)
2012-06-17 15:00:00,2012,6,16,17614,19.65,HOEP (Legacy)
2012-06-17 16:00:00,2012,6,17,17700,21.87,HOEP (Legacy)
2012-06-17 17:00:00,2012,6,18,17512,25.1,HOEP (Legacy)
2012-06-17 18:00:00,2012,6,19,17488,27.46,HOEP (Legacy)
2012-06-17 19:00:00,2012,6,20,17495,26.74,HOEP (Legacy)
2012-06-17 20:00:00,2012,6,21,17852,34.4,HOEP (Legacy)
2012-06-17 21:00:00,2012,6,22,17077,24.38,HOEP (Legacy)
2012-06-17 22:00:00,2012,6,23,15804,19.79,HOEP (Legacy)
2012-06-17 23:00:00,2012,6,24,14752,21.37,HOEP (Legacy)
2012-06-18 00:00:00,2012,6,1,13974,24.19,HOEP (Legacy)
2012-06-18 01:00:00,2012,6,2,13568,16.53,HOEP (Legacy)
2012-06-18 02:00:00,2012,6,3,13249,14.91,HOEP (Legacy)
2012-06-18 03:00:00,2012,6,4,13360,9.79,HOEP (Legacy)
2012-06-18 04:00:00,2012,6,5,13785,6.64,HOEP (Legacy)
2012-06-18 05:00:00,2012,6,6,14974,15.93,HOEP (Legacy)
2012-06-18 06:00:00,2012,6,7,16602,17.87,HOEP (Legacy)
2012-06-18 07:00:00,2012,6,8,17863,20.45,HOEP (Legacy)
2012-06-18 08:00:00,2012,6,9,18520,20.65,HOEP (Legacy)
2012-06-18 09:00:00,2012,6,10,19236,24.23,HOEP (Legacy)
2012-06-18 10:00:00,2012,6,11,19800,25.16,HOEP (Legacy)
2012-06-18 11:00:00,2012,6,12,20282,25.26,HOEP (Legacy)
2012-06-18 12:00:00,2012,6,13,20640,26.32,HOEP (Legacy)
2012-06-18 13:00:00,2012,6,14,20923,25.1,HOEP (Legacy)
2012-06-18 14:00:00,2012,6,15,20952,25.16,HOEP (Legacy)
2012-06-18 15:00:00,2012,6,16,20992,25.14,HOEP (Legacy)
2012-06-18 16:00:00,2012,6,17,20813,25.22,HOEP (Legacy)
2012-06-18 17:00:00,2012,6,18,20242,24.68,HOEP (Legacy)
2012-06-18 18:00:00,2012,6,19,19861,24.2,HOEP (Legacy)
2012-06-18 19:00:00,2012,6,20,19738,22.28,HOEP (Legacy)
2012-06-18 20:00:00,2012,6,21,19747,22.22,HOEP (Legacy)
2012-06-18 21:00:00,2012,6,22,18567,18.98,HOEP (Legacy)
2012-06-18 22:00:00,2012,6,23,16854,17.2,HOEP (Legacy)
2012-06-18 23:00:00,2012,6,24,15590,14.38,HOEP (Legacy)
2012-06-19 00:00:00,2012,6,1,14818,10.68,HOEP (Legacy)
2012-06-19 01:00:00,2012,6,2,14268,10.65,HOEP (Legacy)
2012-06-19 02:00:00,2012,6,3,14130,10.6,HOEP (Legacy)
2012-06-19 03:00:00,2012,6,4,14104,11.3,HOEP (Legacy)
2012-06-19 04:00:00,2012,6,5,14622,12.19,HOEP (Legacy)
2012-06-19 05:00:00,2012,6,6,15734,16.98,HOEP (Legacy)
2012-06-19 06:00:00,2012,6,7,17547,17.08,HOEP (Legacy)
2012-06-19 07:00:00,2012,6,8,19036,20.36,HOEP (Legacy)
2012-06-19 08:00:00,2012,6,9,19813,20.38,HOEP (Legacy)
2012-06-19 09:00:00,2012,6,10,20878,24.95,HOEP (Legacy)
2012-06-19 10:00:00,2012,6,11,21516,28.74,HOEP (Legacy)
2012-06-19 11:00:00,2012,6,12,21972,30.8,HOEP (Legacy)
2012-06-19 12:00:00,2012,6,13,22443,31.32,HOEP (Legacy)
2012-06-19 13:00:00,2012,6,14,22624,32.94,HOEP (Legacy)
2012-06-19 14:00:00,2012,6,15,22905,34.12,HOEP (Legacy)
2012-06-19 15:00:00,2012,6,16,23024,36.62,HOEP (Legacy)
2012-06-19 16:00:00,2012,6,17,23008,38.36,HOEP (Legacy)
2012-06-19 17:00:00,2012,6,18,22644,33.78,HOEP (Legacy)
2012-06-19 18:00:00,2012,6,19,22416,47.28,HOEP (Legacy)
2012-06-19 19:00:00,2012,6,20,22419,69.78,HOEP (Legacy)
2012-06-19 20:00:00,2012,6,21,22432,32.3,HOEP (Legacy)
2012-06-19 21:00:00,2012,6,22,21489,26.77,HOEP (Legacy)
2012-06-19 22:00:00,2012,6,23,19475,21.82,HOEP (Legacy)
2012-06-19 23:00:00,2012,6,24,17914,19.75,HOEP (Legacy)
2012-06-20 00:00:00,2012,6,1,16937,20.28,HOEP (Legacy)
2012-06-20 01:00:00,2012,6,2,16311,21.64,HOEP (Legacy)
2012-06-20 02:00:00,2012,6,3,15849,18.59,HOEP (Legacy)
2012-06-20 03:00:00,2012,6,4,15644,19.5,HOEP (Legacy)
2012-06-20 04:00:00,2012,6,5,15905,16.4,HOEP (Legacy)
2012-06-20 05:00:00,2012,6,6,16959,20.34,HOEP (Legacy)
2012-06-20 06:00:00,2012,6,7,19105,27.24,HOEP (Legacy)
2012-06-20 07:00:00,2012,6,8,20831,31.15,HOEP (Legacy)
2012-06-20 08:00:00,2012,6,9,21869,47.59,HOEP (Legacy)
2012-06-20 09:00:00,2012,6,10,22814,56.88,HOEP (Legacy)
2012-06-20 10:00:00,2012,6,11,23442,38.29,HOEP (Legacy)
2012-06-20 11:00:00,2012,6,12,23648,50.51,HOEP (Legacy)
2012-06-20 12:00:00,2012,6,13,23820,88.81,HOEP (Legacy)
2012-06-20 13:00:00,2012,6,14,23769,66.28,HOEP (Legacy)
2012-06-20 14:00:00,2012,6,15,23898,108.24,HOEP (Legacy)
2012-06-20 15:00:00,2012,6,16,24107,44.68,HOEP (Legacy)
2012-06-20 16:00:00,2012,6,17,23938,95.06,HOEP (Legacy)
2012-06-20 17:00:00,2012,6,18,23800,95.79,HOEP (Legacy)
2012-06-20 18:00:00,2012,6,19,23600,97.89,HOEP (Legacy)
2012-06-20 19:00:00,2012,6,20,23289,62.7,HOEP (Legacy)
2012-06-20 20:00:00,2012,6,21,23113,46.38,HOEP (Legacy)
2012-06-20 21:00:00,2012,6,22,22030,28.95,HOEP (Legacy)
2012-06-20 22:00:00,2012,6,23,20245,26.06,HOEP (Legacy)
2012-06-20 23:00:00,2012,6,24,18680,24.13,HOEP (Legacy)
2012-06-21 00:00:00,2012,6,1,17601,24.05,HOEP (Legacy)
2012-06-21 01:00:00,2012,6,2,16483,22.61,HOEP (Legacy)
2012-06-21 02:00:00,2012,6,3,16041,16.9,HOEP (Legacy)
2012-06-21 03:00:00,2012,6,4,15879,16.44,HOEP (Legacy)
2012-06-21 04:00:00,2012,6,5,15959,16.66,HOEP (Legacy)
2012-06-21 05:00:00,2012,6,6,17080,20.93,HOEP (Legacy)
2012-06-21 06:00:00,2012,6,7,18785,26.55,HOEP (Legacy)
2012-06-21 07:00:00,2012,6,8,20400,39.51,HOEP (Legacy)
2012-06-21 08:00:00,2012,6,9,21552,32.14,HOEP (Legacy)
2012-06-21 09:00:00,2012,6,10,22556,48.35,HOEP (Legacy)
2012-06-21 10:00:00,2012,6,11,23074,81.22,HOEP (Legacy)
2012-06-21 11:00:00,2012,6,12,23381,92.41,HOEP (Legacy)
2012-06-21 12:00:00,2012,6,13,23419,75.62,HOEP (Legacy)
2012-06-21 13:00:00,2012,6,14,23527,42.62,HOEP (Legacy)
2012-06-21 14:00:00,2012,6,15,23709,42.47,HOEP (Legacy)
2012-06-21 15:00:00,2012,6,16,23801,44.09,HOEP (Legacy)
2012-06-21 16:00:00,2012,6,17,23254,41.1,HOEP (Legacy)
2012-06-21 17:00:00,2012,6,18,22050,36.12,HOEP (Legacy)
2012-06-21 18:00:00,2012,6,19,21545,28.57,HOEP (Legacy)
2012-06-21 19:00:00,2012,6,20,21285,28.92,HOEP (Legacy)
2012-06-21 20:00:00,2012,6,21,21195,28.57,HOEP (Legacy)
2012-06-21 21:00:00,2012,6,22,20002,27.41,HOEP (Legacy)
2012-06-21 22:00:00,2012,6,23,18143,23.5,HOEP (Legacy)
2012-06-21 23:00:00,2012,6,24,16736,22.19,HOEP (Legacy)
2012-06-22 00:00:00,2012,6,1,15820,24.49,HOEP (Legacy)
2012-06-22 01:00:00,2012,6,2,14925,18.58,HOEP (Legacy)
2012-06-22 02:00:00,2012,6,3,14503,14.4,HOEP (Legacy)
2012-06-22 03:00:00,2012,6,4,14325,14.34,HOEP (Legacy)
2012-06-22 04:00:00,2012,6,5,14362,14.35,HOEP (Legacy)
2012-06-22 05:00:00,2012,6,6,15574,13.42,HOEP (Legacy)
2012-06-22 06:00:00,2012,6,7,17188,19.2,HOEP (Legacy)
2012-06-22 07:00:00,2012,6,8,18481,21.79,HOEP (Legacy)
2012-06-22 08:00:00,2012,6,9,19087,24.75,HOEP (Legacy)
2012-06-22 09:00:00,2012,6,10,19573,26.15,HOEP (Legacy)
2012-06-22 10:00:00,2012,6,11,19968,24.78,HOEP (Legacy)
2012-06-22 11:00:00,2012,6,12,20068,26.8,HOEP (Legacy)
2012-06-22 12:00:00,2012,6,13,20108,26.13,HOEP (Legacy)
2012-06-22 13:00:00,2012,6,14,20210,25.41,HOEP (Legacy)
2012-06-22 14:00:00,2012,6,15,20039,25.51,HOEP (Legacy)
2012-06-22 15:00:00,2012,6,16,20232,25.52,HOEP (Legacy)
2012-06-22 16:00:00,2012,6,17,20262,34.9,HOEP (Legacy)
2012-06-22 17:00:00,2012,6,18,19829,28.55,HOEP (Legacy)
2012-06-22 18:00:00,2012,6,19,19304,22.19,HOEP (Legacy)
2012-06-22 19:00:00,2012,6,20,18574,20.14,HOEP (Legacy)
2012-06-22 20:00:00,2012,6,21,18282,19.53,HOEP (Legacy)
2012-06-22 21:00:00,2012,6,22,17390,16.3,HOEP (Legacy)
2012-06-22 22:00:00,2012,6,23,15920,20.54,HOEP (Legacy)
2012-06-22 23:00:00,2012,6,24,14613,18.91,HOEP (Legacy)
2012-06-23 00:00:00,2012,6,1,13652,31.43,HOEP (Legacy)
2012-06-23 01:00:00,2012,6,2,13022,13.97,HOEP (Legacy)
2012-06-23 02:00:00,2012,6,3,12716,14.14,HOEP (Legacy)
2012-06-23 03:00:00,2012,6,4,12578,19.2,HOEP (Legacy)
2012-06-23 04:00:00,2012,6,5,12536,17.99,HOEP (Legacy)
2012-06-23 05:00:00,2012,6,6,12780,13.12,HOEP (Legacy)
2012-06-23 06:00:00,2012,6,7,13648,1.46,HOEP (Legacy)
2012-06-23 07:00:00,2012,6,8,14846,21.93,HOEP (Legacy)
2012-06-23 08:00:00,2012,6,9,15872,22.53,HOEP (Legacy)
2012-06-23 09:00:00,2012,6,10,16685,23.11,HOEP (Legacy)
2012-06-23 10:00:00,2012,6,11,17124,23.48,HOEP (Legacy)
2012-06-23 11:00:00,2012,6,12,17314,24.77,HOEP (Legacy)
2012-06-23 12:00:00,2012,6,13,17476,26.12,HOEP (Legacy)
2012-06-23 13:00:00,2012,6,14,17454,24.45,HOEP (Legacy)
2012-06-23 14:00:00,2012,6,15,17525,27.67,HOEP (Legacy)
2012-06-23 15:00:00,2012,6,16,17717,39.65,HOEP (Legacy)
2012-06-23 16:00:00,2012,6,17,17996,27.15,HOEP (Legacy)
2012-06-23 17:00:00,2012,6,18,17732,35.75,HOEP (Legacy)
2012-06-23 18:00:00,2012,6,19,17328,29.93,HOEP (Legacy)
2012-06-23 19:00:00,2012,6,20,16772,21.96,HOEP (Legacy)
2012-06-23 20:00:00,2012,6,21,16826,22.01,HOEP (Legacy)
2012-06-23 21:00:00,2012,6,22,16214,20.08,HOEP (Legacy)
2012-06-23 22:00:00,2012,6,23,14990,19.82,HOEP (Legacy)
2012-06-23 23:00:00,2012,6,24,13843,15.69,HOEP (Legacy)
2012-06-24 00:00:00,2012,6,1,13073,13.34,HOEP (Legacy)
2012-06-24 01:00:00,2012,6,2,12603,12.86,HOEP (Legacy)
2012-06-24 02:00:00,2012,6,3,12411,14.0,HOEP (Legacy)
2012-06-24 03:00:00,2012,6,4,12290,13.7,HOEP (Legacy)
2012-06-24 04:00:00,2012,6,5,12135,1.67,HOEP (Legacy)
2012-06-24 05:00:00,2012,6,6,12094,-128.1,HOEP (Legacy)
2012-06-24 06:00:00,2012,6,7,12687,-92.93,HOEP (Legacy)
2012-06-24 07:00:00,2012,6,8,13724,-7.17,HOEP (Legacy)
2012-06-24 08:00:00,2012,6,9,14726,18.94,HOEP (Legacy)
2012-06-24 09:00:00,2012,6,10,15665,20.0,HOEP (Legacy)
2012-06-24 10:00:00,2012,6,11,16106,20.58,HOEP (Legacy)
2012-06-24 11:00:00,2012,6,12,16375,21.01,HOEP (Legacy)
2012-06-24 12:00:00,2012,6,13,16535,21.12,HOEP (Legacy)
2012-06-24 13:00:00,2012,6,14,16506,22.49,HOEP (Legacy)
2012-06-24 14:00:00,2012,6,15,16453,22.91,HOEP (Legacy)
2012-06-24 15:00:00,2012,6,16,16685,24.69,HOEP (Legacy)
2012-06-24 16:00:00,2012,6,17,16891,24.64,HOEP (Legacy)
2012-06-24 17:00:00,2012,6,18,16937,25.83,HOEP (Legacy)
2012-06-24 18:00:00,2012,6,19,16696,22.68,HOEP (Legacy)
2012-06-24 19:00:00,2012,6,20,16646,22.62,HOEP (Legacy)
2012-06-24 20:00:00,2012,6,21,16619,34.73,HOEP (Legacy)
2012-06-24 21:00:00,2012,6,22,15890,20.68,HOEP (Legacy)
2012-06-24 22:00:00,2012,6,23,14747,20.35,HOEP (Legacy)
2012-06-24 23:00:00,2012,6,24,13724,16.96,HOEP (Legacy)
2012-06-25 00:00:00,2012,6,1,13058,14.62,HOEP (Legacy)
2012-06-25 01:00:00,2012,6,2,12796,14.55,HOEP (Legacy)
2012-06-25 02:00:00,2012,6,3,12646,11.9,HOEP (Legacy)
2012-06-25 03:00:00,2012,6,4,12694,10.16,HOEP (Legacy)
2012-06-25 04:00:00,2012,6,5,13036,11.73,HOEP (Legacy)
2012-06-25 05:00:00,2012,6,6,13904,14.36,HOEP (Legacy)
2012-06-25 06:00:00,2012,6,7,15285,4.62,HOEP (Legacy)
2012-06-25 07:00:00,2012,6,8,16147,19.89,HOEP (Legacy)
2012-06-25 08:00:00,2012,6,9,16479,15.77,HOEP (Legacy)
2012-06-25 09:00:00,2012,6,10,16780,18.12,HOEP (Legacy)
2012-06-25 10:00:00,2012,6,11,16859,17.23,HOEP (Legacy)
2012-06-25 11:00:00,2012,6,12,16789,17.24,HOEP (Legacy)
2012-06-25 12:00:00,2012,6,13,16868,16.24,HOEP (Legacy)
2012-06-25 13:00:00,2012,6,14,16749,17.26,HOEP (Legacy)
2012-06-25 14:00:00,2012,6,15,16655,16.63,HOEP (Legacy)
2012-06-25 15:00:00,2012,6,16,16847,19.08,HOEP (Legacy)
2012-06-25 16:00:00,2012,6,17,17017,17.09,HOEP (Legacy)
2012-06-25 17:00:00,2012,6,18,16792,23.4,HOEP (Legacy)
2012-06-25 18:00:00,2012,6,19,16874,29.07,HOEP (Legacy)
2012-06-25 19:00:00,2012,6,20,16634,45.28,HOEP (Legacy)
2012-06-25 20:00:00,2012,6,21,16726,44.75,HOEP (Legacy)
2012-06-25 21:00:00,2012,6,22,15848,17.48,HOEP (Legacy)
2012-06-25 22:00:00,2012,6,23,14534,22.44,HOEP (Legacy)
2012-06-25 23:00:00,2012,6,24,13391,15.39,HOEP (Legacy)
2012-06-26 00:00:00,2012,6,1,12882,14.61,HOEP (Legacy)
2012-06-26 01:00:00,2012,6,2,12618,13.78,HOEP (Legacy)
2012-06-26 02:00:00,2012,6,3,12498,14.01,HOEP (Legacy)
2012-06-26 03:00:00,2012,6,4,12412,5.43,HOEP (Legacy)
2012-06-26 04:00:00,2012,6,5,12710,15.28,HOEP (Legacy)
2012-06-26 05:00:00,2012,6,6,13712,13.83,HOEP (Legacy)
2012-06-26 06:00:00,2012,6,7,15012,21.63,HOEP (Legacy)
2012-06-26 07:00:00,2012,6,8,16056,38.04,HOEP (Legacy)
2012-06-26 08:00:00,2012,6,9,16543,71.23,HOEP (Legacy)
2012-06-26 09:00:00,2012,6,10,16845,44.95,HOEP (Legacy)
2012-06-26 10:00:00,2012,6,11,17162,21.81,HOEP (Legacy)
2012-06-26 11:00:00,2012,6,12,17247,18.94,HOEP (Legacy)
2012-06-26 12:00:00,2012,6,13,17588,19.44,HOEP (Legacy)
2012-06-26 13:00:00,2012,6,14,17676,20.13,HOEP (Legacy)
2012-06-26 14:00:00,2012,6,15,17828,21.09,HOEP (Legacy)
2012-06-26 15:00:00,2012,6,16,18088,22.3,HOEP (Legacy)
2012-06-26 16:00:00,2012,6,17,18266,24.86,HOEP (Legacy)
2012-06-26 17:00:00,2012,6,18,18107,23.12,HOEP (Legacy)
2012-06-26 18:00:00,2012,6,19,17860,20.49,HOEP (Legacy)
2012-06-26 19:00:00,2012,6,20,17605,19.98,HOEP (Legacy)
2012-06-26 20:00:00,2012,6,21,17811,20.26,HOEP (Legacy)
2012-06-26 21:00:00,2012,6,22,17006,19.06,HOEP (Legacy)
2012-06-26 22:00:00,2012,6,23,15514,32.94,HOEP (Legacy)
2012-06-26 23:00:00,2012,6,24,14177,27.79,HOEP (Legacy)
2012-06-27 00:00:00,2012,6,1,13474,13.02,HOEP (Legacy)
2012-06-27 01:00:00,2012,6,2,13063,12.57,HOEP (Legacy)
2012-06-27 02:00:00,2012,6,3,12857,13.01,HOEP (Legacy)
2012-06-27 03:00:00,2012,6,4,12879,12.68,HOEP (Legacy)
2012-06-27 04:00:00,2012,6,5,13153,12.52,HOEP (Legacy)
2012-06-27 05:00:00,2012,6,6,14024,16.44,HOEP (Legacy)
2012-06-27 06:00:00,2012,6,7,15336,20.31,HOEP (Legacy)
2012-06-27 07:00:00,2012,6,8,16253,20.58,HOEP (Legacy)
2012-06-27 08:00:00,2012,6,9,16581,21.18,HOEP (Legacy)
2012-06-27 09:00:00,2012,6,10,16988,19.27,HOEP (Legacy)
2012-06-27 10:00:00,2012,6,11,17499,21.0,HOEP (Legacy)
2012-06-27 11:00:00,2012,6,12,17607,21.46,HOEP (Legacy)
2012-06-27 12:00:00,2012,6,13,17676,21.44,HOEP (Legacy)
2012-06-27 13:00:00,2012,6,14,17632,21.44,HOEP (Legacy)
2012-06-27 14:00:00,2012,6,15,17853,20.78,HOEP (Legacy)
2012-06-27 15:00:00,2012,6,16,18177,20.81,HOEP (Legacy)
2012-06-27 16:00:00,2012,6,17,18384,21.14,HOEP (Legacy)
2012-06-27 17:00:00,2012,6,18,18344,21.2,HOEP (Legacy)
2012-06-27 18:00:00,2012,6,19,18201,21.55,HOEP (Legacy)
2012-06-27 19:00:00,2012,6,20,18082,21.78,HOEP (Legacy)
2012-06-27 20:00:00,2012,6,21,18203,21.29,HOEP (Legacy)
2012-06-27 21:00:00,2012,6,22,17388,21.9,HOEP (Legacy)
2012-06-27 22:00:00,2012,6,23,15748,18.48,HOEP (Legacy)
2012-06-27 23:00:00,2012,6,24,14489,16.74,HOEP (Legacy)
2012-06-28 00:00:00,2012,6,1,13710,14.17,HOEP (Legacy)
2012-06-28 01:00:00,2012,6,2,13400,16.64,HOEP (Legacy)
2012-06-28 02:00:00,2012,6,3,13116,12.47,HOEP (Legacy)
2012-06-28 03:00:00,2012,6,4,13028,12.65,HOEP (Legacy)
2012-06-28 04:00:00,2012,6,5,13492,13.06,HOEP (Legacy)
2012-06-28 05:00:00,2012,6,6,14602,4.38,HOEP (Legacy)
2012-06-28 06:00:00,2012,6,7,15908,15.8,HOEP (Legacy)
2012-06-28 07:00:00,2012,6,8,17124,21.06,HOEP (Legacy)
2012-06-28 08:00:00,2012,6,9,18050,22.71,HOEP (Legacy)
2012-06-28 09:00:00,2012,6,10,18934,28.24,HOEP (Legacy)
2012-06-28 10:00:00,2012,6,11,19631,31.31,HOEP (Legacy)
2012-06-28 11:00:00,2012,6,12,19776,29.16,HOEP (Legacy)
2012-06-28 12:00:00,2012,6,13,19256,31.5,HOEP (Legacy)
2012-06-28 13:00:00,2012,6,14,20618,30.7,HOEP (Legacy)
2012-06-28 14:00:00,2012,6,15,21361,38.82,HOEP (Legacy)
2012-06-28 15:00:00,2012,6,16,21798,93.76,HOEP (Legacy)
2012-06-28 16:00:00,2012,6,17,22151,100.11,HOEP (Legacy)
2012-06-28 17:00:00,2012,6,18,22033,71.86,HOEP (Legacy)
2012-06-28 18:00:00,2012,6,19,21671,45.37,HOEP (Legacy)
2012-06-28 19:00:00,2012,6,20,21350,44.38,HOEP (Legacy)
2012-06-28 20:00:00,2012,6,21,21326,47.15,HOEP (Legacy)
2012-06-28 21:00:00,2012,6,22,20475,56.56,HOEP (Legacy)
2012-06-28 22:00:00,2012,6,23,18745,31.39,HOEP (Legacy)
2012-06-28 23:00:00,2012,6,24,17173,21.7,HOEP (Legacy)
2012-06-29 00:00:00,2012,6,1,16258,21.17,HOEP (Legacy)
2012-06-29 01:00:00,2012,6,2,15532,18.55,HOEP (Legacy)
2012-06-29 02:00:00,2012,6,3,15062,19.9,HOEP (Legacy)
2012-06-29 03:00:00,2012,6,4,14962,22.03,HOEP (Legacy)
2012-06-29 04:00:00,2012,6,5,15050,16.92,HOEP (Legacy)
2012-06-29 05:00:00,2012,6,6,15868,18.66,HOEP (Legacy)
2012-06-29 06:00:00,2012,6,7,17458,22.33,HOEP (Legacy)
2012-06-29 07:00:00,2012,6,8,18728,23.39,HOEP (Legacy)
2012-06-29 08:00:00,2012,6,9,19900,27.36,HOEP (Legacy)
2012-06-29 09:00:00,2012,6,10,20837,28.33,HOEP (Legacy)
2012-06-29 10:00:00,2012,6,11,21459,32.41,HOEP (Legacy)
2012-06-29 11:00:00,2012,6,12,22073,50.71,HOEP (Legacy)
2012-06-29 12:00:00,2012,6,13,21811,32.04,HOEP (Legacy)
2012-06-29 13:00:00,2012,6,14,21869,30.18,HOEP (Legacy)
2012-06-29 14:00:00,2012,6,15,22006,40.18,HOEP (Legacy)
2012-06-29 15:00:00,2012,6,16,22110,32.83,HOEP (Legacy)
2012-06-29 16:00:00,2012,6,17,22034,30.38,HOEP (Legacy)
2012-06-29 17:00:00,2012,6,18,21651,29.24,HOEP (Legacy)
2012-06-29 18:00:00,2012,6,19,21003,26.91,HOEP (Legacy)
2012-06-29 19:00:00,2012,6,20,20323,24.55,HOEP (Legacy)
2012-06-29 20:00:00,2012,6,21,20083,23.93,HOEP (Legacy)
2012-06-29 21:00:00,2012,6,22,19050,22.08,HOEP (Legacy)
2012-06-29 22:00:00,2012,6,23,17353,21.66,HOEP (Legacy)
2012-06-29 23:00:00,2012,6,24,15912,23.54,HOEP (Legacy)
2012-06-30 00:00:00,2012,6,1,14816,23.59,HOEP (Legacy)
2012-06-30 01:00:00,2012,6,2,14164,-24.59,HOEP (Legacy)
2012-06-30 02:00:00,2012,6,3,13668,-8.0,HOEP (Legacy)
2012-06-30 03:00:00,2012,6,4,13331,3.6,HOEP (Legacy)
2012-06-30 04:00:00,2012,6,5,13285,-128.05,HOEP (Legacy)
2012-06-30 05:00:00,2012,6,6,13316,-51.19,HOEP (Legacy)
2012-06-30 06:00:00,2012,6,7,14225,-23.57,HOEP (Legacy)
2012-06-30 07:00:00,2012,6,8,15375,3.38,HOEP (Legacy)
2012-06-30 08:00:00,2012,6,9,16677,19.2,HOEP (Legacy)
2012-06-30 09:00:00,2012,6,10,17791,21.44,HOEP (Legacy)
2012-06-30 10:00:00,2012,6,11,18710,22.73,HOEP (Legacy)
2012-06-30 11:00:00,2012,6,12,19269,27.54,HOEP (Legacy)
2012-06-30 12:00:00,2012,6,13,19545,24.32,HOEP (Legacy)
2012-06-30 13:00:00,2012,6,14,19806,26.83,HOEP (Legacy)
2012-06-30 14:00:00,2012,6,15,20111,27.08,HOEP (Legacy)
2012-06-30 15:00:00,2012,6,16,20324,26.08,HOEP (Legacy)
2012-06-30 16:00:00,2012,6,17,20454,25.98,HOEP (Legacy)
2012-06-30 17:00:00,2012,6,18,20116,24.41,HOEP (Legacy)
2012-06-30 18:00:00,2012,6,19,19616,24.28,HOEP (Legacy)
2012-06-30 19:00:00,2012,6,20,18978,22.18,HOEP (Legacy)
2012-06-30 20:00:00,2012,6,21,18702,22.6,HOEP (Legacy)
2012-06-30 21:00:00,2012,6,22,17860,20.54,HOEP (Legacy)
2012-06-30 22:00:00,2012,6,23,16592,19.81,HOEP (Legacy)
2012-06-30 23:00:00,2012,6,24,15364,19.55,HOEP (Legacy)
2012-07-01 00:00:00,2012,7,1,14379,16.62,HOEP (Legacy)
2012-07-01 01:00:00,2012,7,2,13875,14.12,HOEP (Legacy)
2012-07-01 02:00:00,2012,7,3,13356,14.16,HOEP (Legacy)
2012-07-01 03:00:00,2012,7,4,13048,14.15,HOEP (Legacy)
2012-07-01 04:00:00,2012,7,5,12776,-110.45,HOEP (Legacy)
2012-07-01 05:00:00,2012,7,6,12667,-128.05,HOEP (Legacy)
2012-07-01 06:00:00,2012,7,7,13214,-10.38,HOEP (Legacy)
2012-07-01 07:00:00,2012,7,8,14430,39.32,HOEP (Legacy)
2012-07-01 08:00:00,2012,7,9,15695,26.4,HOEP (Legacy)
2012-07-01 09:00:00,2012,7,10,16695,21.4,HOEP (Legacy)
2012-07-01 10:00:00,2012,7,11,17436,20.53,HOEP (Legacy)
2012-07-01 11:00:00,2012,7,12,17801,23.11,HOEP (Legacy)
2012-07-01 12:00:00,2012,7,13,18001,25.65,HOEP (Legacy)
2012-07-01 13:00:00,2012,7,14,18237,25.61,HOEP (Legacy)
2012-07-01 14:00:00,2012,7,15,18427,26.28,HOEP (Legacy)
2012-07-01 15:00:00,2012,7,16,18632,25.4,HOEP (Legacy)
2012-07-01 16:00:00,2012,7,17,18873,25.38,HOEP (Legacy)
2012-07-01 17:00:00,2012,7,18,18686,23.51,HOEP (Legacy)
2012-07-01 18:00:00,2012,7,19,18198,23.0,HOEP (Legacy)
2012-07-01 19:00:00,2012,7,20,17546,20.2,HOEP (Legacy)
2012-07-01 20:00:00,2012,7,21,17177,20.78,HOEP (Legacy)
2012-07-01 21:00:00,2012,7,22,16292,18.34,HOEP (Legacy)
2012-07-01 22:00:00,2012,7,23,15448,19.74,HOEP (Legacy)
2012-07-01 23:00:00,2012,7,24,14460,16.65,HOEP (Legacy)
2012-07-02 00:00:00,2012,7,1,13680,13.37,HOEP (Legacy)
2012-07-02 01:00:00,2012,7,2,13117,13.09,HOEP (Legacy)
2012-07-02 02:00:00,2012,7,3,12733,12.19,HOEP (Legacy)
2012-07-02 03:00:00,2012,7,4,12554,14.11,HOEP (Legacy)
2012-07-02 04:00:00,2012,7,5,12508,-33.68,HOEP (Legacy)
2012-07-02 05:00:00,2012,7,6,12425,14.1,HOEP (Legacy)
2012-07-02 06:00:00,2012,7,7,13280,24.3,HOEP (Legacy)
2012-07-02 07:00:00,2012,7,8,14475,17.85,HOEP (Legacy)
2012-07-02 08:00:00,2012,7,9,15763,19.06,HOEP (Legacy)
2012-07-02 09:00:00,2012,7,10,16784,25.18,HOEP (Legacy)
2012-07-02 10:00:00,2012,7,11,17608,22.01,HOEP (Legacy)
2012-07-02 11:00:00,2012,7,12,18211,25.6,HOEP (Legacy)
2012-07-02 12:00:00,2012,7,13,18551,25.62,HOEP (Legacy)
2012-07-02 13:00:00,2012,7,14,18768,26.06,HOEP (Legacy)
2012-07-02 14:00:00,2012,7,15,19184,32.57,HOEP (Legacy)
2012-07-02 15:00:00,2012,7,16,19642,25.37,HOEP (Legacy)
2012-07-02 16:00:00,2012,7,17,20069,34.83,HOEP (Legacy)
2012-07-02 17:00:00,2012,7,18,20190,43.81,HOEP (Legacy)
2012-07-02 18:00:00,2012,7,19,20026,125.64,HOEP (Legacy)
2012-07-02 19:00:00,2012,7,20,19757,112.53,HOEP (Legacy)
2012-07-02 20:00:00,2012,7,21,19565,35.73,HOEP (Legacy)
2012-07-02 21:00:00,2012,7,22,18761,24.45,HOEP (Legacy)
2012-07-02 22:00:00,2012,7,23,17057,26.03,HOEP (Legacy)
2012-07-02 23:00:00,2012,7,24,15518,21.65,HOEP (Legacy)
2012-07-03 00:00:00,2012,7,1,14727,23.31,HOEP (Legacy)
2012-07-03 01:00:00,2012,7,2,14203,15.61,HOEP (Legacy)
2012-07-03 02:00:00,2012,7,3,13797,-36.64,HOEP (Legacy)
2012-07-03 03:00:00,2012,7,4,13814,-14.91,HOEP (Legacy)
2012-07-03 04:00:00,2012,7,5,14025,8.15,HOEP (Legacy)
2012-07-03 05:00:00,2012,7,6,14873,2.66,HOEP (Legacy)
2012-07-03 06:00:00,2012,7,7,16332,8.92,HOEP (Legacy)
2012-07-03 07:00:00,2012,7,8,17607,16.69,HOEP (Legacy)
2012-07-03 08:00:00,2012,7,9,18737,21.04,HOEP (Legacy)
2012-07-03 09:00:00,2012,7,10,19517,21.86,HOEP (Legacy)
2012-07-03 10:00:00,2012,7,11,20303,25.81,HOEP (Legacy)
2012-07-03 11:00:00,2012,7,12,21018,34.49,HOEP (Legacy)
2012-07-03 12:00:00,2012,7,13,22168,86.51,HOEP (Legacy)
2012-07-03 13:00:00,2012,7,14,21452,26.29,HOEP (Legacy)
2012-07-03 14:00:00,2012,7,15,20880,25.06,HOEP (Legacy)
2012-07-03 15:00:00,2012,7,16,20694,22.69,HOEP (Legacy)
2012-07-03 16:00:00,2012,7,17,20829,22.75,HOEP (Legacy)
2012-07-03 17:00:00,2012,7,18,20452,22.23,HOEP (Legacy)
2012-07-03 18:00:00,2012,7,19,20071,20.24,HOEP (Legacy)
2012-07-03 19:00:00,2012,7,20,19668,20.56,HOEP (Legacy)
2012-07-03 20:00:00,2012,7,21,19700,22.21,HOEP (Legacy)
2012-07-03 21:00:00,2012,7,22,18785,19.48,HOEP (Legacy)
2012-07-03 22:00:00,2012,7,23,17390,21.8,HOEP (Legacy)
2012-07-03 23:00:00,2012,7,24,15998,23.22,HOEP (Legacy)
2012-07-04 00:00:00,2012,7,1,15165,19.65,HOEP (Legacy)
2012-07-04 01:00:00,2012,7,2,14593,17.9,HOEP (Legacy)
2012-07-04 02:00:00,2012,7,3,14236,14.68,HOEP (Legacy)
2012-07-04 03:00:00,2012,7,4,14169,15.27,HOEP (Legacy)
2012-07-04 04:00:00,2012,7,5,14521,12.9,HOEP (Legacy)
2012-07-04 05:00:00,2012,7,6,15480,17.4,HOEP (Legacy)
2012-07-04 06:00:00,2012,7,7,17147,20.33,HOEP (Legacy)
2012-07-04 07:00:00,2012,7,8,18662,24.59,HOEP (Legacy)
2012-07-04 08:00:00,2012,7,9,19841,25.38,HOEP (Legacy)
2012-07-04 09:00:00,2012,7,10,20956,27.2,HOEP (Legacy)
2012-07-04 10:00:00,2012,7,11,21937,29.21,HOEP (Legacy)
2012-07-04 11:00:00,2012,7,12,22311,30.98,HOEP (Legacy)
2012-07-04 12:00:00,2012,7,13,23000,34.02,HOEP (Legacy)
2012-07-04 13:00:00,2012,7,14,23132,37.75,HOEP (Legacy)
2012-07-04 14:00:00,2012,7,15,23502,43.71,HOEP (Legacy)
2012-07-04 15:00:00,2012,7,16,23723,102.77,HOEP (Legacy)
2012-07-04 16:00:00,2012,7,17,23910,209.16,HOEP (Legacy)
2012-07-04 17:00:00,2012,7,18,23579,69.12,HOEP (Legacy)
2012-07-04 18:00:00,2012,7,19,23258,75.15,HOEP (Legacy)
2012-07-04 19:00:00,2012,7,20,22911,41.18,HOEP (Legacy)
2012-07-04 20:00:00,2012,7,21,22658,41.83,HOEP (Legacy)
2012-07-04 21:00:00,2012,7,22,21587,39.54,HOEP (Legacy)
2012-07-04 22:00:00,2012,7,23,19512,33.41,HOEP (Legacy)
2012-07-04 23:00:00,2012,7,24,17831,26.54,HOEP (Legacy)
2012-07-05 00:00:00,2012,7,1,16740,22.13,HOEP (Legacy)
2012-07-05 01:00:00,2012,7,2,16037,20.44,HOEP (Legacy)
2012-07-05 02:00:00,2012,7,3,15384,18.02,HOEP (Legacy)
2012-07-05 03:00:00,2012,7,4,15226,16.72,HOEP (Legacy)
2012-07-05 04:00:00,2012,7,5,15255,12.5,HOEP (Legacy)
2012-07-05 05:00:00,2012,7,6,16125,20.22,HOEP (Legacy)
2012-07-05 06:00:00,2012,7,7,17623,21.3,HOEP (Legacy)
2012-07-05 07:00:00,2012,7,8,18966,24.57,HOEP (Legacy)
2012-07-05 08:00:00,2012,7,9,19980,27.08,HOEP (Legacy)
2012-07-05 09:00:00,2012,7,10,20841,31.36,HOEP (Legacy)
2012-07-05 10:00:00,2012,7,11,21375,29.73,HOEP (Legacy)
2012-07-05 11:00:00,2012,7,12,21821,46.37,HOEP (Legacy)
2012-07-05 12:00:00,2012,7,13,21945,47.52,HOEP (Legacy)
2012-07-05 13:00:00,2012,7,14,21720,41.6,HOEP (Legacy)
2012-07-05 14:00:00,2012,7,15,21540,51.29,HOEP (Legacy)
2012-07-05 15:00:00,2012,7,16,21907,55.62,HOEP (Legacy)
2012-07-05 16:00:00,2012,7,17,22135,97.54,HOEP (Legacy)
2012-07-05 17:00:00,2012,7,18,22082,86.3,HOEP (Legacy)
2012-07-05 18:00:00,2012,7,19,21938,93.95,HOEP (Legacy)
2012-07-05 19:00:00,2012,7,20,21370,63.76,HOEP (Legacy)
2012-07-05 20:00:00,2012,7,21,21332,39.35,HOEP (Legacy)
2012-07-05 21:00:00,2012,7,22,20462,27.7,HOEP (Legacy)
2012-07-05 22:00:00,2012,7,23,18715,25.6,HOEP (Legacy)
2012-07-05 23:00:00,2012,7,24,17228,22.5,HOEP (Legacy)
2012-07-06 00:00:00,2012,7,1,16126,21.13,HOEP (Legacy)
2012-07-06 01:00:00,2012,7,2,15446,20.92,HOEP (Legacy)
2012-07-06 02:00:00,2012,7,3,15122,19.87,HOEP (Legacy)
2012-07-06 03:00:00,2012,7,4,14893,17.43,HOEP (Legacy)
2012-07-06 04:00:00,2012,7,5,15118,16.55,HOEP (Legacy)
2012-07-06 05:00:00,2012,7,6,16120,18.93,HOEP (Legacy)
2012-07-06 06:00:00,2012,7,7,17937,24.39,HOEP (Legacy)
2012-07-06 07:00:00,2012,7,8,19758,25.16,HOEP (Legacy)
2012-07-06 08:00:00,2012,7,9,21100,30.47,HOEP (Legacy)
2012-07-06 09:00:00,2012,7,10,22215,59.01,HOEP (Legacy)
2012-07-06 10:00:00,2012,7,11,22959,107.06,HOEP (Legacy)
2012-07-06 11:00:00,2012,7,12,23196,77.16,HOEP (Legacy)
2012-07-06 12:00:00,2012,7,13,23321,119.04,HOEP (Legacy)
2012-07-06 13:00:00,2012,7,14,23574,96.24,HOEP (Legacy)
2012-07-06 14:00:00,2012,7,15,23497,96.33,HOEP (Legacy)
2012-07-06 15:00:00,2012,7,16,23612,94.72,HOEP (Legacy)
2012-07-06 16:00:00,2012,7,17,23492,93.17,HOEP (Legacy)
2012-07-06 17:00:00,2012,7,18,23246,64.23,HOEP (Legacy)
2012-07-06 18:00:00,2012,7,19,22901,43.37,HOEP (Legacy)
2012-07-06 19:00:00,2012,7,20,22507,88.85,HOEP (Legacy)
2012-07-06 20:00:00,2012,7,21,22200,86.84,HOEP (Legacy)
2012-07-06 21:00:00,2012,7,22,21021,53.9,HOEP (Legacy)
2012-07-06 22:00:00,2012,7,23,19333,53.17,HOEP (Legacy)
2012-07-06 23:00:00,2012,7,24,17741,22.36,HOEP (Legacy)
2012-07-07 00:00:00,2012,7,1,16508,26.3,HOEP (Legacy)
2012-07-07 01:00:00,2012,7,2,15758,35.56,HOEP (Legacy)
2012-07-07 02:00:00,2012,7,3,15097,24.6,HOEP (Legacy)
2012-07-07 03:00:00,2012,7,4,14918,18.46,HOEP (Legacy)
2012-07-07 04:00:00,2012,7,5,14910,21.77,HOEP (Legacy)
2012-07-07 05:00:00,2012,7,6,15003,21.15,HOEP (Legacy)
2012-07-07 06:00:00,2012,7,7,15847,21.16,HOEP (Legacy)
2012-07-07 07:00:00,2012,7,8,16894,21.1,HOEP (Legacy)
2012-07-07 08:00:00,2012,7,9,17602,23.63,HOEP (Legacy)
2012-07-07 09:00:00,2012,7,10,18047,25.8,HOEP (Legacy)
2012-07-07 10:00:00,2012,7,11,18725,27.78,HOEP (Legacy)
2012-07-07 11:00:00,2012,7,12,18803,38.3,HOEP (Legacy)
2012-07-07 12:00:00,2012,7,13,19252,59.09,HOEP (Legacy)
2012-07-07 13:00:00,2012,7,14,19507,31.05,HOEP (Legacy)
2012-07-07 14:00:00,2012,7,15,19751,27.05,HOEP (Legacy)
2012-07-07 15:00:00,2012,7,16,19932,27.68,HOEP (Legacy)
2012-07-07 16:00:00,2012,7,17,20022,27.95,HOEP (Legacy)
2012-07-07 17:00:00,2012,7,18,19842,28.74,HOEP (Legacy)
2012-07-07 18:00:00,2012,7,19,19408,29.27,HOEP (Legacy)
2012-07-07 19:00:00,2012,7,20,18647,26.25,HOEP (Legacy)
2012-07-07 20:00:00,2012,7,21,18565,25.37,HOEP (Legacy)
2012-07-07 21:00:00,2012,7,22,17835,23.76,HOEP (Legacy)
2012-07-07 22:00:00,2012,7,23,16538,24.98,HOEP (Legacy)
2012-07-07 23:00:00,2012,7,24,15222,23.38,HOEP (Legacy)
2012-07-08 00:00:00,2012,7,1,14457,80.93,HOEP (Legacy)
2012-07-08 01:00:00,2012,7,2,13770,42.13,HOEP (Legacy)
2012-07-08 02:00:00,2012,7,3,13354,17.08,HOEP (Legacy)
2012-07-08 03:00:00,2012,7,4,13008,18.1,HOEP (Legacy)
2012-07-08 04:00:00,2012,7,5,12961,14.54,HOEP (Legacy)
2012-07-08 05:00:00,2012,7,6,12836,14.66,HOEP (Legacy)
2012-07-08 06:00:00,2012,7,7,13625,17.1,HOEP (Legacy)
2012-07-08 07:00:00,2012,7,8,14695,7.27,HOEP (Legacy)
2012-07-08 08:00:00,2012,7,9,15987,21.88,HOEP (Legacy)
2012-07-08 09:00:00,2012,7,10,16745,28.97,HOEP (Legacy)
2012-07-08 10:00:00,2012,7,11,17615,24.46,HOEP (Legacy)
2012-07-08 11:00:00,2012,7,12,18016,27.1,HOEP (Legacy)
2012-07-08 12:00:00,2012,7,13,18171,26.94,HOEP (Legacy)
2012-07-08 13:00:00,2012,7,14,18325,27.08,HOEP (Legacy)
2012-07-08 14:00:00,2012,7,15,18392,28.01,HOEP (Legacy)
2012-07-08 15:00:00,2012,7,16,18657,30.1,HOEP (Legacy)
2012-07-08 16:00:00,2012,7,17,18897,26.97,HOEP (Legacy)
2012-07-08 17:00:00,2012,7,18,18690,24.94,HOEP (Legacy)
2012-07-08 18:00:00,2012,7,19,18341,25.41,HOEP (Legacy)
2012-07-08 19:00:00,2012,7,20,17783,24.46,HOEP (Legacy)
2012-07-08 20:00:00,2012,7,21,17700,24.24,HOEP (Legacy)
2012-07-08 21:00:00,2012,7,22,16810,23.65,HOEP (Legacy)
2012-07-08 22:00:00,2012,7,23,15488,20.19,HOEP (Legacy)
2012-07-08 23:00:00,2012,7,24,14286,24.62,HOEP (Legacy)
2012-07-09 00:00:00,2012,7,1,13614,59.01,HOEP (Legacy)
2012-07-09 01:00:00,2012,7,2,13221,24.16,HOEP (Legacy)
2012-07-09 02:00:00,2012,7,3,12991,14.8,HOEP (Legacy)
2012-07-09 03:00:00,2012,7,4,12908,15.0,HOEP (Legacy)
2012-07-09 04:00:00,2012,7,5,13274,21.86,HOEP (Legacy)
2012-07-09 05:00:00,2012,7,6,14167,-21.65,HOEP (Legacy)
2012-07-09 06:00:00,2012,7,7,15561,19.49,HOEP (Legacy)
2012-07-09 07:00:00,2012,7,8,16802,23.53,HOEP (Legacy)
2012-07-09 08:00:00,2012,7,9,17749,23.51,HOEP (Legacy)
2012-07-09 09:00:00,2012,7,10,18399,26.33,HOEP (Legacy)
2012-07-09 10:00:00,2012,7,11,18745,28.29,HOEP (Legacy)
2012-07-09 11:00:00,2012,7,12,19193,27.06,HOEP (Legacy)
2012-07-09 12:00:00,2012,7,13,19313,27.64,HOEP (Legacy)
2012-07-09 13:00:00,2012,7,14,19371,27.41,HOEP (Legacy)
2012-07-09 14:00:00,2012,7,15,19445,27.28,HOEP (Legacy)
2012-07-09 15:00:00,2012,7,16,19616,28.89,HOEP (Legacy)
2012-07-09 16:00:00,2012,7,17,20032,61.14,HOEP (Legacy)
2012-07-09 17:00:00,2012,7,18,19737,27.54,HOEP (Legacy)
2012-07-09 18:00:00,2012,7,19,19472,25.43,HOEP (Legacy)
2012-07-09 19:00:00,2012,7,20,19213,27.36,HOEP (Legacy)
2012-07-09 20:00:00,2012,7,21,19118,25.66,HOEP (Legacy)
2012-07-09 21:00:00,2012,7,22,18023,24.5,HOEP (Legacy)
2012-07-09 22:00:00,2012,7,23,16472,31.93,HOEP (Legacy)
2012-07-09 23:00:00,2012,7,24,15158,30.48,HOEP (Legacy)
2012-07-10 00:00:00,2012,7,1,14323,20.58,HOEP (Legacy)
2012-07-10 01:00:00,2012,7,2,13798,19.45,HOEP (Legacy)
2012-07-10 02:00:00,2012,7,3,13430,16.57,HOEP (Legacy)
2012-07-10 03:00:00,2012,7,4,13441,1.96,HOEP (Legacy)
2012-07-10 04:00:00,2012,7,5,13712,19.64,HOEP (Legacy)
2012-07-10 05:00:00,2012,7,6,14408,18.03,HOEP (Legacy)
2012-07-10 06:00:00,2012,7,7,15790,19.11,HOEP (Legacy)
2012-07-10 07:00:00,2012,7,8,17071,23.03,HOEP (Legacy)
2012-07-10 08:00:00,2012,7,9,17877,22.91,HOEP (Legacy)
2012-07-10 09:00:00,2012,7,10,18607,25.62,HOEP (Legacy)
2012-07-10 10:00:00,2012,7,11,19170,26.35,HOEP (Legacy)
2012-07-10 11:00:00,2012,7,12,19545,27.01,HOEP (Legacy)
2012-07-10 12:00:00,2012,7,13,19771,27.87,HOEP (Legacy)
2012-07-10 13:00:00,2012,7,14,19905,27.76,HOEP (Legacy)
2012-07-10 14:00:00,2012,7,15,20136,27.27,HOEP (Legacy)
2012-07-10 15:00:00,2012,7,16,20453,37.06,HOEP (Legacy)
2012-07-10 16:00:00,2012,7,17,20790,34.9,HOEP (Legacy)
2012-07-10 17:00:00,2012,7,18,20608,43.99,HOEP (Legacy)
2012-07-10 18:00:00,2012,7,19,20212,26.82,HOEP (Legacy)
2012-07-10 19:00:00,2012,7,20,19592,25.84,HOEP (Legacy)
2012-07-10 20:00:00,2012,7,21,19392,25.53,HOEP (Legacy)
2012-07-10 21:00:00,2012,7,22,18310,21.94,HOEP (Legacy)
2012-07-10 22:00:00,2012,7,23,16637,21.66,HOEP (Legacy)
2012-07-10 23:00:00,2012,7,24,15119,20.51,HOEP (Legacy)
2012-07-11 00:00:00,2012,7,1,14369,17.78,HOEP (Legacy)
2012-07-11 01:00:00,2012,7,2,13737,17.16,HOEP (Legacy)
2012-07-11 02:00:00,2012,7,3,13554,16.45,HOEP (Legacy)
2012-07-11 03:00:00,2012,7,4,13515,19.07,HOEP (Legacy)
2012-07-11 04:00:00,2012,7,5,13822,22.86,HOEP (Legacy)
2012-07-11 05:00:00,2012,7,6,14400,19.86,HOEP (Legacy)
2012-07-11 06:00:00,2012,7,7,15833,21.26,HOEP (Legacy)
2012-07-11 07:00:00,2012,7,8,16936,22.63,HOEP (Legacy)
2012-07-11 08:00:00,2012,7,9,18038,22.91,HOEP (Legacy)
2012-07-11 09:00:00,2012,7,10,18808,26.67,HOEP (Legacy)
2012-07-11 10:00:00,2012,7,11,19554,27.18,HOEP (Legacy)
2012-07-11 11:00:00,2012,7,12,19988,28.47,HOEP (Legacy)
2012-07-11 12:00:00,2012,7,13,21575,37.3,HOEP (Legacy)
2012-07-11 13:00:00,2012,7,14,20768,30.39,HOEP (Legacy)
2012-07-11 14:00:00,2012,7,15,20900,29.69,HOEP (Legacy)
2012-07-11 15:00:00,2012,7,16,21233,29.54,HOEP (Legacy)
2012-07-11 16:00:00,2012,7,17,21496,29.72,HOEP (Legacy)
2012-07-11 17:00:00,2012,7,18,21341,30.7,HOEP (Legacy)
2012-07-11 18:00:00,2012,7,19,21021,40.35,HOEP (Legacy)
2012-07-11 19:00:00,2012,7,20,20545,31.48,HOEP (Legacy)
2012-07-11 20:00:00,2012,7,21,20155,28.68,HOEP (Legacy)
2012-07-11 21:00:00,2012,7,22,19117,23.34,HOEP (Legacy)
2012-07-11 22:00:00,2012,7,23,17273,22.17,HOEP (Legacy)
2012-07-11 23:00:00,2012,7,24,15739,25.33,HOEP (Legacy)
2012-07-12 00:00:00,2012,7,1,14762,25.76,HOEP (Legacy)
2012-07-12 01:00:00,2012,7,2,14151,24.79,HOEP (Legacy)
2012-07-12 02:00:00,2012,7,3,13847,21.04,HOEP (Legacy)
2012-07-12 03:00:00,2012,7,4,13706,23.64,HOEP (Legacy)
2012-07-12 04:00:00,2012,7,5,14033,23.77,HOEP (Legacy)
2012-07-12 05:00:00,2012,7,6,14666,21.77,HOEP (Legacy)
2012-07-12 06:00:00,2012,7,7,16162,18.65,HOEP (Legacy)
2012-07-12 07:00:00,2012,7,8,17561,23.07,HOEP (Legacy)
2012-07-12 08:00:00,2012,7,9,18746,26.08,HOEP (Legacy)
2012-07-12 09:00:00,2012,7,10,19624,28.33,HOEP (Legacy)
2012-07-12 10:00:00,2012,7,11,20160,30.96,HOEP (Legacy)
2012-07-12 11:00:00,2012,7,12,20776,30.82,HOEP (Legacy)
2012-07-12 12:00:00,2012,7,13,21253,42.48,HOEP (Legacy)
2012-07-12 13:00:00,2012,7,14,21501,41.58,HOEP (Legacy)
2012-07-12 14:00:00,2012,7,15,21959,44.66,HOEP (Legacy)
2012-07-12 15:00:00,2012,7,16,22376,56.46,HOEP (Legacy)
2012-07-12 16:00:00,2012,7,17,22676,45.32,HOEP (Legacy)
2012-07-12 17:00:00,2012,7,18,22628,46.33,HOEP (Legacy)
2012-07-12 18:00:00,2012,7,19,22354,41.95,HOEP (Legacy)
2012-07-12 19:00:00,2012,7,20,21663,42.07,HOEP (Legacy)
2012-07-12 20:00:00,2012,7,21,21718,29.7,HOEP (Legacy)
2012-07-12 21:00:00,2012,7,22,20481,25.4,HOEP (Legacy)
2012-07-12 22:00:00,2012,7,23,18532,26.91,HOEP (Legacy)
2012-07-12 23:00:00,2012,7,24,17001,23.4,HOEP (Legacy)
2012-07-13 00:00:00,2012,7,1,15724,24.21,HOEP (Legacy)
2012-07-13 01:00:00,2012,7,2,15094,21.02,HOEP (Legacy)
2012-07-13 02:00:00,2012,7,3,14523,20.0,HOEP (Legacy)
2012-07-13 03:00:00,2012,7,4,14332,19.8,HOEP (Legacy)
2012-07-13 04:00:00,2012,7,5,14674,19.8,HOEP (Legacy)
2012-07-13 05:00:00,2012,7,6,15535,15.25,HOEP (Legacy)
2012-07-13 06:00:00,2012,7,7,16675,17.59,HOEP (Legacy)
2012-07-13 07:00:00,2012,7,8,18173,22.07,HOEP (Legacy)
2012-07-13 08:00:00,2012,7,9,19246,26.95,HOEP (Legacy)
2012-07-13 09:00:00,2012,7,10,20638,30.36,HOEP (Legacy)
2012-07-13 10:00:00,2012,7,11,21411,43.39,HOEP (Legacy)
2012-07-13 11:00:00,2012,7,12,21952,44.9,HOEP (Legacy)
2012-07-13 12:00:00,2012,7,13,22453,48.33,HOEP (Legacy)
2012-07-13 13:00:00,2012,7,14,22710,44.6,HOEP (Legacy)
2012-07-13 14:00:00,2012,7,15,22927,50.27,HOEP (Legacy)
2012-07-13 15:00:00,2012,7,16,22866,41.22,HOEP (Legacy)
2012-07-13 16:00:00,2012,7,17,22714,41.54,HOEP (Legacy)
2012-07-13 17:00:00,2012,7,18,22265,33.46,HOEP (Legacy)
2012-07-13 18:00:00,2012,7,19,21916,29.95,HOEP (Legacy)
2012-07-13 19:00:00,2012,7,20,21360,28.65,HOEP (Legacy)
2012-07-13 20:00:00,2012,7,21,21425,59.52,HOEP (Legacy)
2012-07-13 21:00:00,2012,7,22,20258,37.68,HOEP (Legacy)
2012-07-13 22:00:00,2012,7,23,18605,26.79,HOEP (Legacy)
2012-07-13 23:00:00,2012,7,24,17097,24.38,HOEP (Legacy)
2012-07-14 00:00:00,2012,7,1,16092,26.25,HOEP (Legacy)
2012-07-14 01:00:00,2012,7,2,15252,23.73,HOEP (Legacy)
2012-07-14 02:00:00,2012,7,3,14750,20.66,HOEP (Legacy)
2012-07-14 03:00:00,2012,7,4,14470,19.67,HOEP (Legacy)
2012-07-14 04:00:00,2012,7,5,14341,21.23,HOEP (Legacy)
2012-07-14 05:00:00,2012,7,6,14339,26.29,HOEP (Legacy)
2012-07-14 06:00:00,2012,7,7,15213,34.37,HOEP (Legacy)
2012-07-14 07:00:00,2012,7,8,16826,51.74,HOEP (Legacy)
2012-07-14 08:00:00,2012,7,9,18392,35.32,HOEP (Legacy)
2012-07-14 09:00:00,2012,7,10,19713,46.25,HOEP (Legacy)
2012-07-14 10:00:00,2012,7,11,20076,36.6,HOEP (Legacy)
2012-07-14 11:00:00,2012,7,12,20719,37.54,HOEP (Legacy)
2012-07-14 12:00:00,2012,7,13,21084,61.66,HOEP (Legacy)
2012-07-14 13:00:00,2012,7,14,21140,63.69,HOEP (Legacy)
2012-07-14 14:00:00,2012,7,15,21176,34.88,HOEP (Legacy)
2012-07-14 15:00:00,2012,7,16,21244,62.97,HOEP (Legacy)
2012-07-14 16:00:00,2012,7,17,21308,44.49,HOEP (Legacy)
2012-07-14 17:00:00,2012,7,18,21218,49.04,HOEP (Legacy)
2012-07-14 18:00:00,2012,7,19,20695,83.12,HOEP (Legacy)
2012-07-14 19:00:00,2012,7,20,20050,76.6,HOEP (Legacy)
2012-07-14 20:00:00,2012,7,21,19930,32.31,HOEP (Legacy)
2012-07-14 21:00:00,2012,7,22,19221,26.25,HOEP (Legacy)
2012-07-14 22:00:00,2012,7,23,18001,22.79,HOEP (Legacy)
2012-07-14 23:00:00,2012,7,24,16720,22.87,HOEP (Legacy)
2012-07-15 00:00:00,2012,7,1,15694,24.12,HOEP (Legacy)
2012-07-15 01:00:00,2012,7,2,14905,53.35,HOEP (Legacy)
2012-07-15 02:00:00,2012,7,3,14488,26.55,HOEP (Legacy)
2012-07-15 03:00:00,2012,7,4,14223,22.03,HOEP (Legacy)
2012-07-15 04:00:00,2012,7,5,14133,21.46,HOEP (Legacy)
2012-07-15 05:00:00,2012,7,6,14251,21.65,HOEP (Legacy)
2012-07-15 06:00:00,2012,7,7,14935,25.58,HOEP (Legacy)
2012-07-15 07:00:00,2012,7,8,15937,28.29,HOEP (Legacy)
2012-07-15 08:00:00,2012,7,9,17134,24.81,HOEP (Legacy)
2012-07-15 09:00:00,2012,7,10,18155,31.87,HOEP (Legacy)
2012-07-15 10:00:00,2012,7,11,18933,27.79,HOEP (Legacy)
2012-07-15 11:00:00,2012,7,12,19623,48.4,HOEP (Legacy)
2012-07-15 12:00:00,2012,7,13,20002,31.16,HOEP (Legacy)
2012-07-15 13:00:00,2012,7,14,19744,27.78,HOEP (Legacy)
2012-07-15 14:00:00,2012,7,15,19658,30.32,HOEP (Legacy)
2012-07-15 15:00:00,2012,7,16,19519,35.34,HOEP (Legacy)
2012-07-15 16:00:00,2012,7,17,19752,32.96,HOEP (Legacy)
2012-07-15 17:00:00,2012,7,18,19799,33.42,HOEP (Legacy)
2012-07-15 18:00:00,2012,7,19,19480,43.01,HOEP (Legacy)
2012-07-15 19:00:00,2012,7,20,19238,77.02,HOEP (Legacy)
2012-07-15 20:00:00,2012,7,21,19541,54.22,HOEP (Legacy)
2012-07-15 21:00:00,2012,7,22,18896,30.5,HOEP (Legacy)
2012-07-15 22:00:00,2012,7,23,17484,27.57,HOEP (Legacy)
2012-07-15 23:00:00,2012,7,24,16279,22.32,HOEP (Legacy)
2012-07-16 00:00:00,2012,7,1,15428,22.55,HOEP (Legacy)
2012-07-16 01:00:00,2012,7,2,15030,22.4,HOEP (Legacy)
2012-07-16 02:00:00,2012,7,3,14646,21.81,HOEP (Legacy)
2012-07-16 03:00:00,2012,7,4,14655,21.28,HOEP (Legacy)
2012-07-16 04:00:00,2012,7,5,15011,20.63,HOEP (Legacy)
2012-07-16 05:00:00,2012,7,6,15717,22.07,HOEP (Legacy)
2012-07-16 06:00:00,2012,7,7,17421,23.54,HOEP (Legacy)
2012-07-16 07:00:00,2012,7,8,18811,26.25,HOEP (Legacy)
2012-07-16 08:00:00,2012,7,9,20044,33.2,HOEP (Legacy)
2012-07-16 09:00:00,2012,7,10,21343,48.85,HOEP (Legacy)
2012-07-16 10:00:00,2012,7,11,22059,51.64,HOEP (Legacy)
2012-07-16 11:00:00,2012,7,12,22569,65.24,HOEP (Legacy)
2012-07-16 12:00:00,2012,7,13,22991,103.18,HOEP (Legacy)
2012-07-16 13:00:00,2012,7,14,23062,70.42,HOEP (Legacy)
2012-07-16 14:00:00,2012,7,15,23308,44.08,HOEP (Legacy)
2012-07-16 15:00:00,2012,7,16,23392,44.68,HOEP (Legacy)
2012-07-16 16:00:00,2012,7,17,23211,43.19,HOEP (Legacy)
2012-07-16 17:00:00,2012,7,18,22893,47.2,HOEP (Legacy)
2012-07-16 18:00:00,2012,7,19,22657,44.68,HOEP (Legacy)
2012-07-16 19:00:00,2012,7,20,22408,35.62,HOEP (Legacy)
2012-07-16 20:00:00,2012,7,21,22624,40.41,HOEP (Legacy)
2012-07-16 21:00:00,2012,7,22,21246,29.05,HOEP (Legacy)
2012-07-16 22:00:00,2012,7,23,19645,30.72,HOEP (Legacy)
2012-07-16 23:00:00,2012,7,24,18238,24.33,HOEP (Legacy)
2012-07-17 00:00:00,2012,7,1,17412,28.44,HOEP (Legacy)
2012-07-17 01:00:00,2012,7,2,16637,25.88,HOEP (Legacy)
2012-07-17 02:00:00,2012,7,3,16229,24.99,HOEP (Legacy)
2012-07-17 03:00:00,2012,7,4,16036,23.79,HOEP (Legacy)
2012-07-17 04:00:00,2012,7,5,16543,23.94,HOEP (Legacy)
2012-07-17 05:00:00,2012,7,6,17543,24.18,HOEP (Legacy)
2012-07-17 06:00:00,2012,7,7,18860,25.33,HOEP (Legacy)
2012-07-17 07:00:00,2012,7,8,20391,28.32,HOEP (Legacy)
2012-07-17 08:00:00,2012,7,9,21662,32.39,HOEP (Legacy)
2012-07-17 09:00:00,2012,7,10,22748,65.05,HOEP (Legacy)
2012-07-17 10:00:00,2012,7,11,23640,87.79,HOEP (Legacy)
2012-07-17 11:00:00,2012,7,12,24108,120.42,HOEP (Legacy)
2012-07-17 12:00:00,2012,7,13,24305,138.32,HOEP (Legacy)
2012-07-17 13:00:00,2012,7,14,24449,103.26,HOEP (Legacy)
2012-07-17 14:00:00,2012,7,15,24377,105.14,HOEP (Legacy)
2012-07-17 15:00:00,2012,7,16,24636,144.32,HOEP (Legacy)
2012-07-17 16:00:00,2012,7,17,24630,147.66,HOEP (Legacy)
2012-07-17 17:00:00,2012,7,18,24240,149.16,HOEP (Legacy)
2012-07-17 18:00:00,2012,7,19,24027,148.18,HOEP (Legacy)
2012-07-17 19:00:00,2012,7,20,23592,96.49,HOEP (Legacy)
2012-07-17 20:00:00,2012,7,21,23229,69.71,HOEP (Legacy)
2012-07-17 21:00:00,2012,7,22,21799,39.28,HOEP (Legacy)
2012-07-17 22:00:00,2012,7,23,19985,41.45,HOEP (Legacy)
2012-07-17 23:00:00,2012,7,24,18470,35.51,HOEP (Legacy)
2012-07-18 00:00:00,2012,7,1,17519,32.93,HOEP (Legacy)
2012-07-18 01:00:00,2012,7,2,16663,27.42,HOEP (Legacy)
2012-07-18 02:00:00,2012,7,3,16211,26.32,HOEP (Legacy)
2012-07-18 03:00:00,2012,7,4,15986,25.67,HOEP (Legacy)
2012-07-18 04:00:00,2012,7,5,16262,25.94,HOEP (Legacy)
2012-07-18 05:00:00,2012,7,6,16910,25.47,HOEP (Legacy)
2012-07-18 06:00:00,2012,7,7,18131,26.03,HOEP (Legacy)
2012-07-18 07:00:00,2012,7,8,19328,27.46,HOEP (Legacy)
2012-07-18 08:00:00,2012,7,9,20139,27.34,HOEP (Legacy)
2012-07-18 09:00:00,2012,7,10,20914,31.9,HOEP (Legacy)
2012-07-18 10:00:00,2012,7,11,21249,35.54,HOEP (Legacy)
2012-07-18 11:00:00,2012,7,12,21531,41.12,HOEP (Legacy)
2012-07-18 12:00:00,2012,7,13,21903,71.91,HOEP (Legacy)
2012-07-18 13:00:00,2012,7,14,21962,32.05,HOEP (Legacy)
2012-07-18 14:00:00,2012,7,15,22109,43.46,HOEP (Legacy)
2012-07-18 15:00:00,2012,7,16,22556,89.15,HOEP (Legacy)
2012-07-18 16:00:00,2012,7,17,22596,97.32,HOEP (Legacy)
2012-07-18 17:00:00,2012,7,18,22179,30.31,HOEP (Legacy)
2012-07-18 18:00:00,2012,7,19,21709,29.2,HOEP (Legacy)
2012-07-18 19:00:00,2012,7,20,20896,31.66,HOEP (Legacy)
2012-07-18 20:00:00,2012,7,21,20731,30.82,HOEP (Legacy)
2012-07-18 21:00:00,2012,7,22,19341,25.26,HOEP (Legacy)
2012-07-18 22:00:00,2012,7,23,17547,22.88,HOEP (Legacy)
2012-07-18 23:00:00,2012,7,24,15974,20.74,HOEP (Legacy)
2012-07-19 00:00:00,2012,7,1,15196,24.28,HOEP (Legacy)
2012-07-19 01:00:00,2012,7,2,14559,21.41,HOEP (Legacy)
2012-07-19 02:00:00,2012,7,3,14188,20.75,HOEP (Legacy)
2012-07-19 03:00:00,2012,7,4,14147,20.57,HOEP (Legacy)
2012-07-19 04:00:00,2012,7,5,14360,19.88,HOEP (Legacy)
2012-07-19 05:00:00,2012,7,6,15115,21.84,HOEP (Legacy)
2012-07-19 06:00:00,2012,7,7,16231,22.28,HOEP (Legacy)
2012-07-19 07:00:00,2012,7,8,17250,23.63,HOEP (Legacy)
2012-07-19 08:00:00,2012,7,9,18017,25.55,HOEP (Legacy)
2012-07-19 09:00:00,2012,7,10,18432,26.58,HOEP (Legacy)
2012-07-19 10:00:00,2012,7,11,18683,26.64,HOEP (Legacy)
2012-07-19 11:00:00,2012,7,12,18898,26.64,HOEP (Legacy)
2012-07-19 12:00:00,2012,7,13,18941,26.93,HOEP (Legacy)
2012-07-19 13:00:00,2012,7,14,18762,26.65,HOEP (Legacy)
2012-07-19 14:00:00,2012,7,15,18677,25.91,HOEP (Legacy)
2012-07-19 15:00:00,2012,7,16,18606,24.99,HOEP (Legacy)
2012-07-19 16:00:00,2012,7,17,18640,23.52,HOEP (Legacy)
2012-07-19 17:00:00,2012,7,18,18225,22.63,HOEP (Legacy)
2012-07-19 18:00:00,2012,7,19,18010,23.09,HOEP (Legacy)
2012-07-19 19:00:00,2012,7,20,18024,23.68,HOEP (Legacy)
2012-07-19 20:00:00,2012,7,21,18101,26.47,HOEP (Legacy)
2012-07-19 21:00:00,2012,7,22,17167,24.77,HOEP (Legacy)
2012-07-19 22:00:00,2012,7,23,15712,23.56,HOEP (Legacy)
2012-07-19 23:00:00,2012,7,24,14307,22.02,HOEP (Legacy)
2012-07-20 00:00:00,2012,7,1,13759,45.21,HOEP (Legacy)
2012-07-20 01:00:00,2012,7,2,13312,65.44,HOEP (Legacy)
2012-07-20 02:00:00,2012,7,3,13039,22.57,HOEP (Legacy)
2012-07-20 03:00:00,2012,7,4,13080,25.64,HOEP (Legacy)
2012-07-20 04:00:00,2012,7,5,13495,23.59,HOEP (Legacy)
2012-07-20 05:00:00,2012,7,6,14288,36.35,HOEP (Legacy)
2012-07-20 06:00:00,2012,7,7,15335,7.04,HOEP (Legacy)
2012-07-20 07:00:00,2012,7,8,16231,23.64,HOEP (Legacy)
2012-07-20 08:00:00,2012,7,9,16963,23.6,HOEP (Legacy)
2012-07-20 09:00:00,2012,7,10,17481,25.98,HOEP (Legacy)
2012-07-20 10:00:00,2012,7,11,17793,26.3,HOEP (Legacy)
2012-07-20 11:00:00,2012,7,12,17804,26.69,HOEP (Legacy)
2012-07-20 12:00:00,2012,7,13,18087,26.89,HOEP (Legacy)
2012-07-20 13:00:00,2012,7,14,18107,27.52,HOEP (Legacy)
2012-07-20 14:00:00,2012,7,15,18293,27.86,HOEP (Legacy)
2012-07-20 15:00:00,2012,7,16,18507,29.02,HOEP (Legacy)
2012-07-20 16:00:00,2012,7,17,18671,27.45,HOEP (Legacy)
2012-07-20 17:00:00,2012,7,18,18676,29.0,HOEP (Legacy)
2012-07-20 18:00:00,2012,7,19,18443,28.06,HOEP (Legacy)
2012-07-20 19:00:00,2012,7,20,18005,25.62,HOEP (Legacy)
2012-07-20 20:00:00,2012,7,21,17971,27.22,HOEP (Legacy)
2012-07-20 21:00:00,2012,7,22,16908,23.54,HOEP (Legacy)
2012-07-20 22:00:00,2012,7,23,15417,25.55,HOEP (Legacy)
2012-07-20 23:00:00,2012,7,24,14168,19.34,HOEP (Legacy)
2012-07-21 00:00:00,2012,7,1,13399,23.31,HOEP (Legacy)
2012-07-21 01:00:00,2012,7,2,12871,21.54,HOEP (Legacy)
2012-07-21 02:00:00,2012,7,3,12567,22.51,HOEP (Legacy)
2012-07-21 03:00:00,2012,7,4,12460,22.46,HOEP (Legacy)
2012-07-21 04:00:00,2012,7,5,12466,24.46,HOEP (Legacy)
2012-07-21 05:00:00,2012,7,6,12477,17.81,HOEP (Legacy)
2012-07-21 06:00:00,2012,7,7,13358,21.15,HOEP (Legacy)
2012-07-21 07:00:00,2012,7,8,14445,20.87,HOEP (Legacy)
2012-07-21 08:00:00,2012,7,9,15618,25.31,HOEP (Legacy)
2012-07-21 09:00:00,2012,7,10,16471,26.11,HOEP (Legacy)
2012-07-21 10:00:00,2012,7,11,17051,28.23,HOEP (Legacy)
2012-07-21 11:00:00,2012,7,12,17355,27.45,HOEP (Legacy)
2012-07-21 12:00:00,2012,7,13,17529,27.85,HOEP (Legacy)
2012-07-21 13:00:00,2012,7,14,17777,32.03,HOEP (Legacy)
2012-07-21 14:00:00,2012,7,15,18063,47.5,HOEP (Legacy)
2012-07-21 15:00:00,2012,7,16,18455,39.58,HOEP (Legacy)
2012-07-21 16:00:00,2012,7,17,18419,28.37,HOEP (Legacy)
2012-07-21 17:00:00,2012,7,18,18259,25.01,HOEP (Legacy)
2012-07-21 18:00:00,2012,7,19,17750,28.74,HOEP (Legacy)
2012-07-21 19:00:00,2012,7,20,17477,24.59,HOEP (Legacy)
2012-07-21 20:00:00,2012,7,21,17651,29.0,HOEP (Legacy)
2012-07-21 21:00:00,2012,7,22,16944,22.78,HOEP (Legacy)
2012-07-21 22:00:00,2012,7,23,15955,23.73,HOEP (Legacy)
2012-07-21 23:00:00,2012,7,24,14868,26.28,HOEP (Legacy)
2012-07-22 00:00:00,2012,7,1,14144,24.84,HOEP (Legacy)
2012-07-22 01:00:00,2012,7,2,13744,25.42,HOEP (Legacy)
2012-07-22 02:00:00,2012,7,3,13412,24.13,HOEP (Legacy)
2012-07-22 03:00:00,2012,7,4,13268,22.1,HOEP (Legacy)
2012-07-22 04:00:00,2012,7,5,13191,14.12,HOEP (Legacy)
2012-07-22 05:00:00,2012,7,6,13141,-18.33,HOEP (Legacy)
2012-07-22 06:00:00,2012,7,7,13683,10.75,HOEP (Legacy)
2012-07-22 07:00:00,2012,7,8,14962,28.77,HOEP (Legacy)
2012-07-22 08:00:00,2012,7,9,16438,25.98,HOEP (Legacy)
2012-07-22 09:00:00,2012,7,10,17694,37.89,HOEP (Legacy)
2012-07-22 10:00:00,2012,7,11,18802,30.46,HOEP (Legacy)
2012-07-22 11:00:00,2012,7,12,19566,55.06,HOEP (Legacy)
2012-07-22 12:00:00,2012,7,13,19819,46.91,HOEP (Legacy)
2012-07-22 13:00:00,2012,7,14,20172,58.6,HOEP (Legacy)
2012-07-22 14:00:00,2012,7,15,20421,61.87,HOEP (Legacy)
2012-07-22 15:00:00,2012,7,16,20747,60.68,HOEP (Legacy)
2012-07-22 16:00:00,2012,7,17,20945,32.93,HOEP (Legacy)
2012-07-22 17:00:00,2012,7,18,20597,36.0,HOEP (Legacy)
2012-07-22 18:00:00,2012,7,19,20281,32.16,HOEP (Legacy)
2012-07-22 19:00:00,2012,7,20,19973,30.06,HOEP (Legacy)
2012-07-22 20:00:00,2012,7,21,20190,28.66,HOEP (Legacy)
2012-07-22 21:00:00,2012,7,22,19304,26.98,HOEP (Legacy)
2012-07-22 22:00:00,2012,7,23,17830,29.18,HOEP (Legacy)
2012-07-22 23:00:00,2012,7,24,16583,23.49,HOEP (Legacy)
2012-07-23 00:00:00,2012,7,1,15742,23.5,HOEP (Legacy)
2012-07-23 01:00:00,2012,7,2,15238,22.53,HOEP (Legacy)
2012-07-23 02:00:00,2012,7,3,14836,20.7,HOEP (Legacy)
2012-07-23 03:00:00,2012,7,4,14851,20.22,HOEP (Legacy)
2012-07-23 04:00:00,2012,7,5,15229,18.72,HOEP (Legacy)
2012-07-23 05:00:00,2012,7,6,16074,23.36,HOEP (Legacy)
2012-07-23 06:00:00,2012,7,7,17617,27.94,HOEP (Legacy)
2012-07-23 07:00:00,2012,7,8,19315,33.72,HOEP (Legacy)
2012-07-23 08:00:00,2012,7,9,20623,33.3,HOEP (Legacy)
2012-07-23 09:00:00,2012,7,10,21685,33.31,HOEP (Legacy)
2012-07-23 10:00:00,2012,7,11,22644,35.5,HOEP (Legacy)
2012-07-23 11:00:00,2012,7,12,23160,37.39,HOEP (Legacy)
2012-07-23 12:00:00,2012,7,13,23539,36.83,HOEP (Legacy)
2012-07-23 13:00:00,2012,7,14,23745,40.08,HOEP (Legacy)
2012-07-23 14:00:00,2012,7,15,23529,42.73,HOEP (Legacy)
2012-07-23 15:00:00,2012,7,16,23607,42.84,HOEP (Legacy)
2012-07-23 16:00:00,2012,7,17,23710,51.65,HOEP (Legacy)
2012-07-23 17:00:00,2012,7,18,23607,52.52,HOEP (Legacy)
2012-07-23 18:00:00,2012,7,19,23282,68.06,HOEP (Legacy)
2012-07-23 19:00:00,2012,7,20,23158,80.01,HOEP (Legacy)
2012-07-23 20:00:00,2012,7,21,22710,37.78,HOEP (Legacy)
2012-07-23 21:00:00,2012,7,22,21400,34.9,HOEP (Legacy)
2012-07-23 22:00:00,2012,7,23,19634,34.22,HOEP (Legacy)
2012-07-23 23:00:00,2012,7,24,18088,29.38,HOEP (Legacy)
2012-07-24 00:00:00,2012,7,1,17051,27.13,HOEP (Legacy)
2012-07-24 01:00:00,2012,7,2,16351,27.04,HOEP (Legacy)
2012-07-24 02:00:00,2012,7,3,15810,26.73,HOEP (Legacy)
2012-07-24 03:00:00,2012,7,4,15589,26.73,HOEP (Legacy)
2012-07-24 04:00:00,2012,7,5,15779,26.72,HOEP (Legacy)
2012-07-24 05:00:00,2012,7,6,16598,25.01,HOEP (Legacy)
2012-07-24 06:00:00,2012,7,7,17866,26.99,HOEP (Legacy)
2012-07-24 07:00:00,2012,7,8,19237,28.6,HOEP (Legacy)
2012-07-24 08:00:00,2012,7,9,20247,29.59,HOEP (Legacy)
2012-07-24 09:00:00,2012,7,10,20803,33.07,HOEP (Legacy)
2012-07-24 10:00:00,2012,7,11,21256,30.24,HOEP (Legacy)
2012-07-24 11:00:00,2012,7,12,21199,31.35,HOEP (Legacy)
2012-07-24 12:00:00,2012,7,13,21298,33.09,HOEP (Legacy)
2012-07-24 13:00:00,2012,7,14,21175,31.25,HOEP (Legacy)
2012-07-24 14:00:00,2012,7,15,20983,29.99,HOEP (Legacy)
2012-07-24 15:00:00,2012,7,16,21238,30.0,HOEP (Legacy)
2012-07-24 16:00:00,2012,7,17,21185,29.97,HOEP (Legacy)
2012-07-24 17:00:00,2012,7,18,20726,28.52,HOEP (Legacy)
2012-07-24 18:00:00,2012,7,19,20316,28.02,HOEP (Legacy)
2012-07-24 19:00:00,2012,7,20,19713,26.34,HOEP (Legacy)
2012-07-24 20:00:00,2012,7,21,19440,26.4,HOEP (Legacy)
2012-07-24 21:00:00,2012,7,22,18243,24.22,HOEP (Legacy)
2012-07-24 22:00:00,2012,7,23,16436,23.11,HOEP (Legacy)
2012-07-24 23:00:00,2012,7,24,15291,17.66,HOEP (Legacy)
2012-07-25 00:00:00,2012,7,1,14472,18.73,HOEP (Legacy)
2012-07-25 01:00:00,2012,7,2,13877,18.22,HOEP (Legacy)
2012-07-25 02:00:00,2012,7,3,13583,18.21,HOEP (Legacy)
2012-07-25 03:00:00,2012,7,4,13541,13.59,HOEP (Legacy)
2012-07-25 04:00:00,2012,7,5,13922,13.98,HOEP (Legacy)
2012-07-25 05:00:00,2012,7,6,14556,17.07,HOEP (Legacy)
2012-07-25 06:00:00,2012,7,7,15872,25.12,HOEP (Legacy)
2012-07-25 07:00:00,2012,7,8,17021,24.18,HOEP (Legacy)
2012-07-25 08:00:00,2012,7,9,17965,25.21,HOEP (Legacy)
2012-07-25 09:00:00,2012,7,10,18883,26.88,HOEP (Legacy)
2012-07-25 10:00:00,2012,7,11,19395,26.55,HOEP (Legacy)
2012-07-25 11:00:00,2012,7,12,19735,27.01,HOEP (Legacy)
2012-07-25 12:00:00,2012,7,13,20122,27.51,HOEP (Legacy)
2012-07-25 13:00:00,2012,7,14,20371,28.83,HOEP (Legacy)
2012-07-25 14:00:00,2012,7,15,20672,29.92,HOEP (Legacy)
2012-07-25 15:00:00,2012,7,16,20844,29.85,HOEP (Legacy)
2012-07-25 16:00:00,2012,7,17,20378,29.85,HOEP (Legacy)
2012-07-25 17:00:00,2012,7,18,19943,28.19,HOEP (Legacy)
2012-07-25 18:00:00,2012,7,19,19606,28.45,HOEP (Legacy)
2012-07-25 19:00:00,2012,7,20,19707,27.69,HOEP (Legacy)
2012-07-25 20:00:00,2012,7,21,19489,27.29,HOEP (Legacy)
2012-07-25 21:00:00,2012,7,22,18113,23.15,HOEP (Legacy)
2012-07-25 22:00:00,2012,7,23,16633,24.62,HOEP (Legacy)
2012-07-25 23:00:00,2012,7,24,15473,19.05,HOEP (Legacy)
2012-07-26 00:00:00,2012,7,1,14795,17.21,HOEP (Legacy)
2012-07-26 01:00:00,2012,7,2,14204,14.51,HOEP (Legacy)
2012-07-26 02:00:00,2012,7,3,13911,36.58,HOEP (Legacy)
2012-07-26 03:00:00,2012,7,4,13938,14.16,HOEP (Legacy)
2012-07-26 04:00:00,2012,7,5,14329,11.63,HOEP (Legacy)
2012-07-26 05:00:00,2012,7,6,15385,20.13,HOEP (Legacy)
2012-07-26 06:00:00,2012,7,7,16713,23.54,HOEP (Legacy)
2012-07-26 07:00:00,2012,7,8,17649,25.97,HOEP (Legacy)
2012-07-26 08:00:00,2012,7,9,18347,26.04,HOEP (Legacy)
2012-07-26 09:00:00,2012,7,10,18937,26.44,HOEP (Legacy)
2012-07-26 10:00:00,2012,7,11,19344,26.85,HOEP (Legacy)
2012-07-26 11:00:00,2012,7,12,19507,26.46,HOEP (Legacy)
2012-07-26 12:00:00,2012,7,13,19732,29.04,HOEP (Legacy)
2012-07-26 13:00:00,2012,7,14,19872,29.82,HOEP (Legacy)
2012-07-26 14:00:00,2012,7,15,20087,29.75,HOEP (Legacy)
2012-07-26 15:00:00,2012,7,16,19989,28.59,HOEP (Legacy)
2012-07-26 16:00:00,2012,7,17,20002,28.74,HOEP (Legacy)
2012-07-26 17:00:00,2012,7,18,19617,28.57,HOEP (Legacy)
2012-07-26 18:00:00,2012,7,19,19466,28.27,HOEP (Legacy)
2012-07-26 19:00:00,2012,7,20,19205,27.85,HOEP (Legacy)
2012-07-26 20:00:00,2012,7,21,19333,27.34,HOEP (Legacy)
2012-07-26 21:00:00,2012,7,22,18082,26.22,HOEP (Legacy)
2012-07-26 22:00:00,2012,7,23,16585,26.05,HOEP (Legacy)
2012-07-26 23:00:00,2012,7,24,15243,23.45,HOEP (Legacy)
2012-07-27 00:00:00,2012,7,1,14521,24.84,HOEP (Legacy)
2012-07-27 01:00:00,2012,7,2,14062,24.9,HOEP (Legacy)
2012-07-27 02:00:00,2012,7,3,13735,18.63,HOEP (Legacy)
2012-07-27 03:00:00,2012,7,4,13688,17.93,HOEP (Legacy)
2012-07-27 04:00:00,2012,7,5,13993,22.35,HOEP (Legacy)
2012-07-27 05:00:00,2012,7,6,14849,25.87,HOEP (Legacy)
2012-07-27 06:00:00,2012,7,7,16010,26.67,HOEP (Legacy)
2012-07-27 07:00:00,2012,7,8,17091,27.56,HOEP (Legacy)
2012-07-27 08:00:00,2012,7,9,18039,28.16,HOEP (Legacy)
2012-07-27 09:00:00,2012,7,10,18849,29.08,HOEP (Legacy)
2012-07-27 10:00:00,2012,7,11,19326,33.21,HOEP (Legacy)
2012-07-27 11:00:00,2012,7,12,19619,37.0,HOEP (Legacy)
2012-07-27 12:00:00,2012,7,13,19911,43.15,HOEP (Legacy)
2012-07-27 13:00:00,2012,7,14,20066,48.77,HOEP (Legacy)
2012-07-27 14:00:00,2012,7,15,20263,49.2,HOEP (Legacy)
2012-07-27 15:00:00,2012,7,16,20131,31.97,HOEP (Legacy)
2012-07-27 16:00:00,2012,7,17,20181,30.56,HOEP (Legacy)
2012-07-27 17:00:00,2012,7,18,19813,37.81,HOEP (Legacy)
2012-07-27 18:00:00,2012,7,19,19068,28.55,HOEP (Legacy)
2012-07-27 19:00:00,2012,7,20,18693,28.76,HOEP (Legacy)
2012-07-27 20:00:00,2012,7,21,18844,34.08,HOEP (Legacy)
2012-07-27 21:00:00,2012,7,22,17707,26.98,HOEP (Legacy)
2012-07-27 22:00:00,2012,7,23,16362,24.45,HOEP (Legacy)
2012-07-27 23:00:00,2012,7,24,15058,24.73,HOEP (Legacy)
2012-07-28 00:00:00,2012,7,1,14201,24.84,HOEP (Legacy)
2012-07-28 01:00:00,2012,7,2,13653,23.92,HOEP (Legacy)
2012-07-28 02:00:00,2012,7,3,13294,23.02,HOEP (Legacy)
2012-07-28 03:00:00,2012,7,4,13123,21.54,HOEP (Legacy)
2012-07-28 04:00:00,2012,7,5,13201,16.87,HOEP (Legacy)
2012-07-28 05:00:00,2012,7,6,13269,14.66,HOEP (Legacy)
2012-07-28 06:00:00,2012,7,7,13882,20.07,HOEP (Legacy)
2012-07-28 07:00:00,2012,7,8,14768,26.07,HOEP (Legacy)
2012-07-28 08:00:00,2012,7,9,15776,26.2,HOEP (Legacy)
2012-07-28 09:00:00,2012,7,10,16567,27.27,HOEP (Legacy)
2012-07-28 10:00:00,2012,7,11,17263,28.23,HOEP (Legacy)
2012-07-28 11:00:00,2012,7,12,17874,31.34,HOEP (Legacy)
2012-07-28 12:00:00,2012,7,13,18134,40.6,HOEP (Legacy)
2012-07-28 13:00:00,2012,7,14,18196,36.86,HOEP (Legacy)
2012-07-28 14:00:00,2012,7,15,18270,29.22,HOEP (Legacy)
2012-07-28 15:00:00,2012,7,16,18624,33.69,HOEP (Legacy)
2012-07-28 16:00:00,2012,7,17,18884,29.74,HOEP (Legacy)
2012-07-28 17:00:00,2012,7,18,18748,39.99,HOEP (Legacy)
2012-07-28 18:00:00,2012,7,19,18334,49.06,HOEP (Legacy)
2012-07-28 19:00:00,2012,7,20,17872,30.61,HOEP (Legacy)
2012-07-28 20:00:00,2012,7,21,17509,39.97,HOEP (Legacy)
2012-07-28 21:00:00,2012,7,22,16768,24.59,HOEP (Legacy)
2012-07-28 22:00:00,2012,7,23,15537,23.62,HOEP (Legacy)
2012-07-28 23:00:00,2012,7,24,14387,23.56,HOEP (Legacy)
2012-07-29 00:00:00,2012,7,1,13571,22.79,HOEP (Legacy)
2012-07-29 01:00:00,2012,7,2,13058,17.37,HOEP (Legacy)
2012-07-29 02:00:00,2012,7,3,12753,15.09,HOEP (Legacy)
2012-07-29 03:00:00,2012,7,4,12459,2.25,HOEP (Legacy)
2012-07-29 04:00:00,2012,7,5,12484,5.28,HOEP (Legacy)
2012-07-29 05:00:00,2012,7,6,12464,3.4,HOEP (Legacy)
2012-07-29 06:00:00,2012,7,7,12820,11.44,HOEP (Legacy)
2012-07-29 07:00:00,2012,7,8,14054,24.81,HOEP (Legacy)
2012-07-29 08:00:00,2012,7,9,15207,24.65,HOEP (Legacy)
2012-07-29 09:00:00,2012,7,10,16308,26.51,HOEP (Legacy)
2012-07-29 10:00:00,2012,7,11,17073,27.17,HOEP (Legacy)
2012-07-29 11:00:00,2012,7,12,17740,27.18,HOEP (Legacy)
2012-07-29 12:00:00,2012,7,13,17929,27.09,HOEP (Legacy)
2012-07-29 13:00:00,2012,7,14,18385,27.53,HOEP (Legacy)
2012-07-29 14:00:00,2012,7,15,18609,27.72,HOEP (Legacy)
2012-07-29 15:00:00,2012,7,16,19056,28.21,HOEP (Legacy)
2012-07-29 16:00:00,2012,7,17,19745,36.74,HOEP (Legacy)
2012-07-29 17:00:00,2012,7,18,19626,32.85,HOEP (Legacy)
2012-07-29 18:00:00,2012,7,19,19390,28.55,HOEP (Legacy)
2012-07-29 19:00:00,2012,7,20,18745,28.06,HOEP (Legacy)
2012-07-29 20:00:00,2012,7,21,18936,35.64,HOEP (Legacy)
2012-07-29 21:00:00,2012,7,22,17982,24.23,HOEP (Legacy)
2012-07-29 22:00:00,2012,7,23,16494,23.24,HOEP (Legacy)
2012-07-29 23:00:00,2012,7,24,15357,23.38,HOEP (Legacy)
2012-07-30 00:00:00,2012,7,1,14436,22.63,HOEP (Legacy)
2012-07-30 01:00:00,2012,7,2,13872,21.01,HOEP (Legacy)
2012-07-30 02:00:00,2012,7,3,13657,19.28,HOEP (Legacy)
2012-07-30 03:00:00,2012,7,4,13603,21.94,HOEP (Legacy)
2012-07-30 04:00:00,2012,7,5,13914,20.37,HOEP (Legacy)
2012-07-30 05:00:00,2012,7,6,14656,14.29,HOEP (Legacy)
2012-07-30 06:00:00,2012,7,7,16027,24.17,HOEP (Legacy)
2012-07-30 07:00:00,2012,7,8,17335,26.15,HOEP (Legacy)
2012-07-30 08:00:00,2012,7,9,18491,26.49,HOEP (Legacy)
2012-07-30 09:00:00,2012,7,10,19335,28.7,HOEP (Legacy)
2012-07-30 10:00:00,2012,7,11,20208,31.56,HOEP (Legacy)
2012-07-30 11:00:00,2012,7,12,20776,35.26,HOEP (Legacy)
2012-07-30 12:00:00,2012,7,13,21112,35.11,HOEP (Legacy)
2012-07-30 13:00:00,2012,7,14,21427,37.79,HOEP (Legacy)
2012-07-30 14:00:00,2012,7,15,21749,38.19,HOEP (Legacy)
2012-07-30 15:00:00,2012,7,16,22204,42.39,HOEP (Legacy)
2012-07-30 16:00:00,2012,7,17,22415,44.27,HOEP (Legacy)
2012-07-30 17:00:00,2012,7,18,22227,38.57,HOEP (Legacy)
2012-07-30 18:00:00,2012,7,19,21787,36.98,HOEP (Legacy)
2012-07-30 19:00:00,2012,7,20,21326,35.02,HOEP (Legacy)
2012-07-30 20:00:00,2012,7,21,21171,33.97,HOEP (Legacy)
2012-07-30 21:00:00,2012,7,22,19662,26.57,HOEP (Legacy)
2012-07-30 22:00:00,2012,7,23,17961,25.21,HOEP (Legacy)
2012-07-30 23:00:00,2012,7,24,16583,24.03,HOEP (Legacy)
2012-07-31 00:00:00,2012,7,1,15648,22.55,HOEP (Legacy)
2012-07-31 01:00:00,2012,7,2,14957,21.81,HOEP (Legacy)
2012-07-31 02:00:00,2012,7,3,14616,19.13,HOEP (Legacy)
2012-07-31 03:00:00,2012,7,4,14487,18.54,HOEP (Legacy)
2012-07-31 04:00:00,2012,7,5,14850,19.78,HOEP (Legacy)
2012-07-31 05:00:00,2012,7,6,15725,16.24,HOEP (Legacy)
2012-07-31 06:00:00,2012,7,7,17077,22.42,HOEP (Legacy)
2012-07-31 07:00:00,2012,7,8,18560,30.51,HOEP (Legacy)
2012-07-31 08:00:00,2012,7,9,19871,29.08,HOEP (Legacy)
2012-07-31 09:00:00,2012,7,10,20804,39.94,HOEP (Legacy)
2012-07-31 10:00:00,2012,7,11,21519,55.03,HOEP (Legacy)
2012-07-31 11:00:00,2012,7,12,21547,45.0,HOEP (Legacy)
2012-07-31 12:00:00,2012,7,13,20954,29.5,HOEP (Legacy)
2012-07-31 13:00:00,2012,7,14,20596,28.93,HOEP (Legacy)
2012-07-31 14:00:00,2012,7,15,20493,29.28,HOEP (Legacy)
2012-07-31 15:00:00,2012,7,16,21007,34.96,HOEP (Legacy)
2012-07-31 16:00:00,2012,7,17,21436,31.48,HOEP (Legacy)
2012-07-31 17:00:00,2012,7,18,21364,30.19,HOEP (Legacy)
2012-07-31 18:00:00,2012,7,19,21077,29.77,HOEP (Legacy)
2012-07-31 19:00:00,2012,7,20,20619,29.48,HOEP (Legacy)
2012-07-31 20:00:00,2012,7,21,20523,39.06,HOEP (Legacy)
2012-07-31 21:00:00,2012,7,22,19189,25.76,HOEP (Legacy)
2012-07-31 22:00:00,2012,7,23,17581,23.06,HOEP (Legacy)
2012-07-31 23:00:00,2012,7,24,16174,24.32,HOEP (Legacy)
2012-08-01 00:00:00,2012,8,1,15218,25.84,HOEP (Legacy)
2012-08-01 01:00:00,2012,8,2,14654,24.72,HOEP (Legacy)
2012-08-01 02:00:00,2012,8,3,14292,21.71,HOEP (Legacy)
2012-08-01 03:00:00,2012,8,4,14177,20.97,HOEP (Legacy)
2012-08-01 04:00:00,2012,8,5,14515,25.19,HOEP (Legacy)
2012-08-01 05:00:00,2012,8,6,15273,24.93,HOEP (Legacy)
2012-08-01 06:00:00,2012,8,7,16452,6.12,HOEP (Legacy)
2012-08-01 07:00:00,2012,8,8,17674,24.69,HOEP (Legacy)
2012-08-01 08:00:00,2012,8,9,18743,25.63,HOEP (Legacy)
2012-08-01 09:00:00,2012,8,10,19514,27.22,HOEP (Legacy)
2012-08-01 10:00:00,2012,8,11,20231,28.72,HOEP (Legacy)
2012-08-01 11:00:00,2012,8,12,20616,28.72,HOEP (Legacy)
2012-08-01 12:00:00,2012,8,13,20785,29.89,HOEP (Legacy)
2012-08-01 13:00:00,2012,8,14,20990,31.66,HOEP (Legacy)
2012-08-01 14:00:00,2012,8,15,21374,30.93,HOEP (Legacy)
2012-08-01 15:00:00,2012,8,16,21760,55.89,HOEP (Legacy)
2012-08-01 16:00:00,2012,8,17,22023,40.06,HOEP (Legacy)
2012-08-01 17:00:00,2012,8,18,21892,32.19,HOEP (Legacy)
2012-08-01 18:00:00,2012,8,19,21412,29.52,HOEP (Legacy)
2012-08-01 19:00:00,2012,8,20,20822,29.31,HOEP (Legacy)
2012-08-01 20:00:00,2012,8,21,20902,33.25,HOEP (Legacy)
2012-08-01 21:00:00,2012,8,22,19382,24.91,HOEP (Legacy)
2012-08-01 22:00:00,2012,8,23,17585,22.59,HOEP (Legacy)
2012-08-01 23:00:00,2012,8,24,16165,21.74,HOEP (Legacy)
2012-08-02 00:00:00,2012,8,1,15324,27.54,HOEP (Legacy)
2012-08-02 01:00:00,2012,8,2,14530,28.14,HOEP (Legacy)
2012-08-02 02:00:00,2012,8,3,14099,22.22,HOEP (Legacy)
2012-08-02 03:00:00,2012,8,4,14081,19.3,HOEP (Legacy)
2012-08-02 04:00:00,2012,8,5,14349,27.89,HOEP (Legacy)
2012-08-02 05:00:00,2012,8,6,15085,21.44,HOEP (Legacy)
2012-08-02 06:00:00,2012,8,7,16311,22.99,HOEP (Legacy)
2012-08-02 07:00:00,2012,8,8,17625,25.66,HOEP (Legacy)
2012-08-02 08:00:00,2012,8,9,18762,27.02,HOEP (Legacy)
2012-08-02 09:00:00,2012,8,10,19489,29.17,HOEP (Legacy)
2012-08-02 10:00:00,2012,8,11,20191,32.87,HOEP (Legacy)
2012-08-02 11:00:00,2012,8,12,20833,34.11,HOEP (Legacy)
2012-08-02 12:00:00,2012,8,13,20871,33.77,HOEP (Legacy)
2012-08-02 13:00:00,2012,8,14,20856,32.37,HOEP (Legacy)
2012-08-02 14:00:00,2012,8,15,20901,30.82,HOEP (Legacy)
2012-08-02 15:00:00,2012,8,16,21247,34.75,HOEP (Legacy)
2012-08-02 16:00:00,2012,8,17,21405,32.03,HOEP (Legacy)
2012-08-02 17:00:00,2012,8,18,21312,31.75,HOEP (Legacy)
2012-08-02 18:00:00,2012,8,19,20891,41.13,HOEP (Legacy)
2012-08-02 19:00:00,2012,8,20,20796,89.66,HOEP (Legacy)
2012-08-02 20:00:00,2012,8,21,20931,66.19,HOEP (Legacy)
2012-08-02 21:00:00,2012,8,22,19748,34.45,HOEP (Legacy)
2012-08-02 22:00:00,2012,8,23,18179,38.77,HOEP (Legacy)
2012-08-02 23:00:00,2012,8,24,16709,25.57,HOEP (Legacy)
2012-08-03 00:00:00,2012,8,1,15799,28.75,HOEP (Legacy)
2012-08-03 01:00:00,2012,8,2,15238,27.47,HOEP (Legacy)
2012-08-03 02:00:00,2012,8,3,14899,27.51,HOEP (Legacy)
2012-08-03 03:00:00,2012,8,4,14748,27.82,HOEP (Legacy)
2012-08-03 04:00:00,2012,8,5,15142,26.77,HOEP (Legacy)
2012-08-03 05:00:00,2012,8,6,15741,26.21,HOEP (Legacy)
2012-08-03 06:00:00,2012,8,7,16999,25.41,HOEP (Legacy)
2012-08-03 07:00:00,2012,8,8,18519,26.59,HOEP (Legacy)
2012-08-03 08:00:00,2012,8,9,19616,28.9,HOEP (Legacy)
2012-08-03 09:00:00,2012,8,10,20689,63.33,HOEP (Legacy)
2012-08-03 10:00:00,2012,8,11,21430,51.8,HOEP (Legacy)
2012-08-03 11:00:00,2012,8,12,22004,81.48,HOEP (Legacy)
2012-08-03 12:00:00,2012,8,13,22261,135.01,HOEP (Legacy)
2012-08-03 13:00:00,2012,8,14,22483,128.65,HOEP (Legacy)
2012-08-03 14:00:00,2012,8,15,22736,97.6,HOEP (Legacy)
2012-08-03 15:00:00,2012,8,16,22936,158.81,HOEP (Legacy)
2012-08-03 16:00:00,2012,8,17,23188,170.68,HOEP (Legacy)
2012-08-03 17:00:00,2012,8,18,22814,95.48,HOEP (Legacy)
2012-08-03 18:00:00,2012,8,19,22311,66.66,HOEP (Legacy)
2012-08-03 19:00:00,2012,8,20,21676,52.1,HOEP (Legacy)
2012-08-03 20:00:00,2012,8,21,21506,31.82,HOEP (Legacy)
2012-08-03 21:00:00,2012,8,22,20117,31.96,HOEP (Legacy)
2012-08-03 22:00:00,2012,8,23,18394,39.28,HOEP (Legacy)
2012-08-03 23:00:00,2012,8,24,16979,25.75,HOEP (Legacy)
2012-08-04 00:00:00,2012,8,1,16027,27.44,HOEP (Legacy)
2012-08-04 01:00:00,2012,8,2,15373,26.45,HOEP (Legacy)
2012-08-04 02:00:00,2012,8,3,14885,27.47,HOEP (Legacy)
2012-08-04 03:00:00,2012,8,4,14566,27.32,HOEP (Legacy)
2012-08-04 04:00:00,2012,8,5,14567,25.37,HOEP (Legacy)
2012-08-04 05:00:00,2012,8,6,14741,24.32,HOEP (Legacy)
2012-08-04 06:00:00,2012,8,7,15572,25.77,HOEP (Legacy)
2012-08-04 07:00:00,2012,8,8,17085,23.79,HOEP (Legacy)
2012-08-04 08:00:00,2012,8,9,18575,24.81,HOEP (Legacy)
2012-08-04 09:00:00,2012,8,10,19824,45.76,HOEP (Legacy)
2012-08-04 10:00:00,2012,8,11,20801,58.58,HOEP (Legacy)
2012-08-04 11:00:00,2012,8,12,21433,54.06,HOEP (Legacy)
2012-08-04 12:00:00,2012,8,13,21717,84.14,HOEP (Legacy)
2012-08-04 13:00:00,2012,8,14,21994,92.38,HOEP (Legacy)
2012-08-04 14:00:00,2012,8,15,22257,100.75,HOEP (Legacy)
2012-08-04 15:00:00,2012,8,16,22332,162.07,HOEP (Legacy)
2012-08-04 16:00:00,2012,8,17,22490,157.31,HOEP (Legacy)
2012-08-04 17:00:00,2012,8,18,22148,94.57,HOEP (Legacy)
2012-08-04 18:00:00,2012,8,19,21629,109.79,HOEP (Legacy)
2012-08-04 19:00:00,2012,8,20,21274,151.33,HOEP (Legacy)
2012-08-04 20:00:00,2012,8,21,20732,49.97,HOEP (Legacy)
2012-08-04 21:00:00,2012,8,22,19585,25.89,HOEP (Legacy)
2012-08-04 22:00:00,2012,8,23,18395,23.77,HOEP (Legacy)
2012-08-04 23:00:00,2012,8,24,17330,23.33,HOEP (Legacy)
2012-08-05 00:00:00,2012,8,1,16622,27.59,HOEP (Legacy)
2012-08-05 01:00:00,2012,8,2,15902,26.38,HOEP (Legacy)
2012-08-05 02:00:00,2012,8,3,15380,26.24,HOEP (Legacy)
2012-08-05 03:00:00,2012,8,4,15066,26.45,HOEP (Legacy)
2012-08-05 04:00:00,2012,8,5,14995,25.98,HOEP (Legacy)
2012-08-05 05:00:00,2012,8,6,14923,20.32,HOEP (Legacy)
2012-08-05 06:00:00,2012,8,7,15149,22.85,HOEP (Legacy)
2012-08-05 07:00:00,2012,8,8,16100,23.4,HOEP (Legacy)
2012-08-05 08:00:00,2012,8,9,17303,25.34,HOEP (Legacy)
2012-08-05 09:00:00,2012,8,10,18354,25.74,HOEP (Legacy)
2012-08-05 10:00:00,2012,8,11,18898,35.11,HOEP (Legacy)
2012-08-05 11:00:00,2012,8,12,18988,29.03,HOEP (Legacy)
2012-08-05 12:00:00,2012,8,13,18685,26.06,HOEP (Legacy)
2012-08-05 13:00:00,2012,8,14,18326,26.97,HOEP (Legacy)
2012-08-05 14:00:00,2012,8,15,18769,26.89,HOEP (Legacy)
2012-08-05 15:00:00,2012,8,16,19190,31.41,HOEP (Legacy)
2012-08-05 16:00:00,2012,8,17,19403,32.31,HOEP (Legacy)
2012-08-05 17:00:00,2012,8,18,19054,27.42,HOEP (Legacy)
2012-08-05 18:00:00,2012,8,19,18230,27.11,HOEP (Legacy)
2012-08-05 19:00:00,2012,8,20,17588,24.03,HOEP (Legacy)
2012-08-05 20:00:00,2012,8,21,17345,23.98,HOEP (Legacy)
2012-08-05 21:00:00,2012,8,22,16166,20.11,HOEP (Legacy)
2012-08-05 22:00:00,2012,8,23,15152,19.63,HOEP (Legacy)
2012-08-05 23:00:00,2012,8,24,14014,21.89,HOEP (Legacy)
2012-08-06 00:00:00,2012,8,1,13249,24.07,HOEP (Legacy)
2012-08-06 01:00:00,2012,8,2,12743,16.77,HOEP (Legacy)
2012-08-06 02:00:00,2012,8,3,12439,16.17,HOEP (Legacy)
2012-08-06 03:00:00,2012,8,4,12358,13.39,HOEP (Legacy)
2012-08-06 04:00:00,2012,8,5,12424,16.48,HOEP (Legacy)
2012-08-06 05:00:00,2012,8,6,12556,22.65,HOEP (Legacy)
2012-08-06 06:00:00,2012,8,7,13092,17.81,HOEP (Legacy)
2012-08-06 07:00:00,2012,8,8,13941,18.39,HOEP (Legacy)
2012-08-06 08:00:00,2012,8,9,14918,26.39,HOEP (Legacy)
2012-08-06 09:00:00,2012,8,10,15603,26.0,HOEP (Legacy)
2012-08-06 10:00:00,2012,8,11,16035,24.71,HOEP (Legacy)
2012-08-06 11:00:00,2012,8,12,16396,24.92,HOEP (Legacy)
2012-08-06 12:00:00,2012,8,13,16506,24.27,HOEP (Legacy)
2012-08-06 13:00:00,2012,8,14,16672,24.09,HOEP (Legacy)
2012-08-06 14:00:00,2012,8,15,17007,24.8,HOEP (Legacy)
2012-08-06 15:00:00,2012,8,16,17670,25.4,HOEP (Legacy)
2012-08-06 16:00:00,2012,8,17,18217,25.68,HOEP (Legacy)
2012-08-06 17:00:00,2012,8,18,18362,25.48,HOEP (Legacy)
2012-08-06 18:00:00,2012,8,19,18094,26.45,HOEP (Legacy)
2012-08-06 19:00:00,2012,8,20,17853,25.83,HOEP (Legacy)
2012-08-06 20:00:00,2012,8,21,18019,37.15,HOEP (Legacy)
2012-08-06 21:00:00,2012,8,22,16731,23.21,HOEP (Legacy)
2012-08-06 22:00:00,2012,8,23,15344,24.31,HOEP (Legacy)
2012-08-06 23:00:00,2012,8,24,14370,19.69,HOEP (Legacy)
2012-08-07 00:00:00,2012,8,1,13689,19.92,HOEP (Legacy)
2012-08-07 01:00:00,2012,8,2,13262,18.35,HOEP (Legacy)
2012-08-07 02:00:00,2012,8,3,13059,17.9,HOEP (Legacy)
2012-08-07 03:00:00,2012,8,4,13044,11.14,HOEP (Legacy)
2012-08-07 04:00:00,2012,8,5,13492,12.08,HOEP (Legacy)
2012-08-07 05:00:00,2012,8,6,14279,17.63,HOEP (Legacy)
2012-08-07 06:00:00,2012,8,7,15496,24.01,HOEP (Legacy)
2012-08-07 07:00:00,2012,8,8,16936,23.08,HOEP (Legacy)
2012-08-07 08:00:00,2012,8,9,17873,26.02,HOEP (Legacy)
2012-08-07 09:00:00,2012,8,10,18671,26.52,HOEP (Legacy)
2012-08-07 10:00:00,2012,8,11,19473,26.45,HOEP (Legacy)
2012-08-07 11:00:00,2012,8,12,19732,24.96,HOEP (Legacy)
2012-08-07 12:00:00,2012,8,13,20084,26.76,HOEP (Legacy)
2012-08-07 13:00:00,2012,8,14,20555,26.93,HOEP (Legacy)
2012-08-07 14:00:00,2012,8,15,20760,26.71,HOEP (Legacy)
2012-08-07 15:00:00,2012,8,16,21202,26.88,HOEP (Legacy)
2012-08-07 16:00:00,2012,8,17,21459,26.66,HOEP (Legacy)
2012-08-07 17:00:00,2012,8,18,21275,25.78,HOEP (Legacy)
2012-08-07 18:00:00,2012,8,19,20952,27.99,HOEP (Legacy)
2012-08-07 19:00:00,2012,8,20,20617,26.98,HOEP (Legacy)
2012-08-07 20:00:00,2012,8,21,20511,27.69,HOEP (Legacy)
2012-08-07 21:00:00,2012,8,22,19064,25.65,HOEP (Legacy)
2012-08-07 22:00:00,2012,8,23,17423,28.02,HOEP (Legacy)
2012-08-07 23:00:00,2012,8,24,16080,25.15,HOEP (Legacy)
2012-08-08 00:00:00,2012,8,1,15269,28.56,HOEP (Legacy)
2012-08-08 01:00:00,2012,8,2,14717,25.56,HOEP (Legacy)
2012-08-08 02:00:00,2012,8,3,14414,25.26,HOEP (Legacy)
2012-08-08 03:00:00,2012,8,4,14292,15.99,HOEP (Legacy)
2012-08-08 04:00:00,2012,8,5,14578,14.4,HOEP (Legacy)
2012-08-08 05:00:00,2012,8,6,15436,22.54,HOEP (Legacy)
2012-08-08 06:00:00,2012,8,7,16727,26.0,HOEP (Legacy)
2012-08-08 07:00:00,2012,8,8,17958,26.08,HOEP (Legacy)
2012-08-08 08:00:00,2012,8,9,18973,26.95,HOEP (Legacy)
2012-08-08 09:00:00,2012,8,10,20104,28.26,HOEP (Legacy)
2012-08-08 10:00:00,2012,8,11,20852,67.14,HOEP (Legacy)
2012-08-08 11:00:00,2012,8,12,21353,77.22,HOEP (Legacy)
2012-08-08 12:00:00,2012,8,13,21724,44.01,HOEP (Legacy)
2012-08-08 13:00:00,2012,8,14,21921,92.6,HOEP (Legacy)
2012-08-08 14:00:00,2012,8,15,22018,73.32,HOEP (Legacy)
2012-08-08 15:00:00,2012,8,16,22170,32.35,HOEP (Legacy)
2012-08-08 16:00:00,2012,8,17,22142,31.95,HOEP (Legacy)
2012-08-08 17:00:00,2012,8,18,21884,31.15,HOEP (Legacy)
2012-08-08 18:00:00,2012,8,19,21390,29.61,HOEP (Legacy)
2012-08-08 19:00:00,2012,8,20,21104,30.28,HOEP (Legacy)
2012-08-08 20:00:00,2012,8,21,20852,60.79,HOEP (Legacy)
2012-08-08 21:00:00,2012,8,22,19325,30.89,HOEP (Legacy)
2012-08-08 22:00:00,2012,8,23,17657,24.75,HOEP (Legacy)
2012-08-08 23:00:00,2012,8,24,16302,28.9,HOEP (Legacy)
2012-08-09 00:00:00,2012,8,1,15355,26.54,HOEP (Legacy)
2012-08-09 01:00:00,2012,8,2,14730,26.42,HOEP (Legacy)
2012-08-09 02:00:00,2012,8,3,14355,25.96,HOEP (Legacy)
2012-08-09 03:00:00,2012,8,4,14394,25.96,HOEP (Legacy)
2012-08-09 04:00:00,2012,8,5,14716,22.12,HOEP (Legacy)
2012-08-09 05:00:00,2012,8,6,15634,22.65,HOEP (Legacy)
2012-08-09 06:00:00,2012,8,7,16522,24.53,HOEP (Legacy)
2012-08-09 07:00:00,2012,8,8,17578,24.49,HOEP (Legacy)
2012-08-09 08:00:00,2012,8,9,18264,25.4,HOEP (Legacy)
2012-08-09 09:00:00,2012,8,10,18662,28.93,HOEP (Legacy)
2012-08-09 10:00:00,2012,8,11,18940,29.28,HOEP (Legacy)
2012-08-09 11:00:00,2012,8,12,18881,28.93,HOEP (Legacy)
2012-08-09 12:00:00,2012,8,13,18914,28.52,HOEP (Legacy)
2012-08-09 13:00:00,2012,8,14,18671,27.43,HOEP (Legacy)
2012-08-09 14:00:00,2012,8,15,18535,26.84,HOEP (Legacy)
2012-08-09 15:00:00,2012,8,16,18510,26.72,HOEP (Legacy)
2012-08-09 16:00:00,2012,8,17,18407,24.99,HOEP (Legacy)
2012-08-09 17:00:00,2012,8,18,17988,24.84,HOEP (Legacy)
2012-08-09 18:00:00,2012,8,19,17882,24.92,HOEP (Legacy)
2012-08-09 19:00:00,2012,8,20,18152,23.31,HOEP (Legacy)
2012-08-09 20:00:00,2012,8,21,17887,23.9,HOEP (Legacy)
2012-08-09 21:00:00,2012,8,22,16755,22.63,HOEP (Legacy)
2012-08-09 22:00:00,2012,8,23,15521,23.85,HOEP (Legacy)
2012-08-09 23:00:00,2012,8,24,14470,17.44,HOEP (Legacy)
2012-08-10 00:00:00,2012,8,1,13807,52.46,HOEP (Legacy)
2012-08-10 01:00:00,2012,8,2,13399,20.02,HOEP (Legacy)
2012-08-10 02:00:00,2012,8,3,13278,14.27,HOEP (Legacy)
2012-08-10 03:00:00,2012,8,4,13381,14.5,HOEP (Legacy)
2012-08-10 04:00:00,2012,8,5,13755,20.68,HOEP (Legacy)
2012-08-10 05:00:00,2012,8,6,14748,53.86,HOEP (Legacy)
2012-08-10 06:00:00,2012,8,7,15656,30.92,HOEP (Legacy)
2012-08-10 07:00:00,2012,8,8,16661,22.86,HOEP (Legacy)
2012-08-10 08:00:00,2012,8,9,17298,24.29,HOEP (Legacy)
2012-08-10 09:00:00,2012,8,10,17865,23.62,HOEP (Legacy)
2012-08-10 10:00:00,2012,8,11,18210,27.9,HOEP (Legacy)
2012-08-10 11:00:00,2012,8,12,18259,27.34,HOEP (Legacy)
2012-08-10 12:00:00,2012,8,13,18376,27.48,HOEP (Legacy)
2012-08-10 13:00:00,2012,8,14,18155,23.92,HOEP (Legacy)
2012-08-10 14:00:00,2012,8,15,18086,22.63,HOEP (Legacy)
2012-08-10 15:00:00,2012,8,16,18371,24.66,HOEP (Legacy)
2012-08-10 16:00:00,2012,8,17,18382,26.37,HOEP (Legacy)
2012-08-10 17:00:00,2012,8,18,18132,24.21,HOEP (Legacy)
2012-08-10 18:00:00,2012,8,19,17897,23.1,HOEP (Legacy)
2012-08-10 19:00:00,2012,8,20,17949,25.87,HOEP (Legacy)
2012-08-10 20:00:00,2012,8,21,17887,55.79,HOEP (Legacy)
2012-08-10 21:00:00,2012,8,22,16733,25.63,HOEP (Legacy)
2012-08-10 22:00:00,2012,8,23,15439,26.47,HOEP (Legacy)
2012-08-10 23:00:00,2012,8,24,14366,24.72,HOEP (Legacy)
2012-08-11 00:00:00,2012,8,1,13524,26.43,HOEP (Legacy)
2012-08-11 01:00:00,2012,8,2,13196,27.73,HOEP (Legacy)
2012-08-11 02:00:00,2012,8,3,12720,27.31,HOEP (Legacy)
2012-08-11 03:00:00,2012,8,4,12645,27.29,HOEP (Legacy)
2012-08-11 04:00:00,2012,8,5,12806,23.78,HOEP (Legacy)
2012-08-11 05:00:00,2012,8,6,13122,22.79,HOEP (Legacy)
2012-08-11 06:00:00,2012,8,7,13645,24.87,HOEP (Legacy)
2012-08-11 07:00:00,2012,8,8,14559,28.18,HOEP (Legacy)
2012-08-11 08:00:00,2012,8,9,15506,37.18,HOEP (Legacy)
2012-08-11 09:00:00,2012,8,10,16175,38.59,HOEP (Legacy)
2012-08-11 10:00:00,2012,8,11,16300,26.79,HOEP (Legacy)
2012-08-11 11:00:00,2012,8,12,16478,26.49,HOEP (Legacy)
2012-08-11 12:00:00,2012,8,13,16303,26.03,HOEP (Legacy)
2012-08-11 13:00:00,2012,8,14,16388,32.45,HOEP (Legacy)
2012-08-11 14:00:00,2012,8,15,16160,33.78,HOEP (Legacy)
2012-08-11 15:00:00,2012,8,16,16200,27.4,HOEP (Legacy)
2012-08-11 16:00:00,2012,8,17,16323,23.92,HOEP (Legacy)
2012-08-11 17:00:00,2012,8,18,16319,24.1,HOEP (Legacy)
2012-08-11 18:00:00,2012,8,19,16024,23.7,HOEP (Legacy)
2012-08-11 19:00:00,2012,8,20,15977,24.73,HOEP (Legacy)
2012-08-11 20:00:00,2012,8,21,16073,25.83,HOEP (Legacy)
2012-08-11 21:00:00,2012,8,22,15353,24.16,HOEP (Legacy)
2012-08-11 22:00:00,2012,8,23,14324,25.51,HOEP (Legacy)
2012-08-11 23:00:00,2012,8,24,13423,22.44,HOEP (Legacy)
2012-08-12 00:00:00,2012,8,1,12879,19.45,HOEP (Legacy)
2012-08-12 01:00:00,2012,8,2,12412,14.33,HOEP (Legacy)
2012-08-12 02:00:00,2012,8,3,12151,14.21,HOEP (Legacy)
2012-08-12 03:00:00,2012,8,4,12021,14.2,HOEP (Legacy)
2012-08-12 04:00:00,2012,8,5,12026,11.68,HOEP (Legacy)
2012-08-12 05:00:00,2012,8,6,12208,8.98,HOEP (Legacy)
2012-08-12 06:00:00,2012,8,7,12492,15.89,HOEP (Legacy)
2012-08-12 07:00:00,2012,8,8,13297,25.85,HOEP (Legacy)
2012-08-12 08:00:00,2012,8,9,14305,26.25,HOEP (Legacy)
2012-08-12 09:00:00,2012,8,10,14996,23.59,HOEP (Legacy)
2012-08-12 10:00:00,2012,8,11,15490,26.0,HOEP (Legacy)
2012-08-12 11:00:00,2012,8,12,15667,26.12,HOEP (Legacy)
2012-08-12 12:00:00,2012,8,13,15849,26.06,HOEP (Legacy)
2012-08-12 13:00:00,2012,8,14,15977,26.42,HOEP (Legacy)
2012-08-12 14:00:00,2012,8,15,16174,30.28,HOEP (Legacy)
2012-08-12 15:00:00,2012,8,16,16676,42.64,HOEP (Legacy)
2012-08-12 16:00:00,2012,8,17,16868,36.09,HOEP (Legacy)
2012-08-12 17:00:00,2012,8,18,16688,27.07,HOEP (Legacy)
2012-08-12 18:00:00,2012,8,19,16600,26.95,HOEP (Legacy)
2012-08-12 19:00:00,2012,8,20,16651,25.45,HOEP (Legacy)
2012-08-12 20:00:00,2012,8,21,16732,31.36,HOEP (Legacy)
2012-08-12 21:00:00,2012,8,22,15739,25.93,HOEP (Legacy)
2012-08-12 22:00:00,2012,8,23,14898,22.32,HOEP (Legacy)
2012-08-12 23:00:00,2012,8,24,13912,22.82,HOEP (Legacy)
2012-08-13 00:00:00,2012,8,1,13387,23.96,HOEP (Legacy)
2012-08-13 01:00:00,2012,8,2,13074,19.77,HOEP (Legacy)
2012-08-13 02:00:00,2012,8,3,12906,18.78,HOEP (Legacy)
2012-08-13 03:00:00,2012,8,4,13024,18.21,HOEP (Legacy)
2012-08-13 04:00:00,2012,8,5,13517,21.56,HOEP (Legacy)
2012-08-13 05:00:00,2012,8,6,14357,15.2,HOEP (Legacy)
2012-08-13 06:00:00,2012,8,7,15217,19.93,HOEP (Legacy)
2012-08-13 07:00:00,2012,8,8,16515,25.34,HOEP (Legacy)
2012-08-13 08:00:00,2012,8,9,17423,27.15,HOEP (Legacy)
2012-08-13 09:00:00,2012,8,10,18150,27.68,HOEP (Legacy)
2012-08-13 10:00:00,2012,8,11,18719,30.93,HOEP (Legacy)
2012-08-13 11:00:00,2012,8,12,19120,33.71,HOEP (Legacy)
2012-08-13 12:00:00,2012,8,13,19495,31.72,HOEP (Legacy)
2012-08-13 13:00:00,2012,8,14,19615,33.08,HOEP (Legacy)
2012-08-13 14:00:00,2012,8,15,19662,33.52,HOEP (Legacy)
2012-08-13 15:00:00,2012,8,16,19835,34.85,HOEP (Legacy)
2012-08-13 16:00:00,2012,8,17,19737,33.76,HOEP (Legacy)
2012-08-13 17:00:00,2012,8,18,19316,33.06,HOEP (Legacy)
2012-08-13 18:00:00,2012,8,19,19110,32.35,HOEP (Legacy)
2012-08-13 19:00:00,2012,8,20,19175,33.59,HOEP (Legacy)
2012-08-13 20:00:00,2012,8,21,18824,28.54,HOEP (Legacy)
2012-08-13 21:00:00,2012,8,22,17496,26.78,HOEP (Legacy)
2012-08-13 22:00:00,2012,8,23,16191,24.53,HOEP (Legacy)
2012-08-13 23:00:00,2012,8,24,15115,24.01,HOEP (Legacy)
2012-08-14 00:00:00,2012,8,1,14335,25.83,HOEP (Legacy)
2012-08-14 01:00:00,2012,8,2,13786,25.93,HOEP (Legacy)
2012-08-14 02:00:00,2012,8,3,13466,16.69,HOEP (Legacy)
2012-08-14 03:00:00,2012,8,4,13507,16.54,HOEP (Legacy)
2012-08-14 04:00:00,2012,8,5,13806,9.46,HOEP (Legacy)
2012-08-14 05:00:00,2012,8,6,14754,16.4,HOEP (Legacy)
2012-08-14 06:00:00,2012,8,7,15777,23.69,HOEP (Legacy)
2012-08-14 07:00:00,2012,8,8,16825,23.9,HOEP (Legacy)
2012-08-14 08:00:00,2012,8,9,17485,24.48,HOEP (Legacy)
2012-08-14 09:00:00,2012,8,10,17802,24.42,HOEP (Legacy)
2012-08-14 10:00:00,2012,8,11,18065,24.62,HOEP (Legacy)
2012-08-14 11:00:00,2012,8,12,18096,25.65,HOEP (Legacy)
2012-08-14 12:00:00,2012,8,13,17998,26.37,HOEP (Legacy)
2012-08-14 13:00:00,2012,8,14,17900,25.65,HOEP (Legacy)
2012-08-14 14:00:00,2012,8,15,18012,26.0,HOEP (Legacy)
2012-08-14 15:00:00,2012,8,16,18286,26.29,HOEP (Legacy)
2012-08-14 16:00:00,2012,8,17,18500,25.13,HOEP (Legacy)
2012-08-14 17:00:00,2012,8,18,18312,24.86,HOEP (Legacy)
2012-08-14 18:00:00,2012,8,19,18152,24.14,HOEP (Legacy)
2012-08-14 19:00:00,2012,8,20,18174,25.08,HOEP (Legacy)
2012-08-14 20:00:00,2012,8,21,18118,23.06,HOEP (Legacy)
2012-08-14 21:00:00,2012,8,22,16939,28.38,HOEP (Legacy)
2012-08-14 22:00:00,2012,8,23,15701,24.5,HOEP (Legacy)
2012-08-14 23:00:00,2012,8,24,14563,27.96,HOEP (Legacy)
2012-08-15 00:00:00,2012,8,1,13667,27.87,HOEP (Legacy)
2012-08-15 01:00:00,2012,8,2,13262,17.16,HOEP (Legacy)
2012-08-15 02:00:00,2012,8,3,13141,16.69,HOEP (Legacy)
2012-08-15 03:00:00,2012,8,4,13104,17.41,HOEP (Legacy)
2012-08-15 04:00:00,2012,8,5,13635,14.0,HOEP (Legacy)
2012-08-15 05:00:00,2012,8,6,14383,16.8,HOEP (Legacy)
2012-08-15 06:00:00,2012,8,7,15294,23.93,HOEP (Legacy)
2012-08-15 07:00:00,2012,8,8,16486,22.67,HOEP (Legacy)
2012-08-15 08:00:00,2012,8,9,17192,23.16,HOEP (Legacy)
2012-08-15 09:00:00,2012,8,10,17731,23.69,HOEP (Legacy)
2012-08-15 10:00:00,2012,8,11,18229,25.34,HOEP (Legacy)
2012-08-15 11:00:00,2012,8,12,18507,25.89,HOEP (Legacy)
2012-08-15 12:00:00,2012,8,13,18885,26.34,HOEP (Legacy)
2012-08-15 13:00:00,2012,8,14,19097,26.62,HOEP (Legacy)
2012-08-15 14:00:00,2012,8,15,19108,26.22,HOEP (Legacy)
2012-08-15 15:00:00,2012,8,16,19267,26.24,HOEP (Legacy)
2012-08-15 16:00:00,2012,8,17,19260,26.14,HOEP (Legacy)
2012-08-15 17:00:00,2012,8,18,19067,25.13,HOEP (Legacy)
2012-08-15 18:00:00,2012,8,19,18785,23.8,HOEP (Legacy)
2012-08-15 19:00:00,2012,8,20,18907,23.89,HOEP (Legacy)
2012-08-15 20:00:00,2012,8,21,18801,22.76,HOEP (Legacy)
2012-08-15 21:00:00,2012,8,22,17446,21.0,HOEP (Legacy)
2012-08-15 22:00:00,2012,8,23,15882,20.77,HOEP (Legacy)
2012-08-15 23:00:00,2012,8,24,14710,23.88,HOEP (Legacy)
2012-08-16 00:00:00,2012,8,1,13984,35.95,HOEP (Legacy)
2012-08-16 01:00:00,2012,8,2,13529,19.64,HOEP (Legacy)
2012-08-16 02:00:00,2012,8,3,13290,21.56,HOEP (Legacy)
2012-08-16 03:00:00,2012,8,4,13273,16.11,HOEP (Legacy)
2012-08-16 04:00:00,2012,8,5,13555,20.25,HOEP (Legacy)
2012-08-16 05:00:00,2012,8,6,14424,8.68,HOEP (Legacy)
2012-08-16 06:00:00,2012,8,7,15402,18.0,HOEP (Legacy)
2012-08-16 07:00:00,2012,8,8,16526,22.22,HOEP (Legacy)
2012-08-16 08:00:00,2012,8,9,17500,24.24,HOEP (Legacy)
2012-08-16 09:00:00,2012,8,10,18240,24.5,HOEP (Legacy)
2012-08-16 10:00:00,2012,8,11,18882,24.66,HOEP (Legacy)
2012-08-16 11:00:00,2012,8,12,19066,24.67,HOEP (Legacy)
2012-08-16 12:00:00,2012,8,13,19678,25.96,HOEP (Legacy)
2012-08-16 13:00:00,2012,8,14,19910,25.87,HOEP (Legacy)
2012-08-16 14:00:00,2012,8,15,20065,26.95,HOEP (Legacy)
2012-08-16 15:00:00,2012,8,16,20180,26.92,HOEP (Legacy)
2012-08-16 16:00:00,2012,8,17,20242,27.0,HOEP (Legacy)
2012-08-16 17:00:00,2012,8,18,19873,25.7,HOEP (Legacy)
2012-08-16 18:00:00,2012,8,19,19498,24.19,HOEP (Legacy)
2012-08-16 19:00:00,2012,8,20,19693,24.77,HOEP (Legacy)
2012-08-16 20:00:00,2012,8,21,19641,24.96,HOEP (Legacy)
2012-08-16 21:00:00,2012,8,22,18296,21.54,HOEP (Legacy)
2012-08-16 22:00:00,2012,8,23,16740,21.18,HOEP (Legacy)
2012-08-16 23:00:00,2012,8,24,15660,16.59,HOEP (Legacy)
2012-08-17 00:00:00,2012,8,1,14938,21.39,HOEP (Legacy)
2012-08-17 01:00:00,2012,8,2,14350,41.78,HOEP (Legacy)
2012-08-17 02:00:00,2012,8,3,14030,43.56,HOEP (Legacy)
2012-08-17 03:00:00,2012,8,4,13969,37.05,HOEP (Legacy)
2012-08-17 04:00:00,2012,8,5,14287,20.64,HOEP (Legacy)
2012-08-17 05:00:00,2012,8,6,15146,14.44,HOEP (Legacy)
2012-08-17 06:00:00,2012,8,7,15737,17.74,HOEP (Legacy)
2012-08-17 07:00:00,2012,8,8,16721,22.37,HOEP (Legacy)
2012-08-17 08:00:00,2012,8,9,17577,23.44,HOEP (Legacy)
2012-08-17 09:00:00,2012,8,10,17986,23.73,HOEP (Legacy)
2012-08-17 10:00:00,2012,8,11,18309,23.79,HOEP (Legacy)
2012-08-17 11:00:00,2012,8,12,18392,23.69,HOEP (Legacy)
2012-08-17 12:00:00,2012,8,13,18447,23.76,HOEP (Legacy)
2012-08-17 13:00:00,2012,8,14,18389,23.65,HOEP (Legacy)
2012-08-17 14:00:00,2012,8,15,18269,23.65,HOEP (Legacy)
2012-08-17 15:00:00,2012,8,16,18287,23.77,HOEP (Legacy)
2012-08-17 16:00:00,2012,8,17,18198,22.0,HOEP (Legacy)
2012-08-17 17:00:00,2012,8,18,17779,22.28,HOEP (Legacy)
2012-08-17 18:00:00,2012,8,19,17426,22.27,HOEP (Legacy)
2012-08-17 19:00:00,2012,8,20,17149,22.09,HOEP (Legacy)
2012-08-17 20:00:00,2012,8,21,17129,20.63,HOEP (Legacy)
2012-08-17 21:00:00,2012,8,22,15945,20.9,HOEP (Legacy)
2012-08-17 22:00:00,2012,8,23,14700,-9.38,HOEP (Legacy)
2012-08-17 23:00:00,2012,8,24,13641,20.7,HOEP (Legacy)
2012-08-18 00:00:00,2012,8,1,12971,17.35,HOEP (Legacy)
2012-08-18 01:00:00,2012,8,2,12651,14.56,HOEP (Legacy)
2012-08-18 02:00:00,2012,8,3,12461,14.45,HOEP (Legacy)
2012-08-18 03:00:00,2012,8,4,12292,14.27,HOEP (Legacy)
2012-08-18 04:00:00,2012,8,5,12284,14.38,HOEP (Legacy)
2012-08-18 05:00:00,2012,8,6,12555,16.18,HOEP (Legacy)
2012-08-18 06:00:00,2012,8,7,13029,14.8,HOEP (Legacy)
2012-08-18 07:00:00,2012,8,8,13984,1.51,HOEP (Legacy)
2012-08-18 08:00:00,2012,8,9,14849,22.23,HOEP (Legacy)
2012-08-18 09:00:00,2012,8,10,15282,27.0,HOEP (Legacy)
2012-08-18 10:00:00,2012,8,11,15438,24.24,HOEP (Legacy)
2012-08-18 11:00:00,2012,8,12,15536,24.42,HOEP (Legacy)
2012-08-18 12:00:00,2012,8,13,15570,24.24,HOEP (Legacy)
2012-08-18 13:00:00,2012,8,14,15482,22.01,HOEP (Legacy)
2012-08-18 14:00:00,2012,8,15,15476,23.02,HOEP (Legacy)
2012-08-18 15:00:00,2012,8,16,15672,24.04,HOEP (Legacy)
2012-08-18 16:00:00,2012,8,17,15893,33.41,HOEP (Legacy)
2012-08-18 17:00:00,2012,8,18,15856,28.63,HOEP (Legacy)
2012-08-18 18:00:00,2012,8,19,15537,29.16,HOEP (Legacy)
2012-08-18 19:00:00,2012,8,20,15557,37.03,HOEP (Legacy)
2012-08-18 20:00:00,2012,8,21,15600,24.84,HOEP (Legacy)
2012-08-18 21:00:00,2012,8,22,14804,17.49,HOEP (Legacy)
2012-08-18 22:00:00,2012,8,23,13890,33.43,HOEP (Legacy)
2012-08-18 23:00:00,2012,8,24,13117,27.28,HOEP (Legacy)
2012-08-19 00:00:00,2012,8,1,12456,16.25,HOEP (Legacy)
2012-08-19 01:00:00,2012,8,2,12057,11.5,HOEP (Legacy)
2012-08-19 02:00:00,2012,8,3,11810,13.98,HOEP (Legacy)
2012-08-19 03:00:00,2012,8,4,11676,14.4,HOEP (Legacy)
2012-08-19 04:00:00,2012,8,5,11714,14.38,HOEP (Legacy)
2012-08-19 05:00:00,2012,8,6,11818,13.42,HOEP (Legacy)
2012-08-19 06:00:00,2012,8,7,12038,8.23,HOEP (Legacy)
2012-08-19 07:00:00,2012,8,8,12860,17.3,HOEP (Legacy)
2012-08-19 08:00:00,2012,8,9,13836,-7.68,HOEP (Legacy)
2012-08-19 09:00:00,2012,8,10,14464,12.49,HOEP (Legacy)
2012-08-19 10:00:00,2012,8,11,15022,15.84,HOEP (Legacy)
2012-08-19 11:00:00,2012,8,12,15255,21.6,HOEP (Legacy)
2012-08-19 12:00:00,2012,8,13,15350,21.67,HOEP (Legacy)
2012-08-19 13:00:00,2012,8,14,15435,21.66,HOEP (Legacy)
2012-08-19 14:00:00,2012,8,15,15595,21.67,HOEP (Legacy)
2012-08-19 15:00:00,2012,8,16,15924,21.68,HOEP (Legacy)
2012-08-19 16:00:00,2012,8,17,16194,21.56,HOEP (Legacy)
2012-08-19 17:00:00,2012,8,18,16149,21.95,HOEP (Legacy)
2012-08-19 18:00:00,2012,8,19,15923,21.71,HOEP (Legacy)
2012-08-19 19:00:00,2012,8,20,16254,86.38,HOEP (Legacy)
2012-08-19 20:00:00,2012,8,21,16219,69.4,HOEP (Legacy)
2012-08-19 21:00:00,2012,8,22,15346,40.82,HOEP (Legacy)
2012-08-19 22:00:00,2012,8,23,14382,19.37,HOEP (Legacy)
2012-08-19 23:00:00,2012,8,24,13500,13.11,HOEP (Legacy)
2012-08-20 00:00:00,2012,8,1,12907,14.12,HOEP (Legacy)
2012-08-20 01:00:00,2012,8,2,12669,14.16,HOEP (Legacy)
2012-08-20 02:00:00,2012,8,3,12383,13.98,HOEP (Legacy)
2012-08-20 03:00:00,2012,8,4,12472,13.89,HOEP (Legacy)
2012-08-20 04:00:00,2012,8,5,12855,16.49,HOEP (Legacy)
2012-08-20 05:00:00,2012,8,6,13764,18.75,HOEP (Legacy)
2012-08-20 06:00:00,2012,8,7,14659,16.28,HOEP (Legacy)
2012-08-20 07:00:00,2012,8,8,15600,19.07,HOEP (Legacy)
2012-08-20 08:00:00,2012,8,9,16319,21.76,HOEP (Legacy)
2012-08-20 09:00:00,2012,8,10,16908,21.79,HOEP (Legacy)
2012-08-20 10:00:00,2012,8,11,17192,22.82,HOEP (Legacy)
2012-08-20 11:00:00,2012,8,12,17529,23.64,HOEP (Legacy)
2012-08-20 12:00:00,2012,8,13,17711,22.02,HOEP (Legacy)
2012-08-20 13:00:00,2012,8,14,17666,23.49,HOEP (Legacy)
2012-08-20 14:00:00,2012,8,15,17681,25.98,HOEP (Legacy)
2012-08-20 15:00:00,2012,8,16,17728,26.17,HOEP (Legacy)
2012-08-20 16:00:00,2012,8,17,17885,26.0,HOEP (Legacy)
2012-08-20 17:00:00,2012,8,18,17597,25.42,HOEP (Legacy)
2012-08-20 18:00:00,2012,8,19,17304,21.7,HOEP (Legacy)
2012-08-20 19:00:00,2012,8,20,17443,22.04,HOEP (Legacy)
2012-08-20 20:00:00,2012,8,21,17278,22.0,HOEP (Legacy)
2012-08-20 21:00:00,2012,8,22,16101,18.79,HOEP (Legacy)
2012-08-20 22:00:00,2012,8,23,14836,27.63,HOEP (Legacy)
2012-08-20 23:00:00,2012,8,24,13779,13.24,HOEP (Legacy)
2012-08-21 00:00:00,2012,8,1,13122,-9.66,HOEP (Legacy)
2012-08-21 01:00:00,2012,8,2,12799,-24.77,HOEP (Legacy)
2012-08-21 02:00:00,2012,8,3,12683,13.95,HOEP (Legacy)
2012-08-21 03:00:00,2012,8,4,12697,13.05,HOEP (Legacy)
2012-08-21 04:00:00,2012,8,5,12987,18.61,HOEP (Legacy)
2012-08-21 05:00:00,2012,8,6,13928,17.32,HOEP (Legacy)
2012-08-21 06:00:00,2012,8,7,14794,26.96,HOEP (Legacy)
2012-08-21 07:00:00,2012,8,8,15780,23.13,HOEP (Legacy)
2012-08-21 08:00:00,2012,8,9,16456,23.36,HOEP (Legacy)
2012-08-21 09:00:00,2012,8,10,16952,22.14,HOEP (Legacy)
2012-08-21 10:00:00,2012,8,11,17323,23.49,HOEP (Legacy)
2012-08-21 11:00:00,2012,8,12,17620,24.28,HOEP (Legacy)
2012-08-21 12:00:00,2012,8,13,17836,25.75,HOEP (Legacy)
2012-08-21 13:00:00,2012,8,14,17986,28.58,HOEP (Legacy)
2012-08-21 14:00:00,2012,8,15,18135,25.55,HOEP (Legacy)
2012-08-21 15:00:00,2012,8,16,18328,25.54,HOEP (Legacy)
2012-08-21 16:00:00,2012,8,17,18440,25.79,HOEP (Legacy)
2012-08-21 17:00:00,2012,8,18,18028,24.2,HOEP (Legacy)
2012-08-21 18:00:00,2012,8,19,17742,24.39,HOEP (Legacy)
2012-08-21 19:00:00,2012,8,20,18005,25.56,HOEP (Legacy)
2012-08-21 20:00:00,2012,8,21,17727,24.19,HOEP (Legacy)
2012-08-21 21:00:00,2012,8,22,16557,21.65,HOEP (Legacy)
2012-08-21 22:00:00,2012,8,23,15280,25.13,HOEP (Legacy)
2012-08-21 23:00:00,2012,8,24,14252,28.43,HOEP (Legacy)
2012-08-22 00:00:00,2012,8,1,13478,23.72,HOEP (Legacy)
2012-08-22 01:00:00,2012,8,2,13143,25.49,HOEP (Legacy)
2012-08-22 02:00:00,2012,8,3,12950,13.16,HOEP (Legacy)
2012-08-22 03:00:00,2012,8,4,12956,-6.16,HOEP (Legacy)
2012-08-22 04:00:00,2012,8,5,13386,29.49,HOEP (Legacy)
2012-08-22 05:00:00,2012,8,6,14170,16.21,HOEP (Legacy)
2012-08-22 06:00:00,2012,8,7,15038,1.83,HOEP (Legacy)
2012-08-22 07:00:00,2012,8,8,16106,20.75,HOEP (Legacy)
2012-08-22 08:00:00,2012,8,9,16875,21.78,HOEP (Legacy)
2012-08-22 09:00:00,2012,8,10,17568,23.22,HOEP (Legacy)
2012-08-22 10:00:00,2012,8,11,18089,25.06,HOEP (Legacy)
2012-08-22 11:00:00,2012,8,12,18162,25.08,HOEP (Legacy)
2012-08-22 12:00:00,2012,8,13,18518,26.18,HOEP (Legacy)
2012-08-22 13:00:00,2012,8,14,18656,26.15,HOEP (Legacy)
2012-08-22 14:00:00,2012,8,15,18890,26.79,HOEP (Legacy)
2012-08-22 15:00:00,2012,8,16,19288,30.03,HOEP (Legacy)
2012-08-22 16:00:00,2012,8,17,19380,26.71,HOEP (Legacy)
2012-08-22 17:00:00,2012,8,18,19091,23.8,HOEP (Legacy)
2012-08-22 18:00:00,2012,8,19,18768,22.75,HOEP (Legacy)
2012-08-22 19:00:00,2012,8,20,18964,22.16,HOEP (Legacy)
2012-08-22 20:00:00,2012,8,21,18862,24.4,HOEP (Legacy)
2012-08-22 21:00:00,2012,8,22,17289,21.16,HOEP (Legacy)
2012-08-22 22:00:00,2012,8,23,15769,21.8,HOEP (Legacy)
2012-08-22 23:00:00,2012,8,24,14610,20.37,HOEP (Legacy)
2012-08-23 00:00:00,2012,8,1,13925,41.33,HOEP (Legacy)
2012-08-23 01:00:00,2012,8,2,13486,24.26,HOEP (Legacy)
2012-08-23 02:00:00,2012,8,3,13254,14.52,HOEP (Legacy)
2012-08-23 03:00:00,2012,8,4,13216,10.44,HOEP (Legacy)
2012-08-23 04:00:00,2012,8,5,13557,20.8,HOEP (Legacy)
2012-08-23 05:00:00,2012,8,6,14349,18.02,HOEP (Legacy)
2012-08-23 06:00:00,2012,8,7,15381,19.29,HOEP (Legacy)
2012-08-23 07:00:00,2012,8,8,16582,21.18,HOEP (Legacy)
2012-08-23 08:00:00,2012,8,9,17524,21.48,HOEP (Legacy)
2012-08-23 09:00:00,2012,8,10,18197,21.91,HOEP (Legacy)
2012-08-23 10:00:00,2012,8,11,18906,24.19,HOEP (Legacy)
2012-08-23 11:00:00,2012,8,12,19238,24.16,HOEP (Legacy)
2012-08-23 12:00:00,2012,8,13,19701,26.25,HOEP (Legacy)
2012-08-23 13:00:00,2012,8,14,19931,25.76,HOEP (Legacy)
2012-08-23 14:00:00,2012,8,15,20274,28.08,HOEP (Legacy)
2012-08-23 15:00:00,2012,8,16,20560,28.93,HOEP (Legacy)
2012-08-23 16:00:00,2012,8,17,20711,31.31,HOEP (Legacy)
2012-08-23 17:00:00,2012,8,18,20421,28.35,HOEP (Legacy)
2012-08-23 18:00:00,2012,8,19,19953,27.84,HOEP (Legacy)
2012-08-23 19:00:00,2012,8,20,20174,29.52,HOEP (Legacy)
2012-08-23 20:00:00,2012,8,21,19845,25.71,HOEP (Legacy)
2012-08-23 21:00:00,2012,8,22,18291,23.4,HOEP (Legacy)
2012-08-23 22:00:00,2012,8,23,16831,24.02,HOEP (Legacy)
2012-08-23 23:00:00,2012,8,24,15615,20.92,HOEP (Legacy)
2012-08-24 00:00:00,2012,8,1,14671,25.0,HOEP (Legacy)
2012-08-24 01:00:00,2012,8,2,14038,21.71,HOEP (Legacy)
2012-08-24 02:00:00,2012,8,3,13727,18.64,HOEP (Legacy)
2012-08-24 03:00:00,2012,8,4,13580,13.79,HOEP (Legacy)
2012-08-24 04:00:00,2012,8,5,13928,19.17,HOEP (Legacy)
2012-08-24 05:00:00,2012,8,6,14747,19.35,HOEP (Legacy)
2012-08-24 06:00:00,2012,8,7,15546,18.3,HOEP (Legacy)
2012-08-24 07:00:00,2012,8,8,16886,20.89,HOEP (Legacy)
2012-08-24 08:00:00,2012,8,9,17981,22.67,HOEP (Legacy)
2012-08-24 09:00:00,2012,8,10,18895,23.4,HOEP (Legacy)
2012-08-24 10:00:00,2012,8,11,19606,26.88,HOEP (Legacy)
2012-08-24 11:00:00,2012,8,12,19986,25.31,HOEP (Legacy)
2012-08-24 12:00:00,2012,8,13,20454,31.56,HOEP (Legacy)
2012-08-24 13:00:00,2012,8,14,20742,31.76,HOEP (Legacy)
2012-08-24 14:00:00,2012,8,15,20890,77.52,HOEP (Legacy)
2012-08-24 15:00:00,2012,8,16,21205,135.89,HOEP (Legacy)
2012-08-24 16:00:00,2012,8,17,21277,97.72,HOEP (Legacy)
2012-08-24 17:00:00,2012,8,18,20750,28.91,HOEP (Legacy)
2012-08-24 18:00:00,2012,8,19,20234,28.47,HOEP (Legacy)
2012-08-24 19:00:00,2012,8,20,20300,25.73,HOEP (Legacy)
2012-08-24 20:00:00,2012,8,21,19622,22.65,HOEP (Legacy)
2012-08-24 21:00:00,2012,8,22,18435,26.43,HOEP (Legacy)
2012-08-24 22:00:00,2012,8,23,16669,20.62,HOEP (Legacy)
2012-08-24 23:00:00,2012,8,24,15397,22.36,HOEP (Legacy)
2012-08-25 00:00:00,2012,8,1,14483,23.72,HOEP (Legacy)
2012-08-25 01:00:00,2012,8,2,13993,13.38,HOEP (Legacy)
2012-08-25 02:00:00,2012,8,3,13574,-3.73,HOEP (Legacy)
2012-08-25 03:00:00,2012,8,4,13373,12.97,HOEP (Legacy)
2012-08-25 04:00:00,2012,8,5,13352,13.94,HOEP (Legacy)
2012-08-25 05:00:00,2012,8,6,13675,14.49,HOEP (Legacy)
2012-08-25 06:00:00,2012,8,7,14191,6.14,HOEP (Legacy)
2012-08-25 07:00:00,2012,8,8,15431,20.3,HOEP (Legacy)
2012-08-25 08:00:00,2012,8,9,17028,23.39,HOEP (Legacy)
2012-08-25 09:00:00,2012,8,10,18156,28.31,HOEP (Legacy)
2012-08-25 10:00:00,2012,8,11,19175,30.59,HOEP (Legacy)
2012-08-25 11:00:00,2012,8,12,19740,46.7,HOEP (Legacy)
2012-08-25 12:00:00,2012,8,13,20144,56.95,HOEP (Legacy)
2012-08-25 13:00:00,2012,8,14,20421,105.79,HOEP (Legacy)
2012-08-25 14:00:00,2012,8,15,20552,41.3,HOEP (Legacy)
2012-08-25 15:00:00,2012,8,16,20786,95.17,HOEP (Legacy)
2012-08-25 16:00:00,2012,8,17,20937,34.88,HOEP (Legacy)
2012-08-25 17:00:00,2012,8,18,20559,59.97,HOEP (Legacy)
2012-08-25 18:00:00,2012,8,19,19726,30.01,HOEP (Legacy)
2012-08-25 19:00:00,2012,8,20,19522,28.34,HOEP (Legacy)
2012-08-25 20:00:00,2012,8,21,18971,25.52,HOEP (Legacy)
2012-08-25 21:00:00,2012,8,22,17835,21.93,HOEP (Legacy)
2012-08-25 22:00:00,2012,8,23,16525,19.15,HOEP (Legacy)
2012-08-25 23:00:00,2012,8,24,15313,18.12,HOEP (Legacy)
2012-08-26 00:00:00,2012,8,1,14673,20.1,HOEP (Legacy)
2012-08-26 01:00:00,2012,8,2,13963,16.22,HOEP (Legacy)
2012-08-26 02:00:00,2012,8,3,13510,-3.55,HOEP (Legacy)
2012-08-26 03:00:00,2012,8,4,13324,-128.0,HOEP (Legacy)
2012-08-26 04:00:00,2012,8,5,13192,4.86,HOEP (Legacy)
2012-08-26 05:00:00,2012,8,6,13258,2.3,HOEP (Legacy)
2012-08-26 06:00:00,2012,8,7,13625,15.32,HOEP (Legacy)
2012-08-26 07:00:00,2012,8,8,14968,17.02,HOEP (Legacy)
2012-08-26 08:00:00,2012,8,9,16381,21.93,HOEP (Legacy)
2012-08-26 09:00:00,2012,8,10,17582,23.0,HOEP (Legacy)
2012-08-26 10:00:00,2012,8,11,18546,25.15,HOEP (Legacy)
2012-08-26 11:00:00,2012,8,12,19146,27.17,HOEP (Legacy)
2012-08-26 12:00:00,2012,8,13,19390,28.07,HOEP (Legacy)
2012-08-26 13:00:00,2012,8,14,19608,27.28,HOEP (Legacy)
2012-08-26 14:00:00,2012,8,15,19907,26.68,HOEP (Legacy)
2012-08-26 15:00:00,2012,8,16,20193,30.28,HOEP (Legacy)
2012-08-26 16:00:00,2012,8,17,20325,30.99,HOEP (Legacy)
2012-08-26 17:00:00,2012,8,18,19994,25.58,HOEP (Legacy)
2012-08-26 18:00:00,2012,8,19,19379,23.3,HOEP (Legacy)
2012-08-26 19:00:00,2012,8,20,19457,26.46,HOEP (Legacy)
2012-08-26 20:00:00,2012,8,21,19194,25.94,HOEP (Legacy)
2012-08-26 21:00:00,2012,8,22,17939,21.14,HOEP (Legacy)
2012-08-26 22:00:00,2012,8,23,16635,21.76,HOEP (Legacy)
2012-08-26 23:00:00,2012,8,24,15550,24.33,HOEP (Legacy)
2012-08-27 00:00:00,2012,8,1,14943,23.61,HOEP (Legacy)
2012-08-27 01:00:00,2012,8,2,14521,25.25,HOEP (Legacy)
2012-08-27 02:00:00,2012,8,3,14314,30.95,HOEP (Legacy)
2012-08-27 03:00:00,2012,8,4,14296,32.09,HOEP (Legacy)
2012-08-27 04:00:00,2012,8,5,14861,30.56,HOEP (Legacy)
2012-08-27 05:00:00,2012,8,6,16041,28.13,HOEP (Legacy)
2012-08-27 06:00:00,2012,8,7,17239,24.24,HOEP (Legacy)
2012-08-27 07:00:00,2012,8,8,18274,23.22,HOEP (Legacy)
2012-08-27 08:00:00,2012,8,9,19018,26.46,HOEP (Legacy)
2012-08-27 09:00:00,2012,8,10,19508,26.76,HOEP (Legacy)
2012-08-27 10:00:00,2012,8,11,19817,25.9,HOEP (Legacy)
2012-08-27 11:00:00,2012,8,12,19789,27.37,HOEP (Legacy)
2012-08-27 12:00:00,2012,8,13,19817,28.82,HOEP (Legacy)
2012-08-27 13:00:00,2012,8,14,19803,28.02,HOEP (Legacy)
2012-08-27 14:00:00,2012,8,15,19893,28.08,HOEP (Legacy)
2012-08-27 15:00:00,2012,8,16,20264,34.53,HOEP (Legacy)
2012-08-27 16:00:00,2012,8,17,20565,37.18,HOEP (Legacy)
2012-08-27 17:00:00,2012,8,18,20478,54.35,HOEP (Legacy)
2012-08-27 18:00:00,2012,8,19,20223,48.06,HOEP (Legacy)
2012-08-27 19:00:00,2012,8,20,20456,67.86,HOEP (Legacy)
2012-08-27 20:00:00,2012,8,21,19780,28.97,HOEP (Legacy)
2012-08-27 21:00:00,2012,8,22,18295,21.52,HOEP (Legacy)
2012-08-27 22:00:00,2012,8,23,16709,21.14,HOEP (Legacy)
2012-08-27 23:00:00,2012,8,24,15296,20.23,HOEP (Legacy)
2012-08-28 00:00:00,2012,8,1,14723,22.21,HOEP (Legacy)
2012-08-28 01:00:00,2012,8,2,14105,20.65,HOEP (Legacy)
2012-08-28 02:00:00,2012,8,3,13811,19.2,HOEP (Legacy)
2012-08-28 03:00:00,2012,8,4,13743,18.64,HOEP (Legacy)
2012-08-28 04:00:00,2012,8,5,14022,22.22,HOEP (Legacy)
2012-08-28 05:00:00,2012,8,6,14908,21.58,HOEP (Legacy)
2012-08-28 06:00:00,2012,8,7,15950,17.68,HOEP (Legacy)
2012-08-28 07:00:00,2012,8,8,17002,22.32,HOEP (Legacy)
2012-08-28 08:00:00,2012,8,9,17706,24.71,HOEP (Legacy)
2012-08-28 09:00:00,2012,8,10,18376,25.96,HOEP (Legacy)
2012-08-28 10:00:00,2012,8,11,19025,25.56,HOEP (Legacy)
2012-08-28 11:00:00,2012,8,12,19291,25.54,HOEP (Legacy)
2012-08-28 12:00:00,2012,8,13,19605,34.39,HOEP (Legacy)
2012-08-28 13:00:00,2012,8,14,19740,36.43,HOEP (Legacy)
2012-08-28 14:00:00,2012,8,15,19752,32.72,HOEP (Legacy)
2012-08-28 15:00:00,2012,8,16,19886,37.94,HOEP (Legacy)
2012-08-28 16:00:00,2012,8,17,19814,37.07,HOEP (Legacy)
2012-08-28 17:00:00,2012,8,18,19132,26.63,HOEP (Legacy)
2012-08-28 18:00:00,2012,8,19,18516,24.97,HOEP (Legacy)
2012-08-28 19:00:00,2012,8,20,18609,23.83,HOEP (Legacy)
2012-08-28 20:00:00,2012,8,21,17900,29.58,HOEP (Legacy)
2012-08-28 21:00:00,2012,8,22,16652,21.23,HOEP (Legacy)
2012-08-28 22:00:00,2012,8,23,15182,20.37,HOEP (Legacy)
2012-08-28 23:00:00,2012,8,24,14056,27.38,HOEP (Legacy)
2012-08-29 00:00:00,2012,8,1,13464,31.8,HOEP (Legacy)
2012-08-29 01:00:00,2012,8,2,13011,18.14,HOEP (Legacy)
2012-08-29 02:00:00,2012,8,3,12701,14.69,HOEP (Legacy)
2012-08-29 03:00:00,2012,8,4,12709,14.72,HOEP (Legacy)
2012-08-29 04:00:00,2012,8,5,13083,39.01,HOEP (Legacy)
2012-08-29 05:00:00,2012,8,6,14097,32.24,HOEP (Legacy)
2012-08-29 06:00:00,2012,8,7,14861,28.45,HOEP (Legacy)
2012-08-29 07:00:00,2012,8,8,16032,24.17,HOEP (Legacy)
2012-08-29 08:00:00,2012,8,9,16648,21.26,HOEP (Legacy)
2012-08-29 09:00:00,2012,8,10,17163,22.86,HOEP (Legacy)
2012-08-29 10:00:00,2012,8,11,17615,23.56,HOEP (Legacy)
2012-08-29 11:00:00,2012,8,12,17656,22.47,HOEP (Legacy)
2012-08-29 12:00:00,2012,8,13,17979,26.03,HOEP (Legacy)
2012-08-29 13:00:00,2012,8,14,18106,23.67,HOEP (Legacy)
2012-08-29 14:00:00,2012,8,15,18299,23.49,HOEP (Legacy)
2012-08-29 15:00:00,2012,8,16,18521,24.78,HOEP (Legacy)
2012-08-29 16:00:00,2012,8,17,18786,23.97,HOEP (Legacy)
2012-08-29 17:00:00,2012,8,18,18556,22.97,HOEP (Legacy)
2012-08-29 18:00:00,2012,8,19,18197,23.39,HOEP (Legacy)
2012-08-29 19:00:00,2012,8,20,18498,22.95,HOEP (Legacy)
2012-08-29 20:00:00,2012,8,21,18558,24.48,HOEP (Legacy)
2012-08-29 21:00:00,2012,8,22,16989,20.55,HOEP (Legacy)
2012-08-29 22:00:00,2012,8,23,15386,26.12,HOEP (Legacy)
2012-08-29 23:00:00,2012,8,24,14313,16.58,HOEP (Legacy)
2012-08-30 00:00:00,2012,8,1,13579,16.33,HOEP (Legacy)
2012-08-30 01:00:00,2012,8,2,13230,-58.6,HOEP (Legacy)
2012-08-30 02:00:00,2012,8,3,12997,12.16,HOEP (Legacy)
2012-08-30 03:00:00,2012,8,4,12924,17.72,HOEP (Legacy)
2012-08-30 04:00:00,2012,8,5,13374,15.73,HOEP (Legacy)
2012-08-30 05:00:00,2012,8,6,14406,28.53,HOEP (Legacy)
2012-08-30 06:00:00,2012,8,7,15240,12.33,HOEP (Legacy)
2012-08-30 07:00:00,2012,8,8,16269,20.65,HOEP (Legacy)
2012-08-30 08:00:00,2012,8,9,17037,19.91,HOEP (Legacy)
2012-08-30 09:00:00,2012,8,10,17801,21.36,HOEP (Legacy)
2012-08-30 10:00:00,2012,8,11,18382,22.42,HOEP (Legacy)
2012-08-30 11:00:00,2012,8,12,18767,22.35,HOEP (Legacy)
2012-08-30 12:00:00,2012,8,13,19215,22.64,HOEP (Legacy)
2012-08-30 13:00:00,2012,8,14,19676,22.71,HOEP (Legacy)
2012-08-30 14:00:00,2012,8,15,20048,23.28,HOEP (Legacy)
2012-08-30 15:00:00,2012,8,16,20460,23.9,HOEP (Legacy)
2012-08-30 16:00:00,2012,8,17,20710,29.35,HOEP (Legacy)
2012-08-30 17:00:00,2012,8,18,20236,24.71,HOEP (Legacy)
2012-08-30 18:00:00,2012,8,19,19787,23.94,HOEP (Legacy)
2012-08-30 19:00:00,2012,8,20,19987,38.68,HOEP (Legacy)
2012-08-30 20:00:00,2012,8,21,19219,29.21,HOEP (Legacy)
2012-08-30 21:00:00,2012,8,22,17875,19.85,HOEP (Legacy)
2012-08-30 22:00:00,2012,8,23,16291,16.39,HOEP (Legacy)
2012-08-30 23:00:00,2012,8,24,15116,17.91,HOEP (Legacy)
2012-08-31 00:00:00,2012,8,1,14361,15.14,HOEP (Legacy)
2012-08-31 01:00:00,2012,8,2,13877,12.83,HOEP (Legacy)
2012-08-31 02:00:00,2012,8,3,13595,10.32,HOEP (Legacy)
2012-08-31 03:00:00,2012,8,4,13588,10.07,HOEP (Legacy)
2012-08-31 04:00:00,2012,8,5,13959,13.42,HOEP (Legacy)
2012-08-31 05:00:00,2012,8,6,14887,14.46,HOEP (Legacy)
2012-08-31 06:00:00,2012,8,7,15822,14.64,HOEP (Legacy)
2012-08-31 07:00:00,2012,8,8,17159,20.87,HOEP (Legacy)
2012-08-31 08:00:00,2012,8,9,18187,22.82,HOEP (Legacy)
2012-08-31 09:00:00,2012,8,10,19012,23.65,HOEP (Legacy)
2012-08-31 10:00:00,2012,8,11,19769,25.02,HOEP (Legacy)
2012-08-31 11:00:00,2012,8,12,20278,26.38,HOEP (Legacy)
2012-08-31 12:00:00,2012,8,13,20969,35.25,HOEP (Legacy)
2012-08-31 13:00:00,2012,8,14,21482,88.76,HOEP (Legacy)
2012-08-31 14:00:00,2012,8,15,21638,54.14,HOEP (Legacy)
2012-08-31 15:00:00,2012,8,16,21768,44.02,HOEP (Legacy)
2012-08-31 16:00:00,2012,8,17,21800,45.45,HOEP (Legacy)
2012-08-31 17:00:00,2012,8,18,21405,44.78,HOEP (Legacy)
2012-08-31 18:00:00,2012,8,19,20909,71.72,HOEP (Legacy)
2012-08-31 19:00:00,2012,8,20,20709,46.38,HOEP (Legacy)
2012-08-31 20:00:00,2012,8,21,19914,24.33,HOEP (Legacy)
2012-08-31 21:00:00,2012,8,22,18277,17.67,HOEP (Legacy)
2012-08-31 22:00:00,2012,8,23,16776,19.66,HOEP (Legacy)
2012-08-31 23:00:00,2012,8,24,15434,16.89,HOEP (Legacy)
2012-09-01 00:00:00,2012,9,1,14465,21.71,HOEP (Legacy)
2012-09-01 01:00:00,2012,9,2,13717,20.46,HOEP (Legacy)
2012-09-01 02:00:00,2012,9,3,13300,17.01,HOEP (Legacy)
2012-09-01 03:00:00,2012,9,4,13070,14.88,HOEP (Legacy)
2012-09-01 04:00:00,2012,9,5,13113,12.88,HOEP (Legacy)
2012-09-01 05:00:00,2012,9,6,13301,14.87,HOEP (Legacy)
2012-09-01 06:00:00,2012,9,7,13695,16.88,HOEP (Legacy)
2012-09-01 07:00:00,2012,9,8,14781,23.16,HOEP (Legacy)
2012-09-01 08:00:00,2012,9,9,16038,28.78,HOEP (Legacy)
2012-09-01 09:00:00,2012,9,10,17008,27.28,HOEP (Legacy)
2012-09-01 10:00:00,2012,9,11,17539,25.37,HOEP (Legacy)
2012-09-01 11:00:00,2012,9,12,17956,24.68,HOEP (Legacy)
2012-09-01 12:00:00,2012,9,13,18169,29.0,HOEP (Legacy)
2012-09-01 13:00:00,2012,9,14,18276,89.33,HOEP (Legacy)
2012-09-01 14:00:00,2012,9,15,18417,70.46,HOEP (Legacy)
2012-09-01 15:00:00,2012,9,16,18470,35.53,HOEP (Legacy)
2012-09-01 16:00:00,2012,9,17,18619,26.15,HOEP (Legacy)
2012-09-01 17:00:00,2012,9,18,18289,23.16,HOEP (Legacy)
2012-09-01 18:00:00,2012,9,19,17612,21.83,HOEP (Legacy)
2012-09-01 19:00:00,2012,9,20,17716,24.07,HOEP (Legacy)
2012-09-01 20:00:00,2012,9,21,17288,22.04,HOEP (Legacy)
2012-09-01 21:00:00,2012,9,22,16127,20.11,HOEP (Legacy)
2012-09-01 22:00:00,2012,9,23,15065,23.39,HOEP (Legacy)
2012-09-01 23:00:00,2012,9,24,14106,22.31,HOEP (Legacy)
2012-09-02 00:00:00,2012,9,1,13268,38.2,HOEP (Legacy)
2012-09-02 01:00:00,2012,9,2,12669,23.42,HOEP (Legacy)
2012-09-02 02:00:00,2012,9,3,12382,15.88,HOEP (Legacy)
2012-09-02 03:00:00,2012,9,4,12227,14.27,HOEP (Legacy)
2012-09-02 04:00:00,2012,9,5,12229,14.08,HOEP (Legacy)
2012-09-02 05:00:00,2012,9,6,12384,11.38,HOEP (Legacy)
2012-09-02 06:00:00,2012,9,7,12578,10.89,HOEP (Legacy)
2012-09-02 07:00:00,2012,9,8,13688,23.89,HOEP (Legacy)
2012-09-02 08:00:00,2012,9,9,14653,19.66,HOEP (Legacy)
2012-09-02 09:00:00,2012,9,10,15590,22.97,HOEP (Legacy)
2012-09-02 10:00:00,2012,9,11,16282,24.15,HOEP (Legacy)
2012-09-02 11:00:00,2012,9,12,16601,23.49,HOEP (Legacy)
2012-09-02 12:00:00,2012,9,13,16848,24.21,HOEP (Legacy)
2012-09-02 13:00:00,2012,9,14,17176,25.66,HOEP (Legacy)
2012-09-02 14:00:00,2012,9,15,17376,25.03,HOEP (Legacy)
2012-09-02 15:00:00,2012,9,16,17802,25.93,HOEP (Legacy)
2012-09-02 16:00:00,2012,9,17,17972,25.22,HOEP (Legacy)
2012-09-02 17:00:00,2012,9,18,17823,23.06,HOEP (Legacy)
2012-09-02 18:00:00,2012,9,19,17287,22.34,HOEP (Legacy)
2012-09-02 19:00:00,2012,9,20,17242,21.69,HOEP (Legacy)
2012-09-02 20:00:00,2012,9,21,16776,22.8,HOEP (Legacy)
2012-09-02 21:00:00,2012,9,22,15782,23.02,HOEP (Legacy)
2012-09-02 22:00:00,2012,9,23,14773,21.29,HOEP (Legacy)
2012-09-02 23:00:00,2012,9,24,13771,21.5,HOEP (Legacy)
2012-09-03 00:00:00,2012,9,1,12900,21.34,HOEP (Legacy)
2012-09-03 01:00:00,2012,9,2,12532,13.48,HOEP (Legacy)
2012-09-03 02:00:00,2012,9,3,12177,14.23,HOEP (Legacy)
2012-09-03 03:00:00,2012,9,4,12039,14.19,HOEP (Legacy)
2012-09-03 04:00:00,2012,9,5,12097,29.17,HOEP (Legacy)
2012-09-03 05:00:00,2012,9,6,12359,18.36,HOEP (Legacy)
2012-09-03 06:00:00,2012,9,7,12545,25.92,HOEP (Legacy)
2012-09-03 07:00:00,2012,9,8,13650,24.75,HOEP (Legacy)
2012-09-03 08:00:00,2012,9,9,14964,66.88,HOEP (Legacy)
2012-09-03 09:00:00,2012,9,10,16208,35.48,HOEP (Legacy)
2012-09-03 10:00:00,2012,9,11,17193,28.9,HOEP (Legacy)
2012-09-03 11:00:00,2012,9,12,17892,26.08,HOEP (Legacy)
2012-09-03 12:00:00,2012,9,13,18422,56.86,HOEP (Legacy)
2012-09-03 13:00:00,2012,9,14,18836,38.34,HOEP (Legacy)
2012-09-03 14:00:00,2012,9,15,19162,37.12,HOEP (Legacy)
2012-09-03 15:00:00,2012,9,16,19769,59.26,HOEP (Legacy)
2012-09-03 16:00:00,2012,9,17,20194,40.24,HOEP (Legacy)
2012-09-03 17:00:00,2012,9,18,19897,44.53,HOEP (Legacy)
2012-09-03 18:00:00,2012,9,19,19437,91.16,HOEP (Legacy)
2012-09-03 19:00:00,2012,9,20,20158,89.95,HOEP (Legacy)
2012-09-03 20:00:00,2012,9,21,19505,51.02,HOEP (Legacy)
2012-09-03 21:00:00,2012,9,22,18209,29.42,HOEP (Legacy)
2012-09-03 22:00:00,2012,9,23,16671,27.84,HOEP (Legacy)
2012-09-03 23:00:00,2012,9,24,15448,22.01,HOEP (Legacy)
2012-09-04 00:00:00,2012,9,1,14887,28.25,HOEP (Legacy)
2012-09-04 01:00:00,2012,9,2,14588,22.17,HOEP (Legacy)
2012-09-04 02:00:00,2012,9,3,14423,21.9,HOEP (Legacy)
2012-09-04 03:00:00,2012,9,4,14371,21.94,HOEP (Legacy)
2012-09-04 04:00:00,2012,9,5,14998,27.03,HOEP (Legacy)
2012-09-04 05:00:00,2012,9,6,16405,25.49,HOEP (Legacy)
2012-09-04 06:00:00,2012,9,7,17741,29.94,HOEP (Legacy)
2012-09-04 07:00:00,2012,9,8,18707,31.62,HOEP (Legacy)
2012-09-04 08:00:00,2012,9,9,19234,38.73,HOEP (Legacy)
2012-09-04 09:00:00,2012,9,10,19832,61.82,HOEP (Legacy)
2012-09-04 10:00:00,2012,9,11,20178,37.64,HOEP (Legacy)
2012-09-04 11:00:00,2012,9,12,20050,29.44,HOEP (Legacy)
2012-09-04 12:00:00,2012,9,13,19886,35.09,HOEP (Legacy)
2012-09-04 13:00:00,2012,9,14,19713,37.79,HOEP (Legacy)
2012-09-04 14:00:00,2012,9,15,19376,31.73,HOEP (Legacy)
2012-09-04 15:00:00,2012,9,16,19472,32.43,HOEP (Legacy)
2012-09-04 16:00:00,2012,9,17,19457,54.07,HOEP (Legacy)
2012-09-04 17:00:00,2012,9,18,19284,36.79,HOEP (Legacy)
2012-09-04 18:00:00,2012,9,19,19163,30.08,HOEP (Legacy)
2012-09-04 19:00:00,2012,9,20,19678,30.24,HOEP (Legacy)
2012-09-04 20:00:00,2012,9,21,19004,29.88,HOEP (Legacy)
2012-09-04 21:00:00,2012,9,22,17492,26.24,HOEP (Legacy)
2012-09-04 22:00:00,2012,9,23,15920,27.23,HOEP (Legacy)
2012-09-04 23:00:00,2012,9,24,14860,22.24,HOEP (Legacy)
2012-09-05 00:00:00,2012,9,1,14119,19.23,HOEP (Legacy)
2012-09-05 01:00:00,2012,9,2,13755,14.71,HOEP (Legacy)
2012-09-05 02:00:00,2012,9,3,13467,18.13,HOEP (Legacy)
2012-09-05 03:00:00,2012,9,4,13393,20.97,HOEP (Legacy)
2012-09-05 04:00:00,2012,9,5,13813,24.75,HOEP (Legacy)
2012-09-05 05:00:00,2012,9,6,15128,25.17,HOEP (Legacy)
2012-09-05 06:00:00,2012,9,7,16357,26.38,HOEP (Legacy)
2012-09-05 07:00:00,2012,9,8,17135,48.97,HOEP (Legacy)
2012-09-05 08:00:00,2012,9,9,17809,57.58,HOEP (Legacy)
2012-09-05 09:00:00,2012,9,10,18546,67.49,HOEP (Legacy)
2012-09-05 10:00:00,2012,9,11,19228,97.15,HOEP (Legacy)
2012-09-05 11:00:00,2012,9,12,19799,97.24,HOEP (Legacy)
2012-09-05 12:00:00,2012,9,13,20214,81.54,HOEP (Legacy)
2012-09-05 13:00:00,2012,9,14,20450,60.8,HOEP (Legacy)
2012-09-05 14:00:00,2012,9,15,20565,52.76,HOEP (Legacy)
2012-09-05 15:00:00,2012,9,16,21022,48.45,HOEP (Legacy)
2012-09-05 16:00:00,2012,9,17,21046,46.11,HOEP (Legacy)
2012-09-05 17:00:00,2012,9,18,20654,41.71,HOEP (Legacy)
2012-09-05 18:00:00,2012,9,19,20463,75.41,HOEP (Legacy)
2012-09-05 19:00:00,2012,9,20,21125,90.31,HOEP (Legacy)
2012-09-05 20:00:00,2012,9,21,20269,55.42,HOEP (Legacy)
2012-09-05 21:00:00,2012,9,22,18848,33.08,HOEP (Legacy)
2012-09-05 22:00:00,2012,9,23,17022,26.15,HOEP (Legacy)
2012-09-05 23:00:00,2012,9,24,15745,21.71,HOEP (Legacy)
2012-09-06 00:00:00,2012,9,1,14978,22.03,HOEP (Legacy)
2012-09-06 01:00:00,2012,9,2,14515,22.88,HOEP (Legacy)
2012-09-06 02:00:00,2012,9,3,14185,24.99,HOEP (Legacy)
2012-09-06 03:00:00,2012,9,4,14225,25.07,HOEP (Legacy)
2012-09-06 04:00:00,2012,9,5,14769,25.86,HOEP (Legacy)
2012-09-06 05:00:00,2012,9,6,16077,30.65,HOEP (Legacy)
2012-09-06 06:00:00,2012,9,7,17344,41.04,HOEP (Legacy)
2012-09-06 07:00:00,2012,9,8,18252,40.48,HOEP (Legacy)
2012-09-06 08:00:00,2012,9,9,18873,63.65,HOEP (Legacy)
2012-09-06 09:00:00,2012,9,10,19446,83.25,HOEP (Legacy)
2012-09-06 10:00:00,2012,9,11,19993,84.48,HOEP (Legacy)
2012-09-06 11:00:00,2012,9,12,20354,110.63,HOEP (Legacy)
2012-09-06 12:00:00,2012,9,13,20820,57.17,HOEP (Legacy)
2012-09-06 13:00:00,2012,9,14,20811,47.55,HOEP (Legacy)
2012-09-06 14:00:00,2012,9,15,20809,43.15,HOEP (Legacy)
2012-09-06 15:00:00,2012,9,16,21167,52.06,HOEP (Legacy)
2012-09-06 16:00:00,2012,9,17,21183,50.42,HOEP (Legacy)
2012-09-06 17:00:00,2012,9,18,20776,51.54,HOEP (Legacy)
2012-09-06 18:00:00,2012,9,19,20419,34.34,HOEP (Legacy)
2012-09-06 19:00:00,2012,9,20,20822,34.34,HOEP (Legacy)
2012-09-06 20:00:00,2012,9,21,19836,44.64,HOEP (Legacy)
2012-09-06 21:00:00,2012,9,22,18212,29.0,HOEP (Legacy)
2012-09-06 22:00:00,2012,9,23,16548,23.85,HOEP (Legacy)
2012-09-06 23:00:00,2012,9,24,15219,20.56,HOEP (Legacy)
2012-09-07 00:00:00,2012,9,1,14460,22.42,HOEP (Legacy)
2012-09-07 01:00:00,2012,9,2,13859,23.05,HOEP (Legacy)
2012-09-07 02:00:00,2012,9,3,13603,25.35,HOEP (Legacy)
2012-09-07 03:00:00,2012,9,4,13649,20.78,HOEP (Legacy)
2012-09-07 04:00:00,2012,9,5,14069,17.94,HOEP (Legacy)
2012-09-07 05:00:00,2012,9,6,15240,22.11,HOEP (Legacy)
2012-09-07 06:00:00,2012,9,7,16326,22.13,HOEP (Legacy)
2012-09-07 07:00:00,2012,9,8,17239,23.22,HOEP (Legacy)
2012-09-07 08:00:00,2012,9,9,17711,28.29,HOEP (Legacy)
2012-09-07 09:00:00,2012,9,10,18291,29.16,HOEP (Legacy)
2012-09-07 10:00:00,2012,9,11,19122,34.27,HOEP (Legacy)
2012-09-07 11:00:00,2012,9,12,19515,41.91,HOEP (Legacy)
2012-09-07 12:00:00,2012,9,13,19727,35.86,HOEP (Legacy)
2012-09-07 13:00:00,2012,9,14,19567,43.62,HOEP (Legacy)
2012-09-07 14:00:00,2012,9,15,19550,37.62,HOEP (Legacy)
2012-09-07 15:00:00,2012,9,16,19757,47.41,HOEP (Legacy)
2012-09-07 16:00:00,2012,9,17,19675,43.09,HOEP (Legacy)
2012-09-07 17:00:00,2012,9,18,19170,31.88,HOEP (Legacy)
2012-09-07 18:00:00,2012,9,19,18955,26.54,HOEP (Legacy)
2012-09-07 19:00:00,2012,9,20,19441,26.27,HOEP (Legacy)
2012-09-07 20:00:00,2012,9,21,18443,23.39,HOEP (Legacy)
2012-09-07 21:00:00,2012,9,22,17195,22.75,HOEP (Legacy)
2012-09-07 22:00:00,2012,9,23,16062,24.14,HOEP (Legacy)
2012-09-07 23:00:00,2012,9,24,14983,24.66,HOEP (Legacy)
2012-09-08 00:00:00,2012,9,1,14246,24.3,HOEP (Legacy)
2012-09-08 01:00:00,2012,9,2,13679,22.76,HOEP (Legacy)
2012-09-08 02:00:00,2012,9,3,13257,22.77,HOEP (Legacy)
2012-09-08 03:00:00,2012,9,4,13138,18.2,HOEP (Legacy)
2012-09-08 04:00:00,2012,9,5,13213,21.02,HOEP (Legacy)
2012-09-08 05:00:00,2012,9,6,13597,21.1,HOEP (Legacy)
2012-09-08 06:00:00,2012,9,7,14245,27.34,HOEP (Legacy)
2012-09-08 07:00:00,2012,9,8,14989,28.09,HOEP (Legacy)
2012-09-08 08:00:00,2012,9,9,15755,24.74,HOEP (Legacy)
2012-09-08 09:00:00,2012,9,10,16071,22.88,HOEP (Legacy)
2012-09-08 10:00:00,2012,9,11,16194,22.1,HOEP (Legacy)
2012-09-08 11:00:00,2012,9,12,16231,22.11,HOEP (Legacy)
2012-09-08 12:00:00,2012,9,13,16194,22.05,HOEP (Legacy)
2012-09-08 13:00:00,2012,9,14,15940,22.25,HOEP (Legacy)
2012-09-08 14:00:00,2012,9,15,15866,24.34,HOEP (Legacy)
2012-09-08 15:00:00,2012,9,16,15818,23.94,HOEP (Legacy)
2012-09-08 16:00:00,2012,9,17,15902,23.7,HOEP (Legacy)
2012-09-08 17:00:00,2012,9,18,15778,22.01,HOEP (Legacy)
2012-09-08 18:00:00,2012,9,19,15440,21.98,HOEP (Legacy)
2012-09-08 19:00:00,2012,9,20,15750,22.0,HOEP (Legacy)
2012-09-08 20:00:00,2012,9,21,15178,21.77,HOEP (Legacy)
2012-09-08 21:00:00,2012,9,22,14409,20.44,HOEP (Legacy)
2012-09-08 22:00:00,2012,9,23,13409,20.35,HOEP (Legacy)
2012-09-08 23:00:00,2012,9,24,12583,17.92,HOEP (Legacy)
2012-09-09 00:00:00,2012,9,1,12044,18.14,HOEP (Legacy)
2012-09-09 01:00:00,2012,9,2,11665,16.97,HOEP (Legacy)
2012-09-09 02:00:00,2012,9,3,11472,20.97,HOEP (Legacy)
2012-09-09 03:00:00,2012,9,4,11471,14.35,HOEP (Legacy)
2012-09-09 04:00:00,2012,9,5,11537,14.41,HOEP (Legacy)
2012-09-09 05:00:00,2012,9,6,11750,18.76,HOEP (Legacy)
2012-09-09 06:00:00,2012,9,7,12022,19.56,HOEP (Legacy)
2012-09-09 07:00:00,2012,9,8,12874,22.9,HOEP (Legacy)
2012-09-09 08:00:00,2012,9,9,13537,26.7,HOEP (Legacy)
2012-09-09 09:00:00,2012,9,10,14102,25.17,HOEP (Legacy)
2012-09-09 10:00:00,2012,9,11,14467,43.89,HOEP (Legacy)
2012-09-09 11:00:00,2012,9,12,14625,21.18,HOEP (Legacy)
2012-09-09 12:00:00,2012,9,13,14678,21.51,HOEP (Legacy)
2012-09-09 13:00:00,2012,9,14,14663,21.37,HOEP (Legacy)
2012-09-09 14:00:00,2012,9,15,14643,21.93,HOEP (Legacy)
2012-09-09 15:00:00,2012,9,16,14828,21.93,HOEP (Legacy)
2012-09-09 16:00:00,2012,9,17,15191,21.97,HOEP (Legacy)
2012-09-09 17:00:00,2012,9,18,15197,21.83,HOEP (Legacy)
2012-09-09 18:00:00,2012,9,19,15424,38.6,HOEP (Legacy)
2012-09-09 19:00:00,2012,9,20,15734,52.03,HOEP (Legacy)
2012-09-09 20:00:00,2012,9,21,15335,68.79,HOEP (Legacy)
2012-09-09 21:00:00,2012,9,22,14307,35.31,HOEP (Legacy)
2012-09-09 22:00:00,2012,9,23,13421,30.97,HOEP (Legacy)
2012-09-09 23:00:00,2012,9,24,12612,20.17,HOEP (Legacy)
2012-09-10 00:00:00,2012,9,1,12221,21.0,HOEP (Legacy)
2012-09-10 01:00:00,2012,9,2,12036,18.74,HOEP (Legacy)
2012-09-10 02:00:00,2012,9,3,11869,15.51,HOEP (Legacy)
2012-09-10 03:00:00,2012,9,4,11932,14.27,HOEP (Legacy)
2012-09-10 04:00:00,2012,9,5,12452,14.02,HOEP (Legacy)
2012-09-10 05:00:00,2012,9,6,13817,20.26,HOEP (Legacy)
2012-09-10 06:00:00,2012,9,7,14953,20.47,HOEP (Legacy)
2012-09-10 07:00:00,2012,9,8,15488,20.81,HOEP (Legacy)
2012-09-10 08:00:00,2012,9,9,15879,20.99,HOEP (Legacy)
2012-09-10 09:00:00,2012,9,10,16171,21.1,HOEP (Legacy)
2012-09-10 10:00:00,2012,9,11,16364,21.87,HOEP (Legacy)
2012-09-10 11:00:00,2012,9,12,16532,20.96,HOEP (Legacy)
2012-09-10 12:00:00,2012,9,13,16650,21.31,HOEP (Legacy)
2012-09-10 13:00:00,2012,9,14,16688,21.05,HOEP (Legacy)
2012-09-10 14:00:00,2012,9,15,16801,21.32,HOEP (Legacy)
2012-09-10 15:00:00,2012,9,16,16955,21.77,HOEP (Legacy)
2012-09-10 16:00:00,2012,9,17,17141,22.13,HOEP (Legacy)
2012-09-10 17:00:00,2012,9,18,17037,20.86,HOEP (Legacy)
2012-09-10 18:00:00,2012,9,19,17137,22.2,HOEP (Legacy)
2012-09-10 19:00:00,2012,9,20,17498,29.35,HOEP (Legacy)
2012-09-10 20:00:00,2012,9,21,16746,23.3,HOEP (Legacy)
2012-09-10 21:00:00,2012,9,22,15489,18.42,HOEP (Legacy)
2012-09-10 22:00:00,2012,9,23,14105,18.09,HOEP (Legacy)
2012-09-10 23:00:00,2012,9,24,13260,12.92,HOEP (Legacy)
2012-09-11 00:00:00,2012,9,1,12694,15.29,HOEP (Legacy)
2012-09-11 01:00:00,2012,9,2,12421,12.93,HOEP (Legacy)
2012-09-11 02:00:00,2012,9,3,12284,3.91,HOEP (Legacy)
2012-09-11 03:00:00,2012,9,4,12253,3.77,HOEP (Legacy)
2012-09-11 04:00:00,2012,9,5,12777,6.87,HOEP (Legacy)
2012-09-11 05:00:00,2012,9,6,13977,21.09,HOEP (Legacy)
2012-09-11 06:00:00,2012,9,7,15116,20.9,HOEP (Legacy)
2012-09-11 07:00:00,2012,9,8,15718,21.53,HOEP (Legacy)
2012-09-11 08:00:00,2012,9,9,16014,21.53,HOEP (Legacy)
2012-09-11 09:00:00,2012,9,10,16384,21.63,HOEP (Legacy)
2012-09-11 10:00:00,2012,9,11,16707,22.04,HOEP (Legacy)
2012-09-11 11:00:00,2012,9,12,16784,22.1,HOEP (Legacy)
2012-09-11 12:00:00,2012,9,13,17018,23.02,HOEP (Legacy)
2012-09-11 13:00:00,2012,9,14,17059,22.35,HOEP (Legacy)
2012-09-11 14:00:00,2012,9,15,17370,25.26,HOEP (Legacy)
2012-09-11 15:00:00,2012,9,16,17788,26.13,HOEP (Legacy)
2012-09-11 16:00:00,2012,9,17,17808,27.15,HOEP (Legacy)
2012-09-11 17:00:00,2012,9,18,17481,22.01,HOEP (Legacy)
2012-09-11 18:00:00,2012,9,19,17617,24.22,HOEP (Legacy)
2012-09-11 19:00:00,2012,9,20,18205,26.24,HOEP (Legacy)
2012-09-11 20:00:00,2012,9,21,17411,25.2,HOEP (Legacy)
2012-09-11 21:00:00,2012,9,22,16033,20.94,HOEP (Legacy)
2012-09-11 22:00:00,2012,9,23,14675,19.06,HOEP (Legacy)
2012-09-11 23:00:00,2012,9,24,13647,14.76,HOEP (Legacy)
2012-09-12 00:00:00,2012,9,1,13121,16.68,HOEP (Legacy)
2012-09-12 01:00:00,2012,9,2,12827,16.68,HOEP (Legacy)
2012-09-12 02:00:00,2012,9,3,12617,16.04,HOEP (Legacy)
2012-09-12 03:00:00,2012,9,4,12616,14.28,HOEP (Legacy)
2012-09-12 04:00:00,2012,9,5,13208,14.48,HOEP (Legacy)
2012-09-12 05:00:00,2012,9,6,14328,21.05,HOEP (Legacy)
2012-09-12 06:00:00,2012,9,7,15582,21.43,HOEP (Legacy)
2012-09-12 07:00:00,2012,9,8,16275,22.1,HOEP (Legacy)
2012-09-12 08:00:00,2012,9,9,16749,22.1,HOEP (Legacy)
2012-09-12 09:00:00,2012,9,10,17341,22.1,HOEP (Legacy)
2012-09-12 10:00:00,2012,9,11,17720,22.08,HOEP (Legacy)
2012-09-12 11:00:00,2012,9,12,17926,22.37,HOEP (Legacy)
2012-09-12 12:00:00,2012,9,13,18376,22.96,HOEP (Legacy)
2012-09-12 13:00:00,2012,9,14,18488,23.63,HOEP (Legacy)
2012-09-12 14:00:00,2012,9,15,18740,26.52,HOEP (Legacy)
2012-09-12 15:00:00,2012,9,16,19201,30.71,HOEP (Legacy)
2012-09-12 16:00:00,2012,9,17,19345,34.19,HOEP (Legacy)
2012-09-12 17:00:00,2012,9,18,18829,26.8,HOEP (Legacy)
2012-09-12 18:00:00,2012,9,19,18766,34.13,HOEP (Legacy)
2012-09-12 19:00:00,2012,9,20,19090,29.69,HOEP (Legacy)
2012-09-12 20:00:00,2012,9,21,18165,23.56,HOEP (Legacy)
2012-09-12 21:00:00,2012,9,22,16555,22.15,HOEP (Legacy)
2012-09-12 22:00:00,2012,9,23,15214,19.06,HOEP (Legacy)
2012-09-12 23:00:00,2012,9,24,14103,17.66,HOEP (Legacy)
2012-09-13 00:00:00,2012,9,1,13394,20.73,HOEP (Legacy)
2012-09-13 01:00:00,2012,9,2,13010,20.98,HOEP (Legacy)
2012-09-13 02:00:00,2012,9,3,12732,18.81,HOEP (Legacy)
2012-09-13 03:00:00,2012,9,4,12790,14.92,HOEP (Legacy)
2012-09-13 04:00:00,2012,9,5,13422,15.48,HOEP (Legacy)
2012-09-13 05:00:00,2012,9,6,14724,23.43,HOEP (Legacy)
2012-09-13 06:00:00,2012,9,7,15899,23.49,HOEP (Legacy)
2012-09-13 07:00:00,2012,9,8,16640,24.24,HOEP (Legacy)
2012-09-13 08:00:00,2012,9,9,17442,24.34,HOEP (Legacy)
2012-09-13 09:00:00,2012,9,10,18082,25.72,HOEP (Legacy)
2012-09-13 10:00:00,2012,9,11,18550,27.38,HOEP (Legacy)
2012-09-13 11:00:00,2012,9,12,19013,27.42,HOEP (Legacy)
2012-09-13 12:00:00,2012,9,13,19289,29.71,HOEP (Legacy)
2012-09-13 13:00:00,2012,9,14,19480,29.61,HOEP (Legacy)
2012-09-13 14:00:00,2012,9,15,19818,32.89,HOEP (Legacy)
2012-09-13 15:00:00,2012,9,16,20078,33.66,HOEP (Legacy)
2012-09-13 16:00:00,2012,9,17,19953,35.1,HOEP (Legacy)
2012-09-13 17:00:00,2012,9,18,19481,26.52,HOEP (Legacy)
2012-09-13 18:00:00,2012,9,19,19477,28.01,HOEP (Legacy)
2012-09-13 19:00:00,2012,9,20,19882,28.35,HOEP (Legacy)
2012-09-13 20:00:00,2012,9,21,19017,25.95,HOEP (Legacy)
2012-09-13 21:00:00,2012,9,22,17523,24.0,HOEP (Legacy)
2012-09-13 22:00:00,2012,9,23,15877,23.21,HOEP (Legacy)
2012-09-13 23:00:00,2012,9,24,14771,20.84,HOEP (Legacy)
2012-09-14 00:00:00,2012,9,1,13974,25.78,HOEP (Legacy)
2012-09-14 01:00:00,2012,9,2,13507,22.73,HOEP (Legacy)
2012-09-14 02:00:00,2012,9,3,13312,22.05,HOEP (Legacy)
2012-09-14 03:00:00,2012,9,4,13264,22.06,HOEP (Legacy)
2012-09-14 04:00:00,2012,9,5,13683,19.93,HOEP (Legacy)
2012-09-14 05:00:00,2012,9,6,15013,25.28,HOEP (Legacy)
2012-09-14 06:00:00,2012,9,7,16152,26.02,HOEP (Legacy)
2012-09-14 07:00:00,2012,9,8,16677,25.58,HOEP (Legacy)
2012-09-14 08:00:00,2012,9,9,17100,25.89,HOEP (Legacy)
2012-09-14 09:00:00,2012,9,10,17464,26.68,HOEP (Legacy)
2012-09-14 10:00:00,2012,9,11,17566,27.5,HOEP (Legacy)
2012-09-14 11:00:00,2012,9,12,17418,27.66,HOEP (Legacy)
2012-09-14 12:00:00,2012,9,13,17325,30.39,HOEP (Legacy)
2012-09-14 13:00:00,2012,9,14,17021,28.8,HOEP (Legacy)
2012-09-14 14:00:00,2012,9,15,16571,27.08,HOEP (Legacy)
2012-09-14 15:00:00,2012,9,16,16683,24.25,HOEP (Legacy)
2012-09-14 16:00:00,2012,9,17,16508,23.62,HOEP (Legacy)
2012-09-14 17:00:00,2012,9,18,16348,23.42,HOEP (Legacy)
2012-09-14 18:00:00,2012,9,19,16449,23.87,HOEP (Legacy)
2012-09-14 19:00:00,2012,9,20,16847,23.97,HOEP (Legacy)
2012-09-14 20:00:00,2012,9,21,16058,23.25,HOEP (Legacy)
2012-09-14 21:00:00,2012,9,22,15085,20.81,HOEP (Legacy)
2012-09-14 22:00:00,2012,9,23,13864,23.61,HOEP (Legacy)
2012-09-14 23:00:00,2012,9,24,12846,23.03,HOEP (Legacy)
2012-09-15 00:00:00,2012,9,1,12270,20.95,HOEP (Legacy)
2012-09-15 01:00:00,2012,9,2,11930,17.26,HOEP (Legacy)
2012-09-15 02:00:00,2012,9,3,11767,17.93,HOEP (Legacy)
2012-09-15 03:00:00,2012,9,4,11729,18.21,HOEP (Legacy)
2012-09-15 04:00:00,2012,9,5,11827,22.85,HOEP (Legacy)
2012-09-15 05:00:00,2012,9,6,12210,23.31,HOEP (Legacy)
2012-09-15 06:00:00,2012,9,7,12579,22.4,HOEP (Legacy)
2012-09-15 07:00:00,2012,9,8,13487,23.31,HOEP (Legacy)
2012-09-15 08:00:00,2012,9,9,14328,23.58,HOEP (Legacy)
2012-09-15 09:00:00,2012,9,10,14724,23.24,HOEP (Legacy)
2012-09-15 10:00:00,2012,9,11,14883,22.68,HOEP (Legacy)
2012-09-15 11:00:00,2012,9,12,14940,22.68,HOEP (Legacy)
2012-09-15 12:00:00,2012,9,13,14808,22.67,HOEP (Legacy)
2012-09-15 13:00:00,2012,9,14,14707,22.45,HOEP (Legacy)
2012-09-15 14:00:00,2012,9,15,14565,22.37,HOEP (Legacy)
2012-09-15 15:00:00,2012,9,16,14634,22.37,HOEP (Legacy)
2012-09-15 16:00:00,2012,9,17,14856,22.42,HOEP (Legacy)
2012-09-15 17:00:00,2012,9,18,14829,22.37,HOEP (Legacy)
2012-09-15 18:00:00,2012,9,19,14997,22.36,HOEP (Legacy)
2012-09-15 19:00:00,2012,9,20,15469,22.33,HOEP (Legacy)
2012-09-15 20:00:00,2012,9,21,14694,22.38,HOEP (Legacy)
2012-09-15 21:00:00,2012,9,22,13999,21.57,HOEP (Legacy)
2012-09-15 22:00:00,2012,9,23,13040,24.02,HOEP (Legacy)
2012-09-15 23:00:00,2012,9,24,12221,18.41,HOEP (Legacy)
2012-09-16 00:00:00,2012,9,1,11774,30.93,HOEP (Legacy)
2012-09-16 01:00:00,2012,9,2,11484,23.92,HOEP (Legacy)
2012-09-16 02:00:00,2012,9,3,11290,14.8,HOEP (Legacy)
2012-09-16 03:00:00,2012,9,4,11257,20.16,HOEP (Legacy)
2012-09-16 04:00:00,2012,9,5,11382,20.1,HOEP (Legacy)
2012-09-16 05:00:00,2012,9,6,11684,22.31,HOEP (Legacy)
2012-09-16 06:00:00,2012,9,7,11944,18.14,HOEP (Legacy)
2012-09-16 07:00:00,2012,9,8,12648,19.15,HOEP (Legacy)
2012-09-16 08:00:00,2012,9,9,13341,23.02,HOEP (Legacy)
2012-09-16 09:00:00,2012,9,10,13853,23.18,HOEP (Legacy)
2012-09-16 10:00:00,2012,9,11,14022,21.49,HOEP (Legacy)
2012-09-16 11:00:00,2012,9,12,14116,21.18,HOEP (Legacy)
2012-09-16 12:00:00,2012,9,13,14203,21.29,HOEP (Legacy)
2012-09-16 13:00:00,2012,9,14,14193,21.17,HOEP (Legacy)
2012-09-16 14:00:00,2012,9,15,14334,21.25,HOEP (Legacy)
2012-09-16 15:00:00,2012,9,16,14800,22.36,HOEP (Legacy)
2012-09-16 16:00:00,2012,9,17,15277,30.7,HOEP (Legacy)
2012-09-16 17:00:00,2012,9,18,15417,27.7,HOEP (Legacy)
2012-09-16 18:00:00,2012,9,19,15711,27.34,HOEP (Legacy)
2012-09-16 19:00:00,2012,9,20,15985,36.5,HOEP (Legacy)
2012-09-16 20:00:00,2012,9,21,15476,28.15,HOEP (Legacy)
2012-09-16 21:00:00,2012,9,22,14369,22.25,HOEP (Legacy)
2012-09-16 22:00:00,2012,9,23,13316,19.11,HOEP (Legacy)
2012-09-16 23:00:00,2012,9,24,12556,5.04,HOEP (Legacy)
2012-09-17 00:00:00,2012,9,1,12113,16.75,HOEP (Legacy)
2012-09-17 01:00:00,2012,9,2,11813,24.16,HOEP (Legacy)
2012-09-17 02:00:00,2012,9,3,11772,14.4,HOEP (Legacy)
2012-09-17 03:00:00,2012,9,4,11926,14.53,HOEP (Legacy)
2012-09-17 04:00:00,2012,9,5,12467,17.22,HOEP (Legacy)
2012-09-17 05:00:00,2012,9,6,13905,21.27,HOEP (Legacy)
2012-09-17 06:00:00,2012,9,7,15193,22.92,HOEP (Legacy)
2012-09-17 07:00:00,2012,9,8,15725,21.5,HOEP (Legacy)
2012-09-17 08:00:00,2012,9,9,16164,23.3,HOEP (Legacy)
2012-09-17 09:00:00,2012,9,10,16717,23.55,HOEP (Legacy)
2012-09-17 10:00:00,2012,9,11,16978,23.03,HOEP (Legacy)
2012-09-17 11:00:00,2012,9,12,17109,23.26,HOEP (Legacy)
2012-09-17 12:00:00,2012,9,13,17174,26.96,HOEP (Legacy)
2012-09-17 13:00:00,2012,9,14,17275,26.56,HOEP (Legacy)
2012-09-17 14:00:00,2012,9,15,17313,30.24,HOEP (Legacy)
2012-09-17 15:00:00,2012,9,16,17699,29.81,HOEP (Legacy)
2012-09-17 16:00:00,2012,9,17,17741,31.48,HOEP (Legacy)
2012-09-17 17:00:00,2012,9,18,17288,23.23,HOEP (Legacy)
2012-09-17 18:00:00,2012,9,19,17485,26.17,HOEP (Legacy)
2012-09-17 19:00:00,2012,9,20,17899,22.74,HOEP (Legacy)
2012-09-17 20:00:00,2012,9,21,16886,22.38,HOEP (Legacy)
2012-09-17 21:00:00,2012,9,22,15611,21.55,HOEP (Legacy)
2012-09-17 22:00:00,2012,9,23,14294,19.07,HOEP (Legacy)
2012-09-17 23:00:00,2012,9,24,13303,9.83,HOEP (Legacy)
2012-09-18 00:00:00,2012,9,1,12806,20.45,HOEP (Legacy)
2012-09-18 01:00:00,2012,9,2,12476,14.4,HOEP (Legacy)
2012-09-18 02:00:00,2012,9,3,12332,14.4,HOEP (Legacy)
2012-09-18 03:00:00,2012,9,4,12477,17.79,HOEP (Legacy)
2012-09-18 04:00:00,2012,9,5,13106,20.61,HOEP (Legacy)
2012-09-18 05:00:00,2012,9,6,14604,31.41,HOEP (Legacy)
2012-09-18 06:00:00,2012,9,7,16204,25.71,HOEP (Legacy)
2012-09-18 07:00:00,2012,9,8,16791,27.74,HOEP (Legacy)
2012-09-18 08:00:00,2012,9,9,17353,28.56,HOEP (Legacy)
2012-09-18 09:00:00,2012,9,10,17426,27.15,HOEP (Legacy)
2012-09-18 10:00:00,2012,9,11,17377,28.81,HOEP (Legacy)
2012-09-18 11:00:00,2012,9,12,17196,27.3,HOEP (Legacy)
2012-09-18 12:00:00,2012,9,13,17121,28.08,HOEP (Legacy)
2012-09-18 13:00:00,2012,9,14,16728,24.52,HOEP (Legacy)
2012-09-18 14:00:00,2012,9,15,16570,24.29,HOEP (Legacy)
2012-09-18 15:00:00,2012,9,16,16709,24.5,HOEP (Legacy)
2012-09-18 16:00:00,2012,9,17,16745,23.89,HOEP (Legacy)
2012-09-18 17:00:00,2012,9,18,16404,22.47,HOEP (Legacy)
2012-09-18 18:00:00,2012,9,19,16707,23.94,HOEP (Legacy)
2012-09-18 19:00:00,2012,9,20,17201,23.44,HOEP (Legacy)
2012-09-18 20:00:00,2012,9,21,16349,22.56,HOEP (Legacy)
2012-09-18 21:00:00,2012,9,22,15136,21.22,HOEP (Legacy)
2012-09-18 22:00:00,2012,9,23,13852,20.43,HOEP (Legacy)
2012-09-18 23:00:00,2012,9,24,12880,13.49,HOEP (Legacy)
2012-09-19 00:00:00,2012,9,1,12502,14.8,HOEP (Legacy)
2012-09-19 01:00:00,2012,9,2,12313,14.91,HOEP (Legacy)
2012-09-19 02:00:00,2012,9,3,12041,15.95,HOEP (Legacy)
2012-09-19 03:00:00,2012,9,4,12089,14.3,HOEP (Legacy)
2012-09-19 04:00:00,2012,9,5,12553,13.05,HOEP (Legacy)
2012-09-19 05:00:00,2012,9,6,14022,22.52,HOEP (Legacy)
2012-09-19 06:00:00,2012,9,7,15442,21.85,HOEP (Legacy)
2012-09-19 07:00:00,2012,9,8,15748,22.76,HOEP (Legacy)
2012-09-19 08:00:00,2012,9,9,15897,22.67,HOEP (Legacy)
2012-09-19 09:00:00,2012,9,10,15951,22.35,HOEP (Legacy)
2012-09-19 10:00:00,2012,9,11,15979,21.54,HOEP (Legacy)
2012-09-19 11:00:00,2012,9,12,15993,21.46,HOEP (Legacy)
2012-09-19 12:00:00,2012,9,13,16022,22.41,HOEP (Legacy)
2012-09-19 13:00:00,2012,9,14,15931,21.63,HOEP (Legacy)
2012-09-19 14:00:00,2012,9,15,15866,20.92,HOEP (Legacy)
2012-09-19 15:00:00,2012,9,16,16079,21.0,HOEP (Legacy)
2012-09-19 16:00:00,2012,9,17,16266,22.8,HOEP (Legacy)
2012-09-19 17:00:00,2012,9,18,16282,20.95,HOEP (Legacy)
2012-09-19 18:00:00,2012,9,19,16779,56.09,HOEP (Legacy)
2012-09-19 19:00:00,2012,9,20,17080,21.31,HOEP (Legacy)
2012-09-19 20:00:00,2012,9,21,16201,19.94,HOEP (Legacy)
2012-09-19 21:00:00,2012,9,22,15107,15.83,HOEP (Legacy)
2012-09-19 22:00:00,2012,9,23,13965,-37.72,HOEP (Legacy)
2012-09-19 23:00:00,2012,9,24,13006,-108.51,HOEP (Legacy)
2012-09-20 00:00:00,2012,9,1,12521,-106.02,HOEP (Legacy)
2012-09-20 01:00:00,2012,9,2,12232,-106.11,HOEP (Legacy)
2012-09-20 02:00:00,2012,9,3,12061,3.53,HOEP (Legacy)
2012-09-20 03:00:00,2012,9,4,12144,3.48,HOEP (Legacy)
2012-09-20 04:00:00,2012,9,5,12589,10.49,HOEP (Legacy)
2012-09-20 05:00:00,2012,9,6,14010,15.86,HOEP (Legacy)
2012-09-20 06:00:00,2012,9,7,15160,23.56,HOEP (Legacy)
2012-09-20 07:00:00,2012,9,8,15641,20.95,HOEP (Legacy)
2012-09-20 08:00:00,2012,9,9,15827,20.26,HOEP (Legacy)
2012-09-20 09:00:00,2012,9,10,16162,20.46,HOEP (Legacy)
2012-09-20 10:00:00,2012,9,11,16272,20.56,HOEP (Legacy)
2012-09-20 11:00:00,2012,9,12,16231,23.82,HOEP (Legacy)
2012-09-20 12:00:00,2012,9,13,16236,38.18,HOEP (Legacy)
2012-09-20 13:00:00,2012,9,14,16194,28.36,HOEP (Legacy)
2012-09-20 14:00:00,2012,9,15,16070,27.01,HOEP (Legacy)
2012-09-20 15:00:00,2012,9,16,16285,30.39,HOEP (Legacy)
2012-09-20 16:00:00,2012,9,17,16500,26.69,HOEP (Legacy)
2012-09-20 17:00:00,2012,9,18,16549,25.85,HOEP (Legacy)
2012-09-20 18:00:00,2012,9,19,17221,177.31,HOEP (Legacy)
2012-09-20 19:00:00,2012,9,20,17060,29.98,HOEP (Legacy)
2012-09-20 20:00:00,2012,9,21,16431,24.08,HOEP (Legacy)
2012-09-20 21:00:00,2012,9,22,15384,20.22,HOEP (Legacy)
2012-09-20 22:00:00,2012,9,23,14037,52.61,HOEP (Legacy)
2012-09-20 23:00:00,2012,9,24,13085,24.35,HOEP (Legacy)
2012-09-21 00:00:00,2012,9,1,12506,21.55,HOEP (Legacy)
2012-09-21 01:00:00,2012,9,2,12379,14.41,HOEP (Legacy)
2012-09-21 02:00:00,2012,9,3,12158,14.39,HOEP (Legacy)
2012-09-21 03:00:00,2012,9,4,12224,14.87,HOEP (Legacy)
2012-09-21 04:00:00,2012,9,5,12694,28.03,HOEP (Legacy)
2012-09-21 05:00:00,2012,9,6,14008,49.91,HOEP (Legacy)
2012-09-21 06:00:00,2012,9,7,15314,24.48,HOEP (Legacy)
2012-09-21 07:00:00,2012,9,8,15787,22.1,HOEP (Legacy)
2012-09-21 08:00:00,2012,9,9,16004,25.13,HOEP (Legacy)
2012-09-21 09:00:00,2012,9,10,16102,21.82,HOEP (Legacy)
2012-09-21 10:00:00,2012,9,11,16213,23.55,HOEP (Legacy)
2012-09-21 11:00:00,2012,9,12,16144,23.5,HOEP (Legacy)
2012-09-21 12:00:00,2012,9,13,16169,21.93,HOEP (Legacy)
2012-09-21 13:00:00,2012,9,14,16101,21.56,HOEP (Legacy)
2012-09-21 14:00:00,2012,9,15,15939,47.11,HOEP (Legacy)
2012-09-21 15:00:00,2012,9,16,15984,24.79,HOEP (Legacy)
2012-09-21 16:00:00,2012,9,17,16020,22.04,HOEP (Legacy)
2012-09-21 17:00:00,2012,9,18,15890,20.41,HOEP (Legacy)
2012-09-21 18:00:00,2012,9,19,16376,21.73,HOEP (Legacy)
2012-09-21 19:00:00,2012,9,20,16544,21.42,HOEP (Legacy)
2012-09-21 20:00:00,2012,9,21,15916,21.04,HOEP (Legacy)
2012-09-21 21:00:00,2012,9,22,14938,29.64,HOEP (Legacy)
2012-09-21 22:00:00,2012,9,23,13774,34.3,HOEP (Legacy)
2012-09-21 23:00:00,2012,9,24,12793,20.6,HOEP (Legacy)
2012-09-22 00:00:00,2012,9,1,12347,54.46,HOEP (Legacy)
2012-09-22 01:00:00,2012,9,2,11906,32.03,HOEP (Legacy)
2012-09-22 02:00:00,2012,9,3,11824,16.88,HOEP (Legacy)
2012-09-22 03:00:00,2012,9,4,11794,14.75,HOEP (Legacy)
2012-09-22 04:00:00,2012,9,5,11997,10.77,HOEP (Legacy)
2012-09-22 05:00:00,2012,9,6,12377,18.15,HOEP (Legacy)
2012-09-22 06:00:00,2012,9,7,12966,12.72,HOEP (Legacy)
2012-09-22 07:00:00,2012,9,8,13788,20.7,HOEP (Legacy)
2012-09-22 08:00:00,2012,9,9,14432,24.9,HOEP (Legacy)
2012-09-22 09:00:00,2012,9,10,14765,24.59,HOEP (Legacy)
2012-09-22 10:00:00,2012,9,11,14889,22.01,HOEP (Legacy)
2012-09-22 11:00:00,2012,9,12,14894,21.43,HOEP (Legacy)
2012-09-22 12:00:00,2012,9,13,14721,21.12,HOEP (Legacy)
2012-09-22 13:00:00,2012,9,14,14493,21.31,HOEP (Legacy)
2012-09-22 14:00:00,2012,9,15,14373,21.29,HOEP (Legacy)
2012-09-22 15:00:00,2012,9,16,14396,21.43,HOEP (Legacy)
2012-09-22 16:00:00,2012,9,17,14623,28.06,HOEP (Legacy)
2012-09-22 17:00:00,2012,9,18,14574,21.13,HOEP (Legacy)
2012-09-22 18:00:00,2012,9,19,15005,24.76,HOEP (Legacy)
2012-09-22 19:00:00,2012,9,20,14963,21.64,HOEP (Legacy)
2012-09-22 20:00:00,2012,9,21,14221,19.91,HOEP (Legacy)
2012-09-22 21:00:00,2012,9,22,13539,20.58,HOEP (Legacy)
2012-09-22 22:00:00,2012,9,23,12764,19.82,HOEP (Legacy)
2012-09-22 23:00:00,2012,9,24,12035,14.26,HOEP (Legacy)
2012-09-23 00:00:00,2012,9,1,11542,13.42,HOEP (Legacy)
2012-09-23 01:00:00,2012,9,2,11186,12.39,HOEP (Legacy)
2012-09-23 02:00:00,2012,9,3,11092,12.31,HOEP (Legacy)
2012-09-23 03:00:00,2012,9,4,11012,12.37,HOEP (Legacy)
2012-09-23 04:00:00,2012,9,5,11133,12.4,HOEP (Legacy)
2012-09-23 05:00:00,2012,9,6,11557,14.37,HOEP (Legacy)
2012-09-23 06:00:00,2012,9,7,11878,15.6,HOEP (Legacy)
2012-09-23 07:00:00,2012,9,8,12728,21.66,HOEP (Legacy)
2012-09-23 08:00:00,2012,9,9,13423,23.21,HOEP (Legacy)
2012-09-23 09:00:00,2012,9,10,13726,22.85,HOEP (Legacy)
2012-09-23 10:00:00,2012,9,11,13992,20.95,HOEP (Legacy)
2012-09-23 11:00:00,2012,9,12,14140,22.9,HOEP (Legacy)
2012-09-23 12:00:00,2012,9,13,14081,25.92,HOEP (Legacy)
2012-09-23 13:00:00,2012,9,14,13936,23.44,HOEP (Legacy)
2012-09-23 14:00:00,2012,9,15,14008,20.56,HOEP (Legacy)
2012-09-23 15:00:00,2012,9,16,14304,21.94,HOEP (Legacy)
2012-09-23 16:00:00,2012,9,17,14624,21.99,HOEP (Legacy)
2012-09-23 17:00:00,2012,9,18,14809,22.22,HOEP (Legacy)
2012-09-23 18:00:00,2012,9,19,15435,23.85,HOEP (Legacy)
2012-09-23 19:00:00,2012,9,20,15475,23.96,HOEP (Legacy)
2012-09-23 20:00:00,2012,9,21,14950,23.88,HOEP (Legacy)
2012-09-23 21:00:00,2012,9,22,13894,18.83,HOEP (Legacy)
2012-09-23 22:00:00,2012,9,23,12918,20.1,HOEP (Legacy)
2012-09-23 23:00:00,2012,9,24,12239,18.26,HOEP (Legacy)
2012-09-24 00:00:00,2012,9,1,11788,27.08,HOEP (Legacy)
2012-09-24 01:00:00,2012,9,2,11617,14.09,HOEP (Legacy)
2012-09-24 02:00:00,2012,9,3,11632,14.1,HOEP (Legacy)
2012-09-24 03:00:00,2012,9,4,11900,14.09,HOEP (Legacy)
2012-09-24 04:00:00,2012,9,5,12553,21.24,HOEP (Legacy)
2012-09-24 05:00:00,2012,9,6,13938,23.54,HOEP (Legacy)
2012-09-24 06:00:00,2012,9,7,15129,25.17,HOEP (Legacy)
2012-09-24 07:00:00,2012,9,8,15610,22.81,HOEP (Legacy)
2012-09-24 08:00:00,2012,9,9,15733,23.4,HOEP (Legacy)
2012-09-24 09:00:00,2012,9,10,15757,23.3,HOEP (Legacy)
2012-09-24 10:00:00,2012,9,11,15890,20.74,HOEP (Legacy)
2012-09-24 11:00:00,2012,9,12,15702,20.54,HOEP (Legacy)
2012-09-24 12:00:00,2012,9,13,15780,18.94,HOEP (Legacy)
2012-09-24 13:00:00,2012,9,14,15715,16.48,HOEP (Legacy)
2012-09-24 14:00:00,2012,9,15,15869,16.92,HOEP (Legacy)
2012-09-24 15:00:00,2012,9,16,16113,16.5,HOEP (Legacy)
2012-09-24 16:00:00,2012,9,17,16260,19.25,HOEP (Legacy)
2012-09-24 17:00:00,2012,9,18,16306,15.7,HOEP (Legacy)
2012-09-24 18:00:00,2012,9,19,17001,21.21,HOEP (Legacy)
2012-09-24 19:00:00,2012,9,20,17212,20.35,HOEP (Legacy)
2012-09-24 20:00:00,2012,9,21,16417,18.93,HOEP (Legacy)
2012-09-24 21:00:00,2012,9,22,15154,3.75,HOEP (Legacy)
2012-09-24 22:00:00,2012,9,23,13806,-10.97,HOEP (Legacy)
2012-09-24 23:00:00,2012,9,24,13053,13.88,HOEP (Legacy)
2012-09-25 00:00:00,2012,9,1,12478,9.58,HOEP (Legacy)
2012-09-25 01:00:00,2012,9,2,12345,8.64,HOEP (Legacy)
2012-09-25 02:00:00,2012,9,3,12304,10.98,HOEP (Legacy)
2012-09-25 03:00:00,2012,9,4,12364,9.86,HOEP (Legacy)
2012-09-25 04:00:00,2012,9,5,12762,12.57,HOEP (Legacy)
2012-09-25 05:00:00,2012,9,6,14023,38.86,HOEP (Legacy)
2012-09-25 06:00:00,2012,9,7,15245,50.79,HOEP (Legacy)
2012-09-25 07:00:00,2012,9,8,15576,16.53,HOEP (Legacy)
2012-09-25 08:00:00,2012,9,9,15785,15.35,HOEP (Legacy)
2012-09-25 09:00:00,2012,9,10,15991,18.63,HOEP (Legacy)
2012-09-25 10:00:00,2012,9,11,16061,20.83,HOEP (Legacy)
2012-09-25 11:00:00,2012,9,12,16132,26.57,HOEP (Legacy)
2012-09-25 12:00:00,2012,9,13,16214,25.7,HOEP (Legacy)
2012-09-25 13:00:00,2012,9,14,16218,30.66,HOEP (Legacy)
2012-09-25 14:00:00,2012,9,15,16277,24.35,HOEP (Legacy)
2012-09-25 15:00:00,2012,9,16,16496,23.76,HOEP (Legacy)
2012-09-25 16:00:00,2012,9,17,16577,24.22,HOEP (Legacy)
2012-09-25 17:00:00,2012,9,18,16391,24.54,HOEP (Legacy)
2012-09-25 18:00:00,2012,9,19,17042,24.36,HOEP (Legacy)
2012-09-25 19:00:00,2012,9,20,17266,20.67,HOEP (Legacy)
2012-09-25 20:00:00,2012,9,21,16429,21.49,HOEP (Legacy)
2012-09-25 21:00:00,2012,9,22,15367,22.12,HOEP (Legacy)
2012-09-25 22:00:00,2012,9,23,13942,24.54,HOEP (Legacy)
2012-09-25 23:00:00,2012,9,24,13263,13.34,HOEP (Legacy)
2012-09-26 00:00:00,2012,9,1,12899,9.77,HOEP (Legacy)
2012-09-26 01:00:00,2012,9,2,12550,13.93,HOEP (Legacy)
2012-09-26 02:00:00,2012,9,3,12362,12.43,HOEP (Legacy)
2012-09-26 03:00:00,2012,9,4,12528,10.53,HOEP (Legacy)
2012-09-26 04:00:00,2012,9,5,12944,16.62,HOEP (Legacy)
2012-09-26 05:00:00,2012,9,6,14124,24.84,HOEP (Legacy)
2012-09-26 06:00:00,2012,9,7,15436,24.19,HOEP (Legacy)
2012-09-26 07:00:00,2012,9,8,15977,21.65,HOEP (Legacy)
2012-09-26 08:00:00,2012,9,9,16211,24.05,HOEP (Legacy)
2012-09-26 09:00:00,2012,9,10,16471,44.15,HOEP (Legacy)
2012-09-26 10:00:00,2012,9,11,16669,26.87,HOEP (Legacy)
2012-09-26 11:00:00,2012,9,12,16521,27.11,HOEP (Legacy)
2012-09-26 12:00:00,2012,9,13,16454,23.46,HOEP (Legacy)
2012-09-26 13:00:00,2012,9,14,16343,22.07,HOEP (Legacy)
2012-09-26 14:00:00,2012,9,15,16219,21.89,HOEP (Legacy)
2012-09-26 15:00:00,2012,9,16,16316,21.91,HOEP (Legacy)
2012-09-26 16:00:00,2012,9,17,16497,21.86,HOEP (Legacy)
2012-09-26 17:00:00,2012,9,18,16275,21.26,HOEP (Legacy)
2012-09-26 18:00:00,2012,9,19,16982,22.41,HOEP (Legacy)
2012-09-26 19:00:00,2012,9,20,17215,21.48,HOEP (Legacy)
2012-09-26 20:00:00,2012,9,21,16486,21.73,HOEP (Legacy)
2012-09-26 21:00:00,2012,9,22,15214,22.12,HOEP (Legacy)
2012-09-26 22:00:00,2012,9,23,13828,21.22,HOEP (Legacy)
2012-09-26 23:00:00,2012,9,24,12933,17.11,HOEP (Legacy)
2012-09-27 00:00:00,2012,9,1,12342,14.73,HOEP (Legacy)
2012-09-27 01:00:00,2012,9,2,12033,14.38,HOEP (Legacy)
2012-09-27 02:00:00,2012,9,3,12041,16.35,HOEP (Legacy)
2012-09-27 03:00:00,2012,9,4,12100,18.13,HOEP (Legacy)
2012-09-27 04:00:00,2012,9,5,12684,22.78,HOEP (Legacy)
2012-09-27 05:00:00,2012,9,6,14077,26.59,HOEP (Legacy)
2012-09-27 06:00:00,2012,9,7,15392,22.52,HOEP (Legacy)
2012-09-27 07:00:00,2012,9,8,15551,22.19,HOEP (Legacy)
2012-09-27 08:00:00,2012,9,9,15643,23.42,HOEP (Legacy)
2012-09-27 09:00:00,2012,9,10,15655,22.88,HOEP (Legacy)
2012-09-27 10:00:00,2012,9,11,15812,24.74,HOEP (Legacy)
2012-09-27 11:00:00,2012,9,12,15795,24.37,HOEP (Legacy)
2012-09-27 12:00:00,2012,9,13,15841,23.69,HOEP (Legacy)
2012-09-27 13:00:00,2012,9,14,15866,23.03,HOEP (Legacy)
2012-09-27 14:00:00,2012,9,15,15854,22.91,HOEP (Legacy)
2012-09-27 15:00:00,2012,9,16,16059,24.06,HOEP (Legacy)
2012-09-27 16:00:00,2012,9,17,16154,23.96,HOEP (Legacy)
2012-09-27 17:00:00,2012,9,18,16014,23.29,HOEP (Legacy)
2012-09-27 18:00:00,2012,9,19,16768,25.44,HOEP (Legacy)
2012-09-27 19:00:00,2012,9,20,17099,24.05,HOEP (Legacy)
2012-09-27 20:00:00,2012,9,21,16261,22.43,HOEP (Legacy)
2012-09-27 21:00:00,2012,9,22,14963,22.24,HOEP (Legacy)
2012-09-27 22:00:00,2012,9,23,13845,28.11,HOEP (Legacy)
2012-09-27 23:00:00,2012,9,24,12951,19.69,HOEP (Legacy)
2012-09-28 00:00:00,2012,9,1,12475,21.13,HOEP (Legacy)
2012-09-28 01:00:00,2012,9,2,12241,18.8,HOEP (Legacy)
2012-09-28 02:00:00,2012,9,3,12090,17.05,HOEP (Legacy)
2012-09-28 03:00:00,2012,9,4,12140,16.58,HOEP (Legacy)
2012-09-28 04:00:00,2012,9,5,12680,18.8,HOEP (Legacy)
2012-09-28 05:00:00,2012,9,6,14182,28.83,HOEP (Legacy)
2012-09-28 06:00:00,2012,9,7,15282,31.19,HOEP (Legacy)
2012-09-28 07:00:00,2012,9,8,15731,22.82,HOEP (Legacy)
2012-09-28 08:00:00,2012,9,9,15856,25.78,HOEP (Legacy)
2012-09-28 09:00:00,2012,9,10,15890,25.75,HOEP (Legacy)
2012-09-28 10:00:00,2012,9,11,16049,28.04,HOEP (Legacy)
2012-09-28 11:00:00,2012,9,12,15909,25.52,HOEP (Legacy)
2012-09-28 12:00:00,2012,9,13,15952,27.87,HOEP (Legacy)
2012-09-28 13:00:00,2012,9,14,15757,25.23,HOEP (Legacy)
2012-09-28 14:00:00,2012,9,15,15709,25.53,HOEP (Legacy)
2012-09-28 15:00:00,2012,9,16,15737,23.85,HOEP (Legacy)
2012-09-28 16:00:00,2012,9,17,15742,23.51,HOEP (Legacy)
2012-09-28 17:00:00,2012,9,18,15745,22.23,HOEP (Legacy)
2012-09-28 18:00:00,2012,9,19,16512,25.13,HOEP (Legacy)
2012-09-28 19:00:00,2012,9,20,16507,23.54,HOEP (Legacy)
2012-09-28 20:00:00,2012,9,21,15913,23.78,HOEP (Legacy)
2012-09-28 21:00:00,2012,9,22,14927,23.64,HOEP (Legacy)
2012-09-28 22:00:00,2012,9,23,13846,27.26,HOEP (Legacy)
2012-09-28 23:00:00,2012,9,24,12927,22.88,HOEP (Legacy)
2012-09-29 00:00:00,2012,9,1,12380,23.73,HOEP (Legacy)
2012-09-29 01:00:00,2012,9,2,12028,24.64,HOEP (Legacy)
2012-09-29 02:00:00,2012,9,3,11807,19.38,HOEP (Legacy)
2012-09-29 03:00:00,2012,9,4,11731,18.21,HOEP (Legacy)
2012-09-29 04:00:00,2012,9,5,11877,25.75,HOEP (Legacy)
2012-09-29 05:00:00,2012,9,6,12349,20.68,HOEP (Legacy)
2012-09-29 06:00:00,2012,9,7,13078,21.98,HOEP (Legacy)
2012-09-29 07:00:00,2012,9,8,13905,26.94,HOEP (Legacy)
2012-09-29 08:00:00,2012,9,9,14505,24.91,HOEP (Legacy)
2012-09-29 09:00:00,2012,9,10,14724,28.18,HOEP (Legacy)
2012-09-29 10:00:00,2012,9,11,14872,23.49,HOEP (Legacy)
2012-09-29 11:00:00,2012,9,12,14748,23.59,HOEP (Legacy)
2012-09-29 12:00:00,2012,9,13,14605,23.65,HOEP (Legacy)
2012-09-29 13:00:00,2012,9,14,14580,23.58,HOEP (Legacy)
2012-09-29 14:00:00,2012,9,15,14487,23.58,HOEP (Legacy)
2012-09-29 15:00:00,2012,9,16,14681,23.67,HOEP (Legacy)
2012-09-29 16:00:00,2012,9,17,14853,23.64,HOEP (Legacy)
2012-09-29 17:00:00,2012,9,18,15086,23.73,HOEP (Legacy)
2012-09-29 18:00:00,2012,9,19,15526,23.8,HOEP (Legacy)
2012-09-29 19:00:00,2012,9,20,15376,25.1,HOEP (Legacy)
2012-09-29 20:00:00,2012,9,21,14710,22.84,HOEP (Legacy)
2012-09-29 21:00:00,2012,9,22,13965,25.99,HOEP (Legacy)
2012-09-29 22:00:00,2012,9,23,13080,23.02,HOEP (Legacy)
2012-09-29 23:00:00,2012,9,24,12260,17.99,HOEP (Legacy)
2012-09-30 00:00:00,2012,9,1,11725,15.66,HOEP (Legacy)
2012-09-30 01:00:00,2012,9,2,11512,16.41,HOEP (Legacy)
2012-09-30 02:00:00,2012,9,3,11400,16.08,HOEP (Legacy)
2012-09-30 03:00:00,2012,9,4,11315,15.4,HOEP (Legacy)
2012-09-30 04:00:00,2012,9,5,11431,16.4,HOEP (Legacy)
2012-09-30 05:00:00,2012,9,6,11578,16.27,HOEP (Legacy)
2012-09-30 06:00:00,2012,9,7,12314,17.22,HOEP (Legacy)
2012-09-30 07:00:00,2012,9,8,12782,21.34,HOEP (Legacy)
2012-09-30 08:00:00,2012,9,9,13733,23.29,HOEP (Legacy)
2012-09-30 09:00:00,2012,9,10,14051,22.75,HOEP (Legacy)
2012-09-30 10:00:00,2012,9,11,14192,23.55,HOEP (Legacy)
2012-09-30 11:00:00,2012,9,12,14326,23.58,HOEP (Legacy)
2012-09-30 12:00:00,2012,9,13,14337,23.58,HOEP (Legacy)
2012-09-30 13:00:00,2012,9,14,14315,23.58,HOEP (Legacy)
2012-09-30 14:00:00,2012,9,15,14375,23.58,HOEP (Legacy)
2012-09-30 15:00:00,2012,9,16,14709,23.67,HOEP (Legacy)
2012-09-30 16:00:00,2012,9,17,15174,25.63,HOEP (Legacy)
2012-09-30 17:00:00,2012,9,18,15283,24.52,HOEP (Legacy)
2012-09-30 18:00:00,2012,9,19,15891,103.24,HOEP (Legacy)
2012-09-30 19:00:00,2012,9,20,15689,64.59,HOEP (Legacy)
2012-09-30 20:00:00,2012,9,21,15104,23.53,HOEP (Legacy)
2012-09-30 21:00:00,2012,9,22,14178,25.48,HOEP (Legacy)
2012-09-30 22:00:00,2012,9,23,13200,18.31,HOEP (Legacy)
2012-09-30 23:00:00,2012,9,24,12512,18.92,HOEP (Legacy)
2012-10-01 00:00:00,2012,10,1,12117,18.19,HOEP (Legacy)
2012-10-01 01:00:00,2012,10,2,11949,14.51,HOEP (Legacy)
2012-10-01 02:00:00,2012,10,3,11916,10.61,HOEP (Legacy)
2012-10-01 03:00:00,2012,10,4,12049,-29.17,HOEP (Legacy)
2012-10-01 04:00:00,2012,10,5,12521,19.14,HOEP (Legacy)
2012-10-01 05:00:00,2012,10,6,13964,57.33,HOEP (Legacy)
2012-10-01 06:00:00,2012,10,7,15498,51.58,HOEP (Legacy)
2012-10-01 07:00:00,2012,10,8,15859,33.26,HOEP (Legacy)
2012-10-01 08:00:00,2012,10,9,15956,66.17,HOEP (Legacy)
2012-10-01 09:00:00,2012,10,10,16100,24.09,HOEP (Legacy)
2012-10-01 10:00:00,2012,10,11,16255,43.11,HOEP (Legacy)
2012-10-01 11:00:00,2012,10,12,16210,25.82,HOEP (Legacy)
2012-10-01 12:00:00,2012,10,13,16318,23.62,HOEP (Legacy)
2012-10-01 13:00:00,2012,10,14,16199,22.41,HOEP (Legacy)
2012-10-01 14:00:00,2012,10,15,16243,23.69,HOEP (Legacy)
2012-10-01 15:00:00,2012,10,16,16512,27.09,HOEP (Legacy)
2012-10-01 16:00:00,2012,10,17,16697,29.02,HOEP (Legacy)
2012-10-01 17:00:00,2012,10,18,16784,22.98,HOEP (Legacy)
2012-10-01 18:00:00,2012,10,19,17529,38.81,HOEP (Legacy)
2012-10-01 19:00:00,2012,10,20,17350,30.61,HOEP (Legacy)
2012-10-01 20:00:00,2012,10,21,16393,25.49,HOEP (Legacy)
2012-10-01 21:00:00,2012,10,22,15116,20.65,HOEP (Legacy)
2012-10-01 22:00:00,2012,10,23,13978,27.88,HOEP (Legacy)
2012-10-01 23:00:00,2012,10,24,13004,18.74,HOEP (Legacy)
2012-10-02 00:00:00,2012,10,1,12524,13.69,HOEP (Legacy)
2012-10-02 01:00:00,2012,10,2,12343,14.2,HOEP (Legacy)
2012-10-02 02:00:00,2012,10,3,12233,14.22,HOEP (Legacy)
2012-10-02 03:00:00,2012,10,4,12306,15.96,HOEP (Legacy)
2012-10-02 04:00:00,2012,10,5,12802,24.17,HOEP (Legacy)
2012-10-02 05:00:00,2012,10,6,14233,46.12,HOEP (Legacy)
2012-10-02 06:00:00,2012,10,7,15771,35.9,HOEP (Legacy)
2012-10-02 07:00:00,2012,10,8,16083,31.36,HOEP (Legacy)
2012-10-02 08:00:00,2012,10,9,16149,25.65,HOEP (Legacy)
2012-10-02 09:00:00,2012,10,10,16277,24.79,HOEP (Legacy)
2012-10-02 10:00:00,2012,10,11,16411,26.11,HOEP (Legacy)
2012-10-02 11:00:00,2012,10,12,16393,32.44,HOEP (Legacy)
2012-10-02 12:00:00,2012,10,13,16387,28.52,HOEP (Legacy)
2012-10-02 13:00:00,2012,10,14,16341,24.94,HOEP (Legacy)
2012-10-02 14:00:00,2012,10,15,16439,24.86,HOEP (Legacy)
2012-10-02 15:00:00,2012,10,16,16783,27.29,HOEP (Legacy)
2012-10-02 16:00:00,2012,10,17,16887,27.71,HOEP (Legacy)
2012-10-02 17:00:00,2012,10,18,16748,26.74,HOEP (Legacy)
2012-10-02 18:00:00,2012,10,19,17580,28.76,HOEP (Legacy)
2012-10-02 19:00:00,2012,10,20,17461,27.28,HOEP (Legacy)
2012-10-02 20:00:00,2012,10,21,16650,30.36,HOEP (Legacy)
2012-10-02 21:00:00,2012,10,22,15475,23.37,HOEP (Legacy)
2012-10-02 22:00:00,2012,10,23,14157,25.93,HOEP (Legacy)
2012-10-02 23:00:00,2012,10,24,13303,14.68,HOEP (Legacy)
2012-10-03 00:00:00,2012,10,1,12793,13.87,HOEP (Legacy)
2012-10-03 01:00:00,2012,10,2,12498,13.2,HOEP (Legacy)
2012-10-03 02:00:00,2012,10,3,12451,13.16,HOEP (Legacy)
2012-10-03 03:00:00,2012,10,4,12460,13.32,HOEP (Legacy)
2012-10-03 04:00:00,2012,10,5,13005,18.11,HOEP (Legacy)
2012-10-03 05:00:00,2012,10,6,14399,44.51,HOEP (Legacy)
2012-10-03 06:00:00,2012,10,7,15976,47.86,HOEP (Legacy)
2012-10-03 07:00:00,2012,10,8,16298,32.87,HOEP (Legacy)
2012-10-03 08:00:00,2012,10,9,16540,32.08,HOEP (Legacy)
2012-10-03 09:00:00,2012,10,10,16734,33.61,HOEP (Legacy)
2012-10-03 10:00:00,2012,10,11,16652,25.3,HOEP (Legacy)
2012-10-03 11:00:00,2012,10,12,16588,29.35,HOEP (Legacy)
2012-10-03 12:00:00,2012,10,13,16592,25.14,HOEP (Legacy)
2012-10-03 13:00:00,2012,10,14,16502,24.62,HOEP (Legacy)
2012-10-03 14:00:00,2012,10,15,16614,24.33,HOEP (Legacy)
2012-10-03 15:00:00,2012,10,16,16848,24.13,HOEP (Legacy)
2012-10-03 16:00:00,2012,10,17,17055,24.04,HOEP (Legacy)
2012-10-03 17:00:00,2012,10,18,17160,23.99,HOEP (Legacy)
2012-10-03 18:00:00,2012,10,19,17746,24.85,HOEP (Legacy)
2012-10-03 19:00:00,2012,10,20,17494,25.14,HOEP (Legacy)
2012-10-03 20:00:00,2012,10,21,16667,24.79,HOEP (Legacy)
2012-10-03 21:00:00,2012,10,22,15592,23.61,HOEP (Legacy)
2012-10-03 22:00:00,2012,10,23,14269,41.37,HOEP (Legacy)
2012-10-03 23:00:00,2012,10,24,13329,16.37,HOEP (Legacy)
2012-10-04 00:00:00,2012,10,1,12693,16.39,HOEP (Legacy)
2012-10-04 01:00:00,2012,10,2,12475,13.03,HOEP (Legacy)
2012-10-04 02:00:00,2012,10,3,12375,13.0,HOEP (Legacy)
2012-10-04 03:00:00,2012,10,4,12386,12.8,HOEP (Legacy)
2012-10-04 04:00:00,2012,10,5,12797,14.82,HOEP (Legacy)
2012-10-04 05:00:00,2012,10,6,14259,33.76,HOEP (Legacy)
2012-10-04 06:00:00,2012,10,7,15625,30.45,HOEP (Legacy)
2012-10-04 07:00:00,2012,10,8,16065,24.01,HOEP (Legacy)
2012-10-04 08:00:00,2012,10,9,16255,24.55,HOEP (Legacy)
2012-10-04 09:00:00,2012,10,10,16430,24.87,HOEP (Legacy)
2012-10-04 10:00:00,2012,10,11,16538,23.95,HOEP (Legacy)
2012-10-04 11:00:00,2012,10,12,16601,24.07,HOEP (Legacy)
2012-10-04 12:00:00,2012,10,13,16658,24.1,HOEP (Legacy)
2012-10-04 13:00:00,2012,10,14,16620,22.46,HOEP (Legacy)
2012-10-04 14:00:00,2012,10,15,16599,20.97,HOEP (Legacy)
2012-10-04 15:00:00,2012,10,16,16677,21.44,HOEP (Legacy)
2012-10-04 16:00:00,2012,10,17,16722,21.17,HOEP (Legacy)
2012-10-04 17:00:00,2012,10,18,16825,20.86,HOEP (Legacy)
2012-10-04 18:00:00,2012,10,19,17676,23.44,HOEP (Legacy)
2012-10-04 19:00:00,2012,10,20,17409,21.78,HOEP (Legacy)
2012-10-04 20:00:00,2012,10,21,16639,20.07,HOEP (Legacy)
2012-10-04 21:00:00,2012,10,22,15377,17.75,HOEP (Legacy)
2012-10-04 22:00:00,2012,10,23,14119,11.82,HOEP (Legacy)
2012-10-04 23:00:00,2012,10,24,13234,-51.91,HOEP (Legacy)
2012-10-05 00:00:00,2012,10,1,12698,12.05,HOEP (Legacy)
2012-10-05 01:00:00,2012,10,2,12370,18.41,HOEP (Legacy)
2012-10-05 02:00:00,2012,10,3,12104,13.97,HOEP (Legacy)
2012-10-05 03:00:00,2012,10,4,12233,12.06,HOEP (Legacy)
2012-10-05 04:00:00,2012,10,5,12776,11.85,HOEP (Legacy)
2012-10-05 05:00:00,2012,10,6,14177,24.16,HOEP (Legacy)
2012-10-05 06:00:00,2012,10,7,15408,24.41,HOEP (Legacy)
2012-10-05 07:00:00,2012,10,8,15880,24.52,HOEP (Legacy)
2012-10-05 08:00:00,2012,10,9,16110,24.5,HOEP (Legacy)
2012-10-05 09:00:00,2012,10,10,16286,25.12,HOEP (Legacy)
2012-10-05 10:00:00,2012,10,11,16352,24.82,HOEP (Legacy)
2012-10-05 11:00:00,2012,10,12,16027,21.72,HOEP (Legacy)
2012-10-05 12:00:00,2012,10,13,16096,22.96,HOEP (Legacy)
2012-10-05 13:00:00,2012,10,14,15814,22.28,HOEP (Legacy)
2012-10-05 14:00:00,2012,10,15,15685,21.21,HOEP (Legacy)
2012-10-05 15:00:00,2012,10,16,15769,21.53,HOEP (Legacy)
2012-10-05 16:00:00,2012,10,17,15845,21.45,HOEP (Legacy)
2012-10-05 17:00:00,2012,10,18,15988,19.04,HOEP (Legacy)
2012-10-05 18:00:00,2012,10,19,16654,22.83,HOEP (Legacy)
2012-10-05 19:00:00,2012,10,20,16348,22.11,HOEP (Legacy)
2012-10-05 20:00:00,2012,10,21,15628,21.91,HOEP (Legacy)
2012-10-05 21:00:00,2012,10,22,14631,37.7,HOEP (Legacy)
2012-10-05 22:00:00,2012,10,23,13538,22.28,HOEP (Legacy)
2012-10-05 23:00:00,2012,10,24,12694,21.13,HOEP (Legacy)
2012-10-06 00:00:00,2012,10,1,12124,14.89,HOEP (Legacy)
2012-10-06 01:00:00,2012,10,2,11748,23.44,HOEP (Legacy)
2012-10-06 02:00:00,2012,10,3,11598,16.89,HOEP (Legacy)
2012-10-06 03:00:00,2012,10,4,11544,20.89,HOEP (Legacy)
2012-10-06 04:00:00,2012,10,5,11756,14.33,HOEP (Legacy)
2012-10-06 05:00:00,2012,10,6,12216,17.89,HOEP (Legacy)
2012-10-06 06:00:00,2012,10,7,12777,15.88,HOEP (Legacy)
2012-10-06 07:00:00,2012,10,8,13486,15.73,HOEP (Legacy)
2012-10-06 08:00:00,2012,10,9,14115,16.88,HOEP (Legacy)
2012-10-06 09:00:00,2012,10,10,14405,21.25,HOEP (Legacy)
2012-10-06 10:00:00,2012,10,11,14532,16.72,HOEP (Legacy)
2012-10-06 11:00:00,2012,10,12,14469,17.22,HOEP (Legacy)
2012-10-06 12:00:00,2012,10,13,14357,19.86,HOEP (Legacy)
2012-10-06 13:00:00,2012,10,14,14280,28.99,HOEP (Legacy)
2012-10-06 14:00:00,2012,10,15,14250,27.99,HOEP (Legacy)
2012-10-06 15:00:00,2012,10,16,14419,35.17,HOEP (Legacy)
2012-10-06 16:00:00,2012,10,17,14685,25.12,HOEP (Legacy)
2012-10-06 17:00:00,2012,10,18,14832,28.08,HOEP (Legacy)
2012-10-06 18:00:00,2012,10,19,15168,22.79,HOEP (Legacy)
2012-10-06 19:00:00,2012,10,20,15049,25.39,HOEP (Legacy)
2012-10-06 20:00:00,2012,10,21,14491,23.89,HOEP (Legacy)
2012-10-06 21:00:00,2012,10,22,13878,22.3,HOEP (Legacy)
2012-10-06 22:00:00,2012,10,23,13072,20.02,HOEP (Legacy)
2012-10-06 23:00:00,2012,10,24,12320,18.63,HOEP (Legacy)
2012-10-07 00:00:00,2012,10,1,11911,27.98,HOEP (Legacy)
2012-10-07 01:00:00,2012,10,2,11644,18.6,HOEP (Legacy)
2012-10-07 02:00:00,2012,10,3,11509,14.39,HOEP (Legacy)
2012-10-07 03:00:00,2012,10,4,11436,18.68,HOEP (Legacy)
2012-10-07 04:00:00,2012,10,5,11570,21.36,HOEP (Legacy)
2012-10-07 05:00:00,2012,10,6,11956,24.48,HOEP (Legacy)
2012-10-07 06:00:00,2012,10,7,12463,22.4,HOEP (Legacy)
2012-10-07 07:00:00,2012,10,8,13073,23.18,HOEP (Legacy)
2012-10-07 08:00:00,2012,10,9,13898,23.48,HOEP (Legacy)
2012-10-07 09:00:00,2012,10,10,14309,24.37,HOEP (Legacy)
2012-10-07 10:00:00,2012,10,11,14508,24.02,HOEP (Legacy)
2012-10-07 11:00:00,2012,10,12,14550,24.83,HOEP (Legacy)
2012-10-07 12:00:00,2012,10,13,14488,24.65,HOEP (Legacy)
2012-10-07 13:00:00,2012,10,14,14369,24.39,HOEP (Legacy)
2012-10-07 14:00:00,2012,10,15,14352,24.78,HOEP (Legacy)
2012-10-07 15:00:00,2012,10,16,14422,26.35,HOEP (Legacy)
2012-10-07 16:00:00,2012,10,17,14511,24.42,HOEP (Legacy)
2012-10-07 17:00:00,2012,10,18,14505,25.39,HOEP (Legacy)
2012-10-07 18:00:00,2012,10,19,14826,26.09,HOEP (Legacy)
2012-10-07 19:00:00,2012,10,20,14661,27.46,HOEP (Legacy)
2012-10-07 20:00:00,2012,10,21,14386,30.24,HOEP (Legacy)
2012-10-07 21:00:00,2012,10,22,13850,28.12,HOEP (Legacy)
2012-10-07 22:00:00,2012,10,23,12985,21.84,HOEP (Legacy)
2012-10-07 23:00:00,2012,10,24,12361,15.36,HOEP (Legacy)
2012-10-08 00:00:00,2012,10,1,11844,21.63,HOEP (Legacy)
2012-10-08 01:00:00,2012,10,2,11703,28.32,HOEP (Legacy)
2012-10-08 02:00:00,2012,10,3,11605,18.14,HOEP (Legacy)
2012-10-08 03:00:00,2012,10,4,11502,25.11,HOEP (Legacy)
2012-10-08 04:00:00,2012,10,5,11599,28.93,HOEP (Legacy)
2012-10-08 05:00:00,2012,10,6,12136,26.21,HOEP (Legacy)
2012-10-08 06:00:00,2012,10,7,12639,34.01,HOEP (Legacy)
2012-10-08 07:00:00,2012,10,8,13093,23.69,HOEP (Legacy)
2012-10-08 08:00:00,2012,10,9,13721,21.48,HOEP (Legacy)
2012-10-08 09:00:00,2012,10,10,13897,24.34,HOEP (Legacy)
2012-10-08 10:00:00,2012,10,11,14072,24.35,HOEP (Legacy)
2012-10-08 11:00:00,2012,10,12,14149,24.09,HOEP (Legacy)
2012-10-08 12:00:00,2012,10,13,14029,24.14,HOEP (Legacy)
2012-10-08 13:00:00,2012,10,14,13821,23.31,HOEP (Legacy)
2012-10-08 14:00:00,2012,10,15,13740,21.19,HOEP (Legacy)
2012-10-08 15:00:00,2012,10,16,14019,23.56,HOEP (Legacy)
2012-10-08 16:00:00,2012,10,17,14214,24.07,HOEP (Legacy)
2012-10-08 17:00:00,2012,10,18,14637,42.92,HOEP (Legacy)
2012-10-08 18:00:00,2012,10,19,15650,105.63,HOEP (Legacy)
2012-10-08 19:00:00,2012,10,20,15346,47.51,HOEP (Legacy)
2012-10-08 20:00:00,2012,10,21,14905,31.27,HOEP (Legacy)
2012-10-08 21:00:00,2012,10,22,13990,25.58,HOEP (Legacy)
2012-10-08 22:00:00,2012,10,23,13069,25.79,HOEP (Legacy)
2012-10-08 23:00:00,2012,10,24,12433,18.34,HOEP (Legacy)
2012-10-09 00:00:00,2012,10,1,12155,15.69,HOEP (Legacy)
2012-10-09 01:00:00,2012,10,2,11967,25.99,HOEP (Legacy)
2012-10-09 02:00:00,2012,10,3,11999,24.69,HOEP (Legacy)
2012-10-09 03:00:00,2012,10,4,12148,14.23,HOEP (Legacy)
2012-10-09 04:00:00,2012,10,5,12727,27.73,HOEP (Legacy)
2012-10-09 05:00:00,2012,10,6,14145,45.89,HOEP (Legacy)
2012-10-09 06:00:00,2012,10,7,15759,56.37,HOEP (Legacy)
2012-10-09 07:00:00,2012,10,8,16166,34.02,HOEP (Legacy)
2012-10-09 08:00:00,2012,10,9,16162,28.13,HOEP (Legacy)
2012-10-09 09:00:00,2012,10,10,16214,25.21,HOEP (Legacy)
2012-10-09 10:00:00,2012,10,11,16134,24.19,HOEP (Legacy)
2012-10-09 11:00:00,2012,10,12,16002,24.31,HOEP (Legacy)
2012-10-09 12:00:00,2012,10,13,15994,23.3,HOEP (Legacy)
2012-10-09 13:00:00,2012,10,14,15846,24.02,HOEP (Legacy)
2012-10-09 14:00:00,2012,10,15,15849,22.8,HOEP (Legacy)
2012-10-09 15:00:00,2012,10,16,16043,22.83,HOEP (Legacy)
2012-10-09 16:00:00,2012,10,17,16305,24.45,HOEP (Legacy)
2012-10-09 17:00:00,2012,10,18,16709,26.74,HOEP (Legacy)
2012-10-09 18:00:00,2012,10,19,17735,28.36,HOEP (Legacy)
2012-10-09 19:00:00,2012,10,20,17303,23.35,HOEP (Legacy)
2012-10-09 20:00:00,2012,10,21,16425,21.95,HOEP (Legacy)
2012-10-09 21:00:00,2012,10,22,15257,19.78,HOEP (Legacy)
2012-10-09 22:00:00,2012,10,23,13994,-10.24,HOEP (Legacy)
2012-10-09 23:00:00,2012,10,24,13177,13.82,HOEP (Legacy)
2012-10-10 00:00:00,2012,10,1,12718,27.15,HOEP (Legacy)
2012-10-10 01:00:00,2012,10,2,12485,14.91,HOEP (Legacy)
2012-10-10 02:00:00,2012,10,3,12428,11.77,HOEP (Legacy)
2012-10-10 03:00:00,2012,10,4,12515,10.57,HOEP (Legacy)
2012-10-10 04:00:00,2012,10,5,13042,13.09,HOEP (Legacy)
2012-10-10 05:00:00,2012,10,6,14661,35.61,HOEP (Legacy)
2012-10-10 06:00:00,2012,10,7,16055,33.04,HOEP (Legacy)
2012-10-10 07:00:00,2012,10,8,16606,31.95,HOEP (Legacy)
2012-10-10 08:00:00,2012,10,9,16678,27.3,HOEP (Legacy)
2012-10-10 09:00:00,2012,10,10,16710,26.67,HOEP (Legacy)
2012-10-10 10:00:00,2012,10,11,16612,22.86,HOEP (Legacy)
2012-10-10 11:00:00,2012,10,12,16414,21.46,HOEP (Legacy)
2012-10-10 12:00:00,2012,10,13,16362,21.51,HOEP (Legacy)
2012-10-10 13:00:00,2012,10,14,16236,21.52,HOEP (Legacy)
2012-10-10 14:00:00,2012,10,15,16241,20.68,HOEP (Legacy)
2012-10-10 15:00:00,2012,10,16,16576,22.8,HOEP (Legacy)
2012-10-10 16:00:00,2012,10,17,16945,21.94,HOEP (Legacy)
2012-10-10 17:00:00,2012,10,18,17234,22.15,HOEP (Legacy)
2012-10-10 18:00:00,2012,10,19,17913,24.93,HOEP (Legacy)
2012-10-10 19:00:00,2012,10,20,17518,23.79,HOEP (Legacy)
2012-10-10 20:00:00,2012,10,21,16936,26.53,HOEP (Legacy)
2012-10-10 21:00:00,2012,10,22,15875,24.76,HOEP (Legacy)
2012-10-10 22:00:00,2012,10,23,14635,42.44,HOEP (Legacy)
2012-10-10 23:00:00,2012,10,24,13627,18.12,HOEP (Legacy)
2012-10-11 00:00:00,2012,10,1,13238,21.97,HOEP (Legacy)
2012-10-11 01:00:00,2012,10,2,13010,15.13,HOEP (Legacy)
2012-10-11 02:00:00,2012,10,3,12878,14.23,HOEP (Legacy)
2012-10-11 03:00:00,2012,10,4,13018,20.17,HOEP (Legacy)
2012-10-11 04:00:00,2012,10,5,13574,22.11,HOEP (Legacy)
2012-10-11 05:00:00,2012,10,6,15116,26.32,HOEP (Legacy)
2012-10-11 06:00:00,2012,10,7,16539,26.44,HOEP (Legacy)
2012-10-11 07:00:00,2012,10,8,16595,24.07,HOEP (Legacy)
2012-10-11 08:00:00,2012,10,9,16478,22.94,HOEP (Legacy)
2012-10-11 09:00:00,2012,10,10,16441,23.32,HOEP (Legacy)
2012-10-11 10:00:00,2012,10,11,16395,23.04,HOEP (Legacy)
2012-10-11 11:00:00,2012,10,12,16312,23.59,HOEP (Legacy)
2012-10-11 12:00:00,2012,10,13,16309,24.37,HOEP (Legacy)
2012-10-11 13:00:00,2012,10,14,16247,23.47,HOEP (Legacy)
2012-10-11 14:00:00,2012,10,15,16255,22.8,HOEP (Legacy)
2012-10-11 15:00:00,2012,10,16,16680,24.36,HOEP (Legacy)
2012-10-11 16:00:00,2012,10,17,16952,25.15,HOEP (Legacy)
2012-10-11 17:00:00,2012,10,18,17401,24.49,HOEP (Legacy)
2012-10-11 18:00:00,2012,10,19,17974,25.6,HOEP (Legacy)
2012-10-11 19:00:00,2012,10,20,17604,25.67,HOEP (Legacy)
2012-10-11 20:00:00,2012,10,21,16816,25.85,HOEP (Legacy)
2012-10-11 21:00:00,2012,10,22,15785,27.39,HOEP (Legacy)
2012-10-11 22:00:00,2012,10,23,14577,34.23,HOEP (Legacy)
2012-10-11 23:00:00,2012,10,24,13536,16.99,HOEP (Legacy)
2012-10-12 00:00:00,2012,10,1,13035,16.5,HOEP (Legacy)
2012-10-12 01:00:00,2012,10,2,12786,18.96,HOEP (Legacy)
2012-10-12 02:00:00,2012,10,3,12483,20.63,HOEP (Legacy)
2012-10-12 03:00:00,2012,10,4,12610,16.74,HOEP (Legacy)
2012-10-12 04:00:00,2012,10,5,13264,17.61,HOEP (Legacy)
2012-10-12 05:00:00,2012,10,6,14871,26.07,HOEP (Legacy)
2012-10-12 06:00:00,2012,10,7,16399,26.42,HOEP (Legacy)
2012-10-12 07:00:00,2012,10,8,16580,27.32,HOEP (Legacy)
2012-10-12 08:00:00,2012,10,9,16448,27.05,HOEP (Legacy)
2012-10-12 09:00:00,2012,10,10,16288,25.71,HOEP (Legacy)
2012-10-12 10:00:00,2012,10,11,16364,25.69,HOEP (Legacy)
2012-10-12 11:00:00,2012,10,12,16225,26.1,HOEP (Legacy)
2012-10-12 12:00:00,2012,10,13,16159,25.69,HOEP (Legacy)
2012-10-12 13:00:00,2012,10,14,15931,23.65,HOEP (Legacy)
2012-10-12 14:00:00,2012,10,15,15853,23.39,HOEP (Legacy)
2012-10-12 15:00:00,2012,10,16,16033,27.66,HOEP (Legacy)
2012-10-12 16:00:00,2012,10,17,16206,28.53,HOEP (Legacy)
2012-10-12 17:00:00,2012,10,18,16584,27.78,HOEP (Legacy)
2012-10-12 18:00:00,2012,10,19,17513,29.63,HOEP (Legacy)
2012-10-12 19:00:00,2012,10,20,17217,26.13,HOEP (Legacy)
2012-10-12 20:00:00,2012,10,21,16748,26.21,HOEP (Legacy)
2012-10-12 21:00:00,2012,10,22,15834,23.9,HOEP (Legacy)
2012-10-12 22:00:00,2012,10,23,14705,26.21,HOEP (Legacy)
2012-10-12 23:00:00,2012,10,24,13696,33.67,HOEP (Legacy)
2012-10-13 00:00:00,2012,10,1,13093,32.16,HOEP (Legacy)
2012-10-13 01:00:00,2012,10,2,12748,27.14,HOEP (Legacy)
2012-10-13 02:00:00,2012,10,3,12548,23.23,HOEP (Legacy)
2012-10-13 03:00:00,2012,10,4,12625,23.03,HOEP (Legacy)
2012-10-13 04:00:00,2012,10,5,12833,25.11,HOEP (Legacy)
2012-10-13 05:00:00,2012,10,6,13490,23.16,HOEP (Legacy)
2012-10-13 06:00:00,2012,10,7,14244,26.62,HOEP (Legacy)
2012-10-13 07:00:00,2012,10,8,14866,28.14,HOEP (Legacy)
2012-10-13 08:00:00,2012,10,9,15303,26.51,HOEP (Legacy)
2012-10-13 09:00:00,2012,10,10,15501,28.04,HOEP (Legacy)
2012-10-13 10:00:00,2012,10,11,15722,30.64,HOEP (Legacy)
2012-10-13 11:00:00,2012,10,12,15641,31.26,HOEP (Legacy)
2012-10-13 12:00:00,2012,10,13,15598,27.02,HOEP (Legacy)
2012-10-13 13:00:00,2012,10,14,15449,25.73,HOEP (Legacy)
2012-10-13 14:00:00,2012,10,15,15501,26.06,HOEP (Legacy)
2012-10-13 15:00:00,2012,10,16,15692,25.99,HOEP (Legacy)
2012-10-13 16:00:00,2012,10,17,16035,26.31,HOEP (Legacy)
2012-10-13 17:00:00,2012,10,18,16385,26.07,HOEP (Legacy)
2012-10-13 18:00:00,2012,10,19,16493,26.06,HOEP (Legacy)
2012-10-13 19:00:00,2012,10,20,16001,26.15,HOEP (Legacy)
2012-10-13 20:00:00,2012,10,21,15336,25.15,HOEP (Legacy)
2012-10-13 21:00:00,2012,10,22,14731,21.91,HOEP (Legacy)
2012-10-13 22:00:00,2012,10,23,13767,15.6,HOEP (Legacy)
2012-10-13 23:00:00,2012,10,24,12943,15.72,HOEP (Legacy)
2012-10-14 00:00:00,2012,10,1,12446,15.82,HOEP (Legacy)
2012-10-14 01:00:00,2012,10,2,12072,12.6,HOEP (Legacy)
2012-10-14 02:00:00,2012,10,3,11890,13.42,HOEP (Legacy)
2012-10-14 03:00:00,2012,10,4,11870,13.85,HOEP (Legacy)
2012-10-14 04:00:00,2012,10,5,11957,14.08,HOEP (Legacy)
2012-10-14 05:00:00,2012,10,6,12251,14.15,HOEP (Legacy)
2012-10-14 06:00:00,2012,10,7,12780,18.68,HOEP (Legacy)
2012-10-14 07:00:00,2012,10,8,13470,16.04,HOEP (Legacy)
2012-10-14 08:00:00,2012,10,9,14174,21.53,HOEP (Legacy)
2012-10-14 09:00:00,2012,10,10,14659,20.79,HOEP (Legacy)
2012-10-14 10:00:00,2012,10,11,14947,20.86,HOEP (Legacy)
2012-10-14 11:00:00,2012,10,12,14997,21.18,HOEP (Legacy)
2012-10-14 12:00:00,2012,10,13,15033,20.82,HOEP (Legacy)
2012-10-14 13:00:00,2012,10,14,14900,25.47,HOEP (Legacy)
2012-10-14 14:00:00,2012,10,15,14999,25.5,HOEP (Legacy)
2012-10-14 15:00:00,2012,10,16,15269,26.06,HOEP (Legacy)
2012-10-14 16:00:00,2012,10,17,15741,26.11,HOEP (Legacy)
2012-10-14 17:00:00,2012,10,18,15987,25.77,HOEP (Legacy)
2012-10-14 18:00:00,2012,10,19,16335,26.0,HOEP (Legacy)
2012-10-14 19:00:00,2012,10,20,15838,24.98,HOEP (Legacy)
2012-10-14 20:00:00,2012,10,21,15171,24.61,HOEP (Legacy)
2012-10-14 21:00:00,2012,10,22,14275,17.01,HOEP (Legacy)
2012-10-14 22:00:00,2012,10,23,13315,14.92,HOEP (Legacy)
2012-10-14 23:00:00,2012,10,24,12682,-9.67,HOEP (Legacy)
2012-10-15 00:00:00,2012,10,1,12204,12.31,HOEP (Legacy)
2012-10-15 01:00:00,2012,10,2,12019,12.65,HOEP (Legacy)
2012-10-15 02:00:00,2012,10,3,11910,4.38,HOEP (Legacy)
2012-10-15 03:00:00,2012,10,4,11905,13.02,HOEP (Legacy)
2012-10-15 04:00:00,2012,10,5,12411,19.77,HOEP (Legacy)
2012-10-15 05:00:00,2012,10,6,14046,31.81,HOEP (Legacy)
2012-10-15 06:00:00,2012,10,7,15676,35.79,HOEP (Legacy)
2012-10-15 07:00:00,2012,10,8,16049,29.33,HOEP (Legacy)
2012-10-15 08:00:00,2012,10,9,16262,16.53,HOEP (Legacy)
2012-10-15 09:00:00,2012,10,10,16456,16.41,HOEP (Legacy)
2012-10-15 10:00:00,2012,10,11,16360,15.72,HOEP (Legacy)
2012-10-15 11:00:00,2012,10,12,16297,18.84,HOEP (Legacy)
2012-10-15 12:00:00,2012,10,13,16294,18.22,HOEP (Legacy)
2012-10-15 13:00:00,2012,10,14,16179,18.38,HOEP (Legacy)
2012-10-15 14:00:00,2012,10,15,16226,18.73,HOEP (Legacy)
2012-10-15 15:00:00,2012,10,16,16585,18.75,HOEP (Legacy)
2012-10-15 16:00:00,2012,10,17,16952,21.34,HOEP (Legacy)
2012-10-15 17:00:00,2012,10,18,17409,21.38,HOEP (Legacy)
2012-10-15 18:00:00,2012,10,19,18069,78.03,HOEP (Legacy)
2012-10-15 19:00:00,2012,10,20,17626,154.81,HOEP (Legacy)
2012-10-15 20:00:00,2012,10,21,16976,36.56,HOEP (Legacy)
2012-10-15 21:00:00,2012,10,22,15799,26.65,HOEP (Legacy)
2012-10-15 22:00:00,2012,10,23,14476,34.29,HOEP (Legacy)
2012-10-15 23:00:00,2012,10,24,13400,24.89,HOEP (Legacy)
2012-10-16 00:00:00,2012,10,1,12937,29.86,HOEP (Legacy)
2012-10-16 01:00:00,2012,10,2,12687,14.26,HOEP (Legacy)
2012-10-16 02:00:00,2012,10,3,12694,14.28,HOEP (Legacy)
2012-10-16 03:00:00,2012,10,4,12797,13.68,HOEP (Legacy)
2012-10-16 04:00:00,2012,10,5,13315,31.27,HOEP (Legacy)
2012-10-16 05:00:00,2012,10,6,14845,48.81,HOEP (Legacy)
2012-10-16 06:00:00,2012,10,7,16422,68.4,HOEP (Legacy)
2012-10-16 07:00:00,2012,10,8,16498,28.5,HOEP (Legacy)
2012-10-16 08:00:00,2012,10,9,16531,26.11,HOEP (Legacy)
2012-10-16 09:00:00,2012,10,10,16628,31.78,HOEP (Legacy)
2012-10-16 10:00:00,2012,10,11,16468,33.35,HOEP (Legacy)
2012-10-16 11:00:00,2012,10,12,16333,31.78,HOEP (Legacy)
2012-10-16 12:00:00,2012,10,13,16236,26.12,HOEP (Legacy)
2012-10-16 13:00:00,2012,10,14,16023,25.5,HOEP (Legacy)
2012-10-16 14:00:00,2012,10,15,15987,25.49,HOEP (Legacy)
2012-10-16 15:00:00,2012,10,16,16249,24.96,HOEP (Legacy)
2012-10-16 16:00:00,2012,10,17,16521,24.33,HOEP (Legacy)
2012-10-16 17:00:00,2012,10,18,16970,25.26,HOEP (Legacy)
2012-10-16 18:00:00,2012,10,19,17858,25.92,HOEP (Legacy)
2012-10-16 19:00:00,2012,10,20,17461,24.58,HOEP (Legacy)
2012-10-16 20:00:00,2012,10,21,16702,23.77,HOEP (Legacy)
2012-10-16 21:00:00,2012,10,22,15509,20.71,HOEP (Legacy)
2012-10-16 22:00:00,2012,10,23,14313,24.13,HOEP (Legacy)
2012-10-16 23:00:00,2012,10,24,13367,14.57,HOEP (Legacy)
2012-10-17 00:00:00,2012,10,1,12886,26.0,HOEP (Legacy)
2012-10-17 01:00:00,2012,10,2,12585,26.93,HOEP (Legacy)
2012-10-17 02:00:00,2012,10,3,12436,29.26,HOEP (Legacy)
2012-10-17 03:00:00,2012,10,4,12515,18.36,HOEP (Legacy)
2012-10-17 04:00:00,2012,10,5,13163,31.63,HOEP (Legacy)
2012-10-17 05:00:00,2012,10,6,14679,34.7,HOEP (Legacy)
2012-10-17 06:00:00,2012,10,7,16342,22.35,HOEP (Legacy)
2012-10-17 07:00:00,2012,10,8,16349,20.76,HOEP (Legacy)
2012-10-17 08:00:00,2012,10,9,16362,20.41,HOEP (Legacy)
2012-10-17 09:00:00,2012,10,10,16353,29.46,HOEP (Legacy)
2012-10-17 10:00:00,2012,10,11,16336,45.21,HOEP (Legacy)
2012-10-17 11:00:00,2012,10,12,16091,24.47,HOEP (Legacy)
2012-10-17 12:00:00,2012,10,13,15981,23.31,HOEP (Legacy)
2012-10-17 13:00:00,2012,10,14,15817,22.17,HOEP (Legacy)
2012-10-17 14:00:00,2012,10,15,15827,23.14,HOEP (Legacy)
2012-10-17 15:00:00,2012,10,16,16305,23.69,HOEP (Legacy)
2012-10-17 16:00:00,2012,10,17,16510,24.11,HOEP (Legacy)
2012-10-17 17:00:00,2012,10,18,16918,25.6,HOEP (Legacy)
2012-10-17 18:00:00,2012,10,19,17304,24.49,HOEP (Legacy)
2012-10-17 19:00:00,2012,10,20,17115,22.91,HOEP (Legacy)
2012-10-17 20:00:00,2012,10,21,16316,21.45,HOEP (Legacy)
2012-10-17 21:00:00,2012,10,22,15202,16.81,HOEP (Legacy)
2012-10-17 22:00:00,2012,10,23,13895,21.2,HOEP (Legacy)
2012-10-17 23:00:00,2012,10,24,13069,15.07,HOEP (Legacy)
2012-10-18 00:00:00,2012,10,1,12484,12.43,HOEP (Legacy)
2012-10-18 01:00:00,2012,10,2,12190,13.75,HOEP (Legacy)
2012-10-18 02:00:00,2012,10,3,12078,11.78,HOEP (Legacy)
2012-10-18 03:00:00,2012,10,4,12127,13.08,HOEP (Legacy)
2012-10-18 04:00:00,2012,10,5,12706,24.42,HOEP (Legacy)
2012-10-18 05:00:00,2012,10,6,14301,21.91,HOEP (Legacy)
2012-10-18 06:00:00,2012,10,7,15794,27.29,HOEP (Legacy)
2012-10-18 07:00:00,2012,10,8,15738,14.95,HOEP (Legacy)
2012-10-18 08:00:00,2012,10,9,15738,14.99,HOEP (Legacy)
2012-10-18 09:00:00,2012,10,10,15893,17.05,HOEP (Legacy)
2012-10-18 10:00:00,2012,10,11,16079,23.78,HOEP (Legacy)
2012-10-18 11:00:00,2012,10,12,15958,23.4,HOEP (Legacy)
2012-10-18 12:00:00,2012,10,13,15877,21.78,HOEP (Legacy)
2012-10-18 13:00:00,2012,10,14,15864,24.74,HOEP (Legacy)
2012-10-18 14:00:00,2012,10,15,15986,25.98,HOEP (Legacy)
2012-10-18 15:00:00,2012,10,16,16376,26.13,HOEP (Legacy)
2012-10-18 16:00:00,2012,10,17,16810,31.02,HOEP (Legacy)
2012-10-18 17:00:00,2012,10,18,17142,58.17,HOEP (Legacy)
2012-10-18 18:00:00,2012,10,19,17434,26.05,HOEP (Legacy)
2012-10-18 19:00:00,2012,10,20,17004,24.78,HOEP (Legacy)
2012-10-18 20:00:00,2012,10,21,16275,26.72,HOEP (Legacy)
2012-10-18 21:00:00,2012,10,22,15104,17.48,HOEP (Legacy)
2012-10-18 22:00:00,2012,10,23,13835,21.09,HOEP (Legacy)
2012-10-18 23:00:00,2012,10,24,12903,26.16,HOEP (Legacy)
2012-10-19 00:00:00,2012,10,1,12520,4.78,HOEP (Legacy)
2012-10-19 01:00:00,2012,10,2,12178,20.92,HOEP (Legacy)
2012-10-19 02:00:00,2012,10,3,12015,19.25,HOEP (Legacy)
2012-10-19 03:00:00,2012,10,4,12037,23.92,HOEP (Legacy)
2012-10-19 04:00:00,2012,10,5,12620,27.58,HOEP (Legacy)
2012-10-19 05:00:00,2012,10,6,14160,26.04,HOEP (Legacy)
2012-10-19 06:00:00,2012,10,7,15718,30.83,HOEP (Legacy)
2012-10-19 07:00:00,2012,10,8,16064,27.65,HOEP (Legacy)
2012-10-19 08:00:00,2012,10,9,16123,26.65,HOEP (Legacy)
2012-10-19 09:00:00,2012,10,10,16229,36.55,HOEP (Legacy)
2012-10-19 10:00:00,2012,10,11,16259,50.79,HOEP (Legacy)
2012-10-19 11:00:00,2012,10,12,16142,47.15,HOEP (Legacy)
2012-10-19 12:00:00,2012,10,13,16123,42.85,HOEP (Legacy)
2012-10-19 13:00:00,2012,10,14,15949,52.13,HOEP (Legacy)
2012-10-19 14:00:00,2012,10,15,15786,24.27,HOEP (Legacy)
2012-10-19 15:00:00,2012,10,16,15842,22.48,HOEP (Legacy)
2012-10-19 16:00:00,2012,10,17,15930,23.01,HOEP (Legacy)
2012-10-19 17:00:00,2012,10,18,16394,40.62,HOEP (Legacy)
2012-10-19 18:00:00,2012,10,19,16896,24.55,HOEP (Legacy)
2012-10-19 19:00:00,2012,10,20,16566,23.79,HOEP (Legacy)
2012-10-19 20:00:00,2012,10,21,15921,22.28,HOEP (Legacy)
2012-10-19 21:00:00,2012,10,22,14977,25.77,HOEP (Legacy)
2012-10-19 22:00:00,2012,10,23,13800,25.1,HOEP (Legacy)
2012-10-19 23:00:00,2012,10,24,12814,17.55,HOEP (Legacy)
2012-10-20 00:00:00,2012,10,1,12265,1.25,HOEP (Legacy)
2012-10-20 01:00:00,2012,10,2,12026,11.89,HOEP (Legacy)
2012-10-20 02:00:00,2012,10,3,11869,18.17,HOEP (Legacy)
2012-10-20 03:00:00,2012,10,4,11800,18.2,HOEP (Legacy)
2012-10-20 04:00:00,2012,10,5,11988,16.7,HOEP (Legacy)
2012-10-20 05:00:00,2012,10,6,12565,12.63,HOEP (Legacy)
2012-10-20 06:00:00,2012,10,7,13281,14.04,HOEP (Legacy)
2012-10-20 07:00:00,2012,10,8,14080,23.36,HOEP (Legacy)
2012-10-20 08:00:00,2012,10,9,14697,25.64,HOEP (Legacy)
2012-10-20 09:00:00,2012,10,10,14938,28.36,HOEP (Legacy)
2012-10-20 10:00:00,2012,10,11,15190,24.07,HOEP (Legacy)
2012-10-20 11:00:00,2012,10,12,15133,25.38,HOEP (Legacy)
2012-10-20 12:00:00,2012,10,13,15023,25.74,HOEP (Legacy)
2012-10-20 13:00:00,2012,10,14,14848,24.45,HOEP (Legacy)
2012-10-20 14:00:00,2012,10,15,14802,22.99,HOEP (Legacy)
2012-10-20 15:00:00,2012,10,16,14906,22.26,HOEP (Legacy)
2012-10-20 16:00:00,2012,10,17,15283,29.53,HOEP (Legacy)
2012-10-20 17:00:00,2012,10,18,15738,31.15,HOEP (Legacy)
2012-10-20 18:00:00,2012,10,19,15723,24.31,HOEP (Legacy)
2012-10-20 19:00:00,2012,10,20,15211,33.02,HOEP (Legacy)
2012-10-20 20:00:00,2012,10,21,14705,23.55,HOEP (Legacy)
2012-10-20 21:00:00,2012,10,22,13988,17.61,HOEP (Legacy)
2012-10-20 22:00:00,2012,10,23,13222,18.81,HOEP (Legacy)
2012-10-20 23:00:00,2012,10,24,12492,14.27,HOEP (Legacy)
2012-10-21 00:00:00,2012,10,1,12002,18.11,HOEP (Legacy)
2012-10-21 01:00:00,2012,10,2,11734,12.86,HOEP (Legacy)
2012-10-21 02:00:00,2012,10,3,11676,12.15,HOEP (Legacy)
2012-10-21 03:00:00,2012,10,4,11580,-34.83,HOEP (Legacy)
2012-10-21 04:00:00,2012,10,5,11657,15.82,HOEP (Legacy)
2012-10-21 05:00:00,2012,10,6,12016,12.71,HOEP (Legacy)
2012-10-21 06:00:00,2012,10,7,12533,18.1,HOEP (Legacy)
2012-10-21 07:00:00,2012,10,8,13221,15.93,HOEP (Legacy)
2012-10-21 08:00:00,2012,10,9,13787,25.47,HOEP (Legacy)
2012-10-21 09:00:00,2012,10,10,14153,16.45,HOEP (Legacy)
2012-10-21 10:00:00,2012,10,11,14271,31.7,HOEP (Legacy)
2012-10-21 11:00:00,2012,10,12,14287,16.51,HOEP (Legacy)
2012-10-21 12:00:00,2012,10,13,14225,14.23,HOEP (Legacy)
2012-10-21 13:00:00,2012,10,14,14096,13.84,HOEP (Legacy)
2012-10-21 14:00:00,2012,10,15,14095,20.37,HOEP (Legacy)
2012-10-21 15:00:00,2012,10,16,14541,23.39,HOEP (Legacy)
2012-10-21 16:00:00,2012,10,17,14950,23.9,HOEP (Legacy)
2012-10-21 17:00:00,2012,10,18,15598,70.39,HOEP (Legacy)
2012-10-21 18:00:00,2012,10,19,16152,60.29,HOEP (Legacy)
2012-10-21 19:00:00,2012,10,20,15727,57.98,HOEP (Legacy)
2012-10-21 20:00:00,2012,10,21,15131,21.22,HOEP (Legacy)
2012-10-21 21:00:00,2012,10,22,14295,18.29,HOEP (Legacy)
2012-10-21 22:00:00,2012,10,23,13298,14.96,HOEP (Legacy)
2012-10-21 23:00:00,2012,10,24,12546,14.21,HOEP (Legacy)
2012-10-22 00:00:00,2012,10,1,12175,14.61,HOEP (Legacy)
2012-10-22 01:00:00,2012,10,2,11968,14.63,HOEP (Legacy)
2012-10-22 02:00:00,2012,10,3,11931,16.42,HOEP (Legacy)
2012-10-22 03:00:00,2012,10,4,12044,20.48,HOEP (Legacy)
2012-10-22 04:00:00,2012,10,5,12714,51.07,HOEP (Legacy)
2012-10-22 05:00:00,2012,10,6,14308,18.59,HOEP (Legacy)
2012-10-22 06:00:00,2012,10,7,15997,36.19,HOEP (Legacy)
2012-10-22 07:00:00,2012,10,8,16184,25.29,HOEP (Legacy)
2012-10-22 08:00:00,2012,10,9,16234,23.03,HOEP (Legacy)
2012-10-22 09:00:00,2012,10,10,16262,21.07,HOEP (Legacy)
2012-10-22 10:00:00,2012,10,11,16304,21.84,HOEP (Legacy)
2012-10-22 11:00:00,2012,10,12,16269,24.69,HOEP (Legacy)
2012-10-22 12:00:00,2012,10,13,16230,26.99,HOEP (Legacy)
2012-10-22 13:00:00,2012,10,14,16112,23.51,HOEP (Legacy)
2012-10-22 14:00:00,2012,10,15,16160,25.35,HOEP (Legacy)
2012-10-22 15:00:00,2012,10,16,16505,28.31,HOEP (Legacy)
2012-10-22 16:00:00,2012,10,17,16774,29.34,HOEP (Legacy)
2012-10-22 17:00:00,2012,10,18,17373,39.51,HOEP (Legacy)
2012-10-22 18:00:00,2012,10,19,17809,30.6,HOEP (Legacy)
2012-10-22 19:00:00,2012,10,20,17370,25.22,HOEP (Legacy)
2012-10-22 20:00:00,2012,10,21,16653,25.45,HOEP (Legacy)
2012-10-22 21:00:00,2012,10,22,15440,23.45,HOEP (Legacy)
2012-10-22 22:00:00,2012,10,23,14206,45.31,HOEP (Legacy)
2012-10-22 23:00:00,2012,10,24,13112,18.07,HOEP (Legacy)
2012-10-23 00:00:00,2012,10,1,12631,31.3,HOEP (Legacy)
2012-10-23 01:00:00,2012,10,2,12492,28.66,HOEP (Legacy)
2012-10-23 02:00:00,2012,10,3,12339,21.03,HOEP (Legacy)
2012-10-23 03:00:00,2012,10,4,12414,8.58,HOEP (Legacy)
2012-10-23 04:00:00,2012,10,5,12947,-51.65,HOEP (Legacy)
2012-10-23 05:00:00,2012,10,6,14403,19.66,HOEP (Legacy)
2012-10-23 06:00:00,2012,10,7,16027,21.87,HOEP (Legacy)
2012-10-23 07:00:00,2012,10,8,16528,24.49,HOEP (Legacy)
2012-10-23 08:00:00,2012,10,9,16649,33.16,HOEP (Legacy)
2012-10-23 09:00:00,2012,10,10,16781,24.52,HOEP (Legacy)
2012-10-23 10:00:00,2012,10,11,16855,31.25,HOEP (Legacy)
2012-10-23 11:00:00,2012,10,12,16773,26.55,HOEP (Legacy)
2012-10-23 12:00:00,2012,10,13,16885,46.25,HOEP (Legacy)
2012-10-23 13:00:00,2012,10,14,16715,41.18,HOEP (Legacy)
2012-10-23 14:00:00,2012,10,15,16770,29.31,HOEP (Legacy)
2012-10-23 15:00:00,2012,10,16,17070,31.77,HOEP (Legacy)
2012-10-23 16:00:00,2012,10,17,17440,29.86,HOEP (Legacy)
2012-10-23 17:00:00,2012,10,18,17782,29.27,HOEP (Legacy)
2012-10-23 18:00:00,2012,10,19,17865,24.49,HOEP (Legacy)
2012-10-23 19:00:00,2012,10,20,17446,22.96,HOEP (Legacy)
2012-10-23 20:00:00,2012,10,21,16714,21.09,HOEP (Legacy)
2012-10-23 21:00:00,2012,10,22,15601,19.38,HOEP (Legacy)
2012-10-23 22:00:00,2012,10,23,14318,-10.48,HOEP (Legacy)
2012-10-23 23:00:00,2012,10,24,13325,12.65,HOEP (Legacy)
2012-10-24 00:00:00,2012,10,1,12795,17.17,HOEP (Legacy)
2012-10-24 01:00:00,2012,10,2,12653,21.31,HOEP (Legacy)
2012-10-24 02:00:00,2012,10,3,12436,23.75,HOEP (Legacy)
2012-10-24 03:00:00,2012,10,4,12590,42.71,HOEP (Legacy)
2012-10-24 04:00:00,2012,10,5,13194,54.22,HOEP (Legacy)
2012-10-24 05:00:00,2012,10,6,14707,44.82,HOEP (Legacy)
2012-10-24 06:00:00,2012,10,7,16354,52.91,HOEP (Legacy)
2012-10-24 07:00:00,2012,10,8,16744,44.94,HOEP (Legacy)
2012-10-24 08:00:00,2012,10,9,16682,25.55,HOEP (Legacy)
2012-10-24 09:00:00,2012,10,10,16823,24.01,HOEP (Legacy)
2012-10-24 10:00:00,2012,10,11,16750,24.34,HOEP (Legacy)
2012-10-24 11:00:00,2012,10,12,16688,26.28,HOEP (Legacy)
2012-10-24 12:00:00,2012,10,13,16729,26.22,HOEP (Legacy)
2012-10-24 13:00:00,2012,10,14,16702,26.24,HOEP (Legacy)
2012-10-24 14:00:00,2012,10,15,16665,26.27,HOEP (Legacy)
2012-10-24 15:00:00,2012,10,16,16971,26.25,HOEP (Legacy)
2012-10-24 16:00:00,2012,10,17,17315,26.8,HOEP (Legacy)
2012-10-24 17:00:00,2012,10,18,17833,27.95,HOEP (Legacy)
2012-10-24 18:00:00,2012,10,19,18081,26.39,HOEP (Legacy)
2012-10-24 19:00:00,2012,10,20,17606,24.9,HOEP (Legacy)
2012-10-24 20:00:00,2012,10,21,16847,25.47,HOEP (Legacy)
2012-10-24 21:00:00,2012,10,22,15519,18.03,HOEP (Legacy)
2012-10-24 22:00:00,2012,10,23,14324,18.05,HOEP (Legacy)
2012-10-24 23:00:00,2012,10,24,13342,17.44,HOEP (Legacy)
2012-10-25 00:00:00,2012,10,1,12714,15.63,HOEP (Legacy)
2012-10-25 01:00:00,2012,10,2,12474,17.42,HOEP (Legacy)
2012-10-25 02:00:00,2012,10,3,12238,12.18,HOEP (Legacy)
2012-10-25 03:00:00,2012,10,4,12277,13.4,HOEP (Legacy)
2012-10-25 04:00:00,2012,10,5,12855,15.52,HOEP (Legacy)
2012-10-25 05:00:00,2012,10,6,14358,23.59,HOEP (Legacy)
2012-10-25 06:00:00,2012,10,7,15958,20.75,HOEP (Legacy)
2012-10-25 07:00:00,2012,10,8,16346,21.89,HOEP (Legacy)
2012-10-25 08:00:00,2012,10,9,16274,21.64,HOEP (Legacy)
2012-10-25 09:00:00,2012,10,10,16290,24.5,HOEP (Legacy)
2012-10-25 10:00:00,2012,10,11,16271,24.22,HOEP (Legacy)
2012-10-25 11:00:00,2012,10,12,16067,23.66,HOEP (Legacy)
2012-10-25 12:00:00,2012,10,13,16192,23.53,HOEP (Legacy)
2012-10-25 13:00:00,2012,10,14,16189,23.67,HOEP (Legacy)
2012-10-25 14:00:00,2012,10,15,16126,23.84,HOEP (Legacy)
2012-10-25 15:00:00,2012,10,16,16377,23.35,HOEP (Legacy)
2012-10-25 16:00:00,2012,10,17,16441,19.93,HOEP (Legacy)
2012-10-25 17:00:00,2012,10,18,16863,21.36,HOEP (Legacy)
2012-10-25 18:00:00,2012,10,19,17558,18.48,HOEP (Legacy)
2012-10-25 19:00:00,2012,10,20,17072,19.11,HOEP (Legacy)
2012-10-25 20:00:00,2012,10,21,16304,17.12,HOEP (Legacy)
2012-10-25 21:00:00,2012,10,22,15242,14.85,HOEP (Legacy)
2012-10-25 22:00:00,2012,10,23,13907,13.14,HOEP (Legacy)
2012-10-25 23:00:00,2012,10,24,13139,-23.44,HOEP (Legacy)
2012-10-26 00:00:00,2012,10,1,12526,-128.09,HOEP (Legacy)
2012-10-26 01:00:00,2012,10,2,12208,-82.23,HOEP (Legacy)
2012-10-26 02:00:00,2012,10,3,12066,-71.53,HOEP (Legacy)
2012-10-26 03:00:00,2012,10,4,12054,-0.01,HOEP (Legacy)
2012-10-26 04:00:00,2012,10,5,12467,13.11,HOEP (Legacy)
2012-10-26 05:00:00,2012,10,6,14165,18.16,HOEP (Legacy)
2012-10-26 06:00:00,2012,10,7,15804,20.51,HOEP (Legacy)
2012-10-26 07:00:00,2012,10,8,16133,19.69,HOEP (Legacy)
2012-10-26 08:00:00,2012,10,9,16205,18.31,HOEP (Legacy)
2012-10-26 09:00:00,2012,10,10,16344,18.38,HOEP (Legacy)
2012-10-26 10:00:00,2012,10,11,16359,27.22,HOEP (Legacy)
2012-10-26 11:00:00,2012,10,12,16380,26.26,HOEP (Legacy)
2012-10-26 12:00:00,2012,10,13,16429,30.96,HOEP (Legacy)
2012-10-26 13:00:00,2012,10,14,16162,22.76,HOEP (Legacy)
2012-10-26 14:00:00,2012,10,15,16128,23.71,HOEP (Legacy)
2012-10-26 15:00:00,2012,10,16,16304,22.83,HOEP (Legacy)
2012-10-26 16:00:00,2012,10,17,16670,29.52,HOEP (Legacy)
2012-10-26 17:00:00,2012,10,18,17148,61.81,HOEP (Legacy)
2012-10-26 18:00:00,2012,10,19,16968,24.05,HOEP (Legacy)
2012-10-26 19:00:00,2012,10,20,16703,25.68,HOEP (Legacy)
2012-10-26 20:00:00,2012,10,21,16021,24.68,HOEP (Legacy)
2012-10-26 21:00:00,2012,10,22,15093,20.11,HOEP (Legacy)
2012-10-26 22:00:00,2012,10,23,13937,16.53,HOEP (Legacy)
2012-10-26 23:00:00,2012,10,24,12853,16.38,HOEP (Legacy)
2012-10-27 00:00:00,2012,10,1,12357,16.99,HOEP (Legacy)
2012-10-27 01:00:00,2012,10,2,12045,9.57,HOEP (Legacy)
2012-10-27 02:00:00,2012,10,3,11868,3.61,HOEP (Legacy)
2012-10-27 03:00:00,2012,10,4,11877,2.41,HOEP (Legacy)
2012-10-27 04:00:00,2012,10,5,12100,2.43,HOEP (Legacy)
2012-10-27 05:00:00,2012,10,6,12668,13.0,HOEP (Legacy)
2012-10-27 06:00:00,2012,10,7,13563,1.03,HOEP (Legacy)
2012-10-27 07:00:00,2012,10,8,14497,15.23,HOEP (Legacy)
2012-10-27 08:00:00,2012,10,9,15292,33.05,HOEP (Legacy)
2012-10-27 09:00:00,2012,10,10,15765,70.48,HOEP (Legacy)
2012-10-27 10:00:00,2012,10,11,16049,70.82,HOEP (Legacy)
2012-10-27 11:00:00,2012,10,12,16005,38.82,HOEP (Legacy)
2012-10-27 12:00:00,2012,10,13,15825,25.15,HOEP (Legacy)
2012-10-27 13:00:00,2012,10,14,15609,23.09,HOEP (Legacy)
2012-10-27 14:00:00,2012,10,15,15488,19.48,HOEP (Legacy)
2012-10-27 15:00:00,2012,10,16,15658,22.32,HOEP (Legacy)
2012-10-27 16:00:00,2012,10,17,15894,21.63,HOEP (Legacy)
2012-10-27 17:00:00,2012,10,18,16168,22.62,HOEP (Legacy)
2012-10-27 18:00:00,2012,10,19,16157,20.67,HOEP (Legacy)
2012-10-27 19:00:00,2012,10,20,15682,20.06,HOEP (Legacy)
2012-10-27 20:00:00,2012,10,21,15093,25.22,HOEP (Legacy)
2012-10-27 21:00:00,2012,10,22,14362,17.79,HOEP (Legacy)
2012-10-27 22:00:00,2012,10,23,13486,23.42,HOEP (Legacy)
2012-10-27 23:00:00,2012,10,24,12717,12.95,HOEP (Legacy)
2012-10-28 00:00:00,2012,10,1,12205,14.43,HOEP (Legacy)
2012-10-28 01:00:00,2012,10,2,11954,14.42,HOEP (Legacy)
2012-10-28 02:00:00,2012,10,3,11782,14.41,HOEP (Legacy)
2012-10-28 03:00:00,2012,10,4,11820,14.42,HOEP (Legacy)
2012-10-28 04:00:00,2012,10,5,11913,13.58,HOEP (Legacy)
2012-10-28 05:00:00,2012,10,6,12328,14.42,HOEP (Legacy)
2012-10-28 06:00:00,2012,10,7,13024,-54.76,HOEP (Legacy)
2012-10-28 07:00:00,2012,10,8,13724,13.6,HOEP (Legacy)
2012-10-28 08:00:00,2012,10,9,14458,13.76,HOEP (Legacy)
2012-10-28 09:00:00,2012,10,10,14868,15.65,HOEP (Legacy)
2012-10-28 10:00:00,2012,10,11,15231,17.97,HOEP (Legacy)
2012-10-28 11:00:00,2012,10,12,15444,22.48,HOEP (Legacy)
2012-10-28 12:00:00,2012,10,13,15485,18.52,HOEP (Legacy)
2012-10-28 13:00:00,2012,10,14,15441,25.84,HOEP (Legacy)
2012-10-28 14:00:00,2012,10,15,15490,24.49,HOEP (Legacy)
2012-10-28 15:00:00,2012,10,16,15979,39.6,HOEP (Legacy)
2012-10-28 16:00:00,2012,10,17,16544,45.2,HOEP (Legacy)
2012-10-28 17:00:00,2012,10,18,16933,21.65,HOEP (Legacy)
2012-10-28 18:00:00,2012,10,19,16720,19.74,HOEP (Legacy)
2012-10-28 19:00:00,2012,10,20,16193,17.58,HOEP (Legacy)
2012-10-28 20:00:00,2012,10,21,15650,16.0,HOEP (Legacy)
2012-10-28 21:00:00,2012,10,22,14767,15.2,HOEP (Legacy)
2012-10-28 22:00:00,2012,10,23,13856,13.09,HOEP (Legacy)
2012-10-28 23:00:00,2012,10,24,13072,-17.96,HOEP (Legacy)
2012-10-29 00:00:00,2012,10,1,12629,10.26,HOEP (Legacy)
2012-10-29 01:00:00,2012,10,2,12506,9.77,HOEP (Legacy)
2012-10-29 02:00:00,2012,10,3,12491,9.8,HOEP (Legacy)
2012-10-29 03:00:00,2012,10,4,12671,9.83,HOEP (Legacy)
2012-10-29 04:00:00,2012,10,5,13219,9.15,HOEP (Legacy)
2012-10-29 05:00:00,2012,10,6,14776,7.76,HOEP (Legacy)
2012-10-29 06:00:00,2012,10,7,16528,51.81,HOEP (Legacy)
2012-10-29 07:00:00,2012,10,8,17087,30.32,HOEP (Legacy)
2012-10-29 08:00:00,2012,10,9,17331,50.89,HOEP (Legacy)
2012-10-29 09:00:00,2012,10,10,17383,18.8,HOEP (Legacy)
2012-10-29 10:00:00,2012,10,11,17494,28.66,HOEP (Legacy)
2012-10-29 11:00:00,2012,10,12,17321,27.47,HOEP (Legacy)
2012-10-29 12:00:00,2012,10,13,17282,25.92,HOEP (Legacy)
2012-10-29 13:00:00,2012,10,14,17325,27.67,HOEP (Legacy)
2012-10-29 14:00:00,2012,10,15,17507,26.81,HOEP (Legacy)
2012-10-29 15:00:00,2012,10,16,17954,26.83,HOEP (Legacy)
2012-10-29 16:00:00,2012,10,17,18360,28.71,HOEP (Legacy)
2012-10-29 17:00:00,2012,10,18,18829,28.6,HOEP (Legacy)
2012-10-29 18:00:00,2012,10,19,18740,26.82,HOEP (Legacy)
2012-10-29 19:00:00,2012,10,20,18182,24.92,HOEP (Legacy)
2012-10-29 20:00:00,2012,10,21,17204,21.58,HOEP (Legacy)
2012-10-29 21:00:00,2012,10,22,15983,2.51,HOEP (Legacy)
2012-10-29 22:00:00,2012,10,23,14714,-2.7,HOEP (Legacy)
2012-10-29 23:00:00,2012,10,24,13779,-128.13,HOEP (Legacy)
2012-10-30 00:00:00,2012,10,1,13227,-108.92,HOEP (Legacy)
2012-10-30 01:00:00,2012,10,2,13030,-128.03,HOEP (Legacy)
2012-10-30 02:00:00,2012,10,3,12955,-116.51,HOEP (Legacy)
2012-10-30 03:00:00,2012,10,4,12966,-116.51,HOEP (Legacy)
2012-10-30 04:00:00,2012,10,5,13366,-85.93,HOEP (Legacy)
2012-10-30 05:00:00,2012,10,6,14788,-11.67,HOEP (Legacy)
2012-10-30 06:00:00,2012,10,7,16240,29.4,HOEP (Legacy)
2012-10-30 07:00:00,2012,10,8,16450,16.99,HOEP (Legacy)
2012-10-30 08:00:00,2012,10,9,16555,17.06,HOEP (Legacy)
2012-10-30 09:00:00,2012,10,10,16913,39.19,HOEP (Legacy)
2012-10-30 10:00:00,2012,10,11,16924,22.7,HOEP (Legacy)
2012-10-30 11:00:00,2012,10,12,16768,24.17,HOEP (Legacy)
2012-10-30 12:00:00,2012,10,13,16788,20.18,HOEP (Legacy)
2012-10-30 13:00:00,2012,10,14,16681,20.98,HOEP (Legacy)
2012-10-30 14:00:00,2012,10,15,16765,22.46,HOEP (Legacy)
2012-10-30 15:00:00,2012,10,16,17049,29.11,HOEP (Legacy)
2012-10-30 16:00:00,2012,10,17,17568,33.51,HOEP (Legacy)
2012-10-30 17:00:00,2012,10,18,18030,49.95,HOEP (Legacy)
2012-10-30 18:00:00,2012,10,19,17995,41.73,HOEP (Legacy)
2012-10-30 19:00:00,2012,10,20,17460,19.08,HOEP (Legacy)
2012-10-30 20:00:00,2012,10,21,16747,27.86,HOEP (Legacy)
2012-10-30 21:00:00,2012,10,22,15628,4.77,HOEP (Legacy)
2012-10-30 22:00:00,2012,10,23,14452,-122.36,HOEP (Legacy)
2012-10-30 23:00:00,2012,10,24,13610,-120.57,HOEP (Legacy)
2012-10-31 00:00:00,2012,10,1,13137,-13.04,HOEP (Legacy)
2012-10-31 01:00:00,2012,10,2,12845,-43.19,HOEP (Legacy)
2012-10-31 02:00:00,2012,10,3,12831,13.79,HOEP (Legacy)
2012-10-31 03:00:00,2012,10,4,12829,14.72,HOEP (Legacy)
2012-10-31 04:00:00,2012,10,5,13295,-18.23,HOEP (Legacy)
2012-10-31 05:00:00,2012,10,6,14825,35.32,HOEP (Legacy)
2012-10-31 06:00:00,2012,10,7,16465,47.39,HOEP (Legacy)
2012-10-31 07:00:00,2012,10,8,16998,23.66,HOEP (Legacy)
2012-10-31 08:00:00,2012,10,9,16906,21.11,HOEP (Legacy)
2012-10-31 09:00:00,2012,10,10,17006,37.89,HOEP (Legacy)
2012-10-31 10:00:00,2012,10,11,17029,43.07,HOEP (Legacy)
2012-10-31 11:00:00,2012,10,12,17003,22.22,HOEP (Legacy)
2012-10-31 12:00:00,2012,10,13,16919,31.09,HOEP (Legacy)
2012-10-31 13:00:00,2012,10,14,16845,25.15,HOEP (Legacy)
2012-10-31 14:00:00,2012,10,15,17023,28.78,HOEP (Legacy)
2012-10-31 15:00:00,2012,10,16,17379,28.43,HOEP (Legacy)
2012-10-31 16:00:00,2012,10,17,17576,26.9,HOEP (Legacy)
2012-10-31 17:00:00,2012,10,18,17827,29.45,HOEP (Legacy)
2012-10-31 18:00:00,2012,10,19,17652,28.83,HOEP (Legacy)
2012-10-31 19:00:00,2012,10,20,17368,25.52,HOEP (Legacy)
2012-10-31 20:00:00,2012,10,21,16764,23.8,HOEP (Legacy)
2012-10-31 21:00:00,2012,10,22,15703,16.91,HOEP (Legacy)
2012-10-31 22:00:00,2012,10,23,14474,16.84,HOEP (Legacy)
2012-10-31 23:00:00,2012,10,24,13618,29.74,HOEP (Legacy)
2012-11-01 00:00:00,2012,11,1,13219,20.64,HOEP (Legacy)
2012-11-01 01:00:00,2012,11,2,13017,14.34,HOEP (Legacy)
2012-11-01 02:00:00,2012,11,3,12881,14.39,HOEP (Legacy)
2012-11-01 03:00:00,2012,11,4,12937,14.53,HOEP (Legacy)
2012-11-01 04:00:00,2012,11,5,13450,39.06,HOEP (Legacy)
2012-11-01 05:00:00,2012,11,6,14801,61.2,HOEP (Legacy)
2012-11-01 06:00:00,2012,11,7,16496,101.94,HOEP (Legacy)
2012-11-01 07:00:00,2012,11,8,16988,61.44,HOEP (Legacy)
2012-11-01 08:00:00,2012,11,9,17008,107.05,HOEP (Legacy)
2012-11-01 09:00:00,2012,11,10,16953,41.26,HOEP (Legacy)
2012-11-01 10:00:00,2012,11,11,17012,20.89,HOEP (Legacy)
2012-11-01 11:00:00,2012,11,12,16927,17.43,HOEP (Legacy)
2012-11-01 12:00:00,2012,11,13,16895,18.28,HOEP (Legacy)
2012-11-01 13:00:00,2012,11,14,16703,17.67,HOEP (Legacy)
2012-11-01 14:00:00,2012,11,15,16761,28.51,HOEP (Legacy)
2012-11-01 15:00:00,2012,11,16,17199,27.29,HOEP (Legacy)
2012-11-01 16:00:00,2012,11,17,17700,28.88,HOEP (Legacy)
2012-11-01 17:00:00,2012,11,18,18349,59.16,HOEP (Legacy)
2012-11-01 18:00:00,2012,11,19,18540,36.52,HOEP (Legacy)
2012-11-01 19:00:00,2012,11,20,18032,28.39,HOEP (Legacy)
2012-11-01 20:00:00,2012,11,21,17318,24.66,HOEP (Legacy)
2012-11-01 21:00:00,2012,11,22,16188,26.69,HOEP (Legacy)
2012-11-01 22:00:00,2012,11,23,14944,40.28,HOEP (Legacy)
2012-11-01 23:00:00,2012,11,24,13927,14.79,HOEP (Legacy)
2012-11-02 00:00:00,2012,11,1,13364,27.44,HOEP (Legacy)
2012-11-02 01:00:00,2012,11,2,13105,14.41,HOEP (Legacy)
2012-11-02 02:00:00,2012,11,3,12992,13.64,HOEP (Legacy)
2012-11-02 03:00:00,2012,11,4,13160,14.41,HOEP (Legacy)
2012-11-02 04:00:00,2012,11,5,13524,31.39,HOEP (Legacy)
2012-11-02 05:00:00,2012,11,6,15185,19.84,HOEP (Legacy)
2012-11-02 06:00:00,2012,11,7,16697,32.03,HOEP (Legacy)
2012-11-02 07:00:00,2012,11,8,17082,17.15,HOEP (Legacy)
2012-11-02 08:00:00,2012,11,9,16879,17.81,HOEP (Legacy)
2012-11-02 09:00:00,2012,11,10,16908,20.13,HOEP (Legacy)
2012-11-02 10:00:00,2012,11,11,16897,22.48,HOEP (Legacy)
2012-11-02 11:00:00,2012,11,12,16664,18.06,HOEP (Legacy)
2012-11-02 12:00:00,2012,11,13,16734,14.48,HOEP (Legacy)
2012-11-02 13:00:00,2012,11,14,16586,17.45,HOEP (Legacy)
2012-11-02 14:00:00,2012,11,15,16603,17.65,HOEP (Legacy)
2012-11-02 15:00:00,2012,11,16,16876,18.06,HOEP (Legacy)
2012-11-02 16:00:00,2012,11,17,17303,19.05,HOEP (Legacy)
2012-11-02 17:00:00,2012,11,18,17887,26.0,HOEP (Legacy)
2012-11-02 18:00:00,2012,11,19,17929,28.4,HOEP (Legacy)
2012-11-02 19:00:00,2012,11,20,17552,49.17,HOEP (Legacy)
2012-11-02 20:00:00,2012,11,21,16974,23.47,HOEP (Legacy)
2012-11-02 21:00:00,2012,11,22,15915,19.57,HOEP (Legacy)
2012-11-02 22:00:00,2012,11,23,14664,14.41,HOEP (Legacy)
2012-11-02 23:00:00,2012,11,24,13806,13.38,HOEP (Legacy)
2012-11-03 00:00:00,2012,11,1,13210,14.65,HOEP (Legacy)
2012-11-03 01:00:00,2012,11,2,12909,14.42,HOEP (Legacy)
2012-11-03 02:00:00,2012,11,3,12806,14.4,HOEP (Legacy)
2012-11-03 03:00:00,2012,11,4,12849,14.41,HOEP (Legacy)
2012-11-03 04:00:00,2012,11,5,12940,14.59,HOEP (Legacy)
2012-11-03 05:00:00,2012,11,6,13584,30.63,HOEP (Legacy)
2012-11-03 06:00:00,2012,11,7,14528,17.88,HOEP (Legacy)
2012-11-03 07:00:00,2012,11,8,15189,25.7,HOEP (Legacy)
2012-11-03 08:00:00,2012,11,9,15684,51.11,HOEP (Legacy)
2012-11-03 09:00:00,2012,11,10,15904,72.29,HOEP (Legacy)
2012-11-03 10:00:00,2012,11,11,16018,90.67,HOEP (Legacy)
2012-11-03 11:00:00,2012,11,12,15917,16.35,HOEP (Legacy)
2012-11-03 12:00:00,2012,11,13,15781,15.48,HOEP (Legacy)
2012-11-03 13:00:00,2012,11,14,15572,20.9,HOEP (Legacy)
2012-11-03 14:00:00,2012,11,15,15582,19.32,HOEP (Legacy)
2012-11-03 15:00:00,2012,11,16,15845,15.51,HOEP (Legacy)
2012-11-03 16:00:00,2012,11,17,16352,19.35,HOEP (Legacy)
2012-11-03 17:00:00,2012,11,18,16980,30.67,HOEP (Legacy)
2012-11-03 18:00:00,2012,11,19,16904,27.71,HOEP (Legacy)
2012-11-03 19:00:00,2012,11,20,16371,77.07,HOEP (Legacy)
2012-11-03 20:00:00,2012,11,21,15988,63.92,HOEP (Legacy)
2012-11-03 21:00:00,2012,11,22,15176,17.82,HOEP (Legacy)
2012-11-03 22:00:00,2012,11,23,14377,14.56,HOEP (Legacy)
2012-11-03 23:00:00,2012,11,24,13482,9.38,HOEP (Legacy)
2012-11-04 00:00:00,2012,11,1,13053,14.13,HOEP (Legacy)
2012-11-04 01:00:00,2012,11,2,12767,12.69,HOEP (Legacy)
2012-11-04 02:00:00,2012,11,3,12512,13.86,HOEP (Legacy)
2012-11-04 03:00:00,2012,11,4,12446,14.4,HOEP (Legacy)
2012-11-04 04:00:00,2012,11,5,12452,14.4,HOEP (Legacy)
2012-11-04 05:00:00,2012,11,6,12704,14.4,HOEP (Legacy)
2012-11-04 06:00:00,2012,11,7,13126,14.77,HOEP (Legacy)
2012-11-04 07:00:00,2012,11,8,13796,15.1,HOEP (Legacy)
2012-11-04 08:00:00,2012,11,9,14615,18.6,HOEP (Legacy)
2012-11-04 09:00:00,2012,11,10,15318,20.99,HOEP (Legacy)
2012-11-04 10:00:00,2012,11,11,15586,28.68,HOEP (Legacy)
2012-11-04 11:00:00,2012,11,12,15693,27.45,HOEP (Legacy)
2012-11-04 12:00:00,2012,11,13,15753,29.64,HOEP (Legacy)
2012-11-04 13:00:00,2012,11,14,15612,29.01,HOEP (Legacy)
2012-11-04 14:00:00,2012,11,15,15536,16.18,HOEP (Legacy)
2012-11-04 15:00:00,2012,11,16,15763,19.56,HOEP (Legacy)
2012-11-04 16:00:00,2012,11,17,16553,42.73,HOEP (Legacy)
2012-11-04 17:00:00,2012,11,18,17726,101.76,HOEP (Legacy)
2012-11-04 18:00:00,2012,11,19,17791,68.34,HOEP (Legacy)
2012-11-04 19:00:00,2012,11,20,17360,32.3,HOEP (Legacy)
2012-11-04 20:00:00,2012,11,21,16818,32.19,HOEP (Legacy)
2012-11-04 21:00:00,2012,11,22,16070,36.87,HOEP (Legacy)
2012-11-04 22:00:00,2012,11,23,15090,42.05,HOEP (Legacy)
2012-11-04 23:00:00,2012,11,24,14161,22.3,HOEP (Legacy)
2012-11-05 00:00:00,2012,11,1,13540,50.99,HOEP (Legacy)
2012-11-05 01:00:00,2012,11,2,13204,30.11,HOEP (Legacy)
2012-11-05 02:00:00,2012,11,3,13141,20.88,HOEP (Legacy)
2012-11-05 03:00:00,2012,11,4,13226,18.88,HOEP (Legacy)
2012-11-05 04:00:00,2012,11,5,13393,15.58,HOEP (Legacy)
2012-11-05 05:00:00,2012,11,6,14198,14.69,HOEP (Legacy)
2012-11-05 06:00:00,2012,11,7,15705,25.28,HOEP (Legacy)
2012-11-05 07:00:00,2012,11,8,17170,43.43,HOEP (Legacy)
2012-11-05 08:00:00,2012,11,9,17413,32.92,HOEP (Legacy)
2012-11-05 09:00:00,2012,11,10,17450,34.63,HOEP (Legacy)
2012-11-05 10:00:00,2012,11,11,17617,48.44,HOEP (Legacy)
2012-11-05 11:00:00,2012,11,12,17536,49.11,HOEP (Legacy)
2012-11-05 12:00:00,2012,11,13,17383,33.38,HOEP (Legacy)
2012-11-05 13:00:00,2012,11,14,17330,35.32,HOEP (Legacy)
2012-11-05 14:00:00,2012,11,15,17306,31.17,HOEP (Legacy)
2012-11-05 15:00:00,2012,11,16,17479,31.35,HOEP (Legacy)
2012-11-05 16:00:00,2012,11,17,18281,29.78,HOEP (Legacy)
2012-11-05 17:00:00,2012,11,18,19051,57.0,HOEP (Legacy)
2012-11-05 18:00:00,2012,11,19,19254,41.29,HOEP (Legacy)
2012-11-05 19:00:00,2012,11,20,19027,32.38,HOEP (Legacy)
2012-11-05 20:00:00,2012,11,21,18602,42.05,HOEP (Legacy)
2012-11-05 21:00:00,2012,11,22,17847,36.65,HOEP (Legacy)
2012-11-05 22:00:00,2012,11,23,16648,28.0,HOEP (Legacy)
2012-11-05 23:00:00,2012,11,24,15380,30.16,HOEP (Legacy)
2012-11-06 00:00:00,2012,11,1,14518,31.45,HOEP (Legacy)
2012-11-06 01:00:00,2012,11,2,14061,52.24,HOEP (Legacy)
2012-11-06 02:00:00,2012,11,3,13786,22.2,HOEP (Legacy)
2012-11-06 03:00:00,2012,11,4,13786,16.27,HOEP (Legacy)
2012-11-06 04:00:00,2012,11,5,13928,14.79,HOEP (Legacy)
2012-11-06 05:00:00,2012,11,6,14643,23.1,HOEP (Legacy)
2012-11-06 06:00:00,2012,11,7,16204,33.16,HOEP (Legacy)
2012-11-06 07:00:00,2012,11,8,17318,29.81,HOEP (Legacy)
2012-11-06 08:00:00,2012,11,9,17483,29.05,HOEP (Legacy)
2012-11-06 09:00:00,2012,11,10,17547,30.67,HOEP (Legacy)
2012-11-06 10:00:00,2012,11,11,17588,33.53,HOEP (Legacy)
2012-11-06 11:00:00,2012,11,12,17615,37.46,HOEP (Legacy)
2012-11-06 12:00:00,2012,11,13,17628,30.55,HOEP (Legacy)
2012-11-06 13:00:00,2012,11,14,17648,32.03,HOEP (Legacy)
2012-11-06 14:00:00,2012,11,15,17537,29.38,HOEP (Legacy)
2012-11-06 15:00:00,2012,11,16,17582,30.66,HOEP (Legacy)
2012-11-06 16:00:00,2012,11,17,18248,30.87,HOEP (Legacy)
2012-11-06 17:00:00,2012,11,18,19409,34.35,HOEP (Legacy)
2012-11-06 18:00:00,2012,11,19,19419,31.26,HOEP (Legacy)
2012-11-06 19:00:00,2012,11,20,19096,34.25,HOEP (Legacy)
2012-11-06 20:00:00,2012,11,21,18687,40.03,HOEP (Legacy)
2012-11-06 21:00:00,2012,11,22,17902,36.02,HOEP (Legacy)
2012-11-06 22:00:00,2012,11,23,16689,29.64,HOEP (Legacy)
2012-11-06 23:00:00,2012,11,24,15423,28.22,HOEP (Legacy)
2012-11-07 00:00:00,2012,11,1,14506,20.43,HOEP (Legacy)
2012-11-07 01:00:00,2012,11,2,14029,20.64,HOEP (Legacy)
2012-11-07 02:00:00,2012,11,3,13886,16.44,HOEP (Legacy)
2012-11-07 03:00:00,2012,11,4,13770,14.69,HOEP (Legacy)
2012-11-07 04:00:00,2012,11,5,13943,21.66,HOEP (Legacy)
2012-11-07 05:00:00,2012,11,6,14691,23.98,HOEP (Legacy)
2012-11-07 06:00:00,2012,11,7,16048,31.19,HOEP (Legacy)
2012-11-07 07:00:00,2012,11,8,17245,33.81,HOEP (Legacy)
2012-11-07 08:00:00,2012,11,9,17418,29.9,HOEP (Legacy)
2012-11-07 09:00:00,2012,11,10,17261,29.51,HOEP (Legacy)
2012-11-07 10:00:00,2012,11,11,17143,29.48,HOEP (Legacy)
2012-11-07 11:00:00,2012,11,12,17026,29.51,HOEP (Legacy)
2012-11-07 12:00:00,2012,11,13,16891,29.49,HOEP (Legacy)
2012-11-07 13:00:00,2012,11,14,16760,29.45,HOEP (Legacy)
2012-11-07 14:00:00,2012,11,15,16776,29.5,HOEP (Legacy)
2012-11-07 15:00:00,2012,11,16,16884,29.52,HOEP (Legacy)
2012-11-07 16:00:00,2012,11,17,17918,29.81,HOEP (Legacy)
2012-11-07 17:00:00,2012,11,18,19058,32.94,HOEP (Legacy)
2012-11-07 18:00:00,2012,11,19,19189,31.6,HOEP (Legacy)
2012-11-07 19:00:00,2012,11,20,18892,30.1,HOEP (Legacy)
2012-11-07 20:00:00,2012,11,21,18548,30.03,HOEP (Legacy)
2012-11-07 21:00:00,2012,11,22,17863,29.72,HOEP (Legacy)
2012-11-07 22:00:00,2012,11,23,16562,28.61,HOEP (Legacy)
2012-11-07 23:00:00,2012,11,24,15305,35.11,HOEP (Legacy)
2012-11-08 00:00:00,2012,11,1,14488,30.14,HOEP (Legacy)
2012-11-08 01:00:00,2012,11,2,14060,23.16,HOEP (Legacy)
2012-11-08 02:00:00,2012,11,3,13832,23.37,HOEP (Legacy)
2012-11-08 03:00:00,2012,11,4,13802,28.11,HOEP (Legacy)
2012-11-08 04:00:00,2012,11,5,13967,19.95,HOEP (Legacy)
2012-11-08 05:00:00,2012,11,6,14816,17.6,HOEP (Legacy)
2012-11-08 06:00:00,2012,11,7,16271,57.78,HOEP (Legacy)
2012-11-08 07:00:00,2012,11,8,17550,65.72,HOEP (Legacy)
2012-11-08 08:00:00,2012,11,9,17485,48.03,HOEP (Legacy)
2012-11-08 09:00:00,2012,11,10,17161,29.33,HOEP (Legacy)
2012-11-08 10:00:00,2012,11,11,17144,31.46,HOEP (Legacy)
2012-11-08 11:00:00,2012,11,12,17008,31.14,HOEP (Legacy)
2012-11-08 12:00:00,2012,11,13,16860,29.34,HOEP (Legacy)
2012-11-08 13:00:00,2012,11,14,16798,29.34,HOEP (Legacy)
2012-11-08 14:00:00,2012,11,15,16607,29.25,HOEP (Legacy)
2012-11-08 15:00:00,2012,11,16,16662,28.65,HOEP (Legacy)
2012-11-08 16:00:00,2012,11,17,17487,29.31,HOEP (Legacy)
2012-11-08 17:00:00,2012,11,18,18848,36.45,HOEP (Legacy)
2012-11-08 18:00:00,2012,11,19,18903,33.29,HOEP (Legacy)
2012-11-08 19:00:00,2012,11,20,18633,33.26,HOEP (Legacy)
2012-11-08 20:00:00,2012,11,21,18262,33.42,HOEP (Legacy)
2012-11-08 21:00:00,2012,11,22,17446,32.14,HOEP (Legacy)
2012-11-08 22:00:00,2012,11,23,16261,29.31,HOEP (Legacy)
2012-11-08 23:00:00,2012,11,24,15030,26.52,HOEP (Legacy)
2012-11-09 00:00:00,2012,11,1,14026,21.93,HOEP (Legacy)
2012-11-09 01:00:00,2012,11,2,13615,14.19,HOEP (Legacy)
2012-11-09 02:00:00,2012,11,3,13289,20.79,HOEP (Legacy)
2012-11-09 03:00:00,2012,11,4,13183,17.26,HOEP (Legacy)
2012-11-09 04:00:00,2012,11,5,13331,19.46,HOEP (Legacy)
2012-11-09 05:00:00,2012,11,6,14132,21.12,HOEP (Legacy)
2012-11-09 06:00:00,2012,11,7,15497,38.42,HOEP (Legacy)
2012-11-09 07:00:00,2012,11,8,16885,44.01,HOEP (Legacy)
2012-11-09 08:00:00,2012,11,9,17370,55.44,HOEP (Legacy)
2012-11-09 09:00:00,2012,11,10,17350,44.25,HOEP (Legacy)
2012-11-09 10:00:00,2012,11,11,17283,44.5,HOEP (Legacy)
2012-11-09 11:00:00,2012,11,12,17103,40.89,HOEP (Legacy)
2012-11-09 12:00:00,2012,11,13,16900,29.78,HOEP (Legacy)
2012-11-09 13:00:00,2012,11,14,16973,28.86,HOEP (Legacy)
2012-11-09 14:00:00,2012,11,15,16933,28.71,HOEP (Legacy)
2012-11-09 15:00:00,2012,11,16,17010,28.71,HOEP (Legacy)
2012-11-09 16:00:00,2012,11,17,17411,30.59,HOEP (Legacy)
2012-11-09 17:00:00,2012,11,18,18203,34.33,HOEP (Legacy)
2012-11-09 18:00:00,2012,11,19,18043,32.78,HOEP (Legacy)
2012-11-09 19:00:00,2012,11,20,17661,32.34,HOEP (Legacy)
2012-11-09 20:00:00,2012,11,21,17253,29.28,HOEP (Legacy)
2012-11-09 21:00:00,2012,11,22,16651,29.55,HOEP (Legacy)
2012-11-09 22:00:00,2012,11,23,15682,32.55,HOEP (Legacy)
2012-11-09 23:00:00,2012,11,24,14480,44.06,HOEP (Legacy)
2012-11-10 00:00:00,2012,11,1,13469,33.71,HOEP (Legacy)
2012-11-10 01:00:00,2012,11,2,12909,27.4,HOEP (Legacy)
2012-11-10 02:00:00,2012,11,3,12600,20.2,HOEP (Legacy)
2012-11-10 03:00:00,2012,11,4,12513,25.29,HOEP (Legacy)
2012-11-10 04:00:00,2012,11,5,12573,17.67,HOEP (Legacy)
2012-11-10 05:00:00,2012,11,6,12910,20.54,HOEP (Legacy)
2012-11-10 06:00:00,2012,11,7,13551,26.74,HOEP (Legacy)
2012-11-10 07:00:00,2012,11,8,14134,16.16,HOEP (Legacy)
2012-11-10 08:00:00,2012,11,9,14890,27.93,HOEP (Legacy)
2012-11-10 09:00:00,2012,11,10,15526,28.52,HOEP (Legacy)
2012-11-10 10:00:00,2012,11,11,15867,28.48,HOEP (Legacy)
2012-11-10 11:00:00,2012,11,12,15993,28.47,HOEP (Legacy)
2012-11-10 12:00:00,2012,11,13,15881,67.43,HOEP (Legacy)
2012-11-10 13:00:00,2012,11,14,15814,28.49,HOEP (Legacy)
2012-11-10 14:00:00,2012,11,15,15703,28.45,HOEP (Legacy)
2012-11-10 15:00:00,2012,11,16,15845,27.72,HOEP (Legacy)
2012-11-10 16:00:00,2012,11,17,16391,28.71,HOEP (Legacy)
2012-11-10 17:00:00,2012,11,18,17341,32.55,HOEP (Legacy)
2012-11-10 18:00:00,2012,11,19,16973,28.83,HOEP (Legacy)
2012-11-10 19:00:00,2012,11,20,16346,27.11,HOEP (Legacy)
2012-11-10 20:00:00,2012,11,21,15897,27.3,HOEP (Legacy)
2012-11-10 21:00:00,2012,11,22,15417,29.56,HOEP (Legacy)
2012-11-10 22:00:00,2012,11,23,14563,29.75,HOEP (Legacy)
2012-11-10 23:00:00,2012,11,24,13782,19.93,HOEP (Legacy)
2012-11-11 00:00:00,2012,11,1,12943,20.22,HOEP (Legacy)
2012-11-11 01:00:00,2012,11,2,12496,16.41,HOEP (Legacy)
2012-11-11 02:00:00,2012,11,3,12162,14.2,HOEP (Legacy)
2012-11-11 03:00:00,2012,11,4,11972,10.43,HOEP (Legacy)
2012-11-11 04:00:00,2012,11,5,11824,-105.67,HOEP (Legacy)
2012-11-11 05:00:00,2012,11,6,12004,-8.66,HOEP (Legacy)
2012-11-11 06:00:00,2012,11,7,12526,12.36,HOEP (Legacy)
2012-11-11 07:00:00,2012,11,8,12892,11.35,HOEP (Legacy)
2012-11-11 08:00:00,2012,11,9,13471,14.49,HOEP (Legacy)
2012-11-11 09:00:00,2012,11,10,13997,12.99,HOEP (Legacy)
2012-11-11 10:00:00,2012,11,11,14262,15.08,HOEP (Legacy)
2012-11-11 11:00:00,2012,11,12,14230,15.02,HOEP (Legacy)
2012-11-11 12:00:00,2012,11,13,14335,15.13,HOEP (Legacy)
2012-11-11 13:00:00,2012,11,14,14293,15.27,HOEP (Legacy)
2012-11-11 14:00:00,2012,11,15,14271,15.23,HOEP (Legacy)
2012-11-11 15:00:00,2012,11,16,14501,16.53,HOEP (Legacy)
2012-11-11 16:00:00,2012,11,17,15296,19.4,HOEP (Legacy)
2012-11-11 17:00:00,2012,11,18,16560,28.84,HOEP (Legacy)
2012-11-11 18:00:00,2012,11,19,16570,33.0,HOEP (Legacy)
2012-11-11 19:00:00,2012,11,20,16216,31.08,HOEP (Legacy)
2012-11-11 20:00:00,2012,11,21,15876,44.18,HOEP (Legacy)
2012-11-11 21:00:00,2012,11,22,15201,19.65,HOEP (Legacy)
2012-11-11 22:00:00,2012,11,23,14275,13.29,HOEP (Legacy)
2012-11-11 23:00:00,2012,11,24,13333,13.1,HOEP (Legacy)
2012-11-12 00:00:00,2012,11,1,12658,13.13,HOEP (Legacy)
2012-11-12 01:00:00,2012,11,2,12280,13.79,HOEP (Legacy)
2012-11-12 02:00:00,2012,11,3,12066,13.82,HOEP (Legacy)
2012-11-12 03:00:00,2012,11,4,11937,13.95,HOEP (Legacy)
2012-11-12 04:00:00,2012,11,5,12107,14.21,HOEP (Legacy)
2012-11-12 05:00:00,2012,11,6,12905,14.13,HOEP (Legacy)
2012-11-12 06:00:00,2012,11,7,14337,16.31,HOEP (Legacy)
2012-11-12 07:00:00,2012,11,8,15688,20.44,HOEP (Legacy)
2012-11-12 08:00:00,2012,11,9,16057,20.98,HOEP (Legacy)
2012-11-12 09:00:00,2012,11,10,16212,22.87,HOEP (Legacy)
2012-11-12 10:00:00,2012,11,11,16500,26.52,HOEP (Legacy)
2012-11-12 11:00:00,2012,11,12,16730,29.46,HOEP (Legacy)
2012-11-12 12:00:00,2012,11,13,16830,50.18,HOEP (Legacy)
2012-11-12 13:00:00,2012,11,14,16724,31.84,HOEP (Legacy)
2012-11-12 14:00:00,2012,11,15,16878,29.11,HOEP (Legacy)
2012-11-12 15:00:00,2012,11,16,16928,28.46,HOEP (Legacy)
2012-11-12 16:00:00,2012,11,17,17634,27.89,HOEP (Legacy)
2012-11-12 17:00:00,2012,11,18,18459,29.82,HOEP (Legacy)
2012-11-12 18:00:00,2012,11,19,18092,29.36,HOEP (Legacy)
2012-11-12 19:00:00,2012,11,20,17764,28.95,HOEP (Legacy)
2012-11-12 20:00:00,2012,11,21,17445,29.55,HOEP (Legacy)
2012-11-12 21:00:00,2012,11,22,16567,22.53,HOEP (Legacy)
2012-11-12 22:00:00,2012,11,23,15608,21.34,HOEP (Legacy)
2012-11-12 23:00:00,2012,11,24,14521,47.56,HOEP (Legacy)
2012-11-13 00:00:00,2012,11,1,13686,30.08,HOEP (Legacy)
2012-11-13 01:00:00,2012,11,2,13245,16.42,HOEP (Legacy)
2012-11-13 02:00:00,2012,11,3,13101,13.95,HOEP (Legacy)
2012-11-13 03:00:00,2012,11,4,13061,13.96,HOEP (Legacy)
2012-11-13 04:00:00,2012,11,5,13186,15.15,HOEP (Legacy)
2012-11-13 05:00:00,2012,11,6,13945,18.09,HOEP (Legacy)
2012-11-13 06:00:00,2012,11,7,15433,69.57,HOEP (Legacy)
2012-11-13 07:00:00,2012,11,8,16999,131.65,HOEP (Legacy)
2012-11-13 08:00:00,2012,11,9,17129,49.87,HOEP (Legacy)
2012-11-13 09:00:00,2012,11,10,17150,29.23,HOEP (Legacy)
2012-11-13 10:00:00,2012,11,11,17161,26.49,HOEP (Legacy)
2012-11-13 11:00:00,2012,11,12,17133,27.48,HOEP (Legacy)
2012-11-13 12:00:00,2012,11,13,17131,66.37,HOEP (Legacy)
2012-11-13 13:00:00,2012,11,14,17128,71.2,HOEP (Legacy)
2012-11-13 14:00:00,2012,11,15,17055,28.91,HOEP (Legacy)
2012-11-13 15:00:00,2012,11,16,17398,29.26,HOEP (Legacy)
2012-11-13 16:00:00,2012,11,17,18143,29.38,HOEP (Legacy)
2012-11-13 17:00:00,2012,11,18,19359,41.87,HOEP (Legacy)
2012-11-13 18:00:00,2012,11,19,19083,32.08,HOEP (Legacy)
2012-11-13 19:00:00,2012,11,20,18789,32.19,HOEP (Legacy)
2012-11-13 20:00:00,2012,11,21,18326,29.13,HOEP (Legacy)
2012-11-13 21:00:00,2012,11,22,17576,28.96,HOEP (Legacy)
2012-11-13 22:00:00,2012,11,23,16306,26.4,HOEP (Legacy)
2012-11-13 23:00:00,2012,11,24,15055,20.9,HOEP (Legacy)
2012-11-14 00:00:00,2012,11,1,14188,17.05,HOEP (Legacy)
2012-11-14 01:00:00,2012,11,2,13789,22.17,HOEP (Legacy)
2012-11-14 02:00:00,2012,11,3,13475,22.06,HOEP (Legacy)
2012-11-14 03:00:00,2012,11,4,13418,17.79,HOEP (Legacy)
2012-11-14 04:00:00,2012,11,5,13593,16.81,HOEP (Legacy)
2012-11-14 05:00:00,2012,11,6,14350,27.62,HOEP (Legacy)
2012-11-14 06:00:00,2012,11,7,15733,33.04,HOEP (Legacy)
2012-11-14 07:00:00,2012,11,8,17030,29.71,HOEP (Legacy)
2012-11-14 08:00:00,2012,11,9,17162,29.72,HOEP (Legacy)
2012-11-14 09:00:00,2012,11,10,17022,29.09,HOEP (Legacy)
2012-11-14 10:00:00,2012,11,11,16923,29.47,HOEP (Legacy)
2012-11-14 11:00:00,2012,11,12,16850,29.09,HOEP (Legacy)
2012-11-14 12:00:00,2012,11,13,16802,29.08,HOEP (Legacy)
2012-11-14 13:00:00,2012,11,14,16835,24.86,HOEP (Legacy)
2012-11-14 14:00:00,2012,11,15,16740,22.01,HOEP (Legacy)
2012-11-14 15:00:00,2012,11,16,16939,22.98,HOEP (Legacy)
2012-11-14 16:00:00,2012,11,17,17942,29.89,HOEP (Legacy)
2012-11-14 17:00:00,2012,11,18,18922,31.76,HOEP (Legacy)
2012-11-14 18:00:00,2012,11,19,18987,32.63,HOEP (Legacy)
2012-11-14 19:00:00,2012,11,20,18686,29.88,HOEP (Legacy)
2012-11-14 20:00:00,2012,11,21,18357,29.96,HOEP (Legacy)
2012-11-14 21:00:00,2012,11,22,17680,29.35,HOEP (Legacy)
2012-11-14 22:00:00,2012,11,23,16439,27.44,HOEP (Legacy)
2012-11-14 23:00:00,2012,11,24,15034,32.43,HOEP (Legacy)
2012-11-15 00:00:00,2012,11,1,14083,23.91,HOEP (Legacy)
2012-11-15 01:00:00,2012,11,2,13697,22.12,HOEP (Legacy)
2012-11-15 02:00:00,2012,11,3,13527,20.39,HOEP (Legacy)
2012-11-15 03:00:00,2012,11,4,13381,14.4,HOEP (Legacy)
2012-11-15 04:00:00,2012,11,5,13630,14.4,HOEP (Legacy)
2012-11-15 05:00:00,2012,11,6,14238,19.59,HOEP (Legacy)
2012-11-15 06:00:00,2012,11,7,15638,43.5,HOEP (Legacy)
2012-11-15 07:00:00,2012,11,8,16972,27.65,HOEP (Legacy)
2012-11-15 08:00:00,2012,11,9,17100,28.5,HOEP (Legacy)
2012-11-15 09:00:00,2012,11,10,16802,27.62,HOEP (Legacy)
2012-11-15 10:00:00,2012,11,11,16703,25.32,HOEP (Legacy)
2012-11-15 11:00:00,2012,11,12,16631,26.12,HOEP (Legacy)
2012-11-15 12:00:00,2012,11,13,16503,22.02,HOEP (Legacy)
2012-11-15 13:00:00,2012,11,14,16452,14.58,HOEP (Legacy)
2012-11-15 14:00:00,2012,11,15,16383,15.37,HOEP (Legacy)
2012-11-15 15:00:00,2012,11,16,16570,17.69,HOEP (Legacy)
2012-11-15 16:00:00,2012,11,17,17510,22.78,HOEP (Legacy)
2012-11-15 17:00:00,2012,11,18,18557,29.99,HOEP (Legacy)
2012-11-15 18:00:00,2012,11,19,18577,30.05,HOEP (Legacy)
2012-11-15 19:00:00,2012,11,20,18400,30.05,HOEP (Legacy)
2012-11-15 20:00:00,2012,11,21,18072,28.76,HOEP (Legacy)
2012-11-15 21:00:00,2012,11,22,17507,29.35,HOEP (Legacy)
2012-11-15 22:00:00,2012,11,23,16300,29.26,HOEP (Legacy)
2012-11-15 23:00:00,2012,11,24,15123,92.28,HOEP (Legacy)
2012-11-16 00:00:00,2012,11,1,14157,24.74,HOEP (Legacy)
2012-11-16 01:00:00,2012,11,2,13809,14.1,HOEP (Legacy)
2012-11-16 02:00:00,2012,11,3,13512,13.97,HOEP (Legacy)
2012-11-16 03:00:00,2012,11,4,13488,14.05,HOEP (Legacy)
2012-11-16 04:00:00,2012,11,5,13625,14.14,HOEP (Legacy)
2012-11-16 05:00:00,2012,11,6,14320,17.33,HOEP (Legacy)
2012-11-16 06:00:00,2012,11,7,15588,47.56,HOEP (Legacy)
2012-11-16 07:00:00,2012,11,8,16899,35.66,HOEP (Legacy)
2012-11-16 08:00:00,2012,11,9,17048,30.43,HOEP (Legacy)
2012-11-16 09:00:00,2012,11,10,16719,28.91,HOEP (Legacy)
2012-11-16 10:00:00,2012,11,11,16604,25.87,HOEP (Legacy)
2012-11-16 11:00:00,2012,11,12,16522,28.48,HOEP (Legacy)
2012-11-16 12:00:00,2012,11,13,16385,24.81,HOEP (Legacy)
2012-11-16 13:00:00,2012,11,14,16327,23.1,HOEP (Legacy)
2012-11-16 14:00:00,2012,11,15,16284,18.32,HOEP (Legacy)
2012-11-16 15:00:00,2012,11,16,16296,21.47,HOEP (Legacy)
2012-11-16 16:00:00,2012,11,17,17089,28.29,HOEP (Legacy)
2012-11-16 17:00:00,2012,11,18,18029,29.6,HOEP (Legacy)
2012-11-16 18:00:00,2012,11,19,17914,32.83,HOEP (Legacy)
2012-11-16 19:00:00,2012,11,20,17634,29.24,HOEP (Legacy)
2012-11-16 20:00:00,2012,11,21,17298,29.73,HOEP (Legacy)
2012-11-16 21:00:00,2012,11,22,16584,28.6,HOEP (Legacy)
2012-11-16 22:00:00,2012,11,23,15610,27.59,HOEP (Legacy)
2012-11-16 23:00:00,2012,11,24,14612,21.19,HOEP (Legacy)
2012-11-17 00:00:00,2012,11,1,13766,18.44,HOEP (Legacy)
2012-11-17 01:00:00,2012,11,2,13216,18.46,HOEP (Legacy)
2012-11-17 02:00:00,2012,11,3,12907,14.05,HOEP (Legacy)
2012-11-17 03:00:00,2012,11,4,12747,14.17,HOEP (Legacy)
2012-11-17 04:00:00,2012,11,5,12818,13.81,HOEP (Legacy)
2012-11-17 05:00:00,2012,11,6,13164,12.39,HOEP (Legacy)
2012-11-17 06:00:00,2012,11,7,13870,22.85,HOEP (Legacy)
2012-11-17 07:00:00,2012,11,8,14523,19.96,HOEP (Legacy)
2012-11-17 08:00:00,2012,11,9,15191,20.29,HOEP (Legacy)
2012-11-17 09:00:00,2012,11,10,15617,29.13,HOEP (Legacy)
2012-11-17 10:00:00,2012,11,11,15635,30.37,HOEP (Legacy)
2012-11-17 11:00:00,2012,11,12,15545,30.07,HOEP (Legacy)
2012-11-17 12:00:00,2012,11,13,15362,25.36,HOEP (Legacy)
2012-11-17 13:00:00,2012,11,14,15104,26.76,HOEP (Legacy)
2012-11-17 14:00:00,2012,11,15,14944,29.25,HOEP (Legacy)
2012-11-17 15:00:00,2012,11,16,15031,28.13,HOEP (Legacy)
2012-11-17 16:00:00,2012,11,17,15733,25.73,HOEP (Legacy)
2012-11-17 17:00:00,2012,11,18,17028,34.32,HOEP (Legacy)
2012-11-17 18:00:00,2012,11,19,17174,120.09,HOEP (Legacy)
2012-11-17 19:00:00,2012,11,20,16652,32.86,HOEP (Legacy)
2012-11-17 20:00:00,2012,11,21,16212,28.63,HOEP (Legacy)
2012-11-17 21:00:00,2012,11,22,15619,23.67,HOEP (Legacy)
2012-11-17 22:00:00,2012,11,23,14897,28.45,HOEP (Legacy)
2012-11-17 23:00:00,2012,11,24,14002,22.18,HOEP (Legacy)
2012-11-18 00:00:00,2012,11,1,13327,14.72,HOEP (Legacy)
2012-11-18 01:00:00,2012,11,2,12830,28.14,HOEP (Legacy)
2012-11-18 02:00:00,2012,11,3,12601,28.05,HOEP (Legacy)
2012-11-18 03:00:00,2012,11,4,12403,22.76,HOEP (Legacy)
2012-11-18 04:00:00,2012,11,5,12311,14.3,HOEP (Legacy)
2012-11-18 05:00:00,2012,11,6,12613,14.23,HOEP (Legacy)
2012-11-18 06:00:00,2012,11,7,12989,17.34,HOEP (Legacy)
2012-11-18 07:00:00,2012,11,8,13383,15.2,HOEP (Legacy)
2012-11-18 08:00:00,2012,11,9,14123,17.54,HOEP (Legacy)
2012-11-18 09:00:00,2012,11,10,14632,35.73,HOEP (Legacy)
2012-11-18 10:00:00,2012,11,11,14711,21.82,HOEP (Legacy)
2012-11-18 11:00:00,2012,11,12,14679,20.86,HOEP (Legacy)
2012-11-18 12:00:00,2012,11,13,14736,20.81,HOEP (Legacy)
2012-11-18 13:00:00,2012,11,14,14578,29.94,HOEP (Legacy)
2012-11-18 14:00:00,2012,11,15,14528,28.63,HOEP (Legacy)
2012-11-18 15:00:00,2012,11,16,14840,29.14,HOEP (Legacy)
2012-11-18 16:00:00,2012,11,17,15891,27.79,HOEP (Legacy)
2012-11-18 17:00:00,2012,11,18,17357,33.09,HOEP (Legacy)
2012-11-18 18:00:00,2012,11,19,17280,31.58,HOEP (Legacy)
2012-11-18 19:00:00,2012,11,20,16934,32.14,HOEP (Legacy)
2012-11-18 20:00:00,2012,11,21,16532,29.43,HOEP (Legacy)
2012-11-18 21:00:00,2012,11,22,15866,26.99,HOEP (Legacy)
2012-11-18 22:00:00,2012,11,23,14950,17.63,HOEP (Legacy)
2012-11-18 23:00:00,2012,11,24,14021,24.67,HOEP (Legacy)
2012-11-19 00:00:00,2012,11,1,13473,21.2,HOEP (Legacy)
2012-11-19 01:00:00,2012,11,2,13043,21.59,HOEP (Legacy)
2012-11-19 02:00:00,2012,11,3,12850,21.34,HOEP (Legacy)
2012-11-19 03:00:00,2012,11,4,12945,20.79,HOEP (Legacy)
2012-11-19 04:00:00,2012,11,5,13173,21.07,HOEP (Legacy)
2012-11-19 05:00:00,2012,11,6,13995,21.86,HOEP (Legacy)
2012-11-19 06:00:00,2012,11,7,15337,28.26,HOEP (Legacy)
2012-11-19 07:00:00,2012,11,8,16717,26.72,HOEP (Legacy)
2012-11-19 08:00:00,2012,11,9,16927,34.76,HOEP (Legacy)
2012-11-19 09:00:00,2012,11,10,16786,30.73,HOEP (Legacy)
2012-11-19 10:00:00,2012,11,11,16845,30.2,HOEP (Legacy)
2012-11-19 11:00:00,2012,11,12,16678,28.97,HOEP (Legacy)
2012-11-19 12:00:00,2012,11,13,16577,27.75,HOEP (Legacy)
2012-11-19 13:00:00,2012,11,14,16500,27.75,HOEP (Legacy)
2012-11-19 14:00:00,2012,11,15,16444,28.65,HOEP (Legacy)
2012-11-19 15:00:00,2012,11,16,16678,30.98,HOEP (Legacy)
2012-11-19 16:00:00,2012,11,17,17660,35.07,HOEP (Legacy)
2012-11-19 17:00:00,2012,11,18,18859,52.23,HOEP (Legacy)
2012-11-19 18:00:00,2012,11,19,18710,35.98,HOEP (Legacy)
2012-11-19 19:00:00,2012,11,20,18530,48.98,HOEP (Legacy)
2012-11-19 20:00:00,2012,11,21,18136,44.22,HOEP (Legacy)
2012-11-19 21:00:00,2012,11,22,17349,31.08,HOEP (Legacy)
2012-11-19 22:00:00,2012,11,23,16008,23.62,HOEP (Legacy)
2012-11-19 23:00:00,2012,11,24,14747,27.25,HOEP (Legacy)
2012-11-20 00:00:00,2012,11,1,13950,31.5,HOEP (Legacy)
2012-11-20 01:00:00,2012,11,2,13506,43.24,HOEP (Legacy)
2012-11-20 02:00:00,2012,11,3,13292,31.08,HOEP (Legacy)
2012-11-20 03:00:00,2012,11,4,13235,27.46,HOEP (Legacy)
2012-11-20 04:00:00,2012,11,5,13401,21.08,HOEP (Legacy)
2012-11-20 05:00:00,2012,11,6,14029,16.33,HOEP (Legacy)
2012-11-20 06:00:00,2012,11,7,15381,29.55,HOEP (Legacy)
2012-11-20 07:00:00,2012,11,8,16908,30.47,HOEP (Legacy)
2012-11-20 08:00:00,2012,11,9,17001,29.09,HOEP (Legacy)
2012-11-20 09:00:00,2012,11,10,16800,29.4,HOEP (Legacy)
2012-11-20 10:00:00,2012,11,11,16819,30.24,HOEP (Legacy)
2012-11-20 11:00:00,2012,11,12,16779,30.26,HOEP (Legacy)
2012-11-20 12:00:00,2012,11,13,16633,28.3,HOEP (Legacy)
2012-11-20 13:00:00,2012,11,14,16504,28.29,HOEP (Legacy)
2012-11-20 14:00:00,2012,11,15,16448,21.15,HOEP (Legacy)
2012-11-20 15:00:00,2012,11,16,16633,24.92,HOEP (Legacy)
2012-11-20 16:00:00,2012,11,17,17564,29.88,HOEP (Legacy)
2012-11-20 17:00:00,2012,11,18,18801,30.56,HOEP (Legacy)
2012-11-20 18:00:00,2012,11,19,18550,33.82,HOEP (Legacy)
2012-11-20 19:00:00,2012,11,20,18257,30.58,HOEP (Legacy)
2012-11-20 20:00:00,2012,11,21,17886,30.54,HOEP (Legacy)
2012-11-20 21:00:00,2012,11,22,17233,31.31,HOEP (Legacy)
2012-11-20 22:00:00,2012,11,23,15964,27.06,HOEP (Legacy)
2012-11-20 23:00:00,2012,11,24,14785,27.8,HOEP (Legacy)
2012-11-21 00:00:00,2012,11,1,13912,31.02,HOEP (Legacy)
2012-11-21 01:00:00,2012,11,2,13452,27.03,HOEP (Legacy)
2012-11-21 02:00:00,2012,11,3,13213,26.9,HOEP (Legacy)
2012-11-21 03:00:00,2012,11,4,13133,14.41,HOEP (Legacy)
2012-11-21 04:00:00,2012,11,5,13315,26.8,HOEP (Legacy)
2012-11-21 05:00:00,2012,11,6,13971,22.87,HOEP (Legacy)
2012-11-21 06:00:00,2012,11,7,15363,30.54,HOEP (Legacy)
2012-11-21 07:00:00,2012,11,8,16779,55.09,HOEP (Legacy)
2012-11-21 08:00:00,2012,11,9,16958,30.08,HOEP (Legacy)
2012-11-21 09:00:00,2012,11,10,16896,29.25,HOEP (Legacy)
2012-11-21 10:00:00,2012,11,11,16897,29.23,HOEP (Legacy)
2012-11-21 11:00:00,2012,11,12,16647,29.23,HOEP (Legacy)
2012-11-21 12:00:00,2012,11,13,16471,22.79,HOEP (Legacy)
2012-11-21 13:00:00,2012,11,14,16307,22.29,HOEP (Legacy)
2012-11-21 14:00:00,2012,11,15,16254,21.22,HOEP (Legacy)
2012-11-21 15:00:00,2012,11,16,16458,21.27,HOEP (Legacy)
2012-11-21 16:00:00,2012,11,17,17436,24.63,HOEP (Legacy)
2012-11-21 17:00:00,2012,11,18,18735,33.02,HOEP (Legacy)
2012-11-21 18:00:00,2012,11,19,18640,31.64,HOEP (Legacy)
2012-11-21 19:00:00,2012,11,20,18387,30.63,HOEP (Legacy)
2012-11-21 20:00:00,2012,11,21,17996,30.1,HOEP (Legacy)
2012-11-21 21:00:00,2012,11,22,17228,27.79,HOEP (Legacy)
2012-11-21 22:00:00,2012,11,23,15912,24.72,HOEP (Legacy)
2012-11-21 23:00:00,2012,11,24,14638,27.34,HOEP (Legacy)
2012-11-22 00:00:00,2012,11,1,13735,23.29,HOEP (Legacy)
2012-11-22 01:00:00,2012,11,2,13236,13.59,HOEP (Legacy)
2012-11-22 02:00:00,2012,11,3,12997,13.69,HOEP (Legacy)
2012-11-22 03:00:00,2012,11,4,13006,13.48,HOEP (Legacy)
2012-11-22 04:00:00,2012,11,5,13233,13.34,HOEP (Legacy)
2012-11-22 05:00:00,2012,11,6,13832,13.03,HOEP (Legacy)
2012-11-22 06:00:00,2012,11,7,15058,16.19,HOEP (Legacy)
2012-11-22 07:00:00,2012,11,8,16456,15.08,HOEP (Legacy)
2012-11-22 08:00:00,2012,11,9,16470,18.3,HOEP (Legacy)
2012-11-22 09:00:00,2012,11,10,16330,21.29,HOEP (Legacy)
2012-11-22 10:00:00,2012,11,11,16122,22.52,HOEP (Legacy)
2012-11-22 11:00:00,2012,11,12,16027,21.05,HOEP (Legacy)
2012-11-22 12:00:00,2012,11,13,15876,19.58,HOEP (Legacy)
2012-11-22 13:00:00,2012,11,14,15874,17.87,HOEP (Legacy)
2012-11-22 14:00:00,2012,11,15,15886,17.78,HOEP (Legacy)
2012-11-22 15:00:00,2012,11,16,16082,14.56,HOEP (Legacy)
2012-11-22 16:00:00,2012,11,17,16794,16.33,HOEP (Legacy)
2012-11-22 17:00:00,2012,11,18,17964,16.71,HOEP (Legacy)
2012-11-22 18:00:00,2012,11,19,17737,15.03,HOEP (Legacy)
2012-11-22 19:00:00,2012,11,20,17521,15.6,HOEP (Legacy)
2012-11-22 20:00:00,2012,11,21,17340,17.61,HOEP (Legacy)
2012-11-22 21:00:00,2012,11,22,16718,14.1,HOEP (Legacy)
2012-11-22 22:00:00,2012,11,23,15538,-38.05,HOEP (Legacy)
2012-11-22 23:00:00,2012,11,24,14251,-92.83,HOEP (Legacy)
2012-11-23 00:00:00,2012,11,1,13315,-35.74,HOEP (Legacy)
2012-11-23 01:00:00,2012,11,2,13005,-22.87,HOEP (Legacy)
2012-11-23 02:00:00,2012,11,3,12504,-117.26,HOEP (Legacy)
2012-11-23 03:00:00,2012,11,4,12481,-128.08,HOEP (Legacy)
2012-11-23 04:00:00,2012,11,5,12524,-50.09,HOEP (Legacy)
2012-11-23 05:00:00,2012,11,6,13170,-71.42,HOEP (Legacy)
2012-11-23 06:00:00,2012,11,7,14370,-25.15,HOEP (Legacy)
2012-11-23 07:00:00,2012,11,8,15846,12.55,HOEP (Legacy)
2012-11-23 08:00:00,2012,11,9,16392,11.23,HOEP (Legacy)
2012-11-23 09:00:00,2012,11,10,16535,9.23,HOEP (Legacy)
2012-11-23 10:00:00,2012,11,11,16526,12.97,HOEP (Legacy)
2012-11-23 11:00:00,2012,11,12,16561,12.24,HOEP (Legacy)
2012-11-23 12:00:00,2012,11,13,16485,9.12,HOEP (Legacy)
2012-11-23 13:00:00,2012,11,14,16444,13.09,HOEP (Legacy)
2012-11-23 14:00:00,2012,11,15,16463,10.54,HOEP (Legacy)
2012-11-23 15:00:00,2012,11,16,16600,13.95,HOEP (Legacy)
2012-11-23 16:00:00,2012,11,17,17342,14.05,HOEP (Legacy)
2012-11-23 17:00:00,2012,11,18,18082,14.29,HOEP (Legacy)
2012-11-23 18:00:00,2012,11,19,17814,14.24,HOEP (Legacy)
2012-11-23 19:00:00,2012,11,20,17615,14.23,HOEP (Legacy)
2012-11-23 20:00:00,2012,11,21,17273,15.08,HOEP (Legacy)
2012-11-23 21:00:00,2012,11,22,16776,15.0,HOEP (Legacy)
2012-11-23 22:00:00,2012,11,23,15900,7.58,HOEP (Legacy)
2012-11-23 23:00:00,2012,11,24,14688,7.72,HOEP (Legacy)
2012-11-24 00:00:00,2012,11,1,13794,10.25,HOEP (Legacy)
2012-11-24 01:00:00,2012,11,2,13244,5.81,HOEP (Legacy)
2012-11-24 02:00:00,2012,11,3,12877,11.21,HOEP (Legacy)
2012-11-24 03:00:00,2012,11,4,12658,9.21,HOEP (Legacy)
2012-11-24 04:00:00,2012,11,5,12717,8.68,HOEP (Legacy)
2012-11-24 05:00:00,2012,11,6,12975,8.79,HOEP (Legacy)
2012-11-24 06:00:00,2012,11,7,13526,13.35,HOEP (Legacy)
2012-11-24 07:00:00,2012,11,8,14415,12.49,HOEP (Legacy)
2012-11-24 08:00:00,2012,11,9,15086,17.44,HOEP (Legacy)
2012-11-24 09:00:00,2012,11,10,15780,18.44,HOEP (Legacy)
2012-11-24 10:00:00,2012,11,11,15992,23.7,HOEP (Legacy)
2012-11-24 11:00:00,2012,11,12,16130,30.98,HOEP (Legacy)
2012-11-24 12:00:00,2012,11,13,16138,23.17,HOEP (Legacy)
2012-11-24 13:00:00,2012,11,14,15955,16.26,HOEP (Legacy)
2012-11-24 14:00:00,2012,11,15,15821,15.74,HOEP (Legacy)
2012-11-24 15:00:00,2012,11,16,15982,20.31,HOEP (Legacy)
2012-11-24 16:00:00,2012,11,17,16759,25.3,HOEP (Legacy)
2012-11-24 17:00:00,2012,11,18,18061,37.97,HOEP (Legacy)
2012-11-24 18:00:00,2012,11,19,17864,30.75,HOEP (Legacy)
2012-11-24 19:00:00,2012,11,20,17352,32.36,HOEP (Legacy)
2012-11-24 20:00:00,2012,11,21,16911,34.38,HOEP (Legacy)
2012-11-24 21:00:00,2012,11,22,16325,29.39,HOEP (Legacy)
2012-11-24 22:00:00,2012,11,23,15611,25.66,HOEP (Legacy)
2012-11-24 23:00:00,2012,11,24,14577,16.75,HOEP (Legacy)
2012-11-25 00:00:00,2012,11,1,13847,14.22,HOEP (Legacy)
2012-11-25 01:00:00,2012,11,2,13355,20.48,HOEP (Legacy)
2012-11-25 02:00:00,2012,11,3,13083,12.43,HOEP (Legacy)
2012-11-25 03:00:00,2012,11,4,12917,14.47,HOEP (Legacy)
2012-11-25 04:00:00,2012,11,5,12917,14.44,HOEP (Legacy)
2012-11-25 05:00:00,2012,11,6,13182,17.96,HOEP (Legacy)
2012-11-25 06:00:00,2012,11,7,13597,19.01,HOEP (Legacy)
2012-11-25 07:00:00,2012,11,8,14268,14.6,HOEP (Legacy)
2012-11-25 08:00:00,2012,11,9,14800,15.08,HOEP (Legacy)
2012-11-25 09:00:00,2012,11,10,15510,25.04,HOEP (Legacy)
2012-11-25 10:00:00,2012,11,11,15998,24.72,HOEP (Legacy)
2012-11-25 11:00:00,2012,11,12,16032,24.22,HOEP (Legacy)
2012-11-25 12:00:00,2012,11,13,16040,17.04,HOEP (Legacy)
2012-11-25 13:00:00,2012,11,14,15946,21.03,HOEP (Legacy)
2012-11-25 14:00:00,2012,11,15,15949,29.44,HOEP (Legacy)
2012-11-25 15:00:00,2012,11,16,16140,29.54,HOEP (Legacy)
2012-11-25 16:00:00,2012,11,17,17233,27.27,HOEP (Legacy)
2012-11-25 17:00:00,2012,11,18,18593,30.79,HOEP (Legacy)
2012-11-25 18:00:00,2012,11,19,18255,30.56,HOEP (Legacy)
2012-11-25 19:00:00,2012,11,20,17794,31.33,HOEP (Legacy)
2012-11-25 20:00:00,2012,11,21,17402,30.52,HOEP (Legacy)
2012-11-25 21:00:00,2012,11,22,16782,33.5,HOEP (Legacy)
2012-11-25 22:00:00,2012,11,23,15812,26.58,HOEP (Legacy)
2012-11-25 23:00:00,2012,11,24,14742,20.25,HOEP (Legacy)
2012-11-26 00:00:00,2012,11,1,13961,30.25,HOEP (Legacy)
2012-11-26 01:00:00,2012,11,2,13621,29.66,HOEP (Legacy)
2012-11-26 02:00:00,2012,11,3,13471,22.6,HOEP (Legacy)
2012-11-26 03:00:00,2012,11,4,13413,31.77,HOEP (Legacy)
2012-11-26 04:00:00,2012,11,5,13606,20.69,HOEP (Legacy)
2012-11-26 05:00:00,2012,11,6,14461,13.41,HOEP (Legacy)
2012-11-26 06:00:00,2012,11,7,15911,29.78,HOEP (Legacy)
2012-11-26 07:00:00,2012,11,8,17618,49.41,HOEP (Legacy)
2012-11-26 08:00:00,2012,11,9,17805,30.62,HOEP (Legacy)
2012-11-26 09:00:00,2012,11,10,17858,32.18,HOEP (Legacy)
2012-11-26 10:00:00,2012,11,11,17705,30.59,HOEP (Legacy)
2012-11-26 11:00:00,2012,11,12,17716,30.31,HOEP (Legacy)
2012-11-26 12:00:00,2012,11,13,17582,21.42,HOEP (Legacy)
2012-11-26 13:00:00,2012,11,14,17650,29.47,HOEP (Legacy)
2012-11-26 14:00:00,2012,11,15,17681,29.51,HOEP (Legacy)
2012-11-26 15:00:00,2012,11,16,18073,30.35,HOEP (Legacy)
2012-11-26 16:00:00,2012,11,17,19040,31.65,HOEP (Legacy)
2012-11-26 17:00:00,2012,11,18,20125,37.71,HOEP (Legacy)
2012-11-26 18:00:00,2012,11,19,19899,33.48,HOEP (Legacy)
2012-11-26 19:00:00,2012,11,20,19675,32.27,HOEP (Legacy)
2012-11-26 20:00:00,2012,11,21,19322,30.49,HOEP (Legacy)
2012-11-26 21:00:00,2012,11,22,18473,30.9,HOEP (Legacy)
2012-11-26 22:00:00,2012,11,23,17209,26.4,HOEP (Legacy)
2012-11-26 23:00:00,2012,11,24,15801,26.01,HOEP (Legacy)
2012-11-27 00:00:00,2012,11,1,14804,31.32,HOEP (Legacy)
2012-11-27 01:00:00,2012,11,2,14303,34.76,HOEP (Legacy)
2012-11-27 02:00:00,2012,11,3,14082,54.83,HOEP (Legacy)
2012-11-27 03:00:00,2012,11,4,13977,13.18,HOEP (Legacy)
2012-11-27 04:00:00,2012,11,5,14108,13.68,HOEP (Legacy)
2012-11-27 05:00:00,2012,11,6,14949,16.51,HOEP (Legacy)
2012-11-27 06:00:00,2012,11,7,16497,37.03,HOEP (Legacy)
2012-11-27 07:00:00,2012,11,8,17862,63.8,HOEP (Legacy)
2012-11-27 08:00:00,2012,11,9,17872,52.0,HOEP (Legacy)
2012-11-27 09:00:00,2012,11,10,17798,36.11,HOEP (Legacy)
2012-11-27 10:00:00,2012,11,11,17645,29.39,HOEP (Legacy)
2012-11-27 11:00:00,2012,11,12,17533,29.39,HOEP (Legacy)
2012-11-27 12:00:00,2012,11,13,17489,29.39,HOEP (Legacy)
2012-11-27 13:00:00,2012,11,14,17441,29.38,HOEP (Legacy)
2012-11-27 14:00:00,2012,11,15,17589,22.27,HOEP (Legacy)
2012-11-27 15:00:00,2012,11,16,17843,22.49,HOEP (Legacy)
2012-11-27 16:00:00,2012,11,17,18857,30.77,HOEP (Legacy)
2012-11-27 17:00:00,2012,11,18,19830,34.85,HOEP (Legacy)
2012-11-27 18:00:00,2012,11,19,19776,34.78,HOEP (Legacy)
2012-11-27 19:00:00,2012,11,20,19462,33.67,HOEP (Legacy)
2012-11-27 20:00:00,2012,11,21,19101,30.37,HOEP (Legacy)
2012-11-27 21:00:00,2012,11,22,18322,29.89,HOEP (Legacy)
2012-11-27 22:00:00,2012,11,23,17046,23.35,HOEP (Legacy)
2012-11-27 23:00:00,2012,11,24,15688,18.29,HOEP (Legacy)
2012-11-28 00:00:00,2012,11,1,14779,13.5,HOEP (Legacy)
2012-11-28 01:00:00,2012,11,2,14321,14.05,HOEP (Legacy)
2012-11-28 02:00:00,2012,11,3,14010,13.82,HOEP (Legacy)
2012-11-28 03:00:00,2012,11,4,13986,14.19,HOEP (Legacy)
2012-11-28 04:00:00,2012,11,5,14034,14.11,HOEP (Legacy)
2012-11-28 05:00:00,2012,11,6,14805,18.65,HOEP (Legacy)
2012-11-28 06:00:00,2012,11,7,16298,26.93,HOEP (Legacy)
2012-11-28 07:00:00,2012,11,8,17660,38.11,HOEP (Legacy)
2012-11-28 08:00:00,2012,11,9,17976,30.72,HOEP (Legacy)
2012-11-28 09:00:00,2012,11,10,17835,29.84,HOEP (Legacy)
2012-11-28 10:00:00,2012,11,11,17962,33.53,HOEP (Legacy)
2012-11-28 11:00:00,2012,11,12,17946,29.82,HOEP (Legacy)
2012-11-28 12:00:00,2012,11,13,17664,28.03,HOEP (Legacy)
2012-11-28 13:00:00,2012,11,14,17761,19.18,HOEP (Legacy)
2012-11-28 14:00:00,2012,11,15,17736,14.63,HOEP (Legacy)
2012-11-28 15:00:00,2012,11,16,18003,20.31,HOEP (Legacy)
2012-11-28 16:00:00,2012,11,17,19066,27.51,HOEP (Legacy)
2012-11-28 17:00:00,2012,11,18,19965,33.19,HOEP (Legacy)
2012-11-28 18:00:00,2012,11,19,19722,30.34,HOEP (Legacy)
2012-11-28 19:00:00,2012,11,20,19528,29.45,HOEP (Legacy)
2012-11-28 20:00:00,2012,11,21,19212,27.58,HOEP (Legacy)
2012-11-28 21:00:00,2012,11,22,18392,23.02,HOEP (Legacy)
2012-11-28 22:00:00,2012,11,23,17137,21.94,HOEP (Legacy)
2012-11-28 23:00:00,2012,11,24,15767,24.48,HOEP (Legacy)
2012-11-29 00:00:00,2012,11,1,14819,22.23,HOEP (Legacy)
2012-11-29 01:00:00,2012,11,2,14343,22.04,HOEP (Legacy)
2012-11-29 02:00:00,2012,11,3,14137,21.32,HOEP (Legacy)
2012-11-29 03:00:00,2012,11,4,14019,20.53,HOEP (Legacy)
2012-11-29 04:00:00,2012,11,5,14160,14.29,HOEP (Legacy)
2012-11-29 05:00:00,2012,11,6,14810,24.36,HOEP (Legacy)
2012-11-29 06:00:00,2012,11,7,16228,28.66,HOEP (Legacy)
2012-11-29 07:00:00,2012,11,8,17667,27.5,HOEP (Legacy)
2012-11-29 08:00:00,2012,11,9,17783,27.77,HOEP (Legacy)
2012-11-29 09:00:00,2012,11,10,17569,27.98,HOEP (Legacy)
2012-11-29 10:00:00,2012,11,11,17498,27.82,HOEP (Legacy)
2012-11-29 11:00:00,2012,11,12,17444,19.19,HOEP (Legacy)
2012-11-29 12:00:00,2012,11,13,17264,19.98,HOEP (Legacy)
2012-11-29 13:00:00,2012,11,14,17336,18.03,HOEP (Legacy)
2012-11-29 14:00:00,2012,11,15,17346,18.88,HOEP (Legacy)
2012-11-29 15:00:00,2012,11,16,17646,23.66,HOEP (Legacy)
2012-11-29 16:00:00,2012,11,17,18581,29.46,HOEP (Legacy)
2012-11-29 17:00:00,2012,11,18,19591,30.55,HOEP (Legacy)
2012-11-29 18:00:00,2012,11,19,19404,30.11,HOEP (Legacy)
2012-11-29 19:00:00,2012,11,20,19304,29.21,HOEP (Legacy)
2012-11-29 20:00:00,2012,11,21,19020,29.01,HOEP (Legacy)
2012-11-29 21:00:00,2012,11,22,18286,29.51,HOEP (Legacy)
2012-11-29 22:00:00,2012,11,23,17131,26.32,HOEP (Legacy)
2012-11-29 23:00:00,2012,11,24,15737,25.6,HOEP (Legacy)
2012-11-30 00:00:00,2012,11,1,14759,25.4,HOEP (Legacy)
2012-11-30 01:00:00,2012,11,2,14267,34.64,HOEP (Legacy)
2012-11-30 02:00:00,2012,11,3,13975,23.06,HOEP (Legacy)
2012-11-30 03:00:00,2012,11,4,13935,21.39,HOEP (Legacy)
2012-11-30 04:00:00,2012,11,5,14227,23.08,HOEP (Legacy)
2012-11-30 05:00:00,2012,11,6,14867,26.83,HOEP (Legacy)
2012-11-30 06:00:00,2012,11,7,16443,30.93,HOEP (Legacy)
2012-11-30 07:00:00,2012,11,8,18031,32.18,HOEP (Legacy)
2012-11-30 08:00:00,2012,11,9,18509,30.68,HOEP (Legacy)
2012-11-30 09:00:00,2012,11,10,18480,29.72,HOEP (Legacy)
2012-11-30 10:00:00,2012,11,11,18606,29.62,HOEP (Legacy)
2012-11-30 11:00:00,2012,11,12,18574,25.99,HOEP (Legacy)
2012-11-30 12:00:00,2012,11,13,18464,28.09,HOEP (Legacy)
2012-11-30 13:00:00,2012,11,14,18469,25.57,HOEP (Legacy)
2012-11-30 14:00:00,2012,11,15,18445,22.09,HOEP (Legacy)
2012-11-30 15:00:00,2012,11,16,18609,21.71,HOEP (Legacy)
2012-11-30 16:00:00,2012,11,17,19474,50.03,HOEP (Legacy)
2012-11-30 17:00:00,2012,11,18,20144,35.03,HOEP (Legacy)
2012-11-30 18:00:00,2012,11,19,19669,33.24,HOEP (Legacy)
2012-11-30 19:00:00,2012,11,20,19581,30.43,HOEP (Legacy)
2012-11-30 20:00:00,2012,11,21,19158,32.05,HOEP (Legacy)
2012-11-30 21:00:00,2012,11,22,18542,29.9,HOEP (Legacy)
2012-11-30 22:00:00,2012,11,23,17406,26.92,HOEP (Legacy)
2012-11-30 23:00:00,2012,11,24,16096,26.01,HOEP (Legacy)
2012-12-01 00:00:00,2012,12,1,15176,51.44,HOEP (Legacy)
2012-12-01 01:00:00,2012,12,2,14553,36.25,HOEP (Legacy)
2012-12-01 02:00:00,2012,12,3,14246,40.31,HOEP (Legacy)
2012-12-01 03:00:00,2012,12,4,14089,44.2,HOEP (Legacy)
2012-12-01 04:00:00,2012,12,5,14161,33.32,HOEP (Legacy)
2012-12-01 05:00:00,2012,12,6,14494,30.7,HOEP (Legacy)
2012-12-01 06:00:00,2012,12,7,15100,28.97,HOEP (Legacy)
2012-12-01 07:00:00,2012,12,8,15867,35.24,HOEP (Legacy)
2012-12-01 08:00:00,2012,12,9,16563,52.78,HOEP (Legacy)
2012-12-01 09:00:00,2012,12,10,17313,138.53,HOEP (Legacy)
2012-12-01 10:00:00,2012,12,11,17614,74.1,HOEP (Legacy)
2012-12-01 11:00:00,2012,12,12,17660,83.11,HOEP (Legacy)
2012-12-01 12:00:00,2012,12,13,17564,31.83,HOEP (Legacy)
2012-12-01 13:00:00,2012,12,14,17273,27.16,HOEP (Legacy)
2012-12-01 14:00:00,2012,12,15,17127,25.24,HOEP (Legacy)
2012-12-01 15:00:00,2012,12,16,17159,40.46,HOEP (Legacy)
2012-12-01 16:00:00,2012,12,17,18036,49.71,HOEP (Legacy)
2012-12-01 17:00:00,2012,12,18,18862,71.2,HOEP (Legacy)
2012-12-01 18:00:00,2012,12,19,18297,28.45,HOEP (Legacy)
2012-12-01 19:00:00,2012,12,20,17603,27.89,HOEP (Legacy)
2012-12-01 20:00:00,2012,12,21,17141,25.98,HOEP (Legacy)
2012-12-01 21:00:00,2012,12,22,16602,22.16,HOEP (Legacy)
2012-12-01 22:00:00,2012,12,23,15738,21.23,HOEP (Legacy)
2012-12-01 23:00:00,2012,12,24,14663,15.21,HOEP (Legacy)
2012-12-02 00:00:00,2012,12,1,13793,16.32,HOEP (Legacy)
2012-12-02 01:00:00,2012,12,2,13163,13.71,HOEP (Legacy)
2012-12-02 02:00:00,2012,12,3,12893,12.65,HOEP (Legacy)
2012-12-02 03:00:00,2012,12,4,12724,12.49,HOEP (Legacy)
2012-12-02 04:00:00,2012,12,5,12670,11.69,HOEP (Legacy)
2012-12-02 05:00:00,2012,12,6,12856,9.34,HOEP (Legacy)
2012-12-02 06:00:00,2012,12,7,13258,9.43,HOEP (Legacy)
2012-12-02 07:00:00,2012,12,8,13800,14.29,HOEP (Legacy)
2012-12-02 08:00:00,2012,12,9,14451,20.41,HOEP (Legacy)
2012-12-02 09:00:00,2012,12,10,15113,29.27,HOEP (Legacy)
2012-12-02 10:00:00,2012,12,11,15830,24.18,HOEP (Legacy)
2012-12-02 11:00:00,2012,12,12,16071,26.66,HOEP (Legacy)
2012-12-02 12:00:00,2012,12,13,16172,29.21,HOEP (Legacy)
2012-12-02 13:00:00,2012,12,14,16185,21.32,HOEP (Legacy)
2012-12-02 14:00:00,2012,12,15,16245,22.45,HOEP (Legacy)
2012-12-02 15:00:00,2012,12,16,16321,27.8,HOEP (Legacy)
2012-12-02 16:00:00,2012,12,17,17151,27.85,HOEP (Legacy)
2012-12-02 17:00:00,2012,12,18,18029,26.72,HOEP (Legacy)
2012-12-02 18:00:00,2012,12,19,17752,29.01,HOEP (Legacy)
2012-12-02 19:00:00,2012,12,20,17308,28.49,HOEP (Legacy)
2012-12-02 20:00:00,2012,12,21,16904,28.52,HOEP (Legacy)
2012-12-02 21:00:00,2012,12,22,16254,27.85,HOEP (Legacy)
2012-12-02 22:00:00,2012,12,23,15251,24.37,HOEP (Legacy)
2012-12-02 23:00:00,2012,12,24,14061,21.62,HOEP (Legacy)
2012-12-03 00:00:00,2012,12,1,13428,18.37,HOEP (Legacy)
2012-12-03 01:00:00,2012,12,2,13035,18.68,HOEP (Legacy)
2012-12-03 02:00:00,2012,12,3,12882,20.64,HOEP (Legacy)
2012-12-03 03:00:00,2012,12,4,12909,20.39,HOEP (Legacy)
2012-12-03 04:00:00,2012,12,5,13065,20.6,HOEP (Legacy)
2012-12-03 05:00:00,2012,12,6,13776,17.2,HOEP (Legacy)
2012-12-03 06:00:00,2012,12,7,15235,27.37,HOEP (Legacy)
2012-12-03 07:00:00,2012,12,8,16984,35.0,HOEP (Legacy)
2012-12-03 08:00:00,2012,12,9,17145,23.15,HOEP (Legacy)
2012-12-03 09:00:00,2012,12,10,17057,27.12,HOEP (Legacy)
2012-12-03 10:00:00,2012,12,11,17140,21.22,HOEP (Legacy)
2012-12-03 11:00:00,2012,12,12,17135,21.61,HOEP (Legacy)
2012-12-03 12:00:00,2012,12,13,17064,27.78,HOEP (Legacy)
2012-12-03 13:00:00,2012,12,14,17115,27.68,HOEP (Legacy)
2012-12-03 14:00:00,2012,12,15,16979,24.34,HOEP (Legacy)
2012-12-03 15:00:00,2012,12,16,17090,22.13,HOEP (Legacy)
2012-12-03 16:00:00,2012,12,17,18298,27.25,HOEP (Legacy)
2012-12-03 17:00:00,2012,12,18,19328,28.51,HOEP (Legacy)
2012-12-03 18:00:00,2012,12,19,19095,29.09,HOEP (Legacy)
2012-12-03 19:00:00,2012,12,20,18770,30.24,HOEP (Legacy)
2012-12-03 20:00:00,2012,12,21,18287,28.83,HOEP (Legacy)
2012-12-03 21:00:00,2012,12,22,17281,26.26,HOEP (Legacy)
2012-12-03 22:00:00,2012,12,23,16060,23.59,HOEP (Legacy)
2012-12-03 23:00:00,2012,12,24,14632,18.67,HOEP (Legacy)
2012-12-04 00:00:00,2012,12,1,13571,12.45,HOEP (Legacy)
2012-12-04 01:00:00,2012,12,2,13131,10.63,HOEP (Legacy)
2012-12-04 02:00:00,2012,12,3,12868,13.65,HOEP (Legacy)
2012-12-04 03:00:00,2012,12,4,12763,13.65,HOEP (Legacy)
2012-12-04 04:00:00,2012,12,5,12908,8.64,HOEP (Legacy)
2012-12-04 05:00:00,2012,12,6,13523,13.65,HOEP (Legacy)
2012-12-04 06:00:00,2012,12,7,14935,14.67,HOEP (Legacy)
2012-12-04 07:00:00,2012,12,8,16188,17.52,HOEP (Legacy)
2012-12-04 08:00:00,2012,12,9,16423,18.31,HOEP (Legacy)
2012-12-04 09:00:00,2012,12,10,16567,20.52,HOEP (Legacy)
2012-12-04 10:00:00,2012,12,11,16766,21.16,HOEP (Legacy)
2012-12-04 11:00:00,2012,12,12,17047,28.59,HOEP (Legacy)
2012-12-04 12:00:00,2012,12,13,17080,27.93,HOEP (Legacy)
2012-12-04 13:00:00,2012,12,14,17134,28.5,HOEP (Legacy)
2012-12-04 14:00:00,2012,12,15,17067,27.88,HOEP (Legacy)
2012-12-04 15:00:00,2012,12,16,17184,23.97,HOEP (Legacy)
2012-12-04 16:00:00,2012,12,17,18247,28.19,HOEP (Legacy)
2012-12-04 17:00:00,2012,12,18,18967,28.53,HOEP (Legacy)
2012-12-04 18:00:00,2012,12,19,18749,28.37,HOEP (Legacy)
2012-12-04 19:00:00,2012,12,20,18462,28.16,HOEP (Legacy)
2012-12-04 20:00:00,2012,12,21,18002,28.47,HOEP (Legacy)
2012-12-04 21:00:00,2012,12,22,17268,27.9,HOEP (Legacy)
2012-12-04 22:00:00,2012,12,23,16103,21.52,HOEP (Legacy)
2012-12-04 23:00:00,2012,12,24,14697,17.85,HOEP (Legacy)
2012-12-05 00:00:00,2012,12,1,13912,13.66,HOEP (Legacy)
2012-12-05 01:00:00,2012,12,2,13531,11.89,HOEP (Legacy)
2012-12-05 02:00:00,2012,12,3,13211,-116.75,HOEP (Legacy)
2012-12-05 03:00:00,2012,12,4,13270,-9.51,HOEP (Legacy)
2012-12-05 04:00:00,2012,12,5,13435,12.31,HOEP (Legacy)
2012-12-05 05:00:00,2012,12,6,14114,12.77,HOEP (Legacy)
2012-12-05 06:00:00,2012,12,7,15505,21.78,HOEP (Legacy)
2012-12-05 07:00:00,2012,12,8,17139,24.22,HOEP (Legacy)
2012-12-05 08:00:00,2012,12,9,17346,24.79,HOEP (Legacy)
2012-12-05 09:00:00,2012,12,10,17335,20.5,HOEP (Legacy)
2012-12-05 10:00:00,2012,12,11,17439,21.49,HOEP (Legacy)
2012-12-05 11:00:00,2012,12,12,17418,22.01,HOEP (Legacy)
2012-12-05 12:00:00,2012,12,13,17538,27.09,HOEP (Legacy)
2012-12-05 13:00:00,2012,12,14,17563,24.89,HOEP (Legacy)
2012-12-05 14:00:00,2012,12,15,17685,24.76,HOEP (Legacy)
2012-12-05 15:00:00,2012,12,16,17932,24.13,HOEP (Legacy)
2012-12-05 16:00:00,2012,12,17,18884,28.64,HOEP (Legacy)
2012-12-05 17:00:00,2012,12,18,20208,127.93,HOEP (Legacy)
2012-12-05 18:00:00,2012,12,19,20195,196.63,HOEP (Legacy)
2012-12-05 19:00:00,2012,12,20,19940,56.32,HOEP (Legacy)
2012-12-05 20:00:00,2012,12,21,19602,30.0,HOEP (Legacy)
2012-12-05 21:00:00,2012,12,22,18820,28.05,HOEP (Legacy)
2012-12-05 22:00:00,2012,12,23,17491,25.21,HOEP (Legacy)
2012-12-05 23:00:00,2012,12,24,16009,23.77,HOEP (Legacy)
2012-12-06 00:00:00,2012,12,1,15037,21.43,HOEP (Legacy)
2012-12-06 01:00:00,2012,12,2,14512,20.91,HOEP (Legacy)
2012-12-06 02:00:00,2012,12,3,14351,16.89,HOEP (Legacy)
2012-12-06 03:00:00,2012,12,4,14284,20.46,HOEP (Legacy)
2012-12-06 04:00:00,2012,12,5,14517,21.15,HOEP (Legacy)
2012-12-06 05:00:00,2012,12,6,15211,20.31,HOEP (Legacy)
2012-12-06 06:00:00,2012,12,7,16703,26.88,HOEP (Legacy)
2012-12-06 07:00:00,2012,12,8,18246,76.06,HOEP (Legacy)
2012-12-06 08:00:00,2012,12,9,18158,58.72,HOEP (Legacy)
2012-12-06 09:00:00,2012,12,10,17980,27.43,HOEP (Legacy)
2012-12-06 10:00:00,2012,12,11,17832,23.74,HOEP (Legacy)
2012-12-06 11:00:00,2012,12,12,17769,22.83,HOEP (Legacy)
2012-12-06 12:00:00,2012,12,13,17696,27.57,HOEP (Legacy)
2012-12-06 13:00:00,2012,12,14,17689,27.59,HOEP (Legacy)
2012-12-06 14:00:00,2012,12,15,17790,27.65,HOEP (Legacy)
2012-12-06 15:00:00,2012,12,16,18045,24.35,HOEP (Legacy)
2012-12-06 16:00:00,2012,12,17,18944,28.02,HOEP (Legacy)
2012-12-06 17:00:00,2012,12,18,20047,28.36,HOEP (Legacy)
2012-12-06 18:00:00,2012,12,19,19842,28.38,HOEP (Legacy)
2012-12-06 19:00:00,2012,12,20,19505,27.93,HOEP (Legacy)
2012-12-06 20:00:00,2012,12,21,19203,28.39,HOEP (Legacy)
2012-12-06 21:00:00,2012,12,22,18415,28.06,HOEP (Legacy)
2012-12-06 22:00:00,2012,12,23,17067,24.01,HOEP (Legacy)
2012-12-06 23:00:00,2012,12,24,15493,19.3,HOEP (Legacy)
2012-12-07 00:00:00,2012,12,1,14299,14.59,HOEP (Legacy)
2012-12-07 01:00:00,2012,12,2,13839,14.0,HOEP (Legacy)
2012-12-07 02:00:00,2012,12,3,13497,13.9,HOEP (Legacy)
2012-12-07 03:00:00,2012,12,4,13501,13.79,HOEP (Legacy)
2012-12-07 04:00:00,2012,12,5,13539,13.79,HOEP (Legacy)
2012-12-07 05:00:00,2012,12,6,14391,13.44,HOEP (Legacy)
2012-12-07 06:00:00,2012,12,7,15678,25.47,HOEP (Legacy)
2012-12-07 07:00:00,2012,12,8,17323,26.06,HOEP (Legacy)
2012-12-07 08:00:00,2012,12,9,17577,23.51,HOEP (Legacy)
2012-12-07 09:00:00,2012,12,10,17563,26.23,HOEP (Legacy)
2012-12-07 10:00:00,2012,12,11,17665,27.0,HOEP (Legacy)
2012-12-07 11:00:00,2012,12,12,17728,27.01,HOEP (Legacy)
2012-12-07 12:00:00,2012,12,13,17685,27.0,HOEP (Legacy)
2012-12-07 13:00:00,2012,12,14,17638,26.97,HOEP (Legacy)
2012-12-07 14:00:00,2012,12,15,17493,26.38,HOEP (Legacy)
2012-12-07 15:00:00,2012,12,16,17551,25.3,HOEP (Legacy)
2012-12-07 16:00:00,2012,12,17,18327,28.46,HOEP (Legacy)
2012-12-07 17:00:00,2012,12,18,19111,29.09,HOEP (Legacy)
2012-12-07 18:00:00,2012,12,19,18872,28.94,HOEP (Legacy)
2012-12-07 19:00:00,2012,12,20,18485,28.31,HOEP (Legacy)
2012-12-07 20:00:00,2012,12,21,18045,26.55,HOEP (Legacy)
2012-12-07 21:00:00,2012,12,22,17381,27.03,HOEP (Legacy)
2012-12-07 22:00:00,2012,12,23,16213,24.73,HOEP (Legacy)
2012-12-07 23:00:00,2012,12,24,14955,18.66,HOEP (Legacy)
2012-12-08 00:00:00,2012,12,1,13981,16.18,HOEP (Legacy)
2012-12-08 01:00:00,2012,12,2,13326,15.81,HOEP (Legacy)
2012-12-08 02:00:00,2012,12,3,12959,15.86,HOEP (Legacy)
2012-12-08 03:00:00,2012,12,4,12867,14.28,HOEP (Legacy)
2012-12-08 04:00:00,2012,12,5,12937,14.19,HOEP (Legacy)
2012-12-08 05:00:00,2012,12,6,13257,14.04,HOEP (Legacy)
2012-12-08 06:00:00,2012,12,7,13834,14.04,HOEP (Legacy)
2012-12-08 07:00:00,2012,12,8,14733,17.05,HOEP (Legacy)
2012-12-08 08:00:00,2012,12,9,15487,25.54,HOEP (Legacy)
2012-12-08 09:00:00,2012,12,10,16287,28.32,HOEP (Legacy)
2012-12-08 10:00:00,2012,12,11,16755,28.64,HOEP (Legacy)
2012-12-08 11:00:00,2012,12,12,16934,41.29,HOEP (Legacy)
2012-12-08 12:00:00,2012,12,13,16838,28.83,HOEP (Legacy)
2012-12-08 13:00:00,2012,12,14,16657,27.86,HOEP (Legacy)
2012-12-08 14:00:00,2012,12,15,16574,27.53,HOEP (Legacy)
2012-12-08 15:00:00,2012,12,16,16690,26.21,HOEP (Legacy)
2012-12-08 16:00:00,2012,12,17,17289,27.48,HOEP (Legacy)
2012-12-08 17:00:00,2012,12,18,18160,28.25,HOEP (Legacy)
2012-12-08 18:00:00,2012,12,19,17919,27.65,HOEP (Legacy)
2012-12-08 19:00:00,2012,12,20,17465,27.58,HOEP (Legacy)
2012-12-08 20:00:00,2012,12,21,17063,27.05,HOEP (Legacy)
2012-12-08 21:00:00,2012,12,22,16560,26.05,HOEP (Legacy)
2012-12-08 22:00:00,2012,12,23,15720,24.02,HOEP (Legacy)
2012-12-08 23:00:00,2012,12,24,14736,20.29,HOEP (Legacy)
2012-12-09 00:00:00,2012,12,1,13914,14.76,HOEP (Legacy)
2012-12-09 01:00:00,2012,12,2,13345,15.6,HOEP (Legacy)
2012-12-09 02:00:00,2012,12,3,13061,14.24,HOEP (Legacy)
2012-12-09 03:00:00,2012,12,4,12979,14.43,HOEP (Legacy)
2012-12-09 04:00:00,2012,12,5,13018,14.23,HOEP (Legacy)
2012-12-09 05:00:00,2012,12,6,13302,14.17,HOEP (Legacy)
2012-12-09 06:00:00,2012,12,7,13730,14.78,HOEP (Legacy)
2012-12-09 07:00:00,2012,12,8,14395,14.26,HOEP (Legacy)
2012-12-09 08:00:00,2012,12,9,15007,20.39,HOEP (Legacy)
2012-12-09 09:00:00,2012,12,10,15722,25.5,HOEP (Legacy)
2012-12-09 10:00:00,2012,12,11,15994,27.82,HOEP (Legacy)
2012-12-09 11:00:00,2012,12,12,16272,49.98,HOEP (Legacy)
2012-12-09 12:00:00,2012,12,13,16591,26.23,HOEP (Legacy)
2012-12-09 13:00:00,2012,12,14,16709,27.79,HOEP (Legacy)
2012-12-09 14:00:00,2012,12,15,16743,26.85,HOEP (Legacy)
2012-12-09 15:00:00,2012,12,16,16996,26.95,HOEP (Legacy)
2012-12-09 16:00:00,2012,12,17,18152,28.26,HOEP (Legacy)
2012-12-09 17:00:00,2012,12,18,19282,31.4,HOEP (Legacy)
2012-12-09 18:00:00,2012,12,19,19029,30.58,HOEP (Legacy)
2012-12-09 19:00:00,2012,12,20,18753,29.27,HOEP (Legacy)
2012-12-09 20:00:00,2012,12,21,18335,28.73,HOEP (Legacy)
2012-12-09 21:00:00,2012,12,22,17706,28.39,HOEP (Legacy)
2012-12-09 22:00:00,2012,12,23,16477,27.27,HOEP (Legacy)
2012-12-09 23:00:00,2012,12,24,15224,26.31,HOEP (Legacy)
2012-12-10 00:00:00,2012,12,1,14497,30.68,HOEP (Legacy)
2012-12-10 01:00:00,2012,12,2,13916,19.3,HOEP (Legacy)
2012-12-10 02:00:00,2012,12,3,13633,14.65,HOEP (Legacy)
2012-12-10 03:00:00,2012,12,4,13610,14.42,HOEP (Legacy)
2012-12-10 04:00:00,2012,12,5,13768,14.43,HOEP (Legacy)
2012-12-10 05:00:00,2012,12,6,14340,16.57,HOEP (Legacy)
2012-12-10 06:00:00,2012,12,7,15735,25.19,HOEP (Legacy)
2012-12-10 07:00:00,2012,12,8,17345,91.39,HOEP (Legacy)
2012-12-10 08:00:00,2012,12,9,17811,31.89,HOEP (Legacy)
2012-12-10 09:00:00,2012,12,10,17934,26.34,HOEP (Legacy)
2012-12-10 10:00:00,2012,12,11,18029,25.2,HOEP (Legacy)
2012-12-10 11:00:00,2012,12,12,18132,25.17,HOEP (Legacy)
2012-12-10 12:00:00,2012,12,13,18007,25.36,HOEP (Legacy)
2012-12-10 13:00:00,2012,12,14,18080,24.82,HOEP (Legacy)
2012-12-10 14:00:00,2012,12,15,18007,24.09,HOEP (Legacy)
2012-12-10 15:00:00,2012,12,16,18119,25.19,HOEP (Legacy)
2012-12-10 16:00:00,2012,12,17,18900,27.69,HOEP (Legacy)
2012-12-10 17:00:00,2012,12,18,20225,28.97,HOEP (Legacy)
2012-12-10 18:00:00,2012,12,19,20095,28.47,HOEP (Legacy)
2012-12-10 19:00:00,2012,12,20,19857,28.29,HOEP (Legacy)
2012-12-10 20:00:00,2012,12,21,19494,28.91,HOEP (Legacy)
2012-12-10 21:00:00,2012,12,22,18776,27.95,HOEP (Legacy)
2012-12-10 22:00:00,2012,12,23,17447,25.97,HOEP (Legacy)
2012-12-10 23:00:00,2012,12,24,15905,26.59,HOEP (Legacy)
2012-12-11 00:00:00,2012,12,1,14880,18.72,HOEP (Legacy)
2012-12-11 01:00:00,2012,12,2,14473,20.5,HOEP (Legacy)
2012-12-11 02:00:00,2012,12,3,14237,19.76,HOEP (Legacy)
2012-12-11 03:00:00,2012,12,4,14145,14.41,HOEP (Legacy)
2012-12-11 04:00:00,2012,12,5,14353,17.38,HOEP (Legacy)
2012-12-11 05:00:00,2012,12,6,15141,17.07,HOEP (Legacy)
2012-12-11 06:00:00,2012,12,7,16597,23.67,HOEP (Legacy)
2012-12-11 07:00:00,2012,12,8,18173,25.5,HOEP (Legacy)
2012-12-11 08:00:00,2012,12,9,18580,26.4,HOEP (Legacy)
2012-12-11 09:00:00,2012,12,10,18303,26.35,HOEP (Legacy)
2012-12-11 10:00:00,2012,12,11,18237,26.35,HOEP (Legacy)
2012-12-11 11:00:00,2012,12,12,18076,26.29,HOEP (Legacy)
2012-12-11 12:00:00,2012,12,13,17828,24.84,HOEP (Legacy)
2012-12-11 13:00:00,2012,12,14,17906,24.31,HOEP (Legacy)
2012-12-11 14:00:00,2012,12,15,17843,24.19,HOEP (Legacy)
2012-12-11 15:00:00,2012,12,16,18109,25.89,HOEP (Legacy)
2012-12-11 16:00:00,2012,12,17,19159,28.03,HOEP (Legacy)
2012-12-11 17:00:00,2012,12,18,20354,29.51,HOEP (Legacy)
2012-12-11 18:00:00,2012,12,19,20382,32.74,HOEP (Legacy)
2012-12-11 19:00:00,2012,12,20,20203,31.47,HOEP (Legacy)
2012-12-11 20:00:00,2012,12,21,19836,29.83,HOEP (Legacy)
2012-12-11 21:00:00,2012,12,22,19040,28.56,HOEP (Legacy)
2012-12-11 22:00:00,2012,12,23,17671,25.43,HOEP (Legacy)
2012-12-11 23:00:00,2012,12,24,16158,31.05,HOEP (Legacy)
2012-12-12 00:00:00,2012,12,1,15242,25.15,HOEP (Legacy)
2012-12-12 01:00:00,2012,12,2,14711,20.74,HOEP (Legacy)
2012-12-12 02:00:00,2012,12,3,14425,17.93,HOEP (Legacy)
2012-12-12 03:00:00,2012,12,4,14409,19.48,HOEP (Legacy)
2012-12-12 04:00:00,2012,12,5,14481,18.19,HOEP (Legacy)
2012-12-12 05:00:00,2012,12,6,15258,19.67,HOEP (Legacy)
2012-12-12 06:00:00,2012,12,7,16645,25.45,HOEP (Legacy)
2012-12-12 07:00:00,2012,12,8,18036,26.65,HOEP (Legacy)
2012-12-12 08:00:00,2012,12,9,18163,25.87,HOEP (Legacy)
2012-12-12 09:00:00,2012,12,10,17989,25.76,HOEP (Legacy)
2012-12-12 10:00:00,2012,12,11,17857,25.75,HOEP (Legacy)
2012-12-12 11:00:00,2012,12,12,17933,25.98,HOEP (Legacy)
2012-12-12 12:00:00,2012,12,13,17846,27.0,HOEP (Legacy)
2012-12-12 13:00:00,2012,12,14,17773,26.11,HOEP (Legacy)
2012-12-12 14:00:00,2012,12,15,17780,26.02,HOEP (Legacy)
2012-12-12 15:00:00,2012,12,16,18050,26.91,HOEP (Legacy)
2012-12-12 16:00:00,2012,12,17,18981,28.13,HOEP (Legacy)
2012-12-12 17:00:00,2012,12,18,20155,52.78,HOEP (Legacy)
2012-12-12 18:00:00,2012,12,19,20066,36.51,HOEP (Legacy)
2012-12-12 19:00:00,2012,12,20,19925,43.65,HOEP (Legacy)
2012-12-12 20:00:00,2012,12,21,19571,30.53,HOEP (Legacy)
2012-12-12 21:00:00,2012,12,22,18814,31.09,HOEP (Legacy)
2012-12-12 22:00:00,2012,12,23,17472,25.86,HOEP (Legacy)
2012-12-12 23:00:00,2012,12,24,16019,31.57,HOEP (Legacy)
2012-12-13 00:00:00,2012,12,1,15023,26.28,HOEP (Legacy)
2012-12-13 01:00:00,2012,12,2,14487,23.97,HOEP (Legacy)
2012-12-13 02:00:00,2012,12,3,14229,20.36,HOEP (Legacy)
2012-12-13 03:00:00,2012,12,4,14179,24.46,HOEP (Legacy)
2012-12-13 04:00:00,2012,12,5,14333,24.15,HOEP (Legacy)
2012-12-13 05:00:00,2012,12,6,14963,26.08,HOEP (Legacy)
2012-12-13 06:00:00,2012,12,7,16386,30.66,HOEP (Legacy)
2012-12-13 07:00:00,2012,12,8,17804,44.15,HOEP (Legacy)
2012-12-13 08:00:00,2012,12,9,17983,33.89,HOEP (Legacy)
2012-12-13 09:00:00,2012,12,10,17648,26.02,HOEP (Legacy)
2012-12-13 10:00:00,2012,12,11,17482,26.01,HOEP (Legacy)
2012-12-13 11:00:00,2012,12,12,17362,24.79,HOEP (Legacy)
2012-12-13 12:00:00,2012,12,13,16990,22.14,HOEP (Legacy)
2012-12-13 13:00:00,2012,12,14,16984,22.53,HOEP (Legacy)
2012-12-13 14:00:00,2012,12,15,16930,25.39,HOEP (Legacy)
2012-12-13 15:00:00,2012,12,16,17237,26.06,HOEP (Legacy)
2012-12-13 16:00:00,2012,12,17,18135,26.4,HOEP (Legacy)
2012-12-13 17:00:00,2012,12,18,19405,28.84,HOEP (Legacy)
2012-12-13 18:00:00,2012,12,19,19344,27.17,HOEP (Legacy)
2012-12-13 19:00:00,2012,12,20,19185,29.91,HOEP (Legacy)
2012-12-13 20:00:00,2012,12,21,18860,27.43,HOEP (Legacy)
2012-12-13 21:00:00,2012,12,22,18202,26.81,HOEP (Legacy)
2012-12-13 22:00:00,2012,12,23,16941,25.44,HOEP (Legacy)
2012-12-13 23:00:00,2012,12,24,15414,18.38,HOEP (Legacy)
2012-12-14 00:00:00,2012,12,1,14457,18.12,HOEP (Legacy)
2012-12-14 01:00:00,2012,12,2,14044,16.31,HOEP (Legacy)
2012-12-14 02:00:00,2012,12,3,13819,15.32,HOEP (Legacy)
2012-12-14 03:00:00,2012,12,4,13732,14.32,HOEP (Legacy)
2012-12-14 04:00:00,2012,12,5,13778,14.95,HOEP (Legacy)
2012-12-14 05:00:00,2012,12,6,14578,19.36,HOEP (Legacy)
2012-12-14 06:00:00,2012,12,7,15941,23.84,HOEP (Legacy)
2012-12-14 07:00:00,2012,12,8,17394,26.24,HOEP (Legacy)
2012-12-14 08:00:00,2012,12,9,17646,25.93,HOEP (Legacy)
2012-12-14 09:00:00,2012,12,10,17606,26.45,HOEP (Legacy)
2012-12-14 10:00:00,2012,12,11,17498,25.72,HOEP (Legacy)
2012-12-14 11:00:00,2012,12,12,17322,25.5,HOEP (Legacy)
2012-12-14 12:00:00,2012,12,13,17064,23.97,HOEP (Legacy)
2012-12-14 13:00:00,2012,12,14,17029,23.17,HOEP (Legacy)
2012-12-14 14:00:00,2012,12,15,16987,22.03,HOEP (Legacy)
2012-12-14 15:00:00,2012,12,16,17248,22.75,HOEP (Legacy)
2012-12-14 16:00:00,2012,12,17,18106,26.09,HOEP (Legacy)
2012-12-14 17:00:00,2012,12,18,19295,28.56,HOEP (Legacy)
2012-12-14 18:00:00,2012,12,19,19050,28.59,HOEP (Legacy)
2012-12-14 19:00:00,2012,12,20,18868,26.17,HOEP (Legacy)
2012-12-14 20:00:00,2012,12,21,18576,26.31,HOEP (Legacy)
2012-12-14 21:00:00,2012,12,22,18009,32.28,HOEP (Legacy)
2012-12-14 22:00:00,2012,12,23,16916,26.87,HOEP (Legacy)
2012-12-14 23:00:00,2012,12,24,15497,24.26,HOEP (Legacy)
2012-12-15 00:00:00,2012,12,1,14409,25.41,HOEP (Legacy)
2012-12-15 01:00:00,2012,12,2,13823,23.45,HOEP (Legacy)
2012-12-15 02:00:00,2012,12,3,13614,23.57,HOEP (Legacy)
2012-12-15 03:00:00,2012,12,4,13547,25.17,HOEP (Legacy)
2012-12-15 04:00:00,2012,12,5,13661,23.99,HOEP (Legacy)
2012-12-15 05:00:00,2012,12,6,13839,24.0,HOEP (Legacy)
2012-12-15 06:00:00,2012,12,7,14327,22.74,HOEP (Legacy)
2012-12-15 07:00:00,2012,12,8,15244,23.21,HOEP (Legacy)
2012-12-15 08:00:00,2012,12,9,16086,22.94,HOEP (Legacy)
2012-12-15 09:00:00,2012,12,10,16651,28.0,HOEP (Legacy)
2012-12-15 10:00:00,2012,12,11,17000,27.31,HOEP (Legacy)
2012-12-15 11:00:00,2012,12,12,17154,27.16,HOEP (Legacy)
2012-12-15 12:00:00,2012,12,13,17034,25.55,HOEP (Legacy)
2012-12-15 13:00:00,2012,12,14,16850,25.1,HOEP (Legacy)
2012-12-15 14:00:00,2012,12,15,16814,24.95,HOEP (Legacy)
2012-12-15 15:00:00,2012,12,16,16991,24.94,HOEP (Legacy)
2012-12-15 16:00:00,2012,12,17,18021,25.93,HOEP (Legacy)
2012-12-15 17:00:00,2012,12,18,18840,26.11,HOEP (Legacy)
2012-12-15 18:00:00,2012,12,19,18421,25.74,HOEP (Legacy)
2012-12-15 19:00:00,2012,12,20,17933,24.78,HOEP (Legacy)
2012-12-15 20:00:00,2012,12,21,17516,24.33,HOEP (Legacy)
2012-12-15 21:00:00,2012,12,22,16876,24.37,HOEP (Legacy)
2012-12-15 22:00:00,2012,12,23,16110,22.47,HOEP (Legacy)
2012-12-15 23:00:00,2012,12,24,15060,21.95,HOEP (Legacy)
2012-12-16 00:00:00,2012,12,1,14282,37.02,HOEP (Legacy)
2012-12-16 01:00:00,2012,12,2,13740,24.22,HOEP (Legacy)
2012-12-16 02:00:00,2012,12,3,13395,-16.06,HOEP (Legacy)
2012-12-16 03:00:00,2012,12,4,13283,-128.1,HOEP (Legacy)
2012-12-16 04:00:00,2012,12,5,13289,13.6,HOEP (Legacy)
2012-12-16 05:00:00,2012,12,6,13386,13.97,HOEP (Legacy)
2012-12-16 06:00:00,2012,12,7,13770,18.62,HOEP (Legacy)
2012-12-16 07:00:00,2012,12,8,14380,14.83,HOEP (Legacy)
2012-12-16 08:00:00,2012,12,9,15072,13.52,HOEP (Legacy)
2012-12-16 09:00:00,2012,12,10,15817,13.37,HOEP (Legacy)
2012-12-16 10:00:00,2012,12,11,16286,16.78,HOEP (Legacy)
2012-12-16 11:00:00,2012,12,12,16651,21.49,HOEP (Legacy)
2012-12-16 12:00:00,2012,12,13,16880,23.52,HOEP (Legacy)
2012-12-16 13:00:00,2012,12,14,16945,27.59,HOEP (Legacy)
2012-12-16 14:00:00,2012,12,15,16882,30.48,HOEP (Legacy)
2012-12-16 15:00:00,2012,12,16,17016,29.33,HOEP (Legacy)
2012-12-16 16:00:00,2012,12,17,17974,27.55,HOEP (Legacy)
2012-12-16 17:00:00,2012,12,18,18788,29.12,HOEP (Legacy)
2012-12-16 18:00:00,2012,12,19,18549,29.94,HOEP (Legacy)
2012-12-16 19:00:00,2012,12,20,17985,27.31,HOEP (Legacy)
2012-12-16 20:00:00,2012,12,21,17465,26.32,HOEP (Legacy)
2012-12-16 21:00:00,2012,12,22,16856,25.9,HOEP (Legacy)
2012-12-16 22:00:00,2012,12,23,15826,24.9,HOEP (Legacy)
2012-12-16 23:00:00,2012,12,24,14682,19.51,HOEP (Legacy)
2012-12-17 00:00:00,2012,12,1,13714,16.92,HOEP (Legacy)
2012-12-17 01:00:00,2012,12,2,13311,12.65,HOEP (Legacy)
2012-12-17 02:00:00,2012,12,3,13149,22.17,HOEP (Legacy)
2012-12-17 03:00:00,2012,12,4,13042,17.86,HOEP (Legacy)
2012-12-17 04:00:00,2012,12,5,13236,15.61,HOEP (Legacy)
2012-12-17 05:00:00,2012,12,6,13878,0.88,HOEP (Legacy)
2012-12-17 06:00:00,2012,12,7,15198,24.81,HOEP (Legacy)
2012-12-17 07:00:00,2012,12,8,16839,24.68,HOEP (Legacy)
2012-12-17 08:00:00,2012,12,9,17374,25.17,HOEP (Legacy)
2012-12-17 09:00:00,2012,12,10,17432,25.28,HOEP (Legacy)
2012-12-17 10:00:00,2012,12,11,17673,25.2,HOEP (Legacy)
2012-12-17 11:00:00,2012,12,12,17719,25.24,HOEP (Legacy)
2012-12-17 12:00:00,2012,12,13,17667,25.47,HOEP (Legacy)
2012-12-17 13:00:00,2012,12,14,17707,26.21,HOEP (Legacy)
2012-12-17 14:00:00,2012,12,15,17692,26.16,HOEP (Legacy)
2012-12-17 15:00:00,2012,12,16,17808,26.31,HOEP (Legacy)
2012-12-17 16:00:00,2012,12,17,18854,28.42,HOEP (Legacy)
2012-12-17 17:00:00,2012,12,18,19711,30.65,HOEP (Legacy)
2012-12-17 18:00:00,2012,12,19,19526,42.13,HOEP (Legacy)
2012-12-17 19:00:00,2012,12,20,19179,30.08,HOEP (Legacy)
2012-12-17 20:00:00,2012,12,21,18943,30.04,HOEP (Legacy)
2012-12-17 21:00:00,2012,12,22,18126,28.67,HOEP (Legacy)
2012-12-17 22:00:00,2012,12,23,16849,25.83,HOEP (Legacy)
2012-12-17 23:00:00,2012,12,24,15349,24.81,HOEP (Legacy)
2012-12-18 00:00:00,2012,12,1,14373,20.82,HOEP (Legacy)
2012-12-18 01:00:00,2012,12,2,13724,23.68,HOEP (Legacy)
2012-12-18 02:00:00,2012,12,3,13544,23.36,HOEP (Legacy)
2012-12-18 03:00:00,2012,12,4,13471,23.32,HOEP (Legacy)
2012-12-18 04:00:00,2012,12,5,13583,19.05,HOEP (Legacy)
2012-12-18 05:00:00,2012,12,6,14178,25.74,HOEP (Legacy)
2012-12-18 06:00:00,2012,12,7,15558,25.08,HOEP (Legacy)
2012-12-18 07:00:00,2012,12,8,17105,25.22,HOEP (Legacy)
2012-12-18 08:00:00,2012,12,9,17545,26.11,HOEP (Legacy)
2012-12-18 09:00:00,2012,12,10,17578,26.72,HOEP (Legacy)
2012-12-18 10:00:00,2012,12,11,17632,26.82,HOEP (Legacy)
2012-12-18 11:00:00,2012,12,12,17480,25.72,HOEP (Legacy)
2012-12-18 12:00:00,2012,12,13,17244,25.68,HOEP (Legacy)
2012-12-18 13:00:00,2012,12,14,17196,23.42,HOEP (Legacy)
2012-12-18 14:00:00,2012,12,15,17272,21.46,HOEP (Legacy)
2012-12-18 15:00:00,2012,12,16,17566,22.36,HOEP (Legacy)
2012-12-18 16:00:00,2012,12,17,18575,25.02,HOEP (Legacy)
2012-12-18 17:00:00,2012,12,18,19592,26.55,HOEP (Legacy)
2012-12-18 18:00:00,2012,12,19,19538,30.07,HOEP (Legacy)
2012-12-18 19:00:00,2012,12,20,19350,30.97,HOEP (Legacy)
2012-12-18 20:00:00,2012,12,21,18963,28.65,HOEP (Legacy)
2012-12-18 21:00:00,2012,12,22,18249,31.36,HOEP (Legacy)
2012-12-18 22:00:00,2012,12,23,16961,25.69,HOEP (Legacy)
2012-12-18 23:00:00,2012,12,24,15585,28.09,HOEP (Legacy)
2012-12-19 00:00:00,2012,12,1,14564,17.72,HOEP (Legacy)
2012-12-19 01:00:00,2012,12,2,14017,18.52,HOEP (Legacy)
2012-12-19 02:00:00,2012,12,3,13696,23.38,HOEP (Legacy)
2012-12-19 03:00:00,2012,12,4,13570,22.85,HOEP (Legacy)
2012-12-19 04:00:00,2012,12,5,13579,18.63,HOEP (Legacy)
2012-12-19 05:00:00,2012,12,6,14378,25.73,HOEP (Legacy)
2012-12-19 06:00:00,2012,12,7,15820,27.49,HOEP (Legacy)
2012-12-19 07:00:00,2012,12,8,17313,26.77,HOEP (Legacy)
2012-12-19 08:00:00,2012,12,9,17446,25.85,HOEP (Legacy)
2012-12-19 09:00:00,2012,12,10,17386,25.85,HOEP (Legacy)
2012-12-19 10:00:00,2012,12,11,17393,25.85,HOEP (Legacy)
2012-12-19 11:00:00,2012,12,12,17248,25.85,HOEP (Legacy)
2012-12-19 12:00:00,2012,12,13,17189,25.85,HOEP (Legacy)
2012-12-19 13:00:00,2012,12,14,17187,25.57,HOEP (Legacy)
2012-12-19 14:00:00,2012,12,15,17228,26.63,HOEP (Legacy)
2012-12-19 15:00:00,2012,12,16,17484,26.03,HOEP (Legacy)
2012-12-19 16:00:00,2012,12,17,18416,26.75,HOEP (Legacy)
2012-12-19 17:00:00,2012,12,18,19616,26.96,HOEP (Legacy)
2012-12-19 18:00:00,2012,12,19,19533,27.84,HOEP (Legacy)
2012-12-19 19:00:00,2012,12,20,19377,29.37,HOEP (Legacy)
2012-12-19 20:00:00,2012,12,21,19059,29.53,HOEP (Legacy)
2012-12-19 21:00:00,2012,12,22,18465,26.87,HOEP (Legacy)
2012-12-19 22:00:00,2012,12,23,17175,25.69,HOEP (Legacy)
2012-12-19 23:00:00,2012,12,24,15758,27.1,HOEP (Legacy)
2012-12-20 00:00:00,2012,12,1,14660,24.78,HOEP (Legacy)
2012-12-20 01:00:00,2012,12,2,13999,21.33,HOEP (Legacy)
2012-12-20 02:00:00,2012,12,3,13674,19.43,HOEP (Legacy)
2012-12-20 03:00:00,2012,12,4,13656,13.15,HOEP (Legacy)
2012-12-20 04:00:00,2012,12,5,13775,14.68,HOEP (Legacy)
2012-12-20 05:00:00,2012,12,6,14442,17.52,HOEP (Legacy)
2012-12-20 06:00:00,2012,12,7,15755,19.84,HOEP (Legacy)
2012-12-20 07:00:00,2012,12,8,17171,21.42,HOEP (Legacy)
2012-12-20 08:00:00,2012,12,9,17481,25.2,HOEP (Legacy)
2012-12-20 09:00:00,2012,12,10,17529,28.31,HOEP (Legacy)
2012-12-20 10:00:00,2012,12,11,17614,31.68,HOEP (Legacy)
2012-12-20 11:00:00,2012,12,12,17670,24.02,HOEP (Legacy)
2012-12-20 12:00:00,2012,12,13,17586,28.97,HOEP (Legacy)
2012-12-20 13:00:00,2012,12,14,17674,28.89,HOEP (Legacy)
2012-12-20 14:00:00,2012,12,15,17759,27.29,HOEP (Legacy)
2012-12-20 15:00:00,2012,12,16,18002,19.11,HOEP (Legacy)
2012-12-20 16:00:00,2012,12,17,18961,27.28,HOEP (Legacy)
2012-12-20 17:00:00,2012,12,18,19916,30.57,HOEP (Legacy)
2012-12-20 18:00:00,2012,12,19,19807,29.06,HOEP (Legacy)
2012-12-20 19:00:00,2012,12,20,19638,41.62,HOEP (Legacy)
2012-12-20 20:00:00,2012,12,21,19318,27.58,HOEP (Legacy)
2012-12-20 21:00:00,2012,12,22,18608,26.05,HOEP (Legacy)
2012-12-20 22:00:00,2012,12,23,17266,23.37,HOEP (Legacy)
2012-12-20 23:00:00,2012,12,24,15839,20.09,HOEP (Legacy)
2012-12-21 00:00:00,2012,12,1,14700,19.24,HOEP (Legacy)
2012-12-21 01:00:00,2012,12,2,14076,18.31,HOEP (Legacy)
2012-12-21 02:00:00,2012,12,3,13748,18.4,HOEP (Legacy)
2012-12-21 03:00:00,2012,12,4,13524,14.88,HOEP (Legacy)
2012-12-21 04:00:00,2012,12,5,13708,14.55,HOEP (Legacy)
2012-12-21 05:00:00,2012,12,6,14387,18.21,HOEP (Legacy)
2012-12-21 06:00:00,2012,12,7,15665,26.16,HOEP (Legacy)
2012-12-21 07:00:00,2012,12,8,17102,30.39,HOEP (Legacy)
2012-12-21 08:00:00,2012,12,9,17466,31.02,HOEP (Legacy)
2012-12-21 09:00:00,2012,12,10,17491,29.06,HOEP (Legacy)
2012-12-21 10:00:00,2012,12,11,17626,31.51,HOEP (Legacy)
2012-12-21 11:00:00,2012,12,12,17662,34.09,HOEP (Legacy)
2012-12-21 12:00:00,2012,12,13,17502,29.32,HOEP (Legacy)
2012-12-21 13:00:00,2012,12,14,17351,26.94,HOEP (Legacy)
2012-12-21 14:00:00,2012,12,15,17235,24.39,HOEP (Legacy)
2012-12-21 15:00:00,2012,12,16,17303,23.66,HOEP (Legacy)
2012-12-21 16:00:00,2012,12,17,18102,24.99,HOEP (Legacy)
2012-12-21 17:00:00,2012,12,18,19102,27.05,HOEP (Legacy)
2012-12-21 18:00:00,2012,12,19,18987,28.08,HOEP (Legacy)
2012-12-21 19:00:00,2012,12,20,18791,28.66,HOEP (Legacy)
2012-12-21 20:00:00,2012,12,21,18427,26.96,HOEP (Legacy)
2012-12-21 21:00:00,2012,12,22,17718,25.7,HOEP (Legacy)
2012-12-21 22:00:00,2012,12,23,16740,24.24,HOEP (Legacy)
2012-12-21 23:00:00,2012,12,24,15472,16.21,HOEP (Legacy)
2012-12-22 00:00:00,2012,12,1,14570,17.88,HOEP (Legacy)
2012-12-22 01:00:00,2012,12,2,13919,14.87,HOEP (Legacy)
2012-12-22 02:00:00,2012,12,3,13548,18.51,HOEP (Legacy)
2012-12-22 03:00:00,2012,12,4,13354,13.78,HOEP (Legacy)
2012-12-22 04:00:00,2012,12,5,13361,13.93,HOEP (Legacy)
2012-12-22 05:00:00,2012,12,6,13679,15.34,HOEP (Legacy)
2012-12-22 06:00:00,2012,12,7,14345,16.92,HOEP (Legacy)
2012-12-22 07:00:00,2012,12,8,15125,19.29,HOEP (Legacy)
2012-12-22 08:00:00,2012,12,9,15898,16.75,HOEP (Legacy)
2012-12-22 09:00:00,2012,12,10,16619,24.42,HOEP (Legacy)
2012-12-22 10:00:00,2012,12,11,16840,33.82,HOEP (Legacy)
2012-12-22 11:00:00,2012,12,12,16972,25.09,HOEP (Legacy)
2012-12-22 12:00:00,2012,12,13,16860,22.85,HOEP (Legacy)
2012-12-22 13:00:00,2012,12,14,16602,18.41,HOEP (Legacy)
2012-12-22 14:00:00,2012,12,15,16444,21.15,HOEP (Legacy)
2012-12-22 15:00:00,2012,12,16,16477,22.52,HOEP (Legacy)
2012-12-22 16:00:00,2012,12,17,17457,28.56,HOEP (Legacy)
2012-12-22 17:00:00,2012,12,18,18859,27.39,HOEP (Legacy)
2012-12-22 18:00:00,2012,12,19,18639,27.68,HOEP (Legacy)
2012-12-22 19:00:00,2012,12,20,18129,28.42,HOEP (Legacy)
2012-12-22 20:00:00,2012,12,21,17709,28.29,HOEP (Legacy)
2012-12-22 21:00:00,2012,12,22,17177,25.31,HOEP (Legacy)
2012-12-22 22:00:00,2012,12,23,16288,24.94,HOEP (Legacy)
2012-12-22 23:00:00,2012,12,24,15213,24.92,HOEP (Legacy)
2012-12-23 00:00:00,2012,12,1,14315,20.56,HOEP (Legacy)
2012-12-23 01:00:00,2012,12,2,13672,20.84,HOEP (Legacy)
2012-12-23 02:00:00,2012,12,3,13300,17.33,HOEP (Legacy)
2012-12-23 03:00:00,2012,12,4,13092,14.16,HOEP (Legacy)
2012-12-23 04:00:00,2012,12,5,13018,14.91,HOEP (Legacy)
2012-12-23 05:00:00,2012,12,6,13336,21.64,HOEP (Legacy)
2012-12-23 06:00:00,2012,12,7,13792,22.79,HOEP (Legacy)
2012-12-23 07:00:00,2012,12,8,14404,22.95,HOEP (Legacy)
2012-12-23 08:00:00,2012,12,9,15016,26.02,HOEP (Legacy)
2012-12-23 09:00:00,2012,12,10,15680,19.06,HOEP (Legacy)
2012-12-23 10:00:00,2012,12,11,16091,23.88,HOEP (Legacy)
2012-12-23 11:00:00,2012,12,12,16316,21.51,HOEP (Legacy)
2012-12-23 12:00:00,2012,12,13,16255,20.63,HOEP (Legacy)
2012-12-23 13:00:00,2012,12,14,16109,14.96,HOEP (Legacy)
2012-12-23 14:00:00,2012,12,15,16274,20.59,HOEP (Legacy)
2012-12-23 15:00:00,2012,12,16,16425,22.98,HOEP (Legacy)
2012-12-23 16:00:00,2012,12,17,17355,26.71,HOEP (Legacy)
2012-12-23 17:00:00,2012,12,18,18447,27.66,HOEP (Legacy)
2012-12-23 18:00:00,2012,12,19,18389,27.8,HOEP (Legacy)
2012-12-23 19:00:00,2012,12,20,18215,27.96,HOEP (Legacy)
2012-12-23 20:00:00,2012,12,21,17902,28.26,HOEP (Legacy)
2012-12-23 21:00:00,2012,12,22,17349,26.95,HOEP (Legacy)
2012-12-23 22:00:00,2012,12,23,16413,26.28,HOEP (Legacy)
2012-12-23 23:00:00,2012,12,24,15378,34.73,HOEP (Legacy)
2012-12-24 00:00:00,2012,12,1,14465,24.24,HOEP (Legacy)
2012-12-24 01:00:00,2012,12,2,13726,26.41,HOEP (Legacy)
2012-12-24 02:00:00,2012,12,3,13462,25.21,HOEP (Legacy)
2012-12-24 03:00:00,2012,12,4,13318,22.59,HOEP (Legacy)
2012-12-24 04:00:00,2012,12,5,13359,21.76,HOEP (Legacy)
2012-12-24 05:00:00,2012,12,6,13829,20.64,HOEP (Legacy)
2012-12-24 06:00:00,2012,12,7,14585,19.23,HOEP (Legacy)
2012-12-24 07:00:00,2012,12,8,15454,18.93,HOEP (Legacy)
2012-12-24 08:00:00,2012,12,9,16018,20.26,HOEP (Legacy)
2012-12-24 09:00:00,2012,12,10,16349,23.64,HOEP (Legacy)
2012-12-24 10:00:00,2012,12,11,16603,23.61,HOEP (Legacy)
2012-12-24 11:00:00,2012,12,12,16679,25.44,HOEP (Legacy)
2012-12-24 12:00:00,2012,12,13,16562,25.09,HOEP (Legacy)
2012-12-24 13:00:00,2012,12,14,16314,24.32,HOEP (Legacy)
2012-12-24 14:00:00,2012,12,15,16179,23.87,HOEP (Legacy)
2012-12-24 15:00:00,2012,12,16,16124,22.42,HOEP (Legacy)
2012-12-24 16:00:00,2012,12,17,16813,24.78,HOEP (Legacy)
2012-12-24 17:00:00,2012,12,18,17883,37.04,HOEP (Legacy)
2012-12-24 18:00:00,2012,12,19,17414,47.22,HOEP (Legacy)
2012-12-24 19:00:00,2012,12,20,16817,22.26,HOEP (Legacy)
2012-12-24 20:00:00,2012,12,21,16194,21.49,HOEP (Legacy)
2012-12-24 21:00:00,2012,12,22,15896,21.92,HOEP (Legacy)
2012-12-24 22:00:00,2012,12,23,15430,20.69,HOEP (Legacy)
2012-12-24 23:00:00,2012,12,24,14788,20.68,HOEP (Legacy)
2012-12-25 00:00:00,2012,12,1,13912,23.35,HOEP (Legacy)
2012-12-25 01:00:00,2012,12,2,13345,22.24,HOEP (Legacy)
2012-12-25 02:00:00,2012,12,3,12969,21.39,HOEP (Legacy)
2012-12-25 03:00:00,2012,12,4,12820,20.16,HOEP (Legacy)
2012-12-25 04:00:00,2012,12,5,12822,19.42,HOEP (Legacy)
2012-12-25 05:00:00,2012,12,6,13070,19.02,HOEP (Legacy)
2012-12-25 06:00:00,2012,12,7,13466,17.93,HOEP (Legacy)
2012-12-25 07:00:00,2012,12,8,14051,18.57,HOEP (Legacy)
2012-12-25 08:00:00,2012,12,9,14630,16.04,HOEP (Legacy)
2012-12-25 09:00:00,2012,12,10,15083,19.35,HOEP (Legacy)
2012-12-25 10:00:00,2012,12,11,15387,22.75,HOEP (Legacy)
2012-12-25 11:00:00,2012,12,12,15413,23.04,HOEP (Legacy)
2012-12-25 12:00:00,2012,12,13,15319,24.43,HOEP (Legacy)
2012-12-25 13:00:00,2012,12,14,15146,23.89,HOEP (Legacy)
2012-12-25 14:00:00,2012,12,15,15139,24.32,HOEP (Legacy)
2012-12-25 15:00:00,2012,12,16,15298,20.64,HOEP (Legacy)
2012-12-25 16:00:00,2012,12,17,15927,19.2,HOEP (Legacy)
2012-12-25 17:00:00,2012,12,18,16623,22.63,HOEP (Legacy)
2012-12-25 18:00:00,2012,12,19,16140,21.62,HOEP (Legacy)
2012-12-25 19:00:00,2012,12,20,15958,19.23,HOEP (Legacy)
2012-12-25 20:00:00,2012,12,21,15727,21.99,HOEP (Legacy)
2012-12-25 21:00:00,2012,12,22,15648,22.96,HOEP (Legacy)
2012-12-25 22:00:00,2012,12,23,15124,22.77,HOEP (Legacy)
2012-12-25 23:00:00,2012,12,24,14267,21.56,HOEP (Legacy)
2012-12-26 00:00:00,2012,12,1,13579,17.8,HOEP (Legacy)
2012-12-26 01:00:00,2012,12,2,13107,14.92,HOEP (Legacy)
2012-12-26 02:00:00,2012,12,3,12978,13.72,HOEP (Legacy)
2012-12-26 03:00:00,2012,12,4,12795,14.05,HOEP (Legacy)
2012-12-26 04:00:00,2012,12,5,12921,13.8,HOEP (Legacy)
2012-12-26 05:00:00,2012,12,6,13278,13.82,HOEP (Legacy)
2012-12-26 06:00:00,2012,12,7,13695,17.4,HOEP (Legacy)
2012-12-26 07:00:00,2012,12,8,14219,13.92,HOEP (Legacy)
2012-12-26 08:00:00,2012,12,9,14607,12.53,HOEP (Legacy)
2012-12-26 09:00:00,2012,12,10,15196,17.3,HOEP (Legacy)
2012-12-26 10:00:00,2012,12,11,15653,22.51,HOEP (Legacy)
2012-12-26 11:00:00,2012,12,12,15960,31.72,HOEP (Legacy)
2012-12-26 12:00:00,2012,12,13,16054,31.47,HOEP (Legacy)
2012-12-26 13:00:00,2012,12,14,16017,33.79,HOEP (Legacy)
2012-12-26 14:00:00,2012,12,15,16072,38.23,HOEP (Legacy)
2012-12-26 15:00:00,2012,12,16,16192,29.44,HOEP (Legacy)
2012-12-26 16:00:00,2012,12,17,16975,26.97,HOEP (Legacy)
2012-12-26 17:00:00,2012,12,18,18043,26.18,HOEP (Legacy)
2012-12-26 18:00:00,2012,12,19,17864,28.4,HOEP (Legacy)
2012-12-26 19:00:00,2012,12,20,17679,34.1,HOEP (Legacy)
2012-12-26 20:00:00,2012,12,21,17585,57.41,HOEP (Legacy)
2012-12-26 21:00:00,2012,12,22,17214,73.71,HOEP (Legacy)
2012-12-26 22:00:00,2012,12,23,16439,40.03,HOEP (Legacy)
2012-12-26 23:00:00,2012,12,24,15363,23.27,HOEP (Legacy)
2012-12-27 00:00:00,2012,12,1,14579,21.19,HOEP (Legacy)
2012-12-27 01:00:00,2012,12,2,14140,22.97,HOEP (Legacy)
2012-12-27 02:00:00,2012,12,3,13918,22.32,HOEP (Legacy)
2012-12-27 03:00:00,2012,12,4,13794,23.07,HOEP (Legacy)
2012-12-27 04:00:00,2012,12,5,13875,22.92,HOEP (Legacy)
2012-12-27 05:00:00,2012,12,6,14431,25.96,HOEP (Legacy)
2012-12-27 06:00:00,2012,12,7,15294,27.46,HOEP (Legacy)
2012-12-27 07:00:00,2012,12,8,16059,28.58,HOEP (Legacy)
2012-12-27 08:00:00,2012,12,9,16467,26.92,HOEP (Legacy)
2012-12-27 09:00:00,2012,12,10,16984,27.62,HOEP (Legacy)
2012-12-27 10:00:00,2012,12,11,17267,28.29,HOEP (Legacy)
2012-12-27 11:00:00,2012,12,12,17523,29.12,HOEP (Legacy)
2012-12-27 12:00:00,2012,12,13,17468,30.0,HOEP (Legacy)
2012-12-27 13:00:00,2012,12,14,17298,26.72,HOEP (Legacy)
2012-12-27 14:00:00,2012,12,15,17078,26.44,HOEP (Legacy)
2012-12-27 15:00:00,2012,12,16,17157,26.05,HOEP (Legacy)
2012-12-27 16:00:00,2012,12,17,17871,27.94,HOEP (Legacy)
2012-12-27 17:00:00,2012,12,18,19223,31.58,HOEP (Legacy)
2012-12-27 18:00:00,2012,12,19,19169,33.05,HOEP (Legacy)
2012-12-27 19:00:00,2012,12,20,18984,32.38,HOEP (Legacy)
2012-12-27 20:00:00,2012,12,21,18729,30.32,HOEP (Legacy)
2012-12-27 21:00:00,2012,12,22,17989,29.0,HOEP (Legacy)
2012-12-27 22:00:00,2012,12,23,16964,27.43,HOEP (Legacy)
2012-12-27 23:00:00,2012,12,24,15850,26.3,HOEP (Legacy)
2012-12-28 00:00:00,2012,12,1,14954,30.35,HOEP (Legacy)
2012-12-28 01:00:00,2012,12,2,14320,29.75,HOEP (Legacy)
2012-12-28 02:00:00,2012,12,3,13976,28.58,HOEP (Legacy)
2012-12-28 03:00:00,2012,12,4,13956,27.65,HOEP (Legacy)
2012-12-28 04:00:00,2012,12,5,14099,28.34,HOEP (Legacy)
2012-12-28 05:00:00,2012,12,6,14546,25.23,HOEP (Legacy)
2012-12-28 06:00:00,2012,12,7,15420,30.22,HOEP (Legacy)
2012-12-28 07:00:00,2012,12,8,16181,29.67,HOEP (Legacy)
2012-12-28 08:00:00,2012,12,9,16753,25.33,HOEP (Legacy)
2012-12-28 09:00:00,2012,12,10,17087,32.3,HOEP (Legacy)
2012-12-28 10:00:00,2012,12,11,17342,25.19,HOEP (Legacy)
2012-12-28 11:00:00,2012,12,12,17261,25.21,HOEP (Legacy)
2012-12-28 12:00:00,2012,12,13,17236,25.95,HOEP (Legacy)
2012-12-28 13:00:00,2012,12,14,17085,26.3,HOEP (Legacy)
2012-12-28 14:00:00,2012,12,15,16962,25.61,HOEP (Legacy)
2012-12-28 15:00:00,2012,12,16,17036,24.97,HOEP (Legacy)
2012-12-28 16:00:00,2012,12,17,17799,26.41,HOEP (Legacy)
2012-12-28 17:00:00,2012,12,18,19059,29.45,HOEP (Legacy)
2012-12-28 18:00:00,2012,12,19,18861,27.38,HOEP (Legacy)
2012-12-28 19:00:00,2012,12,20,18714,27.8,HOEP (Legacy)
2012-12-28 20:00:00,2012,12,21,18350,28.04,HOEP (Legacy)
2012-12-28 21:00:00,2012,12,22,17678,27.18,HOEP (Legacy)
2012-12-28 22:00:00,2012,12,23,16706,26.61,HOEP (Legacy)
2012-12-28 23:00:00,2012,12,24,15704,24.23,HOEP (Legacy)
2012-12-29 00:00:00,2012,12,1,14874,25.19,HOEP (Legacy)
2012-12-29 01:00:00,2012,12,2,14381,23.97,HOEP (Legacy)
2012-12-29 02:00:00,2012,12,3,14041,25.67,HOEP (Legacy)
2012-12-29 03:00:00,2012,12,4,13783,24.61,HOEP (Legacy)
2012-12-29 04:00:00,2012,12,5,13935,23.72,HOEP (Legacy)
2012-12-29 05:00:00,2012,12,6,14271,24.21,HOEP (Legacy)
2012-12-29 06:00:00,2012,12,7,14714,23.87,HOEP (Legacy)
2012-12-29 07:00:00,2012,12,8,15227,22.49,HOEP (Legacy)
2012-12-29 08:00:00,2012,12,9,15686,22.3,HOEP (Legacy)
2012-12-29 09:00:00,2012,12,10,16357,27.02,HOEP (Legacy)
2012-12-29 10:00:00,2012,12,11,16819,27.87,HOEP (Legacy)
2012-12-29 11:00:00,2012,12,12,17117,28.55,HOEP (Legacy)
2012-12-29 12:00:00,2012,12,13,17153,26.45,HOEP (Legacy)
2012-12-29 13:00:00,2012,12,14,16970,26.55,HOEP (Legacy)
2012-12-29 14:00:00,2012,12,15,16758,26.46,HOEP (Legacy)
2012-12-29 15:00:00,2012,12,16,16759,26.55,HOEP (Legacy)
2012-12-29 16:00:00,2012,12,17,17498,25.01,HOEP (Legacy)
2012-12-29 17:00:00,2012,12,18,18751,30.92,HOEP (Legacy)
2012-12-29 18:00:00,2012,12,19,18839,27.52,HOEP (Legacy)
2012-12-29 19:00:00,2012,12,20,18135,26.69,HOEP (Legacy)
2012-12-29 20:00:00,2012,12,21,17612,24.52,HOEP (Legacy)
2012-12-29 21:00:00,2012,12,22,17100,24.72,HOEP (Legacy)
2012-12-29 22:00:00,2012,12,23,16428,23.56,HOEP (Legacy)
2012-12-29 23:00:00,2012,12,24,15460,19.99,HOEP (Legacy)
2012-12-30 00:00:00,2012,12,1,14649,16.38,HOEP (Legacy)
2012-12-30 01:00:00,2012,12,2,14152,22.64,HOEP (Legacy)
2012-12-30 02:00:00,2012,12,3,13815,25.19,HOEP (Legacy)
2012-12-30 03:00:00,2012,12,4,13694,25.05,HOEP (Legacy)
2012-12-30 04:00:00,2012,12,5,13739,23.05,HOEP (Legacy)
2012-12-30 05:00:00,2012,12,6,13962,21.9,HOEP (Legacy)
2012-12-30 06:00:00,2012,12,7,14294,20.64,HOEP (Legacy)
2012-12-30 07:00:00,2012,12,8,14865,18.1,HOEP (Legacy)
2012-12-30 08:00:00,2012,12,9,15204,17.53,HOEP (Legacy)
2012-12-30 09:00:00,2012,12,10,15728,22.13,HOEP (Legacy)
2012-12-30 10:00:00,2012,12,11,16043,19.05,HOEP (Legacy)
2012-12-30 11:00:00,2012,12,12,16066,22.08,HOEP (Legacy)
2012-12-30 12:00:00,2012,12,13,16175,21.22,HOEP (Legacy)
2012-12-30 13:00:00,2012,12,14,16057,21.06,HOEP (Legacy)
2012-12-30 14:00:00,2012,12,15,15987,22.2,HOEP (Legacy)
2012-12-30 15:00:00,2012,12,16,16278,23.29,HOEP (Legacy)
2012-12-30 16:00:00,2012,12,17,17156,22.32,HOEP (Legacy)
2012-12-30 17:00:00,2012,12,18,18698,38.14,HOEP (Legacy)
2012-12-30 18:00:00,2012,12,19,18588,67.94,HOEP (Legacy)
2012-12-30 19:00:00,2012,12,20,18147,25.88,HOEP (Legacy)
2012-12-30 20:00:00,2012,12,21,17617,24.91,HOEP (Legacy)
2012-12-30 21:00:00,2012,12,22,17033,23.52,HOEP (Legacy)
2012-12-30 22:00:00,2012,12,23,16119,18.98,HOEP (Legacy)
2012-12-30 23:00:00,2012,12,24,15127,15.01,HOEP (Legacy)
2012-12-31 00:00:00,2012,12,1,14269,13.4,HOEP (Legacy)
2012-12-31 01:00:00,2012,12,2,13753,14.11,HOEP (Legacy)
2012-12-31 02:00:00,2012,12,3,13555,14.22,HOEP (Legacy)
2012-12-31 03:00:00,2012,12,4,13425,20.72,HOEP (Legacy)
2012-12-31 04:00:00,2012,12,5,13470,23.1,HOEP (Legacy)
2012-12-31 05:00:00,2012,12,6,13747,20.44,HOEP (Legacy)
2012-12-31 06:00:00,2012,12,7,14409,19.45,HOEP (Legacy)
2012-12-31 07:00:00,2012,12,8,15247,14.05,HOEP (Legacy)
2012-12-31 08:00:00,2012,12,9,15572,13.84,HOEP (Legacy)
2012-12-31 09:00:00,2012,12,10,16093,13.87,HOEP (Legacy)
2012-12-31 10:00:00,2012,12,11,16399,14.32,HOEP (Legacy)
2012-12-31 11:00:00,2012,12,12,16507,15.0,HOEP (Legacy)
2012-12-31 12:00:00,2012,12,13,16493,14.39,HOEP (Legacy)
2012-12-31 13:00:00,2012,12,14,16299,14.82,HOEP (Legacy)
2012-12-31 14:00:00,2012,12,15,16194,15.89,HOEP (Legacy)
2012-12-31 15:00:00,2012,12,16,16470,17.06,HOEP (Legacy)
2012-12-31 16:00:00,2012,12,17,17232,17.16,HOEP (Legacy)
2012-12-31 17:00:00,2012,12,18,18356,21.26,HOEP (Legacy)
2012-12-31 18:00:00,2012,12,19,17817,23.6,HOEP (Legacy)
2012-12-31 19:00:00,2012,12,20,17228,15.8,HOEP (Legacy)
2012-12-31 20:00:00,2012,12,21,16743,15.21,HOEP (Legacy)
2012-12-31 21:00:00,2012,12,22,16125,14.37,HOEP (Legacy)
2012-12-31 22:00:00,2012,12,23,15620,13.72,HOEP (Legacy)
2012-12-31 23:00:00,2012,12,24,15122,14.0,HOEP (Legacy)
