Timestamp,Year,Month,Hour,Ontario Demand,Market_Price,Price_Type
2019-01-01 00:00:00,2019,1,1,13198,0.0,HOEP (Legacy)
2019-01-01 01:00:00,2019,1,2,12737,0.0,HOEP (Legacy)
2019-01-01 02:00:00,2019,1,3,12531,-0.11,HOEP (Legacy)
2019-01-01 03:00:00,2019,1,4,12291,-1.84,HOEP (Legacy)
2019-01-01 04:00:00,2019,1,5,12305,-0.47,HOEP (Legacy)
2019-01-01 05:00:00,2019,1,6,12559,-0.03,HOEP (Legacy)
2019-01-01 06:00:00,2019,1,7,13009,-2.93,HOEP (Legacy)
2019-01-01 07:00:00,2019,1,8,13234,-0.03,HOEP (Legacy)
2019-01-01 08:00:00,2019,1,9,13558,0.0,HOEP (Legacy)
2019-01-01 09:00:00,2019,1,10,13973,0.0,HOEP (Legacy)
2019-01-01 10:00:00,2019,1,11,14207,2.7,HOEP (Legacy)
2019-01-01 11:00:00,2019,1,12,14391,0.0,HOEP (Legacy)
2019-01-01 12:00:00,2019,1,13,14442,0.0,HOEP (Legacy)
2019-01-01 13:00:00,2019,1,14,14427,0.38,HOEP (Legacy)
2019-01-01 14:00:00,2019,1,15,14557,2.32,HOEP (Legacy)
2019-01-01 15:00:00,2019,1,16,15000,7.22,HOEP (Legacy)
2019-01-01 16:00:00,2019,1,17,16064,8.41,HOEP (Legacy)
2019-01-01 17:00:00,2019,1,18,17232,21.51,HOEP (Legacy)
2019-01-01 18:00:00,2019,1,19,17278,30.18,HOEP (Legacy)
2019-01-01 19:00:00,2019,1,20,17055,31.16,HOEP (Legacy)
2019-01-01 20:00:00,2019,1,21,16834,26.89,HOEP (Legacy)
2019-01-01 21:00:00,2019,1,22,16320,15.67,HOEP (Legacy)
2019-01-01 22:00:00,2019,1,23,15521,10.99,HOEP (Legacy)
2019-01-01 23:00:00,2019,1,24,14944,15.85,HOEP (Legacy)
2019-01-02 00:00:00,2019,1,1,14631,33.45,HOEP (Legacy)
2019-01-02 01:00:00,2019,1,2,14240,14.75,HOEP (Legacy)
2019-01-02 02:00:00,2019,1,3,14021,13.36,HOEP (Legacy)
2019-01-02 03:00:00,2019,1,4,13924,13.33,HOEP (Legacy)
2019-01-02 04:00:00,2019,1,5,14183,10.23,HOEP (Legacy)
2019-01-02 05:00:00,2019,1,6,14813,6.4,HOEP (Legacy)
2019-01-02 06:00:00,2019,1,7,16096,10.94,HOEP (Legacy)
2019-01-02 07:00:00,2019,1,8,17129,16.0,HOEP (Legacy)
2019-01-02 08:00:00,2019,1,9,17438,19.32,HOEP (Legacy)
2019-01-02 09:00:00,2019,1,10,17409,19.29,HOEP (Legacy)
2019-01-02 10:00:00,2019,1,11,17392,25.5,HOEP (Legacy)
2019-01-02 11:00:00,2019,1,12,17407,32.24,HOEP (Legacy)
2019-01-02 12:00:00,2019,1,13,17611,32.35,HOEP (Legacy)
2019-01-02 13:00:00,2019,1,14,17850,32.37,HOEP (Legacy)
2019-01-02 14:00:00,2019,1,15,17997,31.07,HOEP (Legacy)
2019-01-02 15:00:00,2019,1,16,18464,35.96,HOEP (Legacy)
2019-01-02 16:00:00,2019,1,17,18802,36.83,HOEP (Legacy)
2019-01-02 17:00:00,2019,1,18,19666,49.08,HOEP (Legacy)
2019-01-02 18:00:00,2019,1,19,19285,36.02,HOEP (Legacy)
2019-01-02 19:00:00,2019,1,20,19136,50.93,HOEP (Legacy)
2019-01-02 20:00:00,2019,1,21,18737,88.6,HOEP (Legacy)
2019-01-02 21:00:00,2019,1,22,17961,40.61,HOEP (Legacy)
2019-01-02 22:00:00,2019,1,23,16811,9.99,HOEP (Legacy)
2019-01-02 23:00:00,2019,1,24,15879,5.14,HOEP (Legacy)
2019-01-03 00:00:00,2019,1,1,15236,0.0,HOEP (Legacy)
2019-01-03 01:00:00,2019,1,2,14589,0.96,HOEP (Legacy)
2019-01-03 02:00:00,2019,1,3,14349,0.0,HOEP (Legacy)
2019-01-03 03:00:00,2019,1,4,14024,0.0,HOEP (Legacy)
2019-01-03 04:00:00,2019,1,5,14074,0.0,HOEP (Legacy)
2019-01-03 05:00:00,2019,1,6,14539,0.0,HOEP (Legacy)
2019-01-03 06:00:00,2019,1,7,15604,1.48,HOEP (Legacy)
2019-01-03 07:00:00,2019,1,8,16668,16.38,HOEP (Legacy)
2019-01-03 08:00:00,2019,1,9,17220,56.14,HOEP (Legacy)
2019-01-03 09:00:00,2019,1,10,17670,86.45,HOEP (Legacy)
2019-01-03 10:00:00,2019,1,11,17858,17.37,HOEP (Legacy)
2019-01-03 11:00:00,2019,1,12,17719,12.73,HOEP (Legacy)
2019-01-03 12:00:00,2019,1,13,17417,8.4,HOEP (Legacy)
2019-01-03 13:00:00,2019,1,14,17471,13.35,HOEP (Legacy)
2019-01-03 14:00:00,2019,1,15,17657,14.0,HOEP (Legacy)
2019-01-03 15:00:00,2019,1,16,17777,14.15,HOEP (Legacy)
2019-01-03 16:00:00,2019,1,17,18230,18.8,HOEP (Legacy)
2019-01-03 17:00:00,2019,1,18,18803,18.48,HOEP (Legacy)
2019-01-03 18:00:00,2019,1,19,18414,9.49,HOEP (Legacy)
2019-01-03 19:00:00,2019,1,20,18182,13.65,HOEP (Legacy)
2019-01-03 20:00:00,2019,1,21,17868,14.24,HOEP (Legacy)
2019-01-03 21:00:00,2019,1,22,17048,8.53,HOEP (Legacy)
2019-01-03 22:00:00,2019,1,23,16071,0.87,HOEP (Legacy)
2019-01-03 23:00:00,2019,1,24,15024,0.0,HOEP (Legacy)
2019-01-04 00:00:00,2019,1,1,14378,0.0,HOEP (Legacy)
2019-01-04 01:00:00,2019,1,2,13862,0.0,HOEP (Legacy)
2019-01-04 02:00:00,2019,1,3,13622,0.0,HOEP (Legacy)
2019-01-04 03:00:00,2019,1,4,13464,0.0,HOEP (Legacy)
2019-01-04 04:00:00,2019,1,5,13560,-0.01,HOEP (Legacy)
2019-01-04 05:00:00,2019,1,6,13984,0.0,HOEP (Legacy)
2019-01-04 06:00:00,2019,1,7,15038,0.0,HOEP (Legacy)
2019-01-04 07:00:00,2019,1,8,15999,2.32,HOEP (Legacy)
2019-01-04 08:00:00,2019,1,9,16178,0.0,HOEP (Legacy)
2019-01-04 09:00:00,2019,1,10,16297,1.81,HOEP (Legacy)
2019-01-04 10:00:00,2019,1,11,16269,10.97,HOEP (Legacy)
2019-01-04 11:00:00,2019,1,12,16171,13.34,HOEP (Legacy)
2019-01-04 12:00:00,2019,1,13,15948,5.91,HOEP (Legacy)
2019-01-04 13:00:00,2019,1,14,15733,8.38,HOEP (Legacy)
2019-01-04 14:00:00,2019,1,15,15513,5.56,HOEP (Legacy)
2019-01-04 15:00:00,2019,1,16,15878,6.67,HOEP (Legacy)
2019-01-04 16:00:00,2019,1,17,16633,11.39,HOEP (Legacy)
2019-01-04 17:00:00,2019,1,18,17738,22.05,HOEP (Legacy)
2019-01-04 18:00:00,2019,1,19,17658,22.27,HOEP (Legacy)
2019-01-04 19:00:00,2019,1,20,17425,13.35,HOEP (Legacy)
2019-01-04 20:00:00,2019,1,21,17038,26.72,HOEP (Legacy)
2019-01-04 21:00:00,2019,1,22,16647,29.3,HOEP (Legacy)
2019-01-04 22:00:00,2019,1,23,15772,24.98,HOEP (Legacy)
2019-01-04 23:00:00,2019,1,24,14740,23.0,HOEP (Legacy)
2019-01-05 00:00:00,2019,1,1,13781,13.16,HOEP (Legacy)
2019-01-05 01:00:00,2019,1,2,13223,1.43,HOEP (Legacy)
2019-01-05 02:00:00,2019,1,3,12984,5.81,HOEP (Legacy)
2019-01-05 03:00:00,2019,1,4,12882,5.75,HOEP (Legacy)
2019-01-05 04:00:00,2019,1,5,12994,5.91,HOEP (Legacy)
2019-01-05 05:00:00,2019,1,6,13167,5.95,HOEP (Legacy)
2019-01-05 06:00:00,2019,1,7,13641,10.25,HOEP (Legacy)
2019-01-05 07:00:00,2019,1,8,14488,10.3,HOEP (Legacy)
2019-01-05 08:00:00,2019,1,9,15072,33.92,HOEP (Legacy)
2019-01-05 09:00:00,2019,1,10,15504,17.63,HOEP (Legacy)
2019-01-05 10:00:00,2019,1,11,15764,49.6,HOEP (Legacy)
2019-01-05 11:00:00,2019,1,12,16042,65.43,HOEP (Legacy)
2019-01-05 12:00:00,2019,1,13,16056,15.71,HOEP (Legacy)
2019-01-05 13:00:00,2019,1,14,15840,15.38,HOEP (Legacy)
2019-01-05 14:00:00,2019,1,15,15761,14.03,HOEP (Legacy)
2019-01-05 15:00:00,2019,1,16,15859,13.32,HOEP (Legacy)
2019-01-05 16:00:00,2019,1,17,16343,5.67,HOEP (Legacy)
2019-01-05 17:00:00,2019,1,18,17184,5.83,HOEP (Legacy)
2019-01-05 18:00:00,2019,1,19,16913,5.31,HOEP (Legacy)
2019-01-05 19:00:00,2019,1,20,16558,10.34,HOEP (Legacy)
2019-01-05 20:00:00,2019,1,21,16106,5.36,HOEP (Legacy)
2019-01-05 21:00:00,2019,1,22,15543,5.7,HOEP (Legacy)
2019-01-05 22:00:00,2019,1,23,14756,0.0,HOEP (Legacy)
2019-01-05 23:00:00,2019,1,24,13810,0.0,HOEP (Legacy)
2019-01-06 00:00:00,2019,1,1,13323,0.0,HOEP (Legacy)
2019-01-06 01:00:00,2019,1,2,12839,0.0,HOEP (Legacy)
2019-01-06 02:00:00,2019,1,3,12462,0.0,HOEP (Legacy)
2019-01-06 03:00:00,2019,1,4,12332,0.0,HOEP (Legacy)
2019-01-06 04:00:00,2019,1,5,12502,0.0,HOEP (Legacy)
2019-01-06 05:00:00,2019,1,6,12643,0.0,HOEP (Legacy)
2019-01-06 06:00:00,2019,1,7,13061,0.0,HOEP (Legacy)
2019-01-06 07:00:00,2019,1,8,13748,0.0,HOEP (Legacy)
2019-01-06 08:00:00,2019,1,9,14211,4.16,HOEP (Legacy)
2019-01-06 09:00:00,2019,1,10,14576,5.72,HOEP (Legacy)
2019-01-06 10:00:00,2019,1,11,14798,3.35,HOEP (Legacy)
2019-01-06 11:00:00,2019,1,12,14637,0.0,HOEP (Legacy)
2019-01-06 12:00:00,2019,1,13,14968,6.63,HOEP (Legacy)
2019-01-06 13:00:00,2019,1,14,15167,12.24,HOEP (Legacy)
2019-01-06 14:00:00,2019,1,15,15389,23.93,HOEP (Legacy)
2019-01-06 15:00:00,2019,1,16,15849,12.25,HOEP (Legacy)
2019-01-06 16:00:00,2019,1,17,16731,15.41,HOEP (Legacy)
2019-01-06 17:00:00,2019,1,18,18226,47.46,HOEP (Legacy)
2019-01-06 18:00:00,2019,1,19,18194,16.97,HOEP (Legacy)
2019-01-06 19:00:00,2019,1,20,17843,17.79,HOEP (Legacy)
2019-01-06 20:00:00,2019,1,21,17404,15.88,HOEP (Legacy)
2019-01-06 21:00:00,2019,1,22,16848,17.96,HOEP (Legacy)
2019-01-06 22:00:00,2019,1,23,15899,17.8,HOEP (Legacy)
2019-01-06 23:00:00,2019,1,24,14959,14.9,HOEP (Legacy)
2019-01-07 00:00:00,2019,1,1,14474,11.49,HOEP (Legacy)
2019-01-07 01:00:00,2019,1,2,14024,3.74,HOEP (Legacy)
2019-01-07 02:00:00,2019,1,3,13803,0.0,HOEP (Legacy)
2019-01-07 03:00:00,2019,1,4,13732,0.0,HOEP (Legacy)
2019-01-07 04:00:00,2019,1,5,14101,0.0,HOEP (Legacy)
2019-01-07 05:00:00,2019,1,6,14763,0.49,HOEP (Legacy)
2019-01-07 06:00:00,2019,1,7,16056,7.73,HOEP (Legacy)
2019-01-07 07:00:00,2019,1,8,17642,14.83,HOEP (Legacy)
2019-01-07 08:00:00,2019,1,9,18007,13.33,HOEP (Legacy)
2019-01-07 09:00:00,2019,1,10,18027,18.23,HOEP (Legacy)
2019-01-07 10:00:00,2019,1,11,18146,78.07,HOEP (Legacy)
2019-01-07 11:00:00,2019,1,12,18329,93.64,HOEP (Legacy)
2019-01-07 12:00:00,2019,1,13,18344,27.94,HOEP (Legacy)
2019-01-07 13:00:00,2019,1,14,18388,13.34,HOEP (Legacy)
2019-01-07 14:00:00,2019,1,15,18247,13.35,HOEP (Legacy)
2019-01-07 15:00:00,2019,1,16,18356,38.73,HOEP (Legacy)
2019-01-07 16:00:00,2019,1,17,18977,36.24,HOEP (Legacy)
2019-01-07 17:00:00,2019,1,18,19717,60.9,HOEP (Legacy)
2019-01-07 18:00:00,2019,1,19,19204,11.8,HOEP (Legacy)
2019-01-07 19:00:00,2019,1,20,18954,11.97,HOEP (Legacy)
2019-01-07 20:00:00,2019,1,21,18550,12.73,HOEP (Legacy)
2019-01-07 21:00:00,2019,1,22,17843,23.49,HOEP (Legacy)
2019-01-07 22:00:00,2019,1,23,16650,9.68,HOEP (Legacy)
2019-01-07 23:00:00,2019,1,24,15568,0.89,HOEP (Legacy)
2019-01-08 00:00:00,2019,1,1,14711,0.0,HOEP (Legacy)
2019-01-08 01:00:00,2019,1,2,14104,0.0,HOEP (Legacy)
2019-01-08 02:00:00,2019,1,3,13773,0.0,HOEP (Legacy)
2019-01-08 03:00:00,2019,1,4,13591,0.0,HOEP (Legacy)
2019-01-08 04:00:00,2019,1,5,13826,4.8,HOEP (Legacy)
2019-01-08 05:00:00,2019,1,6,14413,12.74,HOEP (Legacy)
2019-01-08 06:00:00,2019,1,7,15647,66.11,HOEP (Legacy)
2019-01-08 07:00:00,2019,1,8,17043,192.45,HOEP (Legacy)
2019-01-08 08:00:00,2019,1,9,17102,13.37,HOEP (Legacy)
2019-01-08 09:00:00,2019,1,10,16911,8.45,HOEP (Legacy)
2019-01-08 10:00:00,2019,1,11,16891,60.19,HOEP (Legacy)
2019-01-08 11:00:00,2019,1,12,16873,17.82,HOEP (Legacy)
2019-01-08 12:00:00,2019,1,13,16721,6.62,HOEP (Legacy)
2019-01-08 13:00:00,2019,1,14,16907,13.3,HOEP (Legacy)
2019-01-08 14:00:00,2019,1,15,17045,13.37,HOEP (Legacy)
2019-01-08 15:00:00,2019,1,16,17234,6.05,HOEP (Legacy)
2019-01-08 16:00:00,2019,1,17,17795,15.93,HOEP (Legacy)
2019-01-08 17:00:00,2019,1,18,18527,19.43,HOEP (Legacy)
2019-01-08 18:00:00,2019,1,19,18031,7.09,HOEP (Legacy)
2019-01-08 19:00:00,2019,1,20,17746,6.39,HOEP (Legacy)
2019-01-08 20:00:00,2019,1,21,17361,10.14,HOEP (Legacy)
2019-01-08 21:00:00,2019,1,22,16705,5.66,HOEP (Legacy)
2019-01-08 22:00:00,2019,1,23,15699,0.97,HOEP (Legacy)
2019-01-08 23:00:00,2019,1,24,14746,0.0,HOEP (Legacy)
2019-01-09 00:00:00,2019,1,1,13907,0.0,HOEP (Legacy)
2019-01-09 01:00:00,2019,1,2,13478,0.0,HOEP (Legacy)
2019-01-09 02:00:00,2019,1,3,13443,0.0,HOEP (Legacy)
2019-01-09 03:00:00,2019,1,4,13512,0.0,HOEP (Legacy)
2019-01-09 04:00:00,2019,1,5,13599,0.0,HOEP (Legacy)
2019-01-09 05:00:00,2019,1,6,14067,0.0,HOEP (Legacy)
2019-01-09 06:00:00,2019,1,7,15242,0.39,HOEP (Legacy)
2019-01-09 07:00:00,2019,1,8,16411,3.87,HOEP (Legacy)
2019-01-09 08:00:00,2019,1,9,17061,5.76,HOEP (Legacy)
2019-01-09 09:00:00,2019,1,10,17146,5.52,HOEP (Legacy)
2019-01-09 10:00:00,2019,1,11,17202,5.81,HOEP (Legacy)
2019-01-09 11:00:00,2019,1,12,16931,5.71,HOEP (Legacy)
2019-01-09 12:00:00,2019,1,13,16834,5.58,HOEP (Legacy)
2019-01-09 13:00:00,2019,1,14,16743,5.96,HOEP (Legacy)
2019-01-09 14:00:00,2019,1,15,16807,5.65,HOEP (Legacy)
2019-01-09 15:00:00,2019,1,16,17142,5.22,HOEP (Legacy)
2019-01-09 16:00:00,2019,1,17,17982,3.79,HOEP (Legacy)
2019-01-09 17:00:00,2019,1,18,18794,5.8,HOEP (Legacy)
2019-01-09 18:00:00,2019,1,19,18747,5.82,HOEP (Legacy)
2019-01-09 19:00:00,2019,1,20,18645,5.95,HOEP (Legacy)
2019-01-09 20:00:00,2019,1,21,18334,6.6,HOEP (Legacy)
2019-01-09 21:00:00,2019,1,22,17567,7.81,HOEP (Legacy)
2019-01-09 22:00:00,2019,1,23,16590,7.27,HOEP (Legacy)
2019-01-09 23:00:00,2019,1,24,15477,0.47,HOEP (Legacy)
2019-01-10 00:00:00,2019,1,1,14716,0.0,HOEP (Legacy)
2019-01-10 01:00:00,2019,1,2,14340,0.0,HOEP (Legacy)
2019-01-10 02:00:00,2019,1,3,14134,0.0,HOEP (Legacy)
2019-01-10 03:00:00,2019,1,4,14083,0.0,HOEP (Legacy)
2019-01-10 04:00:00,2019,1,5,14312,0.0,HOEP (Legacy)
2019-01-10 05:00:00,2019,1,6,14965,0.87,HOEP (Legacy)
2019-01-10 06:00:00,2019,1,7,16373,6.91,HOEP (Legacy)
2019-01-10 07:00:00,2019,1,8,17677,57.72,HOEP (Legacy)
2019-01-10 08:00:00,2019,1,9,18082,27.49,HOEP (Legacy)
2019-01-10 09:00:00,2019,1,10,17887,13.32,HOEP (Legacy)
2019-01-10 10:00:00,2019,1,11,17720,13.34,HOEP (Legacy)
2019-01-10 11:00:00,2019,1,12,17294,8.03,HOEP (Legacy)
2019-01-10 12:00:00,2019,1,13,17075,7.15,HOEP (Legacy)
2019-01-10 13:00:00,2019,1,14,16996,12.41,HOEP (Legacy)
2019-01-10 14:00:00,2019,1,15,17104,13.33,HOEP (Legacy)
2019-01-10 15:00:00,2019,1,16,17626,14.83,HOEP (Legacy)
2019-01-10 16:00:00,2019,1,17,18607,24.08,HOEP (Legacy)
2019-01-10 17:00:00,2019,1,18,19804,36.33,HOEP (Legacy)
2019-01-10 18:00:00,2019,1,19,20012,29.32,HOEP (Legacy)
2019-01-10 19:00:00,2019,1,20,19965,32.97,HOEP (Legacy)
2019-01-10 20:00:00,2019,1,21,19638,62.85,HOEP (Legacy)
2019-01-10 21:00:00,2019,1,22,18957,50.28,HOEP (Legacy)
2019-01-10 22:00:00,2019,1,23,17753,25.98,HOEP (Legacy)
2019-01-10 23:00:00,2019,1,24,16737,20.2,HOEP (Legacy)
2019-01-11 00:00:00,2019,1,1,15897,24.55,HOEP (Legacy)
2019-01-11 01:00:00,2019,1,2,15604,32.01,HOEP (Legacy)
2019-01-11 02:00:00,2019,1,3,15697,39.5,HOEP (Legacy)
2019-01-11 03:00:00,2019,1,4,15639,40.87,HOEP (Legacy)
2019-01-11 04:00:00,2019,1,5,15670,13.44,HOEP (Legacy)
2019-01-11 05:00:00,2019,1,6,16306,18.49,HOEP (Legacy)
2019-01-11 06:00:00,2019,1,7,17618,55.32,HOEP (Legacy)
2019-01-11 07:00:00,2019,1,8,19088,92.81,HOEP (Legacy)
2019-01-11 08:00:00,2019,1,9,19305,46.19,HOEP (Legacy)
2019-01-11 09:00:00,2019,1,10,19016,33.42,HOEP (Legacy)
2019-01-11 10:00:00,2019,1,11,18572,30.24,HOEP (Legacy)
2019-01-11 11:00:00,2019,1,12,17974,28.58,HOEP (Legacy)
2019-01-11 12:00:00,2019,1,13,17632,27.24,HOEP (Legacy)
2019-01-11 13:00:00,2019,1,14,17450,28.51,HOEP (Legacy)
2019-01-11 14:00:00,2019,1,15,17481,28.45,HOEP (Legacy)
2019-01-11 15:00:00,2019,1,16,18012,28.7,HOEP (Legacy)
2019-01-11 16:00:00,2019,1,17,18919,29.19,HOEP (Legacy)
2019-01-11 17:00:00,2019,1,18,19934,37.99,HOEP (Legacy)
2019-01-11 18:00:00,2019,1,19,19826,32.25,HOEP (Legacy)
2019-01-11 19:00:00,2019,1,20,19557,31.27,HOEP (Legacy)
2019-01-11 20:00:00,2019,1,21,19207,29.89,HOEP (Legacy)
2019-01-11 21:00:00,2019,1,22,18563,29.13,HOEP (Legacy)
2019-01-11 22:00:00,2019,1,23,17679,30.84,HOEP (Legacy)
2019-01-11 23:00:00,2019,1,24,16548,26.98,HOEP (Legacy)
2019-01-12 00:00:00,2019,1,1,15742,28.01,HOEP (Legacy)
2019-01-12 01:00:00,2019,1,2,15286,22.56,HOEP (Legacy)
2019-01-12 02:00:00,2019,1,3,14936,18.73,HOEP (Legacy)
2019-01-12 03:00:00,2019,1,4,14769,26.54,HOEP (Legacy)
2019-01-12 04:00:00,2019,1,5,14744,13.35,HOEP (Legacy)
2019-01-12 05:00:00,2019,1,6,14983,32.02,HOEP (Legacy)
2019-01-12 06:00:00,2019,1,7,15512,12.1,HOEP (Legacy)
2019-01-12 07:00:00,2019,1,8,16279,43.07,HOEP (Legacy)
2019-01-12 08:00:00,2019,1,9,16962,21.21,HOEP (Legacy)
2019-01-12 09:00:00,2019,1,10,17202,14.35,HOEP (Legacy)
2019-01-12 10:00:00,2019,1,11,17044,15.05,HOEP (Legacy)
2019-01-12 11:00:00,2019,1,12,17015,17.07,HOEP (Legacy)
2019-01-12 12:00:00,2019,1,13,16808,28.98,HOEP (Legacy)
2019-01-12 13:00:00,2019,1,14,16703,26.37,HOEP (Legacy)
2019-01-12 14:00:00,2019,1,15,16796,28.93,HOEP (Legacy)
2019-01-12 15:00:00,2019,1,16,17135,28.09,HOEP (Legacy)
2019-01-12 16:00:00,2019,1,17,17785,23.94,HOEP (Legacy)
2019-01-12 17:00:00,2019,1,18,18853,23.98,HOEP (Legacy)
2019-01-12 18:00:00,2019,1,19,18658,26.09,HOEP (Legacy)
2019-01-12 19:00:00,2019,1,20,18118,25.56,HOEP (Legacy)
2019-01-12 20:00:00,2019,1,21,17750,24.07,HOEP (Legacy)
2019-01-12 21:00:00,2019,1,22,17313,49.89,HOEP (Legacy)
2019-01-12 22:00:00,2019,1,23,16705,33.96,HOEP (Legacy)
2019-01-12 23:00:00,2019,1,24,15867,19.05,HOEP (Legacy)
2019-01-13 00:00:00,2019,1,1,15174,12.79,HOEP (Legacy)
2019-01-13 01:00:00,2019,1,2,14619,13.35,HOEP (Legacy)
2019-01-13 02:00:00,2019,1,3,14441,13.36,HOEP (Legacy)
2019-01-13 03:00:00,2019,1,4,14438,19.29,HOEP (Legacy)
2019-01-13 04:00:00,2019,1,5,14464,13.34,HOEP (Legacy)
2019-01-13 05:00:00,2019,1,6,14565,10.84,HOEP (Legacy)
2019-01-13 06:00:00,2019,1,7,14998,7.84,HOEP (Legacy)
2019-01-13 07:00:00,2019,1,8,15741,11.49,HOEP (Legacy)
2019-01-13 08:00:00,2019,1,9,16248,11.56,HOEP (Legacy)
2019-01-13 09:00:00,2019,1,10,16384,5.99,HOEP (Legacy)
2019-01-13 10:00:00,2019,1,11,16230,13.32,HOEP (Legacy)
2019-01-13 11:00:00,2019,1,12,16250,13.34,HOEP (Legacy)
2019-01-13 12:00:00,2019,1,13,16322,28.94,HOEP (Legacy)
2019-01-13 13:00:00,2019,1,14,16231,27.5,HOEP (Legacy)
2019-01-13 14:00:00,2019,1,15,16316,19.49,HOEP (Legacy)
2019-01-13 15:00:00,2019,1,16,16769,20.12,HOEP (Legacy)
2019-01-13 16:00:00,2019,1,17,17804,29.19,HOEP (Legacy)
2019-01-13 17:00:00,2019,1,18,19220,38.85,HOEP (Legacy)
2019-01-13 18:00:00,2019,1,19,19314,32.86,HOEP (Legacy)
2019-01-13 19:00:00,2019,1,20,18788,36.58,HOEP (Legacy)
2019-01-13 20:00:00,2019,1,21,18315,30.57,HOEP (Legacy)
2019-01-13 21:00:00,2019,1,22,17814,29.45,HOEP (Legacy)
2019-01-13 22:00:00,2019,1,23,16980,27.65,HOEP (Legacy)
2019-01-13 23:00:00,2019,1,24,16052,22.85,HOEP (Legacy)
2019-01-14 00:00:00,2019,1,1,15459,45.6,HOEP (Legacy)
2019-01-14 01:00:00,2019,1,2,14977,36.6,HOEP (Legacy)
2019-01-14 02:00:00,2019,1,3,14979,22.06,HOEP (Legacy)
2019-01-14 03:00:00,2019,1,4,15050,46.96,HOEP (Legacy)
2019-01-14 04:00:00,2019,1,5,15228,25.73,HOEP (Legacy)
2019-01-14 05:00:00,2019,1,6,15856,26.82,HOEP (Legacy)
2019-01-14 06:00:00,2019,1,7,17157,28.7,HOEP (Legacy)
2019-01-14 07:00:00,2019,1,8,18718,45.41,HOEP (Legacy)
2019-01-14 08:00:00,2019,1,9,18922,34.42,HOEP (Legacy)
2019-01-14 09:00:00,2019,1,10,18275,32.15,HOEP (Legacy)
2019-01-14 10:00:00,2019,1,11,17968,30.9,HOEP (Legacy)
2019-01-14 11:00:00,2019,1,12,17662,34.94,HOEP (Legacy)
2019-01-14 12:00:00,2019,1,13,17289,28.99,HOEP (Legacy)
2019-01-14 13:00:00,2019,1,14,17147,29.45,HOEP (Legacy)
2019-01-14 14:00:00,2019,1,15,17240,25.53,HOEP (Legacy)
2019-01-14 15:00:00,2019,1,16,17508,27.38,HOEP (Legacy)
2019-01-14 16:00:00,2019,1,17,18283,27.55,HOEP (Legacy)
2019-01-14 17:00:00,2019,1,18,19390,39.64,HOEP (Legacy)
2019-01-14 18:00:00,2019,1,19,19555,39.15,HOEP (Legacy)
2019-01-14 19:00:00,2019,1,20,19291,33.6,HOEP (Legacy)
2019-01-14 20:00:00,2019,1,21,18924,32.96,HOEP (Legacy)
2019-01-14 21:00:00,2019,1,22,18253,33.2,HOEP (Legacy)
2019-01-14 22:00:00,2019,1,23,17031,27.66,HOEP (Legacy)
2019-01-14 23:00:00,2019,1,24,15834,25.76,HOEP (Legacy)
2019-01-15 00:00:00,2019,1,1,15166,22.95,HOEP (Legacy)
2019-01-15 01:00:00,2019,1,2,14607,28.16,HOEP (Legacy)
2019-01-15 02:00:00,2019,1,3,14553,31.05,HOEP (Legacy)
2019-01-15 03:00:00,2019,1,4,14434,22.67,HOEP (Legacy)
2019-01-15 04:00:00,2019,1,5,14610,14.35,HOEP (Legacy)
2019-01-15 05:00:00,2019,1,6,15148,13.69,HOEP (Legacy)
2019-01-15 06:00:00,2019,1,7,16347,17.89,HOEP (Legacy)
2019-01-15 07:00:00,2019,1,8,17705,34.2,HOEP (Legacy)
2019-01-15 08:00:00,2019,1,9,18111,35.21,HOEP (Legacy)
2019-01-15 09:00:00,2019,1,10,18043,40.25,HOEP (Legacy)
2019-01-15 10:00:00,2019,1,11,18080,38.53,HOEP (Legacy)
2019-01-15 11:00:00,2019,1,12,18083,39.19,HOEP (Legacy)
2019-01-15 12:00:00,2019,1,13,17778,34.95,HOEP (Legacy)
2019-01-15 13:00:00,2019,1,14,17820,36.61,HOEP (Legacy)
2019-01-15 14:00:00,2019,1,15,17882,34.82,HOEP (Legacy)
2019-01-15 15:00:00,2019,1,16,18147,31.7,HOEP (Legacy)
2019-01-15 16:00:00,2019,1,17,18794,29.16,HOEP (Legacy)
2019-01-15 17:00:00,2019,1,18,19291,30.04,HOEP (Legacy)
2019-01-15 18:00:00,2019,1,19,19061,23.71,HOEP (Legacy)
2019-01-15 19:00:00,2019,1,20,18765,18.81,HOEP (Legacy)
2019-01-15 20:00:00,2019,1,21,18507,21.12,HOEP (Legacy)
2019-01-15 21:00:00,2019,1,22,17749,7.21,HOEP (Legacy)
2019-01-15 22:00:00,2019,1,23,16742,8.07,HOEP (Legacy)
2019-01-15 23:00:00,2019,1,24,15693,0.0,HOEP (Legacy)
2019-01-16 00:00:00,2019,1,1,14877,0.0,HOEP (Legacy)
2019-01-16 01:00:00,2019,1,2,14649,0.0,HOEP (Legacy)
2019-01-16 02:00:00,2019,1,3,14542,0.0,HOEP (Legacy)
2019-01-16 03:00:00,2019,1,4,14451,0.0,HOEP (Legacy)
2019-01-16 04:00:00,2019,1,5,14553,0.0,HOEP (Legacy)
2019-01-16 05:00:00,2019,1,6,15166,0.1,HOEP (Legacy)
2019-01-16 06:00:00,2019,1,7,16164,3.94,HOEP (Legacy)
2019-01-16 07:00:00,2019,1,8,17677,36.7,HOEP (Legacy)
2019-01-16 08:00:00,2019,1,9,17990,19.16,HOEP (Legacy)
2019-01-16 09:00:00,2019,1,10,17991,22.61,HOEP (Legacy)
2019-01-16 10:00:00,2019,1,11,17789,42.98,HOEP (Legacy)
2019-01-16 11:00:00,2019,1,12,17307,6.1,HOEP (Legacy)
2019-01-16 12:00:00,2019,1,13,16793,0.04,HOEP (Legacy)
2019-01-16 13:00:00,2019,1,14,16524,4.71,HOEP (Legacy)
2019-01-16 14:00:00,2019,1,15,16505,5.75,HOEP (Legacy)
2019-01-16 15:00:00,2019,1,16,16986,18.33,HOEP (Legacy)
2019-01-16 16:00:00,2019,1,17,18473,34.33,HOEP (Legacy)
2019-01-16 17:00:00,2019,1,18,19659,40.13,HOEP (Legacy)
2019-01-16 18:00:00,2019,1,19,19928,38.5,HOEP (Legacy)
2019-01-16 19:00:00,2019,1,20,19866,40.22,HOEP (Legacy)
2019-01-16 20:00:00,2019,1,21,19639,38.29,HOEP (Legacy)
2019-01-16 21:00:00,2019,1,22,18946,39.72,HOEP (Legacy)
2019-01-16 22:00:00,2019,1,23,17730,34.84,HOEP (Legacy)
2019-01-16 23:00:00,2019,1,24,16645,39.59,HOEP (Legacy)
2019-01-17 00:00:00,2019,1,1,15894,32.28,HOEP (Legacy)
2019-01-17 01:00:00,2019,1,2,15573,33.53,HOEP (Legacy)
2019-01-17 02:00:00,2019,1,3,15387,38.17,HOEP (Legacy)
2019-01-17 03:00:00,2019,1,4,15384,31.39,HOEP (Legacy)
2019-01-17 04:00:00,2019,1,5,15573,32.25,HOEP (Legacy)
2019-01-17 05:00:00,2019,1,6,16088,28.86,HOEP (Legacy)
2019-01-17 06:00:00,2019,1,7,17289,36.33,HOEP (Legacy)
2019-01-17 07:00:00,2019,1,8,18781,46.71,HOEP (Legacy)
2019-01-17 08:00:00,2019,1,9,18898,43.13,HOEP (Legacy)
2019-01-17 09:00:00,2019,1,10,18312,37.95,HOEP (Legacy)
2019-01-17 10:00:00,2019,1,11,17993,37.01,HOEP (Legacy)
2019-01-17 11:00:00,2019,1,12,17928,37.48,HOEP (Legacy)
2019-01-17 12:00:00,2019,1,13,18105,37.51,HOEP (Legacy)
2019-01-17 13:00:00,2019,1,14,18259,38.1,HOEP (Legacy)
2019-01-17 14:00:00,2019,1,15,18368,37.69,HOEP (Legacy)
2019-01-17 15:00:00,2019,1,16,18478,36.12,HOEP (Legacy)
2019-01-17 16:00:00,2019,1,17,19188,49.79,HOEP (Legacy)
2019-01-17 17:00:00,2019,1,18,20142,48.15,HOEP (Legacy)
2019-01-17 18:00:00,2019,1,19,20113,49.54,HOEP (Legacy)
2019-01-17 19:00:00,2019,1,20,19697,44.98,HOEP (Legacy)
2019-01-17 20:00:00,2019,1,21,19351,50.19,HOEP (Legacy)
2019-01-17 21:00:00,2019,1,22,18744,58.79,HOEP (Legacy)
2019-01-17 22:00:00,2019,1,23,17736,48.36,HOEP (Legacy)
2019-01-17 23:00:00,2019,1,24,16577,36.1,HOEP (Legacy)
2019-01-18 00:00:00,2019,1,1,15737,36.23,HOEP (Legacy)
2019-01-18 01:00:00,2019,1,2,15453,38.3,HOEP (Legacy)
2019-01-18 02:00:00,2019,1,3,15316,45.81,HOEP (Legacy)
2019-01-18 03:00:00,2019,1,4,15198,23.86,HOEP (Legacy)
2019-01-18 04:00:00,2019,1,5,15026,14.37,HOEP (Legacy)
2019-01-18 05:00:00,2019,1,6,15361,14.02,HOEP (Legacy)
2019-01-18 06:00:00,2019,1,7,16643,38.1,HOEP (Legacy)
2019-01-18 07:00:00,2019,1,8,18113,76.2,HOEP (Legacy)
2019-01-18 08:00:00,2019,1,9,18499,38.63,HOEP (Legacy)
2019-01-18 09:00:00,2019,1,10,18465,38.59,HOEP (Legacy)
2019-01-18 10:00:00,2019,1,11,18414,36.81,HOEP (Legacy)
2019-01-18 11:00:00,2019,1,12,18312,37.02,HOEP (Legacy)
2019-01-18 12:00:00,2019,1,13,18329,36.56,HOEP (Legacy)
2019-01-18 13:00:00,2019,1,14,18323,36.55,HOEP (Legacy)
2019-01-18 14:00:00,2019,1,15,18040,33.2,HOEP (Legacy)
2019-01-18 15:00:00,2019,1,16,18071,35.37,HOEP (Legacy)
2019-01-18 16:00:00,2019,1,17,18531,34.54,HOEP (Legacy)
2019-01-18 17:00:00,2019,1,18,19257,37.0,HOEP (Legacy)
2019-01-18 18:00:00,2019,1,19,19170,63.09,HOEP (Legacy)
2019-01-18 19:00:00,2019,1,20,18990,62.97,HOEP (Legacy)
2019-01-18 20:00:00,2019,1,21,18799,53.01,HOEP (Legacy)
2019-01-18 21:00:00,2019,1,22,18243,43.35,HOEP (Legacy)
2019-01-18 22:00:00,2019,1,23,17354,38.92,HOEP (Legacy)
2019-01-18 23:00:00,2019,1,24,16320,32.77,HOEP (Legacy)
2019-01-19 00:00:00,2019,1,1,15676,40.33,HOEP (Legacy)
2019-01-19 01:00:00,2019,1,2,15458,30.8,HOEP (Legacy)
2019-01-19 02:00:00,2019,1,3,15234,32.9,HOEP (Legacy)
2019-01-19 03:00:00,2019,1,4,15015,16.07,HOEP (Legacy)
2019-01-19 04:00:00,2019,1,5,15382,48.79,HOEP (Legacy)
2019-01-19 05:00:00,2019,1,6,15697,57.2,HOEP (Legacy)
2019-01-19 06:00:00,2019,1,7,16037,15.45,HOEP (Legacy)
2019-01-19 07:00:00,2019,1,8,16667,13.34,HOEP (Legacy)
2019-01-19 08:00:00,2019,1,9,17414,27.99,HOEP (Legacy)
2019-01-19 09:00:00,2019,1,10,18234,92.73,HOEP (Legacy)
2019-01-19 10:00:00,2019,1,11,18853,96.67,HOEP (Legacy)
2019-01-19 11:00:00,2019,1,12,19204,55.88,HOEP (Legacy)
2019-01-19 12:00:00,2019,1,13,19311,58.88,HOEP (Legacy)
2019-01-19 13:00:00,2019,1,14,19371,32.89,HOEP (Legacy)
2019-01-19 14:00:00,2019,1,15,19105,34.6,HOEP (Legacy)
2019-01-19 15:00:00,2019,1,16,18911,35.99,HOEP (Legacy)
2019-01-19 16:00:00,2019,1,17,19396,42.56,HOEP (Legacy)
2019-01-19 17:00:00,2019,1,18,20324,51.72,HOEP (Legacy)
2019-01-19 18:00:00,2019,1,19,20249,42.27,HOEP (Legacy)
2019-01-19 19:00:00,2019,1,20,19613,40.0,HOEP (Legacy)
2019-01-19 20:00:00,2019,1,21,19229,37.83,HOEP (Legacy)
2019-01-19 21:00:00,2019,1,22,18535,34.99,HOEP (Legacy)
2019-01-19 22:00:00,2019,1,23,17707,33.25,HOEP (Legacy)
2019-01-19 23:00:00,2019,1,24,16946,29.62,HOEP (Legacy)
2019-01-20 00:00:00,2019,1,1,16404,19.6,HOEP (Legacy)
2019-01-20 01:00:00,2019,1,2,16044,16.71,HOEP (Legacy)
2019-01-20 02:00:00,2019,1,3,15878,14.35,HOEP (Legacy)
2019-01-20 03:00:00,2019,1,4,15827,15.53,HOEP (Legacy)
2019-01-20 04:00:00,2019,1,5,15745,14.37,HOEP (Legacy)
2019-01-20 05:00:00,2019,1,6,15784,12.15,HOEP (Legacy)
2019-01-20 06:00:00,2019,1,7,16108,11.95,HOEP (Legacy)
2019-01-20 07:00:00,2019,1,8,16738,30.87,HOEP (Legacy)
2019-01-20 08:00:00,2019,1,9,17353,27.74,HOEP (Legacy)
2019-01-20 09:00:00,2019,1,10,17806,29.34,HOEP (Legacy)
2019-01-20 10:00:00,2019,1,11,17939,27.42,HOEP (Legacy)
2019-01-20 11:00:00,2019,1,12,18034,32.87,HOEP (Legacy)
2019-01-20 12:00:00,2019,1,13,18172,35.0,HOEP (Legacy)
2019-01-20 13:00:00,2019,1,14,18115,34.99,HOEP (Legacy)
2019-01-20 14:00:00,2019,1,15,18129,33.52,HOEP (Legacy)
2019-01-20 15:00:00,2019,1,16,18495,28.62,HOEP (Legacy)
2019-01-20 16:00:00,2019,1,17,19361,38.34,HOEP (Legacy)
2019-01-20 17:00:00,2019,1,18,20758,61.77,HOEP (Legacy)
2019-01-20 18:00:00,2019,1,19,20879,43.54,HOEP (Legacy)
2019-01-20 19:00:00,2019,1,20,20460,46.9,HOEP (Legacy)
2019-01-20 20:00:00,2019,1,21,20025,40.63,HOEP (Legacy)
2019-01-20 21:00:00,2019,1,22,19424,39.92,HOEP (Legacy)
2019-01-20 22:00:00,2019,1,23,18514,35.35,HOEP (Legacy)
2019-01-20 23:00:00,2019,1,24,17609,35.21,HOEP (Legacy)
2019-01-21 00:00:00,2019,1,1,17163,29.17,HOEP (Legacy)
2019-01-21 01:00:00,2019,1,2,17017,31.85,HOEP (Legacy)
2019-01-21 02:00:00,2019,1,3,16744,20.21,HOEP (Legacy)
2019-01-21 03:00:00,2019,1,4,16722,36.43,HOEP (Legacy)
2019-01-21 04:00:00,2019,1,5,16969,35.54,HOEP (Legacy)
2019-01-21 05:00:00,2019,1,6,17590,33.17,HOEP (Legacy)
2019-01-21 06:00:00,2019,1,7,18773,43.12,HOEP (Legacy)
2019-01-21 07:00:00,2019,1,8,20360,111.73,HOEP (Legacy)
2019-01-21 08:00:00,2019,1,9,20534,65.62,HOEP (Legacy)
2019-01-21 09:00:00,2019,1,10,20369,222.29,HOEP (Legacy)
2019-01-21 10:00:00,2019,1,11,20364,101.12,HOEP (Legacy)
2019-01-21 11:00:00,2019,1,12,20304,93.9,HOEP (Legacy)
2019-01-21 12:00:00,2019,1,13,20103,118.69,HOEP (Legacy)
2019-01-21 13:00:00,2019,1,14,19838,75.97,HOEP (Legacy)
2019-01-21 14:00:00,2019,1,15,19533,70.62,HOEP (Legacy)
2019-01-21 15:00:00,2019,1,16,19584,45.39,HOEP (Legacy)
2019-01-21 16:00:00,2019,1,17,20356,106.12,HOEP (Legacy)
2019-01-21 17:00:00,2019,1,18,21525,150.48,HOEP (Legacy)
2019-01-21 18:00:00,2019,1,19,21274,118.98,HOEP (Legacy)
2019-01-21 19:00:00,2019,1,20,20875,66.79,HOEP (Legacy)
2019-01-21 20:00:00,2019,1,21,20574,73.62,HOEP (Legacy)
2019-01-21 21:00:00,2019,1,22,20176,69.45,HOEP (Legacy)
2019-01-21 22:00:00,2019,1,23,19163,51.21,HOEP (Legacy)
2019-01-21 23:00:00,2019,1,24,18090,36.83,HOEP (Legacy)
2019-01-22 00:00:00,2019,1,1,17370,36.27,HOEP (Legacy)
2019-01-22 01:00:00,2019,1,2,17011,35.18,HOEP (Legacy)
2019-01-22 02:00:00,2019,1,3,16683,34.8,HOEP (Legacy)
2019-01-22 03:00:00,2019,1,4,16627,35.0,HOEP (Legacy)
2019-01-22 04:00:00,2019,1,5,16767,31.2,HOEP (Legacy)
2019-01-22 05:00:00,2019,1,6,17166,29.86,HOEP (Legacy)
2019-01-22 06:00:00,2019,1,7,18410,35.39,HOEP (Legacy)
2019-01-22 07:00:00,2019,1,8,19747,35.2,HOEP (Legacy)
2019-01-22 08:00:00,2019,1,9,19847,36.12,HOEP (Legacy)
2019-01-22 09:00:00,2019,1,10,19635,36.45,HOEP (Legacy)
2019-01-22 10:00:00,2019,1,11,19707,37.85,HOEP (Legacy)
2019-01-22 11:00:00,2019,1,12,19701,80.83,HOEP (Legacy)
2019-01-22 12:00:00,2019,1,13,19342,36.21,HOEP (Legacy)
2019-01-22 13:00:00,2019,1,14,19391,36.21,HOEP (Legacy)
2019-01-22 14:00:00,2019,1,15,19275,35.24,HOEP (Legacy)
2019-01-22 15:00:00,2019,1,16,19339,35.17,HOEP (Legacy)
2019-01-22 16:00:00,2019,1,17,19797,36.51,HOEP (Legacy)
2019-01-22 17:00:00,2019,1,18,20504,42.43,HOEP (Legacy)
2019-01-22 18:00:00,2019,1,19,20591,38.33,HOEP (Legacy)
2019-01-22 19:00:00,2019,1,20,20254,43.17,HOEP (Legacy)
2019-01-22 20:00:00,2019,1,21,19910,50.83,HOEP (Legacy)
2019-01-22 21:00:00,2019,1,22,19220,44.28,HOEP (Legacy)
2019-01-22 22:00:00,2019,1,23,18139,35.31,HOEP (Legacy)
2019-01-22 23:00:00,2019,1,24,16847,33.27,HOEP (Legacy)
2019-01-23 00:00:00,2019,1,1,16181,33.65,HOEP (Legacy)
2019-01-23 01:00:00,2019,1,2,15737,30.42,HOEP (Legacy)
2019-01-23 02:00:00,2019,1,3,15587,32.12,HOEP (Legacy)
2019-01-23 03:00:00,2019,1,4,15462,21.11,HOEP (Legacy)
2019-01-23 04:00:00,2019,1,5,15414,28.58,HOEP (Legacy)
2019-01-23 05:00:00,2019,1,6,15907,13.96,HOEP (Legacy)
2019-01-23 06:00:00,2019,1,7,16897,26.35,HOEP (Legacy)
2019-01-23 07:00:00,2019,1,8,17954,33.0,HOEP (Legacy)
2019-01-23 08:00:00,2019,1,9,18392,30.8,HOEP (Legacy)
2019-01-23 09:00:00,2019,1,10,18427,29.09,HOEP (Legacy)
2019-01-23 10:00:00,2019,1,11,18678,31.84,HOEP (Legacy)
2019-01-23 11:00:00,2019,1,12,18707,39.44,HOEP (Legacy)
2019-01-23 12:00:00,2019,1,13,18616,31.47,HOEP (Legacy)
2019-01-23 13:00:00,2019,1,14,18605,30.9,HOEP (Legacy)
2019-01-23 14:00:00,2019,1,15,18404,29.31,HOEP (Legacy)
2019-01-23 15:00:00,2019,1,16,18508,29.83,HOEP (Legacy)
2019-01-23 16:00:00,2019,1,17,18875,29.14,HOEP (Legacy)
2019-01-23 17:00:00,2019,1,18,19389,28.07,HOEP (Legacy)
2019-01-23 18:00:00,2019,1,19,19074,27.83,HOEP (Legacy)
2019-01-23 19:00:00,2019,1,20,18839,26.93,HOEP (Legacy)
2019-01-23 20:00:00,2019,1,21,18603,28.49,HOEP (Legacy)
2019-01-23 21:00:00,2019,1,22,17912,32.4,HOEP (Legacy)
2019-01-23 22:00:00,2019,1,23,16692,32.35,HOEP (Legacy)
2019-01-23 23:00:00,2019,1,24,15549,23.28,HOEP (Legacy)
2019-01-24 00:00:00,2019,1,1,14826,14.74,HOEP (Legacy)
2019-01-24 01:00:00,2019,1,2,14426,14.35,HOEP (Legacy)
2019-01-24 02:00:00,2019,1,3,14290,12.96,HOEP (Legacy)
2019-01-24 03:00:00,2019,1,4,14181,14.36,HOEP (Legacy)
2019-01-24 04:00:00,2019,1,5,14468,14.35,HOEP (Legacy)
2019-01-24 05:00:00,2019,1,6,14982,7.02,HOEP (Legacy)
2019-01-24 06:00:00,2019,1,7,16110,7.33,HOEP (Legacy)
2019-01-24 07:00:00,2019,1,8,17417,31.03,HOEP (Legacy)
2019-01-24 08:00:00,2019,1,9,18169,32.59,HOEP (Legacy)
2019-01-24 09:00:00,2019,1,10,17903,32.61,HOEP (Legacy)
2019-01-24 10:00:00,2019,1,11,17981,40.05,HOEP (Legacy)
2019-01-24 11:00:00,2019,1,12,17728,31.36,HOEP (Legacy)
2019-01-24 12:00:00,2019,1,13,17457,29.04,HOEP (Legacy)
2019-01-24 13:00:00,2019,1,14,17371,31.53,HOEP (Legacy)
2019-01-24 14:00:00,2019,1,15,17604,29.44,HOEP (Legacy)
2019-01-24 15:00:00,2019,1,16,17835,21.79,HOEP (Legacy)
2019-01-24 16:00:00,2019,1,17,18393,25.1,HOEP (Legacy)
2019-01-24 17:00:00,2019,1,18,19125,31.04,HOEP (Legacy)
2019-01-24 18:00:00,2019,1,19,19251,30.42,HOEP (Legacy)
2019-01-24 19:00:00,2019,1,20,19026,30.97,HOEP (Legacy)
2019-01-24 20:00:00,2019,1,21,18747,31.11,HOEP (Legacy)
2019-01-24 21:00:00,2019,1,22,18260,27.2,HOEP (Legacy)
2019-01-24 22:00:00,2019,1,23,17271,10.69,HOEP (Legacy)
2019-01-24 23:00:00,2019,1,24,16130,3.01,HOEP (Legacy)
2019-01-25 00:00:00,2019,1,1,15416,2.89,HOEP (Legacy)
2019-01-25 01:00:00,2019,1,2,15024,3.84,HOEP (Legacy)
2019-01-25 02:00:00,2019,1,3,14730,0.0,HOEP (Legacy)
2019-01-25 03:00:00,2019,1,4,14686,0.0,HOEP (Legacy)
2019-01-25 04:00:00,2019,1,5,14815,1.37,HOEP (Legacy)
2019-01-25 05:00:00,2019,1,6,15524,2.86,HOEP (Legacy)
2019-01-25 06:00:00,2019,1,7,16526,5.1,HOEP (Legacy)
2019-01-25 07:00:00,2019,1,8,17888,20.58,HOEP (Legacy)
2019-01-25 08:00:00,2019,1,9,18226,14.37,HOEP (Legacy)
2019-01-25 09:00:00,2019,1,10,18109,24.3,HOEP (Legacy)
2019-01-25 10:00:00,2019,1,11,17624,12.24,HOEP (Legacy)
2019-01-25 11:00:00,2019,1,12,17430,13.71,HOEP (Legacy)
2019-01-25 12:00:00,2019,1,13,17409,14.37,HOEP (Legacy)
2019-01-25 13:00:00,2019,1,14,17663,13.67,HOEP (Legacy)
2019-01-25 14:00:00,2019,1,15,17730,18.22,HOEP (Legacy)
2019-01-25 15:00:00,2019,1,16,17803,4.02,HOEP (Legacy)
2019-01-25 16:00:00,2019,1,17,18013,16.32,HOEP (Legacy)
2019-01-25 17:00:00,2019,1,18,18924,30.35,HOEP (Legacy)
2019-01-25 18:00:00,2019,1,19,19165,32.04,HOEP (Legacy)
2019-01-25 19:00:00,2019,1,20,18885,29.09,HOEP (Legacy)
2019-01-25 20:00:00,2019,1,21,18858,14.37,HOEP (Legacy)
2019-01-25 21:00:00,2019,1,22,18449,18.56,HOEP (Legacy)
2019-01-25 22:00:00,2019,1,23,17655,19.32,HOEP (Legacy)
2019-01-25 23:00:00,2019,1,24,16734,18.05,HOEP (Legacy)
2019-01-26 00:00:00,2019,1,1,16179,36.57,HOEP (Legacy)
2019-01-26 01:00:00,2019,1,2,15837,40.22,HOEP (Legacy)
2019-01-26 02:00:00,2019,1,3,15596,39.3,HOEP (Legacy)
2019-01-26 03:00:00,2019,1,4,15454,38.37,HOEP (Legacy)
2019-01-26 04:00:00,2019,1,5,15521,24.87,HOEP (Legacy)
2019-01-26 05:00:00,2019,1,6,15656,24.71,HOEP (Legacy)
2019-01-26 06:00:00,2019,1,7,16324,19.37,HOEP (Legacy)
2019-01-26 07:00:00,2019,1,8,17018,32.49,HOEP (Legacy)
2019-01-26 08:00:00,2019,1,9,17711,33.86,HOEP (Legacy)
2019-01-26 09:00:00,2019,1,10,17925,33.66,HOEP (Legacy)
2019-01-26 10:00:00,2019,1,11,17410,32.52,HOEP (Legacy)
2019-01-26 11:00:00,2019,1,12,17042,32.52,HOEP (Legacy)
2019-01-26 12:00:00,2019,1,13,16918,32.52,HOEP (Legacy)
2019-01-26 13:00:00,2019,1,14,16811,31.53,HOEP (Legacy)
2019-01-26 14:00:00,2019,1,15,16949,32.52,HOEP (Legacy)
2019-01-26 15:00:00,2019,1,16,17490,29.23,HOEP (Legacy)
2019-01-26 16:00:00,2019,1,17,18158,32.56,HOEP (Legacy)
2019-01-26 17:00:00,2019,1,18,19223,34.28,HOEP (Legacy)
2019-01-26 18:00:00,2019,1,19,19534,45.01,HOEP (Legacy)
2019-01-26 19:00:00,2019,1,20,18897,33.46,HOEP (Legacy)
2019-01-26 20:00:00,2019,1,21,18356,33.01,HOEP (Legacy)
2019-01-26 21:00:00,2019,1,22,17681,32.4,HOEP (Legacy)
2019-01-26 22:00:00,2019,1,23,17130,30.9,HOEP (Legacy)
2019-01-26 23:00:00,2019,1,24,16633,31.05,HOEP (Legacy)
2019-01-27 00:00:00,2019,1,1,15686,7.26,HOEP (Legacy)
2019-01-27 01:00:00,2019,1,2,15187,7.98,HOEP (Legacy)
2019-01-27 02:00:00,2019,1,3,14935,9.81,HOEP (Legacy)
2019-01-27 03:00:00,2019,1,4,14768,1.5,HOEP (Legacy)
2019-01-27 04:00:00,2019,1,5,14607,0.0,HOEP (Legacy)
2019-01-27 05:00:00,2019,1,6,14824,0.0,HOEP (Legacy)
2019-01-27 06:00:00,2019,1,7,15295,2.31,HOEP (Legacy)
2019-01-27 07:00:00,2019,1,8,15879,4.44,HOEP (Legacy)
2019-01-27 08:00:00,2019,1,9,16433,52.25,HOEP (Legacy)
2019-01-27 09:00:00,2019,1,10,16960,12.26,HOEP (Legacy)
2019-01-27 10:00:00,2019,1,11,17019,0.0,HOEP (Legacy)
2019-01-27 11:00:00,2019,1,12,16978,0.0,HOEP (Legacy)
2019-01-27 12:00:00,2019,1,13,16892,3.65,HOEP (Legacy)
2019-01-27 13:00:00,2019,1,14,17005,10.87,HOEP (Legacy)
2019-01-27 14:00:00,2019,1,15,17097,31.05,HOEP (Legacy)
2019-01-27 15:00:00,2019,1,16,17465,30.8,HOEP (Legacy)
2019-01-27 16:00:00,2019,1,17,18365,31.01,HOEP (Legacy)
2019-01-27 17:00:00,2019,1,18,19553,33.13,HOEP (Legacy)
2019-01-27 18:00:00,2019,1,19,20056,33.9,HOEP (Legacy)
2019-01-27 19:00:00,2019,1,20,19584,32.93,HOEP (Legacy)
2019-01-27 20:00:00,2019,1,21,19034,32.52,HOEP (Legacy)
2019-01-27 21:00:00,2019,1,22,18493,30.31,HOEP (Legacy)
2019-01-27 22:00:00,2019,1,23,17735,30.61,HOEP (Legacy)
2019-01-27 23:00:00,2019,1,24,17185,42.19,HOEP (Legacy)
2019-01-28 00:00:00,2019,1,1,16709,48.88,HOEP (Legacy)
2019-01-28 01:00:00,2019,1,2,16331,26.43,HOEP (Legacy)
2019-01-28 02:00:00,2019,1,3,16177,29.54,HOEP (Legacy)
2019-01-28 03:00:00,2019,1,4,16180,84.2,HOEP (Legacy)
2019-01-28 04:00:00,2019,1,5,16205,28.88,HOEP (Legacy)
2019-01-28 05:00:00,2019,1,6,16852,32.97,HOEP (Legacy)
2019-01-28 06:00:00,2019,1,7,18227,33.07,HOEP (Legacy)
2019-01-28 07:00:00,2019,1,8,19597,33.78,HOEP (Legacy)
2019-01-28 08:00:00,2019,1,9,19590,33.79,HOEP (Legacy)
2019-01-28 09:00:00,2019,1,10,19365,32.01,HOEP (Legacy)
2019-01-28 10:00:00,2019,1,11,19401,33.05,HOEP (Legacy)
2019-01-28 11:00:00,2019,1,12,19493,33.35,HOEP (Legacy)
2019-01-28 12:00:00,2019,1,13,19592,32.52,HOEP (Legacy)
2019-01-28 13:00:00,2019,1,14,19682,30.08,HOEP (Legacy)
2019-01-28 14:00:00,2019,1,15,19594,26.33,HOEP (Legacy)
2019-01-28 15:00:00,2019,1,16,19707,30.89,HOEP (Legacy)
2019-01-28 16:00:00,2019,1,17,20090,32.97,HOEP (Legacy)
2019-01-28 17:00:00,2019,1,18,21049,48.85,HOEP (Legacy)
2019-01-28 18:00:00,2019,1,19,21041,33.86,HOEP (Legacy)
2019-01-28 19:00:00,2019,1,20,20827,41.88,HOEP (Legacy)
2019-01-28 20:00:00,2019,1,21,20432,33.93,HOEP (Legacy)
2019-01-28 21:00:00,2019,1,22,19584,33.96,HOEP (Legacy)
2019-01-28 22:00:00,2019,1,23,18394,32.6,HOEP (Legacy)
2019-01-28 23:00:00,2019,1,24,17235,20.25,HOEP (Legacy)
2019-01-29 00:00:00,2019,1,1,16446,15.19,HOEP (Legacy)
2019-01-29 01:00:00,2019,1,2,16092,14.37,HOEP (Legacy)
2019-01-29 02:00:00,2019,1,3,15803,14.38,HOEP (Legacy)
2019-01-29 03:00:00,2019,1,4,15616,14.35,HOEP (Legacy)
2019-01-29 04:00:00,2019,1,5,15779,14.38,HOEP (Legacy)
2019-01-29 05:00:00,2019,1,6,16265,18.15,HOEP (Legacy)
2019-01-29 06:00:00,2019,1,7,17415,14.86,HOEP (Legacy)
2019-01-29 07:00:00,2019,1,8,18637,34.43,HOEP (Legacy)
2019-01-29 08:00:00,2019,1,9,18963,35.05,HOEP (Legacy)
2019-01-29 09:00:00,2019,1,10,19177,34.25,HOEP (Legacy)
2019-01-29 10:00:00,2019,1,11,19036,33.81,HOEP (Legacy)
2019-01-29 11:00:00,2019,1,12,18702,32.7,HOEP (Legacy)
2019-01-29 12:00:00,2019,1,13,18593,32.73,HOEP (Legacy)
2019-01-29 13:00:00,2019,1,14,18648,17.67,HOEP (Legacy)
2019-01-29 14:00:00,2019,1,15,18456,21.97,HOEP (Legacy)
2019-01-29 15:00:00,2019,1,16,18639,13.23,HOEP (Legacy)
2019-01-29 16:00:00,2019,1,17,19137,27.57,HOEP (Legacy)
2019-01-29 17:00:00,2019,1,18,19746,32.2,HOEP (Legacy)
2019-01-29 18:00:00,2019,1,19,20169,32.47,HOEP (Legacy)
2019-01-29 19:00:00,2019,1,20,20040,32.47,HOEP (Legacy)
2019-01-29 20:00:00,2019,1,21,19880,33.57,HOEP (Legacy)
2019-01-29 21:00:00,2019,1,22,19207,32.33,HOEP (Legacy)
2019-01-29 22:00:00,2019,1,23,17959,17.86,HOEP (Legacy)
2019-01-29 23:00:00,2019,1,24,16918,3.78,HOEP (Legacy)
2019-01-30 00:00:00,2019,1,1,16109,3.73,HOEP (Legacy)
2019-01-30 01:00:00,2019,1,2,15865,1.01,HOEP (Legacy)
2019-01-30 02:00:00,2019,1,3,15700,0.46,HOEP (Legacy)
2019-01-30 03:00:00,2019,1,4,15695,4.15,HOEP (Legacy)
2019-01-30 04:00:00,2019,1,5,15844,0.43,HOEP (Legacy)
2019-01-30 05:00:00,2019,1,6,16518,2.92,HOEP (Legacy)
2019-01-30 06:00:00,2019,1,7,17895,10.55,HOEP (Legacy)
2019-01-30 07:00:00,2019,1,8,19153,20.64,HOEP (Legacy)
2019-01-30 08:00:00,2019,1,9,19268,33.14,HOEP (Legacy)
2019-01-30 09:00:00,2019,1,10,19031,33.76,HOEP (Legacy)
2019-01-30 10:00:00,2019,1,11,18981,33.49,HOEP (Legacy)
2019-01-30 11:00:00,2019,1,12,18917,33.24,HOEP (Legacy)
2019-01-30 12:00:00,2019,1,13,18786,32.14,HOEP (Legacy)
2019-01-30 13:00:00,2019,1,14,18802,30.25,HOEP (Legacy)
2019-01-30 14:00:00,2019,1,15,18777,25.23,HOEP (Legacy)
2019-01-30 15:00:00,2019,1,16,18923,10.96,HOEP (Legacy)
2019-01-30 16:00:00,2019,1,17,19429,30.5,HOEP (Legacy)
2019-01-30 17:00:00,2019,1,18,20333,44.21,HOEP (Legacy)
2019-01-30 18:00:00,2019,1,19,20986,48.84,HOEP (Legacy)
2019-01-30 19:00:00,2019,1,20,20930,52.11,HOEP (Legacy)
2019-01-30 20:00:00,2019,1,21,20672,62.84,HOEP (Legacy)
2019-01-30 21:00:00,2019,1,22,19943,34.65,HOEP (Legacy)
2019-01-30 22:00:00,2019,1,23,18947,29.09,HOEP (Legacy)
2019-01-30 23:00:00,2019,1,24,17931,28.64,HOEP (Legacy)
2019-01-31 00:00:00,2019,1,1,17415,63.78,HOEP (Legacy)
2019-01-31 01:00:00,2019,1,2,17139,53.24,HOEP (Legacy)
2019-01-31 02:00:00,2019,1,3,16827,50.95,HOEP (Legacy)
2019-01-31 03:00:00,2019,1,4,16816,50.6,HOEP (Legacy)
2019-01-31 04:00:00,2019,1,5,16789,52.06,HOEP (Legacy)
2019-01-31 05:00:00,2019,1,6,17389,46.87,HOEP (Legacy)
2019-01-31 06:00:00,2019,1,7,18501,49.21,HOEP (Legacy)
2019-01-31 07:00:00,2019,1,8,19808,51.75,HOEP (Legacy)
2019-01-31 08:00:00,2019,1,9,20068,59.76,HOEP (Legacy)
2019-01-31 09:00:00,2019,1,10,19609,53.96,HOEP (Legacy)
2019-01-31 10:00:00,2019,1,11,19414,51.11,HOEP (Legacy)
2019-01-31 11:00:00,2019,1,12,19202,51.25,HOEP (Legacy)
2019-01-31 12:00:00,2019,1,13,18910,37.93,HOEP (Legacy)
2019-01-31 13:00:00,2019,1,14,18799,36.2,HOEP (Legacy)
2019-01-31 14:00:00,2019,1,15,18611,35.72,HOEP (Legacy)
2019-01-31 15:00:00,2019,1,16,18962,32.96,HOEP (Legacy)
2019-01-31 16:00:00,2019,1,17,19602,25.24,HOEP (Legacy)
2019-01-31 17:00:00,2019,1,18,20596,50.18,HOEP (Legacy)
2019-01-31 18:00:00,2019,1,19,20873,51.21,HOEP (Legacy)
2019-01-31 19:00:00,2019,1,20,20764,51.48,HOEP (Legacy)
2019-01-31 20:00:00,2019,1,21,20713,58.15,HOEP (Legacy)
2019-01-31 21:00:00,2019,1,22,20321,51.29,HOEP (Legacy)
2019-01-31 22:00:00,2019,1,23,19388,41.7,HOEP (Legacy)
2019-01-31 23:00:00,2019,1,24,18277,37.91,HOEP (Legacy)
2019-02-01 00:00:00,2019,2,1,17579,41.63,HOEP (Legacy)
2019-02-01 01:00:00,2019,2,2,17177,43.09,HOEP (Legacy)
2019-02-01 02:00:00,2019,2,3,17038,39.42,HOEP (Legacy)
2019-02-01 03:00:00,2019,2,4,17043,38.37,HOEP (Legacy)
2019-02-01 04:00:00,2019,2,5,17148,39.38,HOEP (Legacy)
2019-02-01 05:00:00,2019,2,6,17561,34.21,HOEP (Legacy)
2019-02-01 06:00:00,2019,2,7,18745,37.67,HOEP (Legacy)
2019-02-01 07:00:00,2019,2,8,20007,74.96,HOEP (Legacy)
2019-02-01 08:00:00,2019,2,9,20086,75.0,HOEP (Legacy)
2019-02-01 09:00:00,2019,2,10,19519,68.84,HOEP (Legacy)
2019-02-01 10:00:00,2019,2,11,19088,37.82,HOEP (Legacy)
2019-02-01 11:00:00,2019,2,12,18744,41.55,HOEP (Legacy)
2019-02-01 12:00:00,2019,2,13,18412,35.12,HOEP (Legacy)
2019-02-01 13:00:00,2019,2,14,18159,39.69,HOEP (Legacy)
2019-02-01 14:00:00,2019,2,15,18116,36.13,HOEP (Legacy)
2019-02-01 15:00:00,2019,2,16,18279,67.46,HOEP (Legacy)
2019-02-01 16:00:00,2019,2,17,19004,36.81,HOEP (Legacy)
2019-02-01 17:00:00,2019,2,18,20008,110.99,HOEP (Legacy)
2019-02-01 18:00:00,2019,2,19,20500,44.16,HOEP (Legacy)
2019-02-01 19:00:00,2019,2,20,20301,38.47,HOEP (Legacy)
2019-02-01 20:00:00,2019,2,21,20040,35.07,HOEP (Legacy)
2019-02-01 21:00:00,2019,2,22,19440,38.69,HOEP (Legacy)
2019-02-01 22:00:00,2019,2,23,18331,39.35,HOEP (Legacy)
2019-02-01 23:00:00,2019,2,24,17306,32.12,HOEP (Legacy)
2019-02-02 00:00:00,2019,2,1,16427,28.62,HOEP (Legacy)
2019-02-02 01:00:00,2019,2,2,15873,27.51,HOEP (Legacy)
2019-02-02 02:00:00,2019,2,3,15689,27.39,HOEP (Legacy)
2019-02-02 03:00:00,2019,2,4,15568,24.96,HOEP (Legacy)
2019-02-02 04:00:00,2019,2,5,15524,21.75,HOEP (Legacy)
2019-02-02 05:00:00,2019,2,6,15682,20.23,HOEP (Legacy)
2019-02-02 06:00:00,2019,2,7,15955,19.6,HOEP (Legacy)
2019-02-02 07:00:00,2019,2,8,16754,20.21,HOEP (Legacy)
2019-02-02 08:00:00,2019,2,9,17256,25.66,HOEP (Legacy)
2019-02-02 09:00:00,2019,2,10,17694,24.45,HOEP (Legacy)
2019-02-02 10:00:00,2019,2,11,18002,71.67,HOEP (Legacy)
2019-02-02 11:00:00,2019,2,12,18041,27.75,HOEP (Legacy)
2019-02-02 12:00:00,2019,2,13,17908,27.99,HOEP (Legacy)
2019-02-02 13:00:00,2019,2,14,17550,21.26,HOEP (Legacy)
2019-02-02 14:00:00,2019,2,15,17467,70.28,HOEP (Legacy)
2019-02-02 15:00:00,2019,2,16,17421,28.39,HOEP (Legacy)
2019-02-02 16:00:00,2019,2,17,17743,21.45,HOEP (Legacy)
2019-02-02 17:00:00,2019,2,18,18334,26.12,HOEP (Legacy)
2019-02-02 18:00:00,2019,2,19,18543,27.62,HOEP (Legacy)
2019-02-02 19:00:00,2019,2,20,18035,23.69,HOEP (Legacy)
2019-02-02 20:00:00,2019,2,21,17585,19.38,HOEP (Legacy)
2019-02-02 21:00:00,2019,2,22,16984,23.99,HOEP (Legacy)
2019-02-02 22:00:00,2019,2,23,16241,24.16,HOEP (Legacy)
2019-02-02 23:00:00,2019,2,24,15435,17.16,HOEP (Legacy)
2019-02-03 00:00:00,2019,2,1,14655,11.0,HOEP (Legacy)
2019-02-03 01:00:00,2019,2,2,14188,13.68,HOEP (Legacy)
2019-02-03 02:00:00,2019,2,3,14017,14.36,HOEP (Legacy)
2019-02-03 03:00:00,2019,2,4,14053,14.34,HOEP (Legacy)
2019-02-03 04:00:00,2019,2,5,14000,14.36,HOEP (Legacy)
2019-02-03 05:00:00,2019,2,6,13992,14.36,HOEP (Legacy)
2019-02-03 06:00:00,2019,2,7,14265,14.36,HOEP (Legacy)
2019-02-03 07:00:00,2019,2,8,14935,8.07,HOEP (Legacy)
2019-02-03 08:00:00,2019,2,9,15511,6.97,HOEP (Legacy)
2019-02-03 09:00:00,2019,2,10,15886,14.35,HOEP (Legacy)
2019-02-03 10:00:00,2019,2,11,16350,14.36,HOEP (Legacy)
2019-02-03 11:00:00,2019,2,12,16307,14.36,HOEP (Legacy)
2019-02-03 12:00:00,2019,2,13,16280,12.99,HOEP (Legacy)
2019-02-03 13:00:00,2019,2,14,16104,10.17,HOEP (Legacy)
2019-02-03 14:00:00,2019,2,15,16252,14.34,HOEP (Legacy)
2019-02-03 15:00:00,2019,2,16,16471,27.55,HOEP (Legacy)
2019-02-03 16:00:00,2019,2,17,17118,28.85,HOEP (Legacy)
2019-02-03 17:00:00,2019,2,18,17720,24.89,HOEP (Legacy)
2019-02-03 18:00:00,2019,2,19,17887,21.55,HOEP (Legacy)
2019-02-03 19:00:00,2019,2,20,17277,14.93,HOEP (Legacy)
2019-02-03 20:00:00,2019,2,21,16798,5.02,HOEP (Legacy)
2019-02-03 21:00:00,2019,2,22,16063,9.55,HOEP (Legacy)
2019-02-03 22:00:00,2019,2,23,15401,13.64,HOEP (Legacy)
2019-02-03 23:00:00,2019,2,24,14696,12.99,HOEP (Legacy)
2019-02-04 00:00:00,2019,2,1,14005,14.35,HOEP (Legacy)
2019-02-04 01:00:00,2019,2,2,13765,14.33,HOEP (Legacy)
2019-02-04 02:00:00,2019,2,3,13627,12.97,HOEP (Legacy)
2019-02-04 03:00:00,2019,2,4,13509,5.87,HOEP (Legacy)
2019-02-04 04:00:00,2019,2,5,13671,7.39,HOEP (Legacy)
2019-02-04 05:00:00,2019,2,6,14226,11.55,HOEP (Legacy)
2019-02-04 06:00:00,2019,2,7,15472,19.68,HOEP (Legacy)
2019-02-04 07:00:00,2019,2,8,16741,15.04,HOEP (Legacy)
2019-02-04 08:00:00,2019,2,9,16891,14.8,HOEP (Legacy)
2019-02-04 09:00:00,2019,2,10,16980,14.38,HOEP (Legacy)
2019-02-04 10:00:00,2019,2,11,16726,14.88,HOEP (Legacy)
2019-02-04 11:00:00,2019,2,12,16439,14.35,HOEP (Legacy)
2019-02-04 12:00:00,2019,2,13,16475,14.36,HOEP (Legacy)
2019-02-04 13:00:00,2019,2,14,16481,20.77,HOEP (Legacy)
2019-02-04 14:00:00,2019,2,15,16377,20.65,HOEP (Legacy)
2019-02-04 15:00:00,2019,2,16,16474,13.64,HOEP (Legacy)
2019-02-04 16:00:00,2019,2,17,17213,12.94,HOEP (Legacy)
2019-02-04 17:00:00,2019,2,18,17903,22.97,HOEP (Legacy)
2019-02-04 18:00:00,2019,2,19,18045,15.05,HOEP (Legacy)
2019-02-04 19:00:00,2019,2,20,17781,16.3,HOEP (Legacy)
2019-02-04 20:00:00,2019,2,21,17503,22.74,HOEP (Legacy)
2019-02-04 21:00:00,2019,2,22,16735,17.81,HOEP (Legacy)
2019-02-04 22:00:00,2019,2,23,15669,14.97,HOEP (Legacy)
2019-02-04 23:00:00,2019,2,24,14699,7.45,HOEP (Legacy)
2019-02-05 00:00:00,2019,2,1,14067,0.0,HOEP (Legacy)
2019-02-05 01:00:00,2019,2,2,13695,0.0,HOEP (Legacy)
2019-02-05 02:00:00,2019,2,3,13373,3.11,HOEP (Legacy)
2019-02-05 03:00:00,2019,2,4,13371,14.33,HOEP (Legacy)
2019-02-05 04:00:00,2019,2,5,13532,5.76,HOEP (Legacy)
2019-02-05 05:00:00,2019,2,6,14125,6.3,HOEP (Legacy)
2019-02-05 06:00:00,2019,2,7,15460,22.93,HOEP (Legacy)
2019-02-05 07:00:00,2019,2,8,16771,26.17,HOEP (Legacy)
2019-02-05 08:00:00,2019,2,9,16974,27.27,HOEP (Legacy)
2019-02-05 09:00:00,2019,2,10,17230,35.6,HOEP (Legacy)
2019-02-05 10:00:00,2019,2,11,17082,27.28,HOEP (Legacy)
2019-02-05 11:00:00,2019,2,12,16887,27.26,HOEP (Legacy)
2019-02-05 12:00:00,2019,2,13,16830,27.42,HOEP (Legacy)
2019-02-05 13:00:00,2019,2,14,16780,28.31,HOEP (Legacy)
2019-02-05 14:00:00,2019,2,15,16760,27.73,HOEP (Legacy)
2019-02-05 15:00:00,2019,2,16,16990,27.14,HOEP (Legacy)
2019-02-05 16:00:00,2019,2,17,17885,27.91,HOEP (Legacy)
2019-02-05 17:00:00,2019,2,18,18988,36.5,HOEP (Legacy)
2019-02-05 18:00:00,2019,2,19,19309,49.31,HOEP (Legacy)
2019-02-05 19:00:00,2019,2,20,19262,125.58,HOEP (Legacy)
2019-02-05 20:00:00,2019,2,21,18798,121.96,HOEP (Legacy)
2019-02-05 21:00:00,2019,2,22,18078,30.54,HOEP (Legacy)
2019-02-05 22:00:00,2019,2,23,17194,30.39,HOEP (Legacy)
2019-02-05 23:00:00,2019,2,24,16164,29.37,HOEP (Legacy)
2019-02-06 00:00:00,2019,2,1,15389,29.36,HOEP (Legacy)
2019-02-06 01:00:00,2019,2,2,14978,20.04,HOEP (Legacy)
2019-02-06 02:00:00,2019,2,3,14618,7.19,HOEP (Legacy)
2019-02-06 03:00:00,2019,2,4,14505,14.6,HOEP (Legacy)
2019-02-06 04:00:00,2019,2,5,14800,36.08,HOEP (Legacy)
2019-02-06 05:00:00,2019,2,6,15315,22.81,HOEP (Legacy)
2019-02-06 06:00:00,2019,2,7,16626,26.62,HOEP (Legacy)
2019-02-06 07:00:00,2019,2,8,18079,136.86,HOEP (Legacy)
2019-02-06 08:00:00,2019,2,9,18290,118.07,HOEP (Legacy)
2019-02-06 09:00:00,2019,2,10,18656,29.87,HOEP (Legacy)
2019-02-06 10:00:00,2019,2,11,19052,52.62,HOEP (Legacy)
2019-02-06 11:00:00,2019,2,12,19254,30.67,HOEP (Legacy)
2019-02-06 12:00:00,2019,2,13,19285,33.22,HOEP (Legacy)
2019-02-06 13:00:00,2019,2,14,19181,32.31,HOEP (Legacy)
2019-02-06 14:00:00,2019,2,15,19006,33.52,HOEP (Legacy)
2019-02-06 15:00:00,2019,2,16,18933,31.11,HOEP (Legacy)
2019-02-06 16:00:00,2019,2,17,19237,32.1,HOEP (Legacy)
2019-02-06 17:00:00,2019,2,18,19661,50.91,HOEP (Legacy)
2019-02-06 18:00:00,2019,2,19,19644,50.23,HOEP (Legacy)
2019-02-06 19:00:00,2019,2,20,19283,51.06,HOEP (Legacy)
2019-02-06 20:00:00,2019,2,21,18823,40.39,HOEP (Legacy)
2019-02-06 21:00:00,2019,2,22,18080,28.61,HOEP (Legacy)
2019-02-06 22:00:00,2019,2,23,17011,29.11,HOEP (Legacy)
2019-02-06 23:00:00,2019,2,24,15881,25.81,HOEP (Legacy)
2019-02-07 00:00:00,2019,2,1,15279,28.62,HOEP (Legacy)
2019-02-07 01:00:00,2019,2,2,14792,28.32,HOEP (Legacy)
2019-02-07 02:00:00,2019,2,3,14590,24.02,HOEP (Legacy)
2019-02-07 03:00:00,2019,2,4,14469,21.93,HOEP (Legacy)
2019-02-07 04:00:00,2019,2,5,14499,17.15,HOEP (Legacy)
2019-02-07 05:00:00,2019,2,6,15188,14.16,HOEP (Legacy)
2019-02-07 06:00:00,2019,2,7,16440,20.76,HOEP (Legacy)
2019-02-07 07:00:00,2019,2,8,17742,25.84,HOEP (Legacy)
2019-02-07 08:00:00,2019,2,9,17948,26.14,HOEP (Legacy)
2019-02-07 09:00:00,2019,2,10,18176,27.27,HOEP (Legacy)
2019-02-07 10:00:00,2019,2,11,18158,27.26,HOEP (Legacy)
2019-02-07 11:00:00,2019,2,12,18051,26.0,HOEP (Legacy)
2019-02-07 12:00:00,2019,2,13,17880,27.13,HOEP (Legacy)
2019-02-07 13:00:00,2019,2,14,17906,27.94,HOEP (Legacy)
2019-02-07 14:00:00,2019,2,15,17760,25.98,HOEP (Legacy)
2019-02-07 15:00:00,2019,2,16,17853,25.39,HOEP (Legacy)
2019-02-07 16:00:00,2019,2,17,18354,20.96,HOEP (Legacy)
2019-02-07 17:00:00,2019,2,18,19060,18.63,HOEP (Legacy)
2019-02-07 18:00:00,2019,2,19,19105,18.77,HOEP (Legacy)
2019-02-07 19:00:00,2019,2,20,18894,21.47,HOEP (Legacy)
2019-02-07 20:00:00,2019,2,21,18464,18.21,HOEP (Legacy)
2019-02-07 21:00:00,2019,2,22,17543,13.62,HOEP (Legacy)
2019-02-07 22:00:00,2019,2,23,16134,5.76,HOEP (Legacy)
2019-02-07 23:00:00,2019,2,24,15154,0.97,HOEP (Legacy)
2019-02-08 00:00:00,2019,2,1,14429,0.0,HOEP (Legacy)
2019-02-08 01:00:00,2019,2,2,14015,0.0,HOEP (Legacy)
2019-02-08 02:00:00,2019,2,3,13730,0.0,HOEP (Legacy)
2019-02-08 03:00:00,2019,2,4,13723,0.0,HOEP (Legacy)
2019-02-08 04:00:00,2019,2,5,13846,0.0,HOEP (Legacy)
2019-02-08 05:00:00,2019,2,6,14558,0.0,HOEP (Legacy)
2019-02-08 06:00:00,2019,2,7,15908,3.8,HOEP (Legacy)
2019-02-08 07:00:00,2019,2,8,17272,32.9,HOEP (Legacy)
2019-02-08 08:00:00,2019,2,9,17644,20.54,HOEP (Legacy)
2019-02-08 09:00:00,2019,2,10,17747,55.54,HOEP (Legacy)
2019-02-08 10:00:00,2019,2,11,17692,32.41,HOEP (Legacy)
2019-02-08 11:00:00,2019,2,12,17511,15.06,HOEP (Legacy)
2019-02-08 12:00:00,2019,2,13,17607,7.29,HOEP (Legacy)
2019-02-08 13:00:00,2019,2,14,17533,12.96,HOEP (Legacy)
2019-02-08 14:00:00,2019,2,15,17372,5.81,HOEP (Legacy)
2019-02-08 15:00:00,2019,2,16,17616,5.3,HOEP (Legacy)
2019-02-08 16:00:00,2019,2,17,18315,4.8,HOEP (Legacy)
2019-02-08 17:00:00,2019,2,18,19066,24.92,HOEP (Legacy)
2019-02-08 18:00:00,2019,2,19,19368,28.01,HOEP (Legacy)
2019-02-08 19:00:00,2019,2,20,19337,28.55,HOEP (Legacy)
2019-02-08 20:00:00,2019,2,21,19022,27.94,HOEP (Legacy)
2019-02-08 21:00:00,2019,2,22,18376,27.78,HOEP (Legacy)
2019-02-08 22:00:00,2019,2,23,17516,22.5,HOEP (Legacy)
2019-02-08 23:00:00,2019,2,24,16446,19.29,HOEP (Legacy)
2019-02-09 00:00:00,2019,2,1,15790,16.57,HOEP (Legacy)
2019-02-09 01:00:00,2019,2,2,15263,14.03,HOEP (Legacy)
2019-02-09 02:00:00,2019,2,3,15013,13.33,HOEP (Legacy)
2019-02-09 03:00:00,2019,2,4,14943,13.33,HOEP (Legacy)
2019-02-09 04:00:00,2019,2,5,14956,13.99,HOEP (Legacy)
2019-02-09 05:00:00,2019,2,6,15234,13.33,HOEP (Legacy)
2019-02-09 06:00:00,2019,2,7,15829,20.43,HOEP (Legacy)
2019-02-09 07:00:00,2019,2,8,16356,28.28,HOEP (Legacy)
2019-02-09 08:00:00,2019,2,9,16744,28.08,HOEP (Legacy)
2019-02-09 09:00:00,2019,2,10,16743,27.16,HOEP (Legacy)
2019-02-09 10:00:00,2019,2,11,16690,29.92,HOEP (Legacy)
2019-02-09 11:00:00,2019,2,12,16774,29.86,HOEP (Legacy)
2019-02-09 12:00:00,2019,2,13,16645,29.76,HOEP (Legacy)
2019-02-09 13:00:00,2019,2,14,16423,29.4,HOEP (Legacy)
2019-02-09 14:00:00,2019,2,15,16384,29.33,HOEP (Legacy)
2019-02-09 15:00:00,2019,2,16,16483,26.59,HOEP (Legacy)
2019-02-09 16:00:00,2019,2,17,17247,27.37,HOEP (Legacy)
2019-02-09 17:00:00,2019,2,18,18561,29.2,HOEP (Legacy)
2019-02-09 18:00:00,2019,2,19,19008,30.55,HOEP (Legacy)
2019-02-09 19:00:00,2019,2,20,18553,29.43,HOEP (Legacy)
2019-02-09 20:00:00,2019,2,21,18199,28.87,HOEP (Legacy)
2019-02-09 21:00:00,2019,2,22,17667,28.79,HOEP (Legacy)
2019-02-09 22:00:00,2019,2,23,16896,28.36,HOEP (Legacy)
2019-02-09 23:00:00,2019,2,24,16148,29.3,HOEP (Legacy)
2019-02-10 00:00:00,2019,2,1,15631,30.27,HOEP (Legacy)
2019-02-10 01:00:00,2019,2,2,15035,25.93,HOEP (Legacy)
2019-02-10 02:00:00,2019,2,3,14831,26.11,HOEP (Legacy)
2019-02-10 03:00:00,2019,2,4,14689,25.15,HOEP (Legacy)
2019-02-10 04:00:00,2019,2,5,14624,26.02,HOEP (Legacy)
2019-02-10 05:00:00,2019,2,6,14869,26.86,HOEP (Legacy)
2019-02-10 06:00:00,2019,2,7,15253,27.73,HOEP (Legacy)
2019-02-10 07:00:00,2019,2,8,15695,27.07,HOEP (Legacy)
2019-02-10 08:00:00,2019,2,9,16053,26.79,HOEP (Legacy)
2019-02-10 09:00:00,2019,2,10,16359,27.14,HOEP (Legacy)
2019-02-10 10:00:00,2019,2,11,16452,28.19,HOEP (Legacy)
2019-02-10 11:00:00,2019,2,12,16233,27.9,HOEP (Legacy)
2019-02-10 12:00:00,2019,2,13,16196,26.37,HOEP (Legacy)
2019-02-10 13:00:00,2019,2,14,16219,25.43,HOEP (Legacy)
2019-02-10 14:00:00,2019,2,15,16308,27.64,HOEP (Legacy)
2019-02-10 15:00:00,2019,2,16,16634,27.7,HOEP (Legacy)
2019-02-10 16:00:00,2019,2,17,17396,28.4,HOEP (Legacy)
2019-02-10 17:00:00,2019,2,18,18286,28.74,HOEP (Legacy)
2019-02-10 18:00:00,2019,2,19,18804,28.9,HOEP (Legacy)
2019-02-10 19:00:00,2019,2,20,18553,28.25,HOEP (Legacy)
2019-02-10 20:00:00,2019,2,21,18002,28.77,HOEP (Legacy)
2019-02-10 21:00:00,2019,2,22,17772,28.47,HOEP (Legacy)
2019-02-10 22:00:00,2019,2,23,16962,29.28,HOEP (Legacy)
2019-02-10 23:00:00,2019,2,24,16061,28.51,HOEP (Legacy)
2019-02-11 00:00:00,2019,2,1,15405,26.67,HOEP (Legacy)
2019-02-11 01:00:00,2019,2,2,15118,23.66,HOEP (Legacy)
2019-02-11 02:00:00,2019,2,3,14996,23.45,HOEP (Legacy)
2019-02-11 03:00:00,2019,2,4,14814,20.9,HOEP (Legacy)
2019-02-11 04:00:00,2019,2,5,14964,20.73,HOEP (Legacy)
2019-02-11 05:00:00,2019,2,6,15615,22.34,HOEP (Legacy)
2019-02-11 06:00:00,2019,2,7,16849,28.04,HOEP (Legacy)
2019-02-11 07:00:00,2019,2,8,18125,30.87,HOEP (Legacy)
2019-02-11 08:00:00,2019,2,9,18085,29.36,HOEP (Legacy)
2019-02-11 09:00:00,2019,2,10,17909,28.91,HOEP (Legacy)
2019-02-11 10:00:00,2019,2,11,17844,29.31,HOEP (Legacy)
2019-02-11 11:00:00,2019,2,12,17847,29.02,HOEP (Legacy)
2019-02-11 12:00:00,2019,2,13,17504,28.62,HOEP (Legacy)
2019-02-11 13:00:00,2019,2,14,17329,25.27,HOEP (Legacy)
2019-02-11 14:00:00,2019,2,15,17122,21.49,HOEP (Legacy)
2019-02-11 15:00:00,2019,2,16,17361,21.34,HOEP (Legacy)
2019-02-11 16:00:00,2019,2,17,18088,27.42,HOEP (Legacy)
2019-02-11 17:00:00,2019,2,18,19042,29.12,HOEP (Legacy)
2019-02-11 18:00:00,2019,2,19,19513,29.33,HOEP (Legacy)
2019-02-11 19:00:00,2019,2,20,19322,28.4,HOEP (Legacy)
2019-02-11 20:00:00,2019,2,21,18828,26.47,HOEP (Legacy)
2019-02-11 21:00:00,2019,2,22,18078,24.62,HOEP (Legacy)
2019-02-11 22:00:00,2019,2,23,17006,19.73,HOEP (Legacy)
2019-02-11 23:00:00,2019,2,24,16171,15.1,HOEP (Legacy)
2019-02-12 00:00:00,2019,2,1,15424,12.16,HOEP (Legacy)
2019-02-12 01:00:00,2019,2,2,15059,13.98,HOEP (Legacy)
2019-02-12 02:00:00,2019,2,3,14948,13.32,HOEP (Legacy)
2019-02-12 03:00:00,2019,2,4,14879,13.34,HOEP (Legacy)
2019-02-12 04:00:00,2019,2,5,15080,34.99,HOEP (Legacy)
2019-02-12 05:00:00,2019,2,6,15847,35.28,HOEP (Legacy)
2019-02-12 06:00:00,2019,2,7,17067,27.77,HOEP (Legacy)
2019-02-12 07:00:00,2019,2,8,17902,29.83,HOEP (Legacy)
2019-02-12 08:00:00,2019,2,9,18462,29.88,HOEP (Legacy)
2019-02-12 09:00:00,2019,2,10,18963,66.92,HOEP (Legacy)
2019-02-12 10:00:00,2019,2,11,19193,176.09,HOEP (Legacy)
2019-02-12 11:00:00,2019,2,12,19093,87.32,HOEP (Legacy)
2019-02-12 12:00:00,2019,2,13,19086,65.64,HOEP (Legacy)
2019-02-12 13:00:00,2019,2,14,19214,46.44,HOEP (Legacy)
2019-02-12 14:00:00,2019,2,15,19189,33.26,HOEP (Legacy)
2019-02-12 15:00:00,2019,2,16,19229,37.91,HOEP (Legacy)
2019-02-12 16:00:00,2019,2,17,19369,35.01,HOEP (Legacy)
2019-02-12 17:00:00,2019,2,18,19819,34.58,HOEP (Legacy)
2019-02-12 18:00:00,2019,2,19,19849,45.08,HOEP (Legacy)
2019-02-12 19:00:00,2019,2,20,19521,48.23,HOEP (Legacy)
2019-02-12 20:00:00,2019,2,21,18920,30.18,HOEP (Legacy)
2019-02-12 21:00:00,2019,2,22,17952,27.94,HOEP (Legacy)
2019-02-12 22:00:00,2019,2,23,16824,21.34,HOEP (Legacy)
2019-02-12 23:00:00,2019,2,24,15845,19.33,HOEP (Legacy)
2019-02-13 00:00:00,2019,2,1,15276,24.83,HOEP (Legacy)
2019-02-13 01:00:00,2019,2,2,15026,31.77,HOEP (Legacy)
2019-02-13 02:00:00,2019,2,3,14707,33.02,HOEP (Legacy)
2019-02-13 03:00:00,2019,2,4,14581,17.94,HOEP (Legacy)
2019-02-13 04:00:00,2019,2,5,14740,14.32,HOEP (Legacy)
2019-02-13 05:00:00,2019,2,6,15360,12.94,HOEP (Legacy)
2019-02-13 06:00:00,2019,2,7,16566,15.48,HOEP (Legacy)
2019-02-13 07:00:00,2019,2,8,17449,19.76,HOEP (Legacy)
2019-02-13 08:00:00,2019,2,9,17744,27.84,HOEP (Legacy)
2019-02-13 09:00:00,2019,2,10,17846,28.29,HOEP (Legacy)
2019-02-13 10:00:00,2019,2,11,17854,27.84,HOEP (Legacy)
2019-02-13 11:00:00,2019,2,12,17912,28.52,HOEP (Legacy)
2019-02-13 12:00:00,2019,2,13,17836,27.83,HOEP (Legacy)
2019-02-13 13:00:00,2019,2,14,17886,27.79,HOEP (Legacy)
2019-02-13 14:00:00,2019,2,15,17896,22.73,HOEP (Legacy)
2019-02-13 15:00:00,2019,2,16,17955,23.22,HOEP (Legacy)
2019-02-13 16:00:00,2019,2,17,18275,24.24,HOEP (Legacy)
2019-02-13 17:00:00,2019,2,18,18970,25.38,HOEP (Legacy)
2019-02-13 18:00:00,2019,2,19,19322,27.29,HOEP (Legacy)
2019-02-13 19:00:00,2019,2,20,19084,26.52,HOEP (Legacy)
2019-02-13 20:00:00,2019,2,21,18717,26.67,HOEP (Legacy)
2019-02-13 21:00:00,2019,2,22,18081,26.76,HOEP (Legacy)
2019-02-13 22:00:00,2019,2,23,17198,25.89,HOEP (Legacy)
2019-02-13 23:00:00,2019,2,24,16181,21.15,HOEP (Legacy)
2019-02-14 00:00:00,2019,2,1,15496,12.73,HOEP (Legacy)
2019-02-14 01:00:00,2019,2,2,14984,6.01,HOEP (Legacy)
2019-02-14 02:00:00,2019,2,3,14869,14.38,HOEP (Legacy)
2019-02-14 03:00:00,2019,2,4,14825,17.72,HOEP (Legacy)
2019-02-14 04:00:00,2019,2,5,15106,30.41,HOEP (Legacy)
2019-02-14 05:00:00,2019,2,6,15795,22.02,HOEP (Legacy)
2019-02-14 06:00:00,2019,2,7,16941,29.12,HOEP (Legacy)
2019-02-14 07:00:00,2019,2,8,18077,28.91,HOEP (Legacy)
2019-02-14 08:00:00,2019,2,9,18016,27.77,HOEP (Legacy)
2019-02-14 09:00:00,2019,2,10,17947,28.09,HOEP (Legacy)
2019-02-14 10:00:00,2019,2,11,17597,27.47,HOEP (Legacy)
2019-02-14 11:00:00,2019,2,12,17142,24.17,HOEP (Legacy)
2019-02-14 12:00:00,2019,2,13,16879,23.6,HOEP (Legacy)
2019-02-14 13:00:00,2019,2,14,16831,22.65,HOEP (Legacy)
2019-02-14 14:00:00,2019,2,15,16907,25.52,HOEP (Legacy)
2019-02-14 15:00:00,2019,2,16,17383,22.27,HOEP (Legacy)
2019-02-14 16:00:00,2019,2,17,17773,21.66,HOEP (Legacy)
2019-02-14 17:00:00,2019,2,18,18271,23.02,HOEP (Legacy)
2019-02-14 18:00:00,2019,2,19,18620,26.02,HOEP (Legacy)
2019-02-14 19:00:00,2019,2,20,18539,24.95,HOEP (Legacy)
2019-02-14 20:00:00,2019,2,21,18151,24.46,HOEP (Legacy)
2019-02-14 21:00:00,2019,2,22,17551,25.92,HOEP (Legacy)
2019-02-14 22:00:00,2019,2,23,16660,22.11,HOEP (Legacy)
2019-02-14 23:00:00,2019,2,24,15759,89.6,HOEP (Legacy)
2019-02-15 00:00:00,2019,2,1,14899,12.16,HOEP (Legacy)
2019-02-15 01:00:00,2019,2,2,14267,2.9,HOEP (Legacy)
2019-02-15 02:00:00,2019,2,3,14001,5.89,HOEP (Legacy)
2019-02-15 03:00:00,2019,2,4,13942,5.88,HOEP (Legacy)
2019-02-15 04:00:00,2019,2,5,14071,5.89,HOEP (Legacy)
2019-02-15 05:00:00,2019,2,6,14407,6.5,HOEP (Legacy)
2019-02-15 06:00:00,2019,2,7,15535,7.68,HOEP (Legacy)
2019-02-15 07:00:00,2019,2,8,16910,16.21,HOEP (Legacy)
2019-02-15 08:00:00,2019,2,9,17344,22.53,HOEP (Legacy)
2019-02-15 09:00:00,2019,2,10,17402,33.98,HOEP (Legacy)
2019-02-15 10:00:00,2019,2,11,17354,31.11,HOEP (Legacy)
2019-02-15 11:00:00,2019,2,12,17275,17.53,HOEP (Legacy)
2019-02-15 12:00:00,2019,2,13,17188,13.35,HOEP (Legacy)
2019-02-15 13:00:00,2019,2,14,16780,13.18,HOEP (Legacy)
2019-02-15 14:00:00,2019,2,15,16450,12.44,HOEP (Legacy)
2019-02-15 15:00:00,2019,2,16,16708,16.42,HOEP (Legacy)
2019-02-15 16:00:00,2019,2,17,17285,12.78,HOEP (Legacy)
2019-02-15 17:00:00,2019,2,18,17982,22.14,HOEP (Legacy)
2019-02-15 18:00:00,2019,2,19,18436,24.91,HOEP (Legacy)
2019-02-15 19:00:00,2019,2,20,18339,20.65,HOEP (Legacy)
2019-02-15 20:00:00,2019,2,21,18064,26.86,HOEP (Legacy)
2019-02-15 21:00:00,2019,2,22,17554,23.52,HOEP (Legacy)
2019-02-15 22:00:00,2019,2,23,16704,14.1,HOEP (Legacy)
2019-02-15 23:00:00,2019,2,24,15644,15.32,HOEP (Legacy)
2019-02-16 00:00:00,2019,2,1,14877,13.34,HOEP (Legacy)
2019-02-16 01:00:00,2019,2,2,14469,13.36,HOEP (Legacy)
2019-02-16 02:00:00,2019,2,3,14243,20.16,HOEP (Legacy)
2019-02-16 03:00:00,2019,2,4,14404,42.65,HOEP (Legacy)
2019-02-16 04:00:00,2019,2,5,14322,13.36,HOEP (Legacy)
2019-02-16 05:00:00,2019,2,6,14544,21.37,HOEP (Legacy)
2019-02-16 06:00:00,2019,2,7,14944,30.32,HOEP (Legacy)
2019-02-16 07:00:00,2019,2,8,15663,27.08,HOEP (Legacy)
2019-02-16 08:00:00,2019,2,9,16003,25.88,HOEP (Legacy)
2019-02-16 09:00:00,2019,2,10,16136,25.88,HOEP (Legacy)
2019-02-16 10:00:00,2019,2,11,16153,27.98,HOEP (Legacy)
2019-02-16 11:00:00,2019,2,12,16156,27.99,HOEP (Legacy)
2019-02-16 12:00:00,2019,2,13,15815,27.99,HOEP (Legacy)
2019-02-16 13:00:00,2019,2,14,15395,20.95,HOEP (Legacy)
2019-02-16 14:00:00,2019,2,15,15140,19.05,HOEP (Legacy)
2019-02-16 15:00:00,2019,2,16,15271,14.89,HOEP (Legacy)
2019-02-16 16:00:00,2019,2,17,16042,23.15,HOEP (Legacy)
2019-02-16 17:00:00,2019,2,18,17297,29.58,HOEP (Legacy)
2019-02-16 18:00:00,2019,2,19,17913,30.27,HOEP (Legacy)
2019-02-16 19:00:00,2019,2,20,17731,33.01,HOEP (Legacy)
2019-02-16 20:00:00,2019,2,21,17325,33.01,HOEP (Legacy)
2019-02-16 21:00:00,2019,2,22,16941,28.09,HOEP (Legacy)
2019-02-16 22:00:00,2019,2,23,16298,26.66,HOEP (Legacy)
2019-02-16 23:00:00,2019,2,24,15571,36.45,HOEP (Legacy)
2019-02-17 00:00:00,2019,2,1,15066,46.44,HOEP (Legacy)
2019-02-17 01:00:00,2019,2,2,14698,36.75,HOEP (Legacy)
2019-02-17 02:00:00,2019,2,3,14423,14.39,HOEP (Legacy)
2019-02-17 03:00:00,2019,2,4,14255,34.38,HOEP (Legacy)
2019-02-17 04:00:00,2019,2,5,14421,49.13,HOEP (Legacy)
2019-02-17 05:00:00,2019,2,6,14647,57.6,HOEP (Legacy)
2019-02-17 06:00:00,2019,2,7,15030,33.06,HOEP (Legacy)
2019-02-17 07:00:00,2019,2,8,15350,14.36,HOEP (Legacy)
2019-02-17 08:00:00,2019,2,9,15456,10.86,HOEP (Legacy)
2019-02-17 09:00:00,2019,2,10,15536,5.94,HOEP (Legacy)
2019-02-17 10:00:00,2019,2,11,15719,14.34,HOEP (Legacy)
2019-02-17 11:00:00,2019,2,12,15633,10.8,HOEP (Legacy)
2019-02-17 12:00:00,2019,2,13,15782,14.35,HOEP (Legacy)
2019-02-17 13:00:00,2019,2,14,15990,24.98,HOEP (Legacy)
2019-02-17 14:00:00,2019,2,15,16085,23.51,HOEP (Legacy)
2019-02-17 15:00:00,2019,2,16,16229,21.16,HOEP (Legacy)
2019-02-17 16:00:00,2019,2,17,16783,17.96,HOEP (Legacy)
2019-02-17 17:00:00,2019,2,18,17653,17.44,HOEP (Legacy)
2019-02-17 18:00:00,2019,2,19,17977,21.37,HOEP (Legacy)
2019-02-17 19:00:00,2019,2,20,17658,19.51,HOEP (Legacy)
2019-02-17 20:00:00,2019,2,21,17312,25.29,HOEP (Legacy)
2019-02-17 21:00:00,2019,2,22,16905,26.28,HOEP (Legacy)
2019-02-17 22:00:00,2019,2,23,16307,24.13,HOEP (Legacy)
2019-02-17 23:00:00,2019,2,24,15687,15.23,HOEP (Legacy)
2019-02-18 00:00:00,2019,2,1,15005,12.15,HOEP (Legacy)
2019-02-18 01:00:00,2019,2,2,14682,13.37,HOEP (Legacy)
2019-02-18 02:00:00,2019,2,3,14564,13.37,HOEP (Legacy)
2019-02-18 03:00:00,2019,2,4,14544,22.59,HOEP (Legacy)
2019-02-18 04:00:00,2019,2,5,14752,27.18,HOEP (Legacy)
2019-02-18 05:00:00,2019,2,6,14985,32.75,HOEP (Legacy)
2019-02-18 06:00:00,2019,2,7,15521,35.14,HOEP (Legacy)
2019-02-18 07:00:00,2019,2,8,15799,66.06,HOEP (Legacy)
2019-02-18 08:00:00,2019,2,9,16276,37.87,HOEP (Legacy)
2019-02-18 09:00:00,2019,2,10,16677,57.49,HOEP (Legacy)
2019-02-18 10:00:00,2019,2,11,16772,28.01,HOEP (Legacy)
2019-02-18 11:00:00,2019,2,12,16492,27.89,HOEP (Legacy)
2019-02-18 12:00:00,2019,2,13,15992,18.06,HOEP (Legacy)
2019-02-18 13:00:00,2019,2,14,15383,15.18,HOEP (Legacy)
2019-02-18 14:00:00,2019,2,15,15165,20.84,HOEP (Legacy)
2019-02-18 15:00:00,2019,2,16,15409,24.99,HOEP (Legacy)
2019-02-18 16:00:00,2019,2,17,16266,22.43,HOEP (Legacy)
2019-02-18 17:00:00,2019,2,18,17541,29.12,HOEP (Legacy)
2019-02-18 18:00:00,2019,2,19,18410,30.33,HOEP (Legacy)
2019-02-18 19:00:00,2019,2,20,18547,30.22,HOEP (Legacy)
2019-02-18 20:00:00,2019,2,21,18147,30.03,HOEP (Legacy)
2019-02-18 21:00:00,2019,2,22,17602,29.29,HOEP (Legacy)
2019-02-18 22:00:00,2019,2,23,16852,28.08,HOEP (Legacy)
2019-02-18 23:00:00,2019,2,24,16001,26.65,HOEP (Legacy)
2019-02-19 00:00:00,2019,2,1,15661,26.08,HOEP (Legacy)
2019-02-19 01:00:00,2019,2,2,15445,28.86,HOEP (Legacy)
2019-02-19 02:00:00,2019,2,3,15373,28.74,HOEP (Legacy)
2019-02-19 03:00:00,2019,2,4,15472,28.92,HOEP (Legacy)
2019-02-19 04:00:00,2019,2,5,15690,27.84,HOEP (Legacy)
2019-02-19 05:00:00,2019,2,6,16281,24.62,HOEP (Legacy)
2019-02-19 06:00:00,2019,2,7,17599,30.24,HOEP (Legacy)
2019-02-19 07:00:00,2019,2,8,18781,51.34,HOEP (Legacy)
2019-02-19 08:00:00,2019,2,9,18762,30.66,HOEP (Legacy)
2019-02-19 09:00:00,2019,2,10,18287,29.5,HOEP (Legacy)
2019-02-19 10:00:00,2019,2,11,17895,28.91,HOEP (Legacy)
2019-02-19 11:00:00,2019,2,12,17500,28.85,HOEP (Legacy)
2019-02-19 12:00:00,2019,2,13,17095,28.51,HOEP (Legacy)
2019-02-19 13:00:00,2019,2,14,16963,28.15,HOEP (Legacy)
2019-02-19 14:00:00,2019,2,15,16865,28.0,HOEP (Legacy)
2019-02-19 15:00:00,2019,2,16,17186,25.86,HOEP (Legacy)
2019-02-19 16:00:00,2019,2,17,17963,28.37,HOEP (Legacy)
2019-02-19 17:00:00,2019,2,18,18944,29.4,HOEP (Legacy)
2019-02-19 18:00:00,2019,2,19,19615,31.55,HOEP (Legacy)
2019-02-19 19:00:00,2019,2,20,19758,31.31,HOEP (Legacy)
2019-02-19 20:00:00,2019,2,21,19439,30.07,HOEP (Legacy)
2019-02-19 21:00:00,2019,2,22,18721,29.7,HOEP (Legacy)
2019-02-19 22:00:00,2019,2,23,17744,28.06,HOEP (Legacy)
2019-02-19 23:00:00,2019,2,24,16673,23.86,HOEP (Legacy)
2019-02-20 00:00:00,2019,2,1,16028,25.77,HOEP (Legacy)
2019-02-20 01:00:00,2019,2,2,15658,26.41,HOEP (Legacy)
2019-02-20 02:00:00,2019,2,3,15474,26.37,HOEP (Legacy)
2019-02-20 03:00:00,2019,2,4,15403,26.31,HOEP (Legacy)
2019-02-20 04:00:00,2019,2,5,15393,22.62,HOEP (Legacy)
2019-02-20 05:00:00,2019,2,6,15802,16.33,HOEP (Legacy)
2019-02-20 06:00:00,2019,2,7,17113,23.46,HOEP (Legacy)
2019-02-20 07:00:00,2019,2,8,18090,25.67,HOEP (Legacy)
2019-02-20 08:00:00,2019,2,9,18329,26.97,HOEP (Legacy)
2019-02-20 09:00:00,2019,2,10,18476,27.68,HOEP (Legacy)
2019-02-20 10:00:00,2019,2,11,18355,28.54,HOEP (Legacy)
2019-02-20 11:00:00,2019,2,12,18127,28.44,HOEP (Legacy)
2019-02-20 12:00:00,2019,2,13,17627,28.25,HOEP (Legacy)
2019-02-20 13:00:00,2019,2,14,17542,28.47,HOEP (Legacy)
2019-02-20 14:00:00,2019,2,15,17678,28.55,HOEP (Legacy)
2019-02-20 15:00:00,2019,2,16,17981,29.45,HOEP (Legacy)
2019-02-20 16:00:00,2019,2,17,18449,27.84,HOEP (Legacy)
2019-02-20 17:00:00,2019,2,18,19287,38.2,HOEP (Legacy)
2019-02-20 18:00:00,2019,2,19,19452,28.54,HOEP (Legacy)
2019-02-20 19:00:00,2019,2,20,19195,31.38,HOEP (Legacy)
2019-02-20 20:00:00,2019,2,21,18917,32.56,HOEP (Legacy)
2019-02-20 21:00:00,2019,2,22,18364,61.02,HOEP (Legacy)
2019-02-20 22:00:00,2019,2,23,17046,25.72,HOEP (Legacy)
2019-02-20 23:00:00,2019,2,24,15769,7.01,HOEP (Legacy)
2019-02-21 00:00:00,2019,2,1,15021,4.1,HOEP (Legacy)
2019-02-21 01:00:00,2019,2,2,14873,7.51,HOEP (Legacy)
2019-02-21 02:00:00,2019,2,3,14520,13.7,HOEP (Legacy)
2019-02-21 03:00:00,2019,2,4,14364,13.63,HOEP (Legacy)
2019-02-21 04:00:00,2019,2,5,14335,10.21,HOEP (Legacy)
2019-02-21 05:00:00,2019,2,6,15016,10.32,HOEP (Legacy)
2019-02-21 06:00:00,2019,2,7,16112,12.21,HOEP (Legacy)
2019-02-21 07:00:00,2019,2,8,17174,19.87,HOEP (Legacy)
2019-02-21 08:00:00,2019,2,9,17331,37.09,HOEP (Legacy)
2019-02-21 09:00:00,2019,2,10,17465,31.56,HOEP (Legacy)
2019-02-21 10:00:00,2019,2,11,17425,26.2,HOEP (Legacy)
2019-02-21 11:00:00,2019,2,12,17232,21.34,HOEP (Legacy)
2019-02-21 12:00:00,2019,2,13,16794,21.98,HOEP (Legacy)
2019-02-21 13:00:00,2019,2,14,16710,14.52,HOEP (Legacy)
2019-02-21 14:00:00,2019,2,15,16478,14.36,HOEP (Legacy)
2019-02-21 15:00:00,2019,2,16,16723,18.57,HOEP (Legacy)
2019-02-21 16:00:00,2019,2,17,17291,25.69,HOEP (Legacy)
2019-02-21 17:00:00,2019,2,18,18000,23.1,HOEP (Legacy)
2019-02-21 18:00:00,2019,2,19,18487,29.13,HOEP (Legacy)
2019-02-21 19:00:00,2019,2,20,18679,29.95,HOEP (Legacy)
2019-02-21 20:00:00,2019,2,21,18280,28.4,HOEP (Legacy)
2019-02-21 21:00:00,2019,2,22,17711,29.96,HOEP (Legacy)
2019-02-21 22:00:00,2019,2,23,16761,26.37,HOEP (Legacy)
2019-02-21 23:00:00,2019,2,24,15772,29.58,HOEP (Legacy)
2019-02-22 00:00:00,2019,2,1,14967,21.84,HOEP (Legacy)
2019-02-22 01:00:00,2019,2,2,14568,27.57,HOEP (Legacy)
2019-02-22 02:00:00,2019,2,3,14442,24.01,HOEP (Legacy)
2019-02-22 03:00:00,2019,2,4,14423,22.34,HOEP (Legacy)
2019-02-22 04:00:00,2019,2,5,14478,16.95,HOEP (Legacy)
2019-02-22 05:00:00,2019,2,6,15014,18.13,HOEP (Legacy)
2019-02-22 06:00:00,2019,2,7,16305,28.81,HOEP (Legacy)
2019-02-22 07:00:00,2019,2,8,17405,31.23,HOEP (Legacy)
2019-02-22 08:00:00,2019,2,9,17469,30.86,HOEP (Legacy)
2019-02-22 09:00:00,2019,2,10,17106,28.93,HOEP (Legacy)
2019-02-22 10:00:00,2019,2,11,16836,30.5,HOEP (Legacy)
2019-02-22 11:00:00,2019,2,12,16649,28.55,HOEP (Legacy)
2019-02-22 12:00:00,2019,2,13,16518,28.51,HOEP (Legacy)
2019-02-22 13:00:00,2019,2,14,16506,28.58,HOEP (Legacy)
2019-02-22 14:00:00,2019,2,15,16575,27.47,HOEP (Legacy)
2019-02-22 15:00:00,2019,2,16,16589,24.51,HOEP (Legacy)
2019-02-22 16:00:00,2019,2,17,17064,28.06,HOEP (Legacy)
2019-02-22 17:00:00,2019,2,18,17723,29.83,HOEP (Legacy)
2019-02-22 18:00:00,2019,2,19,18227,39.23,HOEP (Legacy)
2019-02-22 19:00:00,2019,2,20,18280,30.26,HOEP (Legacy)
2019-02-22 20:00:00,2019,2,21,17956,27.47,HOEP (Legacy)
2019-02-22 21:00:00,2019,2,22,17382,28.41,HOEP (Legacy)
2019-02-22 22:00:00,2019,2,23,16491,28.54,HOEP (Legacy)
2019-02-22 23:00:00,2019,2,24,15495,26.01,HOEP (Legacy)
2019-02-23 00:00:00,2019,2,1,14749,27.5,HOEP (Legacy)
2019-02-23 01:00:00,2019,2,2,14331,41.18,HOEP (Legacy)
2019-02-23 02:00:00,2019,2,3,13931,29.8,HOEP (Legacy)
2019-02-23 03:00:00,2019,2,4,13880,25.79,HOEP (Legacy)
2019-02-23 04:00:00,2019,2,5,13872,46.86,HOEP (Legacy)
2019-02-23 05:00:00,2019,2,6,14081,19.16,HOEP (Legacy)
2019-02-23 06:00:00,2019,2,7,14680,20.09,HOEP (Legacy)
2019-02-23 07:00:00,2019,2,8,15214,19.05,HOEP (Legacy)
2019-02-23 08:00:00,2019,2,9,15757,21.97,HOEP (Legacy)
2019-02-23 09:00:00,2019,2,10,16037,22.13,HOEP (Legacy)
2019-02-23 10:00:00,2019,2,11,15942,22.52,HOEP (Legacy)
2019-02-23 11:00:00,2019,2,12,15706,17.66,HOEP (Legacy)
2019-02-23 12:00:00,2019,2,13,15205,16.28,HOEP (Legacy)
2019-02-23 13:00:00,2019,2,14,14869,14.34,HOEP (Legacy)
2019-02-23 14:00:00,2019,2,15,14532,14.32,HOEP (Legacy)
2019-02-23 15:00:00,2019,2,16,14734,13.0,HOEP (Legacy)
2019-02-23 16:00:00,2019,2,17,15616,17.2,HOEP (Legacy)
2019-02-23 17:00:00,2019,2,18,16597,21.96,HOEP (Legacy)
2019-02-23 18:00:00,2019,2,19,17038,14.36,HOEP (Legacy)
2019-02-23 19:00:00,2019,2,20,16773,12.65,HOEP (Legacy)
2019-02-23 20:00:00,2019,2,21,16379,12.37,HOEP (Legacy)
2019-02-23 21:00:00,2019,2,22,15847,19.69,HOEP (Legacy)
2019-02-23 22:00:00,2019,2,23,14950,15.9,HOEP (Legacy)
2019-02-23 23:00:00,2019,2,24,14224,10.14,HOEP (Legacy)
2019-02-24 00:00:00,2019,2,1,13619,10.3,HOEP (Legacy)
2019-02-24 01:00:00,2019,2,2,13388,5.86,HOEP (Legacy)
2019-02-24 02:00:00,2019,2,3,13187,5.8,HOEP (Legacy)
2019-02-24 03:00:00,2019,2,4,13068,5.93,HOEP (Legacy)
2019-02-24 04:00:00,2019,2,5,13041,5.87,HOEP (Legacy)
2019-02-24 05:00:00,2019,2,6,13090,4.29,HOEP (Legacy)
2019-02-24 06:00:00,2019,2,7,13640,2.44,HOEP (Legacy)
2019-02-24 07:00:00,2019,2,8,14418,12.62,HOEP (Legacy)
2019-02-24 08:00:00,2019,2,9,14900,5.93,HOEP (Legacy)
2019-02-24 09:00:00,2019,2,10,15213,5.27,HOEP (Legacy)
2019-02-24 10:00:00,2019,2,11,15394,17.27,HOEP (Legacy)
2019-02-24 11:00:00,2019,2,12,15758,26.59,HOEP (Legacy)
2019-02-24 12:00:00,2019,2,13,16101,25.73,HOEP (Legacy)
2019-02-24 13:00:00,2019,2,14,16134,26.6,HOEP (Legacy)
2019-02-24 14:00:00,2019,2,15,16248,25.66,HOEP (Legacy)
2019-02-24 15:00:00,2019,2,16,16535,24.47,HOEP (Legacy)
2019-02-24 16:00:00,2019,2,17,17064,25.25,HOEP (Legacy)
2019-02-24 17:00:00,2019,2,18,17658,30.14,HOEP (Legacy)
2019-02-24 18:00:00,2019,2,19,17796,26.51,HOEP (Legacy)
2019-02-24 19:00:00,2019,2,20,17535,25.69,HOEP (Legacy)
2019-02-24 20:00:00,2019,2,21,17259,45.03,HOEP (Legacy)
2019-02-24 21:00:00,2019,2,22,16658,44.67,HOEP (Legacy)
2019-02-24 22:00:00,2019,2,23,15773,27.78,HOEP (Legacy)
2019-02-24 23:00:00,2019,2,24,14989,11.4,HOEP (Legacy)
2019-02-25 00:00:00,2019,2,1,14385,12.38,HOEP (Legacy)
2019-02-25 01:00:00,2019,2,2,13901,24.71,HOEP (Legacy)
2019-02-25 02:00:00,2019,2,3,13793,8.95,HOEP (Legacy)
2019-02-25 03:00:00,2019,2,4,13894,12.49,HOEP (Legacy)
2019-02-25 04:00:00,2019,2,5,14107,0.0,HOEP (Legacy)
2019-02-25 05:00:00,2019,2,6,14677,0.48,HOEP (Legacy)
2019-02-25 06:00:00,2019,2,7,16002,26.17,HOEP (Legacy)
2019-02-25 07:00:00,2019,2,8,17081,29.41,HOEP (Legacy)
2019-02-25 08:00:00,2019,2,9,17303,31.37,HOEP (Legacy)
2019-02-25 09:00:00,2019,2,10,17455,27.99,HOEP (Legacy)
2019-02-25 10:00:00,2019,2,11,17506,28.41,HOEP (Legacy)
2019-02-25 11:00:00,2019,2,12,17366,13.91,HOEP (Legacy)
2019-02-25 12:00:00,2019,2,13,17277,12.0,HOEP (Legacy)
2019-02-25 13:00:00,2019,2,14,17274,14.61,HOEP (Legacy)
2019-02-25 14:00:00,2019,2,15,17226,15.73,HOEP (Legacy)
2019-02-25 15:00:00,2019,2,16,17449,22.31,HOEP (Legacy)
2019-02-25 16:00:00,2019,2,17,18146,31.49,HOEP (Legacy)
2019-02-25 17:00:00,2019,2,18,19088,39.05,HOEP (Legacy)
2019-02-25 18:00:00,2019,2,19,19438,37.9,HOEP (Legacy)
2019-02-25 19:00:00,2019,2,20,19505,40.55,HOEP (Legacy)
2019-02-25 20:00:00,2019,2,21,19242,40.54,HOEP (Legacy)
2019-02-25 21:00:00,2019,2,22,18579,31.59,HOEP (Legacy)
2019-02-25 22:00:00,2019,2,23,17353,27.88,HOEP (Legacy)
2019-02-25 23:00:00,2019,2,24,16312,22.39,HOEP (Legacy)
2019-02-26 00:00:00,2019,2,1,15757,29.45,HOEP (Legacy)
2019-02-26 01:00:00,2019,2,2,15303,28.96,HOEP (Legacy)
2019-02-26 02:00:00,2019,2,3,15284,28.97,HOEP (Legacy)
2019-02-26 03:00:00,2019,2,4,15269,28.98,HOEP (Legacy)
2019-02-26 04:00:00,2019,2,5,15391,29.98,HOEP (Legacy)
2019-02-26 05:00:00,2019,2,6,16007,32.02,HOEP (Legacy)
2019-02-26 06:00:00,2019,2,7,17354,35.81,HOEP (Legacy)
2019-02-26 07:00:00,2019,2,8,18397,87.76,HOEP (Legacy)
2019-02-26 08:00:00,2019,2,9,18350,35.02,HOEP (Legacy)
2019-02-26 09:00:00,2019,2,10,17794,33.24,HOEP (Legacy)
2019-02-26 10:00:00,2019,2,11,17445,33.16,HOEP (Legacy)
2019-02-26 11:00:00,2019,2,12,17392,33.16,HOEP (Legacy)
2019-02-26 12:00:00,2019,2,13,17220,32.43,HOEP (Legacy)
2019-02-26 13:00:00,2019,2,14,17065,32.21,HOEP (Legacy)
2019-02-26 14:00:00,2019,2,15,17023,29.09,HOEP (Legacy)
2019-02-26 15:00:00,2019,2,16,17261,30.59,HOEP (Legacy)
2019-02-26 16:00:00,2019,2,17,18470,30.47,HOEP (Legacy)
2019-02-26 17:00:00,2019,2,18,19401,46.63,HOEP (Legacy)
2019-02-26 18:00:00,2019,2,19,19879,63.99,HOEP (Legacy)
2019-02-26 19:00:00,2019,2,20,19945,57.36,HOEP (Legacy)
2019-02-26 20:00:00,2019,2,21,19661,40.3,HOEP (Legacy)
2019-02-26 21:00:00,2019,2,22,19018,37.11,HOEP (Legacy)
2019-02-26 22:00:00,2019,2,23,17882,31.42,HOEP (Legacy)
2019-02-26 23:00:00,2019,2,24,16956,30.45,HOEP (Legacy)
2019-02-27 00:00:00,2019,2,1,16318,39.51,HOEP (Legacy)
2019-02-27 01:00:00,2019,2,2,15941,32.43,HOEP (Legacy)
2019-02-27 02:00:00,2019,2,3,15567,25.05,HOEP (Legacy)
2019-02-27 03:00:00,2019,2,4,15361,24.17,HOEP (Legacy)
2019-02-27 04:00:00,2019,2,5,15642,24.71,HOEP (Legacy)
2019-02-27 05:00:00,2019,2,6,16385,32.3,HOEP (Legacy)
2019-02-27 06:00:00,2019,2,7,17693,33.25,HOEP (Legacy)
2019-02-27 07:00:00,2019,2,8,18678,36.95,HOEP (Legacy)
2019-02-27 08:00:00,2019,2,9,18772,34.93,HOEP (Legacy)
2019-02-27 09:00:00,2019,2,10,18927,33.57,HOEP (Legacy)
2019-02-27 10:00:00,2019,2,11,19174,34.2,HOEP (Legacy)
2019-02-27 11:00:00,2019,2,12,19132,35.21,HOEP (Legacy)
2019-02-27 12:00:00,2019,2,13,19364,46.9,HOEP (Legacy)
2019-02-27 13:00:00,2019,2,14,19421,36.35,HOEP (Legacy)
2019-02-27 14:00:00,2019,2,15,19311,42.12,HOEP (Legacy)
2019-02-27 15:00:00,2019,2,16,19240,33.39,HOEP (Legacy)
2019-02-27 16:00:00,2019,2,17,19500,47.37,HOEP (Legacy)
2019-02-27 17:00:00,2019,2,18,20009,63.96,HOEP (Legacy)
2019-02-27 18:00:00,2019,2,19,20230,62.65,HOEP (Legacy)
2019-02-27 19:00:00,2019,2,20,20378,60.25,HOEP (Legacy)
2019-02-27 20:00:00,2019,2,21,19885,37.26,HOEP (Legacy)
2019-02-27 21:00:00,2019,2,22,19093,35.47,HOEP (Legacy)
2019-02-27 22:00:00,2019,2,23,18083,33.03,HOEP (Legacy)
2019-02-27 23:00:00,2019,2,24,17143,32.22,HOEP (Legacy)
2019-02-28 00:00:00,2019,2,1,16416,30.85,HOEP (Legacy)
2019-02-28 01:00:00,2019,2,2,16034,29.74,HOEP (Legacy)
2019-02-28 02:00:00,2019,2,3,15917,29.74,HOEP (Legacy)
2019-02-28 03:00:00,2019,2,4,15882,30.21,HOEP (Legacy)
2019-02-28 04:00:00,2019,2,5,16079,31.72,HOEP (Legacy)
2019-02-28 05:00:00,2019,2,6,16694,33.14,HOEP (Legacy)
2019-02-28 06:00:00,2019,2,7,18107,63.13,HOEP (Legacy)
2019-02-28 07:00:00,2019,2,8,19057,76.86,HOEP (Legacy)
2019-02-28 08:00:00,2019,2,9,18838,42.48,HOEP (Legacy)
2019-02-28 09:00:00,2019,2,10,18406,57.67,HOEP (Legacy)
2019-02-28 10:00:00,2019,2,11,17843,36.23,HOEP (Legacy)
2019-02-28 11:00:00,2019,2,12,17520,33.01,HOEP (Legacy)
2019-02-28 12:00:00,2019,2,13,17150,32.65,HOEP (Legacy)
2019-02-28 13:00:00,2019,2,14,16913,32.42,HOEP (Legacy)
2019-02-28 14:00:00,2019,2,15,16753,31.24,HOEP (Legacy)
2019-02-28 15:00:00,2019,2,16,17192,31.58,HOEP (Legacy)
2019-02-28 16:00:00,2019,2,17,18016,31.97,HOEP (Legacy)
2019-02-28 17:00:00,2019,2,18,18970,42.27,HOEP (Legacy)
2019-02-28 18:00:00,2019,2,19,19496,44.12,HOEP (Legacy)
2019-02-28 19:00:00,2019,2,20,19608,39.1,HOEP (Legacy)
2019-02-28 20:00:00,2019,2,21,19198,33.93,HOEP (Legacy)
2019-02-28 21:00:00,2019,2,22,18575,33.48,HOEP (Legacy)
2019-02-28 22:00:00,2019,2,23,17518,40.42,HOEP (Legacy)
2019-02-28 23:00:00,2019,2,24,16582,31.88,HOEP (Legacy)
2019-03-01 00:00:00,2019,3,1,15847,31.01,HOEP (Legacy)
2019-03-01 01:00:00,2019,3,2,15445,30.49,HOEP (Legacy)
2019-03-01 02:00:00,2019,3,3,15257,30.44,HOEP (Legacy)
2019-03-01 03:00:00,2019,3,4,15340,30.9,HOEP (Legacy)
2019-03-01 04:00:00,2019,3,5,15581,30.21,HOEP (Legacy)
2019-03-01 05:00:00,2019,3,6,16201,32.07,HOEP (Legacy)
2019-03-01 06:00:00,2019,3,7,17413,35.46,HOEP (Legacy)
2019-03-01 07:00:00,2019,3,8,18166,66.29,HOEP (Legacy)
2019-03-01 08:00:00,2019,3,9,17717,33.97,HOEP (Legacy)
2019-03-01 09:00:00,2019,3,10,17107,32.34,HOEP (Legacy)
2019-03-01 10:00:00,2019,3,11,16745,32.27,HOEP (Legacy)
2019-03-01 11:00:00,2019,3,12,16584,33.02,HOEP (Legacy)
2019-03-01 12:00:00,2019,3,13,16376,31.0,HOEP (Legacy)
2019-03-01 13:00:00,2019,3,14,16169,28.88,HOEP (Legacy)
2019-03-01 14:00:00,2019,3,15,15955,29.29,HOEP (Legacy)
2019-03-01 15:00:00,2019,3,16,16208,27.19,HOEP (Legacy)
2019-03-01 16:00:00,2019,3,17,16885,31.98,HOEP (Legacy)
2019-03-01 17:00:00,2019,3,18,17832,33.52,HOEP (Legacy)
2019-03-01 18:00:00,2019,3,19,18374,38.48,HOEP (Legacy)
2019-03-01 19:00:00,2019,3,20,18526,36.67,HOEP (Legacy)
2019-03-01 20:00:00,2019,3,21,18263,34.82,HOEP (Legacy)
2019-03-01 21:00:00,2019,3,22,17636,32.3,HOEP (Legacy)
2019-03-01 22:00:00,2019,3,23,16602,31.26,HOEP (Legacy)
2019-03-01 23:00:00,2019,3,24,15630,29.18,HOEP (Legacy)
2019-03-02 00:00:00,2019,3,1,14896,34.02,HOEP (Legacy)
2019-03-02 01:00:00,2019,3,2,14556,34.91,HOEP (Legacy)
2019-03-02 02:00:00,2019,3,3,14383,37.62,HOEP (Legacy)
2019-03-02 03:00:00,2019,3,4,14322,43.07,HOEP (Legacy)
2019-03-02 04:00:00,2019,3,5,14369,49.18,HOEP (Legacy)
2019-03-02 05:00:00,2019,3,6,14608,74.86,HOEP (Legacy)
2019-03-02 06:00:00,2019,3,7,15195,44.33,HOEP (Legacy)
2019-03-02 07:00:00,2019,3,8,15783,46.69,HOEP (Legacy)
2019-03-02 08:00:00,2019,3,9,16247,36.03,HOEP (Legacy)
2019-03-02 09:00:00,2019,3,10,16701,46.93,HOEP (Legacy)
2019-03-02 10:00:00,2019,3,11,17040,48.75,HOEP (Legacy)
2019-03-02 11:00:00,2019,3,12,17222,48.81,HOEP (Legacy)
2019-03-02 12:00:00,2019,3,13,17046,48.58,HOEP (Legacy)
2019-03-02 13:00:00,2019,3,14,16588,48.19,HOEP (Legacy)
2019-03-02 14:00:00,2019,3,15,16258,41.7,HOEP (Legacy)
2019-03-02 15:00:00,2019,3,16,16554,40.23,HOEP (Legacy)
2019-03-02 16:00:00,2019,3,17,16719,39.64,HOEP (Legacy)
2019-03-02 17:00:00,2019,3,18,17149,35.49,HOEP (Legacy)
2019-03-02 18:00:00,2019,3,19,17704,40.62,HOEP (Legacy)
2019-03-02 19:00:00,2019,3,20,17617,43.11,HOEP (Legacy)
2019-03-02 20:00:00,2019,3,21,17245,41.05,HOEP (Legacy)
2019-03-02 21:00:00,2019,3,22,16733,40.01,HOEP (Legacy)
2019-03-02 22:00:00,2019,3,23,16035,40.52,HOEP (Legacy)
2019-03-02 23:00:00,2019,3,24,15352,46.42,HOEP (Legacy)
2019-03-03 00:00:00,2019,3,1,14831,38.62,HOEP (Legacy)
2019-03-03 01:00:00,2019,3,2,14445,26.62,HOEP (Legacy)
2019-03-03 02:00:00,2019,3,3,14101,14.86,HOEP (Legacy)
2019-03-03 03:00:00,2019,3,4,13983,47.3,HOEP (Legacy)
2019-03-03 04:00:00,2019,3,5,14037,41.17,HOEP (Legacy)
2019-03-03 05:00:00,2019,3,6,14200,43.32,HOEP (Legacy)
2019-03-03 06:00:00,2019,3,7,14803,42.21,HOEP (Legacy)
2019-03-03 07:00:00,2019,3,8,15043,39.34,HOEP (Legacy)
2019-03-03 08:00:00,2019,3,9,15393,31.71,HOEP (Legacy)
2019-03-03 09:00:00,2019,3,10,15426,14.42,HOEP (Legacy)
2019-03-03 10:00:00,2019,3,11,15353,14.36,HOEP (Legacy)
2019-03-03 11:00:00,2019,3,12,15269,17.38,HOEP (Legacy)
2019-03-03 12:00:00,2019,3,13,15335,15.36,HOEP (Legacy)
2019-03-03 13:00:00,2019,3,14,15625,37.93,HOEP (Legacy)
2019-03-03 14:00:00,2019,3,15,15641,42.62,HOEP (Legacy)
2019-03-03 15:00:00,2019,3,16,16200,40.27,HOEP (Legacy)
2019-03-03 16:00:00,2019,3,17,16978,41.82,HOEP (Legacy)
2019-03-03 17:00:00,2019,3,18,17726,43.97,HOEP (Legacy)
2019-03-03 18:00:00,2019,3,19,18456,50.44,HOEP (Legacy)
2019-03-03 19:00:00,2019,3,20,17998,41.11,HOEP (Legacy)
2019-03-03 20:00:00,2019,3,21,17775,40.01,HOEP (Legacy)
2019-03-03 21:00:00,2019,3,22,17162,37.74,HOEP (Legacy)
2019-03-03 22:00:00,2019,3,23,16428,26.91,HOEP (Legacy)
2019-03-03 23:00:00,2019,3,24,15891,42.76,HOEP (Legacy)
2019-03-04 00:00:00,2019,3,1,15069,26.44,HOEP (Legacy)
2019-03-04 01:00:00,2019,3,2,14644,14.01,HOEP (Legacy)
2019-03-04 02:00:00,2019,3,3,14683,14.33,HOEP (Legacy)
2019-03-04 03:00:00,2019,3,4,14852,14.38,HOEP (Legacy)
2019-03-04 04:00:00,2019,3,5,15322,14.35,HOEP (Legacy)
2019-03-04 05:00:00,2019,3,6,15861,37.73,HOEP (Legacy)
2019-03-04 06:00:00,2019,3,7,17129,46.36,HOEP (Legacy)
2019-03-04 07:00:00,2019,3,8,18219,53.61,HOEP (Legacy)
2019-03-04 08:00:00,2019,3,9,18306,49.3,HOEP (Legacy)
2019-03-04 09:00:00,2019,3,10,17959,54.89,HOEP (Legacy)
2019-03-04 10:00:00,2019,3,11,17501,48.65,HOEP (Legacy)
2019-03-04 11:00:00,2019,3,12,17016,45.67,HOEP (Legacy)
2019-03-04 12:00:00,2019,3,13,16711,33.96,HOEP (Legacy)
2019-03-04 13:00:00,2019,3,14,16645,13.35,HOEP (Legacy)
2019-03-04 14:00:00,2019,3,15,16795,31.55,HOEP (Legacy)
2019-03-04 15:00:00,2019,3,16,17201,24.53,HOEP (Legacy)
2019-03-04 16:00:00,2019,3,17,17868,36.91,HOEP (Legacy)
2019-03-04 17:00:00,2019,3,18,18792,36.41,HOEP (Legacy)
2019-03-04 18:00:00,2019,3,19,19407,44.5,HOEP (Legacy)
2019-03-04 19:00:00,2019,3,20,19630,38.62,HOEP (Legacy)
2019-03-04 20:00:00,2019,3,21,19124,39.45,HOEP (Legacy)
2019-03-04 21:00:00,2019,3,22,18528,36.4,HOEP (Legacy)
2019-03-04 22:00:00,2019,3,23,17540,33.64,HOEP (Legacy)
2019-03-04 23:00:00,2019,3,24,16746,27.88,HOEP (Legacy)
2019-03-05 00:00:00,2019,3,1,16050,29.65,HOEP (Legacy)
2019-03-05 01:00:00,2019,3,2,15704,22.46,HOEP (Legacy)
2019-03-05 02:00:00,2019,3,3,15497,14.35,HOEP (Legacy)
2019-03-05 03:00:00,2019,3,4,15404,14.36,HOEP (Legacy)
2019-03-05 04:00:00,2019,3,5,15654,12.96,HOEP (Legacy)
2019-03-05 05:00:00,2019,3,6,16302,14.36,HOEP (Legacy)
2019-03-05 06:00:00,2019,3,7,17314,18.25,HOEP (Legacy)
2019-03-05 07:00:00,2019,3,8,18210,43.35,HOEP (Legacy)
2019-03-05 08:00:00,2019,3,9,18352,43.23,HOEP (Legacy)
2019-03-05 09:00:00,2019,3,10,18066,24.33,HOEP (Legacy)
2019-03-05 10:00:00,2019,3,11,17624,13.73,HOEP (Legacy)
2019-03-05 11:00:00,2019,3,12,17454,12.33,HOEP (Legacy)
2019-03-05 12:00:00,2019,3,13,17356,13.73,HOEP (Legacy)
2019-03-05 13:00:00,2019,3,14,17440,18.28,HOEP (Legacy)
2019-03-05 14:00:00,2019,3,15,17654,31.55,HOEP (Legacy)
2019-03-05 15:00:00,2019,3,16,18054,39.7,HOEP (Legacy)
2019-03-05 16:00:00,2019,3,17,18675,40.06,HOEP (Legacy)
2019-03-05 17:00:00,2019,3,18,19225,40.45,HOEP (Legacy)
2019-03-05 18:00:00,2019,3,19,19891,47.63,HOEP (Legacy)
2019-03-05 19:00:00,2019,3,20,20263,47.6,HOEP (Legacy)
2019-03-05 20:00:00,2019,3,21,19864,46.83,HOEP (Legacy)
2019-03-05 21:00:00,2019,3,22,19065,43.42,HOEP (Legacy)
2019-03-05 22:00:00,2019,3,23,17983,31.99,HOEP (Legacy)
2019-03-05 23:00:00,2019,3,24,16863,12.89,HOEP (Legacy)
2019-03-06 00:00:00,2019,3,1,16131,26.0,HOEP (Legacy)
2019-03-06 01:00:00,2019,3,2,15936,31.91,HOEP (Legacy)
2019-03-06 02:00:00,2019,3,3,15782,30.72,HOEP (Legacy)
2019-03-06 03:00:00,2019,3,4,15781,28.81,HOEP (Legacy)
2019-03-06 04:00:00,2019,3,5,16011,30.48,HOEP (Legacy)
2019-03-06 05:00:00,2019,3,6,16589,36.67,HOEP (Legacy)
2019-03-06 06:00:00,2019,3,7,17933,38.21,HOEP (Legacy)
2019-03-06 07:00:00,2019,3,8,18822,69.16,HOEP (Legacy)
2019-03-06 08:00:00,2019,3,9,18800,57.04,HOEP (Legacy)
2019-03-06 09:00:00,2019,3,10,18091,37.19,HOEP (Legacy)
2019-03-06 10:00:00,2019,3,11,17506,35.59,HOEP (Legacy)
2019-03-06 11:00:00,2019,3,12,17367,30.78,HOEP (Legacy)
2019-03-06 12:00:00,2019,3,13,17204,32.53,HOEP (Legacy)
2019-03-06 13:00:00,2019,3,14,17235,35.59,HOEP (Legacy)
2019-03-06 14:00:00,2019,3,15,17284,35.02,HOEP (Legacy)
2019-03-06 15:00:00,2019,3,16,17481,28.45,HOEP (Legacy)
2019-03-06 16:00:00,2019,3,17,18180,31.92,HOEP (Legacy)
2019-03-06 17:00:00,2019,3,18,19044,35.82,HOEP (Legacy)
2019-03-06 18:00:00,2019,3,19,19944,43.32,HOEP (Legacy)
2019-03-06 19:00:00,2019,3,20,20168,44.19,HOEP (Legacy)
2019-03-06 20:00:00,2019,3,21,19761,38.56,HOEP (Legacy)
2019-03-06 21:00:00,2019,3,22,19027,37.27,HOEP (Legacy)
2019-03-06 22:00:00,2019,3,23,17925,38.55,HOEP (Legacy)
2019-03-06 23:00:00,2019,3,24,16820,35.35,HOEP (Legacy)
2019-03-07 00:00:00,2019,3,1,16049,31.55,HOEP (Legacy)
2019-03-07 01:00:00,2019,3,2,15692,30.18,HOEP (Legacy)
2019-03-07 02:00:00,2019,3,3,15683,30.32,HOEP (Legacy)
2019-03-07 03:00:00,2019,3,4,15709,27.45,HOEP (Legacy)
2019-03-07 04:00:00,2019,3,5,15749,32.8,HOEP (Legacy)
2019-03-07 05:00:00,2019,3,6,16432,32.39,HOEP (Legacy)
2019-03-07 06:00:00,2019,3,7,17765,38.03,HOEP (Legacy)
2019-03-07 07:00:00,2019,3,8,18725,79.56,HOEP (Legacy)
2019-03-07 08:00:00,2019,3,9,18429,57.2,HOEP (Legacy)
2019-03-07 09:00:00,2019,3,10,17891,35.87,HOEP (Legacy)
2019-03-07 10:00:00,2019,3,11,17356,33.47,HOEP (Legacy)
2019-03-07 11:00:00,2019,3,12,17050,33.3,HOEP (Legacy)
2019-03-07 12:00:00,2019,3,13,16872,33.61,HOEP (Legacy)
2019-03-07 13:00:00,2019,3,14,16892,33.27,HOEP (Legacy)
2019-03-07 14:00:00,2019,3,15,16834,31.1,HOEP (Legacy)
2019-03-07 15:00:00,2019,3,16,17012,32.95,HOEP (Legacy)
2019-03-07 16:00:00,2019,3,17,17974,33.48,HOEP (Legacy)
2019-03-07 17:00:00,2019,3,18,18702,37.11,HOEP (Legacy)
2019-03-07 18:00:00,2019,3,19,19584,44.84,HOEP (Legacy)
2019-03-07 19:00:00,2019,3,20,19753,34.93,HOEP (Legacy)
2019-03-07 20:00:00,2019,3,21,19462,34.13,HOEP (Legacy)
2019-03-07 21:00:00,2019,3,22,18687,36.86,HOEP (Legacy)
2019-03-07 22:00:00,2019,3,23,17739,35.7,HOEP (Legacy)
2019-03-07 23:00:00,2019,3,24,16592,29.92,HOEP (Legacy)
2019-03-08 00:00:00,2019,3,1,15955,29.49,HOEP (Legacy)
2019-03-08 01:00:00,2019,3,2,15671,29.05,HOEP (Legacy)
2019-03-08 02:00:00,2019,3,3,15600,29.17,HOEP (Legacy)
2019-03-08 03:00:00,2019,3,4,15558,29.01,HOEP (Legacy)
2019-03-08 04:00:00,2019,3,5,15761,32.63,HOEP (Legacy)
2019-03-08 05:00:00,2019,3,6,16396,32.21,HOEP (Legacy)
2019-03-08 06:00:00,2019,3,7,17563,36.9,HOEP (Legacy)
2019-03-08 07:00:00,2019,3,8,18246,34.69,HOEP (Legacy)
2019-03-08 08:00:00,2019,3,9,17960,33.37,HOEP (Legacy)
2019-03-08 09:00:00,2019,3,10,17390,43.99,HOEP (Legacy)
2019-03-08 10:00:00,2019,3,11,16969,42.4,HOEP (Legacy)
2019-03-08 11:00:00,2019,3,12,16711,34.4,HOEP (Legacy)
2019-03-08 12:00:00,2019,3,13,16457,33.29,HOEP (Legacy)
2019-03-08 13:00:00,2019,3,14,16238,32.7,HOEP (Legacy)
2019-03-08 14:00:00,2019,3,15,16028,32.53,HOEP (Legacy)
2019-03-08 15:00:00,2019,3,16,16062,29.64,HOEP (Legacy)
2019-03-08 16:00:00,2019,3,17,16710,29.92,HOEP (Legacy)
2019-03-08 17:00:00,2019,3,18,17493,35.18,HOEP (Legacy)
2019-03-08 18:00:00,2019,3,19,18261,48.0,HOEP (Legacy)
2019-03-08 19:00:00,2019,3,20,18683,54.01,HOEP (Legacy)
2019-03-08 20:00:00,2019,3,21,18366,43.36,HOEP (Legacy)
2019-03-08 21:00:00,2019,3,22,17693,34.47,HOEP (Legacy)
2019-03-08 22:00:00,2019,3,23,16840,35.54,HOEP (Legacy)
2019-03-08 23:00:00,2019,3,24,15895,31.96,HOEP (Legacy)
2019-03-09 00:00:00,2019,3,1,15294,33.3,HOEP (Legacy)
2019-03-09 01:00:00,2019,3,2,14913,31.73,HOEP (Legacy)
2019-03-09 02:00:00,2019,3,3,14761,31.92,HOEP (Legacy)
2019-03-09 03:00:00,2019,3,4,14777,30.51,HOEP (Legacy)
2019-03-09 04:00:00,2019,3,5,14771,30.29,HOEP (Legacy)
2019-03-09 05:00:00,2019,3,6,15049,29.37,HOEP (Legacy)
2019-03-09 06:00:00,2019,3,7,15619,30.21,HOEP (Legacy)
2019-03-09 07:00:00,2019,3,8,15687,27.8,HOEP (Legacy)
2019-03-09 08:00:00,2019,3,9,15464,26.21,HOEP (Legacy)
2019-03-09 09:00:00,2019,3,10,15098,17.58,HOEP (Legacy)
2019-03-09 10:00:00,2019,3,11,14805,14.77,HOEP (Legacy)
2019-03-09 11:00:00,2019,3,12,14624,27.59,HOEP (Legacy)
2019-03-09 12:00:00,2019,3,13,14656,28.26,HOEP (Legacy)
2019-03-09 13:00:00,2019,3,14,14443,25.53,HOEP (Legacy)
2019-03-09 14:00:00,2019,3,15,14320,28.33,HOEP (Legacy)
2019-03-09 15:00:00,2019,3,16,14500,23.61,HOEP (Legacy)
2019-03-09 16:00:00,2019,3,17,15114,27.22,HOEP (Legacy)
2019-03-09 17:00:00,2019,3,18,16100,24.48,HOEP (Legacy)
2019-03-09 18:00:00,2019,3,19,17003,26.39,HOEP (Legacy)
2019-03-09 19:00:00,2019,3,20,16860,23.88,HOEP (Legacy)
2019-03-09 20:00:00,2019,3,21,16454,25.39,HOEP (Legacy)
2019-03-09 21:00:00,2019,3,22,15954,24.34,HOEP (Legacy)
2019-03-09 22:00:00,2019,3,23,15441,20.26,HOEP (Legacy)
2019-03-09 23:00:00,2019,3,24,14701,15.12,HOEP (Legacy)
2019-03-10 00:00:00,2019,3,1,14242,16.09,HOEP (Legacy)
2019-03-10 01:00:00,2019,3,2,13931,56.66,HOEP (Legacy)
2019-03-10 02:00:00,2019,3,3,13774,47.54,HOEP (Legacy)
2019-03-10 03:00:00,2019,3,4,13625,5.21,HOEP (Legacy)
2019-03-10 04:00:00,2019,3,5,13507,13.33,HOEP (Legacy)
2019-03-10 05:00:00,2019,3,6,13673,9.77,HOEP (Legacy)
2019-03-10 06:00:00,2019,3,7,14048,15.27,HOEP (Legacy)
2019-03-10 07:00:00,2019,3,8,14794,38.23,HOEP (Legacy)
2019-03-10 08:00:00,2019,3,9,15326,54.4,HOEP (Legacy)
2019-03-10 09:00:00,2019,3,10,15782,59.61,HOEP (Legacy)
2019-03-10 10:00:00,2019,3,11,16097,156.03,HOEP (Legacy)
2019-03-10 11:00:00,2019,3,12,16240,64.58,HOEP (Legacy)
2019-03-10 12:00:00,2019,3,13,16288,15.21,HOEP (Legacy)
2019-03-10 13:00:00,2019,3,14,16282,20.74,HOEP (Legacy)
2019-03-10 14:00:00,2019,3,15,16454,31.84,HOEP (Legacy)
2019-03-10 15:00:00,2019,3,16,16841,45.0,HOEP (Legacy)
2019-03-10 16:00:00,2019,3,17,17111,27.34,HOEP (Legacy)
2019-03-10 17:00:00,2019,3,18,17111,20.9,HOEP (Legacy)
2019-03-10 18:00:00,2019,3,19,17256,13.36,HOEP (Legacy)
2019-03-10 19:00:00,2019,3,20,16759,10.97,HOEP (Legacy)
2019-03-10 20:00:00,2019,3,21,16241,13.36,HOEP (Legacy)
2019-03-10 21:00:00,2019,3,22,15592,24.45,HOEP (Legacy)
2019-03-10 22:00:00,2019,3,23,14813,54.94,HOEP (Legacy)
2019-03-10 23:00:00,2019,3,24,14215,16.62,HOEP (Legacy)
2019-03-11 00:00:00,2019,3,1,13803,13.37,HOEP (Legacy)
2019-03-11 01:00:00,2019,3,2,13652,7.02,HOEP (Legacy)
2019-03-11 02:00:00,2019,3,3,13602,12.23,HOEP (Legacy)
2019-03-11 03:00:00,2019,3,4,13725,13.56,HOEP (Legacy)
2019-03-11 04:00:00,2019,3,5,14351,5.15,HOEP (Legacy)
2019-03-11 05:00:00,2019,3,6,15393,4.95,HOEP (Legacy)
2019-03-11 06:00:00,2019,3,7,16302,29.04,HOEP (Legacy)
2019-03-11 07:00:00,2019,3,8,16953,31.11,HOEP (Legacy)
2019-03-11 08:00:00,2019,3,9,17125,30.83,HOEP (Legacy)
2019-03-11 09:00:00,2019,3,10,16998,31.9,HOEP (Legacy)
2019-03-11 10:00:00,2019,3,11,17083,31.9,HOEP (Legacy)
2019-03-11 11:00:00,2019,3,12,16924,31.79,HOEP (Legacy)
2019-03-11 12:00:00,2019,3,13,16856,30.64,HOEP (Legacy)
2019-03-11 13:00:00,2019,3,14,16725,30.71,HOEP (Legacy)
2019-03-11 14:00:00,2019,3,15,16603,25.82,HOEP (Legacy)
2019-03-11 15:00:00,2019,3,16,16879,25.04,HOEP (Legacy)
2019-03-11 16:00:00,2019,3,17,17416,27.3,HOEP (Legacy)
2019-03-11 17:00:00,2019,3,18,17594,30.0,HOEP (Legacy)
2019-03-11 18:00:00,2019,3,19,18132,59.42,HOEP (Legacy)
2019-03-11 19:00:00,2019,3,20,18295,41.34,HOEP (Legacy)
2019-03-11 20:00:00,2019,3,21,17415,27.13,HOEP (Legacy)
2019-03-11 21:00:00,2019,3,22,16450,19.25,HOEP (Legacy)
2019-03-11 22:00:00,2019,3,23,15492,18.35,HOEP (Legacy)
2019-03-11 23:00:00,2019,3,24,14691,17.71,HOEP (Legacy)
2019-03-12 00:00:00,2019,3,1,14249,17.14,HOEP (Legacy)
2019-03-12 01:00:00,2019,3,2,14115,17.66,HOEP (Legacy)
2019-03-12 02:00:00,2019,3,3,14033,19.49,HOEP (Legacy)
2019-03-12 03:00:00,2019,3,4,14073,18.0,HOEP (Legacy)
2019-03-12 04:00:00,2019,3,5,14663,24.59,HOEP (Legacy)
2019-03-12 05:00:00,2019,3,6,15794,28.95,HOEP (Legacy)
2019-03-12 06:00:00,2019,3,7,17202,42.72,HOEP (Legacy)
2019-03-12 07:00:00,2019,3,8,17505,44.15,HOEP (Legacy)
2019-03-12 08:00:00,2019,3,9,17057,41.78,HOEP (Legacy)
2019-03-12 09:00:00,2019,3,10,16384,35.36,HOEP (Legacy)
2019-03-12 10:00:00,2019,3,11,15788,30.63,HOEP (Legacy)
2019-03-12 11:00:00,2019,3,12,15431,28.18,HOEP (Legacy)
2019-03-12 12:00:00,2019,3,13,15032,27.39,HOEP (Legacy)
2019-03-12 13:00:00,2019,3,14,14727,26.17,HOEP (Legacy)
2019-03-12 14:00:00,2019,3,15,14830,23.43,HOEP (Legacy)
2019-03-12 15:00:00,2019,3,16,14959,26.15,HOEP (Legacy)
2019-03-12 16:00:00,2019,3,17,15655,24.84,HOEP (Legacy)
2019-03-12 17:00:00,2019,3,18,16258,25.96,HOEP (Legacy)
2019-03-12 18:00:00,2019,3,19,17067,25.63,HOEP (Legacy)
2019-03-12 19:00:00,2019,3,20,17519,26.89,HOEP (Legacy)
2019-03-12 20:00:00,2019,3,21,16935,27.29,HOEP (Legacy)
2019-03-12 21:00:00,2019,3,22,15978,26.93,HOEP (Legacy)
2019-03-12 22:00:00,2019,3,23,15054,26.04,HOEP (Legacy)
2019-03-12 23:00:00,2019,3,24,14348,24.65,HOEP (Legacy)
2019-03-13 00:00:00,2019,3,1,13969,16.22,HOEP (Legacy)
2019-03-13 01:00:00,2019,3,2,13717,13.35,HOEP (Legacy)
2019-03-13 02:00:00,2019,3,3,13658,12.08,HOEP (Legacy)
2019-03-13 03:00:00,2019,3,4,13703,13.96,HOEP (Legacy)
2019-03-13 04:00:00,2019,3,5,14430,16.65,HOEP (Legacy)
2019-03-13 05:00:00,2019,3,6,15651,13.77,HOEP (Legacy)
2019-03-13 06:00:00,2019,3,7,16684,28.86,HOEP (Legacy)
2019-03-13 07:00:00,2019,3,8,16979,29.87,HOEP (Legacy)
2019-03-13 08:00:00,2019,3,9,16926,29.07,HOEP (Legacy)
2019-03-13 09:00:00,2019,3,10,17044,28.7,HOEP (Legacy)
2019-03-13 10:00:00,2019,3,11,17103,31.45,HOEP (Legacy)
2019-03-13 11:00:00,2019,3,12,16944,28.71,HOEP (Legacy)
2019-03-13 12:00:00,2019,3,13,16919,28.69,HOEP (Legacy)
2019-03-13 13:00:00,2019,3,14,16822,28.6,HOEP (Legacy)
2019-03-13 14:00:00,2019,3,15,16937,29.96,HOEP (Legacy)
2019-03-13 15:00:00,2019,3,16,17261,80.93,HOEP (Legacy)
2019-03-13 16:00:00,2019,3,17,17445,42.19,HOEP (Legacy)
2019-03-13 17:00:00,2019,3,18,17413,28.88,HOEP (Legacy)
2019-03-13 18:00:00,2019,3,19,17815,27.24,HOEP (Legacy)
2019-03-13 19:00:00,2019,3,20,17685,27.24,HOEP (Legacy)
2019-03-13 20:00:00,2019,3,21,16990,23.21,HOEP (Legacy)
2019-03-13 21:00:00,2019,3,22,15967,22.9,HOEP (Legacy)
2019-03-13 22:00:00,2019,3,23,14915,14.26,HOEP (Legacy)
2019-03-13 23:00:00,2019,3,24,14105,10.97,HOEP (Legacy)
2019-03-14 00:00:00,2019,3,1,13640,14.35,HOEP (Legacy)
2019-03-14 01:00:00,2019,3,2,13369,12.37,HOEP (Legacy)
2019-03-14 02:00:00,2019,3,3,13297,13.07,HOEP (Legacy)
2019-03-14 03:00:00,2019,3,4,13311,1.84,HOEP (Legacy)
2019-03-14 04:00:00,2019,3,5,13888,3.99,HOEP (Legacy)
2019-03-14 05:00:00,2019,3,6,14918,2.34,HOEP (Legacy)
2019-03-14 06:00:00,2019,3,7,16020,19.93,HOEP (Legacy)
2019-03-14 07:00:00,2019,3,8,16342,13.34,HOEP (Legacy)
2019-03-14 08:00:00,2019,3,9,16266,9.1,HOEP (Legacy)
2019-03-14 09:00:00,2019,3,10,16070,15.14,HOEP (Legacy)
2019-03-14 10:00:00,2019,3,11,16060,19.83,HOEP (Legacy)
2019-03-14 11:00:00,2019,3,12,15981,13.36,HOEP (Legacy)
2019-03-14 12:00:00,2019,3,13,16111,19.51,HOEP (Legacy)
2019-03-14 13:00:00,2019,3,14,16137,27.79,HOEP (Legacy)
2019-03-14 14:00:00,2019,3,15,16328,98.76,HOEP (Legacy)
2019-03-14 15:00:00,2019,3,16,16327,18.44,HOEP (Legacy)
2019-03-14 16:00:00,2019,3,17,16449,6.62,HOEP (Legacy)
2019-03-14 17:00:00,2019,3,18,16629,13.35,HOEP (Legacy)
2019-03-14 18:00:00,2019,3,19,17115,24.66,HOEP (Legacy)
2019-03-14 19:00:00,2019,3,20,16936,16.84,HOEP (Legacy)
2019-03-14 20:00:00,2019,3,21,16314,18.06,HOEP (Legacy)
2019-03-14 21:00:00,2019,3,22,15405,12.48,HOEP (Legacy)
2019-03-14 22:00:00,2019,3,23,14499,3.79,HOEP (Legacy)
2019-03-14 23:00:00,2019,3,24,13590,1.35,HOEP (Legacy)
2019-03-15 00:00:00,2019,3,1,12940,0.0,HOEP (Legacy)
2019-03-15 01:00:00,2019,3,2,12780,0.0,HOEP (Legacy)
2019-03-15 02:00:00,2019,3,3,12652,0.0,HOEP (Legacy)
2019-03-15 03:00:00,2019,3,4,12724,6.18,HOEP (Legacy)
2019-03-15 04:00:00,2019,3,5,13313,3.58,HOEP (Legacy)
2019-03-15 05:00:00,2019,3,6,14467,6.7,HOEP (Legacy)
2019-03-15 06:00:00,2019,3,7,15418,9.1,HOEP (Legacy)
2019-03-15 07:00:00,2019,3,8,15880,12.73,HOEP (Legacy)
2019-03-15 08:00:00,2019,3,9,16069,16.21,HOEP (Legacy)
2019-03-15 09:00:00,2019,3,10,16273,50.18,HOEP (Legacy)
2019-03-15 10:00:00,2019,3,11,16284,21.33,HOEP (Legacy)
2019-03-15 11:00:00,2019,3,12,16107,13.35,HOEP (Legacy)
2019-03-15 12:00:00,2019,3,13,16170,24.8,HOEP (Legacy)
2019-03-15 13:00:00,2019,3,14,16115,14.63,HOEP (Legacy)
2019-03-15 14:00:00,2019,3,15,16064,13.35,HOEP (Legacy)
2019-03-15 15:00:00,2019,3,16,16182,12.17,HOEP (Legacy)
2019-03-15 16:00:00,2019,3,17,16457,22.04,HOEP (Legacy)
2019-03-15 17:00:00,2019,3,18,16764,38.5,HOEP (Legacy)
2019-03-15 18:00:00,2019,3,19,17161,71.13,HOEP (Legacy)
2019-03-15 19:00:00,2019,3,20,16957,13.36,HOEP (Legacy)
2019-03-15 20:00:00,2019,3,21,16428,11.95,HOEP (Legacy)
2019-03-15 21:00:00,2019,3,22,15478,9.21,HOEP (Legacy)
2019-03-15 22:00:00,2019,3,23,14501,7.74,HOEP (Legacy)
2019-03-15 23:00:00,2019,3,24,13809,13.35,HOEP (Legacy)
2019-03-16 00:00:00,2019,3,1,13342,20.12,HOEP (Legacy)
2019-03-16 01:00:00,2019,3,2,13078,13.38,HOEP (Legacy)
2019-03-16 02:00:00,2019,3,3,13082,13.36,HOEP (Legacy)
2019-03-16 03:00:00,2019,3,4,13005,13.34,HOEP (Legacy)
2019-03-16 04:00:00,2019,3,5,13375,10.9,HOEP (Legacy)
2019-03-16 05:00:00,2019,3,6,13849,12.15,HOEP (Legacy)
2019-03-16 06:00:00,2019,3,7,14325,14.42,HOEP (Legacy)
2019-03-16 07:00:00,2019,3,8,14940,41.67,HOEP (Legacy)
2019-03-16 08:00:00,2019,3,9,15487,23.58,HOEP (Legacy)
2019-03-16 09:00:00,2019,3,10,15355,10.13,HOEP (Legacy)
2019-03-16 10:00:00,2019,3,11,14831,3.58,HOEP (Legacy)
2019-03-16 11:00:00,2019,3,12,14753,10.9,HOEP (Legacy)
2019-03-16 12:00:00,2019,3,13,14754,15.36,HOEP (Legacy)
2019-03-16 13:00:00,2019,3,14,14753,26.45,HOEP (Legacy)
2019-03-16 14:00:00,2019,3,15,14720,19.42,HOEP (Legacy)
2019-03-16 15:00:00,2019,3,16,15267,22.76,HOEP (Legacy)
2019-03-16 16:00:00,2019,3,17,15793,25.93,HOEP (Legacy)
2019-03-16 17:00:00,2019,3,18,16216,28.99,HOEP (Legacy)
2019-03-16 18:00:00,2019,3,19,16739,25.76,HOEP (Legacy)
2019-03-16 19:00:00,2019,3,20,16637,27.15,HOEP (Legacy)
2019-03-16 20:00:00,2019,3,21,16159,27.06,HOEP (Legacy)
2019-03-16 21:00:00,2019,3,22,15548,25.19,HOEP (Legacy)
2019-03-16 22:00:00,2019,3,23,14825,26.3,HOEP (Legacy)
2019-03-16 23:00:00,2019,3,24,14218,18.88,HOEP (Legacy)
2019-03-17 00:00:00,2019,3,1,13853,24.82,HOEP (Legacy)
2019-03-17 01:00:00,2019,3,2,13636,22.06,HOEP (Legacy)
2019-03-17 02:00:00,2019,3,3,13526,22.94,HOEP (Legacy)
2019-03-17 03:00:00,2019,3,4,13517,25.86,HOEP (Legacy)
2019-03-17 04:00:00,2019,3,5,13810,57.99,HOEP (Legacy)
2019-03-17 05:00:00,2019,3,6,14248,58.43,HOEP (Legacy)
2019-03-17 06:00:00,2019,3,7,14625,40.68,HOEP (Legacy)
2019-03-17 07:00:00,2019,3,8,14880,28.23,HOEP (Legacy)
2019-03-17 08:00:00,2019,3,9,14809,23.4,HOEP (Legacy)
2019-03-17 09:00:00,2019,3,10,14539,24.27,HOEP (Legacy)
2019-03-17 10:00:00,2019,3,11,14470,21.25,HOEP (Legacy)
2019-03-17 11:00:00,2019,3,12,14307,19.67,HOEP (Legacy)
2019-03-17 12:00:00,2019,3,13,14121,13.99,HOEP (Legacy)
2019-03-17 13:00:00,2019,3,14,13965,19.04,HOEP (Legacy)
2019-03-17 14:00:00,2019,3,15,14308,26.26,HOEP (Legacy)
2019-03-17 15:00:00,2019,3,16,15093,28.37,HOEP (Legacy)
2019-03-17 16:00:00,2019,3,17,15672,27.67,HOEP (Legacy)
2019-03-17 17:00:00,2019,3,18,16123,24.42,HOEP (Legacy)
2019-03-17 18:00:00,2019,3,19,16739,27.08,HOEP (Legacy)
2019-03-17 19:00:00,2019,3,20,16989,28.18,HOEP (Legacy)
2019-03-17 20:00:00,2019,3,21,16551,26.79,HOEP (Legacy)
2019-03-17 21:00:00,2019,3,22,15619,27.73,HOEP (Legacy)
2019-03-17 22:00:00,2019,3,23,14834,27.63,HOEP (Legacy)
2019-03-17 23:00:00,2019,3,24,14168,27.66,HOEP (Legacy)
2019-03-18 00:00:00,2019,3,1,13822,26.38,HOEP (Legacy)
2019-03-18 01:00:00,2019,3,2,13835,33.04,HOEP (Legacy)
2019-03-18 02:00:00,2019,3,3,13931,31.69,HOEP (Legacy)
2019-03-18 03:00:00,2019,3,4,14151,21.08,HOEP (Legacy)
2019-03-18 04:00:00,2019,3,5,14718,26.13,HOEP (Legacy)
2019-03-18 05:00:00,2019,3,6,16048,33.62,HOEP (Legacy)
2019-03-18 06:00:00,2019,3,7,17456,82.28,HOEP (Legacy)
2019-03-18 07:00:00,2019,3,8,17257,30.88,HOEP (Legacy)
2019-03-18 08:00:00,2019,3,9,16523,31.32,HOEP (Legacy)
2019-03-18 09:00:00,2019,3,10,16129,30.75,HOEP (Legacy)
2019-03-18 10:00:00,2019,3,11,15862,30.74,HOEP (Legacy)
2019-03-18 11:00:00,2019,3,12,16097,30.27,HOEP (Legacy)
2019-03-18 12:00:00,2019,3,13,15966,29.95,HOEP (Legacy)
2019-03-18 13:00:00,2019,3,14,15674,27.18,HOEP (Legacy)
2019-03-18 14:00:00,2019,3,15,15473,24.18,HOEP (Legacy)
2019-03-18 15:00:00,2019,3,16,15747,25.37,HOEP (Legacy)
2019-03-18 16:00:00,2019,3,17,16268,26.86,HOEP (Legacy)
2019-03-18 17:00:00,2019,3,18,16788,26.68,HOEP (Legacy)
2019-03-18 18:00:00,2019,3,19,17647,31.32,HOEP (Legacy)
2019-03-18 19:00:00,2019,3,20,17951,39.59,HOEP (Legacy)
2019-03-18 20:00:00,2019,3,21,17193,29.84,HOEP (Legacy)
2019-03-18 21:00:00,2019,3,22,16115,27.34,HOEP (Legacy)
2019-03-18 22:00:00,2019,3,23,15086,18.46,HOEP (Legacy)
2019-03-18 23:00:00,2019,3,24,14384,18.54,HOEP (Legacy)
2019-03-19 00:00:00,2019,3,1,14142,28.68,HOEP (Legacy)
2019-03-19 01:00:00,2019,3,2,14073,29.53,HOEP (Legacy)
2019-03-19 02:00:00,2019,3,3,14057,26.77,HOEP (Legacy)
2019-03-19 03:00:00,2019,3,4,14229,30.51,HOEP (Legacy)
2019-03-19 04:00:00,2019,3,5,14715,25.76,HOEP (Legacy)
2019-03-19 05:00:00,2019,3,6,16055,32.07,HOEP (Legacy)
2019-03-19 06:00:00,2019,3,7,17453,62.47,HOEP (Legacy)
2019-03-19 07:00:00,2019,3,8,17275,35.65,HOEP (Legacy)
2019-03-19 08:00:00,2019,3,9,16533,30.87,HOEP (Legacy)
2019-03-19 09:00:00,2019,3,10,15977,29.6,HOEP (Legacy)
2019-03-19 10:00:00,2019,3,11,15535,29.23,HOEP (Legacy)
2019-03-19 11:00:00,2019,3,12,15178,28.43,HOEP (Legacy)
2019-03-19 12:00:00,2019,3,13,15151,24.27,HOEP (Legacy)
2019-03-19 13:00:00,2019,3,14,15111,20.75,HOEP (Legacy)
2019-03-19 14:00:00,2019,3,15,15161,24.05,HOEP (Legacy)
2019-03-19 15:00:00,2019,3,16,15418,24.21,HOEP (Legacy)
2019-03-19 16:00:00,2019,3,17,16113,24.5,HOEP (Legacy)
2019-03-19 17:00:00,2019,3,18,16540,26.19,HOEP (Legacy)
2019-03-19 18:00:00,2019,3,19,17225,32.73,HOEP (Legacy)
2019-03-19 19:00:00,2019,3,20,17519,30.74,HOEP (Legacy)
2019-03-19 20:00:00,2019,3,21,17011,28.63,HOEP (Legacy)
2019-03-19 21:00:00,2019,3,22,15910,13.43,HOEP (Legacy)
2019-03-19 22:00:00,2019,3,23,14713,16.86,HOEP (Legacy)
2019-03-19 23:00:00,2019,3,24,14013,15.2,HOEP (Legacy)
2019-03-20 00:00:00,2019,3,1,13653,27.01,HOEP (Legacy)
2019-03-20 01:00:00,2019,3,2,13630,30.58,HOEP (Legacy)
2019-03-20 02:00:00,2019,3,3,13565,32.02,HOEP (Legacy)
2019-03-20 03:00:00,2019,3,4,13566,11.59,HOEP (Legacy)
2019-03-20 04:00:00,2019,3,5,14086,7.35,HOEP (Legacy)
2019-03-20 05:00:00,2019,3,6,15350,22.17,HOEP (Legacy)
2019-03-20 06:00:00,2019,3,7,16667,29.45,HOEP (Legacy)
2019-03-20 07:00:00,2019,3,8,16555,29.33,HOEP (Legacy)
2019-03-20 08:00:00,2019,3,9,15873,29.25,HOEP (Legacy)
2019-03-20 09:00:00,2019,3,10,15562,27.68,HOEP (Legacy)
2019-03-20 10:00:00,2019,3,11,15198,20.3,HOEP (Legacy)
2019-03-20 11:00:00,2019,3,12,14735,14.38,HOEP (Legacy)
2019-03-20 12:00:00,2019,3,13,14719,24.45,HOEP (Legacy)
2019-03-20 13:00:00,2019,3,14,14771,26.33,HOEP (Legacy)
2019-03-20 14:00:00,2019,3,15,14871,25.53,HOEP (Legacy)
2019-03-20 15:00:00,2019,3,16,15310,22.48,HOEP (Legacy)
2019-03-20 16:00:00,2019,3,17,16134,29.3,HOEP (Legacy)
2019-03-20 17:00:00,2019,3,18,16578,29.99,HOEP (Legacy)
2019-03-20 18:00:00,2019,3,19,17156,31.41,HOEP (Legacy)
2019-03-20 19:00:00,2019,3,20,17396,31.89,HOEP (Legacy)
2019-03-20 20:00:00,2019,3,21,16634,32.07,HOEP (Legacy)
2019-03-20 21:00:00,2019,3,22,15588,28.86,HOEP (Legacy)
2019-03-20 22:00:00,2019,3,23,14415,24.57,HOEP (Legacy)
2019-03-20 23:00:00,2019,3,24,13797,38.62,HOEP (Legacy)
2019-03-21 00:00:00,2019,3,1,13429,39.58,HOEP (Legacy)
2019-03-21 01:00:00,2019,3,2,13160,35.4,HOEP (Legacy)
2019-03-21 02:00:00,2019,3,3,13142,22.93,HOEP (Legacy)
2019-03-21 03:00:00,2019,3,4,13393,20.27,HOEP (Legacy)
2019-03-21 04:00:00,2019,3,5,13735,16.24,HOEP (Legacy)
2019-03-21 05:00:00,2019,3,6,15020,28.89,HOEP (Legacy)
2019-03-21 06:00:00,2019,3,7,16337,30.25,HOEP (Legacy)
2019-03-21 07:00:00,2019,3,8,16759,30.59,HOEP (Legacy)
2019-03-21 08:00:00,2019,3,9,16732,30.67,HOEP (Legacy)
2019-03-21 09:00:00,2019,3,10,16750,30.78,HOEP (Legacy)
2019-03-21 10:00:00,2019,3,11,16586,30.59,HOEP (Legacy)
2019-03-21 11:00:00,2019,3,12,16456,30.68,HOEP (Legacy)
2019-03-21 12:00:00,2019,3,13,16520,32.44,HOEP (Legacy)
2019-03-21 13:00:00,2019,3,14,16320,31.1,HOEP (Legacy)
2019-03-21 14:00:00,2019,3,15,16261,29.19,HOEP (Legacy)
2019-03-21 15:00:00,2019,3,16,16476,29.32,HOEP (Legacy)
2019-03-21 16:00:00,2019,3,17,16777,38.13,HOEP (Legacy)
2019-03-21 17:00:00,2019,3,18,16803,31.28,HOEP (Legacy)
2019-03-21 18:00:00,2019,3,19,17164,35.82,HOEP (Legacy)
2019-03-21 19:00:00,2019,3,20,17209,35.15,HOEP (Legacy)
2019-03-21 20:00:00,2019,3,21,16447,29.09,HOEP (Legacy)
2019-03-21 21:00:00,2019,3,22,15553,27.68,HOEP (Legacy)
2019-03-21 22:00:00,2019,3,23,14577,29.28,HOEP (Legacy)
2019-03-21 23:00:00,2019,3,24,13762,36.04,HOEP (Legacy)
2019-03-22 00:00:00,2019,3,1,13297,27.1,HOEP (Legacy)
2019-03-22 01:00:00,2019,3,2,12939,21.71,HOEP (Legacy)
2019-03-22 02:00:00,2019,3,3,12935,29.71,HOEP (Legacy)
2019-03-22 03:00:00,2019,3,4,13145,34.34,HOEP (Legacy)
2019-03-22 04:00:00,2019,3,5,13735,15.23,HOEP (Legacy)
2019-03-22 05:00:00,2019,3,6,14937,8.19,HOEP (Legacy)
2019-03-22 06:00:00,2019,3,7,16337,23.31,HOEP (Legacy)
2019-03-22 07:00:00,2019,3,8,16646,17.29,HOEP (Legacy)
2019-03-22 08:00:00,2019,3,9,16284,4.49,HOEP (Legacy)
2019-03-22 09:00:00,2019,3,10,16037,5.2,HOEP (Legacy)
2019-03-22 10:00:00,2019,3,11,15774,12.2,HOEP (Legacy)
2019-03-22 11:00:00,2019,3,12,15494,4.04,HOEP (Legacy)
2019-03-22 12:00:00,2019,3,13,15537,13.73,HOEP (Legacy)
2019-03-22 13:00:00,2019,3,14,15383,14.99,HOEP (Legacy)
2019-03-22 14:00:00,2019,3,15,15344,14.36,HOEP (Legacy)
2019-03-22 15:00:00,2019,3,16,15522,14.99,HOEP (Legacy)
2019-03-22 16:00:00,2019,3,17,15933,25.5,HOEP (Legacy)
2019-03-22 17:00:00,2019,3,18,16409,14.37,HOEP (Legacy)
2019-03-22 18:00:00,2019,3,19,17049,12.93,HOEP (Legacy)
2019-03-22 19:00:00,2019,3,20,17409,14.38,HOEP (Legacy)
2019-03-22 20:00:00,2019,3,21,16983,20.37,HOEP (Legacy)
2019-03-22 21:00:00,2019,3,22,16113,19.13,HOEP (Legacy)
2019-03-22 22:00:00,2019,3,23,15084,15.72,HOEP (Legacy)
2019-03-22 23:00:00,2019,3,24,14285,20.57,HOEP (Legacy)
2019-03-23 00:00:00,2019,3,1,13838,15.33,HOEP (Legacy)
2019-03-23 01:00:00,2019,3,2,13651,17.41,HOEP (Legacy)
2019-03-23 02:00:00,2019,3,3,13576,21.09,HOEP (Legacy)
2019-03-23 03:00:00,2019,3,4,13586,19.26,HOEP (Legacy)
2019-03-23 04:00:00,2019,3,5,13883,19.08,HOEP (Legacy)
2019-03-23 05:00:00,2019,3,6,14423,15.99,HOEP (Legacy)
2019-03-23 06:00:00,2019,3,7,14963,16.77,HOEP (Legacy)
2019-03-23 07:00:00,2019,3,8,15208,14.78,HOEP (Legacy)
2019-03-23 08:00:00,2019,3,9,14870,4.94,HOEP (Legacy)
2019-03-23 09:00:00,2019,3,10,14740,18.53,HOEP (Legacy)
2019-03-23 10:00:00,2019,3,11,14715,29.38,HOEP (Legacy)
2019-03-23 11:00:00,2019,3,12,14467,27.15,HOEP (Legacy)
2019-03-23 12:00:00,2019,3,13,14152,19.36,HOEP (Legacy)
2019-03-23 13:00:00,2019,3,14,13686,15.02,HOEP (Legacy)
2019-03-23 14:00:00,2019,3,15,13436,14.35,HOEP (Legacy)
2019-03-23 15:00:00,2019,3,16,13737,10.19,HOEP (Legacy)
2019-03-23 16:00:00,2019,3,17,14390,15.27,HOEP (Legacy)
2019-03-23 17:00:00,2019,3,18,15050,24.16,HOEP (Legacy)
2019-03-23 18:00:00,2019,3,19,15697,28.11,HOEP (Legacy)
2019-03-23 19:00:00,2019,3,20,16049,26.36,HOEP (Legacy)
2019-03-23 20:00:00,2019,3,21,15539,10.25,HOEP (Legacy)
2019-03-23 21:00:00,2019,3,22,14749,0.0,HOEP (Legacy)
2019-03-23 22:00:00,2019,3,23,14015,0.0,HOEP (Legacy)
2019-03-23 23:00:00,2019,3,24,13369,0.87,HOEP (Legacy)
2019-03-24 00:00:00,2019,3,1,12876,7.85,HOEP (Legacy)
2019-03-24 01:00:00,2019,3,2,12756,14.31,HOEP (Legacy)
2019-03-24 02:00:00,2019,3,3,12663,14.35,HOEP (Legacy)
2019-03-24 03:00:00,2019,3,4,12717,14.37,HOEP (Legacy)
2019-03-24 04:00:00,2019,3,5,12936,20.19,HOEP (Legacy)
2019-03-24 05:00:00,2019,3,6,13495,23.82,HOEP (Legacy)
2019-03-24 06:00:00,2019,3,7,13821,14.36,HOEP (Legacy)
2019-03-24 07:00:00,2019,3,8,14033,8.7,HOEP (Legacy)
2019-03-24 08:00:00,2019,3,9,14227,14.32,HOEP (Legacy)
2019-03-24 09:00:00,2019,3,10,14368,36.6,HOEP (Legacy)
2019-03-24 10:00:00,2019,3,11,14475,29.78,HOEP (Legacy)
2019-03-24 11:00:00,2019,3,12,14509,14.36,HOEP (Legacy)
2019-03-24 12:00:00,2019,3,13,14150,5.88,HOEP (Legacy)
2019-03-24 13:00:00,2019,3,14,13823,13.64,HOEP (Legacy)
2019-03-24 14:00:00,2019,3,15,13984,20.86,HOEP (Legacy)
2019-03-24 15:00:00,2019,3,16,14431,21.02,HOEP (Legacy)
2019-03-24 16:00:00,2019,3,17,15088,25.44,HOEP (Legacy)
2019-03-24 17:00:00,2019,3,18,15628,26.16,HOEP (Legacy)
2019-03-24 18:00:00,2019,3,19,16136,31.89,HOEP (Legacy)
2019-03-24 19:00:00,2019,3,20,16523,28.36,HOEP (Legacy)
2019-03-24 20:00:00,2019,3,21,16191,28.65,HOEP (Legacy)
2019-03-24 21:00:00,2019,3,22,15432,26.78,HOEP (Legacy)
2019-03-24 22:00:00,2019,3,23,14492,24.24,HOEP (Legacy)
2019-03-24 23:00:00,2019,3,24,13568,16.87,HOEP (Legacy)
2019-03-25 00:00:00,2019,3,1,13389,19.14,HOEP (Legacy)
2019-03-25 01:00:00,2019,3,2,13340,24.73,HOEP (Legacy)
2019-03-25 02:00:00,2019,3,3,13340,23.58,HOEP (Legacy)
2019-03-25 03:00:00,2019,3,4,13493,20.51,HOEP (Legacy)
2019-03-25 04:00:00,2019,3,5,14211,7.22,HOEP (Legacy)
2019-03-25 05:00:00,2019,3,6,15463,17.86,HOEP (Legacy)
2019-03-25 06:00:00,2019,3,7,16784,29.37,HOEP (Legacy)
2019-03-25 07:00:00,2019,3,8,16683,27.45,HOEP (Legacy)
2019-03-25 08:00:00,2019,3,9,15983,27.09,HOEP (Legacy)
2019-03-25 09:00:00,2019,3,10,15461,27.03,HOEP (Legacy)
2019-03-25 10:00:00,2019,3,11,15075,27.19,HOEP (Legacy)
2019-03-25 11:00:00,2019,3,12,15141,27.3,HOEP (Legacy)
2019-03-25 12:00:00,2019,3,13,15007,28.05,HOEP (Legacy)
2019-03-25 13:00:00,2019,3,14,14700,27.24,HOEP (Legacy)
2019-03-25 14:00:00,2019,3,15,14526,22.83,HOEP (Legacy)
2019-03-25 15:00:00,2019,3,16,14960,8.21,HOEP (Legacy)
2019-03-25 16:00:00,2019,3,17,15592,22.49,HOEP (Legacy)
2019-03-25 17:00:00,2019,3,18,16071,25.82,HOEP (Legacy)
2019-03-25 18:00:00,2019,3,19,16988,37.43,HOEP (Legacy)
2019-03-25 19:00:00,2019,3,20,17565,30.81,HOEP (Legacy)
2019-03-25 20:00:00,2019,3,21,17100,28.38,HOEP (Legacy)
2019-03-25 21:00:00,2019,3,22,15969,25.24,HOEP (Legacy)
2019-03-25 22:00:00,2019,3,23,14970,18.95,HOEP (Legacy)
2019-03-25 23:00:00,2019,3,24,14258,18.37,HOEP (Legacy)
2019-03-26 00:00:00,2019,3,1,14013,29.55,HOEP (Legacy)
2019-03-26 01:00:00,2019,3,2,13955,26.61,HOEP (Legacy)
2019-03-26 02:00:00,2019,3,3,13904,26.65,HOEP (Legacy)
2019-03-26 03:00:00,2019,3,4,13998,25.19,HOEP (Legacy)
2019-03-26 04:00:00,2019,3,5,14501,29.22,HOEP (Legacy)
2019-03-26 05:00:00,2019,3,6,15969,30.24,HOEP (Legacy)
2019-03-26 06:00:00,2019,3,7,17259,32.95,HOEP (Legacy)
2019-03-26 07:00:00,2019,3,8,16928,30.63,HOEP (Legacy)
2019-03-26 08:00:00,2019,3,9,16006,26.68,HOEP (Legacy)
2019-03-26 09:00:00,2019,3,10,15522,27.03,HOEP (Legacy)
2019-03-26 10:00:00,2019,3,11,15203,27.45,HOEP (Legacy)
2019-03-26 11:00:00,2019,3,12,15035,26.8,HOEP (Legacy)
2019-03-26 12:00:00,2019,3,13,14919,26.13,HOEP (Legacy)
2019-03-26 13:00:00,2019,3,14,14737,25.31,HOEP (Legacy)
2019-03-26 14:00:00,2019,3,15,14722,24.84,HOEP (Legacy)
2019-03-26 15:00:00,2019,3,16,15265,25.65,HOEP (Legacy)
2019-03-26 16:00:00,2019,3,17,15948,26.66,HOEP (Legacy)
2019-03-26 17:00:00,2019,3,18,16417,26.76,HOEP (Legacy)
2019-03-26 18:00:00,2019,3,19,17199,30.45,HOEP (Legacy)
2019-03-26 19:00:00,2019,3,20,17592,30.66,HOEP (Legacy)
2019-03-26 20:00:00,2019,3,21,17103,29.99,HOEP (Legacy)
2019-03-26 21:00:00,2019,3,22,16269,28.24,HOEP (Legacy)
2019-03-26 22:00:00,2019,3,23,14930,25.0,HOEP (Legacy)
2019-03-26 23:00:00,2019,3,24,14211,23.81,HOEP (Legacy)
2019-03-27 00:00:00,2019,3,1,13948,26.11,HOEP (Legacy)
2019-03-27 01:00:00,2019,3,2,13834,27.23,HOEP (Legacy)
2019-03-27 02:00:00,2019,3,3,13605,26.83,HOEP (Legacy)
2019-03-27 03:00:00,2019,3,4,13752,26.45,HOEP (Legacy)
2019-03-27 04:00:00,2019,3,5,14331,25.89,HOEP (Legacy)
2019-03-27 05:00:00,2019,3,6,15677,31.82,HOEP (Legacy)
2019-03-27 06:00:00,2019,3,7,16898,39.57,HOEP (Legacy)
2019-03-27 07:00:00,2019,3,8,16705,32.27,HOEP (Legacy)
2019-03-27 08:00:00,2019,3,9,15824,29.13,HOEP (Legacy)
2019-03-27 09:00:00,2019,3,10,15227,27.85,HOEP (Legacy)
2019-03-27 10:00:00,2019,3,11,14944,25.6,HOEP (Legacy)
2019-03-27 11:00:00,2019,3,12,14821,24.25,HOEP (Legacy)
2019-03-27 12:00:00,2019,3,13,14572,25.03,HOEP (Legacy)
2019-03-27 13:00:00,2019,3,14,14422,21.85,HOEP (Legacy)
2019-03-27 14:00:00,2019,3,15,14368,22.85,HOEP (Legacy)
2019-03-27 15:00:00,2019,3,16,14782,22.57,HOEP (Legacy)
2019-03-27 16:00:00,2019,3,17,15453,24.0,HOEP (Legacy)
2019-03-27 17:00:00,2019,3,18,15994,27.62,HOEP (Legacy)
2019-03-27 18:00:00,2019,3,19,16685,28.47,HOEP (Legacy)
2019-03-27 19:00:00,2019,3,20,17055,28.1,HOEP (Legacy)
2019-03-27 20:00:00,2019,3,21,16326,26.66,HOEP (Legacy)
2019-03-27 21:00:00,2019,3,22,15251,12.5,HOEP (Legacy)
2019-03-27 22:00:00,2019,3,23,14126,11.99,HOEP (Legacy)
2019-03-27 23:00:00,2019,3,24,13430,7.32,HOEP (Legacy)
2019-03-28 00:00:00,2019,3,1,12922,10.73,HOEP (Legacy)
2019-03-28 01:00:00,2019,3,2,12800,14.31,HOEP (Legacy)
2019-03-28 02:00:00,2019,3,3,12798,11.59,HOEP (Legacy)
2019-03-28 03:00:00,2019,3,4,12977,6.47,HOEP (Legacy)
2019-03-28 04:00:00,2019,3,5,13458,3.08,HOEP (Legacy)
2019-03-28 05:00:00,2019,3,6,14546,7.54,HOEP (Legacy)
2019-03-28 06:00:00,2019,3,7,15941,26.52,HOEP (Legacy)
2019-03-28 07:00:00,2019,3,8,16380,24.84,HOEP (Legacy)
2019-03-28 08:00:00,2019,3,9,16362,26.1,HOEP (Legacy)
2019-03-28 09:00:00,2019,3,10,16469,25.05,HOEP (Legacy)
2019-03-28 10:00:00,2019,3,11,16415,26.6,HOEP (Legacy)
2019-03-28 11:00:00,2019,3,12,15998,13.64,HOEP (Legacy)
2019-03-28 12:00:00,2019,3,13,15451,0.0,HOEP (Legacy)
2019-03-28 13:00:00,2019,3,14,15337,2.3,HOEP (Legacy)
2019-03-28 14:00:00,2019,3,15,15460,24.76,HOEP (Legacy)
2019-03-28 15:00:00,2019,3,16,16012,29.06,HOEP (Legacy)
2019-03-28 16:00:00,2019,3,17,16220,27.55,HOEP (Legacy)
2019-03-28 17:00:00,2019,3,18,16133,24.01,HOEP (Legacy)
2019-03-28 18:00:00,2019,3,19,16489,26.41,HOEP (Legacy)
2019-03-28 19:00:00,2019,3,20,16765,28.56,HOEP (Legacy)
2019-03-28 20:00:00,2019,3,21,16006,20.67,HOEP (Legacy)
2019-03-28 21:00:00,2019,3,22,15032,13.26,HOEP (Legacy)
2019-03-28 22:00:00,2019,3,23,13943,11.49,HOEP (Legacy)
2019-03-28 23:00:00,2019,3,24,13198,29.01,HOEP (Legacy)
2019-03-29 00:00:00,2019,3,1,12983,32.89,HOEP (Legacy)
2019-03-29 01:00:00,2019,3,2,12959,19.55,HOEP (Legacy)
2019-03-29 02:00:00,2019,3,3,12697,21.03,HOEP (Legacy)
2019-03-29 03:00:00,2019,3,4,12881,22.16,HOEP (Legacy)
2019-03-29 04:00:00,2019,3,5,13664,14.75,HOEP (Legacy)
2019-03-29 05:00:00,2019,3,6,14968,28.2,HOEP (Legacy)
2019-03-29 06:00:00,2019,3,7,16278,29.7,HOEP (Legacy)
2019-03-29 07:00:00,2019,3,8,16487,29.76,HOEP (Legacy)
2019-03-29 08:00:00,2019,3,9,15860,13.02,HOEP (Legacy)
2019-03-29 09:00:00,2019,3,10,15328,27.53,HOEP (Legacy)
2019-03-29 10:00:00,2019,3,11,14746,27.91,HOEP (Legacy)
2019-03-29 11:00:00,2019,3,12,14493,26.46,HOEP (Legacy)
2019-03-29 12:00:00,2019,3,13,14202,24.82,HOEP (Legacy)
2019-03-29 13:00:00,2019,3,14,14057,3.19,HOEP (Legacy)
2019-03-29 14:00:00,2019,3,15,13732,-0.01,HOEP (Legacy)
2019-03-29 15:00:00,2019,3,16,13976,13.78,HOEP (Legacy)
2019-03-29 16:00:00,2019,3,17,14704,22.08,HOEP (Legacy)
2019-03-29 17:00:00,2019,3,18,15154,24.18,HOEP (Legacy)
2019-03-29 18:00:00,2019,3,19,15775,28.39,HOEP (Legacy)
2019-03-29 19:00:00,2019,3,20,16171,30.12,HOEP (Legacy)
2019-03-29 20:00:00,2019,3,21,15791,29.09,HOEP (Legacy)
2019-03-29 21:00:00,2019,3,22,14993,25.34,HOEP (Legacy)
2019-03-29 22:00:00,2019,3,23,14017,18.21,HOEP (Legacy)
2019-03-29 23:00:00,2019,3,24,13185,17.0,HOEP (Legacy)
2019-03-30 00:00:00,2019,3,1,12631,9.74,HOEP (Legacy)
2019-03-30 01:00:00,2019,3,2,12308,3.32,HOEP (Legacy)
2019-03-30 02:00:00,2019,3,3,12210,8.04,HOEP (Legacy)
2019-03-30 03:00:00,2019,3,4,12250,14.35,HOEP (Legacy)
2019-03-30 04:00:00,2019,3,5,12571,19.1,HOEP (Legacy)
2019-03-30 05:00:00,2019,3,6,13289,14.36,HOEP (Legacy)
2019-03-30 06:00:00,2019,3,7,13963,9.49,HOEP (Legacy)
2019-03-30 07:00:00,2019,3,8,15046,19.65,HOEP (Legacy)
2019-03-30 08:00:00,2019,3,9,15938,39.87,HOEP (Legacy)
2019-03-30 09:00:00,2019,3,10,16347,35.63,HOEP (Legacy)
2019-03-30 10:00:00,2019,3,11,16523,35.69,HOEP (Legacy)
2019-03-30 11:00:00,2019,3,12,16467,38.28,HOEP (Legacy)
2019-03-30 12:00:00,2019,3,13,15938,14.92,HOEP (Legacy)
2019-03-30 13:00:00,2019,3,14,15596,20.06,HOEP (Legacy)
2019-03-30 14:00:00,2019,3,15,15559,10.26,HOEP (Legacy)
2019-03-30 15:00:00,2019,3,16,15683,19.88,HOEP (Legacy)
2019-03-30 16:00:00,2019,3,17,16061,25.13,HOEP (Legacy)
2019-03-30 17:00:00,2019,3,18,16055,25.65,HOEP (Legacy)
2019-03-30 18:00:00,2019,3,19,16167,17.22,HOEP (Legacy)
2019-03-30 19:00:00,2019,3,20,15855,10.85,HOEP (Legacy)
2019-03-30 20:00:00,2019,3,21,15504,12.25,HOEP (Legacy)
2019-03-30 21:00:00,2019,3,22,14968,12.37,HOEP (Legacy)
2019-03-30 22:00:00,2019,3,23,14274,10.68,HOEP (Legacy)
2019-03-30 23:00:00,2019,3,24,13650,11.54,HOEP (Legacy)
2019-03-31 00:00:00,2019,3,1,13209,9.74,HOEP (Legacy)
2019-03-31 01:00:00,2019,3,2,12861,5.86,HOEP (Legacy)
2019-03-31 02:00:00,2019,3,3,12641,5.86,HOEP (Legacy)
2019-03-31 03:00:00,2019,3,4,12791,5.93,HOEP (Legacy)
2019-03-31 04:00:00,2019,3,5,13029,9.07,HOEP (Legacy)
2019-03-31 05:00:00,2019,3,6,13460,16.18,HOEP (Legacy)
2019-03-31 06:00:00,2019,3,7,13867,21.54,HOEP (Legacy)
2019-03-31 07:00:00,2019,3,8,14661,70.18,HOEP (Legacy)
2019-03-31 08:00:00,2019,3,9,15254,93.52,HOEP (Legacy)
2019-03-31 09:00:00,2019,3,10,15345,17.47,HOEP (Legacy)
2019-03-31 10:00:00,2019,3,11,15434,13.36,HOEP (Legacy)
2019-03-31 11:00:00,2019,3,12,15419,13.34,HOEP (Legacy)
2019-03-31 12:00:00,2019,3,13,15277,7.15,HOEP (Legacy)
2019-03-31 13:00:00,2019,3,14,15084,5.91,HOEP (Legacy)
2019-03-31 14:00:00,2019,3,15,14842,13.34,HOEP (Legacy)
2019-03-31 15:00:00,2019,3,16,15225,15.27,HOEP (Legacy)
2019-03-31 16:00:00,2019,3,17,15988,24.3,HOEP (Legacy)
2019-03-31 17:00:00,2019,3,18,16320,27.54,HOEP (Legacy)
2019-03-31 18:00:00,2019,3,19,16690,41.69,HOEP (Legacy)
2019-03-31 19:00:00,2019,3,20,16892,24.06,HOEP (Legacy)
2019-03-31 20:00:00,2019,3,21,16519,28.19,HOEP (Legacy)
2019-03-31 21:00:00,2019,3,22,15698,14.63,HOEP (Legacy)
2019-03-31 22:00:00,2019,3,23,14606,13.17,HOEP (Legacy)
2019-03-31 23:00:00,2019,3,24,13861,13.96,HOEP (Legacy)
2019-04-01 00:00:00,2019,4,1,13521,15.29,HOEP (Legacy)
2019-04-01 01:00:00,2019,4,2,13406,23.09,HOEP (Legacy)
2019-04-01 02:00:00,2019,4,3,13539,27.07,HOEP (Legacy)
2019-04-01 03:00:00,2019,4,4,13788,13.64,HOEP (Legacy)
2019-04-01 04:00:00,2019,4,5,14501,16.56,HOEP (Legacy)
2019-04-01 05:00:00,2019,4,6,15899,28.56,HOEP (Legacy)
2019-04-01 06:00:00,2019,4,7,17067,29.22,HOEP (Legacy)
2019-04-01 07:00:00,2019,4,8,16990,29.27,HOEP (Legacy)
2019-04-01 08:00:00,2019,4,9,16525,29.19,HOEP (Legacy)
2019-04-01 09:00:00,2019,4,10,15924,29.23,HOEP (Legacy)
2019-04-01 10:00:00,2019,4,11,15542,29.35,HOEP (Legacy)
2019-04-01 11:00:00,2019,4,12,15326,29.98,HOEP (Legacy)
2019-04-01 12:00:00,2019,4,13,15277,27.79,HOEP (Legacy)
2019-04-01 13:00:00,2019,4,14,14952,22.56,HOEP (Legacy)
2019-04-01 14:00:00,2019,4,15,14742,21.18,HOEP (Legacy)
2019-04-01 15:00:00,2019,4,16,15042,23.47,HOEP (Legacy)
2019-04-01 16:00:00,2019,4,17,15797,20.81,HOEP (Legacy)
2019-04-01 17:00:00,2019,4,18,16147,18.33,HOEP (Legacy)
2019-04-01 18:00:00,2019,4,19,16981,49.26,HOEP (Legacy)
2019-04-01 19:00:00,2019,4,20,17645,96.75,HOEP (Legacy)
2019-04-01 20:00:00,2019,4,21,16863,39.76,HOEP (Legacy)
2019-04-01 21:00:00,2019,4,22,15707,22.02,HOEP (Legacy)
2019-04-01 22:00:00,2019,4,23,14577,13.34,HOEP (Legacy)
2019-04-01 23:00:00,2019,4,24,13786,14.36,HOEP (Legacy)
2019-04-02 00:00:00,2019,4,1,13514,27.49,HOEP (Legacy)
2019-04-02 01:00:00,2019,4,2,13393,30.62,HOEP (Legacy)
2019-04-02 02:00:00,2019,4,3,13257,22.04,HOEP (Legacy)
2019-04-02 03:00:00,2019,4,4,13325,13.34,HOEP (Legacy)
2019-04-02 04:00:00,2019,4,5,13867,6.93,HOEP (Legacy)
2019-04-02 05:00:00,2019,4,6,15162,3.8,HOEP (Legacy)
2019-04-02 06:00:00,2019,4,7,16158,26.66,HOEP (Legacy)
2019-04-02 07:00:00,2019,4,8,16322,21.44,HOEP (Legacy)
2019-04-02 08:00:00,2019,4,9,16004,26.2,HOEP (Legacy)
2019-04-02 09:00:00,2019,4,10,15657,24.8,HOEP (Legacy)
2019-04-02 10:00:00,2019,4,11,15137,17.87,HOEP (Legacy)
2019-04-02 11:00:00,2019,4,12,14793,13.97,HOEP (Legacy)
2019-04-02 12:00:00,2019,4,13,14509,4.25,HOEP (Legacy)
2019-04-02 13:00:00,2019,4,14,14589,15.65,HOEP (Legacy)
2019-04-02 14:00:00,2019,4,15,15049,27.3,HOEP (Legacy)
2019-04-02 15:00:00,2019,4,16,15621,36.48,HOEP (Legacy)
2019-04-02 16:00:00,2019,4,17,16241,33.05,HOEP (Legacy)
2019-04-02 17:00:00,2019,4,18,16236,23.48,HOEP (Legacy)
2019-04-02 18:00:00,2019,4,19,16534,23.92,HOEP (Legacy)
2019-04-02 19:00:00,2019,4,20,16627,10.44,HOEP (Legacy)
2019-04-02 20:00:00,2019,4,21,16124,11.51,HOEP (Legacy)
2019-04-02 21:00:00,2019,4,22,15005,5.72,HOEP (Legacy)
2019-04-02 22:00:00,2019,4,23,13727,1.91,HOEP (Legacy)
2019-04-02 23:00:00,2019,4,24,13047,0.43,HOEP (Legacy)
2019-04-03 00:00:00,2019,4,1,12746,0.0,HOEP (Legacy)
2019-04-03 01:00:00,2019,4,2,12561,0.0,HOEP (Legacy)
2019-04-03 02:00:00,2019,4,3,12478,7.47,HOEP (Legacy)
2019-04-03 03:00:00,2019,4,4,12602,9.72,HOEP (Legacy)
2019-04-03 04:00:00,2019,4,5,13329,4.98,HOEP (Legacy)
2019-04-03 05:00:00,2019,4,6,14589,10.82,HOEP (Legacy)
2019-04-03 06:00:00,2019,4,7,15694,14.86,HOEP (Legacy)
2019-04-03 07:00:00,2019,4,8,15674,21.9,HOEP (Legacy)
2019-04-03 08:00:00,2019,4,9,15190,13.87,HOEP (Legacy)
2019-04-03 09:00:00,2019,4,10,15000,18.04,HOEP (Legacy)
2019-04-03 10:00:00,2019,4,11,14917,16.79,HOEP (Legacy)
2019-04-03 11:00:00,2019,4,12,14957,7.57,HOEP (Legacy)
2019-04-03 12:00:00,2019,4,13,14676,12.35,HOEP (Legacy)
2019-04-03 13:00:00,2019,4,14,14458,12.24,HOEP (Legacy)
2019-04-03 14:00:00,2019,4,15,14382,2.11,HOEP (Legacy)
2019-04-03 15:00:00,2019,4,16,14729,10.01,HOEP (Legacy)
2019-04-03 16:00:00,2019,4,17,15261,8.75,HOEP (Legacy)
2019-04-03 17:00:00,2019,4,18,15644,22.07,HOEP (Legacy)
2019-04-03 18:00:00,2019,4,19,16466,61.16,HOEP (Legacy)
2019-04-03 19:00:00,2019,4,20,17347,69.41,HOEP (Legacy)
2019-04-03 20:00:00,2019,4,21,16955,101.24,HOEP (Legacy)
2019-04-03 21:00:00,2019,4,22,16061,36.67,HOEP (Legacy)
2019-04-03 22:00:00,2019,4,23,15005,50.76,HOEP (Legacy)
2019-04-03 23:00:00,2019,4,24,14035,26.86,HOEP (Legacy)
2019-04-04 00:00:00,2019,4,1,13587,27.06,HOEP (Legacy)
2019-04-04 01:00:00,2019,4,2,13388,20.6,HOEP (Legacy)
2019-04-04 02:00:00,2019,4,3,13377,14.45,HOEP (Legacy)
2019-04-04 03:00:00,2019,4,4,13428,6.66,HOEP (Legacy)
2019-04-04 04:00:00,2019,4,5,14406,15.03,HOEP (Legacy)
2019-04-04 05:00:00,2019,4,6,15745,26.58,HOEP (Legacy)
2019-04-04 06:00:00,2019,4,7,16612,29.96,HOEP (Legacy)
2019-04-04 07:00:00,2019,4,8,16466,28.06,HOEP (Legacy)
2019-04-04 08:00:00,2019,4,9,15933,29.2,HOEP (Legacy)
2019-04-04 09:00:00,2019,4,10,15614,54.46,HOEP (Legacy)
2019-04-04 10:00:00,2019,4,11,15286,28.6,HOEP (Legacy)
2019-04-04 11:00:00,2019,4,12,15059,26.31,HOEP (Legacy)
2019-04-04 12:00:00,2019,4,13,14893,25.16,HOEP (Legacy)
2019-04-04 13:00:00,2019,4,14,14687,22.87,HOEP (Legacy)
2019-04-04 14:00:00,2019,4,15,14646,23.73,HOEP (Legacy)
2019-04-04 15:00:00,2019,4,16,15059,20.72,HOEP (Legacy)
2019-04-04 16:00:00,2019,4,17,15698,28.22,HOEP (Legacy)
2019-04-04 17:00:00,2019,4,18,16270,29.03,HOEP (Legacy)
2019-04-04 18:00:00,2019,4,19,16778,41.6,HOEP (Legacy)
2019-04-04 19:00:00,2019,4,20,17332,41.36,HOEP (Legacy)
2019-04-04 20:00:00,2019,4,21,16866,28.63,HOEP (Legacy)
2019-04-04 21:00:00,2019,4,22,15754,24.1,HOEP (Legacy)
2019-04-04 22:00:00,2019,4,23,14475,16.08,HOEP (Legacy)
2019-04-04 23:00:00,2019,4,24,13981,16.62,HOEP (Legacy)
2019-04-05 00:00:00,2019,4,1,13603,16.4,HOEP (Legacy)
2019-04-05 01:00:00,2019,4,2,13379,6.22,HOEP (Legacy)
2019-04-05 02:00:00,2019,4,3,13261,22.77,HOEP (Legacy)
2019-04-05 03:00:00,2019,4,4,13523,35.93,HOEP (Legacy)
2019-04-05 04:00:00,2019,4,5,14005,5.29,HOEP (Legacy)
2019-04-05 05:00:00,2019,4,6,15279,10.27,HOEP (Legacy)
2019-04-05 06:00:00,2019,4,7,16431,29.99,HOEP (Legacy)
2019-04-05 07:00:00,2019,4,8,16484,29.96,HOEP (Legacy)
2019-04-05 08:00:00,2019,4,9,16408,29.89,HOEP (Legacy)
2019-04-05 09:00:00,2019,4,10,16488,30.31,HOEP (Legacy)
2019-04-05 10:00:00,2019,4,11,16450,29.22,HOEP (Legacy)
2019-04-05 11:00:00,2019,4,12,16361,29.2,HOEP (Legacy)
2019-04-05 12:00:00,2019,4,13,16413,29.21,HOEP (Legacy)
2019-04-05 13:00:00,2019,4,14,16446,29.49,HOEP (Legacy)
2019-04-05 14:00:00,2019,4,15,16420,29.21,HOEP (Legacy)
2019-04-05 15:00:00,2019,4,16,16562,29.65,HOEP (Legacy)
2019-04-05 16:00:00,2019,4,17,16811,49.7,HOEP (Legacy)
2019-04-05 17:00:00,2019,4,18,16690,44.54,HOEP (Legacy)
2019-04-05 18:00:00,2019,4,19,16786,30.03,HOEP (Legacy)
2019-04-05 19:00:00,2019,4,20,16788,27.43,HOEP (Legacy)
2019-04-05 20:00:00,2019,4,21,16149,33.98,HOEP (Legacy)
2019-04-05 21:00:00,2019,4,22,15270,27.98,HOEP (Legacy)
2019-04-05 22:00:00,2019,4,23,14143,23.59,HOEP (Legacy)
2019-04-05 23:00:00,2019,4,24,13350,26.86,HOEP (Legacy)
2019-04-06 00:00:00,2019,4,1,12848,17.3,HOEP (Legacy)
2019-04-06 01:00:00,2019,4,2,12654,33.87,HOEP (Legacy)
2019-04-06 02:00:00,2019,4,3,12573,33.05,HOEP (Legacy)
2019-04-06 03:00:00,2019,4,4,12578,31.49,HOEP (Legacy)
2019-04-06 04:00:00,2019,4,5,12805,25.49,HOEP (Legacy)
2019-04-06 05:00:00,2019,4,6,13349,30.02,HOEP (Legacy)
2019-04-06 06:00:00,2019,4,7,13992,25.33,HOEP (Legacy)
2019-04-06 07:00:00,2019,4,8,14694,59.66,HOEP (Legacy)
2019-04-06 08:00:00,2019,4,9,14998,86.13,HOEP (Legacy)
2019-04-06 09:00:00,2019,4,10,14554,14.38,HOEP (Legacy)
2019-04-06 10:00:00,2019,4,11,14216,20.93,HOEP (Legacy)
2019-04-06 11:00:00,2019,4,12,14013,19.27,HOEP (Legacy)
2019-04-06 12:00:00,2019,4,13,13588,28.49,HOEP (Legacy)
2019-04-06 13:00:00,2019,4,14,13252,14.84,HOEP (Legacy)
2019-04-06 14:00:00,2019,4,15,13108,14.38,HOEP (Legacy)
2019-04-06 15:00:00,2019,4,16,13395,21.62,HOEP (Legacy)
2019-04-06 16:00:00,2019,4,17,13935,16.22,HOEP (Legacy)
2019-04-06 17:00:00,2019,4,18,14253,17.88,HOEP (Legacy)
2019-04-06 18:00:00,2019,4,19,14641,25.26,HOEP (Legacy)
2019-04-06 19:00:00,2019,4,20,15079,24.15,HOEP (Legacy)
2019-04-06 20:00:00,2019,4,21,14588,23.94,HOEP (Legacy)
2019-04-06 21:00:00,2019,4,22,13910,16.51,HOEP (Legacy)
2019-04-06 22:00:00,2019,4,23,13200,7.75,HOEP (Legacy)
2019-04-06 23:00:00,2019,4,24,12654,14.5,HOEP (Legacy)
2019-04-07 00:00:00,2019,4,1,11942,17.64,HOEP (Legacy)
2019-04-07 01:00:00,2019,4,2,11740,21.55,HOEP (Legacy)
2019-04-07 02:00:00,2019,4,3,11835,9.08,HOEP (Legacy)
2019-04-07 03:00:00,2019,4,4,11999,0.39,HOEP (Legacy)
2019-04-07 04:00:00,2019,4,5,12356,0.0,HOEP (Legacy)
2019-04-07 05:00:00,2019,4,6,12701,14.35,HOEP (Legacy)
2019-04-07 06:00:00,2019,4,7,12779,12.92,HOEP (Legacy)
2019-04-07 07:00:00,2019,4,8,13195,10.81,HOEP (Legacy)
2019-04-07 08:00:00,2019,4,9,13674,14.88,HOEP (Legacy)
2019-04-07 09:00:00,2019,4,10,13934,31.09,HOEP (Legacy)
2019-04-07 10:00:00,2019,4,11,13962,23.78,HOEP (Legacy)
2019-04-07 11:00:00,2019,4,12,13609,14.9,HOEP (Legacy)
2019-04-07 12:00:00,2019,4,13,13388,14.9,HOEP (Legacy)
2019-04-07 13:00:00,2019,4,14,13296,14.36,HOEP (Legacy)
2019-04-07 14:00:00,2019,4,15,13457,13.05,HOEP (Legacy)
2019-04-07 15:00:00,2019,4,16,14088,7.87,HOEP (Legacy)
2019-04-07 16:00:00,2019,4,17,14669,14.35,HOEP (Legacy)
2019-04-07 17:00:00,2019,4,18,14697,5.92,HOEP (Legacy)
2019-04-07 18:00:00,2019,4,19,15004,5.86,HOEP (Legacy)
2019-04-07 19:00:00,2019,4,20,15256,5.84,HOEP (Legacy)
2019-04-07 20:00:00,2019,4,21,14691,13.47,HOEP (Legacy)
2019-04-07 21:00:00,2019,4,22,13898,19.56,HOEP (Legacy)
2019-04-07 22:00:00,2019,4,23,13005,8.63,HOEP (Legacy)
2019-04-07 23:00:00,2019,4,24,12394,5.49,HOEP (Legacy)
2019-04-08 00:00:00,2019,4,1,12006,1.45,HOEP (Legacy)
2019-04-08 01:00:00,2019,4,2,11925,4.24,HOEP (Legacy)
2019-04-08 02:00:00,2019,4,3,11875,13.34,HOEP (Legacy)
2019-04-08 03:00:00,2019,4,4,12035,5.47,HOEP (Legacy)
2019-04-08 04:00:00,2019,4,5,12655,0.0,HOEP (Legacy)
2019-04-08 05:00:00,2019,4,6,13994,6.44,HOEP (Legacy)
2019-04-08 06:00:00,2019,4,7,15503,25.23,HOEP (Legacy)
2019-04-08 07:00:00,2019,4,8,15952,44.89,HOEP (Legacy)
2019-04-08 08:00:00,2019,4,9,16157,73.57,HOEP (Legacy)
2019-04-08 09:00:00,2019,4,10,16114,38.6,HOEP (Legacy)
2019-04-08 10:00:00,2019,4,11,15818,21.88,HOEP (Legacy)
2019-04-08 11:00:00,2019,4,12,15730,59.89,HOEP (Legacy)
2019-04-08 12:00:00,2019,4,13,15511,29.49,HOEP (Legacy)
2019-04-08 13:00:00,2019,4,14,15271,28.86,HOEP (Legacy)
2019-04-08 14:00:00,2019,4,15,15067,28.33,HOEP (Legacy)
2019-04-08 15:00:00,2019,4,16,15236,29.65,HOEP (Legacy)
2019-04-08 16:00:00,2019,4,17,15759,34.78,HOEP (Legacy)
2019-04-08 17:00:00,2019,4,18,15876,47.11,HOEP (Legacy)
2019-04-08 18:00:00,2019,4,19,16236,35.54,HOEP (Legacy)
2019-04-08 19:00:00,2019,4,20,16534,39.12,HOEP (Legacy)
2019-04-08 20:00:00,2019,4,21,15955,45.31,HOEP (Legacy)
2019-04-08 21:00:00,2019,4,22,14686,12.82,HOEP (Legacy)
2019-04-08 22:00:00,2019,4,23,13607,5.81,HOEP (Legacy)
2019-04-08 23:00:00,2019,4,24,12829,16.64,HOEP (Legacy)
2019-04-09 00:00:00,2019,4,1,12499,18.54,HOEP (Legacy)
2019-04-09 01:00:00,2019,4,2,12294,40.52,HOEP (Legacy)
2019-04-09 02:00:00,2019,4,3,12170,22.71,HOEP (Legacy)
2019-04-09 03:00:00,2019,4,4,12373,48.92,HOEP (Legacy)
2019-04-09 04:00:00,2019,4,5,12907,13.35,HOEP (Legacy)
2019-04-09 05:00:00,2019,4,6,14035,6.52,HOEP (Legacy)
2019-04-09 06:00:00,2019,4,7,15368,5.87,HOEP (Legacy)
2019-04-09 07:00:00,2019,4,8,15600,8.4,HOEP (Legacy)
2019-04-09 08:00:00,2019,4,9,15616,13.32,HOEP (Legacy)
2019-04-09 09:00:00,2019,4,10,15669,23.35,HOEP (Legacy)
2019-04-09 10:00:00,2019,4,11,15469,78.45,HOEP (Legacy)
2019-04-09 11:00:00,2019,4,12,15274,13.83,HOEP (Legacy)
2019-04-09 12:00:00,2019,4,13,15211,21.3,HOEP (Legacy)
2019-04-09 13:00:00,2019,4,14,15249,25.95,HOEP (Legacy)
2019-04-09 14:00:00,2019,4,15,15396,29.66,HOEP (Legacy)
2019-04-09 15:00:00,2019,4,16,15743,54.92,HOEP (Legacy)
2019-04-09 16:00:00,2019,4,17,16068,82.71,HOEP (Legacy)
2019-04-09 17:00:00,2019,4,18,16238,138.6,HOEP (Legacy)
2019-04-09 18:00:00,2019,4,19,16524,52.08,HOEP (Legacy)
2019-04-09 19:00:00,2019,4,20,16727,29.48,HOEP (Legacy)
2019-04-09 20:00:00,2019,4,21,16351,30.09,HOEP (Legacy)
2019-04-09 21:00:00,2019,4,22,15316,30.19,HOEP (Legacy)
2019-04-09 22:00:00,2019,4,23,14135,28.23,HOEP (Legacy)
2019-04-09 23:00:00,2019,4,24,13310,16.51,HOEP (Legacy)
2019-04-10 00:00:00,2019,4,1,12992,19.49,HOEP (Legacy)
2019-04-10 01:00:00,2019,4,2,12831,20.62,HOEP (Legacy)
2019-04-10 02:00:00,2019,4,3,12725,18.69,HOEP (Legacy)
2019-04-10 03:00:00,2019,4,4,12982,20.5,HOEP (Legacy)
2019-04-10 04:00:00,2019,4,5,13588,20.24,HOEP (Legacy)
2019-04-10 05:00:00,2019,4,6,14888,29.37,HOEP (Legacy)
2019-04-10 06:00:00,2019,4,7,16056,42.88,HOEP (Legacy)
2019-04-10 07:00:00,2019,4,8,16115,29.12,HOEP (Legacy)
2019-04-10 08:00:00,2019,4,9,15926,23.98,HOEP (Legacy)
2019-04-10 09:00:00,2019,4,10,15567,27.25,HOEP (Legacy)
2019-04-10 10:00:00,2019,4,11,15379,29.08,HOEP (Legacy)
2019-04-10 11:00:00,2019,4,12,15049,29.37,HOEP (Legacy)
2019-04-10 12:00:00,2019,4,13,14829,30.72,HOEP (Legacy)
2019-04-10 13:00:00,2019,4,14,14509,26.43,HOEP (Legacy)
2019-04-10 14:00:00,2019,4,15,14669,23.39,HOEP (Legacy)
2019-04-10 15:00:00,2019,4,16,14937,24.94,HOEP (Legacy)
2019-04-10 16:00:00,2019,4,17,15426,25.08,HOEP (Legacy)
2019-04-10 17:00:00,2019,4,18,15816,24.9,HOEP (Legacy)
2019-04-10 18:00:00,2019,4,19,16420,27.77,HOEP (Legacy)
2019-04-10 19:00:00,2019,4,20,17086,30.5,HOEP (Legacy)
2019-04-10 20:00:00,2019,4,21,16631,30.15,HOEP (Legacy)
2019-04-10 21:00:00,2019,4,22,15596,27.02,HOEP (Legacy)
2019-04-10 22:00:00,2019,4,23,14585,26.01,HOEP (Legacy)
2019-04-10 23:00:00,2019,4,24,13903,32.33,HOEP (Legacy)
2019-04-11 00:00:00,2019,4,1,13331,24.52,HOEP (Legacy)
2019-04-11 01:00:00,2019,4,2,13063,16.19,HOEP (Legacy)
2019-04-11 02:00:00,2019,4,3,12895,18.2,HOEP (Legacy)
2019-04-11 03:00:00,2019,4,4,12972,5.1,HOEP (Legacy)
2019-04-11 04:00:00,2019,4,5,13953,8.72,HOEP (Legacy)
2019-04-11 05:00:00,2019,4,6,15165,27.23,HOEP (Legacy)
2019-04-11 06:00:00,2019,4,7,16058,29.77,HOEP (Legacy)
2019-04-11 07:00:00,2019,4,8,16180,29.02,HOEP (Legacy)
2019-04-11 08:00:00,2019,4,9,16166,29.39,HOEP (Legacy)
2019-04-11 09:00:00,2019,4,10,16149,29.39,HOEP (Legacy)
2019-04-11 10:00:00,2019,4,11,15962,28.96,HOEP (Legacy)
2019-04-11 11:00:00,2019,4,12,15686,14.45,HOEP (Legacy)
2019-04-11 12:00:00,2019,4,13,15520,10.98,HOEP (Legacy)
2019-04-11 13:00:00,2019,4,14,15739,14.38,HOEP (Legacy)
2019-04-11 14:00:00,2019,4,15,16165,22.08,HOEP (Legacy)
2019-04-11 15:00:00,2019,4,16,16204,23.23,HOEP (Legacy)
2019-04-11 16:00:00,2019,4,17,16582,27.49,HOEP (Legacy)
2019-04-11 17:00:00,2019,4,18,16568,29.11,HOEP (Legacy)
2019-04-11 18:00:00,2019,4,19,16919,33.94,HOEP (Legacy)
2019-04-11 19:00:00,2019,4,20,17285,14.36,HOEP (Legacy)
2019-04-11 20:00:00,2019,4,21,16634,12.67,HOEP (Legacy)
2019-04-11 21:00:00,2019,4,22,15486,6.48,HOEP (Legacy)
2019-04-11 22:00:00,2019,4,23,14268,2.87,HOEP (Legacy)
2019-04-11 23:00:00,2019,4,24,13496,3.58,HOEP (Legacy)
2019-04-12 00:00:00,2019,4,1,13042,3.37,HOEP (Legacy)
2019-04-12 01:00:00,2019,4,2,12898,1.26,HOEP (Legacy)
2019-04-12 02:00:00,2019,4,3,12898,0.0,HOEP (Legacy)
2019-04-12 03:00:00,2019,4,4,13023,1.25,HOEP (Legacy)
2019-04-12 04:00:00,2019,4,5,13423,6.04,HOEP (Legacy)
2019-04-12 05:00:00,2019,4,6,14592,10.7,HOEP (Legacy)
2019-04-12 06:00:00,2019,4,7,15780,21.04,HOEP (Legacy)
2019-04-12 07:00:00,2019,4,8,15957,12.95,HOEP (Legacy)
2019-04-12 08:00:00,2019,4,9,15591,0.0,HOEP (Legacy)
2019-04-12 09:00:00,2019,4,10,15318,7.67,HOEP (Legacy)
2019-04-12 10:00:00,2019,4,11,15623,66.36,HOEP (Legacy)
2019-04-12 11:00:00,2019,4,12,15412,21.93,HOEP (Legacy)
2019-04-12 12:00:00,2019,4,13,15423,0.0,HOEP (Legacy)
2019-04-12 13:00:00,2019,4,14,15304,0.0,HOEP (Legacy)
2019-04-12 14:00:00,2019,4,15,15017,0.0,HOEP (Legacy)
2019-04-12 15:00:00,2019,4,16,15100,0.0,HOEP (Legacy)
2019-04-12 16:00:00,2019,4,17,15017,0.0,HOEP (Legacy)
2019-04-12 17:00:00,2019,4,18,14874,0.0,HOEP (Legacy)
2019-04-12 18:00:00,2019,4,19,15117,0.0,HOEP (Legacy)
2019-04-12 19:00:00,2019,4,20,15497,3.22,HOEP (Legacy)
2019-04-12 20:00:00,2019,4,21,15211,0.0,HOEP (Legacy)
2019-04-12 21:00:00,2019,4,22,14406,1.44,HOEP (Legacy)
2019-04-12 22:00:00,2019,4,23,13438,0.0,HOEP (Legacy)
2019-04-12 23:00:00,2019,4,24,12727,-2.63,HOEP (Legacy)
2019-04-13 00:00:00,2019,4,1,12270,-3.0,HOEP (Legacy)
2019-04-13 01:00:00,2019,4,2,11971,-3.7,HOEP (Legacy)
2019-04-13 02:00:00,2019,4,3,11789,-3.0,HOEP (Legacy)
2019-04-13 03:00:00,2019,4,4,11869,-3.0,HOEP (Legacy)
2019-04-13 04:00:00,2019,4,5,11928,-1.98,HOEP (Legacy)
2019-04-13 05:00:00,2019,4,6,12436,-0.12,HOEP (Legacy)
2019-04-13 06:00:00,2019,4,7,12888,0.0,HOEP (Legacy)
2019-04-13 07:00:00,2019,4,8,13209,0.0,HOEP (Legacy)
2019-04-13 08:00:00,2019,4,9,13244,-0.06,HOEP (Legacy)
2019-04-13 09:00:00,2019,4,10,13079,-1.32,HOEP (Legacy)
2019-04-13 10:00:00,2019,4,11,12967,-0.33,HOEP (Legacy)
2019-04-13 11:00:00,2019,4,12,12719,-3.0,HOEP (Legacy)
2019-04-13 12:00:00,2019,4,13,12390,-3.0,HOEP (Legacy)
2019-04-13 13:00:00,2019,4,14,12292,-3.0,HOEP (Legacy)
2019-04-13 14:00:00,2019,4,15,12255,-3.0,HOEP (Legacy)
2019-04-13 15:00:00,2019,4,16,12640,-1.31,HOEP (Legacy)
2019-04-13 16:00:00,2019,4,17,13313,0.0,HOEP (Legacy)
2019-04-13 17:00:00,2019,4,18,13760,10.01,HOEP (Legacy)
2019-04-13 18:00:00,2019,4,19,14168,79.62,HOEP (Legacy)
2019-04-13 19:00:00,2019,4,20,14715,33.76,HOEP (Legacy)
2019-04-13 20:00:00,2019,4,21,14414,11.54,HOEP (Legacy)
2019-04-13 21:00:00,2019,4,22,13725,7.6,HOEP (Legacy)
2019-04-13 22:00:00,2019,4,23,12949,0.0,HOEP (Legacy)
2019-04-13 23:00:00,2019,4,24,12345,0.96,HOEP (Legacy)
2019-04-14 00:00:00,2019,4,1,11970,2.78,HOEP (Legacy)
2019-04-14 01:00:00,2019,4,2,11848,2.32,HOEP (Legacy)
2019-04-14 02:00:00,2019,4,3,11817,2.2,HOEP (Legacy)
2019-04-14 03:00:00,2019,4,4,11727,0.42,HOEP (Legacy)
2019-04-14 04:00:00,2019,4,5,11949,13.65,HOEP (Legacy)
2019-04-14 05:00:00,2019,4,6,12293,12.44,HOEP (Legacy)
2019-04-14 06:00:00,2019,4,7,12679,8.64,HOEP (Legacy)
2019-04-14 07:00:00,2019,4,8,13331,14.33,HOEP (Legacy)
2019-04-14 08:00:00,2019,4,9,13887,13.0,HOEP (Legacy)
2019-04-14 09:00:00,2019,4,10,14356,14.38,HOEP (Legacy)
2019-04-14 10:00:00,2019,4,11,14654,14.38,HOEP (Legacy)
2019-04-14 11:00:00,2019,4,12,14904,19.9,HOEP (Legacy)
2019-04-14 12:00:00,2019,4,13,14984,26.87,HOEP (Legacy)
2019-04-14 13:00:00,2019,4,14,15038,15.34,HOEP (Legacy)
2019-04-14 14:00:00,2019,4,15,15299,30.75,HOEP (Legacy)
2019-04-14 15:00:00,2019,4,16,15815,29.88,HOEP (Legacy)
2019-04-14 16:00:00,2019,4,17,16148,71.88,HOEP (Legacy)
2019-04-14 17:00:00,2019,4,18,15824,6.64,HOEP (Legacy)
2019-04-14 18:00:00,2019,4,19,15887,0.89,HOEP (Legacy)
2019-04-14 19:00:00,2019,4,20,16070,5.1,HOEP (Legacy)
2019-04-14 20:00:00,2019,4,21,15455,13.01,HOEP (Legacy)
2019-04-14 21:00:00,2019,4,22,14594,10.9,HOEP (Legacy)
2019-04-14 22:00:00,2019,4,23,13697,12.31,HOEP (Legacy)
2019-04-14 23:00:00,2019,4,24,13005,12.99,HOEP (Legacy)
2019-04-15 00:00:00,2019,4,1,12628,14.34,HOEP (Legacy)
2019-04-15 01:00:00,2019,4,2,12521,14.33,HOEP (Legacy)
2019-04-15 02:00:00,2019,4,3,12390,3.59,HOEP (Legacy)
2019-04-15 03:00:00,2019,4,4,12514,0.0,HOEP (Legacy)
2019-04-15 04:00:00,2019,4,5,13115,1.35,HOEP (Legacy)
2019-04-15 05:00:00,2019,4,6,14457,10.38,HOEP (Legacy)
2019-04-15 06:00:00,2019,4,7,15746,25.23,HOEP (Legacy)
2019-04-15 07:00:00,2019,4,8,16230,42.79,HOEP (Legacy)
2019-04-15 08:00:00,2019,4,9,16315,14.33,HOEP (Legacy)
2019-04-15 09:00:00,2019,4,10,16412,14.34,HOEP (Legacy)
2019-04-15 10:00:00,2019,4,11,16278,20.47,HOEP (Legacy)
2019-04-15 11:00:00,2019,4,12,16035,3.46,HOEP (Legacy)
2019-04-15 12:00:00,2019,4,13,15486,0.96,HOEP (Legacy)
2019-04-15 13:00:00,2019,4,14,14832,0.0,HOEP (Legacy)
2019-04-15 14:00:00,2019,4,15,14799,0.0,HOEP (Legacy)
2019-04-15 15:00:00,2019,4,16,14571,0.0,HOEP (Legacy)
2019-04-15 16:00:00,2019,4,17,15093,0.96,HOEP (Legacy)
2019-04-15 17:00:00,2019,4,18,15223,3.82,HOEP (Legacy)
2019-04-15 18:00:00,2019,4,19,15637,53.24,HOEP (Legacy)
2019-04-15 19:00:00,2019,4,20,16202,62.59,HOEP (Legacy)
2019-04-15 20:00:00,2019,4,21,15869,19.49,HOEP (Legacy)
2019-04-15 21:00:00,2019,4,22,15059,21.72,HOEP (Legacy)
2019-04-15 22:00:00,2019,4,23,14529,8.83,HOEP (Legacy)
2019-04-15 23:00:00,2019,4,24,13531,4.07,HOEP (Legacy)
2019-04-16 00:00:00,2019,4,1,13006,4.42,HOEP (Legacy)
2019-04-16 01:00:00,2019,4,2,12951,13.37,HOEP (Legacy)
2019-04-16 02:00:00,2019,4,3,12855,16.89,HOEP (Legacy)
2019-04-16 03:00:00,2019,4,4,13202,30.0,HOEP (Legacy)
2019-04-16 04:00:00,2019,4,5,13849,24.33,HOEP (Legacy)
2019-04-16 05:00:00,2019,4,6,14928,31.57,HOEP (Legacy)
2019-04-16 06:00:00,2019,4,7,15834,77.76,HOEP (Legacy)
2019-04-16 07:00:00,2019,4,8,15931,52.49,HOEP (Legacy)
2019-04-16 08:00:00,2019,4,9,15601,38.22,HOEP (Legacy)
2019-04-16 09:00:00,2019,4,10,15371,51.58,HOEP (Legacy)
2019-04-16 10:00:00,2019,4,11,15281,76.67,HOEP (Legacy)
2019-04-16 11:00:00,2019,4,12,15104,26.71,HOEP (Legacy)
2019-04-16 12:00:00,2019,4,13,15251,26.94,HOEP (Legacy)
2019-04-16 13:00:00,2019,4,14,15282,10.31,HOEP (Legacy)
2019-04-16 14:00:00,2019,4,15,15189,5.46,HOEP (Legacy)
2019-04-16 15:00:00,2019,4,16,15203,10.82,HOEP (Legacy)
2019-04-16 16:00:00,2019,4,17,15864,22.18,HOEP (Legacy)
2019-04-16 17:00:00,2019,4,18,16131,20.57,HOEP (Legacy)
2019-04-16 18:00:00,2019,4,19,16545,20.6,HOEP (Legacy)
2019-04-16 19:00:00,2019,4,20,16782,18.88,HOEP (Legacy)
2019-04-16 20:00:00,2019,4,21,16201,17.87,HOEP (Legacy)
2019-04-16 21:00:00,2019,4,22,15190,19.7,HOEP (Legacy)
2019-04-16 22:00:00,2019,4,23,14025,13.5,HOEP (Legacy)
2019-04-16 23:00:00,2019,4,24,13409,14.35,HOEP (Legacy)
2019-04-17 00:00:00,2019,4,1,12989,16.67,HOEP (Legacy)
2019-04-17 01:00:00,2019,4,2,12845,31.46,HOEP (Legacy)
2019-04-17 02:00:00,2019,4,3,12897,22.05,HOEP (Legacy)
2019-04-17 03:00:00,2019,4,4,13075,14.34,HOEP (Legacy)
2019-04-17 04:00:00,2019,4,5,13666,6.5,HOEP (Legacy)
2019-04-17 05:00:00,2019,4,6,14630,4.28,HOEP (Legacy)
2019-04-17 06:00:00,2019,4,7,15570,5.8,HOEP (Legacy)
2019-04-17 07:00:00,2019,4,8,15278,5.4,HOEP (Legacy)
2019-04-17 08:00:00,2019,4,9,14883,6.5,HOEP (Legacy)
2019-04-17 09:00:00,2019,4,10,14542,3.67,HOEP (Legacy)
2019-04-17 10:00:00,2019,4,11,14204,0.0,HOEP (Legacy)
2019-04-17 11:00:00,2019,4,12,13969,0.0,HOEP (Legacy)
2019-04-17 12:00:00,2019,4,13,13859,0.0,HOEP (Legacy)
2019-04-17 13:00:00,2019,4,14,13751,0.0,HOEP (Legacy)
2019-04-17 14:00:00,2019,4,15,13834,0.0,HOEP (Legacy)
2019-04-17 15:00:00,2019,4,16,14122,0.0,HOEP (Legacy)
2019-04-17 16:00:00,2019,4,17,14516,0.0,HOEP (Legacy)
2019-04-17 17:00:00,2019,4,18,14761,0.0,HOEP (Legacy)
2019-04-17 18:00:00,2019,4,19,15276,4.66,HOEP (Legacy)
2019-04-17 19:00:00,2019,4,20,15574,5.82,HOEP (Legacy)
2019-04-17 20:00:00,2019,4,21,15502,4.14,HOEP (Legacy)
2019-04-17 21:00:00,2019,4,22,14443,0.0,HOEP (Legacy)
2019-04-17 22:00:00,2019,4,23,13321,0.0,HOEP (Legacy)
2019-04-17 23:00:00,2019,4,24,12534,0.0,HOEP (Legacy)
2019-04-18 00:00:00,2019,4,1,12102,0.0,HOEP (Legacy)
2019-04-18 01:00:00,2019,4,2,11870,-0.08,HOEP (Legacy)
2019-04-18 02:00:00,2019,4,3,11746,-0.08,HOEP (Legacy)
2019-04-18 03:00:00,2019,4,4,11807,-0.05,HOEP (Legacy)
2019-04-18 04:00:00,2019,4,5,12302,0.0,HOEP (Legacy)
2019-04-18 05:00:00,2019,4,6,13589,0.39,HOEP (Legacy)
2019-04-18 06:00:00,2019,4,7,14549,0.0,HOEP (Legacy)
2019-04-18 07:00:00,2019,4,8,14752,0.0,HOEP (Legacy)
2019-04-18 08:00:00,2019,4,9,14621,0.0,HOEP (Legacy)
2019-04-18 09:00:00,2019,4,10,14574,0.0,HOEP (Legacy)
2019-04-18 10:00:00,2019,4,11,14408,0.0,HOEP (Legacy)
2019-04-18 11:00:00,2019,4,12,14432,0.0,HOEP (Legacy)
2019-04-18 12:00:00,2019,4,13,14658,0.0,HOEP (Legacy)
2019-04-18 13:00:00,2019,4,14,14730,0.0,HOEP (Legacy)
2019-04-18 14:00:00,2019,4,15,14866,0.0,HOEP (Legacy)
2019-04-18 15:00:00,2019,4,16,15117,0.0,HOEP (Legacy)
2019-04-18 16:00:00,2019,4,17,15180,0.0,HOEP (Legacy)
2019-04-18 17:00:00,2019,4,18,15055,0.0,HOEP (Legacy)
2019-04-18 18:00:00,2019,4,19,15241,0.9,HOEP (Legacy)
2019-04-18 19:00:00,2019,4,20,15472,3.8,HOEP (Legacy)
2019-04-18 20:00:00,2019,4,21,15177,5.91,HOEP (Legacy)
2019-04-18 21:00:00,2019,4,22,14376,8.24,HOEP (Legacy)
2019-04-18 22:00:00,2019,4,23,13218,4.26,HOEP (Legacy)
2019-04-18 23:00:00,2019,4,24,12296,1.81,HOEP (Legacy)
2019-04-19 00:00:00,2019,4,1,11638,0.0,HOEP (Legacy)
2019-04-19 01:00:00,2019,4,2,11342,-0.03,HOEP (Legacy)
2019-04-19 02:00:00,2019,4,3,11213,0.0,HOEP (Legacy)
2019-04-19 03:00:00,2019,4,4,11221,0.0,HOEP (Legacy)
2019-04-19 04:00:00,2019,4,5,11383,3.12,HOEP (Legacy)
2019-04-19 05:00:00,2019,4,6,11834,1.37,HOEP (Legacy)
2019-04-19 06:00:00,2019,4,7,12125,-0.04,HOEP (Legacy)
2019-04-19 07:00:00,2019,4,8,12846,0.0,HOEP (Legacy)
2019-04-19 08:00:00,2019,4,9,13484,4.24,HOEP (Legacy)
2019-04-19 09:00:00,2019,4,10,13771,7.29,HOEP (Legacy)
2019-04-19 10:00:00,2019,4,11,14215,5.71,HOEP (Legacy)
2019-04-19 11:00:00,2019,4,12,14451,1.8,HOEP (Legacy)
2019-04-19 12:00:00,2019,4,13,14132,0.0,HOEP (Legacy)
2019-04-19 13:00:00,2019,4,14,13859,0.0,HOEP (Legacy)
2019-04-19 14:00:00,2019,4,15,13731,0.0,HOEP (Legacy)
2019-04-19 15:00:00,2019,4,16,13937,0.0,HOEP (Legacy)
2019-04-19 16:00:00,2019,4,17,14165,0.0,HOEP (Legacy)
2019-04-19 17:00:00,2019,4,18,14018,0.0,HOEP (Legacy)
2019-04-19 18:00:00,2019,4,19,14059,0.0,HOEP (Legacy)
2019-04-19 19:00:00,2019,4,20,14382,0.0,HOEP (Legacy)
2019-04-19 20:00:00,2019,4,21,13890,0.0,HOEP (Legacy)
2019-04-19 21:00:00,2019,4,22,13213,-0.04,HOEP (Legacy)
2019-04-19 22:00:00,2019,4,23,12498,-0.5,HOEP (Legacy)
2019-04-19 23:00:00,2019,4,24,11950,-3.0,HOEP (Legacy)
2019-04-20 00:00:00,2019,4,1,11526,-4.23,HOEP (Legacy)
2019-04-20 01:00:00,2019,4,2,11252,-4.29,HOEP (Legacy)
2019-04-20 02:00:00,2019,4,3,11079,-4.47,HOEP (Legacy)
2019-04-20 03:00:00,2019,4,4,11101,-4.3,HOEP (Legacy)
2019-04-20 04:00:00,2019,4,5,11229,-4.26,HOEP (Legacy)
2019-04-20 05:00:00,2019,4,6,11623,-3.1,HOEP (Legacy)
2019-04-20 06:00:00,2019,4,7,12179,-3.0,HOEP (Legacy)
2019-04-20 07:00:00,2019,4,8,12926,-1.33,HOEP (Legacy)
2019-04-20 08:00:00,2019,4,9,13686,0.0,HOEP (Legacy)
2019-04-20 09:00:00,2019,4,10,14235,0.0,HOEP (Legacy)
2019-04-20 10:00:00,2019,4,11,14391,0.0,HOEP (Legacy)
2019-04-20 11:00:00,2019,4,12,14415,4.17,HOEP (Legacy)
2019-04-20 12:00:00,2019,4,13,14269,3.69,HOEP (Legacy)
2019-04-20 13:00:00,2019,4,14,14163,0.0,HOEP (Legacy)
2019-04-20 14:00:00,2019,4,15,14255,8.68,HOEP (Legacy)
2019-04-20 15:00:00,2019,4,16,14724,8.39,HOEP (Legacy)
2019-04-20 16:00:00,2019,4,17,14801,6.11,HOEP (Legacy)
2019-04-20 17:00:00,2019,4,18,14485,5.8,HOEP (Legacy)
2019-04-20 18:00:00,2019,4,19,14579,12.28,HOEP (Legacy)
2019-04-20 19:00:00,2019,4,20,14887,105.21,HOEP (Legacy)
2019-04-20 20:00:00,2019,4,21,14657,71.48,HOEP (Legacy)
2019-04-20 21:00:00,2019,4,22,14016,13.81,HOEP (Legacy)
2019-04-20 22:00:00,2019,4,23,13241,10.94,HOEP (Legacy)
2019-04-20 23:00:00,2019,4,24,12572,7.99,HOEP (Legacy)
2019-04-21 00:00:00,2019,4,1,12086,13.33,HOEP (Legacy)
2019-04-21 01:00:00,2019,4,2,11887,7.25,HOEP (Legacy)
2019-04-21 02:00:00,2019,4,3,11706,9.71,HOEP (Legacy)
2019-04-21 03:00:00,2019,4,4,11603,5.8,HOEP (Legacy)
2019-04-21 04:00:00,2019,4,5,11682,5.21,HOEP (Legacy)
2019-04-21 05:00:00,2019,4,6,11894,13.34,HOEP (Legacy)
2019-04-21 06:00:00,2019,4,7,12350,13.34,HOEP (Legacy)
2019-04-21 07:00:00,2019,4,8,12990,9.24,HOEP (Legacy)
2019-04-21 08:00:00,2019,4,9,13283,7.99,HOEP (Legacy)
2019-04-21 09:00:00,2019,4,10,13464,11.97,HOEP (Legacy)
2019-04-21 10:00:00,2019,4,11,13539,5.82,HOEP (Legacy)
2019-04-21 11:00:00,2019,4,12,13218,13.33,HOEP (Legacy)
2019-04-21 12:00:00,2019,4,13,13002,8.45,HOEP (Legacy)
2019-04-21 13:00:00,2019,4,14,12632,5.69,HOEP (Legacy)
2019-04-21 14:00:00,2019,4,15,12685,5.57,HOEP (Legacy)
2019-04-21 15:00:00,2019,4,16,12886,5.81,HOEP (Legacy)
2019-04-21 16:00:00,2019,4,17,13374,6.0,HOEP (Legacy)
2019-04-21 17:00:00,2019,4,18,13511,12.7,HOEP (Legacy)
2019-04-21 18:00:00,2019,4,19,13566,13.1,HOEP (Legacy)
2019-04-21 19:00:00,2019,4,20,13668,15.71,HOEP (Legacy)
2019-04-21 20:00:00,2019,4,21,13998,14.78,HOEP (Legacy)
2019-04-21 21:00:00,2019,4,22,13386,10.93,HOEP (Legacy)
2019-04-21 22:00:00,2019,4,23,12774,7.86,HOEP (Legacy)
2019-04-21 23:00:00,2019,4,24,12238,6.76,HOEP (Legacy)
2019-04-22 00:00:00,2019,4,1,11960,6.65,HOEP (Legacy)
2019-04-22 01:00:00,2019,4,2,12023,5.82,HOEP (Legacy)
2019-04-22 02:00:00,2019,4,3,11603,11.57,HOEP (Legacy)
2019-04-22 03:00:00,2019,4,4,11661,5.81,HOEP (Legacy)
2019-04-22 04:00:00,2019,4,5,12189,6.48,HOEP (Legacy)
2019-04-22 05:00:00,2019,4,6,13163,7.82,HOEP (Legacy)
2019-04-22 06:00:00,2019,4,7,14180,9.62,HOEP (Legacy)
2019-04-22 07:00:00,2019,4,8,14896,10.24,HOEP (Legacy)
2019-04-22 08:00:00,2019,4,9,14804,6.66,HOEP (Legacy)
2019-04-22 09:00:00,2019,4,10,14514,5.86,HOEP (Legacy)
2019-04-22 10:00:00,2019,4,11,14223,5.1,HOEP (Legacy)
2019-04-22 11:00:00,2019,4,12,13999,5.68,HOEP (Legacy)
2019-04-22 12:00:00,2019,4,13,13619,4.52,HOEP (Legacy)
2019-04-22 13:00:00,2019,4,14,13447,5.77,HOEP (Legacy)
2019-04-22 14:00:00,2019,4,15,13369,5.75,HOEP (Legacy)
2019-04-22 15:00:00,2019,4,16,13764,4.41,HOEP (Legacy)
2019-04-22 16:00:00,2019,4,17,14171,5.77,HOEP (Legacy)
2019-04-22 17:00:00,2019,4,18,14507,5.72,HOEP (Legacy)
2019-04-22 18:00:00,2019,4,19,14936,10.82,HOEP (Legacy)
2019-04-22 19:00:00,2019,4,20,15891,14.44,HOEP (Legacy)
2019-04-22 20:00:00,2019,4,21,14976,4.41,HOEP (Legacy)
2019-04-22 21:00:00,2019,4,22,13851,2.38,HOEP (Legacy)
2019-04-22 22:00:00,2019,4,23,12775,1.91,HOEP (Legacy)
2019-04-22 23:00:00,2019,4,24,12080,0.0,HOEP (Legacy)
2019-04-23 00:00:00,2019,4,1,11819,0.0,HOEP (Legacy)
2019-04-23 01:00:00,2019,4,2,11522,0.0,HOEP (Legacy)
2019-04-23 02:00:00,2019,4,3,11396,0.0,HOEP (Legacy)
2019-04-23 03:00:00,2019,4,4,11534,0.0,HOEP (Legacy)
2019-04-23 04:00:00,2019,4,5,11972,0.0,HOEP (Legacy)
2019-04-23 05:00:00,2019,4,6,13076,0.0,HOEP (Legacy)
2019-04-23 06:00:00,2019,4,7,14165,0.0,HOEP (Legacy)
2019-04-23 07:00:00,2019,4,8,14496,0.0,HOEP (Legacy)
2019-04-23 08:00:00,2019,4,9,14426,0.0,HOEP (Legacy)
2019-04-23 09:00:00,2019,4,10,14389,0.0,HOEP (Legacy)
2019-04-23 10:00:00,2019,4,11,14354,0.0,HOEP (Legacy)
2019-04-23 11:00:00,2019,4,12,14194,0.0,HOEP (Legacy)
2019-04-23 12:00:00,2019,4,13,14356,0.0,HOEP (Legacy)
2019-04-23 13:00:00,2019,4,14,14541,0.0,HOEP (Legacy)
2019-04-23 14:00:00,2019,4,15,14656,0.0,HOEP (Legacy)
2019-04-23 15:00:00,2019,4,16,15144,0.0,HOEP (Legacy)
2019-04-23 16:00:00,2019,4,17,15292,0.0,HOEP (Legacy)
2019-04-23 17:00:00,2019,4,18,15197,0.0,HOEP (Legacy)
2019-04-23 18:00:00,2019,4,19,15480,0.0,HOEP (Legacy)
2019-04-23 19:00:00,2019,4,20,15925,5.96,HOEP (Legacy)
2019-04-23 20:00:00,2019,4,21,15586,5.91,HOEP (Legacy)
2019-04-23 21:00:00,2019,4,22,14328,1.91,HOEP (Legacy)
2019-04-23 22:00:00,2019,4,23,13230,3.84,HOEP (Legacy)
2019-04-23 23:00:00,2019,4,24,12605,0.0,HOEP (Legacy)
2019-04-24 00:00:00,2019,4,1,12072,0.0,HOEP (Legacy)
2019-04-24 01:00:00,2019,4,2,11955,0.0,HOEP (Legacy)
2019-04-24 02:00:00,2019,4,3,11919,0.0,HOEP (Legacy)
2019-04-24 03:00:00,2019,4,4,12133,0.0,HOEP (Legacy)
2019-04-24 04:00:00,2019,4,5,12729,3.38,HOEP (Legacy)
2019-04-24 05:00:00,2019,4,6,13960,10.06,HOEP (Legacy)
2019-04-24 06:00:00,2019,4,7,15353,80.12,HOEP (Legacy)
2019-04-24 07:00:00,2019,4,8,15679,32.41,HOEP (Legacy)
2019-04-24 08:00:00,2019,4,9,15493,14.35,HOEP (Legacy)
2019-04-24 09:00:00,2019,4,10,15218,14.36,HOEP (Legacy)
2019-04-24 10:00:00,2019,4,11,14951,11.65,HOEP (Legacy)
2019-04-24 11:00:00,2019,4,12,14755,12.36,HOEP (Legacy)
2019-04-24 12:00:00,2019,4,13,14716,14.35,HOEP (Legacy)
2019-04-24 13:00:00,2019,4,14,14579,7.94,HOEP (Legacy)
2019-04-24 14:00:00,2019,4,15,14360,5.94,HOEP (Legacy)
2019-04-24 15:00:00,2019,4,16,14719,5.13,HOEP (Legacy)
2019-04-24 16:00:00,2019,4,17,15064,9.47,HOEP (Legacy)
2019-04-24 17:00:00,2019,4,18,15233,14.35,HOEP (Legacy)
2019-04-24 18:00:00,2019,4,19,15546,14.8,HOEP (Legacy)
2019-04-24 19:00:00,2019,4,20,16074,27.77,HOEP (Legacy)
2019-04-24 20:00:00,2019,4,21,15940,14.71,HOEP (Legacy)
2019-04-24 21:00:00,2019,4,22,14827,10.95,HOEP (Legacy)
2019-04-24 22:00:00,2019,4,23,13735,8.03,HOEP (Legacy)
2019-04-24 23:00:00,2019,4,24,12926,5.76,HOEP (Legacy)
2019-04-25 00:00:00,2019,4,1,12495,11.0,HOEP (Legacy)
2019-04-25 01:00:00,2019,4,2,12253,8.75,HOEP (Legacy)
2019-04-25 02:00:00,2019,4,3,12316,14.31,HOEP (Legacy)
2019-04-25 03:00:00,2019,4,4,12498,14.32,HOEP (Legacy)
2019-04-25 04:00:00,2019,4,5,13075,5.85,HOEP (Legacy)
2019-04-25 05:00:00,2019,4,6,14090,8.78,HOEP (Legacy)
2019-04-25 06:00:00,2019,4,7,15158,10.88,HOEP (Legacy)
2019-04-25 07:00:00,2019,4,8,15252,5.98,HOEP (Legacy)
2019-04-25 08:00:00,2019,4,9,14905,12.25,HOEP (Legacy)
2019-04-25 09:00:00,2019,4,10,14526,7.39,HOEP (Legacy)
2019-04-25 10:00:00,2019,4,11,14279,13.68,HOEP (Legacy)
2019-04-25 11:00:00,2019,4,12,14172,6.7,HOEP (Legacy)
2019-04-25 12:00:00,2019,4,13,14174,5.92,HOEP (Legacy)
2019-04-25 13:00:00,2019,4,14,13998,5.77,HOEP (Legacy)
2019-04-25 14:00:00,2019,4,15,13915,6.16,HOEP (Legacy)
2019-04-25 15:00:00,2019,4,16,14394,10.85,HOEP (Legacy)
2019-04-25 16:00:00,2019,4,17,14816,14.34,HOEP (Legacy)
2019-04-25 17:00:00,2019,4,18,15056,13.64,HOEP (Legacy)
2019-04-25 18:00:00,2019,4,19,15409,13.65,HOEP (Legacy)
2019-04-25 19:00:00,2019,4,20,15942,10.2,HOEP (Legacy)
2019-04-25 20:00:00,2019,4,21,15458,8.02,HOEP (Legacy)
2019-04-25 21:00:00,2019,4,22,14318,4.36,HOEP (Legacy)
2019-04-25 22:00:00,2019,4,23,13301,4.03,HOEP (Legacy)
2019-04-25 23:00:00,2019,4,24,12536,0.47,HOEP (Legacy)
2019-04-26 00:00:00,2019,4,1,12038,0.47,HOEP (Legacy)
2019-04-26 01:00:00,2019,4,2,11770,0.0,HOEP (Legacy)
2019-04-26 02:00:00,2019,4,3,11714,0.0,HOEP (Legacy)
2019-04-26 03:00:00,2019,4,4,11839,0.0,HOEP (Legacy)
2019-04-26 04:00:00,2019,4,5,12340,0.0,HOEP (Legacy)
2019-04-26 05:00:00,2019,4,6,13450,0.1,HOEP (Legacy)
2019-04-26 06:00:00,2019,4,7,14883,0.0,HOEP (Legacy)
2019-04-26 07:00:00,2019,4,8,15451,0.0,HOEP (Legacy)
2019-04-26 08:00:00,2019,4,9,15680,0.0,HOEP (Legacy)
2019-04-26 09:00:00,2019,4,10,15751,0.0,HOEP (Legacy)
2019-04-26 10:00:00,2019,4,11,15678,0.0,HOEP (Legacy)
2019-04-26 11:00:00,2019,4,12,15420,0.0,HOEP (Legacy)
2019-04-26 12:00:00,2019,4,13,15275,0.0,HOEP (Legacy)
2019-04-26 13:00:00,2019,4,14,15203,0.0,HOEP (Legacy)
2019-04-26 14:00:00,2019,4,15,15087,0.0,HOEP (Legacy)
2019-04-26 15:00:00,2019,4,16,15319,0.0,HOEP (Legacy)
2019-04-26 16:00:00,2019,4,17,15571,0.0,HOEP (Legacy)
2019-04-26 17:00:00,2019,4,18,15433,0.0,HOEP (Legacy)
2019-04-26 18:00:00,2019,4,19,15352,1.97,HOEP (Legacy)
2019-04-26 19:00:00,2019,4,20,15700,3.77,HOEP (Legacy)
2019-04-26 20:00:00,2019,4,21,15259,0.0,HOEP (Legacy)
2019-04-26 21:00:00,2019,4,22,14200,0.0,HOEP (Legacy)
2019-04-26 22:00:00,2019,4,23,13126,-0.01,HOEP (Legacy)
2019-04-26 23:00:00,2019,4,24,12377,0.0,HOEP (Legacy)
2019-04-27 00:00:00,2019,4,1,12014,0.0,HOEP (Legacy)
2019-04-27 01:00:00,2019,4,2,11815,0.0,HOEP (Legacy)
2019-04-27 02:00:00,2019,4,3,11674,0.0,HOEP (Legacy)
2019-04-27 03:00:00,2019,4,4,11716,0.0,HOEP (Legacy)
2019-04-27 04:00:00,2019,4,5,11984,0.0,HOEP (Legacy)
2019-04-27 05:00:00,2019,4,6,12535,0.0,HOEP (Legacy)
2019-04-27 06:00:00,2019,4,7,13271,0.0,HOEP (Legacy)
2019-04-27 07:00:00,2019,4,8,14034,0.0,HOEP (Legacy)
2019-04-27 08:00:00,2019,4,9,14515,3.2,HOEP (Legacy)
2019-04-27 09:00:00,2019,4,10,14503,6.97,HOEP (Legacy)
2019-04-27 10:00:00,2019,4,11,14461,5.86,HOEP (Legacy)
2019-04-27 11:00:00,2019,4,12,14238,9.3,HOEP (Legacy)
2019-04-27 12:00:00,2019,4,13,14019,14.35,HOEP (Legacy)
2019-04-27 13:00:00,2019,4,14,13776,14.39,HOEP (Legacy)
2019-04-27 14:00:00,2019,4,15,13667,20.73,HOEP (Legacy)
2019-04-27 15:00:00,2019,4,16,13848,14.37,HOEP (Legacy)
2019-04-27 16:00:00,2019,4,17,14128,2.77,HOEP (Legacy)
2019-04-27 17:00:00,2019,4,18,14307,6.77,HOEP (Legacy)
2019-04-27 18:00:00,2019,4,19,14465,5.67,HOEP (Legacy)
2019-04-27 19:00:00,2019,4,20,14764,11.57,HOEP (Legacy)
2019-04-27 20:00:00,2019,4,21,14842,14.33,HOEP (Legacy)
2019-04-27 21:00:00,2019,4,22,14210,20.68,HOEP (Legacy)
2019-04-27 22:00:00,2019,4,23,13543,26.17,HOEP (Legacy)
2019-04-27 23:00:00,2019,4,24,12896,67.91,HOEP (Legacy)
2019-04-28 00:00:00,2019,4,1,12439,10.84,HOEP (Legacy)
2019-04-28 01:00:00,2019,4,2,12206,3.24,HOEP (Legacy)
2019-04-28 02:00:00,2019,4,3,11901,-1.88,HOEP (Legacy)
2019-04-28 03:00:00,2019,4,4,11716,0.0,HOEP (Legacy)
2019-04-28 04:00:00,2019,4,5,11884,4.72,HOEP (Legacy)
2019-04-28 05:00:00,2019,4,6,12378,12.42,HOEP (Legacy)
2019-04-28 06:00:00,2019,4,7,12668,5.69,HOEP (Legacy)
2019-04-28 07:00:00,2019,4,8,12886,1.26,HOEP (Legacy)
2019-04-28 08:00:00,2019,4,9,12702,0.0,HOEP (Legacy)
2019-04-28 09:00:00,2019,4,10,12469,0.0,HOEP (Legacy)
2019-04-28 10:00:00,2019,4,11,12344,0.0,HOEP (Legacy)
2019-04-28 11:00:00,2019,4,12,12335,5.76,HOEP (Legacy)
2019-04-28 12:00:00,2019,4,13,12281,2.4,HOEP (Legacy)
2019-04-28 13:00:00,2019,4,14,12153,1.81,HOEP (Legacy)
2019-04-28 14:00:00,2019,4,15,12050,0.0,HOEP (Legacy)
2019-04-28 15:00:00,2019,4,16,12568,0.4,HOEP (Legacy)
2019-04-28 16:00:00,2019,4,17,13374,5.85,HOEP (Legacy)
2019-04-28 17:00:00,2019,4,18,13942,5.59,HOEP (Legacy)
2019-04-28 18:00:00,2019,4,19,14187,6.22,HOEP (Legacy)
2019-04-28 19:00:00,2019,4,20,14798,30.86,HOEP (Legacy)
2019-04-28 20:00:00,2019,4,21,15004,44.39,HOEP (Legacy)
2019-04-28 21:00:00,2019,4,22,14093,15.97,HOEP (Legacy)
2019-04-28 22:00:00,2019,4,23,13360,16.85,HOEP (Legacy)
2019-04-28 23:00:00,2019,4,24,12619,9.08,HOEP (Legacy)
2019-04-29 00:00:00,2019,4,1,12356,2.91,HOEP (Legacy)
2019-04-29 01:00:00,2019,4,2,12288,5.74,HOEP (Legacy)
2019-04-29 02:00:00,2019,4,3,12337,5.77,HOEP (Legacy)
2019-04-29 03:00:00,2019,4,4,12460,10.08,HOEP (Legacy)
2019-04-29 04:00:00,2019,4,5,13001,8.57,HOEP (Legacy)
2019-04-29 05:00:00,2019,4,6,14157,9.36,HOEP (Legacy)
2019-04-29 06:00:00,2019,4,7,15011,0.64,HOEP (Legacy)
2019-04-29 07:00:00,2019,4,8,15027,0.0,HOEP (Legacy)
2019-04-29 08:00:00,2019,4,9,14864,0.62,HOEP (Legacy)
2019-04-29 09:00:00,2019,4,10,14789,0.09,HOEP (Legacy)
2019-04-29 10:00:00,2019,4,11,14955,8.0,HOEP (Legacy)
2019-04-29 11:00:00,2019,4,12,15046,7.69,HOEP (Legacy)
2019-04-29 12:00:00,2019,4,13,15138,10.02,HOEP (Legacy)
2019-04-29 13:00:00,2019,4,14,15083,4.9,HOEP (Legacy)
2019-04-29 14:00:00,2019,4,15,15497,5.78,HOEP (Legacy)
2019-04-29 15:00:00,2019,4,16,16132,16.83,HOEP (Legacy)
2019-04-29 16:00:00,2019,4,17,16529,14.98,HOEP (Legacy)
2019-04-29 17:00:00,2019,4,18,16436,8.93,HOEP (Legacy)
2019-04-29 18:00:00,2019,4,19,16813,13.42,HOEP (Legacy)
2019-04-29 19:00:00,2019,4,20,16936,12.51,HOEP (Legacy)
2019-04-29 20:00:00,2019,4,21,16567,15.66,HOEP (Legacy)
2019-04-29 21:00:00,2019,4,22,15582,22.19,HOEP (Legacy)
2019-04-29 22:00:00,2019,4,23,14519,20.02,HOEP (Legacy)
2019-04-29 23:00:00,2019,4,24,13749,340.82,HOEP (Legacy)
2019-04-30 00:00:00,2019,4,1,13223,8.56,HOEP (Legacy)
2019-04-30 01:00:00,2019,4,2,13071,5.79,HOEP (Legacy)
2019-04-30 02:00:00,2019,4,3,12973,5.75,HOEP (Legacy)
2019-04-30 03:00:00,2019,4,4,12944,8.35,HOEP (Legacy)
2019-04-30 04:00:00,2019,4,5,13498,13.53,HOEP (Legacy)
2019-04-30 05:00:00,2019,4,6,14727,27.8,HOEP (Legacy)
2019-04-30 06:00:00,2019,4,7,15883,82.24,HOEP (Legacy)
2019-04-30 07:00:00,2019,4,8,16045,12.74,HOEP (Legacy)
2019-04-30 08:00:00,2019,4,9,15586,12.18,HOEP (Legacy)
2019-04-30 09:00:00,2019,4,10,15180,5.86,HOEP (Legacy)
2019-04-30 10:00:00,2019,4,11,15024,10.27,HOEP (Legacy)
2019-04-30 11:00:00,2019,4,12,15177,25.27,HOEP (Legacy)
2019-04-30 12:00:00,2019,4,13,14973,18.72,HOEP (Legacy)
2019-04-30 13:00:00,2019,4,14,14613,5.77,HOEP (Legacy)
2019-04-30 14:00:00,2019,4,15,14495,5.87,HOEP (Legacy)
2019-04-30 15:00:00,2019,4,16,14693,5.86,HOEP (Legacy)
2019-04-30 16:00:00,2019,4,17,15072,5.89,HOEP (Legacy)
2019-04-30 17:00:00,2019,4,18,15388,5.91,HOEP (Legacy)
2019-04-30 18:00:00,2019,4,19,15738,11.14,HOEP (Legacy)
2019-04-30 19:00:00,2019,4,20,16318,6.86,HOEP (Legacy)
2019-04-30 20:00:00,2019,4,21,15956,0.0,HOEP (Legacy)
2019-04-30 21:00:00,2019,4,22,14973,7.15,HOEP (Legacy)
2019-04-30 22:00:00,2019,4,23,13550,0.0,HOEP (Legacy)
2019-04-30 23:00:00,2019,4,24,12811,0.0,HOEP (Legacy)
2019-05-01 00:00:00,2019,5,1,12430,0.0,HOEP (Legacy)
2019-05-01 01:00:00,2019,5,2,12301,0.0,HOEP (Legacy)
2019-05-01 02:00:00,2019,5,3,12158,0.0,HOEP (Legacy)
2019-05-01 03:00:00,2019,5,4,12338,0.0,HOEP (Legacy)
2019-05-01 04:00:00,2019,5,5,12731,0.0,HOEP (Legacy)
2019-05-01 05:00:00,2019,5,6,13874,0.47,HOEP (Legacy)
2019-05-01 06:00:00,2019,5,7,15127,2.3,HOEP (Legacy)
2019-05-01 07:00:00,2019,5,8,15666,7.79,HOEP (Legacy)
2019-05-01 08:00:00,2019,5,9,15968,10.98,HOEP (Legacy)
2019-05-01 09:00:00,2019,5,10,15871,5.89,HOEP (Legacy)
2019-05-01 10:00:00,2019,5,11,15931,11.04,HOEP (Legacy)
2019-05-01 11:00:00,2019,5,12,15807,9.14,HOEP (Legacy)
2019-05-01 12:00:00,2019,5,13,15984,5.94,HOEP (Legacy)
2019-05-01 13:00:00,2019,5,14,15995,5.94,HOEP (Legacy)
2019-05-01 14:00:00,2019,5,15,15953,8.28,HOEP (Legacy)
2019-05-01 15:00:00,2019,5,16,16451,19.6,HOEP (Legacy)
2019-05-01 16:00:00,2019,5,17,16725,23.0,HOEP (Legacy)
2019-05-01 17:00:00,2019,5,18,16632,25.25,HOEP (Legacy)
2019-05-01 18:00:00,2019,5,19,16716,59.93,HOEP (Legacy)
2019-05-01 19:00:00,2019,5,20,16784,24.93,HOEP (Legacy)
2019-05-01 20:00:00,2019,5,21,16189,15.23,HOEP (Legacy)
2019-05-01 21:00:00,2019,5,22,15046,11.86,HOEP (Legacy)
2019-05-01 22:00:00,2019,5,23,13878,13.96,HOEP (Legacy)
2019-05-01 23:00:00,2019,5,24,13208,73.92,HOEP (Legacy)
2019-05-02 00:00:00,2019,5,1,12755,150.55,HOEP (Legacy)
2019-05-02 01:00:00,2019,5,2,12511,13.34,HOEP (Legacy)
2019-05-02 02:00:00,2019,5,3,12516,13.33,HOEP (Legacy)
2019-05-02 03:00:00,2019,5,4,12629,12.16,HOEP (Legacy)
2019-05-02 04:00:00,2019,5,5,13141,13.63,HOEP (Legacy)
2019-05-02 05:00:00,2019,5,6,14494,25.33,HOEP (Legacy)
2019-05-02 06:00:00,2019,5,7,15914,26.69,HOEP (Legacy)
2019-05-02 07:00:00,2019,5,8,16260,26.45,HOEP (Legacy)
2019-05-02 08:00:00,2019,5,9,15974,27.18,HOEP (Legacy)
2019-05-02 09:00:00,2019,5,10,16036,27.38,HOEP (Legacy)
2019-05-02 10:00:00,2019,5,11,15933,25.81,HOEP (Legacy)
2019-05-02 11:00:00,2019,5,12,15612,22.59,HOEP (Legacy)
2019-05-02 12:00:00,2019,5,13,15072,13.95,HOEP (Legacy)
2019-05-02 13:00:00,2019,5,14,15155,15.32,HOEP (Legacy)
2019-05-02 14:00:00,2019,5,15,14960,13.35,HOEP (Legacy)
2019-05-02 15:00:00,2019,5,16,15189,12.79,HOEP (Legacy)
2019-05-02 16:00:00,2019,5,17,15581,28.1,HOEP (Legacy)
2019-05-02 17:00:00,2019,5,18,15712,56.86,HOEP (Legacy)
2019-05-02 18:00:00,2019,5,19,15898,45.25,HOEP (Legacy)
2019-05-02 19:00:00,2019,5,20,16450,71.24,HOEP (Legacy)
2019-05-02 20:00:00,2019,5,21,16074,21.52,HOEP (Legacy)
2019-05-02 21:00:00,2019,5,22,15048,29.05,HOEP (Legacy)
2019-05-02 22:00:00,2019,5,23,13909,28.73,HOEP (Legacy)
2019-05-02 23:00:00,2019,5,24,13058,14.41,HOEP (Legacy)
2019-05-03 00:00:00,2019,5,1,12620,13.33,HOEP (Legacy)
2019-05-03 01:00:00,2019,5,2,12436,13.34,HOEP (Legacy)
2019-05-03 02:00:00,2019,5,3,12439,13.34,HOEP (Legacy)
2019-05-03 03:00:00,2019,5,4,12520,9.68,HOEP (Legacy)
2019-05-03 04:00:00,2019,5,5,13131,17.31,HOEP (Legacy)
2019-05-03 05:00:00,2019,5,6,14278,27.8,HOEP (Legacy)
2019-05-03 06:00:00,2019,5,7,15500,22.31,HOEP (Legacy)
2019-05-03 07:00:00,2019,5,8,15898,16.45,HOEP (Legacy)
2019-05-03 08:00:00,2019,5,9,15828,13.39,HOEP (Legacy)
2019-05-03 09:00:00,2019,5,10,15814,14.15,HOEP (Legacy)
2019-05-03 10:00:00,2019,5,11,15549,14.18,HOEP (Legacy)
2019-05-03 11:00:00,2019,5,12,15551,13.34,HOEP (Legacy)
2019-05-03 12:00:00,2019,5,13,15423,7.77,HOEP (Legacy)
2019-05-03 13:00:00,2019,5,14,14974,5.88,HOEP (Legacy)
2019-05-03 14:00:00,2019,5,15,14936,5.89,HOEP (Legacy)
2019-05-03 15:00:00,2019,5,16,15066,9.69,HOEP (Legacy)
2019-05-03 16:00:00,2019,5,17,15274,16.24,HOEP (Legacy)
2019-05-03 17:00:00,2019,5,18,15447,14.28,HOEP (Legacy)
2019-05-03 18:00:00,2019,5,19,15496,6.42,HOEP (Legacy)
2019-05-03 19:00:00,2019,5,20,15877,14.41,HOEP (Legacy)
2019-05-03 20:00:00,2019,5,21,15538,11.63,HOEP (Legacy)
2019-05-03 21:00:00,2019,5,22,14648,9.68,HOEP (Legacy)
2019-05-03 22:00:00,2019,5,23,13646,9.68,HOEP (Legacy)
2019-05-03 23:00:00,2019,5,24,12845,7.76,HOEP (Legacy)
2019-05-04 00:00:00,2019,5,1,12261,14.37,HOEP (Legacy)
2019-05-04 01:00:00,2019,5,2,12053,18.62,HOEP (Legacy)
2019-05-04 02:00:00,2019,5,3,11934,15.4,HOEP (Legacy)
2019-05-04 03:00:00,2019,5,4,11846,6.73,HOEP (Legacy)
2019-05-04 04:00:00,2019,5,5,12006,5.85,HOEP (Legacy)
2019-05-04 05:00:00,2019,5,6,12345,10.24,HOEP (Legacy)
2019-05-04 06:00:00,2019,5,7,13028,28.0,HOEP (Legacy)
2019-05-04 07:00:00,2019,5,8,13872,131.14,HOEP (Legacy)
2019-05-04 08:00:00,2019,5,9,14190,26.09,HOEP (Legacy)
2019-05-04 09:00:00,2019,5,10,14251,20.67,HOEP (Legacy)
2019-05-04 10:00:00,2019,5,11,14295,19.73,HOEP (Legacy)
2019-05-04 11:00:00,2019,5,12,14071,18.47,HOEP (Legacy)
2019-05-04 12:00:00,2019,5,13,13666,16.61,HOEP (Legacy)
2019-05-04 13:00:00,2019,5,14,13298,15.06,HOEP (Legacy)
2019-05-04 14:00:00,2019,5,15,13172,15.36,HOEP (Legacy)
2019-05-04 15:00:00,2019,5,16,13336,14.53,HOEP (Legacy)
2019-05-04 16:00:00,2019,5,17,13657,15.19,HOEP (Legacy)
2019-05-04 17:00:00,2019,5,18,13927,21.42,HOEP (Legacy)
2019-05-04 18:00:00,2019,5,19,14074,15.49,HOEP (Legacy)
2019-05-04 19:00:00,2019,5,20,14280,18.79,HOEP (Legacy)
2019-05-04 20:00:00,2019,5,21,14304,16.69,HOEP (Legacy)
2019-05-04 21:00:00,2019,5,22,13725,21.23,HOEP (Legacy)
2019-05-04 22:00:00,2019,5,23,13032,19.93,HOEP (Legacy)
2019-05-04 23:00:00,2019,5,24,12353,17.79,HOEP (Legacy)
2019-05-05 00:00:00,2019,5,1,11841,9.12,HOEP (Legacy)
2019-05-05 01:00:00,2019,5,2,11504,5.93,HOEP (Legacy)
2019-05-05 02:00:00,2019,5,3,11487,5.88,HOEP (Legacy)
2019-05-05 03:00:00,2019,5,4,11565,5.95,HOEP (Legacy)
2019-05-05 04:00:00,2019,5,5,11723,5.94,HOEP (Legacy)
2019-05-05 05:00:00,2019,5,6,11875,6.62,HOEP (Legacy)
2019-05-05 06:00:00,2019,5,7,12192,5.92,HOEP (Legacy)
2019-05-05 07:00:00,2019,5,8,12202,5.81,HOEP (Legacy)
2019-05-05 08:00:00,2019,5,9,12150,12.1,HOEP (Legacy)
2019-05-05 09:00:00,2019,5,10,12011,8.42,HOEP (Legacy)
2019-05-05 10:00:00,2019,5,11,12018,8.97,HOEP (Legacy)
2019-05-05 11:00:00,2019,5,12,11933,6.28,HOEP (Legacy)
2019-05-05 12:00:00,2019,5,13,11881,5.91,HOEP (Legacy)
2019-05-05 13:00:00,2019,5,14,11897,5.72,HOEP (Legacy)
2019-05-05 14:00:00,2019,5,15,11970,5.55,HOEP (Legacy)
2019-05-05 15:00:00,2019,5,16,12543,6.25,HOEP (Legacy)
2019-05-05 16:00:00,2019,5,17,13233,15.94,HOEP (Legacy)
2019-05-05 17:00:00,2019,5,18,13689,23.82,HOEP (Legacy)
2019-05-05 18:00:00,2019,5,19,14065,35.0,HOEP (Legacy)
2019-05-05 19:00:00,2019,5,20,14463,25.72,HOEP (Legacy)
2019-05-05 20:00:00,2019,5,21,14510,25.0,HOEP (Legacy)
2019-05-05 21:00:00,2019,5,22,13580,23.19,HOEP (Legacy)
2019-05-05 22:00:00,2019,5,23,12642,11.04,HOEP (Legacy)
2019-05-05 23:00:00,2019,5,24,11863,4.42,HOEP (Legacy)
2019-05-06 00:00:00,2019,5,1,11440,0.0,HOEP (Legacy)
2019-05-06 01:00:00,2019,5,2,11383,0.0,HOEP (Legacy)
2019-05-06 02:00:00,2019,5,3,11346,-0.52,HOEP (Legacy)
2019-05-06 03:00:00,2019,5,4,11510,-0.5,HOEP (Legacy)
2019-05-06 04:00:00,2019,5,5,12242,9.99,HOEP (Legacy)
2019-05-06 05:00:00,2019,5,6,13310,39.36,HOEP (Legacy)
2019-05-06 06:00:00,2019,5,7,14231,24.7,HOEP (Legacy)
2019-05-06 07:00:00,2019,5,8,14416,5.86,HOEP (Legacy)
2019-05-06 08:00:00,2019,5,9,14329,5.89,HOEP (Legacy)
2019-05-06 09:00:00,2019,5,10,14289,6.67,HOEP (Legacy)
2019-05-06 10:00:00,2019,5,11,14038,5.37,HOEP (Legacy)
2019-05-06 11:00:00,2019,5,12,14067,5.14,HOEP (Legacy)
2019-05-06 12:00:00,2019,5,13,14381,19.45,HOEP (Legacy)
2019-05-06 13:00:00,2019,5,14,14594,15.06,HOEP (Legacy)
2019-05-06 14:00:00,2019,5,15,14541,3.2,HOEP (Legacy)
2019-05-06 15:00:00,2019,5,16,14855,1.79,HOEP (Legacy)
2019-05-06 16:00:00,2019,5,17,15188,6.83,HOEP (Legacy)
2019-05-06 17:00:00,2019,5,18,15466,55.57,HOEP (Legacy)
2019-05-06 18:00:00,2019,5,19,15683,170.06,HOEP (Legacy)
2019-05-06 19:00:00,2019,5,20,16015,65.07,HOEP (Legacy)
2019-05-06 20:00:00,2019,5,21,15393,5.48,HOEP (Legacy)
2019-05-06 21:00:00,2019,5,22,14264,3.66,HOEP (Legacy)
2019-05-06 22:00:00,2019,5,23,13128,3.45,HOEP (Legacy)
2019-05-06 23:00:00,2019,5,24,12349,2.13,HOEP (Legacy)
2019-05-07 00:00:00,2019,5,1,11967,-1.06,HOEP (Legacy)
2019-05-07 01:00:00,2019,5,2,11718,-3.0,HOEP (Legacy)
2019-05-07 02:00:00,2019,5,3,11680,-2.93,HOEP (Legacy)
2019-05-07 03:00:00,2019,5,4,11794,-3.0,HOEP (Legacy)
2019-05-07 04:00:00,2019,5,5,12235,-3.18,HOEP (Legacy)
2019-05-07 05:00:00,2019,5,6,13237,2.76,HOEP (Legacy)
2019-05-07 06:00:00,2019,5,7,14654,19.65,HOEP (Legacy)
2019-05-07 07:00:00,2019,5,8,14968,26.43,HOEP (Legacy)
2019-05-07 08:00:00,2019,5,9,14939,37.21,HOEP (Legacy)
2019-05-07 09:00:00,2019,5,10,14814,8.74,HOEP (Legacy)
2019-05-07 10:00:00,2019,5,11,14530,5.88,HOEP (Legacy)
2019-05-07 11:00:00,2019,5,12,14371,7.59,HOEP (Legacy)
2019-05-07 12:00:00,2019,5,13,14267,8.59,HOEP (Legacy)
2019-05-07 13:00:00,2019,5,14,14078,3.71,HOEP (Legacy)
2019-05-07 14:00:00,2019,5,15,13912,0.55,HOEP (Legacy)
2019-05-07 15:00:00,2019,5,16,14139,0.0,HOEP (Legacy)
2019-05-07 16:00:00,2019,5,17,14443,4.18,HOEP (Legacy)
2019-05-07 17:00:00,2019,5,18,14617,4.44,HOEP (Legacy)
2019-05-07 18:00:00,2019,5,19,15119,17.96,HOEP (Legacy)
2019-05-07 19:00:00,2019,5,20,15584,25.67,HOEP (Legacy)
2019-05-07 20:00:00,2019,5,21,15333,15.93,HOEP (Legacy)
2019-05-07 21:00:00,2019,5,22,14390,9.73,HOEP (Legacy)
2019-05-07 22:00:00,2019,5,23,13307,16.14,HOEP (Legacy)
2019-05-07 23:00:00,2019,5,24,12412,4.88,HOEP (Legacy)
2019-05-08 00:00:00,2019,5,1,12001,0.0,HOEP (Legacy)
2019-05-08 01:00:00,2019,5,2,11882,0.0,HOEP (Legacy)
2019-05-08 02:00:00,2019,5,3,11856,0.0,HOEP (Legacy)
2019-05-08 03:00:00,2019,5,4,11931,0.0,HOEP (Legacy)
2019-05-08 04:00:00,2019,5,5,12407,0.69,HOEP (Legacy)
2019-05-08 05:00:00,2019,5,6,13352,4.14,HOEP (Legacy)
2019-05-08 06:00:00,2019,5,7,14393,5.79,HOEP (Legacy)
2019-05-08 07:00:00,2019,5,8,14300,2.76,HOEP (Legacy)
2019-05-08 08:00:00,2019,5,9,13790,0.68,HOEP (Legacy)
2019-05-08 09:00:00,2019,5,10,13362,0.0,HOEP (Legacy)
2019-05-08 10:00:00,2019,5,11,13183,0.0,HOEP (Legacy)
2019-05-08 11:00:00,2019,5,12,13043,0.0,HOEP (Legacy)
2019-05-08 12:00:00,2019,5,13,13312,0.0,HOEP (Legacy)
2019-05-08 13:00:00,2019,5,14,13260,0.0,HOEP (Legacy)
2019-05-08 14:00:00,2019,5,15,13250,0.0,HOEP (Legacy)
2019-05-08 15:00:00,2019,5,16,13617,0.0,HOEP (Legacy)
2019-05-08 16:00:00,2019,5,17,14110,1.95,HOEP (Legacy)
2019-05-08 17:00:00,2019,5,18,14485,4.26,HOEP (Legacy)
2019-05-08 18:00:00,2019,5,19,14963,5.87,HOEP (Legacy)
2019-05-08 19:00:00,2019,5,20,15423,9.07,HOEP (Legacy)
2019-05-08 20:00:00,2019,5,21,15108,3.31,HOEP (Legacy)
2019-05-08 21:00:00,2019,5,22,14012,0.0,HOEP (Legacy)
2019-05-08 22:00:00,2019,5,23,12799,0.0,HOEP (Legacy)
2019-05-08 23:00:00,2019,5,24,12042,-0.05,HOEP (Legacy)
2019-05-09 00:00:00,2019,5,1,11530,-0.13,HOEP (Legacy)
2019-05-09 01:00:00,2019,5,2,11458,-1.27,HOEP (Legacy)
2019-05-09 02:00:00,2019,5,3,11433,-2.93,HOEP (Legacy)
2019-05-09 03:00:00,2019,5,4,11535,-0.31,HOEP (Legacy)
2019-05-09 04:00:00,2019,5,5,12081,-0.01,HOEP (Legacy)
2019-05-09 05:00:00,2019,5,6,13240,0.0,HOEP (Legacy)
2019-05-09 06:00:00,2019,5,7,14397,0.0,HOEP (Legacy)
2019-05-09 07:00:00,2019,5,8,14773,0.0,HOEP (Legacy)
2019-05-09 08:00:00,2019,5,9,14724,0.43,HOEP (Legacy)
2019-05-09 09:00:00,2019,5,10,14839,5.84,HOEP (Legacy)
2019-05-09 10:00:00,2019,5,11,14788,0.93,HOEP (Legacy)
2019-05-09 11:00:00,2019,5,12,14337,0.0,HOEP (Legacy)
2019-05-09 12:00:00,2019,5,13,14169,0.0,HOEP (Legacy)
2019-05-09 13:00:00,2019,5,14,14617,0.0,HOEP (Legacy)
2019-05-09 14:00:00,2019,5,15,14646,0.0,HOEP (Legacy)
2019-05-09 15:00:00,2019,5,16,15074,6.08,HOEP (Legacy)
2019-05-09 16:00:00,2019,5,17,16033,37.96,HOEP (Legacy)
2019-05-09 17:00:00,2019,5,18,15841,14.89,HOEP (Legacy)
2019-05-09 18:00:00,2019,5,19,15871,5.87,HOEP (Legacy)
2019-05-09 19:00:00,2019,5,20,15978,5.78,HOEP (Legacy)
2019-05-09 20:00:00,2019,5,21,15426,4.33,HOEP (Legacy)
2019-05-09 21:00:00,2019,5,22,14304,0.38,HOEP (Legacy)
2019-05-09 22:00:00,2019,5,23,13157,-0.01,HOEP (Legacy)
2019-05-09 23:00:00,2019,5,24,12445,0.0,HOEP (Legacy)
2019-05-10 00:00:00,2019,5,1,12027,0.0,HOEP (Legacy)
2019-05-10 01:00:00,2019,5,2,11781,0.0,HOEP (Legacy)
2019-05-10 02:00:00,2019,5,3,11684,0.0,HOEP (Legacy)
2019-05-10 03:00:00,2019,5,4,11870,0.0,HOEP (Legacy)
2019-05-10 04:00:00,2019,5,5,12483,2.41,HOEP (Legacy)
2019-05-10 05:00:00,2019,5,6,13536,8.96,HOEP (Legacy)
2019-05-10 06:00:00,2019,5,7,14764,12.86,HOEP (Legacy)
2019-05-10 07:00:00,2019,5,8,15324,14.02,HOEP (Legacy)
2019-05-10 08:00:00,2019,5,9,15437,8.4,HOEP (Legacy)
2019-05-10 09:00:00,2019,5,10,15554,7.75,HOEP (Legacy)
2019-05-10 10:00:00,2019,5,11,15340,5.86,HOEP (Legacy)
2019-05-10 11:00:00,2019,5,12,15005,4.58,HOEP (Legacy)
2019-05-10 12:00:00,2019,5,13,14697,2.88,HOEP (Legacy)
2019-05-10 13:00:00,2019,5,14,14442,0.0,HOEP (Legacy)
2019-05-10 14:00:00,2019,5,15,14116,0.38,HOEP (Legacy)
2019-05-10 15:00:00,2019,5,16,14295,5.19,HOEP (Legacy)
2019-05-10 16:00:00,2019,5,17,14763,16.08,HOEP (Legacy)
2019-05-10 17:00:00,2019,5,18,14933,21.75,HOEP (Legacy)
2019-05-10 18:00:00,2019,5,19,15222,22.14,HOEP (Legacy)
2019-05-10 19:00:00,2019,5,20,15597,20.76,HOEP (Legacy)
2019-05-10 20:00:00,2019,5,21,15429,20.06,HOEP (Legacy)
2019-05-10 21:00:00,2019,5,22,14559,17.11,HOEP (Legacy)
2019-05-10 22:00:00,2019,5,23,13668,26.55,HOEP (Legacy)
2019-05-10 23:00:00,2019,5,24,12702,19.69,HOEP (Legacy)
2019-05-11 00:00:00,2019,5,1,12149,13.35,HOEP (Legacy)
2019-05-11 01:00:00,2019,5,2,11978,13.34,HOEP (Legacy)
2019-05-11 02:00:00,2019,5,3,11868,13.33,HOEP (Legacy)
2019-05-11 03:00:00,2019,5,4,12023,13.32,HOEP (Legacy)
2019-05-11 04:00:00,2019,5,5,12141,11.46,HOEP (Legacy)
2019-05-11 05:00:00,2019,5,6,12354,5.9,HOEP (Legacy)
2019-05-11 06:00:00,2019,5,7,12781,8.16,HOEP (Legacy)
2019-05-11 07:00:00,2019,5,8,13047,7.57,HOEP (Legacy)
2019-05-11 08:00:00,2019,5,9,12968,10.08,HOEP (Legacy)
2019-05-11 09:00:00,2019,5,10,13135,14.12,HOEP (Legacy)
2019-05-11 10:00:00,2019,5,11,13261,30.46,HOEP (Legacy)
2019-05-11 11:00:00,2019,5,12,13012,14.94,HOEP (Legacy)
2019-05-11 12:00:00,2019,5,13,12763,7.68,HOEP (Legacy)
2019-05-11 13:00:00,2019,5,14,12765,5.92,HOEP (Legacy)
2019-05-11 14:00:00,2019,5,15,12868,5.98,HOEP (Legacy)
2019-05-11 15:00:00,2019,5,16,13269,8.49,HOEP (Legacy)
2019-05-11 16:00:00,2019,5,17,13693,11.37,HOEP (Legacy)
2019-05-11 17:00:00,2019,5,18,13952,16.29,HOEP (Legacy)
2019-05-11 18:00:00,2019,5,19,13946,22.78,HOEP (Legacy)
2019-05-11 19:00:00,2019,5,20,14243,18.66,HOEP (Legacy)
2019-05-11 20:00:00,2019,5,21,14072,12.63,HOEP (Legacy)
2019-05-11 21:00:00,2019,5,22,13329,6.46,HOEP (Legacy)
2019-05-11 22:00:00,2019,5,23,12476,5.92,HOEP (Legacy)
2019-05-11 23:00:00,2019,5,24,11927,8.36,HOEP (Legacy)
2019-05-12 00:00:00,2019,5,1,11536,5.33,HOEP (Legacy)
2019-05-12 01:00:00,2019,5,2,11052,0.0,HOEP (Legacy)
2019-05-12 02:00:00,2019,5,3,10877,-0.01,HOEP (Legacy)
2019-05-12 03:00:00,2019,5,4,10871,-2.7,HOEP (Legacy)
2019-05-12 04:00:00,2019,5,5,10834,-1.37,HOEP (Legacy)
2019-05-12 05:00:00,2019,5,6,11277,0.0,HOEP (Legacy)
2019-05-12 06:00:00,2019,5,7,11860,0.0,HOEP (Legacy)
2019-05-12 07:00:00,2019,5,8,12613,0.0,HOEP (Legacy)
2019-05-12 08:00:00,2019,5,9,13011,0.0,HOEP (Legacy)
2019-05-12 09:00:00,2019,5,10,12965,0.0,HOEP (Legacy)
2019-05-12 10:00:00,2019,5,11,12929,0.0,HOEP (Legacy)
2019-05-12 11:00:00,2019,5,12,12979,0.0,HOEP (Legacy)
2019-05-12 12:00:00,2019,5,13,12932,5.59,HOEP (Legacy)
2019-05-12 13:00:00,2019,5,14,13070,5.8,HOEP (Legacy)
2019-05-12 14:00:00,2019,5,15,13221,9.6,HOEP (Legacy)
2019-05-12 15:00:00,2019,5,16,13839,13.35,HOEP (Legacy)
2019-05-12 16:00:00,2019,5,17,14161,12.77,HOEP (Legacy)
2019-05-12 17:00:00,2019,5,18,14317,12.77,HOEP (Legacy)
2019-05-12 18:00:00,2019,5,19,14502,13.37,HOEP (Legacy)
2019-05-12 19:00:00,2019,5,20,14911,13.33,HOEP (Legacy)
2019-05-12 20:00:00,2019,5,21,14620,8.99,HOEP (Legacy)
2019-05-12 21:00:00,2019,5,22,13769,11.48,HOEP (Legacy)
2019-05-12 22:00:00,2019,5,23,12982,12.72,HOEP (Legacy)
2019-05-12 23:00:00,2019,5,24,12386,8.38,HOEP (Legacy)
2019-05-13 00:00:00,2019,5,1,12090,5.84,HOEP (Legacy)
2019-05-13 01:00:00,2019,5,2,11964,5.92,HOEP (Legacy)
2019-05-13 02:00:00,2019,5,3,11973,7.16,HOEP (Legacy)
2019-05-13 03:00:00,2019,5,4,12232,13.32,HOEP (Legacy)
2019-05-13 04:00:00,2019,5,5,12777,11.47,HOEP (Legacy)
2019-05-13 05:00:00,2019,5,6,13979,17.81,HOEP (Legacy)
2019-05-13 06:00:00,2019,5,7,15395,25.87,HOEP (Legacy)
2019-05-13 07:00:00,2019,5,8,15870,25.57,HOEP (Legacy)
2019-05-13 08:00:00,2019,5,9,15997,29.93,HOEP (Legacy)
2019-05-13 09:00:00,2019,5,10,15993,29.1,HOEP (Legacy)
2019-05-13 10:00:00,2019,5,11,15979,26.93,HOEP (Legacy)
2019-05-13 11:00:00,2019,5,12,15776,13.35,HOEP (Legacy)
2019-05-13 12:00:00,2019,5,13,15741,12.4,HOEP (Legacy)
2019-05-13 13:00:00,2019,5,14,15883,13.33,HOEP (Legacy)
2019-05-13 14:00:00,2019,5,15,16042,21.35,HOEP (Legacy)
2019-05-13 15:00:00,2019,5,16,16109,19.15,HOEP (Legacy)
2019-05-13 16:00:00,2019,5,17,16271,15.91,HOEP (Legacy)
2019-05-13 17:00:00,2019,5,18,16169,13.92,HOEP (Legacy)
2019-05-13 18:00:00,2019,5,19,16248,18.66,HOEP (Legacy)
2019-05-13 19:00:00,2019,5,20,16510,20.95,HOEP (Legacy)
2019-05-13 20:00:00,2019,5,21,16076,15.5,HOEP (Legacy)
2019-05-13 21:00:00,2019,5,22,14868,12.98,HOEP (Legacy)
2019-05-13 22:00:00,2019,5,23,13899,14.93,HOEP (Legacy)
2019-05-13 23:00:00,2019,5,24,13057,9.61,HOEP (Legacy)
2019-05-14 00:00:00,2019,5,1,12504,4.34,HOEP (Legacy)
2019-05-14 01:00:00,2019,5,2,12221,0.93,HOEP (Legacy)
2019-05-14 02:00:00,2019,5,3,12187,0.46,HOEP (Legacy)
2019-05-14 03:00:00,2019,5,4,12289,0.49,HOEP (Legacy)
2019-05-14 04:00:00,2019,5,5,12807,2.91,HOEP (Legacy)
2019-05-14 05:00:00,2019,5,6,14119,15.0,HOEP (Legacy)
2019-05-14 06:00:00,2019,5,7,15294,26.72,HOEP (Legacy)
2019-05-14 07:00:00,2019,5,8,15662,14.36,HOEP (Legacy)
2019-05-14 08:00:00,2019,5,9,15478,13.35,HOEP (Legacy)
2019-05-14 09:00:00,2019,5,10,15235,13.35,HOEP (Legacy)
2019-05-14 10:00:00,2019,5,11,15163,11.48,HOEP (Legacy)
2019-05-14 11:00:00,2019,5,12,15011,12.86,HOEP (Legacy)
2019-05-14 12:00:00,2019,5,13,14971,13.37,HOEP (Legacy)
2019-05-14 13:00:00,2019,5,14,14699,9.64,HOEP (Legacy)
2019-05-14 14:00:00,2019,5,15,14565,13.34,HOEP (Legacy)
2019-05-14 15:00:00,2019,5,16,14809,12.5,HOEP (Legacy)
2019-05-14 16:00:00,2019,5,17,15114,11.58,HOEP (Legacy)
2019-05-14 17:00:00,2019,5,18,15202,13.07,HOEP (Legacy)
2019-05-14 18:00:00,2019,5,19,15451,15.71,HOEP (Legacy)
2019-05-14 19:00:00,2019,5,20,15781,15.19,HOEP (Legacy)
2019-05-14 20:00:00,2019,5,21,15848,22.78,HOEP (Legacy)
2019-05-14 21:00:00,2019,5,22,14750,13.16,HOEP (Legacy)
2019-05-14 22:00:00,2019,5,23,13585,7.62,HOEP (Legacy)
2019-05-14 23:00:00,2019,5,24,12846,6.34,HOEP (Legacy)
2019-05-15 00:00:00,2019,5,1,12313,0.47,HOEP (Legacy)
2019-05-15 01:00:00,2019,5,2,12057,0.0,HOEP (Legacy)
2019-05-15 02:00:00,2019,5,3,12004,0.0,HOEP (Legacy)
2019-05-15 03:00:00,2019,5,4,12044,0.0,HOEP (Legacy)
2019-05-15 04:00:00,2019,5,5,12595,-0.26,HOEP (Legacy)
2019-05-15 05:00:00,2019,5,6,13705,5.04,HOEP (Legacy)
2019-05-15 06:00:00,2019,5,7,14816,8.88,HOEP (Legacy)
2019-05-15 07:00:00,2019,5,8,15016,7.11,HOEP (Legacy)
2019-05-15 08:00:00,2019,5,9,14703,5.82,HOEP (Legacy)
2019-05-15 09:00:00,2019,5,10,14439,0.39,HOEP (Legacy)
2019-05-15 10:00:00,2019,5,11,14198,5.21,HOEP (Legacy)
2019-05-15 11:00:00,2019,5,12,14229,4.95,HOEP (Legacy)
2019-05-15 12:00:00,2019,5,13,14457,5.22,HOEP (Legacy)
2019-05-15 13:00:00,2019,5,14,14394,4.03,HOEP (Legacy)
2019-05-15 14:00:00,2019,5,15,14507,4.37,HOEP (Legacy)
2019-05-15 15:00:00,2019,5,16,14840,4.68,HOEP (Legacy)
2019-05-15 16:00:00,2019,5,17,15301,28.07,HOEP (Legacy)
2019-05-15 17:00:00,2019,5,18,15358,17.33,HOEP (Legacy)
2019-05-15 18:00:00,2019,5,19,15383,12.33,HOEP (Legacy)
2019-05-15 19:00:00,2019,5,20,15664,14.35,HOEP (Legacy)
2019-05-15 20:00:00,2019,5,21,15579,10.8,HOEP (Legacy)
2019-05-15 21:00:00,2019,5,22,14602,8.93,HOEP (Legacy)
2019-05-15 22:00:00,2019,5,23,13428,3.97,HOEP (Legacy)
2019-05-15 23:00:00,2019,5,24,12512,3.21,HOEP (Legacy)
2019-05-16 00:00:00,2019,5,1,12021,-0.02,HOEP (Legacy)
2019-05-16 01:00:00,2019,5,2,11803,1.9,HOEP (Legacy)
2019-05-16 02:00:00,2019,5,3,11726,-0.01,HOEP (Legacy)
2019-05-16 03:00:00,2019,5,4,11821,1.92,HOEP (Legacy)
2019-05-16 04:00:00,2019,5,5,12375,4.62,HOEP (Legacy)
2019-05-16 05:00:00,2019,5,6,13402,5.84,HOEP (Legacy)
2019-05-16 06:00:00,2019,5,7,14601,12.98,HOEP (Legacy)
2019-05-16 07:00:00,2019,5,8,14674,8.08,HOEP (Legacy)
2019-05-16 08:00:00,2019,5,9,14496,5.8,HOEP (Legacy)
2019-05-16 09:00:00,2019,5,10,14311,5.92,HOEP (Legacy)
2019-05-16 10:00:00,2019,5,11,14313,5.83,HOEP (Legacy)
2019-05-16 11:00:00,2019,5,12,14198,2.6,HOEP (Legacy)
2019-05-16 12:00:00,2019,5,13,14306,3.38,HOEP (Legacy)
2019-05-16 13:00:00,2019,5,14,14292,0.0,HOEP (Legacy)
2019-05-16 14:00:00,2019,5,15,14191,0.0,HOEP (Legacy)
2019-05-16 15:00:00,2019,5,16,14613,0.0,HOEP (Legacy)
2019-05-16 16:00:00,2019,5,17,15054,5.24,HOEP (Legacy)
2019-05-16 17:00:00,2019,5,18,15297,4.94,HOEP (Legacy)
2019-05-16 18:00:00,2019,5,19,15543,5.83,HOEP (Legacy)
2019-05-16 19:00:00,2019,5,20,15843,4.73,HOEP (Legacy)
2019-05-16 20:00:00,2019,5,21,15379,0.0,HOEP (Legacy)
2019-05-16 21:00:00,2019,5,22,14424,0.4,HOEP (Legacy)
2019-05-16 22:00:00,2019,5,23,13380,0.0,HOEP (Legacy)
2019-05-16 23:00:00,2019,5,24,12597,0.0,HOEP (Legacy)
2019-05-17 00:00:00,2019,5,1,12228,0.0,HOEP (Legacy)
2019-05-17 01:00:00,2019,5,2,11963,0.0,HOEP (Legacy)
2019-05-17 02:00:00,2019,5,3,11849,0.0,HOEP (Legacy)
2019-05-17 03:00:00,2019,5,4,11918,0.0,HOEP (Legacy)
2019-05-17 04:00:00,2019,5,5,12368,2.7,HOEP (Legacy)
2019-05-17 05:00:00,2019,5,6,13486,5.83,HOEP (Legacy)
2019-05-17 06:00:00,2019,5,7,14513,5.79,HOEP (Legacy)
2019-05-17 07:00:00,2019,5,8,14841,5.86,HOEP (Legacy)
2019-05-17 08:00:00,2019,5,9,14744,1.91,HOEP (Legacy)
2019-05-17 09:00:00,2019,5,10,14599,0.0,HOEP (Legacy)
2019-05-17 10:00:00,2019,5,11,14415,0.0,HOEP (Legacy)
2019-05-17 11:00:00,2019,5,12,14166,0.0,HOEP (Legacy)
2019-05-17 12:00:00,2019,5,13,14005,0.46,HOEP (Legacy)
2019-05-17 13:00:00,2019,5,14,13822,0.0,HOEP (Legacy)
2019-05-17 14:00:00,2019,5,15,13645,0.0,HOEP (Legacy)
2019-05-17 15:00:00,2019,5,16,13715,0.0,HOEP (Legacy)
2019-05-17 16:00:00,2019,5,17,14255,0.95,HOEP (Legacy)
2019-05-17 17:00:00,2019,5,18,14604,14.05,HOEP (Legacy)
2019-05-17 18:00:00,2019,5,19,14887,13.04,HOEP (Legacy)
2019-05-17 19:00:00,2019,5,20,14960,19.34,HOEP (Legacy)
2019-05-17 20:00:00,2019,5,21,15028,25.6,HOEP (Legacy)
2019-05-17 21:00:00,2019,5,22,14261,13.6,HOEP (Legacy)
2019-05-17 22:00:00,2019,5,23,13106,8.7,HOEP (Legacy)
2019-05-17 23:00:00,2019,5,24,12410,10.11,HOEP (Legacy)
2019-05-18 00:00:00,2019,5,1,11964,6.91,HOEP (Legacy)
2019-05-18 01:00:00,2019,5,2,11652,5.9,HOEP (Legacy)
2019-05-18 02:00:00,2019,5,3,11579,5.83,HOEP (Legacy)
2019-05-18 03:00:00,2019,5,4,11584,0.0,HOEP (Legacy)
2019-05-18 04:00:00,2019,5,5,11722,0.0,HOEP (Legacy)
2019-05-18 05:00:00,2019,5,6,11842,2.89,HOEP (Legacy)
2019-05-18 06:00:00,2019,5,7,12281,5.86,HOEP (Legacy)
2019-05-18 07:00:00,2019,5,8,12643,-0.01,HOEP (Legacy)
2019-05-18 08:00:00,2019,5,9,12927,2.1,HOEP (Legacy)
2019-05-18 09:00:00,2019,5,10,13121,5.82,HOEP (Legacy)
2019-05-18 10:00:00,2019,5,11,13162,3.12,HOEP (Legacy)
2019-05-18 11:00:00,2019,5,12,13047,0.0,HOEP (Legacy)
2019-05-18 12:00:00,2019,5,13,12910,0.94,HOEP (Legacy)
2019-05-18 13:00:00,2019,5,14,12850,0.0,HOEP (Legacy)
2019-05-18 14:00:00,2019,5,15,12903,0.04,HOEP (Legacy)
2019-05-18 15:00:00,2019,5,16,13220,5.75,HOEP (Legacy)
2019-05-18 16:00:00,2019,5,17,13616,3.67,HOEP (Legacy)
2019-05-18 17:00:00,2019,5,18,13835,0.67,HOEP (Legacy)
2019-05-18 18:00:00,2019,5,19,13945,0.04,HOEP (Legacy)
2019-05-18 19:00:00,2019,5,20,14145,2.0,HOEP (Legacy)
2019-05-18 20:00:00,2019,5,21,13916,0.96,HOEP (Legacy)
2019-05-18 21:00:00,2019,5,22,13142,0.0,HOEP (Legacy)
2019-05-18 22:00:00,2019,5,23,12340,-1.72,HOEP (Legacy)
2019-05-18 23:00:00,2019,5,24,11640,-3.37,HOEP (Legacy)
2019-05-19 00:00:00,2019,5,1,11276,-2.46,HOEP (Legacy)
2019-05-19 01:00:00,2019,5,2,11087,-3.74,HOEP (Legacy)
2019-05-19 02:00:00,2019,5,3,11037,-4.16,HOEP (Legacy)
2019-05-19 03:00:00,2019,5,4,10879,-4.2,HOEP (Legacy)
2019-05-19 04:00:00,2019,5,5,11044,-3.09,HOEP (Legacy)
2019-05-19 05:00:00,2019,5,6,11249,-3.28,HOEP (Legacy)
2019-05-19 06:00:00,2019,5,7,11482,-3.2,HOEP (Legacy)
2019-05-19 07:00:00,2019,5,8,11893,-3.74,HOEP (Legacy)
2019-05-19 08:00:00,2019,5,9,12091,-3.0,HOEP (Legacy)
2019-05-19 09:00:00,2019,5,10,12200,-3.0,HOEP (Legacy)
2019-05-19 10:00:00,2019,5,11,12288,-3.0,HOEP (Legacy)
2019-05-19 11:00:00,2019,5,12,12263,-3.0,HOEP (Legacy)
2019-05-19 12:00:00,2019,5,13,12241,-3.0,HOEP (Legacy)
2019-05-19 13:00:00,2019,5,14,12105,-3.0,HOEP (Legacy)
2019-05-19 14:00:00,2019,5,15,12453,-1.09,HOEP (Legacy)
2019-05-19 15:00:00,2019,5,16,13209,-0.01,HOEP (Legacy)
2019-05-19 16:00:00,2019,5,17,13654,0.0,HOEP (Legacy)
2019-05-19 17:00:00,2019,5,18,14031,0.0,HOEP (Legacy)
2019-05-19 18:00:00,2019,5,19,14154,0.0,HOEP (Legacy)
2019-05-19 19:00:00,2019,5,20,14223,0.0,HOEP (Legacy)
2019-05-19 20:00:00,2019,5,21,13927,0.0,HOEP (Legacy)
2019-05-19 21:00:00,2019,5,22,13054,-0.01,HOEP (Legacy)
2019-05-19 22:00:00,2019,5,23,12353,-1.47,HOEP (Legacy)
2019-05-19 23:00:00,2019,5,24,11715,-3.38,HOEP (Legacy)
2019-05-20 00:00:00,2019,5,1,10961,-4.18,HOEP (Legacy)
2019-05-20 01:00:00,2019,5,2,10654,-4.35,HOEP (Legacy)
2019-05-20 02:00:00,2019,5,3,10428,-4.41,HOEP (Legacy)
2019-05-20 03:00:00,2019,5,4,10328,-4.45,HOEP (Legacy)
2019-05-20 04:00:00,2019,5,5,10462,-4.38,HOEP (Legacy)
2019-05-20 05:00:00,2019,5,6,10593,-4.28,HOEP (Legacy)
2019-05-20 06:00:00,2019,5,7,11098,-4.13,HOEP (Legacy)
2019-05-20 07:00:00,2019,5,8,11588,-3.46,HOEP (Legacy)
2019-05-20 08:00:00,2019,5,9,12083,-3.0,HOEP (Legacy)
2019-05-20 09:00:00,2019,5,10,12350,-3.0,HOEP (Legacy)
2019-05-20 10:00:00,2019,5,11,12454,-3.0,HOEP (Legacy)
2019-05-20 11:00:00,2019,5,12,12645,-3.0,HOEP (Legacy)
2019-05-20 12:00:00,2019,5,13,12521,-3.0,HOEP (Legacy)
2019-05-20 13:00:00,2019,5,14,12486,-3.0,HOEP (Legacy)
2019-05-20 14:00:00,2019,5,15,12524,-3.0,HOEP (Legacy)
2019-05-20 15:00:00,2019,5,16,12799,-0.25,HOEP (Legacy)
2019-05-20 16:00:00,2019,5,17,13420,0.0,HOEP (Legacy)
2019-05-20 17:00:00,2019,5,18,13712,0.0,HOEP (Legacy)
2019-05-20 18:00:00,2019,5,19,13959,0.0,HOEP (Legacy)
2019-05-20 19:00:00,2019,5,20,14285,7.57,HOEP (Legacy)
2019-05-20 20:00:00,2019,5,21,14216,0.0,HOEP (Legacy)
2019-05-20 21:00:00,2019,5,22,13475,1.42,HOEP (Legacy)
2019-05-20 22:00:00,2019,5,23,12638,5.78,HOEP (Legacy)
2019-05-20 23:00:00,2019,5,24,12227,4.31,HOEP (Legacy)
2019-05-21 00:00:00,2019,5,1,11752,5.21,HOEP (Legacy)
2019-05-21 01:00:00,2019,5,2,11480,-4.13,HOEP (Legacy)
2019-05-21 02:00:00,2019,5,3,11500,-4.28,HOEP (Legacy)
2019-05-21 03:00:00,2019,5,4,11595,-4.19,HOEP (Legacy)
2019-05-21 04:00:00,2019,5,5,12162,-1.94,HOEP (Legacy)
2019-05-21 05:00:00,2019,5,6,13200,1.67,HOEP (Legacy)
2019-05-21 06:00:00,2019,5,7,14276,3.85,HOEP (Legacy)
2019-05-21 07:00:00,2019,5,8,14476,-1.0,HOEP (Legacy)
2019-05-21 08:00:00,2019,5,9,14084,-0.46,HOEP (Legacy)
2019-05-21 09:00:00,2019,5,10,13971,2.29,HOEP (Legacy)
2019-05-21 10:00:00,2019,5,11,13905,5.31,HOEP (Legacy)
2019-05-21 11:00:00,2019,5,12,13832,-2.78,HOEP (Legacy)
2019-05-21 12:00:00,2019,5,13,13898,-1.43,HOEP (Legacy)
2019-05-21 13:00:00,2019,5,14,13972,-2.53,HOEP (Legacy)
2019-05-21 14:00:00,2019,5,15,14082,0.0,HOEP (Legacy)
2019-05-21 15:00:00,2019,5,16,14306,-0.49,HOEP (Legacy)
2019-05-21 16:00:00,2019,5,17,14711,6.3,HOEP (Legacy)
2019-05-21 17:00:00,2019,5,18,15005,8.99,HOEP (Legacy)
2019-05-21 18:00:00,2019,5,19,15347,10.15,HOEP (Legacy)
2019-05-21 19:00:00,2019,5,20,15760,12.58,HOEP (Legacy)
2019-05-21 20:00:00,2019,5,21,15848,18.91,HOEP (Legacy)
2019-05-21 21:00:00,2019,5,22,14732,3.8,HOEP (Legacy)
2019-05-21 22:00:00,2019,5,23,13450,5.47,HOEP (Legacy)
2019-05-21 23:00:00,2019,5,24,12592,4.35,HOEP (Legacy)
2019-05-22 00:00:00,2019,5,1,12060,-0.01,HOEP (Legacy)
2019-05-22 01:00:00,2019,5,2,11789,-3.46,HOEP (Legacy)
2019-05-22 02:00:00,2019,5,3,11731,-3.83,HOEP (Legacy)
2019-05-22 03:00:00,2019,5,4,11881,-3.0,HOEP (Legacy)
2019-05-22 04:00:00,2019,5,5,12269,-2.07,HOEP (Legacy)
2019-05-22 05:00:00,2019,5,6,13108,-0.03,HOEP (Legacy)
2019-05-22 06:00:00,2019,5,7,14141,-0.01,HOEP (Legacy)
2019-05-22 07:00:00,2019,5,8,14373,0.0,HOEP (Legacy)
2019-05-22 08:00:00,2019,5,9,14341,0.0,HOEP (Legacy)
2019-05-22 09:00:00,2019,5,10,14340,0.0,HOEP (Legacy)
2019-05-22 10:00:00,2019,5,11,14357,0.0,HOEP (Legacy)
2019-05-22 11:00:00,2019,5,12,14502,0.0,HOEP (Legacy)
2019-05-22 12:00:00,2019,5,13,14779,0.0,HOEP (Legacy)
2019-05-22 13:00:00,2019,5,14,14680,0.0,HOEP (Legacy)
2019-05-22 14:00:00,2019,5,15,14757,0.0,HOEP (Legacy)
2019-05-22 15:00:00,2019,5,16,15275,6.74,HOEP (Legacy)
2019-05-22 16:00:00,2019,5,17,15587,17.08,HOEP (Legacy)
2019-05-22 17:00:00,2019,5,18,15473,4.08,HOEP (Legacy)
2019-05-22 18:00:00,2019,5,19,15776,19.42,HOEP (Legacy)
2019-05-22 19:00:00,2019,5,20,15933,18.91,HOEP (Legacy)
2019-05-22 20:00:00,2019,5,21,15740,8.98,HOEP (Legacy)
2019-05-22 21:00:00,2019,5,22,14575,0.94,HOEP (Legacy)
2019-05-22 22:00:00,2019,5,23,13188,-0.21,HOEP (Legacy)
2019-05-22 23:00:00,2019,5,24,12134,-0.54,HOEP (Legacy)
2019-05-23 00:00:00,2019,5,1,11691,-2.77,HOEP (Legacy)
2019-05-23 01:00:00,2019,5,2,11431,-3.0,HOEP (Legacy)
2019-05-23 02:00:00,2019,5,3,11377,-3.0,HOEP (Legacy)
2019-05-23 03:00:00,2019,5,4,11463,-3.0,HOEP (Legacy)
2019-05-23 04:00:00,2019,5,5,12074,-0.06,HOEP (Legacy)
2019-05-23 05:00:00,2019,5,6,13238,0.0,HOEP (Legacy)
2019-05-23 06:00:00,2019,5,7,14598,0.0,HOEP (Legacy)
2019-05-23 07:00:00,2019,5,8,15023,0.0,HOEP (Legacy)
2019-05-23 08:00:00,2019,5,9,15195,0.0,HOEP (Legacy)
2019-05-23 09:00:00,2019,5,10,15390,0.0,HOEP (Legacy)
2019-05-23 10:00:00,2019,5,11,15174,0.0,HOEP (Legacy)
2019-05-23 11:00:00,2019,5,12,14702,0.0,HOEP (Legacy)
2019-05-23 12:00:00,2019,5,13,14722,0.0,HOEP (Legacy)
2019-05-23 13:00:00,2019,5,14,14538,0.0,HOEP (Legacy)
2019-05-23 14:00:00,2019,5,15,14661,0.0,HOEP (Legacy)
2019-05-23 15:00:00,2019,5,16,14983,0.0,HOEP (Legacy)
2019-05-23 16:00:00,2019,5,17,15151,0.0,HOEP (Legacy)
2019-05-23 17:00:00,2019,5,18,15149,0.0,HOEP (Legacy)
2019-05-23 18:00:00,2019,5,19,15255,0.0,HOEP (Legacy)
2019-05-23 19:00:00,2019,5,20,15284,0.0,HOEP (Legacy)
2019-05-23 20:00:00,2019,5,21,15461,0.0,HOEP (Legacy)
2019-05-23 21:00:00,2019,5,22,14461,-1.3,HOEP (Legacy)
2019-05-23 22:00:00,2019,5,23,13361,-0.26,HOEP (Legacy)
2019-05-23 23:00:00,2019,5,24,12449,-1.96,HOEP (Legacy)
2019-05-24 00:00:00,2019,5,1,11875,-3.0,HOEP (Legacy)
2019-05-24 01:00:00,2019,5,2,11559,-4.1,HOEP (Legacy)
2019-05-24 02:00:00,2019,5,3,11468,-4.11,HOEP (Legacy)
2019-05-24 03:00:00,2019,5,4,11547,-3.55,HOEP (Legacy)
2019-05-24 04:00:00,2019,5,5,12147,-1.0,HOEP (Legacy)
2019-05-24 05:00:00,2019,5,6,13136,5.89,HOEP (Legacy)
2019-05-24 06:00:00,2019,5,7,14473,7.58,HOEP (Legacy)
2019-05-24 07:00:00,2019,5,8,14896,25.11,HOEP (Legacy)
2019-05-24 08:00:00,2019,5,9,14806,5.09,HOEP (Legacy)
2019-05-24 09:00:00,2019,5,10,14736,-1.61,HOEP (Legacy)
2019-05-24 10:00:00,2019,5,11,14758,5.74,HOEP (Legacy)
2019-05-24 11:00:00,2019,5,12,14600,0.48,HOEP (Legacy)
2019-05-24 12:00:00,2019,5,13,14519,7.44,HOEP (Legacy)
2019-05-24 13:00:00,2019,5,14,14495,16.15,HOEP (Legacy)
2019-05-24 14:00:00,2019,5,15,14552,9.57,HOEP (Legacy)
2019-05-24 15:00:00,2019,5,16,14822,9.95,HOEP (Legacy)
2019-05-24 16:00:00,2019,5,17,15136,5.98,HOEP (Legacy)
2019-05-24 17:00:00,2019,5,18,15093,4.8,HOEP (Legacy)
2019-05-24 18:00:00,2019,5,19,15231,5.77,HOEP (Legacy)
2019-05-24 19:00:00,2019,5,20,15399,6.05,HOEP (Legacy)
2019-05-24 20:00:00,2019,5,21,15410,7.97,HOEP (Legacy)
2019-05-24 21:00:00,2019,5,22,14515,2.06,HOEP (Legacy)
2019-05-24 22:00:00,2019,5,23,13312,-3.47,HOEP (Legacy)
2019-05-24 23:00:00,2019,5,24,12273,-4.18,HOEP (Legacy)
2019-05-25 00:00:00,2019,5,1,11553,-4.33,HOEP (Legacy)
2019-05-25 01:00:00,2019,5,2,11152,-4.33,HOEP (Legacy)
2019-05-25 02:00:00,2019,5,3,10861,-4.02,HOEP (Legacy)
2019-05-25 03:00:00,2019,5,4,10855,-4.11,HOEP (Legacy)
2019-05-25 04:00:00,2019,5,5,11026,-4.42,HOEP (Legacy)
2019-05-25 05:00:00,2019,5,6,11277,-4.54,HOEP (Legacy)
2019-05-25 06:00:00,2019,5,7,11886,-4.31,HOEP (Legacy)
2019-05-25 07:00:00,2019,5,8,12745,-3.0,HOEP (Legacy)
2019-05-25 08:00:00,2019,5,9,13382,-1.34,HOEP (Legacy)
2019-05-25 09:00:00,2019,5,10,13963,-1.73,HOEP (Legacy)
2019-05-25 10:00:00,2019,5,11,14035,-0.09,HOEP (Legacy)
2019-05-25 11:00:00,2019,5,12,14070,-0.48,HOEP (Legacy)
2019-05-25 12:00:00,2019,5,13,13770,-2.7,HOEP (Legacy)
2019-05-25 13:00:00,2019,5,14,13517,-2.16,HOEP (Legacy)
2019-05-25 14:00:00,2019,5,15,13648,-0.12,HOEP (Legacy)
2019-05-25 15:00:00,2019,5,16,14155,-0.05,HOEP (Legacy)
2019-05-25 16:00:00,2019,5,17,14838,0.0,HOEP (Legacy)
2019-05-25 17:00:00,2019,5,18,14972,0.0,HOEP (Legacy)
2019-05-25 18:00:00,2019,5,19,14610,0.0,HOEP (Legacy)
2019-05-25 19:00:00,2019,5,20,14325,0.0,HOEP (Legacy)
2019-05-25 20:00:00,2019,5,21,14165,0.0,HOEP (Legacy)
2019-05-25 21:00:00,2019,5,22,13588,-2.37,HOEP (Legacy)
2019-05-25 22:00:00,2019,5,23,12464,-2.95,HOEP (Legacy)
2019-05-25 23:00:00,2019,5,24,11693,-4.32,HOEP (Legacy)
2019-05-26 00:00:00,2019,5,1,11256,-4.69,HOEP (Legacy)
2019-05-26 01:00:00,2019,5,2,11072,-4.7,HOEP (Legacy)
2019-05-26 02:00:00,2019,5,3,11069,-4.77,HOEP (Legacy)
2019-05-26 03:00:00,2019,5,4,11035,-4.83,HOEP (Legacy)
2019-05-26 04:00:00,2019,5,5,11064,-6.58,HOEP (Legacy)
2019-05-26 05:00:00,2019,5,6,11127,-4.86,HOEP (Legacy)
2019-05-26 06:00:00,2019,5,7,11590,-31.03,HOEP (Legacy)
2019-05-26 07:00:00,2019,5,8,12350,-4.48,HOEP (Legacy)
2019-05-26 08:00:00,2019,5,9,12610,-4.1,HOEP (Legacy)
2019-05-26 09:00:00,2019,5,10,12694,-0.26,HOEP (Legacy)
2019-05-26 10:00:00,2019,5,11,12902,0.38,HOEP (Legacy)
2019-05-26 11:00:00,2019,5,12,13015,-4.1,HOEP (Legacy)
2019-05-26 12:00:00,2019,5,13,13027,-4.1,HOEP (Legacy)
2019-05-26 13:00:00,2019,5,14,12966,-3.0,HOEP (Legacy)
2019-05-26 14:00:00,2019,5,15,13138,-2.13,HOEP (Legacy)
2019-05-26 15:00:00,2019,5,16,13667,1.21,HOEP (Legacy)
2019-05-26 16:00:00,2019,5,17,14263,4.97,HOEP (Legacy)
2019-05-26 17:00:00,2019,5,18,14256,-2.93,HOEP (Legacy)
2019-05-26 18:00:00,2019,5,19,14530,5.72,HOEP (Legacy)
2019-05-26 19:00:00,2019,5,20,14777,5.83,HOEP (Legacy)
2019-05-26 20:00:00,2019,5,21,14807,5.21,HOEP (Legacy)
2019-05-26 21:00:00,2019,5,22,14118,9.68,HOEP (Legacy)
2019-05-26 22:00:00,2019,5,23,12999,3.05,HOEP (Legacy)
2019-05-26 23:00:00,2019,5,24,12057,-3.99,HOEP (Legacy)
2019-05-27 00:00:00,2019,5,1,11493,-4.53,HOEP (Legacy)
2019-05-27 01:00:00,2019,5,2,11200,-4.73,HOEP (Legacy)
2019-05-27 02:00:00,2019,5,3,11300,-4.73,HOEP (Legacy)
2019-05-27 03:00:00,2019,5,4,11556,-4.5,HOEP (Legacy)
2019-05-27 04:00:00,2019,5,5,11793,-4.75,HOEP (Legacy)
2019-05-27 05:00:00,2019,5,6,12744,-3.49,HOEP (Legacy)
2019-05-27 06:00:00,2019,5,7,13997,5.17,HOEP (Legacy)
2019-05-27 07:00:00,2019,5,8,14413,6.02,HOEP (Legacy)
2019-05-27 08:00:00,2019,5,9,14331,6.02,HOEP (Legacy)
2019-05-27 09:00:00,2019,5,10,14594,9.79,HOEP (Legacy)
2019-05-27 10:00:00,2019,5,11,14741,8.73,HOEP (Legacy)
2019-05-27 11:00:00,2019,5,12,14711,5.94,HOEP (Legacy)
2019-05-27 12:00:00,2019,5,13,14694,5.88,HOEP (Legacy)
2019-05-27 13:00:00,2019,5,14,14764,5.89,HOEP (Legacy)
2019-05-27 14:00:00,2019,5,15,14778,5.92,HOEP (Legacy)
2019-05-27 15:00:00,2019,5,16,15298,5.98,HOEP (Legacy)
2019-05-27 16:00:00,2019,5,17,15591,24.94,HOEP (Legacy)
2019-05-27 17:00:00,2019,5,18,15829,15.48,HOEP (Legacy)
2019-05-27 18:00:00,2019,5,19,15912,8.77,HOEP (Legacy)
2019-05-27 19:00:00,2019,5,20,15960,24.42,HOEP (Legacy)
2019-05-27 20:00:00,2019,5,21,15765,11.73,HOEP (Legacy)
2019-05-27 21:00:00,2019,5,22,14584,5.85,HOEP (Legacy)
2019-05-27 22:00:00,2019,5,23,13294,1.33,HOEP (Legacy)
2019-05-27 23:00:00,2019,5,24,12344,-2.56,HOEP (Legacy)
2019-05-28 00:00:00,2019,5,1,11806,-4.14,HOEP (Legacy)
2019-05-28 01:00:00,2019,5,2,11514,-4.3,HOEP (Legacy)
2019-05-28 02:00:00,2019,5,3,11403,-4.35,HOEP (Legacy)
2019-05-28 03:00:00,2019,5,4,11411,-4.19,HOEP (Legacy)
2019-05-28 04:00:00,2019,5,5,12090,-3.65,HOEP (Legacy)
2019-05-28 05:00:00,2019,5,6,13354,-0.53,HOEP (Legacy)
2019-05-28 06:00:00,2019,5,7,14668,3.73,HOEP (Legacy)
2019-05-28 07:00:00,2019,5,8,15229,0.93,HOEP (Legacy)
2019-05-28 08:00:00,2019,5,9,15447,5.84,HOEP (Legacy)
2019-05-28 09:00:00,2019,5,10,15479,2.21,HOEP (Legacy)
2019-05-28 10:00:00,2019,5,11,15500,5.37,HOEP (Legacy)
2019-05-28 11:00:00,2019,5,12,15467,3.1,HOEP (Legacy)
2019-05-28 12:00:00,2019,5,13,15537,2.92,HOEP (Legacy)
2019-05-28 13:00:00,2019,5,14,15307,2.92,HOEP (Legacy)
2019-05-28 14:00:00,2019,5,15,15284,6.24,HOEP (Legacy)
2019-05-28 15:00:00,2019,5,16,15586,10.08,HOEP (Legacy)
2019-05-28 16:00:00,2019,5,17,15847,22.31,HOEP (Legacy)
2019-05-28 17:00:00,2019,5,18,15660,0.0,HOEP (Legacy)
2019-05-28 18:00:00,2019,5,19,15754,4.71,HOEP (Legacy)
2019-05-28 19:00:00,2019,5,20,15878,5.88,HOEP (Legacy)
2019-05-28 20:00:00,2019,5,21,15734,3.85,HOEP (Legacy)
2019-05-28 21:00:00,2019,5,22,14712,9.33,HOEP (Legacy)
2019-05-28 22:00:00,2019,5,23,13654,8.69,HOEP (Legacy)
2019-05-28 23:00:00,2019,5,24,12823,5.77,HOEP (Legacy)
2019-05-29 00:00:00,2019,5,1,12174,-0.38,HOEP (Legacy)
2019-05-29 01:00:00,2019,5,2,11818,-4.1,HOEP (Legacy)
2019-05-29 02:00:00,2019,5,3,11810,-4.1,HOEP (Legacy)
2019-05-29 03:00:00,2019,5,4,11915,-4.35,HOEP (Legacy)
2019-05-29 04:00:00,2019,5,5,12474,-2.48,HOEP (Legacy)
2019-05-29 05:00:00,2019,5,6,13443,6.01,HOEP (Legacy)
2019-05-29 06:00:00,2019,5,7,14851,12.26,HOEP (Legacy)
2019-05-29 07:00:00,2019,5,8,15392,9.08,HOEP (Legacy)
2019-05-29 08:00:00,2019,5,9,15357,21.71,HOEP (Legacy)
2019-05-29 09:00:00,2019,5,10,15323,6.57,HOEP (Legacy)
2019-05-29 10:00:00,2019,5,11,15202,7.14,HOEP (Legacy)
2019-05-29 11:00:00,2019,5,12,15057,5.72,HOEP (Legacy)
2019-05-29 12:00:00,2019,5,13,14879,5.68,HOEP (Legacy)
2019-05-29 13:00:00,2019,5,14,14820,5.37,HOEP (Legacy)
2019-05-29 14:00:00,2019,5,15,14635,-0.19,HOEP (Legacy)
2019-05-29 15:00:00,2019,5,16,14954,5.06,HOEP (Legacy)
2019-05-29 16:00:00,2019,5,17,15384,13.27,HOEP (Legacy)
2019-05-29 17:00:00,2019,5,18,15303,6.14,HOEP (Legacy)
2019-05-29 18:00:00,2019,5,19,15487,11.85,HOEP (Legacy)
2019-05-29 19:00:00,2019,5,20,15672,6.56,HOEP (Legacy)
2019-05-29 20:00:00,2019,5,21,15702,13.58,HOEP (Legacy)
2019-05-29 21:00:00,2019,5,22,14861,2.81,HOEP (Legacy)
2019-05-29 22:00:00,2019,5,23,13671,1.33,HOEP (Legacy)
2019-05-29 23:00:00,2019,5,24,12746,-1.81,HOEP (Legacy)
2019-05-30 00:00:00,2019,5,1,12245,-4.33,HOEP (Legacy)
2019-05-30 01:00:00,2019,5,2,11769,-4.49,HOEP (Legacy)
2019-05-30 02:00:00,2019,5,3,11672,-4.48,HOEP (Legacy)
2019-05-30 03:00:00,2019,5,4,11774,-4.46,HOEP (Legacy)
2019-05-30 04:00:00,2019,5,5,12226,-3.55,HOEP (Legacy)
2019-05-30 05:00:00,2019,5,6,13316,4.36,HOEP (Legacy)
2019-05-30 06:00:00,2019,5,7,14412,7.77,HOEP (Legacy)
2019-05-30 07:00:00,2019,5,8,14818,5.76,HOEP (Legacy)
2019-05-30 08:00:00,2019,5,9,14767,3.54,HOEP (Legacy)
2019-05-30 09:00:00,2019,5,10,14934,5.82,HOEP (Legacy)
2019-05-30 10:00:00,2019,5,11,14772,1.46,HOEP (Legacy)
2019-05-30 11:00:00,2019,5,12,14582,1.35,HOEP (Legacy)
2019-05-30 12:00:00,2019,5,13,14638,2.6,HOEP (Legacy)
2019-05-30 13:00:00,2019,5,14,14785,1.91,HOEP (Legacy)
2019-05-30 14:00:00,2019,5,15,14779,1.27,HOEP (Legacy)
2019-05-30 15:00:00,2019,5,16,15118,13.12,HOEP (Legacy)
2019-05-30 16:00:00,2019,5,17,15451,13.29,HOEP (Legacy)
2019-05-30 17:00:00,2019,5,18,15467,5.8,HOEP (Legacy)
2019-05-30 18:00:00,2019,5,19,15606,5.89,HOEP (Legacy)
2019-05-30 19:00:00,2019,5,20,15811,9.19,HOEP (Legacy)
2019-05-30 20:00:00,2019,5,21,15723,6.51,HOEP (Legacy)
2019-05-30 21:00:00,2019,5,22,14761,5.58,HOEP (Legacy)
2019-05-30 22:00:00,2019,5,23,13670,-0.81,HOEP (Legacy)
2019-05-30 23:00:00,2019,5,24,12746,-3.96,HOEP (Legacy)
2019-05-31 00:00:00,2019,5,1,12181,-4.33,HOEP (Legacy)
2019-05-31 01:00:00,2019,5,2,11849,-4.51,HOEP (Legacy)
2019-05-31 02:00:00,2019,5,3,11743,-4.5,HOEP (Legacy)
2019-05-31 03:00:00,2019,5,4,11827,-4.59,HOEP (Legacy)
2019-05-31 04:00:00,2019,5,5,12157,-4.46,HOEP (Legacy)
2019-05-31 05:00:00,2019,5,6,13099,-2.5,HOEP (Legacy)
2019-05-31 06:00:00,2019,5,7,14152,5.28,HOEP (Legacy)
2019-05-31 07:00:00,2019,5,8,14650,5.96,HOEP (Legacy)
2019-05-31 08:00:00,2019,5,9,14616,5.8,HOEP (Legacy)
2019-05-31 09:00:00,2019,5,10,14555,5.98,HOEP (Legacy)
2019-05-31 10:00:00,2019,5,11,14468,9.97,HOEP (Legacy)
2019-05-31 11:00:00,2019,5,12,14317,7.65,HOEP (Legacy)
2019-05-31 12:00:00,2019,5,13,14346,39.35,HOEP (Legacy)
2019-05-31 13:00:00,2019,5,14,14423,23.13,HOEP (Legacy)
2019-05-31 14:00:00,2019,5,15,14359,5.87,HOEP (Legacy)
2019-05-31 15:00:00,2019,5,16,14853,5.65,HOEP (Legacy)
2019-05-31 16:00:00,2019,5,17,15132,4.85,HOEP (Legacy)
2019-05-31 17:00:00,2019,5,18,15165,4.65,HOEP (Legacy)
2019-05-31 18:00:00,2019,5,19,15148,5.72,HOEP (Legacy)
2019-05-31 19:00:00,2019,5,20,15165,3.93,HOEP (Legacy)
2019-05-31 20:00:00,2019,5,21,15183,1.81,HOEP (Legacy)
2019-05-31 21:00:00,2019,5,22,14490,-0.01,HOEP (Legacy)
2019-05-31 22:00:00,2019,5,23,13199,-1.12,HOEP (Legacy)
2019-05-31 23:00:00,2019,5,24,12251,-4.38,HOEP (Legacy)
2019-06-01 00:00:00,2019,6,1,11686,-4.44,HOEP (Legacy)
2019-06-01 01:00:00,2019,6,2,11418,-4.51,HOEP (Legacy)
2019-06-01 02:00:00,2019,6,3,11261,-4.53,HOEP (Legacy)
2019-06-01 03:00:00,2019,6,4,11271,-4.58,HOEP (Legacy)
2019-06-01 04:00:00,2019,6,5,11198,-4.6,HOEP (Legacy)
2019-06-01 05:00:00,2019,6,6,11413,-4.62,HOEP (Legacy)
2019-06-01 06:00:00,2019,6,7,12112,-4.44,HOEP (Legacy)
2019-06-01 07:00:00,2019,6,8,12952,-3.37,HOEP (Legacy)
2019-06-01 08:00:00,2019,6,9,13553,5.28,HOEP (Legacy)
2019-06-01 09:00:00,2019,6,10,13752,5.75,HOEP (Legacy)
2019-06-01 10:00:00,2019,6,11,13698,5.87,HOEP (Legacy)
2019-06-01 11:00:00,2019,6,12,13801,5.89,HOEP (Legacy)
2019-06-01 12:00:00,2019,6,13,13744,5.87,HOEP (Legacy)
2019-06-01 13:00:00,2019,6,14,13497,4.8,HOEP (Legacy)
2019-06-01 14:00:00,2019,6,15,13525,-0.06,HOEP (Legacy)
2019-06-01 15:00:00,2019,6,16,13745,-1.24,HOEP (Legacy)
2019-06-01 16:00:00,2019,6,17,14271,3.97,HOEP (Legacy)
2019-06-01 17:00:00,2019,6,18,14442,5.86,HOEP (Legacy)
2019-06-01 18:00:00,2019,6,19,14510,6.08,HOEP (Legacy)
2019-06-01 19:00:00,2019,6,20,14134,1.36,HOEP (Legacy)
2019-06-01 20:00:00,2019,6,21,14202,0.0,HOEP (Legacy)
2019-06-01 21:00:00,2019,6,22,13516,-0.19,HOEP (Legacy)
2019-06-01 22:00:00,2019,6,23,12721,-0.97,HOEP (Legacy)
2019-06-01 23:00:00,2019,6,24,11988,-4.07,HOEP (Legacy)
2019-06-02 00:00:00,2019,6,1,11366,-4.39,HOEP (Legacy)
2019-06-02 01:00:00,2019,6,2,11097,-4.53,HOEP (Legacy)
2019-06-02 02:00:00,2019,6,3,11131,-4.58,HOEP (Legacy)
2019-06-02 03:00:00,2019,6,4,11116,-4.47,HOEP (Legacy)
2019-06-02 04:00:00,2019,6,5,11040,-4.82,HOEP (Legacy)
2019-06-02 05:00:00,2019,6,6,11215,-4.57,HOEP (Legacy)
2019-06-02 06:00:00,2019,6,7,11690,-4.47,HOEP (Legacy)
2019-06-02 07:00:00,2019,6,8,12369,-0.3,HOEP (Legacy)
2019-06-02 08:00:00,2019,6,9,13068,3.22,HOEP (Legacy)
2019-06-02 09:00:00,2019,6,10,13166,4.64,HOEP (Legacy)
2019-06-02 10:00:00,2019,6,11,13032,-2.43,HOEP (Legacy)
2019-06-02 11:00:00,2019,6,12,12948,-0.28,HOEP (Legacy)
2019-06-02 12:00:00,2019,6,13,12675,-2.93,HOEP (Legacy)
2019-06-02 13:00:00,2019,6,14,12560,-3.0,HOEP (Legacy)
2019-06-02 14:00:00,2019,6,15,12399,-3.0,HOEP (Legacy)
2019-06-02 15:00:00,2019,6,16,12727,-3.0,HOEP (Legacy)
2019-06-02 16:00:00,2019,6,17,13319,-0.04,HOEP (Legacy)
2019-06-02 17:00:00,2019,6,18,13764,0.0,HOEP (Legacy)
2019-06-02 18:00:00,2019,6,19,14077,1.33,HOEP (Legacy)
2019-06-02 19:00:00,2019,6,20,14219,6.59,HOEP (Legacy)
2019-06-02 20:00:00,2019,6,21,14309,11.34,HOEP (Legacy)
2019-06-02 21:00:00,2019,6,22,13619,3.02,HOEP (Legacy)
2019-06-02 22:00:00,2019,6,23,12593,-0.01,HOEP (Legacy)
2019-06-02 23:00:00,2019,6,24,11896,-3.39,HOEP (Legacy)
2019-06-03 00:00:00,2019,6,1,11460,-4.03,HOEP (Legacy)
2019-06-03 01:00:00,2019,6,2,11215,-4.42,HOEP (Legacy)
2019-06-03 02:00:00,2019,6,3,11056,-4.48,HOEP (Legacy)
2019-06-03 03:00:00,2019,6,4,11141,-4.53,HOEP (Legacy)
2019-06-03 04:00:00,2019,6,5,11615,-4.28,HOEP (Legacy)
2019-06-03 05:00:00,2019,6,6,12603,-1.51,HOEP (Legacy)
2019-06-03 06:00:00,2019,6,7,13770,-0.26,HOEP (Legacy)
2019-06-03 07:00:00,2019,6,8,14050,0.0,HOEP (Legacy)
2019-06-03 08:00:00,2019,6,9,14042,0.0,HOEP (Legacy)
2019-06-03 09:00:00,2019,6,10,13971,0.0,HOEP (Legacy)
2019-06-03 10:00:00,2019,6,11,13880,0.0,HOEP (Legacy)
2019-06-03 11:00:00,2019,6,12,13802,0.0,HOEP (Legacy)
2019-06-03 12:00:00,2019,6,13,13751,-0.77,HOEP (Legacy)
2019-06-03 13:00:00,2019,6,14,13680,-3.0,HOEP (Legacy)
2019-06-03 14:00:00,2019,6,15,13885,-3.0,HOEP (Legacy)
2019-06-03 15:00:00,2019,6,16,14215,-1.75,HOEP (Legacy)
2019-06-03 16:00:00,2019,6,17,14660,0.37,HOEP (Legacy)
2019-06-03 17:00:00,2019,6,18,14853,-0.03,HOEP (Legacy)
2019-06-03 18:00:00,2019,6,19,15288,0.38,HOEP (Legacy)
2019-06-03 19:00:00,2019,6,20,15518,13.6,HOEP (Legacy)
2019-06-03 20:00:00,2019,6,21,15513,18.93,HOEP (Legacy)
2019-06-03 21:00:00,2019,6,22,14664,16.52,HOEP (Legacy)
2019-06-03 22:00:00,2019,6,23,13517,2.81,HOEP (Legacy)
2019-06-03 23:00:00,2019,6,24,12464,-2.78,HOEP (Legacy)
2019-06-04 00:00:00,2019,6,1,11994,-4.2,HOEP (Legacy)
2019-06-04 01:00:00,2019,6,2,11701,-4.28,HOEP (Legacy)
2019-06-04 02:00:00,2019,6,3,11666,-4.39,HOEP (Legacy)
2019-06-04 03:00:00,2019,6,4,11742,-4.4,HOEP (Legacy)
2019-06-04 04:00:00,2019,6,5,12112,-4.18,HOEP (Legacy)
2019-06-04 05:00:00,2019,6,6,13102,2.6,HOEP (Legacy)
2019-06-04 06:00:00,2019,6,7,14098,1.5,HOEP (Legacy)
2019-06-04 07:00:00,2019,6,8,14440,0.0,HOEP (Legacy)
2019-06-04 08:00:00,2019,6,9,14551,7.31,HOEP (Legacy)
2019-06-04 09:00:00,2019,6,10,14591,16.12,HOEP (Legacy)
2019-06-04 10:00:00,2019,6,11,14730,17.87,HOEP (Legacy)
2019-06-04 11:00:00,2019,6,12,14834,1.44,HOEP (Legacy)
2019-06-04 12:00:00,2019,6,13,14914,0.0,HOEP (Legacy)
2019-06-04 13:00:00,2019,6,14,14838,0.0,HOEP (Legacy)
2019-06-04 14:00:00,2019,6,15,14974,0.0,HOEP (Legacy)
2019-06-04 15:00:00,2019,6,16,15245,0.0,HOEP (Legacy)
2019-06-04 16:00:00,2019,6,17,15489,0.0,HOEP (Legacy)
2019-06-04 17:00:00,2019,6,18,15430,0.0,HOEP (Legacy)
2019-06-04 18:00:00,2019,6,19,15492,0.0,HOEP (Legacy)
2019-06-04 19:00:00,2019,6,20,15623,0.0,HOEP (Legacy)
2019-06-04 20:00:00,2019,6,21,15615,6.25,HOEP (Legacy)
2019-06-04 21:00:00,2019,6,22,14728,4.32,HOEP (Legacy)
2019-06-04 22:00:00,2019,6,23,13474,-0.48,HOEP (Legacy)
2019-06-04 23:00:00,2019,6,24,12517,-2.7,HOEP (Legacy)
2019-06-05 00:00:00,2019,6,1,12009,-4.3,HOEP (Legacy)
2019-06-05 01:00:00,2019,6,2,11642,-4.48,HOEP (Legacy)
2019-06-05 02:00:00,2019,6,3,11540,-4.68,HOEP (Legacy)
2019-06-05 03:00:00,2019,6,4,11571,-4.64,HOEP (Legacy)
2019-06-05 04:00:00,2019,6,5,12052,-4.39,HOEP (Legacy)
2019-06-05 05:00:00,2019,6,6,13282,-0.11,HOEP (Legacy)
2019-06-05 06:00:00,2019,6,7,14432,-0.29,HOEP (Legacy)
2019-06-05 07:00:00,2019,6,8,15027,24.24,HOEP (Legacy)
2019-06-05 08:00:00,2019,6,9,15108,31.86,HOEP (Legacy)
2019-06-05 09:00:00,2019,6,10,15147,14.59,HOEP (Legacy)
2019-06-05 10:00:00,2019,6,11,15263,18.05,HOEP (Legacy)
2019-06-05 11:00:00,2019,6,12,15457,12.61,HOEP (Legacy)
2019-06-05 12:00:00,2019,6,13,15538,21.28,HOEP (Legacy)
2019-06-05 13:00:00,2019,6,14,15519,6.86,HOEP (Legacy)
2019-06-05 14:00:00,2019,6,15,15686,6.26,HOEP (Legacy)
2019-06-05 15:00:00,2019,6,16,16017,13.52,HOEP (Legacy)
2019-06-05 16:00:00,2019,6,17,16109,24.39,HOEP (Legacy)
2019-06-05 17:00:00,2019,6,18,16058,20.29,HOEP (Legacy)
2019-06-05 18:00:00,2019,6,19,16162,13.86,HOEP (Legacy)
2019-06-05 19:00:00,2019,6,20,16221,7.22,HOEP (Legacy)
2019-06-05 20:00:00,2019,6,21,15974,8.49,HOEP (Legacy)
2019-06-05 21:00:00,2019,6,22,14844,1.9,HOEP (Legacy)
2019-06-05 22:00:00,2019,6,23,13711,5.96,HOEP (Legacy)
2019-06-05 23:00:00,2019,6,24,12898,3.35,HOEP (Legacy)
2019-06-06 00:00:00,2019,6,1,12295,-0.02,HOEP (Legacy)
2019-06-06 01:00:00,2019,6,2,11925,-1.8,HOEP (Legacy)
2019-06-06 02:00:00,2019,6,3,11689,-3.55,HOEP (Legacy)
2019-06-06 03:00:00,2019,6,4,11651,-4.01,HOEP (Legacy)
2019-06-06 04:00:00,2019,6,5,12148,-1.13,HOEP (Legacy)
2019-06-06 05:00:00,2019,6,6,13077,2.39,HOEP (Legacy)
2019-06-06 06:00:00,2019,6,7,14241,9.44,HOEP (Legacy)
2019-06-06 07:00:00,2019,6,8,14706,5.68,HOEP (Legacy)
2019-06-06 08:00:00,2019,6,9,14419,5.1,HOEP (Legacy)
2019-06-06 09:00:00,2019,6,10,14397,5.83,HOEP (Legacy)
2019-06-06 10:00:00,2019,6,11,14415,16.68,HOEP (Legacy)
2019-06-06 11:00:00,2019,6,12,14423,5.93,HOEP (Legacy)
2019-06-06 12:00:00,2019,6,13,14622,6.29,HOEP (Legacy)
2019-06-06 13:00:00,2019,6,14,14635,5.85,HOEP (Legacy)
2019-06-06 14:00:00,2019,6,15,14702,5.68,HOEP (Legacy)
2019-06-06 15:00:00,2019,6,16,14985,-0.15,HOEP (Legacy)
2019-06-06 16:00:00,2019,6,17,15587,5.96,HOEP (Legacy)
2019-06-06 17:00:00,2019,6,18,15766,5.9,HOEP (Legacy)
2019-06-06 18:00:00,2019,6,19,15995,5.87,HOEP (Legacy)
2019-06-06 19:00:00,2019,6,20,15952,5.89,HOEP (Legacy)
2019-06-06 20:00:00,2019,6,21,15942,6.78,HOEP (Legacy)
2019-06-06 21:00:00,2019,6,22,15266,4.59,HOEP (Legacy)
2019-06-06 22:00:00,2019,6,23,14033,0.32,HOEP (Legacy)
2019-06-06 23:00:00,2019,6,24,12998,-2.35,HOEP (Legacy)
2019-06-07 00:00:00,2019,6,1,12387,-4.25,HOEP (Legacy)
2019-06-07 01:00:00,2019,6,2,12023,-4.46,HOEP (Legacy)
2019-06-07 02:00:00,2019,6,3,11802,-4.55,HOEP (Legacy)
2019-06-07 03:00:00,2019,6,4,11833,-4.59,HOEP (Legacy)
2019-06-07 04:00:00,2019,6,5,12139,-4.49,HOEP (Legacy)
2019-06-07 05:00:00,2019,6,6,12967,-4.37,HOEP (Legacy)
2019-06-07 06:00:00,2019,6,7,14180,-0.12,HOEP (Legacy)
2019-06-07 07:00:00,2019,6,8,14640,-3.09,HOEP (Legacy)
2019-06-07 08:00:00,2019,6,9,14679,-3.83,HOEP (Legacy)
2019-06-07 09:00:00,2019,6,10,14780,-3.0,HOEP (Legacy)
2019-06-07 10:00:00,2019,6,11,14827,-4.03,HOEP (Legacy)
2019-06-07 11:00:00,2019,6,12,14782,-2.04,HOEP (Legacy)
2019-06-07 12:00:00,2019,6,13,15037,2.74,HOEP (Legacy)
2019-06-07 13:00:00,2019,6,14,15115,-1.7,HOEP (Legacy)
2019-06-07 14:00:00,2019,6,15,15078,-0.02,HOEP (Legacy)
2019-06-07 15:00:00,2019,6,16,15495,2.4,HOEP (Legacy)
2019-06-07 16:00:00,2019,6,17,15919,4.03,HOEP (Legacy)
2019-06-07 17:00:00,2019,6,18,16110,0.4,HOEP (Legacy)
2019-06-07 18:00:00,2019,6,19,16369,5.38,HOEP (Legacy)
2019-06-07 19:00:00,2019,6,20,16281,5.64,HOEP (Legacy)
2019-06-07 20:00:00,2019,6,21,16006,2.22,HOEP (Legacy)
2019-06-07 21:00:00,2019,6,22,15230,-1.49,HOEP (Legacy)
2019-06-07 22:00:00,2019,6,23,13964,-3.19,HOEP (Legacy)
2019-06-07 23:00:00,2019,6,24,12883,-4.58,HOEP (Legacy)
2019-06-08 00:00:00,2019,6,1,12057,-4.91,HOEP (Legacy)
2019-06-08 01:00:00,2019,6,2,11427,-59.29,HOEP (Legacy)
2019-06-08 02:00:00,2019,6,3,11132,-48.08,HOEP (Legacy)
2019-06-08 03:00:00,2019,6,4,11053,-4.89,HOEP (Legacy)
2019-06-08 04:00:00,2019,6,5,10997,-4.91,HOEP (Legacy)
2019-06-08 05:00:00,2019,6,6,11129,-5.81,HOEP (Legacy)
2019-06-08 06:00:00,2019,6,7,11776,-5.74,HOEP (Legacy)
2019-06-08 07:00:00,2019,6,8,12367,-4.59,HOEP (Legacy)
2019-06-08 08:00:00,2019,6,9,12845,-4.53,HOEP (Legacy)
2019-06-08 09:00:00,2019,6,10,13095,-4.49,HOEP (Legacy)
2019-06-08 10:00:00,2019,6,11,13275,-4.44,HOEP (Legacy)
2019-06-08 11:00:00,2019,6,12,13359,-4.71,HOEP (Legacy)
2019-06-08 12:00:00,2019,6,13,13346,-4.72,HOEP (Legacy)
2019-06-08 13:00:00,2019,6,14,13269,-4.4,HOEP (Legacy)
2019-06-08 14:00:00,2019,6,15,13336,-4.4,HOEP (Legacy)
2019-06-08 15:00:00,2019,6,16,13759,-4.08,HOEP (Legacy)
2019-06-08 16:00:00,2019,6,17,14276,-2.93,HOEP (Legacy)
2019-06-08 17:00:00,2019,6,18,14561,-0.11,HOEP (Legacy)
2019-06-08 18:00:00,2019,6,19,14742,0.0,HOEP (Legacy)
2019-06-08 19:00:00,2019,6,20,14559,-0.08,HOEP (Legacy)
2019-06-08 20:00:00,2019,6,21,14403,-0.02,HOEP (Legacy)
2019-06-08 21:00:00,2019,6,22,13754,-2.18,HOEP (Legacy)
2019-06-08 22:00:00,2019,6,23,12746,-3.86,HOEP (Legacy)
2019-06-08 23:00:00,2019,6,24,11893,-4.53,HOEP (Legacy)
2019-06-09 00:00:00,2019,6,1,11334,-4.54,HOEP (Legacy)
2019-06-09 01:00:00,2019,6,2,10932,-4.71,HOEP (Legacy)
2019-06-09 02:00:00,2019,6,3,10686,-4.84,HOEP (Legacy)
2019-06-09 03:00:00,2019,6,4,10655,-4.79,HOEP (Legacy)
2019-06-09 04:00:00,2019,6,5,10564,-4.89,HOEP (Legacy)
2019-06-09 05:00:00,2019,6,6,10643,-4.91,HOEP (Legacy)
2019-06-09 06:00:00,2019,6,7,11121,-15.36,HOEP (Legacy)
2019-06-09 07:00:00,2019,6,8,11708,-4.67,HOEP (Legacy)
2019-06-09 08:00:00,2019,6,9,12341,-4.3,HOEP (Legacy)
2019-06-09 09:00:00,2019,6,10,12767,-4.01,HOEP (Legacy)
2019-06-09 10:00:00,2019,6,11,13129,-0.82,HOEP (Legacy)
2019-06-09 11:00:00,2019,6,12,13527,0.0,HOEP (Legacy)
2019-06-09 12:00:00,2019,6,13,13513,0.0,HOEP (Legacy)
2019-06-09 13:00:00,2019,6,14,13707,0.0,HOEP (Legacy)
2019-06-09 14:00:00,2019,6,15,13967,0.0,HOEP (Legacy)
2019-06-09 15:00:00,2019,6,16,14544,1.34,HOEP (Legacy)
2019-06-09 16:00:00,2019,6,17,15344,6.12,HOEP (Legacy)
2019-06-09 17:00:00,2019,6,18,15658,10.05,HOEP (Legacy)
2019-06-09 18:00:00,2019,6,19,15733,23.35,HOEP (Legacy)
2019-06-09 19:00:00,2019,6,20,15632,14.74,HOEP (Legacy)
2019-06-09 20:00:00,2019,6,21,15588,3.82,HOEP (Legacy)
2019-06-09 21:00:00,2019,6,22,14601,-0.01,HOEP (Legacy)
2019-06-09 22:00:00,2019,6,23,13435,-0.05,HOEP (Legacy)
2019-06-09 23:00:00,2019,6,24,12486,-1.97,HOEP (Legacy)
2019-06-10 00:00:00,2019,6,1,11861,-3.85,HOEP (Legacy)
2019-06-10 01:00:00,2019,6,2,11565,-4.4,HOEP (Legacy)
2019-06-10 02:00:00,2019,6,3,11497,-4.4,HOEP (Legacy)
2019-06-10 03:00:00,2019,6,4,11536,-4.33,HOEP (Legacy)
2019-06-10 04:00:00,2019,6,5,12036,-3.76,HOEP (Legacy)
2019-06-10 05:00:00,2019,6,6,13150,-1.22,HOEP (Legacy)
2019-06-10 06:00:00,2019,6,7,14406,-0.71,HOEP (Legacy)
2019-06-10 07:00:00,2019,6,8,15120,0.0,HOEP (Legacy)
2019-06-10 08:00:00,2019,6,9,15329,1.37,HOEP (Legacy)
2019-06-10 09:00:00,2019,6,10,15646,5.79,HOEP (Legacy)
2019-06-10 10:00:00,2019,6,11,15748,3.63,HOEP (Legacy)
2019-06-10 11:00:00,2019,6,12,15827,7.67,HOEP (Legacy)
2019-06-10 12:00:00,2019,6,13,16018,28.71,HOEP (Legacy)
2019-06-10 13:00:00,2019,6,14,16067,3.69,HOEP (Legacy)
2019-06-10 14:00:00,2019,6,15,15992,0.4,HOEP (Legacy)
2019-06-10 15:00:00,2019,6,16,16206,0.0,HOEP (Legacy)
2019-06-10 16:00:00,2019,6,17,16253,0.4,HOEP (Legacy)
2019-06-10 17:00:00,2019,6,18,15957,0.0,HOEP (Legacy)
2019-06-10 18:00:00,2019,6,19,15841,0.0,HOEP (Legacy)
2019-06-10 19:00:00,2019,6,20,15759,0.0,HOEP (Legacy)
2019-06-10 20:00:00,2019,6,21,15415,0.0,HOEP (Legacy)
2019-06-10 21:00:00,2019,6,22,14642,-0.27,HOEP (Legacy)
2019-06-10 22:00:00,2019,6,23,13613,-1.76,HOEP (Legacy)
2019-06-10 23:00:00,2019,6,24,12626,-3.48,HOEP (Legacy)
2019-06-11 00:00:00,2019,6,1,12001,-4.52,HOEP (Legacy)
2019-06-11 01:00:00,2019,6,2,11624,-4.72,HOEP (Legacy)
2019-06-11 02:00:00,2019,6,3,11446,-4.81,HOEP (Legacy)
2019-06-11 03:00:00,2019,6,4,11611,-4.78,HOEP (Legacy)
2019-06-11 04:00:00,2019,6,5,12066,-4.83,HOEP (Legacy)
2019-06-11 05:00:00,2019,6,6,12974,-4.13,HOEP (Legacy)
2019-06-11 06:00:00,2019,6,7,14122,-2.48,HOEP (Legacy)
2019-06-11 07:00:00,2019,6,8,14309,-1.55,HOEP (Legacy)
2019-06-11 08:00:00,2019,6,9,14398,-3.0,HOEP (Legacy)
2019-06-11 09:00:00,2019,6,10,14394,-3.56,HOEP (Legacy)
2019-06-11 10:00:00,2019,6,11,14363,-3.18,HOEP (Legacy)
2019-06-11 11:00:00,2019,6,12,14376,-3.46,HOEP (Legacy)
2019-06-11 12:00:00,2019,6,13,14620,-3.0,HOEP (Legacy)
2019-06-11 13:00:00,2019,6,14,14700,-3.09,HOEP (Legacy)
2019-06-11 14:00:00,2019,6,15,14785,-4.1,HOEP (Legacy)
2019-06-11 15:00:00,2019,6,16,15102,-3.67,HOEP (Legacy)
2019-06-11 16:00:00,2019,6,17,15535,-2.18,HOEP (Legacy)
2019-06-11 17:00:00,2019,6,18,15747,-2.84,HOEP (Legacy)
2019-06-11 18:00:00,2019,6,19,16107,5.49,HOEP (Legacy)
2019-06-11 19:00:00,2019,6,20,16094,4.87,HOEP (Legacy)
2019-06-11 20:00:00,2019,6,21,16001,5.76,HOEP (Legacy)
2019-06-11 21:00:00,2019,6,22,15011,2.11,HOEP (Legacy)
2019-06-11 22:00:00,2019,6,23,13554,-3.68,HOEP (Legacy)
2019-06-11 23:00:00,2019,6,24,12468,-4.65,HOEP (Legacy)
2019-06-12 00:00:00,2019,6,1,11862,-4.38,HOEP (Legacy)
2019-06-12 01:00:00,2019,6,2,11604,-4.5,HOEP (Legacy)
2019-06-12 02:00:00,2019,6,3,11473,-4.6,HOEP (Legacy)
2019-06-12 03:00:00,2019,6,4,11450,-4.73,HOEP (Legacy)
2019-06-12 04:00:00,2019,6,5,11822,-4.5,HOEP (Legacy)
2019-06-12 05:00:00,2019,6,6,12654,-4.16,HOEP (Legacy)
2019-06-12 06:00:00,2019,6,7,13949,-3.53,HOEP (Legacy)
2019-06-12 07:00:00,2019,6,8,14350,-3.75,HOEP (Legacy)
2019-06-12 08:00:00,2019,6,9,14319,-3.08,HOEP (Legacy)
2019-06-12 09:00:00,2019,6,10,14517,-3.0,HOEP (Legacy)
2019-06-12 10:00:00,2019,6,11,14556,-3.0,HOEP (Legacy)
2019-06-12 11:00:00,2019,6,12,14567,-3.0,HOEP (Legacy)
2019-06-12 12:00:00,2019,6,13,14744,-3.0,HOEP (Legacy)
2019-06-12 13:00:00,2019,6,14,14805,-0.07,HOEP (Legacy)
2019-06-12 14:00:00,2019,6,15,14989,0.0,HOEP (Legacy)
2019-06-12 15:00:00,2019,6,16,15391,3.69,HOEP (Legacy)
2019-06-12 16:00:00,2019,6,17,15889,4.69,HOEP (Legacy)
2019-06-12 17:00:00,2019,6,18,16197,4.87,HOEP (Legacy)
2019-06-12 18:00:00,2019,6,19,16247,5.62,HOEP (Legacy)
2019-06-12 19:00:00,2019,6,20,16217,0.46,HOEP (Legacy)
2019-06-12 20:00:00,2019,6,21,16140,-0.01,HOEP (Legacy)
2019-06-12 21:00:00,2019,6,22,15015,-1.71,HOEP (Legacy)
2019-06-12 22:00:00,2019,6,23,13516,-2.46,HOEP (Legacy)
2019-06-12 23:00:00,2019,6,24,12491,-4.21,HOEP (Legacy)
2019-06-13 00:00:00,2019,6,1,11902,-4.36,HOEP (Legacy)
2019-06-13 01:00:00,2019,6,2,11704,-4.44,HOEP (Legacy)
2019-06-13 02:00:00,2019,6,3,11621,-4.5,HOEP (Legacy)
2019-06-13 03:00:00,2019,6,4,11769,-4.63,HOEP (Legacy)
2019-06-13 04:00:00,2019,6,5,12257,-4.37,HOEP (Legacy)
2019-06-13 05:00:00,2019,6,6,13349,-4.23,HOEP (Legacy)
2019-06-13 06:00:00,2019,6,7,14495,-2.1,HOEP (Legacy)
2019-06-13 07:00:00,2019,6,8,15125,0.0,HOEP (Legacy)
2019-06-13 08:00:00,2019,6,9,15352,3.8,HOEP (Legacy)
2019-06-13 09:00:00,2019,6,10,15604,5.97,HOEP (Legacy)
2019-06-13 10:00:00,2019,6,11,15922,5.95,HOEP (Legacy)
2019-06-13 11:00:00,2019,6,12,15733,5.71,HOEP (Legacy)
2019-06-13 12:00:00,2019,6,13,15586,5.78,HOEP (Legacy)
2019-06-13 13:00:00,2019,6,14,15578,4.75,HOEP (Legacy)
2019-06-13 14:00:00,2019,6,15,15616,5.14,HOEP (Legacy)
2019-06-13 15:00:00,2019,6,16,15878,3.84,HOEP (Legacy)
2019-06-13 16:00:00,2019,6,17,15639,0.0,HOEP (Legacy)
2019-06-13 17:00:00,2019,6,18,15492,0.0,HOEP (Legacy)
2019-06-13 18:00:00,2019,6,19,15458,0.0,HOEP (Legacy)
2019-06-13 19:00:00,2019,6,20,15381,0.0,HOEP (Legacy)
2019-06-13 20:00:00,2019,6,21,15221,-0.06,HOEP (Legacy)
2019-06-13 21:00:00,2019,6,22,14306,-3.35,HOEP (Legacy)
2019-06-13 22:00:00,2019,6,23,13296,-3.53,HOEP (Legacy)
2019-06-13 23:00:00,2019,6,24,12522,-4.26,HOEP (Legacy)
2019-06-14 00:00:00,2019,6,1,11914,-4.61,HOEP (Legacy)
2019-06-14 01:00:00,2019,6,2,11407,-6.58,HOEP (Legacy)
2019-06-14 02:00:00,2019,6,3,11216,-15.0,HOEP (Legacy)
2019-06-14 03:00:00,2019,6,4,11302,-10.79,HOEP (Legacy)
2019-06-14 04:00:00,2019,6,5,11736,-4.86,HOEP (Legacy)
2019-06-14 05:00:00,2019,6,6,12766,-4.55,HOEP (Legacy)
2019-06-14 06:00:00,2019,6,7,13899,-4.21,HOEP (Legacy)
2019-06-14 07:00:00,2019,6,8,14209,-4.1,HOEP (Legacy)
2019-06-14 08:00:00,2019,6,9,14071,-4.1,HOEP (Legacy)
2019-06-14 09:00:00,2019,6,10,14082,-4.03,HOEP (Legacy)
2019-06-14 10:00:00,2019,6,11,14093,-4.0,HOEP (Legacy)
2019-06-14 11:00:00,2019,6,12,13976,-3.58,HOEP (Legacy)
2019-06-14 12:00:00,2019,6,13,14087,-3.42,HOEP (Legacy)
2019-06-14 13:00:00,2019,6,14,13900,-3.0,HOEP (Legacy)
2019-06-14 14:00:00,2019,6,15,14002,-3.0,HOEP (Legacy)
2019-06-14 15:00:00,2019,6,16,14393,-2.15,HOEP (Legacy)
2019-06-14 16:00:00,2019,6,17,14702,0.0,HOEP (Legacy)
2019-06-14 17:00:00,2019,6,18,14757,0.0,HOEP (Legacy)
2019-06-14 18:00:00,2019,6,19,14863,0.0,HOEP (Legacy)
2019-06-14 19:00:00,2019,6,20,14940,0.0,HOEP (Legacy)
2019-06-14 20:00:00,2019,6,21,15134,0.0,HOEP (Legacy)
2019-06-14 21:00:00,2019,6,22,14244,-3.27,HOEP (Legacy)
2019-06-14 22:00:00,2019,6,23,13011,-3.2,HOEP (Legacy)
2019-06-14 23:00:00,2019,6,24,12070,-4.25,HOEP (Legacy)
2019-06-15 00:00:00,2019,6,1,11399,-4.81,HOEP (Legacy)
2019-06-15 01:00:00,2019,6,2,11112,-4.52,HOEP (Legacy)
2019-06-15 02:00:00,2019,6,3,10916,-4.84,HOEP (Legacy)
2019-06-15 03:00:00,2019,6,4,10869,-4.8,HOEP (Legacy)
2019-06-15 04:00:00,2019,6,5,10883,-4.78,HOEP (Legacy)
2019-06-15 05:00:00,2019,6,6,11326,-4.55,HOEP (Legacy)
2019-06-15 06:00:00,2019,6,7,11847,-4.57,HOEP (Legacy)
2019-06-15 07:00:00,2019,6,8,12526,-4.25,HOEP (Legacy)
2019-06-15 08:00:00,2019,6,9,13183,-4.13,HOEP (Legacy)
2019-06-15 09:00:00,2019,6,10,13554,-3.92,HOEP (Legacy)
2019-06-15 10:00:00,2019,6,11,13655,-4.08,HOEP (Legacy)
2019-06-15 11:00:00,2019,6,12,13729,-3.0,HOEP (Legacy)
2019-06-15 12:00:00,2019,6,13,13648,-3.42,HOEP (Legacy)
2019-06-15 13:00:00,2019,6,14,13714,-3.0,HOEP (Legacy)
2019-06-15 14:00:00,2019,6,15,13827,-3.0,HOEP (Legacy)
2019-06-15 15:00:00,2019,6,16,14147,-1.98,HOEP (Legacy)
2019-06-15 16:00:00,2019,6,17,14549,-0.02,HOEP (Legacy)
2019-06-15 17:00:00,2019,6,18,14570,0.0,HOEP (Legacy)
2019-06-15 18:00:00,2019,6,19,14439,5.85,HOEP (Legacy)
2019-06-15 19:00:00,2019,6,20,14280,2.06,HOEP (Legacy)
2019-06-15 20:00:00,2019,6,21,14231,0.75,HOEP (Legacy)
2019-06-15 21:00:00,2019,6,22,13715,5.88,HOEP (Legacy)
2019-06-15 22:00:00,2019,6,23,12893,1.9,HOEP (Legacy)
2019-06-15 23:00:00,2019,6,24,12151,-4.11,HOEP (Legacy)
2019-06-16 00:00:00,2019,6,1,11603,-4.34,HOEP (Legacy)
2019-06-16 01:00:00,2019,6,2,11241,-4.47,HOEP (Legacy)
2019-06-16 02:00:00,2019,6,3,11126,-4.5,HOEP (Legacy)
2019-06-16 03:00:00,2019,6,4,11082,-4.63,HOEP (Legacy)
2019-06-16 04:00:00,2019,6,5,10927,-4.8,HOEP (Legacy)
2019-06-16 05:00:00,2019,6,6,10923,-4.7,HOEP (Legacy)
2019-06-16 06:00:00,2019,6,7,11373,-4.52,HOEP (Legacy)
2019-06-16 07:00:00,2019,6,8,11975,-4.23,HOEP (Legacy)
2019-06-16 08:00:00,2019,6,9,12386,-4.25,HOEP (Legacy)
2019-06-16 09:00:00,2019,6,10,12705,-4.1,HOEP (Legacy)
2019-06-16 10:00:00,2019,6,11,12917,-4.25,HOEP (Legacy)
2019-06-16 11:00:00,2019,6,12,12937,-4.1,HOEP (Legacy)
2019-06-16 12:00:00,2019,6,13,12919,-4.1,HOEP (Legacy)
2019-06-16 13:00:00,2019,6,14,12999,-4.04,HOEP (Legacy)
2019-06-16 14:00:00,2019,6,15,13120,-3.58,HOEP (Legacy)
2019-06-16 15:00:00,2019,6,16,13432,-2.51,HOEP (Legacy)
2019-06-16 16:00:00,2019,6,17,13638,-3.58,HOEP (Legacy)
2019-06-16 17:00:00,2019,6,18,13877,-4.04,HOEP (Legacy)
2019-06-16 18:00:00,2019,6,19,14131,5.74,HOEP (Legacy)
2019-06-16 19:00:00,2019,6,20,14367,5.87,HOEP (Legacy)
2019-06-16 20:00:00,2019,6,21,14494,5.89,HOEP (Legacy)
2019-06-16 21:00:00,2019,6,22,14015,-0.57,HOEP (Legacy)
2019-06-16 22:00:00,2019,6,23,13021,0.84,HOEP (Legacy)
2019-06-16 23:00:00,2019,6,24,12150,-4.18,HOEP (Legacy)
2019-06-17 00:00:00,2019,6,1,11581,-4.28,HOEP (Legacy)
2019-06-17 01:00:00,2019,6,2,11370,-4.4,HOEP (Legacy)
2019-06-17 02:00:00,2019,6,3,11254,-4.33,HOEP (Legacy)
2019-06-17 03:00:00,2019,6,4,11349,-4.29,HOEP (Legacy)
2019-06-17 04:00:00,2019,6,5,11741,-4.15,HOEP (Legacy)
2019-06-17 05:00:00,2019,6,6,12691,-4.13,HOEP (Legacy)
2019-06-17 06:00:00,2019,6,7,13934,1.6,HOEP (Legacy)
2019-06-17 07:00:00,2019,6,8,14480,6.65,HOEP (Legacy)
2019-06-17 08:00:00,2019,6,9,14459,-3.0,HOEP (Legacy)
2019-06-17 09:00:00,2019,6,10,14490,-3.25,HOEP (Legacy)
2019-06-17 10:00:00,2019,6,11,14628,12.21,HOEP (Legacy)
2019-06-17 11:00:00,2019,6,12,14825,20.58,HOEP (Legacy)
2019-06-17 12:00:00,2019,6,13,14959,18.61,HOEP (Legacy)
2019-06-17 13:00:00,2019,6,14,15026,24.47,HOEP (Legacy)
2019-06-17 14:00:00,2019,6,15,15218,8.12,HOEP (Legacy)
2019-06-17 15:00:00,2019,6,16,15671,9.14,HOEP (Legacy)
2019-06-17 16:00:00,2019,6,17,16112,13.86,HOEP (Legacy)
2019-06-17 17:00:00,2019,6,18,16133,6.52,HOEP (Legacy)
2019-06-17 18:00:00,2019,6,19,16214,10.82,HOEP (Legacy)
2019-06-17 19:00:00,2019,6,20,16219,21.99,HOEP (Legacy)
2019-06-17 20:00:00,2019,6,21,16083,43.65,HOEP (Legacy)
2019-06-17 21:00:00,2019,6,22,15210,19.7,HOEP (Legacy)
2019-06-17 22:00:00,2019,6,23,13982,3.28,HOEP (Legacy)
2019-06-17 23:00:00,2019,6,24,13010,1.42,HOEP (Legacy)
2019-06-18 00:00:00,2019,6,1,12388,-3.31,HOEP (Legacy)
2019-06-18 01:00:00,2019,6,2,12037,-4.1,HOEP (Legacy)
2019-06-18 02:00:00,2019,6,3,11991,-4.1,HOEP (Legacy)
2019-06-18 03:00:00,2019,6,4,12032,-4.09,HOEP (Legacy)
2019-06-18 04:00:00,2019,6,5,12448,-2.38,HOEP (Legacy)
2019-06-18 05:00:00,2019,6,6,13404,-1.89,HOEP (Legacy)
2019-06-18 06:00:00,2019,6,7,14596,11.18,HOEP (Legacy)
2019-06-18 07:00:00,2019,6,8,15112,12.8,HOEP (Legacy)
2019-06-18 08:00:00,2019,6,9,15241,9.77,HOEP (Legacy)
2019-06-18 09:00:00,2019,6,10,15474,5.57,HOEP (Legacy)
2019-06-18 10:00:00,2019,6,11,15493,5.9,HOEP (Legacy)
2019-06-18 11:00:00,2019,6,12,15667,9.25,HOEP (Legacy)
2019-06-18 12:00:00,2019,6,13,15859,15.13,HOEP (Legacy)
2019-06-18 13:00:00,2019,6,14,16014,15.99,HOEP (Legacy)
2019-06-18 14:00:00,2019,6,15,16297,25.84,HOEP (Legacy)
2019-06-18 15:00:00,2019,6,16,16891,14.97,HOEP (Legacy)
2019-06-18 16:00:00,2019,6,17,17395,35.26,HOEP (Legacy)
2019-06-18 17:00:00,2019,6,18,17422,26.71,HOEP (Legacy)
2019-06-18 18:00:00,2019,6,19,17520,22.48,HOEP (Legacy)
2019-06-18 19:00:00,2019,6,20,17298,9.12,HOEP (Legacy)
2019-06-18 20:00:00,2019,6,21,17002,14.65,HOEP (Legacy)
2019-06-18 21:00:00,2019,6,22,16123,24.52,HOEP (Legacy)
2019-06-18 22:00:00,2019,6,23,14683,8.11,HOEP (Legacy)
2019-06-18 23:00:00,2019,6,24,13488,-3.33,HOEP (Legacy)
2019-06-19 00:00:00,2019,6,1,12829,-4.1,HOEP (Legacy)
2019-06-19 01:00:00,2019,6,2,12450,-3.18,HOEP (Legacy)
2019-06-19 02:00:00,2019,6,3,12228,-4.09,HOEP (Legacy)
2019-06-19 03:00:00,2019,6,4,12221,-4.12,HOEP (Legacy)
2019-06-19 04:00:00,2019,6,5,12589,-4.12,HOEP (Legacy)
2019-06-19 05:00:00,2019,6,6,13463,-1.03,HOEP (Legacy)
2019-06-19 06:00:00,2019,6,7,14710,24.55,HOEP (Legacy)
2019-06-19 07:00:00,2019,6,8,15372,111.07,HOEP (Legacy)
2019-06-19 08:00:00,2019,6,9,15662,18.51,HOEP (Legacy)
2019-06-19 09:00:00,2019,6,10,16057,21.59,HOEP (Legacy)
2019-06-19 10:00:00,2019,6,11,16343,12.26,HOEP (Legacy)
2019-06-19 11:00:00,2019,6,12,16582,22.49,HOEP (Legacy)
2019-06-19 12:00:00,2019,6,13,16916,29.44,HOEP (Legacy)
2019-06-19 13:00:00,2019,6,14,17199,36.34,HOEP (Legacy)
2019-06-19 14:00:00,2019,6,15,17330,25.35,HOEP (Legacy)
2019-06-19 15:00:00,2019,6,16,17614,25.7,HOEP (Legacy)
2019-06-19 16:00:00,2019,6,17,17732,23.72,HOEP (Legacy)
2019-06-19 17:00:00,2019,6,18,17708,24.79,HOEP (Legacy)
2019-06-19 18:00:00,2019,6,19,17896,29.27,HOEP (Legacy)
2019-06-19 19:00:00,2019,6,20,17756,29.05,HOEP (Legacy)
2019-06-19 20:00:00,2019,6,21,17559,21.29,HOEP (Legacy)
2019-06-19 21:00:00,2019,6,22,16529,17.16,HOEP (Legacy)
2019-06-19 22:00:00,2019,6,23,15042,6.08,HOEP (Legacy)
2019-06-19 23:00:00,2019,6,24,13984,-0.17,HOEP (Legacy)
2019-06-20 00:00:00,2019,6,1,13236,-1.43,HOEP (Legacy)
2019-06-20 01:00:00,2019,6,2,12680,-3.17,HOEP (Legacy)
2019-06-20 02:00:00,2019,6,3,12508,-4.03,HOEP (Legacy)
2019-06-20 03:00:00,2019,6,4,12422,-4.1,HOEP (Legacy)
2019-06-20 04:00:00,2019,6,5,12624,-4.13,HOEP (Legacy)
2019-06-20 05:00:00,2019,6,6,13616,-0.73,HOEP (Legacy)
2019-06-20 06:00:00,2019,6,7,15043,1.3,HOEP (Legacy)
2019-06-20 07:00:00,2019,6,8,15783,10.12,HOEP (Legacy)
2019-06-20 08:00:00,2019,6,9,16057,8.8,HOEP (Legacy)
2019-06-20 09:00:00,2019,6,10,16271,5.98,HOEP (Legacy)
2019-06-20 10:00:00,2019,6,11,16474,6.41,HOEP (Legacy)
2019-06-20 11:00:00,2019,6,12,16475,6.78,HOEP (Legacy)
2019-06-20 12:00:00,2019,6,13,16462,6.05,HOEP (Legacy)
2019-06-20 13:00:00,2019,6,14,16477,5.87,HOEP (Legacy)
2019-06-20 14:00:00,2019,6,15,16558,5.96,HOEP (Legacy)
2019-06-20 15:00:00,2019,6,16,16642,4.49,HOEP (Legacy)
2019-06-20 16:00:00,2019,6,17,16709,0.0,HOEP (Legacy)
2019-06-20 17:00:00,2019,6,18,16481,0.0,HOEP (Legacy)
2019-06-20 18:00:00,2019,6,19,16550,0.0,HOEP (Legacy)
2019-06-20 19:00:00,2019,6,20,16426,0.0,HOEP (Legacy)
2019-06-20 20:00:00,2019,6,21,16174,0.0,HOEP (Legacy)
2019-06-20 21:00:00,2019,6,22,15191,-1.12,HOEP (Legacy)
2019-06-20 22:00:00,2019,6,23,13884,-3.63,HOEP (Legacy)
2019-06-20 23:00:00,2019,6,24,12832,-4.18,HOEP (Legacy)
2019-06-21 00:00:00,2019,6,1,12162,-4.25,HOEP (Legacy)
2019-06-21 01:00:00,2019,6,2,11830,-4.52,HOEP (Legacy)
2019-06-21 02:00:00,2019,6,3,11577,-4.5,HOEP (Legacy)
2019-06-21 03:00:00,2019,6,4,11512,-4.5,HOEP (Legacy)
2019-06-21 04:00:00,2019,6,5,11846,-4.48,HOEP (Legacy)
2019-06-21 05:00:00,2019,6,6,12719,-4.18,HOEP (Legacy)
2019-06-21 06:00:00,2019,6,7,14037,-4.17,HOEP (Legacy)
2019-06-21 07:00:00,2019,6,8,14655,-1.7,HOEP (Legacy)
2019-06-21 08:00:00,2019,6,9,14787,-2.68,HOEP (Legacy)
2019-06-21 09:00:00,2019,6,10,14887,-3.0,HOEP (Legacy)
2019-06-21 10:00:00,2019,6,11,14939,0.0,HOEP (Legacy)
2019-06-21 11:00:00,2019,6,12,15067,0.0,HOEP (Legacy)
2019-06-21 12:00:00,2019,6,13,15305,0.0,HOEP (Legacy)
2019-06-21 13:00:00,2019,6,14,15376,-0.43,HOEP (Legacy)
2019-06-21 14:00:00,2019,6,15,15252,0.0,HOEP (Legacy)
2019-06-21 15:00:00,2019,6,16,15459,0.84,HOEP (Legacy)
2019-06-21 16:00:00,2019,6,17,15841,5.65,HOEP (Legacy)
2019-06-21 17:00:00,2019,6,18,15965,6.59,HOEP (Legacy)
2019-06-21 18:00:00,2019,6,19,16065,18.91,HOEP (Legacy)
2019-06-21 19:00:00,2019,6,20,16001,57.82,HOEP (Legacy)
2019-06-21 20:00:00,2019,6,21,15792,6.25,HOEP (Legacy)
2019-06-21 21:00:00,2019,6,22,14984,9.73,HOEP (Legacy)
2019-06-21 22:00:00,2019,6,23,13669,0.03,HOEP (Legacy)
2019-06-21 23:00:00,2019,6,24,12477,-4.19,HOEP (Legacy)
2019-06-22 00:00:00,2019,6,1,11736,-4.35,HOEP (Legacy)
2019-06-22 01:00:00,2019,6,2,11297,-4.49,HOEP (Legacy)
2019-06-22 02:00:00,2019,6,3,11114,-4.68,HOEP (Legacy)
2019-06-22 03:00:00,2019,6,4,11042,-4.53,HOEP (Legacy)
2019-06-22 04:00:00,2019,6,5,11073,-4.5,HOEP (Legacy)
2019-06-22 05:00:00,2019,6,6,11363,-4.33,HOEP (Legacy)
2019-06-22 06:00:00,2019,6,7,12057,-4.13,HOEP (Legacy)
2019-06-22 07:00:00,2019,6,8,12606,-4.11,HOEP (Legacy)
2019-06-22 08:00:00,2019,6,9,13154,-3.86,HOEP (Legacy)
2019-06-22 09:00:00,2019,6,10,13590,-4.11,HOEP (Legacy)
2019-06-22 10:00:00,2019,6,11,13735,-4.0,HOEP (Legacy)
2019-06-22 11:00:00,2019,6,12,13836,-4.0,HOEP (Legacy)
2019-06-22 12:00:00,2019,6,13,13893,-3.25,HOEP (Legacy)
2019-06-22 13:00:00,2019,6,14,13866,-3.58,HOEP (Legacy)
2019-06-22 14:00:00,2019,6,15,13906,-3.08,HOEP (Legacy)
2019-06-22 15:00:00,2019,6,16,14452,-1.04,HOEP (Legacy)
2019-06-22 16:00:00,2019,6,17,15107,5.35,HOEP (Legacy)
2019-06-22 17:00:00,2019,6,18,15534,5.6,HOEP (Legacy)
2019-06-22 18:00:00,2019,6,19,15731,6.17,HOEP (Legacy)
2019-06-22 19:00:00,2019,6,20,15470,6.01,HOEP (Legacy)
2019-06-22 20:00:00,2019,6,21,15124,4.76,HOEP (Legacy)
2019-06-22 21:00:00,2019,6,22,14505,3.31,HOEP (Legacy)
2019-06-22 22:00:00,2019,6,23,13316,-0.42,HOEP (Legacy)
2019-06-22 23:00:00,2019,6,24,12385,-1.2,HOEP (Legacy)
2019-06-23 00:00:00,2019,6,1,11723,-4.15,HOEP (Legacy)
2019-06-23 01:00:00,2019,6,2,11246,-4.46,HOEP (Legacy)
2019-06-23 02:00:00,2019,6,3,11122,-4.53,HOEP (Legacy)
2019-06-23 03:00:00,2019,6,4,10980,-4.75,HOEP (Legacy)
2019-06-23 04:00:00,2019,6,5,10879,-4.8,HOEP (Legacy)
2019-06-23 05:00:00,2019,6,6,10920,-4.83,HOEP (Legacy)
2019-06-23 06:00:00,2019,6,7,11361,-4.58,HOEP (Legacy)
2019-06-23 07:00:00,2019,6,8,11989,-4.39,HOEP (Legacy)
2019-06-23 08:00:00,2019,6,9,12685,-4.03,HOEP (Legacy)
2019-06-23 09:00:00,2019,6,10,13053,-3.68,HOEP (Legacy)
2019-06-23 10:00:00,2019,6,11,13469,-1.15,HOEP (Legacy)
2019-06-23 11:00:00,2019,6,12,13803,-0.61,HOEP (Legacy)
2019-06-23 12:00:00,2019,6,13,14058,0.42,HOEP (Legacy)
2019-06-23 13:00:00,2019,6,14,14310,1.05,HOEP (Legacy)
2019-06-23 14:00:00,2019,6,15,14571,5.57,HOEP (Legacy)
2019-06-23 15:00:00,2019,6,16,15260,11.91,HOEP (Legacy)
2019-06-23 16:00:00,2019,6,17,16069,26.91,HOEP (Legacy)
2019-06-23 17:00:00,2019,6,18,16532,41.68,HOEP (Legacy)
2019-06-23 18:00:00,2019,6,19,16913,24.09,HOEP (Legacy)
2019-06-23 19:00:00,2019,6,20,16583,13.47,HOEP (Legacy)
2019-06-23 20:00:00,2019,6,21,16323,14.07,HOEP (Legacy)
2019-06-23 21:00:00,2019,6,22,15555,1.93,HOEP (Legacy)
2019-06-23 22:00:00,2019,6,23,14243,2.13,HOEP (Legacy)
2019-06-23 23:00:00,2019,6,24,13169,-0.28,HOEP (Legacy)
2019-06-24 00:00:00,2019,6,1,12537,-0.02,HOEP (Legacy)
2019-06-24 01:00:00,2019,6,2,12179,-3.18,HOEP (Legacy)
2019-06-24 02:00:00,2019,6,3,11896,-4.0,HOEP (Legacy)
2019-06-24 03:00:00,2019,6,4,11838,-3.83,HOEP (Legacy)
2019-06-24 04:00:00,2019,6,5,12254,-3.09,HOEP (Legacy)
2019-06-24 05:00:00,2019,6,6,13205,-1.46,HOEP (Legacy)
2019-06-24 06:00:00,2019,6,7,14467,-1.12,HOEP (Legacy)
2019-06-24 07:00:00,2019,6,8,15079,0.0,HOEP (Legacy)
2019-06-24 08:00:00,2019,6,9,15406,0.0,HOEP (Legacy)
2019-06-24 09:00:00,2019,6,10,15793,0.0,HOEP (Legacy)
2019-06-24 10:00:00,2019,6,11,16066,0.0,HOEP (Legacy)
2019-06-24 11:00:00,2019,6,12,16228,2.24,HOEP (Legacy)
2019-06-24 12:00:00,2019,6,13,16515,6.15,HOEP (Legacy)
2019-06-24 13:00:00,2019,6,14,16805,5.61,HOEP (Legacy)
2019-06-24 14:00:00,2019,6,15,17173,2.84,HOEP (Legacy)
2019-06-24 15:00:00,2019,6,16,17661,16.7,HOEP (Legacy)
2019-06-24 16:00:00,2019,6,17,18193,81.47,HOEP (Legacy)
2019-06-24 17:00:00,2019,6,18,18100,22.19,HOEP (Legacy)
2019-06-24 18:00:00,2019,6,19,18029,16.37,HOEP (Legacy)
2019-06-24 19:00:00,2019,6,20,17769,9.61,HOEP (Legacy)
2019-06-24 20:00:00,2019,6,21,17520,5.9,HOEP (Legacy)
2019-06-24 21:00:00,2019,6,22,16507,1.73,HOEP (Legacy)
2019-06-24 22:00:00,2019,6,23,15047,2.39,HOEP (Legacy)
2019-06-24 23:00:00,2019,6,24,13975,-2.19,HOEP (Legacy)
2019-06-25 00:00:00,2019,6,1,13241,-4.08,HOEP (Legacy)
2019-06-25 01:00:00,2019,6,2,12777,-4.17,HOEP (Legacy)
2019-06-25 02:00:00,2019,6,3,12626,-3.58,HOEP (Legacy)
2019-06-25 03:00:00,2019,6,4,12548,-3.0,HOEP (Legacy)
2019-06-25 04:00:00,2019,6,5,12912,-2.37,HOEP (Legacy)
2019-06-25 05:00:00,2019,6,6,13739,-0.78,HOEP (Legacy)
2019-06-25 06:00:00,2019,6,7,15125,-0.26,HOEP (Legacy)
2019-06-25 07:00:00,2019,6,8,16063,0.0,HOEP (Legacy)
2019-06-25 08:00:00,2019,6,9,16276,0.0,HOEP (Legacy)
2019-06-25 09:00:00,2019,6,10,16595,0.0,HOEP (Legacy)
2019-06-25 10:00:00,2019,6,11,16690,0.0,HOEP (Legacy)
2019-06-25 11:00:00,2019,6,12,16667,0.0,HOEP (Legacy)
2019-06-25 12:00:00,2019,6,13,16806,0.0,HOEP (Legacy)
2019-06-25 13:00:00,2019,6,14,16850,0.0,HOEP (Legacy)
2019-06-25 14:00:00,2019,6,15,17141,0.0,HOEP (Legacy)
2019-06-25 15:00:00,2019,6,16,17540,0.0,HOEP (Legacy)
2019-06-25 16:00:00,2019,6,17,17616,10.95,HOEP (Legacy)
2019-06-25 17:00:00,2019,6,18,17659,29.89,HOEP (Legacy)
2019-06-25 18:00:00,2019,6,19,17965,66.86,HOEP (Legacy)
2019-06-25 19:00:00,2019,6,20,17753,23.93,HOEP (Legacy)
2019-06-25 20:00:00,2019,6,21,17452,5.89,HOEP (Legacy)
2019-06-25 21:00:00,2019,6,22,16691,2.41,HOEP (Legacy)
2019-06-25 22:00:00,2019,6,23,15275,-0.27,HOEP (Legacy)
2019-06-25 23:00:00,2019,6,24,14115,-0.76,HOEP (Legacy)
2019-06-26 00:00:00,2019,6,1,13341,-1.23,HOEP (Legacy)
2019-06-26 01:00:00,2019,6,2,12898,-1.46,HOEP (Legacy)
2019-06-26 02:00:00,2019,6,3,12559,-3.0,HOEP (Legacy)
2019-06-26 03:00:00,2019,6,4,12490,-2.93,HOEP (Legacy)
2019-06-26 04:00:00,2019,6,5,12851,-1.9,HOEP (Legacy)
2019-06-26 05:00:00,2019,6,6,13688,-0.94,HOEP (Legacy)
2019-06-26 06:00:00,2019,6,7,15168,3.02,HOEP (Legacy)
2019-06-26 07:00:00,2019,6,8,16437,59.24,HOEP (Legacy)
2019-06-26 08:00:00,2019,6,9,17216,41.89,HOEP (Legacy)
2019-06-26 09:00:00,2019,6,10,17587,10.41,HOEP (Legacy)
2019-06-26 10:00:00,2019,6,11,17700,4.92,HOEP (Legacy)
2019-06-26 11:00:00,2019,6,12,17802,-0.02,HOEP (Legacy)
2019-06-26 12:00:00,2019,6,13,18108,0.0,HOEP (Legacy)
2019-06-26 13:00:00,2019,6,14,18574,0.0,HOEP (Legacy)
2019-06-26 14:00:00,2019,6,15,18766,5.24,HOEP (Legacy)
2019-06-26 15:00:00,2019,6,16,19191,12.38,HOEP (Legacy)
2019-06-26 16:00:00,2019,6,17,19549,18.96,HOEP (Legacy)
2019-06-26 17:00:00,2019,6,18,19693,29.15,HOEP (Legacy)
2019-06-26 18:00:00,2019,6,19,19942,36.72,HOEP (Legacy)
2019-06-26 19:00:00,2019,6,20,19701,31.44,HOEP (Legacy)
2019-06-26 20:00:00,2019,6,21,19251,39.84,HOEP (Legacy)
2019-06-26 21:00:00,2019,6,22,18046,25.67,HOEP (Legacy)
2019-06-26 22:00:00,2019,6,23,16422,14.06,HOEP (Legacy)
2019-06-26 23:00:00,2019,6,24,14961,7.0,HOEP (Legacy)
2019-06-27 00:00:00,2019,6,1,14024,4.41,HOEP (Legacy)
2019-06-27 01:00:00,2019,6,2,13475,1.88,HOEP (Legacy)
2019-06-27 02:00:00,2019,6,3,13038,5.28,HOEP (Legacy)
2019-06-27 03:00:00,2019,6,4,13087,5.72,HOEP (Legacy)
2019-06-27 04:00:00,2019,6,5,13576,-0.27,HOEP (Legacy)
2019-06-27 05:00:00,2019,6,6,14305,3.77,HOEP (Legacy)
2019-06-27 06:00:00,2019,6,7,15654,18.75,HOEP (Legacy)
2019-06-27 07:00:00,2019,6,8,16691,20.49,HOEP (Legacy)
2019-06-27 08:00:00,2019,6,9,17312,22.61,HOEP (Legacy)
2019-06-27 09:00:00,2019,6,10,17781,21.92,HOEP (Legacy)
2019-06-27 10:00:00,2019,6,11,18037,22.63,HOEP (Legacy)
2019-06-27 11:00:00,2019,6,12,18296,24.61,HOEP (Legacy)
2019-06-27 12:00:00,2019,6,13,18665,22.71,HOEP (Legacy)
2019-06-27 13:00:00,2019,6,14,19023,22.72,HOEP (Legacy)
2019-06-27 14:00:00,2019,6,15,19402,21.91,HOEP (Legacy)
2019-06-27 15:00:00,2019,6,16,19882,24.8,HOEP (Legacy)
2019-06-27 16:00:00,2019,6,17,20094,24.79,HOEP (Legacy)
2019-06-27 17:00:00,2019,6,18,20029,24.33,HOEP (Legacy)
2019-06-27 18:00:00,2019,6,19,20248,25.49,HOEP (Legacy)
2019-06-27 19:00:00,2019,6,20,19936,27.83,HOEP (Legacy)
2019-06-27 20:00:00,2019,6,21,19480,28.62,HOEP (Legacy)
2019-06-27 21:00:00,2019,6,22,18670,15.12,HOEP (Legacy)
2019-06-27 22:00:00,2019,6,23,17028,9.84,HOEP (Legacy)
2019-06-27 23:00:00,2019,6,24,15633,7.91,HOEP (Legacy)
2019-06-28 00:00:00,2019,6,1,14604,13.55,HOEP (Legacy)
2019-06-28 01:00:00,2019,6,2,14003,2.89,HOEP (Legacy)
2019-06-28 02:00:00,2019,6,3,13512,-1.69,HOEP (Legacy)
2019-06-28 03:00:00,2019,6,4,13344,-1.43,HOEP (Legacy)
2019-06-28 04:00:00,2019,6,5,13515,-3.02,HOEP (Legacy)
2019-06-28 05:00:00,2019,6,6,14427,1.02,HOEP (Legacy)
2019-06-28 06:00:00,2019,6,7,15742,11.13,HOEP (Legacy)
2019-06-28 07:00:00,2019,6,8,16910,23.94,HOEP (Legacy)
2019-06-28 08:00:00,2019,6,9,17665,21.69,HOEP (Legacy)
2019-06-28 09:00:00,2019,6,10,18136,18.06,HOEP (Legacy)
2019-06-28 10:00:00,2019,6,11,18519,19.64,HOEP (Legacy)
2019-06-28 11:00:00,2019,6,12,19064,21.56,HOEP (Legacy)
2019-06-28 12:00:00,2019,6,13,19521,24.42,HOEP (Legacy)
2019-06-28 13:00:00,2019,6,14,19562,24.4,HOEP (Legacy)
2019-06-28 14:00:00,2019,6,15,18982,22.26,HOEP (Legacy)
2019-06-28 15:00:00,2019,6,16,18942,21.26,HOEP (Legacy)
2019-06-28 16:00:00,2019,6,17,18965,23.47,HOEP (Legacy)
2019-06-28 17:00:00,2019,6,18,18692,15.25,HOEP (Legacy)
2019-06-28 18:00:00,2019,6,19,18626,31.11,HOEP (Legacy)
2019-06-28 19:00:00,2019,6,20,18494,70.88,HOEP (Legacy)
2019-06-28 20:00:00,2019,6,21,18184,7.84,HOEP (Legacy)
2019-06-28 21:00:00,2019,6,22,17452,34.49,HOEP (Legacy)
2019-06-28 22:00:00,2019,6,23,16139,15.36,HOEP (Legacy)
2019-06-28 23:00:00,2019,6,24,14963,6.58,HOEP (Legacy)
2019-06-29 00:00:00,2019,6,1,14116,3.81,HOEP (Legacy)
2019-06-29 01:00:00,2019,6,2,13576,3.68,HOEP (Legacy)
2019-06-29 02:00:00,2019,6,3,13205,5.2,HOEP (Legacy)
2019-06-29 03:00:00,2019,6,4,13110,-0.07,HOEP (Legacy)
2019-06-29 04:00:00,2019,6,5,13019,-0.02,HOEP (Legacy)
2019-06-29 05:00:00,2019,6,6,13209,-2.46,HOEP (Legacy)
2019-06-29 06:00:00,2019,6,7,13925,2.61,HOEP (Legacy)
2019-06-29 07:00:00,2019,6,8,15163,46.02,HOEP (Legacy)
2019-06-29 08:00:00,2019,6,9,16162,37.8,HOEP (Legacy)
2019-06-29 09:00:00,2019,6,10,16925,20.69,HOEP (Legacy)
2019-06-29 10:00:00,2019,6,11,17472,22.17,HOEP (Legacy)
2019-06-29 11:00:00,2019,6,12,17436,7.83,HOEP (Legacy)
2019-06-29 12:00:00,2019,6,13,17589,10.77,HOEP (Legacy)
2019-06-29 13:00:00,2019,6,14,17576,5.91,HOEP (Legacy)
2019-06-29 14:00:00,2019,6,15,17748,5.83,HOEP (Legacy)
2019-06-29 15:00:00,2019,6,16,18193,11.73,HOEP (Legacy)
2019-06-29 16:00:00,2019,6,17,18675,9.14,HOEP (Legacy)
2019-06-29 17:00:00,2019,6,18,18814,6.68,HOEP (Legacy)
2019-06-29 18:00:00,2019,6,19,18716,12.51,HOEP (Legacy)
2019-06-29 19:00:00,2019,6,20,18176,17.62,HOEP (Legacy)
2019-06-29 20:00:00,2019,6,21,17433,6.51,HOEP (Legacy)
2019-06-29 21:00:00,2019,6,22,16361,8.4,HOEP (Legacy)
2019-06-29 22:00:00,2019,6,23,15275,18.88,HOEP (Legacy)
2019-06-29 23:00:00,2019,6,24,14231,7.25,HOEP (Legacy)
2019-06-30 00:00:00,2019,6,1,13359,-0.7,HOEP (Legacy)
2019-06-30 01:00:00,2019,6,2,12746,-0.75,HOEP (Legacy)
2019-06-30 02:00:00,2019,6,3,12438,-3.11,HOEP (Legacy)
2019-06-30 03:00:00,2019,6,4,12080,-4.04,HOEP (Legacy)
2019-06-30 04:00:00,2019,6,5,11692,-4.03,HOEP (Legacy)
2019-06-30 05:00:00,2019,6,6,11670,-4.08,HOEP (Legacy)
2019-06-30 06:00:00,2019,6,7,12344,-2.79,HOEP (Legacy)
2019-06-30 07:00:00,2019,6,8,13386,-3.34,HOEP (Legacy)
2019-06-30 08:00:00,2019,6,9,14011,-0.75,HOEP (Legacy)
2019-06-30 09:00:00,2019,6,10,14360,0.0,HOEP (Legacy)
2019-06-30 10:00:00,2019,6,11,14475,-1.63,HOEP (Legacy)
2019-06-30 11:00:00,2019,6,12,14490,-0.27,HOEP (Legacy)
2019-06-30 12:00:00,2019,6,13,14490,0.0,HOEP (Legacy)
2019-06-30 13:00:00,2019,6,14,14582,-3.0,HOEP (Legacy)
2019-06-30 14:00:00,2019,6,15,14683,-1.93,HOEP (Legacy)
2019-06-30 15:00:00,2019,6,16,15301,2.81,HOEP (Legacy)
2019-06-30 16:00:00,2019,6,17,15953,18.1,HOEP (Legacy)
2019-06-30 17:00:00,2019,6,18,16471,17.28,HOEP (Legacy)
2019-06-30 18:00:00,2019,6,19,16700,5.85,HOEP (Legacy)
2019-06-30 19:00:00,2019,6,20,16311,5.39,HOEP (Legacy)
2019-06-30 20:00:00,2019,6,21,15724,5.89,HOEP (Legacy)
2019-06-30 21:00:00,2019,6,22,15154,6.52,HOEP (Legacy)
2019-06-30 22:00:00,2019,6,23,14215,5.34,HOEP (Legacy)
2019-06-30 23:00:00,2019,6,24,13339,1.45,HOEP (Legacy)
2019-07-01 00:00:00,2019,7,1,12615,-4.2,HOEP (Legacy)
2019-07-01 01:00:00,2019,7,2,12112,-1.9,HOEP (Legacy)
2019-07-01 02:00:00,2019,7,3,11786,-4.13,HOEP (Legacy)
2019-07-01 03:00:00,2019,7,4,11635,-4.23,HOEP (Legacy)
2019-07-01 04:00:00,2019,7,5,11565,-4.22,HOEP (Legacy)
2019-07-01 05:00:00,2019,7,6,11581,-4.16,HOEP (Legacy)
2019-07-01 06:00:00,2019,7,7,11980,-3.6,HOEP (Legacy)
2019-07-01 07:00:00,2019,7,8,12539,-3.99,HOEP (Legacy)
2019-07-01 08:00:00,2019,7,9,13357,-4.07,HOEP (Legacy)
2019-07-01 09:00:00,2019,7,10,14112,-3.1,HOEP (Legacy)
2019-07-01 10:00:00,2019,7,11,14750,-1.77,HOEP (Legacy)
2019-07-01 11:00:00,2019,7,12,15174,5.86,HOEP (Legacy)
2019-07-01 12:00:00,2019,7,13,15508,4.2,HOEP (Legacy)
2019-07-01 13:00:00,2019,7,14,15817,5.73,HOEP (Legacy)
2019-07-01 14:00:00,2019,7,15,16144,5.63,HOEP (Legacy)
2019-07-01 15:00:00,2019,7,16,16997,9.42,HOEP (Legacy)
2019-07-01 16:00:00,2019,7,17,17909,22.08,HOEP (Legacy)
2019-07-01 17:00:00,2019,7,18,18313,20.47,HOEP (Legacy)
2019-07-01 18:00:00,2019,7,19,18384,22.17,HOEP (Legacy)
2019-07-01 19:00:00,2019,7,20,17650,13.1,HOEP (Legacy)
2019-07-01 20:00:00,2019,7,21,17494,10.69,HOEP (Legacy)
2019-07-01 21:00:00,2019,7,22,16574,7.06,HOEP (Legacy)
2019-07-01 22:00:00,2019,7,23,15808,10.13,HOEP (Legacy)
2019-07-01 23:00:00,2019,7,24,14945,11.62,HOEP (Legacy)
2019-07-02 00:00:00,2019,7,1,13864,2.42,HOEP (Legacy)
2019-07-02 01:00:00,2019,7,2,13314,-0.5,HOEP (Legacy)
2019-07-02 02:00:00,2019,7,3,12977,0.39,HOEP (Legacy)
2019-07-02 03:00:00,2019,7,4,12970,-0.56,HOEP (Legacy)
2019-07-02 04:00:00,2019,7,5,13471,1.97,HOEP (Legacy)
2019-07-02 05:00:00,2019,7,6,14546,4.68,HOEP (Legacy)
2019-07-02 06:00:00,2019,7,7,15879,8.1,HOEP (Legacy)
2019-07-02 07:00:00,2019,7,8,16848,13.57,HOEP (Legacy)
2019-07-02 08:00:00,2019,7,9,17272,17.41,HOEP (Legacy)
2019-07-02 09:00:00,2019,7,10,17822,21.87,HOEP (Legacy)
2019-07-02 10:00:00,2019,7,11,18468,21.88,HOEP (Legacy)
2019-07-02 11:00:00,2019,7,12,18415,21.7,HOEP (Legacy)
2019-07-02 12:00:00,2019,7,13,18570,21.87,HOEP (Legacy)
2019-07-02 13:00:00,2019,7,14,19125,23.67,HOEP (Legacy)
2019-07-02 14:00:00,2019,7,15,19503,25.14,HOEP (Legacy)
2019-07-02 15:00:00,2019,7,16,20073,24.42,HOEP (Legacy)
2019-07-02 16:00:00,2019,7,17,20255,24.34,HOEP (Legacy)
2019-07-02 17:00:00,2019,7,18,20069,24.15,HOEP (Legacy)
2019-07-02 18:00:00,2019,7,19,19931,23.1,HOEP (Legacy)
2019-07-02 19:00:00,2019,7,20,19635,21.68,HOEP (Legacy)
2019-07-02 20:00:00,2019,7,21,19301,20.35,HOEP (Legacy)
2019-07-02 21:00:00,2019,7,22,18192,25.32,HOEP (Legacy)
2019-07-02 22:00:00,2019,7,23,16562,21.52,HOEP (Legacy)
2019-07-02 23:00:00,2019,7,24,15293,13.66,HOEP (Legacy)
2019-07-03 00:00:00,2019,7,1,14434,10.84,HOEP (Legacy)
2019-07-03 01:00:00,2019,7,2,13830,11.48,HOEP (Legacy)
2019-07-03 02:00:00,2019,7,3,13435,11.48,HOEP (Legacy)
2019-07-03 03:00:00,2019,7,4,13360,12.71,HOEP (Legacy)
2019-07-03 04:00:00,2019,7,5,13708,4.56,HOEP (Legacy)
2019-07-03 05:00:00,2019,7,6,14610,15.89,HOEP (Legacy)
2019-07-03 06:00:00,2019,7,7,15927,16.17,HOEP (Legacy)
2019-07-03 07:00:00,2019,7,8,16889,17.41,HOEP (Legacy)
2019-07-03 08:00:00,2019,7,9,17638,18.95,HOEP (Legacy)
2019-07-03 09:00:00,2019,7,10,18401,21.0,HOEP (Legacy)
2019-07-03 10:00:00,2019,7,11,18871,21.97,HOEP (Legacy)
2019-07-03 11:00:00,2019,7,12,19267,23.88,HOEP (Legacy)
2019-07-03 12:00:00,2019,7,13,19800,24.33,HOEP (Legacy)
2019-07-03 13:00:00,2019,7,14,20131,24.32,HOEP (Legacy)
2019-07-03 14:00:00,2019,7,15,20337,24.4,HOEP (Legacy)
2019-07-03 15:00:00,2019,7,16,20526,24.33,HOEP (Legacy)
2019-07-03 16:00:00,2019,7,17,20722,24.13,HOEP (Legacy)
2019-07-03 17:00:00,2019,7,18,20784,24.33,HOEP (Legacy)
2019-07-03 18:00:00,2019,7,19,20681,24.33,HOEP (Legacy)
2019-07-03 19:00:00,2019,7,20,20341,24.24,HOEP (Legacy)
2019-07-03 20:00:00,2019,7,21,20020,24.1,HOEP (Legacy)
2019-07-03 21:00:00,2019,7,22,19112,25.2,HOEP (Legacy)
2019-07-03 22:00:00,2019,7,23,17459,19.38,HOEP (Legacy)
2019-07-03 23:00:00,2019,7,24,15910,14.8,HOEP (Legacy)
2019-07-04 00:00:00,2019,7,1,14861,10.03,HOEP (Legacy)
2019-07-04 01:00:00,2019,7,2,14158,10.49,HOEP (Legacy)
2019-07-04 02:00:00,2019,7,3,13639,10.98,HOEP (Legacy)
2019-07-04 03:00:00,2019,7,4,13443,5.21,HOEP (Legacy)
2019-07-04 04:00:00,2019,7,5,13651,5.65,HOEP (Legacy)
2019-07-04 05:00:00,2019,7,6,14456,10.61,HOEP (Legacy)
2019-07-04 06:00:00,2019,7,7,15973,5.28,HOEP (Legacy)
2019-07-04 07:00:00,2019,7,8,17220,14.5,HOEP (Legacy)
2019-07-04 08:00:00,2019,7,9,17962,20.2,HOEP (Legacy)
2019-07-04 09:00:00,2019,7,10,18777,21.84,HOEP (Legacy)
2019-07-04 10:00:00,2019,7,11,19365,22.57,HOEP (Legacy)
2019-07-04 11:00:00,2019,7,12,19851,24.22,HOEP (Legacy)
2019-07-04 12:00:00,2019,7,13,20290,24.24,HOEP (Legacy)
2019-07-04 13:00:00,2019,7,14,20650,24.99,HOEP (Legacy)
2019-07-04 14:00:00,2019,7,15,20980,24.36,HOEP (Legacy)
2019-07-04 15:00:00,2019,7,16,21236,24.24,HOEP (Legacy)
2019-07-04 16:00:00,2019,7,17,21371,25.14,HOEP (Legacy)
2019-07-04 17:00:00,2019,7,18,21423,24.26,HOEP (Legacy)
2019-07-04 18:00:00,2019,7,19,21357,26.21,HOEP (Legacy)
2019-07-04 19:00:00,2019,7,20,21105,23.29,HOEP (Legacy)
2019-07-04 20:00:00,2019,7,21,20628,24.19,HOEP (Legacy)
2019-07-04 21:00:00,2019,7,22,19871,23.14,HOEP (Legacy)
2019-07-04 22:00:00,2019,7,23,18339,21.31,HOEP (Legacy)
2019-07-04 23:00:00,2019,7,24,16859,20.27,HOEP (Legacy)
2019-07-05 00:00:00,2019,7,1,15757,16.28,HOEP (Legacy)
2019-07-05 01:00:00,2019,7,2,15089,2.49,HOEP (Legacy)
2019-07-05 02:00:00,2019,7,3,14589,2.17,HOEP (Legacy)
2019-07-05 03:00:00,2019,7,4,14433,4.75,HOEP (Legacy)
2019-07-05 04:00:00,2019,7,5,14559,1.11,HOEP (Legacy)
2019-07-05 05:00:00,2019,7,6,15340,1.97,HOEP (Legacy)
2019-07-05 06:00:00,2019,7,7,16950,19.59,HOEP (Legacy)
2019-07-05 07:00:00,2019,7,8,18702,21.64,HOEP (Legacy)
2019-07-05 08:00:00,2019,7,9,19881,28.11,HOEP (Legacy)
2019-07-05 09:00:00,2019,7,10,20721,32.64,HOEP (Legacy)
2019-07-05 10:00:00,2019,7,11,21262,28.72,HOEP (Legacy)
2019-07-05 11:00:00,2019,7,12,21484,27.24,HOEP (Legacy)
2019-07-05 12:00:00,2019,7,13,21473,24.05,HOEP (Legacy)
2019-07-05 13:00:00,2019,7,14,21355,25.59,HOEP (Legacy)
2019-07-05 14:00:00,2019,7,15,21229,28.09,HOEP (Legacy)
2019-07-05 15:00:00,2019,7,16,21449,40.32,HOEP (Legacy)
2019-07-05 16:00:00,2019,7,17,21716,32.97,HOEP (Legacy)
2019-07-05 17:00:00,2019,7,18,21507,27.77,HOEP (Legacy)
2019-07-05 18:00:00,2019,7,19,21171,30.54,HOEP (Legacy)
2019-07-05 19:00:00,2019,7,20,21038,28.11,HOEP (Legacy)
2019-07-05 20:00:00,2019,7,21,20756,32.49,HOEP (Legacy)
2019-07-05 21:00:00,2019,7,22,19886,28.03,HOEP (Legacy)
2019-07-05 22:00:00,2019,7,23,18427,20.98,HOEP (Legacy)
2019-07-05 23:00:00,2019,7,24,16944,20.91,HOEP (Legacy)
2019-07-06 00:00:00,2019,7,1,16158,31.56,HOEP (Legacy)
2019-07-06 01:00:00,2019,7,2,15598,18.6,HOEP (Legacy)
2019-07-06 02:00:00,2019,7,3,15131,22.8,HOEP (Legacy)
2019-07-06 03:00:00,2019,7,4,15004,22.93,HOEP (Legacy)
2019-07-06 04:00:00,2019,7,5,14915,14.36,HOEP (Legacy)
2019-07-06 05:00:00,2019,7,6,14952,16.66,HOEP (Legacy)
2019-07-06 06:00:00,2019,7,7,15780,17.71,HOEP (Legacy)
2019-07-06 07:00:00,2019,7,8,17167,21.26,HOEP (Legacy)
2019-07-06 08:00:00,2019,7,9,18267,24.9,HOEP (Legacy)
2019-07-06 09:00:00,2019,7,10,19173,25.25,HOEP (Legacy)
2019-07-06 10:00:00,2019,7,11,19387,28.78,HOEP (Legacy)
2019-07-06 11:00:00,2019,7,12,19730,47.43,HOEP (Legacy)
2019-07-06 12:00:00,2019,7,13,19675,47.9,HOEP (Legacy)
2019-07-06 13:00:00,2019,7,14,19531,29.58,HOEP (Legacy)
2019-07-06 14:00:00,2019,7,15,19612,24.5,HOEP (Legacy)
2019-07-06 15:00:00,2019,7,16,19873,25.75,HOEP (Legacy)
2019-07-06 16:00:00,2019,7,17,20281,74.86,HOEP (Legacy)
2019-07-06 17:00:00,2019,7,18,20244,26.05,HOEP (Legacy)
2019-07-06 18:00:00,2019,7,19,19858,23.53,HOEP (Legacy)
2019-07-06 19:00:00,2019,7,20,19269,21.1,HOEP (Legacy)
2019-07-06 20:00:00,2019,7,21,18560,20.75,HOEP (Legacy)
2019-07-06 21:00:00,2019,7,22,17746,18.21,HOEP (Legacy)
2019-07-06 22:00:00,2019,7,23,16489,11.65,HOEP (Legacy)
2019-07-06 23:00:00,2019,7,24,15204,0.48,HOEP (Legacy)
2019-07-07 00:00:00,2019,7,1,14245,-0.37,HOEP (Legacy)
2019-07-07 01:00:00,2019,7,2,13435,-0.5,HOEP (Legacy)
2019-07-07 02:00:00,2019,7,3,12842,-1.26,HOEP (Legacy)
2019-07-07 03:00:00,2019,7,4,12630,-3.0,HOEP (Legacy)
2019-07-07 04:00:00,2019,7,5,12505,-3.0,HOEP (Legacy)
2019-07-07 05:00:00,2019,7,6,12476,-1.32,HOEP (Legacy)
2019-07-07 06:00:00,2019,7,7,13022,-1.87,HOEP (Legacy)
2019-07-07 07:00:00,2019,7,8,13771,-0.2,HOEP (Legacy)
2019-07-07 08:00:00,2019,7,9,14419,2.23,HOEP (Legacy)
2019-07-07 09:00:00,2019,7,10,14986,9.8,HOEP (Legacy)
2019-07-07 10:00:00,2019,7,11,15365,25.74,HOEP (Legacy)
2019-07-07 11:00:00,2019,7,12,15718,20.28,HOEP (Legacy)
2019-07-07 12:00:00,2019,7,13,15967,5.78,HOEP (Legacy)
2019-07-07 13:00:00,2019,7,14,15987,1.6,HOEP (Legacy)
2019-07-07 14:00:00,2019,7,15,16094,5.52,HOEP (Legacy)
2019-07-07 15:00:00,2019,7,16,16629,13.78,HOEP (Legacy)
2019-07-07 16:00:00,2019,7,17,17600,21.89,HOEP (Legacy)
2019-07-07 17:00:00,2019,7,18,18188,22.13,HOEP (Legacy)
2019-07-07 18:00:00,2019,7,19,18094,22.64,HOEP (Legacy)
2019-07-07 19:00:00,2019,7,20,17536,20.58,HOEP (Legacy)
2019-07-07 20:00:00,2019,7,21,16788,20.5,HOEP (Legacy)
2019-07-07 21:00:00,2019,7,22,15972,12.52,HOEP (Legacy)
2019-07-07 22:00:00,2019,7,23,14681,7.49,HOEP (Legacy)
2019-07-07 23:00:00,2019,7,24,13566,4.27,HOEP (Legacy)
2019-07-08 00:00:00,2019,7,1,13060,3.57,HOEP (Legacy)
2019-07-08 01:00:00,2019,7,2,12586,-1.59,HOEP (Legacy)
2019-07-08 02:00:00,2019,7,3,12314,-3.84,HOEP (Legacy)
2019-07-08 03:00:00,2019,7,4,12301,-4.0,HOEP (Legacy)
2019-07-08 04:00:00,2019,7,5,12539,-2.08,HOEP (Legacy)
2019-07-08 05:00:00,2019,7,6,13256,0.27,HOEP (Legacy)
2019-07-08 06:00:00,2019,7,7,14470,13.11,HOEP (Legacy)
2019-07-08 07:00:00,2019,7,8,15282,10.21,HOEP (Legacy)
2019-07-08 08:00:00,2019,7,9,15839,12.95,HOEP (Legacy)
2019-07-08 09:00:00,2019,7,10,16414,13.0,HOEP (Legacy)
2019-07-08 10:00:00,2019,7,11,16937,19.41,HOEP (Legacy)
2019-07-08 11:00:00,2019,7,12,17178,18.68,HOEP (Legacy)
2019-07-08 12:00:00,2019,7,13,17437,20.22,HOEP (Legacy)
2019-07-08 13:00:00,2019,7,14,17815,21.51,HOEP (Legacy)
2019-07-08 14:00:00,2019,7,15,18149,21.98,HOEP (Legacy)
2019-07-08 15:00:00,2019,7,16,18820,23.58,HOEP (Legacy)
2019-07-08 16:00:00,2019,7,17,19493,24.23,HOEP (Legacy)
2019-07-08 17:00:00,2019,7,18,19650,24.49,HOEP (Legacy)
2019-07-08 18:00:00,2019,7,19,19408,23.36,HOEP (Legacy)
2019-07-08 19:00:00,2019,7,20,18908,21.23,HOEP (Legacy)
2019-07-08 20:00:00,2019,7,21,18417,20.75,HOEP (Legacy)
2019-07-08 21:00:00,2019,7,22,17237,18.08,HOEP (Legacy)
2019-07-08 22:00:00,2019,7,23,15581,12.01,HOEP (Legacy)
2019-07-08 23:00:00,2019,7,24,14222,12.7,HOEP (Legacy)
2019-07-09 00:00:00,2019,7,1,13434,14.6,HOEP (Legacy)
2019-07-09 01:00:00,2019,7,2,13182,7.86,HOEP (Legacy)
2019-07-09 02:00:00,2019,7,3,12920,-2.92,HOEP (Legacy)
2019-07-09 03:00:00,2019,7,4,12865,-2.54,HOEP (Legacy)
2019-07-09 04:00:00,2019,7,5,13179,-4.08,HOEP (Legacy)
2019-07-09 05:00:00,2019,7,6,13886,0.42,HOEP (Legacy)
2019-07-09 06:00:00,2019,7,7,14922,19.29,HOEP (Legacy)
2019-07-09 07:00:00,2019,7,8,15671,17.88,HOEP (Legacy)
2019-07-09 08:00:00,2019,7,9,16217,15.39,HOEP (Legacy)
2019-07-09 09:00:00,2019,7,10,16755,20.8,HOEP (Legacy)
2019-07-09 10:00:00,2019,7,11,17327,22.96,HOEP (Legacy)
2019-07-09 11:00:00,2019,7,12,17658,22.84,HOEP (Legacy)
2019-07-09 12:00:00,2019,7,13,18102,23.2,HOEP (Legacy)
2019-07-09 13:00:00,2019,7,14,18477,23.88,HOEP (Legacy)
2019-07-09 14:00:00,2019,7,15,19006,24.39,HOEP (Legacy)
2019-07-09 15:00:00,2019,7,16,19721,23.55,HOEP (Legacy)
2019-07-09 16:00:00,2019,7,17,20268,25.32,HOEP (Legacy)
2019-07-09 17:00:00,2019,7,18,20298,25.33,HOEP (Legacy)
2019-07-09 18:00:00,2019,7,19,20079,25.11,HOEP (Legacy)
2019-07-09 19:00:00,2019,7,20,19335,25.06,HOEP (Legacy)
2019-07-09 20:00:00,2019,7,21,19173,22.94,HOEP (Legacy)
2019-07-09 21:00:00,2019,7,22,17987,22.46,HOEP (Legacy)
2019-07-09 22:00:00,2019,7,23,16243,16.97,HOEP (Legacy)
2019-07-09 23:00:00,2019,7,24,14760,12.12,HOEP (Legacy)
2019-07-10 00:00:00,2019,7,1,13834,5.75,HOEP (Legacy)
2019-07-10 01:00:00,2019,7,2,13265,4.29,HOEP (Legacy)
2019-07-10 02:00:00,2019,7,3,12876,-0.21,HOEP (Legacy)
2019-07-10 03:00:00,2019,7,4,12793,0.35,HOEP (Legacy)
2019-07-10 04:00:00,2019,7,5,13231,-0.59,HOEP (Legacy)
2019-07-10 05:00:00,2019,7,6,14102,1.37,HOEP (Legacy)
2019-07-10 06:00:00,2019,7,7,15345,21.66,HOEP (Legacy)
2019-07-10 07:00:00,2019,7,8,16160,22.78,HOEP (Legacy)
2019-07-10 08:00:00,2019,7,9,16956,22.43,HOEP (Legacy)
2019-07-10 09:00:00,2019,7,10,17826,22.55,HOEP (Legacy)
2019-07-10 10:00:00,2019,7,11,18492,23.4,HOEP (Legacy)
2019-07-10 11:00:00,2019,7,12,18881,23.76,HOEP (Legacy)
2019-07-10 12:00:00,2019,7,13,19395,25.65,HOEP (Legacy)
2019-07-10 13:00:00,2019,7,14,19999,25.68,HOEP (Legacy)
2019-07-10 14:00:00,2019,7,15,20346,25.16,HOEP (Legacy)
2019-07-10 15:00:00,2019,7,16,20701,25.05,HOEP (Legacy)
2019-07-10 16:00:00,2019,7,17,21015,37.44,HOEP (Legacy)
2019-07-10 17:00:00,2019,7,18,21083,26.71,HOEP (Legacy)
2019-07-10 18:00:00,2019,7,19,20678,25.58,HOEP (Legacy)
2019-07-10 19:00:00,2019,7,20,20022,25.15,HOEP (Legacy)
2019-07-10 20:00:00,2019,7,21,20156,28.55,HOEP (Legacy)
2019-07-10 21:00:00,2019,7,22,19091,20.99,HOEP (Legacy)
2019-07-10 22:00:00,2019,7,23,17569,19.2,HOEP (Legacy)
2019-07-10 23:00:00,2019,7,24,16351,9.53,HOEP (Legacy)
2019-07-11 00:00:00,2019,7,1,15626,16.78,HOEP (Legacy)
2019-07-11 01:00:00,2019,7,2,15020,14.35,HOEP (Legacy)
2019-07-11 02:00:00,2019,7,3,14414,4.1,HOEP (Legacy)
2019-07-11 03:00:00,2019,7,4,14347,13.61,HOEP (Legacy)
2019-07-11 04:00:00,2019,7,5,14651,13.64,HOEP (Legacy)
2019-07-11 05:00:00,2019,7,6,15662,5.52,HOEP (Legacy)
2019-07-11 06:00:00,2019,7,7,17066,16.79,HOEP (Legacy)
2019-07-11 07:00:00,2019,7,8,17947,23.15,HOEP (Legacy)
2019-07-11 08:00:00,2019,7,9,18596,26.62,HOEP (Legacy)
2019-07-11 09:00:00,2019,7,10,19206,26.7,HOEP (Legacy)
2019-07-11 10:00:00,2019,7,11,19750,26.7,HOEP (Legacy)
2019-07-11 11:00:00,2019,7,12,19955,26.66,HOEP (Legacy)
2019-07-11 12:00:00,2019,7,13,20760,26.7,HOEP (Legacy)
2019-07-11 13:00:00,2019,7,14,20398,26.39,HOEP (Legacy)
2019-07-11 14:00:00,2019,7,15,20003,24.57,HOEP (Legacy)
2019-07-11 15:00:00,2019,7,16,20694,25.61,HOEP (Legacy)
2019-07-11 16:00:00,2019,7,17,20701,25.68,HOEP (Legacy)
2019-07-11 17:00:00,2019,7,18,20324,24.73,HOEP (Legacy)
2019-07-11 18:00:00,2019,7,19,19956,22.83,HOEP (Legacy)
2019-07-11 19:00:00,2019,7,20,19178,19.01,HOEP (Legacy)
2019-07-11 20:00:00,2019,7,21,18728,21.36,HOEP (Legacy)
2019-07-11 21:00:00,2019,7,22,17608,12.84,HOEP (Legacy)
2019-07-11 22:00:00,2019,7,23,16028,2.5,HOEP (Legacy)
2019-07-11 23:00:00,2019,7,24,14538,6.93,HOEP (Legacy)
2019-07-12 00:00:00,2019,7,1,13814,2.61,HOEP (Legacy)
2019-07-12 01:00:00,2019,7,2,13321,13.33,HOEP (Legacy)
2019-07-12 02:00:00,2019,7,3,13060,8.93,HOEP (Legacy)
2019-07-12 03:00:00,2019,7,4,13088,11.89,HOEP (Legacy)
2019-07-12 04:00:00,2019,7,5,13547,8.74,HOEP (Legacy)
2019-07-12 05:00:00,2019,7,6,14530,16.86,HOEP (Legacy)
2019-07-12 06:00:00,2019,7,7,15867,21.81,HOEP (Legacy)
2019-07-12 07:00:00,2019,7,8,16687,22.14,HOEP (Legacy)
2019-07-12 08:00:00,2019,7,9,16932,24.58,HOEP (Legacy)
2019-07-12 09:00:00,2019,7,10,17037,25.81,HOEP (Legacy)
2019-07-12 10:00:00,2019,7,11,17202,24.42,HOEP (Legacy)
2019-07-12 11:00:00,2019,7,12,16991,24.58,HOEP (Legacy)
2019-07-12 12:00:00,2019,7,13,17033,24.58,HOEP (Legacy)
2019-07-12 13:00:00,2019,7,14,17076,24.58,HOEP (Legacy)
2019-07-12 14:00:00,2019,7,15,17058,20.28,HOEP (Legacy)
2019-07-12 15:00:00,2019,7,16,17402,20.55,HOEP (Legacy)
2019-07-12 16:00:00,2019,7,17,17982,24.65,HOEP (Legacy)
2019-07-12 17:00:00,2019,7,18,18183,26.12,HOEP (Legacy)
2019-07-12 18:00:00,2019,7,19,18250,31.2,HOEP (Legacy)
2019-07-12 19:00:00,2019,7,20,17857,26.04,HOEP (Legacy)
2019-07-12 20:00:00,2019,7,21,17545,27.04,HOEP (Legacy)
2019-07-12 21:00:00,2019,7,22,16641,26.17,HOEP (Legacy)
2019-07-12 22:00:00,2019,7,23,15340,29.96,HOEP (Legacy)
2019-07-12 23:00:00,2019,7,24,14113,10.22,HOEP (Legacy)
2019-07-13 00:00:00,2019,7,1,13237,8.58,HOEP (Legacy)
2019-07-13 01:00:00,2019,7,2,12659,10.82,HOEP (Legacy)
2019-07-13 02:00:00,2019,7,3,12382,0.48,HOEP (Legacy)
2019-07-13 03:00:00,2019,7,4,12181,3.38,HOEP (Legacy)
2019-07-13 04:00:00,2019,7,5,12252,0.0,HOEP (Legacy)
2019-07-13 05:00:00,2019,7,6,12437,0.0,HOEP (Legacy)
2019-07-13 06:00:00,2019,7,7,13079,-1.01,HOEP (Legacy)
2019-07-13 07:00:00,2019,7,8,13996,12.92,HOEP (Legacy)
2019-07-13 08:00:00,2019,7,9,15085,4.59,HOEP (Legacy)
2019-07-13 09:00:00,2019,7,10,15842,13.8,HOEP (Legacy)
2019-07-13 10:00:00,2019,7,11,16489,24.26,HOEP (Legacy)
2019-07-13 11:00:00,2019,7,12,17082,24.89,HOEP (Legacy)
2019-07-13 12:00:00,2019,7,13,17524,24.73,HOEP (Legacy)
2019-07-13 13:00:00,2019,7,14,17911,23.73,HOEP (Legacy)
2019-07-13 14:00:00,2019,7,15,18064,24.23,HOEP (Legacy)
2019-07-13 15:00:00,2019,7,16,17921,21.32,HOEP (Legacy)
2019-07-13 16:00:00,2019,7,17,18346,25.63,HOEP (Legacy)
2019-07-13 17:00:00,2019,7,18,18645,24.64,HOEP (Legacy)
2019-07-13 18:00:00,2019,7,19,18663,26.94,HOEP (Legacy)
2019-07-13 19:00:00,2019,7,20,18244,26.6,HOEP (Legacy)
2019-07-13 20:00:00,2019,7,21,17922,26.87,HOEP (Legacy)
2019-07-13 21:00:00,2019,7,22,16894,16.06,HOEP (Legacy)
2019-07-13 22:00:00,2019,7,23,15608,14.78,HOEP (Legacy)
2019-07-13 23:00:00,2019,7,24,14317,11.85,HOEP (Legacy)
2019-07-14 00:00:00,2019,7,1,13377,8.45,HOEP (Legacy)
2019-07-14 01:00:00,2019,7,2,12712,11.09,HOEP (Legacy)
2019-07-14 02:00:00,2019,7,3,12309,13.34,HOEP (Legacy)
2019-07-14 03:00:00,2019,7,4,12147,9.51,HOEP (Legacy)
2019-07-14 04:00:00,2019,7,5,11999,13.38,HOEP (Legacy)
2019-07-14 05:00:00,2019,7,6,12004,15.02,HOEP (Legacy)
2019-07-14 06:00:00,2019,7,7,12598,10.26,HOEP (Legacy)
2019-07-14 07:00:00,2019,7,8,13519,24.55,HOEP (Legacy)
2019-07-14 08:00:00,2019,7,9,14424,24.87,HOEP (Legacy)
2019-07-14 09:00:00,2019,7,10,15077,24.47,HOEP (Legacy)
2019-07-14 10:00:00,2019,7,11,15532,24.7,HOEP (Legacy)
2019-07-14 11:00:00,2019,7,12,15798,25.57,HOEP (Legacy)
2019-07-14 12:00:00,2019,7,13,15953,25.99,HOEP (Legacy)
2019-07-14 13:00:00,2019,7,14,16149,26.45,HOEP (Legacy)
2019-07-14 14:00:00,2019,7,15,16524,26.55,HOEP (Legacy)
2019-07-14 15:00:00,2019,7,16,17216,26.52,HOEP (Legacy)
2019-07-14 16:00:00,2019,7,17,18109,27.76,HOEP (Legacy)
2019-07-14 17:00:00,2019,7,18,18487,28.29,HOEP (Legacy)
2019-07-14 18:00:00,2019,7,19,18612,29.04,HOEP (Legacy)
2019-07-14 19:00:00,2019,7,20,18049,26.74,HOEP (Legacy)
2019-07-14 20:00:00,2019,7,21,17663,26.12,HOEP (Legacy)
2019-07-14 21:00:00,2019,7,22,16751,24.62,HOEP (Legacy)
2019-07-14 22:00:00,2019,7,23,15381,24.04,HOEP (Legacy)
2019-07-14 23:00:00,2019,7,24,14207,23.4,HOEP (Legacy)
2019-07-15 00:00:00,2019,7,1,13346,20.22,HOEP (Legacy)
2019-07-15 01:00:00,2019,7,2,12792,13.89,HOEP (Legacy)
2019-07-15 02:00:00,2019,7,3,12465,13.33,HOEP (Legacy)
2019-07-15 03:00:00,2019,7,4,12387,13.37,HOEP (Legacy)
2019-07-15 04:00:00,2019,7,5,12745,13.98,HOEP (Legacy)
2019-07-15 05:00:00,2019,7,6,13542,3.98,HOEP (Legacy)
2019-07-15 06:00:00,2019,7,7,14644,23.86,HOEP (Legacy)
2019-07-15 07:00:00,2019,7,8,15663,24.54,HOEP (Legacy)
2019-07-15 08:00:00,2019,7,9,16377,23.19,HOEP (Legacy)
2019-07-15 09:00:00,2019,7,10,17140,25.29,HOEP (Legacy)
2019-07-15 10:00:00,2019,7,11,17453,25.9,HOEP (Legacy)
2019-07-15 11:00:00,2019,7,12,17689,26.43,HOEP (Legacy)
2019-07-15 12:00:00,2019,7,13,18196,26.85,HOEP (Legacy)
2019-07-15 13:00:00,2019,7,14,18515,26.91,HOEP (Legacy)
2019-07-15 14:00:00,2019,7,15,18955,27.09,HOEP (Legacy)
2019-07-15 15:00:00,2019,7,16,19727,29.3,HOEP (Legacy)
2019-07-15 16:00:00,2019,7,17,20406,34.7,HOEP (Legacy)
2019-07-15 17:00:00,2019,7,18,20193,27.47,HOEP (Legacy)
2019-07-15 18:00:00,2019,7,19,19902,27.11,HOEP (Legacy)
2019-07-15 19:00:00,2019,7,20,19497,28.18,HOEP (Legacy)
2019-07-15 20:00:00,2019,7,21,19372,26.91,HOEP (Legacy)
2019-07-15 21:00:00,2019,7,22,18104,24.07,HOEP (Legacy)
2019-07-15 22:00:00,2019,7,23,16490,22.63,HOEP (Legacy)
2019-07-15 23:00:00,2019,7,24,15266,16.89,HOEP (Legacy)
2019-07-16 00:00:00,2019,7,1,14299,14.79,HOEP (Legacy)
2019-07-16 01:00:00,2019,7,2,13848,9.26,HOEP (Legacy)
2019-07-16 02:00:00,2019,7,3,13630,13.33,HOEP (Legacy)
2019-07-16 03:00:00,2019,7,4,13595,13.36,HOEP (Legacy)
2019-07-16 04:00:00,2019,7,5,13923,2.19,HOEP (Legacy)
2019-07-16 05:00:00,2019,7,6,14873,5.19,HOEP (Legacy)
2019-07-16 06:00:00,2019,7,7,16268,19.86,HOEP (Legacy)
2019-07-16 07:00:00,2019,7,8,17507,21.89,HOEP (Legacy)
2019-07-16 08:00:00,2019,7,9,18460,24.64,HOEP (Legacy)
2019-07-16 09:00:00,2019,7,10,18983,26.05,HOEP (Legacy)
2019-07-16 10:00:00,2019,7,11,19766,28.15,HOEP (Legacy)
2019-07-16 11:00:00,2019,7,12,20147,26.85,HOEP (Legacy)
2019-07-16 12:00:00,2019,7,13,20100,22.0,HOEP (Legacy)
2019-07-16 13:00:00,2019,7,14,20124,22.16,HOEP (Legacy)
2019-07-16 14:00:00,2019,7,15,20383,24.22,HOEP (Legacy)
2019-07-16 15:00:00,2019,7,16,20347,25.56,HOEP (Legacy)
2019-07-16 16:00:00,2019,7,17,20496,24.22,HOEP (Legacy)
2019-07-16 17:00:00,2019,7,18,20363,23.11,HOEP (Legacy)
2019-07-16 18:00:00,2019,7,19,20262,22.17,HOEP (Legacy)
2019-07-16 19:00:00,2019,7,20,20204,24.38,HOEP (Legacy)
2019-07-16 20:00:00,2019,7,21,20481,30.82,HOEP (Legacy)
2019-07-16 21:00:00,2019,7,22,19573,26.68,HOEP (Legacy)
2019-07-16 22:00:00,2019,7,23,17807,23.91,HOEP (Legacy)
2019-07-16 23:00:00,2019,7,24,16550,21.63,HOEP (Legacy)
2019-07-17 00:00:00,2019,7,1,15720,23.42,HOEP (Legacy)
2019-07-17 01:00:00,2019,7,2,15124,16.91,HOEP (Legacy)
2019-07-17 02:00:00,2019,7,3,14686,13.34,HOEP (Legacy)
2019-07-17 03:00:00,2019,7,4,14662,13.34,HOEP (Legacy)
2019-07-17 04:00:00,2019,7,5,15204,15.32,HOEP (Legacy)
2019-07-17 05:00:00,2019,7,6,16096,31.44,HOEP (Legacy)
2019-07-17 06:00:00,2019,7,7,17446,24.47,HOEP (Legacy)
2019-07-17 07:00:00,2019,7,8,18366,24.75,HOEP (Legacy)
2019-07-17 08:00:00,2019,7,9,18832,24.73,HOEP (Legacy)
2019-07-17 09:00:00,2019,7,10,19048,27.06,HOEP (Legacy)
2019-07-17 10:00:00,2019,7,11,19245,28.85,HOEP (Legacy)
2019-07-17 11:00:00,2019,7,12,19363,30.23,HOEP (Legacy)
2019-07-17 12:00:00,2019,7,13,19935,35.63,HOEP (Legacy)
2019-07-17 13:00:00,2019,7,14,20218,34.81,HOEP (Legacy)
2019-07-17 14:00:00,2019,7,15,20310,29.43,HOEP (Legacy)
2019-07-17 15:00:00,2019,7,16,20625,25.07,HOEP (Legacy)
2019-07-17 16:00:00,2019,7,17,20870,35.12,HOEP (Legacy)
2019-07-17 17:00:00,2019,7,18,20805,24.2,HOEP (Legacy)
2019-07-17 18:00:00,2019,7,19,20634,29.41,HOEP (Legacy)
2019-07-17 19:00:00,2019,7,20,20442,32.66,HOEP (Legacy)
2019-07-17 20:00:00,2019,7,21,20351,32.41,HOEP (Legacy)
2019-07-17 21:00:00,2019,7,22,19201,24.66,HOEP (Legacy)
2019-07-17 22:00:00,2019,7,23,17478,24.72,HOEP (Legacy)
2019-07-17 23:00:00,2019,7,24,15961,22.17,HOEP (Legacy)
2019-07-18 00:00:00,2019,7,1,15022,15.68,HOEP (Legacy)
2019-07-18 01:00:00,2019,7,2,14272,15.05,HOEP (Legacy)
2019-07-18 02:00:00,2019,7,3,13890,16.38,HOEP (Legacy)
2019-07-18 03:00:00,2019,7,4,13855,9.26,HOEP (Legacy)
2019-07-18 04:00:00,2019,7,5,14176,6.26,HOEP (Legacy)
2019-07-18 05:00:00,2019,7,6,15254,10.84,HOEP (Legacy)
2019-07-18 06:00:00,2019,7,7,16549,20.33,HOEP (Legacy)
2019-07-18 07:00:00,2019,7,8,17369,22.59,HOEP (Legacy)
2019-07-18 08:00:00,2019,7,9,17984,25.38,HOEP (Legacy)
2019-07-18 09:00:00,2019,7,10,18524,25.8,HOEP (Legacy)
2019-07-18 10:00:00,2019,7,11,19102,28.07,HOEP (Legacy)
2019-07-18 11:00:00,2019,7,12,19477,26.41,HOEP (Legacy)
2019-07-18 12:00:00,2019,7,13,19951,31.19,HOEP (Legacy)
2019-07-18 13:00:00,2019,7,14,20136,26.21,HOEP (Legacy)
2019-07-18 14:00:00,2019,7,15,20555,25.78,HOEP (Legacy)
2019-07-18 15:00:00,2019,7,16,20714,25.43,HOEP (Legacy)
2019-07-18 16:00:00,2019,7,17,20795,27.84,HOEP (Legacy)
2019-07-18 17:00:00,2019,7,18,20891,26.17,HOEP (Legacy)
2019-07-18 18:00:00,2019,7,19,20792,25.72,HOEP (Legacy)
2019-07-18 19:00:00,2019,7,20,20349,25.81,HOEP (Legacy)
2019-07-18 20:00:00,2019,7,21,20445,25.06,HOEP (Legacy)
2019-07-18 21:00:00,2019,7,22,19560,26.17,HOEP (Legacy)
2019-07-18 22:00:00,2019,7,23,17862,16.86,HOEP (Legacy)
2019-07-18 23:00:00,2019,7,24,16412,14.63,HOEP (Legacy)
2019-07-19 00:00:00,2019,7,1,15633,14.04,HOEP (Legacy)
2019-07-19 01:00:00,2019,7,2,14967,1.9,HOEP (Legacy)
2019-07-19 02:00:00,2019,7,3,14617,5.93,HOEP (Legacy)
2019-07-19 03:00:00,2019,7,4,14587,10.72,HOEP (Legacy)
2019-07-19 04:00:00,2019,7,5,15101,0.41,HOEP (Legacy)
2019-07-19 05:00:00,2019,7,6,16131,4.92,HOEP (Legacy)
2019-07-19 06:00:00,2019,7,7,17760,18.68,HOEP (Legacy)
2019-07-19 07:00:00,2019,7,8,19248,24.88,HOEP (Legacy)
2019-07-19 08:00:00,2019,7,9,20295,25.72,HOEP (Legacy)
2019-07-19 09:00:00,2019,7,10,21036,29.21,HOEP (Legacy)
2019-07-19 10:00:00,2019,7,11,21326,28.41,HOEP (Legacy)
2019-07-19 11:00:00,2019,7,12,21545,27.6,HOEP (Legacy)
2019-07-19 12:00:00,2019,7,13,21256,23.8,HOEP (Legacy)
2019-07-19 13:00:00,2019,7,14,20618,25.16,HOEP (Legacy)
2019-07-19 14:00:00,2019,7,15,20188,21.94,HOEP (Legacy)
2019-07-19 15:00:00,2019,7,16,20867,27.37,HOEP (Legacy)
2019-07-19 16:00:00,2019,7,17,21327,30.29,HOEP (Legacy)
2019-07-19 17:00:00,2019,7,18,21309,28.7,HOEP (Legacy)
2019-07-19 18:00:00,2019,7,19,21278,35.33,HOEP (Legacy)
2019-07-19 19:00:00,2019,7,20,21312,40.93,HOEP (Legacy)
2019-07-19 20:00:00,2019,7,21,21289,57.55,HOEP (Legacy)
2019-07-19 21:00:00,2019,7,22,20362,31.02,HOEP (Legacy)
2019-07-19 22:00:00,2019,7,23,18832,29.57,HOEP (Legacy)
2019-07-19 23:00:00,2019,7,24,17332,22.88,HOEP (Legacy)
2019-07-20 00:00:00,2019,7,1,16506,21.05,HOEP (Legacy)
2019-07-20 01:00:00,2019,7,2,15853,16.18,HOEP (Legacy)
2019-07-20 02:00:00,2019,7,3,15259,13.3,HOEP (Legacy)
2019-07-20 03:00:00,2019,7,4,14821,8.53,HOEP (Legacy)
2019-07-20 04:00:00,2019,7,5,14862,7.23,HOEP (Legacy)
2019-07-20 05:00:00,2019,7,6,15124,8.73,HOEP (Legacy)
2019-07-20 06:00:00,2019,7,7,15912,12.83,HOEP (Legacy)
2019-07-20 07:00:00,2019,7,8,17083,15.75,HOEP (Legacy)
2019-07-20 08:00:00,2019,7,9,18480,25.59,HOEP (Legacy)
2019-07-20 09:00:00,2019,7,10,19406,27.66,HOEP (Legacy)
2019-07-20 10:00:00,2019,7,11,20000,27.38,HOEP (Legacy)
2019-07-20 11:00:00,2019,7,12,20670,29.35,HOEP (Legacy)
2019-07-20 12:00:00,2019,7,13,20689,30.23,HOEP (Legacy)
2019-07-20 13:00:00,2019,7,14,21037,46.11,HOEP (Legacy)
2019-07-20 14:00:00,2019,7,15,21000,55.37,HOEP (Legacy)
2019-07-20 15:00:00,2019,7,16,21161,49.41,HOEP (Legacy)
2019-07-20 16:00:00,2019,7,17,21480,60.28,HOEP (Legacy)
2019-07-20 17:00:00,2019,7,18,21645,44.35,HOEP (Legacy)
2019-07-20 18:00:00,2019,7,19,20788,24.86,HOEP (Legacy)
2019-07-20 19:00:00,2019,7,20,20545,37.28,HOEP (Legacy)
2019-07-20 20:00:00,2019,7,21,20638,32.96,HOEP (Legacy)
2019-07-20 21:00:00,2019,7,22,19223,24.0,HOEP (Legacy)
2019-07-20 22:00:00,2019,7,23,17737,19.23,HOEP (Legacy)
2019-07-20 23:00:00,2019,7,24,16511,21.06,HOEP (Legacy)
2019-07-21 00:00:00,2019,7,1,15683,20.21,HOEP (Legacy)
2019-07-21 01:00:00,2019,7,2,15147,22.75,HOEP (Legacy)
2019-07-21 02:00:00,2019,7,3,14667,21.07,HOEP (Legacy)
2019-07-21 03:00:00,2019,7,4,14395,14.32,HOEP (Legacy)
2019-07-21 04:00:00,2019,7,5,14140,13.34,HOEP (Legacy)
2019-07-21 05:00:00,2019,7,6,14202,11.05,HOEP (Legacy)
2019-07-21 06:00:00,2019,7,7,15019,17.29,HOEP (Legacy)
2019-07-21 07:00:00,2019,7,8,15955,19.42,HOEP (Legacy)
2019-07-21 08:00:00,2019,7,9,16538,22.55,HOEP (Legacy)
2019-07-21 09:00:00,2019,7,10,16996,23.45,HOEP (Legacy)
2019-07-21 10:00:00,2019,7,11,17477,24.78,HOEP (Legacy)
2019-07-21 11:00:00,2019,7,12,17698,24.68,HOEP (Legacy)
2019-07-21 12:00:00,2019,7,13,18058,26.38,HOEP (Legacy)
2019-07-21 13:00:00,2019,7,14,18131,26.99,HOEP (Legacy)
2019-07-21 14:00:00,2019,7,15,18368,66.06,HOEP (Legacy)
2019-07-21 15:00:00,2019,7,16,18990,106.65,HOEP (Legacy)
2019-07-21 16:00:00,2019,7,17,19850,180.57,HOEP (Legacy)
2019-07-21 17:00:00,2019,7,18,20052,64.26,HOEP (Legacy)
2019-07-21 18:00:00,2019,7,19,20031,29.52,HOEP (Legacy)
2019-07-21 19:00:00,2019,7,20,19348,25.64,HOEP (Legacy)
2019-07-21 20:00:00,2019,7,21,18985,24.79,HOEP (Legacy)
2019-07-21 21:00:00,2019,7,22,17855,25.45,HOEP (Legacy)
2019-07-21 22:00:00,2019,7,23,16358,30.41,HOEP (Legacy)
2019-07-21 23:00:00,2019,7,24,15142,29.24,HOEP (Legacy)
2019-07-22 00:00:00,2019,7,1,14287,47.69,HOEP (Legacy)
2019-07-22 01:00:00,2019,7,2,13815,23.03,HOEP (Legacy)
2019-07-22 02:00:00,2019,7,3,13551,21.46,HOEP (Legacy)
2019-07-22 03:00:00,2019,7,4,13636,43.3,HOEP (Legacy)
2019-07-22 04:00:00,2019,7,5,13989,34.16,HOEP (Legacy)
2019-07-22 05:00:00,2019,7,6,14959,18.82,HOEP (Legacy)
2019-07-22 06:00:00,2019,7,7,16032,20.02,HOEP (Legacy)
2019-07-22 07:00:00,2019,7,8,16772,22.57,HOEP (Legacy)
2019-07-22 08:00:00,2019,7,9,17086,23.88,HOEP (Legacy)
2019-07-22 09:00:00,2019,7,10,17573,24.1,HOEP (Legacy)
2019-07-22 10:00:00,2019,7,11,17943,24.07,HOEP (Legacy)
2019-07-22 11:00:00,2019,7,12,18236,24.88,HOEP (Legacy)
2019-07-22 12:00:00,2019,7,13,18599,25.32,HOEP (Legacy)
2019-07-22 13:00:00,2019,7,14,18728,25.55,HOEP (Legacy)
2019-07-22 14:00:00,2019,7,15,18748,25.01,HOEP (Legacy)
2019-07-22 15:00:00,2019,7,16,18640,24.2,HOEP (Legacy)
2019-07-22 16:00:00,2019,7,17,18655,20.81,HOEP (Legacy)
2019-07-22 17:00:00,2019,7,18,18437,18.48,HOEP (Legacy)
2019-07-22 18:00:00,2019,7,19,18248,18.75,HOEP (Legacy)
2019-07-22 19:00:00,2019,7,20,18348,19.07,HOEP (Legacy)
2019-07-22 20:00:00,2019,7,21,18195,24.53,HOEP (Legacy)
2019-07-22 21:00:00,2019,7,22,16884,21.74,HOEP (Legacy)
2019-07-22 22:00:00,2019,7,23,15492,19.29,HOEP (Legacy)
2019-07-22 23:00:00,2019,7,24,14359,11.62,HOEP (Legacy)
2019-07-23 00:00:00,2019,7,1,13575,11.28,HOEP (Legacy)
2019-07-23 01:00:00,2019,7,2,12964,7.76,HOEP (Legacy)
2019-07-23 02:00:00,2019,7,3,12726,2.08,HOEP (Legacy)
2019-07-23 03:00:00,2019,7,4,12665,11.16,HOEP (Legacy)
2019-07-23 04:00:00,2019,7,5,12962,1.63,HOEP (Legacy)
2019-07-23 05:00:00,2019,7,6,13849,12.77,HOEP (Legacy)
2019-07-23 06:00:00,2019,7,7,14953,9.16,HOEP (Legacy)
2019-07-23 07:00:00,2019,7,8,15782,19.13,HOEP (Legacy)
2019-07-23 08:00:00,2019,7,9,16174,20.2,HOEP (Legacy)
2019-07-23 09:00:00,2019,7,10,16655,20.55,HOEP (Legacy)
2019-07-23 10:00:00,2019,7,11,17176,22.42,HOEP (Legacy)
2019-07-23 11:00:00,2019,7,12,17361,22.26,HOEP (Legacy)
2019-07-23 12:00:00,2019,7,13,17687,22.43,HOEP (Legacy)
2019-07-23 13:00:00,2019,7,14,17812,22.43,HOEP (Legacy)
2019-07-23 14:00:00,2019,7,15,18006,22.43,HOEP (Legacy)
2019-07-23 15:00:00,2019,7,16,18665,23.68,HOEP (Legacy)
2019-07-23 16:00:00,2019,7,17,19888,23.91,HOEP (Legacy)
2019-07-23 17:00:00,2019,7,18,19588,23.27,HOEP (Legacy)
2019-07-23 18:00:00,2019,7,19,18667,22.4,HOEP (Legacy)
2019-07-23 19:00:00,2019,7,20,18407,22.42,HOEP (Legacy)
2019-07-23 20:00:00,2019,7,21,18149,22.08,HOEP (Legacy)
2019-07-23 21:00:00,2019,7,22,16691,17.7,HOEP (Legacy)
2019-07-23 22:00:00,2019,7,23,15373,12.27,HOEP (Legacy)
2019-07-23 23:00:00,2019,7,24,14212,9.28,HOEP (Legacy)
2019-07-24 00:00:00,2019,7,1,13488,13.55,HOEP (Legacy)
2019-07-24 01:00:00,2019,7,2,12989,8.01,HOEP (Legacy)
2019-07-24 02:00:00,2019,7,3,12773,0.0,HOEP (Legacy)
2019-07-24 03:00:00,2019,7,4,12787,-0.55,HOEP (Legacy)
2019-07-24 04:00:00,2019,7,5,13178,3.62,HOEP (Legacy)
2019-07-24 05:00:00,2019,7,6,13984,5.63,HOEP (Legacy)
2019-07-24 06:00:00,2019,7,7,15088,19.09,HOEP (Legacy)
2019-07-24 07:00:00,2019,7,8,15747,20.08,HOEP (Legacy)
2019-07-24 08:00:00,2019,7,9,16115,19.67,HOEP (Legacy)
2019-07-24 09:00:00,2019,7,10,16521,14.65,HOEP (Legacy)
2019-07-24 10:00:00,2019,7,11,17011,20.32,HOEP (Legacy)
2019-07-24 11:00:00,2019,7,12,17323,20.42,HOEP (Legacy)
2019-07-24 12:00:00,2019,7,13,17649,22.31,HOEP (Legacy)
2019-07-24 13:00:00,2019,7,14,17809,20.46,HOEP (Legacy)
2019-07-24 14:00:00,2019,7,15,18057,20.96,HOEP (Legacy)
2019-07-24 15:00:00,2019,7,16,18717,21.85,HOEP (Legacy)
2019-07-24 16:00:00,2019,7,17,19255,56.59,HOEP (Legacy)
2019-07-24 17:00:00,2019,7,18,19394,57.41,HOEP (Legacy)
2019-07-24 18:00:00,2019,7,19,19311,60.53,HOEP (Legacy)
2019-07-24 19:00:00,2019,7,20,18747,23.03,HOEP (Legacy)
2019-07-24 20:00:00,2019,7,21,18263,25.26,HOEP (Legacy)
2019-07-24 21:00:00,2019,7,22,17104,20.77,HOEP (Legacy)
2019-07-24 22:00:00,2019,7,23,15536,18.76,HOEP (Legacy)
2019-07-24 23:00:00,2019,7,24,14155,13.68,HOEP (Legacy)
2019-07-25 00:00:00,2019,7,1,13374,26.54,HOEP (Legacy)
2019-07-25 01:00:00,2019,7,2,12973,14.37,HOEP (Legacy)
2019-07-25 02:00:00,2019,7,3,12719,11.44,HOEP (Legacy)
2019-07-25 03:00:00,2019,7,4,12684,14.34,HOEP (Legacy)
2019-07-25 04:00:00,2019,7,5,13206,12.12,HOEP (Legacy)
2019-07-25 05:00:00,2019,7,6,13831,11.49,HOEP (Legacy)
2019-07-25 06:00:00,2019,7,7,14805,19.58,HOEP (Legacy)
2019-07-25 07:00:00,2019,7,8,15746,16.35,HOEP (Legacy)
2019-07-25 08:00:00,2019,7,9,16389,17.17,HOEP (Legacy)
2019-07-25 09:00:00,2019,7,10,16997,19.39,HOEP (Legacy)
2019-07-25 10:00:00,2019,7,11,17569,20.01,HOEP (Legacy)
2019-07-25 11:00:00,2019,7,12,18164,19.8,HOEP (Legacy)
2019-07-25 12:00:00,2019,7,13,18713,22.88,HOEP (Legacy)
2019-07-25 13:00:00,2019,7,14,19192,22.49,HOEP (Legacy)
2019-07-25 14:00:00,2019,7,15,19625,24.23,HOEP (Legacy)
2019-07-25 15:00:00,2019,7,16,20274,25.03,HOEP (Legacy)
2019-07-25 16:00:00,2019,7,17,20589,24.52,HOEP (Legacy)
2019-07-25 17:00:00,2019,7,18,20613,27.78,HOEP (Legacy)
2019-07-25 18:00:00,2019,7,19,20461,29.98,HOEP (Legacy)
2019-07-25 19:00:00,2019,7,20,20033,29.72,HOEP (Legacy)
2019-07-25 20:00:00,2019,7,21,19545,33.75,HOEP (Legacy)
2019-07-25 21:00:00,2019,7,22,18386,22.67,HOEP (Legacy)
2019-07-25 22:00:00,2019,7,23,16586,21.39,HOEP (Legacy)
2019-07-25 23:00:00,2019,7,24,15325,19.4,HOEP (Legacy)
2019-07-26 00:00:00,2019,7,1,14442,15.38,HOEP (Legacy)
2019-07-26 01:00:00,2019,7,2,13785,10.22,HOEP (Legacy)
2019-07-26 02:00:00,2019,7,3,13390,14.35,HOEP (Legacy)
2019-07-26 03:00:00,2019,7,4,13475,14.38,HOEP (Legacy)
2019-07-26 04:00:00,2019,7,5,13800,9.27,HOEP (Legacy)
2019-07-26 05:00:00,2019,7,6,14518,9.45,HOEP (Legacy)
2019-07-26 06:00:00,2019,7,7,15661,12.65,HOEP (Legacy)
2019-07-26 07:00:00,2019,7,8,16617,21.33,HOEP (Legacy)
2019-07-26 08:00:00,2019,7,9,17558,24.0,HOEP (Legacy)
2019-07-26 09:00:00,2019,7,10,18385,25.04,HOEP (Legacy)
2019-07-26 10:00:00,2019,7,11,19236,28.83,HOEP (Legacy)
2019-07-26 11:00:00,2019,7,12,19827,31.35,HOEP (Legacy)
2019-07-26 12:00:00,2019,7,13,20235,51.82,HOEP (Legacy)
2019-07-26 13:00:00,2019,7,14,20571,43.64,HOEP (Legacy)
2019-07-26 14:00:00,2019,7,15,20620,45.97,HOEP (Legacy)
2019-07-26 15:00:00,2019,7,16,20787,34.73,HOEP (Legacy)
2019-07-26 16:00:00,2019,7,17,20986,44.42,HOEP (Legacy)
2019-07-26 17:00:00,2019,7,18,20821,30.48,HOEP (Legacy)
2019-07-26 18:00:00,2019,7,19,20667,29.72,HOEP (Legacy)
2019-07-26 19:00:00,2019,7,20,20097,24.3,HOEP (Legacy)
2019-07-26 20:00:00,2019,7,21,19814,22.89,HOEP (Legacy)
2019-07-26 21:00:00,2019,7,22,18514,20.81,HOEP (Legacy)
2019-07-26 22:00:00,2019,7,23,16909,20.02,HOEP (Legacy)
2019-07-26 23:00:00,2019,7,24,15548,16.09,HOEP (Legacy)
2019-07-27 00:00:00,2019,7,1,14585,8.87,HOEP (Legacy)
2019-07-27 01:00:00,2019,7,2,13872,2.51,HOEP (Legacy)
2019-07-27 02:00:00,2019,7,3,13383,3.47,HOEP (Legacy)
2019-07-27 03:00:00,2019,7,4,13075,5.37,HOEP (Legacy)
2019-07-27 04:00:00,2019,7,5,13051,0.0,HOEP (Legacy)
2019-07-27 05:00:00,2019,7,6,13113,0.0,HOEP (Legacy)
2019-07-27 06:00:00,2019,7,7,13954,0.38,HOEP (Legacy)
2019-07-27 07:00:00,2019,7,8,15288,17.29,HOEP (Legacy)
2019-07-27 08:00:00,2019,7,9,16525,21.05,HOEP (Legacy)
2019-07-27 09:00:00,2019,7,10,17685,23.84,HOEP (Legacy)
2019-07-27 10:00:00,2019,7,11,18259,23.07,HOEP (Legacy)
2019-07-27 11:00:00,2019,7,12,18274,22.01,HOEP (Legacy)
2019-07-27 12:00:00,2019,7,13,18193,21.75,HOEP (Legacy)
2019-07-27 13:00:00,2019,7,14,18583,21.74,HOEP (Legacy)
2019-07-27 14:00:00,2019,7,15,18935,21.74,HOEP (Legacy)
2019-07-27 15:00:00,2019,7,16,19179,22.17,HOEP (Legacy)
2019-07-27 16:00:00,2019,7,17,19628,22.52,HOEP (Legacy)
2019-07-27 17:00:00,2019,7,18,19698,22.95,HOEP (Legacy)
2019-07-27 18:00:00,2019,7,19,19323,20.78,HOEP (Legacy)
2019-07-27 19:00:00,2019,7,20,18641,19.81,HOEP (Legacy)
2019-07-27 20:00:00,2019,7,21,18249,19.91,HOEP (Legacy)
2019-07-27 21:00:00,2019,7,22,17398,23.13,HOEP (Legacy)
2019-07-27 22:00:00,2019,7,23,16244,19.98,HOEP (Legacy)
2019-07-27 23:00:00,2019,7,24,15185,18.47,HOEP (Legacy)
2019-07-28 00:00:00,2019,7,1,14481,9.7,HOEP (Legacy)
2019-07-28 01:00:00,2019,7,2,13821,12.81,HOEP (Legacy)
2019-07-28 02:00:00,2019,7,3,13473,13.51,HOEP (Legacy)
2019-07-28 03:00:00,2019,7,4,13269,2.68,HOEP (Legacy)
2019-07-28 04:00:00,2019,7,5,13243,11.44,HOEP (Legacy)
2019-07-28 05:00:00,2019,7,6,13291,14.33,HOEP (Legacy)
2019-07-28 06:00:00,2019,7,7,13978,5.0,HOEP (Legacy)
2019-07-28 07:00:00,2019,7,8,14931,3.59,HOEP (Legacy)
2019-07-28 08:00:00,2019,7,9,16180,17.5,HOEP (Legacy)
2019-07-28 09:00:00,2019,7,10,17513,22.06,HOEP (Legacy)
2019-07-28 10:00:00,2019,7,11,18443,24.38,HOEP (Legacy)
2019-07-28 11:00:00,2019,7,12,19020,24.06,HOEP (Legacy)
2019-07-28 12:00:00,2019,7,13,19374,24.77,HOEP (Legacy)
2019-07-28 13:00:00,2019,7,14,19595,24.29,HOEP (Legacy)
2019-07-28 14:00:00,2019,7,15,19732,24.51,HOEP (Legacy)
2019-07-28 15:00:00,2019,7,16,20324,25.97,HOEP (Legacy)
2019-07-28 16:00:00,2019,7,17,20824,50.07,HOEP (Legacy)
2019-07-28 17:00:00,2019,7,18,21027,51.14,HOEP (Legacy)
2019-07-28 18:00:00,2019,7,19,20576,38.81,HOEP (Legacy)
2019-07-28 19:00:00,2019,7,20,20119,33.54,HOEP (Legacy)
2019-07-28 20:00:00,2019,7,21,19989,62.4,HOEP (Legacy)
2019-07-28 21:00:00,2019,7,22,18882,24.78,HOEP (Legacy)
2019-07-28 22:00:00,2019,7,23,17397,22.87,HOEP (Legacy)
2019-07-28 23:00:00,2019,7,24,16121,18.17,HOEP (Legacy)
2019-07-29 00:00:00,2019,7,1,15281,13.71,HOEP (Legacy)
2019-07-29 01:00:00,2019,7,2,14665,9.6,HOEP (Legacy)
2019-07-29 02:00:00,2019,7,3,14297,8.12,HOEP (Legacy)
2019-07-29 03:00:00,2019,7,4,14231,8.22,HOEP (Legacy)
2019-07-29 04:00:00,2019,7,5,14606,0.0,HOEP (Legacy)
2019-07-29 05:00:00,2019,7,6,15504,2.76,HOEP (Legacy)
2019-07-29 06:00:00,2019,7,7,16954,16.51,HOEP (Legacy)
2019-07-29 07:00:00,2019,7,8,18262,22.18,HOEP (Legacy)
2019-07-29 08:00:00,2019,7,9,19302,23.97,HOEP (Legacy)
2019-07-29 09:00:00,2019,7,10,20368,24.94,HOEP (Legacy)
2019-07-29 10:00:00,2019,7,11,21020,24.13,HOEP (Legacy)
2019-07-29 11:00:00,2019,7,12,21191,24.13,HOEP (Legacy)
2019-07-29 12:00:00,2019,7,13,21040,23.92,HOEP (Legacy)
2019-07-29 13:00:00,2019,7,14,20904,23.96,HOEP (Legacy)
2019-07-29 14:00:00,2019,7,15,20920,23.79,HOEP (Legacy)
2019-07-29 15:00:00,2019,7,16,21351,22.76,HOEP (Legacy)
2019-07-29 16:00:00,2019,7,17,21791,41.83,HOEP (Legacy)
2019-07-29 17:00:00,2019,7,18,21435,29.48,HOEP (Legacy)
2019-07-29 18:00:00,2019,7,19,21072,48.07,HOEP (Legacy)
2019-07-29 19:00:00,2019,7,20,20960,32.97,HOEP (Legacy)
2019-07-29 20:00:00,2019,7,21,20723,24.76,HOEP (Legacy)
2019-07-29 21:00:00,2019,7,22,19469,28.83,HOEP (Legacy)
2019-07-29 22:00:00,2019,7,23,17823,21.66,HOEP (Legacy)
2019-07-29 23:00:00,2019,7,24,16333,17.18,HOEP (Legacy)
2019-07-30 00:00:00,2019,7,1,15466,18.53,HOEP (Legacy)
2019-07-30 01:00:00,2019,7,2,15056,19.15,HOEP (Legacy)
2019-07-30 02:00:00,2019,7,3,14739,19.14,HOEP (Legacy)
2019-07-30 03:00:00,2019,7,4,14703,17.46,HOEP (Legacy)
2019-07-30 04:00:00,2019,7,5,15116,11.68,HOEP (Legacy)
2019-07-30 05:00:00,2019,7,6,16006,13.24,HOEP (Legacy)
2019-07-30 06:00:00,2019,7,7,16902,19.85,HOEP (Legacy)
2019-07-30 07:00:00,2019,7,8,17645,23.8,HOEP (Legacy)
2019-07-30 08:00:00,2019,7,9,18348,24.81,HOEP (Legacy)
2019-07-30 09:00:00,2019,7,10,18914,25.28,HOEP (Legacy)
2019-07-30 10:00:00,2019,7,11,19572,46.66,HOEP (Legacy)
2019-07-30 11:00:00,2019,7,12,19855,35.58,HOEP (Legacy)
2019-07-30 12:00:00,2019,7,13,20163,44.07,HOEP (Legacy)
2019-07-30 13:00:00,2019,7,14,20499,42.72,HOEP (Legacy)
2019-07-30 14:00:00,2019,7,15,20707,41.05,HOEP (Legacy)
2019-07-30 15:00:00,2019,7,16,21090,60.84,HOEP (Legacy)
2019-07-30 16:00:00,2019,7,17,21269,94.46,HOEP (Legacy)
2019-07-30 17:00:00,2019,7,18,21001,45.5,HOEP (Legacy)
2019-07-30 18:00:00,2019,7,19,20819,39.16,HOEP (Legacy)
2019-07-30 19:00:00,2019,7,20,20103,26.67,HOEP (Legacy)
2019-07-30 20:00:00,2019,7,21,19716,25.75,HOEP (Legacy)
2019-07-30 21:00:00,2019,7,22,18416,23.51,HOEP (Legacy)
2019-07-30 22:00:00,2019,7,23,16651,20.37,HOEP (Legacy)
2019-07-30 23:00:00,2019,7,24,15224,17.1,HOEP (Legacy)
2019-07-31 00:00:00,2019,7,1,14367,14.24,HOEP (Legacy)
2019-07-31 01:00:00,2019,7,2,13770,9.73,HOEP (Legacy)
2019-07-31 02:00:00,2019,7,3,13384,12.94,HOEP (Legacy)
2019-07-31 03:00:00,2019,7,4,13219,11.8,HOEP (Legacy)
2019-07-31 04:00:00,2019,7,5,13620,2.53,HOEP (Legacy)
2019-07-31 05:00:00,2019,7,6,14335,-0.13,HOEP (Legacy)
2019-07-31 06:00:00,2019,7,7,15249,13.48,HOEP (Legacy)
2019-07-31 07:00:00,2019,7,8,16111,17.51,HOEP (Legacy)
2019-07-31 08:00:00,2019,7,9,16648,19.39,HOEP (Legacy)
2019-07-31 09:00:00,2019,7,10,17190,20.23,HOEP (Legacy)
2019-07-31 10:00:00,2019,7,11,17679,21.8,HOEP (Legacy)
2019-07-31 11:00:00,2019,7,12,18086,22.59,HOEP (Legacy)
2019-07-31 12:00:00,2019,7,13,18529,22.3,HOEP (Legacy)
2019-07-31 13:00:00,2019,7,14,18860,22.44,HOEP (Legacy)
2019-07-31 14:00:00,2019,7,15,19306,22.9,HOEP (Legacy)
2019-07-31 15:00:00,2019,7,16,19730,23.61,HOEP (Legacy)
2019-07-31 16:00:00,2019,7,17,20374,24.16,HOEP (Legacy)
2019-07-31 17:00:00,2019,7,18,20497,24.16,HOEP (Legacy)
2019-07-31 18:00:00,2019,7,19,20256,23.79,HOEP (Legacy)
2019-07-31 19:00:00,2019,7,20,19530,22.67,HOEP (Legacy)
2019-07-31 20:00:00,2019,7,21,18940,21.79,HOEP (Legacy)
2019-07-31 21:00:00,2019,7,22,17404,19.41,HOEP (Legacy)
2019-07-31 22:00:00,2019,7,23,15771,15.78,HOEP (Legacy)
2019-07-31 23:00:00,2019,7,24,14466,3.08,HOEP (Legacy)
2019-08-01 00:00:00,2019,8,1,13602,0.48,HOEP (Legacy)
2019-08-01 01:00:00,2019,8,2,13075,0.46,HOEP (Legacy)
2019-08-01 02:00:00,2019,8,3,12736,3.58,HOEP (Legacy)
2019-08-01 03:00:00,2019,8,4,12684,0.0,HOEP (Legacy)
2019-08-01 04:00:00,2019,8,5,12921,3.45,HOEP (Legacy)
2019-08-01 05:00:00,2019,8,6,13515,3.65,HOEP (Legacy)
2019-08-01 06:00:00,2019,8,7,14556,7.75,HOEP (Legacy)
2019-08-01 07:00:00,2019,8,8,15424,19.19,HOEP (Legacy)
2019-08-01 08:00:00,2019,8,9,15992,20.01,HOEP (Legacy)
2019-08-01 09:00:00,2019,8,10,16498,21.1,HOEP (Legacy)
2019-08-01 10:00:00,2019,8,11,17021,22.22,HOEP (Legacy)
2019-08-01 11:00:00,2019,8,12,17413,21.86,HOEP (Legacy)
2019-08-01 12:00:00,2019,8,13,17765,23.31,HOEP (Legacy)
2019-08-01 13:00:00,2019,8,14,18134,23.61,HOEP (Legacy)
2019-08-01 14:00:00,2019,8,15,18408,23.19,HOEP (Legacy)
2019-08-01 15:00:00,2019,8,16,18981,24.76,HOEP (Legacy)
2019-08-01 16:00:00,2019,8,17,19723,24.9,HOEP (Legacy)
2019-08-01 17:00:00,2019,8,18,20181,24.93,HOEP (Legacy)
2019-08-01 18:00:00,2019,8,19,19903,25.63,HOEP (Legacy)
2019-08-01 19:00:00,2019,8,20,19376,24.79,HOEP (Legacy)
2019-08-01 20:00:00,2019,8,21,18608,22.96,HOEP (Legacy)
2019-08-01 21:00:00,2019,8,22,17303,19.68,HOEP (Legacy)
2019-08-01 22:00:00,2019,8,23,15737,19.06,HOEP (Legacy)
2019-08-01 23:00:00,2019,8,24,14561,11.47,HOEP (Legacy)
2019-08-02 00:00:00,2019,8,1,13751,10.07,HOEP (Legacy)
2019-08-02 01:00:00,2019,8,2,13209,15.75,HOEP (Legacy)
2019-08-02 02:00:00,2019,8,3,12926,13.34,HOEP (Legacy)
2019-08-02 03:00:00,2019,8,4,12826,13.33,HOEP (Legacy)
2019-08-02 04:00:00,2019,8,5,13120,8.4,HOEP (Legacy)
2019-08-02 05:00:00,2019,8,6,13824,4.82,HOEP (Legacy)
2019-08-02 06:00:00,2019,8,7,14762,5.13,HOEP (Legacy)
2019-08-02 07:00:00,2019,8,8,15596,13.45,HOEP (Legacy)
2019-08-02 08:00:00,2019,8,9,16344,21.62,HOEP (Legacy)
2019-08-02 09:00:00,2019,8,10,16844,18.7,HOEP (Legacy)
2019-08-02 10:00:00,2019,8,11,17273,19.08,HOEP (Legacy)
2019-08-02 11:00:00,2019,8,12,17659,23.47,HOEP (Legacy)
2019-08-02 12:00:00,2019,8,13,18010,23.9,HOEP (Legacy)
2019-08-02 13:00:00,2019,8,14,18280,23.94,HOEP (Legacy)
2019-08-02 14:00:00,2019,8,15,18616,23.71,HOEP (Legacy)
2019-08-02 15:00:00,2019,8,16,19097,25.15,HOEP (Legacy)
2019-08-02 16:00:00,2019,8,17,19863,25.7,HOEP (Legacy)
2019-08-02 17:00:00,2019,8,18,20083,25.49,HOEP (Legacy)
2019-08-02 18:00:00,2019,8,19,19703,25.15,HOEP (Legacy)
2019-08-02 19:00:00,2019,8,20,19175,25.28,HOEP (Legacy)
2019-08-02 20:00:00,2019,8,21,18481,23.93,HOEP (Legacy)
2019-08-02 21:00:00,2019,8,22,17178,21.88,HOEP (Legacy)
2019-08-02 22:00:00,2019,8,23,15847,21.1,HOEP (Legacy)
2019-08-02 23:00:00,2019,8,24,14587,15.12,HOEP (Legacy)
2019-08-03 00:00:00,2019,8,1,13723,13.34,HOEP (Legacy)
2019-08-03 01:00:00,2019,8,2,13090,10.57,HOEP (Legacy)
2019-08-03 02:00:00,2019,8,3,12597,3.99,HOEP (Legacy)
2019-08-03 03:00:00,2019,8,4,12348,3.83,HOEP (Legacy)
2019-08-03 04:00:00,2019,8,5,12312,-1.33,HOEP (Legacy)
2019-08-03 05:00:00,2019,8,6,12459,-4.0,HOEP (Legacy)
2019-08-03 06:00:00,2019,8,7,12954,-1.83,HOEP (Legacy)
2019-08-03 07:00:00,2019,8,8,13919,21.19,HOEP (Legacy)
2019-08-03 08:00:00,2019,8,9,14936,21.85,HOEP (Legacy)
2019-08-03 09:00:00,2019,8,10,15731,21.65,HOEP (Legacy)
2019-08-03 10:00:00,2019,8,11,16448,21.3,HOEP (Legacy)
2019-08-03 11:00:00,2019,8,12,16850,20.4,HOEP (Legacy)
2019-08-03 12:00:00,2019,8,13,17294,21.9,HOEP (Legacy)
2019-08-03 13:00:00,2019,8,14,17689,22.87,HOEP (Legacy)
2019-08-03 14:00:00,2019,8,15,17888,23.32,HOEP (Legacy)
2019-08-03 15:00:00,2019,8,16,18570,23.75,HOEP (Legacy)
2019-08-03 16:00:00,2019,8,17,19130,27.3,HOEP (Legacy)
2019-08-03 17:00:00,2019,8,18,19241,49.64,HOEP (Legacy)
2019-08-03 18:00:00,2019,8,19,18894,30.89,HOEP (Legacy)
2019-08-03 19:00:00,2019,8,20,18486,23.57,HOEP (Legacy)
2019-08-03 20:00:00,2019,8,21,18092,22.42,HOEP (Legacy)
2019-08-03 21:00:00,2019,8,22,17120,22.45,HOEP (Legacy)
2019-08-03 22:00:00,2019,8,23,15840,17.67,HOEP (Legacy)
2019-08-03 23:00:00,2019,8,24,14671,8.05,HOEP (Legacy)
2019-08-04 00:00:00,2019,8,1,13797,6.32,HOEP (Legacy)
2019-08-04 01:00:00,2019,8,2,13200,7.5,HOEP (Legacy)
2019-08-04 02:00:00,2019,8,3,12786,1.8,HOEP (Legacy)
2019-08-04 03:00:00,2019,8,4,12539,0.0,HOEP (Legacy)
2019-08-04 04:00:00,2019,8,5,12532,1.7,HOEP (Legacy)
2019-08-04 05:00:00,2019,8,6,12391,0.0,HOEP (Legacy)
2019-08-04 06:00:00,2019,8,7,12743,4.64,HOEP (Legacy)
2019-08-04 07:00:00,2019,8,8,13604,5.58,HOEP (Legacy)
2019-08-04 08:00:00,2019,8,9,14402,5.58,HOEP (Legacy)
2019-08-04 09:00:00,2019,8,10,15053,20.19,HOEP (Legacy)
2019-08-04 10:00:00,2019,8,11,15633,21.88,HOEP (Legacy)
2019-08-04 11:00:00,2019,8,12,16091,21.89,HOEP (Legacy)
2019-08-04 12:00:00,2019,8,13,16242,21.86,HOEP (Legacy)
2019-08-04 13:00:00,2019,8,14,16437,21.89,HOEP (Legacy)
2019-08-04 14:00:00,2019,8,15,16634,21.94,HOEP (Legacy)
2019-08-04 15:00:00,2019,8,16,17243,22.68,HOEP (Legacy)
2019-08-04 16:00:00,2019,8,17,18058,23.69,HOEP (Legacy)
2019-08-04 17:00:00,2019,8,18,18278,38.19,HOEP (Legacy)
2019-08-04 18:00:00,2019,8,19,17977,23.51,HOEP (Legacy)
2019-08-04 19:00:00,2019,8,20,17414,23.29,HOEP (Legacy)
2019-08-04 20:00:00,2019,8,21,16734,22.29,HOEP (Legacy)
2019-08-04 21:00:00,2019,8,22,15797,20.2,HOEP (Legacy)
2019-08-04 22:00:00,2019,8,23,14735,14.12,HOEP (Legacy)
2019-08-04 23:00:00,2019,8,24,13712,5.53,HOEP (Legacy)
2019-08-05 00:00:00,2019,8,1,12930,10.91,HOEP (Legacy)
2019-08-05 01:00:00,2019,8,2,12436,3.36,HOEP (Legacy)
2019-08-05 02:00:00,2019,8,3,12120,6.73,HOEP (Legacy)
2019-08-05 03:00:00,2019,8,4,11992,2.04,HOEP (Legacy)
2019-08-05 04:00:00,2019,8,5,12037,2.0,HOEP (Legacy)
2019-08-05 05:00:00,2019,8,6,12244,-2.2,HOEP (Legacy)
2019-08-05 06:00:00,2019,8,7,12716,-3.65,HOEP (Legacy)
2019-08-05 07:00:00,2019,8,8,13427,-3.34,HOEP (Legacy)
2019-08-05 08:00:00,2019,8,9,14428,14.72,HOEP (Legacy)
2019-08-05 09:00:00,2019,8,10,15256,21.35,HOEP (Legacy)
2019-08-05 10:00:00,2019,8,11,16158,21.0,HOEP (Legacy)
2019-08-05 11:00:00,2019,8,12,16890,20.78,HOEP (Legacy)
2019-08-05 12:00:00,2019,8,13,17193,20.99,HOEP (Legacy)
2019-08-05 13:00:00,2019,8,14,17656,21.76,HOEP (Legacy)
2019-08-05 14:00:00,2019,8,15,18029,22.42,HOEP (Legacy)
2019-08-05 15:00:00,2019,8,16,18818,23.54,HOEP (Legacy)
2019-08-05 16:00:00,2019,8,17,19493,25.86,HOEP (Legacy)
2019-08-05 17:00:00,2019,8,18,19620,24.24,HOEP (Legacy)
2019-08-05 18:00:00,2019,8,19,19535,23.53,HOEP (Legacy)
2019-08-05 19:00:00,2019,8,20,19293,23.48,HOEP (Legacy)
2019-08-05 20:00:00,2019,8,21,18822,22.35,HOEP (Legacy)
2019-08-05 21:00:00,2019,8,22,17721,20.33,HOEP (Legacy)
2019-08-05 22:00:00,2019,8,23,16243,17.11,HOEP (Legacy)
2019-08-05 23:00:00,2019,8,24,14991,6.19,HOEP (Legacy)
2019-08-06 00:00:00,2019,8,1,14222,3.42,HOEP (Legacy)
2019-08-06 01:00:00,2019,8,2,13665,11.37,HOEP (Legacy)
2019-08-06 02:00:00,2019,8,3,13375,10.0,HOEP (Legacy)
2019-08-06 03:00:00,2019,8,4,13403,0.85,HOEP (Legacy)
2019-08-06 04:00:00,2019,8,5,13905,2.55,HOEP (Legacy)
2019-08-06 05:00:00,2019,8,6,14853,5.64,HOEP (Legacy)
2019-08-06 06:00:00,2019,8,7,16096,10.7,HOEP (Legacy)
2019-08-06 07:00:00,2019,8,8,17299,19.61,HOEP (Legacy)
2019-08-06 08:00:00,2019,8,9,18171,22.62,HOEP (Legacy)
2019-08-06 09:00:00,2019,8,10,18764,22.79,HOEP (Legacy)
2019-08-06 10:00:00,2019,8,11,18809,23.05,HOEP (Legacy)
2019-08-06 11:00:00,2019,8,12,18908,22.81,HOEP (Legacy)
2019-08-06 12:00:00,2019,8,13,19423,26.52,HOEP (Legacy)
2019-08-06 13:00:00,2019,8,14,19913,33.52,HOEP (Legacy)
2019-08-06 14:00:00,2019,8,15,19980,29.79,HOEP (Legacy)
2019-08-06 15:00:00,2019,8,16,20112,27.27,HOEP (Legacy)
2019-08-06 16:00:00,2019,8,17,20389,25.34,HOEP (Legacy)
2019-08-06 17:00:00,2019,8,18,20014,23.35,HOEP (Legacy)
2019-08-06 18:00:00,2019,8,19,19796,23.74,HOEP (Legacy)
2019-08-06 19:00:00,2019,8,20,19732,23.7,HOEP (Legacy)
2019-08-06 20:00:00,2019,8,21,19412,23.26,HOEP (Legacy)
2019-08-06 21:00:00,2019,8,22,18106,21.37,HOEP (Legacy)
2019-08-06 22:00:00,2019,8,23,16636,19.05,HOEP (Legacy)
2019-08-06 23:00:00,2019,8,24,15454,16.64,HOEP (Legacy)
2019-08-07 00:00:00,2019,8,1,14563,12.63,HOEP (Legacy)
2019-08-07 01:00:00,2019,8,2,14091,14.35,HOEP (Legacy)
2019-08-07 02:00:00,2019,8,3,13817,16.23,HOEP (Legacy)
2019-08-07 03:00:00,2019,8,4,13815,20.07,HOEP (Legacy)
2019-08-07 04:00:00,2019,8,5,14150,17.88,HOEP (Legacy)
2019-08-07 05:00:00,2019,8,6,15036,16.25,HOEP (Legacy)
2019-08-07 06:00:00,2019,8,7,15983,21.9,HOEP (Legacy)
2019-08-07 07:00:00,2019,8,8,16778,22.1,HOEP (Legacy)
2019-08-07 08:00:00,2019,8,9,17229,23.48,HOEP (Legacy)
2019-08-07 09:00:00,2019,8,10,18026,24.35,HOEP (Legacy)
2019-08-07 10:00:00,2019,8,11,18788,24.44,HOEP (Legacy)
2019-08-07 11:00:00,2019,8,12,19294,26.47,HOEP (Legacy)
2019-08-07 12:00:00,2019,8,13,19663,26.44,HOEP (Legacy)
2019-08-07 13:00:00,2019,8,14,19836,29.36,HOEP (Legacy)
2019-08-07 14:00:00,2019,8,15,20153,27.31,HOEP (Legacy)
2019-08-07 15:00:00,2019,8,16,20399,27.23,HOEP (Legacy)
2019-08-07 16:00:00,2019,8,17,20754,54.89,HOEP (Legacy)
2019-08-07 17:00:00,2019,8,18,21033,58.19,HOEP (Legacy)
2019-08-07 18:00:00,2019,8,19,20699,41.1,HOEP (Legacy)
2019-08-07 19:00:00,2019,8,20,20280,27.66,HOEP (Legacy)
2019-08-07 20:00:00,2019,8,21,19745,24.91,HOEP (Legacy)
2019-08-07 21:00:00,2019,8,22,18210,21.52,HOEP (Legacy)
2019-08-07 22:00:00,2019,8,23,16613,21.79,HOEP (Legacy)
2019-08-07 23:00:00,2019,8,24,15215,13.81,HOEP (Legacy)
2019-08-08 00:00:00,2019,8,1,14191,1.26,HOEP (Legacy)
2019-08-08 01:00:00,2019,8,2,13576,0.4,HOEP (Legacy)
2019-08-08 02:00:00,2019,8,3,13242,6.79,HOEP (Legacy)
2019-08-08 03:00:00,2019,8,4,13147,0.0,HOEP (Legacy)
2019-08-08 04:00:00,2019,8,5,13536,0.0,HOEP (Legacy)
2019-08-08 05:00:00,2019,8,6,14541,2.04,HOEP (Legacy)
2019-08-08 06:00:00,2019,8,7,15621,14.85,HOEP (Legacy)
2019-08-08 07:00:00,2019,8,8,16618,19.34,HOEP (Legacy)
2019-08-08 08:00:00,2019,8,9,17316,14.4,HOEP (Legacy)
2019-08-08 09:00:00,2019,8,10,17489,4.45,HOEP (Legacy)
2019-08-08 10:00:00,2019,8,11,17491,0.0,HOEP (Legacy)
2019-08-08 11:00:00,2019,8,12,17652,3.36,HOEP (Legacy)
2019-08-08 12:00:00,2019,8,13,17968,0.86,HOEP (Legacy)
2019-08-08 13:00:00,2019,8,14,18083,9.33,HOEP (Legacy)
2019-08-08 14:00:00,2019,8,15,18224,7.99,HOEP (Legacy)
2019-08-08 15:00:00,2019,8,16,18542,19.38,HOEP (Legacy)
2019-08-08 16:00:00,2019,8,17,19111,20.74,HOEP (Legacy)
2019-08-08 17:00:00,2019,8,18,19194,22.78,HOEP (Legacy)
2019-08-08 18:00:00,2019,8,19,19057,25.04,HOEP (Legacy)
2019-08-08 19:00:00,2019,8,20,18633,22.39,HOEP (Legacy)
2019-08-08 20:00:00,2019,8,21,17998,20.89,HOEP (Legacy)
2019-08-08 21:00:00,2019,8,22,16747,15.34,HOEP (Legacy)
2019-08-08 22:00:00,2019,8,23,15311,13.8,HOEP (Legacy)
2019-08-08 23:00:00,2019,8,24,14104,6.65,HOEP (Legacy)
2019-08-09 00:00:00,2019,8,1,13368,2.73,HOEP (Legacy)
2019-08-09 01:00:00,2019,8,2,12823,0.0,HOEP (Legacy)
2019-08-09 02:00:00,2019,8,3,12503,0.0,HOEP (Legacy)
2019-08-09 03:00:00,2019,8,4,12520,0.0,HOEP (Legacy)
2019-08-09 04:00:00,2019,8,5,12906,3.46,HOEP (Legacy)
2019-08-09 05:00:00,2019,8,6,13683,11.82,HOEP (Legacy)
2019-08-09 06:00:00,2019,8,7,14763,11.25,HOEP (Legacy)
2019-08-09 07:00:00,2019,8,8,15526,7.58,HOEP (Legacy)
2019-08-09 08:00:00,2019,8,9,15946,5.48,HOEP (Legacy)
2019-08-09 09:00:00,2019,8,10,16353,11.76,HOEP (Legacy)
2019-08-09 10:00:00,2019,8,11,16666,6.31,HOEP (Legacy)
2019-08-09 11:00:00,2019,8,12,16922,2.82,HOEP (Legacy)
2019-08-09 12:00:00,2019,8,13,17070,5.34,HOEP (Legacy)
2019-08-09 13:00:00,2019,8,14,17061,6.96,HOEP (Legacy)
2019-08-09 14:00:00,2019,8,15,17001,6.55,HOEP (Legacy)
2019-08-09 15:00:00,2019,8,16,17129,6.74,HOEP (Legacy)
2019-08-09 16:00:00,2019,8,17,17626,15.88,HOEP (Legacy)
2019-08-09 17:00:00,2019,8,18,17691,17.77,HOEP (Legacy)
2019-08-09 18:00:00,2019,8,19,17535,44.11,HOEP (Legacy)
2019-08-09 19:00:00,2019,8,20,17349,50.17,HOEP (Legacy)
2019-08-09 20:00:00,2019,8,21,16825,11.2,HOEP (Legacy)
2019-08-09 21:00:00,2019,8,22,15686,1.86,HOEP (Legacy)
2019-08-09 22:00:00,2019,8,23,14376,0.17,HOEP (Legacy)
2019-08-09 23:00:00,2019,8,24,13250,-0.01,HOEP (Legacy)
2019-08-10 00:00:00,2019,8,1,12670,0.0,HOEP (Legacy)
2019-08-10 01:00:00,2019,8,2,12219,0.0,HOEP (Legacy)
2019-08-10 02:00:00,2019,8,3,11924,0.0,HOEP (Legacy)
2019-08-10 03:00:00,2019,8,4,11760,0.0,HOEP (Legacy)
2019-08-10 04:00:00,2019,8,5,11850,-1.5,HOEP (Legacy)
2019-08-10 05:00:00,2019,8,6,12091,5.66,HOEP (Legacy)
2019-08-10 06:00:00,2019,8,7,12639,0.13,HOEP (Legacy)
2019-08-10 07:00:00,2019,8,8,13423,5.12,HOEP (Legacy)
2019-08-10 08:00:00,2019,8,9,13887,5.93,HOEP (Legacy)
2019-08-10 09:00:00,2019,8,10,14249,5.69,HOEP (Legacy)
2019-08-10 10:00:00,2019,8,11,14538,5.59,HOEP (Legacy)
2019-08-10 11:00:00,2019,8,12,14808,5.79,HOEP (Legacy)
2019-08-10 12:00:00,2019,8,13,14815,4.41,HOEP (Legacy)
2019-08-10 13:00:00,2019,8,14,14738,4.23,HOEP (Legacy)
2019-08-10 14:00:00,2019,8,15,14763,5.24,HOEP (Legacy)
2019-08-10 15:00:00,2019,8,16,15215,5.4,HOEP (Legacy)
2019-08-10 16:00:00,2019,8,17,15770,21.27,HOEP (Legacy)
2019-08-10 17:00:00,2019,8,18,16255,18.4,HOEP (Legacy)
2019-08-10 18:00:00,2019,8,19,16119,26.17,HOEP (Legacy)
2019-08-10 19:00:00,2019,8,20,15702,20.74,HOEP (Legacy)
2019-08-10 20:00:00,2019,8,21,15268,14.39,HOEP (Legacy)
2019-08-10 21:00:00,2019,8,22,14322,11.79,HOEP (Legacy)
2019-08-10 22:00:00,2019,8,23,13521,11.35,HOEP (Legacy)
2019-08-10 23:00:00,2019,8,24,12692,6.42,HOEP (Legacy)
2019-08-11 00:00:00,2019,8,1,12173,1.31,HOEP (Legacy)
2019-08-11 01:00:00,2019,8,2,11734,1.48,HOEP (Legacy)
2019-08-11 02:00:00,2019,8,3,11460,-1.18,HOEP (Legacy)
2019-08-11 03:00:00,2019,8,4,11321,-3.92,HOEP (Legacy)
2019-08-11 04:00:00,2019,8,5,11280,-3.33,HOEP (Legacy)
2019-08-11 05:00:00,2019,8,6,11348,-4.05,HOEP (Legacy)
2019-08-11 06:00:00,2019,8,7,11728,-4.15,HOEP (Legacy)
2019-08-11 07:00:00,2019,8,8,12407,-3.61,HOEP (Legacy)
2019-08-11 08:00:00,2019,8,9,13034,-3.88,HOEP (Legacy)
2019-08-11 09:00:00,2019,8,10,13759,-2.78,HOEP (Legacy)
2019-08-11 10:00:00,2019,8,11,14323,5.53,HOEP (Legacy)
2019-08-11 11:00:00,2019,8,12,14821,6.53,HOEP (Legacy)
2019-08-11 12:00:00,2019,8,13,15205,5.88,HOEP (Legacy)
2019-08-11 13:00:00,2019,8,14,15697,5.58,HOEP (Legacy)
2019-08-11 14:00:00,2019,8,15,16229,3.56,HOEP (Legacy)
2019-08-11 15:00:00,2019,8,16,16784,8.1,HOEP (Legacy)
2019-08-11 16:00:00,2019,8,17,17534,24.85,HOEP (Legacy)
2019-08-11 17:00:00,2019,8,18,17975,32.93,HOEP (Legacy)
2019-08-11 18:00:00,2019,8,19,18012,28.69,HOEP (Legacy)
2019-08-11 19:00:00,2019,8,20,17973,35.48,HOEP (Legacy)
2019-08-11 20:00:00,2019,8,21,17650,29.91,HOEP (Legacy)
2019-08-11 21:00:00,2019,8,22,16590,24.68,HOEP (Legacy)
2019-08-11 22:00:00,2019,8,23,15362,13.67,HOEP (Legacy)
2019-08-11 23:00:00,2019,8,24,14254,7.77,HOEP (Legacy)
2019-08-12 00:00:00,2019,8,1,13521,2.78,HOEP (Legacy)
2019-08-12 01:00:00,2019,8,2,13042,0.0,HOEP (Legacy)
2019-08-12 02:00:00,2019,8,3,12796,5.33,HOEP (Legacy)
2019-08-12 03:00:00,2019,8,4,12918,11.45,HOEP (Legacy)
2019-08-12 04:00:00,2019,8,5,13623,12.61,HOEP (Legacy)
2019-08-12 05:00:00,2019,8,6,14596,8.82,HOEP (Legacy)
2019-08-12 06:00:00,2019,8,7,15764,-0.71,HOEP (Legacy)
2019-08-12 07:00:00,2019,8,8,16570,0.84,HOEP (Legacy)
2019-08-12 08:00:00,2019,8,9,16901,8.98,HOEP (Legacy)
2019-08-12 09:00:00,2019,8,10,17467,20.13,HOEP (Legacy)
2019-08-12 10:00:00,2019,8,11,17886,19.37,HOEP (Legacy)
2019-08-12 11:00:00,2019,8,12,18410,21.59,HOEP (Legacy)
2019-08-12 12:00:00,2019,8,13,19188,22.0,HOEP (Legacy)
2019-08-12 13:00:00,2019,8,14,19726,19.0,HOEP (Legacy)
2019-08-12 14:00:00,2019,8,15,19967,22.54,HOEP (Legacy)
2019-08-12 15:00:00,2019,8,16,20125,24.33,HOEP (Legacy)
2019-08-12 16:00:00,2019,8,17,20422,24.45,HOEP (Legacy)
2019-08-12 17:00:00,2019,8,18,20403,22.88,HOEP (Legacy)
2019-08-12 18:00:00,2019,8,19,20046,23.62,HOEP (Legacy)
2019-08-12 19:00:00,2019,8,20,19842,24.0,HOEP (Legacy)
2019-08-12 20:00:00,2019,8,21,19388,29.06,HOEP (Legacy)
2019-08-12 21:00:00,2019,8,22,18142,22.93,HOEP (Legacy)
2019-08-12 22:00:00,2019,8,23,16762,22.58,HOEP (Legacy)
2019-08-12 23:00:00,2019,8,24,15551,17.57,HOEP (Legacy)
2019-08-13 00:00:00,2019,8,1,14655,15.57,HOEP (Legacy)
2019-08-13 01:00:00,2019,8,2,14067,12.19,HOEP (Legacy)
2019-08-13 02:00:00,2019,8,3,13732,13.34,HOEP (Legacy)
2019-08-13 03:00:00,2019,8,4,13717,4.18,HOEP (Legacy)
2019-08-13 04:00:00,2019,8,5,14201,12.97,HOEP (Legacy)
2019-08-13 05:00:00,2019,8,6,14976,13.34,HOEP (Legacy)
2019-08-13 06:00:00,2019,8,7,16024,20.74,HOEP (Legacy)
2019-08-13 07:00:00,2019,8,8,16921,21.98,HOEP (Legacy)
2019-08-13 08:00:00,2019,8,9,17584,23.4,HOEP (Legacy)
2019-08-13 09:00:00,2019,8,10,18049,24.42,HOEP (Legacy)
2019-08-13 10:00:00,2019,8,11,18280,24.45,HOEP (Legacy)
2019-08-13 11:00:00,2019,8,12,18762,24.61,HOEP (Legacy)
2019-08-13 12:00:00,2019,8,13,19121,25.27,HOEP (Legacy)
2019-08-13 13:00:00,2019,8,14,19845,24.54,HOEP (Legacy)
2019-08-13 14:00:00,2019,8,15,20129,24.45,HOEP (Legacy)
2019-08-13 15:00:00,2019,8,16,20564,23.27,HOEP (Legacy)
2019-08-13 16:00:00,2019,8,17,21000,28.86,HOEP (Legacy)
2019-08-13 17:00:00,2019,8,18,20791,25.45,HOEP (Legacy)
2019-08-13 18:00:00,2019,8,19,20331,24.84,HOEP (Legacy)
2019-08-13 19:00:00,2019,8,20,19872,24.24,HOEP (Legacy)
2019-08-13 20:00:00,2019,8,21,19330,22.18,HOEP (Legacy)
2019-08-13 21:00:00,2019,8,22,17824,20.09,HOEP (Legacy)
2019-08-13 22:00:00,2019,8,23,16235,14.07,HOEP (Legacy)
2019-08-13 23:00:00,2019,8,24,14847,1.87,HOEP (Legacy)
2019-08-14 00:00:00,2019,8,1,13950,0.43,HOEP (Legacy)
2019-08-14 01:00:00,2019,8,2,13461,0.43,HOEP (Legacy)
2019-08-14 02:00:00,2019,8,3,13138,4.15,HOEP (Legacy)
2019-08-14 03:00:00,2019,8,4,13109,3.07,HOEP (Legacy)
2019-08-14 04:00:00,2019,8,5,13389,2.71,HOEP (Legacy)
2019-08-14 05:00:00,2019,8,6,14163,0.0,HOEP (Legacy)
2019-08-14 06:00:00,2019,8,7,15215,-0.43,HOEP (Legacy)
2019-08-14 07:00:00,2019,8,8,15922,15.15,HOEP (Legacy)
2019-08-14 08:00:00,2019,8,9,16172,24.0,HOEP (Legacy)
2019-08-14 09:00:00,2019,8,10,16793,22.06,HOEP (Legacy)
2019-08-14 10:00:00,2019,8,11,17137,23.66,HOEP (Legacy)
2019-08-14 11:00:00,2019,8,12,17386,23.93,HOEP (Legacy)
2019-08-14 12:00:00,2019,8,13,17845,24.39,HOEP (Legacy)
2019-08-14 13:00:00,2019,8,14,18181,24.41,HOEP (Legacy)
2019-08-14 14:00:00,2019,8,15,18424,24.77,HOEP (Legacy)
2019-08-14 15:00:00,2019,8,16,18917,24.95,HOEP (Legacy)
2019-08-14 16:00:00,2019,8,17,19441,25.53,HOEP (Legacy)
2019-08-14 17:00:00,2019,8,18,19476,25.02,HOEP (Legacy)
2019-08-14 18:00:00,2019,8,19,19312,24.98,HOEP (Legacy)
2019-08-14 19:00:00,2019,8,20,18858,23.65,HOEP (Legacy)
2019-08-14 20:00:00,2019,8,21,18267,21.69,HOEP (Legacy)
2019-08-14 21:00:00,2019,8,22,16872,17.85,HOEP (Legacy)
2019-08-14 22:00:00,2019,8,23,15412,12.39,HOEP (Legacy)
2019-08-14 23:00:00,2019,8,24,14164,2.61,HOEP (Legacy)
2019-08-15 00:00:00,2019,8,1,13360,2.04,HOEP (Legacy)
2019-08-15 01:00:00,2019,8,2,12980,0.0,HOEP (Legacy)
2019-08-15 02:00:00,2019,8,3,12821,0.0,HOEP (Legacy)
2019-08-15 03:00:00,2019,8,4,12742,0.0,HOEP (Legacy)
2019-08-15 04:00:00,2019,8,5,12993,2.22,HOEP (Legacy)
2019-08-15 05:00:00,2019,8,6,13701,4.49,HOEP (Legacy)
2019-08-15 06:00:00,2019,8,7,14587,1.51,HOEP (Legacy)
2019-08-15 07:00:00,2019,8,8,15345,18.81,HOEP (Legacy)
2019-08-15 08:00:00,2019,8,9,15795,20.73,HOEP (Legacy)
2019-08-15 09:00:00,2019,8,10,16394,20.09,HOEP (Legacy)
2019-08-15 10:00:00,2019,8,11,16799,23.63,HOEP (Legacy)
2019-08-15 11:00:00,2019,8,12,17019,24.22,HOEP (Legacy)
2019-08-15 12:00:00,2019,8,13,17422,24.03,HOEP (Legacy)
2019-08-15 13:00:00,2019,8,14,17312,22.35,HOEP (Legacy)
2019-08-15 14:00:00,2019,8,15,17167,23.01,HOEP (Legacy)
2019-08-15 15:00:00,2019,8,16,17425,23.26,HOEP (Legacy)
2019-08-15 16:00:00,2019,8,17,17725,23.43,HOEP (Legacy)
2019-08-15 17:00:00,2019,8,18,17884,21.76,HOEP (Legacy)
2019-08-15 18:00:00,2019,8,19,17749,22.24,HOEP (Legacy)
2019-08-15 19:00:00,2019,8,20,17736,25.83,HOEP (Legacy)
2019-08-15 20:00:00,2019,8,21,17444,23.47,HOEP (Legacy)
2019-08-15 21:00:00,2019,8,22,16255,18.53,HOEP (Legacy)
2019-08-15 22:00:00,2019,8,23,15015,59.17,HOEP (Legacy)
2019-08-15 23:00:00,2019,8,24,13996,9.04,HOEP (Legacy)
2019-08-16 00:00:00,2019,8,1,13354,8.32,HOEP (Legacy)
2019-08-16 01:00:00,2019,8,2,13040,13.33,HOEP (Legacy)
2019-08-16 02:00:00,2019,8,3,12906,13.33,HOEP (Legacy)
2019-08-16 03:00:00,2019,8,4,12904,13.34,HOEP (Legacy)
2019-08-16 04:00:00,2019,8,5,13258,13.33,HOEP (Legacy)
2019-08-16 05:00:00,2019,8,6,13843,16.47,HOEP (Legacy)
2019-08-16 06:00:00,2019,8,7,14582,64.05,HOEP (Legacy)
2019-08-16 07:00:00,2019,8,8,15401,40.79,HOEP (Legacy)
2019-08-16 08:00:00,2019,8,9,15952,20.7,HOEP (Legacy)
2019-08-16 09:00:00,2019,8,10,16419,20.9,HOEP (Legacy)
2019-08-16 10:00:00,2019,8,11,16964,22.17,HOEP (Legacy)
2019-08-16 11:00:00,2019,8,12,17355,22.19,HOEP (Legacy)
2019-08-16 12:00:00,2019,8,13,17782,24.41,HOEP (Legacy)
2019-08-16 13:00:00,2019,8,14,18113,24.42,HOEP (Legacy)
2019-08-16 14:00:00,2019,8,15,18505,24.48,HOEP (Legacy)
2019-08-16 15:00:00,2019,8,16,18927,24.51,HOEP (Legacy)
2019-08-16 16:00:00,2019,8,17,19184,31.75,HOEP (Legacy)
2019-08-16 17:00:00,2019,8,18,19161,44.48,HOEP (Legacy)
2019-08-16 18:00:00,2019,8,19,18725,30.24,HOEP (Legacy)
2019-08-16 19:00:00,2019,8,20,18472,25.32,HOEP (Legacy)
2019-08-16 20:00:00,2019,8,21,18185,26.67,HOEP (Legacy)
2019-08-16 21:00:00,2019,8,22,17078,22.7,HOEP (Legacy)
2019-08-16 22:00:00,2019,8,23,15744,40.54,HOEP (Legacy)
2019-08-16 23:00:00,2019,8,24,14600,24.25,HOEP (Legacy)
2019-08-17 00:00:00,2019,8,1,13654,6.68,HOEP (Legacy)
2019-08-17 01:00:00,2019,8,2,13071,0.0,HOEP (Legacy)
2019-08-17 02:00:00,2019,8,3,12829,3.1,HOEP (Legacy)
2019-08-17 03:00:00,2019,8,4,12592,0.95,HOEP (Legacy)
2019-08-17 04:00:00,2019,8,5,12714,0.0,HOEP (Legacy)
2019-08-17 05:00:00,2019,8,6,13009,13.72,HOEP (Legacy)
2019-08-17 06:00:00,2019,8,7,13681,22.92,HOEP (Legacy)
2019-08-17 07:00:00,2019,8,8,14733,24.09,HOEP (Legacy)
2019-08-17 08:00:00,2019,8,9,15485,5.83,HOEP (Legacy)
2019-08-17 09:00:00,2019,8,10,16107,24.89,HOEP (Legacy)
2019-08-17 10:00:00,2019,8,11,16762,35.49,HOEP (Legacy)
2019-08-17 11:00:00,2019,8,12,17184,22.55,HOEP (Legacy)
2019-08-17 12:00:00,2019,8,13,17257,20.38,HOEP (Legacy)
2019-08-17 13:00:00,2019,8,14,17589,22.41,HOEP (Legacy)
2019-08-17 14:00:00,2019,8,15,17717,23.2,HOEP (Legacy)
2019-08-17 15:00:00,2019,8,16,18100,24.43,HOEP (Legacy)
2019-08-17 16:00:00,2019,8,17,18750,25.15,HOEP (Legacy)
2019-08-17 17:00:00,2019,8,18,19114,25.33,HOEP (Legacy)
2019-08-17 18:00:00,2019,8,19,18785,24.94,HOEP (Legacy)
2019-08-17 19:00:00,2019,8,20,18129,24.19,HOEP (Legacy)
2019-08-17 20:00:00,2019,8,21,17742,23.8,HOEP (Legacy)
2019-08-17 21:00:00,2019,8,22,16752,22.15,HOEP (Legacy)
2019-08-17 22:00:00,2019,8,23,15558,33.76,HOEP (Legacy)
2019-08-17 23:00:00,2019,8,24,14571,28.06,HOEP (Legacy)
2019-08-18 00:00:00,2019,8,1,13769,14.08,HOEP (Legacy)
2019-08-18 01:00:00,2019,8,2,13212,12.7,HOEP (Legacy)
2019-08-18 02:00:00,2019,8,3,12870,12.22,HOEP (Legacy)
2019-08-18 03:00:00,2019,8,4,12776,13.35,HOEP (Legacy)
2019-08-18 04:00:00,2019,8,5,12762,13.36,HOEP (Legacy)
2019-08-18 05:00:00,2019,8,6,12918,13.34,HOEP (Legacy)
2019-08-18 06:00:00,2019,8,7,13381,4.26,HOEP (Legacy)
2019-08-18 07:00:00,2019,8,8,14151,8.72,HOEP (Legacy)
2019-08-18 08:00:00,2019,8,9,15005,22.2,HOEP (Legacy)
2019-08-18 09:00:00,2019,8,10,15764,20.75,HOEP (Legacy)
2019-08-18 10:00:00,2019,8,11,16404,22.34,HOEP (Legacy)
2019-08-18 11:00:00,2019,8,12,16597,20.53,HOEP (Legacy)
2019-08-18 12:00:00,2019,8,13,16947,22.4,HOEP (Legacy)
2019-08-18 13:00:00,2019,8,14,17664,22.03,HOEP (Legacy)
2019-08-18 14:00:00,2019,8,15,18439,22.61,HOEP (Legacy)
2019-08-18 15:00:00,2019,8,16,18915,24.32,HOEP (Legacy)
2019-08-18 16:00:00,2019,8,17,19335,23.93,HOEP (Legacy)
2019-08-18 17:00:00,2019,8,18,19164,23.1,HOEP (Legacy)
2019-08-18 18:00:00,2019,8,19,18370,5.52,HOEP (Legacy)
2019-08-18 19:00:00,2019,8,20,18333,24.81,HOEP (Legacy)
2019-08-18 20:00:00,2019,8,21,17998,17.94,HOEP (Legacy)
2019-08-18 21:00:00,2019,8,22,16774,0.86,HOEP (Legacy)
2019-08-18 22:00:00,2019,8,23,15888,4.25,HOEP (Legacy)
2019-08-18 23:00:00,2019,8,24,14917,7.15,HOEP (Legacy)
2019-08-19 00:00:00,2019,8,1,14144,10.66,HOEP (Legacy)
2019-08-19 01:00:00,2019,8,2,13686,4.81,HOEP (Legacy)
2019-08-19 02:00:00,2019,8,3,13361,0.0,HOEP (Legacy)
2019-08-19 03:00:00,2019,8,4,13363,1.4,HOEP (Legacy)
2019-08-19 04:00:00,2019,8,5,13900,2.06,HOEP (Legacy)
2019-08-19 05:00:00,2019,8,6,14928,3.72,HOEP (Legacy)
2019-08-19 06:00:00,2019,8,7,16099,13.66,HOEP (Legacy)
2019-08-19 07:00:00,2019,8,8,17232,22.23,HOEP (Legacy)
2019-08-19 08:00:00,2019,8,9,17862,22.44,HOEP (Legacy)
2019-08-19 09:00:00,2019,8,10,18414,25.0,HOEP (Legacy)
2019-08-19 10:00:00,2019,8,11,18787,25.61,HOEP (Legacy)
2019-08-19 11:00:00,2019,8,12,19131,25.84,HOEP (Legacy)
2019-08-19 12:00:00,2019,8,13,19199,25.51,HOEP (Legacy)
2019-08-19 13:00:00,2019,8,14,19393,24.75,HOEP (Legacy)
2019-08-19 14:00:00,2019,8,15,19663,24.95,HOEP (Legacy)
2019-08-19 15:00:00,2019,8,16,20149,25.92,HOEP (Legacy)
2019-08-19 16:00:00,2019,8,17,20607,43.35,HOEP (Legacy)
2019-08-19 17:00:00,2019,8,18,20769,37.16,HOEP (Legacy)
2019-08-19 18:00:00,2019,8,19,20515,34.22,HOEP (Legacy)
2019-08-19 19:00:00,2019,8,20,20020,26.23,HOEP (Legacy)
2019-08-19 20:00:00,2019,8,21,19246,24.26,HOEP (Legacy)
2019-08-19 21:00:00,2019,8,22,17787,20.59,HOEP (Legacy)
2019-08-19 22:00:00,2019,8,23,16137,19.09,HOEP (Legacy)
2019-08-19 23:00:00,2019,8,24,14839,16.11,HOEP (Legacy)
2019-08-20 00:00:00,2019,8,1,13836,10.48,HOEP (Legacy)
2019-08-20 01:00:00,2019,8,2,13239,7.13,HOEP (Legacy)
2019-08-20 02:00:00,2019,8,3,12957,0.0,HOEP (Legacy)
2019-08-20 03:00:00,2019,8,4,12930,1.41,HOEP (Legacy)
2019-08-20 04:00:00,2019,8,5,13290,5.29,HOEP (Legacy)
2019-08-20 05:00:00,2019,8,6,14324,8.49,HOEP (Legacy)
2019-08-20 06:00:00,2019,8,7,15376,21.38,HOEP (Legacy)
2019-08-20 07:00:00,2019,8,8,16184,22.02,HOEP (Legacy)
2019-08-20 08:00:00,2019,8,9,16834,22.82,HOEP (Legacy)
2019-08-20 09:00:00,2019,8,10,17386,22.81,HOEP (Legacy)
2019-08-20 10:00:00,2019,8,11,17847,24.01,HOEP (Legacy)
2019-08-20 11:00:00,2019,8,12,18324,24.81,HOEP (Legacy)
2019-08-20 12:00:00,2019,8,13,19221,24.32,HOEP (Legacy)
2019-08-20 13:00:00,2019,8,14,19723,24.82,HOEP (Legacy)
2019-08-20 14:00:00,2019,8,15,20154,25.4,HOEP (Legacy)
2019-08-20 15:00:00,2019,8,16,20614,30.44,HOEP (Legacy)
2019-08-20 16:00:00,2019,8,17,21145,33.4,HOEP (Legacy)
2019-08-20 17:00:00,2019,8,18,20988,25.8,HOEP (Legacy)
2019-08-20 18:00:00,2019,8,19,20575,24.04,HOEP (Legacy)
2019-08-20 19:00:00,2019,8,20,20334,23.01,HOEP (Legacy)
2019-08-20 20:00:00,2019,8,21,19834,30.9,HOEP (Legacy)
2019-08-20 21:00:00,2019,8,22,18571,22.12,HOEP (Legacy)
2019-08-20 22:00:00,2019,8,23,17078,22.88,HOEP (Legacy)
2019-08-20 23:00:00,2019,8,24,15853,17.57,HOEP (Legacy)
2019-08-21 00:00:00,2019,8,1,14997,10.22,HOEP (Legacy)
2019-08-21 01:00:00,2019,8,2,14448,5.93,HOEP (Legacy)
2019-08-21 02:00:00,2019,8,3,14050,6.02,HOEP (Legacy)
2019-08-21 03:00:00,2019,8,4,13958,2.59,HOEP (Legacy)
2019-08-21 04:00:00,2019,8,5,14290,24.24,HOEP (Legacy)
2019-08-21 05:00:00,2019,8,6,15402,21.6,HOEP (Legacy)
2019-08-21 06:00:00,2019,8,7,16563,21.26,HOEP (Legacy)
2019-08-21 07:00:00,2019,8,8,17694,24.36,HOEP (Legacy)
2019-08-21 08:00:00,2019,8,9,18573,25.44,HOEP (Legacy)
2019-08-21 09:00:00,2019,8,10,19311,30.69,HOEP (Legacy)
2019-08-21 10:00:00,2019,8,11,19661,36.0,HOEP (Legacy)
2019-08-21 11:00:00,2019,8,12,20182,36.05,HOEP (Legacy)
2019-08-21 12:00:00,2019,8,13,20643,42.44,HOEP (Legacy)
2019-08-21 13:00:00,2019,8,14,20782,35.92,HOEP (Legacy)
2019-08-21 14:00:00,2019,8,15,21105,55.33,HOEP (Legacy)
2019-08-21 15:00:00,2019,8,16,21141,69.43,HOEP (Legacy)
2019-08-21 16:00:00,2019,8,17,21354,36.88,HOEP (Legacy)
2019-08-21 17:00:00,2019,8,18,21082,27.57,HOEP (Legacy)
2019-08-21 18:00:00,2019,8,19,20722,26.29,HOEP (Legacy)
2019-08-21 19:00:00,2019,8,20,20885,35.29,HOEP (Legacy)
2019-08-21 20:00:00,2019,8,21,20274,33.33,HOEP (Legacy)
2019-08-21 21:00:00,2019,8,22,18785,23.71,HOEP (Legacy)
2019-08-21 22:00:00,2019,8,23,17216,21.64,HOEP (Legacy)
2019-08-21 23:00:00,2019,8,24,15745,23.76,HOEP (Legacy)
2019-08-22 00:00:00,2019,8,1,14665,14.76,HOEP (Legacy)
2019-08-22 01:00:00,2019,8,2,13889,2.77,HOEP (Legacy)
2019-08-22 02:00:00,2019,8,3,13400,0.0,HOEP (Legacy)
2019-08-22 03:00:00,2019,8,4,13204,0.0,HOEP (Legacy)
2019-08-22 04:00:00,2019,8,5,13517,5.55,HOEP (Legacy)
2019-08-22 05:00:00,2019,8,6,14452,8.9,HOEP (Legacy)
2019-08-22 06:00:00,2019,8,7,15350,10.45,HOEP (Legacy)
2019-08-22 07:00:00,2019,8,8,16037,23.61,HOEP (Legacy)
2019-08-22 08:00:00,2019,8,9,16279,23.58,HOEP (Legacy)
2019-08-22 09:00:00,2019,8,10,16582,23.61,HOEP (Legacy)
2019-08-22 10:00:00,2019,8,11,16975,23.87,HOEP (Legacy)
2019-08-22 11:00:00,2019,8,12,17079,23.78,HOEP (Legacy)
2019-08-22 12:00:00,2019,8,13,17232,24.42,HOEP (Legacy)
2019-08-22 13:00:00,2019,8,14,17394,24.45,HOEP (Legacy)
2019-08-22 14:00:00,2019,8,15,17517,24.35,HOEP (Legacy)
2019-08-22 15:00:00,2019,8,16,18083,23.11,HOEP (Legacy)
2019-08-22 16:00:00,2019,8,17,18275,24.37,HOEP (Legacy)
2019-08-22 17:00:00,2019,8,18,18333,23.58,HOEP (Legacy)
2019-08-22 18:00:00,2019,8,19,17971,21.97,HOEP (Legacy)
2019-08-22 19:00:00,2019,8,20,17681,23.34,HOEP (Legacy)
2019-08-22 20:00:00,2019,8,21,17399,28.18,HOEP (Legacy)
2019-08-22 21:00:00,2019,8,22,16137,31.45,HOEP (Legacy)
2019-08-22 22:00:00,2019,8,23,14718,19.18,HOEP (Legacy)
2019-08-22 23:00:00,2019,8,24,13609,5.71,HOEP (Legacy)
2019-08-23 00:00:00,2019,8,1,12976,13.34,HOEP (Legacy)
2019-08-23 01:00:00,2019,8,2,12544,3.26,HOEP (Legacy)
2019-08-23 02:00:00,2019,8,3,12340,9.06,HOEP (Legacy)
2019-08-23 03:00:00,2019,8,4,12311,4.63,HOEP (Legacy)
2019-08-23 04:00:00,2019,8,5,12674,24.05,HOEP (Legacy)
2019-08-23 05:00:00,2019,8,6,13532,18.09,HOEP (Legacy)
2019-08-23 06:00:00,2019,8,7,14350,17.53,HOEP (Legacy)
2019-08-23 07:00:00,2019,8,8,15057,22.78,HOEP (Legacy)
2019-08-23 08:00:00,2019,8,9,15282,22.54,HOEP (Legacy)
2019-08-23 09:00:00,2019,8,10,15666,22.91,HOEP (Legacy)
2019-08-23 10:00:00,2019,8,11,15745,22.96,HOEP (Legacy)
2019-08-23 11:00:00,2019,8,12,15945,22.93,HOEP (Legacy)
2019-08-23 12:00:00,2019,8,13,16179,20.94,HOEP (Legacy)
2019-08-23 13:00:00,2019,8,14,16229,13.25,HOEP (Legacy)
2019-08-23 14:00:00,2019,8,15,16180,5.96,HOEP (Legacy)
2019-08-23 15:00:00,2019,8,16,16362,5.75,HOEP (Legacy)
2019-08-23 16:00:00,2019,8,17,16496,1.67,HOEP (Legacy)
2019-08-23 17:00:00,2019,8,18,16397,5.04,HOEP (Legacy)
2019-08-23 18:00:00,2019,8,19,16167,7.77,HOEP (Legacy)
2019-08-23 19:00:00,2019,8,20,16119,18.3,HOEP (Legacy)
2019-08-23 20:00:00,2019,8,21,15666,20.75,HOEP (Legacy)
2019-08-23 21:00:00,2019,8,22,14759,4.9,HOEP (Legacy)
2019-08-23 22:00:00,2019,8,23,13504,2.52,HOEP (Legacy)
2019-08-23 23:00:00,2019,8,24,12582,1.93,HOEP (Legacy)
2019-08-24 00:00:00,2019,8,1,12071,1.38,HOEP (Legacy)
2019-08-24 01:00:00,2019,8,2,11731,-0.72,HOEP (Legacy)
2019-08-24 02:00:00,2019,8,3,11477,-1.52,HOEP (Legacy)
2019-08-24 03:00:00,2019,8,4,11464,-0.34,HOEP (Legacy)
2019-08-24 04:00:00,2019,8,5,11627,-0.05,HOEP (Legacy)
2019-08-24 05:00:00,2019,8,6,11942,0.0,HOEP (Legacy)
2019-08-24 06:00:00,2019,8,7,12400,0.86,HOEP (Legacy)
2019-08-24 07:00:00,2019,8,8,12966,15.23,HOEP (Legacy)
2019-08-24 08:00:00,2019,8,9,13388,12.75,HOEP (Legacy)
2019-08-24 09:00:00,2019,8,10,13786,6.96,HOEP (Legacy)
2019-08-24 10:00:00,2019,8,11,14048,7.71,HOEP (Legacy)
2019-08-24 11:00:00,2019,8,12,14259,8.37,HOEP (Legacy)
2019-08-24 12:00:00,2019,8,13,14190,12.08,HOEP (Legacy)
2019-08-24 13:00:00,2019,8,14,14291,13.37,HOEP (Legacy)
2019-08-24 14:00:00,2019,8,15,14569,0.48,HOEP (Legacy)
2019-08-24 15:00:00,2019,8,16,14890,0.17,HOEP (Legacy)
2019-08-24 16:00:00,2019,8,17,15397,7.85,HOEP (Legacy)
2019-08-24 17:00:00,2019,8,18,15685,10.91,HOEP (Legacy)
2019-08-24 18:00:00,2019,8,19,15449,17.39,HOEP (Legacy)
2019-08-24 19:00:00,2019,8,20,15327,13.36,HOEP (Legacy)
2019-08-24 20:00:00,2019,8,21,15001,11.25,HOEP (Legacy)
2019-08-24 21:00:00,2019,8,22,14156,5.79,HOEP (Legacy)
2019-08-24 22:00:00,2019,8,23,13265,4.58,HOEP (Legacy)
2019-08-24 23:00:00,2019,8,24,12458,2.87,HOEP (Legacy)
2019-08-25 00:00:00,2019,8,1,11943,-0.01,HOEP (Legacy)
2019-08-25 01:00:00,2019,8,2,11563,-0.09,HOEP (Legacy)
2019-08-25 02:00:00,2019,8,3,11370,-1.65,HOEP (Legacy)
2019-08-25 03:00:00,2019,8,4,11310,0.0,HOEP (Legacy)
2019-08-25 04:00:00,2019,8,5,11314,0.0,HOEP (Legacy)
2019-08-25 05:00:00,2019,8,6,11481,-1.66,HOEP (Legacy)
2019-08-25 06:00:00,2019,8,7,11670,-3.01,HOEP (Legacy)
2019-08-25 07:00:00,2019,8,8,12249,-0.27,HOEP (Legacy)
2019-08-25 08:00:00,2019,8,9,12798,5.86,HOEP (Legacy)
2019-08-25 09:00:00,2019,8,10,13309,5.9,HOEP (Legacy)
2019-08-25 10:00:00,2019,8,11,13707,8.46,HOEP (Legacy)
2019-08-25 11:00:00,2019,8,12,14036,12.72,HOEP (Legacy)
2019-08-25 12:00:00,2019,8,13,14218,6.56,HOEP (Legacy)
2019-08-25 13:00:00,2019,8,14,14410,5.76,HOEP (Legacy)
2019-08-25 14:00:00,2019,8,15,14631,1.72,HOEP (Legacy)
2019-08-25 15:00:00,2019,8,16,15172,7.37,HOEP (Legacy)
2019-08-25 16:00:00,2019,8,17,15875,11.49,HOEP (Legacy)
2019-08-25 17:00:00,2019,8,18,16202,9.8,HOEP (Legacy)
2019-08-25 18:00:00,2019,8,19,16087,14.05,HOEP (Legacy)
2019-08-25 19:00:00,2019,8,20,16133,7.17,HOEP (Legacy)
2019-08-25 20:00:00,2019,8,21,15522,1.93,HOEP (Legacy)
2019-08-25 21:00:00,2019,8,22,14695,-0.02,HOEP (Legacy)
2019-08-25 22:00:00,2019,8,23,13551,0.0,HOEP (Legacy)
2019-08-25 23:00:00,2019,8,24,12708,0.0,HOEP (Legacy)
2019-08-26 00:00:00,2019,8,1,12103,0.0,HOEP (Legacy)
2019-08-26 01:00:00,2019,8,2,11842,-0.01,HOEP (Legacy)
2019-08-26 02:00:00,2019,8,3,11783,-0.07,HOEP (Legacy)
2019-08-26 03:00:00,2019,8,4,11798,-0.07,HOEP (Legacy)
2019-08-26 04:00:00,2019,8,5,12340,0.0,HOEP (Legacy)
2019-08-26 05:00:00,2019,8,6,13333,0.0,HOEP (Legacy)
2019-08-26 06:00:00,2019,8,7,14326,0.46,HOEP (Legacy)
2019-08-26 07:00:00,2019,8,8,15079,6.87,HOEP (Legacy)
2019-08-26 08:00:00,2019,8,9,15525,5.82,HOEP (Legacy)
2019-08-26 09:00:00,2019,8,10,15928,5.33,HOEP (Legacy)
2019-08-26 10:00:00,2019,8,11,16175,0.0,HOEP (Legacy)
2019-08-26 11:00:00,2019,8,12,16368,0.0,HOEP (Legacy)
2019-08-26 12:00:00,2019,8,13,16628,0.0,HOEP (Legacy)
2019-08-26 13:00:00,2019,8,14,16700,3.7,HOEP (Legacy)
2019-08-26 14:00:00,2019,8,15,16941,4.88,HOEP (Legacy)
2019-08-26 15:00:00,2019,8,16,17332,18.48,HOEP (Legacy)
2019-08-26 16:00:00,2019,8,17,17784,21.23,HOEP (Legacy)
2019-08-26 17:00:00,2019,8,18,17752,7.12,HOEP (Legacy)
2019-08-26 18:00:00,2019,8,19,17391,5.89,HOEP (Legacy)
2019-08-26 19:00:00,2019,8,20,17386,3.25,HOEP (Legacy)
2019-08-26 20:00:00,2019,8,21,16662,2.41,HOEP (Legacy)
2019-08-26 21:00:00,2019,8,22,15440,0.0,HOEP (Legacy)
2019-08-26 22:00:00,2019,8,23,14188,0.47,HOEP (Legacy)
2019-08-26 23:00:00,2019,8,24,13172,0.0,HOEP (Legacy)
2019-08-27 00:00:00,2019,8,1,12621,0.0,HOEP (Legacy)
2019-08-27 01:00:00,2019,8,2,12276,0.0,HOEP (Legacy)
2019-08-27 02:00:00,2019,8,3,12136,0.0,HOEP (Legacy)
2019-08-27 03:00:00,2019,8,4,12189,0.0,HOEP (Legacy)
2019-08-27 04:00:00,2019,8,5,12626,0.0,HOEP (Legacy)
2019-08-27 05:00:00,2019,8,6,13595,0.0,HOEP (Legacy)
2019-08-27 06:00:00,2019,8,7,14938,1.94,HOEP (Legacy)
2019-08-27 07:00:00,2019,8,8,15666,13.83,HOEP (Legacy)
2019-08-27 08:00:00,2019,8,9,16016,28.67,HOEP (Legacy)
2019-08-27 09:00:00,2019,8,10,16411,21.58,HOEP (Legacy)
2019-08-27 10:00:00,2019,8,11,16764,21.29,HOEP (Legacy)
2019-08-27 11:00:00,2019,8,12,16933,21.11,HOEP (Legacy)
2019-08-27 12:00:00,2019,8,13,17073,20.03,HOEP (Legacy)
2019-08-27 13:00:00,2019,8,14,17005,9.75,HOEP (Legacy)
2019-08-27 14:00:00,2019,8,15,17069,15.4,HOEP (Legacy)
2019-08-27 15:00:00,2019,8,16,17417,21.18,HOEP (Legacy)
2019-08-27 16:00:00,2019,8,17,17707,21.93,HOEP (Legacy)
2019-08-27 17:00:00,2019,8,18,17730,21.92,HOEP (Legacy)
2019-08-27 18:00:00,2019,8,19,17660,20.95,HOEP (Legacy)
2019-08-27 19:00:00,2019,8,20,17966,23.77,HOEP (Legacy)
2019-08-27 20:00:00,2019,8,21,17335,21.6,HOEP (Legacy)
2019-08-27 21:00:00,2019,8,22,16248,15.26,HOEP (Legacy)
2019-08-27 22:00:00,2019,8,23,15072,15.02,HOEP (Legacy)
2019-08-27 23:00:00,2019,8,24,14219,15.72,HOEP (Legacy)
2019-08-28 00:00:00,2019,8,1,13627,18.69,HOEP (Legacy)
2019-08-28 01:00:00,2019,8,2,13208,14.38,HOEP (Legacy)
2019-08-28 02:00:00,2019,8,3,12857,14.38,HOEP (Legacy)
2019-08-28 03:00:00,2019,8,4,12850,5.97,HOEP (Legacy)
2019-08-28 04:00:00,2019,8,5,13313,3.91,HOEP (Legacy)
2019-08-28 05:00:00,2019,8,6,14213,19.74,HOEP (Legacy)
2019-08-28 06:00:00,2019,8,7,15221,6.22,HOEP (Legacy)
2019-08-28 07:00:00,2019,8,8,16219,47.88,HOEP (Legacy)
2019-08-28 08:00:00,2019,8,9,16777,25.32,HOEP (Legacy)
2019-08-28 09:00:00,2019,8,10,17262,23.83,HOEP (Legacy)
2019-08-28 10:00:00,2019,8,11,17551,20.65,HOEP (Legacy)
2019-08-28 11:00:00,2019,8,12,17586,7.68,HOEP (Legacy)
2019-08-28 12:00:00,2019,8,13,17347,0.0,HOEP (Legacy)
2019-08-28 13:00:00,2019,8,14,17754,3.59,HOEP (Legacy)
2019-08-28 14:00:00,2019,8,15,17993,19.96,HOEP (Legacy)
2019-08-28 15:00:00,2019,8,16,18408,20.18,HOEP (Legacy)
2019-08-28 16:00:00,2019,8,17,18748,21.56,HOEP (Legacy)
2019-08-28 17:00:00,2019,8,18,18377,19.65,HOEP (Legacy)
2019-08-28 18:00:00,2019,8,19,18128,18.4,HOEP (Legacy)
2019-08-28 19:00:00,2019,8,20,18279,20.5,HOEP (Legacy)
2019-08-28 20:00:00,2019,8,21,17543,19.21,HOEP (Legacy)
2019-08-28 21:00:00,2019,8,22,16333,8.91,HOEP (Legacy)
2019-08-28 22:00:00,2019,8,23,15086,3.43,HOEP (Legacy)
2019-08-28 23:00:00,2019,8,24,13982,0.95,HOEP (Legacy)
2019-08-29 00:00:00,2019,8,1,13213,5.8,HOEP (Legacy)
2019-08-29 01:00:00,2019,8,2,12736,12.1,HOEP (Legacy)
2019-08-29 02:00:00,2019,8,3,12437,7.28,HOEP (Legacy)
2019-08-29 03:00:00,2019,8,4,12467,0.96,HOEP (Legacy)
2019-08-29 04:00:00,2019,8,5,12870,3.04,HOEP (Legacy)
2019-08-29 05:00:00,2019,8,6,13829,4.37,HOEP (Legacy)
2019-08-29 06:00:00,2019,8,7,14651,12.99,HOEP (Legacy)
2019-08-29 07:00:00,2019,8,8,15323,37.19,HOEP (Legacy)
2019-08-29 08:00:00,2019,8,9,15645,29.21,HOEP (Legacy)
2019-08-29 09:00:00,2019,8,10,15923,11.64,HOEP (Legacy)
2019-08-29 10:00:00,2019,8,11,16102,20.86,HOEP (Legacy)
2019-08-29 11:00:00,2019,8,12,16227,8.23,HOEP (Legacy)
2019-08-29 12:00:00,2019,8,13,16423,0.0,HOEP (Legacy)
2019-08-29 13:00:00,2019,8,14,16624,0.0,HOEP (Legacy)
2019-08-29 14:00:00,2019,8,15,16777,0.0,HOEP (Legacy)
2019-08-29 15:00:00,2019,8,16,17168,0.0,HOEP (Legacy)
2019-08-29 16:00:00,2019,8,17,17754,2.41,HOEP (Legacy)
2019-08-29 17:00:00,2019,8,18,17862,16.13,HOEP (Legacy)
2019-08-29 18:00:00,2019,8,19,17864,11.37,HOEP (Legacy)
2019-08-29 19:00:00,2019,8,20,17780,4.84,HOEP (Legacy)
2019-08-29 20:00:00,2019,8,21,16998,2.85,HOEP (Legacy)
2019-08-29 21:00:00,2019,8,22,15922,0.0,HOEP (Legacy)
2019-08-29 22:00:00,2019,8,23,14675,0.0,HOEP (Legacy)
2019-08-29 23:00:00,2019,8,24,13737,0.0,HOEP (Legacy)
2019-08-30 00:00:00,2019,8,1,13066,0.0,HOEP (Legacy)
2019-08-30 01:00:00,2019,8,2,12850,0.0,HOEP (Legacy)
2019-08-30 02:00:00,2019,8,3,12795,1.41,HOEP (Legacy)
2019-08-30 03:00:00,2019,8,4,12935,9.05,HOEP (Legacy)
2019-08-30 04:00:00,2019,8,5,13353,8.97,HOEP (Legacy)
2019-08-30 05:00:00,2019,8,6,14179,10.83,HOEP (Legacy)
2019-08-30 06:00:00,2019,8,7,14939,4.56,HOEP (Legacy)
2019-08-30 07:00:00,2019,8,8,15583,17.91,HOEP (Legacy)
2019-08-30 08:00:00,2019,8,9,15910,21.89,HOEP (Legacy)
2019-08-30 09:00:00,2019,8,10,15945,5.95,HOEP (Legacy)
2019-08-30 10:00:00,2019,8,11,16179,5.78,HOEP (Legacy)
2019-08-30 11:00:00,2019,8,12,16310,5.74,HOEP (Legacy)
2019-08-30 12:00:00,2019,8,13,16395,5.89,HOEP (Legacy)
2019-08-30 13:00:00,2019,8,14,16366,17.16,HOEP (Legacy)
2019-08-30 14:00:00,2019,8,15,16501,18.51,HOEP (Legacy)
2019-08-30 15:00:00,2019,8,16,16715,20.9,HOEP (Legacy)
2019-08-30 16:00:00,2019,8,17,17123,21.54,HOEP (Legacy)
2019-08-30 17:00:00,2019,8,18,16972,21.71,HOEP (Legacy)
2019-08-30 18:00:00,2019,8,19,16597,21.82,HOEP (Legacy)
2019-08-30 19:00:00,2019,8,20,16507,21.64,HOEP (Legacy)
2019-08-30 20:00:00,2019,8,21,15848,19.32,HOEP (Legacy)
2019-08-30 21:00:00,2019,8,22,14819,7.13,HOEP (Legacy)
2019-08-30 22:00:00,2019,8,23,13730,4.06,HOEP (Legacy)
2019-08-30 23:00:00,2019,8,24,12799,1.92,HOEP (Legacy)
2019-08-31 00:00:00,2019,8,1,12278,0.0,HOEP (Legacy)
2019-08-31 01:00:00,2019,8,2,11895,0.0,HOEP (Legacy)
2019-08-31 02:00:00,2019,8,3,11618,0.0,HOEP (Legacy)
2019-08-31 03:00:00,2019,8,4,11465,0.0,HOEP (Legacy)
2019-08-31 04:00:00,2019,8,5,11538,0.0,HOEP (Legacy)
2019-08-31 05:00:00,2019,8,6,11804,0.88,HOEP (Legacy)
2019-08-31 06:00:00,2019,8,7,12096,0.46,HOEP (Legacy)
2019-08-31 07:00:00,2019,8,8,12607,1.92,HOEP (Legacy)
2019-08-31 08:00:00,2019,8,9,13040,16.13,HOEP (Legacy)
2019-08-31 09:00:00,2019,8,10,13281,15.94,HOEP (Legacy)
2019-08-31 10:00:00,2019,8,11,13610,16.68,HOEP (Legacy)
2019-08-31 11:00:00,2019,8,12,13755,18.7,HOEP (Legacy)
2019-08-31 12:00:00,2019,8,13,13784,14.37,HOEP (Legacy)
2019-08-31 13:00:00,2019,8,14,13887,2.17,HOEP (Legacy)
2019-08-31 14:00:00,2019,8,15,14010,6.36,HOEP (Legacy)
2019-08-31 15:00:00,2019,8,16,14450,10.87,HOEP (Legacy)
2019-08-31 16:00:00,2019,8,17,15050,14.49,HOEP (Legacy)
2019-08-31 17:00:00,2019,8,18,15281,8.69,HOEP (Legacy)
2019-08-31 18:00:00,2019,8,19,14951,7.66,HOEP (Legacy)
2019-08-31 19:00:00,2019,8,20,15172,5.91,HOEP (Legacy)
2019-08-31 20:00:00,2019,8,21,14723,12.05,HOEP (Legacy)
2019-08-31 21:00:00,2019,8,22,13956,2.33,HOEP (Legacy)
2019-08-31 22:00:00,2019,8,23,13055,3.54,HOEP (Legacy)
2019-08-31 23:00:00,2019,8,24,12395,1.43,HOEP (Legacy)
2019-09-01 00:00:00,2019,9,1,11929,3.05,HOEP (Legacy)
2019-09-01 01:00:00,2019,9,2,11640,13.34,HOEP (Legacy)
2019-09-01 02:00:00,2019,9,3,11444,12.71,HOEP (Legacy)
2019-09-01 03:00:00,2019,9,4,11303,0.0,HOEP (Legacy)
2019-09-01 04:00:00,2019,9,5,11399,-0.46,HOEP (Legacy)
2019-09-01 05:00:00,2019,9,6,11475,0.0,HOEP (Legacy)
2019-09-01 06:00:00,2019,9,7,11634,0.0,HOEP (Legacy)
2019-09-01 07:00:00,2019,9,8,12221,0.0,HOEP (Legacy)
2019-09-01 08:00:00,2019,9,9,12704,10.33,HOEP (Legacy)
2019-09-01 09:00:00,2019,9,10,13070,6.81,HOEP (Legacy)
2019-09-01 10:00:00,2019,9,11,13361,23.35,HOEP (Legacy)
2019-09-01 11:00:00,2019,9,12,13718,18.86,HOEP (Legacy)
2019-09-01 12:00:00,2019,9,13,13809,13.37,HOEP (Legacy)
2019-09-01 13:00:00,2019,9,14,13924,14.18,HOEP (Legacy)
2019-09-01 14:00:00,2019,9,15,14129,12.74,HOEP (Legacy)
2019-09-01 15:00:00,2019,9,16,14347,1.14,HOEP (Legacy)
2019-09-01 16:00:00,2019,9,17,14747,0.54,HOEP (Legacy)
2019-09-01 17:00:00,2019,9,18,14748,5.76,HOEP (Legacy)
2019-09-01 18:00:00,2019,9,19,14674,5.78,HOEP (Legacy)
2019-09-01 19:00:00,2019,9,20,14837,17.0,HOEP (Legacy)
2019-09-01 20:00:00,2019,9,21,14251,10.1,HOEP (Legacy)
2019-09-01 21:00:00,2019,9,22,13526,12.75,HOEP (Legacy)
2019-09-01 22:00:00,2019,9,23,12931,8.94,HOEP (Legacy)
2019-09-01 23:00:00,2019,9,24,12399,9.57,HOEP (Legacy)
2019-09-02 00:00:00,2019,9,1,11912,3.96,HOEP (Legacy)
2019-09-02 01:00:00,2019,9,2,11654,3.67,HOEP (Legacy)
2019-09-02 02:00:00,2019,9,3,11460,-1.93,HOEP (Legacy)
2019-09-02 03:00:00,2019,9,4,11351,-2.19,HOEP (Legacy)
2019-09-02 04:00:00,2019,9,5,11430,3.89,HOEP (Legacy)
2019-09-02 05:00:00,2019,9,6,11715,13.32,HOEP (Legacy)
2019-09-02 06:00:00,2019,9,7,12014,1.43,HOEP (Legacy)
2019-09-02 07:00:00,2019,9,8,12579,2.3,HOEP (Legacy)
2019-09-02 08:00:00,2019,9,9,13196,13.05,HOEP (Legacy)
2019-09-02 09:00:00,2019,9,10,13651,27.28,HOEP (Legacy)
2019-09-02 10:00:00,2019,9,11,14078,14.45,HOEP (Legacy)
2019-09-02 11:00:00,2019,9,12,14299,9.33,HOEP (Legacy)
2019-09-02 12:00:00,2019,9,13,14453,7.02,HOEP (Legacy)
2019-09-02 13:00:00,2019,9,14,14638,7.28,HOEP (Legacy)
2019-09-02 14:00:00,2019,9,15,14865,7.11,HOEP (Legacy)
2019-09-02 15:00:00,2019,9,16,15403,4.66,HOEP (Legacy)
2019-09-02 16:00:00,2019,9,17,15962,10.51,HOEP (Legacy)
2019-09-02 17:00:00,2019,9,18,16153,17.96,HOEP (Legacy)
2019-09-02 18:00:00,2019,9,19,16195,22.23,HOEP (Legacy)
2019-09-02 19:00:00,2019,9,20,16417,22.04,HOEP (Legacy)
2019-09-02 20:00:00,2019,9,21,15657,19.89,HOEP (Legacy)
2019-09-02 21:00:00,2019,9,22,14651,17.48,HOEP (Legacy)
2019-09-02 22:00:00,2019,9,23,13657,12.03,HOEP (Legacy)
2019-09-02 23:00:00,2019,9,24,12789,9.59,HOEP (Legacy)
2019-09-03 00:00:00,2019,9,1,12284,12.78,HOEP (Legacy)
2019-09-03 01:00:00,2019,9,2,12009,8.55,HOEP (Legacy)
2019-09-03 02:00:00,2019,9,3,11859,7.74,HOEP (Legacy)
2019-09-03 03:00:00,2019,9,4,11900,11.58,HOEP (Legacy)
2019-09-03 04:00:00,2019,9,5,12353,9.57,HOEP (Legacy)
2019-09-03 05:00:00,2019,9,6,13565,13.9,HOEP (Legacy)
2019-09-03 06:00:00,2019,9,7,14542,2.46,HOEP (Legacy)
2019-09-03 07:00:00,2019,9,8,14835,0.46,HOEP (Legacy)
2019-09-03 08:00:00,2019,9,9,14986,0.0,HOEP (Legacy)
2019-09-03 09:00:00,2019,9,10,15363,0.48,HOEP (Legacy)
2019-09-03 10:00:00,2019,9,11,15682,0.0,HOEP (Legacy)
2019-09-03 11:00:00,2019,9,12,15910,0.0,HOEP (Legacy)
2019-09-03 12:00:00,2019,9,13,16174,7.32,HOEP (Legacy)
2019-09-03 13:00:00,2019,9,14,16371,7.6,HOEP (Legacy)
2019-09-03 14:00:00,2019,9,15,16631,0.0,HOEP (Legacy)
2019-09-03 15:00:00,2019,9,16,16914,1.87,HOEP (Legacy)
2019-09-03 16:00:00,2019,9,17,17185,5.8,HOEP (Legacy)
2019-09-03 17:00:00,2019,9,18,17255,12.45,HOEP (Legacy)
2019-09-03 18:00:00,2019,9,19,17501,15.89,HOEP (Legacy)
2019-09-03 19:00:00,2019,9,20,17642,17.83,HOEP (Legacy)
2019-09-03 20:00:00,2019,9,21,16950,7.05,HOEP (Legacy)
2019-09-03 21:00:00,2019,9,22,15748,1.46,HOEP (Legacy)
2019-09-03 22:00:00,2019,9,23,14531,0.0,HOEP (Legacy)
2019-09-03 23:00:00,2019,9,24,13496,0.0,HOEP (Legacy)
2019-09-04 00:00:00,2019,9,1,13107,0.0,HOEP (Legacy)
2019-09-04 01:00:00,2019,9,2,12809,0.0,HOEP (Legacy)
2019-09-04 02:00:00,2019,9,3,12640,1.39,HOEP (Legacy)
2019-09-04 03:00:00,2019,9,4,12775,0.48,HOEP (Legacy)
2019-09-04 04:00:00,2019,9,5,13250,0.0,HOEP (Legacy)
2019-09-04 05:00:00,2019,9,6,14280,1.58,HOEP (Legacy)
2019-09-04 06:00:00,2019,9,7,15278,8.85,HOEP (Legacy)
2019-09-04 07:00:00,2019,9,8,15840,13.25,HOEP (Legacy)
2019-09-04 08:00:00,2019,9,9,15834,9.27,HOEP (Legacy)
2019-09-04 09:00:00,2019,9,10,15835,6.32,HOEP (Legacy)
2019-09-04 10:00:00,2019,9,11,15782,18.65,HOEP (Legacy)
2019-09-04 11:00:00,2019,9,12,15685,0.0,HOEP (Legacy)
2019-09-04 12:00:00,2019,9,13,15688,21.12,HOEP (Legacy)
2019-09-04 13:00:00,2019,9,14,15740,13.48,HOEP (Legacy)
2019-09-04 14:00:00,2019,9,15,15707,21.42,HOEP (Legacy)
2019-09-04 15:00:00,2019,9,16,15865,19.5,HOEP (Legacy)
2019-09-04 16:00:00,2019,9,17,16302,20.62,HOEP (Legacy)
2019-09-04 17:00:00,2019,9,18,16288,31.36,HOEP (Legacy)
2019-09-04 18:00:00,2019,9,19,16615,104.3,HOEP (Legacy)
2019-09-04 19:00:00,2019,9,20,16721,142.99,HOEP (Legacy)
2019-09-04 20:00:00,2019,9,21,16080,29.72,HOEP (Legacy)
2019-09-04 21:00:00,2019,9,22,14890,20.73,HOEP (Legacy)
2019-09-04 22:00:00,2019,9,23,13666,12.98,HOEP (Legacy)
2019-09-04 23:00:00,2019,9,24,12825,10.91,HOEP (Legacy)
2019-09-05 00:00:00,2019,9,1,12353,13.45,HOEP (Legacy)
2019-09-05 01:00:00,2019,9,2,12016,13.34,HOEP (Legacy)
2019-09-05 02:00:00,2019,9,3,11884,13.32,HOEP (Legacy)
2019-09-05 03:00:00,2019,9,4,12091,12.2,HOEP (Legacy)
2019-09-05 04:00:00,2019,9,5,12571,10.46,HOEP (Legacy)
2019-09-05 05:00:00,2019,9,6,13781,16.4,HOEP (Legacy)
2019-09-05 06:00:00,2019,9,7,14768,17.03,HOEP (Legacy)
2019-09-05 07:00:00,2019,9,8,14826,13.37,HOEP (Legacy)
2019-09-05 08:00:00,2019,9,9,14637,8.47,HOEP (Legacy)
2019-09-05 09:00:00,2019,9,10,14720,13.38,HOEP (Legacy)
2019-09-05 10:00:00,2019,9,11,14911,19.55,HOEP (Legacy)
2019-09-05 11:00:00,2019,9,12,14873,25.24,HOEP (Legacy)
2019-09-05 12:00:00,2019,9,13,15076,22.92,HOEP (Legacy)
2019-09-05 13:00:00,2019,9,14,15177,23.14,HOEP (Legacy)
2019-09-05 14:00:00,2019,9,15,15330,21.88,HOEP (Legacy)
2019-09-05 15:00:00,2019,9,16,16047,27.22,HOEP (Legacy)
2019-09-05 16:00:00,2019,9,17,16540,102.92,HOEP (Legacy)
2019-09-05 17:00:00,2019,9,18,16701,24.83,HOEP (Legacy)
2019-09-05 18:00:00,2019,9,19,16871,24.01,HOEP (Legacy)
2019-09-05 19:00:00,2019,9,20,16864,24.69,HOEP (Legacy)
2019-09-05 20:00:00,2019,9,21,16328,24.49,HOEP (Legacy)
2019-09-05 21:00:00,2019,9,22,15325,28.97,HOEP (Legacy)
2019-09-05 22:00:00,2019,9,23,14103,26.68,HOEP (Legacy)
2019-09-05 23:00:00,2019,9,24,13118,14.48,HOEP (Legacy)
2019-09-06 00:00:00,2019,9,1,12502,15.3,HOEP (Legacy)
2019-09-06 01:00:00,2019,9,2,12274,36.85,HOEP (Legacy)
2019-09-06 02:00:00,2019,9,3,12115,36.47,HOEP (Legacy)
2019-09-06 03:00:00,2019,9,4,12232,33.37,HOEP (Legacy)
2019-09-06 04:00:00,2019,9,5,12600,30.58,HOEP (Legacy)
2019-09-06 05:00:00,2019,9,6,13677,25.35,HOEP (Legacy)
2019-09-06 06:00:00,2019,9,7,14730,21.86,HOEP (Legacy)
2019-09-06 07:00:00,2019,9,8,15088,12.71,HOEP (Legacy)
2019-09-06 08:00:00,2019,9,9,15192,22.35,HOEP (Legacy)
2019-09-06 09:00:00,2019,9,10,15621,23.82,HOEP (Legacy)
2019-09-06 10:00:00,2019,9,11,15911,24.39,HOEP (Legacy)
2019-09-06 11:00:00,2019,9,12,15936,24.82,HOEP (Legacy)
2019-09-06 12:00:00,2019,9,13,16104,24.27,HOEP (Legacy)
2019-09-06 13:00:00,2019,9,14,15970,24.24,HOEP (Legacy)
2019-09-06 14:00:00,2019,9,15,15848,23.73,HOEP (Legacy)
2019-09-06 15:00:00,2019,9,16,15976,24.69,HOEP (Legacy)
2019-09-06 16:00:00,2019,9,17,16079,22.53,HOEP (Legacy)
2019-09-06 17:00:00,2019,9,18,15954,20.27,HOEP (Legacy)
2019-09-06 18:00:00,2019,9,19,16026,22.48,HOEP (Legacy)
2019-09-06 19:00:00,2019,9,20,16120,21.89,HOEP (Legacy)
2019-09-06 20:00:00,2019,9,21,15565,25.58,HOEP (Legacy)
2019-09-06 21:00:00,2019,9,22,14705,49.91,HOEP (Legacy)
2019-09-06 22:00:00,2019,9,23,13593,40.52,HOEP (Legacy)
2019-09-06 23:00:00,2019,9,24,12660,9.71,HOEP (Legacy)
2019-09-07 00:00:00,2019,9,1,12120,12.72,HOEP (Legacy)
2019-09-07 01:00:00,2019,9,2,11724,10.27,HOEP (Legacy)
2019-09-07 02:00:00,2019,9,3,11509,13.34,HOEP (Legacy)
2019-09-07 03:00:00,2019,9,4,11484,10.93,HOEP (Legacy)
2019-09-07 04:00:00,2019,9,5,11543,8.39,HOEP (Legacy)
2019-09-07 05:00:00,2019,9,6,11985,6.79,HOEP (Legacy)
2019-09-07 06:00:00,2019,9,7,12470,17.41,HOEP (Legacy)
2019-09-07 07:00:00,2019,9,8,13137,12.14,HOEP (Legacy)
2019-09-07 08:00:00,2019,9,9,13662,13.58,HOEP (Legacy)
2019-09-07 09:00:00,2019,9,10,13893,16.85,HOEP (Legacy)
2019-09-07 10:00:00,2019,9,11,14022,14.03,HOEP (Legacy)
2019-09-07 11:00:00,2019,9,12,14056,13.38,HOEP (Legacy)
2019-09-07 12:00:00,2019,9,13,13979,6.04,HOEP (Legacy)
2019-09-07 13:00:00,2019,9,14,13872,6.84,HOEP (Legacy)
2019-09-07 14:00:00,2019,9,15,13810,2.24,HOEP (Legacy)
2019-09-07 15:00:00,2019,9,16,14193,14.47,HOEP (Legacy)
2019-09-07 16:00:00,2019,9,17,14763,11.57,HOEP (Legacy)
2019-09-07 17:00:00,2019,9,18,14929,25.94,HOEP (Legacy)
2019-09-07 18:00:00,2019,9,19,15006,13.7,HOEP (Legacy)
2019-09-07 19:00:00,2019,9,20,14908,8.99,HOEP (Legacy)
2019-09-07 20:00:00,2019,9,21,14392,5.39,HOEP (Legacy)
2019-09-07 21:00:00,2019,9,22,13651,7.12,HOEP (Legacy)
2019-09-07 22:00:00,2019,9,23,12653,8.96,HOEP (Legacy)
2019-09-07 23:00:00,2019,9,24,11998,4.84,HOEP (Legacy)
2019-09-08 00:00:00,2019,9,1,11545,1.34,HOEP (Legacy)
2019-09-08 01:00:00,2019,9,2,11231,-0.26,HOEP (Legacy)
2019-09-08 02:00:00,2019,9,3,11020,-0.81,HOEP (Legacy)
2019-09-08 03:00:00,2019,9,4,11010,-0.72,HOEP (Legacy)
2019-09-08 04:00:00,2019,9,5,11121,4.53,HOEP (Legacy)
2019-09-08 05:00:00,2019,9,6,11337,9.23,HOEP (Legacy)
2019-09-08 06:00:00,2019,9,7,11660,4.01,HOEP (Legacy)
2019-09-08 07:00:00,2019,9,8,12214,10.46,HOEP (Legacy)
2019-09-08 08:00:00,2019,9,9,12729,10.19,HOEP (Legacy)
2019-09-08 09:00:00,2019,9,10,13079,10.34,HOEP (Legacy)
2019-09-08 10:00:00,2019,9,11,13342,43.19,HOEP (Legacy)
2019-09-08 11:00:00,2019,9,12,13581,14.95,HOEP (Legacy)
2019-09-08 12:00:00,2019,9,13,13642,21.13,HOEP (Legacy)
2019-09-08 13:00:00,2019,9,14,13612,23.79,HOEP (Legacy)
2019-09-08 14:00:00,2019,9,15,13782,8.88,HOEP (Legacy)
2019-09-08 15:00:00,2019,9,16,14066,9.57,HOEP (Legacy)
2019-09-08 16:00:00,2019,9,17,14462,7.35,HOEP (Legacy)
2019-09-08 17:00:00,2019,9,18,14586,5.58,HOEP (Legacy)
2019-09-08 18:00:00,2019,9,19,14805,8.02,HOEP (Legacy)
2019-09-08 19:00:00,2019,9,20,14974,10.88,HOEP (Legacy)
2019-09-08 20:00:00,2019,9,21,14459,8.9,HOEP (Legacy)
2019-09-08 21:00:00,2019,9,22,13497,2.55,HOEP (Legacy)
2019-09-08 22:00:00,2019,9,23,12534,-0.01,HOEP (Legacy)
2019-09-08 23:00:00,2019,9,24,11898,0.0,HOEP (Legacy)
2019-09-09 00:00:00,2019,9,1,11451,0.0,HOEP (Legacy)
2019-09-09 01:00:00,2019,9,2,11263,0.0,HOEP (Legacy)
2019-09-09 02:00:00,2019,9,3,11179,0.0,HOEP (Legacy)
2019-09-09 03:00:00,2019,9,4,11296,-2.0,HOEP (Legacy)
2019-09-09 04:00:00,2019,9,5,11822,1.59,HOEP (Legacy)
2019-09-09 05:00:00,2019,9,6,13168,13.93,HOEP (Legacy)
2019-09-09 06:00:00,2019,9,7,14478,20.66,HOEP (Legacy)
2019-09-09 07:00:00,2019,9,8,14675,21.0,HOEP (Legacy)
2019-09-09 08:00:00,2019,9,9,14599,25.1,HOEP (Legacy)
2019-09-09 09:00:00,2019,9,10,14351,11.0,HOEP (Legacy)
2019-09-09 10:00:00,2019,9,11,14439,17.47,HOEP (Legacy)
2019-09-09 11:00:00,2019,9,12,14589,13.94,HOEP (Legacy)
2019-09-09 12:00:00,2019,9,13,14650,21.53,HOEP (Legacy)
2019-09-09 13:00:00,2019,9,14,14644,17.72,HOEP (Legacy)
2019-09-09 14:00:00,2019,9,15,14793,21.48,HOEP (Legacy)
2019-09-09 15:00:00,2019,9,16,15268,23.26,HOEP (Legacy)
2019-09-09 16:00:00,2019,9,17,15818,24.75,HOEP (Legacy)
2019-09-09 17:00:00,2019,9,18,16113,24.59,HOEP (Legacy)
2019-09-09 18:00:00,2019,9,19,16380,23.97,HOEP (Legacy)
2019-09-09 19:00:00,2019,9,20,16565,26.29,HOEP (Legacy)
2019-09-09 20:00:00,2019,9,21,15764,24.11,HOEP (Legacy)
2019-09-09 21:00:00,2019,9,22,14546,17.61,HOEP (Legacy)
2019-09-09 22:00:00,2019,9,23,13330,3.08,HOEP (Legacy)
2019-09-09 23:00:00,2019,9,24,12494,-0.19,HOEP (Legacy)
2019-09-10 00:00:00,2019,9,1,12076,-0.01,HOEP (Legacy)
2019-09-10 01:00:00,2019,9,2,11683,0.0,HOEP (Legacy)
2019-09-10 02:00:00,2019,9,3,11561,0.0,HOEP (Legacy)
2019-09-10 03:00:00,2019,9,4,11586,0.0,HOEP (Legacy)
2019-09-10 04:00:00,2019,9,5,12077,-0.3,HOEP (Legacy)
2019-09-10 05:00:00,2019,9,6,13270,-0.18,HOEP (Legacy)
2019-09-10 06:00:00,2019,9,7,14522,9.91,HOEP (Legacy)
2019-09-10 07:00:00,2019,9,8,14758,1.76,HOEP (Legacy)
2019-09-10 08:00:00,2019,9,9,14927,14.0,HOEP (Legacy)
2019-09-10 09:00:00,2019,9,10,15122,13.37,HOEP (Legacy)
2019-09-10 10:00:00,2019,9,11,15232,13.21,HOEP (Legacy)
2019-09-10 11:00:00,2019,9,12,15568,23.84,HOEP (Legacy)
2019-09-10 12:00:00,2019,9,13,15953,21.55,HOEP (Legacy)
2019-09-10 13:00:00,2019,9,14,16143,24.96,HOEP (Legacy)
2019-09-10 14:00:00,2019,9,15,16346,24.97,HOEP (Legacy)
2019-09-10 15:00:00,2019,9,16,16816,25.48,HOEP (Legacy)
2019-09-10 16:00:00,2019,9,17,17143,25.47,HOEP (Legacy)
2019-09-10 17:00:00,2019,9,18,17021,23.67,HOEP (Legacy)
2019-09-10 18:00:00,2019,9,19,17184,25.85,HOEP (Legacy)
2019-09-10 19:00:00,2019,9,20,17323,25.94,HOEP (Legacy)
2019-09-10 20:00:00,2019,9,21,16644,8.97,HOEP (Legacy)
2019-09-10 21:00:00,2019,9,22,15485,7.78,HOEP (Legacy)
2019-09-10 22:00:00,2019,9,23,14435,5.89,HOEP (Legacy)
2019-09-10 23:00:00,2019,9,24,13532,0.0,HOEP (Legacy)
2019-09-11 00:00:00,2019,9,1,13128,0.0,HOEP (Legacy)
2019-09-11 01:00:00,2019,9,2,12666,0.0,HOEP (Legacy)
2019-09-11 02:00:00,2019,9,3,12560,0.0,HOEP (Legacy)
2019-09-11 03:00:00,2019,9,4,12683,0.0,HOEP (Legacy)
2019-09-11 04:00:00,2019,9,5,13070,8.13,HOEP (Legacy)
2019-09-11 05:00:00,2019,9,6,14458,26.53,HOEP (Legacy)
2019-09-11 06:00:00,2019,9,7,15838,26.69,HOEP (Legacy)
2019-09-11 07:00:00,2019,9,8,16692,26.66,HOEP (Legacy)
2019-09-11 08:00:00,2019,9,9,17048,26.82,HOEP (Legacy)
2019-09-11 09:00:00,2019,9,10,17553,27.27,HOEP (Legacy)
2019-09-11 10:00:00,2019,9,11,17719,28.07,HOEP (Legacy)
2019-09-11 11:00:00,2019,9,12,17951,28.1,HOEP (Legacy)
2019-09-11 12:00:00,2019,9,13,18198,28.19,HOEP (Legacy)
2019-09-11 13:00:00,2019,9,14,18572,28.26,HOEP (Legacy)
2019-09-11 14:00:00,2019,9,15,18974,28.22,HOEP (Legacy)
2019-09-11 15:00:00,2019,9,16,19304,29.3,HOEP (Legacy)
2019-09-11 16:00:00,2019,9,17,19717,36.04,HOEP (Legacy)
2019-09-11 17:00:00,2019,9,18,19398,29.79,HOEP (Legacy)
2019-09-11 18:00:00,2019,9,19,19328,30.03,HOEP (Legacy)
2019-09-11 19:00:00,2019,9,20,18982,28.22,HOEP (Legacy)
2019-09-11 20:00:00,2019,9,21,18274,29.44,HOEP (Legacy)
2019-09-11 21:00:00,2019,9,22,16824,25.8,HOEP (Legacy)
2019-09-11 22:00:00,2019,9,23,15326,36.78,HOEP (Legacy)
2019-09-11 23:00:00,2019,9,24,14277,21.21,HOEP (Legacy)
2019-09-12 00:00:00,2019,9,1,13479,9.69,HOEP (Legacy)
2019-09-12 01:00:00,2019,9,2,12927,11.41,HOEP (Legacy)
2019-09-12 02:00:00,2019,9,3,12550,2.76,HOEP (Legacy)
2019-09-12 03:00:00,2019,9,4,12480,0.0,HOEP (Legacy)
2019-09-12 04:00:00,2019,9,5,12805,-1.5,HOEP (Legacy)
2019-09-12 05:00:00,2019,9,6,13848,11.7,HOEP (Legacy)
2019-09-12 06:00:00,2019,9,7,15099,25.5,HOEP (Legacy)
2019-09-12 07:00:00,2019,9,8,15385,23.11,HOEP (Legacy)
2019-09-12 08:00:00,2019,9,9,15134,14.38,HOEP (Legacy)
2019-09-12 09:00:00,2019,9,10,14804,1.42,HOEP (Legacy)
2019-09-12 10:00:00,2019,9,11,15055,4.73,HOEP (Legacy)
2019-09-12 11:00:00,2019,9,12,15060,13.45,HOEP (Legacy)
2019-09-12 12:00:00,2019,9,13,15201,21.71,HOEP (Legacy)
2019-09-12 13:00:00,2019,9,14,15269,24.21,HOEP (Legacy)
2019-09-12 14:00:00,2019,9,15,15322,27.48,HOEP (Legacy)
2019-09-12 15:00:00,2019,9,16,15825,19.61,HOEP (Legacy)
2019-09-12 16:00:00,2019,9,17,16279,26.05,HOEP (Legacy)
2019-09-12 17:00:00,2019,9,18,16328,22.56,HOEP (Legacy)
2019-09-12 18:00:00,2019,9,19,16479,21.35,HOEP (Legacy)
2019-09-12 19:00:00,2019,9,20,16493,18.22,HOEP (Legacy)
2019-09-12 20:00:00,2019,9,21,15747,13.12,HOEP (Legacy)
2019-09-12 21:00:00,2019,9,22,14667,6.36,HOEP (Legacy)
2019-09-12 22:00:00,2019,9,23,13371,0.49,HOEP (Legacy)
2019-09-12 23:00:00,2019,9,24,12433,-0.04,HOEP (Legacy)
2019-09-13 00:00:00,2019,9,1,11744,0.0,HOEP (Legacy)
2019-09-13 01:00:00,2019,9,2,11435,-0.01,HOEP (Legacy)
2019-09-13 02:00:00,2019,9,3,11365,-0.05,HOEP (Legacy)
2019-09-13 03:00:00,2019,9,4,11559,0.0,HOEP (Legacy)
2019-09-13 04:00:00,2019,9,5,11907,0.0,HOEP (Legacy)
2019-09-13 05:00:00,2019,9,6,13028,0.0,HOEP (Legacy)
2019-09-13 06:00:00,2019,9,7,14184,0.47,HOEP (Legacy)
2019-09-13 07:00:00,2019,9,8,14654,0.0,HOEP (Legacy)
2019-09-13 08:00:00,2019,9,9,14589,6.16,HOEP (Legacy)
2019-09-13 09:00:00,2019,9,10,14724,6.49,HOEP (Legacy)
2019-09-13 10:00:00,2019,9,11,15038,9.62,HOEP (Legacy)
2019-09-13 11:00:00,2019,9,12,15161,18.46,HOEP (Legacy)
2019-09-13 12:00:00,2019,9,13,15329,16.79,HOEP (Legacy)
2019-09-13 13:00:00,2019,9,14,15432,16.31,HOEP (Legacy)
2019-09-13 14:00:00,2019,9,15,15502,5.78,HOEP (Legacy)
2019-09-13 15:00:00,2019,9,16,15948,9.66,HOEP (Legacy)
2019-09-13 16:00:00,2019,9,17,16266,10.24,HOEP (Legacy)
2019-09-13 17:00:00,2019,9,18,16189,5.76,HOEP (Legacy)
2019-09-13 18:00:00,2019,9,19,16253,3.11,HOEP (Legacy)
2019-09-13 19:00:00,2019,9,20,16303,3.86,HOEP (Legacy)
2019-09-13 20:00:00,2019,9,21,15639,2.7,HOEP (Legacy)
2019-09-13 21:00:00,2019,9,22,14675,1.42,HOEP (Legacy)
2019-09-13 22:00:00,2019,9,23,13675,5.3,HOEP (Legacy)
2019-09-13 23:00:00,2019,9,24,12789,0.0,HOEP (Legacy)
2019-09-14 00:00:00,2019,9,1,12238,0.0,HOEP (Legacy)
2019-09-14 01:00:00,2019,9,2,11820,0.0,HOEP (Legacy)
2019-09-14 02:00:00,2019,9,3,11561,0.0,HOEP (Legacy)
2019-09-14 03:00:00,2019,9,4,11501,0.0,HOEP (Legacy)
2019-09-14 04:00:00,2019,9,5,11555,0.0,HOEP (Legacy)
2019-09-14 05:00:00,2019,9,6,11876,0.0,HOEP (Legacy)
2019-09-14 06:00:00,2019,9,7,12300,0.0,HOEP (Legacy)
2019-09-14 07:00:00,2019,9,8,13036,2.25,HOEP (Legacy)
2019-09-14 08:00:00,2019,9,9,13553,0.46,HOEP (Legacy)
2019-09-14 09:00:00,2019,9,10,13923,2.07,HOEP (Legacy)
2019-09-14 10:00:00,2019,9,11,13981,0.0,HOEP (Legacy)
2019-09-14 11:00:00,2019,9,12,13914,0.0,HOEP (Legacy)
2019-09-14 12:00:00,2019,9,13,13856,0.0,HOEP (Legacy)
2019-09-14 13:00:00,2019,9,14,13800,0.0,HOEP (Legacy)
2019-09-14 14:00:00,2019,9,15,13787,2.2,HOEP (Legacy)
2019-09-14 15:00:00,2019,9,16,14265,8.01,HOEP (Legacy)
2019-09-14 16:00:00,2019,9,17,14754,15.13,HOEP (Legacy)
2019-09-14 17:00:00,2019,9,18,15078,29.68,HOEP (Legacy)
2019-09-14 18:00:00,2019,9,19,15121,23.19,HOEP (Legacy)
2019-09-14 19:00:00,2019,9,20,15026,9.16,HOEP (Legacy)
2019-09-14 20:00:00,2019,9,21,14423,8.33,HOEP (Legacy)
2019-09-14 21:00:00,2019,9,22,13658,14.61,HOEP (Legacy)
2019-09-14 22:00:00,2019,9,23,12787,10.28,HOEP (Legacy)
2019-09-14 23:00:00,2019,9,24,12082,6.28,HOEP (Legacy)
2019-09-15 00:00:00,2019,9,1,11584,7.14,HOEP (Legacy)
2019-09-15 01:00:00,2019,9,2,11278,0.46,HOEP (Legacy)
2019-09-15 02:00:00,2019,9,3,11076,2.52,HOEP (Legacy)
2019-09-15 03:00:00,2019,9,4,10990,-0.6,HOEP (Legacy)
2019-09-15 04:00:00,2019,9,5,11002,-3.44,HOEP (Legacy)
2019-09-15 05:00:00,2019,9,6,11233,5.65,HOEP (Legacy)
2019-09-15 06:00:00,2019,9,7,11531,4.21,HOEP (Legacy)
2019-09-15 07:00:00,2019,9,8,12162,7.27,HOEP (Legacy)
2019-09-15 08:00:00,2019,9,9,12774,15.7,HOEP (Legacy)
2019-09-15 09:00:00,2019,9,10,13327,36.48,HOEP (Legacy)
2019-09-15 10:00:00,2019,9,11,13880,81.6,HOEP (Legacy)
2019-09-15 11:00:00,2019,9,12,13957,21.38,HOEP (Legacy)
2019-09-15 12:00:00,2019,9,13,13987,14.4,HOEP (Legacy)
2019-09-15 13:00:00,2019,9,14,14009,11.68,HOEP (Legacy)
2019-09-15 14:00:00,2019,9,15,14038,5.86,HOEP (Legacy)
2019-09-15 15:00:00,2019,9,16,14338,4.43,HOEP (Legacy)
2019-09-15 16:00:00,2019,9,17,15049,13.96,HOEP (Legacy)
2019-09-15 17:00:00,2019,9,18,15215,23.44,HOEP (Legacy)
2019-09-15 18:00:00,2019,9,19,15390,58.13,HOEP (Legacy)
2019-09-15 19:00:00,2019,9,20,15375,19.45,HOEP (Legacy)
2019-09-15 20:00:00,2019,9,21,14826,16.92,HOEP (Legacy)
2019-09-15 21:00:00,2019,9,22,13954,6.49,HOEP (Legacy)
2019-09-15 22:00:00,2019,9,23,12933,6.85,HOEP (Legacy)
2019-09-15 23:00:00,2019,9,24,12230,5.68,HOEP (Legacy)
2019-09-16 00:00:00,2019,9,1,11819,3.97,HOEP (Legacy)
2019-09-16 01:00:00,2019,9,2,11581,7.58,HOEP (Legacy)
2019-09-16 02:00:00,2019,9,3,11482,10.48,HOEP (Legacy)
2019-09-16 03:00:00,2019,9,4,11607,13.81,HOEP (Legacy)
2019-09-16 04:00:00,2019,9,5,12125,13.06,HOEP (Legacy)
2019-09-16 05:00:00,2019,9,6,13501,21.32,HOEP (Legacy)
2019-09-16 06:00:00,2019,9,7,14714,27.49,HOEP (Legacy)
2019-09-16 07:00:00,2019,9,8,14996,14.4,HOEP (Legacy)
2019-09-16 08:00:00,2019,9,9,15041,24.59,HOEP (Legacy)
2019-09-16 09:00:00,2019,9,10,15171,24.59,HOEP (Legacy)
2019-09-16 10:00:00,2019,9,11,15199,24.61,HOEP (Legacy)
2019-09-16 11:00:00,2019,9,12,15200,24.19,HOEP (Legacy)
2019-09-16 12:00:00,2019,9,13,15296,23.32,HOEP (Legacy)
2019-09-16 13:00:00,2019,9,14,15298,14.75,HOEP (Legacy)
2019-09-16 14:00:00,2019,9,15,15376,22.01,HOEP (Legacy)
2019-09-16 15:00:00,2019,9,16,15703,24.3,HOEP (Legacy)
2019-09-16 16:00:00,2019,9,17,16192,24.96,HOEP (Legacy)
2019-09-16 17:00:00,2019,9,18,16372,25.39,HOEP (Legacy)
2019-09-16 18:00:00,2019,9,19,16665,25.5,HOEP (Legacy)
2019-09-16 19:00:00,2019,9,20,16607,24.66,HOEP (Legacy)
2019-09-16 20:00:00,2019,9,21,15809,22.65,HOEP (Legacy)
2019-09-16 21:00:00,2019,9,22,14759,20.52,HOEP (Legacy)
2019-09-16 22:00:00,2019,9,23,13583,19.72,HOEP (Legacy)
2019-09-16 23:00:00,2019,9,24,12748,9.71,HOEP (Legacy)
2019-09-17 00:00:00,2019,9,1,12336,7.92,HOEP (Legacy)
2019-09-17 01:00:00,2019,9,2,12031,12.24,HOEP (Legacy)
2019-09-17 02:00:00,2019,9,3,11869,6.65,HOEP (Legacy)
2019-09-17 03:00:00,2019,9,4,11891,1.91,HOEP (Legacy)
2019-09-17 04:00:00,2019,9,5,12182,10.74,HOEP (Legacy)
2019-09-17 05:00:00,2019,9,6,13474,56.7,HOEP (Legacy)
2019-09-17 06:00:00,2019,9,7,14578,30.55,HOEP (Legacy)
2019-09-17 07:00:00,2019,9,8,14740,22.83,HOEP (Legacy)
2019-09-17 08:00:00,2019,9,9,14580,18.35,HOEP (Legacy)
2019-09-17 09:00:00,2019,9,10,14749,24.94,HOEP (Legacy)
2019-09-17 10:00:00,2019,9,11,14952,25.24,HOEP (Legacy)
2019-09-17 11:00:00,2019,9,12,14968,24.94,HOEP (Legacy)
2019-09-17 12:00:00,2019,9,13,15149,24.82,HOEP (Legacy)
2019-09-17 13:00:00,2019,9,14,15239,20.94,HOEP (Legacy)
2019-09-17 14:00:00,2019,9,15,15468,18.81,HOEP (Legacy)
2019-09-17 15:00:00,2019,9,16,16174,24.71,HOEP (Legacy)
2019-09-17 16:00:00,2019,9,17,16719,32.8,HOEP (Legacy)
2019-09-17 17:00:00,2019,9,18,16885,29.21,HOEP (Legacy)
2019-09-17 18:00:00,2019,9,19,17003,26.63,HOEP (Legacy)
2019-09-17 19:00:00,2019,9,20,16801,25.96,HOEP (Legacy)
2019-09-17 20:00:00,2019,9,21,15825,21.94,HOEP (Legacy)
2019-09-17 21:00:00,2019,9,22,14688,16.41,HOEP (Legacy)
2019-09-17 22:00:00,2019,9,23,13533,8.96,HOEP (Legacy)
2019-09-17 23:00:00,2019,9,24,12693,6.12,HOEP (Legacy)
2019-09-18 00:00:00,2019,9,1,12042,4.36,HOEP (Legacy)
2019-09-18 01:00:00,2019,9,2,11675,0.0,HOEP (Legacy)
2019-09-18 02:00:00,2019,9,3,11509,0.0,HOEP (Legacy)
2019-09-18 03:00:00,2019,9,4,11545,0.0,HOEP (Legacy)
2019-09-18 04:00:00,2019,9,5,12035,2.63,HOEP (Legacy)
2019-09-18 05:00:00,2019,9,6,13312,12.14,HOEP (Legacy)
2019-09-18 06:00:00,2019,9,7,14443,23.76,HOEP (Legacy)
2019-09-18 07:00:00,2019,9,8,14393,0.0,HOEP (Legacy)
2019-09-18 08:00:00,2019,9,9,14411,22.98,HOEP (Legacy)
2019-09-18 09:00:00,2019,9,10,14704,23.25,HOEP (Legacy)
2019-09-18 10:00:00,2019,9,11,14771,15.3,HOEP (Legacy)
2019-09-18 11:00:00,2019,9,12,14898,20.42,HOEP (Legacy)
2019-09-18 12:00:00,2019,9,13,15245,24.85,HOEP (Legacy)
2019-09-18 13:00:00,2019,9,14,15400,23.64,HOEP (Legacy)
2019-09-18 14:00:00,2019,9,15,15753,25.43,HOEP (Legacy)
2019-09-18 15:00:00,2019,9,16,16330,30.1,HOEP (Legacy)
2019-09-18 16:00:00,2019,9,17,16960,41.11,HOEP (Legacy)
2019-09-18 17:00:00,2019,9,18,16881,28.09,HOEP (Legacy)
2019-09-18 18:00:00,2019,9,19,16914,25.35,HOEP (Legacy)
2019-09-18 19:00:00,2019,9,20,16690,19.92,HOEP (Legacy)
2019-09-18 20:00:00,2019,9,21,15772,10.61,HOEP (Legacy)
2019-09-18 21:00:00,2019,9,22,14461,5.6,HOEP (Legacy)
2019-09-18 22:00:00,2019,9,23,13269,0.0,HOEP (Legacy)
2019-09-18 23:00:00,2019,9,24,12375,0.0,HOEP (Legacy)
2019-09-19 00:00:00,2019,9,1,11957,0.0,HOEP (Legacy)
2019-09-19 01:00:00,2019,9,2,11521,-0.29,HOEP (Legacy)
2019-09-19 02:00:00,2019,9,3,11374,-0.12,HOEP (Legacy)
2019-09-19 03:00:00,2019,9,4,11475,-0.54,HOEP (Legacy)
2019-09-19 04:00:00,2019,9,5,11929,-0.29,HOEP (Legacy)
2019-09-19 05:00:00,2019,9,6,13239,2.09,HOEP (Legacy)
2019-09-19 06:00:00,2019,9,7,14456,9.38,HOEP (Legacy)
2019-09-19 07:00:00,2019,9,8,14720,4.63,HOEP (Legacy)
2019-09-19 08:00:00,2019,9,9,14719,13.96,HOEP (Legacy)
2019-09-19 09:00:00,2019,9,10,14946,12.71,HOEP (Legacy)
2019-09-19 10:00:00,2019,9,11,15077,19.13,HOEP (Legacy)
2019-09-19 11:00:00,2019,9,12,15195,20.29,HOEP (Legacy)
2019-09-19 12:00:00,2019,9,13,15523,20.29,HOEP (Legacy)
2019-09-19 13:00:00,2019,9,14,15643,25.04,HOEP (Legacy)
2019-09-19 14:00:00,2019,9,15,15820,25.56,HOEP (Legacy)
2019-09-19 15:00:00,2019,9,16,16283,25.97,HOEP (Legacy)
2019-09-19 16:00:00,2019,9,17,16667,27.43,HOEP (Legacy)
2019-09-19 17:00:00,2019,9,18,16706,24.6,HOEP (Legacy)
2019-09-19 18:00:00,2019,9,19,16979,26.22,HOEP (Legacy)
2019-09-19 19:00:00,2019,9,20,16796,23.25,HOEP (Legacy)
2019-09-19 20:00:00,2019,9,21,15991,18.7,HOEP (Legacy)
2019-09-19 21:00:00,2019,9,22,14736,9.47,HOEP (Legacy)
2019-09-19 22:00:00,2019,9,23,13515,2.7,HOEP (Legacy)
2019-09-19 23:00:00,2019,9,24,12520,0.46,HOEP (Legacy)
2019-09-20 00:00:00,2019,9,1,11946,0.0,HOEP (Legacy)
2019-09-20 01:00:00,2019,9,2,11746,0.0,HOEP (Legacy)
2019-09-20 02:00:00,2019,9,3,11573,0.0,HOEP (Legacy)
2019-09-20 03:00:00,2019,9,4,11533,0.0,HOEP (Legacy)
2019-09-20 04:00:00,2019,9,5,11972,0.28,HOEP (Legacy)
2019-09-20 05:00:00,2019,9,6,13237,21.76,HOEP (Legacy)
2019-09-20 06:00:00,2019,9,7,14480,24.18,HOEP (Legacy)
2019-09-20 07:00:00,2019,9,8,14814,22.16,HOEP (Legacy)
2019-09-20 08:00:00,2019,9,9,14979,22.94,HOEP (Legacy)
2019-09-20 09:00:00,2019,9,10,15362,25.27,HOEP (Legacy)
2019-09-20 10:00:00,2019,9,11,15411,25.32,HOEP (Legacy)
2019-09-20 11:00:00,2019,9,12,15650,25.28,HOEP (Legacy)
2019-09-20 12:00:00,2019,9,13,16084,25.99,HOEP (Legacy)
2019-09-20 13:00:00,2019,9,14,16452,26.87,HOEP (Legacy)
2019-09-20 14:00:00,2019,9,15,16731,27.41,HOEP (Legacy)
2019-09-20 15:00:00,2019,9,16,17132,26.8,HOEP (Legacy)
2019-09-20 16:00:00,2019,9,17,17482,27.72,HOEP (Legacy)
2019-09-20 17:00:00,2019,9,18,17326,25.78,HOEP (Legacy)
2019-09-20 18:00:00,2019,9,19,17238,25.93,HOEP (Legacy)
2019-09-20 19:00:00,2019,9,20,17116,24.77,HOEP (Legacy)
2019-09-20 20:00:00,2019,9,21,16265,24.97,HOEP (Legacy)
2019-09-20 21:00:00,2019,9,22,15236,24.01,HOEP (Legacy)
2019-09-20 22:00:00,2019,9,23,13968,26.87,HOEP (Legacy)
2019-09-20 23:00:00,2019,9,24,12972,10.67,HOEP (Legacy)
2019-09-21 00:00:00,2019,9,1,12437,5.16,HOEP (Legacy)
2019-09-21 01:00:00,2019,9,2,12003,13.33,HOEP (Legacy)
2019-09-21 02:00:00,2019,9,3,11781,11.64,HOEP (Legacy)
2019-09-21 03:00:00,2019,9,4,11611,13.33,HOEP (Legacy)
2019-09-21 04:00:00,2019,9,5,11730,12.14,HOEP (Legacy)
2019-09-21 05:00:00,2019,9,6,12285,12.78,HOEP (Legacy)
2019-09-21 06:00:00,2019,9,7,12777,19.52,HOEP (Legacy)
2019-09-21 07:00:00,2019,9,8,13466,19.27,HOEP (Legacy)
2019-09-21 08:00:00,2019,9,9,14105,21.6,HOEP (Legacy)
2019-09-21 09:00:00,2019,9,10,14828,23.45,HOEP (Legacy)
2019-09-21 10:00:00,2019,9,11,15355,23.64,HOEP (Legacy)
2019-09-21 11:00:00,2019,9,12,15807,24.26,HOEP (Legacy)
2019-09-21 12:00:00,2019,9,13,16032,24.66,HOEP (Legacy)
2019-09-21 13:00:00,2019,9,14,16322,24.04,HOEP (Legacy)
2019-09-21 14:00:00,2019,9,15,16632,24.38,HOEP (Legacy)
2019-09-21 15:00:00,2019,9,16,17166,25.61,HOEP (Legacy)
2019-09-21 16:00:00,2019,9,17,17633,26.23,HOEP (Legacy)
2019-09-21 17:00:00,2019,9,18,17525,27.19,HOEP (Legacy)
2019-09-21 18:00:00,2019,9,19,17137,23.39,HOEP (Legacy)
2019-09-21 19:00:00,2019,9,20,16673,21.81,HOEP (Legacy)
2019-09-21 20:00:00,2019,9,21,16014,20.33,HOEP (Legacy)
2019-09-21 21:00:00,2019,9,22,15029,15.73,HOEP (Legacy)
2019-09-21 22:00:00,2019,9,23,13931,2.63,HOEP (Legacy)
2019-09-21 23:00:00,2019,9,24,12982,0.0,HOEP (Legacy)
2019-09-22 00:00:00,2019,9,1,12545,0.0,HOEP (Legacy)
2019-09-22 01:00:00,2019,9,2,12104,0.0,HOEP (Legacy)
2019-09-22 02:00:00,2019,9,3,11931,0.0,HOEP (Legacy)
2019-09-22 03:00:00,2019,9,4,11804,0.0,HOEP (Legacy)
2019-09-22 04:00:00,2019,9,5,11902,0.0,HOEP (Legacy)
2019-09-22 05:00:00,2019,9,6,12158,0.0,HOEP (Legacy)
2019-09-22 06:00:00,2019,9,7,12640,0.0,HOEP (Legacy)
2019-09-22 07:00:00,2019,9,8,13514,5.35,HOEP (Legacy)
2019-09-22 08:00:00,2019,9,9,14359,2.83,HOEP (Legacy)
2019-09-22 09:00:00,2019,9,10,15156,6.76,HOEP (Legacy)
2019-09-22 10:00:00,2019,9,11,15980,9.15,HOEP (Legacy)
2019-09-22 11:00:00,2019,9,12,16497,13.36,HOEP (Legacy)
2019-09-22 12:00:00,2019,9,13,16759,5.82,HOEP (Legacy)
2019-09-22 13:00:00,2019,9,14,17067,8.67,HOEP (Legacy)
2019-09-22 14:00:00,2019,9,15,17397,15.21,HOEP (Legacy)
2019-09-22 15:00:00,2019,9,16,18132,22.89,HOEP (Legacy)
2019-09-22 16:00:00,2019,9,17,18803,42.89,HOEP (Legacy)
2019-09-22 17:00:00,2019,9,18,18672,23.42,HOEP (Legacy)
2019-09-22 18:00:00,2019,9,19,18539,22.2,HOEP (Legacy)
2019-09-22 19:00:00,2019,9,20,18224,21.86,HOEP (Legacy)
2019-09-22 20:00:00,2019,9,21,17466,18.08,HOEP (Legacy)
2019-09-22 21:00:00,2019,9,22,16325,12.11,HOEP (Legacy)
2019-09-22 22:00:00,2019,9,23,15050,3.69,HOEP (Legacy)
2019-09-22 23:00:00,2019,9,24,14039,0.0,HOEP (Legacy)
2019-09-23 00:00:00,2019,9,1,13408,0.88,HOEP (Legacy)
2019-09-23 01:00:00,2019,9,2,13065,0.0,HOEP (Legacy)
2019-09-23 02:00:00,2019,9,3,12933,0.0,HOEP (Legacy)
2019-09-23 03:00:00,2019,9,4,12737,0.0,HOEP (Legacy)
2019-09-23 04:00:00,2019,9,5,13156,0.0,HOEP (Legacy)
2019-09-23 05:00:00,2019,9,6,14648,8.67,HOEP (Legacy)
2019-09-23 06:00:00,2019,9,7,16187,25.16,HOEP (Legacy)
2019-09-23 07:00:00,2019,9,8,17055,26.87,HOEP (Legacy)
2019-09-23 08:00:00,2019,9,9,17442,35.4,HOEP (Legacy)
2019-09-23 09:00:00,2019,9,10,17602,26.42,HOEP (Legacy)
2019-09-23 10:00:00,2019,9,11,17680,26.46,HOEP (Legacy)
2019-09-23 11:00:00,2019,9,12,17543,26.26,HOEP (Legacy)
2019-09-23 12:00:00,2019,9,13,17387,25.63,HOEP (Legacy)
2019-09-23 13:00:00,2019,9,14,17370,24.42,HOEP (Legacy)
2019-09-23 14:00:00,2019,9,15,17513,24.2,HOEP (Legacy)
2019-09-23 15:00:00,2019,9,16,17756,22.38,HOEP (Legacy)
2019-09-23 16:00:00,2019,9,17,17806,20.82,HOEP (Legacy)
2019-09-23 17:00:00,2019,9,18,17573,21.3,HOEP (Legacy)
2019-09-23 18:00:00,2019,9,19,17717,21.88,HOEP (Legacy)
2019-09-23 19:00:00,2019,9,20,17344,21.82,HOEP (Legacy)
2019-09-23 20:00:00,2019,9,21,16361,21.19,HOEP (Legacy)
2019-09-23 21:00:00,2019,9,22,15128,7.27,HOEP (Legacy)
2019-09-23 22:00:00,2019,9,23,13662,0.96,HOEP (Legacy)
2019-09-23 23:00:00,2019,9,24,12863,6.28,HOEP (Legacy)
2019-09-24 00:00:00,2019,9,1,12307,14.35,HOEP (Legacy)
2019-09-24 01:00:00,2019,9,2,12054,14.36,HOEP (Legacy)
2019-09-24 02:00:00,2019,9,3,11993,10.9,HOEP (Legacy)
2019-09-24 03:00:00,2019,9,4,12035,7.26,HOEP (Legacy)
2019-09-24 04:00:00,2019,9,5,12496,3.34,HOEP (Legacy)
2019-09-24 05:00:00,2019,9,6,13669,19.74,HOEP (Legacy)
2019-09-24 06:00:00,2019,9,7,14843,22.32,HOEP (Legacy)
2019-09-24 07:00:00,2019,9,8,15056,22.63,HOEP (Legacy)
2019-09-24 08:00:00,2019,9,9,15184,22.62,HOEP (Legacy)
2019-09-24 09:00:00,2019,9,10,15274,22.62,HOEP (Legacy)
2019-09-24 10:00:00,2019,9,11,15278,22.61,HOEP (Legacy)
2019-09-24 11:00:00,2019,9,12,15309,22.62,HOEP (Legacy)
2019-09-24 12:00:00,2019,9,13,15491,20.99,HOEP (Legacy)
2019-09-24 13:00:00,2019,9,14,15583,15.98,HOEP (Legacy)
2019-09-24 14:00:00,2019,9,15,15599,17.45,HOEP (Legacy)
2019-09-24 15:00:00,2019,9,16,16051,19.37,HOEP (Legacy)
2019-09-24 16:00:00,2019,9,17,16441,21.65,HOEP (Legacy)
2019-09-24 17:00:00,2019,9,18,16585,20.63,HOEP (Legacy)
2019-09-24 18:00:00,2019,9,19,16888,25.21,HOEP (Legacy)
2019-09-24 19:00:00,2019,9,20,16686,21.28,HOEP (Legacy)
2019-09-24 20:00:00,2019,9,21,15856,22.64,HOEP (Legacy)
2019-09-24 21:00:00,2019,9,22,14625,11.34,HOEP (Legacy)
2019-09-24 22:00:00,2019,9,23,13392,3.35,HOEP (Legacy)
2019-09-24 23:00:00,2019,9,24,12477,0.0,HOEP (Legacy)
2019-09-25 00:00:00,2019,9,1,12070,0.0,HOEP (Legacy)
2019-09-25 01:00:00,2019,9,2,11791,0.0,HOEP (Legacy)
2019-09-25 02:00:00,2019,9,3,11586,0.0,HOEP (Legacy)
2019-09-25 03:00:00,2019,9,4,11575,0.0,HOEP (Legacy)
2019-09-25 04:00:00,2019,9,5,11998,0.0,HOEP (Legacy)
2019-09-25 05:00:00,2019,9,6,13240,0.0,HOEP (Legacy)
2019-09-25 06:00:00,2019,9,7,14477,1.77,HOEP (Legacy)
2019-09-25 07:00:00,2019,9,8,14687,3.91,HOEP (Legacy)
2019-09-25 08:00:00,2019,9,9,14792,0.0,HOEP (Legacy)
2019-09-25 09:00:00,2019,9,10,15082,0.0,HOEP (Legacy)
2019-09-25 10:00:00,2019,9,11,15184,0.0,HOEP (Legacy)
2019-09-25 11:00:00,2019,9,12,15365,0.0,HOEP (Legacy)
2019-09-25 12:00:00,2019,9,13,15678,0.0,HOEP (Legacy)
2019-09-25 13:00:00,2019,9,14,15850,0.0,HOEP (Legacy)
2019-09-25 14:00:00,2019,9,15,16092,2.86,HOEP (Legacy)
2019-09-25 15:00:00,2019,9,16,16441,5.33,HOEP (Legacy)
2019-09-25 16:00:00,2019,9,17,16744,6.73,HOEP (Legacy)
2019-09-25 17:00:00,2019,9,18,16735,7.81,HOEP (Legacy)
2019-09-25 18:00:00,2019,9,19,17430,14.98,HOEP (Legacy)
2019-09-25 19:00:00,2019,9,20,17262,13.48,HOEP (Legacy)
2019-09-25 20:00:00,2019,9,21,16403,10.4,HOEP (Legacy)
2019-09-25 21:00:00,2019,9,22,15236,6.56,HOEP (Legacy)
2019-09-25 22:00:00,2019,9,23,14079,10.85,HOEP (Legacy)
2019-09-25 23:00:00,2019,9,24,13259,12.71,HOEP (Legacy)
2019-09-26 00:00:00,2019,9,1,12648,3.81,HOEP (Legacy)
2019-09-26 01:00:00,2019,9,2,12446,5.63,HOEP (Legacy)
2019-09-26 02:00:00,2019,9,3,12270,5.84,HOEP (Legacy)
2019-09-26 03:00:00,2019,9,4,12240,12.93,HOEP (Legacy)
2019-09-26 04:00:00,2019,9,5,12684,5.86,HOEP (Legacy)
2019-09-26 05:00:00,2019,9,6,13935,5.67,HOEP (Legacy)
2019-09-26 06:00:00,2019,9,7,15153,15.68,HOEP (Legacy)
2019-09-26 07:00:00,2019,9,8,15625,8.09,HOEP (Legacy)
2019-09-26 08:00:00,2019,9,9,15748,15.85,HOEP (Legacy)
2019-09-26 09:00:00,2019,9,10,15423,8.43,HOEP (Legacy)
2019-09-26 10:00:00,2019,9,11,15175,1.33,HOEP (Legacy)
2019-09-26 11:00:00,2019,9,12,15201,7.14,HOEP (Legacy)
2019-09-26 12:00:00,2019,9,13,15169,0.0,HOEP (Legacy)
2019-09-26 13:00:00,2019,9,14,14838,0.0,HOEP (Legacy)
2019-09-26 14:00:00,2019,9,15,14919,0.0,HOEP (Legacy)
2019-09-26 15:00:00,2019,9,16,15418,5.86,HOEP (Legacy)
2019-09-26 16:00:00,2019,9,17,16035,17.2,HOEP (Legacy)
2019-09-26 17:00:00,2019,9,18,16244,130.12,HOEP (Legacy)
2019-09-26 18:00:00,2019,9,19,16350,174.0,HOEP (Legacy)
2019-09-26 19:00:00,2019,9,20,16188,34.13,HOEP (Legacy)
2019-09-26 20:00:00,2019,9,21,15478,18.63,HOEP (Legacy)
2019-09-26 21:00:00,2019,9,22,14383,12.49,HOEP (Legacy)
2019-09-26 22:00:00,2019,9,23,13250,12.48,HOEP (Legacy)
2019-09-26 23:00:00,2019,9,24,12446,7.39,HOEP (Legacy)
2019-09-27 00:00:00,2019,9,1,11977,3.16,HOEP (Legacy)
2019-09-27 01:00:00,2019,9,2,11675,5.76,HOEP (Legacy)
2019-09-27 02:00:00,2019,9,3,11551,5.75,HOEP (Legacy)
2019-09-27 03:00:00,2019,9,4,11556,1.25,HOEP (Legacy)
2019-09-27 04:00:00,2019,9,5,12045,-0.18,HOEP (Legacy)
2019-09-27 05:00:00,2019,9,6,13250,5.46,HOEP (Legacy)
2019-09-27 06:00:00,2019,9,7,14338,9.17,HOEP (Legacy)
2019-09-27 07:00:00,2019,9,8,14585,0.0,HOEP (Legacy)
2019-09-27 08:00:00,2019,9,9,14554,0.0,HOEP (Legacy)
2019-09-27 09:00:00,2019,9,10,14430,0.0,HOEP (Legacy)
2019-09-27 10:00:00,2019,9,11,14385,0.0,HOEP (Legacy)
2019-09-27 11:00:00,2019,9,12,14340,0.0,HOEP (Legacy)
2019-09-27 12:00:00,2019,9,13,14679,0.0,HOEP (Legacy)
2019-09-27 13:00:00,2019,9,14,14794,0.0,HOEP (Legacy)
2019-09-27 14:00:00,2019,9,15,14793,2.9,HOEP (Legacy)
2019-09-27 15:00:00,2019,9,16,15344,11.04,HOEP (Legacy)
2019-09-27 16:00:00,2019,9,17,15711,16.08,HOEP (Legacy)
2019-09-27 17:00:00,2019,9,18,15577,5.89,HOEP (Legacy)
2019-09-27 18:00:00,2019,9,19,15880,0.0,HOEP (Legacy)
2019-09-27 19:00:00,2019,9,20,15558,2.29,HOEP (Legacy)
2019-09-27 20:00:00,2019,9,21,14964,0.49,HOEP (Legacy)
2019-09-27 21:00:00,2019,9,22,14061,0.47,HOEP (Legacy)
2019-09-27 22:00:00,2019,9,23,13014,0.0,HOEP (Legacy)
2019-09-27 23:00:00,2019,9,24,12238,0.0,HOEP (Legacy)
2019-09-28 00:00:00,2019,9,1,11861,1.24,HOEP (Legacy)
2019-09-28 01:00:00,2019,9,2,11432,0.0,HOEP (Legacy)
2019-09-28 02:00:00,2019,9,3,11385,0.0,HOEP (Legacy)
2019-09-28 03:00:00,2019,9,4,11384,0.0,HOEP (Legacy)
2019-09-28 04:00:00,2019,9,5,11556,0.77,HOEP (Legacy)
2019-09-28 05:00:00,2019,9,6,12026,8.48,HOEP (Legacy)
2019-09-28 06:00:00,2019,9,7,12747,11.88,HOEP (Legacy)
2019-09-28 07:00:00,2019,9,8,13620,18.96,HOEP (Legacy)
2019-09-28 08:00:00,2019,9,9,14419,20.21,HOEP (Legacy)
2019-09-28 09:00:00,2019,9,10,14960,13.47,HOEP (Legacy)
2019-09-28 10:00:00,2019,9,11,15032,16.97,HOEP (Legacy)
2019-09-28 11:00:00,2019,9,12,15069,12.79,HOEP (Legacy)
2019-09-28 12:00:00,2019,9,13,14974,14.06,HOEP (Legacy)
2019-09-28 13:00:00,2019,9,14,14699,13.37,HOEP (Legacy)
2019-09-28 14:00:00,2019,9,15,14587,12.83,HOEP (Legacy)
2019-09-28 15:00:00,2019,9,16,14557,13.56,HOEP (Legacy)
2019-09-28 16:00:00,2019,9,17,14673,14.12,HOEP (Legacy)
2019-09-28 17:00:00,2019,9,18,14632,12.76,HOEP (Legacy)
2019-09-28 18:00:00,2019,9,19,14867,12.94,HOEP (Legacy)
2019-09-28 19:00:00,2019,9,20,14569,14.51,HOEP (Legacy)
2019-09-28 20:00:00,2019,9,21,13940,5.84,HOEP (Legacy)
2019-09-28 21:00:00,2019,9,22,13179,7.2,HOEP (Legacy)
2019-09-28 22:00:00,2019,9,23,12326,3.31,HOEP (Legacy)
2019-09-28 23:00:00,2019,9,24,11610,2.85,HOEP (Legacy)
2019-09-29 00:00:00,2019,9,1,11124,0.47,HOEP (Legacy)
2019-09-29 01:00:00,2019,9,2,10787,0.0,HOEP (Legacy)
2019-09-29 02:00:00,2019,9,3,10621,-0.03,HOEP (Legacy)
2019-09-29 03:00:00,2019,9,4,10477,-3.83,HOEP (Legacy)
2019-09-29 04:00:00,2019,9,5,10497,-1.02,HOEP (Legacy)
2019-09-29 05:00:00,2019,9,6,10955,-0.27,HOEP (Legacy)
2019-09-29 06:00:00,2019,9,7,11489,-1.25,HOEP (Legacy)
2019-09-29 07:00:00,2019,9,8,11859,-0.04,HOEP (Legacy)
2019-09-29 08:00:00,2019,9,9,12204,0.0,HOEP (Legacy)
2019-09-29 09:00:00,2019,9,10,12437,0.0,HOEP (Legacy)
2019-09-29 10:00:00,2019,9,11,12548,-0.33,HOEP (Legacy)
2019-09-29 11:00:00,2019,9,12,12508,-0.03,HOEP (Legacy)
2019-09-29 12:00:00,2019,9,13,12564,0.0,HOEP (Legacy)
2019-09-29 13:00:00,2019,9,14,12695,4.39,HOEP (Legacy)
2019-09-29 14:00:00,2019,9,15,13137,0.86,HOEP (Legacy)
2019-09-29 15:00:00,2019,9,16,13741,4.87,HOEP (Legacy)
2019-09-29 16:00:00,2019,9,17,14414,6.06,HOEP (Legacy)
2019-09-29 17:00:00,2019,9,18,14474,7.19,HOEP (Legacy)
2019-09-29 18:00:00,2019,9,19,15125,15.14,HOEP (Legacy)
2019-09-29 19:00:00,2019,9,20,14729,30.15,HOEP (Legacy)
2019-09-29 20:00:00,2019,9,21,14195,9.07,HOEP (Legacy)
2019-09-29 21:00:00,2019,9,22,13277,2.4,HOEP (Legacy)
2019-09-29 22:00:00,2019,9,23,12373,0.92,HOEP (Legacy)
2019-09-29 23:00:00,2019,9,24,11703,0.0,HOEP (Legacy)
2019-09-30 00:00:00,2019,9,1,11337,-1.68,HOEP (Legacy)
2019-09-30 01:00:00,2019,9,2,11146,-3.0,HOEP (Legacy)
2019-09-30 02:00:00,2019,9,3,11118,-3.0,HOEP (Legacy)
2019-09-30 03:00:00,2019,9,4,11232,-3.18,HOEP (Legacy)
2019-09-30 04:00:00,2019,9,5,11763,-1.52,HOEP (Legacy)
2019-09-30 05:00:00,2019,9,6,13010,1.39,HOEP (Legacy)
2019-09-30 06:00:00,2019,9,7,14374,9.75,HOEP (Legacy)
2019-09-30 07:00:00,2019,9,8,14972,5.98,HOEP (Legacy)
2019-09-30 08:00:00,2019,9,9,14882,12.79,HOEP (Legacy)
2019-09-30 09:00:00,2019,9,10,14593,6.12,HOEP (Legacy)
2019-09-30 10:00:00,2019,9,11,14376,12.22,HOEP (Legacy)
2019-09-30 11:00:00,2019,9,12,14277,18.85,HOEP (Legacy)
2019-09-30 12:00:00,2019,9,13,14454,17.86,HOEP (Legacy)
2019-09-30 13:00:00,2019,9,14,14711,20.07,HOEP (Legacy)
2019-09-30 14:00:00,2019,9,15,14909,11.76,HOEP (Legacy)
2019-09-30 15:00:00,2019,9,16,15342,14.42,HOEP (Legacy)
2019-09-30 16:00:00,2019,9,17,15870,15.87,HOEP (Legacy)
2019-09-30 17:00:00,2019,9,18,16189,19.95,HOEP (Legacy)
2019-09-30 18:00:00,2019,9,19,16711,15.99,HOEP (Legacy)
2019-09-30 19:00:00,2019,9,20,16263,9.57,HOEP (Legacy)
2019-09-30 20:00:00,2019,9,21,15394,8.34,HOEP (Legacy)
2019-09-30 21:00:00,2019,9,22,14315,7.66,HOEP (Legacy)
2019-09-30 22:00:00,2019,9,23,13240,1.93,HOEP (Legacy)
2019-09-30 23:00:00,2019,9,24,12310,-0.01,HOEP (Legacy)
2019-10-01 00:00:00,2019,10,1,11837,-0.06,HOEP (Legacy)
2019-10-01 01:00:00,2019,10,2,11578,-2.29,HOEP (Legacy)
2019-10-01 02:00:00,2019,10,3,11443,-3.0,HOEP (Legacy)
2019-10-01 03:00:00,2019,10,4,11491,-2.93,HOEP (Legacy)
2019-10-01 04:00:00,2019,10,5,11964,-0.81,HOEP (Legacy)
2019-10-01 05:00:00,2019,10,6,13339,-0.44,HOEP (Legacy)
2019-10-01 06:00:00,2019,10,7,14751,2.86,HOEP (Legacy)
2019-10-01 07:00:00,2019,10,8,15087,2.84,HOEP (Legacy)
2019-10-01 08:00:00,2019,10,9,15771,39.47,HOEP (Legacy)
2019-10-01 09:00:00,2019,10,10,16074,26.91,HOEP (Legacy)
2019-10-01 10:00:00,2019,10,11,16462,13.16,HOEP (Legacy)
2019-10-01 11:00:00,2019,10,12,16849,19.83,HOEP (Legacy)
2019-10-01 12:00:00,2019,10,13,17658,19.85,HOEP (Legacy)
2019-10-01 13:00:00,2019,10,14,18036,19.97,HOEP (Legacy)
2019-10-01 14:00:00,2019,10,15,18088,21.43,HOEP (Legacy)
2019-10-01 15:00:00,2019,10,16,18329,20.0,HOEP (Legacy)
2019-10-01 16:00:00,2019,10,17,18089,19.83,HOEP (Legacy)
2019-10-01 17:00:00,2019,10,18,17844,20.1,HOEP (Legacy)
2019-10-01 18:00:00,2019,10,19,18002,19.96,HOEP (Legacy)
2019-10-01 19:00:00,2019,10,20,17664,19.5,HOEP (Legacy)
2019-10-01 20:00:00,2019,10,21,16926,15.7,HOEP (Legacy)
2019-10-01 21:00:00,2019,10,22,15664,16.11,HOEP (Legacy)
2019-10-01 22:00:00,2019,10,23,14376,7.96,HOEP (Legacy)
2019-10-01 23:00:00,2019,10,24,13403,4.58,HOEP (Legacy)
2019-10-02 00:00:00,2019,10,1,12759,-0.96,HOEP (Legacy)
2019-10-02 01:00:00,2019,10,2,12305,-0.07,HOEP (Legacy)
2019-10-02 02:00:00,2019,10,3,12126,5.27,HOEP (Legacy)
2019-10-02 03:00:00,2019,10,4,12253,17.41,HOEP (Legacy)
2019-10-02 04:00:00,2019,10,5,12776,-1.61,HOEP (Legacy)
2019-10-02 05:00:00,2019,10,6,14103,9.49,HOEP (Legacy)
2019-10-02 06:00:00,2019,10,7,15351,17.38,HOEP (Legacy)
2019-10-02 07:00:00,2019,10,8,15745,19.28,HOEP (Legacy)
2019-10-02 08:00:00,2019,10,9,15832,19.64,HOEP (Legacy)
2019-10-02 09:00:00,2019,10,10,15981,16.97,HOEP (Legacy)
2019-10-02 10:00:00,2019,10,11,16034,19.72,HOEP (Legacy)
2019-10-02 11:00:00,2019,10,12,15670,14.93,HOEP (Legacy)
2019-10-02 12:00:00,2019,10,13,15305,13.72,HOEP (Legacy)
2019-10-02 13:00:00,2019,10,14,15271,1.93,HOEP (Legacy)
2019-10-02 14:00:00,2019,10,15,15125,0.49,HOEP (Legacy)
2019-10-02 15:00:00,2019,10,16,15506,36.22,HOEP (Legacy)
2019-10-02 16:00:00,2019,10,17,15886,16.25,HOEP (Legacy)
2019-10-02 17:00:00,2019,10,18,15885,5.95,HOEP (Legacy)
2019-10-02 18:00:00,2019,10,19,16189,5.94,HOEP (Legacy)
2019-10-02 19:00:00,2019,10,20,15768,12.32,HOEP (Legacy)
2019-10-02 20:00:00,2019,10,21,15096,12.21,HOEP (Legacy)
2019-10-02 21:00:00,2019,10,22,14046,5.1,HOEP (Legacy)
2019-10-02 22:00:00,2019,10,23,12942,0.47,HOEP (Legacy)
2019-10-02 23:00:00,2019,10,24,12149,-0.3,HOEP (Legacy)
2019-10-03 00:00:00,2019,10,1,11622,-2.46,HOEP (Legacy)
2019-10-03 01:00:00,2019,10,2,11402,-3.0,HOEP (Legacy)
2019-10-03 02:00:00,2019,10,3,11275,-3.0,HOEP (Legacy)
2019-10-03 03:00:00,2019,10,4,11331,-3.0,HOEP (Legacy)
2019-10-03 04:00:00,2019,10,5,11834,-0.32,HOEP (Legacy)
2019-10-03 05:00:00,2019,10,6,13109,-0.03,HOEP (Legacy)
2019-10-03 06:00:00,2019,10,7,14599,5.46,HOEP (Legacy)
2019-10-03 07:00:00,2019,10,8,15093,5.62,HOEP (Legacy)
2019-10-03 08:00:00,2019,10,9,15256,19.01,HOEP (Legacy)
2019-10-03 09:00:00,2019,10,10,15424,44.66,HOEP (Legacy)
2019-10-03 10:00:00,2019,10,11,15528,62.82,HOEP (Legacy)
2019-10-03 11:00:00,2019,10,12,15408,14.51,HOEP (Legacy)
2019-10-03 12:00:00,2019,10,13,15344,22.14,HOEP (Legacy)
2019-10-03 13:00:00,2019,10,14,15440,80.49,HOEP (Legacy)
2019-10-03 14:00:00,2019,10,15,15532,14.38,HOEP (Legacy)
2019-10-03 15:00:00,2019,10,16,15751,17.01,HOEP (Legacy)
2019-10-03 16:00:00,2019,10,17,15920,2.46,HOEP (Legacy)
2019-10-03 17:00:00,2019,10,18,16115,2.84,HOEP (Legacy)
2019-10-03 18:00:00,2019,10,19,16545,7.42,HOEP (Legacy)
2019-10-03 19:00:00,2019,10,20,16205,9.46,HOEP (Legacy)
2019-10-03 20:00:00,2019,10,21,15517,5.37,HOEP (Legacy)
2019-10-03 21:00:00,2019,10,22,14245,0.48,HOEP (Legacy)
2019-10-03 22:00:00,2019,10,23,13102,0.0,HOEP (Legacy)
2019-10-03 23:00:00,2019,10,24,12523,0.0,HOEP (Legacy)
2019-10-04 00:00:00,2019,10,1,12049,-0.08,HOEP (Legacy)
2019-10-04 01:00:00,2019,10,2,11708,-2.16,HOEP (Legacy)
2019-10-04 02:00:00,2019,10,3,11610,-0.08,HOEP (Legacy)
2019-10-04 03:00:00,2019,10,4,11678,0.0,HOEP (Legacy)
2019-10-04 04:00:00,2019,10,5,12091,0.0,HOEP (Legacy)
2019-10-04 05:00:00,2019,10,6,13364,2.86,HOEP (Legacy)
2019-10-04 06:00:00,2019,10,7,14743,16.19,HOEP (Legacy)
2019-10-04 07:00:00,2019,10,8,14999,14.67,HOEP (Legacy)
2019-10-04 08:00:00,2019,10,9,14966,15.01,HOEP (Legacy)
2019-10-04 09:00:00,2019,10,10,14990,14.39,HOEP (Legacy)
2019-10-04 10:00:00,2019,10,11,14942,15.32,HOEP (Legacy)
2019-10-04 11:00:00,2019,10,12,14900,21.82,HOEP (Legacy)
2019-10-04 12:00:00,2019,10,13,14920,18.62,HOEP (Legacy)
2019-10-04 13:00:00,2019,10,14,14561,5.43,HOEP (Legacy)
2019-10-04 14:00:00,2019,10,15,14328,5.85,HOEP (Legacy)
2019-10-04 15:00:00,2019,10,16,14529,8.97,HOEP (Legacy)
2019-10-04 16:00:00,2019,10,17,14922,12.31,HOEP (Legacy)
2019-10-04 17:00:00,2019,10,18,15335,8.07,HOEP (Legacy)
2019-10-04 18:00:00,2019,10,19,15882,18.41,HOEP (Legacy)
2019-10-04 19:00:00,2019,10,20,15900,18.51,HOEP (Legacy)
2019-10-04 20:00:00,2019,10,21,15292,23.51,HOEP (Legacy)
2019-10-04 21:00:00,2019,10,22,14416,17.02,HOEP (Legacy)
2019-10-04 22:00:00,2019,10,23,13272,4.28,HOEP (Legacy)
2019-10-04 23:00:00,2019,10,24,12566,4.58,HOEP (Legacy)
2019-10-05 00:00:00,2019,10,1,12038,2.39,HOEP (Legacy)
2019-10-05 01:00:00,2019,10,2,11750,0.0,HOEP (Legacy)
2019-10-05 02:00:00,2019,10,3,11547,-0.59,HOEP (Legacy)
2019-10-05 03:00:00,2019,10,4,11472,-0.34,HOEP (Legacy)
2019-10-05 04:00:00,2019,10,5,11642,-0.16,HOEP (Legacy)
2019-10-05 05:00:00,2019,10,6,12156,-0.02,HOEP (Legacy)
2019-10-05 06:00:00,2019,10,7,12911,0.0,HOEP (Legacy)
2019-10-05 07:00:00,2019,10,8,13417,0.47,HOEP (Legacy)
2019-10-05 08:00:00,2019,10,9,13534,0.0,HOEP (Legacy)
2019-10-05 09:00:00,2019,10,10,13414,0.0,HOEP (Legacy)
2019-10-05 10:00:00,2019,10,11,13296,0.0,HOEP (Legacy)
2019-10-05 11:00:00,2019,10,12,12964,0.0,HOEP (Legacy)
2019-10-05 12:00:00,2019,10,13,12635,-0.09,HOEP (Legacy)
2019-10-05 13:00:00,2019,10,14,12493,-3.0,HOEP (Legacy)
2019-10-05 14:00:00,2019,10,15,12646,-0.83,HOEP (Legacy)
2019-10-05 15:00:00,2019,10,16,13140,0.0,HOEP (Legacy)
2019-10-05 16:00:00,2019,10,17,13859,0.47,HOEP (Legacy)
2019-10-05 17:00:00,2019,10,18,14320,0.96,HOEP (Legacy)
2019-10-05 18:00:00,2019,10,19,14690,5.83,HOEP (Legacy)
2019-10-05 19:00:00,2019,10,20,14349,5.35,HOEP (Legacy)
2019-10-05 20:00:00,2019,10,21,13826,2.39,HOEP (Legacy)
2019-10-05 21:00:00,2019,10,22,13164,0.0,HOEP (Legacy)
2019-10-05 22:00:00,2019,10,23,12503,0.0,HOEP (Legacy)
2019-10-05 23:00:00,2019,10,24,11771,-0.41,HOEP (Legacy)
2019-10-06 00:00:00,2019,10,1,11201,-3.0,HOEP (Legacy)
2019-10-06 01:00:00,2019,10,2,10902,-3.0,HOEP (Legacy)
2019-10-06 02:00:00,2019,10,3,10792,-3.0,HOEP (Legacy)
2019-10-06 03:00:00,2019,10,4,10739,-3.28,HOEP (Legacy)
2019-10-06 04:00:00,2019,10,5,10878,-3.83,HOEP (Legacy)
2019-10-06 05:00:00,2019,10,6,11250,-3.0,HOEP (Legacy)
2019-10-06 06:00:00,2019,10,7,11841,-2.52,HOEP (Legacy)
2019-10-06 07:00:00,2019,10,8,12548,0.0,HOEP (Legacy)
2019-10-06 08:00:00,2019,10,9,13349,0.0,HOEP (Legacy)
2019-10-06 09:00:00,2019,10,10,13757,0.0,HOEP (Legacy)
2019-10-06 10:00:00,2019,10,11,13943,0.0,HOEP (Legacy)
2019-10-06 11:00:00,2019,10,12,13834,0.0,HOEP (Legacy)
2019-10-06 12:00:00,2019,10,13,13585,0.0,HOEP (Legacy)
2019-10-06 13:00:00,2019,10,14,13472,0.0,HOEP (Legacy)
2019-10-06 14:00:00,2019,10,15,13504,0.0,HOEP (Legacy)
2019-10-06 15:00:00,2019,10,16,13872,0.47,HOEP (Legacy)
2019-10-06 16:00:00,2019,10,17,14548,19.91,HOEP (Legacy)
2019-10-06 17:00:00,2019,10,18,14914,62.96,HOEP (Legacy)
2019-10-06 18:00:00,2019,10,19,15279,90.58,HOEP (Legacy)
2019-10-06 19:00:00,2019,10,20,14910,16.38,HOEP (Legacy)
2019-10-06 20:00:00,2019,10,21,14316,10.65,HOEP (Legacy)
2019-10-06 21:00:00,2019,10,22,13445,3.45,HOEP (Legacy)
2019-10-06 22:00:00,2019,10,23,12445,0.0,HOEP (Legacy)
2019-10-06 23:00:00,2019,10,24,11705,-0.64,HOEP (Legacy)
2019-10-07 00:00:00,2019,10,1,11313,-2.2,HOEP (Legacy)
2019-10-07 01:00:00,2019,10,2,11127,-3.0,HOEP (Legacy)
2019-10-07 02:00:00,2019,10,3,11089,-3.0,HOEP (Legacy)
2019-10-07 03:00:00,2019,10,4,11190,-2.76,HOEP (Legacy)
2019-10-07 04:00:00,2019,10,5,11724,-0.49,HOEP (Legacy)
2019-10-07 05:00:00,2019,10,6,13162,6.02,HOEP (Legacy)
2019-10-07 06:00:00,2019,10,7,14635,19.54,HOEP (Legacy)
2019-10-07 07:00:00,2019,10,8,14963,15.59,HOEP (Legacy)
2019-10-07 08:00:00,2019,10,9,15008,21.75,HOEP (Legacy)
2019-10-07 09:00:00,2019,10,10,14965,21.27,HOEP (Legacy)
2019-10-07 10:00:00,2019,10,11,14789,0.0,HOEP (Legacy)
2019-10-07 11:00:00,2019,10,12,14596,5.94,HOEP (Legacy)
2019-10-07 12:00:00,2019,10,13,14630,12.92,HOEP (Legacy)
2019-10-07 13:00:00,2019,10,14,14638,8.63,HOEP (Legacy)
2019-10-07 14:00:00,2019,10,15,14705,9.21,HOEP (Legacy)
2019-10-07 15:00:00,2019,10,16,15090,9.81,HOEP (Legacy)
2019-10-07 16:00:00,2019,10,17,15611,14.23,HOEP (Legacy)
2019-10-07 17:00:00,2019,10,18,15964,12.18,HOEP (Legacy)
2019-10-07 18:00:00,2019,10,19,16354,14.02,HOEP (Legacy)
2019-10-07 19:00:00,2019,10,20,16103,12.08,HOEP (Legacy)
2019-10-07 20:00:00,2019,10,21,15382,13.4,HOEP (Legacy)
2019-10-07 21:00:00,2019,10,22,14317,13.06,HOEP (Legacy)
2019-10-07 22:00:00,2019,10,23,13232,10.55,HOEP (Legacy)
2019-10-07 23:00:00,2019,10,24,12584,6.62,HOEP (Legacy)
2019-10-08 00:00:00,2019,10,1,12195,3.88,HOEP (Legacy)
2019-10-08 01:00:00,2019,10,2,11949,1.27,HOEP (Legacy)
2019-10-08 02:00:00,2019,10,3,11823,0.0,HOEP (Legacy)
2019-10-08 03:00:00,2019,10,4,11837,0.0,HOEP (Legacy)
2019-10-08 04:00:00,2019,10,5,12357,-0.19,HOEP (Legacy)
2019-10-08 05:00:00,2019,10,6,13546,-0.81,HOEP (Legacy)
2019-10-08 06:00:00,2019,10,7,14892,10.77,HOEP (Legacy)
2019-10-08 07:00:00,2019,10,8,14826,4.21,HOEP (Legacy)
2019-10-08 08:00:00,2019,10,9,14511,12.18,HOEP (Legacy)
2019-10-08 09:00:00,2019,10,10,14182,14.19,HOEP (Legacy)
2019-10-08 10:00:00,2019,10,11,14076,11.57,HOEP (Legacy)
2019-10-08 11:00:00,2019,10,12,13956,11.57,HOEP (Legacy)
2019-10-08 12:00:00,2019,10,13,14039,14.35,HOEP (Legacy)
2019-10-08 13:00:00,2019,10,14,14081,13.36,HOEP (Legacy)
2019-10-08 14:00:00,2019,10,15,14340,14.39,HOEP (Legacy)
2019-10-08 15:00:00,2019,10,16,14915,24.49,HOEP (Legacy)
2019-10-08 16:00:00,2019,10,17,15614,35.35,HOEP (Legacy)
2019-10-08 17:00:00,2019,10,18,15974,17.64,HOEP (Legacy)
2019-10-08 18:00:00,2019,10,19,16261,14.42,HOEP (Legacy)
2019-10-08 19:00:00,2019,10,20,15913,7.64,HOEP (Legacy)
2019-10-08 20:00:00,2019,10,21,15210,6.87,HOEP (Legacy)
2019-10-08 21:00:00,2019,10,22,14288,1.42,HOEP (Legacy)
2019-10-08 22:00:00,2019,10,23,13278,0.0,HOEP (Legacy)
2019-10-08 23:00:00,2019,10,24,12559,0.0,HOEP (Legacy)
2019-10-09 00:00:00,2019,10,1,12093,0.0,HOEP (Legacy)
2019-10-09 01:00:00,2019,10,2,11806,0.0,HOEP (Legacy)
2019-10-09 02:00:00,2019,10,3,11636,0.0,HOEP (Legacy)
2019-10-09 03:00:00,2019,10,4,11774,0.0,HOEP (Legacy)
2019-10-09 04:00:00,2019,10,5,12271,1.36,HOEP (Legacy)
2019-10-09 05:00:00,2019,10,6,13562,5.2,HOEP (Legacy)
2019-10-09 06:00:00,2019,10,7,14987,11.71,HOEP (Legacy)
2019-10-09 07:00:00,2019,10,8,14889,17.14,HOEP (Legacy)
2019-10-09 08:00:00,2019,10,9,14741,41.36,HOEP (Legacy)
2019-10-09 09:00:00,2019,10,10,14374,41.98,HOEP (Legacy)
2019-10-09 10:00:00,2019,10,11,14064,7.42,HOEP (Legacy)
2019-10-09 11:00:00,2019,10,12,14063,4.07,HOEP (Legacy)
2019-10-09 12:00:00,2019,10,13,14064,-0.01,HOEP (Legacy)
2019-10-09 13:00:00,2019,10,14,14009,-0.1,HOEP (Legacy)
2019-10-09 14:00:00,2019,10,15,14147,0.0,HOEP (Legacy)
2019-10-09 15:00:00,2019,10,16,14806,5.74,HOEP (Legacy)
2019-10-09 16:00:00,2019,10,17,15418,12.06,HOEP (Legacy)
2019-10-09 17:00:00,2019,10,18,15690,12.3,HOEP (Legacy)
2019-10-09 18:00:00,2019,10,19,16055,7.63,HOEP (Legacy)
2019-10-09 19:00:00,2019,10,20,15804,1.87,HOEP (Legacy)
2019-10-09 20:00:00,2019,10,21,15134,0.0,HOEP (Legacy)
2019-10-09 21:00:00,2019,10,22,14127,0.9,HOEP (Legacy)
2019-10-09 22:00:00,2019,10,23,13106,0.0,HOEP (Legacy)
2019-10-09 23:00:00,2019,10,24,12260,0.0,HOEP (Legacy)
2019-10-10 00:00:00,2019,10,1,11777,0.0,HOEP (Legacy)
2019-10-10 01:00:00,2019,10,2,11553,-0.04,HOEP (Legacy)
2019-10-10 02:00:00,2019,10,3,11398,-0.05,HOEP (Legacy)
2019-10-10 03:00:00,2019,10,4,11456,0.0,HOEP (Legacy)
2019-10-10 04:00:00,2019,10,5,12134,0.47,HOEP (Legacy)
2019-10-10 05:00:00,2019,10,6,13620,6.72,HOEP (Legacy)
2019-10-10 06:00:00,2019,10,7,14928,9.38,HOEP (Legacy)
2019-10-10 07:00:00,2019,10,8,14956,7.28,HOEP (Legacy)
2019-10-10 08:00:00,2019,10,9,14596,10.26,HOEP (Legacy)
2019-10-10 09:00:00,2019,10,10,14191,6.53,HOEP (Legacy)
2019-10-10 10:00:00,2019,10,11,13945,2.15,HOEP (Legacy)
2019-10-10 11:00:00,2019,10,12,13785,0.0,HOEP (Legacy)
2019-10-10 12:00:00,2019,10,13,13807,0.0,HOEP (Legacy)
2019-10-10 13:00:00,2019,10,14,13936,0.0,HOEP (Legacy)
2019-10-10 14:00:00,2019,10,15,14155,1.81,HOEP (Legacy)
2019-10-10 15:00:00,2019,10,16,14561,6.64,HOEP (Legacy)
2019-10-10 16:00:00,2019,10,17,15188,8.41,HOEP (Legacy)
2019-10-10 17:00:00,2019,10,18,15734,12.29,HOEP (Legacy)
2019-10-10 18:00:00,2019,10,19,16282,5.93,HOEP (Legacy)
2019-10-10 19:00:00,2019,10,20,15800,4.71,HOEP (Legacy)
2019-10-10 20:00:00,2019,10,21,14978,1.88,HOEP (Legacy)
2019-10-10 21:00:00,2019,10,22,14027,0.0,HOEP (Legacy)
2019-10-10 22:00:00,2019,10,23,12967,0.0,HOEP (Legacy)
2019-10-10 23:00:00,2019,10,24,12227,0.0,HOEP (Legacy)
2019-10-11 00:00:00,2019,10,1,11786,-0.01,HOEP (Legacy)
2019-10-11 01:00:00,2019,10,2,11525,-0.1,HOEP (Legacy)
2019-10-11 02:00:00,2019,10,3,11501,-0.07,HOEP (Legacy)
2019-10-11 03:00:00,2019,10,4,11594,-0.01,HOEP (Legacy)
2019-10-11 04:00:00,2019,10,5,12197,0.0,HOEP (Legacy)
2019-10-11 05:00:00,2019,10,6,13424,0.47,HOEP (Legacy)
2019-10-11 06:00:00,2019,10,7,14727,5.33,HOEP (Legacy)
2019-10-11 07:00:00,2019,10,8,14695,1.9,HOEP (Legacy)
2019-10-11 08:00:00,2019,10,9,14443,0.0,HOEP (Legacy)
2019-10-11 09:00:00,2019,10,10,14178,6.83,HOEP (Legacy)
2019-10-11 10:00:00,2019,10,11,14037,1.75,HOEP (Legacy)
2019-10-11 11:00:00,2019,10,12,13989,0.0,HOEP (Legacy)
2019-10-11 12:00:00,2019,10,13,13943,0.0,HOEP (Legacy)
2019-10-11 13:00:00,2019,10,14,14129,0.0,HOEP (Legacy)
2019-10-11 14:00:00,2019,10,15,14180,0.0,HOEP (Legacy)
2019-10-11 15:00:00,2019,10,16,14659,1.38,HOEP (Legacy)
2019-10-11 16:00:00,2019,10,17,15070,0.0,HOEP (Legacy)
2019-10-11 17:00:00,2019,10,18,15283,0.0,HOEP (Legacy)
2019-10-11 18:00:00,2019,10,19,15633,3.74,HOEP (Legacy)
2019-10-11 19:00:00,2019,10,20,15167,1.9,HOEP (Legacy)
2019-10-11 20:00:00,2019,10,21,14566,0.9,HOEP (Legacy)
2019-10-11 21:00:00,2019,10,22,13692,0.0,HOEP (Legacy)
2019-10-11 22:00:00,2019,10,23,12597,0.0,HOEP (Legacy)
2019-10-11 23:00:00,2019,10,24,11899,-0.76,HOEP (Legacy)
2019-10-12 00:00:00,2019,10,1,11416,-1.01,HOEP (Legacy)
2019-10-12 01:00:00,2019,10,2,11158,-3.0,HOEP (Legacy)
2019-10-12 02:00:00,2019,10,3,11067,-0.34,HOEP (Legacy)
2019-10-12 03:00:00,2019,10,4,11120,-1.21,HOEP (Legacy)
2019-10-12 04:00:00,2019,10,5,11338,-0.03,HOEP (Legacy)
2019-10-12 05:00:00,2019,10,6,11841,-0.02,HOEP (Legacy)
2019-10-12 06:00:00,2019,10,7,12431,0.0,HOEP (Legacy)
2019-10-12 07:00:00,2019,10,8,13222,4.34,HOEP (Legacy)
2019-10-12 08:00:00,2019,10,9,13641,5.77,HOEP (Legacy)
2019-10-12 09:00:00,2019,10,10,13909,0.0,HOEP (Legacy)
2019-10-12 10:00:00,2019,10,11,13917,0.0,HOEP (Legacy)
2019-10-12 11:00:00,2019,10,12,13806,0.0,HOEP (Legacy)
2019-10-12 12:00:00,2019,10,13,13482,0.0,HOEP (Legacy)
2019-10-12 13:00:00,2019,10,14,13368,0.0,HOEP (Legacy)
2019-10-12 14:00:00,2019,10,15,13296,0.0,HOEP (Legacy)
2019-10-12 15:00:00,2019,10,16,13580,0.0,HOEP (Legacy)
2019-10-12 16:00:00,2019,10,17,14009,0.0,HOEP (Legacy)
2019-10-12 17:00:00,2019,10,18,14182,0.0,HOEP (Legacy)
2019-10-12 18:00:00,2019,10,19,14477,0.0,HOEP (Legacy)
2019-10-12 19:00:00,2019,10,20,14195,0.0,HOEP (Legacy)
2019-10-12 20:00:00,2019,10,21,13665,0.0,HOEP (Legacy)
2019-10-12 21:00:00,2019,10,22,13062,0.0,HOEP (Legacy)
2019-10-12 22:00:00,2019,10,23,12284,-1.05,HOEP (Legacy)
2019-10-12 23:00:00,2019,10,24,11652,-3.18,HOEP (Legacy)
2019-10-13 00:00:00,2019,10,1,11261,-3.0,HOEP (Legacy)
2019-10-13 01:00:00,2019,10,2,10992,-3.0,HOEP (Legacy)
2019-10-13 02:00:00,2019,10,3,10930,-3.92,HOEP (Legacy)
2019-10-13 03:00:00,2019,10,4,10860,-3.92,HOEP (Legacy)
2019-10-13 04:00:00,2019,10,5,10897,-3.55,HOEP (Legacy)
2019-10-13 05:00:00,2019,10,6,11294,-3.0,HOEP (Legacy)
2019-10-13 06:00:00,2019,10,7,11845,-2.76,HOEP (Legacy)
2019-10-13 07:00:00,2019,10,8,12279,-1.5,HOEP (Legacy)
2019-10-13 08:00:00,2019,10,9,12557,-1.84,HOEP (Legacy)
2019-10-13 09:00:00,2019,10,10,12573,-3.0,HOEP (Legacy)
2019-10-13 10:00:00,2019,10,11,12516,-3.0,HOEP (Legacy)
2019-10-13 11:00:00,2019,10,12,12454,-3.0,HOEP (Legacy)
2019-10-13 12:00:00,2019,10,13,12241,-3.0,HOEP (Legacy)
2019-10-13 13:00:00,2019,10,14,12058,-3.0,HOEP (Legacy)
2019-10-13 14:00:00,2019,10,15,12167,-3.0,HOEP (Legacy)
2019-10-13 15:00:00,2019,10,16,12660,-1.18,HOEP (Legacy)
2019-10-13 16:00:00,2019,10,17,13207,-0.03,HOEP (Legacy)
2019-10-13 17:00:00,2019,10,18,13465,0.0,HOEP (Legacy)
2019-10-13 18:00:00,2019,10,19,13888,0.0,HOEP (Legacy)
2019-10-13 19:00:00,2019,10,20,13715,0.0,HOEP (Legacy)
2019-10-13 20:00:00,2019,10,21,13269,0.0,HOEP (Legacy)
2019-10-13 21:00:00,2019,10,22,13001,0.0,HOEP (Legacy)
2019-10-13 22:00:00,2019,10,23,12391,0.0,HOEP (Legacy)
2019-10-13 23:00:00,2019,10,24,11790,-1.52,HOEP (Legacy)
2019-10-14 00:00:00,2019,10,1,11216,-2.93,HOEP (Legacy)
2019-10-14 01:00:00,2019,10,2,10931,-3.46,HOEP (Legacy)
2019-10-14 02:00:00,2019,10,3,10853,-3.09,HOEP (Legacy)
2019-10-14 03:00:00,2019,10,4,10917,-3.0,HOEP (Legacy)
2019-10-14 04:00:00,2019,10,5,11071,-2.4,HOEP (Legacy)
2019-10-14 05:00:00,2019,10,6,11557,-0.04,HOEP (Legacy)
2019-10-14 06:00:00,2019,10,7,12083,0.0,HOEP (Legacy)
2019-10-14 07:00:00,2019,10,8,12671,3.31,HOEP (Legacy)
2019-10-14 08:00:00,2019,10,9,13133,5.74,HOEP (Legacy)
2019-10-14 09:00:00,2019,10,10,13173,0.0,HOEP (Legacy)
2019-10-14 10:00:00,2019,10,11,13196,0.0,HOEP (Legacy)
2019-10-14 11:00:00,2019,10,12,13245,0.0,HOEP (Legacy)
2019-10-14 12:00:00,2019,10,13,13327,0.0,HOEP (Legacy)
2019-10-14 13:00:00,2019,10,14,13118,0.0,HOEP (Legacy)
2019-10-14 14:00:00,2019,10,15,13264,2.81,HOEP (Legacy)
2019-10-14 15:00:00,2019,10,16,13755,0.95,HOEP (Legacy)
2019-10-14 16:00:00,2019,10,17,14202,4.87,HOEP (Legacy)
2019-10-14 17:00:00,2019,10,18,14618,11.19,HOEP (Legacy)
2019-10-14 18:00:00,2019,10,19,15095,15.43,HOEP (Legacy)
2019-10-14 19:00:00,2019,10,20,14793,15.37,HOEP (Legacy)
2019-10-14 20:00:00,2019,10,21,14314,12.49,HOEP (Legacy)
2019-10-14 21:00:00,2019,10,22,13336,8.97,HOEP (Legacy)
2019-10-14 22:00:00,2019,10,23,12477,6.68,HOEP (Legacy)
2019-10-14 23:00:00,2019,10,24,11909,8.32,HOEP (Legacy)
2019-10-15 00:00:00,2019,10,1,11613,10.17,HOEP (Legacy)
2019-10-15 01:00:00,2019,10,2,11500,13.73,HOEP (Legacy)
2019-10-15 02:00:00,2019,10,3,11570,1.34,HOEP (Legacy)
2019-10-15 03:00:00,2019,10,4,11687,5.31,HOEP (Legacy)
2019-10-15 04:00:00,2019,10,5,12449,4.88,HOEP (Legacy)
2019-10-15 05:00:00,2019,10,6,13870,29.24,HOEP (Legacy)
2019-10-15 06:00:00,2019,10,7,15288,21.34,HOEP (Legacy)
2019-10-15 07:00:00,2019,10,8,15166,16.26,HOEP (Legacy)
2019-10-15 08:00:00,2019,10,9,14643,12.78,HOEP (Legacy)
2019-10-15 09:00:00,2019,10,10,14290,11.34,HOEP (Legacy)
2019-10-15 10:00:00,2019,10,11,13973,-0.35,HOEP (Legacy)
2019-10-15 11:00:00,2019,10,12,13801,0.0,HOEP (Legacy)
2019-10-15 12:00:00,2019,10,13,13884,0.0,HOEP (Legacy)
2019-10-15 13:00:00,2019,10,14,13919,6.27,HOEP (Legacy)
2019-10-15 14:00:00,2019,10,15,14394,18.87,HOEP (Legacy)
2019-10-15 15:00:00,2019,10,16,14990,27.65,HOEP (Legacy)
2019-10-15 16:00:00,2019,10,17,15558,14.24,HOEP (Legacy)
2019-10-15 17:00:00,2019,10,18,15786,9.15,HOEP (Legacy)
2019-10-15 18:00:00,2019,10,19,16233,4.36,HOEP (Legacy)
2019-10-15 19:00:00,2019,10,20,15976,3.35,HOEP (Legacy)
2019-10-15 20:00:00,2019,10,21,15133,4.35,HOEP (Legacy)
2019-10-15 21:00:00,2019,10,22,13897,0.0,HOEP (Legacy)
2019-10-15 22:00:00,2019,10,23,12718,-0.01,HOEP (Legacy)
2019-10-15 23:00:00,2019,10,24,12022,-0.07,HOEP (Legacy)
2019-10-16 00:00:00,2019,10,1,11653,-0.11,HOEP (Legacy)
2019-10-16 01:00:00,2019,10,2,11414,-2.34,HOEP (Legacy)
2019-10-16 02:00:00,2019,10,3,11442,-2.93,HOEP (Legacy)
2019-10-16 03:00:00,2019,10,4,11575,-1.09,HOEP (Legacy)
2019-10-16 04:00:00,2019,10,5,12212,-0.02,HOEP (Legacy)
2019-10-16 05:00:00,2019,10,6,13634,3.64,HOEP (Legacy)
2019-10-16 06:00:00,2019,10,7,15152,10.74,HOEP (Legacy)
2019-10-16 07:00:00,2019,10,8,15784,16.42,HOEP (Legacy)
2019-10-16 08:00:00,2019,10,9,15879,40.39,HOEP (Legacy)
2019-10-16 09:00:00,2019,10,10,16023,54.19,HOEP (Legacy)
2019-10-16 10:00:00,2019,10,11,16086,24.47,HOEP (Legacy)
2019-10-16 11:00:00,2019,10,12,15965,12.96,HOEP (Legacy)
2019-10-16 12:00:00,2019,10,13,15961,25.48,HOEP (Legacy)
2019-10-16 13:00:00,2019,10,14,15878,63.2,HOEP (Legacy)
2019-10-16 14:00:00,2019,10,15,15806,17.08,HOEP (Legacy)
2019-10-16 15:00:00,2019,10,16,15973,19.61,HOEP (Legacy)
2019-10-16 16:00:00,2019,10,17,16241,20.06,HOEP (Legacy)
2019-10-16 17:00:00,2019,10,18,16356,5.36,HOEP (Legacy)
2019-10-16 18:00:00,2019,10,19,16503,2.43,HOEP (Legacy)
2019-10-16 19:00:00,2019,10,20,16128,5.1,HOEP (Legacy)
2019-10-16 20:00:00,2019,10,21,15398,0.49,HOEP (Legacy)
2019-10-16 21:00:00,2019,10,22,14266,1.67,HOEP (Legacy)
2019-10-16 22:00:00,2019,10,23,13204,0.0,HOEP (Legacy)
2019-10-16 23:00:00,2019,10,24,12462,0.0,HOEP (Legacy)
2019-10-17 00:00:00,2019,10,1,12036,-0.03,HOEP (Legacy)
2019-10-17 01:00:00,2019,10,2,11816,-0.13,HOEP (Legacy)
2019-10-17 02:00:00,2019,10,3,11734,-0.89,HOEP (Legacy)
2019-10-17 03:00:00,2019,10,4,11741,-0.14,HOEP (Legacy)
2019-10-17 04:00:00,2019,10,5,12235,-0.03,HOEP (Legacy)
2019-10-17 05:00:00,2019,10,6,13635,0.0,HOEP (Legacy)
2019-10-17 06:00:00,2019,10,7,15142,1.83,HOEP (Legacy)
2019-10-17 07:00:00,2019,10,8,15540,0.0,HOEP (Legacy)
2019-10-17 08:00:00,2019,10,9,15531,0.0,HOEP (Legacy)
2019-10-17 09:00:00,2019,10,10,15562,0.0,HOEP (Legacy)
2019-10-17 10:00:00,2019,10,11,15516,0.0,HOEP (Legacy)
2019-10-17 11:00:00,2019,10,12,15416,0.0,HOEP (Legacy)
2019-10-17 12:00:00,2019,10,13,15298,0.0,HOEP (Legacy)
2019-10-17 13:00:00,2019,10,14,15187,0.0,HOEP (Legacy)
2019-10-17 14:00:00,2019,10,15,15315,1.28,HOEP (Legacy)
2019-10-17 15:00:00,2019,10,16,15770,3.28,HOEP (Legacy)
2019-10-17 16:00:00,2019,10,17,16209,7.47,HOEP (Legacy)
2019-10-17 17:00:00,2019,10,18,16552,18.82,HOEP (Legacy)
2019-10-17 18:00:00,2019,10,19,16784,5.86,HOEP (Legacy)
2019-10-17 19:00:00,2019,10,20,16464,14.46,HOEP (Legacy)
2019-10-17 20:00:00,2019,10,21,15753,10.1,HOEP (Legacy)
2019-10-17 21:00:00,2019,10,22,14734,2.81,HOEP (Legacy)
2019-10-17 22:00:00,2019,10,23,13694,1.94,HOEP (Legacy)
2019-10-17 23:00:00,2019,10,24,12818,1.89,HOEP (Legacy)
2019-10-18 00:00:00,2019,10,1,12430,0.47,HOEP (Legacy)
2019-10-18 01:00:00,2019,10,2,12319,4.27,HOEP (Legacy)
2019-10-18 02:00:00,2019,10,3,12337,0.95,HOEP (Legacy)
2019-10-18 03:00:00,2019,10,4,12441,2.85,HOEP (Legacy)
2019-10-18 04:00:00,2019,10,5,12914,5.78,HOEP (Legacy)
2019-10-18 05:00:00,2019,10,6,14185,9.45,HOEP (Legacy)
2019-10-18 06:00:00,2019,10,7,15459,44.71,HOEP (Legacy)
2019-10-18 07:00:00,2019,10,8,15729,6.34,HOEP (Legacy)
2019-10-18 08:00:00,2019,10,9,15672,24.78,HOEP (Legacy)
2019-10-18 09:00:00,2019,10,10,15259,9.46,HOEP (Legacy)
2019-10-18 10:00:00,2019,10,11,14793,4.68,HOEP (Legacy)
2019-10-18 11:00:00,2019,10,12,14508,5.75,HOEP (Legacy)
2019-10-18 12:00:00,2019,10,13,14364,7.13,HOEP (Legacy)
2019-10-18 13:00:00,2019,10,14,14246,8.95,HOEP (Legacy)
2019-10-18 14:00:00,2019,10,15,14233,14.37,HOEP (Legacy)
2019-10-18 15:00:00,2019,10,16,14609,17.19,HOEP (Legacy)
2019-10-18 16:00:00,2019,10,17,15188,14.29,HOEP (Legacy)
2019-10-18 17:00:00,2019,10,18,15742,15.03,HOEP (Legacy)
2019-10-18 18:00:00,2019,10,19,16158,23.23,HOEP (Legacy)
2019-10-18 19:00:00,2019,10,20,15882,23.24,HOEP (Legacy)
2019-10-18 20:00:00,2019,10,21,15430,19.64,HOEP (Legacy)
2019-10-18 21:00:00,2019,10,22,14574,18.15,HOEP (Legacy)
2019-10-18 22:00:00,2019,10,23,13587,13.1,HOEP (Legacy)
2019-10-18 23:00:00,2019,10,24,12734,9.41,HOEP (Legacy)
2019-10-19 00:00:00,2019,10,1,12193,8.68,HOEP (Legacy)
2019-10-19 01:00:00,2019,10,2,11935,5.64,HOEP (Legacy)
2019-10-19 02:00:00,2019,10,3,11851,4.98,HOEP (Legacy)
2019-10-19 03:00:00,2019,10,4,11849,8.14,HOEP (Legacy)
2019-10-19 04:00:00,2019,10,5,12101,10.91,HOEP (Legacy)
2019-10-19 05:00:00,2019,10,6,12798,10.67,HOEP (Legacy)
2019-10-19 06:00:00,2019,10,7,13662,15.7,HOEP (Legacy)
2019-10-19 07:00:00,2019,10,8,14030,9.44,HOEP (Legacy)
2019-10-19 08:00:00,2019,10,9,13626,5.71,HOEP (Legacy)
2019-10-19 09:00:00,2019,10,10,13401,2.28,HOEP (Legacy)
2019-10-19 10:00:00,2019,10,11,13114,0.0,HOEP (Legacy)
2019-10-19 11:00:00,2019,10,12,12933,2.74,HOEP (Legacy)
2019-10-19 12:00:00,2019,10,13,12768,0.39,HOEP (Legacy)
2019-10-19 13:00:00,2019,10,14,12727,0.4,HOEP (Legacy)
2019-10-19 14:00:00,2019,10,15,12950,4.39,HOEP (Legacy)
2019-10-19 15:00:00,2019,10,16,13514,4.69,HOEP (Legacy)
2019-10-19 16:00:00,2019,10,17,14233,7.89,HOEP (Legacy)
2019-10-19 17:00:00,2019,10,18,14730,12.41,HOEP (Legacy)
2019-10-19 18:00:00,2019,10,19,14905,11.99,HOEP (Legacy)
2019-10-19 19:00:00,2019,10,20,14580,8.57,HOEP (Legacy)
2019-10-19 20:00:00,2019,10,21,14093,3.45,HOEP (Legacy)
2019-10-19 21:00:00,2019,10,22,13552,2.72,HOEP (Legacy)
2019-10-19 22:00:00,2019,10,23,12915,1.81,HOEP (Legacy)
2019-10-19 23:00:00,2019,10,24,12005,0.0,HOEP (Legacy)
2019-10-20 00:00:00,2019,10,1,11565,-0.65,HOEP (Legacy)
2019-10-20 01:00:00,2019,10,2,11357,-0.21,HOEP (Legacy)
2019-10-20 02:00:00,2019,10,3,11229,-0.2,HOEP (Legacy)
2019-10-20 03:00:00,2019,10,4,11230,-3.48,HOEP (Legacy)
2019-10-20 04:00:00,2019,10,5,11516,-0.04,HOEP (Legacy)
2019-10-20 05:00:00,2019,10,6,12065,1.19,HOEP (Legacy)
2019-10-20 06:00:00,2019,10,7,12747,5.71,HOEP (Legacy)
2019-10-20 07:00:00,2019,10,8,13254,5.69,HOEP (Legacy)
2019-10-20 08:00:00,2019,10,9,13375,9.44,HOEP (Legacy)
2019-10-20 09:00:00,2019,10,10,13352,7.95,HOEP (Legacy)
2019-10-20 10:00:00,2019,10,11,13160,5.72,HOEP (Legacy)
2019-10-20 11:00:00,2019,10,12,13007,5.74,HOEP (Legacy)
2019-10-20 12:00:00,2019,10,13,12888,5.63,HOEP (Legacy)
2019-10-20 13:00:00,2019,10,14,12873,7.16,HOEP (Legacy)
2019-10-20 14:00:00,2019,10,15,13030,9.42,HOEP (Legacy)
2019-10-20 15:00:00,2019,10,16,13688,14.44,HOEP (Legacy)
2019-10-20 16:00:00,2019,10,17,14673,17.53,HOEP (Legacy)
2019-10-20 17:00:00,2019,10,18,15271,18.64,HOEP (Legacy)
2019-10-20 18:00:00,2019,10,19,15565,18.51,HOEP (Legacy)
2019-10-20 19:00:00,2019,10,20,15170,17.41,HOEP (Legacy)
2019-10-20 20:00:00,2019,10,21,14590,16.25,HOEP (Legacy)
2019-10-20 21:00:00,2019,10,22,13406,11.45,HOEP (Legacy)
2019-10-20 22:00:00,2019,10,23,12597,6.03,HOEP (Legacy)
2019-10-20 23:00:00,2019,10,24,11980,1.78,HOEP (Legacy)
2019-10-21 00:00:00,2019,10,1,11734,-0.07,HOEP (Legacy)
2019-10-21 01:00:00,2019,10,2,11577,-0.78,HOEP (Legacy)
2019-10-21 02:00:00,2019,10,3,11530,-2.55,HOEP (Legacy)
2019-10-21 03:00:00,2019,10,4,11688,-3.46,HOEP (Legacy)
2019-10-21 04:00:00,2019,10,5,12271,-0.03,HOEP (Legacy)
2019-10-21 05:00:00,2019,10,6,13598,-0.27,HOEP (Legacy)
2019-10-21 06:00:00,2019,10,7,15010,0.0,HOEP (Legacy)
2019-10-21 07:00:00,2019,10,8,15027,0.0,HOEP (Legacy)
2019-10-21 08:00:00,2019,10,9,14686,0.0,HOEP (Legacy)
2019-10-21 09:00:00,2019,10,10,14461,0.0,HOEP (Legacy)
2019-10-21 10:00:00,2019,10,11,14227,-0.04,HOEP (Legacy)
2019-10-21 11:00:00,2019,10,12,14084,-0.11,HOEP (Legacy)
2019-10-21 12:00:00,2019,10,13,14145,-0.36,HOEP (Legacy)
2019-10-21 13:00:00,2019,10,14,14235,-3.0,HOEP (Legacy)
2019-10-21 14:00:00,2019,10,15,14446,0.0,HOEP (Legacy)
2019-10-21 15:00:00,2019,10,16,14989,0.0,HOEP (Legacy)
2019-10-21 16:00:00,2019,10,17,15487,0.0,HOEP (Legacy)
2019-10-21 17:00:00,2019,10,18,15986,0.0,HOEP (Legacy)
2019-10-21 18:00:00,2019,10,19,16147,0.0,HOEP (Legacy)
2019-10-21 19:00:00,2019,10,20,15723,0.0,HOEP (Legacy)
2019-10-21 20:00:00,2019,10,21,14987,0.0,HOEP (Legacy)
2019-10-21 21:00:00,2019,10,22,13964,0.0,HOEP (Legacy)
2019-10-21 22:00:00,2019,10,23,12947,-0.08,HOEP (Legacy)
2019-10-21 23:00:00,2019,10,24,12204,-1.98,HOEP (Legacy)
2019-10-22 00:00:00,2019,10,1,11851,-3.0,HOEP (Legacy)
2019-10-22 01:00:00,2019,10,2,11564,-3.0,HOEP (Legacy)
2019-10-22 02:00:00,2019,10,3,11530,-3.0,HOEP (Legacy)
2019-10-22 03:00:00,2019,10,4,11550,-3.0,HOEP (Legacy)
2019-10-22 04:00:00,2019,10,5,12174,-2.01,HOEP (Legacy)
2019-10-22 05:00:00,2019,10,6,13559,-0.03,HOEP (Legacy)
2019-10-22 06:00:00,2019,10,7,14805,3.31,HOEP (Legacy)
2019-10-22 07:00:00,2019,10,8,15282,2.24,HOEP (Legacy)
2019-10-22 08:00:00,2019,10,9,15376,3.22,HOEP (Legacy)
2019-10-22 09:00:00,2019,10,10,15501,0.0,HOEP (Legacy)
2019-10-22 10:00:00,2019,10,11,15496,0.0,HOEP (Legacy)
2019-10-22 11:00:00,2019,10,12,15294,0.0,HOEP (Legacy)
2019-10-22 12:00:00,2019,10,13,15136,0.0,HOEP (Legacy)
2019-10-22 13:00:00,2019,10,14,14932,0.0,HOEP (Legacy)
2019-10-22 14:00:00,2019,10,15,15015,0.0,HOEP (Legacy)
2019-10-22 15:00:00,2019,10,16,15349,0.0,HOEP (Legacy)
2019-10-22 16:00:00,2019,10,17,15668,0.0,HOEP (Legacy)
2019-10-22 17:00:00,2019,10,18,15887,0.0,HOEP (Legacy)
2019-10-22 18:00:00,2019,10,19,15989,0.0,HOEP (Legacy)
2019-10-22 19:00:00,2019,10,20,15583,0.0,HOEP (Legacy)
2019-10-22 20:00:00,2019,10,21,14886,0.0,HOEP (Legacy)
2019-10-22 21:00:00,2019,10,22,13956,-0.01,HOEP (Legacy)
2019-10-22 22:00:00,2019,10,23,12964,-0.21,HOEP (Legacy)
2019-10-22 23:00:00,2019,10,24,12148,-3.09,HOEP (Legacy)
2019-10-23 00:00:00,2019,10,1,11848,-3.0,HOEP (Legacy)
2019-10-23 01:00:00,2019,10,2,11560,-3.0,HOEP (Legacy)
2019-10-23 02:00:00,2019,10,3,11458,-3.0,HOEP (Legacy)
2019-10-23 03:00:00,2019,10,4,11543,-3.0,HOEP (Legacy)
2019-10-23 04:00:00,2019,10,5,12068,-2.86,HOEP (Legacy)
2019-10-23 05:00:00,2019,10,6,13409,-0.53,HOEP (Legacy)
2019-10-23 06:00:00,2019,10,7,14908,0.0,HOEP (Legacy)
2019-10-23 07:00:00,2019,10,8,15022,0.0,HOEP (Legacy)
2019-10-23 08:00:00,2019,10,9,14510,-1.0,HOEP (Legacy)
2019-10-23 09:00:00,2019,10,10,13997,-3.0,HOEP (Legacy)
2019-10-23 10:00:00,2019,10,11,13909,-3.0,HOEP (Legacy)
2019-10-23 11:00:00,2019,10,12,13890,-1.13,HOEP (Legacy)
2019-10-23 12:00:00,2019,10,13,14091,-3.0,HOEP (Legacy)
2019-10-23 13:00:00,2019,10,14,14166,-2.93,HOEP (Legacy)
2019-10-23 14:00:00,2019,10,15,14318,-2.28,HOEP (Legacy)
2019-10-23 15:00:00,2019,10,16,14889,-0.01,HOEP (Legacy)
2019-10-23 16:00:00,2019,10,17,15425,0.0,HOEP (Legacy)
2019-10-23 17:00:00,2019,10,18,15925,0.0,HOEP (Legacy)
2019-10-23 18:00:00,2019,10,19,16235,4.25,HOEP (Legacy)
2019-10-23 19:00:00,2019,10,20,15962,5.81,HOEP (Legacy)
2019-10-23 20:00:00,2019,10,21,15274,0.0,HOEP (Legacy)
2019-10-23 21:00:00,2019,10,22,14145,-0.01,HOEP (Legacy)
2019-10-23 22:00:00,2019,10,23,13009,-1.4,HOEP (Legacy)
2019-10-23 23:00:00,2019,10,24,12268,-2.14,HOEP (Legacy)
2019-10-24 00:00:00,2019,10,1,11914,-2.39,HOEP (Legacy)
2019-10-24 01:00:00,2019,10,2,11730,-3.0,HOEP (Legacy)
2019-10-24 02:00:00,2019,10,3,11646,-3.0,HOEP (Legacy)
2019-10-24 03:00:00,2019,10,4,11652,-3.0,HOEP (Legacy)
2019-10-24 04:00:00,2019,10,5,12170,-2.76,HOEP (Legacy)
2019-10-24 05:00:00,2019,10,6,13474,-0.54,HOEP (Legacy)
2019-10-24 06:00:00,2019,10,7,14946,2.39,HOEP (Legacy)
2019-10-24 07:00:00,2019,10,8,15322,4.85,HOEP (Legacy)
2019-10-24 08:00:00,2019,10,9,15235,14.38,HOEP (Legacy)
2019-10-24 09:00:00,2019,10,10,15095,14.03,HOEP (Legacy)
2019-10-24 10:00:00,2019,10,11,14952,4.21,HOEP (Legacy)
2019-10-24 11:00:00,2019,10,12,14720,0.0,HOEP (Legacy)
2019-10-24 12:00:00,2019,10,13,14706,0.08,HOEP (Legacy)
2019-10-24 13:00:00,2019,10,14,14571,0.0,HOEP (Legacy)
2019-10-24 14:00:00,2019,10,15,14560,3.84,HOEP (Legacy)
2019-10-24 15:00:00,2019,10,16,14937,13.73,HOEP (Legacy)
2019-10-24 16:00:00,2019,10,17,15564,21.15,HOEP (Legacy)
2019-10-24 17:00:00,2019,10,18,16448,28.88,HOEP (Legacy)
2019-10-24 18:00:00,2019,10,19,16518,16.94,HOEP (Legacy)
2019-10-24 19:00:00,2019,10,20,16151,12.5,HOEP (Legacy)
2019-10-24 20:00:00,2019,10,21,15494,14.6,HOEP (Legacy)
2019-10-24 21:00:00,2019,10,22,14502,20.3,HOEP (Legacy)
2019-10-24 22:00:00,2019,10,23,13435,6.91,HOEP (Legacy)
2019-10-24 23:00:00,2019,10,24,12665,5.69,HOEP (Legacy)
2019-10-25 00:00:00,2019,10,1,12379,-0.27,HOEP (Legacy)
2019-10-25 01:00:00,2019,10,2,12141,2.84,HOEP (Legacy)
2019-10-25 02:00:00,2019,10,3,12003,-0.03,HOEP (Legacy)
2019-10-25 03:00:00,2019,10,4,12115,0.09,HOEP (Legacy)
2019-10-25 04:00:00,2019,10,5,12660,5.57,HOEP (Legacy)
2019-10-25 05:00:00,2019,10,6,13909,4.11,HOEP (Legacy)
2019-10-25 06:00:00,2019,10,7,15472,16.51,HOEP (Legacy)
2019-10-25 07:00:00,2019,10,8,15887,19.18,HOEP (Legacy)
2019-10-25 08:00:00,2019,10,9,15902,30.47,HOEP (Legacy)
2019-10-25 09:00:00,2019,10,10,15903,25.53,HOEP (Legacy)
2019-10-25 10:00:00,2019,10,11,15617,17.98,HOEP (Legacy)
2019-10-25 11:00:00,2019,10,12,15153,14.36,HOEP (Legacy)
2019-10-25 12:00:00,2019,10,13,15122,14.36,HOEP (Legacy)
2019-10-25 13:00:00,2019,10,14,15029,15.44,HOEP (Legacy)
2019-10-25 14:00:00,2019,10,15,15025,15.24,HOEP (Legacy)
2019-10-25 15:00:00,2019,10,16,15458,18.72,HOEP (Legacy)
2019-10-25 16:00:00,2019,10,17,15870,15.77,HOEP (Legacy)
2019-10-25 17:00:00,2019,10,18,16254,17.45,HOEP (Legacy)
2019-10-25 18:00:00,2019,10,19,16171,17.22,HOEP (Legacy)
2019-10-25 19:00:00,2019,10,20,15828,15.26,HOEP (Legacy)
2019-10-25 20:00:00,2019,10,21,15185,18.64,HOEP (Legacy)
2019-10-25 21:00:00,2019,10,22,14358,16.76,HOEP (Legacy)
2019-10-25 22:00:00,2019,10,23,13278,8.89,HOEP (Legacy)
2019-10-25 23:00:00,2019,10,24,12469,1.91,HOEP (Legacy)
2019-10-26 00:00:00,2019,10,1,11999,-3.28,HOEP (Legacy)
2019-10-26 01:00:00,2019,10,2,11829,-3.85,HOEP (Legacy)
2019-10-26 02:00:00,2019,10,3,11760,-4.12,HOEP (Legacy)
2019-10-26 03:00:00,2019,10,4,11779,-0.97,HOEP (Legacy)
2019-10-26 04:00:00,2019,10,5,12003,-2.51,HOEP (Legacy)
2019-10-26 05:00:00,2019,10,6,12560,4.79,HOEP (Legacy)
2019-10-26 06:00:00,2019,10,7,13389,9.42,HOEP (Legacy)
2019-10-26 07:00:00,2019,10,8,13825,8.81,HOEP (Legacy)
2019-10-26 08:00:00,2019,10,9,13661,4.34,HOEP (Legacy)
2019-10-26 09:00:00,2019,10,10,13372,4.68,HOEP (Legacy)
2019-10-26 10:00:00,2019,10,11,13215,0.0,HOEP (Legacy)
2019-10-26 11:00:00,2019,10,12,13085,-0.02,HOEP (Legacy)
2019-10-26 12:00:00,2019,10,13,12987,-0.11,HOEP (Legacy)
2019-10-26 13:00:00,2019,10,14,13024,-0.07,HOEP (Legacy)
2019-10-26 14:00:00,2019,10,15,13194,0.0,HOEP (Legacy)
2019-10-26 15:00:00,2019,10,16,13771,0.0,HOEP (Legacy)
2019-10-26 16:00:00,2019,10,17,14392,1.81,HOEP (Legacy)
2019-10-26 17:00:00,2019,10,18,14937,0.0,HOEP (Legacy)
2019-10-26 18:00:00,2019,10,19,14651,0.0,HOEP (Legacy)
2019-10-26 19:00:00,2019,10,20,14201,0.0,HOEP (Legacy)
2019-10-26 20:00:00,2019,10,21,13698,-0.02,HOEP (Legacy)
2019-10-26 21:00:00,2019,10,22,13089,-0.99,HOEP (Legacy)
2019-10-26 22:00:00,2019,10,23,12316,-2.28,HOEP (Legacy)
2019-10-26 23:00:00,2019,10,24,11784,-3.0,HOEP (Legacy)
2019-10-27 00:00:00,2019,10,1,11383,-3.73,HOEP (Legacy)
2019-10-27 01:00:00,2019,10,2,11207,-3.0,HOEP (Legacy)
2019-10-27 02:00:00,2019,10,3,11094,-4.1,HOEP (Legacy)
2019-10-27 03:00:00,2019,10,4,11038,-3.55,HOEP (Legacy)
2019-10-27 04:00:00,2019,10,5,11105,-3.09,HOEP (Legacy)
2019-10-27 05:00:00,2019,10,6,11336,-3.09,HOEP (Legacy)
2019-10-27 06:00:00,2019,10,7,11955,-3.0,HOEP (Legacy)
2019-10-27 07:00:00,2019,10,8,12559,-3.56,HOEP (Legacy)
2019-10-27 08:00:00,2019,10,9,13342,-0.3,HOEP (Legacy)
2019-10-27 09:00:00,2019,10,10,13921,-0.02,HOEP (Legacy)
2019-10-27 10:00:00,2019,10,11,14241,0.0,HOEP (Legacy)
2019-10-27 11:00:00,2019,10,12,14476,0.0,HOEP (Legacy)
2019-10-27 12:00:00,2019,10,13,14368,0.0,HOEP (Legacy)
2019-10-27 13:00:00,2019,10,14,14274,0.0,HOEP (Legacy)
2019-10-27 14:00:00,2019,10,15,14218,0.0,HOEP (Legacy)
2019-10-27 15:00:00,2019,10,16,14762,0.0,HOEP (Legacy)
2019-10-27 16:00:00,2019,10,17,15390,5.08,HOEP (Legacy)
2019-10-27 17:00:00,2019,10,18,15646,9.93,HOEP (Legacy)
2019-10-27 18:00:00,2019,10,19,15296,3.36,HOEP (Legacy)
2019-10-27 19:00:00,2019,10,20,14781,5.77,HOEP (Legacy)
2019-10-27 20:00:00,2019,10,21,14227,2.26,HOEP (Legacy)
2019-10-27 21:00:00,2019,10,22,13512,3.82,HOEP (Legacy)
2019-10-27 22:00:00,2019,10,23,12750,-0.63,HOEP (Legacy)
2019-10-27 23:00:00,2019,10,24,11987,-3.28,HOEP (Legacy)
2019-10-28 00:00:00,2019,10,1,11686,-1.78,HOEP (Legacy)
2019-10-28 01:00:00,2019,10,2,11609,0.0,HOEP (Legacy)
2019-10-28 02:00:00,2019,10,3,11559,2.11,HOEP (Legacy)
2019-10-28 03:00:00,2019,10,4,11745,-0.95,HOEP (Legacy)
2019-10-28 04:00:00,2019,10,5,12339,1.5,HOEP (Legacy)
2019-10-28 05:00:00,2019,10,6,13786,8.49,HOEP (Legacy)
2019-10-28 06:00:00,2019,10,7,15309,12.16,HOEP (Legacy)
2019-10-28 07:00:00,2019,10,8,15376,13.36,HOEP (Legacy)
2019-10-28 08:00:00,2019,10,9,14967,14.83,HOEP (Legacy)
2019-10-28 09:00:00,2019,10,10,14750,19.08,HOEP (Legacy)
2019-10-28 10:00:00,2019,10,11,14469,10.68,HOEP (Legacy)
2019-10-28 11:00:00,2019,10,12,14212,0.0,HOEP (Legacy)
2019-10-28 12:00:00,2019,10,13,14165,1.26,HOEP (Legacy)
2019-10-28 13:00:00,2019,10,14,14094,1.23,HOEP (Legacy)
2019-10-28 14:00:00,2019,10,15,14291,2.36,HOEP (Legacy)
2019-10-28 15:00:00,2019,10,16,14909,5.54,HOEP (Legacy)
2019-10-28 16:00:00,2019,10,17,15785,10.92,HOEP (Legacy)
2019-10-28 17:00:00,2019,10,18,16351,15.86,HOEP (Legacy)
2019-10-28 18:00:00,2019,10,19,16572,15.93,HOEP (Legacy)
2019-10-28 19:00:00,2019,10,20,16163,25.44,HOEP (Legacy)
2019-10-28 20:00:00,2019,10,21,15450,28.91,HOEP (Legacy)
2019-10-28 21:00:00,2019,10,22,14524,17.2,HOEP (Legacy)
2019-10-28 22:00:00,2019,10,23,13394,9.04,HOEP (Legacy)
2019-10-28 23:00:00,2019,10,24,12550,6.16,HOEP (Legacy)
2019-10-29 00:00:00,2019,10,1,12180,-0.37,HOEP (Legacy)
2019-10-29 01:00:00,2019,10,2,11932,-3.0,HOEP (Legacy)
2019-10-29 02:00:00,2019,10,3,11852,-3.0,HOEP (Legacy)
2019-10-29 03:00:00,2019,10,4,11889,-2.46,HOEP (Legacy)
2019-10-29 04:00:00,2019,10,5,12374,0.0,HOEP (Legacy)
2019-10-29 05:00:00,2019,10,6,13594,1.39,HOEP (Legacy)
2019-10-29 06:00:00,2019,10,7,15045,8.62,HOEP (Legacy)
2019-10-29 07:00:00,2019,10,8,15297,14.34,HOEP (Legacy)
2019-10-29 08:00:00,2019,10,9,15134,13.45,HOEP (Legacy)
2019-10-29 09:00:00,2019,10,10,14813,13.36,HOEP (Legacy)
2019-10-29 10:00:00,2019,10,11,14656,13.36,HOEP (Legacy)
2019-10-29 11:00:00,2019,10,12,14657,5.97,HOEP (Legacy)
2019-10-29 12:00:00,2019,10,13,14719,13.66,HOEP (Legacy)
2019-10-29 13:00:00,2019,10,14,14839,23.56,HOEP (Legacy)
2019-10-29 14:00:00,2019,10,15,15266,24.29,HOEP (Legacy)
2019-10-29 15:00:00,2019,10,16,15640,19.33,HOEP (Legacy)
2019-10-29 16:00:00,2019,10,17,16215,37.84,HOEP (Legacy)
2019-10-29 17:00:00,2019,10,18,16678,17.46,HOEP (Legacy)
2019-10-29 18:00:00,2019,10,19,16607,17.52,HOEP (Legacy)
2019-10-29 19:00:00,2019,10,20,16263,25.98,HOEP (Legacy)
2019-10-29 20:00:00,2019,10,21,15644,20.13,HOEP (Legacy)
2019-10-29 21:00:00,2019,10,22,14615,18.54,HOEP (Legacy)
2019-10-29 22:00:00,2019,10,23,13466,24.1,HOEP (Legacy)
2019-10-29 23:00:00,2019,10,24,12716,12.28,HOEP (Legacy)
2019-10-30 00:00:00,2019,10,1,12294,10.19,HOEP (Legacy)
2019-10-30 01:00:00,2019,10,2,12181,10.94,HOEP (Legacy)
2019-10-30 02:00:00,2019,10,3,12054,5.85,HOEP (Legacy)
2019-10-30 03:00:00,2019,10,4,12266,-0.7,HOEP (Legacy)
2019-10-30 04:00:00,2019,10,5,12729,8.88,HOEP (Legacy)
2019-10-30 05:00:00,2019,10,6,13999,6.89,HOEP (Legacy)
2019-10-30 06:00:00,2019,10,7,15500,24.72,HOEP (Legacy)
2019-10-30 07:00:00,2019,10,8,15869,26.06,HOEP (Legacy)
2019-10-30 08:00:00,2019,10,9,15968,25.84,HOEP (Legacy)
2019-10-30 09:00:00,2019,10,10,15801,25.83,HOEP (Legacy)
2019-10-30 10:00:00,2019,10,11,15828,25.82,HOEP (Legacy)
2019-10-30 11:00:00,2019,10,12,15876,25.82,HOEP (Legacy)
2019-10-30 12:00:00,2019,10,13,15832,25.82,HOEP (Legacy)
2019-10-30 13:00:00,2019,10,14,15853,25.77,HOEP (Legacy)
2019-10-30 14:00:00,2019,10,15,15865,16.57,HOEP (Legacy)
2019-10-30 15:00:00,2019,10,16,16263,16.27,HOEP (Legacy)
2019-10-30 16:00:00,2019,10,17,16502,15.45,HOEP (Legacy)
2019-10-30 17:00:00,2019,10,18,16686,11.53,HOEP (Legacy)
2019-10-30 18:00:00,2019,10,19,16477,9.72,HOEP (Legacy)
2019-10-30 19:00:00,2019,10,20,16122,6.65,HOEP (Legacy)
2019-10-30 20:00:00,2019,10,21,15428,12.22,HOEP (Legacy)
2019-10-30 21:00:00,2019,10,22,14576,20.82,HOEP (Legacy)
2019-10-30 22:00:00,2019,10,23,13612,9.56,HOEP (Legacy)
2019-10-30 23:00:00,2019,10,24,12839,8.16,HOEP (Legacy)
2019-10-31 00:00:00,2019,10,1,12502,8.91,HOEP (Legacy)
2019-10-31 01:00:00,2019,10,2,12276,4.09,HOEP (Legacy)
2019-10-31 02:00:00,2019,10,3,12056,0.0,HOEP (Legacy)
2019-10-31 03:00:00,2019,10,4,12152,0.0,HOEP (Legacy)
2019-10-31 04:00:00,2019,10,5,12750,0.7,HOEP (Legacy)
2019-10-31 05:00:00,2019,10,6,13976,21.81,HOEP (Legacy)
2019-10-31 06:00:00,2019,10,7,15566,23.53,HOEP (Legacy)
2019-10-31 07:00:00,2019,10,8,15995,22.59,HOEP (Legacy)
2019-10-31 08:00:00,2019,10,9,16002,23.06,HOEP (Legacy)
2019-10-31 09:00:00,2019,10,10,16080,14.25,HOEP (Legacy)
2019-10-31 10:00:00,2019,10,11,16252,28.36,HOEP (Legacy)
2019-10-31 11:00:00,2019,10,12,16342,26.07,HOEP (Legacy)
2019-10-31 12:00:00,2019,10,13,16312,25.39,HOEP (Legacy)
2019-10-31 13:00:00,2019,10,14,16048,10.37,HOEP (Legacy)
2019-10-31 14:00:00,2019,10,15,15879,16.16,HOEP (Legacy)
2019-10-31 15:00:00,2019,10,16,16291,19.87,HOEP (Legacy)
2019-10-31 16:00:00,2019,10,17,16434,7.37,HOEP (Legacy)
2019-10-31 17:00:00,2019,10,18,16369,0.0,HOEP (Legacy)
2019-10-31 18:00:00,2019,10,19,16025,0.0,HOEP (Legacy)
2019-10-31 19:00:00,2019,10,20,15792,0.83,HOEP (Legacy)
2019-10-31 20:00:00,2019,10,21,15198,0.0,HOEP (Legacy)
2019-10-31 21:00:00,2019,10,22,14317,0.0,HOEP (Legacy)
2019-10-31 22:00:00,2019,10,23,13295,-0.02,HOEP (Legacy)
2019-10-31 23:00:00,2019,10,24,12684,-0.08,HOEP (Legacy)
2019-11-01 00:00:00,2019,11,1,12276,-3.0,HOEP (Legacy)
2019-11-01 01:00:00,2019,11,2,12229,-2.93,HOEP (Legacy)
2019-11-01 02:00:00,2019,11,3,12133,-3.0,HOEP (Legacy)
2019-11-01 03:00:00,2019,11,4,12243,-1.12,HOEP (Legacy)
2019-11-01 04:00:00,2019,11,5,12695,-0.24,HOEP (Legacy)
2019-11-01 05:00:00,2019,11,6,13950,0.0,HOEP (Legacy)
2019-11-01 06:00:00,2019,11,7,15490,0.0,HOEP (Legacy)
2019-11-01 07:00:00,2019,11,8,15850,1.63,HOEP (Legacy)
2019-11-01 08:00:00,2019,11,9,15943,7.56,HOEP (Legacy)
2019-11-01 09:00:00,2019,11,10,16086,14.74,HOEP (Legacy)
2019-11-01 10:00:00,2019,11,11,16191,13.34,HOEP (Legacy)
2019-11-01 11:00:00,2019,11,12,16048,5.82,HOEP (Legacy)
2019-11-01 12:00:00,2019,11,13,15736,5.7,HOEP (Legacy)
2019-11-01 13:00:00,2019,11,14,15621,5.75,HOEP (Legacy)
2019-11-01 14:00:00,2019,11,15,15686,12.37,HOEP (Legacy)
2019-11-01 15:00:00,2019,11,16,16047,26.11,HOEP (Legacy)
2019-11-01 16:00:00,2019,11,17,16676,23.15,HOEP (Legacy)
2019-11-01 17:00:00,2019,11,18,17041,20.88,HOEP (Legacy)
2019-11-01 18:00:00,2019,11,19,16970,24.43,HOEP (Legacy)
2019-11-01 19:00:00,2019,11,20,16635,13.36,HOEP (Legacy)
2019-11-01 20:00:00,2019,11,21,16020,14.64,HOEP (Legacy)
2019-11-01 21:00:00,2019,11,22,15021,7.66,HOEP (Legacy)
2019-11-01 22:00:00,2019,11,23,13935,7.1,HOEP (Legacy)
2019-11-01 23:00:00,2019,11,24,13076,9.01,HOEP (Legacy)
2019-11-02 00:00:00,2019,11,1,12563,10.88,HOEP (Legacy)
2019-11-02 01:00:00,2019,11,2,12310,8.31,HOEP (Legacy)
2019-11-02 02:00:00,2019,11,3,12090,1.34,HOEP (Legacy)
2019-11-02 03:00:00,2019,11,4,12099,0.0,HOEP (Legacy)
2019-11-02 04:00:00,2019,11,5,12278,0.0,HOEP (Legacy)
2019-11-02 05:00:00,2019,11,6,12904,0.0,HOEP (Legacy)
2019-11-02 06:00:00,2019,11,7,13665,4.34,HOEP (Legacy)
2019-11-02 07:00:00,2019,11,8,14321,12.16,HOEP (Legacy)
2019-11-02 08:00:00,2019,11,9,15019,13.35,HOEP (Legacy)
2019-11-02 09:00:00,2019,11,10,15327,13.65,HOEP (Legacy)
2019-11-02 10:00:00,2019,11,11,15478,27.96,HOEP (Legacy)
2019-11-02 11:00:00,2019,11,12,15731,22.29,HOEP (Legacy)
2019-11-02 12:00:00,2019,11,13,15443,15.05,HOEP (Legacy)
2019-11-02 13:00:00,2019,11,14,15094,14.5,HOEP (Legacy)
2019-11-02 14:00:00,2019,11,15,14890,13.81,HOEP (Legacy)
2019-11-02 15:00:00,2019,11,16,15287,22.18,HOEP (Legacy)
2019-11-02 16:00:00,2019,11,17,15759,14.35,HOEP (Legacy)
2019-11-02 17:00:00,2019,11,18,15955,12.31,HOEP (Legacy)
2019-11-02 18:00:00,2019,11,19,15799,11.52,HOEP (Legacy)
2019-11-02 19:00:00,2019,11,20,15227,7.43,HOEP (Legacy)
2019-11-02 20:00:00,2019,11,21,14677,8.9,HOEP (Legacy)
2019-11-02 21:00:00,2019,11,22,14091,4.82,HOEP (Legacy)
2019-11-02 22:00:00,2019,11,23,13319,3.29,HOEP (Legacy)
2019-11-02 23:00:00,2019,11,24,12700,-0.64,HOEP (Legacy)
2019-11-03 00:00:00,2019,11,1,12221,-0.01,HOEP (Legacy)
2019-11-03 01:00:00,2019,11,2,11936,-0.22,HOEP (Legacy)
2019-11-03 02:00:00,2019,11,3,11758,-3.0,HOEP (Legacy)
2019-11-03 03:00:00,2019,11,4,11744,-3.0,HOEP (Legacy)
2019-11-03 04:00:00,2019,11,5,11711,-2.76,HOEP (Legacy)
2019-11-03 05:00:00,2019,11,6,11933,-0.01,HOEP (Legacy)
2019-11-03 06:00:00,2019,11,7,12446,0.0,HOEP (Legacy)
2019-11-03 07:00:00,2019,11,8,13008,0.0,HOEP (Legacy)
2019-11-03 08:00:00,2019,11,9,13460,0.0,HOEP (Legacy)
2019-11-03 09:00:00,2019,11,10,13551,0.0,HOEP (Legacy)
2019-11-03 10:00:00,2019,11,11,13632,0.0,HOEP (Legacy)
2019-11-03 11:00:00,2019,11,12,14019,0.0,HOEP (Legacy)
2019-11-03 12:00:00,2019,11,13,14270,4.52,HOEP (Legacy)
2019-11-03 13:00:00,2019,11,14,14243,2.9,HOEP (Legacy)
2019-11-03 14:00:00,2019,11,15,14324,7.37,HOEP (Legacy)
2019-11-03 15:00:00,2019,11,16,14792,16.2,HOEP (Legacy)
2019-11-03 16:00:00,2019,11,17,15872,19.05,HOEP (Legacy)
2019-11-03 17:00:00,2019,11,18,16860,43.8,HOEP (Legacy)
2019-11-03 18:00:00,2019,11,19,16724,24.96,HOEP (Legacy)
2019-11-03 19:00:00,2019,11,20,16113,21.87,HOEP (Legacy)
2019-11-03 20:00:00,2019,11,21,15616,13.86,HOEP (Legacy)
2019-11-03 21:00:00,2019,11,22,14914,10.9,HOEP (Legacy)
2019-11-03 22:00:00,2019,11,23,13877,4.6,HOEP (Legacy)
2019-11-03 23:00:00,2019,11,24,13032,2.8,HOEP (Legacy)
2019-11-04 00:00:00,2019,11,1,12440,1.43,HOEP (Legacy)
2019-11-04 01:00:00,2019,11,2,12161,0.0,HOEP (Legacy)
2019-11-04 02:00:00,2019,11,3,12212,0.0,HOEP (Legacy)
2019-11-04 03:00:00,2019,11,4,12240,0.0,HOEP (Legacy)
2019-11-04 04:00:00,2019,11,5,12466,0.0,HOEP (Legacy)
2019-11-04 05:00:00,2019,11,6,13180,0.0,HOEP (Legacy)
2019-11-04 06:00:00,2019,11,7,14374,0.0,HOEP (Legacy)
2019-11-04 07:00:00,2019,11,8,15487,0.0,HOEP (Legacy)
2019-11-04 08:00:00,2019,11,9,15676,0.0,HOEP (Legacy)
2019-11-04 09:00:00,2019,11,10,15742,0.0,HOEP (Legacy)
2019-11-04 10:00:00,2019,11,11,15870,0.0,HOEP (Legacy)
2019-11-04 11:00:00,2019,11,12,15690,0.47,HOEP (Legacy)
2019-11-04 12:00:00,2019,11,13,15305,0.0,HOEP (Legacy)
2019-11-04 13:00:00,2019,11,14,15308,0.0,HOEP (Legacy)
2019-11-04 14:00:00,2019,11,15,15421,3.17,HOEP (Legacy)
2019-11-04 15:00:00,2019,11,16,15604,1.26,HOEP (Legacy)
2019-11-04 16:00:00,2019,11,17,16301,3.37,HOEP (Legacy)
2019-11-04 17:00:00,2019,11,18,17053,5.9,HOEP (Legacy)
2019-11-04 18:00:00,2019,11,19,16971,8.86,HOEP (Legacy)
2019-11-04 19:00:00,2019,11,20,16696,13.72,HOEP (Legacy)
2019-11-04 20:00:00,2019,11,21,16289,10.25,HOEP (Legacy)
2019-11-04 21:00:00,2019,11,22,15491,9.41,HOEP (Legacy)
2019-11-04 22:00:00,2019,11,23,14433,8.72,HOEP (Legacy)
2019-11-04 23:00:00,2019,11,24,13393,0.97,HOEP (Legacy)
2019-11-05 00:00:00,2019,11,1,12768,0.0,HOEP (Legacy)
2019-11-05 01:00:00,2019,11,2,12396,0.0,HOEP (Legacy)
2019-11-05 02:00:00,2019,11,3,12127,0.0,HOEP (Legacy)
2019-11-05 03:00:00,2019,11,4,12068,0.0,HOEP (Legacy)
2019-11-05 04:00:00,2019,11,5,12210,0.0,HOEP (Legacy)
2019-11-05 05:00:00,2019,11,6,12811,2.6,HOEP (Legacy)
2019-11-05 06:00:00,2019,11,7,14264,10.79,HOEP (Legacy)
2019-11-05 07:00:00,2019,11,8,15560,24.15,HOEP (Legacy)
2019-11-05 08:00:00,2019,11,9,15903,16.54,HOEP (Legacy)
2019-11-05 09:00:00,2019,11,10,15832,19.88,HOEP (Legacy)
2019-11-05 10:00:00,2019,11,11,15430,5.82,HOEP (Legacy)
2019-11-05 11:00:00,2019,11,12,15179,0.47,HOEP (Legacy)
2019-11-05 12:00:00,2019,11,13,14979,0.0,HOEP (Legacy)
2019-11-05 13:00:00,2019,11,14,15196,6.0,HOEP (Legacy)
2019-11-05 14:00:00,2019,11,15,15219,8.0,HOEP (Legacy)
2019-11-05 15:00:00,2019,11,16,15587,18.98,HOEP (Legacy)
2019-11-05 16:00:00,2019,11,17,16517,21.18,HOEP (Legacy)
2019-11-05 17:00:00,2019,11,18,17345,30.43,HOEP (Legacy)
2019-11-05 18:00:00,2019,11,19,17410,19.21,HOEP (Legacy)
2019-11-05 19:00:00,2019,11,20,17071,16.08,HOEP (Legacy)
2019-11-05 20:00:00,2019,11,21,16545,5.87,HOEP (Legacy)
2019-11-05 21:00:00,2019,11,22,15834,10.1,HOEP (Legacy)
2019-11-05 22:00:00,2019,11,23,14716,9.31,HOEP (Legacy)
2019-11-05 23:00:00,2019,11,24,13705,1.43,HOEP (Legacy)
2019-11-06 00:00:00,2019,11,1,13068,0.85,HOEP (Legacy)
2019-11-06 01:00:00,2019,11,2,12798,5.82,HOEP (Legacy)
2019-11-06 02:00:00,2019,11,3,12843,10.25,HOEP (Legacy)
2019-11-06 03:00:00,2019,11,4,12626,5.85,HOEP (Legacy)
2019-11-06 04:00:00,2019,11,5,12781,10.9,HOEP (Legacy)
2019-11-06 05:00:00,2019,11,6,13435,13.08,HOEP (Legacy)
2019-11-06 06:00:00,2019,11,7,15104,16.1,HOEP (Legacy)
2019-11-06 07:00:00,2019,11,8,16050,9.06,HOEP (Legacy)
2019-11-06 08:00:00,2019,11,9,15681,5.91,HOEP (Legacy)
2019-11-06 09:00:00,2019,11,10,15351,8.82,HOEP (Legacy)
2019-11-06 10:00:00,2019,11,11,15117,19.03,HOEP (Legacy)
2019-11-06 11:00:00,2019,11,12,15411,19.71,HOEP (Legacy)
2019-11-06 12:00:00,2019,11,13,15370,10.83,HOEP (Legacy)
2019-11-06 13:00:00,2019,11,14,15581,21.49,HOEP (Legacy)
2019-11-06 14:00:00,2019,11,15,16076,26.54,HOEP (Legacy)
2019-11-06 15:00:00,2019,11,16,16823,28.16,HOEP (Legacy)
2019-11-06 16:00:00,2019,11,17,17558,30.84,HOEP (Legacy)
2019-11-06 17:00:00,2019,11,18,18071,27.54,HOEP (Legacy)
2019-11-06 18:00:00,2019,11,19,17845,29.23,HOEP (Legacy)
2019-11-06 19:00:00,2019,11,20,17597,26.34,HOEP (Legacy)
2019-11-06 20:00:00,2019,11,21,17110,11.03,HOEP (Legacy)
2019-11-06 21:00:00,2019,11,22,16242,6.56,HOEP (Legacy)
2019-11-06 22:00:00,2019,11,23,15091,12.66,HOEP (Legacy)
2019-11-06 23:00:00,2019,11,24,14059,34.1,HOEP (Legacy)
2019-11-07 00:00:00,2019,11,1,13507,45.76,HOEP (Legacy)
2019-11-07 01:00:00,2019,11,2,13147,10.99,HOEP (Legacy)
2019-11-07 02:00:00,2019,11,3,12989,-0.11,HOEP (Legacy)
2019-11-07 03:00:00,2019,11,4,13103,3.59,HOEP (Legacy)
2019-11-07 04:00:00,2019,11,5,13334,13.83,HOEP (Legacy)
2019-11-07 05:00:00,2019,11,6,13918,10.25,HOEP (Legacy)
2019-11-07 06:00:00,2019,11,7,15272,16.35,HOEP (Legacy)
2019-11-07 07:00:00,2019,11,8,16524,30.99,HOEP (Legacy)
2019-11-07 08:00:00,2019,11,9,16864,31.25,HOEP (Legacy)
2019-11-07 09:00:00,2019,11,10,17053,31.25,HOEP (Legacy)
2019-11-07 10:00:00,2019,11,11,17051,31.27,HOEP (Legacy)
2019-11-07 11:00:00,2019,11,12,16893,31.27,HOEP (Legacy)
2019-11-07 12:00:00,2019,11,13,16648,32.78,HOEP (Legacy)
2019-11-07 13:00:00,2019,11,14,16604,31.27,HOEP (Legacy)
2019-11-07 14:00:00,2019,11,15,16392,31.26,HOEP (Legacy)
2019-11-07 15:00:00,2019,11,16,16610,30.81,HOEP (Legacy)
2019-11-07 16:00:00,2019,11,17,17304,25.9,HOEP (Legacy)
2019-11-07 17:00:00,2019,11,18,18135,30.87,HOEP (Legacy)
2019-11-07 18:00:00,2019,11,19,18156,34.56,HOEP (Legacy)
2019-11-07 19:00:00,2019,11,20,18030,32.25,HOEP (Legacy)
2019-11-07 20:00:00,2019,11,21,17673,31.22,HOEP (Legacy)
2019-11-07 21:00:00,2019,11,22,16905,30.51,HOEP (Legacy)
2019-11-07 22:00:00,2019,11,23,15772,21.02,HOEP (Legacy)
2019-11-07 23:00:00,2019,11,24,14752,14.79,HOEP (Legacy)
2019-11-08 00:00:00,2019,11,1,13981,9.33,HOEP (Legacy)
2019-11-08 01:00:00,2019,11,2,13635,17.91,HOEP (Legacy)
2019-11-08 02:00:00,2019,11,3,13382,14.5,HOEP (Legacy)
2019-11-08 03:00:00,2019,11,4,13382,13.37,HOEP (Legacy)
2019-11-08 04:00:00,2019,11,5,13540,10.34,HOEP (Legacy)
2019-11-08 05:00:00,2019,11,6,14196,3.65,HOEP (Legacy)
2019-11-08 06:00:00,2019,11,7,15632,24.22,HOEP (Legacy)
2019-11-08 07:00:00,2019,11,8,16828,31.29,HOEP (Legacy)
2019-11-08 08:00:00,2019,11,9,16984,31.24,HOEP (Legacy)
2019-11-08 09:00:00,2019,11,10,16744,30.03,HOEP (Legacy)
2019-11-08 10:00:00,2019,11,11,16481,30.02,HOEP (Legacy)
2019-11-08 11:00:00,2019,11,12,16463,30.42,HOEP (Legacy)
2019-11-08 12:00:00,2019,11,13,16170,30.41,HOEP (Legacy)
2019-11-08 13:00:00,2019,11,14,15961,30.36,HOEP (Legacy)
2019-11-08 14:00:00,2019,11,15,16022,24.92,HOEP (Legacy)
2019-11-08 15:00:00,2019,11,16,16326,29.65,HOEP (Legacy)
2019-11-08 16:00:00,2019,11,17,17053,43.34,HOEP (Legacy)
2019-11-08 17:00:00,2019,11,18,17818,54.2,HOEP (Legacy)
2019-11-08 18:00:00,2019,11,19,17792,32.84,HOEP (Legacy)
2019-11-08 19:00:00,2019,11,20,17645,29.82,HOEP (Legacy)
2019-11-08 20:00:00,2019,11,21,17230,37.65,HOEP (Legacy)
2019-11-08 21:00:00,2019,11,22,16679,28.24,HOEP (Legacy)
2019-11-08 22:00:00,2019,11,23,15714,21.21,HOEP (Legacy)
2019-11-08 23:00:00,2019,11,24,14700,8.58,HOEP (Legacy)
2019-11-09 00:00:00,2019,11,1,13849,8.39,HOEP (Legacy)
2019-11-09 01:00:00,2019,11,2,13370,14.31,HOEP (Legacy)
2019-11-09 02:00:00,2019,11,3,13070,7.87,HOEP (Legacy)
2019-11-09 03:00:00,2019,11,4,12951,5.08,HOEP (Legacy)
2019-11-09 04:00:00,2019,11,5,12926,5.06,HOEP (Legacy)
2019-11-09 05:00:00,2019,11,6,13275,1.24,HOEP (Legacy)
2019-11-09 06:00:00,2019,11,7,13722,4.22,HOEP (Legacy)
2019-11-09 07:00:00,2019,11,8,14491,5.84,HOEP (Legacy)
2019-11-09 08:00:00,2019,11,9,14991,9.23,HOEP (Legacy)
2019-11-09 09:00:00,2019,11,10,15398,3.83,HOEP (Legacy)
2019-11-09 10:00:00,2019,11,11,15573,0.0,HOEP (Legacy)
2019-11-09 11:00:00,2019,11,12,15752,0.0,HOEP (Legacy)
2019-11-09 12:00:00,2019,11,13,15676,0.39,HOEP (Legacy)
2019-11-09 13:00:00,2019,11,14,15619,5.71,HOEP (Legacy)
2019-11-09 14:00:00,2019,11,15,15686,2.19,HOEP (Legacy)
2019-11-09 15:00:00,2019,11,16,15851,5.87,HOEP (Legacy)
2019-11-09 16:00:00,2019,11,17,16571,7.09,HOEP (Legacy)
2019-11-09 17:00:00,2019,11,18,16871,5.93,HOEP (Legacy)
2019-11-09 18:00:00,2019,11,19,16492,9.03,HOEP (Legacy)
2019-11-09 19:00:00,2019,11,20,16002,4.72,HOEP (Legacy)
2019-11-09 20:00:00,2019,11,21,15501,2.33,HOEP (Legacy)
2019-11-09 21:00:00,2019,11,22,14972,0.43,HOEP (Legacy)
2019-11-09 22:00:00,2019,11,23,14241,0.0,HOEP (Legacy)
2019-11-09 23:00:00,2019,11,24,13334,0.0,HOEP (Legacy)
2019-11-10 00:00:00,2019,11,1,12877,-0.06,HOEP (Legacy)
2019-11-10 01:00:00,2019,11,2,12483,0.0,HOEP (Legacy)
2019-11-10 02:00:00,2019,11,3,12204,0.0,HOEP (Legacy)
2019-11-10 03:00:00,2019,11,4,12012,0.0,HOEP (Legacy)
2019-11-10 04:00:00,2019,11,5,12052,0.0,HOEP (Legacy)
2019-11-10 05:00:00,2019,11,6,12251,0.0,HOEP (Legacy)
2019-11-10 06:00:00,2019,11,7,12688,1.92,HOEP (Legacy)
2019-11-10 07:00:00,2019,11,8,13270,1.5,HOEP (Legacy)
2019-11-10 08:00:00,2019,11,9,13872,5.23,HOEP (Legacy)
2019-11-10 09:00:00,2019,11,10,14389,11.53,HOEP (Legacy)
2019-11-10 10:00:00,2019,11,11,14868,5.99,HOEP (Legacy)
2019-11-10 11:00:00,2019,11,12,15073,30.27,HOEP (Legacy)
2019-11-10 12:00:00,2019,11,13,15160,16.2,HOEP (Legacy)
2019-11-10 13:00:00,2019,11,14,15265,11.25,HOEP (Legacy)
2019-11-10 14:00:00,2019,11,15,15522,26.33,HOEP (Legacy)
2019-11-10 15:00:00,2019,11,16,16054,17.28,HOEP (Legacy)
2019-11-10 16:00:00,2019,11,17,16696,16.17,HOEP (Legacy)
2019-11-10 17:00:00,2019,11,18,17291,13.34,HOEP (Legacy)
2019-11-10 18:00:00,2019,11,19,16991,13.36,HOEP (Legacy)
2019-11-10 19:00:00,2019,11,20,16612,28.61,HOEP (Legacy)
2019-11-10 20:00:00,2019,11,21,16291,37.49,HOEP (Legacy)
2019-11-10 21:00:00,2019,11,22,15652,15.62,HOEP (Legacy)
2019-11-10 22:00:00,2019,11,23,14760,12.8,HOEP (Legacy)
2019-11-10 23:00:00,2019,11,24,13994,16.26,HOEP (Legacy)
2019-11-11 00:00:00,2019,11,1,13466,17.66,HOEP (Legacy)
2019-11-11 01:00:00,2019,11,2,13137,16.9,HOEP (Legacy)
2019-11-11 02:00:00,2019,11,3,12954,14.27,HOEP (Legacy)
2019-11-11 03:00:00,2019,11,4,13006,28.34,HOEP (Legacy)
2019-11-11 04:00:00,2019,11,5,13173,9.67,HOEP (Legacy)
2019-11-11 05:00:00,2019,11,6,13851,1.54,HOEP (Legacy)
2019-11-11 06:00:00,2019,11,7,15260,9.45,HOEP (Legacy)
2019-11-11 07:00:00,2019,11,8,16557,27.53,HOEP (Legacy)
2019-11-11 08:00:00,2019,11,9,16991,29.6,HOEP (Legacy)
2019-11-11 09:00:00,2019,11,10,17187,28.19,HOEP (Legacy)
2019-11-11 10:00:00,2019,11,11,17326,28.7,HOEP (Legacy)
2019-11-11 11:00:00,2019,11,12,17396,29.46,HOEP (Legacy)
2019-11-11 12:00:00,2019,11,13,17602,29.4,HOEP (Legacy)
2019-11-11 13:00:00,2019,11,14,17761,29.25,HOEP (Legacy)
2019-11-11 14:00:00,2019,11,15,17844,27.32,HOEP (Legacy)
2019-11-11 15:00:00,2019,11,16,17952,29.26,HOEP (Legacy)
2019-11-11 16:00:00,2019,11,17,18250,31.97,HOEP (Legacy)
2019-11-11 17:00:00,2019,11,18,19070,34.73,HOEP (Legacy)
2019-11-11 18:00:00,2019,11,19,18879,36.77,HOEP (Legacy)
2019-11-11 19:00:00,2019,11,20,18595,27.83,HOEP (Legacy)
2019-11-11 20:00:00,2019,11,21,18206,26.03,HOEP (Legacy)
2019-11-11 21:00:00,2019,11,22,17477,13.82,HOEP (Legacy)
2019-11-11 22:00:00,2019,11,23,16439,26.46,HOEP (Legacy)
2019-11-11 23:00:00,2019,11,24,15482,51.45,HOEP (Legacy)
2019-11-12 00:00:00,2019,11,1,14937,12.55,HOEP (Legacy)
2019-11-12 01:00:00,2019,11,2,14691,14.36,HOEP (Legacy)
2019-11-12 02:00:00,2019,11,3,14457,18.45,HOEP (Legacy)
2019-11-12 03:00:00,2019,11,4,14353,29.97,HOEP (Legacy)
2019-11-12 04:00:00,2019,11,5,14449,18.35,HOEP (Legacy)
2019-11-12 05:00:00,2019,11,6,14975,1.63,HOEP (Legacy)
2019-11-12 06:00:00,2019,11,7,16304,24.44,HOEP (Legacy)
2019-11-12 07:00:00,2019,11,8,17506,26.37,HOEP (Legacy)
2019-11-12 08:00:00,2019,11,9,17737,26.09,HOEP (Legacy)
2019-11-12 09:00:00,2019,11,10,17753,27.24,HOEP (Legacy)
2019-11-12 10:00:00,2019,11,11,17761,27.15,HOEP (Legacy)
2019-11-12 11:00:00,2019,11,12,17536,25.37,HOEP (Legacy)
2019-11-12 12:00:00,2019,11,13,17430,24.93,HOEP (Legacy)
2019-11-12 13:00:00,2019,11,14,17482,25.0,HOEP (Legacy)
2019-11-12 14:00:00,2019,11,15,17506,25.37,HOEP (Legacy)
2019-11-12 15:00:00,2019,11,16,17792,23.59,HOEP (Legacy)
2019-11-12 16:00:00,2019,11,17,18353,25.93,HOEP (Legacy)
2019-11-12 17:00:00,2019,11,18,19312,37.64,HOEP (Legacy)
2019-11-12 18:00:00,2019,11,19,19234,37.01,HOEP (Legacy)
2019-11-12 19:00:00,2019,11,20,19052,29.71,HOEP (Legacy)
2019-11-12 20:00:00,2019,11,21,18608,29.54,HOEP (Legacy)
2019-11-12 21:00:00,2019,11,22,17951,24.29,HOEP (Legacy)
2019-11-12 22:00:00,2019,11,23,16963,17.89,HOEP (Legacy)
2019-11-12 23:00:00,2019,11,24,16004,15.63,HOEP (Legacy)
2019-11-13 00:00:00,2019,11,1,15326,17.89,HOEP (Legacy)
2019-11-13 01:00:00,2019,11,2,14937,19.05,HOEP (Legacy)
2019-11-13 02:00:00,2019,11,3,14795,16.33,HOEP (Legacy)
2019-11-13 03:00:00,2019,11,4,14796,16.66,HOEP (Legacy)
2019-11-13 04:00:00,2019,11,5,14974,17.12,HOEP (Legacy)
2019-11-13 05:00:00,2019,11,6,15625,22.07,HOEP (Legacy)
2019-11-13 06:00:00,2019,11,7,17053,33.24,HOEP (Legacy)
2019-11-13 07:00:00,2019,11,8,18152,66.83,HOEP (Legacy)
2019-11-13 08:00:00,2019,11,9,18243,53.25,HOEP (Legacy)
2019-11-13 09:00:00,2019,11,10,18151,79.51,HOEP (Legacy)
2019-11-13 10:00:00,2019,11,11,18139,32.34,HOEP (Legacy)
2019-11-13 11:00:00,2019,11,12,18022,32.46,HOEP (Legacy)
2019-11-13 12:00:00,2019,11,13,17842,29.2,HOEP (Legacy)
2019-11-13 13:00:00,2019,11,14,17817,29.49,HOEP (Legacy)
2019-11-13 14:00:00,2019,11,15,17850,29.92,HOEP (Legacy)
2019-11-13 15:00:00,2019,11,16,17938,31.64,HOEP (Legacy)
2019-11-13 16:00:00,2019,11,17,18185,32.02,HOEP (Legacy)
2019-11-13 17:00:00,2019,11,18,19625,32.26,HOEP (Legacy)
2019-11-13 18:00:00,2019,11,19,19394,31.65,HOEP (Legacy)
2019-11-13 19:00:00,2019,11,20,19103,32.16,HOEP (Legacy)
2019-11-13 20:00:00,2019,11,21,18613,29.82,HOEP (Legacy)
2019-11-13 21:00:00,2019,11,22,17993,25.61,HOEP (Legacy)
2019-11-13 22:00:00,2019,11,23,16762,9.81,HOEP (Legacy)
2019-11-13 23:00:00,2019,11,24,15935,18.75,HOEP (Legacy)
2019-11-14 00:00:00,2019,11,1,15364,24.24,HOEP (Legacy)
2019-11-14 01:00:00,2019,11,2,14877,16.43,HOEP (Legacy)
2019-11-14 02:00:00,2019,11,3,14590,14.5,HOEP (Legacy)
2019-11-14 03:00:00,2019,11,4,14478,14.38,HOEP (Legacy)
2019-11-14 04:00:00,2019,11,5,14648,20.13,HOEP (Legacy)
2019-11-14 05:00:00,2019,11,6,15341,0.0,HOEP (Legacy)
2019-11-14 06:00:00,2019,11,7,16576,37.4,HOEP (Legacy)
2019-11-14 07:00:00,2019,11,8,17821,76.97,HOEP (Legacy)
2019-11-14 08:00:00,2019,11,9,17982,1028.52,HOEP (Legacy)
2019-11-14 09:00:00,2019,11,10,18133,31.9,HOEP (Legacy)
2019-11-14 10:00:00,2019,11,11,18039,28.43,HOEP (Legacy)
2019-11-14 11:00:00,2019,11,12,18017,26.35,HOEP (Legacy)
2019-11-14 12:00:00,2019,11,13,17829,28.25,HOEP (Legacy)
2019-11-14 13:00:00,2019,11,14,17876,27.8,HOEP (Legacy)
2019-11-14 14:00:00,2019,11,15,17850,32.18,HOEP (Legacy)
2019-11-14 15:00:00,2019,11,16,17957,30.12,HOEP (Legacy)
2019-11-14 16:00:00,2019,11,17,18516,29.17,HOEP (Legacy)
2019-11-14 17:00:00,2019,11,18,19119,31.09,HOEP (Legacy)
2019-11-14 18:00:00,2019,11,19,18618,26.52,HOEP (Legacy)
2019-11-14 19:00:00,2019,11,20,18308,25.97,HOEP (Legacy)
2019-11-14 20:00:00,2019,11,21,17893,25.33,HOEP (Legacy)
2019-11-14 21:00:00,2019,11,22,17119,21.15,HOEP (Legacy)
2019-11-14 22:00:00,2019,11,23,15893,10.73,HOEP (Legacy)
2019-11-14 23:00:00,2019,11,24,15000,4.6,HOEP (Legacy)
2019-11-15 00:00:00,2019,11,1,14252,7.22,HOEP (Legacy)
2019-11-15 01:00:00,2019,11,2,13770,12.7,HOEP (Legacy)
2019-11-15 02:00:00,2019,11,3,13443,10.34,HOEP (Legacy)
2019-11-15 03:00:00,2019,11,4,13368,13.34,HOEP (Legacy)
2019-11-15 04:00:00,2019,11,5,13641,9.1,HOEP (Legacy)
2019-11-15 05:00:00,2019,11,6,14362,8.73,HOEP (Legacy)
2019-11-15 06:00:00,2019,11,7,15627,5.34,HOEP (Legacy)
2019-11-15 07:00:00,2019,11,8,16633,8.98,HOEP (Legacy)
2019-11-15 08:00:00,2019,11,9,17086,18.05,HOEP (Legacy)
2019-11-15 09:00:00,2019,11,10,17643,27.54,HOEP (Legacy)
2019-11-15 10:00:00,2019,11,11,17878,27.53,HOEP (Legacy)
2019-11-15 11:00:00,2019,11,12,17817,27.53,HOEP (Legacy)
2019-11-15 12:00:00,2019,11,13,17561,27.47,HOEP (Legacy)
2019-11-15 13:00:00,2019,11,14,17425,27.51,HOEP (Legacy)
2019-11-15 14:00:00,2019,11,15,17573,24.56,HOEP (Legacy)
2019-11-15 15:00:00,2019,11,16,17427,27.11,HOEP (Legacy)
2019-11-15 16:00:00,2019,11,17,17879,28.35,HOEP (Legacy)
2019-11-15 17:00:00,2019,11,18,18494,32.83,HOEP (Legacy)
2019-11-15 18:00:00,2019,11,19,18242,29.53,HOEP (Legacy)
2019-11-15 19:00:00,2019,11,20,18078,27.77,HOEP (Legacy)
2019-11-15 20:00:00,2019,11,21,17745,27.42,HOEP (Legacy)
2019-11-15 21:00:00,2019,11,22,17217,26.47,HOEP (Legacy)
2019-11-15 22:00:00,2019,11,23,16366,20.89,HOEP (Legacy)
2019-11-15 23:00:00,2019,11,24,15309,25.77,HOEP (Legacy)
2019-11-16 00:00:00,2019,11,1,14844,18.76,HOEP (Legacy)
2019-11-16 01:00:00,2019,11,2,14534,28.57,HOEP (Legacy)
2019-11-16 02:00:00,2019,11,3,14265,16.59,HOEP (Legacy)
2019-11-16 03:00:00,2019,11,4,14165,24.07,HOEP (Legacy)
2019-11-16 04:00:00,2019,11,5,14205,10.94,HOEP (Legacy)
2019-11-16 05:00:00,2019,11,6,14500,16.07,HOEP (Legacy)
2019-11-16 06:00:00,2019,11,7,15053,23.89,HOEP (Legacy)
2019-11-16 07:00:00,2019,11,8,15805,18.78,HOEP (Legacy)
2019-11-16 08:00:00,2019,11,9,16286,26.33,HOEP (Legacy)
2019-11-16 09:00:00,2019,11,10,16607,26.34,HOEP (Legacy)
2019-11-16 10:00:00,2019,11,11,16710,27.22,HOEP (Legacy)
2019-11-16 11:00:00,2019,11,12,16562,29.83,HOEP (Legacy)
2019-11-16 12:00:00,2019,11,13,16395,26.49,HOEP (Legacy)
2019-11-16 13:00:00,2019,11,14,16108,30.25,HOEP (Legacy)
2019-11-16 14:00:00,2019,11,15,16093,23.93,HOEP (Legacy)
2019-11-16 15:00:00,2019,11,16,16360,25.93,HOEP (Legacy)
2019-11-16 16:00:00,2019,11,17,17159,25.47,HOEP (Legacy)
2019-11-16 17:00:00,2019,11,18,18193,28.97,HOEP (Legacy)
2019-11-16 18:00:00,2019,11,19,17929,32.78,HOEP (Legacy)
2019-11-16 19:00:00,2019,11,20,17424,25.28,HOEP (Legacy)
2019-11-16 20:00:00,2019,11,21,16972,21.72,HOEP (Legacy)
2019-11-16 21:00:00,2019,11,22,16506,17.42,HOEP (Legacy)
2019-11-16 22:00:00,2019,11,23,15862,15.9,HOEP (Legacy)
2019-11-16 23:00:00,2019,11,24,14991,21.79,HOEP (Legacy)
2019-11-17 00:00:00,2019,11,1,14384,31.65,HOEP (Legacy)
2019-11-17 01:00:00,2019,11,2,13886,28.37,HOEP (Legacy)
2019-11-17 02:00:00,2019,11,3,13673,13.36,HOEP (Legacy)
2019-11-17 03:00:00,2019,11,4,13585,21.16,HOEP (Legacy)
2019-11-17 04:00:00,2019,11,5,13589,14.91,HOEP (Legacy)
2019-11-17 05:00:00,2019,11,6,13718,13.36,HOEP (Legacy)
2019-11-17 06:00:00,2019,11,7,14119,27.64,HOEP (Legacy)
2019-11-17 07:00:00,2019,11,8,14676,13.37,HOEP (Legacy)
2019-11-17 08:00:00,2019,11,9,15032,26.39,HOEP (Legacy)
2019-11-17 09:00:00,2019,11,10,15080,27.55,HOEP (Legacy)
2019-11-17 10:00:00,2019,11,11,15099,27.64,HOEP (Legacy)
2019-11-17 11:00:00,2019,11,12,15068,27.21,HOEP (Legacy)
2019-11-17 12:00:00,2019,11,13,15048,23.24,HOEP (Legacy)
2019-11-17 13:00:00,2019,11,14,14879,21.43,HOEP (Legacy)
2019-11-17 14:00:00,2019,11,15,15101,16.99,HOEP (Legacy)
2019-11-17 15:00:00,2019,11,16,15752,22.75,HOEP (Legacy)
2019-11-17 16:00:00,2019,11,17,16863,28.81,HOEP (Legacy)
2019-11-17 17:00:00,2019,11,18,18010,30.45,HOEP (Legacy)
2019-11-17 18:00:00,2019,11,19,17812,31.77,HOEP (Legacy)
2019-11-17 19:00:00,2019,11,20,17365,29.37,HOEP (Legacy)
2019-11-17 20:00:00,2019,11,21,16936,25.94,HOEP (Legacy)
2019-11-17 21:00:00,2019,11,22,16338,25.86,HOEP (Legacy)
2019-11-17 22:00:00,2019,11,23,15394,25.42,HOEP (Legacy)
2019-11-17 23:00:00,2019,11,24,14493,31.56,HOEP (Legacy)
2019-11-18 00:00:00,2019,11,1,13989,25.82,HOEP (Legacy)
2019-11-18 01:00:00,2019,11,2,13853,22.69,HOEP (Legacy)
2019-11-18 02:00:00,2019,11,3,13659,19.33,HOEP (Legacy)
2019-11-18 03:00:00,2019,11,4,13588,13.59,HOEP (Legacy)
2019-11-18 04:00:00,2019,11,5,13829,26.83,HOEP (Legacy)
2019-11-18 05:00:00,2019,11,6,14366,25.5,HOEP (Legacy)
2019-11-18 06:00:00,2019,11,7,15634,29.95,HOEP (Legacy)
2019-11-18 07:00:00,2019,11,8,17042,30.98,HOEP (Legacy)
2019-11-18 08:00:00,2019,11,9,17239,29.08,HOEP (Legacy)
2019-11-18 09:00:00,2019,11,10,17282,27.77,HOEP (Legacy)
2019-11-18 10:00:00,2019,11,11,17315,29.75,HOEP (Legacy)
2019-11-18 11:00:00,2019,11,12,17240,30.06,HOEP (Legacy)
2019-11-18 12:00:00,2019,11,13,17110,30.61,HOEP (Legacy)
2019-11-18 13:00:00,2019,11,14,17126,33.37,HOEP (Legacy)
2019-11-18 14:00:00,2019,11,15,17352,31.8,HOEP (Legacy)
2019-11-18 15:00:00,2019,11,16,17611,31.61,HOEP (Legacy)
2019-11-18 16:00:00,2019,11,17,18237,31.08,HOEP (Legacy)
2019-11-18 17:00:00,2019,11,18,18982,36.2,HOEP (Legacy)
2019-11-18 18:00:00,2019,11,19,18654,45.28,HOEP (Legacy)
2019-11-18 19:00:00,2019,11,20,18353,32.8,HOEP (Legacy)
2019-11-18 20:00:00,2019,11,21,17846,30.62,HOEP (Legacy)
2019-11-18 21:00:00,2019,11,22,17226,29.31,HOEP (Legacy)
2019-11-18 22:00:00,2019,11,23,16090,27.15,HOEP (Legacy)
2019-11-18 23:00:00,2019,11,24,15039,23.16,HOEP (Legacy)
2019-11-19 00:00:00,2019,11,1,14268,19.32,HOEP (Legacy)
2019-11-19 01:00:00,2019,11,2,13764,22.47,HOEP (Legacy)
2019-11-19 02:00:00,2019,11,3,13592,16.28,HOEP (Legacy)
2019-11-19 03:00:00,2019,11,4,13556,21.55,HOEP (Legacy)
2019-11-19 04:00:00,2019,11,5,13636,21.39,HOEP (Legacy)
2019-11-19 05:00:00,2019,11,6,14286,22.76,HOEP (Legacy)
2019-11-19 06:00:00,2019,11,7,15580,26.79,HOEP (Legacy)
2019-11-19 07:00:00,2019,11,8,16856,29.69,HOEP (Legacy)
2019-11-19 08:00:00,2019,11,9,17109,28.52,HOEP (Legacy)
2019-11-19 09:00:00,2019,11,10,17018,32.61,HOEP (Legacy)
2019-11-19 10:00:00,2019,11,11,17042,28.84,HOEP (Legacy)
2019-11-19 11:00:00,2019,11,12,16941,28.37,HOEP (Legacy)
2019-11-19 12:00:00,2019,11,13,16874,28.88,HOEP (Legacy)
2019-11-19 13:00:00,2019,11,14,16881,29.24,HOEP (Legacy)
2019-11-19 14:00:00,2019,11,15,16975,29.23,HOEP (Legacy)
2019-11-19 15:00:00,2019,11,16,17274,27.48,HOEP (Legacy)
2019-11-19 16:00:00,2019,11,17,17927,27.15,HOEP (Legacy)
2019-11-19 17:00:00,2019,11,18,18679,28.88,HOEP (Legacy)
2019-11-19 18:00:00,2019,11,19,18337,28.61,HOEP (Legacy)
2019-11-19 19:00:00,2019,11,20,18010,27.62,HOEP (Legacy)
2019-11-19 20:00:00,2019,11,21,17537,27.31,HOEP (Legacy)
2019-11-19 21:00:00,2019,11,22,16888,25.62,HOEP (Legacy)
2019-11-19 22:00:00,2019,11,23,15741,23.27,HOEP (Legacy)
2019-11-19 23:00:00,2019,11,24,14704,21.66,HOEP (Legacy)
2019-11-20 00:00:00,2019,11,1,13955,28.91,HOEP (Legacy)
2019-11-20 01:00:00,2019,11,2,13534,15.78,HOEP (Legacy)
2019-11-20 02:00:00,2019,11,3,13261,29.18,HOEP (Legacy)
2019-11-20 03:00:00,2019,11,4,13207,18.58,HOEP (Legacy)
2019-11-20 04:00:00,2019,11,5,13340,15.39,HOEP (Legacy)
2019-11-20 05:00:00,2019,11,6,14031,19.3,HOEP (Legacy)
2019-11-20 06:00:00,2019,11,7,15331,28.2,HOEP (Legacy)
2019-11-20 07:00:00,2019,11,8,16607,28.66,HOEP (Legacy)
2019-11-20 08:00:00,2019,11,9,16916,27.97,HOEP (Legacy)
2019-11-20 09:00:00,2019,11,10,16899,27.98,HOEP (Legacy)
2019-11-20 10:00:00,2019,11,11,16798,27.97,HOEP (Legacy)
2019-11-20 11:00:00,2019,11,12,16480,27.96,HOEP (Legacy)
2019-11-20 12:00:00,2019,11,13,16310,27.96,HOEP (Legacy)
2019-11-20 13:00:00,2019,11,14,16211,27.96,HOEP (Legacy)
2019-11-20 14:00:00,2019,11,15,16230,27.07,HOEP (Legacy)
2019-11-20 15:00:00,2019,11,16,16493,25.83,HOEP (Legacy)
2019-11-20 16:00:00,2019,11,17,17279,27.43,HOEP (Legacy)
2019-11-20 17:00:00,2019,11,18,18178,30.68,HOEP (Legacy)
2019-11-20 18:00:00,2019,11,19,18034,31.6,HOEP (Legacy)
2019-11-20 19:00:00,2019,11,20,17847,44.37,HOEP (Legacy)
2019-11-20 20:00:00,2019,11,21,17492,28.36,HOEP (Legacy)
2019-11-20 21:00:00,2019,11,22,17072,28.39,HOEP (Legacy)
2019-11-20 22:00:00,2019,11,23,16143,26.85,HOEP (Legacy)
2019-11-20 23:00:00,2019,11,24,14951,24.68,HOEP (Legacy)
2019-11-21 00:00:00,2019,11,1,14202,25.61,HOEP (Legacy)
2019-11-21 01:00:00,2019,11,2,13772,24.68,HOEP (Legacy)
2019-11-21 02:00:00,2019,11,3,13482,26.97,HOEP (Legacy)
2019-11-21 03:00:00,2019,11,4,13488,12.5,HOEP (Legacy)
2019-11-21 04:00:00,2019,11,5,13571,0.43,HOEP (Legacy)
2019-11-21 05:00:00,2019,11,6,14010,1.23,HOEP (Legacy)
2019-11-21 06:00:00,2019,11,7,15131,3.32,HOEP (Legacy)
2019-11-21 07:00:00,2019,11,8,16293,10.44,HOEP (Legacy)
2019-11-21 08:00:00,2019,11,9,16659,12.3,HOEP (Legacy)
2019-11-21 09:00:00,2019,11,10,16769,17.27,HOEP (Legacy)
2019-11-21 10:00:00,2019,11,11,16722,22.09,HOEP (Legacy)
2019-11-21 11:00:00,2019,11,12,16688,21.09,HOEP (Legacy)
2019-11-21 12:00:00,2019,11,13,16607,12.49,HOEP (Legacy)
2019-11-21 13:00:00,2019,11,14,16673,13.08,HOEP (Legacy)
2019-11-21 14:00:00,2019,11,15,16815,20.59,HOEP (Legacy)
2019-11-21 15:00:00,2019,11,16,17075,12.11,HOEP (Legacy)
2019-11-21 16:00:00,2019,11,17,17731,15.09,HOEP (Legacy)
2019-11-21 17:00:00,2019,11,18,18075,10.99,HOEP (Legacy)
2019-11-21 18:00:00,2019,11,19,17689,9.39,HOEP (Legacy)
2019-11-21 19:00:00,2019,11,20,17449,10.23,HOEP (Legacy)
2019-11-21 20:00:00,2019,11,21,17143,16.19,HOEP (Legacy)
2019-11-21 21:00:00,2019,11,22,16440,8.01,HOEP (Legacy)
2019-11-21 22:00:00,2019,11,23,15441,1.72,HOEP (Legacy)
2019-11-21 23:00:00,2019,11,24,14090,0.88,HOEP (Legacy)
2019-11-22 00:00:00,2019,11,1,13366,0.0,HOEP (Legacy)
2019-11-22 01:00:00,2019,11,2,12948,0.0,HOEP (Legacy)
2019-11-22 02:00:00,2019,11,3,12763,-0.13,HOEP (Legacy)
2019-11-22 03:00:00,2019,11,4,12790,-0.14,HOEP (Legacy)
2019-11-22 04:00:00,2019,11,5,12949,0.0,HOEP (Legacy)
2019-11-22 05:00:00,2019,11,6,13647,0.0,HOEP (Legacy)
2019-11-22 06:00:00,2019,11,7,14825,0.98,HOEP (Legacy)
2019-11-22 07:00:00,2019,11,8,16253,14.15,HOEP (Legacy)
2019-11-22 08:00:00,2019,11,9,16763,16.47,HOEP (Legacy)
2019-11-22 09:00:00,2019,11,10,16581,13.38,HOEP (Legacy)
2019-11-22 10:00:00,2019,11,11,16559,13.37,HOEP (Legacy)
2019-11-22 11:00:00,2019,11,12,16494,18.45,HOEP (Legacy)
2019-11-22 12:00:00,2019,11,13,16323,6.86,HOEP (Legacy)
2019-11-22 13:00:00,2019,11,14,16367,14.53,HOEP (Legacy)
2019-11-22 14:00:00,2019,11,15,16584,27.21,HOEP (Legacy)
2019-11-22 15:00:00,2019,11,16,16814,29.67,HOEP (Legacy)
2019-11-22 16:00:00,2019,11,17,17734,46.91,HOEP (Legacy)
2019-11-22 17:00:00,2019,11,18,18427,55.15,HOEP (Legacy)
2019-11-22 18:00:00,2019,11,19,18014,50.5,HOEP (Legacy)
2019-11-22 19:00:00,2019,11,20,17794,31.98,HOEP (Legacy)
2019-11-22 20:00:00,2019,11,21,17553,30.46,HOEP (Legacy)
2019-11-22 21:00:00,2019,11,22,16968,28.6,HOEP (Legacy)
2019-11-22 22:00:00,2019,11,23,16174,25.79,HOEP (Legacy)
2019-11-22 23:00:00,2019,11,24,15034,25.72,HOEP (Legacy)
2019-11-23 00:00:00,2019,11,1,14249,30.41,HOEP (Legacy)
2019-11-23 01:00:00,2019,11,2,13782,35.69,HOEP (Legacy)
2019-11-23 02:00:00,2019,11,3,13423,20.29,HOEP (Legacy)
2019-11-23 03:00:00,2019,11,4,13257,15.1,HOEP (Legacy)
2019-11-23 04:00:00,2019,11,5,13272,5.44,HOEP (Legacy)
2019-11-23 05:00:00,2019,11,6,13440,13.36,HOEP (Legacy)
2019-11-23 06:00:00,2019,11,7,14109,8.87,HOEP (Legacy)
2019-11-23 07:00:00,2019,11,8,14887,25.18,HOEP (Legacy)
2019-11-23 08:00:00,2019,11,9,15285,16.57,HOEP (Legacy)
2019-11-23 09:00:00,2019,11,10,15443,20.52,HOEP (Legacy)
2019-11-23 10:00:00,2019,11,11,15361,11.37,HOEP (Legacy)
2019-11-23 11:00:00,2019,11,12,14979,6.51,HOEP (Legacy)
2019-11-23 12:00:00,2019,11,13,14704,27.63,HOEP (Legacy)
2019-11-23 13:00:00,2019,11,14,14964,27.69,HOEP (Legacy)
2019-11-23 14:00:00,2019,11,15,15455,29.1,HOEP (Legacy)
2019-11-23 15:00:00,2019,11,16,15796,26.45,HOEP (Legacy)
2019-11-23 16:00:00,2019,11,17,16441,32.42,HOEP (Legacy)
2019-11-23 17:00:00,2019,11,18,17189,28.63,HOEP (Legacy)
2019-11-23 18:00:00,2019,11,19,16911,28.1,HOEP (Legacy)
2019-11-23 19:00:00,2019,11,20,16486,28.63,HOEP (Legacy)
2019-11-23 20:00:00,2019,11,21,16140,40.34,HOEP (Legacy)
2019-11-23 21:00:00,2019,11,22,15679,34.81,HOEP (Legacy)
2019-11-23 22:00:00,2019,11,23,14936,13.2,HOEP (Legacy)
2019-11-23 23:00:00,2019,11,24,13958,7.13,HOEP (Legacy)
2019-11-24 00:00:00,2019,11,1,13295,6.82,HOEP (Legacy)
2019-11-24 01:00:00,2019,11,2,12930,11.26,HOEP (Legacy)
2019-11-24 02:00:00,2019,11,3,12695,14.81,HOEP (Legacy)
2019-11-24 03:00:00,2019,11,4,12647,35.96,HOEP (Legacy)
2019-11-24 04:00:00,2019,11,5,12774,37.42,HOEP (Legacy)
2019-11-24 05:00:00,2019,11,6,12899,14.36,HOEP (Legacy)
2019-11-24 06:00:00,2019,11,7,13318,13.74,HOEP (Legacy)
2019-11-24 07:00:00,2019,11,8,13953,34.04,HOEP (Legacy)
2019-11-24 08:00:00,2019,11,9,14562,56.49,HOEP (Legacy)
2019-11-24 09:00:00,2019,11,10,14683,15.49,HOEP (Legacy)
2019-11-24 10:00:00,2019,11,11,14714,12.24,HOEP (Legacy)
2019-11-24 11:00:00,2019,11,12,14362,2.72,HOEP (Legacy)
2019-11-24 12:00:00,2019,11,13,14231,1.84,HOEP (Legacy)
2019-11-24 13:00:00,2019,11,14,13862,0.0,HOEP (Legacy)
2019-11-24 14:00:00,2019,11,15,13877,0.0,HOEP (Legacy)
2019-11-24 15:00:00,2019,11,16,14778,0.77,HOEP (Legacy)
2019-11-24 16:00:00,2019,11,17,16021,4.71,HOEP (Legacy)
2019-11-24 17:00:00,2019,11,18,17101,11.52,HOEP (Legacy)
2019-11-24 18:00:00,2019,11,19,16952,14.37,HOEP (Legacy)
2019-11-24 19:00:00,2019,11,20,16531,14.81,HOEP (Legacy)
2019-11-24 20:00:00,2019,11,21,16108,14.81,HOEP (Legacy)
2019-11-24 21:00:00,2019,11,22,15560,18.73,HOEP (Legacy)
2019-11-24 22:00:00,2019,11,23,14659,16.07,HOEP (Legacy)
2019-11-24 23:00:00,2019,11,24,13858,19.18,HOEP (Legacy)
2019-11-25 00:00:00,2019,11,1,13316,30.75,HOEP (Legacy)
2019-11-25 01:00:00,2019,11,2,12928,14.4,HOEP (Legacy)
2019-11-25 02:00:00,2019,11,3,12773,18.53,HOEP (Legacy)
2019-11-25 03:00:00,2019,11,4,12763,25.76,HOEP (Legacy)
2019-11-25 04:00:00,2019,11,5,12958,14.37,HOEP (Legacy)
2019-11-25 05:00:00,2019,11,6,13559,1.62,HOEP (Legacy)
2019-11-25 06:00:00,2019,11,7,14930,14.53,HOEP (Legacy)
2019-11-25 07:00:00,2019,11,8,16391,47.38,HOEP (Legacy)
2019-11-25 08:00:00,2019,11,9,16457,26.57,HOEP (Legacy)
2019-11-25 09:00:00,2019,11,10,16190,14.38,HOEP (Legacy)
2019-11-25 10:00:00,2019,11,11,16218,20.78,HOEP (Legacy)
2019-11-25 11:00:00,2019,11,12,16215,22.16,HOEP (Legacy)
2019-11-25 12:00:00,2019,11,13,16257,22.3,HOEP (Legacy)
2019-11-25 13:00:00,2019,11,14,16464,25.06,HOEP (Legacy)
2019-11-25 14:00:00,2019,11,15,16493,22.26,HOEP (Legacy)
2019-11-25 15:00:00,2019,11,16,16728,20.7,HOEP (Legacy)
2019-11-25 16:00:00,2019,11,17,17472,26.49,HOEP (Legacy)
2019-11-25 17:00:00,2019,11,18,18411,28.58,HOEP (Legacy)
2019-11-25 18:00:00,2019,11,19,17803,15.06,HOEP (Legacy)
2019-11-25 19:00:00,2019,11,20,17545,9.45,HOEP (Legacy)
2019-11-25 20:00:00,2019,11,21,17126,6.31,HOEP (Legacy)
2019-11-25 21:00:00,2019,11,22,16297,5.75,HOEP (Legacy)
2019-11-25 22:00:00,2019,11,23,15270,3.12,HOEP (Legacy)
2019-11-25 23:00:00,2019,11,24,14080,0.0,HOEP (Legacy)
2019-11-26 00:00:00,2019,11,1,13273,0.0,HOEP (Legacy)
2019-11-26 01:00:00,2019,11,2,12819,0.0,HOEP (Legacy)
2019-11-26 02:00:00,2019,11,3,12639,0.0,HOEP (Legacy)
2019-11-26 03:00:00,2019,11,4,12529,0.0,HOEP (Legacy)
2019-11-26 04:00:00,2019,11,5,12824,0.0,HOEP (Legacy)
2019-11-26 05:00:00,2019,11,6,13562,0.0,HOEP (Legacy)
2019-11-26 06:00:00,2019,11,7,14801,7.48,HOEP (Legacy)
2019-11-26 07:00:00,2019,11,8,16118,16.77,HOEP (Legacy)
2019-11-26 08:00:00,2019,11,9,16284,26.9,HOEP (Legacy)
2019-11-26 09:00:00,2019,11,10,16124,24.65,HOEP (Legacy)
2019-11-26 10:00:00,2019,11,11,15820,14.37,HOEP (Legacy)
2019-11-26 11:00:00,2019,11,12,15596,14.81,HOEP (Legacy)
2019-11-26 12:00:00,2019,11,13,15371,14.16,HOEP (Legacy)
2019-11-26 13:00:00,2019,11,14,15337,18.18,HOEP (Legacy)
2019-11-26 14:00:00,2019,11,15,15706,20.44,HOEP (Legacy)
2019-11-26 15:00:00,2019,11,16,16225,23.41,HOEP (Legacy)
2019-11-26 16:00:00,2019,11,17,16887,28.61,HOEP (Legacy)
2019-11-26 17:00:00,2019,11,18,17924,35.33,HOEP (Legacy)
2019-11-26 18:00:00,2019,11,19,17830,31.23,HOEP (Legacy)
2019-11-26 19:00:00,2019,11,20,17625,27.79,HOEP (Legacy)
2019-11-26 20:00:00,2019,11,21,16914,14.11,HOEP (Legacy)
2019-11-26 21:00:00,2019,11,22,16312,16.85,HOEP (Legacy)
2019-11-26 22:00:00,2019,11,23,15271,3.12,HOEP (Legacy)
2019-11-26 23:00:00,2019,11,24,14077,0.0,HOEP (Legacy)
2019-11-27 00:00:00,2019,11,1,13259,0.0,HOEP (Legacy)
2019-11-27 01:00:00,2019,11,2,12868,0.0,HOEP (Legacy)
2019-11-27 02:00:00,2019,11,3,12587,0.0,HOEP (Legacy)
2019-11-27 03:00:00,2019,11,4,12534,0.0,HOEP (Legacy)
2019-11-27 04:00:00,2019,11,5,12682,0.0,HOEP (Legacy)
2019-11-27 05:00:00,2019,11,6,13261,0.0,HOEP (Legacy)
2019-11-27 06:00:00,2019,11,7,14529,4.23,HOEP (Legacy)
2019-11-27 07:00:00,2019,11,8,16096,38.02,HOEP (Legacy)
2019-11-27 08:00:00,2019,11,9,16560,33.51,HOEP (Legacy)
2019-11-27 09:00:00,2019,11,10,16679,49.21,HOEP (Legacy)
2019-11-27 10:00:00,2019,11,11,16646,38.2,HOEP (Legacy)
2019-11-27 11:00:00,2019,11,12,16825,67.87,HOEP (Legacy)
2019-11-27 12:00:00,2019,11,13,16906,45.79,HOEP (Legacy)
2019-11-27 13:00:00,2019,11,14,16961,21.63,HOEP (Legacy)
2019-11-27 14:00:00,2019,11,15,16761,0.43,HOEP (Legacy)
2019-11-27 15:00:00,2019,11,16,17100,5.03,HOEP (Legacy)
2019-11-27 16:00:00,2019,11,17,17596,9.97,HOEP (Legacy)
2019-11-27 17:00:00,2019,11,18,18211,31.42,HOEP (Legacy)
2019-11-27 18:00:00,2019,11,19,17668,5.86,HOEP (Legacy)
2019-11-27 19:00:00,2019,11,20,17381,5.61,HOEP (Legacy)
2019-11-27 20:00:00,2019,11,21,16981,9.23,HOEP (Legacy)
2019-11-27 21:00:00,2019,11,22,16364,9.56,HOEP (Legacy)
2019-11-27 22:00:00,2019,11,23,15198,0.38,HOEP (Legacy)
2019-11-27 23:00:00,2019,11,24,14127,0.0,HOEP (Legacy)
2019-11-28 00:00:00,2019,11,1,13314,0.0,HOEP (Legacy)
2019-11-28 01:00:00,2019,11,2,13009,-0.07,HOEP (Legacy)
2019-11-28 02:00:00,2019,11,3,12797,-0.06,HOEP (Legacy)
2019-11-28 03:00:00,2019,11,4,12678,-0.05,HOEP (Legacy)
2019-11-28 04:00:00,2019,11,5,12875,-0.01,HOEP (Legacy)
2019-11-28 05:00:00,2019,11,6,13501,0.0,HOEP (Legacy)
2019-11-28 06:00:00,2019,11,7,14855,0.0,HOEP (Legacy)
2019-11-28 07:00:00,2019,11,8,16261,0.37,HOEP (Legacy)
2019-11-28 08:00:00,2019,11,9,16686,0.0,HOEP (Legacy)
2019-11-28 09:00:00,2019,11,10,16763,0.0,HOEP (Legacy)
2019-11-28 10:00:00,2019,11,11,16678,11.32,HOEP (Legacy)
2019-11-28 11:00:00,2019,11,12,16616,14.8,HOEP (Legacy)
2019-11-28 12:00:00,2019,11,13,16462,7.93,HOEP (Legacy)
2019-11-28 13:00:00,2019,11,14,16304,12.34,HOEP (Legacy)
2019-11-28 14:00:00,2019,11,15,16446,21.36,HOEP (Legacy)
2019-11-28 15:00:00,2019,11,16,16831,12.49,HOEP (Legacy)
2019-11-28 16:00:00,2019,11,17,17679,11.61,HOEP (Legacy)
2019-11-28 17:00:00,2019,11,18,18591,23.2,HOEP (Legacy)
2019-11-28 18:00:00,2019,11,19,18397,27.98,HOEP (Legacy)
2019-11-28 19:00:00,2019,11,20,18325,29.52,HOEP (Legacy)
2019-11-28 20:00:00,2019,11,21,17956,27.91,HOEP (Legacy)
2019-11-28 21:00:00,2019,11,22,17360,27.32,HOEP (Legacy)
2019-11-28 22:00:00,2019,11,23,16393,15.29,HOEP (Legacy)
2019-11-28 23:00:00,2019,11,24,15358,17.7,HOEP (Legacy)
2019-11-29 00:00:00,2019,11,1,14583,50.79,HOEP (Legacy)
2019-11-29 01:00:00,2019,11,2,14097,34.86,HOEP (Legacy)
2019-11-29 02:00:00,2019,11,3,13887,33.38,HOEP (Legacy)
2019-11-29 03:00:00,2019,11,4,13841,32.62,HOEP (Legacy)
2019-11-29 04:00:00,2019,11,5,13963,13.37,HOEP (Legacy)
2019-11-29 05:00:00,2019,11,6,14536,26.23,HOEP (Legacy)
2019-11-29 06:00:00,2019,11,7,15771,23.24,HOEP (Legacy)
2019-11-29 07:00:00,2019,11,8,17107,25.16,HOEP (Legacy)
2019-11-29 08:00:00,2019,11,9,17563,26.31,HOEP (Legacy)
2019-11-29 09:00:00,2019,11,10,17567,26.39,HOEP (Legacy)
2019-11-29 10:00:00,2019,11,11,17550,26.56,HOEP (Legacy)
2019-11-29 11:00:00,2019,11,12,17472,44.07,HOEP (Legacy)
2019-11-29 12:00:00,2019,11,13,17320,27.66,HOEP (Legacy)
2019-11-29 13:00:00,2019,11,14,17255,26.7,HOEP (Legacy)
2019-11-29 14:00:00,2019,11,15,17250,24.33,HOEP (Legacy)
2019-11-29 15:00:00,2019,11,16,17404,25.44,HOEP (Legacy)
2019-11-29 16:00:00,2019,11,17,17966,25.04,HOEP (Legacy)
2019-11-29 17:00:00,2019,11,18,18633,26.43,HOEP (Legacy)
2019-11-29 18:00:00,2019,11,19,18237,26.58,HOEP (Legacy)
2019-11-29 19:00:00,2019,11,20,17999,25.84,HOEP (Legacy)
2019-11-29 20:00:00,2019,11,21,17722,26.4,HOEP (Legacy)
2019-11-29 21:00:00,2019,11,22,17215,27.07,HOEP (Legacy)
2019-11-29 22:00:00,2019,11,23,16362,25.97,HOEP (Legacy)
2019-11-29 23:00:00,2019,11,24,15373,37.61,HOEP (Legacy)
2019-11-30 00:00:00,2019,11,1,14603,18.56,HOEP (Legacy)
2019-11-30 01:00:00,2019,11,2,14043,18.87,HOEP (Legacy)
2019-11-30 02:00:00,2019,11,3,13726,14.38,HOEP (Legacy)
2019-11-30 03:00:00,2019,11,4,13580,15.22,HOEP (Legacy)
2019-11-30 04:00:00,2019,11,5,13650,14.81,HOEP (Legacy)
2019-11-30 05:00:00,2019,11,6,13874,18.14,HOEP (Legacy)
2019-11-30 06:00:00,2019,11,7,14632,8.42,HOEP (Legacy)
2019-11-30 07:00:00,2019,11,8,15323,12.1,HOEP (Legacy)
2019-11-30 08:00:00,2019,11,9,15908,19.29,HOEP (Legacy)
2019-11-30 09:00:00,2019,11,10,16253,15.04,HOEP (Legacy)
2019-11-30 10:00:00,2019,11,11,16231,23.46,HOEP (Legacy)
2019-11-30 11:00:00,2019,11,12,15830,15.21,HOEP (Legacy)
2019-11-30 12:00:00,2019,11,13,15593,14.39,HOEP (Legacy)
2019-11-30 13:00:00,2019,11,14,15410,14.37,HOEP (Legacy)
2019-11-30 14:00:00,2019,11,15,15533,15.67,HOEP (Legacy)
2019-11-30 15:00:00,2019,11,16,16157,12.95,HOEP (Legacy)
2019-11-30 16:00:00,2019,11,17,16980,22.84,HOEP (Legacy)
2019-11-30 17:00:00,2019,11,18,17814,18.74,HOEP (Legacy)
2019-11-30 18:00:00,2019,11,19,17460,0.93,HOEP (Legacy)
2019-11-30 19:00:00,2019,11,20,17018,2.6,HOEP (Legacy)
2019-11-30 20:00:00,2019,11,21,16620,6.52,HOEP (Legacy)
2019-11-30 21:00:00,2019,11,22,16100,6.79,HOEP (Legacy)
2019-11-30 22:00:00,2019,11,23,15472,6.75,HOEP (Legacy)
2019-11-30 23:00:00,2019,11,24,14691,2.57,HOEP (Legacy)
2019-12-01 00:00:00,2019,12,1,14002,0.0,HOEP (Legacy)
2019-12-01 01:00:00,2019,12,2,13558,0.0,HOEP (Legacy)
2019-12-01 02:00:00,2019,12,3,13304,0.0,HOEP (Legacy)
2019-12-01 03:00:00,2019,12,4,13226,0.0,HOEP (Legacy)
2019-12-01 04:00:00,2019,12,5,13226,0.0,HOEP (Legacy)
2019-12-01 05:00:00,2019,12,6,13595,0.0,HOEP (Legacy)
2019-12-01 06:00:00,2019,12,7,14075,0.0,HOEP (Legacy)
2019-12-01 07:00:00,2019,12,8,14729,8.57,HOEP (Legacy)
2019-12-01 08:00:00,2019,12,9,15820,206.47,HOEP (Legacy)
2019-12-01 09:00:00,2019,12,10,16427,498.42,HOEP (Legacy)
2019-12-01 10:00:00,2019,12,11,16775,161.5,HOEP (Legacy)
2019-12-01 11:00:00,2019,12,12,17092,106.88,HOEP (Legacy)
2019-12-01 12:00:00,2019,12,13,17393,36.03,HOEP (Legacy)
2019-12-01 13:00:00,2019,12,14,17341,26.11,HOEP (Legacy)
2019-12-01 14:00:00,2019,12,15,17584,24.89,HOEP (Legacy)
2019-12-01 15:00:00,2019,12,16,17909,25.44,HOEP (Legacy)
2019-12-01 16:00:00,2019,12,17,18541,27.21,HOEP (Legacy)
2019-12-01 17:00:00,2019,12,18,19160,28.34,HOEP (Legacy)
2019-12-01 18:00:00,2019,12,19,18787,26.83,HOEP (Legacy)
2019-12-01 19:00:00,2019,12,20,18213,26.84,HOEP (Legacy)
2019-12-01 20:00:00,2019,12,21,17722,26.19,HOEP (Legacy)
2019-12-01 21:00:00,2019,12,22,17091,24.08,HOEP (Legacy)
2019-12-01 22:00:00,2019,12,23,16134,5.78,HOEP (Legacy)
2019-12-01 23:00:00,2019,12,24,15028,-0.03,HOEP (Legacy)
2019-12-02 00:00:00,2019,12,1,14438,0.0,HOEP (Legacy)
2019-12-02 01:00:00,2019,12,2,14147,18.72,HOEP (Legacy)
2019-12-02 02:00:00,2019,12,3,14201,22.78,HOEP (Legacy)
2019-12-02 03:00:00,2019,12,4,14157,22.83,HOEP (Legacy)
2019-12-02 04:00:00,2019,12,5,14385,1.53,HOEP (Legacy)
2019-12-02 05:00:00,2019,12,6,14853,0.0,HOEP (Legacy)
2019-12-02 06:00:00,2019,12,7,16048,25.66,HOEP (Legacy)
2019-12-02 07:00:00,2019,12,8,17509,27.49,HOEP (Legacy)
2019-12-02 08:00:00,2019,12,9,17717,29.13,HOEP (Legacy)
2019-12-02 09:00:00,2019,12,10,18050,30.67,HOEP (Legacy)
2019-12-02 10:00:00,2019,12,11,18057,52.62,HOEP (Legacy)
2019-12-02 11:00:00,2019,12,12,17843,26.43,HOEP (Legacy)
2019-12-02 12:00:00,2019,12,13,17569,26.21,HOEP (Legacy)
2019-12-02 13:00:00,2019,12,14,17539,23.48,HOEP (Legacy)
2019-12-02 14:00:00,2019,12,15,17572,24.21,HOEP (Legacy)
2019-12-02 15:00:00,2019,12,16,17771,26.61,HOEP (Legacy)
2019-12-02 16:00:00,2019,12,17,18553,27.66,HOEP (Legacy)
2019-12-02 17:00:00,2019,12,18,19551,31.06,HOEP (Legacy)
2019-12-02 18:00:00,2019,12,19,19296,32.11,HOEP (Legacy)
2019-12-02 19:00:00,2019,12,20,18993,26.98,HOEP (Legacy)
2019-12-02 20:00:00,2019,12,21,18489,26.26,HOEP (Legacy)
2019-12-02 21:00:00,2019,12,22,18009,27.1,HOEP (Legacy)
2019-12-02 22:00:00,2019,12,23,16934,25.83,HOEP (Legacy)
2019-12-02 23:00:00,2019,12,24,15760,25.79,HOEP (Legacy)
2019-12-03 00:00:00,2019,12,1,15112,78.05,HOEP (Legacy)
2019-12-03 01:00:00,2019,12,2,14740,48.65,HOEP (Legacy)
2019-12-03 02:00:00,2019,12,3,14487,19.65,HOEP (Legacy)
2019-12-03 03:00:00,2019,12,4,14426,15.37,HOEP (Legacy)
2019-12-03 04:00:00,2019,12,5,14655,14.43,HOEP (Legacy)
2019-12-03 05:00:00,2019,12,6,15334,2.78,HOEP (Legacy)
2019-12-03 06:00:00,2019,12,7,16606,6.99,HOEP (Legacy)
2019-12-03 07:00:00,2019,12,8,17873,24.67,HOEP (Legacy)
2019-12-03 08:00:00,2019,12,9,17741,24.31,HOEP (Legacy)
2019-12-03 09:00:00,2019,12,10,17569,25.15,HOEP (Legacy)
2019-12-03 10:00:00,2019,12,11,17341,25.2,HOEP (Legacy)
2019-12-03 11:00:00,2019,12,12,17206,25.21,HOEP (Legacy)
2019-12-03 12:00:00,2019,12,13,17063,25.2,HOEP (Legacy)
2019-12-03 13:00:00,2019,12,14,17070,23.52,HOEP (Legacy)
2019-12-03 14:00:00,2019,12,15,17248,16.76,HOEP (Legacy)
2019-12-03 15:00:00,2019,12,16,17702,13.05,HOEP (Legacy)
2019-12-03 16:00:00,2019,12,17,18523,22.02,HOEP (Legacy)
2019-12-03 17:00:00,2019,12,18,19363,25.02,HOEP (Legacy)
2019-12-03 18:00:00,2019,12,19,19229,25.41,HOEP (Legacy)
2019-12-03 19:00:00,2019,12,20,18862,23.5,HOEP (Legacy)
2019-12-03 20:00:00,2019,12,21,18288,19.56,HOEP (Legacy)
2019-12-03 21:00:00,2019,12,22,17657,18.74,HOEP (Legacy)
2019-12-03 22:00:00,2019,12,23,16736,13.61,HOEP (Legacy)
2019-12-03 23:00:00,2019,12,24,15246,18.16,HOEP (Legacy)
2019-12-04 00:00:00,2019,12,1,14239,13.93,HOEP (Legacy)
2019-12-04 01:00:00,2019,12,2,14034,31.01,HOEP (Legacy)
2019-12-04 02:00:00,2019,12,3,13936,29.69,HOEP (Legacy)
2019-12-04 03:00:00,2019,12,4,13906,30.18,HOEP (Legacy)
2019-12-04 04:00:00,2019,12,5,14053,15.59,HOEP (Legacy)
2019-12-04 05:00:00,2019,12,6,14671,15.13,HOEP (Legacy)
2019-12-04 06:00:00,2019,12,7,16033,17.35,HOEP (Legacy)
2019-12-04 07:00:00,2019,12,8,17413,25.34,HOEP (Legacy)
2019-12-04 08:00:00,2019,12,9,17671,26.41,HOEP (Legacy)
2019-12-04 09:00:00,2019,12,10,17777,26.42,HOEP (Legacy)
2019-12-04 10:00:00,2019,12,11,17778,26.42,HOEP (Legacy)
2019-12-04 11:00:00,2019,12,12,17580,25.35,HOEP (Legacy)
2019-12-04 12:00:00,2019,12,13,17444,20.55,HOEP (Legacy)
2019-12-04 13:00:00,2019,12,14,17497,13.23,HOEP (Legacy)
2019-12-04 14:00:00,2019,12,15,17546,6.85,HOEP (Legacy)
2019-12-04 15:00:00,2019,12,16,17718,13.11,HOEP (Legacy)
2019-12-04 16:00:00,2019,12,17,18306,20.98,HOEP (Legacy)
2019-12-04 17:00:00,2019,12,18,18939,26.42,HOEP (Legacy)
2019-12-04 18:00:00,2019,12,19,18652,24.54,HOEP (Legacy)
2019-12-04 19:00:00,2019,12,20,18497,22.6,HOEP (Legacy)
2019-12-04 20:00:00,2019,12,21,18139,19.95,HOEP (Legacy)
2019-12-04 21:00:00,2019,12,22,17485,21.27,HOEP (Legacy)
2019-12-04 22:00:00,2019,12,23,16259,16.16,HOEP (Legacy)
2019-12-04 23:00:00,2019,12,24,15163,8.93,HOEP (Legacy)
2019-12-05 00:00:00,2019,12,1,14265,3.91,HOEP (Legacy)
2019-12-05 01:00:00,2019,12,2,13789,1.18,HOEP (Legacy)
2019-12-05 02:00:00,2019,12,3,13608,0.0,HOEP (Legacy)
2019-12-05 03:00:00,2019,12,4,13575,0.0,HOEP (Legacy)
2019-12-05 04:00:00,2019,12,5,13824,0.0,HOEP (Legacy)
2019-12-05 05:00:00,2019,12,6,14435,0.87,HOEP (Legacy)
2019-12-05 06:00:00,2019,12,7,15800,17.35,HOEP (Legacy)
2019-12-05 07:00:00,2019,12,8,17407,24.43,HOEP (Legacy)
2019-12-05 08:00:00,2019,12,9,17852,23.71,HOEP (Legacy)
2019-12-05 09:00:00,2019,12,10,17797,25.03,HOEP (Legacy)
2019-12-05 10:00:00,2019,12,11,17848,24.05,HOEP (Legacy)
2019-12-05 11:00:00,2019,12,12,17803,19.89,HOEP (Legacy)
2019-12-05 12:00:00,2019,12,13,17573,22.97,HOEP (Legacy)
2019-12-05 13:00:00,2019,12,14,17712,12.61,HOEP (Legacy)
2019-12-05 14:00:00,2019,12,15,17728,17.59,HOEP (Legacy)
2019-12-05 15:00:00,2019,12,16,18014,23.95,HOEP (Legacy)
2019-12-05 16:00:00,2019,12,17,18673,26.15,HOEP (Legacy)
2019-12-05 17:00:00,2019,12,18,19543,44.83,HOEP (Legacy)
2019-12-05 18:00:00,2019,12,19,19318,31.58,HOEP (Legacy)
2019-12-05 19:00:00,2019,12,20,18989,28.06,HOEP (Legacy)
2019-12-05 20:00:00,2019,12,21,18626,26.87,HOEP (Legacy)
2019-12-05 21:00:00,2019,12,22,17932,26.31,HOEP (Legacy)
2019-12-05 22:00:00,2019,12,23,16891,24.88,HOEP (Legacy)
2019-12-05 23:00:00,2019,12,24,15728,30.69,HOEP (Legacy)
2019-12-06 00:00:00,2019,12,1,14953,17.29,HOEP (Legacy)
2019-12-06 01:00:00,2019,12,2,14473,45.6,HOEP (Legacy)
2019-12-06 02:00:00,2019,12,3,14287,33.67,HOEP (Legacy)
2019-12-06 03:00:00,2019,12,4,14237,18.74,HOEP (Legacy)
2019-12-06 04:00:00,2019,12,5,14372,20.24,HOEP (Legacy)
2019-12-06 05:00:00,2019,12,6,15020,14.45,HOEP (Legacy)
2019-12-06 06:00:00,2019,12,7,16317,8.21,HOEP (Legacy)
2019-12-06 07:00:00,2019,12,8,17381,15.02,HOEP (Legacy)
2019-12-06 08:00:00,2019,12,9,17743,10.87,HOEP (Legacy)
2019-12-06 09:00:00,2019,12,10,17923,25.48,HOEP (Legacy)
2019-12-06 10:00:00,2019,12,11,18060,25.75,HOEP (Legacy)
2019-12-06 11:00:00,2019,12,12,17909,25.75,HOEP (Legacy)
2019-12-06 12:00:00,2019,12,13,17671,25.74,HOEP (Legacy)
2019-12-06 13:00:00,2019,12,14,17402,25.68,HOEP (Legacy)
2019-12-06 14:00:00,2019,12,15,17351,14.22,HOEP (Legacy)
2019-12-06 15:00:00,2019,12,16,17516,9.68,HOEP (Legacy)
2019-12-06 16:00:00,2019,12,17,18161,9.33,HOEP (Legacy)
2019-12-06 17:00:00,2019,12,18,18953,21.23,HOEP (Legacy)
2019-12-06 18:00:00,2019,12,19,18660,21.88,HOEP (Legacy)
2019-12-06 19:00:00,2019,12,20,18371,13.35,HOEP (Legacy)
2019-12-06 20:00:00,2019,12,21,18122,13.65,HOEP (Legacy)
2019-12-06 21:00:00,2019,12,22,17671,24.01,HOEP (Legacy)
2019-12-06 22:00:00,2019,12,23,16754,46.1,HOEP (Legacy)
2019-12-06 23:00:00,2019,12,24,15742,10.7,HOEP (Legacy)
2019-12-07 00:00:00,2019,12,1,14957,13.75,HOEP (Legacy)
2019-12-07 01:00:00,2019,12,2,14419,35.62,HOEP (Legacy)
2019-12-07 02:00:00,2019,12,3,14101,24.38,HOEP (Legacy)
2019-12-07 03:00:00,2019,12,4,14021,57.58,HOEP (Legacy)
2019-12-07 04:00:00,2019,12,5,14082,22.46,HOEP (Legacy)
2019-12-07 05:00:00,2019,12,6,14351,16.45,HOEP (Legacy)
2019-12-07 06:00:00,2019,12,7,15022,19.81,HOEP (Legacy)
2019-12-07 07:00:00,2019,12,8,16000,44.03,HOEP (Legacy)
2019-12-07 08:00:00,2019,12,9,16556,136.51,HOEP (Legacy)
2019-12-07 09:00:00,2019,12,10,17217,118.64,HOEP (Legacy)
2019-12-07 10:00:00,2019,12,11,17147,49.51,HOEP (Legacy)
2019-12-07 11:00:00,2019,12,12,16947,27.27,HOEP (Legacy)
2019-12-07 12:00:00,2019,12,13,16756,24.92,HOEP (Legacy)
2019-12-07 13:00:00,2019,12,14,16578,25.0,HOEP (Legacy)
2019-12-07 14:00:00,2019,12,15,16486,24.41,HOEP (Legacy)
2019-12-07 15:00:00,2019,12,16,16658,23.49,HOEP (Legacy)
2019-12-07 16:00:00,2019,12,17,17410,25.12,HOEP (Legacy)
2019-12-07 17:00:00,2019,12,18,18474,29.21,HOEP (Legacy)
2019-12-07 18:00:00,2019,12,19,18232,23.84,HOEP (Legacy)
2019-12-07 19:00:00,2019,12,20,17660,21.37,HOEP (Legacy)
2019-12-07 20:00:00,2019,12,21,17236,15.49,HOEP (Legacy)
2019-12-07 21:00:00,2019,12,22,16749,14.67,HOEP (Legacy)
2019-12-07 22:00:00,2019,12,23,15916,6.91,HOEP (Legacy)
2019-12-07 23:00:00,2019,12,24,15016,0.97,HOEP (Legacy)
2019-12-08 00:00:00,2019,12,1,14277,0.0,HOEP (Legacy)
2019-12-08 01:00:00,2019,12,2,13760,0.0,HOEP (Legacy)
2019-12-08 02:00:00,2019,12,3,13419,0.0,HOEP (Legacy)
2019-12-08 03:00:00,2019,12,4,13178,0.0,HOEP (Legacy)
2019-12-08 04:00:00,2019,12,5,13161,0.0,HOEP (Legacy)
2019-12-08 05:00:00,2019,12,6,13244,0.0,HOEP (Legacy)
2019-12-08 06:00:00,2019,12,7,13607,0.0,HOEP (Legacy)
2019-12-08 07:00:00,2019,12,8,14400,3.07,HOEP (Legacy)
2019-12-08 08:00:00,2019,12,9,14906,1.93,HOEP (Legacy)
2019-12-08 09:00:00,2019,12,10,15430,12.72,HOEP (Legacy)
2019-12-08 10:00:00,2019,12,11,15737,5.87,HOEP (Legacy)
2019-12-08 11:00:00,2019,12,12,15877,7.64,HOEP (Legacy)
2019-12-08 12:00:00,2019,12,13,15655,20.23,HOEP (Legacy)
2019-12-08 13:00:00,2019,12,14,15871,13.36,HOEP (Legacy)
2019-12-08 14:00:00,2019,12,15,16010,8.98,HOEP (Legacy)
2019-12-08 15:00:00,2019,12,16,16177,5.26,HOEP (Legacy)
2019-12-08 16:00:00,2019,12,17,17012,10.3,HOEP (Legacy)
2019-12-08 17:00:00,2019,12,18,17845,13.38,HOEP (Legacy)
2019-12-08 18:00:00,2019,12,19,17480,13.35,HOEP (Legacy)
2019-12-08 19:00:00,2019,12,20,17072,13.85,HOEP (Legacy)
2019-12-08 20:00:00,2019,12,21,16616,9.68,HOEP (Legacy)
2019-12-08 21:00:00,2019,12,22,15897,4.38,HOEP (Legacy)
2019-12-08 22:00:00,2019,12,23,14971,0.78,HOEP (Legacy)
2019-12-08 23:00:00,2019,12,24,13953,0.0,HOEP (Legacy)
2019-12-09 00:00:00,2019,12,1,13292,0.0,HOEP (Legacy)
2019-12-09 01:00:00,2019,12,2,12928,0.0,HOEP (Legacy)
2019-12-09 02:00:00,2019,12,3,12823,0.0,HOEP (Legacy)
2019-12-09 03:00:00,2019,12,4,12731,-0.1,HOEP (Legacy)
2019-12-09 04:00:00,2019,12,5,13032,-0.06,HOEP (Legacy)
2019-12-09 05:00:00,2019,12,6,13768,-0.01,HOEP (Legacy)
2019-12-09 06:00:00,2019,12,7,15155,2.07,HOEP (Legacy)
2019-12-09 07:00:00,2019,12,8,16508,10.86,HOEP (Legacy)
2019-12-09 08:00:00,2019,12,9,16613,11.94,HOEP (Legacy)
2019-12-09 09:00:00,2019,12,10,16744,5.7,HOEP (Legacy)
2019-12-09 10:00:00,2019,12,11,16703,13.74,HOEP (Legacy)
2019-12-09 11:00:00,2019,12,12,16908,54.75,HOEP (Legacy)
2019-12-09 12:00:00,2019,12,13,17111,123.17,HOEP (Legacy)
2019-12-09 13:00:00,2019,12,14,17283,12.03,HOEP (Legacy)
2019-12-09 14:00:00,2019,12,15,17212,11.49,HOEP (Legacy)
2019-12-09 15:00:00,2019,12,16,17363,2.84,HOEP (Legacy)
2019-12-09 16:00:00,2019,12,17,18062,6.91,HOEP (Legacy)
2019-12-09 17:00:00,2019,12,18,18451,5.87,HOEP (Legacy)
2019-12-09 18:00:00,2019,12,19,18083,10.43,HOEP (Legacy)
2019-12-09 19:00:00,2019,12,20,17776,12.26,HOEP (Legacy)
2019-12-09 20:00:00,2019,12,21,17309,8.37,HOEP (Legacy)
2019-12-09 21:00:00,2019,12,22,16559,5.57,HOEP (Legacy)
2019-12-09 22:00:00,2019,12,23,15419,1.99,HOEP (Legacy)
2019-12-09 23:00:00,2019,12,24,14215,0.0,HOEP (Legacy)
2019-12-10 00:00:00,2019,12,1,13423,-0.02,HOEP (Legacy)
2019-12-10 01:00:00,2019,12,2,13097,-2.21,HOEP (Legacy)
2019-12-10 02:00:00,2019,12,3,12920,-3.0,HOEP (Legacy)
2019-12-10 03:00:00,2019,12,4,12936,-2.7,HOEP (Legacy)
2019-12-10 04:00:00,2019,12,5,13242,-0.47,HOEP (Legacy)
2019-12-10 05:00:00,2019,12,6,13782,0.0,HOEP (Legacy)
2019-12-10 06:00:00,2019,12,7,15034,5.78,HOEP (Legacy)
2019-12-10 07:00:00,2019,12,8,16581,19.8,HOEP (Legacy)
2019-12-10 08:00:00,2019,12,9,17221,16.71,HOEP (Legacy)
2019-12-10 09:00:00,2019,12,10,17494,25.9,HOEP (Legacy)
2019-12-10 10:00:00,2019,12,11,17497,33.47,HOEP (Legacy)
2019-12-10 11:00:00,2019,12,12,17319,16.46,HOEP (Legacy)
2019-12-10 12:00:00,2019,12,13,17294,2.36,HOEP (Legacy)
2019-12-10 13:00:00,2019,12,14,17228,11.7,HOEP (Legacy)
2019-12-10 14:00:00,2019,12,15,17421,17.88,HOEP (Legacy)
2019-12-10 15:00:00,2019,12,16,17811,12.37,HOEP (Legacy)
2019-12-10 16:00:00,2019,12,17,18900,26.87,HOEP (Legacy)
2019-12-10 17:00:00,2019,12,18,19779,170.26,HOEP (Legacy)
2019-12-10 18:00:00,2019,12,19,19675,349.77,HOEP (Legacy)
2019-12-10 19:00:00,2019,12,20,19360,26.7,HOEP (Legacy)
2019-12-10 20:00:00,2019,12,21,19136,25.59,HOEP (Legacy)
2019-12-10 21:00:00,2019,12,22,18537,21.18,HOEP (Legacy)
2019-12-10 22:00:00,2019,12,23,17256,1.26,HOEP (Legacy)
2019-12-10 23:00:00,2019,12,24,16112,16.86,HOEP (Legacy)
2019-12-11 00:00:00,2019,12,1,15518,15.97,HOEP (Legacy)
2019-12-11 01:00:00,2019,12,2,15052,27.42,HOEP (Legacy)
2019-12-11 02:00:00,2019,12,3,14654,36.89,HOEP (Legacy)
2019-12-11 03:00:00,2019,12,4,14581,12.54,HOEP (Legacy)
2019-12-11 04:00:00,2019,12,5,14687,28.4,HOEP (Legacy)
2019-12-11 05:00:00,2019,12,6,15603,6.67,HOEP (Legacy)
2019-12-11 06:00:00,2019,12,7,16874,29.59,HOEP (Legacy)
2019-12-11 07:00:00,2019,12,8,18063,29.89,HOEP (Legacy)
2019-12-11 08:00:00,2019,12,9,18163,26.4,HOEP (Legacy)
2019-12-11 09:00:00,2019,12,10,17905,19.23,HOEP (Legacy)
2019-12-11 10:00:00,2019,12,11,17658,20.96,HOEP (Legacy)
2019-12-11 11:00:00,2019,12,12,17881,21.94,HOEP (Legacy)
2019-12-11 12:00:00,2019,12,13,17968,21.69,HOEP (Legacy)
2019-12-11 13:00:00,2019,12,14,18041,22.79,HOEP (Legacy)
2019-12-11 14:00:00,2019,12,15,18329,18.86,HOEP (Legacy)
2019-12-11 15:00:00,2019,12,16,18487,22.77,HOEP (Legacy)
2019-12-11 16:00:00,2019,12,17,19243,22.43,HOEP (Legacy)
2019-12-11 17:00:00,2019,12,18,20297,25.72,HOEP (Legacy)
2019-12-11 18:00:00,2019,12,19,20226,25.54,HOEP (Legacy)
2019-12-11 19:00:00,2019,12,20,19919,25.36,HOEP (Legacy)
2019-12-11 20:00:00,2019,12,21,19531,24.16,HOEP (Legacy)
2019-12-11 21:00:00,2019,12,22,18832,24.44,HOEP (Legacy)
2019-12-11 22:00:00,2019,12,23,17893,22.08,HOEP (Legacy)
2019-12-11 23:00:00,2019,12,24,16607,23.38,HOEP (Legacy)
2019-12-12 00:00:00,2019,12,1,15944,25.49,HOEP (Legacy)
2019-12-12 01:00:00,2019,12,2,15365,23.48,HOEP (Legacy)
2019-12-12 02:00:00,2019,12,3,15230,12.11,HOEP (Legacy)
2019-12-12 03:00:00,2019,12,4,15274,21.37,HOEP (Legacy)
2019-12-12 04:00:00,2019,12,5,15402,21.88,HOEP (Legacy)
2019-12-12 05:00:00,2019,12,6,16051,24.58,HOEP (Legacy)
2019-12-12 06:00:00,2019,12,7,17493,25.1,HOEP (Legacy)
2019-12-12 07:00:00,2019,12,8,18867,960.01,HOEP (Legacy)
2019-12-12 08:00:00,2019,12,9,18694,26.25,HOEP (Legacy)
2019-12-12 09:00:00,2019,12,10,18149,24.62,HOEP (Legacy)
2019-12-12 10:00:00,2019,12,11,17768,24.22,HOEP (Legacy)
2019-12-12 11:00:00,2019,12,12,17963,24.33,HOEP (Legacy)
2019-12-12 12:00:00,2019,12,13,18161,24.5,HOEP (Legacy)
2019-12-12 13:00:00,2019,12,14,18306,19.39,HOEP (Legacy)
2019-12-12 14:00:00,2019,12,15,18338,10.46,HOEP (Legacy)
2019-12-12 15:00:00,2019,12,16,18515,16.61,HOEP (Legacy)
2019-12-12 16:00:00,2019,12,17,19166,14.65,HOEP (Legacy)
2019-12-12 17:00:00,2019,12,18,19782,16.42,HOEP (Legacy)
2019-12-12 18:00:00,2019,12,19,19459,19.78,HOEP (Legacy)
2019-12-12 19:00:00,2019,12,20,19149,17.23,HOEP (Legacy)
2019-12-12 20:00:00,2019,12,21,18894,28.22,HOEP (Legacy)
2019-12-12 21:00:00,2019,12,22,18224,19.67,HOEP (Legacy)
2019-12-12 22:00:00,2019,12,23,17062,11.36,HOEP (Legacy)
2019-12-12 23:00:00,2019,12,24,16000,5.37,HOEP (Legacy)
2019-12-13 00:00:00,2019,12,1,15102,0.43,HOEP (Legacy)
2019-12-13 01:00:00,2019,12,2,14579,5.08,HOEP (Legacy)
2019-12-13 02:00:00,2019,12,3,14246,1.6,HOEP (Legacy)
2019-12-13 03:00:00,2019,12,4,14249,5.5,HOEP (Legacy)
2019-12-13 04:00:00,2019,12,5,14370,6.62,HOEP (Legacy)
2019-12-13 05:00:00,2019,12,6,15070,5.42,HOEP (Legacy)
2019-12-13 06:00:00,2019,12,7,16212,19.71,HOEP (Legacy)
2019-12-13 07:00:00,2019,12,8,17582,19.71,HOEP (Legacy)
2019-12-13 08:00:00,2019,12,9,17630,7.68,HOEP (Legacy)
2019-12-13 09:00:00,2019,12,10,17357,13.38,HOEP (Legacy)
2019-12-13 10:00:00,2019,12,11,17166,19.99,HOEP (Legacy)
2019-12-13 11:00:00,2019,12,12,16897,23.97,HOEP (Legacy)
2019-12-13 12:00:00,2019,12,13,16934,24.02,HOEP (Legacy)
2019-12-13 13:00:00,2019,12,14,17143,24.15,HOEP (Legacy)
2019-12-13 14:00:00,2019,12,15,17352,21.94,HOEP (Legacy)
2019-12-13 15:00:00,2019,12,16,17441,19.5,HOEP (Legacy)
2019-12-13 16:00:00,2019,12,17,18222,21.25,HOEP (Legacy)
2019-12-13 17:00:00,2019,12,18,18862,22.01,HOEP (Legacy)
2019-12-13 18:00:00,2019,12,19,18648,19.23,HOEP (Legacy)
2019-12-13 19:00:00,2019,12,20,18392,19.69,HOEP (Legacy)
2019-12-13 20:00:00,2019,12,21,18168,68.53,HOEP (Legacy)
2019-12-13 21:00:00,2019,12,22,17464,33.41,HOEP (Legacy)
2019-12-13 22:00:00,2019,12,23,16552,17.92,HOEP (Legacy)
2019-12-13 23:00:00,2019,12,24,15300,24.26,HOEP (Legacy)
2019-12-14 00:00:00,2019,12,1,14457,26.65,HOEP (Legacy)
2019-12-14 01:00:00,2019,12,2,13947,34.15,HOEP (Legacy)
2019-12-14 02:00:00,2019,12,3,13725,38.89,HOEP (Legacy)
2019-12-14 03:00:00,2019,12,4,13498,28.99,HOEP (Legacy)
2019-12-14 04:00:00,2019,12,5,13522,23.25,HOEP (Legacy)
2019-12-14 05:00:00,2019,12,6,13743,13.35,HOEP (Legacy)
2019-12-14 06:00:00,2019,12,7,14245,6.06,HOEP (Legacy)
2019-12-14 07:00:00,2019,12,8,15137,16.1,HOEP (Legacy)
2019-12-14 08:00:00,2019,12,9,15953,15.73,HOEP (Legacy)
2019-12-14 09:00:00,2019,12,10,16780,21.54,HOEP (Legacy)
2019-12-14 10:00:00,2019,12,11,17283,23.98,HOEP (Legacy)
2019-12-14 11:00:00,2019,12,12,17717,24.32,HOEP (Legacy)
2019-12-14 12:00:00,2019,12,13,17774,24.18,HOEP (Legacy)
2019-12-14 13:00:00,2019,12,14,17604,24.08,HOEP (Legacy)
2019-12-14 14:00:00,2019,12,15,17488,17.82,HOEP (Legacy)
2019-12-14 15:00:00,2019,12,16,17255,15.93,HOEP (Legacy)
2019-12-14 16:00:00,2019,12,17,17880,15.98,HOEP (Legacy)
2019-12-14 17:00:00,2019,12,18,18239,16.23,HOEP (Legacy)
2019-12-14 18:00:00,2019,12,19,17798,14.91,HOEP (Legacy)
2019-12-14 19:00:00,2019,12,20,17321,13.34,HOEP (Legacy)
2019-12-14 20:00:00,2019,12,21,17060,12.17,HOEP (Legacy)
2019-12-14 21:00:00,2019,12,22,16396,20.44,HOEP (Legacy)
2019-12-14 22:00:00,2019,12,23,15619,11.22,HOEP (Legacy)
2019-12-14 23:00:00,2019,12,24,14834,4.21,HOEP (Legacy)
2019-12-15 00:00:00,2019,12,1,14026,0.0,HOEP (Legacy)
2019-12-15 01:00:00,2019,12,2,13507,0.0,HOEP (Legacy)
2019-12-15 02:00:00,2019,12,3,13188,0.0,HOEP (Legacy)
2019-12-15 03:00:00,2019,12,4,12999,0.0,HOEP (Legacy)
2019-12-15 04:00:00,2019,12,5,13069,0.0,HOEP (Legacy)
2019-12-15 05:00:00,2019,12,6,13290,0.0,HOEP (Legacy)
2019-12-15 06:00:00,2019,12,7,13791,0.0,HOEP (Legacy)
2019-12-15 07:00:00,2019,12,8,14540,0.0,HOEP (Legacy)
2019-12-15 08:00:00,2019,12,9,15176,0.0,HOEP (Legacy)
2019-12-15 09:00:00,2019,12,10,15887,5.75,HOEP (Legacy)
2019-12-15 10:00:00,2019,12,11,16146,13.68,HOEP (Legacy)
2019-12-15 11:00:00,2019,12,12,16216,13.68,HOEP (Legacy)
2019-12-15 12:00:00,2019,12,13,16218,13.36,HOEP (Legacy)
2019-12-15 13:00:00,2019,12,14,16322,20.22,HOEP (Legacy)
2019-12-15 14:00:00,2019,12,15,16423,16.01,HOEP (Legacy)
2019-12-15 15:00:00,2019,12,16,16773,22.09,HOEP (Legacy)
2019-12-15 16:00:00,2019,12,17,17826,23.63,HOEP (Legacy)
2019-12-15 17:00:00,2019,12,18,18974,24.59,HOEP (Legacy)
2019-12-15 18:00:00,2019,12,19,18861,25.8,HOEP (Legacy)
2019-12-15 19:00:00,2019,12,20,18501,24.32,HOEP (Legacy)
2019-12-15 20:00:00,2019,12,21,18108,53.82,HOEP (Legacy)
2019-12-15 21:00:00,2019,12,22,17616,47.14,HOEP (Legacy)
2019-12-15 22:00:00,2019,12,23,16763,27.94,HOEP (Legacy)
2019-12-15 23:00:00,2019,12,24,15871,43.26,HOEP (Legacy)
2019-12-16 00:00:00,2019,12,1,15160,25.41,HOEP (Legacy)
2019-12-16 01:00:00,2019,12,2,14789,36.49,HOEP (Legacy)
2019-12-16 02:00:00,2019,12,3,14638,17.66,HOEP (Legacy)
2019-12-16 03:00:00,2019,12,4,14549,17.06,HOEP (Legacy)
2019-12-16 04:00:00,2019,12,5,14650,18.96,HOEP (Legacy)
2019-12-16 05:00:00,2019,12,6,15372,22.7,HOEP (Legacy)
2019-12-16 06:00:00,2019,12,7,16765,24.5,HOEP (Legacy)
2019-12-16 07:00:00,2019,12,8,18079,25.4,HOEP (Legacy)
2019-12-16 08:00:00,2019,12,9,18374,25.54,HOEP (Legacy)
2019-12-16 09:00:00,2019,12,10,18416,25.69,HOEP (Legacy)
2019-12-16 10:00:00,2019,12,11,18300,26.11,HOEP (Legacy)
2019-12-16 11:00:00,2019,12,12,18024,25.82,HOEP (Legacy)
2019-12-16 12:00:00,2019,12,13,17732,25.52,HOEP (Legacy)
2019-12-16 13:00:00,2019,12,14,17686,25.6,HOEP (Legacy)
2019-12-16 14:00:00,2019,12,15,17916,25.54,HOEP (Legacy)
2019-12-16 15:00:00,2019,12,16,18256,25.58,HOEP (Legacy)
2019-12-16 16:00:00,2019,12,17,18908,24.13,HOEP (Legacy)
2019-12-16 17:00:00,2019,12,18,19721,26.43,HOEP (Legacy)
2019-12-16 18:00:00,2019,12,19,19583,25.54,HOEP (Legacy)
2019-12-16 19:00:00,2019,12,20,19430,25.52,HOEP (Legacy)
2019-12-16 20:00:00,2019,12,21,19092,25.51,HOEP (Legacy)
2019-12-16 21:00:00,2019,12,22,18406,24.72,HOEP (Legacy)
2019-12-16 22:00:00,2019,12,23,17269,24.52,HOEP (Legacy)
2019-12-16 23:00:00,2019,12,24,15970,23.75,HOEP (Legacy)
2019-12-17 00:00:00,2019,12,1,15130,20.0,HOEP (Legacy)
2019-12-17 01:00:00,2019,12,2,14654,16.74,HOEP (Legacy)
2019-12-17 02:00:00,2019,12,3,14425,18.81,HOEP (Legacy)
2019-12-17 03:00:00,2019,12,4,14320,20.02,HOEP (Legacy)
2019-12-17 04:00:00,2019,12,5,14438,14.36,HOEP (Legacy)
2019-12-17 05:00:00,2019,12,6,15037,18.76,HOEP (Legacy)
2019-12-17 06:00:00,2019,12,7,16399,21.22,HOEP (Legacy)
2019-12-17 07:00:00,2019,12,8,17784,24.37,HOEP (Legacy)
2019-12-17 08:00:00,2019,12,9,18227,29.35,HOEP (Legacy)
2019-12-17 09:00:00,2019,12,10,18469,30.48,HOEP (Legacy)
2019-12-17 10:00:00,2019,12,11,18491,61.73,HOEP (Legacy)
2019-12-17 11:00:00,2019,12,12,18330,25.45,HOEP (Legacy)
2019-12-17 12:00:00,2019,12,13,18153,24.98,HOEP (Legacy)
2019-12-17 13:00:00,2019,12,14,18017,23.7,HOEP (Legacy)
2019-12-17 14:00:00,2019,12,15,17875,23.5,HOEP (Legacy)
2019-12-17 15:00:00,2019,12,16,17989,24.42,HOEP (Legacy)
2019-12-17 16:00:00,2019,12,17,18896,25.19,HOEP (Legacy)
2019-12-17 17:00:00,2019,12,18,19632,26.29,HOEP (Legacy)
2019-12-17 18:00:00,2019,12,19,19235,23.91,HOEP (Legacy)
2019-12-17 19:00:00,2019,12,20,18977,23.01,HOEP (Legacy)
2019-12-17 20:00:00,2019,12,21,18552,22.79,HOEP (Legacy)
2019-12-17 21:00:00,2019,12,22,17921,19.5,HOEP (Legacy)
2019-12-17 22:00:00,2019,12,23,16824,14.99,HOEP (Legacy)
2019-12-17 23:00:00,2019,12,24,15720,7.82,HOEP (Legacy)
2019-12-18 00:00:00,2019,12,1,14871,0.0,HOEP (Legacy)
2019-12-18 01:00:00,2019,12,2,14471,6.53,HOEP (Legacy)
2019-12-18 02:00:00,2019,12,3,14546,23.09,HOEP (Legacy)
2019-12-18 03:00:00,2019,12,4,14475,13.35,HOEP (Legacy)
2019-12-18 04:00:00,2019,12,5,14524,4.75,HOEP (Legacy)
2019-12-18 05:00:00,2019,12,6,15066,1.6,HOEP (Legacy)
2019-12-18 06:00:00,2019,12,7,16397,19.67,HOEP (Legacy)
2019-12-18 07:00:00,2019,12,8,17734,18.21,HOEP (Legacy)
2019-12-18 08:00:00,2019,12,9,18179,16.32,HOEP (Legacy)
2019-12-18 09:00:00,2019,12,10,18152,20.48,HOEP (Legacy)
2019-12-18 10:00:00,2019,12,11,18313,23.0,HOEP (Legacy)
2019-12-18 11:00:00,2019,12,12,18254,14.04,HOEP (Legacy)
2019-12-18 12:00:00,2019,12,13,18043,11.94,HOEP (Legacy)
2019-12-18 13:00:00,2019,12,14,18161,13.36,HOEP (Legacy)
2019-12-18 14:00:00,2019,12,15,18296,17.4,HOEP (Legacy)
2019-12-18 15:00:00,2019,12,16,18501,13.94,HOEP (Legacy)
2019-12-18 16:00:00,2019,12,17,19556,22.04,HOEP (Legacy)
2019-12-18 17:00:00,2019,12,18,20534,23.93,HOEP (Legacy)
2019-12-18 18:00:00,2019,12,19,20504,25.29,HOEP (Legacy)
2019-12-18 19:00:00,2019,12,20,20443,25.74,HOEP (Legacy)
2019-12-18 20:00:00,2019,12,21,20210,22.84,HOEP (Legacy)
2019-12-18 21:00:00,2019,12,22,19542,25.5,HOEP (Legacy)
2019-12-18 22:00:00,2019,12,23,18540,23.53,HOEP (Legacy)
2019-12-18 23:00:00,2019,12,24,17484,25.02,HOEP (Legacy)
2019-12-19 00:00:00,2019,12,1,16724,26.69,HOEP (Legacy)
2019-12-19 01:00:00,2019,12,2,16367,24.15,HOEP (Legacy)
2019-12-19 02:00:00,2019,12,3,16223,24.76,HOEP (Legacy)
2019-12-19 03:00:00,2019,12,4,16072,23.78,HOEP (Legacy)
2019-12-19 04:00:00,2019,12,5,16227,25.4,HOEP (Legacy)
2019-12-19 05:00:00,2019,12,6,16938,26.71,HOEP (Legacy)
2019-12-19 06:00:00,2019,12,7,18175,26.45,HOEP (Legacy)
2019-12-19 07:00:00,2019,12,8,19439,51.02,HOEP (Legacy)
2019-12-19 08:00:00,2019,12,9,19733,95.69,HOEP (Legacy)
2019-12-19 09:00:00,2019,12,10,19620,106.96,HOEP (Legacy)
2019-12-19 10:00:00,2019,12,11,19579,25.5,HOEP (Legacy)
2019-12-19 11:00:00,2019,12,12,19445,25.31,HOEP (Legacy)
2019-12-19 12:00:00,2019,12,13,19211,22.59,HOEP (Legacy)
2019-12-19 13:00:00,2019,12,14,19286,22.94,HOEP (Legacy)
2019-12-19 14:00:00,2019,12,15,19412,25.45,HOEP (Legacy)
2019-12-19 15:00:00,2019,12,16,19406,25.57,HOEP (Legacy)
2019-12-19 16:00:00,2019,12,17,20131,29.55,HOEP (Legacy)
2019-12-19 17:00:00,2019,12,18,20974,53.62,HOEP (Legacy)
2019-12-19 18:00:00,2019,12,19,20622,65.04,HOEP (Legacy)
2019-12-19 19:00:00,2019,12,20,20488,110.35,HOEP (Legacy)
2019-12-19 20:00:00,2019,12,21,20340,113.41,HOEP (Legacy)
2019-12-19 21:00:00,2019,12,22,19641,61.23,HOEP (Legacy)
2019-12-19 22:00:00,2019,12,23,18534,31.9,HOEP (Legacy)
2019-12-19 23:00:00,2019,12,24,17322,25.88,HOEP (Legacy)
2019-12-20 00:00:00,2019,12,1,16360,27.07,HOEP (Legacy)
2019-12-20 01:00:00,2019,12,2,15834,26.22,HOEP (Legacy)
2019-12-20 02:00:00,2019,12,3,15565,25.86,HOEP (Legacy)
2019-12-20 03:00:00,2019,12,4,15489,23.73,HOEP (Legacy)
2019-12-20 04:00:00,2019,12,5,15585,25.12,HOEP (Legacy)
2019-12-20 05:00:00,2019,12,6,16282,25.7,HOEP (Legacy)
2019-12-20 06:00:00,2019,12,7,17546,26.6,HOEP (Legacy)
2019-12-20 07:00:00,2019,12,8,18680,27.17,HOEP (Legacy)
2019-12-20 08:00:00,2019,12,9,18988,25.6,HOEP (Legacy)
2019-12-20 09:00:00,2019,12,10,18851,26.88,HOEP (Legacy)
2019-12-20 10:00:00,2019,12,11,18833,84.09,HOEP (Legacy)
2019-12-20 11:00:00,2019,12,12,18251,25.97,HOEP (Legacy)
2019-12-20 12:00:00,2019,12,13,17611,22.42,HOEP (Legacy)
2019-12-20 13:00:00,2019,12,14,17477,21.53,HOEP (Legacy)
2019-12-20 14:00:00,2019,12,15,17408,19.11,HOEP (Legacy)
2019-12-20 15:00:00,2019,12,16,17820,15.91,HOEP (Legacy)
2019-12-20 16:00:00,2019,12,17,18778,29.03,HOEP (Legacy)
2019-12-20 17:00:00,2019,12,18,19907,55.5,HOEP (Legacy)
2019-12-20 18:00:00,2019,12,19,19541,26.02,HOEP (Legacy)
2019-12-20 19:00:00,2019,12,20,19116,25.84,HOEP (Legacy)
2019-12-20 20:00:00,2019,12,21,18886,25.18,HOEP (Legacy)
2019-12-20 21:00:00,2019,12,22,18347,28.73,HOEP (Legacy)
2019-12-20 22:00:00,2019,12,23,17356,24.2,HOEP (Legacy)
2019-12-20 23:00:00,2019,12,24,16137,22.18,HOEP (Legacy)
2019-12-21 00:00:00,2019,12,1,15343,22.64,HOEP (Legacy)
2019-12-21 01:00:00,2019,12,2,14868,18.31,HOEP (Legacy)
2019-12-21 02:00:00,2019,12,3,14590,16.18,HOEP (Legacy)
2019-12-21 03:00:00,2019,12,4,14510,15.31,HOEP (Legacy)
2019-12-21 04:00:00,2019,12,5,14497,41.22,HOEP (Legacy)
2019-12-21 05:00:00,2019,12,6,14784,25.12,HOEP (Legacy)
2019-12-21 06:00:00,2019,12,7,15193,13.18,HOEP (Legacy)
2019-12-21 07:00:00,2019,12,8,15915,24.59,HOEP (Legacy)
2019-12-21 08:00:00,2019,12,9,16563,24.48,HOEP (Legacy)
2019-12-21 09:00:00,2019,12,10,17129,25.28,HOEP (Legacy)
2019-12-21 10:00:00,2019,12,11,17271,26.47,HOEP (Legacy)
2019-12-21 11:00:00,2019,12,12,17083,25.83,HOEP (Legacy)
2019-12-21 12:00:00,2019,12,13,16667,25.78,HOEP (Legacy)
2019-12-21 13:00:00,2019,12,14,16349,24.23,HOEP (Legacy)
2019-12-21 14:00:00,2019,12,15,16166,16.88,HOEP (Legacy)
2019-12-21 15:00:00,2019,12,16,16339,23.29,HOEP (Legacy)
2019-12-21 16:00:00,2019,12,17,17244,16.1,HOEP (Legacy)
2019-12-21 17:00:00,2019,12,18,18022,22.18,HOEP (Legacy)
2019-12-21 18:00:00,2019,12,19,17672,14.96,HOEP (Legacy)
2019-12-21 19:00:00,2019,12,20,17283,14.35,HOEP (Legacy)
2019-12-21 20:00:00,2019,12,21,16815,10.82,HOEP (Legacy)
2019-12-21 21:00:00,2019,12,22,16315,12.22,HOEP (Legacy)
2019-12-21 22:00:00,2019,12,23,15613,9.69,HOEP (Legacy)
2019-12-21 23:00:00,2019,12,24,14793,5.93,HOEP (Legacy)
2019-12-22 00:00:00,2019,12,1,14063,5.24,HOEP (Legacy)
2019-12-22 01:00:00,2019,12,2,13591,0.0,HOEP (Legacy)
2019-12-22 02:00:00,2019,12,3,13308,0.0,HOEP (Legacy)
2019-12-22 03:00:00,2019,12,4,13219,0.0,HOEP (Legacy)
2019-12-22 04:00:00,2019,12,5,13289,1.18,HOEP (Legacy)
2019-12-22 05:00:00,2019,12,6,13549,7.95,HOEP (Legacy)
2019-12-22 06:00:00,2019,12,7,13987,14.36,HOEP (Legacy)
2019-12-22 07:00:00,2019,12,8,14621,4.24,HOEP (Legacy)
2019-12-22 08:00:00,2019,12,9,15086,0.89,HOEP (Legacy)
2019-12-22 09:00:00,2019,12,10,15362,5.83,HOEP (Legacy)
2019-12-22 10:00:00,2019,12,11,15241,9.04,HOEP (Legacy)
2019-12-22 11:00:00,2019,12,12,15032,6.4,HOEP (Legacy)
2019-12-22 12:00:00,2019,12,13,14776,4.68,HOEP (Legacy)
2019-12-22 13:00:00,2019,12,14,14536,3.39,HOEP (Legacy)
2019-12-22 14:00:00,2019,12,15,14678,0.79,HOEP (Legacy)
2019-12-22 15:00:00,2019,12,16,15154,1.36,HOEP (Legacy)
2019-12-22 16:00:00,2019,12,17,16094,1.85,HOEP (Legacy)
2019-12-22 17:00:00,2019,12,18,16965,5.57,HOEP (Legacy)
2019-12-22 18:00:00,2019,12,19,16829,6.28,HOEP (Legacy)
2019-12-22 19:00:00,2019,12,20,16492,10.16,HOEP (Legacy)
2019-12-22 20:00:00,2019,12,21,16144,6.62,HOEP (Legacy)
2019-12-22 21:00:00,2019,12,22,15693,4.29,HOEP (Legacy)
2019-12-22 22:00:00,2019,12,23,14933,1.42,HOEP (Legacy)
2019-12-22 23:00:00,2019,12,24,14066,0.0,HOEP (Legacy)
2019-12-23 00:00:00,2019,12,1,13340,0.0,HOEP (Legacy)
2019-12-23 01:00:00,2019,12,2,12862,0.0,HOEP (Legacy)
2019-12-23 02:00:00,2019,12,3,12765,0.0,HOEP (Legacy)
2019-12-23 03:00:00,2019,12,4,12675,-0.02,HOEP (Legacy)
2019-12-23 04:00:00,2019,12,5,12640,0.0,HOEP (Legacy)
2019-12-23 05:00:00,2019,12,6,13160,0.0,HOEP (Legacy)
2019-12-23 06:00:00,2019,12,7,14247,0.0,HOEP (Legacy)
2019-12-23 07:00:00,2019,12,8,15254,0.0,HOEP (Legacy)
2019-12-23 08:00:00,2019,12,9,15563,0.0,HOEP (Legacy)
2019-12-23 09:00:00,2019,12,10,15525,0.0,HOEP (Legacy)
2019-12-23 10:00:00,2019,12,11,15276,0.0,HOEP (Legacy)
2019-12-23 11:00:00,2019,12,12,14764,0.0,HOEP (Legacy)
2019-12-23 12:00:00,2019,12,13,14825,3.11,HOEP (Legacy)
2019-12-23 13:00:00,2019,12,14,14918,11.53,HOEP (Legacy)
2019-12-23 14:00:00,2019,12,15,15201,10.82,HOEP (Legacy)
2019-12-23 15:00:00,2019,12,16,15471,12.91,HOEP (Legacy)
2019-12-23 16:00:00,2019,12,17,16337,10.1,HOEP (Legacy)
2019-12-23 17:00:00,2019,12,18,17251,5.85,HOEP (Legacy)
2019-12-23 18:00:00,2019,12,19,17046,5.91,HOEP (Legacy)
2019-12-23 19:00:00,2019,12,20,17159,14.35,HOEP (Legacy)
2019-12-23 20:00:00,2019,12,21,16938,14.62,HOEP (Legacy)
2019-12-23 21:00:00,2019,12,22,16301,7.98,HOEP (Legacy)
2019-12-23 22:00:00,2019,12,23,15182,10.25,HOEP (Legacy)
2019-12-23 23:00:00,2019,12,24,14395,8.69,HOEP (Legacy)
2019-12-24 00:00:00,2019,12,1,13547,13.34,HOEP (Legacy)
2019-12-24 01:00:00,2019,12,2,13124,7.69,HOEP (Legacy)
2019-12-24 02:00:00,2019,12,3,12916,7.83,HOEP (Legacy)
2019-12-24 03:00:00,2019,12,4,12851,4.54,HOEP (Legacy)
2019-12-24 04:00:00,2019,12,5,12999,10.31,HOEP (Legacy)
2019-12-24 05:00:00,2019,12,6,13467,12.79,HOEP (Legacy)
2019-12-24 06:00:00,2019,12,7,14434,10.57,HOEP (Legacy)
2019-12-24 07:00:00,2019,12,8,15366,18.38,HOEP (Legacy)
2019-12-24 08:00:00,2019,12,9,15788,15.56,HOEP (Legacy)
2019-12-24 09:00:00,2019,12,10,15710,14.35,HOEP (Legacy)
2019-12-24 10:00:00,2019,12,11,15694,21.92,HOEP (Legacy)
2019-12-24 11:00:00,2019,12,12,15876,23.42,HOEP (Legacy)
2019-12-24 12:00:00,2019,12,13,15831,23.42,HOEP (Legacy)
2019-12-24 13:00:00,2019,12,14,15534,14.08,HOEP (Legacy)
2019-12-24 14:00:00,2019,12,15,15508,15.54,HOEP (Legacy)
2019-12-24 15:00:00,2019,12,16,15679,17.85,HOEP (Legacy)
2019-12-24 16:00:00,2019,12,17,16318,53.09,HOEP (Legacy)
2019-12-24 17:00:00,2019,12,18,16993,47.36,HOEP (Legacy)
2019-12-24 18:00:00,2019,12,19,16458,14.32,HOEP (Legacy)
2019-12-24 19:00:00,2019,12,20,15936,14.57,HOEP (Legacy)
2019-12-24 20:00:00,2019,12,21,15388,13.34,HOEP (Legacy)
2019-12-24 21:00:00,2019,12,22,14975,14.39,HOEP (Legacy)
2019-12-24 22:00:00,2019,12,23,14661,37.15,HOEP (Legacy)
2019-12-24 23:00:00,2019,12,24,13981,15.06,HOEP (Legacy)
2019-12-25 00:00:00,2019,12,1,13395,28.02,HOEP (Legacy)
2019-12-25 01:00:00,2019,12,2,12981,22.95,HOEP (Legacy)
2019-12-25 02:00:00,2019,12,3,12681,13.35,HOEP (Legacy)
2019-12-25 03:00:00,2019,12,4,12538,13.33,HOEP (Legacy)
2019-12-25 04:00:00,2019,12,5,12526,13.32,HOEP (Legacy)
2019-12-25 05:00:00,2019,12,6,12675,21.27,HOEP (Legacy)
2019-12-25 06:00:00,2019,12,7,13183,25.46,HOEP (Legacy)
2019-12-25 07:00:00,2019,12,8,13758,27.97,HOEP (Legacy)
2019-12-25 08:00:00,2019,12,9,14319,69.79,HOEP (Legacy)
2019-12-25 09:00:00,2019,12,10,14505,82.37,HOEP (Legacy)
2019-12-25 10:00:00,2019,12,11,14611,19.78,HOEP (Legacy)
2019-12-25 11:00:00,2019,12,12,14961,67.17,HOEP (Legacy)
2019-12-25 12:00:00,2019,12,13,14869,21.11,HOEP (Legacy)
2019-12-25 13:00:00,2019,12,14,14792,17.47,HOEP (Legacy)
2019-12-25 14:00:00,2019,12,15,14734,14.88,HOEP (Legacy)
2019-12-25 15:00:00,2019,12,16,14929,15.07,HOEP (Legacy)
2019-12-25 16:00:00,2019,12,17,15424,19.2,HOEP (Legacy)
2019-12-25 17:00:00,2019,12,18,15750,14.18,HOEP (Legacy)
2019-12-25 18:00:00,2019,12,19,15267,13.27,HOEP (Legacy)
2019-12-25 19:00:00,2019,12,20,14828,9.73,HOEP (Legacy)
2019-12-25 20:00:00,2019,12,21,14596,9.96,HOEP (Legacy)
2019-12-25 21:00:00,2019,12,22,14340,12.18,HOEP (Legacy)
2019-12-25 22:00:00,2019,12,23,13955,14.04,HOEP (Legacy)
2019-12-25 23:00:00,2019,12,24,13400,39.9,HOEP (Legacy)
2019-12-26 00:00:00,2019,12,1,12939,27.51,HOEP (Legacy)
2019-12-26 01:00:00,2019,12,2,12526,14.39,HOEP (Legacy)
2019-12-26 02:00:00,2019,12,3,12267,13.37,HOEP (Legacy)
2019-12-26 03:00:00,2019,12,4,12200,11.52,HOEP (Legacy)
2019-12-26 04:00:00,2019,12,5,12063,0.0,HOEP (Legacy)
2019-12-26 05:00:00,2019,12,6,12337,4.09,HOEP (Legacy)
2019-12-26 06:00:00,2019,12,7,12851,0.0,HOEP (Legacy)
2019-12-26 07:00:00,2019,12,8,13441,0.4,HOEP (Legacy)
2019-12-26 08:00:00,2019,12,9,13888,0.0,HOEP (Legacy)
2019-12-26 09:00:00,2019,12,10,14414,6.45,HOEP (Legacy)
2019-12-26 10:00:00,2019,12,11,14769,13.36,HOEP (Legacy)
2019-12-26 11:00:00,2019,12,12,15034,13.35,HOEP (Legacy)
2019-12-26 12:00:00,2019,12,13,15156,36.97,HOEP (Legacy)
2019-12-26 13:00:00,2019,12,14,15070,17.11,HOEP (Legacy)
2019-12-26 14:00:00,2019,12,15,15109,26.03,HOEP (Legacy)
2019-12-26 15:00:00,2019,12,16,15239,13.36,HOEP (Legacy)
2019-12-26 16:00:00,2019,12,17,15674,10.94,HOEP (Legacy)
2019-12-26 17:00:00,2019,12,18,16180,7.91,HOEP (Legacy)
2019-12-26 18:00:00,2019,12,19,15948,9.6,HOEP (Legacy)
2019-12-26 19:00:00,2019,12,20,15486,8.95,HOEP (Legacy)
2019-12-26 20:00:00,2019,12,21,15168,4.32,HOEP (Legacy)
2019-12-26 21:00:00,2019,12,22,14705,3.82,HOEP (Legacy)
2019-12-26 22:00:00,2019,12,23,13943,0.87,HOEP (Legacy)
2019-12-26 23:00:00,2019,12,24,13075,0.0,HOEP (Legacy)
2019-12-27 00:00:00,2019,12,1,12398,-0.06,HOEP (Legacy)
2019-12-27 01:00:00,2019,12,2,11994,-0.13,HOEP (Legacy)
2019-12-27 02:00:00,2019,12,3,11849,-0.02,HOEP (Legacy)
2019-12-27 03:00:00,2019,12,4,11787,0.0,HOEP (Legacy)
2019-12-27 04:00:00,2019,12,5,11851,0.0,HOEP (Legacy)
2019-12-27 05:00:00,2019,12,6,12151,0.0,HOEP (Legacy)
2019-12-27 06:00:00,2019,12,7,12975,0.0,HOEP (Legacy)
2019-12-27 07:00:00,2019,12,8,13721,0.0,HOEP (Legacy)
2019-12-27 08:00:00,2019,12,9,14282,0.0,HOEP (Legacy)
2019-12-27 09:00:00,2019,12,10,14745,0.0,HOEP (Legacy)
2019-12-27 10:00:00,2019,12,11,15060,6.19,HOEP (Legacy)
2019-12-27 11:00:00,2019,12,12,15237,14.97,HOEP (Legacy)
2019-12-27 12:00:00,2019,12,13,15307,41.01,HOEP (Legacy)
2019-12-27 13:00:00,2019,12,14,15319,13.34,HOEP (Legacy)
2019-12-27 14:00:00,2019,12,15,15457,15.6,HOEP (Legacy)
2019-12-27 15:00:00,2019,12,16,15653,22.42,HOEP (Legacy)
2019-12-27 16:00:00,2019,12,17,16260,20.77,HOEP (Legacy)
2019-12-27 17:00:00,2019,12,18,16790,19.74,HOEP (Legacy)
2019-12-27 18:00:00,2019,12,19,16445,14.73,HOEP (Legacy)
2019-12-27 19:00:00,2019,12,20,16202,16.41,HOEP (Legacy)
2019-12-27 20:00:00,2019,12,21,15948,20.03,HOEP (Legacy)
2019-12-27 21:00:00,2019,12,22,15376,19.4,HOEP (Legacy)
2019-12-27 22:00:00,2019,12,23,14696,15.5,HOEP (Legacy)
2019-12-27 23:00:00,2019,12,24,13727,16.25,HOEP (Legacy)
2019-12-28 00:00:00,2019,12,1,13181,11.99,HOEP (Legacy)
2019-12-28 01:00:00,2019,12,2,12774,13.34,HOEP (Legacy)
2019-12-28 02:00:00,2019,12,3,12483,13.36,HOEP (Legacy)
2019-12-28 03:00:00,2019,12,4,12367,13.34,HOEP (Legacy)
2019-12-28 04:00:00,2019,12,5,12404,11.34,HOEP (Legacy)
2019-12-28 05:00:00,2019,12,6,12595,13.35,HOEP (Legacy)
2019-12-28 06:00:00,2019,12,7,13115,14.2,HOEP (Legacy)
2019-12-28 07:00:00,2019,12,8,13762,12.99,HOEP (Legacy)
2019-12-28 08:00:00,2019,12,9,14277,15.2,HOEP (Legacy)
2019-12-28 09:00:00,2019,12,10,14619,19.37,HOEP (Legacy)
2019-12-28 10:00:00,2019,12,11,14761,13.74,HOEP (Legacy)
2019-12-28 11:00:00,2019,12,12,14740,14.61,HOEP (Legacy)
2019-12-28 12:00:00,2019,12,13,14507,16.32,HOEP (Legacy)
2019-12-28 13:00:00,2019,12,14,14346,13.32,HOEP (Legacy)
2019-12-28 14:00:00,2019,12,15,14354,14.52,HOEP (Legacy)
2019-12-28 15:00:00,2019,12,16,14891,14.13,HOEP (Legacy)
2019-12-28 16:00:00,2019,12,17,15857,17.11,HOEP (Legacy)
2019-12-28 17:00:00,2019,12,18,16671,22.63,HOEP (Legacy)
2019-12-28 18:00:00,2019,12,19,16513,20.99,HOEP (Legacy)
2019-12-28 19:00:00,2019,12,20,16085,21.4,HOEP (Legacy)
2019-12-28 20:00:00,2019,12,21,15763,23.08,HOEP (Legacy)
2019-12-28 21:00:00,2019,12,22,15202,41.36,HOEP (Legacy)
2019-12-28 22:00:00,2019,12,23,14576,25.31,HOEP (Legacy)
2019-12-28 23:00:00,2019,12,24,13740,14.24,HOEP (Legacy)
2019-12-29 00:00:00,2019,12,1,13230,2.55,HOEP (Legacy)
2019-12-29 01:00:00,2019,12,2,12829,1.91,HOEP (Legacy)
2019-12-29 02:00:00,2019,12,3,12401,0.0,HOEP (Legacy)
2019-12-29 03:00:00,2019,12,4,12294,0.0,HOEP (Legacy)
2019-12-29 04:00:00,2019,12,5,12280,0.0,HOEP (Legacy)
2019-12-29 05:00:00,2019,12,6,12373,0.0,HOEP (Legacy)
2019-12-29 06:00:00,2019,12,7,12730,-0.03,HOEP (Legacy)
2019-12-29 07:00:00,2019,12,8,13290,0.0,HOEP (Legacy)
2019-12-29 08:00:00,2019,12,9,13746,0.0,HOEP (Legacy)
2019-12-29 09:00:00,2019,12,10,14241,0.0,HOEP (Legacy)
2019-12-29 10:00:00,2019,12,11,14676,8.28,HOEP (Legacy)
2019-12-29 11:00:00,2019,12,12,15146,14.56,HOEP (Legacy)
2019-12-29 12:00:00,2019,12,13,15712,13.34,HOEP (Legacy)
2019-12-29 13:00:00,2019,12,14,15970,15.04,HOEP (Legacy)
2019-12-29 14:00:00,2019,12,15,16185,20.34,HOEP (Legacy)
2019-12-29 15:00:00,2019,12,16,16338,14.12,HOEP (Legacy)
2019-12-29 16:00:00,2019,12,17,16864,10.28,HOEP (Legacy)
2019-12-29 17:00:00,2019,12,18,17397,7.21,HOEP (Legacy)
2019-12-29 18:00:00,2019,12,19,16947,5.87,HOEP (Legacy)
2019-12-29 19:00:00,2019,12,20,16631,14.31,HOEP (Legacy)
2019-12-29 20:00:00,2019,12,21,16138,14.47,HOEP (Legacy)
2019-12-29 21:00:00,2019,12,22,15538,16.19,HOEP (Legacy)
2019-12-29 22:00:00,2019,12,23,15039,28.13,HOEP (Legacy)
2019-12-29 23:00:00,2019,12,24,14110,3.66,HOEP (Legacy)
2019-12-30 00:00:00,2019,12,1,13237,0.0,HOEP (Legacy)
2019-12-30 01:00:00,2019,12,2,13018,0.0,HOEP (Legacy)
2019-12-30 02:00:00,2019,12,3,12859,0.0,HOEP (Legacy)
2019-12-30 03:00:00,2019,12,4,12788,0.0,HOEP (Legacy)
2019-12-30 04:00:00,2019,12,5,12997,0.0,HOEP (Legacy)
2019-12-30 05:00:00,2019,12,6,13363,0.0,HOEP (Legacy)
2019-12-30 06:00:00,2019,12,7,14349,6.46,HOEP (Legacy)
2019-12-30 07:00:00,2019,12,8,15147,0.0,HOEP (Legacy)
2019-12-30 08:00:00,2019,12,9,15537,0.0,HOEP (Legacy)
2019-12-30 09:00:00,2019,12,10,15902,0.0,HOEP (Legacy)
2019-12-30 10:00:00,2019,12,11,15975,0.4,HOEP (Legacy)
2019-12-30 11:00:00,2019,12,12,15607,0.0,HOEP (Legacy)
2019-12-30 12:00:00,2019,12,13,15569,2.11,HOEP (Legacy)
2019-12-30 13:00:00,2019,12,14,15568,0.0,HOEP (Legacy)
2019-12-30 14:00:00,2019,12,15,15646,0.0,HOEP (Legacy)
2019-12-30 15:00:00,2019,12,16,15830,0.0,HOEP (Legacy)
2019-12-30 16:00:00,2019,12,17,16409,0.0,HOEP (Legacy)
2019-12-30 17:00:00,2019,12,18,17009,0.0,HOEP (Legacy)
2019-12-30 18:00:00,2019,12,19,16758,0.0,HOEP (Legacy)
2019-12-30 19:00:00,2019,12,20,16510,0.0,HOEP (Legacy)
2019-12-30 20:00:00,2019,12,21,16154,0.0,HOEP (Legacy)
2019-12-30 21:00:00,2019,12,22,15606,0.0,HOEP (Legacy)
2019-12-30 22:00:00,2019,12,23,14849,0.0,HOEP (Legacy)
2019-12-30 23:00:00,2019,12,24,13747,-0.03,HOEP (Legacy)
2019-12-31 00:00:00,2019,12,1,13303,0.0,HOEP (Legacy)
2019-12-31 01:00:00,2019,12,2,12776,-0.03,HOEP (Legacy)
2019-12-31 02:00:00,2019,12,3,12408,-0.11,HOEP (Legacy)
2019-12-31 03:00:00,2019,12,4,12433,-0.04,HOEP (Legacy)
2019-12-31 04:00:00,2019,12,5,12433,-0.01,HOEP (Legacy)
2019-12-31 05:00:00,2019,12,6,12911,0.0,HOEP (Legacy)
2019-12-31 06:00:00,2019,12,7,13750,0.0,HOEP (Legacy)
2019-12-31 07:00:00,2019,12,8,14387,0.0,HOEP (Legacy)
2019-12-31 08:00:00,2019,12,9,14900,0.0,HOEP (Legacy)
2019-12-31 09:00:00,2019,12,10,15490,0.0,HOEP (Legacy)
2019-12-31 10:00:00,2019,12,11,15855,0.0,HOEP (Legacy)
2019-12-31 11:00:00,2019,12,12,16097,0.0,HOEP (Legacy)
2019-12-31 12:00:00,2019,12,13,16029,0.0,HOEP (Legacy)
2019-12-31 13:00:00,2019,12,14,15822,0.0,HOEP (Legacy)
2019-12-31 14:00:00,2019,12,15,15716,0.0,HOEP (Legacy)
2019-12-31 15:00:00,2019,12,16,15780,0.0,HOEP (Legacy)
2019-12-31 16:00:00,2019,12,17,16138,0.39,HOEP (Legacy)
2019-12-31 17:00:00,2019,12,18,16674,3.73,HOEP (Legacy)
2019-12-31 18:00:00,2019,12,19,16375,0.39,HOEP (Legacy)
2019-12-31 19:00:00,2019,12,20,15909,0.0,HOEP (Legacy)
2019-12-31 20:00:00,2019,12,21,15198,0.0,HOEP (Legacy)
2019-12-31 21:00:00,2019,12,22,14678,-0.05,HOEP (Legacy)
2019-12-31 22:00:00,2019,12,23,14136,-0.04,HOEP (Legacy)
2019-12-31 23:00:00,2019,12,24,13578,-0.02,HOEP (Legacy)
