Timestamp,Year,Month,Hour,Ontario Demand,Market_Price,Price_Type
2003-01-01 00:00:00,2003,1,1,14745,27.21,HOEP (Legacy)
2003-01-01 01:00:00,2003,1,2,14280,26.71,HOEP (Legacy)
2003-01-01 02:00:00,2003,1,3,13821,26.91,HOEP (Legacy)
2003-01-01 03:00:00,2003,1,4,13239,23.92,HOEP (Legacy)
2003-01-01 04:00:00,2003,1,5,13236,20.89,HOEP (Legacy)
2003-01-01 05:00:00,2003,1,6,13504,25.16,HOEP (Legacy)
2003-01-01 06:00:00,2003,1,7,13814,20.98,HOEP (Legacy)
2003-01-01 07:00:00,2003,1,8,13544,18.49,HOEP (Legacy)
2003-01-01 08:00:00,2003,1,9,13837,17.37,HOEP (Legacy)
2003-01-01 09:00:00,2003,1,10,14623,19.07,HOEP (Legacy)
2003-01-01 10:00:00,2003,1,11,15319,21.32,HOEP (Legacy)
2003-01-01 11:00:00,2003,1,12,15886,26.32,HOEP (Legacy)
2003-01-01 12:00:00,2003,1,13,16222,26.71,HOEP (Legacy)
2003-01-01 13:00:00,2003,1,14,16161,28.29,HOEP (Legacy)
2003-01-01 14:00:00,2003,1,15,16094,27.14,HOEP (Legacy)
2003-01-01 15:00:00,2003,1,16,16374,24.6,HOEP (Legacy)
2003-01-01 16:00:00,2003,1,17,17097,24.63,HOEP (Legacy)
2003-01-01 17:00:00,2003,1,18,18594,26.12,HOEP (Legacy)
2003-01-01 18:00:00,2003,1,19,18496,26.29,HOEP (Legacy)
2003-01-01 19:00:00,2003,1,20,18333,26.65,HOEP (Legacy)
2003-01-01 20:00:00,2003,1,21,18100,26.07,HOEP (Legacy)
2003-01-01 21:00:00,2003,1,22,17665,26.45,HOEP (Legacy)
2003-01-01 22:00:00,2003,1,23,16921,25.81,HOEP (Legacy)
2003-01-01 23:00:00,2003,1,24,15848,26.19,HOEP (Legacy)
2003-01-02 00:00:00,2003,1,1,15306,26.13,HOEP (Legacy)
2003-01-02 01:00:00,2003,1,2,15034,26.14,HOEP (Legacy)
2003-01-02 02:00:00,2003,1,3,14810,25.63,HOEP (Legacy)
2003-01-02 03:00:00,2003,1,4,14837,25.26,HOEP (Legacy)
2003-01-02 04:00:00,2003,1,5,14966,24.98,HOEP (Legacy)
2003-01-02 05:00:00,2003,1,6,15590,25.73,HOEP (Legacy)
2003-01-02 06:00:00,2003,1,7,16648,25.92,HOEP (Legacy)
2003-01-02 07:00:00,2003,1,8,18082,27.16,HOEP (Legacy)
2003-01-02 08:00:00,2003,1,9,19014,28.23,HOEP (Legacy)
2003-01-02 09:00:00,2003,1,10,19601,31.73,HOEP (Legacy)
2003-01-02 10:00:00,2003,1,11,19988,34.77,HOEP (Legacy)
2003-01-02 11:00:00,2003,1,12,20190,53.11,HOEP (Legacy)
2003-01-02 12:00:00,2003,1,13,20210,109.95,HOEP (Legacy)
2003-01-02 13:00:00,2003,1,14,20112,80.65,HOEP (Legacy)
2003-01-02 14:00:00,2003,1,15,19982,70.14,HOEP (Legacy)
2003-01-02 15:00:00,2003,1,16,20078,36.29,HOEP (Legacy)
2003-01-02 16:00:00,2003,1,17,20871,39.21,HOEP (Legacy)
2003-01-02 17:00:00,2003,1,18,22092,49.62,HOEP (Legacy)
2003-01-02 18:00:00,2003,1,19,21872,36.18,HOEP (Legacy)
2003-01-02 19:00:00,2003,1,20,21519,68.46,HOEP (Legacy)
2003-01-02 20:00:00,2003,1,21,21049,64.77,HOEP (Legacy)
2003-01-02 21:00:00,2003,1,22,20320,58.82,HOEP (Legacy)
2003-01-02 22:00:00,2003,1,23,19170,40.72,HOEP (Legacy)
2003-01-02 23:00:00,2003,1,24,17841,27.86,HOEP (Legacy)
2003-01-03 00:00:00,2003,1,1,17139,30.26,HOEP (Legacy)
2003-01-03 01:00:00,2003,1,2,16671,27.89,HOEP (Legacy)
2003-01-03 02:00:00,2003,1,3,16303,26.42,HOEP (Legacy)
2003-01-03 03:00:00,2003,1,4,15997,25.9,HOEP (Legacy)
2003-01-03 04:00:00,2003,1,5,16073,25.8,HOEP (Legacy)
2003-01-03 05:00:00,2003,1,6,16569,26.69,HOEP (Legacy)
2003-01-03 06:00:00,2003,1,7,17388,27.33,HOEP (Legacy)
2003-01-03 07:00:00,2003,1,8,18639,26.37,HOEP (Legacy)
2003-01-03 08:00:00,2003,1,9,19366,27.04,HOEP (Legacy)
2003-01-03 09:00:00,2003,1,10,20001,31.39,HOEP (Legacy)
2003-01-03 10:00:00,2003,1,11,20362,31.17,HOEP (Legacy)
2003-01-03 11:00:00,2003,1,12,20644,81.84,HOEP (Legacy)
2003-01-03 12:00:00,2003,1,13,20408,74.04,HOEP (Legacy)
2003-01-03 13:00:00,2003,1,14,20259,78.71,HOEP (Legacy)
2003-01-03 14:00:00,2003,1,15,20044,59.07,HOEP (Legacy)
2003-01-03 15:00:00,2003,1,16,19827,36.01,HOEP (Legacy)
2003-01-03 16:00:00,2003,1,17,20292,45.09,HOEP (Legacy)
2003-01-03 17:00:00,2003,1,18,21511,28.37,HOEP (Legacy)
2003-01-03 18:00:00,2003,1,19,21424,53.4,HOEP (Legacy)
2003-01-03 19:00:00,2003,1,20,20772,27.9,HOEP (Legacy)
2003-01-03 20:00:00,2003,1,21,20209,36.05,HOEP (Legacy)
2003-01-03 21:00:00,2003,1,22,19534,38.64,HOEP (Legacy)
2003-01-03 22:00:00,2003,1,23,18463,30.54,HOEP (Legacy)
2003-01-03 23:00:00,2003,1,24,17351,26.72,HOEP (Legacy)
2003-01-04 00:00:00,2003,1,1,16230,26.44,HOEP (Legacy)
2003-01-04 01:00:00,2003,1,2,15611,24.73,HOEP (Legacy)
2003-01-04 02:00:00,2003,1,3,15185,24.11,HOEP (Legacy)
2003-01-04 03:00:00,2003,1,4,15179,24.65,HOEP (Legacy)
2003-01-04 04:00:00,2003,1,5,15198,25.86,HOEP (Legacy)
2003-01-04 05:00:00,2003,1,6,15294,25.78,HOEP (Legacy)
2003-01-04 06:00:00,2003,1,7,15702,26.12,HOEP (Legacy)
2003-01-04 07:00:00,2003,1,8,16365,25.87,HOEP (Legacy)
2003-01-04 08:00:00,2003,1,9,17004,26.52,HOEP (Legacy)
2003-01-04 09:00:00,2003,1,10,17788,27.24,HOEP (Legacy)
2003-01-04 10:00:00,2003,1,11,18137,27.77,HOEP (Legacy)
2003-01-04 11:00:00,2003,1,12,18233,27.1,HOEP (Legacy)
2003-01-04 12:00:00,2003,1,13,17959,27.64,HOEP (Legacy)
2003-01-04 13:00:00,2003,1,14,17789,27.04,HOEP (Legacy)
2003-01-04 14:00:00,2003,1,15,17768,26.99,HOEP (Legacy)
2003-01-04 15:00:00,2003,1,16,17829,27.29,HOEP (Legacy)
2003-01-04 16:00:00,2003,1,17,18599,26.96,HOEP (Legacy)
2003-01-04 17:00:00,2003,1,18,19891,27.9,HOEP (Legacy)
2003-01-04 18:00:00,2003,1,19,19865,28.11,HOEP (Legacy)
2003-01-04 19:00:00,2003,1,20,19276,27.55,HOEP (Legacy)
2003-01-04 20:00:00,2003,1,21,18823,27.89,HOEP (Legacy)
2003-01-04 21:00:00,2003,1,22,18348,30.4,HOEP (Legacy)
2003-01-04 22:00:00,2003,1,23,17659,31.45,HOEP (Legacy)
2003-01-04 23:00:00,2003,1,24,16742,28.28,HOEP (Legacy)
2003-01-05 00:00:00,2003,1,1,15653,26.56,HOEP (Legacy)
2003-01-05 01:00:00,2003,1,2,15075,25.46,HOEP (Legacy)
2003-01-05 02:00:00,2003,1,3,14732,24.45,HOEP (Legacy)
2003-01-05 03:00:00,2003,1,4,14545,24.29,HOEP (Legacy)
2003-01-05 04:00:00,2003,1,5,14580,24.15,HOEP (Legacy)
2003-01-05 05:00:00,2003,1,6,14761,24.7,HOEP (Legacy)
2003-01-05 06:00:00,2003,1,7,15061,24.47,HOEP (Legacy)
2003-01-05 07:00:00,2003,1,8,15521,23.87,HOEP (Legacy)
2003-01-05 08:00:00,2003,1,9,16228,25.1,HOEP (Legacy)
2003-01-05 09:00:00,2003,1,10,16921,26.54,HOEP (Legacy)
2003-01-05 10:00:00,2003,1,11,17346,27.04,HOEP (Legacy)
2003-01-05 11:00:00,2003,1,12,17624,27.8,HOEP (Legacy)
2003-01-05 12:00:00,2003,1,13,17788,28.76,HOEP (Legacy)
2003-01-05 13:00:00,2003,1,14,17665,28.17,HOEP (Legacy)
2003-01-05 14:00:00,2003,1,15,17569,27.58,HOEP (Legacy)
2003-01-05 15:00:00,2003,1,16,17703,27.6,HOEP (Legacy)
2003-01-05 16:00:00,2003,1,17,18620,27.96,HOEP (Legacy)
2003-01-05 17:00:00,2003,1,18,20014,59.92,HOEP (Legacy)
2003-01-05 18:00:00,2003,1,19,19998,85.58,HOEP (Legacy)
2003-01-05 19:00:00,2003,1,20,19639,32.55,HOEP (Legacy)
2003-01-05 20:00:00,2003,1,21,19151,28.91,HOEP (Legacy)
2003-01-05 21:00:00,2003,1,22,18537,27.79,HOEP (Legacy)
2003-01-05 22:00:00,2003,1,23,17600,27.3,HOEP (Legacy)
2003-01-05 23:00:00,2003,1,24,16548,26.68,HOEP (Legacy)
2003-01-06 00:00:00,2003,1,1,15743,24.58,HOEP (Legacy)
2003-01-06 01:00:00,2003,1,2,15319,24.31,HOEP (Legacy)
2003-01-06 02:00:00,2003,1,3,15067,23.54,HOEP (Legacy)
2003-01-06 03:00:00,2003,1,4,14946,23.53,HOEP (Legacy)
2003-01-06 04:00:00,2003,1,5,15231,23.96,HOEP (Legacy)
2003-01-06 05:00:00,2003,1,6,15896,25.27,HOEP (Legacy)
2003-01-06 06:00:00,2003,1,7,17324,26.75,HOEP (Legacy)
2003-01-06 07:00:00,2003,1,8,19264,28.03,HOEP (Legacy)
2003-01-06 08:00:00,2003,1,9,19893,27.98,HOEP (Legacy)
2003-01-06 09:00:00,2003,1,10,20080,28.56,HOEP (Legacy)
2003-01-06 10:00:00,2003,1,11,20367,61.69,HOEP (Legacy)
2003-01-06 11:00:00,2003,1,12,20326,75.86,HOEP (Legacy)
2003-01-06 12:00:00,2003,1,13,20082,56.72,HOEP (Legacy)
2003-01-06 13:00:00,2003,1,14,19943,40.67,HOEP (Legacy)
2003-01-06 14:00:00,2003,1,15,19913,28.13,HOEP (Legacy)
2003-01-06 15:00:00,2003,1,16,19921,27.24,HOEP (Legacy)
2003-01-06 16:00:00,2003,1,17,20824,27.27,HOEP (Legacy)
2003-01-06 17:00:00,2003,1,18,22154,58.96,HOEP (Legacy)
2003-01-06 18:00:00,2003,1,19,22275,53.85,HOEP (Legacy)
2003-01-06 19:00:00,2003,1,20,21989,72.59,HOEP (Legacy)
2003-01-06 20:00:00,2003,1,21,21511,64.44,HOEP (Legacy)
2003-01-06 21:00:00,2003,1,22,20750,65.34,HOEP (Legacy)
2003-01-06 22:00:00,2003,1,23,19378,34.2,HOEP (Legacy)
2003-01-06 23:00:00,2003,1,24,17991,26.73,HOEP (Legacy)
2003-01-07 00:00:00,2003,1,1,17089,26.59,HOEP (Legacy)
2003-01-07 01:00:00,2003,1,2,16631,26.59,HOEP (Legacy)
2003-01-07 02:00:00,2003,1,3,16619,26.45,HOEP (Legacy)
2003-01-07 03:00:00,2003,1,4,16612,26.32,HOEP (Legacy)
2003-01-07 04:00:00,2003,1,5,16697,26.14,HOEP (Legacy)
2003-01-07 05:00:00,2003,1,6,17197,26.44,HOEP (Legacy)
2003-01-07 06:00:00,2003,1,7,18428,34.11,HOEP (Legacy)
2003-01-07 07:00:00,2003,1,8,20365,61.4,HOEP (Legacy)
2003-01-07 08:00:00,2003,1,9,20753,48.3,HOEP (Legacy)
2003-01-07 09:00:00,2003,1,10,20623,28.25,HOEP (Legacy)
2003-01-07 10:00:00,2003,1,11,20631,27.26,HOEP (Legacy)
2003-01-07 11:00:00,2003,1,12,20665,28.47,HOEP (Legacy)
2003-01-07 12:00:00,2003,1,13,20396,28.77,HOEP (Legacy)
2003-01-07 13:00:00,2003,1,14,20252,34.95,HOEP (Legacy)
2003-01-07 14:00:00,2003,1,15,20324,71.55,HOEP (Legacy)
2003-01-07 15:00:00,2003,1,16,20531,68.3,HOEP (Legacy)
2003-01-07 16:00:00,2003,1,17,21436,67.91,HOEP (Legacy)
2003-01-07 17:00:00,2003,1,18,22435,75.65,HOEP (Legacy)
2003-01-07 18:00:00,2003,1,19,22062,61.46,HOEP (Legacy)
2003-01-07 19:00:00,2003,1,20,21596,36.33,HOEP (Legacy)
2003-01-07 20:00:00,2003,1,21,21156,27.6,HOEP (Legacy)
2003-01-07 21:00:00,2003,1,22,20117,27.34,HOEP (Legacy)
2003-01-07 22:00:00,2003,1,23,18698,26.45,HOEP (Legacy)
2003-01-07 23:00:00,2003,1,24,17412,26.52,HOEP (Legacy)
2003-01-08 00:00:00,2003,1,1,16485,26.62,HOEP (Legacy)
2003-01-08 01:00:00,2003,1,2,16056,26.14,HOEP (Legacy)
2003-01-08 02:00:00,2003,1,3,15781,25.89,HOEP (Legacy)
2003-01-08 03:00:00,2003,1,4,15522,25.72,HOEP (Legacy)
2003-01-08 04:00:00,2003,1,5,15476,25.57,HOEP (Legacy)
2003-01-08 05:00:00,2003,1,6,16035,26.06,HOEP (Legacy)
2003-01-08 06:00:00,2003,1,7,17257,26.17,HOEP (Legacy)
2003-01-08 07:00:00,2003,1,8,19125,54.44,HOEP (Legacy)
2003-01-08 08:00:00,2003,1,9,19450,28.86,HOEP (Legacy)
2003-01-08 09:00:00,2003,1,10,19378,27.19,HOEP (Legacy)
2003-01-08 10:00:00,2003,1,11,19335,28.0,HOEP (Legacy)
2003-01-08 11:00:00,2003,1,12,19234,57.08,HOEP (Legacy)
2003-01-08 12:00:00,2003,1,13,19155,50.72,HOEP (Legacy)
2003-01-08 13:00:00,2003,1,14,19135,27.03,HOEP (Legacy)
2003-01-08 14:00:00,2003,1,15,19031,27.81,HOEP (Legacy)
2003-01-08 15:00:00,2003,1,16,19219,27.52,HOEP (Legacy)
2003-01-08 16:00:00,2003,1,17,20111,34.94,HOEP (Legacy)
2003-01-08 17:00:00,2003,1,18,21316,103.27,HOEP (Legacy)
2003-01-08 18:00:00,2003,1,19,21378,78.87,HOEP (Legacy)
2003-01-08 19:00:00,2003,1,20,21039,61.02,HOEP (Legacy)
2003-01-08 20:00:00,2003,1,21,20521,45.66,HOEP (Legacy)
2003-01-08 21:00:00,2003,1,22,19645,27.15,HOEP (Legacy)
2003-01-08 22:00:00,2003,1,23,18291,26.15,HOEP (Legacy)
2003-01-08 23:00:00,2003,1,24,17135,25.7,HOEP (Legacy)
2003-01-09 00:00:00,2003,1,1,16237,26.55,HOEP (Legacy)
2003-01-09 01:00:00,2003,1,2,15918,26.18,HOEP (Legacy)
2003-01-09 02:00:00,2003,1,3,15667,25.99,HOEP (Legacy)
2003-01-09 03:00:00,2003,1,4,15622,25.34,HOEP (Legacy)
2003-01-09 04:00:00,2003,1,5,15607,25.38,HOEP (Legacy)
2003-01-09 05:00:00,2003,1,6,16125,25.76,HOEP (Legacy)
2003-01-09 06:00:00,2003,1,7,17263,26.15,HOEP (Legacy)
2003-01-09 07:00:00,2003,1,8,19016,31.86,HOEP (Legacy)
2003-01-09 08:00:00,2003,1,9,19601,28.53,HOEP (Legacy)
2003-01-09 09:00:00,2003,1,10,19631,28.64,HOEP (Legacy)
2003-01-09 10:00:00,2003,1,11,19676,74.74,HOEP (Legacy)
2003-01-09 11:00:00,2003,1,12,19676,69.84,HOEP (Legacy)
2003-01-09 12:00:00,2003,1,13,19548,28.83,HOEP (Legacy)
2003-01-09 13:00:00,2003,1,14,19548,28.32,HOEP (Legacy)
2003-01-09 14:00:00,2003,1,15,19564,64.22,HOEP (Legacy)
2003-01-09 15:00:00,2003,1,16,19856,31.53,HOEP (Legacy)
2003-01-09 16:00:00,2003,1,17,20730,47.88,HOEP (Legacy)
2003-01-09 17:00:00,2003,1,18,21849,44.93,HOEP (Legacy)
2003-01-09 18:00:00,2003,1,19,21670,47.97,HOEP (Legacy)
2003-01-09 19:00:00,2003,1,20,21363,32.54,HOEP (Legacy)
2003-01-09 20:00:00,2003,1,21,20951,85.07,HOEP (Legacy)
2003-01-09 21:00:00,2003,1,22,20090,42.42,HOEP (Legacy)
2003-01-09 22:00:00,2003,1,23,18780,26.28,HOEP (Legacy)
2003-01-09 23:00:00,2003,1,24,17646,26.1,HOEP (Legacy)
2003-01-10 00:00:00,2003,1,1,16876,26.25,HOEP (Legacy)
2003-01-10 01:00:00,2003,1,2,16420,26.31,HOEP (Legacy)
2003-01-10 02:00:00,2003,1,3,16297,26.36,HOEP (Legacy)
2003-01-10 03:00:00,2003,1,4,16228,26.45,HOEP (Legacy)
2003-01-10 04:00:00,2003,1,5,16353,26.14,HOEP (Legacy)
2003-01-10 05:00:00,2003,1,6,17063,26.92,HOEP (Legacy)
2003-01-10 06:00:00,2003,1,7,18467,68.62,HOEP (Legacy)
2003-01-10 07:00:00,2003,1,8,20273,87.6,HOEP (Legacy)
2003-01-10 08:00:00,2003,1,9,20957,79.37,HOEP (Legacy)
2003-01-10 09:00:00,2003,1,10,20937,80.75,HOEP (Legacy)
2003-01-10 10:00:00,2003,1,11,20986,81.26,HOEP (Legacy)
2003-01-10 11:00:00,2003,1,12,20862,80.36,HOEP (Legacy)
2003-01-10 12:00:00,2003,1,13,20496,77.61,HOEP (Legacy)
2003-01-10 13:00:00,2003,1,14,20347,56.12,HOEP (Legacy)
2003-01-10 14:00:00,2003,1,15,20297,78.65,HOEP (Legacy)
2003-01-10 15:00:00,2003,1,16,20420,78.19,HOEP (Legacy)
2003-01-10 16:00:00,2003,1,17,21161,48.05,HOEP (Legacy)
2003-01-10 17:00:00,2003,1,18,21952,79.89,HOEP (Legacy)
2003-01-10 18:00:00,2003,1,19,21995,77.05,HOEP (Legacy)
2003-01-10 19:00:00,2003,1,20,21602,64.02,HOEP (Legacy)
2003-01-10 20:00:00,2003,1,21,21178,52.77,HOEP (Legacy)
2003-01-10 21:00:00,2003,1,22,20351,79.71,HOEP (Legacy)
2003-01-10 22:00:00,2003,1,23,19160,49.23,HOEP (Legacy)
2003-01-10 23:00:00,2003,1,24,18080,37.02,HOEP (Legacy)
2003-01-11 00:00:00,2003,1,1,17192,35.66,HOEP (Legacy)
2003-01-11 01:00:00,2003,1,2,16644,27.96,HOEP (Legacy)
2003-01-11 02:00:00,2003,1,3,16429,30.53,HOEP (Legacy)
2003-01-11 03:00:00,2003,1,4,16291,31.64,HOEP (Legacy)
2003-01-11 04:00:00,2003,1,5,16230,28.87,HOEP (Legacy)
2003-01-11 05:00:00,2003,1,6,16369,28.07,HOEP (Legacy)
2003-01-11 06:00:00,2003,1,7,16961,26.92,HOEP (Legacy)
2003-01-11 07:00:00,2003,1,8,17863,30.36,HOEP (Legacy)
2003-01-11 08:00:00,2003,1,9,18631,55.55,HOEP (Legacy)
2003-01-11 09:00:00,2003,1,10,19290,79.79,HOEP (Legacy)
2003-01-11 10:00:00,2003,1,11,19591,69.12,HOEP (Legacy)
2003-01-11 11:00:00,2003,1,12,19564,80.85,HOEP (Legacy)
2003-01-11 12:00:00,2003,1,13,19530,81.68,HOEP (Legacy)
2003-01-11 13:00:00,2003,1,14,19277,78.21,HOEP (Legacy)
2003-01-11 14:00:00,2003,1,15,19056,73.6,HOEP (Legacy)
2003-01-11 15:00:00,2003,1,16,19034,64.81,HOEP (Legacy)
2003-01-11 16:00:00,2003,1,17,19587,48.13,HOEP (Legacy)
2003-01-11 17:00:00,2003,1,18,20891,73.0,HOEP (Legacy)
2003-01-11 18:00:00,2003,1,19,20835,75.65,HOEP (Legacy)
2003-01-11 19:00:00,2003,1,20,20217,32.18,HOEP (Legacy)
2003-01-11 20:00:00,2003,1,21,19695,27.99,HOEP (Legacy)
2003-01-11 21:00:00,2003,1,22,19184,28.3,HOEP (Legacy)
2003-01-11 22:00:00,2003,1,23,18420,27.71,HOEP (Legacy)
2003-01-11 23:00:00,2003,1,24,17426,27.63,HOEP (Legacy)
2003-01-12 00:00:00,2003,1,1,16631,34.83,HOEP (Legacy)
2003-01-12 01:00:00,2003,1,2,16087,26.71,HOEP (Legacy)
2003-01-12 02:00:00,2003,1,3,15729,26.01,HOEP (Legacy)
2003-01-12 03:00:00,2003,1,4,15624,25.84,HOEP (Legacy)
2003-01-12 04:00:00,2003,1,5,15675,25.95,HOEP (Legacy)
2003-01-12 05:00:00,2003,1,6,15737,26.04,HOEP (Legacy)
2003-01-12 06:00:00,2003,1,7,15879,25.47,HOEP (Legacy)
2003-01-12 07:00:00,2003,1,8,16571,25.56,HOEP (Legacy)
2003-01-12 08:00:00,2003,1,9,17260,25.86,HOEP (Legacy)
2003-01-12 09:00:00,2003,1,10,17968,26.14,HOEP (Legacy)
2003-01-12 10:00:00,2003,1,11,18192,26.66,HOEP (Legacy)
2003-01-12 11:00:00,2003,1,12,18386,26.51,HOEP (Legacy)
2003-01-12 12:00:00,2003,1,13,18408,27.16,HOEP (Legacy)
2003-01-12 13:00:00,2003,1,14,18272,27.17,HOEP (Legacy)
2003-01-12 14:00:00,2003,1,15,18180,27.8,HOEP (Legacy)
2003-01-12 15:00:00,2003,1,16,18395,27.03,HOEP (Legacy)
2003-01-12 16:00:00,2003,1,17,19250,85.11,HOEP (Legacy)
2003-01-12 17:00:00,2003,1,18,20571,99.63,HOEP (Legacy)
2003-01-12 18:00:00,2003,1,19,20786,88.99,HOEP (Legacy)
2003-01-12 19:00:00,2003,1,20,20263,88.21,HOEP (Legacy)
2003-01-12 20:00:00,2003,1,21,19913,63.66,HOEP (Legacy)
2003-01-12 21:00:00,2003,1,22,19295,60.05,HOEP (Legacy)
2003-01-12 22:00:00,2003,1,23,18399,44.31,HOEP (Legacy)
2003-01-12 23:00:00,2003,1,24,17275,30.62,HOEP (Legacy)
2003-01-13 00:00:00,2003,1,1,16573,26.61,HOEP (Legacy)
2003-01-13 01:00:00,2003,1,2,16153,26.14,HOEP (Legacy)
2003-01-13 02:00:00,2003,1,3,16076,26.37,HOEP (Legacy)
2003-01-13 03:00:00,2003,1,4,16061,26.08,HOEP (Legacy)
2003-01-13 04:00:00,2003,1,5,16173,26.03,HOEP (Legacy)
2003-01-13 05:00:00,2003,1,6,16933,27.02,HOEP (Legacy)
2003-01-13 06:00:00,2003,1,7,18374,35.13,HOEP (Legacy)
2003-01-13 07:00:00,2003,1,8,20346,79.81,HOEP (Legacy)
2003-01-13 08:00:00,2003,1,9,20956,111.33,HOEP (Legacy)
2003-01-13 09:00:00,2003,1,10,21100,82.72,HOEP (Legacy)
2003-01-13 10:00:00,2003,1,11,21126,80.76,HOEP (Legacy)
2003-01-13 11:00:00,2003,1,12,21086,82.37,HOEP (Legacy)
2003-01-13 12:00:00,2003,1,13,20927,81.24,HOEP (Legacy)
2003-01-13 13:00:00,2003,1,14,20855,82.14,HOEP (Legacy)
2003-01-13 14:00:00,2003,1,15,20670,78.43,HOEP (Legacy)
2003-01-13 15:00:00,2003,1,16,20658,68.14,HOEP (Legacy)
2003-01-13 16:00:00,2003,1,17,21510,75.73,HOEP (Legacy)
2003-01-13 17:00:00,2003,1,18,22926,83.12,HOEP (Legacy)
2003-01-13 18:00:00,2003,1,19,22993,81.65,HOEP (Legacy)
2003-01-13 19:00:00,2003,1,20,22564,80.37,HOEP (Legacy)
2003-01-13 20:00:00,2003,1,21,22069,73.95,HOEP (Legacy)
2003-01-13 21:00:00,2003,1,22,21267,58.75,HOEP (Legacy)
2003-01-13 22:00:00,2003,1,23,20003,47.24,HOEP (Legacy)
2003-01-13 23:00:00,2003,1,24,18754,29.99,HOEP (Legacy)
2003-01-14 00:00:00,2003,1,1,18073,69.81,HOEP (Legacy)
2003-01-14 01:00:00,2003,1,2,17661,43.69,HOEP (Legacy)
2003-01-14 02:00:00,2003,1,3,17483,27.4,HOEP (Legacy)
2003-01-14 03:00:00,2003,1,4,17161,26.63,HOEP (Legacy)
2003-01-14 04:00:00,2003,1,5,17423,27.13,HOEP (Legacy)
2003-01-14 05:00:00,2003,1,6,18122,45.21,HOEP (Legacy)
2003-01-14 06:00:00,2003,1,7,19276,74.55,HOEP (Legacy)
2003-01-14 07:00:00,2003,1,8,21292,78.16,HOEP (Legacy)
2003-01-14 08:00:00,2003,1,9,21689,83.54,HOEP (Legacy)
2003-01-14 09:00:00,2003,1,10,21484,42.16,HOEP (Legacy)
2003-01-14 10:00:00,2003,1,11,21387,28.1,HOEP (Legacy)
2003-01-14 11:00:00,2003,1,12,21230,27.85,HOEP (Legacy)
2003-01-14 12:00:00,2003,1,13,20995,27.59,HOEP (Legacy)
2003-01-14 13:00:00,2003,1,14,20860,28.22,HOEP (Legacy)
2003-01-14 14:00:00,2003,1,15,20789,27.25,HOEP (Legacy)
2003-01-14 15:00:00,2003,1,16,20939,27.41,HOEP (Legacy)
2003-01-14 16:00:00,2003,1,17,21883,26.67,HOEP (Legacy)
2003-01-14 17:00:00,2003,1,18,22990,53.35,HOEP (Legacy)
2003-01-14 18:00:00,2003,1,19,23008,52.88,HOEP (Legacy)
2003-01-14 19:00:00,2003,1,20,22560,67.42,HOEP (Legacy)
2003-01-14 20:00:00,2003,1,21,22046,30.29,HOEP (Legacy)
2003-01-14 21:00:00,2003,1,22,21261,47.63,HOEP (Legacy)
2003-01-14 22:00:00,2003,1,23,20021,26.85,HOEP (Legacy)
2003-01-14 23:00:00,2003,1,24,18782,28.3,HOEP (Legacy)
2003-01-15 00:00:00,2003,1,1,17974,27.17,HOEP (Legacy)
2003-01-15 01:00:00,2003,1,2,17673,27.47,HOEP (Legacy)
2003-01-15 02:00:00,2003,1,3,17450,27.06,HOEP (Legacy)
2003-01-15 03:00:00,2003,1,4,17425,26.69,HOEP (Legacy)
2003-01-15 04:00:00,2003,1,5,17516,27.04,HOEP (Legacy)
2003-01-15 05:00:00,2003,1,6,18074,34.0,HOEP (Legacy)
2003-01-15 06:00:00,2003,1,7,19248,32.83,HOEP (Legacy)
2003-01-15 07:00:00,2003,1,8,21179,57.31,HOEP (Legacy)
2003-01-15 08:00:00,2003,1,9,21567,80.39,HOEP (Legacy)
2003-01-15 09:00:00,2003,1,10,21300,28.92,HOEP (Legacy)
2003-01-15 10:00:00,2003,1,11,21239,27.36,HOEP (Legacy)
2003-01-15 11:00:00,2003,1,12,21113,31.42,HOEP (Legacy)
2003-01-15 12:00:00,2003,1,13,20725,75.84,HOEP (Legacy)
2003-01-15 13:00:00,2003,1,14,20663,83.84,HOEP (Legacy)
2003-01-15 14:00:00,2003,1,15,20512,27.87,HOEP (Legacy)
2003-01-15 15:00:00,2003,1,16,20948,42.82,HOEP (Legacy)
2003-01-15 16:00:00,2003,1,17,21700,40.24,HOEP (Legacy)
2003-01-15 17:00:00,2003,1,18,22970,72.92,HOEP (Legacy)
2003-01-15 18:00:00,2003,1,19,23013,77.99,HOEP (Legacy)
2003-01-15 19:00:00,2003,1,20,22577,53.42,HOEP (Legacy)
2003-01-15 20:00:00,2003,1,21,22131,36.17,HOEP (Legacy)
2003-01-15 21:00:00,2003,1,22,21326,32.38,HOEP (Legacy)
2003-01-15 22:00:00,2003,1,23,20117,27.24,HOEP (Legacy)
2003-01-15 23:00:00,2003,1,24,18848,26.62,HOEP (Legacy)
2003-01-16 00:00:00,2003,1,1,18162,26.85,HOEP (Legacy)
2003-01-16 01:00:00,2003,1,2,17844,26.61,HOEP (Legacy)
2003-01-16 02:00:00,2003,1,3,17643,26.58,HOEP (Legacy)
2003-01-16 03:00:00,2003,1,4,17518,26.48,HOEP (Legacy)
2003-01-16 04:00:00,2003,1,5,17563,26.57,HOEP (Legacy)
2003-01-16 05:00:00,2003,1,6,18093,27.35,HOEP (Legacy)
2003-01-16 06:00:00,2003,1,7,19252,32.16,HOEP (Legacy)
2003-01-16 07:00:00,2003,1,8,21187,43.55,HOEP (Legacy)
2003-01-16 08:00:00,2003,1,9,21578,78.06,HOEP (Legacy)
2003-01-16 09:00:00,2003,1,10,21475,67.76,HOEP (Legacy)
2003-01-16 10:00:00,2003,1,11,21366,58.29,HOEP (Legacy)
2003-01-16 11:00:00,2003,1,12,21285,31.35,HOEP (Legacy)
2003-01-16 12:00:00,2003,1,13,21074,32.47,HOEP (Legacy)
2003-01-16 13:00:00,2003,1,14,21187,82.11,HOEP (Legacy)
2003-01-16 14:00:00,2003,1,15,21113,69.61,HOEP (Legacy)
2003-01-16 15:00:00,2003,1,16,21172,80.86,HOEP (Legacy)
2003-01-16 16:00:00,2003,1,17,21865,55.79,HOEP (Legacy)
2003-01-16 17:00:00,2003,1,18,22691,85.85,HOEP (Legacy)
2003-01-16 18:00:00,2003,1,19,22943,92.3,HOEP (Legacy)
2003-01-16 19:00:00,2003,1,20,22399,76.2,HOEP (Legacy)
2003-01-16 20:00:00,2003,1,21,21981,27.66,HOEP (Legacy)
2003-01-16 21:00:00,2003,1,22,21081,30.79,HOEP (Legacy)
2003-01-16 22:00:00,2003,1,23,19935,25.87,HOEP (Legacy)
2003-01-16 23:00:00,2003,1,24,18587,25.57,HOEP (Legacy)
2003-01-17 00:00:00,2003,1,1,17860,26.41,HOEP (Legacy)
2003-01-17 01:00:00,2003,1,2,17482,26.64,HOEP (Legacy)
2003-01-17 02:00:00,2003,1,3,17250,26.57,HOEP (Legacy)
2003-01-17 03:00:00,2003,1,4,17196,26.24,HOEP (Legacy)
2003-01-17 04:00:00,2003,1,5,17253,26.45,HOEP (Legacy)
2003-01-17 05:00:00,2003,1,6,18079,27.89,HOEP (Legacy)
2003-01-17 06:00:00,2003,1,7,19538,81.85,HOEP (Legacy)
2003-01-17 07:00:00,2003,1,8,21471,79.33,HOEP (Legacy)
2003-01-17 08:00:00,2003,1,9,21994,86.61,HOEP (Legacy)
2003-01-17 09:00:00,2003,1,10,21977,84.06,HOEP (Legacy)
2003-01-17 10:00:00,2003,1,11,21949,83.5,HOEP (Legacy)
2003-01-17 11:00:00,2003,1,12,21704,26.71,HOEP (Legacy)
2003-01-17 12:00:00,2003,1,13,21470,85.92,HOEP (Legacy)
2003-01-17 13:00:00,2003,1,14,21213,86.39,HOEP (Legacy)
2003-01-17 14:00:00,2003,1,15,21113,69.34,HOEP (Legacy)
2003-01-17 15:00:00,2003,1,16,20961,26.83,HOEP (Legacy)
2003-01-17 16:00:00,2003,1,17,21458,26.85,HOEP (Legacy)
2003-01-17 17:00:00,2003,1,18,22715,86.32,HOEP (Legacy)
2003-01-17 18:00:00,2003,1,19,22993,91.19,HOEP (Legacy)
2003-01-17 19:00:00,2003,1,20,22498,89.87,HOEP (Legacy)
2003-01-17 20:00:00,2003,1,21,22002,88.21,HOEP (Legacy)
2003-01-17 21:00:00,2003,1,22,21316,57.43,HOEP (Legacy)
2003-01-17 22:00:00,2003,1,23,20182,47.16,HOEP (Legacy)
2003-01-17 23:00:00,2003,1,24,18968,27.16,HOEP (Legacy)
2003-01-18 00:00:00,2003,1,1,18132,39.38,HOEP (Legacy)
2003-01-18 01:00:00,2003,1,2,17778,29.47,HOEP (Legacy)
2003-01-18 02:00:00,2003,1,3,17428,28.45,HOEP (Legacy)
2003-01-18 03:00:00,2003,1,4,17203,28.25,HOEP (Legacy)
2003-01-18 04:00:00,2003,1,5,17256,27.89,HOEP (Legacy)
2003-01-18 05:00:00,2003,1,6,17409,31.88,HOEP (Legacy)
2003-01-18 06:00:00,2003,1,7,17816,46.25,HOEP (Legacy)
2003-01-18 07:00:00,2003,1,8,18713,66.21,HOEP (Legacy)
2003-01-18 08:00:00,2003,1,9,19556,67.48,HOEP (Legacy)
2003-01-18 09:00:00,2003,1,10,20153,105.01,HOEP (Legacy)
2003-01-18 10:00:00,2003,1,11,20328,97.99,HOEP (Legacy)
2003-01-18 11:00:00,2003,1,12,20308,100.31,HOEP (Legacy)
2003-01-18 12:00:00,2003,1,13,19986,92.12,HOEP (Legacy)
2003-01-18 13:00:00,2003,1,14,19663,89.49,HOEP (Legacy)
2003-01-18 14:00:00,2003,1,15,19466,86.3,HOEP (Legacy)
2003-01-18 15:00:00,2003,1,16,19379,50.86,HOEP (Legacy)
2003-01-18 16:00:00,2003,1,17,20053,61.58,HOEP (Legacy)
2003-01-18 17:00:00,2003,1,18,21315,94.62,HOEP (Legacy)
2003-01-18 18:00:00,2003,1,19,21263,96.85,HOEP (Legacy)
2003-01-18 19:00:00,2003,1,20,20708,90.51,HOEP (Legacy)
2003-01-18 20:00:00,2003,1,21,20167,87.97,HOEP (Legacy)
2003-01-18 21:00:00,2003,1,22,19621,89.4,HOEP (Legacy)
2003-01-18 22:00:00,2003,1,23,18854,89.02,HOEP (Legacy)
2003-01-18 23:00:00,2003,1,24,17846,94.25,HOEP (Legacy)
2003-01-19 00:00:00,2003,1,1,17197,58.36,HOEP (Legacy)
2003-01-19 01:00:00,2003,1,2,16755,50.15,HOEP (Legacy)
2003-01-19 02:00:00,2003,1,3,16418,38.98,HOEP (Legacy)
2003-01-19 03:00:00,2003,1,4,16176,75.89,HOEP (Legacy)
2003-01-19 04:00:00,2003,1,5,16105,64.83,HOEP (Legacy)
2003-01-19 05:00:00,2003,1,6,16289,30.51,HOEP (Legacy)
2003-01-19 06:00:00,2003,1,7,16665,26.75,HOEP (Legacy)
2003-01-19 07:00:00,2003,1,8,17361,30.44,HOEP (Legacy)
2003-01-19 08:00:00,2003,1,9,18007,45.25,HOEP (Legacy)
2003-01-19 09:00:00,2003,1,10,18631,42.88,HOEP (Legacy)
2003-01-19 10:00:00,2003,1,11,18973,75.95,HOEP (Legacy)
2003-01-19 11:00:00,2003,1,12,19235,84.72,HOEP (Legacy)
2003-01-19 12:00:00,2003,1,13,19219,87.73,HOEP (Legacy)
2003-01-19 13:00:00,2003,1,14,19062,82.88,HOEP (Legacy)
2003-01-19 14:00:00,2003,1,15,18948,85.35,HOEP (Legacy)
2003-01-19 15:00:00,2003,1,16,19290,86.18,HOEP (Legacy)
2003-01-19 16:00:00,2003,1,17,20098,81.62,HOEP (Legacy)
2003-01-19 17:00:00,2003,1,18,21427,95.81,HOEP (Legacy)
2003-01-19 18:00:00,2003,1,19,21539,98.87,HOEP (Legacy)
2003-01-19 19:00:00,2003,1,20,21115,89.36,HOEP (Legacy)
2003-01-19 20:00:00,2003,1,21,20650,86.94,HOEP (Legacy)
2003-01-19 21:00:00,2003,1,22,20029,71.05,HOEP (Legacy)
2003-01-19 22:00:00,2003,1,23,19086,49.91,HOEP (Legacy)
2003-01-19 23:00:00,2003,1,24,18042,27.68,HOEP (Legacy)
2003-01-20 00:00:00,2003,1,1,17392,26.97,HOEP (Legacy)
2003-01-20 01:00:00,2003,1,2,17053,27.06,HOEP (Legacy)
2003-01-20 02:00:00,2003,1,3,17000,27.22,HOEP (Legacy)
2003-01-20 03:00:00,2003,1,4,16907,50.11,HOEP (Legacy)
2003-01-20 04:00:00,2003,1,5,17098,26.72,HOEP (Legacy)
2003-01-20 05:00:00,2003,1,6,17598,36.69,HOEP (Legacy)
2003-01-20 06:00:00,2003,1,7,19069,53.9,HOEP (Legacy)
2003-01-20 07:00:00,2003,1,8,20893,89.86,HOEP (Legacy)
2003-01-20 08:00:00,2003,1,9,21485,87.37,HOEP (Legacy)
2003-01-20 09:00:00,2003,1,10,21531,85.55,HOEP (Legacy)
2003-01-20 10:00:00,2003,1,11,21577,88.33,HOEP (Legacy)
2003-01-20 11:00:00,2003,1,12,21628,88.11,HOEP (Legacy)
2003-01-20 12:00:00,2003,1,13,21473,87.7,HOEP (Legacy)
2003-01-20 13:00:00,2003,1,14,21314,92.58,HOEP (Legacy)
2003-01-20 14:00:00,2003,1,15,21161,88.4,HOEP (Legacy)
2003-01-20 15:00:00,2003,1,16,21271,55.45,HOEP (Legacy)
2003-01-20 16:00:00,2003,1,17,21917,91.96,HOEP (Legacy)
2003-01-20 17:00:00,2003,1,18,23185,89.39,HOEP (Legacy)
2003-01-20 18:00:00,2003,1,19,23425,90.74,HOEP (Legacy)
2003-01-20 19:00:00,2003,1,20,23086,89.44,HOEP (Legacy)
2003-01-20 20:00:00,2003,1,21,22553,87.24,HOEP (Legacy)
2003-01-20 21:00:00,2003,1,22,21662,51.48,HOEP (Legacy)
2003-01-20 22:00:00,2003,1,23,20658,51.43,HOEP (Legacy)
2003-01-20 23:00:00,2003,1,24,19262,46.04,HOEP (Legacy)
2003-01-21 00:00:00,2003,1,1,18578,26.77,HOEP (Legacy)
2003-01-21 01:00:00,2003,1,2,18264,27.25,HOEP (Legacy)
2003-01-21 02:00:00,2003,1,3,17987,30.14,HOEP (Legacy)
2003-01-21 03:00:00,2003,1,4,17879,27.4,HOEP (Legacy)
2003-01-21 04:00:00,2003,1,5,18018,36.09,HOEP (Legacy)
2003-01-21 05:00:00,2003,1,6,18578,26.94,HOEP (Legacy)
2003-01-21 06:00:00,2003,1,7,20068,80.16,HOEP (Legacy)
2003-01-21 07:00:00,2003,1,8,21912,93.03,HOEP (Legacy)
2003-01-21 08:00:00,2003,1,9,22237,91.62,HOEP (Legacy)
2003-01-21 09:00:00,2003,1,10,22075,87.94,HOEP (Legacy)
2003-01-21 10:00:00,2003,1,11,21991,89.28,HOEP (Legacy)
2003-01-21 11:00:00,2003,1,12,21916,87.79,HOEP (Legacy)
2003-01-21 12:00:00,2003,1,13,21683,88.35,HOEP (Legacy)
2003-01-21 13:00:00,2003,1,14,21489,88.84,HOEP (Legacy)
2003-01-21 14:00:00,2003,1,15,21357,86.23,HOEP (Legacy)
2003-01-21 15:00:00,2003,1,16,21480,86.71,HOEP (Legacy)
2003-01-21 16:00:00,2003,1,17,22188,88.32,HOEP (Legacy)
2003-01-21 17:00:00,2003,1,18,23349,93.52,HOEP (Legacy)
2003-01-21 18:00:00,2003,1,19,23731,96.23,HOEP (Legacy)
2003-01-21 19:00:00,2003,1,20,23426,92.07,HOEP (Legacy)
2003-01-21 20:00:00,2003,1,21,22927,89.27,HOEP (Legacy)
2003-01-21 21:00:00,2003,1,22,22124,77.62,HOEP (Legacy)
2003-01-21 22:00:00,2003,1,23,20855,37.02,HOEP (Legacy)
2003-01-21 23:00:00,2003,1,24,19594,26.73,HOEP (Legacy)
2003-01-22 00:00:00,2003,1,1,18914,26.85,HOEP (Legacy)
2003-01-22 01:00:00,2003,1,2,18460,35.86,HOEP (Legacy)
2003-01-22 02:00:00,2003,1,3,18212,27.07,HOEP (Legacy)
2003-01-22 03:00:00,2003,1,4,18287,27.34,HOEP (Legacy)
2003-01-22 04:00:00,2003,1,5,18366,31.97,HOEP (Legacy)
2003-01-22 05:00:00,2003,1,6,18966,43.77,HOEP (Legacy)
2003-01-22 06:00:00,2003,1,7,20312,86.76,HOEP (Legacy)
2003-01-22 07:00:00,2003,1,8,22052,93.53,HOEP (Legacy)
2003-01-22 08:00:00,2003,1,9,22566,91.76,HOEP (Legacy)
2003-01-22 09:00:00,2003,1,10,22523,91.77,HOEP (Legacy)
2003-01-22 10:00:00,2003,1,11,22524,92.83,HOEP (Legacy)
2003-01-22 11:00:00,2003,1,12,22454,91.74,HOEP (Legacy)
2003-01-22 12:00:00,2003,1,13,22211,94.13,HOEP (Legacy)
2003-01-22 13:00:00,2003,1,14,22119,91.04,HOEP (Legacy)
2003-01-22 14:00:00,2003,1,15,21960,88.82,HOEP (Legacy)
2003-01-22 15:00:00,2003,1,16,21997,95.55,HOEP (Legacy)
2003-01-22 16:00:00,2003,1,17,22688,95.54,HOEP (Legacy)
2003-01-22 17:00:00,2003,1,18,23835,72.06,HOEP (Legacy)
2003-01-22 18:00:00,2003,1,19,24158,92.48,HOEP (Legacy)
2003-01-22 19:00:00,2003,1,20,23813,98.42,HOEP (Legacy)
2003-01-22 20:00:00,2003,1,21,23343,94.07,HOEP (Legacy)
2003-01-22 21:00:00,2003,1,22,22534,82.83,HOEP (Legacy)
2003-01-22 22:00:00,2003,1,23,21281,65.3,HOEP (Legacy)
2003-01-22 23:00:00,2003,1,24,19981,26.89,HOEP (Legacy)
2003-01-23 00:00:00,2003,1,1,19290,49.1,HOEP (Legacy)
2003-01-23 01:00:00,2003,1,2,18885,92.7,HOEP (Legacy)
2003-01-23 02:00:00,2003,1,3,18630,97.45,HOEP (Legacy)
2003-01-23 03:00:00,2003,1,4,18502,92.03,HOEP (Legacy)
2003-01-23 04:00:00,2003,1,5,18585,88.29,HOEP (Legacy)
2003-01-23 05:00:00,2003,1,6,19002,83.95,HOEP (Legacy)
2003-01-23 06:00:00,2003,1,7,20428,93.79,HOEP (Legacy)
2003-01-23 07:00:00,2003,1,8,22166,97.53,HOEP (Legacy)
2003-01-23 08:00:00,2003,1,9,22583,99.3,HOEP (Legacy)
2003-01-23 09:00:00,2003,1,10,22794,101.13,HOEP (Legacy)
2003-01-23 10:00:00,2003,1,11,22757,114.5,HOEP (Legacy)
2003-01-23 11:00:00,2003,1,12,22865,126.75,HOEP (Legacy)
2003-01-23 12:00:00,2003,1,13,22772,152.65,HOEP (Legacy)
2003-01-23 13:00:00,2003,1,14,22565,122.18,HOEP (Legacy)
2003-01-23 14:00:00,2003,1,15,22301,100.02,HOEP (Legacy)
2003-01-23 15:00:00,2003,1,16,22405,98.54,HOEP (Legacy)
2003-01-23 16:00:00,2003,1,17,22925,94.49,HOEP (Legacy)
2003-01-23 17:00:00,2003,1,18,23989,97.6,HOEP (Legacy)
2003-01-23 18:00:00,2003,1,19,23636,97.27,HOEP (Legacy)
2003-01-23 19:00:00,2003,1,20,23738,102.03,HOEP (Legacy)
2003-01-23 20:00:00,2003,1,21,23357,104.97,HOEP (Legacy)
2003-01-23 21:00:00,2003,1,22,22467,99.83,HOEP (Legacy)
2003-01-23 22:00:00,2003,1,23,21226,98.74,HOEP (Legacy)
2003-01-23 23:00:00,2003,1,24,19941,102.84,HOEP (Legacy)
2003-01-24 00:00:00,2003,1,1,19117,94.55,HOEP (Legacy)
2003-01-24 01:00:00,2003,1,2,18612,32.76,HOEP (Legacy)
2003-01-24 02:00:00,2003,1,3,18402,26.77,HOEP (Legacy)
2003-01-24 03:00:00,2003,1,4,18372,26.58,HOEP (Legacy)
2003-01-24 04:00:00,2003,1,5,18525,27.24,HOEP (Legacy)
2003-01-24 05:00:00,2003,1,6,19125,92.05,HOEP (Legacy)
2003-01-24 06:00:00,2003,1,7,20342,96.64,HOEP (Legacy)
2003-01-24 07:00:00,2003,1,8,22125,135.46,HOEP (Legacy)
2003-01-24 08:00:00,2003,1,9,22504,112.92,HOEP (Legacy)
2003-01-24 09:00:00,2003,1,10,22442,150.57,HOEP (Legacy)
2003-01-24 10:00:00,2003,1,11,22399,101.4,HOEP (Legacy)
2003-01-24 11:00:00,2003,1,12,22233,100.24,HOEP (Legacy)
2003-01-24 12:00:00,2003,1,13,21806,98.77,HOEP (Legacy)
2003-01-24 13:00:00,2003,1,14,21633,102.99,HOEP (Legacy)
2003-01-24 14:00:00,2003,1,15,21429,116.14,HOEP (Legacy)
2003-01-24 15:00:00,2003,1,16,21314,100.62,HOEP (Legacy)
2003-01-24 16:00:00,2003,1,17,21884,136.6,HOEP (Legacy)
2003-01-24 17:00:00,2003,1,18,22894,147.92,HOEP (Legacy)
2003-01-24 18:00:00,2003,1,19,23102,98.28,HOEP (Legacy)
2003-01-24 19:00:00,2003,1,20,22693,99.56,HOEP (Legacy)
2003-01-24 20:00:00,2003,1,21,21889,96.61,HOEP (Legacy)
2003-01-24 21:00:00,2003,1,22,21133,122.53,HOEP (Legacy)
2003-01-24 22:00:00,2003,1,23,19837,102.32,HOEP (Legacy)
2003-01-24 23:00:00,2003,1,24,18761,96.62,HOEP (Legacy)
2003-01-25 00:00:00,2003,1,1,17901,42.64,HOEP (Legacy)
2003-01-25 01:00:00,2003,1,2,17410,54.87,HOEP (Legacy)
2003-01-25 02:00:00,2003,1,3,17086,72.18,HOEP (Legacy)
2003-01-25 03:00:00,2003,1,4,16795,37.76,HOEP (Legacy)
2003-01-25 04:00:00,2003,1,5,16861,43.91,HOEP (Legacy)
2003-01-25 05:00:00,2003,1,6,17121,27.66,HOEP (Legacy)
2003-01-25 06:00:00,2003,1,7,17444,26.57,HOEP (Legacy)
2003-01-25 07:00:00,2003,1,8,18425,26.56,HOEP (Legacy)
2003-01-25 08:00:00,2003,1,9,19351,27.14,HOEP (Legacy)
2003-01-25 09:00:00,2003,1,10,20232,80.55,HOEP (Legacy)
2003-01-25 10:00:00,2003,1,11,20656,95.7,HOEP (Legacy)
2003-01-25 11:00:00,2003,1,12,20602,96.71,HOEP (Legacy)
2003-01-25 12:00:00,2003,1,13,20371,104.93,HOEP (Legacy)
2003-01-25 13:00:00,2003,1,14,19968,94.74,HOEP (Legacy)
2003-01-25 14:00:00,2003,1,15,19678,92.01,HOEP (Legacy)
2003-01-25 15:00:00,2003,1,16,19629,88.98,HOEP (Legacy)
2003-01-25 16:00:00,2003,1,17,20054,70.68,HOEP (Legacy)
2003-01-25 17:00:00,2003,1,18,21212,107.26,HOEP (Legacy)
2003-01-25 18:00:00,2003,1,19,21294,94.0,HOEP (Legacy)
2003-01-25 19:00:00,2003,1,20,20745,91.03,HOEP (Legacy)
2003-01-25 20:00:00,2003,1,21,20212,87.46,HOEP (Legacy)
2003-01-25 21:00:00,2003,1,22,19538,51.16,HOEP (Legacy)
2003-01-25 22:00:00,2003,1,23,18793,57.14,HOEP (Legacy)
2003-01-25 23:00:00,2003,1,24,17892,68.85,HOEP (Legacy)
2003-01-26 00:00:00,2003,1,1,17038,45.2,HOEP (Legacy)
2003-01-26 01:00:00,2003,1,2,16606,81.91,HOEP (Legacy)
2003-01-26 02:00:00,2003,1,3,16403,30.14,HOEP (Legacy)
2003-01-26 03:00:00,2003,1,4,16209,37.38,HOEP (Legacy)
2003-01-26 04:00:00,2003,1,5,16203,128.89,HOEP (Legacy)
2003-01-26 05:00:00,2003,1,6,16188,33.4,HOEP (Legacy)
2003-01-26 06:00:00,2003,1,7,16561,33.18,HOEP (Legacy)
2003-01-26 07:00:00,2003,1,8,17139,29.72,HOEP (Legacy)
2003-01-26 08:00:00,2003,1,9,17902,31.38,HOEP (Legacy)
2003-01-26 09:00:00,2003,1,10,18537,30.79,HOEP (Legacy)
2003-01-26 10:00:00,2003,1,11,19002,28.65,HOEP (Legacy)
2003-01-26 11:00:00,2003,1,12,19303,83.04,HOEP (Legacy)
2003-01-26 12:00:00,2003,1,13,19374,82.46,HOEP (Legacy)
2003-01-26 13:00:00,2003,1,14,19245,87.35,HOEP (Legacy)
2003-01-26 14:00:00,2003,1,15,19244,91.47,HOEP (Legacy)
2003-01-26 15:00:00,2003,1,16,19302,90.57,HOEP (Legacy)
2003-01-26 16:00:00,2003,1,17,19955,65.57,HOEP (Legacy)
2003-01-26 17:00:00,2003,1,18,21127,118.85,HOEP (Legacy)
2003-01-26 18:00:00,2003,1,19,21596,102.0,HOEP (Legacy)
2003-01-26 19:00:00,2003,1,20,21204,99.67,HOEP (Legacy)
2003-01-26 20:00:00,2003,1,21,20823,97.99,HOEP (Legacy)
2003-01-26 21:00:00,2003,1,22,20437,100.85,HOEP (Legacy)
2003-01-26 22:00:00,2003,1,23,19595,79.97,HOEP (Legacy)
2003-01-26 23:00:00,2003,1,24,18907,40.09,HOEP (Legacy)
2003-01-27 00:00:00,2003,1,1,18218,39.16,HOEP (Legacy)
2003-01-27 01:00:00,2003,1,2,18030,95.76,HOEP (Legacy)
2003-01-27 02:00:00,2003,1,3,18040,94.16,HOEP (Legacy)
2003-01-27 03:00:00,2003,1,4,18054,96.7,HOEP (Legacy)
2003-01-27 04:00:00,2003,1,5,18174,92.15,HOEP (Legacy)
2003-01-27 05:00:00,2003,1,6,18814,70.42,HOEP (Legacy)
2003-01-27 06:00:00,2003,1,7,20379,117.67,HOEP (Legacy)
2003-01-27 07:00:00,2003,1,8,22224,181.76,HOEP (Legacy)
2003-01-27 08:00:00,2003,1,9,22687,186.61,HOEP (Legacy)
2003-01-27 09:00:00,2003,1,10,22693,112.13,HOEP (Legacy)
2003-01-27 10:00:00,2003,1,11,22673,105.26,HOEP (Legacy)
2003-01-27 11:00:00,2003,1,12,22489,105.75,HOEP (Legacy)
2003-01-27 12:00:00,2003,1,13,22222,104.96,HOEP (Legacy)
2003-01-27 13:00:00,2003,1,14,22102,146.14,HOEP (Legacy)
2003-01-27 14:00:00,2003,1,15,21835,103.9,HOEP (Legacy)
2003-01-27 15:00:00,2003,1,16,21800,98.23,HOEP (Legacy)
2003-01-27 16:00:00,2003,1,17,22381,98.0,HOEP (Legacy)
2003-01-27 17:00:00,2003,1,18,23561,149.05,HOEP (Legacy)
2003-01-27 18:00:00,2003,1,19,23916,227.94,HOEP (Legacy)
2003-01-27 19:00:00,2003,1,20,23456,164.88,HOEP (Legacy)
2003-01-27 20:00:00,2003,1,21,23062,117.63,HOEP (Legacy)
2003-01-27 21:00:00,2003,1,22,22224,127.46,HOEP (Legacy)
2003-01-27 22:00:00,2003,1,23,20879,103.58,HOEP (Legacy)
2003-01-27 23:00:00,2003,1,24,19604,80.53,HOEP (Legacy)
2003-01-28 00:00:00,2003,1,1,18727,92.23,HOEP (Legacy)
2003-01-28 01:00:00,2003,1,2,18372,86.76,HOEP (Legacy)
2003-01-28 02:00:00,2003,1,3,18097,60.36,HOEP (Legacy)
2003-01-28 03:00:00,2003,1,4,17986,70.67,HOEP (Legacy)
2003-01-28 04:00:00,2003,1,5,18060,40.24,HOEP (Legacy)
2003-01-28 05:00:00,2003,1,6,18645,71.73,HOEP (Legacy)
2003-01-28 06:00:00,2003,1,7,19862,75.03,HOEP (Legacy)
2003-01-28 07:00:00,2003,1,8,21552,112.68,HOEP (Legacy)
2003-01-28 08:00:00,2003,1,9,21901,103.08,HOEP (Legacy)
2003-01-28 09:00:00,2003,1,10,22122,102.77,HOEP (Legacy)
2003-01-28 10:00:00,2003,1,11,22121,107.36,HOEP (Legacy)
2003-01-28 11:00:00,2003,1,12,21880,103.64,HOEP (Legacy)
2003-01-28 12:00:00,2003,1,13,21641,145.3,HOEP (Legacy)
2003-01-28 13:00:00,2003,1,14,21550,150.54,HOEP (Legacy)
2003-01-28 14:00:00,2003,1,15,21342,101.31,HOEP (Legacy)
2003-01-28 15:00:00,2003,1,16,21419,99.68,HOEP (Legacy)
2003-01-28 16:00:00,2003,1,17,21972,101.93,HOEP (Legacy)
2003-01-28 17:00:00,2003,1,18,22822,97.13,HOEP (Legacy)
2003-01-28 18:00:00,2003,1,19,23099,95.43,HOEP (Legacy)
2003-01-28 19:00:00,2003,1,20,22590,103.51,HOEP (Legacy)
2003-01-28 20:00:00,2003,1,21,22010,102.93,HOEP (Legacy)
2003-01-28 21:00:00,2003,1,22,21049,100.28,HOEP (Legacy)
2003-01-28 22:00:00,2003,1,23,19828,84.6,HOEP (Legacy)
2003-01-28 23:00:00,2003,1,24,18514,77.31,HOEP (Legacy)
2003-01-29 00:00:00,2003,1,1,17637,29.74,HOEP (Legacy)
2003-01-29 01:00:00,2003,1,2,17221,30.88,HOEP (Legacy)
2003-01-29 02:00:00,2003,1,3,17065,28.44,HOEP (Legacy)
2003-01-29 03:00:00,2003,1,4,16905,27.25,HOEP (Legacy)
2003-01-29 04:00:00,2003,1,5,16895,27.34,HOEP (Legacy)
2003-01-29 05:00:00,2003,1,6,17431,71.39,HOEP (Legacy)
2003-01-29 06:00:00,2003,1,7,18689,70.94,HOEP (Legacy)
2003-01-29 07:00:00,2003,1,8,20585,98.55,HOEP (Legacy)
2003-01-29 08:00:00,2003,1,9,21034,98.18,HOEP (Legacy)
2003-01-29 09:00:00,2003,1,10,21053,99.3,HOEP (Legacy)
2003-01-29 10:00:00,2003,1,11,20990,98.06,HOEP (Legacy)
2003-01-29 11:00:00,2003,1,12,20852,96.89,HOEP (Legacy)
2003-01-29 12:00:00,2003,1,13,20593,95.91,HOEP (Legacy)
2003-01-29 13:00:00,2003,1,14,20488,97.22,HOEP (Legacy)
2003-01-29 14:00:00,2003,1,15,20301,95.66,HOEP (Legacy)
2003-01-29 15:00:00,2003,1,16,20425,94.17,HOEP (Legacy)
2003-01-29 16:00:00,2003,1,17,21013,100.54,HOEP (Legacy)
2003-01-29 17:00:00,2003,1,18,22031,122.54,HOEP (Legacy)
2003-01-29 18:00:00,2003,1,19,22659,162.19,HOEP (Legacy)
2003-01-29 19:00:00,2003,1,20,22517,197.46,HOEP (Legacy)
2003-01-29 20:00:00,2003,1,21,22120,116.0,HOEP (Legacy)
2003-01-29 21:00:00,2003,1,22,21233,101.01,HOEP (Legacy)
2003-01-29 22:00:00,2003,1,23,20186,82.69,HOEP (Legacy)
2003-01-29 23:00:00,2003,1,24,18959,80.2,HOEP (Legacy)
2003-01-30 00:00:00,2003,1,1,18222,90.1,HOEP (Legacy)
2003-01-30 01:00:00,2003,1,2,17831,83.15,HOEP (Legacy)
2003-01-30 02:00:00,2003,1,3,17617,42.71,HOEP (Legacy)
2003-01-30 03:00:00,2003,1,4,17650,67.6,HOEP (Legacy)
2003-01-30 04:00:00,2003,1,5,17711,49.94,HOEP (Legacy)
2003-01-30 05:00:00,2003,1,6,18327,52.83,HOEP (Legacy)
2003-01-30 06:00:00,2003,1,7,19734,92.66,HOEP (Legacy)
2003-01-30 07:00:00,2003,1,8,21587,100.17,HOEP (Legacy)
2003-01-30 08:00:00,2003,1,9,21918,102.01,HOEP (Legacy)
2003-01-30 09:00:00,2003,1,10,21766,99.4,HOEP (Legacy)
2003-01-30 10:00:00,2003,1,11,21656,96.62,HOEP (Legacy)
2003-01-30 11:00:00,2003,1,12,21398,97.2,HOEP (Legacy)
2003-01-30 12:00:00,2003,1,13,21059,92.74,HOEP (Legacy)
2003-01-30 13:00:00,2003,1,14,20739,90.06,HOEP (Legacy)
2003-01-30 14:00:00,2003,1,15,20468,40.05,HOEP (Legacy)
2003-01-30 15:00:00,2003,1,16,20493,27.11,HOEP (Legacy)
2003-01-30 16:00:00,2003,1,17,21059,87.78,HOEP (Legacy)
2003-01-30 17:00:00,2003,1,18,21975,92.18,HOEP (Legacy)
2003-01-30 18:00:00,2003,1,19,22584,96.64,HOEP (Legacy)
2003-01-30 19:00:00,2003,1,20,22349,94.15,HOEP (Legacy)
2003-01-30 20:00:00,2003,1,21,21887,95.13,HOEP (Legacy)
2003-01-30 21:00:00,2003,1,22,21090,96.67,HOEP (Legacy)
2003-01-30 22:00:00,2003,1,23,19858,50.88,HOEP (Legacy)
2003-01-30 23:00:00,2003,1,24,18701,39.69,HOEP (Legacy)
2003-01-31 00:00:00,2003,1,1,17881,77.95,HOEP (Legacy)
2003-01-31 01:00:00,2003,1,2,17582,77.03,HOEP (Legacy)
2003-01-31 02:00:00,2003,1,3,17455,78.17,HOEP (Legacy)
2003-01-31 03:00:00,2003,1,4,17415,77.62,HOEP (Legacy)
2003-01-31 04:00:00,2003,1,5,17428,29.81,HOEP (Legacy)
2003-01-31 05:00:00,2003,1,6,17852,29.05,HOEP (Legacy)
2003-01-31 06:00:00,2003,1,7,19139,59.23,HOEP (Legacy)
2003-01-31 07:00:00,2003,1,8,20769,91.48,HOEP (Legacy)
2003-01-31 08:00:00,2003,1,9,21229,91.34,HOEP (Legacy)
2003-01-31 09:00:00,2003,1,10,21215,88.03,HOEP (Legacy)
2003-01-31 10:00:00,2003,1,11,21171,87.06,HOEP (Legacy)
2003-01-31 11:00:00,2003,1,12,21065,88.14,HOEP (Legacy)
2003-01-31 12:00:00,2003,1,13,20774,86.05,HOEP (Legacy)
2003-01-31 13:00:00,2003,1,14,20564,89.6,HOEP (Legacy)
2003-01-31 14:00:00,2003,1,15,20197,88.72,HOEP (Legacy)
2003-01-31 15:00:00,2003,1,16,20168,86.1,HOEP (Legacy)
2003-01-31 16:00:00,2003,1,17,20399,86.65,HOEP (Legacy)
2003-01-31 17:00:00,2003,1,18,21039,61.9,HOEP (Legacy)
2003-01-31 18:00:00,2003,1,19,21404,87.51,HOEP (Legacy)
2003-01-31 19:00:00,2003,1,20,21004,65.66,HOEP (Legacy)
2003-01-31 20:00:00,2003,1,21,20364,45.92,HOEP (Legacy)
2003-01-31 21:00:00,2003,1,22,19419,25.64,HOEP (Legacy)
2003-01-31 22:00:00,2003,1,23,18437,26.15,HOEP (Legacy)
2003-01-31 23:00:00,2003,1,24,17342,64.34,HOEP (Legacy)
2003-02-01 00:00:00,2003,2,1,16363,43.83,HOEP (Legacy)
2003-02-01 01:00:00,2003,2,2,15965,44.63,HOEP (Legacy)
2003-02-01 02:00:00,2003,2,3,15677,44.76,HOEP (Legacy)
2003-02-01 03:00:00,2003,2,4,15516,62.37,HOEP (Legacy)
2003-02-01 04:00:00,2003,2,5,15401,28.67,HOEP (Legacy)
2003-02-01 05:00:00,2003,2,6,15630,25.88,HOEP (Legacy)
2003-02-01 06:00:00,2003,2,7,16001,28.24,HOEP (Legacy)
2003-02-01 07:00:00,2003,2,8,16858,25.64,HOEP (Legacy)
2003-02-01 08:00:00,2003,2,9,17780,59.95,HOEP (Legacy)
2003-02-01 09:00:00,2003,2,10,18574,87.49,HOEP (Legacy)
2003-02-01 10:00:00,2003,2,11,18726,94.58,HOEP (Legacy)
2003-02-01 11:00:00,2003,2,12,18761,92.36,HOEP (Legacy)
2003-02-01 12:00:00,2003,2,13,18413,89.82,HOEP (Legacy)
2003-02-01 13:00:00,2003,2,14,18050,87.35,HOEP (Legacy)
2003-02-01 14:00:00,2003,2,15,17856,66.51,HOEP (Legacy)
2003-02-01 15:00:00,2003,2,16,17612,29.03,HOEP (Legacy)
2003-02-01 16:00:00,2003,2,17,18087,51.3,HOEP (Legacy)
2003-02-01 17:00:00,2003,2,18,19081,87.96,HOEP (Legacy)
2003-02-01 18:00:00,2003,2,19,19514,87.06,HOEP (Legacy)
2003-02-01 19:00:00,2003,2,20,19006,87.09,HOEP (Legacy)
2003-02-01 20:00:00,2003,2,21,18418,69.15,HOEP (Legacy)
2003-02-01 21:00:00,2003,2,22,17815,26.21,HOEP (Legacy)
2003-02-01 22:00:00,2003,2,23,17199,32.26,HOEP (Legacy)
2003-02-01 23:00:00,2003,2,24,16315,31.35,HOEP (Legacy)
2003-02-02 00:00:00,2003,2,1,15693,42.48,HOEP (Legacy)
2003-02-02 01:00:00,2003,2,2,15103,90.04,HOEP (Legacy)
2003-02-02 02:00:00,2003,2,3,14781,27.25,HOEP (Legacy)
2003-02-02 03:00:00,2003,2,4,14673,26.29,HOEP (Legacy)
2003-02-02 04:00:00,2003,2,5,14523,25.15,HOEP (Legacy)
2003-02-02 05:00:00,2003,2,6,14670,25.38,HOEP (Legacy)
2003-02-02 06:00:00,2003,2,7,15044,25.15,HOEP (Legacy)
2003-02-02 07:00:00,2003,2,8,15645,24.77,HOEP (Legacy)
2003-02-02 08:00:00,2003,2,9,16370,25.64,HOEP (Legacy)
2003-02-02 09:00:00,2003,2,10,17171,26.8,HOEP (Legacy)
2003-02-02 10:00:00,2003,2,11,17572,27.96,HOEP (Legacy)
2003-02-02 11:00:00,2003,2,12,17769,31.12,HOEP (Legacy)
2003-02-02 12:00:00,2003,2,13,17723,27.61,HOEP (Legacy)
2003-02-02 13:00:00,2003,2,14,17574,27.56,HOEP (Legacy)
2003-02-02 14:00:00,2003,2,15,17363,27.38,HOEP (Legacy)
2003-02-02 15:00:00,2003,2,16,17501,27.07,HOEP (Legacy)
2003-02-02 16:00:00,2003,2,17,18120,29.7,HOEP (Legacy)
2003-02-02 17:00:00,2003,2,18,19294,64.3,HOEP (Legacy)
2003-02-02 18:00:00,2003,2,19,19563,90.68,HOEP (Legacy)
2003-02-02 19:00:00,2003,2,20,19307,95.97,HOEP (Legacy)
2003-02-02 20:00:00,2003,2,21,18946,86.53,HOEP (Legacy)
2003-02-02 21:00:00,2003,2,22,18370,86.83,HOEP (Legacy)
2003-02-02 22:00:00,2003,2,23,17567,46.91,HOEP (Legacy)
2003-02-02 23:00:00,2003,2,24,16681,43.15,HOEP (Legacy)
2003-02-03 00:00:00,2003,2,1,16117,26.51,HOEP (Legacy)
2003-02-03 01:00:00,2003,2,2,15824,26.26,HOEP (Legacy)
2003-02-03 02:00:00,2003,2,3,15687,30.48,HOEP (Legacy)
2003-02-03 03:00:00,2003,2,4,15691,26.76,HOEP (Legacy)
2003-02-03 04:00:00,2003,2,5,15941,26.88,HOEP (Legacy)
2003-02-03 05:00:00,2003,2,6,16489,26.82,HOEP (Legacy)
2003-02-03 06:00:00,2003,2,7,17799,31.1,HOEP (Legacy)
2003-02-03 07:00:00,2003,2,8,19886,57.55,HOEP (Legacy)
2003-02-03 08:00:00,2003,2,9,20429,36.11,HOEP (Legacy)
2003-02-03 09:00:00,2003,2,10,20521,58.02,HOEP (Legacy)
2003-02-03 10:00:00,2003,2,11,20690,86.06,HOEP (Legacy)
2003-02-03 11:00:00,2003,2,12,20713,187.79,HOEP (Legacy)
2003-02-03 12:00:00,2003,2,13,20582,173.2,HOEP (Legacy)
2003-02-03 13:00:00,2003,2,14,20565,90.73,HOEP (Legacy)
2003-02-03 14:00:00,2003,2,15,20489,91.03,HOEP (Legacy)
2003-02-03 15:00:00,2003,2,16,20725,88.52,HOEP (Legacy)
2003-02-03 16:00:00,2003,2,17,21373,43.71,HOEP (Legacy)
2003-02-03 17:00:00,2003,2,18,22190,91.98,HOEP (Legacy)
2003-02-03 18:00:00,2003,2,19,22200,88.86,HOEP (Legacy)
2003-02-03 19:00:00,2003,2,20,21817,86.68,HOEP (Legacy)
2003-02-03 20:00:00,2003,2,21,21377,93.63,HOEP (Legacy)
2003-02-03 21:00:00,2003,2,22,20472,55.87,HOEP (Legacy)
2003-02-03 22:00:00,2003,2,23,19241,60.3,HOEP (Legacy)
2003-02-03 23:00:00,2003,2,24,17852,29.25,HOEP (Legacy)
2003-02-04 00:00:00,2003,2,1,17015,50.41,HOEP (Legacy)
2003-02-04 01:00:00,2003,2,2,16696,179.71,HOEP (Legacy)
2003-02-04 02:00:00,2003,2,3,16207,54.34,HOEP (Legacy)
2003-02-04 03:00:00,2003,2,4,16096,43.83,HOEP (Legacy)
2003-02-04 04:00:00,2003,2,5,15956,24.92,HOEP (Legacy)
2003-02-04 05:00:00,2003,2,6,16431,25.82,HOEP (Legacy)
2003-02-04 06:00:00,2003,2,7,17706,38.46,HOEP (Legacy)
2003-02-04 07:00:00,2003,2,8,19628,79.54,HOEP (Legacy)
2003-02-04 08:00:00,2003,2,9,20260,92.04,HOEP (Legacy)
2003-02-04 09:00:00,2003,2,10,20416,92.82,HOEP (Legacy)
2003-02-04 10:00:00,2003,2,11,20575,93.17,HOEP (Legacy)
2003-02-04 11:00:00,2003,2,12,20762,92.25,HOEP (Legacy)
2003-02-04 12:00:00,2003,2,13,20640,88.79,HOEP (Legacy)
2003-02-04 13:00:00,2003,2,14,20621,92.18,HOEP (Legacy)
2003-02-04 14:00:00,2003,2,15,20585,91.91,HOEP (Legacy)
2003-02-04 15:00:00,2003,2,16,20693,91.61,HOEP (Legacy)
2003-02-04 16:00:00,2003,2,17,21247,91.74,HOEP (Legacy)
2003-02-04 17:00:00,2003,2,18,22100,92.35,HOEP (Legacy)
2003-02-04 18:00:00,2003,2,19,22511,95.89,HOEP (Legacy)
2003-02-04 19:00:00,2003,2,20,22222,96.13,HOEP (Legacy)
2003-02-04 20:00:00,2003,2,21,21710,92.26,HOEP (Legacy)
2003-02-04 21:00:00,2003,2,22,20880,92.87,HOEP (Legacy)
2003-02-04 22:00:00,2003,2,23,19683,96.09,HOEP (Legacy)
2003-02-04 23:00:00,2003,2,24,18425,67.97,HOEP (Legacy)
2003-02-05 00:00:00,2003,2,1,17617,49.58,HOEP (Legacy)
2003-02-05 01:00:00,2003,2,2,17280,28.98,HOEP (Legacy)
2003-02-05 02:00:00,2003,2,3,17126,25.62,HOEP (Legacy)
2003-02-05 03:00:00,2003,2,4,16960,25.8,HOEP (Legacy)
2003-02-05 04:00:00,2003,2,5,17117,26.16,HOEP (Legacy)
2003-02-05 05:00:00,2003,2,6,17627,26.14,HOEP (Legacy)
2003-02-05 06:00:00,2003,2,7,19003,37.9,HOEP (Legacy)
2003-02-05 07:00:00,2003,2,8,20867,58.14,HOEP (Legacy)
2003-02-05 08:00:00,2003,2,9,21209,50.44,HOEP (Legacy)
2003-02-05 09:00:00,2003,2,10,21147,41.76,HOEP (Legacy)
2003-02-05 10:00:00,2003,2,11,21101,28.12,HOEP (Legacy)
2003-02-05 11:00:00,2003,2,12,21057,75.27,HOEP (Legacy)
2003-02-05 12:00:00,2003,2,13,20836,82.37,HOEP (Legacy)
2003-02-05 13:00:00,2003,2,14,20746,117.32,HOEP (Legacy)
2003-02-05 14:00:00,2003,2,15,20667,79.79,HOEP (Legacy)
2003-02-05 15:00:00,2003,2,16,20774,27.25,HOEP (Legacy)
2003-02-05 16:00:00,2003,2,17,21355,46.17,HOEP (Legacy)
2003-02-05 17:00:00,2003,2,18,22326,63.22,HOEP (Legacy)
2003-02-05 18:00:00,2003,2,19,22839,94.88,HOEP (Legacy)
2003-02-05 19:00:00,2003,2,20,22498,81.08,HOEP (Legacy)
2003-02-05 20:00:00,2003,2,21,22009,58.64,HOEP (Legacy)
2003-02-05 21:00:00,2003,2,22,21157,92.88,HOEP (Legacy)
2003-02-05 22:00:00,2003,2,23,19928,63.22,HOEP (Legacy)
2003-02-05 23:00:00,2003,2,24,18663,64.6,HOEP (Legacy)
2003-02-06 00:00:00,2003,2,1,17822,69.44,HOEP (Legacy)
2003-02-06 01:00:00,2003,2,2,17395,81.82,HOEP (Legacy)
2003-02-06 02:00:00,2003,2,3,17160,56.06,HOEP (Legacy)
2003-02-06 03:00:00,2003,2,4,16967,42.71,HOEP (Legacy)
2003-02-06 04:00:00,2003,2,5,17058,26.24,HOEP (Legacy)
2003-02-06 05:00:00,2003,2,6,17749,33.69,HOEP (Legacy)
2003-02-06 06:00:00,2003,2,7,19075,60.51,HOEP (Legacy)
2003-02-06 07:00:00,2003,2,8,20760,86.31,HOEP (Legacy)
2003-02-06 08:00:00,2003,2,9,21073,94.42,HOEP (Legacy)
2003-02-06 09:00:00,2003,2,10,20939,93.09,HOEP (Legacy)
2003-02-06 10:00:00,2003,2,11,20826,91.47,HOEP (Legacy)
2003-02-06 11:00:00,2003,2,12,20822,84.88,HOEP (Legacy)
2003-02-06 12:00:00,2003,2,13,20614,48.57,HOEP (Legacy)
2003-02-06 13:00:00,2003,2,14,20466,28.01,HOEP (Legacy)
2003-02-06 14:00:00,2003,2,15,20372,31.28,HOEP (Legacy)
2003-02-06 15:00:00,2003,2,16,20546,31.52,HOEP (Legacy)
2003-02-06 16:00:00,2003,2,17,20962,37.88,HOEP (Legacy)
2003-02-06 17:00:00,2003,2,18,21848,76.84,HOEP (Legacy)
2003-02-06 18:00:00,2003,2,19,22258,93.29,HOEP (Legacy)
2003-02-06 19:00:00,2003,2,20,21967,91.09,HOEP (Legacy)
2003-02-06 20:00:00,2003,2,21,21459,63.68,HOEP (Legacy)
2003-02-06 21:00:00,2003,2,22,20747,32.13,HOEP (Legacy)
2003-02-06 22:00:00,2003,2,23,19430,25.85,HOEP (Legacy)
2003-02-06 23:00:00,2003,2,24,18295,56.42,HOEP (Legacy)
2003-02-07 00:00:00,2003,2,1,17334,49.9,HOEP (Legacy)
2003-02-07 01:00:00,2003,2,2,16989,53.78,HOEP (Legacy)
2003-02-07 02:00:00,2003,2,3,16761,46.75,HOEP (Legacy)
2003-02-07 03:00:00,2003,2,4,16670,44.9,HOEP (Legacy)
2003-02-07 04:00:00,2003,2,5,16686,40.79,HOEP (Legacy)
2003-02-07 05:00:00,2003,2,6,17517,41.46,HOEP (Legacy)
2003-02-07 06:00:00,2003,2,7,19018,73.46,HOEP (Legacy)
2003-02-07 07:00:00,2003,2,8,20707,97.61,HOEP (Legacy)
2003-02-07 08:00:00,2003,2,9,21298,98.97,HOEP (Legacy)
2003-02-07 09:00:00,2003,2,10,21214,96.35,HOEP (Legacy)
2003-02-07 10:00:00,2003,2,11,21037,89.81,HOEP (Legacy)
2003-02-07 11:00:00,2003,2,12,20771,60.65,HOEP (Legacy)
2003-02-07 12:00:00,2003,2,13,20446,89.66,HOEP (Legacy)
2003-02-07 13:00:00,2003,2,14,20250,89.97,HOEP (Legacy)
2003-02-07 14:00:00,2003,2,15,20003,36.05,HOEP (Legacy)
2003-02-07 15:00:00,2003,2,16,20154,96.25,HOEP (Legacy)
2003-02-07 16:00:00,2003,2,17,20436,95.12,HOEP (Legacy)
2003-02-07 17:00:00,2003,2,18,21203,92.47,HOEP (Legacy)
2003-02-07 18:00:00,2003,2,19,21869,97.3,HOEP (Legacy)
2003-02-07 19:00:00,2003,2,20,21736,98.73,HOEP (Legacy)
2003-02-07 20:00:00,2003,2,21,21212,100.55,HOEP (Legacy)
2003-02-07 21:00:00,2003,2,22,20552,99.37,HOEP (Legacy)
2003-02-07 22:00:00,2003,2,23,19464,61.23,HOEP (Legacy)
2003-02-07 23:00:00,2003,2,24,18281,99.2,HOEP (Legacy)
2003-02-08 00:00:00,2003,2,1,17546,113.69,HOEP (Legacy)
2003-02-08 01:00:00,2003,2,2,17188,99.78,HOEP (Legacy)
2003-02-08 02:00:00,2003,2,3,16910,95.23,HOEP (Legacy)
2003-02-08 03:00:00,2003,2,4,16760,76.4,HOEP (Legacy)
2003-02-08 04:00:00,2003,2,5,16771,76.44,HOEP (Legacy)
2003-02-08 05:00:00,2003,2,6,16990,65.61,HOEP (Legacy)
2003-02-08 06:00:00,2003,2,7,17416,29.04,HOEP (Legacy)
2003-02-08 07:00:00,2003,2,8,18410,27.99,HOEP (Legacy)
2003-02-08 08:00:00,2003,2,9,19188,42.96,HOEP (Legacy)
2003-02-08 09:00:00,2003,2,10,19885,101.86,HOEP (Legacy)
2003-02-08 10:00:00,2003,2,11,19909,98.75,HOEP (Legacy)
2003-02-08 11:00:00,2003,2,12,19878,96.85,HOEP (Legacy)
2003-02-08 12:00:00,2003,2,13,19697,96.69,HOEP (Legacy)
2003-02-08 13:00:00,2003,2,14,19361,89.07,HOEP (Legacy)
2003-02-08 14:00:00,2003,2,15,19056,49.33,HOEP (Legacy)
2003-02-08 15:00:00,2003,2,16,19101,44.27,HOEP (Legacy)
2003-02-08 16:00:00,2003,2,17,19499,44.0,HOEP (Legacy)
2003-02-08 17:00:00,2003,2,18,20550,92.62,HOEP (Legacy)
2003-02-08 18:00:00,2003,2,19,20853,98.47,HOEP (Legacy)
2003-02-08 19:00:00,2003,2,20,20427,92.68,HOEP (Legacy)
2003-02-08 20:00:00,2003,2,21,19862,29.88,HOEP (Legacy)
2003-02-08 21:00:00,2003,2,22,19359,41.3,HOEP (Legacy)
2003-02-08 22:00:00,2003,2,23,18632,39.32,HOEP (Legacy)
2003-02-08 23:00:00,2003,2,24,17653,35.88,HOEP (Legacy)
2003-02-09 00:00:00,2003,2,1,16899,60.01,HOEP (Legacy)
2003-02-09 01:00:00,2003,2,2,16501,33.27,HOEP (Legacy)
2003-02-09 02:00:00,2003,2,3,16216,50.3,HOEP (Legacy)
2003-02-09 03:00:00,2003,2,4,16130,42.04,HOEP (Legacy)
2003-02-09 04:00:00,2003,2,5,15963,28.83,HOEP (Legacy)
2003-02-09 05:00:00,2003,2,6,16153,26.07,HOEP (Legacy)
2003-02-09 06:00:00,2003,2,7,16451,26.27,HOEP (Legacy)
2003-02-09 07:00:00,2003,2,8,16823,24.32,HOEP (Legacy)
2003-02-09 08:00:00,2003,2,9,17597,25.44,HOEP (Legacy)
2003-02-09 09:00:00,2003,2,10,18167,26.29,HOEP (Legacy)
2003-02-09 10:00:00,2003,2,11,18435,26.42,HOEP (Legacy)
2003-02-09 11:00:00,2003,2,12,18701,28.7,HOEP (Legacy)
2003-02-09 12:00:00,2003,2,13,18724,65.12,HOEP (Legacy)
2003-02-09 13:00:00,2003,2,14,18538,29.29,HOEP (Legacy)
2003-02-09 14:00:00,2003,2,15,18401,35.62,HOEP (Legacy)
2003-02-09 15:00:00,2003,2,16,18436,32.95,HOEP (Legacy)
2003-02-09 16:00:00,2003,2,17,18987,65.36,HOEP (Legacy)
2003-02-09 17:00:00,2003,2,18,20048,62.05,HOEP (Legacy)
2003-02-09 18:00:00,2003,2,19,20725,98.88,HOEP (Legacy)
2003-02-09 19:00:00,2003,2,20,20591,91.12,HOEP (Legacy)
2003-02-09 20:00:00,2003,2,21,20253,95.5,HOEP (Legacy)
2003-02-09 21:00:00,2003,2,22,19686,74.31,HOEP (Legacy)
2003-02-09 22:00:00,2003,2,23,18779,39.0,HOEP (Legacy)
2003-02-09 23:00:00,2003,2,24,17789,29.19,HOEP (Legacy)
2003-02-10 00:00:00,2003,2,1,17308,66.11,HOEP (Legacy)
2003-02-10 01:00:00,2003,2,2,16901,48.9,HOEP (Legacy)
2003-02-10 02:00:00,2003,2,3,16829,83.92,HOEP (Legacy)
2003-02-10 03:00:00,2003,2,4,16773,70.73,HOEP (Legacy)
2003-02-10 04:00:00,2003,2,5,16948,26.97,HOEP (Legacy)
2003-02-10 05:00:00,2003,2,6,17529,64.08,HOEP (Legacy)
2003-02-10 06:00:00,2003,2,7,18937,77.07,HOEP (Legacy)
2003-02-10 07:00:00,2003,2,8,20797,86.97,HOEP (Legacy)
2003-02-10 08:00:00,2003,2,9,21228,99.86,HOEP (Legacy)
2003-02-10 09:00:00,2003,2,10,21334,96.3,HOEP (Legacy)
2003-02-10 10:00:00,2003,2,11,21325,98.97,HOEP (Legacy)
2003-02-10 11:00:00,2003,2,12,21218,96.27,HOEP (Legacy)
2003-02-10 12:00:00,2003,2,13,20984,66.84,HOEP (Legacy)
2003-02-10 13:00:00,2003,2,14,20926,93.52,HOEP (Legacy)
2003-02-10 14:00:00,2003,2,15,20831,66.53,HOEP (Legacy)
2003-02-10 15:00:00,2003,2,16,20949,73.67,HOEP (Legacy)
2003-02-10 16:00:00,2003,2,17,21656,100.14,HOEP (Legacy)
2003-02-10 17:00:00,2003,2,18,22404,122.4,HOEP (Legacy)
2003-02-10 18:00:00,2003,2,19,22967,105.77,HOEP (Legacy)
2003-02-10 19:00:00,2003,2,20,22801,102.55,HOEP (Legacy)
2003-02-10 20:00:00,2003,2,21,22385,100.57,HOEP (Legacy)
2003-02-10 21:00:00,2003,2,22,21576,85.18,HOEP (Legacy)
2003-02-10 22:00:00,2003,2,23,20570,43.79,HOEP (Legacy)
2003-02-10 23:00:00,2003,2,24,19378,43.75,HOEP (Legacy)
2003-02-11 00:00:00,2003,2,1,18587,54.17,HOEP (Legacy)
2003-02-11 01:00:00,2003,2,2,18306,91.34,HOEP (Legacy)
2003-02-11 02:00:00,2003,2,3,18221,58.5,HOEP (Legacy)
2003-02-11 03:00:00,2003,2,4,18176,30.42,HOEP (Legacy)
2003-02-11 04:00:00,2003,2,5,18324,26.68,HOEP (Legacy)
2003-02-11 05:00:00,2003,2,6,18899,50.84,HOEP (Legacy)
2003-02-11 06:00:00,2003,2,7,20310,77.06,HOEP (Legacy)
2003-02-11 07:00:00,2003,2,8,21997,114.57,HOEP (Legacy)
2003-02-11 08:00:00,2003,2,9,22356,121.13,HOEP (Legacy)
2003-02-11 09:00:00,2003,2,10,22372,111.5,HOEP (Legacy)
2003-02-11 10:00:00,2003,2,11,22298,110.28,HOEP (Legacy)
2003-02-11 11:00:00,2003,2,12,22100,108.25,HOEP (Legacy)
2003-02-11 12:00:00,2003,2,13,21908,108.84,HOEP (Legacy)
2003-02-11 13:00:00,2003,2,14,21699,100.33,HOEP (Legacy)
2003-02-11 14:00:00,2003,2,15,21536,100.1,HOEP (Legacy)
2003-02-11 15:00:00,2003,2,16,21624,99.45,HOEP (Legacy)
2003-02-11 16:00:00,2003,2,17,22243,103.91,HOEP (Legacy)
2003-02-11 17:00:00,2003,2,18,22930,103.96,HOEP (Legacy)
2003-02-11 18:00:00,2003,2,19,23450,98.35,HOEP (Legacy)
2003-02-11 19:00:00,2003,2,20,23276,105.19,HOEP (Legacy)
2003-02-11 20:00:00,2003,2,21,22645,110.57,HOEP (Legacy)
2003-02-11 21:00:00,2003,2,22,21866,93.66,HOEP (Legacy)
2003-02-11 22:00:00,2003,2,23,20589,26.69,HOEP (Legacy)
2003-02-11 23:00:00,2003,2,24,19317,28.63,HOEP (Legacy)
2003-02-12 00:00:00,2003,2,1,18437,29.26,HOEP (Legacy)
2003-02-12 01:00:00,2003,2,2,17982,29.48,HOEP (Legacy)
2003-02-12 02:00:00,2003,2,3,17734,27.48,HOEP (Legacy)
2003-02-12 03:00:00,2003,2,4,17674,27.07,HOEP (Legacy)
2003-02-12 04:00:00,2003,2,5,17802,27.61,HOEP (Legacy)
2003-02-12 05:00:00,2003,2,6,18355,28.9,HOEP (Legacy)
2003-02-12 06:00:00,2003,2,7,19778,45.29,HOEP (Legacy)
2003-02-12 07:00:00,2003,2,8,21555,101.62,HOEP (Legacy)
2003-02-12 08:00:00,2003,2,9,21630,46.14,HOEP (Legacy)
2003-02-12 09:00:00,2003,2,10,21714,34.26,HOEP (Legacy)
2003-02-12 10:00:00,2003,2,11,21683,66.22,HOEP (Legacy)
2003-02-12 11:00:00,2003,2,12,21701,97.32,HOEP (Legacy)
2003-02-12 12:00:00,2003,2,13,21548,113.64,HOEP (Legacy)
2003-02-12 13:00:00,2003,2,14,21384,103.57,HOEP (Legacy)
2003-02-12 14:00:00,2003,2,15,21375,98.85,HOEP (Legacy)
2003-02-12 15:00:00,2003,2,16,21466,69.93,HOEP (Legacy)
2003-02-12 16:00:00,2003,2,17,22114,105.89,HOEP (Legacy)
2003-02-12 17:00:00,2003,2,18,22763,105.85,HOEP (Legacy)
2003-02-12 18:00:00,2003,2,19,23338,104.5,HOEP (Legacy)
2003-02-12 19:00:00,2003,2,20,23246,114.18,HOEP (Legacy)
2003-02-12 20:00:00,2003,2,21,22837,133.66,HOEP (Legacy)
2003-02-12 21:00:00,2003,2,22,21943,110.71,HOEP (Legacy)
2003-02-12 22:00:00,2003,2,23,20762,77.89,HOEP (Legacy)
2003-02-12 23:00:00,2003,2,24,19524,68.95,HOEP (Legacy)
2003-02-13 00:00:00,2003,2,1,18684,90.83,HOEP (Legacy)
2003-02-13 01:00:00,2003,2,2,18298,73.65,HOEP (Legacy)
2003-02-13 02:00:00,2003,2,3,18242,99.79,HOEP (Legacy)
2003-02-13 03:00:00,2003,2,4,18312,96.56,HOEP (Legacy)
2003-02-13 04:00:00,2003,2,5,18254,95.26,HOEP (Legacy)
2003-02-13 05:00:00,2003,2,6,18877,96.79,HOEP (Legacy)
2003-02-13 06:00:00,2003,2,7,20238,82.26,HOEP (Legacy)
2003-02-13 07:00:00,2003,2,8,21984,141.23,HOEP (Legacy)
2003-02-13 08:00:00,2003,2,9,22333,106.45,HOEP (Legacy)
2003-02-13 09:00:00,2003,2,10,22134,102.02,HOEP (Legacy)
2003-02-13 10:00:00,2003,2,11,22163,98.88,HOEP (Legacy)
2003-02-13 11:00:00,2003,2,12,22072,76.84,HOEP (Legacy)
2003-02-13 12:00:00,2003,2,13,21740,98.99,HOEP (Legacy)
2003-02-13 13:00:00,2003,2,14,21614,63.4,HOEP (Legacy)
2003-02-13 14:00:00,2003,2,15,21580,95.73,HOEP (Legacy)
2003-02-13 15:00:00,2003,2,16,21570,101.23,HOEP (Legacy)
2003-02-13 16:00:00,2003,2,17,22031,101.44,HOEP (Legacy)
2003-02-13 17:00:00,2003,2,18,22741,65.8,HOEP (Legacy)
2003-02-13 18:00:00,2003,2,19,23469,101.47,HOEP (Legacy)
2003-02-13 19:00:00,2003,2,20,23409,101.79,HOEP (Legacy)
2003-02-13 20:00:00,2003,2,21,22994,102.36,HOEP (Legacy)
2003-02-13 21:00:00,2003,2,22,22168,103.04,HOEP (Legacy)
2003-02-13 22:00:00,2003,2,23,21058,67.39,HOEP (Legacy)
2003-02-13 23:00:00,2003,2,24,19803,85.78,HOEP (Legacy)
2003-02-14 00:00:00,2003,2,1,18935,54.58,HOEP (Legacy)
2003-02-14 01:00:00,2003,2,2,18545,94.35,HOEP (Legacy)
2003-02-14 02:00:00,2003,2,3,18332,93.17,HOEP (Legacy)
2003-02-14 03:00:00,2003,2,4,18280,92.15,HOEP (Legacy)
2003-02-14 04:00:00,2003,2,5,18348,57.31,HOEP (Legacy)
2003-02-14 05:00:00,2003,2,6,18925,51.19,HOEP (Legacy)
2003-02-14 06:00:00,2003,2,7,20224,86.99,HOEP (Legacy)
2003-02-14 07:00:00,2003,2,8,21939,101.01,HOEP (Legacy)
2003-02-14 08:00:00,2003,2,9,22366,101.31,HOEP (Legacy)
2003-02-14 09:00:00,2003,2,10,22256,100.61,HOEP (Legacy)
2003-02-14 10:00:00,2003,2,11,22124,100.41,HOEP (Legacy)
2003-02-14 11:00:00,2003,2,12,21882,94.74,HOEP (Legacy)
2003-02-14 12:00:00,2003,2,13,21398,86.77,HOEP (Legacy)
2003-02-14 13:00:00,2003,2,14,21150,40.86,HOEP (Legacy)
2003-02-14 14:00:00,2003,2,15,20900,28.79,HOEP (Legacy)
2003-02-14 15:00:00,2003,2,16,20870,28.03,HOEP (Legacy)
2003-02-14 16:00:00,2003,2,17,21101,60.6,HOEP (Legacy)
2003-02-14 17:00:00,2003,2,18,21738,62.41,HOEP (Legacy)
2003-02-14 18:00:00,2003,2,19,22522,95.23,HOEP (Legacy)
2003-02-14 19:00:00,2003,2,20,22298,93.37,HOEP (Legacy)
2003-02-14 20:00:00,2003,2,21,21845,104.87,HOEP (Legacy)
2003-02-14 21:00:00,2003,2,22,21112,25.56,HOEP (Legacy)
2003-02-14 22:00:00,2003,2,23,20180,24.95,HOEP (Legacy)
2003-02-14 23:00:00,2003,2,24,19091,25.95,HOEP (Legacy)
2003-02-15 00:00:00,2003,2,1,18289,25.45,HOEP (Legacy)
2003-02-15 01:00:00,2003,2,2,18081,39.99,HOEP (Legacy)
2003-02-15 02:00:00,2003,2,3,17858,97.46,HOEP (Legacy)
2003-02-15 03:00:00,2003,2,4,17696,126.26,HOEP (Legacy)
2003-02-15 04:00:00,2003,2,5,17763,131.88,HOEP (Legacy)
2003-02-15 05:00:00,2003,2,6,17856,26.7,HOEP (Legacy)
2003-02-15 06:00:00,2003,2,7,18272,45.32,HOEP (Legacy)
2003-02-15 07:00:00,2003,2,8,19253,35.71,HOEP (Legacy)
2003-02-15 08:00:00,2003,2,9,20130,45.62,HOEP (Legacy)
2003-02-15 09:00:00,2003,2,10,20659,145.86,HOEP (Legacy)
2003-02-15 10:00:00,2003,2,11,20774,160.04,HOEP (Legacy)
2003-02-15 11:00:00,2003,2,12,20825,154.72,HOEP (Legacy)
2003-02-15 12:00:00,2003,2,13,20461,158.18,HOEP (Legacy)
2003-02-15 13:00:00,2003,2,14,20155,121.41,HOEP (Legacy)
2003-02-15 14:00:00,2003,2,15,19865,36.99,HOEP (Legacy)
2003-02-15 15:00:00,2003,2,16,19751,139.1,HOEP (Legacy)
2003-02-15 16:00:00,2003,2,17,20128,26.05,HOEP (Legacy)
2003-02-15 17:00:00,2003,2,18,21058,136.6,HOEP (Legacy)
2003-02-15 18:00:00,2003,2,19,21881,153.21,HOEP (Legacy)
2003-02-15 19:00:00,2003,2,20,21585,146.65,HOEP (Legacy)
2003-02-15 20:00:00,2003,2,21,21243,150.89,HOEP (Legacy)
2003-02-15 21:00:00,2003,2,22,20604,147.25,HOEP (Legacy)
2003-02-15 22:00:00,2003,2,23,19949,150.67,HOEP (Legacy)
2003-02-15 23:00:00,2003,2,24,19014,92.33,HOEP (Legacy)
2003-02-16 00:00:00,2003,2,1,18428,151.03,HOEP (Legacy)
2003-02-16 01:00:00,2003,2,2,17947,185.11,HOEP (Legacy)
2003-02-16 02:00:00,2003,2,3,17764,160.16,HOEP (Legacy)
2003-02-16 03:00:00,2003,2,4,17697,177.97,HOEP (Legacy)
2003-02-16 04:00:00,2003,2,5,17562,153.54,HOEP (Legacy)
2003-02-16 05:00:00,2003,2,6,17817,144.65,HOEP (Legacy)
2003-02-16 06:00:00,2003,2,7,18173,132.51,HOEP (Legacy)
2003-02-16 07:00:00,2003,2,8,18813,113.58,HOEP (Legacy)
2003-02-16 08:00:00,2003,2,9,19546,86.31,HOEP (Legacy)
2003-02-16 09:00:00,2003,2,10,20178,102.47,HOEP (Legacy)
2003-02-16 10:00:00,2003,2,11,20451,139.29,HOEP (Legacy)
2003-02-16 11:00:00,2003,2,12,20578,26.92,HOEP (Legacy)
2003-02-16 12:00:00,2003,2,13,20552,140.82,HOEP (Legacy)
2003-02-16 13:00:00,2003,2,14,20395,93.15,HOEP (Legacy)
2003-02-16 14:00:00,2003,2,15,20120,148.53,HOEP (Legacy)
2003-02-16 15:00:00,2003,2,16,20192,112.13,HOEP (Legacy)
2003-02-16 16:00:00,2003,2,17,20617,116.08,HOEP (Legacy)
2003-02-16 17:00:00,2003,2,18,21522,118.35,HOEP (Legacy)
2003-02-16 18:00:00,2003,2,19,22116,165.82,HOEP (Legacy)
2003-02-16 19:00:00,2003,2,20,21961,168.33,HOEP (Legacy)
2003-02-16 20:00:00,2003,2,21,21651,156.88,HOEP (Legacy)
2003-02-16 21:00:00,2003,2,22,20907,158.34,HOEP (Legacy)
2003-02-16 22:00:00,2003,2,23,19956,25.57,HOEP (Legacy)
2003-02-16 23:00:00,2003,2,24,18924,65.52,HOEP (Legacy)
2003-02-17 00:00:00,2003,2,1,18332,25.86,HOEP (Legacy)
2003-02-17 01:00:00,2003,2,2,18160,32.64,HOEP (Legacy)
2003-02-17 02:00:00,2003,2,3,18074,26.7,HOEP (Legacy)
2003-02-17 03:00:00,2003,2,4,18057,27.06,HOEP (Legacy)
2003-02-17 04:00:00,2003,2,5,18227,27.5,HOEP (Legacy)
2003-02-17 05:00:00,2003,2,6,18740,100.94,HOEP (Legacy)
2003-02-17 06:00:00,2003,2,7,19992,119.66,HOEP (Legacy)
2003-02-17 07:00:00,2003,2,8,21623,139.36,HOEP (Legacy)
2003-02-17 08:00:00,2003,2,9,22275,157.96,HOEP (Legacy)
2003-02-17 09:00:00,2003,2,10,22393,158.04,HOEP (Legacy)
2003-02-17 10:00:00,2003,2,11,22547,158.77,HOEP (Legacy)
2003-02-17 11:00:00,2003,2,12,22563,158.86,HOEP (Legacy)
2003-02-17 12:00:00,2003,2,13,22234,159.75,HOEP (Legacy)
2003-02-17 13:00:00,2003,2,14,21945,162.98,HOEP (Legacy)
2003-02-17 14:00:00,2003,2,15,21741,157.95,HOEP (Legacy)
2003-02-17 15:00:00,2003,2,16,21798,156.91,HOEP (Legacy)
2003-02-17 16:00:00,2003,2,17,22242,160.75,HOEP (Legacy)
2003-02-17 17:00:00,2003,2,18,22811,150.36,HOEP (Legacy)
2003-02-17 18:00:00,2003,2,19,23290,151.36,HOEP (Legacy)
2003-02-17 19:00:00,2003,2,20,23012,159.16,HOEP (Legacy)
2003-02-17 20:00:00,2003,2,21,22422,156.87,HOEP (Legacy)
2003-02-17 21:00:00,2003,2,22,21444,108.11,HOEP (Legacy)
2003-02-17 22:00:00,2003,2,23,20250,35.49,HOEP (Legacy)
2003-02-17 23:00:00,2003,2,24,19009,53.21,HOEP (Legacy)
2003-02-18 00:00:00,2003,2,1,18299,99.22,HOEP (Legacy)
2003-02-18 01:00:00,2003,2,2,17861,129.93,HOEP (Legacy)
2003-02-18 02:00:00,2003,2,3,17589,81.33,HOEP (Legacy)
2003-02-18 03:00:00,2003,2,4,17518,53.08,HOEP (Legacy)
2003-02-18 04:00:00,2003,2,5,17603,30.89,HOEP (Legacy)
2003-02-18 05:00:00,2003,2,6,18085,27.49,HOEP (Legacy)
2003-02-18 06:00:00,2003,2,7,19293,73.59,HOEP (Legacy)
2003-02-18 07:00:00,2003,2,8,20796,125.27,HOEP (Legacy)
2003-02-18 08:00:00,2003,2,9,21261,148.93,HOEP (Legacy)
2003-02-18 09:00:00,2003,2,10,21128,141.14,HOEP (Legacy)
2003-02-18 10:00:00,2003,2,11,21221,146.64,HOEP (Legacy)
2003-02-18 11:00:00,2003,2,12,21139,143.45,HOEP (Legacy)
2003-02-18 12:00:00,2003,2,13,20880,147.71,HOEP (Legacy)
2003-02-18 13:00:00,2003,2,14,20733,141.98,HOEP (Legacy)
2003-02-18 14:00:00,2003,2,15,20581,145.36,HOEP (Legacy)
2003-02-18 15:00:00,2003,2,16,20602,146.05,HOEP (Legacy)
2003-02-18 16:00:00,2003,2,17,21150,144.8,HOEP (Legacy)
2003-02-18 17:00:00,2003,2,18,21789,146.73,HOEP (Legacy)
2003-02-18 18:00:00,2003,2,19,22279,153.63,HOEP (Legacy)
2003-02-18 19:00:00,2003,2,20,22081,148.87,HOEP (Legacy)
2003-02-18 20:00:00,2003,2,21,21523,150.57,HOEP (Legacy)
2003-02-18 21:00:00,2003,2,22,20656,82.97,HOEP (Legacy)
2003-02-18 22:00:00,2003,2,23,19493,25.1,HOEP (Legacy)
2003-02-18 23:00:00,2003,2,24,18193,26.23,HOEP (Legacy)
2003-02-19 00:00:00,2003,2,1,17280,65.26,HOEP (Legacy)
2003-02-19 01:00:00,2003,2,2,16889,25.76,HOEP (Legacy)
2003-02-19 02:00:00,2003,2,3,16686,27.43,HOEP (Legacy)
2003-02-19 03:00:00,2003,2,4,16637,26.79,HOEP (Legacy)
2003-02-19 04:00:00,2003,2,5,16852,65.95,HOEP (Legacy)
2003-02-19 05:00:00,2003,2,6,17398,71.44,HOEP (Legacy)
2003-02-19 06:00:00,2003,2,7,18504,48.97,HOEP (Legacy)
2003-02-19 07:00:00,2003,2,8,20176,86.39,HOEP (Legacy)
2003-02-19 08:00:00,2003,2,9,20790,91.95,HOEP (Legacy)
2003-02-19 09:00:00,2003,2,10,20790,145.41,HOEP (Legacy)
2003-02-19 10:00:00,2003,2,11,20862,157.15,HOEP (Legacy)
2003-02-19 11:00:00,2003,2,12,20607,145.32,HOEP (Legacy)
2003-02-19 12:00:00,2003,2,13,20342,81.4,HOEP (Legacy)
2003-02-19 13:00:00,2003,2,14,20263,75.45,HOEP (Legacy)
2003-02-19 14:00:00,2003,2,15,20077,102.16,HOEP (Legacy)
2003-02-19 15:00:00,2003,2,16,20127,45.41,HOEP (Legacy)
2003-02-19 16:00:00,2003,2,17,20637,53.16,HOEP (Legacy)
2003-02-19 17:00:00,2003,2,18,21190,30.04,HOEP (Legacy)
2003-02-19 18:00:00,2003,2,19,21710,110.58,HOEP (Legacy)
2003-02-19 19:00:00,2003,2,20,21646,139.38,HOEP (Legacy)
2003-02-19 20:00:00,2003,2,21,21182,98.29,HOEP (Legacy)
2003-02-19 21:00:00,2003,2,22,20370,35.23,HOEP (Legacy)
2003-02-19 22:00:00,2003,2,23,19298,25.16,HOEP (Legacy)
2003-02-19 23:00:00,2003,2,24,18063,25.01,HOEP (Legacy)
2003-02-20 00:00:00,2003,2,1,17092,26.01,HOEP (Legacy)
2003-02-20 01:00:00,2003,2,2,16811,26.3,HOEP (Legacy)
2003-02-20 02:00:00,2003,2,3,16622,37.96,HOEP (Legacy)
2003-02-20 03:00:00,2003,2,4,16491,26.58,HOEP (Legacy)
2003-02-20 04:00:00,2003,2,5,16601,26.67,HOEP (Legacy)
2003-02-20 05:00:00,2003,2,6,17150,47.08,HOEP (Legacy)
2003-02-20 06:00:00,2003,2,7,18374,88.0,HOEP (Legacy)
2003-02-20 07:00:00,2003,2,8,19868,101.85,HOEP (Legacy)
2003-02-20 08:00:00,2003,2,9,20020,86.08,HOEP (Legacy)
2003-02-20 09:00:00,2003,2,10,19873,25.46,HOEP (Legacy)
2003-02-20 10:00:00,2003,2,11,19805,25.31,HOEP (Legacy)
2003-02-20 11:00:00,2003,2,12,19605,25.75,HOEP (Legacy)
2003-02-20 12:00:00,2003,2,13,19419,25.11,HOEP (Legacy)
2003-02-20 13:00:00,2003,2,14,19214,48.76,HOEP (Legacy)
2003-02-20 14:00:00,2003,2,15,19064,25.25,HOEP (Legacy)
2003-02-20 15:00:00,2003,2,16,19074,25.28,HOEP (Legacy)
2003-02-20 16:00:00,2003,2,17,19450,24.84,HOEP (Legacy)
2003-02-20 17:00:00,2003,2,18,20043,23.55,HOEP (Legacy)
2003-02-20 18:00:00,2003,2,19,20873,49.54,HOEP (Legacy)
2003-02-20 19:00:00,2003,2,20,21021,98.67,HOEP (Legacy)
2003-02-20 20:00:00,2003,2,21,20567,91.96,HOEP (Legacy)
2003-02-20 21:00:00,2003,2,22,19816,25.55,HOEP (Legacy)
2003-02-20 22:00:00,2003,2,23,18623,24.82,HOEP (Legacy)
2003-02-20 23:00:00,2003,2,24,17407,24.45,HOEP (Legacy)
2003-02-21 00:00:00,2003,2,1,16522,24.73,HOEP (Legacy)
2003-02-21 01:00:00,2003,2,2,16076,25.49,HOEP (Legacy)
2003-02-21 02:00:00,2003,2,3,15901,26.83,HOEP (Legacy)
2003-02-21 03:00:00,2003,2,4,15785,34.58,HOEP (Legacy)
2003-02-21 04:00:00,2003,2,5,15911,56.49,HOEP (Legacy)
2003-02-21 05:00:00,2003,2,6,16357,61.34,HOEP (Legacy)
2003-02-21 06:00:00,2003,2,7,17703,56.41,HOEP (Legacy)
2003-02-21 07:00:00,2003,2,8,19315,52.27,HOEP (Legacy)
2003-02-21 08:00:00,2003,2,9,19706,95.53,HOEP (Legacy)
2003-02-21 09:00:00,2003,2,10,19699,99.73,HOEP (Legacy)
2003-02-21 10:00:00,2003,2,11,19722,27.21,HOEP (Legacy)
2003-02-21 11:00:00,2003,2,12,19572,80.26,HOEP (Legacy)
2003-02-21 12:00:00,2003,2,13,19413,31.98,HOEP (Legacy)
2003-02-21 13:00:00,2003,2,14,19279,84.07,HOEP (Legacy)
2003-02-21 14:00:00,2003,2,15,19160,94.3,HOEP (Legacy)
2003-02-21 15:00:00,2003,2,16,19033,88.4,HOEP (Legacy)
2003-02-21 16:00:00,2003,2,17,19262,35.67,HOEP (Legacy)
2003-02-21 17:00:00,2003,2,18,19705,30.8,HOEP (Legacy)
2003-02-21 18:00:00,2003,2,19,20339,70.3,HOEP (Legacy)
2003-02-21 19:00:00,2003,2,20,20130,26.64,HOEP (Legacy)
2003-02-21 20:00:00,2003,2,21,19733,50.32,HOEP (Legacy)
2003-02-21 21:00:00,2003,2,22,18861,31.4,HOEP (Legacy)
2003-02-21 22:00:00,2003,2,23,18060,30.59,HOEP (Legacy)
2003-02-21 23:00:00,2003,2,24,17007,111.9,HOEP (Legacy)
2003-02-22 00:00:00,2003,2,1,16225,64.02,HOEP (Legacy)
2003-02-22 01:00:00,2003,2,2,15817,83.34,HOEP (Legacy)
2003-02-22 02:00:00,2003,2,3,15482,111.62,HOEP (Legacy)
2003-02-22 03:00:00,2003,2,4,15183,80.96,HOEP (Legacy)
2003-02-22 04:00:00,2003,2,5,15239,58.67,HOEP (Legacy)
2003-02-22 05:00:00,2003,2,6,15497,76.3,HOEP (Legacy)
2003-02-22 06:00:00,2003,2,7,15988,89.21,HOEP (Legacy)
2003-02-22 07:00:00,2003,2,8,16734,33.34,HOEP (Legacy)
2003-02-22 08:00:00,2003,2,9,17699,59.14,HOEP (Legacy)
2003-02-22 09:00:00,2003,2,10,18524,106.41,HOEP (Legacy)
2003-02-22 10:00:00,2003,2,11,18999,152.19,HOEP (Legacy)
2003-02-22 11:00:00,2003,2,12,19179,141.91,HOEP (Legacy)
2003-02-22 12:00:00,2003,2,13,18999,142.04,HOEP (Legacy)
2003-02-22 13:00:00,2003,2,14,18968,150.07,HOEP (Legacy)
2003-02-22 14:00:00,2003,2,15,18882,153.1,HOEP (Legacy)
2003-02-22 15:00:00,2003,2,16,18810,153.28,HOEP (Legacy)
2003-02-22 16:00:00,2003,2,17,19166,97.59,HOEP (Legacy)
2003-02-22 17:00:00,2003,2,18,19752,148.99,HOEP (Legacy)
2003-02-22 18:00:00,2003,2,19,20039,150.34,HOEP (Legacy)
2003-02-22 19:00:00,2003,2,20,19666,150.34,HOEP (Legacy)
2003-02-22 20:00:00,2003,2,21,19131,101.77,HOEP (Legacy)
2003-02-22 21:00:00,2003,2,22,18539,70.36,HOEP (Legacy)
2003-02-22 22:00:00,2003,2,23,17734,36.88,HOEP (Legacy)
2003-02-22 23:00:00,2003,2,24,16999,57.41,HOEP (Legacy)
2003-02-23 00:00:00,2003,2,1,16390,145.84,HOEP (Legacy)
2003-02-23 01:00:00,2003,2,2,15944,127.38,HOEP (Legacy)
2003-02-23 02:00:00,2003,2,3,15736,125.25,HOEP (Legacy)
2003-02-23 03:00:00,2003,2,4,15566,36.16,HOEP (Legacy)
2003-02-23 04:00:00,2003,2,5,15548,25.89,HOEP (Legacy)
2003-02-23 05:00:00,2003,2,6,15731,51.67,HOEP (Legacy)
2003-02-23 06:00:00,2003,2,7,16057,148.23,HOEP (Legacy)
2003-02-23 07:00:00,2003,2,8,16318,25.13,HOEP (Legacy)
2003-02-23 08:00:00,2003,2,9,17329,56.62,HOEP (Legacy)
2003-02-23 09:00:00,2003,2,10,18263,111.99,HOEP (Legacy)
2003-02-23 10:00:00,2003,2,11,18776,41.58,HOEP (Legacy)
2003-02-23 11:00:00,2003,2,12,18856,140.16,HOEP (Legacy)
2003-02-23 12:00:00,2003,2,13,18858,145.66,HOEP (Legacy)
2003-02-23 13:00:00,2003,2,14,18633,126.76,HOEP (Legacy)
2003-02-23 14:00:00,2003,2,15,18533,61.21,HOEP (Legacy)
2003-02-23 15:00:00,2003,2,16,18613,27.55,HOEP (Legacy)
2003-02-23 16:00:00,2003,2,17,18960,27.09,HOEP (Legacy)
2003-02-23 17:00:00,2003,2,18,19654,36.14,HOEP (Legacy)
2003-02-23 18:00:00,2003,2,19,20619,151.95,HOEP (Legacy)
2003-02-23 19:00:00,2003,2,20,20724,148.52,HOEP (Legacy)
2003-02-23 20:00:00,2003,2,21,20354,150.34,HOEP (Legacy)
2003-02-23 21:00:00,2003,2,22,19683,128.75,HOEP (Legacy)
2003-02-23 22:00:00,2003,2,23,18758,62.63,HOEP (Legacy)
2003-02-23 23:00:00,2003,2,24,17877,89.46,HOEP (Legacy)
2003-02-24 00:00:00,2003,2,1,17252,151.45,HOEP (Legacy)
2003-02-24 01:00:00,2003,2,2,17154,170.33,HOEP (Legacy)
2003-02-24 02:00:00,2003,2,3,17144,156.22,HOEP (Legacy)
2003-02-24 03:00:00,2003,2,4,17182,196.83,HOEP (Legacy)
2003-02-24 04:00:00,2003,2,5,17304,169.7,HOEP (Legacy)
2003-02-24 05:00:00,2003,2,6,17830,150.46,HOEP (Legacy)
2003-02-24 06:00:00,2003,2,7,19251,157.63,HOEP (Legacy)
2003-02-24 07:00:00,2003,2,8,20973,165.26,HOEP (Legacy)
2003-02-24 08:00:00,2003,2,9,21441,156.67,HOEP (Legacy)
2003-02-24 09:00:00,2003,2,10,21560,151.6,HOEP (Legacy)
2003-02-24 10:00:00,2003,2,11,21705,156.84,HOEP (Legacy)
2003-02-24 11:00:00,2003,2,12,21632,155.27,HOEP (Legacy)
2003-02-24 12:00:00,2003,2,13,21436,149.0,HOEP (Legacy)
2003-02-24 13:00:00,2003,2,14,21208,153.05,HOEP (Legacy)
2003-02-24 14:00:00,2003,2,15,20972,66.61,HOEP (Legacy)
2003-02-24 15:00:00,2003,2,16,20915,24.49,HOEP (Legacy)
2003-02-24 16:00:00,2003,2,17,21387,35.14,HOEP (Legacy)
2003-02-24 17:00:00,2003,2,18,22220,107.44,HOEP (Legacy)
2003-02-24 18:00:00,2003,2,19,22831,266.22,HOEP (Legacy)
2003-02-24 19:00:00,2003,2,20,22747,219.71,HOEP (Legacy)
2003-02-24 20:00:00,2003,2,21,22104,158.25,HOEP (Legacy)
2003-02-24 21:00:00,2003,2,22,21370,120.67,HOEP (Legacy)
2003-02-24 22:00:00,2003,2,23,20193,63.24,HOEP (Legacy)
2003-02-24 23:00:00,2003,2,24,18993,132.57,HOEP (Legacy)
2003-02-25 00:00:00,2003,2,1,18261,292.2,HOEP (Legacy)
2003-02-25 01:00:00,2003,2,2,17752,174.62,HOEP (Legacy)
2003-02-25 02:00:00,2003,2,3,17555,89.87,HOEP (Legacy)
2003-02-25 03:00:00,2003,2,4,17784,112.04,HOEP (Legacy)
2003-02-25 04:00:00,2003,2,5,17862,279.15,HOEP (Legacy)
2003-02-25 05:00:00,2003,2,6,18397,91.76,HOEP (Legacy)
2003-02-25 06:00:00,2003,2,7,19684,159.08,HOEP (Legacy)
2003-02-25 07:00:00,2003,2,8,21335,357.33,HOEP (Legacy)
2003-02-25 08:00:00,2003,2,9,21532,366.94,HOEP (Legacy)
2003-02-25 09:00:00,2003,2,10,21354,26.54,HOEP (Legacy)
2003-02-25 10:00:00,2003,2,11,21261,99.12,HOEP (Legacy)
2003-02-25 11:00:00,2003,2,12,21158,25.12,HOEP (Legacy)
2003-02-25 12:00:00,2003,2,13,20881,25.31,HOEP (Legacy)
2003-02-25 13:00:00,2003,2,14,20704,87.53,HOEP (Legacy)
2003-02-25 14:00:00,2003,2,15,20594,355.18,HOEP (Legacy)
2003-02-25 15:00:00,2003,2,16,20601,24.9,HOEP (Legacy)
2003-02-25 16:00:00,2003,2,17,21012,98.95,HOEP (Legacy)
2003-02-25 17:00:00,2003,2,18,21677,80.4,HOEP (Legacy)
2003-02-25 18:00:00,2003,2,19,22583,105.64,HOEP (Legacy)
2003-02-25 19:00:00,2003,2,20,22551,278.27,HOEP (Legacy)
2003-02-25 20:00:00,2003,2,21,22215,348.63,HOEP (Legacy)
2003-02-25 21:00:00,2003,2,22,21394,229.06,HOEP (Legacy)
2003-02-25 22:00:00,2003,2,23,20291,130.4,HOEP (Legacy)
2003-02-25 23:00:00,2003,2,24,19155,146.72,HOEP (Legacy)
2003-02-26 00:00:00,2003,2,1,18507,190.33,HOEP (Legacy)
2003-02-26 01:00:00,2003,2,2,17948,231.33,HOEP (Legacy)
2003-02-26 02:00:00,2003,2,3,17936,114.63,HOEP (Legacy)
2003-02-26 03:00:00,2003,2,4,18017,121.25,HOEP (Legacy)
2003-02-26 04:00:00,2003,2,5,18174,54.95,HOEP (Legacy)
2003-02-26 05:00:00,2003,2,6,18733,101.82,HOEP (Legacy)
2003-02-26 06:00:00,2003,2,7,20071,191.79,HOEP (Legacy)
2003-02-26 07:00:00,2003,2,8,21571,337.49,HOEP (Legacy)
2003-02-26 08:00:00,2003,2,9,21819,367.47,HOEP (Legacy)
2003-02-26 09:00:00,2003,2,10,21662,375.19,HOEP (Legacy)
2003-02-26 10:00:00,2003,2,11,21335,344.58,HOEP (Legacy)
2003-02-26 11:00:00,2003,2,12,21110,24.84,HOEP (Legacy)
2003-02-26 12:00:00,2003,2,13,20798,46.62,HOEP (Legacy)
2003-02-26 13:00:00,2003,2,14,20767,24.94,HOEP (Legacy)
2003-02-26 14:00:00,2003,2,15,20252,23.69,HOEP (Legacy)
2003-02-26 15:00:00,2003,2,16,20334,24.06,HOEP (Legacy)
2003-02-26 16:00:00,2003,2,17,20786,24.52,HOEP (Legacy)
2003-02-26 17:00:00,2003,2,18,21304,23.76,HOEP (Legacy)
2003-02-26 18:00:00,2003,2,19,22328,34.85,HOEP (Legacy)
2003-02-26 19:00:00,2003,2,20,22505,30.53,HOEP (Legacy)
2003-02-26 20:00:00,2003,2,21,22175,53.88,HOEP (Legacy)
2003-02-26 21:00:00,2003,2,22,21449,162.04,HOEP (Legacy)
2003-02-26 22:00:00,2003,2,23,20243,24.69,HOEP (Legacy)
2003-02-26 23:00:00,2003,2,24,19009,44.21,HOEP (Legacy)
2003-02-27 00:00:00,2003,2,1,18297,53.23,HOEP (Legacy)
2003-02-27 01:00:00,2003,2,2,17997,144.58,HOEP (Legacy)
2003-02-27 02:00:00,2003,2,3,17938,162.32,HOEP (Legacy)
2003-02-27 03:00:00,2003,2,4,17744,156.24,HOEP (Legacy)
2003-02-27 04:00:00,2003,2,5,17737,133.15,HOEP (Legacy)
2003-02-27 05:00:00,2003,2,6,18295,45.63,HOEP (Legacy)
2003-02-27 06:00:00,2003,2,7,19680,132.26,HOEP (Legacy)
2003-02-27 07:00:00,2003,2,8,21084,173.48,HOEP (Legacy)
2003-02-27 08:00:00,2003,2,9,21312,174.71,HOEP (Legacy)
2003-02-27 09:00:00,2003,2,10,21145,177.55,HOEP (Legacy)
2003-02-27 10:00:00,2003,2,11,20989,141.5,HOEP (Legacy)
2003-02-27 11:00:00,2003,2,12,20674,25.27,HOEP (Legacy)
2003-02-27 12:00:00,2003,2,13,20206,161.3,HOEP (Legacy)
2003-02-27 13:00:00,2003,2,14,19956,163.97,HOEP (Legacy)
2003-02-27 14:00:00,2003,2,15,19685,24.97,HOEP (Legacy)
2003-02-27 15:00:00,2003,2,16,19699,24.97,HOEP (Legacy)
2003-02-27 16:00:00,2003,2,17,20132,25.06,HOEP (Legacy)
2003-02-27 17:00:00,2003,2,18,20624,24.3,HOEP (Legacy)
2003-02-27 18:00:00,2003,2,19,21550,141.87,HOEP (Legacy)
2003-02-27 19:00:00,2003,2,20,21876,170.75,HOEP (Legacy)
2003-02-27 20:00:00,2003,2,21,21336,166.17,HOEP (Legacy)
2003-02-27 21:00:00,2003,2,22,20685,140.12,HOEP (Legacy)
2003-02-27 22:00:00,2003,2,23,19502,93.71,HOEP (Legacy)
2003-02-27 23:00:00,2003,2,24,18470,68.84,HOEP (Legacy)
2003-02-28 00:00:00,2003,2,1,17709,44.04,HOEP (Legacy)
2003-02-28 01:00:00,2003,2,2,17300,88.88,HOEP (Legacy)
2003-02-28 02:00:00,2003,2,3,17128,133.65,HOEP (Legacy)
2003-02-28 03:00:00,2003,2,4,17040,134.38,HOEP (Legacy)
2003-02-28 04:00:00,2003,2,5,17169,132.62,HOEP (Legacy)
2003-02-28 05:00:00,2003,2,6,17743,79.45,HOEP (Legacy)
2003-02-28 06:00:00,2003,2,7,19138,128.22,HOEP (Legacy)
2003-02-28 07:00:00,2003,2,8,20701,134.92,HOEP (Legacy)
2003-02-28 08:00:00,2003,2,9,21181,137.36,HOEP (Legacy)
2003-02-28 09:00:00,2003,2,10,21054,132.19,HOEP (Legacy)
2003-02-28 10:00:00,2003,2,11,20794,139.27,HOEP (Legacy)
2003-02-28 11:00:00,2003,2,12,20436,133.83,HOEP (Legacy)
2003-02-28 12:00:00,2003,2,13,20005,130.9,HOEP (Legacy)
2003-02-28 13:00:00,2003,2,14,19629,85.25,HOEP (Legacy)
2003-02-28 14:00:00,2003,2,15,19345,76.61,HOEP (Legacy)
2003-02-28 15:00:00,2003,2,16,19073,26.88,HOEP (Legacy)
2003-02-28 16:00:00,2003,2,17,19298,26.51,HOEP (Legacy)
2003-02-28 17:00:00,2003,2,18,19631,26.08,HOEP (Legacy)
2003-02-28 18:00:00,2003,2,19,20613,31.8,HOEP (Legacy)
2003-02-28 19:00:00,2003,2,20,20832,44.34,HOEP (Legacy)
2003-02-28 20:00:00,2003,2,21,20534,63.19,HOEP (Legacy)
2003-02-28 21:00:00,2003,2,22,19822,89.55,HOEP (Legacy)
2003-02-28 22:00:00,2003,2,23,18859,62.16,HOEP (Legacy)
2003-02-28 23:00:00,2003,2,24,17705,43.76,HOEP (Legacy)
2003-03-01 00:00:00,2003,3,1,16912,30.91,HOEP (Legacy)
2003-03-01 01:00:00,2003,3,2,16338,88.01,HOEP (Legacy)
2003-03-01 02:00:00,2003,3,3,16035,27.28,HOEP (Legacy)
2003-03-01 03:00:00,2003,3,4,15915,27.38,HOEP (Legacy)
2003-03-01 04:00:00,2003,3,5,16001,27.3,HOEP (Legacy)
2003-03-01 05:00:00,2003,3,6,16216,27.33,HOEP (Legacy)
2003-03-01 06:00:00,2003,3,7,16769,27.49,HOEP (Legacy)
2003-03-01 07:00:00,2003,3,8,17555,84.8,HOEP (Legacy)
2003-03-01 08:00:00,2003,3,9,18551,97.15,HOEP (Legacy)
2003-03-01 09:00:00,2003,3,10,18921,28.04,HOEP (Legacy)
2003-03-01 10:00:00,2003,3,11,18845,27.6,HOEP (Legacy)
2003-03-01 11:00:00,2003,3,12,18645,59.12,HOEP (Legacy)
2003-03-01 12:00:00,2003,3,13,18296,27.63,HOEP (Legacy)
2003-03-01 13:00:00,2003,3,14,17985,61.23,HOEP (Legacy)
2003-03-01 14:00:00,2003,3,15,17585,31.23,HOEP (Legacy)
2003-03-01 15:00:00,2003,3,16,17408,115.76,HOEP (Legacy)
2003-03-01 16:00:00,2003,3,17,17866,128.83,HOEP (Legacy)
2003-03-01 17:00:00,2003,3,18,18608,41.05,HOEP (Legacy)
2003-03-01 18:00:00,2003,3,19,19370,111.44,HOEP (Legacy)
2003-03-01 19:00:00,2003,3,20,19335,88.66,HOEP (Legacy)
2003-03-01 20:00:00,2003,3,21,18878,27.56,HOEP (Legacy)
2003-03-01 21:00:00,2003,3,22,18295,88.32,HOEP (Legacy)
2003-03-01 22:00:00,2003,3,23,17608,143.87,HOEP (Legacy)
2003-03-01 23:00:00,2003,3,24,16737,175.08,HOEP (Legacy)
2003-03-02 00:00:00,2003,3,1,15783,27.16,HOEP (Legacy)
2003-03-02 01:00:00,2003,3,2,15393,27.56,HOEP (Legacy)
2003-03-02 02:00:00,2003,3,3,15227,116.38,HOEP (Legacy)
2003-03-02 03:00:00,2003,3,4,15169,27.18,HOEP (Legacy)
2003-03-02 04:00:00,2003,3,5,15193,26.85,HOEP (Legacy)
2003-03-02 05:00:00,2003,3,6,15280,27.57,HOEP (Legacy)
2003-03-02 06:00:00,2003,3,7,15670,27.07,HOEP (Legacy)
2003-03-02 07:00:00,2003,3,8,16167,26.4,HOEP (Legacy)
2003-03-02 08:00:00,2003,3,9,16996,26.98,HOEP (Legacy)
2003-03-02 09:00:00,2003,3,10,17664,27.51,HOEP (Legacy)
2003-03-02 10:00:00,2003,3,11,17927,56.84,HOEP (Legacy)
2003-03-02 11:00:00,2003,3,12,18285,138.24,HOEP (Legacy)
2003-03-02 12:00:00,2003,3,13,18296,190.36,HOEP (Legacy)
2003-03-02 13:00:00,2003,3,14,18113,31.01,HOEP (Legacy)
2003-03-02 14:00:00,2003,3,15,18136,30.43,HOEP (Legacy)
2003-03-02 15:00:00,2003,3,16,18322,30.92,HOEP (Legacy)
2003-03-02 16:00:00,2003,3,17,18904,71.0,HOEP (Legacy)
2003-03-02 17:00:00,2003,3,18,19713,71.65,HOEP (Legacy)
2003-03-02 18:00:00,2003,3,19,20713,181.86,HOEP (Legacy)
2003-03-02 19:00:00,2003,3,20,21058,251.47,HOEP (Legacy)
2003-03-02 20:00:00,2003,3,21,20784,326.16,HOEP (Legacy)
2003-03-02 21:00:00,2003,3,22,20250,321.62,HOEP (Legacy)
2003-03-02 22:00:00,2003,3,23,19388,229.31,HOEP (Legacy)
2003-03-02 23:00:00,2003,3,24,18468,191.65,HOEP (Legacy)
2003-03-03 00:00:00,2003,3,1,17902,129.79,HOEP (Legacy)
2003-03-03 01:00:00,2003,3,2,17794,195.94,HOEP (Legacy)
2003-03-03 02:00:00,2003,3,3,17726,199.47,HOEP (Legacy)
2003-03-03 03:00:00,2003,3,4,17797,226.59,HOEP (Legacy)
2003-03-03 04:00:00,2003,3,5,18025,208.08,HOEP (Legacy)
2003-03-03 05:00:00,2003,3,6,18812,215.03,HOEP (Legacy)
2003-03-03 06:00:00,2003,3,7,20422,282.53,HOEP (Legacy)
2003-03-03 07:00:00,2003,3,8,21940,368.24,HOEP (Legacy)
2003-03-03 08:00:00,2003,3,9,21801,392.86,HOEP (Legacy)
2003-03-03 09:00:00,2003,3,10,21632,221.15,HOEP (Legacy)
2003-03-03 10:00:00,2003,3,11,22120,343.9,HOEP (Legacy)
2003-03-03 11:00:00,2003,3,12,22056,381.28,HOEP (Legacy)
2003-03-03 12:00:00,2003,3,13,21777,206.62,HOEP (Legacy)
2003-03-03 13:00:00,2003,3,14,21463,195.89,HOEP (Legacy)
2003-03-03 14:00:00,2003,3,15,21316,208.09,HOEP (Legacy)
2003-03-03 15:00:00,2003,3,16,21182,139.4,HOEP (Legacy)
2003-03-03 16:00:00,2003,3,17,21656,201.19,HOEP (Legacy)
2003-03-03 17:00:00,2003,3,18,22127,196.9,HOEP (Legacy)
2003-03-03 18:00:00,2003,3,19,22876,209.9,HOEP (Legacy)
2003-03-03 19:00:00,2003,3,20,23117,214.95,HOEP (Legacy)
2003-03-03 20:00:00,2003,3,21,22726,205.67,HOEP (Legacy)
2003-03-03 21:00:00,2003,3,22,21909,200.79,HOEP (Legacy)
2003-03-03 22:00:00,2003,3,23,20753,113.55,HOEP (Legacy)
2003-03-03 23:00:00,2003,3,24,19414,29.95,HOEP (Legacy)
2003-03-04 00:00:00,2003,3,1,18553,120.36,HOEP (Legacy)
2003-03-04 01:00:00,2003,3,2,18248,40.49,HOEP (Legacy)
2003-03-04 02:00:00,2003,3,3,18190,145.64,HOEP (Legacy)
2003-03-04 03:00:00,2003,3,4,17958,141.56,HOEP (Legacy)
2003-03-04 04:00:00,2003,3,5,18052,142.82,HOEP (Legacy)
2003-03-04 05:00:00,2003,3,6,18442,47.33,HOEP (Legacy)
2003-03-04 06:00:00,2003,3,7,19579,55.99,HOEP (Legacy)
2003-03-04 07:00:00,2003,3,8,20953,94.23,HOEP (Legacy)
2003-03-04 08:00:00,2003,3,9,21420,143.76,HOEP (Legacy)
2003-03-04 09:00:00,2003,3,10,21341,150.52,HOEP (Legacy)
2003-03-04 10:00:00,2003,3,11,21303,148.35,HOEP (Legacy)
2003-03-04 11:00:00,2003,3,12,21033,139.04,HOEP (Legacy)
2003-03-04 12:00:00,2003,3,13,20658,137.55,HOEP (Legacy)
2003-03-04 13:00:00,2003,3,14,20545,139.23,HOEP (Legacy)
2003-03-04 14:00:00,2003,3,15,20391,127.06,HOEP (Legacy)
2003-03-04 15:00:00,2003,3,16,20402,131.64,HOEP (Legacy)
2003-03-04 16:00:00,2003,3,17,20825,120.06,HOEP (Legacy)
2003-03-04 17:00:00,2003,3,18,21367,32.26,HOEP (Legacy)
2003-03-04 18:00:00,2003,3,19,21936,81.86,HOEP (Legacy)
2003-03-04 19:00:00,2003,3,20,21904,43.53,HOEP (Legacy)
2003-03-04 20:00:00,2003,3,21,21359,28.18,HOEP (Legacy)
2003-03-04 21:00:00,2003,3,22,20669,75.02,HOEP (Legacy)
2003-03-04 22:00:00,2003,3,23,19612,38.62,HOEP (Legacy)
2003-03-04 23:00:00,2003,3,24,18300,28.96,HOEP (Legacy)
2003-03-05 00:00:00,2003,3,1,17545,42.08,HOEP (Legacy)
2003-03-05 01:00:00,2003,3,2,17106,155.0,HOEP (Legacy)
2003-03-05 02:00:00,2003,3,3,16968,31.33,HOEP (Legacy)
2003-03-05 03:00:00,2003,3,4,16746,52.53,HOEP (Legacy)
2003-03-05 04:00:00,2003,3,5,16878,31.96,HOEP (Legacy)
2003-03-05 05:00:00,2003,3,6,17367,40.44,HOEP (Legacy)
2003-03-05 06:00:00,2003,3,7,18726,39.78,HOEP (Legacy)
2003-03-05 07:00:00,2003,3,8,19987,28.62,HOEP (Legacy)
2003-03-05 08:00:00,2003,3,9,20454,26.98,HOEP (Legacy)
2003-03-05 09:00:00,2003,3,10,20642,112.8,HOEP (Legacy)
2003-03-05 10:00:00,2003,3,11,20879,154.97,HOEP (Legacy)
2003-03-05 11:00:00,2003,3,12,20987,92.66,HOEP (Legacy)
2003-03-05 12:00:00,2003,3,13,20767,49.83,HOEP (Legacy)
2003-03-05 13:00:00,2003,3,14,20569,69.24,HOEP (Legacy)
2003-03-05 14:00:00,2003,3,15,20385,69.56,HOEP (Legacy)
2003-03-05 15:00:00,2003,3,16,20311,100.98,HOEP (Legacy)
2003-03-05 16:00:00,2003,3,17,20522,59.21,HOEP (Legacy)
2003-03-05 17:00:00,2003,3,18,20945,42.19,HOEP (Legacy)
2003-03-05 18:00:00,2003,3,19,21855,86.01,HOEP (Legacy)
2003-03-05 19:00:00,2003,3,20,22005,73.91,HOEP (Legacy)
2003-03-05 20:00:00,2003,3,21,21614,61.43,HOEP (Legacy)
2003-03-05 21:00:00,2003,3,22,20867,28.33,HOEP (Legacy)
2003-03-05 22:00:00,2003,3,23,19757,37.96,HOEP (Legacy)
2003-03-05 23:00:00,2003,3,24,18603,72.34,HOEP (Legacy)
2003-03-06 00:00:00,2003,3,1,17827,127.65,HOEP (Legacy)
2003-03-06 01:00:00,2003,3,2,17444,30.12,HOEP (Legacy)
2003-03-06 02:00:00,2003,3,3,17377,29.21,HOEP (Legacy)
2003-03-06 03:00:00,2003,3,4,17217,29.27,HOEP (Legacy)
2003-03-06 04:00:00,2003,3,5,17341,31.03,HOEP (Legacy)
2003-03-06 05:00:00,2003,3,6,17902,34.78,HOEP (Legacy)
2003-03-06 06:00:00,2003,3,7,19118,38.85,HOEP (Legacy)
2003-03-06 07:00:00,2003,3,8,20445,144.84,HOEP (Legacy)
2003-03-06 08:00:00,2003,3,9,20925,75.7,HOEP (Legacy)
2003-03-06 09:00:00,2003,3,10,21011,158.92,HOEP (Legacy)
2003-03-06 10:00:00,2003,3,11,20818,99.42,HOEP (Legacy)
2003-03-06 11:00:00,2003,3,12,20677,112.96,HOEP (Legacy)
2003-03-06 12:00:00,2003,3,13,20318,68.3,HOEP (Legacy)
2003-03-06 13:00:00,2003,3,14,20027,159.11,HOEP (Legacy)
2003-03-06 14:00:00,2003,3,15,19833,150.3,HOEP (Legacy)
2003-03-06 15:00:00,2003,3,16,19896,107.24,HOEP (Legacy)
2003-03-06 16:00:00,2003,3,17,20239,93.38,HOEP (Legacy)
2003-03-06 17:00:00,2003,3,18,20684,55.15,HOEP (Legacy)
2003-03-06 18:00:00,2003,3,19,21522,181.87,HOEP (Legacy)
2003-03-06 19:00:00,2003,3,20,21618,159.35,HOEP (Legacy)
2003-03-06 20:00:00,2003,3,21,21328,158.6,HOEP (Legacy)
2003-03-06 21:00:00,2003,3,22,20728,156.47,HOEP (Legacy)
2003-03-06 22:00:00,2003,3,23,19793,103.43,HOEP (Legacy)
2003-03-06 23:00:00,2003,3,24,18621,170.31,HOEP (Legacy)
2003-03-07 00:00:00,2003,3,1,17784,121.99,HOEP (Legacy)
2003-03-07 01:00:00,2003,3,2,17561,116.27,HOEP (Legacy)
2003-03-07 02:00:00,2003,3,3,17455,118.84,HOEP (Legacy)
2003-03-07 03:00:00,2003,3,4,17285,118.12,HOEP (Legacy)
2003-03-07 04:00:00,2003,3,5,17398,117.9,HOEP (Legacy)
2003-03-07 05:00:00,2003,3,6,17999,119.95,HOEP (Legacy)
2003-03-07 06:00:00,2003,3,7,19255,122.19,HOEP (Legacy)
2003-03-07 07:00:00,2003,3,8,20569,125.08,HOEP (Legacy)
2003-03-07 08:00:00,2003,3,9,21038,120.76,HOEP (Legacy)
2003-03-07 09:00:00,2003,3,10,20878,126.82,HOEP (Legacy)
2003-03-07 10:00:00,2003,3,11,20881,129.87,HOEP (Legacy)
2003-03-07 11:00:00,2003,3,12,20569,124.79,HOEP (Legacy)
2003-03-07 12:00:00,2003,3,13,20314,123.85,HOEP (Legacy)
2003-03-07 13:00:00,2003,3,14,20208,122.98,HOEP (Legacy)
2003-03-07 14:00:00,2003,3,15,20095,122.26,HOEP (Legacy)
2003-03-07 15:00:00,2003,3,16,20019,118.39,HOEP (Legacy)
2003-03-07 16:00:00,2003,3,17,20233,117.85,HOEP (Legacy)
2003-03-07 17:00:00,2003,3,18,20552,90.85,HOEP (Legacy)
2003-03-07 18:00:00,2003,3,19,21042,119.12,HOEP (Legacy)
2003-03-07 19:00:00,2003,3,20,21008,121.66,HOEP (Legacy)
2003-03-07 20:00:00,2003,3,21,20557,119.42,HOEP (Legacy)
2003-03-07 21:00:00,2003,3,22,19781,118.69,HOEP (Legacy)
2003-03-07 22:00:00,2003,3,23,18808,96.13,HOEP (Legacy)
2003-03-07 23:00:00,2003,3,24,17635,83.68,HOEP (Legacy)
2003-03-08 00:00:00,2003,3,1,16625,66.55,HOEP (Legacy)
2003-03-08 01:00:00,2003,3,2,16142,29.73,HOEP (Legacy)
2003-03-08 02:00:00,2003,3,3,15867,32.11,HOEP (Legacy)
2003-03-08 03:00:00,2003,3,4,15855,26.76,HOEP (Legacy)
2003-03-08 04:00:00,2003,3,5,15764,27.32,HOEP (Legacy)
2003-03-08 05:00:00,2003,3,6,15837,26.97,HOEP (Legacy)
2003-03-08 06:00:00,2003,3,7,16073,25.18,HOEP (Legacy)
2003-03-08 07:00:00,2003,3,8,16993,26.43,HOEP (Legacy)
2003-03-08 08:00:00,2003,3,9,17931,37.1,HOEP (Legacy)
2003-03-08 09:00:00,2003,3,10,18564,30.36,HOEP (Legacy)
2003-03-08 10:00:00,2003,3,11,18904,120.56,HOEP (Legacy)
2003-03-08 11:00:00,2003,3,12,18652,141.15,HOEP (Legacy)
2003-03-08 12:00:00,2003,3,13,18543,139.62,HOEP (Legacy)
2003-03-08 13:00:00,2003,3,14,18304,136.96,HOEP (Legacy)
2003-03-08 14:00:00,2003,3,15,18012,31.59,HOEP (Legacy)
2003-03-08 15:00:00,2003,3,16,18091,31.3,HOEP (Legacy)
2003-03-08 16:00:00,2003,3,17,18477,91.56,HOEP (Legacy)
2003-03-08 17:00:00,2003,3,18,18862,100.23,HOEP (Legacy)
2003-03-08 18:00:00,2003,3,19,19461,135.86,HOEP (Legacy)
2003-03-08 19:00:00,2003,3,20,19364,136.13,HOEP (Legacy)
2003-03-08 20:00:00,2003,3,21,18956,137.19,HOEP (Legacy)
2003-03-08 21:00:00,2003,3,22,18302,108.98,HOEP (Legacy)
2003-03-08 22:00:00,2003,3,23,17733,120.47,HOEP (Legacy)
2003-03-08 23:00:00,2003,3,24,16957,45.21,HOEP (Legacy)
2003-03-09 00:00:00,2003,3,1,16349,26.88,HOEP (Legacy)
2003-03-09 01:00:00,2003,3,2,16043,31.59,HOEP (Legacy)
2003-03-09 02:00:00,2003,3,3,15818,99.23,HOEP (Legacy)
2003-03-09 03:00:00,2003,3,4,15708,90.92,HOEP (Legacy)
2003-03-09 04:00:00,2003,3,5,15627,102.16,HOEP (Legacy)
2003-03-09 05:00:00,2003,3,6,15741,55.5,HOEP (Legacy)
2003-03-09 06:00:00,2003,3,7,16216,26.11,HOEP (Legacy)
2003-03-09 07:00:00,2003,3,8,16510,26.28,HOEP (Legacy)
2003-03-09 08:00:00,2003,3,9,17455,45.16,HOEP (Legacy)
2003-03-09 09:00:00,2003,3,10,18182,119.19,HOEP (Legacy)
2003-03-09 10:00:00,2003,3,11,18598,147.46,HOEP (Legacy)
2003-03-09 11:00:00,2003,3,12,18490,138.75,HOEP (Legacy)
2003-03-09 12:00:00,2003,3,13,18511,141.92,HOEP (Legacy)
2003-03-09 13:00:00,2003,3,14,18440,142.44,HOEP (Legacy)
2003-03-09 14:00:00,2003,3,15,18246,145.89,HOEP (Legacy)
2003-03-09 15:00:00,2003,3,16,18327,147.99,HOEP (Legacy)
2003-03-09 16:00:00,2003,3,17,18845,149.89,HOEP (Legacy)
2003-03-09 17:00:00,2003,3,18,19394,146.08,HOEP (Legacy)
2003-03-09 18:00:00,2003,3,19,20126,148.5,HOEP (Legacy)
2003-03-09 19:00:00,2003,3,20,20475,151.7,HOEP (Legacy)
2003-03-09 20:00:00,2003,3,21,20192,152.5,HOEP (Legacy)
2003-03-09 21:00:00,2003,3,22,19616,170.46,HOEP (Legacy)
2003-03-09 22:00:00,2003,3,23,18777,174.3,HOEP (Legacy)
2003-03-09 23:00:00,2003,3,24,17848,140.3,HOEP (Legacy)
2003-03-10 00:00:00,2003,3,1,17389,33.76,HOEP (Legacy)
2003-03-10 01:00:00,2003,3,2,17173,112.15,HOEP (Legacy)
2003-03-10 02:00:00,2003,3,3,17114,119.25,HOEP (Legacy)
2003-03-10 03:00:00,2003,3,4,17025,119.09,HOEP (Legacy)
2003-03-10 04:00:00,2003,3,5,17239,133.57,HOEP (Legacy)
2003-03-10 05:00:00,2003,3,6,17889,137.83,HOEP (Legacy)
2003-03-10 06:00:00,2003,3,7,19047,65.88,HOEP (Legacy)
2003-03-10 07:00:00,2003,3,8,20092,64.15,HOEP (Legacy)
2003-03-10 08:00:00,2003,3,9,20852,121.99,HOEP (Legacy)
2003-03-10 09:00:00,2003,3,10,21151,147.01,HOEP (Legacy)
2003-03-10 10:00:00,2003,3,11,21383,145.81,HOEP (Legacy)
2003-03-10 11:00:00,2003,3,12,21356,149.46,HOEP (Legacy)
2003-03-10 12:00:00,2003,3,13,21163,149.46,HOEP (Legacy)
2003-03-10 13:00:00,2003,3,14,20941,153.4,HOEP (Legacy)
2003-03-10 14:00:00,2003,3,15,20866,151.06,HOEP (Legacy)
2003-03-10 15:00:00,2003,3,16,21009,155.13,HOEP (Legacy)
2003-03-10 16:00:00,2003,3,17,21221,152.98,HOEP (Legacy)
2003-03-10 17:00:00,2003,3,18,21522,147.6,HOEP (Legacy)
2003-03-10 18:00:00,2003,3,19,22236,136.7,HOEP (Legacy)
2003-03-10 19:00:00,2003,3,20,22599,153.88,HOEP (Legacy)
2003-03-10 20:00:00,2003,3,21,22155,147.12,HOEP (Legacy)
2003-03-10 21:00:00,2003,3,22,21389,159.76,HOEP (Legacy)
2003-03-10 22:00:00,2003,3,23,20246,132.9,HOEP (Legacy)
2003-03-10 23:00:00,2003,3,24,19074,95.02,HOEP (Legacy)
2003-03-11 00:00:00,2003,3,1,18203,120.82,HOEP (Legacy)
2003-03-11 01:00:00,2003,3,2,17735,123.46,HOEP (Legacy)
2003-03-11 02:00:00,2003,3,3,17602,125.34,HOEP (Legacy)
2003-03-11 03:00:00,2003,3,4,17459,125.84,HOEP (Legacy)
2003-03-11 04:00:00,2003,3,5,17541,120.64,HOEP (Legacy)
2003-03-11 05:00:00,2003,3,6,18046,120.97,HOEP (Legacy)
2003-03-11 06:00:00,2003,3,7,19143,89.96,HOEP (Legacy)
2003-03-11 07:00:00,2003,3,8,20151,121.46,HOEP (Legacy)
2003-03-11 08:00:00,2003,3,9,21050,126.25,HOEP (Legacy)
2003-03-11 09:00:00,2003,3,10,21318,132.17,HOEP (Legacy)
2003-03-11 10:00:00,2003,3,11,21360,131.51,HOEP (Legacy)
2003-03-11 11:00:00,2003,3,12,21331,133.45,HOEP (Legacy)
2003-03-11 12:00:00,2003,3,13,21030,148.83,HOEP (Legacy)
2003-03-11 13:00:00,2003,3,14,20801,137.03,HOEP (Legacy)
2003-03-11 14:00:00,2003,3,15,20600,122.42,HOEP (Legacy)
2003-03-11 15:00:00,2003,3,16,20555,122.74,HOEP (Legacy)
2003-03-11 16:00:00,2003,3,17,20969,126.36,HOEP (Legacy)
2003-03-11 17:00:00,2003,3,18,21379,96.06,HOEP (Legacy)
2003-03-11 18:00:00,2003,3,19,21819,93.57,HOEP (Legacy)
2003-03-11 19:00:00,2003,3,20,21861,126.48,HOEP (Legacy)
2003-03-11 20:00:00,2003,3,21,21403,118.9,HOEP (Legacy)
2003-03-11 21:00:00,2003,3,22,20520,120.81,HOEP (Legacy)
2003-03-11 22:00:00,2003,3,23,19118,134.38,HOEP (Legacy)
2003-03-11 23:00:00,2003,3,24,18046,109.17,HOEP (Legacy)
2003-03-12 00:00:00,2003,3,1,17195,106.64,HOEP (Legacy)
2003-03-12 01:00:00,2003,3,2,16760,47.59,HOEP (Legacy)
2003-03-12 02:00:00,2003,3,3,16568,42.87,HOEP (Legacy)
2003-03-12 03:00:00,2003,3,4,16419,38.25,HOEP (Legacy)
2003-03-12 04:00:00,2003,3,5,16472,32.97,HOEP (Legacy)
2003-03-12 05:00:00,2003,3,6,16891,40.12,HOEP (Legacy)
2003-03-12 06:00:00,2003,3,7,17870,28.95,HOEP (Legacy)
2003-03-12 07:00:00,2003,3,8,19027,42.7,HOEP (Legacy)
2003-03-12 08:00:00,2003,3,9,19989,90.51,HOEP (Legacy)
2003-03-12 09:00:00,2003,3,10,20362,123.81,HOEP (Legacy)
2003-03-12 10:00:00,2003,3,11,20400,75.03,HOEP (Legacy)
2003-03-12 11:00:00,2003,3,12,20264,58.84,HOEP (Legacy)
2003-03-12 12:00:00,2003,3,13,19908,34.44,HOEP (Legacy)
2003-03-12 13:00:00,2003,3,14,19631,26.53,HOEP (Legacy)
2003-03-12 14:00:00,2003,3,15,19575,104.64,HOEP (Legacy)
2003-03-12 15:00:00,2003,3,16,19743,102.72,HOEP (Legacy)
2003-03-12 16:00:00,2003,3,17,20057,83.15,HOEP (Legacy)
2003-03-12 17:00:00,2003,3,18,20518,97.74,HOEP (Legacy)
2003-03-12 18:00:00,2003,3,19,21073,79.81,HOEP (Legacy)
2003-03-12 19:00:00,2003,3,20,21256,108.92,HOEP (Legacy)
2003-03-12 20:00:00,2003,3,21,20783,109.56,HOEP (Legacy)
2003-03-12 21:00:00,2003,3,22,19907,107.89,HOEP (Legacy)
2003-03-12 22:00:00,2003,3,23,19016,104.93,HOEP (Legacy)
2003-03-12 23:00:00,2003,3,24,17952,91.57,HOEP (Legacy)
2003-03-13 00:00:00,2003,3,1,16736,98.77,HOEP (Legacy)
2003-03-13 01:00:00,2003,3,2,16822,93.19,HOEP (Legacy)
2003-03-13 02:00:00,2003,3,3,16723,92.56,HOEP (Legacy)
2003-03-13 03:00:00,2003,3,4,16662,87.51,HOEP (Legacy)
2003-03-13 04:00:00,2003,3,5,16711,72.7,HOEP (Legacy)
2003-03-13 05:00:00,2003,3,6,17180,89.44,HOEP (Legacy)
2003-03-13 06:00:00,2003,3,7,18314,100.52,HOEP (Legacy)
2003-03-13 07:00:00,2003,3,8,19441,88.76,HOEP (Legacy)
2003-03-13 08:00:00,2003,3,9,20310,101.29,HOEP (Legacy)
2003-03-13 09:00:00,2003,3,10,20666,104.21,HOEP (Legacy)
2003-03-13 10:00:00,2003,3,11,20777,104.5,HOEP (Legacy)
2003-03-13 11:00:00,2003,3,12,20423,103.35,HOEP (Legacy)
2003-03-13 12:00:00,2003,3,13,19869,103.54,HOEP (Legacy)
2003-03-13 13:00:00,2003,3,14,19709,102.61,HOEP (Legacy)
2003-03-13 14:00:00,2003,3,15,19411,99.01,HOEP (Legacy)
2003-03-13 15:00:00,2003,3,16,19344,29.61,HOEP (Legacy)
2003-03-13 16:00:00,2003,3,17,19509,29.17,HOEP (Legacy)
2003-03-13 17:00:00,2003,3,18,19885,26.77,HOEP (Legacy)
2003-03-13 18:00:00,2003,3,19,20658,77.92,HOEP (Legacy)
2003-03-13 19:00:00,2003,3,20,21220,99.01,HOEP (Legacy)
2003-03-13 20:00:00,2003,3,21,20935,93.08,HOEP (Legacy)
2003-03-13 21:00:00,2003,3,22,20230,70.23,HOEP (Legacy)
2003-03-13 22:00:00,2003,3,23,19230,55.55,HOEP (Legacy)
2003-03-13 23:00:00,2003,3,24,18154,68.93,HOEP (Legacy)
2003-03-14 00:00:00,2003,3,1,17475,99.86,HOEP (Legacy)
2003-03-14 01:00:00,2003,3,2,17114,97.86,HOEP (Legacy)
2003-03-14 02:00:00,2003,3,3,16843,95.57,HOEP (Legacy)
2003-03-14 03:00:00,2003,3,4,16778,85.08,HOEP (Legacy)
2003-03-14 04:00:00,2003,3,5,16872,91.42,HOEP (Legacy)
2003-03-14 05:00:00,2003,3,6,17310,64.81,HOEP (Legacy)
2003-03-14 06:00:00,2003,3,7,18196,50.56,HOEP (Legacy)
2003-03-14 07:00:00,2003,3,8,19266,66.09,HOEP (Legacy)
2003-03-14 08:00:00,2003,3,9,19942,81.08,HOEP (Legacy)
2003-03-14 09:00:00,2003,3,10,20240,95.87,HOEP (Legacy)
2003-03-14 10:00:00,2003,3,11,20179,86.26,HOEP (Legacy)
2003-03-14 11:00:00,2003,3,12,20015,54.57,HOEP (Legacy)
2003-03-14 12:00:00,2003,3,13,19777,93.1,HOEP (Legacy)
2003-03-14 13:00:00,2003,3,14,19528,94.68,HOEP (Legacy)
2003-03-14 14:00:00,2003,3,15,19104,93.84,HOEP (Legacy)
2003-03-14 15:00:00,2003,3,16,18909,92.14,HOEP (Legacy)
2003-03-14 16:00:00,2003,3,17,19076,43.01,HOEP (Legacy)
2003-03-14 17:00:00,2003,3,18,19362,33.07,HOEP (Legacy)
2003-03-14 18:00:00,2003,3,19,20016,57.07,HOEP (Legacy)
2003-03-14 19:00:00,2003,3,20,20472,97.27,HOEP (Legacy)
2003-03-14 20:00:00,2003,3,21,19936,96.34,HOEP (Legacy)
2003-03-14 21:00:00,2003,3,22,19164,97.67,HOEP (Legacy)
2003-03-14 22:00:00,2003,3,23,18172,82.7,HOEP (Legacy)
2003-03-14 23:00:00,2003,3,24,17034,85.08,HOEP (Legacy)
2003-03-15 00:00:00,2003,3,1,16128,87.9,HOEP (Legacy)
2003-03-15 01:00:00,2003,3,2,15682,64.89,HOEP (Legacy)
2003-03-15 02:00:00,2003,3,3,15412,75.66,HOEP (Legacy)
2003-03-15 03:00:00,2003,3,4,15397,87.57,HOEP (Legacy)
2003-03-15 04:00:00,2003,3,5,15413,56.35,HOEP (Legacy)
2003-03-15 05:00:00,2003,3,6,15553,58.36,HOEP (Legacy)
2003-03-15 06:00:00,2003,3,7,15851,35.61,HOEP (Legacy)
2003-03-15 07:00:00,2003,3,8,16528,28.78,HOEP (Legacy)
2003-03-15 08:00:00,2003,3,9,17119,30.02,HOEP (Legacy)
2003-03-15 09:00:00,2003,3,10,17507,27.59,HOEP (Legacy)
2003-03-15 10:00:00,2003,3,11,17700,77.25,HOEP (Legacy)
2003-03-15 11:00:00,2003,3,12,17591,84.59,HOEP (Legacy)
2003-03-15 12:00:00,2003,3,13,17373,87.09,HOEP (Legacy)
2003-03-15 13:00:00,2003,3,14,17021,86.42,HOEP (Legacy)
2003-03-15 14:00:00,2003,3,15,16744,82.29,HOEP (Legacy)
2003-03-15 15:00:00,2003,3,16,16601,32.43,HOEP (Legacy)
2003-03-15 16:00:00,2003,3,17,16738,37.22,HOEP (Legacy)
2003-03-15 17:00:00,2003,3,18,17114,43.78,HOEP (Legacy)
2003-03-15 18:00:00,2003,3,19,17635,67.64,HOEP (Legacy)
2003-03-15 19:00:00,2003,3,20,18303,88.71,HOEP (Legacy)
2003-03-15 20:00:00,2003,3,21,17841,92.04,HOEP (Legacy)
2003-03-15 21:00:00,2003,3,22,17278,115.11,HOEP (Legacy)
2003-03-15 22:00:00,2003,3,23,16671,87.04,HOEP (Legacy)
2003-03-15 23:00:00,2003,3,24,15872,81.09,HOEP (Legacy)
2003-03-16 00:00:00,2003,3,1,15275,61.87,HOEP (Legacy)
2003-03-16 01:00:00,2003,3,2,14868,65.64,HOEP (Legacy)
2003-03-16 02:00:00,2003,3,3,14574,40.5,HOEP (Legacy)
2003-03-16 03:00:00,2003,3,4,14438,68.13,HOEP (Legacy)
2003-03-16 04:00:00,2003,3,5,14418,72.64,HOEP (Legacy)
2003-03-16 05:00:00,2003,3,6,14594,66.35,HOEP (Legacy)
2003-03-16 06:00:00,2003,3,7,14772,39.17,HOEP (Legacy)
2003-03-16 07:00:00,2003,3,8,15258,49.39,HOEP (Legacy)
2003-03-16 08:00:00,2003,3,9,15737,28.96,HOEP (Legacy)
2003-03-16 09:00:00,2003,3,10,16118,42.99,HOEP (Legacy)
2003-03-16 10:00:00,2003,3,11,16391,30.73,HOEP (Legacy)
2003-03-16 11:00:00,2003,3,12,16476,30.59,HOEP (Legacy)
2003-03-16 12:00:00,2003,3,13,16395,31.38,HOEP (Legacy)
2003-03-16 13:00:00,2003,3,14,16251,61.03,HOEP (Legacy)
2003-03-16 14:00:00,2003,3,15,15991,30.0,HOEP (Legacy)
2003-03-16 15:00:00,2003,3,16,16014,29.87,HOEP (Legacy)
2003-03-16 16:00:00,2003,3,17,16343,43.35,HOEP (Legacy)
2003-03-16 17:00:00,2003,3,18,16798,33.59,HOEP (Legacy)
2003-03-16 18:00:00,2003,3,19,17483,47.14,HOEP (Legacy)
2003-03-16 19:00:00,2003,3,20,18127,83.87,HOEP (Legacy)
2003-03-16 20:00:00,2003,3,21,17903,86.19,HOEP (Legacy)
2003-03-16 21:00:00,2003,3,22,17334,75.27,HOEP (Legacy)
2003-03-16 22:00:00,2003,3,23,16442,68.13,HOEP (Legacy)
2003-03-16 23:00:00,2003,3,24,15578,65.87,HOEP (Legacy)
2003-03-17 00:00:00,2003,3,1,15079,37.77,HOEP (Legacy)
2003-03-17 01:00:00,2003,3,2,14804,33.98,HOEP (Legacy)
2003-03-17 02:00:00,2003,3,3,14651,28.18,HOEP (Legacy)
2003-03-17 03:00:00,2003,3,4,14691,26.89,HOEP (Legacy)
2003-03-17 04:00:00,2003,3,5,14776,27.98,HOEP (Legacy)
2003-03-17 05:00:00,2003,3,6,15361,31.5,HOEP (Legacy)
2003-03-17 06:00:00,2003,3,7,16430,44.89,HOEP (Legacy)
2003-03-17 07:00:00,2003,3,8,18064,76.13,HOEP (Legacy)
2003-03-17 08:00:00,2003,3,9,18674,156.2,HOEP (Legacy)
2003-03-17 09:00:00,2003,3,10,18681,93.83,HOEP (Legacy)
2003-03-17 10:00:00,2003,3,11,18662,115.17,HOEP (Legacy)
2003-03-17 11:00:00,2003,3,12,18677,88.45,HOEP (Legacy)
2003-03-17 12:00:00,2003,3,13,18470,50.86,HOEP (Legacy)
2003-03-17 13:00:00,2003,3,14,18295,87.82,HOEP (Legacy)
2003-03-17 14:00:00,2003,3,15,18123,87.79,HOEP (Legacy)
2003-03-17 15:00:00,2003,3,16,18143,78.97,HOEP (Legacy)
2003-03-17 16:00:00,2003,3,17,18418,78.76,HOEP (Legacy)
2003-03-17 17:00:00,2003,3,18,18758,73.41,HOEP (Legacy)
2003-03-17 18:00:00,2003,3,19,19272,84.96,HOEP (Legacy)
2003-03-17 19:00:00,2003,3,20,19718,164.45,HOEP (Legacy)
2003-03-17 20:00:00,2003,3,21,19193,86.4,HOEP (Legacy)
2003-03-17 21:00:00,2003,3,22,18428,69.79,HOEP (Legacy)
2003-03-17 22:00:00,2003,3,23,17298,59.91,HOEP (Legacy)
2003-03-17 23:00:00,2003,3,24,16066,36.65,HOEP (Legacy)
2003-03-18 00:00:00,2003,3,1,15315,91.86,HOEP (Legacy)
2003-03-18 01:00:00,2003,3,2,14937,29.42,HOEP (Legacy)
2003-03-18 02:00:00,2003,3,3,14640,27.8,HOEP (Legacy)
2003-03-18 03:00:00,2003,3,4,14460,27.9,HOEP (Legacy)
2003-03-18 04:00:00,2003,3,5,14640,27.4,HOEP (Legacy)
2003-03-18 05:00:00,2003,3,6,15257,39.29,HOEP (Legacy)
2003-03-18 06:00:00,2003,3,7,16414,70.08,HOEP (Legacy)
2003-03-18 07:00:00,2003,3,8,17967,75.76,HOEP (Legacy)
2003-03-18 08:00:00,2003,3,9,18668,87.99,HOEP (Legacy)
2003-03-18 09:00:00,2003,3,10,18790,86.25,HOEP (Legacy)
2003-03-18 10:00:00,2003,3,11,18818,87.32,HOEP (Legacy)
2003-03-18 11:00:00,2003,3,12,18761,87.2,HOEP (Legacy)
2003-03-18 12:00:00,2003,3,13,18564,86.52,HOEP (Legacy)
2003-03-18 13:00:00,2003,3,14,18582,86.65,HOEP (Legacy)
2003-03-18 14:00:00,2003,3,15,18394,84.06,HOEP (Legacy)
2003-03-18 15:00:00,2003,3,16,18493,84.09,HOEP (Legacy)
2003-03-18 16:00:00,2003,3,17,18790,84.04,HOEP (Legacy)
2003-03-18 17:00:00,2003,3,18,19028,68.31,HOEP (Legacy)
2003-03-18 18:00:00,2003,3,19,19398,82.42,HOEP (Legacy)
2003-03-18 19:00:00,2003,3,20,20198,91.06,HOEP (Legacy)
2003-03-18 20:00:00,2003,3,21,19783,97.55,HOEP (Legacy)
2003-03-18 21:00:00,2003,3,22,18969,88.04,HOEP (Legacy)
2003-03-18 22:00:00,2003,3,23,17884,62.28,HOEP (Legacy)
2003-03-18 23:00:00,2003,3,24,16718,38.97,HOEP (Legacy)
2003-03-19 00:00:00,2003,3,1,15870,84.99,HOEP (Legacy)
2003-03-19 01:00:00,2003,3,2,15528,34.23,HOEP (Legacy)
2003-03-19 02:00:00,2003,3,3,15324,38.54,HOEP (Legacy)
2003-03-19 03:00:00,2003,3,4,15274,35.31,HOEP (Legacy)
2003-03-19 04:00:00,2003,3,5,15529,32.12,HOEP (Legacy)
2003-03-19 05:00:00,2003,3,6,16084,44.21,HOEP (Legacy)
2003-03-19 06:00:00,2003,3,7,17186,45.67,HOEP (Legacy)
2003-03-19 07:00:00,2003,3,8,18684,69.54,HOEP (Legacy)
2003-03-19 08:00:00,2003,3,9,19242,84.01,HOEP (Legacy)
2003-03-19 09:00:00,2003,3,10,19264,86.21,HOEP (Legacy)
2003-03-19 10:00:00,2003,3,11,19265,139.47,HOEP (Legacy)
2003-03-19 11:00:00,2003,3,12,19205,191.83,HOEP (Legacy)
2003-03-19 12:00:00,2003,3,13,18833,87.98,HOEP (Legacy)
2003-03-19 13:00:00,2003,3,14,18681,89.05,HOEP (Legacy)
2003-03-19 14:00:00,2003,3,15,18544,84.53,HOEP (Legacy)
2003-03-19 15:00:00,2003,3,16,18532,81.52,HOEP (Legacy)
2003-03-19 16:00:00,2003,3,17,18892,85.41,HOEP (Legacy)
2003-03-19 17:00:00,2003,3,18,19247,87.44,HOEP (Legacy)
2003-03-19 18:00:00,2003,3,19,19755,73.49,HOEP (Legacy)
2003-03-19 19:00:00,2003,3,20,20377,98.84,HOEP (Legacy)
2003-03-19 20:00:00,2003,3,21,19997,77.21,HOEP (Legacy)
2003-03-19 21:00:00,2003,3,22,19215,92.44,HOEP (Legacy)
2003-03-19 22:00:00,2003,3,23,17956,83.62,HOEP (Legacy)
2003-03-19 23:00:00,2003,3,24,16875,91.1,HOEP (Legacy)
2003-03-20 00:00:00,2003,3,1,15704,84.45,HOEP (Legacy)
2003-03-20 01:00:00,2003,3,2,15391,76.54,HOEP (Legacy)
2003-03-20 02:00:00,2003,3,3,15111,81.84,HOEP (Legacy)
2003-03-20 03:00:00,2003,3,4,14957,81.48,HOEP (Legacy)
2003-03-20 04:00:00,2003,3,5,15088,33.3,HOEP (Legacy)
2003-03-20 05:00:00,2003,3,6,15665,45.53,HOEP (Legacy)
2003-03-20 06:00:00,2003,3,7,16685,27.05,HOEP (Legacy)
2003-03-20 07:00:00,2003,3,8,18366,55.98,HOEP (Legacy)
2003-03-20 08:00:00,2003,3,9,19329,79.73,HOEP (Legacy)
2003-03-20 09:00:00,2003,3,10,19233,85.22,HOEP (Legacy)
2003-03-20 10:00:00,2003,3,11,19276,87.26,HOEP (Legacy)
2003-03-20 11:00:00,2003,3,12,19185,88.63,HOEP (Legacy)
2003-03-20 12:00:00,2003,3,13,18995,127.28,HOEP (Legacy)
2003-03-20 13:00:00,2003,3,14,18923,183.11,HOEP (Legacy)
2003-03-20 14:00:00,2003,3,15,18676,175.32,HOEP (Legacy)
2003-03-20 15:00:00,2003,3,16,18938,108.55,HOEP (Legacy)
2003-03-20 16:00:00,2003,3,17,19490,169.85,HOEP (Legacy)
2003-03-20 17:00:00,2003,3,18,20063,172.19,HOEP (Legacy)
2003-03-20 18:00:00,2003,3,19,20417,133.65,HOEP (Legacy)
2003-03-20 19:00:00,2003,3,20,20324,137.43,HOEP (Legacy)
2003-03-20 20:00:00,2003,3,21,19849,87.52,HOEP (Legacy)
2003-03-20 21:00:00,2003,3,22,19077,89.03,HOEP (Legacy)
2003-03-20 22:00:00,2003,3,23,17822,79.24,HOEP (Legacy)
2003-03-20 23:00:00,2003,3,24,16694,102.03,HOEP (Legacy)
2003-03-21 00:00:00,2003,3,1,15794,86.63,HOEP (Legacy)
2003-03-21 01:00:00,2003,3,2,15259,85.92,HOEP (Legacy)
2003-03-21 02:00:00,2003,3,3,15085,72.54,HOEP (Legacy)
2003-03-21 03:00:00,2003,3,4,14845,76.28,HOEP (Legacy)
2003-03-21 04:00:00,2003,3,5,14751,73.59,HOEP (Legacy)
2003-03-21 05:00:00,2003,3,6,15582,72.34,HOEP (Legacy)
2003-03-21 06:00:00,2003,3,7,16558,32.66,HOEP (Legacy)
2003-03-21 07:00:00,2003,3,8,18309,48.23,HOEP (Legacy)
2003-03-21 08:00:00,2003,3,9,19179,85.75,HOEP (Legacy)
2003-03-21 09:00:00,2003,3,10,19351,84.38,HOEP (Legacy)
2003-03-21 10:00:00,2003,3,11,19445,82.96,HOEP (Legacy)
2003-03-21 11:00:00,2003,3,12,19364,82.28,HOEP (Legacy)
2003-03-21 12:00:00,2003,3,13,19090,86.8,HOEP (Legacy)
2003-03-21 13:00:00,2003,3,14,18917,90.56,HOEP (Legacy)
2003-03-21 14:00:00,2003,3,15,18870,166.11,HOEP (Legacy)
2003-03-21 15:00:00,2003,3,16,18880,87.6,HOEP (Legacy)
2003-03-21 16:00:00,2003,3,17,18953,88.66,HOEP (Legacy)
2003-03-21 17:00:00,2003,3,18,19056,86.69,HOEP (Legacy)
2003-03-21 18:00:00,2003,3,19,19329,82.72,HOEP (Legacy)
2003-03-21 19:00:00,2003,3,20,19363,85.57,HOEP (Legacy)
2003-03-21 20:00:00,2003,3,21,18877,81.99,HOEP (Legacy)
2003-03-21 21:00:00,2003,3,22,18181,75.78,HOEP (Legacy)
2003-03-21 22:00:00,2003,3,23,17151,81.73,HOEP (Legacy)
2003-03-21 23:00:00,2003,3,24,15896,97.27,HOEP (Legacy)
2003-03-22 00:00:00,2003,3,1,15106,104.69,HOEP (Legacy)
2003-03-22 01:00:00,2003,3,2,14643,78.27,HOEP (Legacy)
2003-03-22 02:00:00,2003,3,3,14374,79.46,HOEP (Legacy)
2003-03-22 03:00:00,2003,3,4,14239,79.72,HOEP (Legacy)
2003-03-22 04:00:00,2003,3,5,14179,72.95,HOEP (Legacy)
2003-03-22 05:00:00,2003,3,6,14383,77.77,HOEP (Legacy)
2003-03-22 06:00:00,2003,3,7,14938,55.47,HOEP (Legacy)
2003-03-22 07:00:00,2003,3,8,15628,64.19,HOEP (Legacy)
2003-03-22 08:00:00,2003,3,9,16721,127.68,HOEP (Legacy)
2003-03-22 09:00:00,2003,3,10,17454,207.31,HOEP (Legacy)
2003-03-22 10:00:00,2003,3,11,17807,202.36,HOEP (Legacy)
2003-03-22 11:00:00,2003,3,12,17809,204.01,HOEP (Legacy)
2003-03-22 12:00:00,2003,3,13,17625,189.24,HOEP (Legacy)
2003-03-22 13:00:00,2003,3,14,17364,200.24,HOEP (Legacy)
2003-03-22 14:00:00,2003,3,15,17186,98.94,HOEP (Legacy)
2003-03-22 15:00:00,2003,3,16,17052,89.88,HOEP (Legacy)
2003-03-22 16:00:00,2003,3,17,17294,79.24,HOEP (Legacy)
2003-03-22 17:00:00,2003,3,18,17560,77.81,HOEP (Legacy)
2003-03-22 18:00:00,2003,3,19,17786,78.0,HOEP (Legacy)
2003-03-22 19:00:00,2003,3,20,18012,78.03,HOEP (Legacy)
2003-03-22 20:00:00,2003,3,21,17647,75.15,HOEP (Legacy)
2003-03-22 21:00:00,2003,3,22,17069,66.46,HOEP (Legacy)
2003-03-22 22:00:00,2003,3,23,16304,59.88,HOEP (Legacy)
2003-03-22 23:00:00,2003,3,24,15419,55.27,HOEP (Legacy)
2003-03-23 00:00:00,2003,3,1,14549,48.0,HOEP (Legacy)
2003-03-23 01:00:00,2003,3,2,14353,38.39,HOEP (Legacy)
2003-03-23 02:00:00,2003,3,3,14204,30.92,HOEP (Legacy)
2003-03-23 03:00:00,2003,3,4,14044,35.87,HOEP (Legacy)
2003-03-23 04:00:00,2003,3,5,13896,55.74,HOEP (Legacy)
2003-03-23 05:00:00,2003,3,6,14028,36.25,HOEP (Legacy)
2003-03-23 06:00:00,2003,3,7,14132,27.58,HOEP (Legacy)
2003-03-23 07:00:00,2003,3,8,14550,25.83,HOEP (Legacy)
2003-03-23 08:00:00,2003,3,9,15480,28.0,HOEP (Legacy)
2003-03-23 09:00:00,2003,3,10,16252,63.21,HOEP (Legacy)
2003-03-23 10:00:00,2003,3,11,16580,75.92,HOEP (Legacy)
2003-03-23 11:00:00,2003,3,12,16545,41.88,HOEP (Legacy)
2003-03-23 12:00:00,2003,3,13,16638,74.57,HOEP (Legacy)
2003-03-23 13:00:00,2003,3,14,16217,66.27,HOEP (Legacy)
2003-03-23 14:00:00,2003,3,15,16093,30.34,HOEP (Legacy)
2003-03-23 15:00:00,2003,3,16,16190,59.08,HOEP (Legacy)
2003-03-23 16:00:00,2003,3,17,16506,48.3,HOEP (Legacy)
2003-03-23 17:00:00,2003,3,18,16977,55.73,HOEP (Legacy)
2003-03-23 18:00:00,2003,3,19,17498,71.66,HOEP (Legacy)
2003-03-23 19:00:00,2003,3,20,17988,81.21,HOEP (Legacy)
2003-03-23 20:00:00,2003,3,21,17724,77.01,HOEP (Legacy)
2003-03-23 21:00:00,2003,3,22,17034,59.61,HOEP (Legacy)
2003-03-23 22:00:00,2003,3,23,16147,52.19,HOEP (Legacy)
2003-03-23 23:00:00,2003,3,24,15371,36.26,HOEP (Legacy)
2003-03-24 00:00:00,2003,3,1,14808,59.21,HOEP (Legacy)
2003-03-24 01:00:00,2003,3,2,14520,31.64,HOEP (Legacy)
2003-03-24 02:00:00,2003,3,3,14411,64.47,HOEP (Legacy)
2003-03-24 03:00:00,2003,3,4,14495,45.18,HOEP (Legacy)
2003-03-24 04:00:00,2003,3,5,14512,40.97,HOEP (Legacy)
2003-03-24 05:00:00,2003,3,6,15207,50.68,HOEP (Legacy)
2003-03-24 06:00:00,2003,3,7,16384,46.01,HOEP (Legacy)
2003-03-24 07:00:00,2003,3,8,17965,67.01,HOEP (Legacy)
2003-03-24 08:00:00,2003,3,9,18555,43.86,HOEP (Legacy)
2003-03-24 09:00:00,2003,3,10,18845,75.44,HOEP (Legacy)
2003-03-24 10:00:00,2003,3,11,18889,81.83,HOEP (Legacy)
2003-03-24 11:00:00,2003,3,12,18909,77.84,HOEP (Legacy)
2003-03-24 12:00:00,2003,3,13,18706,80.32,HOEP (Legacy)
2003-03-24 13:00:00,2003,3,14,18550,79.24,HOEP (Legacy)
2003-03-24 14:00:00,2003,3,15,18332,80.27,HOEP (Legacy)
2003-03-24 15:00:00,2003,3,16,18166,76.36,HOEP (Legacy)
2003-03-24 16:00:00,2003,3,17,18431,74.84,HOEP (Legacy)
2003-03-24 17:00:00,2003,3,18,18783,62.67,HOEP (Legacy)
2003-03-24 18:00:00,2003,3,19,19202,70.69,HOEP (Legacy)
2003-03-24 19:00:00,2003,3,20,19675,77.5,HOEP (Legacy)
2003-03-24 20:00:00,2003,3,21,19368,67.8,HOEP (Legacy)
2003-03-24 21:00:00,2003,3,22,18595,71.34,HOEP (Legacy)
2003-03-24 22:00:00,2003,3,23,17465,31.34,HOEP (Legacy)
2003-03-24 23:00:00,2003,3,24,16267,46.71,HOEP (Legacy)
2003-03-25 00:00:00,2003,3,1,15436,31.95,HOEP (Legacy)
2003-03-25 01:00:00,2003,3,2,15049,40.21,HOEP (Legacy)
2003-03-25 02:00:00,2003,3,3,14676,31.46,HOEP (Legacy)
2003-03-25 03:00:00,2003,3,4,14376,28.76,HOEP (Legacy)
2003-03-25 04:00:00,2003,3,5,14595,45.04,HOEP (Legacy)
2003-03-25 05:00:00,2003,3,6,15180,45.51,HOEP (Legacy)
2003-03-25 06:00:00,2003,3,7,16270,31.18,HOEP (Legacy)
2003-03-25 07:00:00,2003,3,8,17606,35.29,HOEP (Legacy)
2003-03-25 08:00:00,2003,3,9,18488,61.5,HOEP (Legacy)
2003-03-25 09:00:00,2003,3,10,18285,26.51,HOEP (Legacy)
2003-03-25 10:00:00,2003,3,11,18785,29.18,HOEP (Legacy)
2003-03-25 11:00:00,2003,3,12,18673,70.55,HOEP (Legacy)
2003-03-25 12:00:00,2003,3,13,18450,84.53,HOEP (Legacy)
2003-03-25 13:00:00,2003,3,14,18672,88.85,HOEP (Legacy)
2003-03-25 14:00:00,2003,3,15,18357,105.0,HOEP (Legacy)
2003-03-25 15:00:00,2003,3,16,18091,50.96,HOEP (Legacy)
2003-03-25 16:00:00,2003,3,17,18516,29.94,HOEP (Legacy)
2003-03-25 17:00:00,2003,3,18,18668,29.17,HOEP (Legacy)
2003-03-25 18:00:00,2003,3,19,18900,27.28,HOEP (Legacy)
2003-03-25 19:00:00,2003,3,20,19508,29.53,HOEP (Legacy)
2003-03-25 20:00:00,2003,3,21,19147,67.87,HOEP (Legacy)
2003-03-25 21:00:00,2003,3,22,18310,42.47,HOEP (Legacy)
2003-03-25 22:00:00,2003,3,23,17218,30.92,HOEP (Legacy)
2003-03-25 23:00:00,2003,3,24,16124,27.53,HOEP (Legacy)
2003-03-26 00:00:00,2003,3,1,15361,27.96,HOEP (Legacy)
2003-03-26 01:00:00,2003,3,2,14813,26.56,HOEP (Legacy)
2003-03-26 02:00:00,2003,3,3,14567,26.35,HOEP (Legacy)
2003-03-26 03:00:00,2003,3,4,14495,26.59,HOEP (Legacy)
2003-03-26 04:00:00,2003,3,5,14609,26.72,HOEP (Legacy)
2003-03-26 05:00:00,2003,3,6,15129,29.88,HOEP (Legacy)
2003-03-26 06:00:00,2003,3,7,16169,32.99,HOEP (Legacy)
2003-03-26 07:00:00,2003,3,8,17776,50.81,HOEP (Legacy)
2003-03-26 08:00:00,2003,3,9,18429,65.92,HOEP (Legacy)
2003-03-26 09:00:00,2003,3,10,18242,64.58,HOEP (Legacy)
2003-03-26 10:00:00,2003,3,11,18351,63.32,HOEP (Legacy)
2003-03-26 11:00:00,2003,3,12,18280,60.99,HOEP (Legacy)
2003-03-26 12:00:00,2003,3,13,18279,63.07,HOEP (Legacy)
2003-03-26 13:00:00,2003,3,14,18251,67.85,HOEP (Legacy)
2003-03-26 14:00:00,2003,3,15,18011,46.03,HOEP (Legacy)
2003-03-26 15:00:00,2003,3,16,18009,45.15,HOEP (Legacy)
2003-03-26 16:00:00,2003,3,17,18362,56.52,HOEP (Legacy)
2003-03-26 17:00:00,2003,3,18,18620,61.75,HOEP (Legacy)
2003-03-26 18:00:00,2003,3,19,18905,63.8,HOEP (Legacy)
2003-03-26 19:00:00,2003,3,20,19403,66.97,HOEP (Legacy)
2003-03-26 20:00:00,2003,3,21,19139,63.07,HOEP (Legacy)
2003-03-26 21:00:00,2003,3,22,18362,41.68,HOEP (Legacy)
2003-03-26 22:00:00,2003,3,23,17377,30.73,HOEP (Legacy)
2003-03-26 23:00:00,2003,3,24,16177,28.79,HOEP (Legacy)
2003-03-27 00:00:00,2003,3,1,15300,27.27,HOEP (Legacy)
2003-03-27 01:00:00,2003,3,2,14822,26.1,HOEP (Legacy)
2003-03-27 02:00:00,2003,3,3,14596,25.97,HOEP (Legacy)
2003-03-27 03:00:00,2003,3,4,14545,25.74,HOEP (Legacy)
2003-03-27 04:00:00,2003,3,5,14696,26.33,HOEP (Legacy)
2003-03-27 05:00:00,2003,3,6,15496,26.92,HOEP (Legacy)
2003-03-27 06:00:00,2003,3,7,16705,31.13,HOEP (Legacy)
2003-03-27 07:00:00,2003,3,8,17920,29.8,HOEP (Legacy)
2003-03-27 08:00:00,2003,3,9,18148,29.79,HOEP (Legacy)
2003-03-27 09:00:00,2003,3,10,18261,39.31,HOEP (Legacy)
2003-03-27 10:00:00,2003,3,11,18404,30.6,HOEP (Legacy)
2003-03-27 11:00:00,2003,3,12,18384,38.35,HOEP (Legacy)
2003-03-27 12:00:00,2003,3,13,18164,37.59,HOEP (Legacy)
2003-03-27 13:00:00,2003,3,14,18020,35.48,HOEP (Legacy)
2003-03-27 14:00:00,2003,3,15,17885,30.56,HOEP (Legacy)
2003-03-27 15:00:00,2003,3,16,17946,53.31,HOEP (Legacy)
2003-03-27 16:00:00,2003,3,17,18237,57.36,HOEP (Legacy)
2003-03-27 17:00:00,2003,3,18,18376,46.14,HOEP (Legacy)
2003-03-27 18:00:00,2003,3,19,18830,48.24,HOEP (Legacy)
2003-03-27 19:00:00,2003,3,20,19615,61.47,HOEP (Legacy)
2003-03-27 20:00:00,2003,3,21,19186,59.45,HOEP (Legacy)
2003-03-27 21:00:00,2003,3,22,18420,49.82,HOEP (Legacy)
2003-03-27 22:00:00,2003,3,23,17276,35.16,HOEP (Legacy)
2003-03-27 23:00:00,2003,3,24,16102,58.67,HOEP (Legacy)
2003-03-28 00:00:00,2003,3,1,15224,29.55,HOEP (Legacy)
2003-03-28 01:00:00,2003,3,2,14756,25.8,HOEP (Legacy)
2003-03-28 02:00:00,2003,3,3,14468,26.18,HOEP (Legacy)
2003-03-28 03:00:00,2003,3,4,14333,25.11,HOEP (Legacy)
2003-03-28 04:00:00,2003,3,5,14463,26.01,HOEP (Legacy)
2003-03-28 05:00:00,2003,3,6,15017,27.88,HOEP (Legacy)
2003-03-28 06:00:00,2003,3,7,16099,30.34,HOEP (Legacy)
2003-03-28 07:00:00,2003,3,8,17872,48.1,HOEP (Legacy)
2003-03-28 08:00:00,2003,3,9,18644,70.36,HOEP (Legacy)
2003-03-28 09:00:00,2003,3,10,19029,62.62,HOEP (Legacy)
2003-03-28 10:00:00,2003,3,11,19078,62.48,HOEP (Legacy)
2003-03-28 11:00:00,2003,3,12,18999,59.23,HOEP (Legacy)
2003-03-28 12:00:00,2003,3,13,18739,60.05,HOEP (Legacy)
2003-03-28 13:00:00,2003,3,14,18551,59.38,HOEP (Legacy)
2003-03-28 14:00:00,2003,3,15,18293,58.8,HOEP (Legacy)
2003-03-28 15:00:00,2003,3,16,18094,58.84,HOEP (Legacy)
2003-03-28 16:00:00,2003,3,17,18080,52.1,HOEP (Legacy)
2003-03-28 17:00:00,2003,3,18,17994,30.52,HOEP (Legacy)
2003-03-28 18:00:00,2003,3,19,18210,37.82,HOEP (Legacy)
2003-03-28 19:00:00,2003,3,20,18641,51.72,HOEP (Legacy)
2003-03-28 20:00:00,2003,3,21,18240,31.2,HOEP (Legacy)
2003-03-28 21:00:00,2003,3,22,17460,30.82,HOEP (Legacy)
2003-03-28 22:00:00,2003,3,23,16500,30.01,HOEP (Legacy)
2003-03-28 23:00:00,2003,3,24,15187,28.4,HOEP (Legacy)
2003-03-29 00:00:00,2003,3,1,14440,29.44,HOEP (Legacy)
2003-03-29 01:00:00,2003,3,2,13863,28.68,HOEP (Legacy)
2003-03-29 02:00:00,2003,3,3,13406,27.55,HOEP (Legacy)
2003-03-29 03:00:00,2003,3,4,13304,27.26,HOEP (Legacy)
2003-03-29 04:00:00,2003,3,5,13289,25.64,HOEP (Legacy)
2003-03-29 05:00:00,2003,3,6,13527,25.87,HOEP (Legacy)
2003-03-29 06:00:00,2003,3,7,13990,25.46,HOEP (Legacy)
2003-03-29 07:00:00,2003,3,8,14760,26.35,HOEP (Legacy)
2003-03-29 08:00:00,2003,3,9,15892,28.02,HOEP (Legacy)
2003-03-29 09:00:00,2003,3,10,16944,42.27,HOEP (Legacy)
2003-03-29 10:00:00,2003,3,11,17696,64.15,HOEP (Legacy)
2003-03-29 11:00:00,2003,3,12,17809,66.93,HOEP (Legacy)
2003-03-29 12:00:00,2003,3,13,17528,62.49,HOEP (Legacy)
2003-03-29 13:00:00,2003,3,14,17175,55.1,HOEP (Legacy)
2003-03-29 14:00:00,2003,3,15,16966,58.76,HOEP (Legacy)
2003-03-29 15:00:00,2003,3,16,16928,42.48,HOEP (Legacy)
2003-03-29 16:00:00,2003,3,17,17222,34.29,HOEP (Legacy)
2003-03-29 17:00:00,2003,3,18,17543,35.47,HOEP (Legacy)
2003-03-29 18:00:00,2003,3,19,17780,47.88,HOEP (Legacy)
2003-03-29 19:00:00,2003,3,20,17924,44.28,HOEP (Legacy)
2003-03-29 20:00:00,2003,3,21,17416,40.27,HOEP (Legacy)
2003-03-29 21:00:00,2003,3,22,16975,37.71,HOEP (Legacy)
2003-03-29 22:00:00,2003,3,23,16213,29.68,HOEP (Legacy)
2003-03-29 23:00:00,2003,3,24,15399,32.82,HOEP (Legacy)
2003-03-30 00:00:00,2003,3,1,14698,32.67,HOEP (Legacy)
2003-03-30 01:00:00,2003,3,2,14337,32.44,HOEP (Legacy)
2003-03-30 02:00:00,2003,3,3,13989,30.53,HOEP (Legacy)
2003-03-30 03:00:00,2003,3,4,13893,31.12,HOEP (Legacy)
2003-03-30 04:00:00,2003,3,5,14009,29.22,HOEP (Legacy)
2003-03-30 05:00:00,2003,3,6,14233,30.78,HOEP (Legacy)
2003-03-30 06:00:00,2003,3,7,14295,29.7,HOEP (Legacy)
2003-03-30 07:00:00,2003,3,8,14771,27.93,HOEP (Legacy)
2003-03-30 08:00:00,2003,3,9,15680,28.91,HOEP (Legacy)
2003-03-30 09:00:00,2003,3,10,16464,47.4,HOEP (Legacy)
2003-03-30 10:00:00,2003,3,11,16900,80.99,HOEP (Legacy)
2003-03-30 11:00:00,2003,3,12,17102,141.96,HOEP (Legacy)
2003-03-30 12:00:00,2003,3,13,17045,168.88,HOEP (Legacy)
2003-03-30 13:00:00,2003,3,14,16919,41.05,HOEP (Legacy)
2003-03-30 14:00:00,2003,3,15,16796,32.11,HOEP (Legacy)
2003-03-30 15:00:00,2003,3,16,16752,31.32,HOEP (Legacy)
2003-03-30 16:00:00,2003,3,17,17120,53.94,HOEP (Legacy)
2003-03-30 17:00:00,2003,3,18,17430,60.22,HOEP (Legacy)
2003-03-30 18:00:00,2003,3,19,17727,38.62,HOEP (Legacy)
2003-03-30 19:00:00,2003,3,20,18686,67.29,HOEP (Legacy)
2003-03-30 20:00:00,2003,3,21,18668,78.58,HOEP (Legacy)
2003-03-30 21:00:00,2003,3,22,17861,66.32,HOEP (Legacy)
2003-03-30 22:00:00,2003,3,23,16889,37.29,HOEP (Legacy)
2003-03-30 23:00:00,2003,3,24,15993,29.84,HOEP (Legacy)
2003-03-31 00:00:00,2003,3,1,15348,29.83,HOEP (Legacy)
2003-03-31 01:00:00,2003,3,2,15156,38.03,HOEP (Legacy)
2003-03-31 02:00:00,2003,3,3,15178,31.91,HOEP (Legacy)
2003-03-31 03:00:00,2003,3,4,15114,31.8,HOEP (Legacy)
2003-03-31 04:00:00,2003,3,5,15214,36.42,HOEP (Legacy)
2003-03-31 05:00:00,2003,3,6,15935,42.28,HOEP (Legacy)
2003-03-31 06:00:00,2003,3,7,17059,50.33,HOEP (Legacy)
2003-03-31 07:00:00,2003,3,8,18720,77.88,HOEP (Legacy)
2003-03-31 08:00:00,2003,3,9,19468,64.81,HOEP (Legacy)
2003-03-31 09:00:00,2003,3,10,19825,120.98,HOEP (Legacy)
2003-03-31 10:00:00,2003,3,11,20123,155.99,HOEP (Legacy)
2003-03-31 11:00:00,2003,3,12,20120,172.13,HOEP (Legacy)
2003-03-31 12:00:00,2003,3,13,19799,82.04,HOEP (Legacy)
2003-03-31 13:00:00,2003,3,14,19677,116.93,HOEP (Legacy)
2003-03-31 14:00:00,2003,3,15,19614,68.48,HOEP (Legacy)
2003-03-31 15:00:00,2003,3,16,19438,65.46,HOEP (Legacy)
2003-03-31 16:00:00,2003,3,17,19635,56.35,HOEP (Legacy)
2003-03-31 17:00:00,2003,3,18,19860,58.13,HOEP (Legacy)
2003-03-31 18:00:00,2003,3,19,20101,46.78,HOEP (Legacy)
2003-03-31 19:00:00,2003,3,20,20732,62.59,HOEP (Legacy)
2003-03-31 20:00:00,2003,3,21,20506,76.15,HOEP (Legacy)
2003-03-31 21:00:00,2003,3,22,19675,61.51,HOEP (Legacy)
2003-03-31 22:00:00,2003,3,23,18473,39.3,HOEP (Legacy)
2003-03-31 23:00:00,2003,3,24,17182,43.15,HOEP (Legacy)
2003-04-01 00:00:00,2003,4,1,16376,49.41,HOEP (Legacy)
2003-04-01 01:00:00,2003,4,2,15960,56.01,HOEP (Legacy)
2003-04-01 02:00:00,2003,4,3,15819,48.11,HOEP (Legacy)
2003-04-01 03:00:00,2003,4,4,15694,58.85,HOEP (Legacy)
2003-04-01 04:00:00,2003,4,5,15855,55.85,HOEP (Legacy)
2003-04-01 05:00:00,2003,4,6,16411,59.2,HOEP (Legacy)
2003-04-01 06:00:00,2003,4,7,17567,57.89,HOEP (Legacy)
2003-04-01 07:00:00,2003,4,8,19276,72.74,HOEP (Legacy)
2003-04-01 08:00:00,2003,4,9,19987,180.13,HOEP (Legacy)
2003-04-01 09:00:00,2003,4,10,19978,69.83,HOEP (Legacy)
2003-04-01 10:00:00,2003,4,11,20157,67.46,HOEP (Legacy)
2003-04-01 11:00:00,2003,4,12,20100,65.3,HOEP (Legacy)
2003-04-01 12:00:00,2003,4,13,19858,59.79,HOEP (Legacy)
2003-04-01 13:00:00,2003,4,14,19599,58.67,HOEP (Legacy)
2003-04-01 14:00:00,2003,4,15,19376,59.17,HOEP (Legacy)
2003-04-01 15:00:00,2003,4,16,19360,97.14,HOEP (Legacy)
2003-04-01 16:00:00,2003,4,17,19726,89.27,HOEP (Legacy)
2003-04-01 17:00:00,2003,4,18,19913,63.98,HOEP (Legacy)
2003-04-01 18:00:00,2003,4,19,20258,65.36,HOEP (Legacy)
2003-04-01 19:00:00,2003,4,20,20498,182.57,HOEP (Legacy)
2003-04-01 20:00:00,2003,4,21,20155,104.08,HOEP (Legacy)
2003-04-01 21:00:00,2003,4,22,19309,57.37,HOEP (Legacy)
2003-04-01 22:00:00,2003,4,23,18049,30.64,HOEP (Legacy)
2003-04-01 23:00:00,2003,4,24,16772,31.62,HOEP (Legacy)
2003-04-02 00:00:00,2003,4,1,16100,38.77,HOEP (Legacy)
2003-04-02 01:00:00,2003,4,2,15717,30.31,HOEP (Legacy)
2003-04-02 02:00:00,2003,4,3,15485,34.81,HOEP (Legacy)
2003-04-02 03:00:00,2003,4,4,15418,30.12,HOEP (Legacy)
2003-04-02 04:00:00,2003,4,5,15501,30.08,HOEP (Legacy)
2003-04-02 05:00:00,2003,4,6,15875,42.5,HOEP (Legacy)
2003-04-02 06:00:00,2003,4,7,16778,51.84,HOEP (Legacy)
2003-04-02 07:00:00,2003,4,8,18506,63.03,HOEP (Legacy)
2003-04-02 08:00:00,2003,4,9,19309,67.7,HOEP (Legacy)
2003-04-02 09:00:00,2003,4,10,19400,65.58,HOEP (Legacy)
2003-04-02 10:00:00,2003,4,11,19496,64.55,HOEP (Legacy)
2003-04-02 11:00:00,2003,4,12,19438,64.34,HOEP (Legacy)
2003-04-02 12:00:00,2003,4,13,19444,63.88,HOEP (Legacy)
2003-04-02 13:00:00,2003,4,14,19439,69.22,HOEP (Legacy)
2003-04-02 14:00:00,2003,4,15,19410,74.24,HOEP (Legacy)
2003-04-02 15:00:00,2003,4,16,19469,62.05,HOEP (Legacy)
2003-04-02 16:00:00,2003,4,17,19883,65.14,HOEP (Legacy)
2003-04-02 17:00:00,2003,4,18,20150,65.44,HOEP (Legacy)
2003-04-02 18:00:00,2003,4,19,20453,62.02,HOEP (Legacy)
2003-04-02 19:00:00,2003,4,20,20691,65.51,HOEP (Legacy)
2003-04-02 20:00:00,2003,4,21,20257,61.91,HOEP (Legacy)
2003-04-02 21:00:00,2003,4,22,19353,53.23,HOEP (Legacy)
2003-04-02 22:00:00,2003,4,23,18179,31.55,HOEP (Legacy)
2003-04-02 23:00:00,2003,4,24,16927,45.08,HOEP (Legacy)
2003-04-03 00:00:00,2003,4,1,16178,30.45,HOEP (Legacy)
2003-04-03 01:00:00,2003,4,2,15670,34.43,HOEP (Legacy)
2003-04-03 02:00:00,2003,4,3,15524,56.01,HOEP (Legacy)
2003-04-03 03:00:00,2003,4,4,15390,43.93,HOEP (Legacy)
2003-04-03 04:00:00,2003,4,5,15438,55.03,HOEP (Legacy)
2003-04-03 05:00:00,2003,4,6,15916,56.16,HOEP (Legacy)
2003-04-03 06:00:00,2003,4,7,17125,58.56,HOEP (Legacy)
2003-04-03 07:00:00,2003,4,8,18929,59.58,HOEP (Legacy)
2003-04-03 08:00:00,2003,4,9,19602,63.27,HOEP (Legacy)
2003-04-03 09:00:00,2003,4,10,19772,67.1,HOEP (Legacy)
2003-04-03 10:00:00,2003,4,11,20233,143.71,HOEP (Legacy)
2003-04-03 11:00:00,2003,4,12,20175,156.49,HOEP (Legacy)
2003-04-03 12:00:00,2003,4,13,20094,86.91,HOEP (Legacy)
2003-04-03 13:00:00,2003,4,14,20112,87.69,HOEP (Legacy)
2003-04-03 14:00:00,2003,4,15,19897,82.42,HOEP (Legacy)
2003-04-03 15:00:00,2003,4,16,20092,66.7,HOEP (Legacy)
2003-04-03 16:00:00,2003,4,17,20352,74.2,HOEP (Legacy)
2003-04-03 17:00:00,2003,4,18,20495,71.51,HOEP (Legacy)
2003-04-03 18:00:00,2003,4,19,20881,99.81,HOEP (Legacy)
2003-04-03 19:00:00,2003,4,20,21010,96.44,HOEP (Legacy)
2003-04-03 20:00:00,2003,4,21,20634,140.04,HOEP (Legacy)
2003-04-03 21:00:00,2003,4,22,19733,66.31,HOEP (Legacy)
2003-04-03 22:00:00,2003,4,23,18573,44.03,HOEP (Legacy)
2003-04-03 23:00:00,2003,4,24,17324,72.31,HOEP (Legacy)
2003-04-04 00:00:00,2003,4,1,16732,58.15,HOEP (Legacy)
2003-04-04 01:00:00,2003,4,2,16283,56.0,HOEP (Legacy)
2003-04-04 02:00:00,2003,4,3,16060,56.11,HOEP (Legacy)
2003-04-04 03:00:00,2003,4,4,16042,56.0,HOEP (Legacy)
2003-04-04 04:00:00,2003,4,5,16230,56.64,HOEP (Legacy)
2003-04-04 05:00:00,2003,4,6,16790,57.07,HOEP (Legacy)
2003-04-04 06:00:00,2003,4,7,17456,53.69,HOEP (Legacy)
2003-04-04 07:00:00,2003,4,8,18809,54.63,HOEP (Legacy)
2003-04-04 08:00:00,2003,4,9,19937,73.97,HOEP (Legacy)
2003-04-04 09:00:00,2003,4,10,20404,148.15,HOEP (Legacy)
2003-04-04 10:00:00,2003,4,11,20643,175.78,HOEP (Legacy)
2003-04-04 11:00:00,2003,4,12,20561,145.95,HOEP (Legacy)
2003-04-04 12:00:00,2003,4,13,20630,148.17,HOEP (Legacy)
2003-04-04 13:00:00,2003,4,14,20436,176.41,HOEP (Legacy)
2003-04-04 14:00:00,2003,4,15,20300,143.3,HOEP (Legacy)
2003-04-04 15:00:00,2003,4,16,20148,167.56,HOEP (Legacy)
2003-04-04 16:00:00,2003,4,17,20310,109.97,HOEP (Legacy)
2003-04-04 17:00:00,2003,4,18,20542,175.53,HOEP (Legacy)
2003-04-04 18:00:00,2003,4,19,20806,100.69,HOEP (Legacy)
2003-04-04 19:00:00,2003,4,20,20942,219.0,HOEP (Legacy)
2003-04-04 20:00:00,2003,4,21,20283,179.09,HOEP (Legacy)
2003-04-04 21:00:00,2003,4,22,19518,69.9,HOEP (Legacy)
2003-04-04 22:00:00,2003,4,23,18453,57.39,HOEP (Legacy)
2003-04-04 23:00:00,2003,4,24,17452,157.07,HOEP (Legacy)
2003-04-05 00:00:00,2003,4,1,16156,139.04,HOEP (Legacy)
2003-04-05 01:00:00,2003,4,2,16072,63.99,HOEP (Legacy)
2003-04-05 02:00:00,2003,4,3,15616,55.73,HOEP (Legacy)
2003-04-05 03:00:00,2003,4,4,15559,29.63,HOEP (Legacy)
2003-04-05 04:00:00,2003,4,5,15476,47.32,HOEP (Legacy)
2003-04-05 05:00:00,2003,4,6,15682,33.82,HOEP (Legacy)
2003-04-05 06:00:00,2003,4,7,16098,36.16,HOEP (Legacy)
2003-04-05 07:00:00,2003,4,8,16840,39.41,HOEP (Legacy)
2003-04-05 08:00:00,2003,4,9,17888,58.5,HOEP (Legacy)
2003-04-05 09:00:00,2003,4,10,18634,65.49,HOEP (Legacy)
2003-04-05 10:00:00,2003,4,11,18937,77.4,HOEP (Legacy)
2003-04-05 11:00:00,2003,4,12,19040,118.87,HOEP (Legacy)
2003-04-05 12:00:00,2003,4,13,18827,154.66,HOEP (Legacy)
2003-04-05 13:00:00,2003,4,14,18484,81.85,HOEP (Legacy)
2003-04-05 14:00:00,2003,4,15,18266,62.67,HOEP (Legacy)
2003-04-05 15:00:00,2003,4,16,18238,80.74,HOEP (Legacy)
2003-04-05 16:00:00,2003,4,17,18492,79.42,HOEP (Legacy)
2003-04-05 17:00:00,2003,4,18,18728,79.51,HOEP (Legacy)
2003-04-05 18:00:00,2003,4,19,18894,71.34,HOEP (Legacy)
2003-04-05 19:00:00,2003,4,20,19303,158.77,HOEP (Legacy)
2003-04-05 20:00:00,2003,4,21,19037,97.11,HOEP (Legacy)
2003-04-05 21:00:00,2003,4,22,18396,108.49,HOEP (Legacy)
2003-04-05 22:00:00,2003,4,23,17582,61.78,HOEP (Legacy)
2003-04-05 23:00:00,2003,4,24,16504,53.77,HOEP (Legacy)
2003-04-06 00:00:00,2003,4,1,15818,40.3,HOEP (Legacy)
2003-04-06 01:00:00,2003,4,2,15371,56.44,HOEP (Legacy)
2003-04-06 02:00:00,2003,4,3,15362,45.69,HOEP (Legacy)
2003-04-06 03:00:00,2003,4,4,15263,35.49,HOEP (Legacy)
2003-04-06 04:00:00,2003,4,5,15363,51.12,HOEP (Legacy)
2003-04-06 05:00:00,2003,4,6,15511,30.22,HOEP (Legacy)
2003-04-06 06:00:00,2003,4,7,15660,32.9,HOEP (Legacy)
2003-04-06 07:00:00,2003,4,8,16274,46.92,HOEP (Legacy)
2003-04-06 08:00:00,2003,4,9,16888,38.49,HOEP (Legacy)
2003-04-06 09:00:00,2003,4,10,17317,47.24,HOEP (Legacy)
2003-04-06 10:00:00,2003,4,11,17559,42.41,HOEP (Legacy)
2003-04-06 11:00:00,2003,4,12,17579,55.93,HOEP (Legacy)
2003-04-06 12:00:00,2003,4,13,17323,55.93,HOEP (Legacy)
2003-04-06 13:00:00,2003,4,14,17072,28.69,HOEP (Legacy)
2003-04-06 14:00:00,2003,4,15,16907,28.39,HOEP (Legacy)
2003-04-06 15:00:00,2003,4,16,17079,29.62,HOEP (Legacy)
2003-04-06 16:00:00,2003,4,17,17215,29.92,HOEP (Legacy)
2003-04-06 17:00:00,2003,4,18,17188,28.28,HOEP (Legacy)
2003-04-06 18:00:00,2003,4,19,17416,26.25,HOEP (Legacy)
2003-04-06 19:00:00,2003,4,20,18563,54.59,HOEP (Legacy)
2003-04-06 20:00:00,2003,4,21,18467,58.87,HOEP (Legacy)
2003-04-06 21:00:00,2003,4,22,17608,37.69,HOEP (Legacy)
2003-04-06 22:00:00,2003,4,23,16686,36.12,HOEP (Legacy)
2003-04-06 23:00:00,2003,4,24,15926,35.14,HOEP (Legacy)
2003-04-07 00:00:00,2003,4,1,15564,36.64,HOEP (Legacy)
2003-04-07 01:00:00,2003,4,2,15423,32.89,HOEP (Legacy)
2003-04-07 02:00:00,2003,4,3,15301,56.74,HOEP (Legacy)
2003-04-07 03:00:00,2003,4,4,15364,56.48,HOEP (Legacy)
2003-04-07 04:00:00,2003,4,5,16117,57.77,HOEP (Legacy)
2003-04-07 05:00:00,2003,4,6,17566,114.16,HOEP (Legacy)
2003-04-07 06:00:00,2003,4,7,19298,111.34,HOEP (Legacy)
2003-04-07 07:00:00,2003,4,8,20121,142.33,HOEP (Legacy)
2003-04-07 08:00:00,2003,4,9,20183,186.89,HOEP (Legacy)
2003-04-07 09:00:00,2003,4,10,20438,175.59,HOEP (Legacy)
2003-04-07 10:00:00,2003,4,11,20412,65.52,HOEP (Legacy)
2003-04-07 11:00:00,2003,4,12,20197,77.74,HOEP (Legacy)
2003-04-07 12:00:00,2003,4,13,20131,94.1,HOEP (Legacy)
2003-04-07 13:00:00,2003,4,14,20180,168.03,HOEP (Legacy)
2003-04-07 14:00:00,2003,4,15,20230,190.93,HOEP (Legacy)
2003-04-07 15:00:00,2003,4,16,20527,183.91,HOEP (Legacy)
2003-04-07 16:00:00,2003,4,17,20573,125.69,HOEP (Legacy)
2003-04-07 17:00:00,2003,4,18,20316,117.31,HOEP (Legacy)
2003-04-07 18:00:00,2003,4,19,20442,61.67,HOEP (Legacy)
2003-04-07 19:00:00,2003,4,20,20921,64.92,HOEP (Legacy)
2003-04-07 20:00:00,2003,4,21,20332,114.45,HOEP (Legacy)
2003-04-07 21:00:00,2003,4,22,19161,54.09,HOEP (Legacy)
2003-04-07 22:00:00,2003,4,23,17808,77.85,HOEP (Legacy)
2003-04-07 23:00:00,2003,4,24,16939,61.03,HOEP (Legacy)
2003-04-08 00:00:00,2003,4,1,16396,59.99,HOEP (Legacy)
2003-04-08 01:00:00,2003,4,2,16290,59.84,HOEP (Legacy)
2003-04-08 02:00:00,2003,4,3,16195,61.63,HOEP (Legacy)
2003-04-08 03:00:00,2003,4,4,16253,63.08,HOEP (Legacy)
2003-04-08 04:00:00,2003,4,5,16527,58.42,HOEP (Legacy)
2003-04-08 05:00:00,2003,4,6,17717,62.86,HOEP (Legacy)
2003-04-08 06:00:00,2003,4,7,19300,83.29,HOEP (Legacy)
2003-04-08 07:00:00,2003,4,8,20213,80.75,HOEP (Legacy)
2003-04-08 08:00:00,2003,4,9,20242,65.74,HOEP (Legacy)
2003-04-08 09:00:00,2003,4,10,20440,117.44,HOEP (Legacy)
2003-04-08 10:00:00,2003,4,11,20378,65.65,HOEP (Legacy)
2003-04-08 11:00:00,2003,4,12,20156,65.64,HOEP (Legacy)
2003-04-08 12:00:00,2003,4,13,20012,66.02,HOEP (Legacy)
2003-04-08 13:00:00,2003,4,14,19707,65.95,HOEP (Legacy)
2003-04-08 14:00:00,2003,4,15,19619,65.47,HOEP (Legacy)
2003-04-08 15:00:00,2003,4,16,19876,64.4,HOEP (Legacy)
2003-04-08 16:00:00,2003,4,17,20007,122.74,HOEP (Legacy)
2003-04-08 17:00:00,2003,4,18,19677,58.55,HOEP (Legacy)
2003-04-08 18:00:00,2003,4,19,19759,56.81,HOEP (Legacy)
2003-04-08 19:00:00,2003,4,20,20326,63.74,HOEP (Legacy)
2003-04-08 20:00:00,2003,4,21,19770,57.92,HOEP (Legacy)
2003-04-08 21:00:00,2003,4,22,18672,46.43,HOEP (Legacy)
2003-04-08 22:00:00,2003,4,23,17439,54.35,HOEP (Legacy)
2003-04-08 23:00:00,2003,4,24,16448,50.56,HOEP (Legacy)
2003-04-09 00:00:00,2003,4,1,16020,57.11,HOEP (Legacy)
2003-04-09 01:00:00,2003,4,2,15716,57.2,HOEP (Legacy)
2003-04-09 02:00:00,2003,4,3,15568,50.8,HOEP (Legacy)
2003-04-09 03:00:00,2003,4,4,15618,40.28,HOEP (Legacy)
2003-04-09 04:00:00,2003,4,5,16036,53.55,HOEP (Legacy)
2003-04-09 05:00:00,2003,4,6,17330,62.3,HOEP (Legacy)
2003-04-09 06:00:00,2003,4,7,19049,102.69,HOEP (Legacy)
2003-04-09 07:00:00,2003,4,8,19539,70.72,HOEP (Legacy)
2003-04-09 08:00:00,2003,4,9,19360,64.91,HOEP (Legacy)
2003-04-09 09:00:00,2003,4,10,19315,64.95,HOEP (Legacy)
2003-04-09 10:00:00,2003,4,11,19202,60.89,HOEP (Legacy)
2003-04-09 11:00:00,2003,4,12,18872,61.51,HOEP (Legacy)
2003-04-09 12:00:00,2003,4,13,18697,65.15,HOEP (Legacy)
2003-04-09 13:00:00,2003,4,14,18447,76.64,HOEP (Legacy)
2003-04-09 14:00:00,2003,4,15,18372,63.89,HOEP (Legacy)
2003-04-09 15:00:00,2003,4,16,18424,64.19,HOEP (Legacy)
2003-04-09 16:00:00,2003,4,17,18367,65.45,HOEP (Legacy)
2003-04-09 17:00:00,2003,4,18,18169,63.62,HOEP (Legacy)
2003-04-09 18:00:00,2003,4,19,18111,60.42,HOEP (Legacy)
2003-04-09 19:00:00,2003,4,20,18962,80.5,HOEP (Legacy)
2003-04-09 20:00:00,2003,4,21,18922,64.47,HOEP (Legacy)
2003-04-09 21:00:00,2003,4,22,17991,76.92,HOEP (Legacy)
2003-04-09 22:00:00,2003,4,23,16696,61.62,HOEP (Legacy)
2003-04-09 23:00:00,2003,4,24,15746,55.81,HOEP (Legacy)
2003-04-10 00:00:00,2003,4,1,15310,57.76,HOEP (Legacy)
2003-04-10 01:00:00,2003,4,2,15213,56.09,HOEP (Legacy)
2003-04-10 02:00:00,2003,4,3,15180,56.37,HOEP (Legacy)
2003-04-10 03:00:00,2003,4,4,15246,57.54,HOEP (Legacy)
2003-04-10 04:00:00,2003,4,5,15671,58.17,HOEP (Legacy)
2003-04-10 05:00:00,2003,4,6,17068,64.04,HOEP (Legacy)
2003-04-10 06:00:00,2003,4,7,18485,157.53,HOEP (Legacy)
2003-04-10 07:00:00,2003,4,8,18850,103.7,HOEP (Legacy)
2003-04-10 08:00:00,2003,4,9,18842,67.25,HOEP (Legacy)
2003-04-10 09:00:00,2003,4,10,18793,127.72,HOEP (Legacy)
2003-04-10 10:00:00,2003,4,11,18686,80.1,HOEP (Legacy)
2003-04-10 11:00:00,2003,4,12,18471,66.02,HOEP (Legacy)
2003-04-10 12:00:00,2003,4,13,18311,67.27,HOEP (Legacy)
2003-04-10 13:00:00,2003,4,14,18179,68.62,HOEP (Legacy)
2003-04-10 14:00:00,2003,4,15,18086,67.21,HOEP (Legacy)
2003-04-10 15:00:00,2003,4,16,18192,70.89,HOEP (Legacy)
2003-04-10 16:00:00,2003,4,17,18109,66.19,HOEP (Legacy)
2003-04-10 17:00:00,2003,4,18,17699,64.76,HOEP (Legacy)
2003-04-10 18:00:00,2003,4,19,17748,60.05,HOEP (Legacy)
2003-04-10 19:00:00,2003,4,20,18593,64.5,HOEP (Legacy)
2003-04-10 20:00:00,2003,4,21,18436,65.24,HOEP (Legacy)
2003-04-10 21:00:00,2003,4,22,17452,62.27,HOEP (Legacy)
2003-04-10 22:00:00,2003,4,23,16212,49.68,HOEP (Legacy)
2003-04-10 23:00:00,2003,4,24,15385,43.14,HOEP (Legacy)
2003-04-11 00:00:00,2003,4,1,14990,30.62,HOEP (Legacy)
2003-04-11 01:00:00,2003,4,2,14792,29.88,HOEP (Legacy)
2003-04-11 02:00:00,2003,4,3,14696,28.06,HOEP (Legacy)
2003-04-11 03:00:00,2003,4,4,14715,29.68,HOEP (Legacy)
2003-04-11 04:00:00,2003,4,5,15215,36.31,HOEP (Legacy)
2003-04-11 05:00:00,2003,4,6,16570,56.18,HOEP (Legacy)
2003-04-11 06:00:00,2003,4,7,18198,67.17,HOEP (Legacy)
2003-04-11 07:00:00,2003,4,8,18772,67.23,HOEP (Legacy)
2003-04-11 08:00:00,2003,4,9,18704,89.5,HOEP (Legacy)
2003-04-11 09:00:00,2003,4,10,18688,77.79,HOEP (Legacy)
2003-04-11 10:00:00,2003,4,11,18614,65.63,HOEP (Legacy)
2003-04-11 11:00:00,2003,4,12,18272,64.54,HOEP (Legacy)
2003-04-11 12:00:00,2003,4,13,18066,66.2,HOEP (Legacy)
2003-04-11 13:00:00,2003,4,14,17824,65.85,HOEP (Legacy)
2003-04-11 14:00:00,2003,4,15,17583,65.27,HOEP (Legacy)
2003-04-11 15:00:00,2003,4,16,17722,66.26,HOEP (Legacy)
2003-04-11 16:00:00,2003,4,17,17479,60.25,HOEP (Legacy)
2003-04-11 17:00:00,2003,4,18,17137,58.48,HOEP (Legacy)
2003-04-11 18:00:00,2003,4,19,17041,49.93,HOEP (Legacy)
2003-04-11 19:00:00,2003,4,20,17854,60.06,HOEP (Legacy)
2003-04-11 20:00:00,2003,4,21,17562,59.56,HOEP (Legacy)
2003-04-11 21:00:00,2003,4,22,16634,49.7,HOEP (Legacy)
2003-04-11 22:00:00,2003,4,23,15456,46.92,HOEP (Legacy)
2003-04-11 23:00:00,2003,4,24,14546,57.19,HOEP (Legacy)
2003-04-12 00:00:00,2003,4,1,14045,49.61,HOEP (Legacy)
2003-04-12 01:00:00,2003,4,2,13863,33.03,HOEP (Legacy)
2003-04-12 02:00:00,2003,4,3,13776,32.24,HOEP (Legacy)
2003-04-12 03:00:00,2003,4,4,13768,35.3,HOEP (Legacy)
2003-04-12 04:00:00,2003,4,5,13969,42.1,HOEP (Legacy)
2003-04-12 05:00:00,2003,4,6,14330,39.57,HOEP (Legacy)
2003-04-12 06:00:00,2003,4,7,15033,39.44,HOEP (Legacy)
2003-04-12 07:00:00,2003,4,8,16114,77.21,HOEP (Legacy)
2003-04-12 08:00:00,2003,4,9,16779,92.18,HOEP (Legacy)
2003-04-12 09:00:00,2003,4,10,17146,79.04,HOEP (Legacy)
2003-04-12 10:00:00,2003,4,11,17059,70.32,HOEP (Legacy)
2003-04-12 11:00:00,2003,4,12,16834,64.9,HOEP (Legacy)
2003-04-12 12:00:00,2003,4,13,16482,62.69,HOEP (Legacy)
2003-04-12 13:00:00,2003,4,14,16214,46.67,HOEP (Legacy)
2003-04-12 14:00:00,2003,4,15,15971,50.58,HOEP (Legacy)
2003-04-12 15:00:00,2003,4,16,16055,52.72,HOEP (Legacy)
2003-04-12 16:00:00,2003,4,17,16223,50.53,HOEP (Legacy)
2003-04-12 17:00:00,2003,4,18,16056,30.28,HOEP (Legacy)
2003-04-12 18:00:00,2003,4,19,16083,32.56,HOEP (Legacy)
2003-04-12 19:00:00,2003,4,20,16648,62.02,HOEP (Legacy)
2003-04-12 20:00:00,2003,4,21,16697,63.2,HOEP (Legacy)
2003-04-12 21:00:00,2003,4,22,16053,51.37,HOEP (Legacy)
2003-04-12 22:00:00,2003,4,23,15200,39.65,HOEP (Legacy)
2003-04-12 23:00:00,2003,4,24,14388,28.5,HOEP (Legacy)
2003-04-13 00:00:00,2003,4,1,13961,28.36,HOEP (Legacy)
2003-04-13 01:00:00,2003,4,2,13731,28.81,HOEP (Legacy)
2003-04-13 02:00:00,2003,4,3,13658,28.31,HOEP (Legacy)
2003-04-13 03:00:00,2003,4,4,13598,30.04,HOEP (Legacy)
2003-04-13 04:00:00,2003,4,5,13770,30.11,HOEP (Legacy)
2003-04-13 05:00:00,2003,4,6,13966,30.39,HOEP (Legacy)
2003-04-13 06:00:00,2003,4,7,14382,31.22,HOEP (Legacy)
2003-04-13 07:00:00,2003,4,8,15231,38.28,HOEP (Legacy)
2003-04-13 08:00:00,2003,4,9,15830,51.75,HOEP (Legacy)
2003-04-13 09:00:00,2003,4,10,16218,48.38,HOEP (Legacy)
2003-04-13 10:00:00,2003,4,11,16334,42.18,HOEP (Legacy)
2003-04-13 11:00:00,2003,4,12,16388,59.68,HOEP (Legacy)
2003-04-13 12:00:00,2003,4,13,16166,48.94,HOEP (Legacy)
2003-04-13 13:00:00,2003,4,14,15948,44.71,HOEP (Legacy)
2003-04-13 14:00:00,2003,4,15,15907,57.29,HOEP (Legacy)
2003-04-13 15:00:00,2003,4,16,16043,57.01,HOEP (Legacy)
2003-04-13 16:00:00,2003,4,17,16215,56.54,HOEP (Legacy)
2003-04-13 17:00:00,2003,4,18,15959,38.24,HOEP (Legacy)
2003-04-13 18:00:00,2003,4,19,16079,28.65,HOEP (Legacy)
2003-04-13 19:00:00,2003,4,20,17131,54.72,HOEP (Legacy)
2003-04-13 20:00:00,2003,4,21,17042,58.35,HOEP (Legacy)
2003-04-13 21:00:00,2003,4,22,16241,36.73,HOEP (Legacy)
2003-04-13 22:00:00,2003,4,23,15281,30.49,HOEP (Legacy)
2003-04-13 23:00:00,2003,4,24,14515,30.61,HOEP (Legacy)
2003-04-14 00:00:00,2003,4,1,14168,30.13,HOEP (Legacy)
2003-04-14 01:00:00,2003,4,2,14055,30.41,HOEP (Legacy)
2003-04-14 02:00:00,2003,4,3,14020,29.36,HOEP (Legacy)
2003-04-14 03:00:00,2003,4,4,14215,30.13,HOEP (Legacy)
2003-04-14 04:00:00,2003,4,5,14740,51.66,HOEP (Legacy)
2003-04-14 05:00:00,2003,4,6,16131,76.58,HOEP (Legacy)
2003-04-14 06:00:00,2003,4,7,17724,119.43,HOEP (Legacy)
2003-04-14 07:00:00,2003,4,8,18437,89.9,HOEP (Legacy)
2003-04-14 08:00:00,2003,4,9,18520,64.01,HOEP (Legacy)
2003-04-14 09:00:00,2003,4,10,18568,62.91,HOEP (Legacy)
2003-04-14 10:00:00,2003,4,11,18529,85.45,HOEP (Legacy)
2003-04-14 11:00:00,2003,4,12,18315,62.33,HOEP (Legacy)
2003-04-14 12:00:00,2003,4,13,18257,69.37,HOEP (Legacy)
2003-04-14 13:00:00,2003,4,14,18149,67.85,HOEP (Legacy)
2003-04-14 14:00:00,2003,4,15,17940,65.96,HOEP (Legacy)
2003-04-14 15:00:00,2003,4,16,17912,65.26,HOEP (Legacy)
2003-04-14 16:00:00,2003,4,17,17851,64.13,HOEP (Legacy)
2003-04-14 17:00:00,2003,4,18,17577,62.12,HOEP (Legacy)
2003-04-14 18:00:00,2003,4,19,17559,65.86,HOEP (Legacy)
2003-04-14 19:00:00,2003,4,20,18192,147.61,HOEP (Legacy)
2003-04-14 20:00:00,2003,4,21,17870,71.99,HOEP (Legacy)
2003-04-14 21:00:00,2003,4,22,16650,49.77,HOEP (Legacy)
2003-04-14 22:00:00,2003,4,23,15396,49.34,HOEP (Legacy)
2003-04-14 23:00:00,2003,4,24,14351,28.97,HOEP (Legacy)
2003-04-15 00:00:00,2003,4,1,13954,29.89,HOEP (Legacy)
2003-04-15 01:00:00,2003,4,2,13680,30.37,HOEP (Legacy)
2003-04-15 02:00:00,2003,4,3,13550,30.54,HOEP (Legacy)
2003-04-15 03:00:00,2003,4,4,13602,89.36,HOEP (Legacy)
2003-04-15 04:00:00,2003,4,5,13885,38.77,HOEP (Legacy)
2003-04-15 05:00:00,2003,4,6,15274,44.33,HOEP (Legacy)
2003-04-15 06:00:00,2003,4,7,16977,64.57,HOEP (Legacy)
2003-04-15 07:00:00,2003,4,8,17717,70.39,HOEP (Legacy)
2003-04-15 08:00:00,2003,4,9,17875,92.72,HOEP (Legacy)
2003-04-15 09:00:00,2003,4,10,18049,82.48,HOEP (Legacy)
2003-04-15 10:00:00,2003,4,11,18110,83.17,HOEP (Legacy)
2003-04-15 11:00:00,2003,4,12,18028,87.2,HOEP (Legacy)
2003-04-15 12:00:00,2003,4,13,18078,88.24,HOEP (Legacy)
2003-04-15 13:00:00,2003,4,14,17984,90.91,HOEP (Legacy)
2003-04-15 14:00:00,2003,4,15,17874,65.05,HOEP (Legacy)
2003-04-15 15:00:00,2003,4,16,18018,73.3,HOEP (Legacy)
2003-04-15 16:00:00,2003,4,17,18091,67.53,HOEP (Legacy)
2003-04-15 17:00:00,2003,4,18,17700,58.71,HOEP (Legacy)
2003-04-15 18:00:00,2003,4,19,17722,58.62,HOEP (Legacy)
2003-04-15 19:00:00,2003,4,20,18175,64.01,HOEP (Legacy)
2003-04-15 20:00:00,2003,4,21,17845,62.73,HOEP (Legacy)
2003-04-15 21:00:00,2003,4,22,16726,44.71,HOEP (Legacy)
2003-04-15 22:00:00,2003,4,23,15228,31.7,HOEP (Legacy)
2003-04-15 23:00:00,2003,4,24,14217,25.7,HOEP (Legacy)
2003-04-16 00:00:00,2003,4,1,13749,24.82,HOEP (Legacy)
2003-04-16 01:00:00,2003,4,2,13520,25.78,HOEP (Legacy)
2003-04-16 02:00:00,2003,4,3,13227,25.11,HOEP (Legacy)
2003-04-16 03:00:00,2003,4,4,13368,25.71,HOEP (Legacy)
2003-04-16 04:00:00,2003,4,5,13974,27.59,HOEP (Legacy)
2003-04-16 05:00:00,2003,4,6,15135,30.89,HOEP (Legacy)
2003-04-16 06:00:00,2003,4,7,16921,53.52,HOEP (Legacy)
2003-04-16 07:00:00,2003,4,8,17812,60.65,HOEP (Legacy)
2003-04-16 08:00:00,2003,4,9,18087,64.04,HOEP (Legacy)
2003-04-16 09:00:00,2003,4,10,18398,65.5,HOEP (Legacy)
2003-04-16 10:00:00,2003,4,11,18695,63.65,HOEP (Legacy)
2003-04-16 11:00:00,2003,4,12,18326,69.8,HOEP (Legacy)
2003-04-16 12:00:00,2003,4,13,18384,86.35,HOEP (Legacy)
2003-04-16 13:00:00,2003,4,14,18361,92.23,HOEP (Legacy)
2003-04-16 14:00:00,2003,4,15,18360,68.42,HOEP (Legacy)
2003-04-16 15:00:00,2003,4,16,18698,104.19,HOEP (Legacy)
2003-04-16 16:00:00,2003,4,17,18817,78.11,HOEP (Legacy)
2003-04-16 17:00:00,2003,4,18,18599,63.04,HOEP (Legacy)
2003-04-16 18:00:00,2003,4,19,18740,64.09,HOEP (Legacy)
2003-04-16 19:00:00,2003,4,20,19224,105.11,HOEP (Legacy)
2003-04-16 20:00:00,2003,4,21,18706,157.54,HOEP (Legacy)
2003-04-16 21:00:00,2003,4,22,17642,72.03,HOEP (Legacy)
2003-04-16 22:00:00,2003,4,23,16431,62.78,HOEP (Legacy)
2003-04-16 23:00:00,2003,4,24,15511,33.65,HOEP (Legacy)
2003-04-17 00:00:00,2003,4,1,15226,61.82,HOEP (Legacy)
2003-04-17 01:00:00,2003,4,2,15031,60.82,HOEP (Legacy)
2003-04-17 02:00:00,2003,4,3,14913,62.41,HOEP (Legacy)
2003-04-17 03:00:00,2003,4,4,15002,61.42,HOEP (Legacy)
2003-04-17 04:00:00,2003,4,5,15602,73.43,HOEP (Legacy)
2003-04-17 05:00:00,2003,4,6,16920,84.7,HOEP (Legacy)
2003-04-17 06:00:00,2003,4,7,18662,123.69,HOEP (Legacy)
2003-04-17 07:00:00,2003,4,8,19450,163.99,HOEP (Legacy)
2003-04-17 08:00:00,2003,4,9,19500,73.73,HOEP (Legacy)
2003-04-17 09:00:00,2003,4,10,19555,159.26,HOEP (Legacy)
2003-04-17 10:00:00,2003,4,11,19477,64.8,HOEP (Legacy)
2003-04-17 11:00:00,2003,4,12,19176,61.7,HOEP (Legacy)
2003-04-17 12:00:00,2003,4,13,18929,62.99,HOEP (Legacy)
2003-04-17 13:00:00,2003,4,14,18749,63.17,HOEP (Legacy)
2003-04-17 14:00:00,2003,4,15,18535,62.26,HOEP (Legacy)
2003-04-17 15:00:00,2003,4,16,18477,66.72,HOEP (Legacy)
2003-04-17 16:00:00,2003,4,17,18400,58.32,HOEP (Legacy)
2003-04-17 17:00:00,2003,4,18,18230,59.07,HOEP (Legacy)
2003-04-17 18:00:00,2003,4,19,18314,270.32,HOEP (Legacy)
2003-04-17 19:00:00,2003,4,20,18826,106.43,HOEP (Legacy)
2003-04-17 20:00:00,2003,4,21,18247,413.11,HOEP (Legacy)
2003-04-17 21:00:00,2003,4,22,17364,49.23,HOEP (Legacy)
2003-04-17 22:00:00,2003,4,23,16097,49.47,HOEP (Legacy)
2003-04-17 23:00:00,2003,4,24,15056,29.5,HOEP (Legacy)
2003-04-18 00:00:00,2003,4,1,14447,30.68,HOEP (Legacy)
2003-04-18 01:00:00,2003,4,2,14090,29.62,HOEP (Legacy)
2003-04-18 02:00:00,2003,4,3,13803,28.51,HOEP (Legacy)
2003-04-18 03:00:00,2003,4,4,13804,29.65,HOEP (Legacy)
2003-04-18 04:00:00,2003,4,5,13868,58.79,HOEP (Legacy)
2003-04-18 05:00:00,2003,4,6,14019,29.91,HOEP (Legacy)
2003-04-18 06:00:00,2003,4,7,14325,29.25,HOEP (Legacy)
2003-04-18 07:00:00,2003,4,8,15071,27.34,HOEP (Legacy)
2003-04-18 08:00:00,2003,4,9,15978,61.03,HOEP (Legacy)
2003-04-18 09:00:00,2003,4,10,16528,65.54,HOEP (Legacy)
2003-04-18 10:00:00,2003,4,11,16760,45.37,HOEP (Legacy)
2003-04-18 11:00:00,2003,4,12,16560,42.63,HOEP (Legacy)
2003-04-18 12:00:00,2003,4,13,16277,29.64,HOEP (Legacy)
2003-04-18 13:00:00,2003,4,14,15950,33.57,HOEP (Legacy)
2003-04-18 14:00:00,2003,4,15,15722,37.59,HOEP (Legacy)
2003-04-18 15:00:00,2003,4,16,15804,163.73,HOEP (Legacy)
2003-04-18 16:00:00,2003,4,17,16006,78.38,HOEP (Legacy)
2003-04-18 17:00:00,2003,4,18,15813,52.83,HOEP (Legacy)
2003-04-18 18:00:00,2003,4,19,15835,28.87,HOEP (Legacy)
2003-04-18 19:00:00,2003,4,20,16103,29.93,HOEP (Legacy)
2003-04-18 20:00:00,2003,4,21,15787,28.18,HOEP (Legacy)
2003-04-18 21:00:00,2003,4,22,15155,28.28,HOEP (Legacy)
2003-04-18 22:00:00,2003,4,23,14255,26.79,HOEP (Legacy)
2003-04-18 23:00:00,2003,4,24,13521,28.14,HOEP (Legacy)
2003-04-19 00:00:00,2003,4,1,13003,26.22,HOEP (Legacy)
2003-04-19 01:00:00,2003,4,2,12749,26.24,HOEP (Legacy)
2003-04-19 02:00:00,2003,4,3,12626,25.56,HOEP (Legacy)
2003-04-19 03:00:00,2003,4,4,12556,28.2,HOEP (Legacy)
2003-04-19 04:00:00,2003,4,5,12705,26.72,HOEP (Legacy)
2003-04-19 05:00:00,2003,4,6,13050,25.87,HOEP (Legacy)
2003-04-19 06:00:00,2003,4,7,13854,25.81,HOEP (Legacy)
2003-04-19 07:00:00,2003,4,8,15098,31.86,HOEP (Legacy)
2003-04-19 08:00:00,2003,4,9,15879,67.8,HOEP (Legacy)
2003-04-19 09:00:00,2003,4,10,16036,30.0,HOEP (Legacy)
2003-04-19 10:00:00,2003,4,11,16032,30.55,HOEP (Legacy)
2003-04-19 11:00:00,2003,4,12,15900,47.38,HOEP (Legacy)
2003-04-19 12:00:00,2003,4,13,15564,68.65,HOEP (Legacy)
2003-04-19 13:00:00,2003,4,14,15265,67.0,HOEP (Legacy)
2003-04-19 14:00:00,2003,4,15,15247,62.77,HOEP (Legacy)
2003-04-19 15:00:00,2003,4,16,15410,48.01,HOEP (Legacy)
2003-04-19 16:00:00,2003,4,17,15350,50.91,HOEP (Legacy)
2003-04-19 17:00:00,2003,4,18,15154,29.89,HOEP (Legacy)
2003-04-19 18:00:00,2003,4,19,15034,28.9,HOEP (Legacy)
2003-04-19 19:00:00,2003,4,20,15656,54.63,HOEP (Legacy)
2003-04-19 20:00:00,2003,4,21,15677,97.13,HOEP (Legacy)
2003-04-19 21:00:00,2003,4,22,15080,56.97,HOEP (Legacy)
2003-04-19 22:00:00,2003,4,23,14178,57.11,HOEP (Legacy)
2003-04-19 23:00:00,2003,4,24,13399,42.67,HOEP (Legacy)
2003-04-20 00:00:00,2003,4,1,12823,28.09,HOEP (Legacy)
2003-04-20 01:00:00,2003,4,2,12534,27.21,HOEP (Legacy)
2003-04-20 02:00:00,2003,4,3,12363,26.81,HOEP (Legacy)
2003-04-20 03:00:00,2003,4,4,12290,30.18,HOEP (Legacy)
2003-04-20 04:00:00,2003,4,5,12357,28.1,HOEP (Legacy)
2003-04-20 05:00:00,2003,4,6,12487,27.86,HOEP (Legacy)
2003-04-20 06:00:00,2003,4,7,13013,29.22,HOEP (Legacy)
2003-04-20 07:00:00,2003,4,8,13789,28.29,HOEP (Legacy)
2003-04-20 08:00:00,2003,4,9,14423,27.5,HOEP (Legacy)
2003-04-20 09:00:00,2003,4,10,14868,38.9,HOEP (Legacy)
2003-04-20 10:00:00,2003,4,11,14995,30.16,HOEP (Legacy)
2003-04-20 11:00:00,2003,4,12,15057,28.68,HOEP (Legacy)
2003-04-20 12:00:00,2003,4,13,14885,36.44,HOEP (Legacy)
2003-04-20 13:00:00,2003,4,14,14766,30.48,HOEP (Legacy)
2003-04-20 14:00:00,2003,4,15,14625,28.67,HOEP (Legacy)
2003-04-20 15:00:00,2003,4,16,14732,30.45,HOEP (Legacy)
2003-04-20 16:00:00,2003,4,17,14668,28.16,HOEP (Legacy)
2003-04-20 17:00:00,2003,4,18,14406,25.89,HOEP (Legacy)
2003-04-20 18:00:00,2003,4,19,14544,26.13,HOEP (Legacy)
2003-04-20 19:00:00,2003,4,20,15264,29.65,HOEP (Legacy)
2003-04-20 20:00:00,2003,4,21,15204,30.25,HOEP (Legacy)
2003-04-20 21:00:00,2003,4,22,14694,26.77,HOEP (Legacy)
2003-04-20 22:00:00,2003,4,23,13822,25.96,HOEP (Legacy)
2003-04-20 23:00:00,2003,4,24,13105,24.24,HOEP (Legacy)
2003-04-21 00:00:00,2003,4,1,12711,23.86,HOEP (Legacy)
2003-04-21 01:00:00,2003,4,2,12495,23.37,HOEP (Legacy)
2003-04-21 02:00:00,2003,4,3,12348,21.18,HOEP (Legacy)
2003-04-21 03:00:00,2003,4,4,12449,23.34,HOEP (Legacy)
2003-04-21 04:00:00,2003,4,5,12843,23.54,HOEP (Legacy)
2003-04-21 05:00:00,2003,4,6,13700,26.11,HOEP (Legacy)
2003-04-21 06:00:00,2003,4,7,14932,28.22,HOEP (Legacy)
2003-04-21 07:00:00,2003,4,8,16344,59.41,HOEP (Legacy)
2003-04-21 08:00:00,2003,4,9,17184,81.7,HOEP (Legacy)
2003-04-21 09:00:00,2003,4,10,17657,107.51,HOEP (Legacy)
2003-04-21 10:00:00,2003,4,11,17827,351.13,HOEP (Legacy)
2003-04-21 11:00:00,2003,4,12,17817,68.06,HOEP (Legacy)
2003-04-21 12:00:00,2003,4,13,17823,70.95,HOEP (Legacy)
2003-04-21 13:00:00,2003,4,14,17628,63.55,HOEP (Legacy)
2003-04-21 14:00:00,2003,4,15,17514,64.2,HOEP (Legacy)
2003-04-21 15:00:00,2003,4,16,17820,62.4,HOEP (Legacy)
2003-04-21 16:00:00,2003,4,17,17962,61.42,HOEP (Legacy)
2003-04-21 17:00:00,2003,4,18,17776,60.59,HOEP (Legacy)
2003-04-21 18:00:00,2003,4,19,17760,52.03,HOEP (Legacy)
2003-04-21 19:00:00,2003,4,20,18008,57.24,HOEP (Legacy)
2003-04-21 20:00:00,2003,4,21,17546,46.5,HOEP (Legacy)
2003-04-21 21:00:00,2003,4,22,16519,26.89,HOEP (Legacy)
2003-04-21 22:00:00,2003,4,23,15134,27.45,HOEP (Legacy)
2003-04-21 23:00:00,2003,4,24,14092,25.0,HOEP (Legacy)
2003-04-22 00:00:00,2003,4,1,13606,24.69,HOEP (Legacy)
2003-04-22 01:00:00,2003,4,2,13623,25.07,HOEP (Legacy)
2003-04-22 02:00:00,2003,4,3,13507,25.52,HOEP (Legacy)
2003-04-22 03:00:00,2003,4,4,13624,25.94,HOEP (Legacy)
2003-04-22 04:00:00,2003,4,5,14124,26.39,HOEP (Legacy)
2003-04-22 05:00:00,2003,4,6,15430,43.0,HOEP (Legacy)
2003-04-22 06:00:00,2003,4,7,17240,56.71,HOEP (Legacy)
2003-04-22 07:00:00,2003,4,8,18150,63.01,HOEP (Legacy)
2003-04-22 08:00:00,2003,4,9,18343,66.43,HOEP (Legacy)
2003-04-22 09:00:00,2003,4,10,18602,68.36,HOEP (Legacy)
2003-04-22 10:00:00,2003,4,11,18712,82.03,HOEP (Legacy)
2003-04-22 11:00:00,2003,4,12,18576,91.35,HOEP (Legacy)
2003-04-22 12:00:00,2003,4,13,18571,68.63,HOEP (Legacy)
2003-04-22 13:00:00,2003,4,14,18424,63.7,HOEP (Legacy)
2003-04-22 14:00:00,2003,4,15,18373,62.4,HOEP (Legacy)
2003-04-22 15:00:00,2003,4,16,18700,62.0,HOEP (Legacy)
2003-04-22 16:00:00,2003,4,17,18821,100.44,HOEP (Legacy)
2003-04-22 17:00:00,2003,4,18,18666,78.88,HOEP (Legacy)
2003-04-22 18:00:00,2003,4,19,18747,62.09,HOEP (Legacy)
2003-04-22 19:00:00,2003,4,20,19075,71.16,HOEP (Legacy)
2003-04-22 20:00:00,2003,4,21,18707,85.58,HOEP (Legacy)
2003-04-22 21:00:00,2003,4,22,17467,36.76,HOEP (Legacy)
2003-04-22 22:00:00,2003,4,23,16192,26.43,HOEP (Legacy)
2003-04-22 23:00:00,2003,4,24,15342,25.72,HOEP (Legacy)
2003-04-23 00:00:00,2003,4,1,14832,25.29,HOEP (Legacy)
2003-04-23 01:00:00,2003,4,2,14530,25.02,HOEP (Legacy)
2003-04-23 02:00:00,2003,4,3,14435,24.26,HOEP (Legacy)
2003-04-23 03:00:00,2003,4,4,14413,24.81,HOEP (Legacy)
2003-04-23 04:00:00,2003,4,5,14974,25.3,HOEP (Legacy)
2003-04-23 05:00:00,2003,4,6,16292,31.11,HOEP (Legacy)
2003-04-23 06:00:00,2003,4,7,18147,58.46,HOEP (Legacy)
2003-04-23 07:00:00,2003,4,8,18875,69.39,HOEP (Legacy)
2003-04-23 08:00:00,2003,4,9,18997,66.44,HOEP (Legacy)
2003-04-23 09:00:00,2003,4,10,19050,66.82,HOEP (Legacy)
2003-04-23 10:00:00,2003,4,11,18878,62.76,HOEP (Legacy)
2003-04-23 11:00:00,2003,4,12,18791,61.57,HOEP (Legacy)
2003-04-23 12:00:00,2003,4,13,18546,60.12,HOEP (Legacy)
2003-04-23 13:00:00,2003,4,14,18336,59.41,HOEP (Legacy)
2003-04-23 14:00:00,2003,4,15,18246,57.85,HOEP (Legacy)
2003-04-23 15:00:00,2003,4,16,18465,59.67,HOEP (Legacy)
2003-04-23 16:00:00,2003,4,17,18383,57.3,HOEP (Legacy)
2003-04-23 17:00:00,2003,4,18,18098,46.31,HOEP (Legacy)
2003-04-23 18:00:00,2003,4,19,17955,29.45,HOEP (Legacy)
2003-04-23 19:00:00,2003,4,20,18642,54.78,HOEP (Legacy)
2003-04-23 20:00:00,2003,4,21,18669,57.07,HOEP (Legacy)
2003-04-23 21:00:00,2003,4,22,17549,37.95,HOEP (Legacy)
2003-04-23 22:00:00,2003,4,23,16279,29.32,HOEP (Legacy)
2003-04-23 23:00:00,2003,4,24,15224,26.03,HOEP (Legacy)
2003-04-24 00:00:00,2003,4,1,14751,26.67,HOEP (Legacy)
2003-04-24 01:00:00,2003,4,2,14568,26.13,HOEP (Legacy)
2003-04-24 02:00:00,2003,4,3,14428,26.17,HOEP (Legacy)
2003-04-24 03:00:00,2003,4,4,14540,26.59,HOEP (Legacy)
2003-04-24 04:00:00,2003,4,5,15079,28.03,HOEP (Legacy)
2003-04-24 05:00:00,2003,4,6,16203,29.88,HOEP (Legacy)
2003-04-24 06:00:00,2003,4,7,17794,56.11,HOEP (Legacy)
2003-04-24 07:00:00,2003,4,8,18390,60.66,HOEP (Legacy)
2003-04-24 08:00:00,2003,4,9,18415,60.21,HOEP (Legacy)
2003-04-24 09:00:00,2003,4,10,18427,59.66,HOEP (Legacy)
2003-04-24 10:00:00,2003,4,11,18364,59.72,HOEP (Legacy)
2003-04-24 11:00:00,2003,4,12,18158,60.21,HOEP (Legacy)
2003-04-24 12:00:00,2003,4,13,18114,62.73,HOEP (Legacy)
2003-04-24 13:00:00,2003,4,14,17800,60.02,HOEP (Legacy)
2003-04-24 14:00:00,2003,4,15,17690,59.49,HOEP (Legacy)
2003-04-24 15:00:00,2003,4,16,17747,41.91,HOEP (Legacy)
2003-04-24 16:00:00,2003,4,17,17692,33.37,HOEP (Legacy)
2003-04-24 17:00:00,2003,4,18,17430,29.5,HOEP (Legacy)
2003-04-24 18:00:00,2003,4,19,17223,28.51,HOEP (Legacy)
2003-04-24 19:00:00,2003,4,20,17878,45.39,HOEP (Legacy)
2003-04-24 20:00:00,2003,4,21,18014,50.83,HOEP (Legacy)
2003-04-24 21:00:00,2003,4,22,16920,35.11,HOEP (Legacy)
2003-04-24 22:00:00,2003,4,23,15616,28.02,HOEP (Legacy)
2003-04-24 23:00:00,2003,4,24,14696,33.7,HOEP (Legacy)
2003-04-25 00:00:00,2003,4,1,14017,30.16,HOEP (Legacy)
2003-04-25 01:00:00,2003,4,2,13996,29.74,HOEP (Legacy)
2003-04-25 02:00:00,2003,4,3,13921,28.95,HOEP (Legacy)
2003-04-25 03:00:00,2003,4,4,14030,27.73,HOEP (Legacy)
2003-04-25 04:00:00,2003,4,5,14439,33.87,HOEP (Legacy)
2003-04-25 05:00:00,2003,4,6,15661,28.28,HOEP (Legacy)
2003-04-25 06:00:00,2003,4,7,17248,46.85,HOEP (Legacy)
2003-04-25 07:00:00,2003,4,8,17975,59.75,HOEP (Legacy)
2003-04-25 08:00:00,2003,4,9,18146,58.95,HOEP (Legacy)
2003-04-25 09:00:00,2003,4,10,18222,58.19,HOEP (Legacy)
2003-04-25 10:00:00,2003,4,11,18131,53.59,HOEP (Legacy)
2003-04-25 11:00:00,2003,4,12,17952,61.07,HOEP (Legacy)
2003-04-25 12:00:00,2003,4,13,17766,60.97,HOEP (Legacy)
2003-04-25 13:00:00,2003,4,14,17610,59.85,HOEP (Legacy)
2003-04-25 14:00:00,2003,4,15,17310,59.05,HOEP (Legacy)
2003-04-25 15:00:00,2003,4,16,17225,58.59,HOEP (Legacy)
2003-04-25 16:00:00,2003,4,17,17083,52.96,HOEP (Legacy)
2003-04-25 17:00:00,2003,4,18,16822,29.0,HOEP (Legacy)
2003-04-25 18:00:00,2003,4,19,16724,28.0,HOEP (Legacy)
2003-04-25 19:00:00,2003,4,20,17205,60.36,HOEP (Legacy)
2003-04-25 20:00:00,2003,4,21,17098,62.11,HOEP (Legacy)
2003-04-25 21:00:00,2003,4,22,16240,42.26,HOEP (Legacy)
2003-04-25 22:00:00,2003,4,23,15058,51.89,HOEP (Legacy)
2003-04-25 23:00:00,2003,4,24,14182,30.66,HOEP (Legacy)
2003-04-26 00:00:00,2003,4,1,13680,28.8,HOEP (Legacy)
2003-04-26 01:00:00,2003,4,2,13444,28.2,HOEP (Legacy)
2003-04-26 02:00:00,2003,4,3,13247,33.3,HOEP (Legacy)
2003-04-26 03:00:00,2003,4,4,13328,28.41,HOEP (Legacy)
2003-04-26 04:00:00,2003,4,5,13468,28.91,HOEP (Legacy)
2003-04-26 05:00:00,2003,4,6,13811,27.0,HOEP (Legacy)
2003-04-26 06:00:00,2003,4,7,14574,27.31,HOEP (Legacy)
2003-04-26 07:00:00,2003,4,8,15555,31.29,HOEP (Legacy)
2003-04-26 08:00:00,2003,4,9,16193,48.08,HOEP (Legacy)
2003-04-26 09:00:00,2003,4,10,16402,62.48,HOEP (Legacy)
2003-04-26 10:00:00,2003,4,11,16472,61.17,HOEP (Legacy)
2003-04-26 11:00:00,2003,4,12,16299,60.64,HOEP (Legacy)
2003-04-26 12:00:00,2003,4,13,15975,59.94,HOEP (Legacy)
2003-04-26 13:00:00,2003,4,14,15723,53.93,HOEP (Legacy)
2003-04-26 14:00:00,2003,4,15,15467,32.36,HOEP (Legacy)
2003-04-26 15:00:00,2003,4,16,15552,54.97,HOEP (Legacy)
2003-04-26 16:00:00,2003,4,17,15644,51.44,HOEP (Legacy)
2003-04-26 17:00:00,2003,4,18,15391,39.26,HOEP (Legacy)
2003-04-26 18:00:00,2003,4,19,15261,28.58,HOEP (Legacy)
2003-04-26 19:00:00,2003,4,20,15636,57.55,HOEP (Legacy)
2003-04-26 20:00:00,2003,4,21,15737,56.72,HOEP (Legacy)
2003-04-26 21:00:00,2003,4,22,15137,38.31,HOEP (Legacy)
2003-04-26 22:00:00,2003,4,23,14254,28.27,HOEP (Legacy)
2003-04-26 23:00:00,2003,4,24,13347,26.28,HOEP (Legacy)
2003-04-27 00:00:00,2003,4,1,12981,29.16,HOEP (Legacy)
2003-04-27 01:00:00,2003,4,2,12723,27.28,HOEP (Legacy)
2003-04-27 02:00:00,2003,4,3,12596,28.78,HOEP (Legacy)
2003-04-27 03:00:00,2003,4,4,12565,28.84,HOEP (Legacy)
2003-04-27 04:00:00,2003,4,5,12607,32.18,HOEP (Legacy)
2003-04-27 05:00:00,2003,4,6,12611,26.14,HOEP (Legacy)
2003-04-27 06:00:00,2003,4,7,13247,27.95,HOEP (Legacy)
2003-04-27 07:00:00,2003,4,8,14100,39.47,HOEP (Legacy)
2003-04-27 08:00:00,2003,4,9,14969,47.93,HOEP (Legacy)
2003-04-27 09:00:00,2003,4,10,15411,57.08,HOEP (Legacy)
2003-04-27 10:00:00,2003,4,11,15534,58.27,HOEP (Legacy)
2003-04-27 11:00:00,2003,4,12,15518,56.16,HOEP (Legacy)
2003-04-27 12:00:00,2003,4,13,15313,45.82,HOEP (Legacy)
2003-04-27 13:00:00,2003,4,14,15079,34.92,HOEP (Legacy)
2003-04-27 14:00:00,2003,4,15,15026,35.55,HOEP (Legacy)
2003-04-27 15:00:00,2003,4,16,15179,40.73,HOEP (Legacy)
2003-04-27 16:00:00,2003,4,17,15385,56.33,HOEP (Legacy)
2003-04-27 17:00:00,2003,4,18,15291,37.83,HOEP (Legacy)
2003-04-27 18:00:00,2003,4,19,15309,30.66,HOEP (Legacy)
2003-04-27 19:00:00,2003,4,20,15962,62.6,HOEP (Legacy)
2003-04-27 20:00:00,2003,4,21,16265,61.68,HOEP (Legacy)
2003-04-27 21:00:00,2003,4,22,15344,44.06,HOEP (Legacy)
2003-04-27 22:00:00,2003,4,23,14305,26.81,HOEP (Legacy)
2003-04-27 23:00:00,2003,4,24,13547,32.17,HOEP (Legacy)
2003-04-28 00:00:00,2003,4,1,13220,31.15,HOEP (Legacy)
2003-04-28 01:00:00,2003,4,2,13158,30.13,HOEP (Legacy)
2003-04-28 02:00:00,2003,4,3,13233,27.82,HOEP (Legacy)
2003-04-28 03:00:00,2003,4,4,13351,26.72,HOEP (Legacy)
2003-04-28 04:00:00,2003,4,5,13667,32.57,HOEP (Legacy)
2003-04-28 05:00:00,2003,4,6,14887,30.64,HOEP (Legacy)
2003-04-28 06:00:00,2003,4,7,16636,49.26,HOEP (Legacy)
2003-04-28 07:00:00,2003,4,8,17507,63.17,HOEP (Legacy)
2003-04-28 08:00:00,2003,4,9,17795,64.46,HOEP (Legacy)
2003-04-28 09:00:00,2003,4,10,17968,63.97,HOEP (Legacy)
2003-04-28 10:00:00,2003,4,11,18070,62.69,HOEP (Legacy)
2003-04-28 11:00:00,2003,4,12,18017,63.41,HOEP (Legacy)
2003-04-28 12:00:00,2003,4,13,17996,71.41,HOEP (Legacy)
2003-04-28 13:00:00,2003,4,14,17907,69.47,HOEP (Legacy)
2003-04-28 14:00:00,2003,4,15,17774,66.34,HOEP (Legacy)
2003-04-28 15:00:00,2003,4,16,17985,68.05,HOEP (Legacy)
2003-04-28 16:00:00,2003,4,17,17950,63.37,HOEP (Legacy)
2003-04-28 17:00:00,2003,4,18,17529,54.77,HOEP (Legacy)
2003-04-28 18:00:00,2003,4,19,17409,53.17,HOEP (Legacy)
2003-04-28 19:00:00,2003,4,20,17943,64.91,HOEP (Legacy)
2003-04-28 20:00:00,2003,4,21,17735,61.32,HOEP (Legacy)
2003-04-28 21:00:00,2003,4,22,16434,29.83,HOEP (Legacy)
2003-04-28 22:00:00,2003,4,23,14957,27.48,HOEP (Legacy)
2003-04-28 23:00:00,2003,4,24,13751,26.43,HOEP (Legacy)
2003-04-29 00:00:00,2003,4,1,13474,26.01,HOEP (Legacy)
2003-04-29 01:00:00,2003,4,2,13304,24.98,HOEP (Legacy)
2003-04-29 02:00:00,2003,4,3,13039,24.59,HOEP (Legacy)
2003-04-29 03:00:00,2003,4,4,13099,25.06,HOEP (Legacy)
2003-04-29 04:00:00,2003,4,5,13654,26.18,HOEP (Legacy)
2003-04-29 05:00:00,2003,4,6,14654,29.86,HOEP (Legacy)
2003-04-29 06:00:00,2003,4,7,16505,35.73,HOEP (Legacy)
2003-04-29 07:00:00,2003,4,8,17357,55.59,HOEP (Legacy)
2003-04-29 08:00:00,2003,4,9,17576,55.09,HOEP (Legacy)
2003-04-29 09:00:00,2003,4,10,17623,57.62,HOEP (Legacy)
2003-04-29 10:00:00,2003,4,11,17615,62.0,HOEP (Legacy)
2003-04-29 11:00:00,2003,4,12,17494,62.06,HOEP (Legacy)
2003-04-29 12:00:00,2003,4,13,17687,69.84,HOEP (Legacy)
2003-04-29 13:00:00,2003,4,14,17269,65.22,HOEP (Legacy)
2003-04-29 14:00:00,2003,4,15,17408,61.76,HOEP (Legacy)
2003-04-29 15:00:00,2003,4,16,17584,63.83,HOEP (Legacy)
2003-04-29 16:00:00,2003,4,17,17556,57.84,HOEP (Legacy)
2003-04-29 17:00:00,2003,4,18,17119,29.42,HOEP (Legacy)
2003-04-29 18:00:00,2003,4,19,16911,29.01,HOEP (Legacy)
2003-04-29 19:00:00,2003,4,20,17426,52.48,HOEP (Legacy)
2003-04-29 20:00:00,2003,4,21,17641,49.17,HOEP (Legacy)
2003-04-29 21:00:00,2003,4,22,16411,28.56,HOEP (Legacy)
2003-04-29 22:00:00,2003,4,23,15014,26.73,HOEP (Legacy)
2003-04-29 23:00:00,2003,4,24,13985,26.65,HOEP (Legacy)
2003-04-30 00:00:00,2003,4,1,13604,26.27,HOEP (Legacy)
2003-04-30 01:00:00,2003,4,2,13386,26.09,HOEP (Legacy)
2003-04-30 02:00:00,2003,4,3,13245,26.15,HOEP (Legacy)
2003-04-30 03:00:00,2003,4,4,13335,26.81,HOEP (Legacy)
2003-04-30 04:00:00,2003,4,5,13966,26.58,HOEP (Legacy)
2003-04-30 05:00:00,2003,4,6,14989,27.61,HOEP (Legacy)
2003-04-30 06:00:00,2003,4,7,16747,39.41,HOEP (Legacy)
2003-04-30 07:00:00,2003,4,8,17568,59.5,HOEP (Legacy)
2003-04-30 08:00:00,2003,4,9,17596,59.08,HOEP (Legacy)
2003-04-30 09:00:00,2003,4,10,17623,60.95,HOEP (Legacy)
2003-04-30 10:00:00,2003,4,11,17876,55.07,HOEP (Legacy)
2003-04-30 11:00:00,2003,4,12,17750,68.14,HOEP (Legacy)
2003-04-30 12:00:00,2003,4,13,17694,67.9,HOEP (Legacy)
2003-04-30 13:00:00,2003,4,14,17510,65.6,HOEP (Legacy)
2003-04-30 14:00:00,2003,4,15,17610,65.29,HOEP (Legacy)
2003-04-30 15:00:00,2003,4,16,17831,66.04,HOEP (Legacy)
2003-04-30 16:00:00,2003,4,17,17831,67.44,HOEP (Legacy)
2003-04-30 17:00:00,2003,4,18,17566,67.47,HOEP (Legacy)
2003-04-30 18:00:00,2003,4,19,17642,74.58,HOEP (Legacy)
2003-04-30 19:00:00,2003,4,20,18074,73.84,HOEP (Legacy)
2003-04-30 20:00:00,2003,4,21,17646,72.4,HOEP (Legacy)
2003-04-30 21:00:00,2003,4,22,16387,38.35,HOEP (Legacy)
2003-04-30 22:00:00,2003,4,23,15085,26.57,HOEP (Legacy)
2003-04-30 23:00:00,2003,4,24,14140,28.29,HOEP (Legacy)
2003-05-01 00:00:00,2003,5,1,13702,27.85,HOEP (Legacy)
2003-05-01 01:00:00,2003,5,2,13578,26.59,HOEP (Legacy)
2003-05-01 02:00:00,2003,5,3,13411,26.56,HOEP (Legacy)
2003-05-01 03:00:00,2003,5,4,13501,25.92,HOEP (Legacy)
2003-05-01 04:00:00,2003,5,5,14010,29.97,HOEP (Legacy)
2003-05-01 05:00:00,2003,5,6,15113,27.47,HOEP (Legacy)
2003-05-01 06:00:00,2003,5,7,16762,57.99,HOEP (Legacy)
2003-05-01 07:00:00,2003,5,8,17768,66.94,HOEP (Legacy)
2003-05-01 08:00:00,2003,5,9,18037,97.63,HOEP (Legacy)
2003-05-01 09:00:00,2003,5,10,18191,93.35,HOEP (Legacy)
2003-05-01 10:00:00,2003,5,11,18171,95.82,HOEP (Legacy)
2003-05-01 11:00:00,2003,5,12,18121,130.38,HOEP (Legacy)
2003-05-01 12:00:00,2003,5,13,18118,94.83,HOEP (Legacy)
2003-05-01 13:00:00,2003,5,14,17988,106.5,HOEP (Legacy)
2003-05-01 14:00:00,2003,5,15,18018,117.2,HOEP (Legacy)
2003-05-01 15:00:00,2003,5,16,18145,93.44,HOEP (Legacy)
2003-05-01 16:00:00,2003,5,17,18048,63.78,HOEP (Legacy)
2003-05-01 17:00:00,2003,5,18,17743,53.06,HOEP (Legacy)
2003-05-01 18:00:00,2003,5,19,17614,51.38,HOEP (Legacy)
2003-05-01 19:00:00,2003,5,20,18004,56.47,HOEP (Legacy)
2003-05-01 20:00:00,2003,5,21,17704,61.07,HOEP (Legacy)
2003-05-01 21:00:00,2003,5,22,16548,41.44,HOEP (Legacy)
2003-05-01 22:00:00,2003,5,23,15207,41.53,HOEP (Legacy)
2003-05-01 23:00:00,2003,5,24,14347,27.42,HOEP (Legacy)
2003-05-02 00:00:00,2003,5,1,13871,27.5,HOEP (Legacy)
2003-05-02 01:00:00,2003,5,2,13609,28.47,HOEP (Legacy)
2003-05-02 02:00:00,2003,5,3,13457,26.59,HOEP (Legacy)
2003-05-02 03:00:00,2003,5,4,13509,27.02,HOEP (Legacy)
2003-05-02 04:00:00,2003,5,5,13952,27.7,HOEP (Legacy)
2003-05-02 05:00:00,2003,5,6,15227,46.09,HOEP (Legacy)
2003-05-02 06:00:00,2003,5,7,16887,69.11,HOEP (Legacy)
2003-05-02 07:00:00,2003,5,8,17696,74.08,HOEP (Legacy)
2003-05-02 08:00:00,2003,5,9,17923,153.85,HOEP (Legacy)
2003-05-02 09:00:00,2003,5,10,18140,66.38,HOEP (Legacy)
2003-05-02 10:00:00,2003,5,11,18118,61.47,HOEP (Legacy)
2003-05-02 11:00:00,2003,5,12,17952,64.56,HOEP (Legacy)
2003-05-02 12:00:00,2003,5,13,17656,64.58,HOEP (Legacy)
2003-05-02 13:00:00,2003,5,14,17449,61.82,HOEP (Legacy)
2003-05-02 14:00:00,2003,5,15,17238,61.7,HOEP (Legacy)
2003-05-02 15:00:00,2003,5,16,17148,64.56,HOEP (Legacy)
2003-05-02 16:00:00,2003,5,17,17051,61.39,HOEP (Legacy)
2003-05-02 17:00:00,2003,5,18,16768,43.61,HOEP (Legacy)
2003-05-02 18:00:00,2003,5,19,16623,29.52,HOEP (Legacy)
2003-05-02 19:00:00,2003,5,20,17049,62.07,HOEP (Legacy)
2003-05-02 20:00:00,2003,5,21,17117,64.15,HOEP (Legacy)
2003-05-02 21:00:00,2003,5,22,16209,43.66,HOEP (Legacy)
2003-05-02 22:00:00,2003,5,23,15061,42.75,HOEP (Legacy)
2003-05-02 23:00:00,2003,5,24,14191,40.92,HOEP (Legacy)
2003-05-03 00:00:00,2003,5,1,13630,32.29,HOEP (Legacy)
2003-05-03 01:00:00,2003,5,2,13278,31.48,HOEP (Legacy)
2003-05-03 02:00:00,2003,5,3,13184,38.8,HOEP (Legacy)
2003-05-03 03:00:00,2003,5,4,13109,28.22,HOEP (Legacy)
2003-05-03 04:00:00,2003,5,5,13254,32.3,HOEP (Legacy)
2003-05-03 05:00:00,2003,5,6,13478,40.66,HOEP (Legacy)
2003-05-03 06:00:00,2003,5,7,14216,32.17,HOEP (Legacy)
2003-05-03 07:00:00,2003,5,8,15195,49.42,HOEP (Legacy)
2003-05-03 08:00:00,2003,5,9,15908,73.29,HOEP (Legacy)
2003-05-03 09:00:00,2003,5,10,16145,77.33,HOEP (Legacy)
2003-05-03 10:00:00,2003,5,11,16093,77.44,HOEP (Legacy)
2003-05-03 11:00:00,2003,5,12,15857,73.51,HOEP (Legacy)
2003-05-03 12:00:00,2003,5,13,15632,70.31,HOEP (Legacy)
2003-05-03 13:00:00,2003,5,14,15279,57.82,HOEP (Legacy)
2003-05-03 14:00:00,2003,5,15,15031,44.47,HOEP (Legacy)
2003-05-03 15:00:00,2003,5,16,15131,42.44,HOEP (Legacy)
2003-05-03 16:00:00,2003,5,17,15266,46.22,HOEP (Legacy)
2003-05-03 17:00:00,2003,5,18,15094,36.02,HOEP (Legacy)
2003-05-03 18:00:00,2003,5,19,14858,29.55,HOEP (Legacy)
2003-05-03 19:00:00,2003,5,20,15281,41.39,HOEP (Legacy)
2003-05-03 20:00:00,2003,5,21,15522,44.93,HOEP (Legacy)
2003-05-03 21:00:00,2003,5,22,14928,41.58,HOEP (Legacy)
2003-05-03 22:00:00,2003,5,23,14080,37.93,HOEP (Legacy)
2003-05-03 23:00:00,2003,5,24,13369,34.85,HOEP (Legacy)
2003-05-04 00:00:00,2003,5,1,12941,28.21,HOEP (Legacy)
2003-05-04 01:00:00,2003,5,2,12669,26.24,HOEP (Legacy)
2003-05-04 02:00:00,2003,5,3,12529,24.99,HOEP (Legacy)
2003-05-04 03:00:00,2003,5,4,12524,25.6,HOEP (Legacy)
2003-05-04 04:00:00,2003,5,5,12610,26.96,HOEP (Legacy)
2003-05-04 05:00:00,2003,5,6,12703,26.42,HOEP (Legacy)
2003-05-04 06:00:00,2003,5,7,13208,25.01,HOEP (Legacy)
2003-05-04 07:00:00,2003,5,8,14031,26.56,HOEP (Legacy)
2003-05-04 08:00:00,2003,5,9,14688,28.56,HOEP (Legacy)
2003-05-04 09:00:00,2003,5,10,15026,28.0,HOEP (Legacy)
2003-05-04 10:00:00,2003,5,11,15181,28.58,HOEP (Legacy)
2003-05-04 11:00:00,2003,5,12,15227,39.46,HOEP (Legacy)
2003-05-04 12:00:00,2003,5,13,15021,32.25,HOEP (Legacy)
2003-05-04 13:00:00,2003,5,14,14770,30.42,HOEP (Legacy)
2003-05-04 14:00:00,2003,5,15,14727,36.59,HOEP (Legacy)
2003-05-04 15:00:00,2003,5,16,14867,51.53,HOEP (Legacy)
2003-05-04 16:00:00,2003,5,17,15015,29.84,HOEP (Legacy)
2003-05-04 17:00:00,2003,5,18,14973,26.85,HOEP (Legacy)
2003-05-04 18:00:00,2003,5,19,14958,26.57,HOEP (Legacy)
2003-05-04 19:00:00,2003,5,20,15666,36.09,HOEP (Legacy)
2003-05-04 20:00:00,2003,5,21,16028,46.34,HOEP (Legacy)
2003-05-04 21:00:00,2003,5,22,15294,31.55,HOEP (Legacy)
2003-05-04 22:00:00,2003,5,23,14177,28.3,HOEP (Legacy)
2003-05-04 23:00:00,2003,5,24,13402,26.18,HOEP (Legacy)
2003-05-05 00:00:00,2003,5,1,13116,25.93,HOEP (Legacy)
2003-05-05 01:00:00,2003,5,2,12970,25.92,HOEP (Legacy)
2003-05-05 02:00:00,2003,5,3,12926,25.36,HOEP (Legacy)
2003-05-05 03:00:00,2003,5,4,13032,24.76,HOEP (Legacy)
2003-05-05 04:00:00,2003,5,5,13418,23.88,HOEP (Legacy)
2003-05-05 05:00:00,2003,5,6,14707,27.02,HOEP (Legacy)
2003-05-05 06:00:00,2003,5,7,16593,28.76,HOEP (Legacy)
2003-05-05 07:00:00,2003,5,8,17604,69.59,HOEP (Legacy)
2003-05-05 08:00:00,2003,5,9,17916,76.12,HOEP (Legacy)
2003-05-05 09:00:00,2003,5,10,18089,77.1,HOEP (Legacy)
2003-05-05 10:00:00,2003,5,11,18288,72.55,HOEP (Legacy)
2003-05-05 11:00:00,2003,5,12,18251,76.15,HOEP (Legacy)
2003-05-05 12:00:00,2003,5,13,18263,83.99,HOEP (Legacy)
2003-05-05 13:00:00,2003,5,14,18295,80.75,HOEP (Legacy)
2003-05-05 14:00:00,2003,5,15,18363,77.18,HOEP (Legacy)
2003-05-05 15:00:00,2003,5,16,18734,125.03,HOEP (Legacy)
2003-05-05 16:00:00,2003,5,17,18741,78.65,HOEP (Legacy)
2003-05-05 17:00:00,2003,5,18,18506,78.23,HOEP (Legacy)
2003-05-05 18:00:00,2003,5,19,18540,78.97,HOEP (Legacy)
2003-05-05 19:00:00,2003,5,20,18579,84.14,HOEP (Legacy)
2003-05-05 20:00:00,2003,5,21,17815,63.05,HOEP (Legacy)
2003-05-05 21:00:00,2003,5,22,16596,40.93,HOEP (Legacy)
2003-05-05 22:00:00,2003,5,23,15256,26.12,HOEP (Legacy)
2003-05-05 23:00:00,2003,5,24,14373,27.11,HOEP (Legacy)
2003-05-06 00:00:00,2003,5,1,13909,26.37,HOEP (Legacy)
2003-05-06 01:00:00,2003,5,2,13636,25.95,HOEP (Legacy)
2003-05-06 02:00:00,2003,5,3,13466,25.4,HOEP (Legacy)
2003-05-06 03:00:00,2003,5,4,13535,26.19,HOEP (Legacy)
2003-05-06 04:00:00,2003,5,5,13965,27.45,HOEP (Legacy)
2003-05-06 05:00:00,2003,5,6,15120,36.63,HOEP (Legacy)
2003-05-06 06:00:00,2003,5,7,17034,68.74,HOEP (Legacy)
2003-05-06 07:00:00,2003,5,8,17778,71.07,HOEP (Legacy)
2003-05-06 08:00:00,2003,5,9,17955,73.05,HOEP (Legacy)
2003-05-06 09:00:00,2003,5,10,18182,66.06,HOEP (Legacy)
2003-05-06 10:00:00,2003,5,11,18215,76.21,HOEP (Legacy)
2003-05-06 11:00:00,2003,5,12,18171,76.66,HOEP (Legacy)
2003-05-06 12:00:00,2003,5,13,18015,74.42,HOEP (Legacy)
2003-05-06 13:00:00,2003,5,14,18044,73.83,HOEP (Legacy)
2003-05-06 14:00:00,2003,5,15,18017,75.03,HOEP (Legacy)
2003-05-06 15:00:00,2003,5,16,18269,79.07,HOEP (Legacy)
2003-05-06 16:00:00,2003,5,17,18213,75.97,HOEP (Legacy)
2003-05-06 17:00:00,2003,5,18,17852,56.56,HOEP (Legacy)
2003-05-06 18:00:00,2003,5,19,17663,36.78,HOEP (Legacy)
2003-05-06 19:00:00,2003,5,20,17880,56.06,HOEP (Legacy)
2003-05-06 20:00:00,2003,5,21,17708,41.21,HOEP (Legacy)
2003-05-06 21:00:00,2003,5,22,16595,27.64,HOEP (Legacy)
2003-05-06 22:00:00,2003,5,23,15215,26.92,HOEP (Legacy)
2003-05-06 23:00:00,2003,5,24,14185,25.85,HOEP (Legacy)
2003-05-07 00:00:00,2003,5,1,13801,25.82,HOEP (Legacy)
2003-05-07 01:00:00,2003,5,2,13490,25.29,HOEP (Legacy)
2003-05-07 02:00:00,2003,5,3,13294,24.99,HOEP (Legacy)
2003-05-07 03:00:00,2003,5,4,13337,25.48,HOEP (Legacy)
2003-05-07 04:00:00,2003,5,5,13730,25.7,HOEP (Legacy)
2003-05-07 05:00:00,2003,5,6,14853,27.13,HOEP (Legacy)
2003-05-07 06:00:00,2003,5,7,16694,50.49,HOEP (Legacy)
2003-05-07 07:00:00,2003,5,8,17573,29.4,HOEP (Legacy)
2003-05-07 08:00:00,2003,5,9,17788,30.22,HOEP (Legacy)
2003-05-07 09:00:00,2003,5,10,17833,79.42,HOEP (Legacy)
2003-05-07 10:00:00,2003,5,11,17931,29.67,HOEP (Legacy)
2003-05-07 11:00:00,2003,5,12,17841,84.68,HOEP (Legacy)
2003-05-07 12:00:00,2003,5,13,17841,76.19,HOEP (Legacy)
2003-05-07 13:00:00,2003,5,14,17618,37.58,HOEP (Legacy)
2003-05-07 14:00:00,2003,5,15,17605,53.66,HOEP (Legacy)
2003-05-07 15:00:00,2003,5,16,17836,38.78,HOEP (Legacy)
2003-05-07 16:00:00,2003,5,17,17873,79.57,HOEP (Legacy)
2003-05-07 17:00:00,2003,5,18,17618,78.61,HOEP (Legacy)
2003-05-07 18:00:00,2003,5,19,17517,80.47,HOEP (Legacy)
2003-05-07 19:00:00,2003,5,20,17722,65.18,HOEP (Legacy)
2003-05-07 20:00:00,2003,5,21,17723,62.25,HOEP (Legacy)
2003-05-07 21:00:00,2003,5,22,16631,34.92,HOEP (Legacy)
2003-05-07 22:00:00,2003,5,23,15198,27.95,HOEP (Legacy)
2003-05-07 23:00:00,2003,5,24,14178,27.52,HOEP (Legacy)
2003-05-08 00:00:00,2003,5,1,13798,27.57,HOEP (Legacy)
2003-05-08 01:00:00,2003,5,2,13443,26.68,HOEP (Legacy)
2003-05-08 02:00:00,2003,5,3,13367,25.78,HOEP (Legacy)
2003-05-08 03:00:00,2003,5,4,13530,25.84,HOEP (Legacy)
2003-05-08 04:00:00,2003,5,5,13903,26.5,HOEP (Legacy)
2003-05-08 05:00:00,2003,5,6,14791,31.47,HOEP (Legacy)
2003-05-08 06:00:00,2003,5,7,16604,46.18,HOEP (Legacy)
2003-05-08 07:00:00,2003,5,8,17297,36.37,HOEP (Legacy)
2003-05-08 08:00:00,2003,5,9,17508,29.23,HOEP (Legacy)
2003-05-08 09:00:00,2003,5,10,17676,71.88,HOEP (Legacy)
2003-05-08 10:00:00,2003,5,11,17843,75.69,HOEP (Legacy)
2003-05-08 11:00:00,2003,5,12,17598,29.6,HOEP (Legacy)
2003-05-08 12:00:00,2003,5,13,17590,70.17,HOEP (Legacy)
2003-05-08 13:00:00,2003,5,14,17463,30.96,HOEP (Legacy)
2003-05-08 14:00:00,2003,5,15,17400,69.14,HOEP (Legacy)
2003-05-08 15:00:00,2003,5,16,17529,73.66,HOEP (Legacy)
2003-05-08 16:00:00,2003,5,17,17423,30.34,HOEP (Legacy)
2003-05-08 17:00:00,2003,5,18,17043,28.0,HOEP (Legacy)
2003-05-08 18:00:00,2003,5,19,16775,27.56,HOEP (Legacy)
2003-05-08 19:00:00,2003,5,20,17096,35.13,HOEP (Legacy)
2003-05-08 20:00:00,2003,5,21,17516,39.12,HOEP (Legacy)
2003-05-08 21:00:00,2003,5,22,16591,27.24,HOEP (Legacy)
2003-05-08 22:00:00,2003,5,23,15196,27.64,HOEP (Legacy)
2003-05-08 23:00:00,2003,5,24,14237,31.64,HOEP (Legacy)
2003-05-09 00:00:00,2003,5,1,13652,26.22,HOEP (Legacy)
2003-05-09 01:00:00,2003,5,2,13259,25.71,HOEP (Legacy)
2003-05-09 02:00:00,2003,5,3,13202,26.07,HOEP (Legacy)
2003-05-09 03:00:00,2003,5,4,13260,27.49,HOEP (Legacy)
2003-05-09 04:00:00,2003,5,5,13793,26.94,HOEP (Legacy)
2003-05-09 05:00:00,2003,5,6,14638,31.76,HOEP (Legacy)
2003-05-09 06:00:00,2003,5,7,16537,77.96,HOEP (Legacy)
2003-05-09 07:00:00,2003,5,8,17419,76.06,HOEP (Legacy)
2003-05-09 08:00:00,2003,5,9,17656,73.84,HOEP (Legacy)
2003-05-09 09:00:00,2003,5,10,17826,77.71,HOEP (Legacy)
2003-05-09 10:00:00,2003,5,11,17870,75.93,HOEP (Legacy)
2003-05-09 11:00:00,2003,5,12,17639,82.38,HOEP (Legacy)
2003-05-09 12:00:00,2003,5,13,17721,96.39,HOEP (Legacy)
2003-05-09 13:00:00,2003,5,14,17443,90.95,HOEP (Legacy)
2003-05-09 14:00:00,2003,5,15,17357,88.25,HOEP (Legacy)
2003-05-09 15:00:00,2003,5,16,17305,84.53,HOEP (Legacy)
2003-05-09 16:00:00,2003,5,17,17011,78.93,HOEP (Legacy)
2003-05-09 17:00:00,2003,5,18,16784,81.37,HOEP (Legacy)
2003-05-09 18:00:00,2003,5,19,16511,29.09,HOEP (Legacy)
2003-05-09 19:00:00,2003,5,20,16752,60.43,HOEP (Legacy)
2003-05-09 20:00:00,2003,5,21,16878,62.96,HOEP (Legacy)
2003-05-09 21:00:00,2003,5,22,15840,31.02,HOEP (Legacy)
2003-05-09 22:00:00,2003,5,23,14544,26.44,HOEP (Legacy)
2003-05-09 23:00:00,2003,5,24,13663,26.03,HOEP (Legacy)
2003-05-10 00:00:00,2003,5,1,13068,29.14,HOEP (Legacy)
2003-05-10 01:00:00,2003,5,2,12838,29.27,HOEP (Legacy)
2003-05-10 02:00:00,2003,5,3,12635,26.51,HOEP (Legacy)
2003-05-10 03:00:00,2003,5,4,12646,28.81,HOEP (Legacy)
2003-05-10 04:00:00,2003,5,5,12666,28.07,HOEP (Legacy)
2003-05-10 05:00:00,2003,5,6,12986,27.3,HOEP (Legacy)
2003-05-10 06:00:00,2003,5,7,13820,28.18,HOEP (Legacy)
2003-05-10 07:00:00,2003,5,8,14937,45.02,HOEP (Legacy)
2003-05-10 08:00:00,2003,5,9,15760,39.58,HOEP (Legacy)
2003-05-10 09:00:00,2003,5,10,15994,73.96,HOEP (Legacy)
2003-05-10 10:00:00,2003,5,11,16070,71.8,HOEP (Legacy)
2003-05-10 11:00:00,2003,5,12,15896,29.17,HOEP (Legacy)
2003-05-10 12:00:00,2003,5,13,15755,69.91,HOEP (Legacy)
2003-05-10 13:00:00,2003,5,14,15518,31.09,HOEP (Legacy)
2003-05-10 14:00:00,2003,5,15,15520,43.97,HOEP (Legacy)
2003-05-10 15:00:00,2003,5,16,15515,39.62,HOEP (Legacy)
2003-05-10 16:00:00,2003,5,17,15660,38.04,HOEP (Legacy)
2003-05-10 17:00:00,2003,5,18,15441,40.31,HOEP (Legacy)
2003-05-10 18:00:00,2003,5,19,15175,29.58,HOEP (Legacy)
2003-05-10 19:00:00,2003,5,20,15468,49.61,HOEP (Legacy)
2003-05-10 20:00:00,2003,5,21,15577,55.14,HOEP (Legacy)
2003-05-10 21:00:00,2003,5,22,14929,30.06,HOEP (Legacy)
2003-05-10 22:00:00,2003,5,23,13968,26.78,HOEP (Legacy)
2003-05-10 23:00:00,2003,5,24,13221,25.71,HOEP (Legacy)
2003-05-11 00:00:00,2003,5,1,12682,25.69,HOEP (Legacy)
2003-05-11 01:00:00,2003,5,2,12305,24.82,HOEP (Legacy)
2003-05-11 02:00:00,2003,5,3,12039,23.75,HOEP (Legacy)
2003-05-11 03:00:00,2003,5,4,12103,23.84,HOEP (Legacy)
2003-05-11 04:00:00,2003,5,5,12048,23.85,HOEP (Legacy)
2003-05-11 05:00:00,2003,5,6,12257,23.9,HOEP (Legacy)
2003-05-11 06:00:00,2003,5,7,12697,24.87,HOEP (Legacy)
2003-05-11 07:00:00,2003,5,8,13851,28.33,HOEP (Legacy)
2003-05-11 08:00:00,2003,5,9,14735,43.11,HOEP (Legacy)
2003-05-11 09:00:00,2003,5,10,15320,46.38,HOEP (Legacy)
2003-05-11 10:00:00,2003,5,11,15615,71.08,HOEP (Legacy)
2003-05-11 11:00:00,2003,5,12,15777,73.71,HOEP (Legacy)
2003-05-11 12:00:00,2003,5,13,15670,74.63,HOEP (Legacy)
2003-05-11 13:00:00,2003,5,14,15416,28.61,HOEP (Legacy)
2003-05-11 14:00:00,2003,5,15,15314,28.85,HOEP (Legacy)
2003-05-11 15:00:00,2003,5,16,15372,30.14,HOEP (Legacy)
2003-05-11 16:00:00,2003,5,17,15416,29.88,HOEP (Legacy)
2003-05-11 17:00:00,2003,5,18,15267,28.9,HOEP (Legacy)
2003-05-11 18:00:00,2003,5,19,15335,29.8,HOEP (Legacy)
2003-05-11 19:00:00,2003,5,20,15845,46.89,HOEP (Legacy)
2003-05-11 20:00:00,2003,5,21,15840,36.54,HOEP (Legacy)
2003-05-11 21:00:00,2003,5,22,15038,26.59,HOEP (Legacy)
2003-05-11 22:00:00,2003,5,23,14075,26.25,HOEP (Legacy)
2003-05-11 23:00:00,2003,5,24,13210,24.55,HOEP (Legacy)
2003-05-12 00:00:00,2003,5,1,12820,23.7,HOEP (Legacy)
2003-05-12 01:00:00,2003,5,2,12689,22.96,HOEP (Legacy)
2003-05-12 02:00:00,2003,5,3,12526,22.93,HOEP (Legacy)
2003-05-12 03:00:00,2003,5,4,12581,20.3,HOEP (Legacy)
2003-05-12 04:00:00,2003,5,5,13112,19.71,HOEP (Legacy)
2003-05-12 05:00:00,2003,5,6,14493,25.62,HOEP (Legacy)
2003-05-12 06:00:00,2003,5,7,16453,41.24,HOEP (Legacy)
2003-05-12 07:00:00,2003,5,8,17553,64.15,HOEP (Legacy)
2003-05-12 08:00:00,2003,5,9,17895,79.44,HOEP (Legacy)
2003-05-12 09:00:00,2003,5,10,18096,82.82,HOEP (Legacy)
2003-05-12 10:00:00,2003,5,11,18141,81.52,HOEP (Legacy)
2003-05-12 11:00:00,2003,5,12,18051,76.48,HOEP (Legacy)
2003-05-12 12:00:00,2003,5,13,18036,77.72,HOEP (Legacy)
2003-05-12 13:00:00,2003,5,14,17885,76.06,HOEP (Legacy)
2003-05-12 14:00:00,2003,5,15,17998,76.3,HOEP (Legacy)
2003-05-12 15:00:00,2003,5,16,18307,79.8,HOEP (Legacy)
2003-05-12 16:00:00,2003,5,17,18363,79.18,HOEP (Legacy)
2003-05-12 17:00:00,2003,5,18,18015,73.31,HOEP (Legacy)
2003-05-12 18:00:00,2003,5,19,17775,29.2,HOEP (Legacy)
2003-05-12 19:00:00,2003,5,20,18016,70.75,HOEP (Legacy)
2003-05-12 20:00:00,2003,5,21,17882,62.9,HOEP (Legacy)
2003-05-12 21:00:00,2003,5,22,16670,38.51,HOEP (Legacy)
2003-05-12 22:00:00,2003,5,23,15333,30.21,HOEP (Legacy)
2003-05-12 23:00:00,2003,5,24,14268,24.4,HOEP (Legacy)
2003-05-13 00:00:00,2003,5,1,13549,23.72,HOEP (Legacy)
2003-05-13 01:00:00,2003,5,2,13283,22.54,HOEP (Legacy)
2003-05-13 02:00:00,2003,5,3,13175,21.77,HOEP (Legacy)
2003-05-13 03:00:00,2003,5,4,13410,22.68,HOEP (Legacy)
2003-05-13 04:00:00,2003,5,5,13906,23.75,HOEP (Legacy)
2003-05-13 05:00:00,2003,5,6,14966,26.12,HOEP (Legacy)
2003-05-13 06:00:00,2003,5,7,16876,64.18,HOEP (Legacy)
2003-05-13 07:00:00,2003,5,8,17783,82.81,HOEP (Legacy)
2003-05-13 08:00:00,2003,5,9,17988,78.92,HOEP (Legacy)
2003-05-13 09:00:00,2003,5,10,18114,78.74,HOEP (Legacy)
2003-05-13 10:00:00,2003,5,11,18258,76.4,HOEP (Legacy)
2003-05-13 11:00:00,2003,5,12,18119,65.28,HOEP (Legacy)
2003-05-13 12:00:00,2003,5,13,18088,74.57,HOEP (Legacy)
2003-05-13 13:00:00,2003,5,14,17908,68.82,HOEP (Legacy)
2003-05-13 14:00:00,2003,5,15,17883,29.82,HOEP (Legacy)
2003-05-13 15:00:00,2003,5,16,18063,27.5,HOEP (Legacy)
2003-05-13 16:00:00,2003,5,17,18097,31.11,HOEP (Legacy)
2003-05-13 17:00:00,2003,5,18,17786,33.27,HOEP (Legacy)
2003-05-13 18:00:00,2003,5,19,17636,39.82,HOEP (Legacy)
2003-05-13 19:00:00,2003,5,20,17811,69.26,HOEP (Legacy)
2003-05-13 20:00:00,2003,5,21,17744,64.89,HOEP (Legacy)
2003-05-13 21:00:00,2003,5,22,16814,37.84,HOEP (Legacy)
2003-05-13 22:00:00,2003,5,23,15355,25.37,HOEP (Legacy)
2003-05-13 23:00:00,2003,5,24,14302,24.69,HOEP (Legacy)
2003-05-14 00:00:00,2003,5,1,13756,24.87,HOEP (Legacy)
2003-05-14 01:00:00,2003,5,2,13583,23.99,HOEP (Legacy)
2003-05-14 02:00:00,2003,5,3,13463,23.3,HOEP (Legacy)
2003-05-14 03:00:00,2003,5,4,13610,23.92,HOEP (Legacy)
2003-05-14 04:00:00,2003,5,5,14040,24.72,HOEP (Legacy)
2003-05-14 05:00:00,2003,5,6,14943,25.72,HOEP (Legacy)
2003-05-14 06:00:00,2003,5,7,16703,33.27,HOEP (Legacy)
2003-05-14 07:00:00,2003,5,8,17529,30.17,HOEP (Legacy)
2003-05-14 08:00:00,2003,5,9,17673,29.73,HOEP (Legacy)
2003-05-14 09:00:00,2003,5,10,17938,36.88,HOEP (Legacy)
2003-05-14 10:00:00,2003,5,11,17995,29.11,HOEP (Legacy)
2003-05-14 11:00:00,2003,5,12,17835,83.14,HOEP (Legacy)
2003-05-14 12:00:00,2003,5,13,17622,78.61,HOEP (Legacy)
2003-05-14 13:00:00,2003,5,14,17511,71.24,HOEP (Legacy)
2003-05-14 14:00:00,2003,5,15,17513,44.71,HOEP (Legacy)
2003-05-14 15:00:00,2003,5,16,17750,28.33,HOEP (Legacy)
2003-05-14 16:00:00,2003,5,17,17732,37.32,HOEP (Legacy)
2003-05-14 17:00:00,2003,5,18,17355,50.58,HOEP (Legacy)
2003-05-14 18:00:00,2003,5,19,17160,27.77,HOEP (Legacy)
2003-05-14 19:00:00,2003,5,20,17394,66.23,HOEP (Legacy)
2003-05-14 20:00:00,2003,5,21,17457,65.06,HOEP (Legacy)
2003-05-14 21:00:00,2003,5,22,16494,30.82,HOEP (Legacy)
2003-05-14 22:00:00,2003,5,23,15053,24.52,HOEP (Legacy)
2003-05-14 23:00:00,2003,5,24,14058,24.68,HOEP (Legacy)
2003-05-15 00:00:00,2003,5,1,13653,24.34,HOEP (Legacy)
2003-05-15 01:00:00,2003,5,2,13397,24.26,HOEP (Legacy)
2003-05-15 02:00:00,2003,5,3,13145,24.46,HOEP (Legacy)
2003-05-15 03:00:00,2003,5,4,13175,23.72,HOEP (Legacy)
2003-05-15 04:00:00,2003,5,5,13609,24.35,HOEP (Legacy)
2003-05-15 05:00:00,2003,5,6,14685,25.94,HOEP (Legacy)
2003-05-15 06:00:00,2003,5,7,16579,29.53,HOEP (Legacy)
2003-05-15 07:00:00,2003,5,8,17423,59.08,HOEP (Legacy)
2003-05-15 08:00:00,2003,5,9,17599,62.75,HOEP (Legacy)
2003-05-15 09:00:00,2003,5,10,17738,83.06,HOEP (Legacy)
2003-05-15 10:00:00,2003,5,11,17757,77.63,HOEP (Legacy)
2003-05-15 11:00:00,2003,5,12,17668,55.74,HOEP (Legacy)
2003-05-15 12:00:00,2003,5,13,17605,28.59,HOEP (Legacy)
2003-05-15 13:00:00,2003,5,14,17533,28.15,HOEP (Legacy)
2003-05-15 14:00:00,2003,5,15,17523,27.68,HOEP (Legacy)
2003-05-15 15:00:00,2003,5,16,17693,28.51,HOEP (Legacy)
2003-05-15 16:00:00,2003,5,17,17670,58.74,HOEP (Legacy)
2003-05-15 17:00:00,2003,5,18,17452,38.41,HOEP (Legacy)
2003-05-15 18:00:00,2003,5,19,17296,44.56,HOEP (Legacy)
2003-05-15 19:00:00,2003,5,20,17662,61.85,HOEP (Legacy)
2003-05-15 20:00:00,2003,5,21,17533,55.14,HOEP (Legacy)
2003-05-15 21:00:00,2003,5,22,16360,24.94,HOEP (Legacy)
2003-05-15 22:00:00,2003,5,23,14864,24.02,HOEP (Legacy)
2003-05-15 23:00:00,2003,5,24,13872,23.59,HOEP (Legacy)
2003-05-16 00:00:00,2003,5,1,13220,24.66,HOEP (Legacy)
2003-05-16 01:00:00,2003,5,2,13080,23.93,HOEP (Legacy)
2003-05-16 02:00:00,2003,5,3,12920,23.96,HOEP (Legacy)
2003-05-16 03:00:00,2003,5,4,13040,24.02,HOEP (Legacy)
2003-05-16 04:00:00,2003,5,5,13389,24.75,HOEP (Legacy)
2003-05-16 05:00:00,2003,5,6,14698,29.12,HOEP (Legacy)
2003-05-16 06:00:00,2003,5,7,16409,59.88,HOEP (Legacy)
2003-05-16 07:00:00,2003,5,8,17468,31.03,HOEP (Legacy)
2003-05-16 08:00:00,2003,5,9,17896,71.46,HOEP (Legacy)
2003-05-16 09:00:00,2003,5,10,18173,81.7,HOEP (Legacy)
2003-05-16 10:00:00,2003,5,11,18284,87.32,HOEP (Legacy)
2003-05-16 11:00:00,2003,5,12,18190,80.39,HOEP (Legacy)
2003-05-16 12:00:00,2003,5,13,17974,78.82,HOEP (Legacy)
2003-05-16 13:00:00,2003,5,14,17685,29.14,HOEP (Legacy)
2003-05-16 14:00:00,2003,5,15,17630,33.56,HOEP (Legacy)
2003-05-16 15:00:00,2003,5,16,17835,80.8,HOEP (Legacy)
2003-05-16 16:00:00,2003,5,17,17811,68.27,HOEP (Legacy)
2003-05-16 17:00:00,2003,5,18,17530,34.95,HOEP (Legacy)
2003-05-16 18:00:00,2003,5,19,17232,29.89,HOEP (Legacy)
2003-05-16 19:00:00,2003,5,20,17307,60.49,HOEP (Legacy)
2003-05-16 20:00:00,2003,5,21,17005,51.38,HOEP (Legacy)
2003-05-16 21:00:00,2003,5,22,16036,27.88,HOEP (Legacy)
2003-05-16 22:00:00,2003,5,23,14731,28.81,HOEP (Legacy)
2003-05-16 23:00:00,2003,5,24,13781,27.62,HOEP (Legacy)
2003-05-17 00:00:00,2003,5,1,13132,26.49,HOEP (Legacy)
2003-05-17 01:00:00,2003,5,2,12843,25.56,HOEP (Legacy)
2003-05-17 02:00:00,2003,5,3,12591,25.72,HOEP (Legacy)
2003-05-17 03:00:00,2003,5,4,12498,16.15,HOEP (Legacy)
2003-05-17 04:00:00,2003,5,5,12530,22.38,HOEP (Legacy)
2003-05-17 05:00:00,2003,5,6,12786,23.29,HOEP (Legacy)
2003-05-17 06:00:00,2003,5,7,13570,24.46,HOEP (Legacy)
2003-05-17 07:00:00,2003,5,8,14626,27.54,HOEP (Legacy)
2003-05-17 08:00:00,2003,5,9,15224,28.82,HOEP (Legacy)
2003-05-17 09:00:00,2003,5,10,15499,28.71,HOEP (Legacy)
2003-05-17 10:00:00,2003,5,11,15534,28.01,HOEP (Legacy)
2003-05-17 11:00:00,2003,5,12,15451,27.16,HOEP (Legacy)
2003-05-17 12:00:00,2003,5,13,15194,33.26,HOEP (Legacy)
2003-05-17 13:00:00,2003,5,14,15031,27.5,HOEP (Legacy)
2003-05-17 14:00:00,2003,5,15,14823,26.79,HOEP (Legacy)
2003-05-17 15:00:00,2003,5,16,14897,27.18,HOEP (Legacy)
2003-05-17 16:00:00,2003,5,17,15007,25.99,HOEP (Legacy)
2003-05-17 17:00:00,2003,5,18,14359,27.22,HOEP (Legacy)
2003-05-17 18:00:00,2003,5,19,14697,25.15,HOEP (Legacy)
2003-05-17 19:00:00,2003,5,20,14983,26.06,HOEP (Legacy)
2003-05-17 20:00:00,2003,5,21,15079,28.5,HOEP (Legacy)
2003-05-17 21:00:00,2003,5,22,14496,28.04,HOEP (Legacy)
2003-05-17 22:00:00,2003,5,23,13461,25.21,HOEP (Legacy)
2003-05-17 23:00:00,2003,5,24,12672,24.48,HOEP (Legacy)
2003-05-18 00:00:00,2003,5,1,12222,22.97,HOEP (Legacy)
2003-05-18 01:00:00,2003,5,2,11947,21.77,HOEP (Legacy)
2003-05-18 02:00:00,2003,5,3,11834,21.34,HOEP (Legacy)
2003-05-18 03:00:00,2003,5,4,11700,20.77,HOEP (Legacy)
2003-05-18 04:00:00,2003,5,5,11661,23.4,HOEP (Legacy)
2003-05-18 05:00:00,2003,5,6,11636,17.98,HOEP (Legacy)
2003-05-18 06:00:00,2003,5,7,12297,19.74,HOEP (Legacy)
2003-05-18 07:00:00,2003,5,8,13168,25.17,HOEP (Legacy)
2003-05-18 08:00:00,2003,5,9,13951,27.86,HOEP (Legacy)
2003-05-18 09:00:00,2003,5,10,14447,36.13,HOEP (Legacy)
2003-05-18 10:00:00,2003,5,11,14706,57.17,HOEP (Legacy)
2003-05-18 11:00:00,2003,5,12,14713,30.68,HOEP (Legacy)
2003-05-18 12:00:00,2003,5,13,14479,48.55,HOEP (Legacy)
2003-05-18 13:00:00,2003,5,14,14268,29.06,HOEP (Legacy)
2003-05-18 14:00:00,2003,5,15,14176,28.63,HOEP (Legacy)
2003-05-18 15:00:00,2003,5,16,14247,29.13,HOEP (Legacy)
2003-05-18 16:00:00,2003,5,17,14357,28.02,HOEP (Legacy)
2003-05-18 17:00:00,2003,5,18,14196,27.23,HOEP (Legacy)
2003-05-18 18:00:00,2003,5,19,14099,25.44,HOEP (Legacy)
2003-05-18 19:00:00,2003,5,20,14221,27.08,HOEP (Legacy)
2003-05-18 20:00:00,2003,5,21,14616,28.95,HOEP (Legacy)
2003-05-18 21:00:00,2003,5,22,14144,31.35,HOEP (Legacy)
2003-05-18 22:00:00,2003,5,23,13286,24.89,HOEP (Legacy)
2003-05-18 23:00:00,2003,5,24,12494,23.1,HOEP (Legacy)
2003-05-19 00:00:00,2003,5,1,12010,23.59,HOEP (Legacy)
2003-05-19 01:00:00,2003,5,2,11811,23.68,HOEP (Legacy)
2003-05-19 02:00:00,2003,5,3,11664,24.05,HOEP (Legacy)
2003-05-19 03:00:00,2003,5,4,11604,23.38,HOEP (Legacy)
2003-05-19 04:00:00,2003,5,5,11674,25.04,HOEP (Legacy)
2003-05-19 05:00:00,2003,5,6,11607,24.24,HOEP (Legacy)
2003-05-19 06:00:00,2003,5,7,12006,24.15,HOEP (Legacy)
2003-05-19 07:00:00,2003,5,8,13090,29.25,HOEP (Legacy)
2003-05-19 08:00:00,2003,5,9,13993,34.5,HOEP (Legacy)
2003-05-19 09:00:00,2003,5,10,14526,40.1,HOEP (Legacy)
2003-05-19 10:00:00,2003,5,11,14824,198.79,HOEP (Legacy)
2003-05-19 11:00:00,2003,5,12,14809,33.43,HOEP (Legacy)
2003-05-19 12:00:00,2003,5,13,14654,27.91,HOEP (Legacy)
2003-05-19 13:00:00,2003,5,14,14386,30.71,HOEP (Legacy)
2003-05-19 14:00:00,2003,5,15,14339,31.16,HOEP (Legacy)
2003-05-19 15:00:00,2003,5,16,14602,33.4,HOEP (Legacy)
2003-05-19 16:00:00,2003,5,17,15022,30.5,HOEP (Legacy)
2003-05-19 17:00:00,2003,5,18,14890,30.01,HOEP (Legacy)
2003-05-19 18:00:00,2003,5,19,14939,28.47,HOEP (Legacy)
2003-05-19 19:00:00,2003,5,20,15126,65.11,HOEP (Legacy)
2003-05-19 20:00:00,2003,5,21,15609,59.37,HOEP (Legacy)
2003-05-19 21:00:00,2003,5,22,14845,31.79,HOEP (Legacy)
2003-05-19 22:00:00,2003,5,23,13850,27.12,HOEP (Legacy)
2003-05-19 23:00:00,2003,5,24,12945,29.34,HOEP (Legacy)
2003-05-20 00:00:00,2003,5,1,12651,24.5,HOEP (Legacy)
2003-05-20 01:00:00,2003,5,2,12521,23.66,HOEP (Legacy)
2003-05-20 02:00:00,2003,5,3,12405,23.93,HOEP (Legacy)
2003-05-20 03:00:00,2003,5,4,12541,24.36,HOEP (Legacy)
2003-05-20 04:00:00,2003,5,5,13044,24.7,HOEP (Legacy)
2003-05-20 05:00:00,2003,5,6,13927,27.79,HOEP (Legacy)
2003-05-20 06:00:00,2003,5,7,16073,51.1,HOEP (Legacy)
2003-05-20 07:00:00,2003,5,8,17129,77.31,HOEP (Legacy)
2003-05-20 08:00:00,2003,5,9,17772,87.79,HOEP (Legacy)
2003-05-20 09:00:00,2003,5,10,18081,86.61,HOEP (Legacy)
2003-05-20 10:00:00,2003,5,11,18139,80.78,HOEP (Legacy)
2003-05-20 11:00:00,2003,5,12,18191,78.87,HOEP (Legacy)
2003-05-20 12:00:00,2003,5,13,18416,82.62,HOEP (Legacy)
2003-05-20 13:00:00,2003,5,14,18434,87.76,HOEP (Legacy)
2003-05-20 14:00:00,2003,5,15,18300,87.94,HOEP (Legacy)
2003-05-20 15:00:00,2003,5,16,18599,125.57,HOEP (Legacy)
2003-05-20 16:00:00,2003,5,17,18598,85.89,HOEP (Legacy)
2003-05-20 17:00:00,2003,5,18,18286,82.27,HOEP (Legacy)
2003-05-20 18:00:00,2003,5,19,18024,65.47,HOEP (Legacy)
2003-05-20 19:00:00,2003,5,20,17822,35.03,HOEP (Legacy)
2003-05-20 20:00:00,2003,5,21,17571,28.3,HOEP (Legacy)
2003-05-20 21:00:00,2003,5,22,16421,25.57,HOEP (Legacy)
2003-05-20 22:00:00,2003,5,23,15086,25.14,HOEP (Legacy)
2003-05-20 23:00:00,2003,5,24,14034,24.65,HOEP (Legacy)
2003-05-21 00:00:00,2003,5,1,13632,24.51,HOEP (Legacy)
2003-05-21 01:00:00,2003,5,2,13262,24.0,HOEP (Legacy)
2003-05-21 02:00:00,2003,5,3,13077,24.29,HOEP (Legacy)
2003-05-21 03:00:00,2003,5,4,13180,23.74,HOEP (Legacy)
2003-05-21 04:00:00,2003,5,5,13613,24.71,HOEP (Legacy)
2003-05-21 05:00:00,2003,5,6,14616,31.54,HOEP (Legacy)
2003-05-21 06:00:00,2003,5,7,16498,49.61,HOEP (Legacy)
2003-05-21 07:00:00,2003,5,8,17330,79.12,HOEP (Legacy)
2003-05-21 08:00:00,2003,5,9,17448,80.98,HOEP (Legacy)
2003-05-21 09:00:00,2003,5,10,17564,80.55,HOEP (Legacy)
2003-05-21 10:00:00,2003,5,11,17622,67.4,HOEP (Legacy)
2003-05-21 11:00:00,2003,5,12,17445,51.53,HOEP (Legacy)
2003-05-21 12:00:00,2003,5,13,17467,40.51,HOEP (Legacy)
2003-05-21 13:00:00,2003,5,14,17289,28.78,HOEP (Legacy)
2003-05-21 14:00:00,2003,5,15,17275,30.98,HOEP (Legacy)
2003-05-21 15:00:00,2003,5,16,17423,28.29,HOEP (Legacy)
2003-05-21 16:00:00,2003,5,17,17420,27.42,HOEP (Legacy)
2003-05-21 17:00:00,2003,5,18,17093,26.23,HOEP (Legacy)
2003-05-21 18:00:00,2003,5,19,16790,34.65,HOEP (Legacy)
2003-05-21 19:00:00,2003,5,20,17083,69.16,HOEP (Legacy)
2003-05-21 20:00:00,2003,5,21,17314,81.31,HOEP (Legacy)
2003-05-21 21:00:00,2003,5,22,16431,74.24,HOEP (Legacy)
2003-05-21 22:00:00,2003,5,23,15059,47.02,HOEP (Legacy)
2003-05-21 23:00:00,2003,5,24,13939,27.71,HOEP (Legacy)
2003-05-22 00:00:00,2003,5,1,13558,26.1,HOEP (Legacy)
2003-05-22 01:00:00,2003,5,2,13316,25.82,HOEP (Legacy)
2003-05-22 02:00:00,2003,5,3,13190,25.8,HOEP (Legacy)
2003-05-22 03:00:00,2003,5,4,13269,26.09,HOEP (Legacy)
2003-05-22 04:00:00,2003,5,5,13714,27.67,HOEP (Legacy)
2003-05-22 05:00:00,2003,5,6,14651,54.04,HOEP (Legacy)
2003-05-22 06:00:00,2003,5,7,16411,71.56,HOEP (Legacy)
2003-05-22 07:00:00,2003,5,8,17080,84.62,HOEP (Legacy)
2003-05-22 08:00:00,2003,5,9,17268,35.7,HOEP (Legacy)
2003-05-22 09:00:00,2003,5,10,17419,48.64,HOEP (Legacy)
2003-05-22 10:00:00,2003,5,11,17528,45.6,HOEP (Legacy)
2003-05-22 11:00:00,2003,5,12,17424,60.61,HOEP (Legacy)
2003-05-22 12:00:00,2003,5,13,17478,49.19,HOEP (Legacy)
2003-05-22 13:00:00,2003,5,14,17298,53.25,HOEP (Legacy)
2003-05-22 14:00:00,2003,5,15,17262,56.97,HOEP (Legacy)
2003-05-22 15:00:00,2003,5,16,17415,69.91,HOEP (Legacy)
2003-05-22 16:00:00,2003,5,17,17387,49.52,HOEP (Legacy)
2003-05-22 17:00:00,2003,5,18,17044,30.16,HOEP (Legacy)
2003-05-22 18:00:00,2003,5,19,17662,29.6,HOEP (Legacy)
2003-05-22 19:00:00,2003,5,20,17655,54.34,HOEP (Legacy)
2003-05-22 20:00:00,2003,5,21,17269,53.44,HOEP (Legacy)
2003-05-22 21:00:00,2003,5,22,16423,26.66,HOEP (Legacy)
2003-05-22 22:00:00,2003,5,23,15052,25.9,HOEP (Legacy)
2003-05-22 23:00:00,2003,5,24,13985,25.07,HOEP (Legacy)
2003-05-23 00:00:00,2003,5,1,13364,25.25,HOEP (Legacy)
2003-05-23 01:00:00,2003,5,2,13043,24.85,HOEP (Legacy)
2003-05-23 02:00:00,2003,5,3,12894,23.43,HOEP (Legacy)
2003-05-23 03:00:00,2003,5,4,13065,23.65,HOEP (Legacy)
2003-05-23 04:00:00,2003,5,5,13563,24.14,HOEP (Legacy)
2003-05-23 05:00:00,2003,5,6,14536,25.35,HOEP (Legacy)
2003-05-23 06:00:00,2003,5,7,16657,25.83,HOEP (Legacy)
2003-05-23 07:00:00,2003,5,8,17255,46.17,HOEP (Legacy)
2003-05-23 08:00:00,2003,5,9,17519,29.26,HOEP (Legacy)
2003-05-23 09:00:00,2003,5,10,17690,68.97,HOEP (Legacy)
2003-05-23 10:00:00,2003,5,11,17713,34.69,HOEP (Legacy)
2003-05-23 11:00:00,2003,5,12,17624,28.68,HOEP (Legacy)
2003-05-23 12:00:00,2003,5,13,17539,52.57,HOEP (Legacy)
2003-05-23 13:00:00,2003,5,14,17430,48.46,HOEP (Legacy)
2003-05-23 14:00:00,2003,5,15,17207,28.27,HOEP (Legacy)
2003-05-23 15:00:00,2003,5,16,17213,28.16,HOEP (Legacy)
2003-05-23 16:00:00,2003,5,17,17234,33.68,HOEP (Legacy)
2003-05-23 17:00:00,2003,5,18,17036,30.71,HOEP (Legacy)
2003-05-23 18:00:00,2003,5,19,16939,131.5,HOEP (Legacy)
2003-05-23 19:00:00,2003,5,20,17047,155.64,HOEP (Legacy)
2003-05-23 20:00:00,2003,5,21,16785,26.33,HOEP (Legacy)
2003-05-23 21:00:00,2003,5,22,15892,24.6,HOEP (Legacy)
2003-05-23 22:00:00,2003,5,23,14513,24.45,HOEP (Legacy)
2003-05-23 23:00:00,2003,5,24,13764,24.05,HOEP (Legacy)
2003-05-24 00:00:00,2003,5,1,12942,23.46,HOEP (Legacy)
2003-05-24 01:00:00,2003,5,2,12617,23.0,HOEP (Legacy)
2003-05-24 02:00:00,2003,5,3,12368,23.08,HOEP (Legacy)
2003-05-24 03:00:00,2003,5,4,12336,22.91,HOEP (Legacy)
2003-05-24 04:00:00,2003,5,5,12400,22.71,HOEP (Legacy)
2003-05-24 05:00:00,2003,5,6,12855,23.09,HOEP (Legacy)
2003-05-24 06:00:00,2003,5,7,13736,23.9,HOEP (Legacy)
2003-05-24 07:00:00,2003,5,8,14792,26.49,HOEP (Legacy)
2003-05-24 08:00:00,2003,5,9,15583,28.88,HOEP (Legacy)
2003-05-24 09:00:00,2003,5,10,16121,63.54,HOEP (Legacy)
2003-05-24 10:00:00,2003,5,11,16215,164.37,HOEP (Legacy)
2003-05-24 11:00:00,2003,5,12,16163,106.14,HOEP (Legacy)
2003-05-24 12:00:00,2003,5,13,15934,29.54,HOEP (Legacy)
2003-05-24 13:00:00,2003,5,14,15679,28.74,HOEP (Legacy)
2003-05-24 14:00:00,2003,5,15,15437,28.38,HOEP (Legacy)
2003-05-24 15:00:00,2003,5,16,15561,27.65,HOEP (Legacy)
2003-05-24 16:00:00,2003,5,17,15653,28.4,HOEP (Legacy)
2003-05-24 17:00:00,2003,5,18,15386,26.85,HOEP (Legacy)
2003-05-24 18:00:00,2003,5,19,15195,25.22,HOEP (Legacy)
2003-05-24 19:00:00,2003,5,20,15318,24.97,HOEP (Legacy)
2003-05-24 20:00:00,2003,5,21,15367,25.52,HOEP (Legacy)
2003-05-24 21:00:00,2003,5,22,14868,25.0,HOEP (Legacy)
2003-05-24 22:00:00,2003,5,23,13864,24.97,HOEP (Legacy)
2003-05-24 23:00:00,2003,5,24,13164,24.44,HOEP (Legacy)
2003-05-25 00:00:00,2003,5,1,12592,24.41,HOEP (Legacy)
2003-05-25 01:00:00,2003,5,2,12244,23.91,HOEP (Legacy)
2003-05-25 02:00:00,2003,5,3,12029,23.22,HOEP (Legacy)
2003-05-25 03:00:00,2003,5,4,11926,21.15,HOEP (Legacy)
2003-05-25 04:00:00,2003,5,5,11947,18.28,HOEP (Legacy)
2003-05-25 05:00:00,2003,5,6,12020,18.87,HOEP (Legacy)
2003-05-25 06:00:00,2003,5,7,12542,22.65,HOEP (Legacy)
2003-05-25 07:00:00,2003,5,8,13579,24.3,HOEP (Legacy)
2003-05-25 08:00:00,2003,5,9,14370,25.5,HOEP (Legacy)
2003-05-25 09:00:00,2003,5,10,14909,25.56,HOEP (Legacy)
2003-05-25 10:00:00,2003,5,11,15160,25.91,HOEP (Legacy)
2003-05-25 11:00:00,2003,5,12,15248,27.18,HOEP (Legacy)
2003-05-25 12:00:00,2003,5,13,15100,26.85,HOEP (Legacy)
2003-05-25 13:00:00,2003,5,14,14943,26.38,HOEP (Legacy)
2003-05-25 14:00:00,2003,5,15,14911,26.45,HOEP (Legacy)
2003-05-25 15:00:00,2003,5,16,15152,26.18,HOEP (Legacy)
2003-05-25 16:00:00,2003,5,17,15334,26.51,HOEP (Legacy)
2003-05-25 17:00:00,2003,5,18,15174,24.69,HOEP (Legacy)
2003-05-25 18:00:00,2003,5,19,14830,24.94,HOEP (Legacy)
2003-05-25 19:00:00,2003,5,20,15257,25.27,HOEP (Legacy)
2003-05-25 20:00:00,2003,5,21,15710,26.0,HOEP (Legacy)
2003-05-25 21:00:00,2003,5,22,15080,25.94,HOEP (Legacy)
2003-05-25 22:00:00,2003,5,23,13944,23.92,HOEP (Legacy)
2003-05-25 23:00:00,2003,5,24,13072,23.12,HOEP (Legacy)
2003-05-26 00:00:00,2003,5,1,12715,23.36,HOEP (Legacy)
2003-05-26 01:00:00,2003,5,2,12476,22.96,HOEP (Legacy)
2003-05-26 02:00:00,2003,5,3,12495,22.72,HOEP (Legacy)
2003-05-26 03:00:00,2003,5,4,12527,22.03,HOEP (Legacy)
2003-05-26 04:00:00,2003,5,5,13065,20.24,HOEP (Legacy)
2003-05-26 05:00:00,2003,5,6,14188,23.04,HOEP (Legacy)
2003-05-26 06:00:00,2003,5,7,16183,24.59,HOEP (Legacy)
2003-05-26 07:00:00,2003,5,8,17183,27.33,HOEP (Legacy)
2003-05-26 08:00:00,2003,5,9,17716,36.19,HOEP (Legacy)
2003-05-26 09:00:00,2003,5,10,17908,27.66,HOEP (Legacy)
2003-05-26 10:00:00,2003,5,11,17990,26.96,HOEP (Legacy)
2003-05-26 11:00:00,2003,5,12,17844,29.72,HOEP (Legacy)
2003-05-26 12:00:00,2003,5,13,17845,63.2,HOEP (Legacy)
2003-05-26 13:00:00,2003,5,14,17739,68.41,HOEP (Legacy)
2003-05-26 14:00:00,2003,5,15,17771,78.34,HOEP (Legacy)
2003-05-26 15:00:00,2003,5,16,17870,43.14,HOEP (Legacy)
2003-05-26 16:00:00,2003,5,17,17836,33.1,HOEP (Legacy)
2003-05-26 17:00:00,2003,5,18,17483,27.59,HOEP (Legacy)
2003-05-26 18:00:00,2003,5,19,17118,26.97,HOEP (Legacy)
2003-05-26 19:00:00,2003,5,20,17265,26.98,HOEP (Legacy)
2003-05-26 20:00:00,2003,5,21,17546,27.56,HOEP (Legacy)
2003-05-26 21:00:00,2003,5,22,16463,25.69,HOEP (Legacy)
2003-05-26 22:00:00,2003,5,23,14940,24.31,HOEP (Legacy)
2003-05-26 23:00:00,2003,5,24,13896,24.07,HOEP (Legacy)
2003-05-27 00:00:00,2003,5,1,13532,23.29,HOEP (Legacy)
2003-05-27 01:00:00,2003,5,2,13224,22.79,HOEP (Legacy)
2003-05-27 02:00:00,2003,5,3,12983,23.42,HOEP (Legacy)
2003-05-27 03:00:00,2003,5,4,13040,23.54,HOEP (Legacy)
2003-05-27 04:00:00,2003,5,5,13441,23.28,HOEP (Legacy)
2003-05-27 05:00:00,2003,5,6,14468,24.71,HOEP (Legacy)
2003-05-27 06:00:00,2003,5,7,16390,31.23,HOEP (Legacy)
2003-05-27 07:00:00,2003,5,8,17256,64.2,HOEP (Legacy)
2003-05-27 08:00:00,2003,5,9,17565,64.01,HOEP (Legacy)
2003-05-27 09:00:00,2003,5,10,17826,79.84,HOEP (Legacy)
2003-05-27 10:00:00,2003,5,11,17921,73.11,HOEP (Legacy)
2003-05-27 11:00:00,2003,5,12,17785,28.96,HOEP (Legacy)
2003-05-27 12:00:00,2003,5,13,17729,32.89,HOEP (Legacy)
2003-05-27 13:00:00,2003,5,14,17712,51.61,HOEP (Legacy)
2003-05-27 14:00:00,2003,5,15,17733,28.27,HOEP (Legacy)
2003-05-27 15:00:00,2003,5,16,17980,77.19,HOEP (Legacy)
2003-05-27 16:00:00,2003,5,17,17877,28.91,HOEP (Legacy)
2003-05-27 17:00:00,2003,5,18,17443,48.23,HOEP (Legacy)
2003-05-27 18:00:00,2003,5,19,17122,26.9,HOEP (Legacy)
2003-05-27 19:00:00,2003,5,20,17328,35.92,HOEP (Legacy)
2003-05-27 20:00:00,2003,5,21,17553,73.8,HOEP (Legacy)
2003-05-27 21:00:00,2003,5,22,16505,47.25,HOEP (Legacy)
2003-05-27 22:00:00,2003,5,23,15158,26.85,HOEP (Legacy)
2003-05-27 23:00:00,2003,5,24,14064,24.94,HOEP (Legacy)
2003-05-28 00:00:00,2003,5,1,13555,24.66,HOEP (Legacy)
2003-05-28 01:00:00,2003,5,2,13243,24.1,HOEP (Legacy)
2003-05-28 02:00:00,2003,5,3,13025,23.64,HOEP (Legacy)
2003-05-28 03:00:00,2003,5,4,13023,23.72,HOEP (Legacy)
2003-05-28 04:00:00,2003,5,5,13374,23.73,HOEP (Legacy)
2003-05-28 05:00:00,2003,5,6,14435,25.39,HOEP (Legacy)
2003-05-28 06:00:00,2003,5,7,16313,32.36,HOEP (Legacy)
2003-05-28 07:00:00,2003,5,8,17166,77.58,HOEP (Legacy)
2003-05-28 08:00:00,2003,5,9,17503,33.79,HOEP (Legacy)
2003-05-28 09:00:00,2003,5,10,17706,78.5,HOEP (Legacy)
2003-05-28 10:00:00,2003,5,11,17843,69.68,HOEP (Legacy)
2003-05-28 11:00:00,2003,5,12,17904,85.98,HOEP (Legacy)
2003-05-28 12:00:00,2003,5,13,17883,83.01,HOEP (Legacy)
2003-05-28 13:00:00,2003,5,14,17775,76.03,HOEP (Legacy)
2003-05-28 14:00:00,2003,5,15,17901,82.14,HOEP (Legacy)
2003-05-28 15:00:00,2003,5,16,18106,75.46,HOEP (Legacy)
2003-05-28 16:00:00,2003,5,17,18108,75.43,HOEP (Legacy)
2003-05-28 17:00:00,2003,5,18,17678,59.7,HOEP (Legacy)
2003-05-28 18:00:00,2003,5,19,17325,28.1,HOEP (Legacy)
2003-05-28 19:00:00,2003,5,20,17480,38.02,HOEP (Legacy)
2003-05-28 20:00:00,2003,5,21,17551,65.42,HOEP (Legacy)
2003-05-28 21:00:00,2003,5,22,16590,35.65,HOEP (Legacy)
2003-05-28 22:00:00,2003,5,23,15091,25.94,HOEP (Legacy)
2003-05-28 23:00:00,2003,5,24,13978,25.13,HOEP (Legacy)
2003-05-29 00:00:00,2003,5,1,13367,23.72,HOEP (Legacy)
2003-05-29 01:00:00,2003,5,2,13069,23.74,HOEP (Legacy)
2003-05-29 02:00:00,2003,5,3,12922,23.07,HOEP (Legacy)
2003-05-29 03:00:00,2003,5,4,13038,23.68,HOEP (Legacy)
2003-05-29 04:00:00,2003,5,5,13452,24.03,HOEP (Legacy)
2003-05-29 05:00:00,2003,5,6,14461,26.9,HOEP (Legacy)
2003-05-29 06:00:00,2003,5,7,16334,27.27,HOEP (Legacy)
2003-05-29 07:00:00,2003,5,8,17290,42.29,HOEP (Legacy)
2003-05-29 08:00:00,2003,5,9,17511,54.47,HOEP (Legacy)
2003-05-29 09:00:00,2003,5,10,17884,57.5,HOEP (Legacy)
2003-05-29 10:00:00,2003,5,11,18135,51.76,HOEP (Legacy)
2003-05-29 11:00:00,2003,5,12,18049,50.23,HOEP (Legacy)
2003-05-29 12:00:00,2003,5,13,18139,47.74,HOEP (Legacy)
2003-05-29 13:00:00,2003,5,14,18030,50.34,HOEP (Legacy)
2003-05-29 14:00:00,2003,5,15,18001,32.69,HOEP (Legacy)
2003-05-29 15:00:00,2003,5,16,18208,75.06,HOEP (Legacy)
2003-05-29 16:00:00,2003,5,17,18093,76.22,HOEP (Legacy)
2003-05-29 17:00:00,2003,5,18,17805,63.1,HOEP (Legacy)
2003-05-29 18:00:00,2003,5,19,17414,76.53,HOEP (Legacy)
2003-05-29 19:00:00,2003,5,20,17554,79.68,HOEP (Legacy)
2003-05-29 20:00:00,2003,5,21,17553,82.61,HOEP (Legacy)
2003-05-29 21:00:00,2003,5,22,16605,52.72,HOEP (Legacy)
2003-05-29 22:00:00,2003,5,23,15260,33.5,HOEP (Legacy)
2003-05-29 23:00:00,2003,5,24,14076,25.15,HOEP (Legacy)
2003-05-30 00:00:00,2003,5,1,13467,23.92,HOEP (Legacy)
2003-05-30 01:00:00,2003,5,2,13113,22.08,HOEP (Legacy)
2003-05-30 02:00:00,2003,5,3,12977,17.79,HOEP (Legacy)
2003-05-30 03:00:00,2003,5,4,12947,17.88,HOEP (Legacy)
2003-05-30 04:00:00,2003,5,5,13388,22.14,HOEP (Legacy)
2003-05-30 05:00:00,2003,5,6,14522,25.1,HOEP (Legacy)
2003-05-30 06:00:00,2003,5,7,16389,35.41,HOEP (Legacy)
2003-05-30 07:00:00,2003,5,8,17375,28.75,HOEP (Legacy)
2003-05-30 08:00:00,2003,5,9,17749,53.37,HOEP (Legacy)
2003-05-30 09:00:00,2003,5,10,18095,41.56,HOEP (Legacy)
2003-05-30 10:00:00,2003,5,11,18224,50.43,HOEP (Legacy)
2003-05-30 11:00:00,2003,5,12,18106,53.05,HOEP (Legacy)
2003-05-30 12:00:00,2003,5,13,18065,32.63,HOEP (Legacy)
2003-05-30 13:00:00,2003,5,14,17904,44.03,HOEP (Legacy)
2003-05-30 14:00:00,2003,5,15,17772,49.76,HOEP (Legacy)
2003-05-30 15:00:00,2003,5,16,17776,42.79,HOEP (Legacy)
2003-05-30 16:00:00,2003,5,17,17568,26.75,HOEP (Legacy)
2003-05-30 17:00:00,2003,5,18,17194,33.12,HOEP (Legacy)
2003-05-30 18:00:00,2003,5,19,16849,27.41,HOEP (Legacy)
2003-05-30 19:00:00,2003,5,20,16965,37.21,HOEP (Legacy)
2003-05-30 20:00:00,2003,5,21,16971,44.54,HOEP (Legacy)
2003-05-30 21:00:00,2003,5,22,16074,47.8,HOEP (Legacy)
2003-05-30 22:00:00,2003,5,23,14806,27.26,HOEP (Legacy)
2003-05-30 23:00:00,2003,5,24,13768,25.26,HOEP (Legacy)
2003-05-31 00:00:00,2003,5,1,13120,24.44,HOEP (Legacy)
2003-05-31 01:00:00,2003,5,2,12743,24.35,HOEP (Legacy)
2003-05-31 02:00:00,2003,5,3,12537,22.81,HOEP (Legacy)
2003-05-31 03:00:00,2003,5,4,12379,23.73,HOEP (Legacy)
2003-05-31 04:00:00,2003,5,5,12547,23.97,HOEP (Legacy)
2003-05-31 05:00:00,2003,5,6,12792,23.11,HOEP (Legacy)
2003-05-31 06:00:00,2003,5,7,13643,26.31,HOEP (Legacy)
2003-05-31 07:00:00,2003,5,8,14798,28.36,HOEP (Legacy)
2003-05-31 08:00:00,2003,5,9,15604,32.83,HOEP (Legacy)
2003-05-31 09:00:00,2003,5,10,15997,44.19,HOEP (Legacy)
2003-05-31 10:00:00,2003,5,11,16264,72.75,HOEP (Legacy)
2003-05-31 11:00:00,2003,5,12,16167,48.48,HOEP (Legacy)
2003-05-31 12:00:00,2003,5,13,16003,77.97,HOEP (Legacy)
2003-05-31 13:00:00,2003,5,14,15764,59.75,HOEP (Legacy)
2003-05-31 14:00:00,2003,5,15,15601,61.01,HOEP (Legacy)
2003-05-31 15:00:00,2003,5,16,15751,69.34,HOEP (Legacy)
2003-05-31 16:00:00,2003,5,17,15907,76.93,HOEP (Legacy)
2003-05-31 17:00:00,2003,5,18,15697,70.37,HOEP (Legacy)
2003-05-31 18:00:00,2003,5,19,15423,43.94,HOEP (Legacy)
2003-05-31 19:00:00,2003,5,20,15423,40.77,HOEP (Legacy)
2003-05-31 20:00:00,2003,5,21,15569,69.32,HOEP (Legacy)
2003-05-31 21:00:00,2003,5,22,15044,43.85,HOEP (Legacy)
2003-05-31 22:00:00,2003,5,23,14132,27.89,HOEP (Legacy)
2003-05-31 23:00:00,2003,5,24,13258,24.55,HOEP (Legacy)
2003-06-01 00:00:00,2003,6,1,12757,25.32,HOEP (Legacy)
2003-06-01 01:00:00,2003,6,2,12458,22.73,HOEP (Legacy)
2003-06-01 02:00:00,2003,6,3,12259,21.96,HOEP (Legacy)
2003-06-01 03:00:00,2003,6,4,12271,19.32,HOEP (Legacy)
2003-06-01 04:00:00,2003,6,5,12153,21.96,HOEP (Legacy)
2003-06-01 05:00:00,2003,6,6,12153,22.89,HOEP (Legacy)
2003-06-01 06:00:00,2003,6,7,12724,24.14,HOEP (Legacy)
2003-06-01 07:00:00,2003,6,8,13906,26.48,HOEP (Legacy)
2003-06-01 08:00:00,2003,6,9,14600,28.9,HOEP (Legacy)
2003-06-01 09:00:00,2003,6,10,15037,28.15,HOEP (Legacy)
2003-06-01 10:00:00,2003,6,11,15243,30.36,HOEP (Legacy)
2003-06-01 11:00:00,2003,6,12,15232,36.43,HOEP (Legacy)
2003-06-01 12:00:00,2003,6,13,15047,33.16,HOEP (Legacy)
2003-06-01 13:00:00,2003,6,14,14787,36.54,HOEP (Legacy)
2003-06-01 14:00:00,2003,6,15,14744,40.95,HOEP (Legacy)
2003-06-01 15:00:00,2003,6,16,14936,45.85,HOEP (Legacy)
2003-06-01 16:00:00,2003,6,17,15168,59.88,HOEP (Legacy)
2003-06-01 17:00:00,2003,6,18,15053,72.32,HOEP (Legacy)
2003-06-01 18:00:00,2003,6,19,15004,36.95,HOEP (Legacy)
2003-06-01 19:00:00,2003,6,20,15198,133.15,HOEP (Legacy)
2003-06-01 20:00:00,2003,6,21,15721,86.07,HOEP (Legacy)
2003-06-01 21:00:00,2003,6,22,15066,34.55,HOEP (Legacy)
2003-06-01 22:00:00,2003,6,23,14055,25.18,HOEP (Legacy)
2003-06-01 23:00:00,2003,6,24,13333,23.26,HOEP (Legacy)
2003-06-02 00:00:00,2003,6,1,12775,23.44,HOEP (Legacy)
2003-06-02 01:00:00,2003,6,2,12668,22.52,HOEP (Legacy)
2003-06-02 02:00:00,2003,6,3,12606,21.13,HOEP (Legacy)
2003-06-02 03:00:00,2003,6,4,12753,21.64,HOEP (Legacy)
2003-06-02 04:00:00,2003,6,5,13267,22.15,HOEP (Legacy)
2003-06-02 05:00:00,2003,6,6,14479,26.76,HOEP (Legacy)
2003-06-02 06:00:00,2003,6,7,16267,43.4,HOEP (Legacy)
2003-06-02 07:00:00,2003,6,8,17195,76.96,HOEP (Legacy)
2003-06-02 08:00:00,2003,6,9,17651,48.16,HOEP (Legacy)
2003-06-02 09:00:00,2003,6,10,18008,74.92,HOEP (Legacy)
2003-06-02 10:00:00,2003,6,11,18339,78.01,HOEP (Legacy)
2003-06-02 11:00:00,2003,6,12,18138,65.97,HOEP (Legacy)
2003-06-02 12:00:00,2003,6,13,18123,68.18,HOEP (Legacy)
2003-06-02 13:00:00,2003,6,14,18061,85.07,HOEP (Legacy)
2003-06-02 14:00:00,2003,6,15,17962,64.35,HOEP (Legacy)
2003-06-02 15:00:00,2003,6,16,18036,88.5,HOEP (Legacy)
2003-06-02 16:00:00,2003,6,17,17896,231.0,HOEP (Legacy)
2003-06-02 17:00:00,2003,6,18,17323,26.85,HOEP (Legacy)
2003-06-02 18:00:00,2003,6,19,16928,25.63,HOEP (Legacy)
2003-06-02 19:00:00,2003,6,20,17110,34.32,HOEP (Legacy)
2003-06-02 20:00:00,2003,6,21,17405,51.29,HOEP (Legacy)
2003-06-02 21:00:00,2003,6,22,16394,38.75,HOEP (Legacy)
2003-06-02 22:00:00,2003,6,23,15050,24.92,HOEP (Legacy)
2003-06-02 23:00:00,2003,6,24,13977,24.45,HOEP (Legacy)
2003-06-03 00:00:00,2003,6,1,13444,23.19,HOEP (Legacy)
2003-06-03 01:00:00,2003,6,2,13125,22.21,HOEP (Legacy)
2003-06-03 02:00:00,2003,6,3,12928,19.84,HOEP (Legacy)
2003-06-03 03:00:00,2003,6,4,12989,19.74,HOEP (Legacy)
2003-06-03 04:00:00,2003,6,5,13267,21.86,HOEP (Legacy)
2003-06-03 05:00:00,2003,6,6,14327,25.34,HOEP (Legacy)
2003-06-03 06:00:00,2003,6,7,16187,35.06,HOEP (Legacy)
2003-06-03 07:00:00,2003,6,8,17035,29.33,HOEP (Legacy)
2003-06-03 08:00:00,2003,6,9,17316,32.78,HOEP (Legacy)
2003-06-03 09:00:00,2003,6,10,17702,29.69,HOEP (Legacy)
2003-06-03 10:00:00,2003,6,11,17760,30.98,HOEP (Legacy)
2003-06-03 11:00:00,2003,6,12,17738,65.0,HOEP (Legacy)
2003-06-03 12:00:00,2003,6,13,17662,80.7,HOEP (Legacy)
2003-06-03 13:00:00,2003,6,14,17488,42.42,HOEP (Legacy)
2003-06-03 14:00:00,2003,6,15,17691,57.91,HOEP (Legacy)
2003-06-03 15:00:00,2003,6,16,17882,104.69,HOEP (Legacy)
2003-06-03 16:00:00,2003,6,17,17821,81.53,HOEP (Legacy)
2003-06-03 17:00:00,2003,6,18,17457,31.19,HOEP (Legacy)
2003-06-03 18:00:00,2003,6,19,17048,37.8,HOEP (Legacy)
2003-06-03 19:00:00,2003,6,20,17241,114.64,HOEP (Legacy)
2003-06-03 20:00:00,2003,6,21,17342,65.81,HOEP (Legacy)
2003-06-03 21:00:00,2003,6,22,16245,24.41,HOEP (Legacy)
2003-06-03 22:00:00,2003,6,23,14897,25.11,HOEP (Legacy)
2003-06-03 23:00:00,2003,6,24,13881,23.74,HOEP (Legacy)
2003-06-04 00:00:00,2003,6,1,13406,21.57,HOEP (Legacy)
2003-06-04 01:00:00,2003,6,2,13160,17.02,HOEP (Legacy)
2003-06-04 02:00:00,2003,6,3,13097,22.17,HOEP (Legacy)
2003-06-04 03:00:00,2003,6,4,13174,23.96,HOEP (Legacy)
2003-06-04 04:00:00,2003,6,5,13435,24.14,HOEP (Legacy)
2003-06-04 05:00:00,2003,6,6,14399,27.54,HOEP (Legacy)
2003-06-04 06:00:00,2003,6,7,16316,34.19,HOEP (Legacy)
2003-06-04 07:00:00,2003,6,8,17198,39.24,HOEP (Legacy)
2003-06-04 08:00:00,2003,6,9,17504,48.96,HOEP (Legacy)
2003-06-04 09:00:00,2003,6,10,17798,65.09,HOEP (Legacy)
2003-06-04 10:00:00,2003,6,11,17898,101.8,HOEP (Legacy)
2003-06-04 11:00:00,2003,6,12,17832,77.67,HOEP (Legacy)
2003-06-04 12:00:00,2003,6,13,17871,57.92,HOEP (Legacy)
2003-06-04 13:00:00,2003,6,14,17653,46.76,HOEP (Legacy)
2003-06-04 14:00:00,2003,6,15,17949,44.86,HOEP (Legacy)
2003-06-04 15:00:00,2003,6,16,18265,58.71,HOEP (Legacy)
2003-06-04 16:00:00,2003,6,17,18410,63.86,HOEP (Legacy)
2003-06-04 17:00:00,2003,6,18,18095,45.49,HOEP (Legacy)
2003-06-04 18:00:00,2003,6,19,17902,47.72,HOEP (Legacy)
2003-06-04 19:00:00,2003,6,20,17939,54.51,HOEP (Legacy)
2003-06-04 20:00:00,2003,6,21,17764,85.84,HOEP (Legacy)
2003-06-04 21:00:00,2003,6,22,16546,31.45,HOEP (Legacy)
2003-06-04 22:00:00,2003,6,23,15110,26.07,HOEP (Legacy)
2003-06-04 23:00:00,2003,6,24,14032,22.24,HOEP (Legacy)
2003-06-05 00:00:00,2003,6,1,13587,26.64,HOEP (Legacy)
2003-06-05 01:00:00,2003,6,2,13244,23.02,HOEP (Legacy)
2003-06-05 02:00:00,2003,6,3,12973,22.95,HOEP (Legacy)
2003-06-05 03:00:00,2003,6,4,12980,23.15,HOEP (Legacy)
2003-06-05 04:00:00,2003,6,5,13353,23.25,HOEP (Legacy)
2003-06-05 05:00:00,2003,6,6,14516,24.66,HOEP (Legacy)
2003-06-05 06:00:00,2003,6,7,16420,49.44,HOEP (Legacy)
2003-06-05 07:00:00,2003,6,8,17478,49.06,HOEP (Legacy)
2003-06-05 08:00:00,2003,6,9,17738,58.17,HOEP (Legacy)
2003-06-05 09:00:00,2003,6,10,17945,41.2,HOEP (Legacy)
2003-06-05 10:00:00,2003,6,11,18096,66.93,HOEP (Legacy)
2003-06-05 11:00:00,2003,6,12,18059,51.92,HOEP (Legacy)
2003-06-05 12:00:00,2003,6,13,17992,66.25,HOEP (Legacy)
2003-06-05 13:00:00,2003,6,14,17840,55.34,HOEP (Legacy)
2003-06-05 14:00:00,2003,6,15,17927,100.91,HOEP (Legacy)
2003-06-05 15:00:00,2003,6,16,18089,49.93,HOEP (Legacy)
2003-06-05 16:00:00,2003,6,17,18123,62.25,HOEP (Legacy)
2003-06-05 17:00:00,2003,6,18,17698,31.38,HOEP (Legacy)
2003-06-05 18:00:00,2003,6,19,17449,29.91,HOEP (Legacy)
2003-06-05 19:00:00,2003,6,20,17550,46.6,HOEP (Legacy)
2003-06-05 20:00:00,2003,6,21,17524,27.8,HOEP (Legacy)
2003-06-05 21:00:00,2003,6,22,16514,42.99,HOEP (Legacy)
2003-06-05 22:00:00,2003,6,23,15207,27.07,HOEP (Legacy)
2003-06-05 23:00:00,2003,6,24,14083,26.07,HOEP (Legacy)
2003-06-06 00:00:00,2003,6,1,13619,23.09,HOEP (Legacy)
2003-06-06 01:00:00,2003,6,2,13170,22.38,HOEP (Legacy)
2003-06-06 02:00:00,2003,6,3,12969,24.49,HOEP (Legacy)
2003-06-06 03:00:00,2003,6,4,13145,23.4,HOEP (Legacy)
2003-06-06 04:00:00,2003,6,5,13411,23.0,HOEP (Legacy)
2003-06-06 05:00:00,2003,6,6,14504,25.94,HOEP (Legacy)
2003-06-06 06:00:00,2003,6,7,16363,27.94,HOEP (Legacy)
2003-06-06 07:00:00,2003,6,8,17296,30.84,HOEP (Legacy)
2003-06-06 08:00:00,2003,6,9,17808,42.77,HOEP (Legacy)
2003-06-06 09:00:00,2003,6,10,18172,68.04,HOEP (Legacy)
2003-06-06 10:00:00,2003,6,11,18265,72.16,HOEP (Legacy)
2003-06-06 11:00:00,2003,6,12,18267,37.81,HOEP (Legacy)
2003-06-06 12:00:00,2003,6,13,18239,63.03,HOEP (Legacy)
2003-06-06 13:00:00,2003,6,14,18122,80.3,HOEP (Legacy)
2003-06-06 14:00:00,2003,6,15,18077,66.15,HOEP (Legacy)
2003-06-06 15:00:00,2003,6,16,18067,83.68,HOEP (Legacy)
2003-06-06 16:00:00,2003,6,17,17733,29.36,HOEP (Legacy)
2003-06-06 17:00:00,2003,6,18,17316,28.84,HOEP (Legacy)
2003-06-06 18:00:00,2003,6,19,17031,27.84,HOEP (Legacy)
2003-06-06 19:00:00,2003,6,20,17126,40.85,HOEP (Legacy)
2003-06-06 20:00:00,2003,6,21,17207,69.17,HOEP (Legacy)
2003-06-06 21:00:00,2003,6,22,16316,27.82,HOEP (Legacy)
2003-06-06 22:00:00,2003,6,23,15080,26.58,HOEP (Legacy)
2003-06-06 23:00:00,2003,6,24,13892,25.61,HOEP (Legacy)
2003-06-07 00:00:00,2003,6,1,13210,23.98,HOEP (Legacy)
2003-06-07 01:00:00,2003,6,2,12743,22.75,HOEP (Legacy)
2003-06-07 02:00:00,2003,6,3,12565,20.72,HOEP (Legacy)
2003-06-07 03:00:00,2003,6,4,12332,19.07,HOEP (Legacy)
2003-06-07 04:00:00,2003,6,5,12310,18.95,HOEP (Legacy)
2003-06-07 05:00:00,2003,6,6,12591,18.08,HOEP (Legacy)
2003-06-07 06:00:00,2003,6,7,13746,24.83,HOEP (Legacy)
2003-06-07 07:00:00,2003,6,8,14790,28.3,HOEP (Legacy)
2003-06-07 08:00:00,2003,6,9,15671,56.48,HOEP (Legacy)
2003-06-07 09:00:00,2003,6,10,16207,39.03,HOEP (Legacy)
2003-06-07 10:00:00,2003,6,11,16373,73.19,HOEP (Legacy)
2003-06-07 11:00:00,2003,6,12,16227,31.86,HOEP (Legacy)
2003-06-07 12:00:00,2003,6,13,16082,33.35,HOEP (Legacy)
2003-06-07 13:00:00,2003,6,14,15912,27.17,HOEP (Legacy)
2003-06-07 14:00:00,2003,6,15,15748,25.51,HOEP (Legacy)
2003-06-07 15:00:00,2003,6,16,15852,27.39,HOEP (Legacy)
2003-06-07 16:00:00,2003,6,17,15928,26.15,HOEP (Legacy)
2003-06-07 17:00:00,2003,6,18,15615,25.0,HOEP (Legacy)
2003-06-07 18:00:00,2003,6,19,15498,24.99,HOEP (Legacy)
2003-06-07 19:00:00,2003,6,20,15474,25.17,HOEP (Legacy)
2003-06-07 20:00:00,2003,6,21,15764,24.91,HOEP (Legacy)
2003-06-07 21:00:00,2003,6,22,15232,24.67,HOEP (Legacy)
2003-06-07 22:00:00,2003,6,23,14082,23.31,HOEP (Legacy)
2003-06-07 23:00:00,2003,6,24,13238,22.72,HOEP (Legacy)
2003-06-08 00:00:00,2003,6,1,12658,20.34,HOEP (Legacy)
2003-06-08 01:00:00,2003,6,2,12301,18.92,HOEP (Legacy)
2003-06-08 02:00:00,2003,6,3,12201,19.04,HOEP (Legacy)
2003-06-08 03:00:00,2003,6,4,12074,21.73,HOEP (Legacy)
2003-06-08 04:00:00,2003,6,5,12012,21.5,HOEP (Legacy)
2003-06-08 05:00:00,2003,6,6,12088,22.32,HOEP (Legacy)
2003-06-08 06:00:00,2003,6,7,12511,16.49,HOEP (Legacy)
2003-06-08 07:00:00,2003,6,8,13552,19.64,HOEP (Legacy)
2003-06-08 08:00:00,2003,6,9,14639,24.87,HOEP (Legacy)
2003-06-08 09:00:00,2003,6,10,15347,29.81,HOEP (Legacy)
2003-06-08 10:00:00,2003,6,11,15625,29.56,HOEP (Legacy)
2003-06-08 11:00:00,2003,6,12,15789,43.36,HOEP (Legacy)
2003-06-08 12:00:00,2003,6,13,15769,31.39,HOEP (Legacy)
2003-06-08 13:00:00,2003,6,14,15748,27.04,HOEP (Legacy)
2003-06-08 14:00:00,2003,6,15,15718,26.31,HOEP (Legacy)
2003-06-08 15:00:00,2003,6,16,16029,28.18,HOEP (Legacy)
2003-06-08 16:00:00,2003,6,17,16261,27.63,HOEP (Legacy)
2003-06-08 17:00:00,2003,6,18,16234,27.93,HOEP (Legacy)
2003-06-08 18:00:00,2003,6,19,16325,28.12,HOEP (Legacy)
2003-06-08 19:00:00,2003,6,20,16514,29.88,HOEP (Legacy)
2003-06-08 20:00:00,2003,6,21,16495,29.54,HOEP (Legacy)
2003-06-08 21:00:00,2003,6,22,15645,26.04,HOEP (Legacy)
2003-06-08 22:00:00,2003,6,23,14310,24.97,HOEP (Legacy)
2003-06-08 23:00:00,2003,6,24,13532,23.63,HOEP (Legacy)
2003-06-09 00:00:00,2003,6,1,13036,22.91,HOEP (Legacy)
2003-06-09 01:00:00,2003,6,2,12821,19.85,HOEP (Legacy)
2003-06-09 02:00:00,2003,6,3,12627,18.61,HOEP (Legacy)
2003-06-09 03:00:00,2003,6,4,12672,18.6,HOEP (Legacy)
2003-06-09 04:00:00,2003,6,5,13178,19.84,HOEP (Legacy)
2003-06-09 05:00:00,2003,6,6,14275,23.34,HOEP (Legacy)
2003-06-09 06:00:00,2003,6,7,16207,25.43,HOEP (Legacy)
2003-06-09 07:00:00,2003,6,8,17376,49.28,HOEP (Legacy)
2003-06-09 08:00:00,2003,6,9,17933,60.23,HOEP (Legacy)
2003-06-09 09:00:00,2003,6,10,18153,75.53,HOEP (Legacy)
2003-06-09 10:00:00,2003,6,11,18306,84.56,HOEP (Legacy)
2003-06-09 11:00:00,2003,6,12,18285,80.12,HOEP (Legacy)
2003-06-09 12:00:00,2003,6,13,18432,81.35,HOEP (Legacy)
2003-06-09 13:00:00,2003,6,14,18186,40.0,HOEP (Legacy)
2003-06-09 14:00:00,2003,6,15,18195,58.01,HOEP (Legacy)
2003-06-09 15:00:00,2003,6,16,18386,47.53,HOEP (Legacy)
2003-06-09 16:00:00,2003,6,17,18360,28.71,HOEP (Legacy)
2003-06-09 17:00:00,2003,6,18,17916,27.82,HOEP (Legacy)
2003-06-09 18:00:00,2003,6,19,17419,25.79,HOEP (Legacy)
2003-06-09 19:00:00,2003,6,20,17356,25.55,HOEP (Legacy)
2003-06-09 20:00:00,2003,6,21,17513,26.37,HOEP (Legacy)
2003-06-09 21:00:00,2003,6,22,16596,24.56,HOEP (Legacy)
2003-06-09 22:00:00,2003,6,23,15111,22.92,HOEP (Legacy)
2003-06-09 23:00:00,2003,6,24,14031,21.1,HOEP (Legacy)
2003-06-10 00:00:00,2003,6,1,13510,20.95,HOEP (Legacy)
2003-06-10 01:00:00,2003,6,2,13076,18.95,HOEP (Legacy)
2003-06-10 02:00:00,2003,6,3,12884,18.98,HOEP (Legacy)
2003-06-10 03:00:00,2003,6,4,12929,19.78,HOEP (Legacy)
2003-06-10 04:00:00,2003,6,5,13222,19.2,HOEP (Legacy)
2003-06-10 05:00:00,2003,6,6,14172,22.69,HOEP (Legacy)
2003-06-10 06:00:00,2003,6,7,16145,26.17,HOEP (Legacy)
2003-06-10 07:00:00,2003,6,8,17111,29.51,HOEP (Legacy)
2003-06-10 08:00:00,2003,6,9,17468,29.5,HOEP (Legacy)
2003-06-10 09:00:00,2003,6,10,17734,29.28,HOEP (Legacy)
2003-06-10 10:00:00,2003,6,11,18012,30.95,HOEP (Legacy)
2003-06-10 11:00:00,2003,6,12,18120,45.91,HOEP (Legacy)
2003-06-10 12:00:00,2003,6,13,18098,45.62,HOEP (Legacy)
2003-06-10 13:00:00,2003,6,14,18042,52.88,HOEP (Legacy)
2003-06-10 14:00:00,2003,6,15,18051,33.03,HOEP (Legacy)
2003-06-10 15:00:00,2003,6,16,18138,30.04,HOEP (Legacy)
2003-06-10 16:00:00,2003,6,17,18028,28.36,HOEP (Legacy)
2003-06-10 17:00:00,2003,6,18,17691,27.23,HOEP (Legacy)
2003-06-10 18:00:00,2003,6,19,17402,26.5,HOEP (Legacy)
2003-06-10 19:00:00,2003,6,20,17601,27.27,HOEP (Legacy)
2003-06-10 20:00:00,2003,6,21,17664,27.31,HOEP (Legacy)
2003-06-10 21:00:00,2003,6,22,16598,26.6,HOEP (Legacy)
2003-06-10 22:00:00,2003,6,23,15061,24.69,HOEP (Legacy)
2003-06-10 23:00:00,2003,6,24,14100,24.28,HOEP (Legacy)
2003-06-11 00:00:00,2003,6,1,13559,23.53,HOEP (Legacy)
2003-06-11 01:00:00,2003,6,2,13307,23.63,HOEP (Legacy)
2003-06-11 02:00:00,2003,6,3,13153,22.86,HOEP (Legacy)
2003-06-11 03:00:00,2003,6,4,13065,19.28,HOEP (Legacy)
2003-06-11 04:00:00,2003,6,5,13413,23.04,HOEP (Legacy)
2003-06-11 05:00:00,2003,6,6,14608,23.7,HOEP (Legacy)
2003-06-11 06:00:00,2003,6,7,16549,26.19,HOEP (Legacy)
2003-06-11 07:00:00,2003,6,8,17753,33.55,HOEP (Legacy)
2003-06-11 08:00:00,2003,6,9,18185,87.36,HOEP (Legacy)
2003-06-11 09:00:00,2003,6,10,18582,65.41,HOEP (Legacy)
2003-06-11 10:00:00,2003,6,11,18859,73.71,HOEP (Legacy)
2003-06-11 11:00:00,2003,6,12,18866,30.18,HOEP (Legacy)
2003-06-11 12:00:00,2003,6,13,19042,57.22,HOEP (Legacy)
2003-06-11 13:00:00,2003,6,14,18962,28.92,HOEP (Legacy)
2003-06-11 14:00:00,2003,6,15,18912,27.62,HOEP (Legacy)
2003-06-11 15:00:00,2003,6,16,18916,27.68,HOEP (Legacy)
2003-06-11 16:00:00,2003,6,17,18814,26.79,HOEP (Legacy)
2003-06-11 17:00:00,2003,6,18,18241,26.17,HOEP (Legacy)
2003-06-11 18:00:00,2003,6,19,17724,23.37,HOEP (Legacy)
2003-06-11 19:00:00,2003,6,20,17595,23.77,HOEP (Legacy)
2003-06-11 20:00:00,2003,6,21,17848,25.02,HOEP (Legacy)
2003-06-11 21:00:00,2003,6,22,16865,24.7,HOEP (Legacy)
2003-06-11 22:00:00,2003,6,23,15366,23.49,HOEP (Legacy)
2003-06-11 23:00:00,2003,6,24,14360,23.23,HOEP (Legacy)
2003-06-12 00:00:00,2003,6,1,13746,22.04,HOEP (Legacy)
2003-06-12 01:00:00,2003,6,2,13411,21.76,HOEP (Legacy)
2003-06-12 02:00:00,2003,6,3,13224,21.36,HOEP (Legacy)
2003-06-12 03:00:00,2003,6,4,13212,21.58,HOEP (Legacy)
2003-06-12 04:00:00,2003,6,5,13521,21.63,HOEP (Legacy)
2003-06-12 05:00:00,2003,6,6,14546,22.65,HOEP (Legacy)
2003-06-12 06:00:00,2003,6,7,16400,23.69,HOEP (Legacy)
2003-06-12 07:00:00,2003,6,8,17458,24.31,HOEP (Legacy)
2003-06-12 08:00:00,2003,6,9,17893,24.8,HOEP (Legacy)
2003-06-12 09:00:00,2003,6,10,18161,25.65,HOEP (Legacy)
2003-06-12 10:00:00,2003,6,11,18370,77.77,HOEP (Legacy)
2003-06-12 11:00:00,2003,6,12,18215,82.12,HOEP (Legacy)
2003-06-12 12:00:00,2003,6,13,17978,81.49,HOEP (Legacy)
2003-06-12 13:00:00,2003,6,14,18002,39.77,HOEP (Legacy)
2003-06-12 14:00:00,2003,6,15,18020,23.41,HOEP (Legacy)
2003-06-12 15:00:00,2003,6,16,18228,23.59,HOEP (Legacy)
2003-06-12 16:00:00,2003,6,17,18035,24.9,HOEP (Legacy)
2003-06-12 17:00:00,2003,6,18,17816,24.77,HOEP (Legacy)
2003-06-12 18:00:00,2003,6,19,17884,25.66,HOEP (Legacy)
2003-06-12 19:00:00,2003,6,20,17784,26.28,HOEP (Legacy)
2003-06-12 20:00:00,2003,6,21,17703,25.82,HOEP (Legacy)
2003-06-12 21:00:00,2003,6,22,16644,22.69,HOEP (Legacy)
2003-06-12 22:00:00,2003,6,23,15271,22.12,HOEP (Legacy)
2003-06-12 23:00:00,2003,6,24,14195,22.48,HOEP (Legacy)
2003-06-13 00:00:00,2003,6,1,13595,23.24,HOEP (Legacy)
2003-06-13 01:00:00,2003,6,2,13301,22.73,HOEP (Legacy)
2003-06-13 02:00:00,2003,6,3,13119,22.21,HOEP (Legacy)
2003-06-13 03:00:00,2003,6,4,13164,22.89,HOEP (Legacy)
2003-06-13 04:00:00,2003,6,5,13581,22.72,HOEP (Legacy)
2003-06-13 05:00:00,2003,6,6,14816,24.72,HOEP (Legacy)
2003-06-13 06:00:00,2003,6,7,16554,43.1,HOEP (Legacy)
2003-06-13 07:00:00,2003,6,8,17673,64.86,HOEP (Legacy)
2003-06-13 08:00:00,2003,6,9,18103,26.22,HOEP (Legacy)
2003-06-13 09:00:00,2003,6,10,18257,43.14,HOEP (Legacy)
2003-06-13 10:00:00,2003,6,11,18416,48.2,HOEP (Legacy)
2003-06-13 11:00:00,2003,6,12,18199,65.28,HOEP (Legacy)
2003-06-13 12:00:00,2003,6,13,18207,64.62,HOEP (Legacy)
2003-06-13 13:00:00,2003,6,14,18108,54.44,HOEP (Legacy)
2003-06-13 14:00:00,2003,6,15,18001,37.18,HOEP (Legacy)
2003-06-13 15:00:00,2003,6,16,18048,60.87,HOEP (Legacy)
2003-06-13 16:00:00,2003,6,17,17894,60.33,HOEP (Legacy)
2003-06-13 17:00:00,2003,6,18,17403,25.23,HOEP (Legacy)
2003-06-13 18:00:00,2003,6,19,17191,25.38,HOEP (Legacy)
2003-06-13 19:00:00,2003,6,20,17159,31.63,HOEP (Legacy)
2003-06-13 20:00:00,2003,6,21,17061,25.7,HOEP (Legacy)
2003-06-13 21:00:00,2003,6,22,16227,23.34,HOEP (Legacy)
2003-06-13 22:00:00,2003,6,23,14876,22.85,HOEP (Legacy)
2003-06-13 23:00:00,2003,6,24,13752,21.44,HOEP (Legacy)
2003-06-14 00:00:00,2003,6,1,13097,21.3,HOEP (Legacy)
2003-06-14 01:00:00,2003,6,2,12710,20.12,HOEP (Legacy)
2003-06-14 02:00:00,2003,6,3,12503,18.21,HOEP (Legacy)
2003-06-14 03:00:00,2003,6,4,12444,19.75,HOEP (Legacy)
2003-06-14 04:00:00,2003,6,5,12525,20.44,HOEP (Legacy)
2003-06-14 05:00:00,2003,6,6,12778,18.73,HOEP (Legacy)
2003-06-14 06:00:00,2003,6,7,13750,20.59,HOEP (Legacy)
2003-06-14 07:00:00,2003,6,8,14805,22.81,HOEP (Legacy)
2003-06-14 08:00:00,2003,6,9,15708,26.35,HOEP (Legacy)
2003-06-14 09:00:00,2003,6,10,16149,49.86,HOEP (Legacy)
2003-06-14 10:00:00,2003,6,11,16381,29.02,HOEP (Legacy)
2003-06-14 11:00:00,2003,6,12,16301,41.83,HOEP (Legacy)
2003-06-14 12:00:00,2003,6,13,16148,26.47,HOEP (Legacy)
2003-06-14 13:00:00,2003,6,14,15968,39.67,HOEP (Legacy)
2003-06-14 14:00:00,2003,6,15,15945,27.16,HOEP (Legacy)
2003-06-14 15:00:00,2003,6,16,16050,72.82,HOEP (Legacy)
2003-06-14 16:00:00,2003,6,17,16135,23.83,HOEP (Legacy)
2003-06-14 17:00:00,2003,6,18,15877,23.55,HOEP (Legacy)
2003-06-14 18:00:00,2003,6,19,15619,22.53,HOEP (Legacy)
2003-06-14 19:00:00,2003,6,20,15603,22.41,HOEP (Legacy)
2003-06-14 20:00:00,2003,6,21,15783,22.63,HOEP (Legacy)
2003-06-14 21:00:00,2003,6,22,15432,21.54,HOEP (Legacy)
2003-06-14 22:00:00,2003,6,23,14388,20.38,HOEP (Legacy)
2003-06-14 23:00:00,2003,6,24,13386,19.64,HOEP (Legacy)
2003-06-15 00:00:00,2003,6,1,12858,21.92,HOEP (Legacy)
2003-06-15 01:00:00,2003,6,2,12463,21.61,HOEP (Legacy)
2003-06-15 02:00:00,2003,6,3,12162,20.19,HOEP (Legacy)
2003-06-15 03:00:00,2003,6,4,11984,18.53,HOEP (Legacy)
2003-06-15 04:00:00,2003,6,5,11846,17.16,HOEP (Legacy)
2003-06-15 05:00:00,2003,6,6,11821,14.66,HOEP (Legacy)
2003-06-15 06:00:00,2003,6,7,12543,19.06,HOEP (Legacy)
2003-06-15 07:00:00,2003,6,8,13587,22.1,HOEP (Legacy)
2003-06-15 08:00:00,2003,6,9,14712,23.5,HOEP (Legacy)
2003-06-15 09:00:00,2003,6,10,15468,52.08,HOEP (Legacy)
2003-06-15 10:00:00,2003,6,11,15809,52.71,HOEP (Legacy)
2003-06-15 11:00:00,2003,6,12,15831,23.36,HOEP (Legacy)
2003-06-15 12:00:00,2003,6,13,15827,23.07,HOEP (Legacy)
2003-06-15 13:00:00,2003,6,14,15659,22.82,HOEP (Legacy)
2003-06-15 14:00:00,2003,6,15,15660,23.01,HOEP (Legacy)
2003-06-15 15:00:00,2003,6,16,15876,22.26,HOEP (Legacy)
2003-06-15 16:00:00,2003,6,17,15902,22.91,HOEP (Legacy)
2003-06-15 17:00:00,2003,6,18,15753,23.42,HOEP (Legacy)
2003-06-15 18:00:00,2003,6,19,15613,22.99,HOEP (Legacy)
2003-06-15 19:00:00,2003,6,20,15688,22.68,HOEP (Legacy)
2003-06-15 20:00:00,2003,6,21,16063,23.82,HOEP (Legacy)
2003-06-15 21:00:00,2003,6,22,15718,26.2,HOEP (Legacy)
2003-06-15 22:00:00,2003,6,23,14478,22.57,HOEP (Legacy)
2003-06-15 23:00:00,2003,6,24,13481,21.64,HOEP (Legacy)
2003-06-16 00:00:00,2003,6,1,12989,21.05,HOEP (Legacy)
2003-06-16 01:00:00,2003,6,2,12745,20.12,HOEP (Legacy)
2003-06-16 02:00:00,2003,6,3,12672,20.08,HOEP (Legacy)
2003-06-16 03:00:00,2003,6,4,12722,19.97,HOEP (Legacy)
2003-06-16 04:00:00,2003,6,5,13111,20.24,HOEP (Legacy)
2003-06-16 05:00:00,2003,6,6,14290,21.33,HOEP (Legacy)
2003-06-16 06:00:00,2003,6,7,16064,22.33,HOEP (Legacy)
2003-06-16 07:00:00,2003,6,8,17281,31.88,HOEP (Legacy)
2003-06-16 08:00:00,2003,6,9,18055,30.17,HOEP (Legacy)
2003-06-16 09:00:00,2003,6,10,18457,60.76,HOEP (Legacy)
2003-06-16 10:00:00,2003,6,11,18673,26.04,HOEP (Legacy)
2003-06-16 11:00:00,2003,6,12,18732,43.63,HOEP (Legacy)
2003-06-16 12:00:00,2003,6,13,18869,29.68,HOEP (Legacy)
2003-06-16 13:00:00,2003,6,14,18696,55.87,HOEP (Legacy)
2003-06-16 14:00:00,2003,6,15,18688,72.47,HOEP (Legacy)
2003-06-16 15:00:00,2003,6,16,18998,74.09,HOEP (Legacy)
2003-06-16 16:00:00,2003,6,17,18906,70.01,HOEP (Legacy)
2003-06-16 17:00:00,2003,6,18,18565,68.84,HOEP (Legacy)
2003-06-16 18:00:00,2003,6,19,18124,26.09,HOEP (Legacy)
2003-06-16 19:00:00,2003,6,20,17937,24.48,HOEP (Legacy)
2003-06-16 20:00:00,2003,6,21,17969,24.62,HOEP (Legacy)
2003-06-16 21:00:00,2003,6,22,17037,24.02,HOEP (Legacy)
2003-06-16 22:00:00,2003,6,23,15488,22.95,HOEP (Legacy)
2003-06-16 23:00:00,2003,6,24,14305,21.83,HOEP (Legacy)
2003-06-17 00:00:00,2003,6,1,13726,21.38,HOEP (Legacy)
2003-06-17 01:00:00,2003,6,2,13396,20.8,HOEP (Legacy)
2003-06-17 02:00:00,2003,6,3,13206,20.62,HOEP (Legacy)
2003-06-17 03:00:00,2003,6,4,13207,20.39,HOEP (Legacy)
2003-06-17 04:00:00,2003,6,5,13427,20.77,HOEP (Legacy)
2003-06-17 05:00:00,2003,6,6,14473,20.68,HOEP (Legacy)
2003-06-17 06:00:00,2003,6,7,16440,22.33,HOEP (Legacy)
2003-06-17 07:00:00,2003,6,8,17575,24.25,HOEP (Legacy)
2003-06-17 08:00:00,2003,6,9,18046,28.22,HOEP (Legacy)
2003-06-17 09:00:00,2003,6,10,18557,44.5,HOEP (Legacy)
2003-06-17 10:00:00,2003,6,11,18685,30.54,HOEP (Legacy)
2003-06-17 11:00:00,2003,6,12,18892,44.57,HOEP (Legacy)
2003-06-17 12:00:00,2003,6,13,19166,69.38,HOEP (Legacy)
2003-06-17 13:00:00,2003,6,14,19251,70.16,HOEP (Legacy)
2003-06-17 14:00:00,2003,6,15,19474,65.82,HOEP (Legacy)
2003-06-17 15:00:00,2003,6,16,19694,51.43,HOEP (Legacy)
2003-06-17 16:00:00,2003,6,17,19538,44.08,HOEP (Legacy)
2003-06-17 17:00:00,2003,6,18,19095,25.23,HOEP (Legacy)
2003-06-17 18:00:00,2003,6,19,18569,24.19,HOEP (Legacy)
2003-06-17 19:00:00,2003,6,20,18371,24.25,HOEP (Legacy)
2003-06-17 20:00:00,2003,6,21,18516,32.39,HOEP (Legacy)
2003-06-17 21:00:00,2003,6,22,17602,27.15,HOEP (Legacy)
2003-06-17 22:00:00,2003,6,23,16060,23.24,HOEP (Legacy)
2003-06-17 23:00:00,2003,6,24,14839,21.82,HOEP (Legacy)
2003-06-18 00:00:00,2003,6,1,14084,21.24,HOEP (Legacy)
2003-06-18 01:00:00,2003,6,2,13748,20.74,HOEP (Legacy)
2003-06-18 02:00:00,2003,6,3,13517,20.74,HOEP (Legacy)
2003-06-18 03:00:00,2003,6,4,13454,20.65,HOEP (Legacy)
2003-06-18 04:00:00,2003,6,5,13822,21.09,HOEP (Legacy)
2003-06-18 05:00:00,2003,6,6,14888,21.92,HOEP (Legacy)
2003-06-18 06:00:00,2003,6,7,16822,31.77,HOEP (Legacy)
2003-06-18 07:00:00,2003,6,8,17859,59.37,HOEP (Legacy)
2003-06-18 08:00:00,2003,6,9,18254,36.18,HOEP (Legacy)
2003-06-18 09:00:00,2003,6,10,18824,24.47,HOEP (Legacy)
2003-06-18 10:00:00,2003,6,11,19110,44.98,HOEP (Legacy)
2003-06-18 11:00:00,2003,6,12,19204,70.21,HOEP (Legacy)
2003-06-18 12:00:00,2003,6,13,19355,57.25,HOEP (Legacy)
2003-06-18 13:00:00,2003,6,14,19548,45.12,HOEP (Legacy)
2003-06-18 14:00:00,2003,6,15,19679,24.53,HOEP (Legacy)
2003-06-18 15:00:00,2003,6,16,19935,37.48,HOEP (Legacy)
2003-06-18 16:00:00,2003,6,17,19847,25.86,HOEP (Legacy)
2003-06-18 17:00:00,2003,6,18,19237,39.27,HOEP (Legacy)
2003-06-18 18:00:00,2003,6,19,18799,25.12,HOEP (Legacy)
2003-06-18 19:00:00,2003,6,20,18646,32.14,HOEP (Legacy)
2003-06-18 20:00:00,2003,6,21,18760,59.56,HOEP (Legacy)
2003-06-18 21:00:00,2003,6,22,17742,27.76,HOEP (Legacy)
2003-06-18 22:00:00,2003,6,23,16307,26.65,HOEP (Legacy)
2003-06-18 23:00:00,2003,6,24,15059,24.32,HOEP (Legacy)
2003-06-19 00:00:00,2003,6,1,14485,22.79,HOEP (Legacy)
2003-06-19 01:00:00,2003,6,2,14124,22.12,HOEP (Legacy)
2003-06-19 02:00:00,2003,6,3,13888,21.97,HOEP (Legacy)
2003-06-19 03:00:00,2003,6,4,13738,22.22,HOEP (Legacy)
2003-06-19 04:00:00,2003,6,5,14057,21.94,HOEP (Legacy)
2003-06-19 05:00:00,2003,6,6,14885,22.21,HOEP (Legacy)
2003-06-19 06:00:00,2003,6,7,16645,23.53,HOEP (Legacy)
2003-06-19 07:00:00,2003,6,8,17672,23.95,HOEP (Legacy)
2003-06-19 08:00:00,2003,6,9,18039,23.76,HOEP (Legacy)
2003-06-19 09:00:00,2003,6,10,18566,24.89,HOEP (Legacy)
2003-06-19 10:00:00,2003,6,11,18750,25.93,HOEP (Legacy)
2003-06-19 11:00:00,2003,6,12,18521,32.79,HOEP (Legacy)
2003-06-19 12:00:00,2003,6,13,18596,43.68,HOEP (Legacy)
2003-06-19 13:00:00,2003,6,14,18517,64.18,HOEP (Legacy)
2003-06-19 14:00:00,2003,6,15,18493,61.59,HOEP (Legacy)
2003-06-19 15:00:00,2003,6,16,18543,47.48,HOEP (Legacy)
2003-06-19 16:00:00,2003,6,17,18494,24.74,HOEP (Legacy)
2003-06-19 17:00:00,2003,6,18,17988,23.97,HOEP (Legacy)
2003-06-19 18:00:00,2003,6,19,17492,24.32,HOEP (Legacy)
2003-06-19 19:00:00,2003,6,20,17254,24.03,HOEP (Legacy)
2003-06-19 20:00:00,2003,6,21,17376,50.79,HOEP (Legacy)
2003-06-19 21:00:00,2003,6,22,16831,31.22,HOEP (Legacy)
2003-06-19 22:00:00,2003,6,23,15309,22.85,HOEP (Legacy)
2003-06-19 23:00:00,2003,6,24,14207,22.74,HOEP (Legacy)
2003-06-20 00:00:00,2003,6,1,13712,21.11,HOEP (Legacy)
2003-06-20 01:00:00,2003,6,2,13260,20.72,HOEP (Legacy)
2003-06-20 02:00:00,2003,6,3,12978,20.44,HOEP (Legacy)
2003-06-20 03:00:00,2003,6,4,13031,20.22,HOEP (Legacy)
2003-06-20 04:00:00,2003,6,5,13311,20.51,HOEP (Legacy)
2003-06-20 05:00:00,2003,6,6,14287,22.58,HOEP (Legacy)
2003-06-20 06:00:00,2003,6,7,16182,24.3,HOEP (Legacy)
2003-06-20 07:00:00,2003,6,8,17318,25.53,HOEP (Legacy)
2003-06-20 08:00:00,2003,6,9,17833,24.97,HOEP (Legacy)
2003-06-20 09:00:00,2003,6,10,18358,50.3,HOEP (Legacy)
2003-06-20 10:00:00,2003,6,11,18566,75.16,HOEP (Legacy)
2003-06-20 11:00:00,2003,6,12,18006,77.97,HOEP (Legacy)
2003-06-20 12:00:00,2003,6,13,18876,136.31,HOEP (Legacy)
2003-06-20 13:00:00,2003,6,14,18266,75.28,HOEP (Legacy)
2003-06-20 14:00:00,2003,6,15,18288,58.29,HOEP (Legacy)
2003-06-20 15:00:00,2003,6,16,18336,53.28,HOEP (Legacy)
2003-06-20 16:00:00,2003,6,17,18100,32.83,HOEP (Legacy)
2003-06-20 17:00:00,2003,6,18,17778,29.44,HOEP (Legacy)
2003-06-20 18:00:00,2003,6,19,17408,25.0,HOEP (Legacy)
2003-06-20 19:00:00,2003,6,20,17124,25.69,HOEP (Legacy)
2003-06-20 20:00:00,2003,6,21,17187,47.88,HOEP (Legacy)
2003-06-20 21:00:00,2003,6,22,16561,41.83,HOEP (Legacy)
2003-06-20 22:00:00,2003,6,23,15049,23.97,HOEP (Legacy)
2003-06-20 23:00:00,2003,6,24,13909,23.68,HOEP (Legacy)
2003-06-21 00:00:00,2003,6,1,13315,27.43,HOEP (Legacy)
2003-06-21 01:00:00,2003,6,2,12925,24.48,HOEP (Legacy)
2003-06-21 02:00:00,2003,6,3,12591,22.69,HOEP (Legacy)
2003-06-21 03:00:00,2003,6,4,12485,23.08,HOEP (Legacy)
2003-06-21 04:00:00,2003,6,5,12558,21.67,HOEP (Legacy)
2003-06-21 05:00:00,2003,6,6,12878,22.52,HOEP (Legacy)
2003-06-21 06:00:00,2003,6,7,13487,22.74,HOEP (Legacy)
2003-06-21 07:00:00,2003,6,8,14804,24.52,HOEP (Legacy)
2003-06-21 08:00:00,2003,6,9,15757,43.1,HOEP (Legacy)
2003-06-21 09:00:00,2003,6,10,16390,65.64,HOEP (Legacy)
2003-06-21 10:00:00,2003,6,11,16722,67.89,HOEP (Legacy)
2003-06-21 11:00:00,2003,6,12,16763,77.03,HOEP (Legacy)
2003-06-21 12:00:00,2003,6,13,16627,50.25,HOEP (Legacy)
2003-06-21 13:00:00,2003,6,14,16505,62.28,HOEP (Legacy)
2003-06-21 14:00:00,2003,6,15,16462,58.49,HOEP (Legacy)
2003-06-21 15:00:00,2003,6,16,16458,25.42,HOEP (Legacy)
2003-06-21 16:00:00,2003,6,17,16528,46.59,HOEP (Legacy)
2003-06-21 17:00:00,2003,6,18,15990,24.59,HOEP (Legacy)
2003-06-21 18:00:00,2003,6,19,16028,24.66,HOEP (Legacy)
2003-06-21 19:00:00,2003,6,20,15779,24.95,HOEP (Legacy)
2003-06-21 20:00:00,2003,6,21,15989,25.0,HOEP (Legacy)
2003-06-21 21:00:00,2003,6,22,15563,24.59,HOEP (Legacy)
2003-06-21 22:00:00,2003,6,23,14470,23.61,HOEP (Legacy)
2003-06-21 23:00:00,2003,6,24,13451,22.67,HOEP (Legacy)
2003-06-22 00:00:00,2003,6,1,12927,22.81,HOEP (Legacy)
2003-06-22 01:00:00,2003,6,2,12440,21.58,HOEP (Legacy)
2003-06-22 02:00:00,2003,6,3,12275,21.08,HOEP (Legacy)
2003-06-22 03:00:00,2003,6,4,12129,20.68,HOEP (Legacy)
2003-06-22 04:00:00,2003,6,5,12002,20.11,HOEP (Legacy)
2003-06-22 05:00:00,2003,6,6,11973,16.47,HOEP (Legacy)
2003-06-22 06:00:00,2003,6,7,12646,16.79,HOEP (Legacy)
2003-06-22 07:00:00,2003,6,8,13783,21.42,HOEP (Legacy)
2003-06-22 08:00:00,2003,6,9,15013,23.28,HOEP (Legacy)
2003-06-22 09:00:00,2003,6,10,15786,24.87,HOEP (Legacy)
2003-06-22 10:00:00,2003,6,11,16244,24.63,HOEP (Legacy)
2003-06-22 11:00:00,2003,6,12,16615,26.28,HOEP (Legacy)
2003-06-22 12:00:00,2003,6,13,16787,69.54,HOEP (Legacy)
2003-06-22 13:00:00,2003,6,14,16870,68.85,HOEP (Legacy)
2003-06-22 14:00:00,2003,6,15,16948,65.46,HOEP (Legacy)
2003-06-22 15:00:00,2003,6,16,17335,64.77,HOEP (Legacy)
2003-06-22 16:00:00,2003,6,17,17709,71.81,HOEP (Legacy)
2003-06-22 17:00:00,2003,6,18,17500,62.39,HOEP (Legacy)
2003-06-22 18:00:00,2003,6,19,17364,63.44,HOEP (Legacy)
2003-06-22 19:00:00,2003,6,20,17233,71.36,HOEP (Legacy)
2003-06-22 20:00:00,2003,6,21,17569,77.49,HOEP (Legacy)
2003-06-22 21:00:00,2003,6,22,17132,44.8,HOEP (Legacy)
2003-06-22 22:00:00,2003,6,23,15715,31.84,HOEP (Legacy)
2003-06-22 23:00:00,2003,6,24,14734,24.18,HOEP (Legacy)
2003-06-23 00:00:00,2003,6,1,14242,27.66,HOEP (Legacy)
2003-06-23 01:00:00,2003,6,2,13926,24.67,HOEP (Legacy)
2003-06-23 02:00:00,2003,6,3,13622,23.75,HOEP (Legacy)
2003-06-23 03:00:00,2003,6,4,13501,22.41,HOEP (Legacy)
2003-06-23 04:00:00,2003,6,5,13757,22.61,HOEP (Legacy)
2003-06-23 05:00:00,2003,6,6,14747,22.69,HOEP (Legacy)
2003-06-23 06:00:00,2003,6,7,16805,35.79,HOEP (Legacy)
2003-06-23 07:00:00,2003,6,8,18446,45.04,HOEP (Legacy)
2003-06-23 08:00:00,2003,6,9,19472,75.89,HOEP (Legacy)
2003-06-23 09:00:00,2003,6,10,20141,75.87,HOEP (Legacy)
2003-06-23 10:00:00,2003,6,11,20825,78.43,HOEP (Legacy)
2003-06-23 11:00:00,2003,6,12,20968,78.4,HOEP (Legacy)
2003-06-23 12:00:00,2003,6,13,21303,80.07,HOEP (Legacy)
2003-06-23 13:00:00,2003,6,14,21485,81.46,HOEP (Legacy)
2003-06-23 14:00:00,2003,6,15,21864,85.0,HOEP (Legacy)
2003-06-23 15:00:00,2003,6,16,22170,79.05,HOEP (Legacy)
2003-06-23 16:00:00,2003,6,17,22142,81.5,HOEP (Legacy)
2003-06-23 17:00:00,2003,6,18,21885,81.69,HOEP (Legacy)
2003-06-23 18:00:00,2003,6,19,21430,79.62,HOEP (Legacy)
2003-06-23 19:00:00,2003,6,20,21098,79.06,HOEP (Legacy)
2003-06-23 20:00:00,2003,6,21,20913,81.58,HOEP (Legacy)
2003-06-23 21:00:00,2003,6,22,19985,67.46,HOEP (Legacy)
2003-06-23 22:00:00,2003,6,23,18116,52.84,HOEP (Legacy)
2003-06-23 23:00:00,2003,6,24,16566,31.6,HOEP (Legacy)
2003-06-24 00:00:00,2003,6,1,15711,32.88,HOEP (Legacy)
2003-06-24 01:00:00,2003,6,2,15054,22.38,HOEP (Legacy)
2003-06-24 02:00:00,2003,6,3,14536,22.68,HOEP (Legacy)
2003-06-24 03:00:00,2003,6,4,14268,22.47,HOEP (Legacy)
2003-06-24 04:00:00,2003,6,5,14353,22.76,HOEP (Legacy)
2003-06-24 05:00:00,2003,6,6,15329,22.45,HOEP (Legacy)
2003-06-24 06:00:00,2003,6,7,17467,55.07,HOEP (Legacy)
2003-06-24 07:00:00,2003,6,8,19071,65.26,HOEP (Legacy)
2003-06-24 08:00:00,2003,6,9,20133,73.22,HOEP (Legacy)
2003-06-24 09:00:00,2003,6,10,21120,81.15,HOEP (Legacy)
2003-06-24 10:00:00,2003,6,11,21794,84.75,HOEP (Legacy)
2003-06-24 11:00:00,2003,6,12,22256,85.39,HOEP (Legacy)
2003-06-24 12:00:00,2003,6,13,22466,87.08,HOEP (Legacy)
2003-06-24 13:00:00,2003,6,14,22989,90.58,HOEP (Legacy)
2003-06-24 14:00:00,2003,6,15,23328,111.63,HOEP (Legacy)
2003-06-24 15:00:00,2003,6,16,23461,93.79,HOEP (Legacy)
2003-06-24 16:00:00,2003,6,17,23337,93.51,HOEP (Legacy)
2003-06-24 17:00:00,2003,6,18,22959,97.51,HOEP (Legacy)
2003-06-24 18:00:00,2003,6,19,22450,96.07,HOEP (Legacy)
2003-06-24 19:00:00,2003,6,20,21665,91.52,HOEP (Legacy)
2003-06-24 20:00:00,2003,6,21,21504,93.2,HOEP (Legacy)
2003-06-24 21:00:00,2003,6,22,20526,80.6,HOEP (Legacy)
2003-06-24 22:00:00,2003,6,23,18857,61.8,HOEP (Legacy)
2003-06-24 23:00:00,2003,6,24,17449,47.13,HOEP (Legacy)
2003-06-25 00:00:00,2003,6,1,16703,39.15,HOEP (Legacy)
2003-06-25 01:00:00,2003,6,2,16040,45.48,HOEP (Legacy)
2003-06-25 02:00:00,2003,6,3,15613,24.42,HOEP (Legacy)
2003-06-25 03:00:00,2003,6,4,15439,71.24,HOEP (Legacy)
2003-06-25 04:00:00,2003,6,5,15623,24.0,HOEP (Legacy)
2003-06-25 05:00:00,2003,6,6,16582,28.22,HOEP (Legacy)
2003-06-25 06:00:00,2003,6,7,18652,51.85,HOEP (Legacy)
2003-06-25 07:00:00,2003,6,8,20332,68.13,HOEP (Legacy)
2003-06-25 08:00:00,2003,6,9,21458,81.42,HOEP (Legacy)
2003-06-25 09:00:00,2003,6,10,22355,83.58,HOEP (Legacy)
2003-06-25 10:00:00,2003,6,11,23201,107.0,HOEP (Legacy)
2003-06-25 11:00:00,2003,6,12,23639,109.64,HOEP (Legacy)
2003-06-25 12:00:00,2003,6,13,23957,142.28,HOEP (Legacy)
2003-06-25 13:00:00,2003,6,14,24121,548.52,HOEP (Legacy)
2003-06-25 14:00:00,2003,6,15,24349,498.77,HOEP (Legacy)
2003-06-25 15:00:00,2003,6,16,24513,94.9,HOEP (Legacy)
2003-06-25 16:00:00,2003,6,17,24464,116.15,HOEP (Legacy)
2003-06-25 17:00:00,2003,6,18,24081,108.59,HOEP (Legacy)
2003-06-25 18:00:00,2003,6,19,23628,122.24,HOEP (Legacy)
2003-06-25 19:00:00,2003,6,20,23225,110.68,HOEP (Legacy)
2003-06-25 20:00:00,2003,6,21,22982,113.31,HOEP (Legacy)
2003-06-25 21:00:00,2003,6,22,22051,104.18,HOEP (Legacy)
2003-06-25 22:00:00,2003,6,23,20222,86.35,HOEP (Legacy)
2003-06-25 23:00:00,2003,6,24,18840,98.2,HOEP (Legacy)
2003-06-26 00:00:00,2003,6,1,17941,84.16,HOEP (Legacy)
2003-06-26 01:00:00,2003,6,2,17174,78.62,HOEP (Legacy)
2003-06-26 02:00:00,2003,6,3,16629,37.99,HOEP (Legacy)
2003-06-26 03:00:00,2003,6,4,16279,25.29,HOEP (Legacy)
2003-06-26 04:00:00,2003,6,5,16298,23.09,HOEP (Legacy)
2003-06-26 05:00:00,2003,6,6,17091,22.77,HOEP (Legacy)
2003-06-26 06:00:00,2003,6,7,19103,32.26,HOEP (Legacy)
2003-06-26 07:00:00,2003,6,8,20883,63.89,HOEP (Legacy)
2003-06-26 08:00:00,2003,6,9,22154,81.53,HOEP (Legacy)
2003-06-26 09:00:00,2003,6,10,23033,95.67,HOEP (Legacy)
2003-06-26 10:00:00,2003,6,11,23697,129.16,HOEP (Legacy)
2003-06-26 11:00:00,2003,6,12,24064,108.15,HOEP (Legacy)
2003-06-26 12:00:00,2003,6,13,24365,94.84,HOEP (Legacy)
2003-06-26 13:00:00,2003,6,14,24396,125.95,HOEP (Legacy)
2003-06-26 14:00:00,2003,6,15,24610,201.72,HOEP (Legacy)
2003-06-26 15:00:00,2003,6,16,24753,182.16,HOEP (Legacy)
2003-06-26 16:00:00,2003,6,17,24274,97.18,HOEP (Legacy)
2003-06-26 17:00:00,2003,6,18,23521,81.38,HOEP (Legacy)
2003-06-26 18:00:00,2003,6,19,22725,81.11,HOEP (Legacy)
2003-06-26 19:00:00,2003,6,20,22308,95.99,HOEP (Legacy)
2003-06-26 20:00:00,2003,6,21,22036,91.9,HOEP (Legacy)
2003-06-26 21:00:00,2003,6,22,20867,68.95,HOEP (Legacy)
2003-06-26 22:00:00,2003,6,23,19094,38.75,HOEP (Legacy)
2003-06-26 23:00:00,2003,6,24,17531,27.77,HOEP (Legacy)
2003-06-27 00:00:00,2003,6,1,16472,24.43,HOEP (Legacy)
2003-06-27 01:00:00,2003,6,2,15794,24.8,HOEP (Legacy)
2003-06-27 02:00:00,2003,6,3,15405,22.54,HOEP (Legacy)
2003-06-27 03:00:00,2003,6,4,15023,21.9,HOEP (Legacy)
2003-06-27 04:00:00,2003,6,5,15269,22.09,HOEP (Legacy)
2003-06-27 05:00:00,2003,6,6,15659,22.1,HOEP (Legacy)
2003-06-27 06:00:00,2003,6,7,17084,21.49,HOEP (Legacy)
2003-06-27 07:00:00,2003,6,8,18261,23.22,HOEP (Legacy)
2003-06-27 08:00:00,2003,6,9,18994,24.67,HOEP (Legacy)
2003-06-27 09:00:00,2003,6,10,19398,58.07,HOEP (Legacy)
2003-06-27 10:00:00,2003,6,11,19618,62.85,HOEP (Legacy)
2003-06-27 11:00:00,2003,6,12,19657,67.88,HOEP (Legacy)
2003-06-27 12:00:00,2003,6,13,19697,29.05,HOEP (Legacy)
2003-06-27 13:00:00,2003,6,14,19639,69.86,HOEP (Legacy)
2003-06-27 14:00:00,2003,6,15,19243,23.39,HOEP (Legacy)
2003-06-27 15:00:00,2003,6,16,19637,25.09,HOEP (Legacy)
2003-06-27 16:00:00,2003,6,17,19467,24.29,HOEP (Legacy)
2003-06-27 17:00:00,2003,6,18,19071,23.31,HOEP (Legacy)
2003-06-27 18:00:00,2003,6,19,18382,22.92,HOEP (Legacy)
2003-06-27 19:00:00,2003,6,20,17896,22.58,HOEP (Legacy)
2003-06-27 20:00:00,2003,6,21,17799,22.59,HOEP (Legacy)
2003-06-27 21:00:00,2003,6,22,17147,22.6,HOEP (Legacy)
2003-06-27 22:00:00,2003,6,23,15912,22.83,HOEP (Legacy)
2003-06-27 23:00:00,2003,6,24,14542,22.62,HOEP (Legacy)
2003-06-28 00:00:00,2003,6,1,13829,23.24,HOEP (Legacy)
2003-06-28 01:00:00,2003,6,2,13282,21.59,HOEP (Legacy)
2003-06-28 02:00:00,2003,6,3,12783,18.72,HOEP (Legacy)
2003-06-28 03:00:00,2003,6,4,12739,18.92,HOEP (Legacy)
2003-06-28 04:00:00,2003,6,5,12825,17.48,HOEP (Legacy)
2003-06-28 05:00:00,2003,6,6,12968,19.92,HOEP (Legacy)
2003-06-28 06:00:00,2003,6,7,13766,21.58,HOEP (Legacy)
2003-06-28 07:00:00,2003,6,8,15010,38.56,HOEP (Legacy)
2003-06-28 08:00:00,2003,6,9,16060,57.02,HOEP (Legacy)
2003-06-28 09:00:00,2003,6,10,16657,24.82,HOEP (Legacy)
2003-06-28 10:00:00,2003,6,11,16865,38.03,HOEP (Legacy)
2003-06-28 11:00:00,2003,6,12,16939,24.65,HOEP (Legacy)
2003-06-28 12:00:00,2003,6,13,16977,49.97,HOEP (Legacy)
2003-06-28 13:00:00,2003,6,14,17024,63.05,HOEP (Legacy)
2003-06-28 14:00:00,2003,6,15,16973,53.79,HOEP (Legacy)
2003-06-28 15:00:00,2003,6,16,17147,57.68,HOEP (Legacy)
2003-06-28 16:00:00,2003,6,17,17399,72.58,HOEP (Legacy)
2003-06-28 17:00:00,2003,6,18,17283,69.34,HOEP (Legacy)
2003-06-28 18:00:00,2003,6,19,16867,73.58,HOEP (Legacy)
2003-06-28 19:00:00,2003,6,20,16498,57.08,HOEP (Legacy)
2003-06-28 20:00:00,2003,6,21,16553,57.78,HOEP (Legacy)
2003-06-28 21:00:00,2003,6,22,16038,39.15,HOEP (Legacy)
2003-06-28 22:00:00,2003,6,23,14986,22.54,HOEP (Legacy)
2003-06-28 23:00:00,2003,6,24,14050,20.63,HOEP (Legacy)
2003-06-29 00:00:00,2003,6,1,13442,21.27,HOEP (Legacy)
2003-06-29 01:00:00,2003,6,2,13034,20.93,HOEP (Legacy)
2003-06-29 02:00:00,2003,6,3,12664,19.44,HOEP (Legacy)
2003-06-29 03:00:00,2003,6,4,12449,19.61,HOEP (Legacy)
2003-06-29 04:00:00,2003,6,5,12302,20.0,HOEP (Legacy)
2003-06-29 05:00:00,2003,6,6,12369,19.81,HOEP (Legacy)
2003-06-29 06:00:00,2003,6,7,13094,20.76,HOEP (Legacy)
2003-06-29 07:00:00,2003,6,8,14261,22.33,HOEP (Legacy)
2003-06-29 08:00:00,2003,6,9,15183,24.07,HOEP (Legacy)
2003-06-29 09:00:00,2003,6,10,15862,23.87,HOEP (Legacy)
2003-06-29 10:00:00,2003,6,11,16546,31.36,HOEP (Legacy)
2003-06-29 11:00:00,2003,6,12,16873,36.44,HOEP (Legacy)
2003-06-29 12:00:00,2003,6,13,17029,76.31,HOEP (Legacy)
2003-06-29 13:00:00,2003,6,14,17054,73.11,HOEP (Legacy)
2003-06-29 14:00:00,2003,6,15,16963,25.99,HOEP (Legacy)
2003-06-29 15:00:00,2003,6,16,17135,25.12,HOEP (Legacy)
2003-06-29 16:00:00,2003,6,17,17299,24.81,HOEP (Legacy)
2003-06-29 17:00:00,2003,6,18,16857,24.49,HOEP (Legacy)
2003-06-29 18:00:00,2003,6,19,16504,24.09,HOEP (Legacy)
2003-06-29 19:00:00,2003,6,20,16172,23.02,HOEP (Legacy)
2003-06-29 20:00:00,2003,6,21,16261,24.37,HOEP (Legacy)
2003-06-29 21:00:00,2003,6,22,15769,39.23,HOEP (Legacy)
2003-06-29 22:00:00,2003,6,23,14617,23.12,HOEP (Legacy)
2003-06-29 23:00:00,2003,6,24,13605,22.76,HOEP (Legacy)
2003-06-30 00:00:00,2003,6,1,13132,23.22,HOEP (Legacy)
2003-06-30 01:00:00,2003,6,2,12759,22.27,HOEP (Legacy)
2003-06-30 02:00:00,2003,6,3,12579,21.84,HOEP (Legacy)
2003-06-30 03:00:00,2003,6,4,12414,20.86,HOEP (Legacy)
2003-06-30 04:00:00,2003,6,5,12445,20.37,HOEP (Legacy)
2003-06-30 05:00:00,2003,6,6,12897,19.17,HOEP (Legacy)
2003-06-30 06:00:00,2003,6,7,14213,20.77,HOEP (Legacy)
2003-06-30 07:00:00,2003,6,8,15421,22.31,HOEP (Legacy)
2003-06-30 08:00:00,2003,6,9,16419,22.87,HOEP (Legacy)
2003-06-30 09:00:00,2003,6,10,16985,22.67,HOEP (Legacy)
2003-06-30 10:00:00,2003,6,11,17299,23.81,HOEP (Legacy)
2003-06-30 11:00:00,2003,6,12,17508,24.14,HOEP (Legacy)
2003-06-30 12:00:00,2003,6,13,17616,49.37,HOEP (Legacy)
2003-06-30 13:00:00,2003,6,14,17697,71.1,HOEP (Legacy)
2003-06-30 14:00:00,2003,6,15,17750,26.69,HOEP (Legacy)
2003-06-30 15:00:00,2003,6,16,17952,25.17,HOEP (Legacy)
2003-06-30 16:00:00,2003,6,17,18111,60.24,HOEP (Legacy)
2003-06-30 17:00:00,2003,6,18,17831,24.15,HOEP (Legacy)
2003-06-30 18:00:00,2003,6,19,17428,23.78,HOEP (Legacy)
2003-06-30 19:00:00,2003,6,20,17024,24.99,HOEP (Legacy)
2003-06-30 20:00:00,2003,6,21,17056,35.32,HOEP (Legacy)
2003-06-30 21:00:00,2003,6,22,16613,33.34,HOEP (Legacy)
2003-06-30 22:00:00,2003,6,23,15282,28.41,HOEP (Legacy)
2003-06-30 23:00:00,2003,6,24,14247,72.95,HOEP (Legacy)
2003-07-01 00:00:00,2003,7,1,13521,23.08,HOEP (Legacy)
2003-07-01 01:00:00,2003,7,2,13074,21.97,HOEP (Legacy)
2003-07-01 02:00:00,2003,7,3,12790,22.49,HOEP (Legacy)
2003-07-01 03:00:00,2003,7,4,12729,21.93,HOEP (Legacy)
2003-07-01 04:00:00,2003,7,5,12764,22.98,HOEP (Legacy)
2003-07-01 05:00:00,2003,7,6,12967,22.86,HOEP (Legacy)
2003-07-01 06:00:00,2003,7,7,14037,23.47,HOEP (Legacy)
2003-07-01 07:00:00,2003,7,8,15333,43.17,HOEP (Legacy)
2003-07-01 08:00:00,2003,7,9,16447,62.52,HOEP (Legacy)
2003-07-01 09:00:00,2003,7,10,17369,72.5,HOEP (Legacy)
2003-07-01 10:00:00,2003,7,11,18007,76.22,HOEP (Legacy)
2003-07-01 11:00:00,2003,7,12,18304,74.96,HOEP (Legacy)
2003-07-01 12:00:00,2003,7,13,18471,71.83,HOEP (Legacy)
2003-07-01 13:00:00,2003,7,14,18375,70.34,HOEP (Legacy)
2003-07-01 14:00:00,2003,7,15,18422,70.32,HOEP (Legacy)
2003-07-01 15:00:00,2003,7,16,18566,71.52,HOEP (Legacy)
2003-07-01 16:00:00,2003,7,17,18640,73.94,HOEP (Legacy)
2003-07-01 17:00:00,2003,7,18,18326,73.9,HOEP (Legacy)
2003-07-01 18:00:00,2003,7,19,17958,72.5,HOEP (Legacy)
2003-07-01 19:00:00,2003,7,20,17615,71.95,HOEP (Legacy)
2003-07-01 20:00:00,2003,7,21,17729,72.07,HOEP (Legacy)
2003-07-01 21:00:00,2003,7,22,17004,71.0,HOEP (Legacy)
2003-07-01 22:00:00,2003,7,23,16051,43.67,HOEP (Legacy)
2003-07-01 23:00:00,2003,7,24,14928,27.76,HOEP (Legacy)
2003-07-02 00:00:00,2003,7,1,14311,24.62,HOEP (Legacy)
2003-07-02 01:00:00,2003,7,2,13796,23.57,HOEP (Legacy)
2003-07-02 02:00:00,2003,7,3,13424,23.82,HOEP (Legacy)
2003-07-02 03:00:00,2003,7,4,13291,22.9,HOEP (Legacy)
2003-07-02 04:00:00,2003,7,5,13370,23.92,HOEP (Legacy)
2003-07-02 05:00:00,2003,7,6,14104,23.23,HOEP (Legacy)
2003-07-02 06:00:00,2003,7,7,15999,47.37,HOEP (Legacy)
2003-07-02 07:00:00,2003,7,8,17619,60.15,HOEP (Legacy)
2003-07-02 08:00:00,2003,7,9,18787,42.89,HOEP (Legacy)
2003-07-02 09:00:00,2003,7,10,19818,73.4,HOEP (Legacy)
2003-07-02 10:00:00,2003,7,11,20309,74.43,HOEP (Legacy)
2003-07-02 11:00:00,2003,7,12,20845,76.84,HOEP (Legacy)
2003-07-02 12:00:00,2003,7,13,21279,100.56,HOEP (Legacy)
2003-07-02 13:00:00,2003,7,14,21407,79.35,HOEP (Legacy)
2003-07-02 14:00:00,2003,7,15,21611,81.5,HOEP (Legacy)
2003-07-02 15:00:00,2003,7,16,21912,84.7,HOEP (Legacy)
2003-07-02 16:00:00,2003,7,17,21846,79.3,HOEP (Legacy)
2003-07-02 17:00:00,2003,7,18,21272,75.36,HOEP (Legacy)
2003-07-02 18:00:00,2003,7,19,20620,71.61,HOEP (Legacy)
2003-07-02 19:00:00,2003,7,20,20043,68.88,HOEP (Legacy)
2003-07-02 20:00:00,2003,7,21,20065,71.45,HOEP (Legacy)
2003-07-02 21:00:00,2003,7,22,19215,72.97,HOEP (Legacy)
2003-07-02 22:00:00,2003,7,23,17535,51.55,HOEP (Legacy)
2003-07-02 23:00:00,2003,7,24,15995,24.04,HOEP (Legacy)
2003-07-03 00:00:00,2003,7,1,15201,23.81,HOEP (Legacy)
2003-07-03 01:00:00,2003,7,2,14814,23.43,HOEP (Legacy)
2003-07-03 02:00:00,2003,7,3,14372,22.93,HOEP (Legacy)
2003-07-03 03:00:00,2003,7,4,14103,22.25,HOEP (Legacy)
2003-07-03 04:00:00,2003,7,5,14300,22.61,HOEP (Legacy)
2003-07-03 05:00:00,2003,7,6,15065,22.57,HOEP (Legacy)
2003-07-03 06:00:00,2003,7,7,16740,30.69,HOEP (Legacy)
2003-07-03 07:00:00,2003,7,8,18535,58.77,HOEP (Legacy)
2003-07-03 08:00:00,2003,7,9,19757,53.84,HOEP (Legacy)
2003-07-03 09:00:00,2003,7,10,20866,69.92,HOEP (Legacy)
2003-07-03 10:00:00,2003,7,11,21480,72.36,HOEP (Legacy)
2003-07-03 11:00:00,2003,7,12,21959,72.75,HOEP (Legacy)
2003-07-03 12:00:00,2003,7,13,22320,73.73,HOEP (Legacy)
2003-07-03 13:00:00,2003,7,14,22698,82.92,HOEP (Legacy)
2003-07-03 14:00:00,2003,7,15,22948,74.8,HOEP (Legacy)
2003-07-03 15:00:00,2003,7,16,23015,74.64,HOEP (Legacy)
2003-07-03 16:00:00,2003,7,17,22905,73.32,HOEP (Legacy)
2003-07-03 17:00:00,2003,7,18,22512,72.5,HOEP (Legacy)
2003-07-03 18:00:00,2003,7,19,22001,61.0,HOEP (Legacy)
2003-07-03 19:00:00,2003,7,20,21505,67.91,HOEP (Legacy)
2003-07-03 20:00:00,2003,7,21,21362,68.64,HOEP (Legacy)
2003-07-03 21:00:00,2003,7,22,20433,38.72,HOEP (Legacy)
2003-07-03 22:00:00,2003,7,23,18740,45.26,HOEP (Legacy)
2003-07-03 23:00:00,2003,7,24,17218,26.29,HOEP (Legacy)
2003-07-04 00:00:00,2003,7,1,16378,22.55,HOEP (Legacy)
2003-07-04 01:00:00,2003,7,2,15654,22.27,HOEP (Legacy)
2003-07-04 02:00:00,2003,7,3,15337,22.23,HOEP (Legacy)
2003-07-04 03:00:00,2003,7,4,15080,22.2,HOEP (Legacy)
2003-07-04 04:00:00,2003,7,5,15262,21.91,HOEP (Legacy)
2003-07-04 05:00:00,2003,7,6,15952,22.68,HOEP (Legacy)
2003-07-04 06:00:00,2003,7,7,17766,42.77,HOEP (Legacy)
2003-07-04 07:00:00,2003,7,8,19509,65.22,HOEP (Legacy)
2003-07-04 08:00:00,2003,7,9,20831,66.35,HOEP (Legacy)
2003-07-04 09:00:00,2003,7,10,21911,72.79,HOEP (Legacy)
2003-07-04 10:00:00,2003,7,11,22502,75.97,HOEP (Legacy)
2003-07-04 11:00:00,2003,7,12,22887,76.64,HOEP (Legacy)
2003-07-04 12:00:00,2003,7,13,23175,77.99,HOEP (Legacy)
2003-07-04 13:00:00,2003,7,14,23108,76.34,HOEP (Legacy)
2003-07-04 14:00:00,2003,7,15,22794,74.63,HOEP (Legacy)
2003-07-04 15:00:00,2003,7,16,22695,71.51,HOEP (Legacy)
2003-07-04 16:00:00,2003,7,17,22524,72.14,HOEP (Legacy)
2003-07-04 17:00:00,2003,7,18,22181,73.4,HOEP (Legacy)
2003-07-04 18:00:00,2003,7,19,21608,72.23,HOEP (Legacy)
2003-07-04 19:00:00,2003,7,20,21152,72.38,HOEP (Legacy)
2003-07-04 20:00:00,2003,7,21,20887,72.22,HOEP (Legacy)
2003-07-04 21:00:00,2003,7,22,20056,43.19,HOEP (Legacy)
2003-07-04 22:00:00,2003,7,23,18332,27.37,HOEP (Legacy)
2003-07-04 23:00:00,2003,7,24,17130,24.42,HOEP (Legacy)
2003-07-05 00:00:00,2003,7,1,16255,24.7,HOEP (Legacy)
2003-07-05 01:00:00,2003,7,2,15611,24.73,HOEP (Legacy)
2003-07-05 02:00:00,2003,7,3,15085,23.66,HOEP (Legacy)
2003-07-05 03:00:00,2003,7,4,14815,23.95,HOEP (Legacy)
2003-07-05 04:00:00,2003,7,5,14641,23.36,HOEP (Legacy)
2003-07-05 05:00:00,2003,7,6,14801,23.11,HOEP (Legacy)
2003-07-05 06:00:00,2003,7,7,15627,23.14,HOEP (Legacy)
2003-07-05 07:00:00,2003,7,8,17336,24.77,HOEP (Legacy)
2003-07-05 08:00:00,2003,7,9,18756,43.48,HOEP (Legacy)
2003-07-05 09:00:00,2003,7,10,19684,46.53,HOEP (Legacy)
2003-07-05 10:00:00,2003,7,11,20298,50.66,HOEP (Legacy)
2003-07-05 11:00:00,2003,7,12,20758,68.45,HOEP (Legacy)
2003-07-05 12:00:00,2003,7,13,20772,69.71,HOEP (Legacy)
2003-07-05 13:00:00,2003,7,14,20811,69.96,HOEP (Legacy)
2003-07-05 14:00:00,2003,7,15,20758,69.89,HOEP (Legacy)
2003-07-05 15:00:00,2003,7,16,20644,69.12,HOEP (Legacy)
2003-07-05 16:00:00,2003,7,17,20205,64.39,HOEP (Legacy)
2003-07-05 17:00:00,2003,7,18,19523,29.99,HOEP (Legacy)
2003-07-05 18:00:00,2003,7,19,18907,31.17,HOEP (Legacy)
2003-07-05 19:00:00,2003,7,20,18484,24.0,HOEP (Legacy)
2003-07-05 20:00:00,2003,7,21,18380,25.15,HOEP (Legacy)
2003-07-05 21:00:00,2003,7,22,18025,30.0,HOEP (Legacy)
2003-07-05 22:00:00,2003,7,23,16836,28.85,HOEP (Legacy)
2003-07-05 23:00:00,2003,7,24,15597,23.48,HOEP (Legacy)
2003-07-06 00:00:00,2003,7,1,14929,23.97,HOEP (Legacy)
2003-07-06 01:00:00,2003,7,2,14347,23.06,HOEP (Legacy)
2003-07-06 02:00:00,2003,7,3,13966,22.61,HOEP (Legacy)
2003-07-06 03:00:00,2003,7,4,13693,22.29,HOEP (Legacy)
2003-07-06 04:00:00,2003,7,5,13400,20.51,HOEP (Legacy)
2003-07-06 05:00:00,2003,7,6,13255,20.13,HOEP (Legacy)
2003-07-06 06:00:00,2003,7,7,13922,20.33,HOEP (Legacy)
2003-07-06 07:00:00,2003,7,8,15387,21.93,HOEP (Legacy)
2003-07-06 08:00:00,2003,7,9,16868,23.61,HOEP (Legacy)
2003-07-06 09:00:00,2003,7,10,18024,24.62,HOEP (Legacy)
2003-07-06 10:00:00,2003,7,11,18595,24.75,HOEP (Legacy)
2003-07-06 11:00:00,2003,7,12,19089,39.36,HOEP (Legacy)
2003-07-06 12:00:00,2003,7,13,19209,57.01,HOEP (Legacy)
2003-07-06 13:00:00,2003,7,14,19401,68.76,HOEP (Legacy)
2003-07-06 14:00:00,2003,7,15,19603,70.45,HOEP (Legacy)
2003-07-06 15:00:00,2003,7,16,19874,75.63,HOEP (Legacy)
2003-07-06 16:00:00,2003,7,17,19957,77.5,HOEP (Legacy)
2003-07-06 17:00:00,2003,7,18,19982,71.85,HOEP (Legacy)
2003-07-06 18:00:00,2003,7,19,19598,50.24,HOEP (Legacy)
2003-07-06 19:00:00,2003,7,20,19226,24.73,HOEP (Legacy)
2003-07-06 20:00:00,2003,7,21,19387,33.72,HOEP (Legacy)
2003-07-06 21:00:00,2003,7,22,18768,24.36,HOEP (Legacy)
2003-07-06 22:00:00,2003,7,23,17478,24.35,HOEP (Legacy)
2003-07-06 23:00:00,2003,7,24,16161,23.89,HOEP (Legacy)
2003-07-07 00:00:00,2003,7,1,15546,24.44,HOEP (Legacy)
2003-07-07 01:00:00,2003,7,2,14936,23.56,HOEP (Legacy)
2003-07-07 02:00:00,2003,7,3,14601,24.07,HOEP (Legacy)
2003-07-07 03:00:00,2003,7,4,14411,23.07,HOEP (Legacy)
2003-07-07 04:00:00,2003,7,5,14793,22.77,HOEP (Legacy)
2003-07-07 05:00:00,2003,7,6,15615,23.07,HOEP (Legacy)
2003-07-07 06:00:00,2003,7,7,17154,24.14,HOEP (Legacy)
2003-07-07 07:00:00,2003,7,8,18613,39.35,HOEP (Legacy)
2003-07-07 08:00:00,2003,7,9,19361,47.88,HOEP (Legacy)
2003-07-07 09:00:00,2003,7,10,20074,70.47,HOEP (Legacy)
2003-07-07 10:00:00,2003,7,11,20572,70.34,HOEP (Legacy)
2003-07-07 11:00:00,2003,7,12,20618,68.32,HOEP (Legacy)
2003-07-07 12:00:00,2003,7,13,20669,69.96,HOEP (Legacy)
2003-07-07 13:00:00,2003,7,14,20613,71.04,HOEP (Legacy)
2003-07-07 14:00:00,2003,7,15,20633,69.24,HOEP (Legacy)
2003-07-07 15:00:00,2003,7,16,20677,73.21,HOEP (Legacy)
2003-07-07 16:00:00,2003,7,17,20650,71.98,HOEP (Legacy)
2003-07-07 17:00:00,2003,7,18,20318,68.68,HOEP (Legacy)
2003-07-07 18:00:00,2003,7,19,19953,65.74,HOEP (Legacy)
2003-07-07 19:00:00,2003,7,20,19670,61.45,HOEP (Legacy)
2003-07-07 20:00:00,2003,7,21,19719,71.38,HOEP (Legacy)
2003-07-07 21:00:00,2003,7,22,18899,61.52,HOEP (Legacy)
2003-07-07 22:00:00,2003,7,23,17448,38.71,HOEP (Legacy)
2003-07-07 23:00:00,2003,7,24,16075,22.66,HOEP (Legacy)
2003-07-08 00:00:00,2003,7,1,15473,22.8,HOEP (Legacy)
2003-07-08 01:00:00,2003,7,2,15038,21.9,HOEP (Legacy)
2003-07-08 02:00:00,2003,7,3,14716,21.81,HOEP (Legacy)
2003-07-08 03:00:00,2003,7,4,14613,21.58,HOEP (Legacy)
2003-07-08 04:00:00,2003,7,5,14823,21.82,HOEP (Legacy)
2003-07-08 05:00:00,2003,7,6,15403,20.77,HOEP (Legacy)
2003-07-08 06:00:00,2003,7,7,17392,23.44,HOEP (Legacy)
2003-07-08 07:00:00,2003,7,8,19034,55.51,HOEP (Legacy)
2003-07-08 08:00:00,2003,7,9,20182,65.6,HOEP (Legacy)
2003-07-08 09:00:00,2003,7,10,20903,79.57,HOEP (Legacy)
2003-07-08 10:00:00,2003,7,11,21493,80.01,HOEP (Legacy)
2003-07-08 11:00:00,2003,7,12,21749,74.11,HOEP (Legacy)
2003-07-08 12:00:00,2003,7,13,21986,72.71,HOEP (Legacy)
2003-07-08 13:00:00,2003,7,14,22096,70.56,HOEP (Legacy)
2003-07-08 14:00:00,2003,7,15,22080,68.46,HOEP (Legacy)
2003-07-08 15:00:00,2003,7,16,22137,68.95,HOEP (Legacy)
2003-07-08 16:00:00,2003,7,17,21958,70.0,HOEP (Legacy)
2003-07-08 17:00:00,2003,7,18,21308,62.09,HOEP (Legacy)
2003-07-08 18:00:00,2003,7,19,20461,47.22,HOEP (Legacy)
2003-07-08 19:00:00,2003,7,20,20061,24.95,HOEP (Legacy)
2003-07-08 20:00:00,2003,7,21,20021,25.92,HOEP (Legacy)
2003-07-08 21:00:00,2003,7,22,18895,24.29,HOEP (Legacy)
2003-07-08 22:00:00,2003,7,23,17204,23.86,HOEP (Legacy)
2003-07-08 23:00:00,2003,7,24,15952,23.32,HOEP (Legacy)
2003-07-09 00:00:00,2003,7,1,15241,24.91,HOEP (Legacy)
2003-07-09 01:00:00,2003,7,2,14729,24.17,HOEP (Legacy)
2003-07-09 02:00:00,2003,7,3,14405,23.17,HOEP (Legacy)
2003-07-09 03:00:00,2003,7,4,14212,22.71,HOEP (Legacy)
2003-07-09 04:00:00,2003,7,5,14484,22.89,HOEP (Legacy)
2003-07-09 05:00:00,2003,7,6,15301,23.11,HOEP (Legacy)
2003-07-09 06:00:00,2003,7,7,16832,36.47,HOEP (Legacy)
2003-07-09 07:00:00,2003,7,8,18043,48.67,HOEP (Legacy)
2003-07-09 08:00:00,2003,7,9,18972,65.43,HOEP (Legacy)
2003-07-09 09:00:00,2003,7,10,19755,74.0,HOEP (Legacy)
2003-07-09 10:00:00,2003,7,11,20257,74.53,HOEP (Legacy)
2003-07-09 11:00:00,2003,7,12,20476,71.17,HOEP (Legacy)
2003-07-09 12:00:00,2003,7,13,20650,67.08,HOEP (Legacy)
2003-07-09 13:00:00,2003,7,14,20748,68.76,HOEP (Legacy)
2003-07-09 14:00:00,2003,7,15,20775,74.33,HOEP (Legacy)
2003-07-09 15:00:00,2003,7,16,20951,72.25,HOEP (Legacy)
2003-07-09 16:00:00,2003,7,17,20906,72.46,HOEP (Legacy)
2003-07-09 17:00:00,2003,7,18,20354,48.23,HOEP (Legacy)
2003-07-09 18:00:00,2003,7,19,19556,38.17,HOEP (Legacy)
2003-07-09 19:00:00,2003,7,20,18995,24.97,HOEP (Legacy)
2003-07-09 20:00:00,2003,7,21,19080,25.41,HOEP (Legacy)
2003-07-09 21:00:00,2003,7,22,18164,26.59,HOEP (Legacy)
2003-07-09 22:00:00,2003,7,23,16722,28.22,HOEP (Legacy)
2003-07-09 23:00:00,2003,7,24,15426,24.73,HOEP (Legacy)
2003-07-10 00:00:00,2003,7,1,14554,24.0,HOEP (Legacy)
2003-07-10 01:00:00,2003,7,2,14043,22.74,HOEP (Legacy)
2003-07-10 02:00:00,2003,7,3,13632,21.69,HOEP (Legacy)
2003-07-10 03:00:00,2003,7,4,13712,21.64,HOEP (Legacy)
2003-07-10 04:00:00,2003,7,5,14002,22.51,HOEP (Legacy)
2003-07-10 05:00:00,2003,7,6,14813,22.4,HOEP (Legacy)
2003-07-10 06:00:00,2003,7,7,16337,24.35,HOEP (Legacy)
2003-07-10 07:00:00,2003,7,8,17394,25.44,HOEP (Legacy)
2003-07-10 08:00:00,2003,7,9,18039,25.79,HOEP (Legacy)
2003-07-10 09:00:00,2003,7,10,18494,29.55,HOEP (Legacy)
2003-07-10 10:00:00,2003,7,11,18891,26.63,HOEP (Legacy)
2003-07-10 11:00:00,2003,7,12,18943,26.27,HOEP (Legacy)
2003-07-10 12:00:00,2003,7,13,18931,27.13,HOEP (Legacy)
2003-07-10 13:00:00,2003,7,14,18868,26.17,HOEP (Legacy)
2003-07-10 14:00:00,2003,7,15,18650,25.73,HOEP (Legacy)
2003-07-10 15:00:00,2003,7,16,18806,24.45,HOEP (Legacy)
2003-07-10 16:00:00,2003,7,17,18705,25.68,HOEP (Legacy)
2003-07-10 17:00:00,2003,7,18,18303,25.89,HOEP (Legacy)
2003-07-10 18:00:00,2003,7,19,17959,25.26,HOEP (Legacy)
2003-07-10 19:00:00,2003,7,20,17900,25.22,HOEP (Legacy)
2003-07-10 20:00:00,2003,7,21,17946,25.25,HOEP (Legacy)
2003-07-10 21:00:00,2003,7,22,17075,22.66,HOEP (Legacy)
2003-07-10 22:00:00,2003,7,23,15820,22.7,HOEP (Legacy)
2003-07-10 23:00:00,2003,7,24,14742,22.28,HOEP (Legacy)
2003-07-11 00:00:00,2003,7,1,14010,21.24,HOEP (Legacy)
2003-07-11 01:00:00,2003,7,2,13603,20.76,HOEP (Legacy)
2003-07-11 02:00:00,2003,7,3,13497,19.6,HOEP (Legacy)
2003-07-11 03:00:00,2003,7,4,13551,15.96,HOEP (Legacy)
2003-07-11 04:00:00,2003,7,5,13924,20.91,HOEP (Legacy)
2003-07-11 05:00:00,2003,7,6,14762,22.33,HOEP (Legacy)
2003-07-11 06:00:00,2003,7,7,16458,24.53,HOEP (Legacy)
2003-07-11 07:00:00,2003,7,8,17826,24.73,HOEP (Legacy)
2003-07-11 08:00:00,2003,7,9,18547,32.96,HOEP (Legacy)
2003-07-11 09:00:00,2003,7,10,19111,59.83,HOEP (Legacy)
2003-07-11 10:00:00,2003,7,11,19246,63.32,HOEP (Legacy)
2003-07-11 11:00:00,2003,7,12,19232,73.21,HOEP (Legacy)
2003-07-11 12:00:00,2003,7,13,19056,71.09,HOEP (Legacy)
2003-07-11 13:00:00,2003,7,14,18715,58.94,HOEP (Legacy)
2003-07-11 14:00:00,2003,7,15,18393,24.03,HOEP (Legacy)
2003-07-11 15:00:00,2003,7,16,18295,23.86,HOEP (Legacy)
2003-07-11 16:00:00,2003,7,17,18046,23.54,HOEP (Legacy)
2003-07-11 17:00:00,2003,7,18,17467,22.92,HOEP (Legacy)
2003-07-11 18:00:00,2003,7,19,17006,22.39,HOEP (Legacy)
2003-07-11 19:00:00,2003,7,20,16745,23.39,HOEP (Legacy)
2003-07-11 20:00:00,2003,7,21,16667,23.55,HOEP (Legacy)
2003-07-11 21:00:00,2003,7,22,15973,22.81,HOEP (Legacy)
2003-07-11 22:00:00,2003,7,23,14794,21.62,HOEP (Legacy)
2003-07-11 23:00:00,2003,7,24,13758,20.8,HOEP (Legacy)
2003-07-12 00:00:00,2003,7,1,13291,21.59,HOEP (Legacy)
2003-07-12 01:00:00,2003,7,2,12855,20.69,HOEP (Legacy)
2003-07-12 02:00:00,2003,7,3,12590,20.73,HOEP (Legacy)
2003-07-12 03:00:00,2003,7,4,12492,20.35,HOEP (Legacy)
2003-07-12 04:00:00,2003,7,5,12549,19.69,HOEP (Legacy)
2003-07-12 05:00:00,2003,7,6,12692,15.83,HOEP (Legacy)
2003-07-12 06:00:00,2003,7,7,13540,20.04,HOEP (Legacy)
2003-07-12 07:00:00,2003,7,8,14506,20.91,HOEP (Legacy)
2003-07-12 08:00:00,2003,7,9,15452,21.27,HOEP (Legacy)
2003-07-12 09:00:00,2003,7,10,16046,21.71,HOEP (Legacy)
2003-07-12 10:00:00,2003,7,11,16192,22.84,HOEP (Legacy)
2003-07-12 11:00:00,2003,7,12,16046,22.74,HOEP (Legacy)
2003-07-12 12:00:00,2003,7,13,16025,22.58,HOEP (Legacy)
2003-07-12 13:00:00,2003,7,14,15726,22.3,HOEP (Legacy)
2003-07-12 14:00:00,2003,7,15,15568,22.73,HOEP (Legacy)
2003-07-12 15:00:00,2003,7,16,15485,21.68,HOEP (Legacy)
2003-07-12 16:00:00,2003,7,17,15719,22.29,HOEP (Legacy)
2003-07-12 17:00:00,2003,7,18,15415,21.02,HOEP (Legacy)
2003-07-12 18:00:00,2003,7,19,15127,20.73,HOEP (Legacy)
2003-07-12 19:00:00,2003,7,20,15008,21.28,HOEP (Legacy)
2003-07-12 20:00:00,2003,7,21,15354,22.75,HOEP (Legacy)
2003-07-12 21:00:00,2003,7,22,15051,23.38,HOEP (Legacy)
2003-07-12 22:00:00,2003,7,23,14166,26.1,HOEP (Legacy)
2003-07-12 23:00:00,2003,7,24,13278,22.02,HOEP (Legacy)
2003-07-13 00:00:00,2003,7,1,12718,16.28,HOEP (Legacy)
2003-07-13 01:00:00,2003,7,2,12366,15.96,HOEP (Legacy)
2003-07-13 02:00:00,2003,7,3,12190,20.72,HOEP (Legacy)
2003-07-13 03:00:00,2003,7,4,12124,20.86,HOEP (Legacy)
2003-07-13 04:00:00,2003,7,5,11972,20.79,HOEP (Legacy)
2003-07-13 05:00:00,2003,7,6,11957,17.39,HOEP (Legacy)
2003-07-13 06:00:00,2003,7,7,12546,21.21,HOEP (Legacy)
2003-07-13 07:00:00,2003,7,8,13487,22.12,HOEP (Legacy)
2003-07-13 08:00:00,2003,7,9,14730,23.53,HOEP (Legacy)
2003-07-13 09:00:00,2003,7,10,15611,25.62,HOEP (Legacy)
2003-07-13 10:00:00,2003,7,11,16135,26.22,HOEP (Legacy)
2003-07-13 11:00:00,2003,7,12,16425,24.88,HOEP (Legacy)
2003-07-13 12:00:00,2003,7,13,16446,25.7,HOEP (Legacy)
2003-07-13 13:00:00,2003,7,14,16415,24.72,HOEP (Legacy)
2003-07-13 14:00:00,2003,7,15,16511,24.82,HOEP (Legacy)
2003-07-13 15:00:00,2003,7,16,16658,24.87,HOEP (Legacy)
2003-07-13 16:00:00,2003,7,17,17067,26.04,HOEP (Legacy)
2003-07-13 17:00:00,2003,7,18,16973,25.19,HOEP (Legacy)
2003-07-13 18:00:00,2003,7,19,16727,25.09,HOEP (Legacy)
2003-07-13 19:00:00,2003,7,20,16578,24.52,HOEP (Legacy)
2003-07-13 20:00:00,2003,7,21,17000,25.39,HOEP (Legacy)
2003-07-13 21:00:00,2003,7,22,16651,29.89,HOEP (Legacy)
2003-07-13 22:00:00,2003,7,23,15479,23.59,HOEP (Legacy)
2003-07-13 23:00:00,2003,7,24,14442,23.64,HOEP (Legacy)
2003-07-14 00:00:00,2003,7,1,13835,22.73,HOEP (Legacy)
2003-07-14 01:00:00,2003,7,2,13466,23.18,HOEP (Legacy)
2003-07-14 02:00:00,2003,7,3,13238,23.31,HOEP (Legacy)
2003-07-14 03:00:00,2003,7,4,13173,22.97,HOEP (Legacy)
2003-07-14 04:00:00,2003,7,5,13347,22.27,HOEP (Legacy)
2003-07-14 05:00:00,2003,7,6,14125,21.42,HOEP (Legacy)
2003-07-14 06:00:00,2003,7,7,16068,22.36,HOEP (Legacy)
2003-07-14 07:00:00,2003,7,8,17694,24.94,HOEP (Legacy)
2003-07-14 08:00:00,2003,7,9,18634,34.43,HOEP (Legacy)
2003-07-14 09:00:00,2003,7,10,19570,71.16,HOEP (Legacy)
2003-07-14 10:00:00,2003,7,11,20111,69.68,HOEP (Legacy)
2003-07-14 11:00:00,2003,7,12,20478,70.13,HOEP (Legacy)
2003-07-14 12:00:00,2003,7,13,20682,61.33,HOEP (Legacy)
2003-07-14 13:00:00,2003,7,14,20768,68.55,HOEP (Legacy)
2003-07-14 14:00:00,2003,7,15,20823,68.17,HOEP (Legacy)
2003-07-14 15:00:00,2003,7,16,21089,68.04,HOEP (Legacy)
2003-07-14 16:00:00,2003,7,17,21149,69.39,HOEP (Legacy)
2003-07-14 17:00:00,2003,7,18,20807,68.44,HOEP (Legacy)
2003-07-14 18:00:00,2003,7,19,20245,64.73,HOEP (Legacy)
2003-07-14 19:00:00,2003,7,20,19807,66.84,HOEP (Legacy)
2003-07-14 20:00:00,2003,7,21,19724,68.93,HOEP (Legacy)
2003-07-14 21:00:00,2003,7,22,18665,40.91,HOEP (Legacy)
2003-07-14 22:00:00,2003,7,23,17021,23.4,HOEP (Legacy)
2003-07-14 23:00:00,2003,7,24,15645,23.26,HOEP (Legacy)
2003-07-15 00:00:00,2003,7,1,14953,21.59,HOEP (Legacy)
2003-07-15 01:00:00,2003,7,2,14394,21.33,HOEP (Legacy)
2003-07-15 02:00:00,2003,7,3,14041,21.57,HOEP (Legacy)
2003-07-15 03:00:00,2003,7,4,13921,22.3,HOEP (Legacy)
2003-07-15 04:00:00,2003,7,5,14070,21.98,HOEP (Legacy)
2003-07-15 05:00:00,2003,7,6,14905,22.93,HOEP (Legacy)
2003-07-15 06:00:00,2003,7,7,16675,28.87,HOEP (Legacy)
2003-07-15 07:00:00,2003,7,8,18180,25.03,HOEP (Legacy)
2003-07-15 08:00:00,2003,7,9,19038,24.14,HOEP (Legacy)
2003-07-15 09:00:00,2003,7,10,19799,51.64,HOEP (Legacy)
2003-07-15 10:00:00,2003,7,11,20390,59.86,HOEP (Legacy)
2003-07-15 11:00:00,2003,7,12,20592,67.31,HOEP (Legacy)
2003-07-15 12:00:00,2003,7,13,20845,68.34,HOEP (Legacy)
2003-07-15 13:00:00,2003,7,14,20852,70.72,HOEP (Legacy)
2003-07-15 14:00:00,2003,7,15,20759,69.2,HOEP (Legacy)
2003-07-15 15:00:00,2003,7,16,20753,67.94,HOEP (Legacy)
2003-07-15 16:00:00,2003,7,17,20706,68.56,HOEP (Legacy)
2003-07-15 17:00:00,2003,7,18,20278,48.62,HOEP (Legacy)
2003-07-15 18:00:00,2003,7,19,19786,31.58,HOEP (Legacy)
2003-07-15 19:00:00,2003,7,20,19563,65.79,HOEP (Legacy)
2003-07-15 20:00:00,2003,7,21,19512,88.59,HOEP (Legacy)
2003-07-15 21:00:00,2003,7,22,18482,44.71,HOEP (Legacy)
2003-07-15 22:00:00,2003,7,23,17033,23.86,HOEP (Legacy)
2003-07-15 23:00:00,2003,7,24,15663,23.79,HOEP (Legacy)
2003-07-16 00:00:00,2003,7,1,14860,23.3,HOEP (Legacy)
2003-07-16 01:00:00,2003,7,2,14542,23.2,HOEP (Legacy)
2003-07-16 02:00:00,2003,7,3,14314,22.55,HOEP (Legacy)
2003-07-16 03:00:00,2003,7,4,14270,23.17,HOEP (Legacy)
2003-07-16 04:00:00,2003,7,5,14385,22.82,HOEP (Legacy)
2003-07-16 05:00:00,2003,7,6,15169,22.09,HOEP (Legacy)
2003-07-16 06:00:00,2003,7,7,16591,22.84,HOEP (Legacy)
2003-07-16 07:00:00,2003,7,8,17656,23.51,HOEP (Legacy)
2003-07-16 08:00:00,2003,7,9,18183,23.21,HOEP (Legacy)
2003-07-16 09:00:00,2003,7,10,18584,24.67,HOEP (Legacy)
2003-07-16 10:00:00,2003,7,11,18933,23.37,HOEP (Legacy)
2003-07-16 11:00:00,2003,7,12,18958,23.45,HOEP (Legacy)
2003-07-16 12:00:00,2003,7,13,19223,35.04,HOEP (Legacy)
2003-07-16 13:00:00,2003,7,14,19246,30.96,HOEP (Legacy)
2003-07-16 14:00:00,2003,7,15,19289,33.66,HOEP (Legacy)
2003-07-16 15:00:00,2003,7,16,19410,61.67,HOEP (Legacy)
2003-07-16 16:00:00,2003,7,17,19262,58.12,HOEP (Legacy)
2003-07-16 17:00:00,2003,7,18,18766,24.87,HOEP (Legacy)
2003-07-16 18:00:00,2003,7,19,18115,23.22,HOEP (Legacy)
2003-07-16 19:00:00,2003,7,20,17896,23.35,HOEP (Legacy)
2003-07-16 20:00:00,2003,7,21,18024,24.23,HOEP (Legacy)
2003-07-16 21:00:00,2003,7,22,17148,23.26,HOEP (Legacy)
2003-07-16 22:00:00,2003,7,23,15695,21.38,HOEP (Legacy)
2003-07-16 23:00:00,2003,7,24,14450,18.89,HOEP (Legacy)
2003-07-17 00:00:00,2003,7,1,13836,21.98,HOEP (Legacy)
2003-07-17 01:00:00,2003,7,2,13497,21.59,HOEP (Legacy)
2003-07-17 02:00:00,2003,7,3,13181,21.08,HOEP (Legacy)
2003-07-17 03:00:00,2003,7,4,13171,18.8,HOEP (Legacy)
2003-07-17 04:00:00,2003,7,5,13478,21.06,HOEP (Legacy)
2003-07-17 05:00:00,2003,7,6,14280,20.34,HOEP (Legacy)
2003-07-17 06:00:00,2003,7,7,16015,21.93,HOEP (Legacy)
2003-07-17 07:00:00,2003,7,8,17337,24.4,HOEP (Legacy)
2003-07-17 08:00:00,2003,7,9,18347,46.86,HOEP (Legacy)
2003-07-17 09:00:00,2003,7,10,18938,71.25,HOEP (Legacy)
2003-07-17 10:00:00,2003,7,11,19263,100.93,HOEP (Legacy)
2003-07-17 11:00:00,2003,7,12,19564,64.36,HOEP (Legacy)
2003-07-17 12:00:00,2003,7,13,19946,60.47,HOEP (Legacy)
2003-07-17 13:00:00,2003,7,14,20225,60.76,HOEP (Legacy)
2003-07-17 14:00:00,2003,7,15,20483,55.52,HOEP (Legacy)
2003-07-17 15:00:00,2003,7,16,20741,61.89,HOEP (Legacy)
2003-07-17 16:00:00,2003,7,17,20687,64.2,HOEP (Legacy)
2003-07-17 17:00:00,2003,7,18,20114,46.73,HOEP (Legacy)
2003-07-17 18:00:00,2003,7,19,19654,27.51,HOEP (Legacy)
2003-07-17 19:00:00,2003,7,20,19383,60.58,HOEP (Legacy)
2003-07-17 20:00:00,2003,7,21,19482,66.45,HOEP (Legacy)
2003-07-17 21:00:00,2003,7,22,18554,38.46,HOEP (Legacy)
2003-07-17 22:00:00,2003,7,23,16875,24.2,HOEP (Legacy)
2003-07-17 23:00:00,2003,7,24,15598,24.54,HOEP (Legacy)
2003-07-18 00:00:00,2003,7,1,14890,23.48,HOEP (Legacy)
2003-07-18 01:00:00,2003,7,2,14347,22.94,HOEP (Legacy)
2003-07-18 02:00:00,2003,7,3,13936,22.1,HOEP (Legacy)
2003-07-18 03:00:00,2003,7,4,13810,21.32,HOEP (Legacy)
2003-07-18 04:00:00,2003,7,5,14003,21.39,HOEP (Legacy)
2003-07-18 05:00:00,2003,7,6,14644,22.14,HOEP (Legacy)
2003-07-18 06:00:00,2003,7,7,16390,23.01,HOEP (Legacy)
2003-07-18 07:00:00,2003,7,8,17785,32.77,HOEP (Legacy)
2003-07-18 08:00:00,2003,7,9,18686,52.1,HOEP (Legacy)
2003-07-18 09:00:00,2003,7,10,19276,59.13,HOEP (Legacy)
2003-07-18 10:00:00,2003,7,11,19651,65.9,HOEP (Legacy)
2003-07-18 11:00:00,2003,7,12,19745,63.67,HOEP (Legacy)
2003-07-18 12:00:00,2003,7,13,19715,62.22,HOEP (Legacy)
2003-07-18 13:00:00,2003,7,14,19601,58.0,HOEP (Legacy)
2003-07-18 14:00:00,2003,7,15,19565,34.85,HOEP (Legacy)
2003-07-18 15:00:00,2003,7,16,19500,55.56,HOEP (Legacy)
2003-07-18 16:00:00,2003,7,17,19382,26.35,HOEP (Legacy)
2003-07-18 17:00:00,2003,7,18,18934,24.82,HOEP (Legacy)
2003-07-18 18:00:00,2003,7,19,18402,33.66,HOEP (Legacy)
2003-07-18 19:00:00,2003,7,20,17910,23.82,HOEP (Legacy)
2003-07-18 20:00:00,2003,7,21,17693,25.42,HOEP (Legacy)
2003-07-18 21:00:00,2003,7,22,16973,24.12,HOEP (Legacy)
2003-07-18 22:00:00,2003,7,23,15480,22.89,HOEP (Legacy)
2003-07-18 23:00:00,2003,7,24,14348,22.13,HOEP (Legacy)
2003-07-19 00:00:00,2003,7,1,13548,22.59,HOEP (Legacy)
2003-07-19 01:00:00,2003,7,2,13106,21.68,HOEP (Legacy)
2003-07-19 02:00:00,2003,7,3,12727,21.37,HOEP (Legacy)
2003-07-19 03:00:00,2003,7,4,12658,21.71,HOEP (Legacy)
2003-07-19 04:00:00,2003,7,5,12677,20.31,HOEP (Legacy)
2003-07-19 05:00:00,2003,7,6,12588,17.94,HOEP (Legacy)
2003-07-19 06:00:00,2003,7,7,13708,20.75,HOEP (Legacy)
2003-07-19 07:00:00,2003,7,8,14994,22.7,HOEP (Legacy)
2003-07-19 08:00:00,2003,7,9,15969,23.43,HOEP (Legacy)
2003-07-19 09:00:00,2003,7,10,16738,25.96,HOEP (Legacy)
2003-07-19 10:00:00,2003,7,11,17054,28.61,HOEP (Legacy)
2003-07-19 11:00:00,2003,7,12,17072,25.8,HOEP (Legacy)
2003-07-19 12:00:00,2003,7,13,16985,26.29,HOEP (Legacy)
2003-07-19 13:00:00,2003,7,14,16889,25.77,HOEP (Legacy)
2003-07-19 14:00:00,2003,7,15,16863,26.75,HOEP (Legacy)
2003-07-19 15:00:00,2003,7,16,17091,26.49,HOEP (Legacy)
2003-07-19 16:00:00,2003,7,17,17271,29.95,HOEP (Legacy)
2003-07-19 17:00:00,2003,7,18,17284,26.4,HOEP (Legacy)
2003-07-19 18:00:00,2003,7,19,16976,25.54,HOEP (Legacy)
2003-07-19 19:00:00,2003,7,20,16583,30.95,HOEP (Legacy)
2003-07-19 20:00:00,2003,7,21,16630,31.37,HOEP (Legacy)
2003-07-19 21:00:00,2003,7,22,16135,36.81,HOEP (Legacy)
2003-07-19 22:00:00,2003,7,23,15096,23.07,HOEP (Legacy)
2003-07-19 23:00:00,2003,7,24,13931,22.22,HOEP (Legacy)
2003-07-20 00:00:00,2003,7,1,13328,20.79,HOEP (Legacy)
2003-07-20 01:00:00,2003,7,2,12807,21.48,HOEP (Legacy)
2003-07-20 02:00:00,2003,7,3,12554,21.77,HOEP (Legacy)
2003-07-20 03:00:00,2003,7,4,12367,21.2,HOEP (Legacy)
2003-07-20 04:00:00,2003,7,5,12251,21.34,HOEP (Legacy)
2003-07-20 05:00:00,2003,7,6,12208,16.02,HOEP (Legacy)
2003-07-20 06:00:00,2003,7,7,12953,17.1,HOEP (Legacy)
2003-07-20 07:00:00,2003,7,8,13934,21.01,HOEP (Legacy)
2003-07-20 08:00:00,2003,7,9,14927,23.19,HOEP (Legacy)
2003-07-20 09:00:00,2003,7,10,15577,24.13,HOEP (Legacy)
2003-07-20 10:00:00,2003,7,11,16089,25.9,HOEP (Legacy)
2003-07-20 11:00:00,2003,7,12,16300,26.57,HOEP (Legacy)
2003-07-20 12:00:00,2003,7,13,16324,59.03,HOEP (Legacy)
2003-07-20 13:00:00,2003,7,14,16200,26.52,HOEP (Legacy)
2003-07-20 14:00:00,2003,7,15,16156,24.31,HOEP (Legacy)
2003-07-20 15:00:00,2003,7,16,16303,24.78,HOEP (Legacy)
2003-07-20 16:00:00,2003,7,17,16481,26.56,HOEP (Legacy)
2003-07-20 17:00:00,2003,7,18,16357,37.77,HOEP (Legacy)
2003-07-20 18:00:00,2003,7,19,16126,32.16,HOEP (Legacy)
2003-07-20 19:00:00,2003,7,20,16156,47.89,HOEP (Legacy)
2003-07-20 20:00:00,2003,7,21,16591,34.38,HOEP (Legacy)
2003-07-20 21:00:00,2003,7,22,16018,36.23,HOEP (Legacy)
2003-07-20 22:00:00,2003,7,23,15004,23.82,HOEP (Legacy)
2003-07-20 23:00:00,2003,7,24,14053,23.44,HOEP (Legacy)
2003-07-21 00:00:00,2003,7,1,13575,22.05,HOEP (Legacy)
2003-07-21 01:00:00,2003,7,2,13379,21.54,HOEP (Legacy)
2003-07-21 02:00:00,2003,7,3,13315,22.19,HOEP (Legacy)
2003-07-21 03:00:00,2003,7,4,13307,21.75,HOEP (Legacy)
2003-07-21 04:00:00,2003,7,5,13588,22.24,HOEP (Legacy)
2003-07-21 05:00:00,2003,7,6,14523,21.46,HOEP (Legacy)
2003-07-21 06:00:00,2003,7,7,16200,23.44,HOEP (Legacy)
2003-07-21 07:00:00,2003,7,8,17629,26.54,HOEP (Legacy)
2003-07-21 08:00:00,2003,7,9,18487,27.17,HOEP (Legacy)
2003-07-21 09:00:00,2003,7,10,18922,26.54,HOEP (Legacy)
2003-07-21 10:00:00,2003,7,11,19074,26.3,HOEP (Legacy)
2003-07-21 11:00:00,2003,7,12,19178,27.69,HOEP (Legacy)
2003-07-21 12:00:00,2003,7,13,19148,45.01,HOEP (Legacy)
2003-07-21 13:00:00,2003,7,14,19343,56.83,HOEP (Legacy)
2003-07-21 14:00:00,2003,7,15,19342,61.06,HOEP (Legacy)
2003-07-21 15:00:00,2003,7,16,19467,70.83,HOEP (Legacy)
2003-07-21 16:00:00,2003,7,17,19572,65.98,HOEP (Legacy)
2003-07-21 17:00:00,2003,7,18,19055,66.51,HOEP (Legacy)
2003-07-21 18:00:00,2003,7,19,18643,59.06,HOEP (Legacy)
2003-07-21 19:00:00,2003,7,20,18355,26.96,HOEP (Legacy)
2003-07-21 20:00:00,2003,7,21,18458,27.15,HOEP (Legacy)
2003-07-21 21:00:00,2003,7,22,17369,24.21,HOEP (Legacy)
2003-07-21 22:00:00,2003,7,23,15873,22.5,HOEP (Legacy)
2003-07-21 23:00:00,2003,7,24,14834,22.87,HOEP (Legacy)
2003-07-22 00:00:00,2003,7,1,14242,22.18,HOEP (Legacy)
2003-07-22 01:00:00,2003,7,2,13857,21.59,HOEP (Legacy)
2003-07-22 02:00:00,2003,7,3,13633,21.05,HOEP (Legacy)
2003-07-22 03:00:00,2003,7,4,13464,20.24,HOEP (Legacy)
2003-07-22 04:00:00,2003,7,5,13844,21.76,HOEP (Legacy)
2003-07-22 05:00:00,2003,7,6,14722,21.8,HOEP (Legacy)
2003-07-22 06:00:00,2003,7,7,16252,23.66,HOEP (Legacy)
2003-07-22 07:00:00,2003,7,8,17637,28.42,HOEP (Legacy)
2003-07-22 08:00:00,2003,7,9,18520,56.07,HOEP (Legacy)
2003-07-22 09:00:00,2003,7,10,19201,71.11,HOEP (Legacy)
2003-07-22 10:00:00,2003,7,11,19447,71.86,HOEP (Legacy)
2003-07-22 11:00:00,2003,7,12,19659,72.46,HOEP (Legacy)
2003-07-22 12:00:00,2003,7,13,19774,69.71,HOEP (Legacy)
2003-07-22 13:00:00,2003,7,14,19838,63.59,HOEP (Legacy)
2003-07-22 14:00:00,2003,7,15,19807,63.18,HOEP (Legacy)
2003-07-22 15:00:00,2003,7,16,19903,63.39,HOEP (Legacy)
2003-07-22 16:00:00,2003,7,17,19662,64.83,HOEP (Legacy)
2003-07-22 17:00:00,2003,7,18,19090,51.65,HOEP (Legacy)
2003-07-22 18:00:00,2003,7,19,18544,26.29,HOEP (Legacy)
2003-07-22 19:00:00,2003,7,20,18319,27.75,HOEP (Legacy)
2003-07-22 20:00:00,2003,7,21,18429,62.87,HOEP (Legacy)
2003-07-22 21:00:00,2003,7,22,17578,55.05,HOEP (Legacy)
2003-07-22 22:00:00,2003,7,23,16092,24.74,HOEP (Legacy)
2003-07-22 23:00:00,2003,7,24,14318,21.51,HOEP (Legacy)
2003-07-23 00:00:00,2003,7,1,13821,17.33,HOEP (Legacy)
2003-07-23 01:00:00,2003,7,2,13753,13.88,HOEP (Legacy)
2003-07-23 02:00:00,2003,7,3,13629,11.54,HOEP (Legacy)
2003-07-23 03:00:00,2003,7,4,13609,11.59,HOEP (Legacy)
2003-07-23 04:00:00,2003,7,5,13922,14.69,HOEP (Legacy)
2003-07-23 05:00:00,2003,7,6,14609,17.15,HOEP (Legacy)
2003-07-23 06:00:00,2003,7,7,16314,22.86,HOEP (Legacy)
2003-07-23 07:00:00,2003,7,8,17618,31.16,HOEP (Legacy)
2003-07-23 08:00:00,2003,7,9,18530,66.99,HOEP (Legacy)
2003-07-23 09:00:00,2003,7,10,19275,72.85,HOEP (Legacy)
2003-07-23 10:00:00,2003,7,11,19613,85.09,HOEP (Legacy)
2003-07-23 11:00:00,2003,7,12,19813,65.25,HOEP (Legacy)
2003-07-23 12:00:00,2003,7,13,20039,64.31,HOEP (Legacy)
2003-07-23 13:00:00,2003,7,14,19966,60.52,HOEP (Legacy)
2003-07-23 14:00:00,2003,7,15,20106,60.49,HOEP (Legacy)
2003-07-23 15:00:00,2003,7,16,20232,58.83,HOEP (Legacy)
2003-07-23 16:00:00,2003,7,17,20266,50.16,HOEP (Legacy)
2003-07-23 17:00:00,2003,7,18,19817,56.81,HOEP (Legacy)
2003-07-23 18:00:00,2003,7,19,19242,32.39,HOEP (Legacy)
2003-07-23 19:00:00,2003,7,20,18927,47.63,HOEP (Legacy)
2003-07-23 20:00:00,2003,7,21,19016,61.54,HOEP (Legacy)
2003-07-23 21:00:00,2003,7,22,18043,46.44,HOEP (Legacy)
2003-07-23 22:00:00,2003,7,23,16732,27.07,HOEP (Legacy)
2003-07-23 23:00:00,2003,7,24,15347,23.61,HOEP (Legacy)
2003-07-24 00:00:00,2003,7,1,14729,23.67,HOEP (Legacy)
2003-07-24 01:00:00,2003,7,2,14266,23.77,HOEP (Legacy)
2003-07-24 02:00:00,2003,7,3,13910,24.04,HOEP (Legacy)
2003-07-24 03:00:00,2003,7,4,13913,24.03,HOEP (Legacy)
2003-07-24 04:00:00,2003,7,5,14191,23.98,HOEP (Legacy)
2003-07-24 05:00:00,2003,7,6,15115,24.33,HOEP (Legacy)
2003-07-24 06:00:00,2003,7,7,16486,31.92,HOEP (Legacy)
2003-07-24 07:00:00,2003,7,8,17774,35.87,HOEP (Legacy)
2003-07-24 08:00:00,2003,7,9,18604,39.34,HOEP (Legacy)
2003-07-24 09:00:00,2003,7,10,19318,48.0,HOEP (Legacy)
2003-07-24 10:00:00,2003,7,11,19787,26.09,HOEP (Legacy)
2003-07-24 11:00:00,2003,7,12,19955,53.14,HOEP (Legacy)
2003-07-24 12:00:00,2003,7,13,20043,56.42,HOEP (Legacy)
2003-07-24 13:00:00,2003,7,14,20022,60.14,HOEP (Legacy)
2003-07-24 14:00:00,2003,7,15,20143,61.75,HOEP (Legacy)
2003-07-24 15:00:00,2003,7,16,20216,67.76,HOEP (Legacy)
2003-07-24 16:00:00,2003,7,17,20222,67.19,HOEP (Legacy)
2003-07-24 17:00:00,2003,7,18,19836,35.34,HOEP (Legacy)
2003-07-24 18:00:00,2003,7,19,19426,24.26,HOEP (Legacy)
2003-07-24 19:00:00,2003,7,20,19069,24.24,HOEP (Legacy)
2003-07-24 20:00:00,2003,7,21,19126,77.9,HOEP (Legacy)
2003-07-24 21:00:00,2003,7,22,18067,48.46,HOEP (Legacy)
2003-07-24 22:00:00,2003,7,23,16497,24.22,HOEP (Legacy)
2003-07-24 23:00:00,2003,7,24,15171,25.34,HOEP (Legacy)
2003-07-25 00:00:00,2003,7,1,14542,25.87,HOEP (Legacy)
2003-07-25 01:00:00,2003,7,2,14069,24.51,HOEP (Legacy)
2003-07-25 02:00:00,2003,7,3,13837,23.11,HOEP (Legacy)
2003-07-25 03:00:00,2003,7,4,13840,23.44,HOEP (Legacy)
2003-07-25 04:00:00,2003,7,5,14034,23.61,HOEP (Legacy)
2003-07-25 05:00:00,2003,7,6,14661,23.14,HOEP (Legacy)
2003-07-25 06:00:00,2003,7,7,16245,27.04,HOEP (Legacy)
2003-07-25 07:00:00,2003,7,8,17765,34.49,HOEP (Legacy)
2003-07-25 08:00:00,2003,7,9,18758,41.1,HOEP (Legacy)
2003-07-25 09:00:00,2003,7,10,19570,31.59,HOEP (Legacy)
2003-07-25 10:00:00,2003,7,11,20112,45.59,HOEP (Legacy)
2003-07-25 11:00:00,2003,7,12,20320,57.2,HOEP (Legacy)
2003-07-25 12:00:00,2003,7,13,20584,60.46,HOEP (Legacy)
2003-07-25 13:00:00,2003,7,14,20628,74.15,HOEP (Legacy)
2003-07-25 14:00:00,2003,7,15,20802,76.7,HOEP (Legacy)
2003-07-25 15:00:00,2003,7,16,20937,68.27,HOEP (Legacy)
2003-07-25 16:00:00,2003,7,17,20806,69.78,HOEP (Legacy)
2003-07-25 17:00:00,2003,7,18,20642,70.04,HOEP (Legacy)
2003-07-25 18:00:00,2003,7,19,20033,69.02,HOEP (Legacy)
2003-07-25 19:00:00,2003,7,20,19381,71.66,HOEP (Legacy)
2003-07-25 20:00:00,2003,7,21,19320,70.48,HOEP (Legacy)
2003-07-25 21:00:00,2003,7,22,18278,31.47,HOEP (Legacy)
2003-07-25 22:00:00,2003,7,23,16783,24.4,HOEP (Legacy)
2003-07-25 23:00:00,2003,7,24,15492,24.44,HOEP (Legacy)
2003-07-26 00:00:00,2003,7,1,14817,25.44,HOEP (Legacy)
2003-07-26 01:00:00,2003,7,2,14107,23.88,HOEP (Legacy)
2003-07-26 02:00:00,2003,7,3,13790,23.02,HOEP (Legacy)
2003-07-26 03:00:00,2003,7,4,13613,22.55,HOEP (Legacy)
2003-07-26 04:00:00,2003,7,5,13673,22.16,HOEP (Legacy)
2003-07-26 05:00:00,2003,7,6,13779,21.29,HOEP (Legacy)
2003-07-26 06:00:00,2003,7,7,14574,22.23,HOEP (Legacy)
2003-07-26 07:00:00,2003,7,8,15773,23.94,HOEP (Legacy)
2003-07-26 08:00:00,2003,7,9,16869,24.52,HOEP (Legacy)
2003-07-26 09:00:00,2003,7,10,17733,36.09,HOEP (Legacy)
2003-07-26 10:00:00,2003,7,11,18275,64.38,HOEP (Legacy)
2003-07-26 11:00:00,2003,7,12,18411,64.05,HOEP (Legacy)
2003-07-26 12:00:00,2003,7,13,18069,47.9,HOEP (Legacy)
2003-07-26 13:00:00,2003,7,14,17707,24.19,HOEP (Legacy)
2003-07-26 14:00:00,2003,7,15,17584,23.82,HOEP (Legacy)
2003-07-26 15:00:00,2003,7,16,17603,24.26,HOEP (Legacy)
2003-07-26 16:00:00,2003,7,17,17629,42.64,HOEP (Legacy)
2003-07-26 17:00:00,2003,7,18,17301,26.54,HOEP (Legacy)
2003-07-26 18:00:00,2003,7,19,17020,31.51,HOEP (Legacy)
2003-07-26 19:00:00,2003,7,20,16952,65.4,HOEP (Legacy)
2003-07-26 20:00:00,2003,7,21,17152,73.01,HOEP (Legacy)
2003-07-26 21:00:00,2003,7,22,16557,24.73,HOEP (Legacy)
2003-07-26 22:00:00,2003,7,23,15604,22.95,HOEP (Legacy)
2003-07-26 23:00:00,2003,7,24,14769,22.93,HOEP (Legacy)
2003-07-27 00:00:00,2003,7,1,14079,24.88,HOEP (Legacy)
2003-07-27 01:00:00,2003,7,2,13585,23.07,HOEP (Legacy)
2003-07-27 02:00:00,2003,7,3,13397,22.69,HOEP (Legacy)
2003-07-27 03:00:00,2003,7,4,13202,21.03,HOEP (Legacy)
2003-07-27 04:00:00,2003,7,5,13143,21.08,HOEP (Legacy)
2003-07-27 05:00:00,2003,7,6,13216,19.61,HOEP (Legacy)
2003-07-27 06:00:00,2003,7,7,13710,21.49,HOEP (Legacy)
2003-07-27 07:00:00,2003,7,8,14762,22.79,HOEP (Legacy)
2003-07-27 08:00:00,2003,7,9,15915,24.37,HOEP (Legacy)
2003-07-27 09:00:00,2003,7,10,16653,24.58,HOEP (Legacy)
2003-07-27 10:00:00,2003,7,11,17483,34.5,HOEP (Legacy)
2003-07-27 11:00:00,2003,7,12,17881,42.45,HOEP (Legacy)
2003-07-27 12:00:00,2003,7,13,18010,58.81,HOEP (Legacy)
2003-07-27 13:00:00,2003,7,14,18077,55.99,HOEP (Legacy)
2003-07-27 14:00:00,2003,7,15,18334,69.27,HOEP (Legacy)
2003-07-27 15:00:00,2003,7,16,18589,59.94,HOEP (Legacy)
2003-07-27 16:00:00,2003,7,17,18766,71.33,HOEP (Legacy)
2003-07-27 17:00:00,2003,7,18,18425,62.02,HOEP (Legacy)
2003-07-27 18:00:00,2003,7,19,17979,31.87,HOEP (Legacy)
2003-07-27 19:00:00,2003,7,20,17548,25.77,HOEP (Legacy)
2003-07-27 20:00:00,2003,7,21,17783,37.84,HOEP (Legacy)
2003-07-27 21:00:00,2003,7,22,16942,24.05,HOEP (Legacy)
2003-07-27 22:00:00,2003,7,23,15741,22.1,HOEP (Legacy)
2003-07-27 23:00:00,2003,7,24,14608,20.82,HOEP (Legacy)
2003-07-28 00:00:00,2003,7,1,14028,21.24,HOEP (Legacy)
2003-07-28 01:00:00,2003,7,2,13687,21.86,HOEP (Legacy)
2003-07-28 02:00:00,2003,7,3,13395,22.09,HOEP (Legacy)
2003-07-28 03:00:00,2003,7,4,13356,22.2,HOEP (Legacy)
2003-07-28 04:00:00,2003,7,5,13672,21.72,HOEP (Legacy)
2003-07-28 05:00:00,2003,7,6,14182,19.28,HOEP (Legacy)
2003-07-28 06:00:00,2003,7,7,15965,23.3,HOEP (Legacy)
2003-07-28 07:00:00,2003,7,8,17386,30.65,HOEP (Legacy)
2003-07-28 08:00:00,2003,7,9,18444,45.4,HOEP (Legacy)
2003-07-28 09:00:00,2003,7,10,18841,53.21,HOEP (Legacy)
2003-07-28 10:00:00,2003,7,11,19108,44.91,HOEP (Legacy)
2003-07-28 11:00:00,2003,7,12,19277,49.82,HOEP (Legacy)
2003-07-28 12:00:00,2003,7,13,19530,58.8,HOEP (Legacy)
2003-07-28 13:00:00,2003,7,14,19617,61.55,HOEP (Legacy)
2003-07-28 14:00:00,2003,7,15,19785,61.99,HOEP (Legacy)
2003-07-28 15:00:00,2003,7,16,20116,63.78,HOEP (Legacy)
2003-07-28 16:00:00,2003,7,17,20126,64.09,HOEP (Legacy)
2003-07-28 17:00:00,2003,7,18,19571,60.04,HOEP (Legacy)
2003-07-28 18:00:00,2003,7,19,19077,55.74,HOEP (Legacy)
2003-07-28 19:00:00,2003,7,20,18645,58.83,HOEP (Legacy)
2003-07-28 20:00:00,2003,7,21,18698,55.86,HOEP (Legacy)
2003-07-28 21:00:00,2003,7,22,17705,27.79,HOEP (Legacy)
2003-07-28 22:00:00,2003,7,23,16247,24.03,HOEP (Legacy)
2003-07-28 23:00:00,2003,7,24,14932,23.35,HOEP (Legacy)
2003-07-29 00:00:00,2003,7,1,14226,22.6,HOEP (Legacy)
2003-07-29 01:00:00,2003,7,2,13875,22.06,HOEP (Legacy)
2003-07-29 02:00:00,2003,7,3,13556,21.25,HOEP (Legacy)
2003-07-29 03:00:00,2003,7,4,13455,21.97,HOEP (Legacy)
2003-07-29 04:00:00,2003,7,5,13806,21.92,HOEP (Legacy)
2003-07-29 05:00:00,2003,7,6,14412,21.59,HOEP (Legacy)
2003-07-29 06:00:00,2003,7,7,16092,23.26,HOEP (Legacy)
2003-07-29 07:00:00,2003,7,8,17292,24.2,HOEP (Legacy)
2003-07-29 08:00:00,2003,7,9,18235,24.41,HOEP (Legacy)
2003-07-29 09:00:00,2003,7,10,19037,59.01,HOEP (Legacy)
2003-07-29 10:00:00,2003,7,11,19566,59.67,HOEP (Legacy)
2003-07-29 11:00:00,2003,7,12,19792,60.12,HOEP (Legacy)
2003-07-29 12:00:00,2003,7,13,20145,64.19,HOEP (Legacy)
2003-07-29 13:00:00,2003,7,14,20332,68.28,HOEP (Legacy)
2003-07-29 14:00:00,2003,7,15,20388,60.3,HOEP (Legacy)
2003-07-29 15:00:00,2003,7,16,20507,62.8,HOEP (Legacy)
2003-07-29 16:00:00,2003,7,17,20666,64.76,HOEP (Legacy)
2003-07-29 17:00:00,2003,7,18,20033,56.12,HOEP (Legacy)
2003-07-29 18:00:00,2003,7,19,19443,54.99,HOEP (Legacy)
2003-07-29 19:00:00,2003,7,20,19069,58.21,HOEP (Legacy)
2003-07-29 20:00:00,2003,7,21,19202,58.38,HOEP (Legacy)
2003-07-29 21:00:00,2003,7,22,18145,51.04,HOEP (Legacy)
2003-07-29 22:00:00,2003,7,23,16694,33.94,HOEP (Legacy)
2003-07-29 23:00:00,2003,7,24,15467,23.49,HOEP (Legacy)
2003-07-30 00:00:00,2003,7,1,14586,23.1,HOEP (Legacy)
2003-07-30 01:00:00,2003,7,2,14046,23.24,HOEP (Legacy)
2003-07-30 02:00:00,2003,7,3,13652,22.63,HOEP (Legacy)
2003-07-30 03:00:00,2003,7,4,13612,22.69,HOEP (Legacy)
2003-07-30 04:00:00,2003,7,5,13841,23.07,HOEP (Legacy)
2003-07-30 05:00:00,2003,7,6,14454,22.94,HOEP (Legacy)
2003-07-30 06:00:00,2003,7,7,15969,26.25,HOEP (Legacy)
2003-07-30 07:00:00,2003,7,8,17326,40.9,HOEP (Legacy)
2003-07-30 08:00:00,2003,7,9,18546,57.52,HOEP (Legacy)
2003-07-30 09:00:00,2003,7,10,19645,67.66,HOEP (Legacy)
2003-07-30 10:00:00,2003,7,11,20038,65.84,HOEP (Legacy)
2003-07-30 11:00:00,2003,7,12,20336,69.05,HOEP (Legacy)
2003-07-30 12:00:00,2003,7,13,20639,68.13,HOEP (Legacy)
2003-07-30 13:00:00,2003,7,14,20777,70.03,HOEP (Legacy)
2003-07-30 14:00:00,2003,7,15,21002,68.33,HOEP (Legacy)
2003-07-30 15:00:00,2003,7,16,21302,70.23,HOEP (Legacy)
2003-07-30 16:00:00,2003,7,17,21438,74.16,HOEP (Legacy)
2003-07-30 17:00:00,2003,7,18,20941,67.67,HOEP (Legacy)
2003-07-30 18:00:00,2003,7,19,20360,67.17,HOEP (Legacy)
2003-07-30 19:00:00,2003,7,20,19909,63.34,HOEP (Legacy)
2003-07-30 20:00:00,2003,7,21,19827,65.21,HOEP (Legacy)
2003-07-30 21:00:00,2003,7,22,18632,62.77,HOEP (Legacy)
2003-07-30 22:00:00,2003,7,23,17149,39.03,HOEP (Legacy)
2003-07-30 23:00:00,2003,7,24,15866,23.38,HOEP (Legacy)
2003-07-31 00:00:00,2003,7,1,15132,23.68,HOEP (Legacy)
2003-07-31 01:00:00,2003,7,2,14733,23.78,HOEP (Legacy)
2003-07-31 02:00:00,2003,7,3,14376,22.29,HOEP (Legacy)
2003-07-31 03:00:00,2003,7,4,14308,22.19,HOEP (Legacy)
2003-07-31 04:00:00,2003,7,5,14548,21.62,HOEP (Legacy)
2003-07-31 05:00:00,2003,7,6,15211,21.97,HOEP (Legacy)
2003-07-31 06:00:00,2003,7,7,16623,25.45,HOEP (Legacy)
2003-07-31 07:00:00,2003,7,8,17966,35.56,HOEP (Legacy)
2003-07-31 08:00:00,2003,7,9,18877,44.44,HOEP (Legacy)
2003-07-31 09:00:00,2003,7,10,19482,64.02,HOEP (Legacy)
2003-07-31 10:00:00,2003,7,11,19997,63.49,HOEP (Legacy)
2003-07-31 11:00:00,2003,7,12,20413,66.06,HOEP (Legacy)
2003-07-31 12:00:00,2003,7,13,20824,71.86,HOEP (Legacy)
2003-07-31 13:00:00,2003,7,14,20853,71.68,HOEP (Legacy)
2003-07-31 14:00:00,2003,7,15,20899,68.69,HOEP (Legacy)
2003-07-31 15:00:00,2003,7,16,21036,69.74,HOEP (Legacy)
2003-07-31 16:00:00,2003,7,17,21044,73.41,HOEP (Legacy)
2003-07-31 17:00:00,2003,7,18,20566,68.09,HOEP (Legacy)
2003-07-31 18:00:00,2003,7,19,19960,66.82,HOEP (Legacy)
2003-07-31 19:00:00,2003,7,20,19631,65.78,HOEP (Legacy)
2003-07-31 20:00:00,2003,7,21,19875,65.79,HOEP (Legacy)
2003-07-31 21:00:00,2003,7,22,18784,60.84,HOEP (Legacy)
2003-07-31 22:00:00,2003,7,23,17247,23.9,HOEP (Legacy)
2003-07-31 23:00:00,2003,7,24,16125,23.47,HOEP (Legacy)
2003-08-01 00:00:00,2003,8,1,15233,24.58,HOEP (Legacy)
2003-08-01 01:00:00,2003,8,2,14705,23.24,HOEP (Legacy)
2003-08-01 02:00:00,2003,8,3,14454,24.08,HOEP (Legacy)
2003-08-01 03:00:00,2003,8,4,14398,24.89,HOEP (Legacy)
2003-08-01 04:00:00,2003,8,5,14624,30.9,HOEP (Legacy)
2003-08-01 05:00:00,2003,8,6,15461,39.18,HOEP (Legacy)
2003-08-01 06:00:00,2003,8,7,16943,60.26,HOEP (Legacy)
2003-08-01 07:00:00,2003,8,8,18292,59.24,HOEP (Legacy)
2003-08-01 08:00:00,2003,8,9,19155,65.26,HOEP (Legacy)
2003-08-01 09:00:00,2003,8,10,19811,64.45,HOEP (Legacy)
2003-08-01 10:00:00,2003,8,11,20276,65.46,HOEP (Legacy)
2003-08-01 11:00:00,2003,8,12,20657,70.92,HOEP (Legacy)
2003-08-01 12:00:00,2003,8,13,20958,72.4,HOEP (Legacy)
2003-08-01 13:00:00,2003,8,14,21168,87.07,HOEP (Legacy)
2003-08-01 14:00:00,2003,8,15,21268,72.4,HOEP (Legacy)
2003-08-01 15:00:00,2003,8,16,21211,76.16,HOEP (Legacy)
2003-08-01 16:00:00,2003,8,17,20838,66.82,HOEP (Legacy)
2003-08-01 17:00:00,2003,8,18,20230,63.19,HOEP (Legacy)
2003-08-01 18:00:00,2003,8,19,19430,59.63,HOEP (Legacy)
2003-08-01 19:00:00,2003,8,20,18949,59.2,HOEP (Legacy)
2003-08-01 20:00:00,2003,8,21,18876,52.96,HOEP (Legacy)
2003-08-01 21:00:00,2003,8,22,17697,25.12,HOEP (Legacy)
2003-08-01 22:00:00,2003,8,23,16293,24.85,HOEP (Legacy)
2003-08-01 23:00:00,2003,8,24,15075,24.66,HOEP (Legacy)
2003-08-02 00:00:00,2003,8,1,14297,23.97,HOEP (Legacy)
2003-08-02 01:00:00,2003,8,2,13787,25.11,HOEP (Legacy)
2003-08-02 02:00:00,2003,8,3,13537,24.0,HOEP (Legacy)
2003-08-02 03:00:00,2003,8,4,13332,24.29,HOEP (Legacy)
2003-08-02 04:00:00,2003,8,5,13463,30.76,HOEP (Legacy)
2003-08-02 05:00:00,2003,8,6,13740,35.98,HOEP (Legacy)
2003-08-02 06:00:00,2003,8,7,14399,34.85,HOEP (Legacy)
2003-08-02 07:00:00,2003,8,8,15512,48.89,HOEP (Legacy)
2003-08-02 08:00:00,2003,8,9,16323,48.72,HOEP (Legacy)
2003-08-02 09:00:00,2003,8,10,17009,45.61,HOEP (Legacy)
2003-08-02 10:00:00,2003,8,11,17266,29.38,HOEP (Legacy)
2003-08-02 11:00:00,2003,8,12,17283,58.98,HOEP (Legacy)
2003-08-02 12:00:00,2003,8,13,17166,40.36,HOEP (Legacy)
2003-08-02 13:00:00,2003,8,14,17147,64.21,HOEP (Legacy)
2003-08-02 14:00:00,2003,8,15,17176,62.5,HOEP (Legacy)
2003-08-02 15:00:00,2003,8,16,17254,60.18,HOEP (Legacy)
2003-08-02 16:00:00,2003,8,17,17407,59.04,HOEP (Legacy)
2003-08-02 17:00:00,2003,8,18,17211,58.46,HOEP (Legacy)
2003-08-02 18:00:00,2003,8,19,16787,50.84,HOEP (Legacy)
2003-08-02 19:00:00,2003,8,20,16708,55.96,HOEP (Legacy)
2003-08-02 20:00:00,2003,8,21,16896,64.28,HOEP (Legacy)
2003-08-02 21:00:00,2003,8,22,16191,25.67,HOEP (Legacy)
2003-08-02 22:00:00,2003,8,23,15331,25.51,HOEP (Legacy)
2003-08-02 23:00:00,2003,8,24,14446,32.89,HOEP (Legacy)
2003-08-03 00:00:00,2003,8,1,13730,24.9,HOEP (Legacy)
2003-08-03 01:00:00,2003,8,2,13279,23.35,HOEP (Legacy)
2003-08-03 02:00:00,2003,8,3,12888,22.14,HOEP (Legacy)
2003-08-03 03:00:00,2003,8,4,12611,21.49,HOEP (Legacy)
2003-08-03 04:00:00,2003,8,5,12671,21.55,HOEP (Legacy)
2003-08-03 05:00:00,2003,8,6,12702,21.01,HOEP (Legacy)
2003-08-03 06:00:00,2003,8,7,12910,21.08,HOEP (Legacy)
2003-08-03 07:00:00,2003,8,8,13900,21.75,HOEP (Legacy)
2003-08-03 08:00:00,2003,8,9,14938,22.81,HOEP (Legacy)
2003-08-03 09:00:00,2003,8,10,15810,24.9,HOEP (Legacy)
2003-08-03 10:00:00,2003,8,11,16429,59.45,HOEP (Legacy)
2003-08-03 11:00:00,2003,8,12,16679,60.51,HOEP (Legacy)
2003-08-03 12:00:00,2003,8,13,16709,60.8,HOEP (Legacy)
2003-08-03 13:00:00,2003,8,14,16770,61.33,HOEP (Legacy)
2003-08-03 14:00:00,2003,8,15,16824,60.94,HOEP (Legacy)
2003-08-03 15:00:00,2003,8,16,16975,59.82,HOEP (Legacy)
2003-08-03 16:00:00,2003,8,17,17038,62.28,HOEP (Legacy)
2003-08-03 17:00:00,2003,8,18,16942,65.73,HOEP (Legacy)
2003-08-03 18:00:00,2003,8,19,16629,58.19,HOEP (Legacy)
2003-08-03 19:00:00,2003,8,20,16720,50.84,HOEP (Legacy)
2003-08-03 20:00:00,2003,8,21,16966,24.99,HOEP (Legacy)
2003-08-03 21:00:00,2003,8,22,16255,24.01,HOEP (Legacy)
2003-08-03 22:00:00,2003,8,23,15368,23.3,HOEP (Legacy)
2003-08-03 23:00:00,2003,8,24,14388,22.29,HOEP (Legacy)
2003-08-04 00:00:00,2003,8,1,13954,23.32,HOEP (Legacy)
2003-08-04 01:00:00,2003,8,2,13579,24.01,HOEP (Legacy)
2003-08-04 02:00:00,2003,8,3,13397,24.23,HOEP (Legacy)
2003-08-04 03:00:00,2003,8,4,13224,23.61,HOEP (Legacy)
2003-08-04 04:00:00,2003,8,5,13155,23.46,HOEP (Legacy)
2003-08-04 05:00:00,2003,8,6,13168,24.05,HOEP (Legacy)
2003-08-04 06:00:00,2003,8,7,13798,23.11,HOEP (Legacy)
2003-08-04 07:00:00,2003,8,8,14810,25.3,HOEP (Legacy)
2003-08-04 08:00:00,2003,8,9,15861,24.34,HOEP (Legacy)
2003-08-04 09:00:00,2003,8,10,17269,62.01,HOEP (Legacy)
2003-08-04 10:00:00,2003,8,11,17986,82.41,HOEP (Legacy)
2003-08-04 11:00:00,2003,8,12,18561,118.77,HOEP (Legacy)
2003-08-04 12:00:00,2003,8,13,18728,74.08,HOEP (Legacy)
2003-08-04 13:00:00,2003,8,14,18766,70.8,HOEP (Legacy)
2003-08-04 14:00:00,2003,8,15,18836,63.53,HOEP (Legacy)
2003-08-04 15:00:00,2003,8,16,19107,68.33,HOEP (Legacy)
2003-08-04 16:00:00,2003,8,17,19405,68.33,HOEP (Legacy)
2003-08-04 17:00:00,2003,8,18,19118,66.32,HOEP (Legacy)
2003-08-04 18:00:00,2003,8,19,18614,64.14,HOEP (Legacy)
2003-08-04 19:00:00,2003,8,20,18571,65.77,HOEP (Legacy)
2003-08-04 20:00:00,2003,8,21,18968,63.73,HOEP (Legacy)
2003-08-04 21:00:00,2003,8,22,17970,39.59,HOEP (Legacy)
2003-08-04 22:00:00,2003,8,23,16783,24.33,HOEP (Legacy)
2003-08-04 23:00:00,2003,8,24,15668,25.48,HOEP (Legacy)
2003-08-05 00:00:00,2003,8,1,15012,35.23,HOEP (Legacy)
2003-08-05 01:00:00,2003,8,2,14638,26.21,HOEP (Legacy)
2003-08-05 02:00:00,2003,8,3,14328,25.32,HOEP (Legacy)
2003-08-05 03:00:00,2003,8,4,14326,23.9,HOEP (Legacy)
2003-08-05 04:00:00,2003,8,5,14449,22.7,HOEP (Legacy)
2003-08-05 05:00:00,2003,8,6,14919,22.13,HOEP (Legacy)
2003-08-05 06:00:00,2003,8,7,16757,24.02,HOEP (Legacy)
2003-08-05 07:00:00,2003,8,8,18332,25.28,HOEP (Legacy)
2003-08-05 08:00:00,2003,8,9,19150,44.45,HOEP (Legacy)
2003-08-05 09:00:00,2003,8,10,20456,57.76,HOEP (Legacy)
2003-08-05 10:00:00,2003,8,11,21158,68.93,HOEP (Legacy)
2003-08-05 11:00:00,2003,8,12,21291,76.15,HOEP (Legacy)
2003-08-05 12:00:00,2003,8,13,21296,69.45,HOEP (Legacy)
2003-08-05 13:00:00,2003,8,14,21561,71.98,HOEP (Legacy)
2003-08-05 14:00:00,2003,8,15,21512,65.37,HOEP (Legacy)
2003-08-05 15:00:00,2003,8,16,21246,65.47,HOEP (Legacy)
2003-08-05 16:00:00,2003,8,17,21005,61.25,HOEP (Legacy)
2003-08-05 17:00:00,2003,8,18,20608,59.69,HOEP (Legacy)
2003-08-05 18:00:00,2003,8,19,20166,59.5,HOEP (Legacy)
2003-08-05 19:00:00,2003,8,20,20016,59.66,HOEP (Legacy)
2003-08-05 20:00:00,2003,8,21,20017,44.83,HOEP (Legacy)
2003-08-05 21:00:00,2003,8,22,18884,24.89,HOEP (Legacy)
2003-08-05 22:00:00,2003,8,23,17450,24.34,HOEP (Legacy)
2003-08-05 23:00:00,2003,8,24,16233,23.35,HOEP (Legacy)
2003-08-06 00:00:00,2003,8,1,15577,25.03,HOEP (Legacy)
2003-08-06 01:00:00,2003,8,2,15271,24.7,HOEP (Legacy)
2003-08-06 02:00:00,2003,8,3,14822,23.96,HOEP (Legacy)
2003-08-06 03:00:00,2003,8,4,14727,24.02,HOEP (Legacy)
2003-08-06 04:00:00,2003,8,5,14981,23.77,HOEP (Legacy)
2003-08-06 05:00:00,2003,8,6,15851,22.8,HOEP (Legacy)
2003-08-06 06:00:00,2003,8,7,17204,24.96,HOEP (Legacy)
2003-08-06 07:00:00,2003,8,8,18435,33.74,HOEP (Legacy)
2003-08-06 08:00:00,2003,8,9,19239,36.2,HOEP (Legacy)
2003-08-06 09:00:00,2003,8,10,20005,42.77,HOEP (Legacy)
2003-08-06 10:00:00,2003,8,11,20356,55.74,HOEP (Legacy)
2003-08-06 11:00:00,2003,8,12,20476,60.4,HOEP (Legacy)
2003-08-06 12:00:00,2003,8,13,20418,60.34,HOEP (Legacy)
2003-08-06 13:00:00,2003,8,14,20567,60.4,HOEP (Legacy)
2003-08-06 14:00:00,2003,8,15,21114,66.04,HOEP (Legacy)
2003-08-06 15:00:00,2003,8,16,21618,70.46,HOEP (Legacy)
2003-08-06 16:00:00,2003,8,17,21561,92.22,HOEP (Legacy)
2003-08-06 17:00:00,2003,8,18,20991,70.21,HOEP (Legacy)
2003-08-06 18:00:00,2003,8,19,20277,61.4,HOEP (Legacy)
2003-08-06 19:00:00,2003,8,20,19983,60.15,HOEP (Legacy)
2003-08-06 20:00:00,2003,8,21,20037,65.87,HOEP (Legacy)
2003-08-06 21:00:00,2003,8,22,18940,25.75,HOEP (Legacy)
2003-08-06 22:00:00,2003,8,23,17435,23.21,HOEP (Legacy)
2003-08-06 23:00:00,2003,8,24,16182,23.08,HOEP (Legacy)
2003-08-07 00:00:00,2003,8,1,15577,26.37,HOEP (Legacy)
2003-08-07 01:00:00,2003,8,2,15015,23.1,HOEP (Legacy)
2003-08-07 02:00:00,2003,8,3,14658,22.85,HOEP (Legacy)
2003-08-07 03:00:00,2003,8,4,14566,22.8,HOEP (Legacy)
2003-08-07 04:00:00,2003,8,5,14844,23.18,HOEP (Legacy)
2003-08-07 05:00:00,2003,8,6,15474,23.72,HOEP (Legacy)
2003-08-07 06:00:00,2003,8,7,17074,41.83,HOEP (Legacy)
2003-08-07 07:00:00,2003,8,8,18509,65.37,HOEP (Legacy)
2003-08-07 08:00:00,2003,8,9,19416,66.55,HOEP (Legacy)
2003-08-07 09:00:00,2003,8,10,20163,65.44,HOEP (Legacy)
2003-08-07 10:00:00,2003,8,11,20821,65.73,HOEP (Legacy)
2003-08-07 11:00:00,2003,8,12,21212,68.54,HOEP (Legacy)
2003-08-07 12:00:00,2003,8,13,21601,68.35,HOEP (Legacy)
2003-08-07 13:00:00,2003,8,14,21700,68.13,HOEP (Legacy)
2003-08-07 14:00:00,2003,8,15,22026,66.87,HOEP (Legacy)
2003-08-07 15:00:00,2003,8,16,22337,70.21,HOEP (Legacy)
2003-08-07 16:00:00,2003,8,17,22380,70.64,HOEP (Legacy)
2003-08-07 17:00:00,2003,8,18,21894,68.45,HOEP (Legacy)
2003-08-07 18:00:00,2003,8,19,21219,64.96,HOEP (Legacy)
2003-08-07 19:00:00,2003,8,20,21036,66.17,HOEP (Legacy)
2003-08-07 20:00:00,2003,8,21,20974,63.67,HOEP (Legacy)
2003-08-07 21:00:00,2003,8,22,19672,39.16,HOEP (Legacy)
2003-08-07 22:00:00,2003,8,23,18183,24.24,HOEP (Legacy)
2003-08-07 23:00:00,2003,8,24,16723,23.63,HOEP (Legacy)
2003-08-08 00:00:00,2003,8,1,15922,23.76,HOEP (Legacy)
2003-08-08 01:00:00,2003,8,2,15306,23.7,HOEP (Legacy)
2003-08-08 02:00:00,2003,8,3,14917,23.0,HOEP (Legacy)
2003-08-08 03:00:00,2003,8,4,14759,22.89,HOEP (Legacy)
2003-08-08 04:00:00,2003,8,5,15090,23.94,HOEP (Legacy)
2003-08-08 05:00:00,2003,8,6,15868,24.04,HOEP (Legacy)
2003-08-08 06:00:00,2003,8,7,17383,30.28,HOEP (Legacy)
2003-08-08 07:00:00,2003,8,8,18891,45.98,HOEP (Legacy)
2003-08-08 08:00:00,2003,8,9,20003,65.37,HOEP (Legacy)
2003-08-08 09:00:00,2003,8,10,20823,90.49,HOEP (Legacy)
2003-08-08 10:00:00,2003,8,11,21475,102.8,HOEP (Legacy)
2003-08-08 11:00:00,2003,8,12,21634,75.25,HOEP (Legacy)
2003-08-08 12:00:00,2003,8,13,21892,71.64,HOEP (Legacy)
2003-08-08 13:00:00,2003,8,14,21937,70.35,HOEP (Legacy)
2003-08-08 14:00:00,2003,8,15,21990,69.75,HOEP (Legacy)
2003-08-08 15:00:00,2003,8,16,22066,81.76,HOEP (Legacy)
2003-08-08 16:00:00,2003,8,17,21918,77.9,HOEP (Legacy)
2003-08-08 17:00:00,2003,8,18,21383,68.7,HOEP (Legacy)
2003-08-08 18:00:00,2003,8,19,20598,65.6,HOEP (Legacy)
2003-08-08 19:00:00,2003,8,20,20266,66.65,HOEP (Legacy)
2003-08-08 20:00:00,2003,8,21,20166,72.03,HOEP (Legacy)
2003-08-08 21:00:00,2003,8,22,18924,53.8,HOEP (Legacy)
2003-08-08 22:00:00,2003,8,23,17189,41.84,HOEP (Legacy)
2003-08-08 23:00:00,2003,8,24,15975,24.26,HOEP (Legacy)
2003-08-09 00:00:00,2003,8,1,15177,26.49,HOEP (Legacy)
2003-08-09 01:00:00,2003,8,2,14662,24.04,HOEP (Legacy)
2003-08-09 02:00:00,2003,8,3,14236,23.61,HOEP (Legacy)
2003-08-09 03:00:00,2003,8,4,14039,23.13,HOEP (Legacy)
2003-08-09 04:00:00,2003,8,5,14033,23.08,HOEP (Legacy)
2003-08-09 05:00:00,2003,8,6,14042,22.38,HOEP (Legacy)
2003-08-09 06:00:00,2003,8,7,14718,22.71,HOEP (Legacy)
2003-08-09 07:00:00,2003,8,8,15980,23.48,HOEP (Legacy)
2003-08-09 08:00:00,2003,8,9,17027,24.58,HOEP (Legacy)
2003-08-09 09:00:00,2003,8,10,17790,41.1,HOEP (Legacy)
2003-08-09 10:00:00,2003,8,11,18483,63.63,HOEP (Legacy)
2003-08-09 11:00:00,2003,8,12,19031,102.74,HOEP (Legacy)
2003-08-09 12:00:00,2003,8,13,19148,90.62,HOEP (Legacy)
2003-08-09 13:00:00,2003,8,14,19106,27.27,HOEP (Legacy)
2003-08-09 14:00:00,2003,8,15,19218,38.05,HOEP (Legacy)
2003-08-09 15:00:00,2003,8,16,19438,38.29,HOEP (Legacy)
2003-08-09 16:00:00,2003,8,17,19465,61.3,HOEP (Legacy)
2003-08-09 17:00:00,2003,8,18,19111,32.48,HOEP (Legacy)
2003-08-09 18:00:00,2003,8,19,18608,34.83,HOEP (Legacy)
2003-08-09 19:00:00,2003,8,20,18465,60.41,HOEP (Legacy)
2003-08-09 20:00:00,2003,8,21,18493,61.06,HOEP (Legacy)
2003-08-09 21:00:00,2003,8,22,17560,31.22,HOEP (Legacy)
2003-08-09 22:00:00,2003,8,23,16644,34.29,HOEP (Legacy)
2003-08-09 23:00:00,2003,8,24,15483,24.23,HOEP (Legacy)
2003-08-10 00:00:00,2003,8,1,14847,23.99,HOEP (Legacy)
2003-08-10 01:00:00,2003,8,2,14283,23.9,HOEP (Legacy)
2003-08-10 02:00:00,2003,8,3,13923,23.39,HOEP (Legacy)
2003-08-10 03:00:00,2003,8,4,13616,22.91,HOEP (Legacy)
2003-08-10 04:00:00,2003,8,5,13520,21.76,HOEP (Legacy)
2003-08-10 05:00:00,2003,8,6,13600,21.55,HOEP (Legacy)
2003-08-10 06:00:00,2003,8,7,14060,19.52,HOEP (Legacy)
2003-08-10 07:00:00,2003,8,8,15006,21.43,HOEP (Legacy)
2003-08-10 08:00:00,2003,8,9,16042,21.79,HOEP (Legacy)
2003-08-10 09:00:00,2003,8,10,17129,23.97,HOEP (Legacy)
2003-08-10 10:00:00,2003,8,11,18095,26.61,HOEP (Legacy)
2003-08-10 11:00:00,2003,8,12,18632,57.11,HOEP (Legacy)
2003-08-10 12:00:00,2003,8,13,18756,61.93,HOEP (Legacy)
2003-08-10 13:00:00,2003,8,14,18648,26.71,HOEP (Legacy)
2003-08-10 14:00:00,2003,8,15,18778,45.97,HOEP (Legacy)
2003-08-10 15:00:00,2003,8,16,19030,59.72,HOEP (Legacy)
2003-08-10 16:00:00,2003,8,17,19118,27.02,HOEP (Legacy)
2003-08-10 17:00:00,2003,8,18,18808,26.63,HOEP (Legacy)
2003-08-10 18:00:00,2003,8,19,18442,25.62,HOEP (Legacy)
2003-08-10 19:00:00,2003,8,20,18433,26.2,HOEP (Legacy)
2003-08-10 20:00:00,2003,8,21,18584,58.56,HOEP (Legacy)
2003-08-10 21:00:00,2003,8,22,17927,27.31,HOEP (Legacy)
2003-08-10 22:00:00,2003,8,23,16710,23.85,HOEP (Legacy)
2003-08-10 23:00:00,2003,8,24,15609,24.1,HOEP (Legacy)
2003-08-11 00:00:00,2003,8,1,14865,22.11,HOEP (Legacy)
2003-08-11 01:00:00,2003,8,2,14550,23.21,HOEP (Legacy)
2003-08-11 02:00:00,2003,8,3,14341,23.21,HOEP (Legacy)
2003-08-11 03:00:00,2003,8,4,14393,22.35,HOEP (Legacy)
2003-08-11 04:00:00,2003,8,5,14733,23.22,HOEP (Legacy)
2003-08-11 05:00:00,2003,8,6,15694,23.0,HOEP (Legacy)
2003-08-11 06:00:00,2003,8,7,17282,28.76,HOEP (Legacy)
2003-08-11 07:00:00,2003,8,8,18746,61.16,HOEP (Legacy)
2003-08-11 08:00:00,2003,8,9,19742,68.0,HOEP (Legacy)
2003-08-11 09:00:00,2003,8,10,20445,71.38,HOEP (Legacy)
2003-08-11 10:00:00,2003,8,11,21130,75.86,HOEP (Legacy)
2003-08-11 11:00:00,2003,8,12,21493,76.39,HOEP (Legacy)
2003-08-11 12:00:00,2003,8,13,21633,76.76,HOEP (Legacy)
2003-08-11 13:00:00,2003,8,14,21705,76.56,HOEP (Legacy)
2003-08-11 14:00:00,2003,8,15,21670,72.78,HOEP (Legacy)
2003-08-11 15:00:00,2003,8,16,21773,71.5,HOEP (Legacy)
2003-08-11 16:00:00,2003,8,17,21724,72.91,HOEP (Legacy)
2003-08-11 17:00:00,2003,8,18,21040,69.19,HOEP (Legacy)
2003-08-11 18:00:00,2003,8,19,20415,67.86,HOEP (Legacy)
2003-08-11 19:00:00,2003,8,20,20461,69.79,HOEP (Legacy)
2003-08-11 20:00:00,2003,8,21,19968,61.13,HOEP (Legacy)
2003-08-11 21:00:00,2003,8,22,18793,41.47,HOEP (Legacy)
2003-08-11 22:00:00,2003,8,23,17266,23.73,HOEP (Legacy)
2003-08-11 23:00:00,2003,8,24,16148,23.79,HOEP (Legacy)
2003-08-12 00:00:00,2003,8,1,15427,38.03,HOEP (Legacy)
2003-08-12 01:00:00,2003,8,2,14819,37.66,HOEP (Legacy)
2003-08-12 02:00:00,2003,8,3,14420,37.53,HOEP (Legacy)
2003-08-12 03:00:00,2003,8,4,14386,37.61,HOEP (Legacy)
2003-08-12 04:00:00,2003,8,5,14765,38.58,HOEP (Legacy)
2003-08-12 05:00:00,2003,8,6,15724,38.08,HOEP (Legacy)
2003-08-12 06:00:00,2003,8,7,17321,44.53,HOEP (Legacy)
2003-08-12 07:00:00,2003,8,8,18657,57.26,HOEP (Legacy)
2003-08-12 08:00:00,2003,8,9,19550,57.29,HOEP (Legacy)
2003-08-12 09:00:00,2003,8,10,20305,70.94,HOEP (Legacy)
2003-08-12 10:00:00,2003,8,11,20872,68.68,HOEP (Legacy)
2003-08-12 11:00:00,2003,8,12,21165,75.14,HOEP (Legacy)
2003-08-12 12:00:00,2003,8,13,21538,73.49,HOEP (Legacy)
2003-08-12 13:00:00,2003,8,14,21719,88.67,HOEP (Legacy)
2003-08-12 14:00:00,2003,8,15,21828,90.69,HOEP (Legacy)
2003-08-12 15:00:00,2003,8,16,22098,91.46,HOEP (Legacy)
2003-08-12 16:00:00,2003,8,17,22135,92.99,HOEP (Legacy)
2003-08-12 17:00:00,2003,8,18,21531,88.5,HOEP (Legacy)
2003-08-12 18:00:00,2003,8,19,20858,52.34,HOEP (Legacy)
2003-08-12 19:00:00,2003,8,20,20767,57.4,HOEP (Legacy)
2003-08-12 20:00:00,2003,8,21,20839,79.24,HOEP (Legacy)
2003-08-12 21:00:00,2003,8,22,19604,53.21,HOEP (Legacy)
2003-08-12 22:00:00,2003,8,23,18007,48.73,HOEP (Legacy)
2003-08-12 23:00:00,2003,8,24,16610,41.06,HOEP (Legacy)
2003-08-13 00:00:00,2003,8,1,15770,39.34,HOEP (Legacy)
2003-08-13 01:00:00,2003,8,2,15226,38.24,HOEP (Legacy)
2003-08-13 02:00:00,2003,8,3,14843,37.34,HOEP (Legacy)
2003-08-13 03:00:00,2003,8,4,14846,37.17,HOEP (Legacy)
2003-08-13 04:00:00,2003,8,5,15092,37.66,HOEP (Legacy)
2003-08-13 05:00:00,2003,8,6,15896,38.29,HOEP (Legacy)
2003-08-13 06:00:00,2003,8,7,17484,40.06,HOEP (Legacy)
2003-08-13 07:00:00,2003,8,8,19189,61.45,HOEP (Legacy)
2003-08-13 08:00:00,2003,8,9,20547,81.78,HOEP (Legacy)
2003-08-13 09:00:00,2003,8,10,21559,88.23,HOEP (Legacy)
2003-08-13 10:00:00,2003,8,11,22274,88.85,HOEP (Legacy)
2003-08-13 11:00:00,2003,8,12,22592,105.64,HOEP (Legacy)
2003-08-13 12:00:00,2003,8,13,23094,97.47,HOEP (Legacy)
2003-08-13 13:00:00,2003,8,14,23324,121.65,HOEP (Legacy)
2003-08-13 14:00:00,2003,8,15,23572,89.72,HOEP (Legacy)
2003-08-13 15:00:00,2003,8,16,23689,88.23,HOEP (Legacy)
2003-08-13 16:00:00,2003,8,17,23540,91.13,HOEP (Legacy)
2003-08-13 17:00:00,2003,8,18,23323,87.42,HOEP (Legacy)
2003-08-13 18:00:00,2003,8,19,22607,85.33,HOEP (Legacy)
2003-08-13 19:00:00,2003,8,20,22367,88.87,HOEP (Legacy)
2003-08-13 20:00:00,2003,8,21,22365,86.01,HOEP (Legacy)
2003-08-13 21:00:00,2003,8,22,20884,64.13,HOEP (Legacy)
2003-08-13 22:00:00,2003,8,23,19097,39.18,HOEP (Legacy)
2003-08-13 23:00:00,2003,8,24,17824,40.66,HOEP (Legacy)
2003-08-14 00:00:00,2003,8,1,16838,38.94,HOEP (Legacy)
2003-08-14 01:00:00,2003,8,2,16297,39.92,HOEP (Legacy)
2003-08-14 02:00:00,2003,8,3,15807,37.91,HOEP (Legacy)
2003-08-14 03:00:00,2003,8,4,15614,37.54,HOEP (Legacy)
2003-08-14 04:00:00,2003,8,5,15766,37.72,HOEP (Legacy)
2003-08-14 05:00:00,2003,8,6,16602,37.84,HOEP (Legacy)
2003-08-14 06:00:00,2003,8,7,18117,46.47,HOEP (Legacy)
2003-08-14 07:00:00,2003,8,8,19748,61.81,HOEP (Legacy)
2003-08-14 08:00:00,2003,8,9,21006,54.35,HOEP (Legacy)
2003-08-14 09:00:00,2003,8,10,22061,79.1,HOEP (Legacy)
2003-08-14 10:00:00,2003,8,11,22726,90.2,HOEP (Legacy)
2003-08-14 11:00:00,2003,8,12,23215,104.25,HOEP (Legacy)
2003-08-14 12:00:00,2003,8,13,23565,119.61,HOEP (Legacy)
2003-08-14 13:00:00,2003,8,14,23767,118.17,HOEP (Legacy)
2003-08-14 14:00:00,2003,8,15,23891,149.58,HOEP (Legacy)
2003-08-14 15:00:00,2003,8,16,6879,166.1,HOEP (Legacy)
2003-08-14 16:00:00,2003,8,17,2270,61.25,HOEP (Legacy)
2003-08-14 17:00:00,2003,8,18,2366,59.69,HOEP (Legacy)
2003-08-14 18:00:00,2003,8,19,2365,59.5,HOEP (Legacy)
2003-08-14 19:00:00,2003,8,20,2673,59.66,HOEP (Legacy)
2003-08-14 20:00:00,2003,8,21,3480,44.83,HOEP (Legacy)
2003-08-14 21:00:00,2003,8,22,4162,24.89,HOEP (Legacy)
2003-08-14 22:00:00,2003,8,23,4737,24.34,HOEP (Legacy)
2003-08-14 23:00:00,2003,8,24,5444,23.35,HOEP (Legacy)
2003-08-15 00:00:00,2003,8,1,5812,39.34,HOEP (Legacy)
2003-08-15 01:00:00,2003,8,2,6230,38.24,HOEP (Legacy)
2003-08-15 02:00:00,2003,8,3,6893,37.34,HOEP (Legacy)
2003-08-15 03:00:00,2003,8,4,7686,37.17,HOEP (Legacy)
2003-08-15 04:00:00,2003,8,5,8794,37.66,HOEP (Legacy)
2003-08-15 05:00:00,2003,8,6,9542,38.29,HOEP (Legacy)
2003-08-15 06:00:00,2003,8,7,10141,40.06,HOEP (Legacy)
2003-08-15 07:00:00,2003,8,8,10781,61.45,HOEP (Legacy)
2003-08-15 08:00:00,2003,8,9,11224,81.78,HOEP (Legacy)
2003-08-15 09:00:00,2003,8,10,11986,88.23,HOEP (Legacy)
2003-08-15 10:00:00,2003,8,11,12809,88.85,HOEP (Legacy)
2003-08-15 11:00:00,2003,8,12,13467,105.64,HOEP (Legacy)
2003-08-15 12:00:00,2003,8,13,13767,97.47,HOEP (Legacy)
2003-08-15 13:00:00,2003,8,14,14096,121.65,HOEP (Legacy)
2003-08-15 14:00:00,2003,8,15,14371,89.72,HOEP (Legacy)
2003-08-15 15:00:00,2003,8,16,14970,88.23,HOEP (Legacy)
2003-08-15 16:00:00,2003,8,17,15480,91.13,HOEP (Legacy)
2003-08-15 17:00:00,2003,8,18,15891,87.42,HOEP (Legacy)
2003-08-15 18:00:00,2003,8,19,16180,85.33,HOEP (Legacy)
2003-08-15 19:00:00,2003,8,20,16435,88.87,HOEP (Legacy)
2003-08-15 20:00:00,2003,8,21,16653,86.01,HOEP (Legacy)
2003-08-15 21:00:00,2003,8,22,16491,64.13,HOEP (Legacy)
2003-08-15 22:00:00,2003,8,23,15442,39.18,HOEP (Legacy)
2003-08-15 23:00:00,2003,8,24,13981,40.66,HOEP (Legacy)
2003-08-16 00:00:00,2003,8,1,13324,26.49,HOEP (Legacy)
2003-08-16 01:00:00,2003,8,2,12928,24.04,HOEP (Legacy)
2003-08-16 02:00:00,2003,8,3,12670,23.61,HOEP (Legacy)
2003-08-16 03:00:00,2003,8,4,12624,23.13,HOEP (Legacy)
2003-08-16 04:00:00,2003,8,5,12645,23.08,HOEP (Legacy)
2003-08-16 05:00:00,2003,8,6,12837,22.38,HOEP (Legacy)
2003-08-16 06:00:00,2003,8,7,13062,22.71,HOEP (Legacy)
2003-08-16 07:00:00,2003,8,8,14343,23.48,HOEP (Legacy)
2003-08-16 08:00:00,2003,8,9,15566,24.58,HOEP (Legacy)
2003-08-16 09:00:00,2003,8,10,16277,41.1,HOEP (Legacy)
2003-08-16 10:00:00,2003,8,11,16983,63.63,HOEP (Legacy)
2003-08-16 11:00:00,2003,8,12,17311,102.74,HOEP (Legacy)
2003-08-16 12:00:00,2003,8,13,17296,90.62,HOEP (Legacy)
2003-08-16 13:00:00,2003,8,14,17478,27.27,HOEP (Legacy)
2003-08-16 14:00:00,2003,8,15,17470,38.05,HOEP (Legacy)
2003-08-16 15:00:00,2003,8,16,17617,38.29,HOEP (Legacy)
2003-08-16 16:00:00,2003,8,17,17650,61.3,HOEP (Legacy)
2003-08-16 17:00:00,2003,8,18,17255,32.48,HOEP (Legacy)
2003-08-16 18:00:00,2003,8,19,16621,34.83,HOEP (Legacy)
2003-08-16 19:00:00,2003,8,20,16282,60.41,HOEP (Legacy)
2003-08-16 20:00:00,2003,8,21,16222,61.06,HOEP (Legacy)
2003-08-16 21:00:00,2003,8,22,15329,31.22,HOEP (Legacy)
2003-08-16 22:00:00,2003,8,23,14268,34.29,HOEP (Legacy)
2003-08-16 23:00:00,2003,8,24,13425,24.23,HOEP (Legacy)
2003-08-17 00:00:00,2003,8,1,12641,24.9,HOEP (Legacy)
2003-08-17 01:00:00,2003,8,2,12153,23.35,HOEP (Legacy)
2003-08-17 02:00:00,2003,8,3,11815,22.14,HOEP (Legacy)
2003-08-17 03:00:00,2003,8,4,11696,21.49,HOEP (Legacy)
2003-08-17 04:00:00,2003,8,5,11708,21.55,HOEP (Legacy)
2003-08-17 05:00:00,2003,8,6,11694,21.01,HOEP (Legacy)
2003-08-17 06:00:00,2003,8,7,11985,21.08,HOEP (Legacy)
2003-08-17 07:00:00,2003,8,8,12929,21.75,HOEP (Legacy)
2003-08-17 08:00:00,2003,8,9,13961,22.81,HOEP (Legacy)
2003-08-17 09:00:00,2003,8,10,14770,24.9,HOEP (Legacy)
2003-08-17 10:00:00,2003,8,11,15241,59.45,HOEP (Legacy)
2003-08-17 11:00:00,2003,8,12,15610,60.51,HOEP (Legacy)
2003-08-17 12:00:00,2003,8,13,15571,60.8,HOEP (Legacy)
2003-08-17 13:00:00,2003,8,14,15512,61.33,HOEP (Legacy)
2003-08-17 14:00:00,2003,8,15,15669,60.94,HOEP (Legacy)
2003-08-17 15:00:00,2003,8,16,15925,59.82,HOEP (Legacy)
2003-08-17 16:00:00,2003,8,17,16188,62.28,HOEP (Legacy)
2003-08-17 17:00:00,2003,8,18,16124,65.73,HOEP (Legacy)
2003-08-17 18:00:00,2003,8,19,15612,58.19,HOEP (Legacy)
2003-08-17 19:00:00,2003,8,20,15576,50.84,HOEP (Legacy)
2003-08-17 20:00:00,2003,8,21,15845,24.99,HOEP (Legacy)
2003-08-17 21:00:00,2003,8,22,15224,24.01,HOEP (Legacy)
2003-08-17 22:00:00,2003,8,23,14095,23.3,HOEP (Legacy)
2003-08-17 23:00:00,2003,8,24,13327,22.29,HOEP (Legacy)
2003-08-18 00:00:00,2003,8,1,12838,22.11,HOEP (Legacy)
2003-08-18 01:00:00,2003,8,2,12531,23.21,HOEP (Legacy)
2003-08-18 02:00:00,2003,8,3,12452,23.21,HOEP (Legacy)
2003-08-18 03:00:00,2003,8,4,12308,22.35,HOEP (Legacy)
2003-08-18 04:00:00,2003,8,5,12553,23.22,HOEP (Legacy)
2003-08-18 05:00:00,2003,8,6,13359,23.0,HOEP (Legacy)
2003-08-18 06:00:00,2003,8,7,14560,28.76,HOEP (Legacy)
2003-08-18 07:00:00,2003,8,8,15756,61.16,HOEP (Legacy)
2003-08-18 08:00:00,2003,8,9,16491,68.0,HOEP (Legacy)
2003-08-18 09:00:00,2003,8,10,17049,71.38,HOEP (Legacy)
2003-08-18 10:00:00,2003,8,11,17420,75.86,HOEP (Legacy)
2003-08-18 11:00:00,2003,8,12,17514,76.39,HOEP (Legacy)
2003-08-18 12:00:00,2003,8,13,17646,76.76,HOEP (Legacy)
2003-08-18 13:00:00,2003,8,14,17665,76.56,HOEP (Legacy)
2003-08-18 14:00:00,2003,8,15,17857,72.78,HOEP (Legacy)
2003-08-18 15:00:00,2003,8,16,18133,71.5,HOEP (Legacy)
2003-08-18 16:00:00,2003,8,17,18170,72.91,HOEP (Legacy)
2003-08-18 17:00:00,2003,8,18,17870,69.19,HOEP (Legacy)
2003-08-18 18:00:00,2003,8,19,17560,67.86,HOEP (Legacy)
2003-08-18 19:00:00,2003,8,20,17484,69.79,HOEP (Legacy)
2003-08-18 20:00:00,2003,8,21,17705,61.13,HOEP (Legacy)
2003-08-18 21:00:00,2003,8,22,16824,41.47,HOEP (Legacy)
2003-08-18 22:00:00,2003,8,23,15486,23.73,HOEP (Legacy)
2003-08-18 23:00:00,2003,8,24,14507,23.79,HOEP (Legacy)
2003-08-19 00:00:00,2003,8,1,13854,38.03,HOEP (Legacy)
2003-08-19 01:00:00,2003,8,2,13470,37.66,HOEP (Legacy)
2003-08-19 02:00:00,2003,8,3,13355,37.53,HOEP (Legacy)
2003-08-19 03:00:00,2003,8,4,13196,37.61,HOEP (Legacy)
2003-08-19 04:00:00,2003,8,5,13308,38.58,HOEP (Legacy)
2003-08-19 05:00:00,2003,8,6,13968,38.08,HOEP (Legacy)
2003-08-19 06:00:00,2003,8,7,15161,44.53,HOEP (Legacy)
2003-08-19 07:00:00,2003,8,8,16019,57.26,HOEP (Legacy)
2003-08-19 08:00:00,2003,8,9,16701,57.29,HOEP (Legacy)
2003-08-19 09:00:00,2003,8,10,17332,70.94,HOEP (Legacy)
2003-08-19 10:00:00,2003,8,11,17756,68.68,HOEP (Legacy)
2003-08-19 11:00:00,2003,8,12,17934,75.14,HOEP (Legacy)
2003-08-19 12:00:00,2003,8,13,18145,73.49,HOEP (Legacy)
2003-08-19 13:00:00,2003,8,14,18427,88.67,HOEP (Legacy)
2003-08-19 14:00:00,2003,8,15,18622,90.69,HOEP (Legacy)
2003-08-19 15:00:00,2003,8,16,19069,91.46,HOEP (Legacy)
2003-08-19 16:00:00,2003,8,17,18929,92.99,HOEP (Legacy)
2003-08-19 17:00:00,2003,8,18,18589,88.5,HOEP (Legacy)
2003-08-19 18:00:00,2003,8,19,18184,52.34,HOEP (Legacy)
2003-08-19 19:00:00,2003,8,20,18510,57.4,HOEP (Legacy)
2003-08-19 20:00:00,2003,8,21,18692,79.24,HOEP (Legacy)
2003-08-19 21:00:00,2003,8,22,17689,53.21,HOEP (Legacy)
2003-08-19 22:00:00,2003,8,23,16317,48.73,HOEP (Legacy)
2003-08-19 23:00:00,2003,8,24,15260,41.06,HOEP (Legacy)
2003-08-20 00:00:00,2003,8,1,14398,39.34,HOEP (Legacy)
2003-08-20 01:00:00,2003,8,2,13952,38.24,HOEP (Legacy)
2003-08-20 02:00:00,2003,8,3,13603,37.34,HOEP (Legacy)
2003-08-20 03:00:00,2003,8,4,13453,37.17,HOEP (Legacy)
2003-08-20 04:00:00,2003,8,5,13696,37.66,HOEP (Legacy)
2003-08-20 05:00:00,2003,8,6,14327,38.29,HOEP (Legacy)
2003-08-20 06:00:00,2003,8,7,15283,40.06,HOEP (Legacy)
2003-08-20 07:00:00,2003,8,8,16344,61.45,HOEP (Legacy)
2003-08-20 08:00:00,2003,8,9,17076,81.78,HOEP (Legacy)
2003-08-20 09:00:00,2003,8,10,17786,88.23,HOEP (Legacy)
2003-08-20 10:00:00,2003,8,11,18205,88.85,HOEP (Legacy)
2003-08-20 11:00:00,2003,8,12,18434,105.64,HOEP (Legacy)
2003-08-20 12:00:00,2003,8,13,18751,97.47,HOEP (Legacy)
2003-08-20 13:00:00,2003,8,14,18924,121.65,HOEP (Legacy)
2003-08-20 14:00:00,2003,8,15,19144,89.72,HOEP (Legacy)
2003-08-20 15:00:00,2003,8,16,19481,88.23,HOEP (Legacy)
2003-08-20 16:00:00,2003,8,17,19355,91.13,HOEP (Legacy)
2003-08-20 17:00:00,2003,8,18,19093,87.42,HOEP (Legacy)
2003-08-20 18:00:00,2003,8,19,18647,85.33,HOEP (Legacy)
2003-08-20 19:00:00,2003,8,20,19078,88.87,HOEP (Legacy)
2003-08-20 20:00:00,2003,8,21,19233,86.01,HOEP (Legacy)
2003-08-20 21:00:00,2003,8,22,18296,64.13,HOEP (Legacy)
2003-08-20 22:00:00,2003,8,23,17085,39.18,HOEP (Legacy)
2003-08-20 23:00:00,2003,8,24,16026,40.66,HOEP (Legacy)
2003-08-21 00:00:00,2003,8,1,15060,23.67,HOEP (Legacy)
2003-08-21 01:00:00,2003,8,2,14655,23.77,HOEP (Legacy)
2003-08-21 02:00:00,2003,8,3,14397,24.04,HOEP (Legacy)
2003-08-21 03:00:00,2003,8,4,14093,24.03,HOEP (Legacy)
2003-08-21 04:00:00,2003,8,5,14156,23.98,HOEP (Legacy)
2003-08-21 05:00:00,2003,8,6,14985,24.33,HOEP (Legacy)
2003-08-21 06:00:00,2003,8,7,15961,31.92,HOEP (Legacy)
2003-08-21 07:00:00,2003,8,8,16929,35.87,HOEP (Legacy)
2003-08-21 08:00:00,2003,8,9,17854,39.34,HOEP (Legacy)
2003-08-21 09:00:00,2003,8,10,18834,48.0,HOEP (Legacy)
2003-08-21 10:00:00,2003,8,11,19541,26.09,HOEP (Legacy)
2003-08-21 11:00:00,2003,8,12,19807,53.14,HOEP (Legacy)
2003-08-21 12:00:00,2003,8,13,20101,56.42,HOEP (Legacy)
2003-08-21 13:00:00,2003,8,14,20303,60.14,HOEP (Legacy)
2003-08-21 14:00:00,2003,8,15,20452,61.75,HOEP (Legacy)
2003-08-21 15:00:00,2003,8,16,20726,67.76,HOEP (Legacy)
2003-08-21 16:00:00,2003,8,17,20622,67.19,HOEP (Legacy)
2003-08-21 17:00:00,2003,8,18,20333,35.34,HOEP (Legacy)
2003-08-21 18:00:00,2003,8,19,19897,24.26,HOEP (Legacy)
2003-08-21 19:00:00,2003,8,20,20315,24.24,HOEP (Legacy)
2003-08-21 20:00:00,2003,8,21,20259,77.9,HOEP (Legacy)
2003-08-21 21:00:00,2003,8,22,19147,48.46,HOEP (Legacy)
2003-08-21 22:00:00,2003,8,23,17538,24.22,HOEP (Legacy)
2003-08-21 23:00:00,2003,8,24,16496,25.34,HOEP (Legacy)
2003-08-22 00:00:00,2003,8,1,15775,24.58,HOEP (Legacy)
2003-08-22 01:00:00,2003,8,2,15324,23.24,HOEP (Legacy)
2003-08-22 02:00:00,2003,8,3,15006,24.08,HOEP (Legacy)
2003-08-22 03:00:00,2003,8,4,14907,24.89,HOEP (Legacy)
2003-08-22 04:00:00,2003,8,5,15091,30.9,HOEP (Legacy)
2003-08-22 05:00:00,2003,8,6,15584,39.18,HOEP (Legacy)
2003-08-22 06:00:00,2003,8,7,16579,60.26,HOEP (Legacy)
2003-08-22 07:00:00,2003,8,8,17689,59.24,HOEP (Legacy)
2003-08-22 08:00:00,2003,8,9,18448,65.26,HOEP (Legacy)
2003-08-22 09:00:00,2003,8,10,18991,64.45,HOEP (Legacy)
2003-08-22 10:00:00,2003,8,11,19261,65.46,HOEP (Legacy)
2003-08-22 11:00:00,2003,8,12,19287,70.92,HOEP (Legacy)
2003-08-22 12:00:00,2003,8,13,19310,72.4,HOEP (Legacy)
2003-08-22 13:00:00,2003,8,14,19294,87.07,HOEP (Legacy)
2003-08-22 14:00:00,2003,8,15,19278,72.4,HOEP (Legacy)
2003-08-22 15:00:00,2003,8,16,19325,76.16,HOEP (Legacy)
2003-08-22 16:00:00,2003,8,17,19244,66.82,HOEP (Legacy)
2003-08-22 17:00:00,2003,8,18,18881,63.19,HOEP (Legacy)
2003-08-22 18:00:00,2003,8,19,18253,59.63,HOEP (Legacy)
2003-08-22 19:00:00,2003,8,20,18344,59.2,HOEP (Legacy)
2003-08-22 20:00:00,2003,8,21,18189,52.96,HOEP (Legacy)
2003-08-22 21:00:00,2003,8,22,17267,25.12,HOEP (Legacy)
2003-08-22 22:00:00,2003,8,23,16119,24.85,HOEP (Legacy)
2003-08-22 23:00:00,2003,8,24,15127,24.66,HOEP (Legacy)
2003-08-23 00:00:00,2003,8,1,14252,37.98,HOEP (Legacy)
2003-08-23 01:00:00,2003,8,2,13782,36.94,HOEP (Legacy)
2003-08-23 02:00:00,2003,8,3,13362,36.45,HOEP (Legacy)
2003-08-23 03:00:00,2003,8,4,13136,36.59,HOEP (Legacy)
2003-08-23 04:00:00,2003,8,5,13294,36.9,HOEP (Legacy)
2003-08-23 05:00:00,2003,8,6,13115,37.09,HOEP (Legacy)
2003-08-23 06:00:00,2003,8,7,13748,38.45,HOEP (Legacy)
2003-08-23 07:00:00,2003,8,8,14859,67.1,HOEP (Legacy)
2003-08-23 08:00:00,2003,8,9,15760,59.99,HOEP (Legacy)
2003-08-23 09:00:00,2003,8,10,16326,39.44,HOEP (Legacy)
2003-08-23 10:00:00,2003,8,11,16599,38.35,HOEP (Legacy)
2003-08-23 11:00:00,2003,8,12,16529,38.49,HOEP (Legacy)
2003-08-23 12:00:00,2003,8,13,16423,38.38,HOEP (Legacy)
2003-08-23 13:00:00,2003,8,14,16364,38.2,HOEP (Legacy)
2003-08-23 14:00:00,2003,8,15,16252,38.65,HOEP (Legacy)
2003-08-23 15:00:00,2003,8,16,16319,47.26,HOEP (Legacy)
2003-08-23 16:00:00,2003,8,17,16377,56.0,HOEP (Legacy)
2003-08-23 17:00:00,2003,8,18,16128,39.74,HOEP (Legacy)
2003-08-23 18:00:00,2003,8,19,15590,38.66,HOEP (Legacy)
2003-08-23 19:00:00,2003,8,20,15713,39.32,HOEP (Legacy)
2003-08-23 20:00:00,2003,8,21,15637,38.45,HOEP (Legacy)
2003-08-23 21:00:00,2003,8,22,14922,37.84,HOEP (Legacy)
2003-08-23 22:00:00,2003,8,23,14003,36.69,HOEP (Legacy)
2003-08-23 23:00:00,2003,8,24,13162,36.39,HOEP (Legacy)
2003-08-24 00:00:00,2003,8,1,12718,36.91,HOEP (Legacy)
2003-08-24 01:00:00,2003,8,2,12240,33.01,HOEP (Legacy)
2003-08-24 02:00:00,2003,8,3,11961,35.66,HOEP (Legacy)
2003-08-24 03:00:00,2003,8,4,11810,34.63,HOEP (Legacy)
2003-08-24 04:00:00,2003,8,5,11887,35.83,HOEP (Legacy)
2003-08-24 05:00:00,2003,8,6,11785,35.42,HOEP (Legacy)
2003-08-24 06:00:00,2003,8,7,12179,30.88,HOEP (Legacy)
2003-08-24 07:00:00,2003,8,8,13267,36.14,HOEP (Legacy)
2003-08-24 08:00:00,2003,8,9,13953,35.31,HOEP (Legacy)
2003-08-24 09:00:00,2003,8,10,14776,36.75,HOEP (Legacy)
2003-08-24 10:00:00,2003,8,11,15265,37.01,HOEP (Legacy)
2003-08-24 11:00:00,2003,8,12,15506,37.14,HOEP (Legacy)
2003-08-24 12:00:00,2003,8,13,15403,36.97,HOEP (Legacy)
2003-08-24 13:00:00,2003,8,14,15551,37.33,HOEP (Legacy)
2003-08-24 14:00:00,2003,8,15,15633,37.06,HOEP (Legacy)
2003-08-24 15:00:00,2003,8,16,15899,37.32,HOEP (Legacy)
2003-08-24 16:00:00,2003,8,17,16064,37.74,HOEP (Legacy)
2003-08-24 17:00:00,2003,8,18,15910,37.48,HOEP (Legacy)
2003-08-24 18:00:00,2003,8,19,15779,37.6,HOEP (Legacy)
2003-08-24 19:00:00,2003,8,20,16286,38.12,HOEP (Legacy)
2003-08-24 20:00:00,2003,8,21,16396,39.07,HOEP (Legacy)
2003-08-24 21:00:00,2003,8,22,15632,38.1,HOEP (Legacy)
2003-08-24 22:00:00,2003,8,23,14779,37.3,HOEP (Legacy)
2003-08-24 23:00:00,2003,8,24,14149,36.97,HOEP (Legacy)
2003-08-25 00:00:00,2003,8,1,13672,37.28,HOEP (Legacy)
2003-08-25 01:00:00,2003,8,2,13353,36.5,HOEP (Legacy)
2003-08-25 02:00:00,2003,8,3,13232,36.78,HOEP (Legacy)
2003-08-25 03:00:00,2003,8,4,13507,36.94,HOEP (Legacy)
2003-08-25 04:00:00,2003,8,5,13926,36.2,HOEP (Legacy)
2003-08-25 05:00:00,2003,8,6,14803,36.53,HOEP (Legacy)
2003-08-25 06:00:00,2003,8,7,16370,38.1,HOEP (Legacy)
2003-08-25 07:00:00,2003,8,8,17758,46.87,HOEP (Legacy)
2003-08-25 08:00:00,2003,8,9,19028,55.96,HOEP (Legacy)
2003-08-25 09:00:00,2003,8,10,19751,42.39,HOEP (Legacy)
2003-08-25 10:00:00,2003,8,11,20337,39.65,HOEP (Legacy)
2003-08-25 11:00:00,2003,8,12,20528,46.55,HOEP (Legacy)
2003-08-25 12:00:00,2003,8,13,21108,56.08,HOEP (Legacy)
2003-08-25 13:00:00,2003,8,14,21246,75.24,HOEP (Legacy)
2003-08-25 14:00:00,2003,8,15,21345,85.4,HOEP (Legacy)
2003-08-25 15:00:00,2003,8,16,21677,86.88,HOEP (Legacy)
2003-08-25 16:00:00,2003,8,17,21492,87.29,HOEP (Legacy)
2003-08-25 17:00:00,2003,8,18,20938,44.3,HOEP (Legacy)
2003-08-25 18:00:00,2003,8,19,20501,39.53,HOEP (Legacy)
2003-08-25 19:00:00,2003,8,20,20669,78.98,HOEP (Legacy)
2003-08-25 20:00:00,2003,8,21,20258,88.14,HOEP (Legacy)
2003-08-25 21:00:00,2003,8,22,19030,43.16,HOEP (Legacy)
2003-08-25 22:00:00,2003,8,23,17502,38.29,HOEP (Legacy)
2003-08-25 23:00:00,2003,8,24,16317,37.32,HOEP (Legacy)
2003-08-26 00:00:00,2003,8,1,15481,36.92,HOEP (Legacy)
2003-08-26 01:00:00,2003,8,2,15176,37.47,HOEP (Legacy)
2003-08-26 02:00:00,2003,8,3,14880,36.96,HOEP (Legacy)
2003-08-26 03:00:00,2003,8,4,14830,36.99,HOEP (Legacy)
2003-08-26 04:00:00,2003,8,5,15108,35.83,HOEP (Legacy)
2003-08-26 05:00:00,2003,8,6,15871,36.26,HOEP (Legacy)
2003-08-26 06:00:00,2003,8,7,17241,37.93,HOEP (Legacy)
2003-08-26 07:00:00,2003,8,8,18474,41.47,HOEP (Legacy)
2003-08-26 08:00:00,2003,8,9,19291,38.74,HOEP (Legacy)
2003-08-26 09:00:00,2003,8,10,19726,38.61,HOEP (Legacy)
2003-08-26 10:00:00,2003,8,11,20152,38.99,HOEP (Legacy)
2003-08-26 11:00:00,2003,8,12,20464,70.44,HOEP (Legacy)
2003-08-26 12:00:00,2003,8,13,20912,76.63,HOEP (Legacy)
2003-08-26 13:00:00,2003,8,14,21176,69.63,HOEP (Legacy)
2003-08-26 14:00:00,2003,8,15,21515,86.07,HOEP (Legacy)
2003-08-26 15:00:00,2003,8,16,21896,84.52,HOEP (Legacy)
2003-08-26 16:00:00,2003,8,17,21910,80.96,HOEP (Legacy)
2003-08-26 17:00:00,2003,8,18,21311,72.71,HOEP (Legacy)
2003-08-26 18:00:00,2003,8,19,20916,81.94,HOEP (Legacy)
2003-08-26 19:00:00,2003,8,20,21023,82.12,HOEP (Legacy)
2003-08-26 20:00:00,2003,8,21,20668,72.19,HOEP (Legacy)
2003-08-26 21:00:00,2003,8,22,19485,58.46,HOEP (Legacy)
2003-08-26 22:00:00,2003,8,23,17786,40.64,HOEP (Legacy)
2003-08-26 23:00:00,2003,8,24,16581,38.86,HOEP (Legacy)
2003-08-27 00:00:00,2003,8,1,15718,38.28,HOEP (Legacy)
2003-08-27 01:00:00,2003,8,2,15234,37.95,HOEP (Legacy)
2003-08-27 02:00:00,2003,8,3,14750,37.82,HOEP (Legacy)
2003-08-27 03:00:00,2003,8,4,14524,37.63,HOEP (Legacy)
2003-08-27 04:00:00,2003,8,5,14739,37.51,HOEP (Legacy)
2003-08-27 05:00:00,2003,8,6,15493,37.95,HOEP (Legacy)
2003-08-27 06:00:00,2003,8,7,16871,42.88,HOEP (Legacy)
2003-08-27 07:00:00,2003,8,8,18202,48.63,HOEP (Legacy)
2003-08-27 08:00:00,2003,8,9,19143,51.56,HOEP (Legacy)
2003-08-27 09:00:00,2003,8,10,19961,72.56,HOEP (Legacy)
2003-08-27 10:00:00,2003,8,11,20382,76.09,HOEP (Legacy)
2003-08-27 11:00:00,2003,8,12,20460,78.03,HOEP (Legacy)
2003-08-27 12:00:00,2003,8,13,20639,78.9,HOEP (Legacy)
2003-08-27 13:00:00,2003,8,14,20688,73.63,HOEP (Legacy)
2003-08-27 14:00:00,2003,8,15,20622,45.5,HOEP (Legacy)
2003-08-27 15:00:00,2003,8,16,20620,41.06,HOEP (Legacy)
2003-08-27 16:00:00,2003,8,17,20434,41.84,HOEP (Legacy)
2003-08-27 17:00:00,2003,8,18,19583,38.97,HOEP (Legacy)
2003-08-27 18:00:00,2003,8,19,18925,38.85,HOEP (Legacy)
2003-08-27 19:00:00,2003,8,20,18959,51.6,HOEP (Legacy)
2003-08-27 20:00:00,2003,8,21,18489,38.87,HOEP (Legacy)
2003-08-27 21:00:00,2003,8,22,17247,38.48,HOEP (Legacy)
2003-08-27 22:00:00,2003,8,23,15887,37.79,HOEP (Legacy)
2003-08-27 23:00:00,2003,8,24,14840,37.49,HOEP (Legacy)
2003-08-28 00:00:00,2003,8,1,14030,36.93,HOEP (Legacy)
2003-08-28 01:00:00,2003,8,2,13410,36.08,HOEP (Legacy)
2003-08-28 02:00:00,2003,8,3,13129,35.91,HOEP (Legacy)
2003-08-28 03:00:00,2003,8,4,13137,34.51,HOEP (Legacy)
2003-08-28 04:00:00,2003,8,5,13604,34.88,HOEP (Legacy)
2003-08-28 05:00:00,2003,8,6,14560,36.7,HOEP (Legacy)
2003-08-28 06:00:00,2003,8,7,15979,37.47,HOEP (Legacy)
2003-08-28 07:00:00,2003,8,8,17114,38.39,HOEP (Legacy)
2003-08-28 08:00:00,2003,8,9,17883,48.81,HOEP (Legacy)
2003-08-28 09:00:00,2003,8,10,18368,38.6,HOEP (Legacy)
2003-08-28 10:00:00,2003,8,11,18702,38.79,HOEP (Legacy)
2003-08-28 11:00:00,2003,8,12,18871,39.25,HOEP (Legacy)
2003-08-28 12:00:00,2003,8,13,18987,45.28,HOEP (Legacy)
2003-08-28 13:00:00,2003,8,14,19004,54.79,HOEP (Legacy)
2003-08-28 14:00:00,2003,8,15,19133,87.62,HOEP (Legacy)
2003-08-28 15:00:00,2003,8,16,19265,80.0,HOEP (Legacy)
2003-08-28 16:00:00,2003,8,17,19190,59.77,HOEP (Legacy)
2003-08-28 17:00:00,2003,8,18,18654,49.46,HOEP (Legacy)
2003-08-28 18:00:00,2003,8,19,18226,38.72,HOEP (Legacy)
2003-08-28 19:00:00,2003,8,20,18712,70.73,HOEP (Legacy)
2003-08-28 20:00:00,2003,8,21,18306,41.17,HOEP (Legacy)
2003-08-28 21:00:00,2003,8,22,17206,38.4,HOEP (Legacy)
2003-08-28 22:00:00,2003,8,23,15889,38.44,HOEP (Legacy)
2003-08-28 23:00:00,2003,8,24,14899,37.98,HOEP (Legacy)
2003-08-29 00:00:00,2003,8,1,14286,36.89,HOEP (Legacy)
2003-08-29 01:00:00,2003,8,2,13913,36.45,HOEP (Legacy)
2003-08-29 02:00:00,2003,8,3,13704,36.25,HOEP (Legacy)
2003-08-29 03:00:00,2003,8,4,13721,36.7,HOEP (Legacy)
2003-08-29 04:00:00,2003,8,5,14116,36.14,HOEP (Legacy)
2003-08-29 05:00:00,2003,8,6,15155,37.93,HOEP (Legacy)
2003-08-29 06:00:00,2003,8,7,16693,39.2,HOEP (Legacy)
2003-08-29 07:00:00,2003,8,8,18035,65.15,HOEP (Legacy)
2003-08-29 08:00:00,2003,8,9,19060,80.94,HOEP (Legacy)
2003-08-29 09:00:00,2003,8,10,19855,72.66,HOEP (Legacy)
2003-08-29 10:00:00,2003,8,11,20308,70.54,HOEP (Legacy)
2003-08-29 11:00:00,2003,8,12,20552,78.45,HOEP (Legacy)
2003-08-29 12:00:00,2003,8,13,20834,91.28,HOEP (Legacy)
2003-08-29 13:00:00,2003,8,14,20710,75.19,HOEP (Legacy)
2003-08-29 14:00:00,2003,8,15,20460,50.21,HOEP (Legacy)
2003-08-29 15:00:00,2003,8,16,20353,40.64,HOEP (Legacy)
2003-08-29 16:00:00,2003,8,17,20074,49.99,HOEP (Legacy)
2003-08-29 17:00:00,2003,8,18,19478,40.37,HOEP (Legacy)
2003-08-29 18:00:00,2003,8,19,18999,66.45,HOEP (Legacy)
2003-08-29 19:00:00,2003,8,20,19267,82.55,HOEP (Legacy)
2003-08-29 20:00:00,2003,8,21,18528,63.09,HOEP (Legacy)
2003-08-29 21:00:00,2003,8,22,17224,46.63,HOEP (Legacy)
2003-08-29 22:00:00,2003,8,23,15684,38.53,HOEP (Legacy)
2003-08-29 23:00:00,2003,8,24,14500,35.21,HOEP (Legacy)
2003-08-30 00:00:00,2003,8,1,13619,33.22,HOEP (Legacy)
2003-08-30 01:00:00,2003,8,2,13124,29.25,HOEP (Legacy)
2003-08-30 02:00:00,2003,8,3,12900,29.26,HOEP (Legacy)
2003-08-30 03:00:00,2003,8,4,12724,36.6,HOEP (Legacy)
2003-08-30 04:00:00,2003,8,5,12685,31.57,HOEP (Legacy)
2003-08-30 05:00:00,2003,8,6,12962,36.85,HOEP (Legacy)
2003-08-30 06:00:00,2003,8,7,13454,30.74,HOEP (Legacy)
2003-08-30 07:00:00,2003,8,8,14593,34.9,HOEP (Legacy)
2003-08-30 08:00:00,2003,8,9,15507,40.66,HOEP (Legacy)
2003-08-30 09:00:00,2003,8,10,15842,41.13,HOEP (Legacy)
2003-08-30 10:00:00,2003,8,11,16052,41.44,HOEP (Legacy)
2003-08-30 11:00:00,2003,8,12,16085,40.97,HOEP (Legacy)
2003-08-30 12:00:00,2003,8,13,15954,41.03,HOEP (Legacy)
2003-08-30 13:00:00,2003,8,14,15851,40.66,HOEP (Legacy)
2003-08-30 14:00:00,2003,8,15,15806,39.04,HOEP (Legacy)
2003-08-30 15:00:00,2003,8,16,15887,38.43,HOEP (Legacy)
2003-08-30 16:00:00,2003,8,17,16099,37.53,HOEP (Legacy)
2003-08-30 17:00:00,2003,8,18,15795,38.69,HOEP (Legacy)
2003-08-30 18:00:00,2003,8,19,15408,38.43,HOEP (Legacy)
2003-08-30 19:00:00,2003,8,20,15728,38.52,HOEP (Legacy)
2003-08-30 20:00:00,2003,8,21,15741,45.34,HOEP (Legacy)
2003-08-30 21:00:00,2003,8,22,14943,33.84,HOEP (Legacy)
2003-08-30 22:00:00,2003,8,23,13923,34.69,HOEP (Legacy)
2003-08-30 23:00:00,2003,8,24,13164,35.03,HOEP (Legacy)
2003-08-31 00:00:00,2003,8,1,12573,30.49,HOEP (Legacy)
2003-08-31 01:00:00,2003,8,2,12214,28.96,HOEP (Legacy)
2003-08-31 02:00:00,2003,8,3,12057,26.47,HOEP (Legacy)
2003-08-31 03:00:00,2003,8,4,11939,28.68,HOEP (Legacy)
2003-08-31 04:00:00,2003,8,5,12013,26.47,HOEP (Legacy)
2003-08-31 05:00:00,2003,8,6,12134,26.44,HOEP (Legacy)
2003-08-31 06:00:00,2003,8,7,12308,20.66,HOEP (Legacy)
2003-08-31 07:00:00,2003,8,8,13318,23.97,HOEP (Legacy)
2003-08-31 08:00:00,2003,8,9,14167,21.47,HOEP (Legacy)
2003-08-31 09:00:00,2003,8,10,14741,33.52,HOEP (Legacy)
2003-08-31 10:00:00,2003,8,11,15091,34.95,HOEP (Legacy)
2003-08-31 11:00:00,2003,8,12,15269,29.4,HOEP (Legacy)
2003-08-31 12:00:00,2003,8,13,15297,34.79,HOEP (Legacy)
2003-08-31 13:00:00,2003,8,14,15214,28.12,HOEP (Legacy)
2003-08-31 14:00:00,2003,8,15,15230,29.59,HOEP (Legacy)
2003-08-31 15:00:00,2003,8,16,15335,40.2,HOEP (Legacy)
2003-08-31 16:00:00,2003,8,17,15429,39.81,HOEP (Legacy)
2003-08-31 17:00:00,2003,8,18,15149,31.17,HOEP (Legacy)
2003-08-31 18:00:00,2003,8,19,15025,25.69,HOEP (Legacy)
2003-08-31 19:00:00,2003,8,20,15658,28.01,HOEP (Legacy)
2003-08-31 20:00:00,2003,8,21,15373,29.83,HOEP (Legacy)
2003-08-31 21:00:00,2003,8,22,14670,25.24,HOEP (Legacy)
2003-08-31 22:00:00,2003,8,23,13863,40.08,HOEP (Legacy)
2003-08-31 23:00:00,2003,8,24,12958,33.66,HOEP (Legacy)
2003-09-01 00:00:00,2003,9,1,12495,34.87,HOEP (Legacy)
2003-09-01 01:00:00,2003,9,2,12158,21.84,HOEP (Legacy)
2003-09-01 02:00:00,2003,9,3,11891,25.53,HOEP (Legacy)
2003-09-01 03:00:00,2003,9,4,11802,25.53,HOEP (Legacy)
2003-09-01 04:00:00,2003,9,5,11935,26.04,HOEP (Legacy)
2003-09-01 05:00:00,2003,9,6,12038,25.53,HOEP (Legacy)
2003-09-01 06:00:00,2003,9,7,12255,20.26,HOEP (Legacy)
2003-09-01 07:00:00,2003,9,8,13171,17.84,HOEP (Legacy)
2003-09-01 08:00:00,2003,9,9,13855,21.81,HOEP (Legacy)
2003-09-01 09:00:00,2003,9,10,14669,27.87,HOEP (Legacy)
2003-09-01 10:00:00,2003,9,11,15289,39.13,HOEP (Legacy)
2003-09-01 11:00:00,2003,9,12,15464,38.77,HOEP (Legacy)
2003-09-01 12:00:00,2003,9,13,15283,38.83,HOEP (Legacy)
2003-09-01 13:00:00,2003,9,14,15108,28.53,HOEP (Legacy)
2003-09-01 14:00:00,2003,9,15,15084,25.74,HOEP (Legacy)
2003-09-01 15:00:00,2003,9,16,15291,30.2,HOEP (Legacy)
2003-09-01 16:00:00,2003,9,17,15536,38.79,HOEP (Legacy)
2003-09-01 17:00:00,2003,9,18,15447,40.15,HOEP (Legacy)
2003-09-01 18:00:00,2003,9,19,15661,41.2,HOEP (Legacy)
2003-09-01 19:00:00,2003,9,20,16330,42.43,HOEP (Legacy)
2003-09-01 20:00:00,2003,9,21,15897,59.75,HOEP (Legacy)
2003-09-01 21:00:00,2003,9,22,14895,28.02,HOEP (Legacy)
2003-09-01 22:00:00,2003,9,23,13892,27.41,HOEP (Legacy)
2003-09-01 23:00:00,2003,9,24,13245,32.36,HOEP (Legacy)
2003-09-02 00:00:00,2003,9,1,12838,28.25,HOEP (Legacy)
2003-09-02 01:00:00,2003,9,2,12647,26.85,HOEP (Legacy)
2003-09-02 02:00:00,2003,9,3,12614,28.72,HOEP (Legacy)
2003-09-02 03:00:00,2003,9,4,12759,26.14,HOEP (Legacy)
2003-09-02 04:00:00,2003,9,5,13183,27.58,HOEP (Legacy)
2003-09-02 05:00:00,2003,9,6,14446,32.48,HOEP (Legacy)
2003-09-02 06:00:00,2003,9,7,16257,36.55,HOEP (Legacy)
2003-09-02 07:00:00,2003,9,8,17310,41.15,HOEP (Legacy)
2003-09-02 08:00:00,2003,9,9,17833,40.12,HOEP (Legacy)
2003-09-02 09:00:00,2003,9,10,18335,43.25,HOEP (Legacy)
2003-09-02 10:00:00,2003,9,11,18658,51.28,HOEP (Legacy)
2003-09-02 11:00:00,2003,9,12,18723,59.71,HOEP (Legacy)
2003-09-02 12:00:00,2003,9,13,18860,67.94,HOEP (Legacy)
2003-09-02 13:00:00,2003,9,14,18831,65.99,HOEP (Legacy)
2003-09-02 14:00:00,2003,9,15,18925,57.34,HOEP (Legacy)
2003-09-02 15:00:00,2003,9,16,19162,61.42,HOEP (Legacy)
2003-09-02 16:00:00,2003,9,17,19067,58.78,HOEP (Legacy)
2003-09-02 17:00:00,2003,9,18,18604,48.78,HOEP (Legacy)
2003-09-02 18:00:00,2003,9,19,18374,44.19,HOEP (Legacy)
2003-09-02 19:00:00,2003,9,20,18818,57.3,HOEP (Legacy)
2003-09-02 20:00:00,2003,9,21,18263,57.6,HOEP (Legacy)
2003-09-02 21:00:00,2003,9,22,16961,37.67,HOEP (Legacy)
2003-09-02 22:00:00,2003,9,23,15637,35.53,HOEP (Legacy)
2003-09-02 23:00:00,2003,9,24,14584,37.62,HOEP (Legacy)
2003-09-03 00:00:00,2003,9,1,14037,36.26,HOEP (Legacy)
2003-09-03 01:00:00,2003,9,2,13698,36.13,HOEP (Legacy)
2003-09-03 02:00:00,2003,9,3,13609,30.79,HOEP (Legacy)
2003-09-03 03:00:00,2003,9,4,13698,30.66,HOEP (Legacy)
2003-09-03 04:00:00,2003,9,5,14163,31.32,HOEP (Legacy)
2003-09-03 05:00:00,2003,9,6,15394,35.42,HOEP (Legacy)
2003-09-03 06:00:00,2003,9,7,17016,42.73,HOEP (Legacy)
2003-09-03 07:00:00,2003,9,8,17885,69.31,HOEP (Legacy)
2003-09-03 08:00:00,2003,9,9,18349,60.61,HOEP (Legacy)
2003-09-03 09:00:00,2003,9,10,18796,61.5,HOEP (Legacy)
2003-09-03 10:00:00,2003,9,11,18982,49.45,HOEP (Legacy)
2003-09-03 11:00:00,2003,9,12,19036,59.59,HOEP (Legacy)
2003-09-03 12:00:00,2003,9,13,19135,61.29,HOEP (Legacy)
2003-09-03 13:00:00,2003,9,14,19268,69.62,HOEP (Legacy)
2003-09-03 14:00:00,2003,9,15,19439,71.73,HOEP (Legacy)
2003-09-03 15:00:00,2003,9,16,19761,86.98,HOEP (Legacy)
2003-09-03 16:00:00,2003,9,17,19756,66.23,HOEP (Legacy)
2003-09-03 17:00:00,2003,9,18,19347,49.99,HOEP (Legacy)
2003-09-03 18:00:00,2003,9,19,18981,56.72,HOEP (Legacy)
2003-09-03 19:00:00,2003,9,20,19340,117.26,HOEP (Legacy)
2003-09-03 20:00:00,2003,9,21,18875,75.62,HOEP (Legacy)
2003-09-03 21:00:00,2003,9,22,17638,48.83,HOEP (Legacy)
2003-09-03 22:00:00,2003,9,23,16119,37.1,HOEP (Legacy)
2003-09-03 23:00:00,2003,9,24,15188,34.55,HOEP (Legacy)
2003-09-04 00:00:00,2003,9,1,14554,33.5,HOEP (Legacy)
2003-09-04 01:00:00,2003,9,2,14213,32.8,HOEP (Legacy)
2003-09-04 02:00:00,2003,9,3,14074,26.2,HOEP (Legacy)
2003-09-04 03:00:00,2003,9,4,13976,32.69,HOEP (Legacy)
2003-09-04 04:00:00,2003,9,5,14329,28.41,HOEP (Legacy)
2003-09-04 05:00:00,2003,9,6,15239,35.84,HOEP (Legacy)
2003-09-04 06:00:00,2003,9,7,16825,39.18,HOEP (Legacy)
2003-09-04 07:00:00,2003,9,8,17883,50.74,HOEP (Legacy)
2003-09-04 08:00:00,2003,9,9,18255,64.55,HOEP (Legacy)
2003-09-04 09:00:00,2003,9,10,18572,60.37,HOEP (Legacy)
2003-09-04 10:00:00,2003,9,11,18736,54.58,HOEP (Legacy)
2003-09-04 11:00:00,2003,9,12,18819,51.48,HOEP (Legacy)
2003-09-04 12:00:00,2003,9,13,18918,39.12,HOEP (Legacy)
2003-09-04 13:00:00,2003,9,14,18841,38.78,HOEP (Legacy)
2003-09-04 14:00:00,2003,9,15,18845,41.88,HOEP (Legacy)
2003-09-04 15:00:00,2003,9,16,18839,39.62,HOEP (Legacy)
2003-09-04 16:00:00,2003,9,17,18862,48.63,HOEP (Legacy)
2003-09-04 17:00:00,2003,9,18,18365,38.04,HOEP (Legacy)
2003-09-04 18:00:00,2003,9,19,18190,37.93,HOEP (Legacy)
2003-09-04 19:00:00,2003,9,20,18634,47.3,HOEP (Legacy)
2003-09-04 20:00:00,2003,9,21,17871,37.7,HOEP (Legacy)
2003-09-04 21:00:00,2003,9,22,16591,29.68,HOEP (Legacy)
2003-09-04 22:00:00,2003,9,23,15386,32.89,HOEP (Legacy)
2003-09-04 23:00:00,2003,9,24,14413,28.89,HOEP (Legacy)
2003-09-05 00:00:00,2003,9,1,14017,33.06,HOEP (Legacy)
2003-09-05 01:00:00,2003,9,2,13605,38.19,HOEP (Legacy)
2003-09-05 02:00:00,2003,9,3,13399,32.23,HOEP (Legacy)
2003-09-05 03:00:00,2003,9,4,13296,35.83,HOEP (Legacy)
2003-09-05 04:00:00,2003,9,5,13657,37.74,HOEP (Legacy)
2003-09-05 05:00:00,2003,9,6,15001,38.69,HOEP (Legacy)
2003-09-05 06:00:00,2003,9,7,16524,70.39,HOEP (Legacy)
2003-09-05 07:00:00,2003,9,8,17657,83.55,HOEP (Legacy)
2003-09-05 08:00:00,2003,9,9,17779,73.36,HOEP (Legacy)
2003-09-05 09:00:00,2003,9,10,18176,70.34,HOEP (Legacy)
2003-09-05 10:00:00,2003,9,11,18456,58.95,HOEP (Legacy)
2003-09-05 11:00:00,2003,9,12,18544,67.75,HOEP (Legacy)
2003-09-05 12:00:00,2003,9,13,18548,75.01,HOEP (Legacy)
2003-09-05 13:00:00,2003,9,14,18500,71.67,HOEP (Legacy)
2003-09-05 14:00:00,2003,9,15,18371,66.76,HOEP (Legacy)
2003-09-05 15:00:00,2003,9,16,18375,62.41,HOEP (Legacy)
2003-09-05 16:00:00,2003,9,17,18231,51.99,HOEP (Legacy)
2003-09-05 17:00:00,2003,9,18,17744,39.01,HOEP (Legacy)
2003-09-05 18:00:00,2003,9,19,17457,38.93,HOEP (Legacy)
2003-09-05 19:00:00,2003,9,20,17855,51.09,HOEP (Legacy)
2003-09-05 20:00:00,2003,9,21,17368,39.77,HOEP (Legacy)
2003-09-05 21:00:00,2003,9,22,16212,38.42,HOEP (Legacy)
2003-09-05 22:00:00,2003,9,23,15039,38.41,HOEP (Legacy)
2003-09-05 23:00:00,2003,9,24,14040,38.87,HOEP (Legacy)
2003-09-06 00:00:00,2003,9,1,13444,40.17,HOEP (Legacy)
2003-09-06 01:00:00,2003,9,2,13114,38.95,HOEP (Legacy)
2003-09-06 02:00:00,2003,9,3,12809,36.65,HOEP (Legacy)
2003-09-06 03:00:00,2003,9,4,12604,29.16,HOEP (Legacy)
2003-09-06 04:00:00,2003,9,5,12704,20.38,HOEP (Legacy)
2003-09-06 05:00:00,2003,9,6,13165,17.54,HOEP (Legacy)
2003-09-06 06:00:00,2003,9,7,13865,20.03,HOEP (Legacy)
2003-09-06 07:00:00,2003,9,8,15125,37.22,HOEP (Legacy)
2003-09-06 08:00:00,2003,9,9,15917,38.59,HOEP (Legacy)
2003-09-06 09:00:00,2003,9,10,16292,38.68,HOEP (Legacy)
2003-09-06 10:00:00,2003,9,11,16522,39.14,HOEP (Legacy)
2003-09-06 11:00:00,2003,9,12,16521,38.48,HOEP (Legacy)
2003-09-06 12:00:00,2003,9,13,16500,39.66,HOEP (Legacy)
2003-09-06 13:00:00,2003,9,14,16440,46.56,HOEP (Legacy)
2003-09-06 14:00:00,2003,9,15,16387,38.87,HOEP (Legacy)
2003-09-06 15:00:00,2003,9,16,16569,38.99,HOEP (Legacy)
2003-09-06 16:00:00,2003,9,17,16634,44.69,HOEP (Legacy)
2003-09-06 17:00:00,2003,9,18,16394,38.43,HOEP (Legacy)
2003-09-06 18:00:00,2003,9,19,15915,37.84,HOEP (Legacy)
2003-09-06 19:00:00,2003,9,20,16630,38.7,HOEP (Legacy)
2003-09-06 20:00:00,2003,9,21,16011,37.74,HOEP (Legacy)
2003-09-06 21:00:00,2003,9,22,15223,37.25,HOEP (Legacy)
2003-09-06 22:00:00,2003,9,23,14329,34.32,HOEP (Legacy)
2003-09-06 23:00:00,2003,9,24,13466,36.09,HOEP (Legacy)
2003-09-07 00:00:00,2003,9,1,12998,28.9,HOEP (Legacy)
2003-09-07 01:00:00,2003,9,2,12635,24.64,HOEP (Legacy)
2003-09-07 02:00:00,2003,9,3,12436,24.64,HOEP (Legacy)
2003-09-07 03:00:00,2003,9,4,12274,24.64,HOEP (Legacy)
2003-09-07 04:00:00,2003,9,5,12313,24.6,HOEP (Legacy)
2003-09-07 05:00:00,2003,9,6,12375,24.62,HOEP (Legacy)
2003-09-07 06:00:00,2003,9,7,12663,18.84,HOEP (Legacy)
2003-09-07 07:00:00,2003,9,8,13768,33.49,HOEP (Legacy)
2003-09-07 08:00:00,2003,9,9,14721,36.95,HOEP (Legacy)
2003-09-07 09:00:00,2003,9,10,15346,37.9,HOEP (Legacy)
2003-09-07 10:00:00,2003,9,11,16048,46.24,HOEP (Legacy)
2003-09-07 11:00:00,2003,9,12,16439,69.92,HOEP (Legacy)
2003-09-07 12:00:00,2003,9,13,16597,76.62,HOEP (Legacy)
2003-09-07 13:00:00,2003,9,14,16538,40.52,HOEP (Legacy)
2003-09-07 14:00:00,2003,9,15,16659,50.19,HOEP (Legacy)
2003-09-07 15:00:00,2003,9,16,16907,53.95,HOEP (Legacy)
2003-09-07 16:00:00,2003,9,17,17222,71.39,HOEP (Legacy)
2003-09-07 17:00:00,2003,9,18,16902,53.61,HOEP (Legacy)
2003-09-07 18:00:00,2003,9,19,16894,38.78,HOEP (Legacy)
2003-09-07 19:00:00,2003,9,20,17770,64.19,HOEP (Legacy)
2003-09-07 20:00:00,2003,9,21,17212,57.94,HOEP (Legacy)
2003-09-07 21:00:00,2003,9,22,16083,41.5,HOEP (Legacy)
2003-09-07 22:00:00,2003,9,23,14796,38.27,HOEP (Legacy)
2003-09-07 23:00:00,2003,9,24,13949,23.53,HOEP (Legacy)
2003-09-08 00:00:00,2003,9,1,13624,26.95,HOEP (Legacy)
2003-09-08 01:00:00,2003,9,2,13443,34.03,HOEP (Legacy)
2003-09-08 02:00:00,2003,9,3,13258,35.51,HOEP (Legacy)
2003-09-08 03:00:00,2003,9,4,13252,34.77,HOEP (Legacy)
2003-09-08 04:00:00,2003,9,5,13707,34.85,HOEP (Legacy)
2003-09-08 05:00:00,2003,9,6,14994,37.65,HOEP (Legacy)
2003-09-08 06:00:00,2003,9,7,16637,61.92,HOEP (Legacy)
2003-09-08 07:00:00,2003,9,8,17733,79.83,HOEP (Legacy)
2003-09-08 08:00:00,2003,9,9,18105,75.22,HOEP (Legacy)
2003-09-08 09:00:00,2003,9,10,18576,80.93,HOEP (Legacy)
2003-09-08 10:00:00,2003,9,11,18777,81.96,HOEP (Legacy)
2003-09-08 11:00:00,2003,9,12,18838,81.9,HOEP (Legacy)
2003-09-08 12:00:00,2003,9,13,18912,81.79,HOEP (Legacy)
2003-09-08 13:00:00,2003,9,14,18983,81.82,HOEP (Legacy)
2003-09-08 14:00:00,2003,9,15,19020,82.35,HOEP (Legacy)
2003-09-08 15:00:00,2003,9,16,19249,69.6,HOEP (Legacy)
2003-09-08 16:00:00,2003,9,17,19222,77.84,HOEP (Legacy)
2003-09-08 17:00:00,2003,9,18,18701,57.51,HOEP (Legacy)
2003-09-08 18:00:00,2003,9,19,18337,41.55,HOEP (Legacy)
2003-09-08 19:00:00,2003,9,20,18933,75.36,HOEP (Legacy)
2003-09-08 20:00:00,2003,9,21,18177,51.84,HOEP (Legacy)
2003-09-08 21:00:00,2003,9,22,16892,37.9,HOEP (Legacy)
2003-09-08 22:00:00,2003,9,23,15452,35.29,HOEP (Legacy)
2003-09-08 23:00:00,2003,9,24,14389,33.53,HOEP (Legacy)
2003-09-09 00:00:00,2003,9,1,13829,28.64,HOEP (Legacy)
2003-09-09 01:00:00,2003,9,2,13543,27.9,HOEP (Legacy)
2003-09-09 02:00:00,2003,9,3,13363,30.91,HOEP (Legacy)
2003-09-09 03:00:00,2003,9,4,13243,18.53,HOEP (Legacy)
2003-09-09 04:00:00,2003,9,5,13585,25.93,HOEP (Legacy)
2003-09-09 05:00:00,2003,9,6,14936,37.15,HOEP (Legacy)
2003-09-09 06:00:00,2003,9,7,16511,37.84,HOEP (Legacy)
2003-09-09 07:00:00,2003,9,8,17274,38.41,HOEP (Legacy)
2003-09-09 08:00:00,2003,9,9,17710,47.86,HOEP (Legacy)
2003-09-09 09:00:00,2003,9,10,18344,78.5,HOEP (Legacy)
2003-09-09 10:00:00,2003,9,11,18555,71.35,HOEP (Legacy)
2003-09-09 11:00:00,2003,9,12,18674,73.8,HOEP (Legacy)
2003-09-09 12:00:00,2003,9,13,18897,77.75,HOEP (Legacy)
2003-09-09 13:00:00,2003,9,14,18751,80.37,HOEP (Legacy)
2003-09-09 14:00:00,2003,9,15,18820,61.07,HOEP (Legacy)
2003-09-09 15:00:00,2003,9,16,19050,67.38,HOEP (Legacy)
2003-09-09 16:00:00,2003,9,17,18990,71.69,HOEP (Legacy)
2003-09-09 17:00:00,2003,9,18,18635,54.75,HOEP (Legacy)
2003-09-09 18:00:00,2003,9,19,18482,69.19,HOEP (Legacy)
2003-09-09 19:00:00,2003,9,20,19048,78.52,HOEP (Legacy)
2003-09-09 20:00:00,2003,9,21,18346,66.46,HOEP (Legacy)
2003-09-09 21:00:00,2003,9,22,16969,37.83,HOEP (Legacy)
2003-09-09 22:00:00,2003,9,23,15550,37.84,HOEP (Legacy)
2003-09-09 23:00:00,2003,9,24,14512,36.63,HOEP (Legacy)
2003-09-10 00:00:00,2003,9,1,14014,38.09,HOEP (Legacy)
2003-09-10 01:00:00,2003,9,2,13785,37.26,HOEP (Legacy)
2003-09-10 02:00:00,2003,9,3,13536,36.81,HOEP (Legacy)
2003-09-10 03:00:00,2003,9,4,13572,36.87,HOEP (Legacy)
2003-09-10 04:00:00,2003,9,5,13917,38.66,HOEP (Legacy)
2003-09-10 05:00:00,2003,9,6,14985,50.57,HOEP (Legacy)
2003-09-10 06:00:00,2003,9,7,16642,69.57,HOEP (Legacy)
2003-09-10 07:00:00,2003,9,8,17492,69.7,HOEP (Legacy)
2003-09-10 08:00:00,2003,9,9,18055,75.56,HOEP (Legacy)
2003-09-10 09:00:00,2003,9,10,18553,77.42,HOEP (Legacy)
2003-09-10 10:00:00,2003,9,11,18997,79.09,HOEP (Legacy)
2003-09-10 11:00:00,2003,9,12,19159,79.42,HOEP (Legacy)
2003-09-10 12:00:00,2003,9,13,19273,78.48,HOEP (Legacy)
2003-09-10 13:00:00,2003,9,14,19399,78.75,HOEP (Legacy)
2003-09-10 14:00:00,2003,9,15,19735,81.39,HOEP (Legacy)
2003-09-10 15:00:00,2003,9,16,19974,81.15,HOEP (Legacy)
2003-09-10 16:00:00,2003,9,17,19892,80.55,HOEP (Legacy)
2003-09-10 17:00:00,2003,9,18,19330,72.85,HOEP (Legacy)
2003-09-10 18:00:00,2003,9,19,19064,78.27,HOEP (Legacy)
2003-09-10 19:00:00,2003,9,20,19591,82.47,HOEP (Legacy)
2003-09-10 20:00:00,2003,9,21,18857,68.82,HOEP (Legacy)
2003-09-10 21:00:00,2003,9,22,17423,37.8,HOEP (Legacy)
2003-09-10 22:00:00,2003,9,23,16061,37.61,HOEP (Legacy)
2003-09-10 23:00:00,2003,9,24,15060,37.34,HOEP (Legacy)
2003-09-11 00:00:00,2003,9,1,14403,37.8,HOEP (Legacy)
2003-09-11 01:00:00,2003,9,2,14057,37.38,HOEP (Legacy)
2003-09-11 02:00:00,2003,9,3,13837,36.18,HOEP (Legacy)
2003-09-11 03:00:00,2003,9,4,13866,35.77,HOEP (Legacy)
2003-09-11 04:00:00,2003,9,5,14140,37.89,HOEP (Legacy)
2003-09-11 05:00:00,2003,9,6,15580,41.33,HOEP (Legacy)
2003-09-11 06:00:00,2003,9,7,17158,64.72,HOEP (Legacy)
2003-09-11 07:00:00,2003,9,8,17999,71.85,HOEP (Legacy)
2003-09-11 08:00:00,2003,9,9,18617,72.25,HOEP (Legacy)
2003-09-11 09:00:00,2003,9,10,19101,79.49,HOEP (Legacy)
2003-09-11 10:00:00,2003,9,11,19575,82.4,HOEP (Legacy)
2003-09-11 11:00:00,2003,9,12,19777,81.88,HOEP (Legacy)
2003-09-11 12:00:00,2003,9,13,19953,84.06,HOEP (Legacy)
2003-09-11 13:00:00,2003,9,14,20401,89.31,HOEP (Legacy)
2003-09-11 14:00:00,2003,9,15,20386,88.56,HOEP (Legacy)
2003-09-11 15:00:00,2003,9,16,20700,91.04,HOEP (Legacy)
2003-09-11 16:00:00,2003,9,17,20518,89.05,HOEP (Legacy)
2003-09-11 17:00:00,2003,9,18,20084,88.66,HOEP (Legacy)
2003-09-11 18:00:00,2003,9,19,19842,91.63,HOEP (Legacy)
2003-09-11 19:00:00,2003,9,20,19917,90.29,HOEP (Legacy)
2003-09-11 20:00:00,2003,9,21,19381,80.33,HOEP (Legacy)
2003-09-11 21:00:00,2003,9,22,18059,74.84,HOEP (Legacy)
2003-09-11 22:00:00,2003,9,23,15925,48.68,HOEP (Legacy)
2003-09-11 23:00:00,2003,9,24,15587,40.46,HOEP (Legacy)
2003-09-12 00:00:00,2003,9,1,14976,63.95,HOEP (Legacy)
2003-09-12 01:00:00,2003,9,2,14528,39.08,HOEP (Legacy)
2003-09-12 02:00:00,2003,9,3,14305,38.35,HOEP (Legacy)
2003-09-12 03:00:00,2003,9,4,14283,45.3,HOEP (Legacy)
2003-09-12 04:00:00,2003,9,5,14732,45.95,HOEP (Legacy)
2003-09-12 05:00:00,2003,9,6,15938,48.09,HOEP (Legacy)
2003-09-12 06:00:00,2003,9,7,17489,69.98,HOEP (Legacy)
2003-09-12 07:00:00,2003,9,8,18445,78.17,HOEP (Legacy)
2003-09-12 08:00:00,2003,9,9,19094,75.43,HOEP (Legacy)
2003-09-12 09:00:00,2003,9,10,19897,84.47,HOEP (Legacy)
2003-09-12 10:00:00,2003,9,11,20200,82.79,HOEP (Legacy)
2003-09-12 11:00:00,2003,9,12,20244,80.93,HOEP (Legacy)
2003-09-12 12:00:00,2003,9,13,20384,86.3,HOEP (Legacy)
2003-09-12 13:00:00,2003,9,14,20319,82.89,HOEP (Legacy)
2003-09-12 14:00:00,2003,9,15,20166,79.72,HOEP (Legacy)
2003-09-12 15:00:00,2003,9,16,20082,78.53,HOEP (Legacy)
2003-09-12 16:00:00,2003,9,17,19675,79.68,HOEP (Legacy)
2003-09-12 17:00:00,2003,9,18,19139,57.03,HOEP (Legacy)
2003-09-12 18:00:00,2003,9,19,18843,58.47,HOEP (Legacy)
2003-09-12 19:00:00,2003,9,20,19209,51.91,HOEP (Legacy)
2003-09-12 20:00:00,2003,9,21,18398,44.16,HOEP (Legacy)
2003-09-12 21:00:00,2003,9,22,17219,36.55,HOEP (Legacy)
2003-09-12 22:00:00,2003,9,23,15893,36.96,HOEP (Legacy)
2003-09-12 23:00:00,2003,9,24,14822,35.9,HOEP (Legacy)
2003-09-13 00:00:00,2003,9,1,14338,37.08,HOEP (Legacy)
2003-09-13 01:00:00,2003,9,2,13875,37.08,HOEP (Legacy)
2003-09-13 02:00:00,2003,9,3,13603,38.04,HOEP (Legacy)
2003-09-13 03:00:00,2003,9,4,13478,35.54,HOEP (Legacy)
2003-09-13 04:00:00,2003,9,5,13588,35.98,HOEP (Legacy)
2003-09-13 05:00:00,2003,9,6,13998,35.67,HOEP (Legacy)
2003-09-13 06:00:00,2003,9,7,14523,35.92,HOEP (Legacy)
2003-09-13 07:00:00,2003,9,8,15821,39.87,HOEP (Legacy)
2003-09-13 08:00:00,2003,9,9,16913,49.36,HOEP (Legacy)
2003-09-13 09:00:00,2003,9,10,17444,69.84,HOEP (Legacy)
2003-09-13 10:00:00,2003,9,11,17895,77.32,HOEP (Legacy)
2003-09-13 11:00:00,2003,9,12,17972,77.32,HOEP (Legacy)
2003-09-13 12:00:00,2003,9,13,18019,76.27,HOEP (Legacy)
2003-09-13 13:00:00,2003,9,14,17969,75.76,HOEP (Legacy)
2003-09-13 14:00:00,2003,9,15,17913,73.87,HOEP (Legacy)
2003-09-13 15:00:00,2003,9,16,17810,72.85,HOEP (Legacy)
2003-09-13 16:00:00,2003,9,17,17726,51.41,HOEP (Legacy)
2003-09-13 17:00:00,2003,9,18,17286,39.03,HOEP (Legacy)
2003-09-13 18:00:00,2003,9,19,17281,47.17,HOEP (Legacy)
2003-09-13 19:00:00,2003,9,20,17727,55.91,HOEP (Legacy)
2003-09-13 20:00:00,2003,9,21,17255,53.21,HOEP (Legacy)
2003-09-13 21:00:00,2003,9,22,16501,47.5,HOEP (Legacy)
2003-09-13 22:00:00,2003,9,23,15474,39.6,HOEP (Legacy)
2003-09-13 23:00:00,2003,9,24,14776,42.52,HOEP (Legacy)
2003-09-14 00:00:00,2003,9,1,14331,39.92,HOEP (Legacy)
2003-09-14 01:00:00,2003,9,2,13813,39.07,HOEP (Legacy)
2003-09-14 02:00:00,2003,9,3,13584,38.16,HOEP (Legacy)
2003-09-14 03:00:00,2003,9,4,13418,38.64,HOEP (Legacy)
2003-09-14 04:00:00,2003,9,5,13423,38.18,HOEP (Legacy)
2003-09-14 05:00:00,2003,9,6,13551,37.81,HOEP (Legacy)
2003-09-14 06:00:00,2003,9,7,14035,37.03,HOEP (Legacy)
2003-09-14 07:00:00,2003,9,8,15012,37.04,HOEP (Legacy)
2003-09-14 08:00:00,2003,9,9,16079,40.39,HOEP (Legacy)
2003-09-14 09:00:00,2003,9,10,16934,53.56,HOEP (Legacy)
2003-09-14 10:00:00,2003,9,11,17531,74.36,HOEP (Legacy)
2003-09-14 11:00:00,2003,9,12,17983,77.84,HOEP (Legacy)
2003-09-14 12:00:00,2003,9,13,18136,80.22,HOEP (Legacy)
2003-09-14 13:00:00,2003,9,14,18026,76.27,HOEP (Legacy)
2003-09-14 14:00:00,2003,9,15,18076,78.57,HOEP (Legacy)
2003-09-14 15:00:00,2003,9,16,18253,80.77,HOEP (Legacy)
2003-09-14 16:00:00,2003,9,17,18382,80.64,HOEP (Legacy)
2003-09-14 17:00:00,2003,9,18,18179,78.66,HOEP (Legacy)
2003-09-14 18:00:00,2003,9,19,18363,80.27,HOEP (Legacy)
2003-09-14 19:00:00,2003,9,20,18763,80.45,HOEP (Legacy)
2003-09-14 20:00:00,2003,9,21,18165,77.53,HOEP (Legacy)
2003-09-14 21:00:00,2003,9,22,17197,69.62,HOEP (Legacy)
2003-09-14 22:00:00,2003,9,23,16098,51.67,HOEP (Legacy)
2003-09-14 23:00:00,2003,9,24,15283,55.77,HOEP (Legacy)
2003-09-15 00:00:00,2003,9,1,14829,46.0,HOEP (Legacy)
2003-09-15 01:00:00,2003,9,2,14484,39.43,HOEP (Legacy)
2003-09-15 02:00:00,2003,9,3,14393,46.49,HOEP (Legacy)
2003-09-15 03:00:00,2003,9,4,14353,38.96,HOEP (Legacy)
2003-09-15 04:00:00,2003,9,5,14891,37.46,HOEP (Legacy)
2003-09-15 05:00:00,2003,9,6,16311,42.27,HOEP (Legacy)
2003-09-15 06:00:00,2003,9,7,18132,64.69,HOEP (Legacy)
2003-09-15 07:00:00,2003,9,8,19199,78.1,HOEP (Legacy)
2003-09-15 08:00:00,2003,9,9,19748,79.69,HOEP (Legacy)
2003-09-15 09:00:00,2003,9,10,20072,84.1,HOEP (Legacy)
2003-09-15 10:00:00,2003,9,11,20243,83.31,HOEP (Legacy)
2003-09-15 11:00:00,2003,9,12,20053,80.29,HOEP (Legacy)
2003-09-15 12:00:00,2003,9,13,19954,79.48,HOEP (Legacy)
2003-09-15 13:00:00,2003,9,14,19842,78.97,HOEP (Legacy)
2003-09-15 14:00:00,2003,9,15,19771,76.96,HOEP (Legacy)
2003-09-15 15:00:00,2003,9,16,19859,75.99,HOEP (Legacy)
2003-09-15 16:00:00,2003,9,17,19833,48.22,HOEP (Legacy)
2003-09-15 17:00:00,2003,9,18,19308,37.06,HOEP (Legacy)
2003-09-15 18:00:00,2003,9,19,19302,43.84,HOEP (Legacy)
2003-09-15 19:00:00,2003,9,20,19460,53.94,HOEP (Legacy)
2003-09-15 20:00:00,2003,9,21,18510,46.66,HOEP (Legacy)
2003-09-15 21:00:00,2003,9,22,17095,36.02,HOEP (Legacy)
2003-09-15 22:00:00,2003,9,23,15668,35.4,HOEP (Legacy)
2003-09-15 23:00:00,2003,9,24,14663,35.77,HOEP (Legacy)
2003-09-16 00:00:00,2003,9,1,14187,34.88,HOEP (Legacy)
2003-09-16 01:00:00,2003,9,2,13816,24.92,HOEP (Legacy)
2003-09-16 02:00:00,2003,9,3,13589,24.12,HOEP (Legacy)
2003-09-16 03:00:00,2003,9,4,13545,23.77,HOEP (Legacy)
2003-09-16 04:00:00,2003,9,5,13957,22.34,HOEP (Legacy)
2003-09-16 05:00:00,2003,9,6,15158,32.76,HOEP (Legacy)
2003-09-16 06:00:00,2003,9,7,16764,35.97,HOEP (Legacy)
2003-09-16 07:00:00,2003,9,8,17629,39.07,HOEP (Legacy)
2003-09-16 08:00:00,2003,9,9,18072,37.81,HOEP (Legacy)
2003-09-16 09:00:00,2003,9,10,18448,52.16,HOEP (Legacy)
2003-09-16 10:00:00,2003,9,11,18662,57.28,HOEP (Legacy)
2003-09-16 11:00:00,2003,9,12,18731,73.36,HOEP (Legacy)
2003-09-16 12:00:00,2003,9,13,18755,50.13,HOEP (Legacy)
2003-09-16 13:00:00,2003,9,14,18817,49.03,HOEP (Legacy)
2003-09-16 14:00:00,2003,9,15,18935,49.87,HOEP (Legacy)
2003-09-16 15:00:00,2003,9,16,19157,40.11,HOEP (Legacy)
2003-09-16 16:00:00,2003,9,17,19161,69.13,HOEP (Legacy)
2003-09-16 17:00:00,2003,9,18,18579,40.22,HOEP (Legacy)
2003-09-16 18:00:00,2003,9,19,18556,68.53,HOEP (Legacy)
2003-09-16 19:00:00,2003,9,20,19006,68.89,HOEP (Legacy)
2003-09-16 20:00:00,2003,9,21,18217,36.58,HOEP (Legacy)
2003-09-16 21:00:00,2003,9,22,16903,35.03,HOEP (Legacy)
2003-09-16 22:00:00,2003,9,23,15465,33.11,HOEP (Legacy)
2003-09-16 23:00:00,2003,9,24,14529,27.73,HOEP (Legacy)
2003-09-17 00:00:00,2003,9,1,13966,29.77,HOEP (Legacy)
2003-09-17 01:00:00,2003,9,2,13635,18.36,HOEP (Legacy)
2003-09-17 02:00:00,2003,9,3,13375,16.29,HOEP (Legacy)
2003-09-17 03:00:00,2003,9,4,13349,16.31,HOEP (Legacy)
2003-09-17 04:00:00,2003,9,5,13849,15.99,HOEP (Legacy)
2003-09-17 05:00:00,2003,9,6,15092,31.42,HOEP (Legacy)
2003-09-17 06:00:00,2003,9,7,16738,35.48,HOEP (Legacy)
2003-09-17 07:00:00,2003,9,8,17544,39.49,HOEP (Legacy)
2003-09-17 08:00:00,2003,9,9,18126,39.33,HOEP (Legacy)
2003-09-17 09:00:00,2003,9,10,18622,64.09,HOEP (Legacy)
2003-09-17 10:00:00,2003,9,11,18901,61.23,HOEP (Legacy)
2003-09-17 11:00:00,2003,9,12,18919,68.63,HOEP (Legacy)
2003-09-17 12:00:00,2003,9,13,19112,65.26,HOEP (Legacy)
2003-09-17 13:00:00,2003,9,14,19251,41.23,HOEP (Legacy)
2003-09-17 14:00:00,2003,9,15,19361,47.21,HOEP (Legacy)
2003-09-17 15:00:00,2003,9,16,19727,71.77,HOEP (Legacy)
2003-09-17 16:00:00,2003,9,17,19635,77.79,HOEP (Legacy)
2003-09-17 17:00:00,2003,9,18,19022,39.2,HOEP (Legacy)
2003-09-17 18:00:00,2003,9,19,19067,56.9,HOEP (Legacy)
2003-09-17 19:00:00,2003,9,20,19584,89.18,HOEP (Legacy)
2003-09-17 20:00:00,2003,9,21,18594,44.26,HOEP (Legacy)
2003-09-17 21:00:00,2003,9,22,17152,35.41,HOEP (Legacy)
2003-09-17 22:00:00,2003,9,23,15664,35.11,HOEP (Legacy)
2003-09-17 23:00:00,2003,9,24,14664,34.57,HOEP (Legacy)
2003-09-18 00:00:00,2003,9,1,14085,34.64,HOEP (Legacy)
2003-09-18 01:00:00,2003,9,2,13796,29.16,HOEP (Legacy)
2003-09-18 02:00:00,2003,9,3,13546,23.02,HOEP (Legacy)
2003-09-18 03:00:00,2003,9,4,13470,24.99,HOEP (Legacy)
2003-09-18 04:00:00,2003,9,5,13942,34.65,HOEP (Legacy)
2003-09-18 05:00:00,2003,9,6,15205,39.51,HOEP (Legacy)
2003-09-18 06:00:00,2003,9,7,16651,38.72,HOEP (Legacy)
2003-09-18 07:00:00,2003,9,8,17629,50.21,HOEP (Legacy)
2003-09-18 08:00:00,2003,9,9,18063,41.76,HOEP (Legacy)
2003-09-18 09:00:00,2003,9,10,18519,40.02,HOEP (Legacy)
2003-09-18 10:00:00,2003,9,11,18875,75.82,HOEP (Legacy)
2003-09-18 11:00:00,2003,9,12,18965,77.4,HOEP (Legacy)
2003-09-18 12:00:00,2003,9,13,18907,74.99,HOEP (Legacy)
2003-09-18 13:00:00,2003,9,14,19035,74.81,HOEP (Legacy)
2003-09-18 14:00:00,2003,9,15,19007,70.73,HOEP (Legacy)
2003-09-18 15:00:00,2003,9,16,18993,37.25,HOEP (Legacy)
2003-09-18 16:00:00,2003,9,17,18711,36.61,HOEP (Legacy)
2003-09-18 17:00:00,2003,9,18,18316,36.84,HOEP (Legacy)
2003-09-18 18:00:00,2003,9,19,18816,57.17,HOEP (Legacy)
2003-09-18 19:00:00,2003,9,20,19155,71.7,HOEP (Legacy)
2003-09-18 20:00:00,2003,9,21,18254,36.89,HOEP (Legacy)
2003-09-18 21:00:00,2003,9,22,16960,35.0,HOEP (Legacy)
2003-09-18 22:00:00,2003,9,23,15713,35.51,HOEP (Legacy)
2003-09-18 23:00:00,2003,9,24,14589,35.12,HOEP (Legacy)
2003-09-19 00:00:00,2003,9,1,14093,35.77,HOEP (Legacy)
2003-09-19 01:00:00,2003,9,2,13826,31.35,HOEP (Legacy)
2003-09-19 02:00:00,2003,9,3,13567,32.09,HOEP (Legacy)
2003-09-19 03:00:00,2003,9,4,13650,35.33,HOEP (Legacy)
2003-09-19 04:00:00,2003,9,5,14051,36.43,HOEP (Legacy)
2003-09-19 05:00:00,2003,9,6,15210,37.0,HOEP (Legacy)
2003-09-19 06:00:00,2003,9,7,17066,60.42,HOEP (Legacy)
2003-09-19 07:00:00,2003,9,8,18064,71.1,HOEP (Legacy)
2003-09-19 08:00:00,2003,9,9,18485,75.44,HOEP (Legacy)
2003-09-19 09:00:00,2003,9,10,18815,76.24,HOEP (Legacy)
2003-09-19 10:00:00,2003,9,11,18978,76.75,HOEP (Legacy)
2003-09-19 11:00:00,2003,9,12,18911,76.71,HOEP (Legacy)
2003-09-19 12:00:00,2003,9,13,18982,93.1,HOEP (Legacy)
2003-09-19 13:00:00,2003,9,14,18882,86.92,HOEP (Legacy)
2003-09-19 14:00:00,2003,9,15,18767,79.73,HOEP (Legacy)
2003-09-19 15:00:00,2003,9,16,18599,77.58,HOEP (Legacy)
2003-09-19 16:00:00,2003,9,17,18581,76.19,HOEP (Legacy)
2003-09-19 17:00:00,2003,9,18,18166,71.81,HOEP (Legacy)
2003-09-19 18:00:00,2003,9,19,18248,71.26,HOEP (Legacy)
2003-09-19 19:00:00,2003,9,20,18213,74.16,HOEP (Legacy)
2003-09-19 20:00:00,2003,9,21,17383,51.72,HOEP (Legacy)
2003-09-19 21:00:00,2003,9,22,16303,39.12,HOEP (Legacy)
2003-09-19 22:00:00,2003,9,23,15061,52.19,HOEP (Legacy)
2003-09-19 23:00:00,2003,9,24,14126,35.39,HOEP (Legacy)
2003-09-20 00:00:00,2003,9,1,13456,35.65,HOEP (Legacy)
2003-09-20 01:00:00,2003,9,2,13094,31.03,HOEP (Legacy)
2003-09-20 02:00:00,2003,9,3,12771,32.1,HOEP (Legacy)
2003-09-20 03:00:00,2003,9,4,12684,30.0,HOEP (Legacy)
2003-09-20 04:00:00,2003,9,5,12821,29.44,HOEP (Legacy)
2003-09-20 05:00:00,2003,9,6,13190,31.88,HOEP (Legacy)
2003-09-20 06:00:00,2003,9,7,13922,29.01,HOEP (Legacy)
2003-09-20 07:00:00,2003,9,8,15019,35.61,HOEP (Legacy)
2003-09-20 08:00:00,2003,9,9,15958,36.72,HOEP (Legacy)
2003-09-20 09:00:00,2003,9,10,16396,67.93,HOEP (Legacy)
2003-09-20 10:00:00,2003,9,11,16498,69.94,HOEP (Legacy)
2003-09-20 11:00:00,2003,9,12,16393,67.75,HOEP (Legacy)
2003-09-20 12:00:00,2003,9,13,16258,37.52,HOEP (Legacy)
2003-09-20 13:00:00,2003,9,14,16091,37.45,HOEP (Legacy)
2003-09-20 14:00:00,2003,9,15,15942,45.01,HOEP (Legacy)
2003-09-20 15:00:00,2003,9,16,15896,39.81,HOEP (Legacy)
2003-09-20 16:00:00,2003,9,17,16018,37.49,HOEP (Legacy)
2003-09-20 17:00:00,2003,9,18,15784,36.49,HOEP (Legacy)
2003-09-20 18:00:00,2003,9,19,15943,37.0,HOEP (Legacy)
2003-09-20 19:00:00,2003,9,20,16300,40.0,HOEP (Legacy)
2003-09-20 20:00:00,2003,9,21,15700,36.48,HOEP (Legacy)
2003-09-20 21:00:00,2003,9,22,14896,35.97,HOEP (Legacy)
2003-09-20 22:00:00,2003,9,23,14000,35.72,HOEP (Legacy)
2003-09-20 23:00:00,2003,9,24,13245,35.39,HOEP (Legacy)
2003-09-21 00:00:00,2003,9,1,12553,36.2,HOEP (Legacy)
2003-09-21 01:00:00,2003,9,2,12272,35.53,HOEP (Legacy)
2003-09-21 02:00:00,2003,9,3,12139,37.7,HOEP (Legacy)
2003-09-21 03:00:00,2003,9,4,12091,36.7,HOEP (Legacy)
2003-09-21 04:00:00,2003,9,5,12144,36.65,HOEP (Legacy)
2003-09-21 05:00:00,2003,9,6,12392,36.59,HOEP (Legacy)
2003-09-21 06:00:00,2003,9,7,12605,34.39,HOEP (Legacy)
2003-09-21 07:00:00,2003,9,8,13663,36.68,HOEP (Legacy)
2003-09-21 08:00:00,2003,9,9,14565,37.26,HOEP (Legacy)
2003-09-21 09:00:00,2003,9,10,15153,43.01,HOEP (Legacy)
2003-09-21 10:00:00,2003,9,11,15576,60.63,HOEP (Legacy)
2003-09-21 11:00:00,2003,9,12,15660,59.96,HOEP (Legacy)
2003-09-21 12:00:00,2003,9,13,15589,47.18,HOEP (Legacy)
2003-09-21 13:00:00,2003,9,14,15435,50.35,HOEP (Legacy)
2003-09-21 14:00:00,2003,9,15,15449,62.52,HOEP (Legacy)
2003-09-21 15:00:00,2003,9,16,15740,65.07,HOEP (Legacy)
2003-09-21 16:00:00,2003,9,17,15915,97.7,HOEP (Legacy)
2003-09-21 17:00:00,2003,9,18,15838,65.66,HOEP (Legacy)
2003-09-21 18:00:00,2003,9,19,16197,75.76,HOEP (Legacy)
2003-09-21 19:00:00,2003,9,20,16707,70.1,HOEP (Legacy)
2003-09-21 20:00:00,2003,9,21,16114,55.01,HOEP (Legacy)
2003-09-21 21:00:00,2003,9,22,15156,40.37,HOEP (Legacy)
2003-09-21 22:00:00,2003,9,23,14205,38.46,HOEP (Legacy)
2003-09-21 23:00:00,2003,9,24,13565,40.3,HOEP (Legacy)
2003-09-22 00:00:00,2003,9,1,13203,36.16,HOEP (Legacy)
2003-09-22 01:00:00,2003,9,2,12990,36.01,HOEP (Legacy)
2003-09-22 02:00:00,2003,9,3,12964,36.29,HOEP (Legacy)
2003-09-22 03:00:00,2003,9,4,13003,35.14,HOEP (Legacy)
2003-09-22 04:00:00,2003,9,5,13502,34.19,HOEP (Legacy)
2003-09-22 05:00:00,2003,9,6,14861,41.45,HOEP (Legacy)
2003-09-22 06:00:00,2003,9,7,16656,56.53,HOEP (Legacy)
2003-09-22 07:00:00,2003,9,8,17529,73.7,HOEP (Legacy)
2003-09-22 08:00:00,2003,9,9,17976,72.84,HOEP (Legacy)
2003-09-22 09:00:00,2003,9,10,18376,74.19,HOEP (Legacy)
2003-09-22 10:00:00,2003,9,11,18547,74.65,HOEP (Legacy)
2003-09-22 11:00:00,2003,9,12,18552,72.69,HOEP (Legacy)
2003-09-22 12:00:00,2003,9,13,18576,72.89,HOEP (Legacy)
2003-09-22 13:00:00,2003,9,14,18569,70.76,HOEP (Legacy)
2003-09-22 14:00:00,2003,9,15,18625,64.68,HOEP (Legacy)
2003-09-22 15:00:00,2003,9,16,18975,71.13,HOEP (Legacy)
2003-09-22 16:00:00,2003,9,17,19073,73.41,HOEP (Legacy)
2003-09-22 17:00:00,2003,9,18,18863,71.41,HOEP (Legacy)
2003-09-22 18:00:00,2003,9,19,19194,77.08,HOEP (Legacy)
2003-09-22 19:00:00,2003,9,20,18669,36.59,HOEP (Legacy)
2003-09-22 20:00:00,2003,9,21,17900,35.41,HOEP (Legacy)
2003-09-22 21:00:00,2003,9,22,16634,33.89,HOEP (Legacy)
2003-09-22 22:00:00,2003,9,23,15280,33.42,HOEP (Legacy)
2003-09-22 23:00:00,2003,9,24,14189,32.25,HOEP (Legacy)
2003-09-23 00:00:00,2003,9,1,13655,31.34,HOEP (Legacy)
2003-09-23 01:00:00,2003,9,2,13371,26.35,HOEP (Legacy)
2003-09-23 02:00:00,2003,9,3,13140,23.85,HOEP (Legacy)
2003-09-23 03:00:00,2003,9,4,13228,24.46,HOEP (Legacy)
2003-09-23 04:00:00,2003,9,5,13699,27.01,HOEP (Legacy)
2003-09-23 05:00:00,2003,9,6,14985,34.03,HOEP (Legacy)
2003-09-23 06:00:00,2003,9,7,16819,36.02,HOEP (Legacy)
2003-09-23 07:00:00,2003,9,8,17474,37.62,HOEP (Legacy)
2003-09-23 08:00:00,2003,9,9,17818,52.68,HOEP (Legacy)
2003-09-23 09:00:00,2003,9,10,18135,49.16,HOEP (Legacy)
2003-09-23 10:00:00,2003,9,11,18173,58.53,HOEP (Legacy)
2003-09-23 11:00:00,2003,9,12,18147,62.07,HOEP (Legacy)
2003-09-23 12:00:00,2003,9,13,18099,69.16,HOEP (Legacy)
2003-09-23 13:00:00,2003,9,14,18004,47.0,HOEP (Legacy)
2003-09-23 14:00:00,2003,9,15,17979,44.85,HOEP (Legacy)
2003-09-23 15:00:00,2003,9,16,18100,37.18,HOEP (Legacy)
2003-09-23 16:00:00,2003,9,17,18050,37.22,HOEP (Legacy)
2003-09-23 17:00:00,2003,9,18,17607,35.18,HOEP (Legacy)
2003-09-23 18:00:00,2003,9,19,18068,35.82,HOEP (Legacy)
2003-09-23 19:00:00,2003,9,20,18258,36.36,HOEP (Legacy)
2003-09-23 20:00:00,2003,9,21,17308,41.31,HOEP (Legacy)
2003-09-23 21:00:00,2003,9,22,16128,32.44,HOEP (Legacy)
2003-09-23 22:00:00,2003,9,23,14866,27.9,HOEP (Legacy)
2003-09-23 23:00:00,2003,9,24,13945,24.83,HOEP (Legacy)
2003-09-24 00:00:00,2003,9,1,13335,23.43,HOEP (Legacy)
2003-09-24 01:00:00,2003,9,2,13042,22.43,HOEP (Legacy)
2003-09-24 02:00:00,2003,9,3,12853,19.13,HOEP (Legacy)
2003-09-24 03:00:00,2003,9,4,12954,17.21,HOEP (Legacy)
2003-09-24 04:00:00,2003,9,5,13406,20.75,HOEP (Legacy)
2003-09-24 05:00:00,2003,9,6,14877,30.57,HOEP (Legacy)
2003-09-24 06:00:00,2003,9,7,16471,35.47,HOEP (Legacy)
2003-09-24 07:00:00,2003,9,8,17231,49.44,HOEP (Legacy)
2003-09-24 08:00:00,2003,9,9,17617,52.88,HOEP (Legacy)
2003-09-24 09:00:00,2003,9,10,17899,63.48,HOEP (Legacy)
2003-09-24 10:00:00,2003,9,11,17946,63.8,HOEP (Legacy)
2003-09-24 11:00:00,2003,9,12,18066,38.75,HOEP (Legacy)
2003-09-24 12:00:00,2003,9,13,18129,43.33,HOEP (Legacy)
2003-09-24 13:00:00,2003,9,14,18057,36.4,HOEP (Legacy)
2003-09-24 14:00:00,2003,9,15,17901,40.69,HOEP (Legacy)
2003-09-24 15:00:00,2003,9,16,18164,59.84,HOEP (Legacy)
2003-09-24 16:00:00,2003,9,17,18357,101.9,HOEP (Legacy)
2003-09-24 17:00:00,2003,9,18,18131,342.68,HOEP (Legacy)
2003-09-24 18:00:00,2003,9,19,18164,89.08,HOEP (Legacy)
2003-09-24 19:00:00,2003,9,20,18301,79.49,HOEP (Legacy)
2003-09-24 20:00:00,2003,9,21,17708,66.99,HOEP (Legacy)
2003-09-24 21:00:00,2003,9,22,16528,38.52,HOEP (Legacy)
2003-09-24 22:00:00,2003,9,23,15204,38.28,HOEP (Legacy)
2003-09-24 23:00:00,2003,9,24,14248,35.66,HOEP (Legacy)
2003-09-25 00:00:00,2003,9,1,13756,31.32,HOEP (Legacy)
2003-09-25 01:00:00,2003,9,2,13488,31.28,HOEP (Legacy)
2003-09-25 02:00:00,2003,9,3,13269,25.71,HOEP (Legacy)
2003-09-25 03:00:00,2003,9,4,13249,25.79,HOEP (Legacy)
2003-09-25 04:00:00,2003,9,5,13675,28.69,HOEP (Legacy)
2003-09-25 05:00:00,2003,9,6,14864,32.47,HOEP (Legacy)
2003-09-25 06:00:00,2003,9,7,16709,46.29,HOEP (Legacy)
2003-09-25 07:00:00,2003,9,8,17245,69.97,HOEP (Legacy)
2003-09-25 08:00:00,2003,9,9,17512,58.89,HOEP (Legacy)
2003-09-25 09:00:00,2003,9,10,17738,41.91,HOEP (Legacy)
2003-09-25 10:00:00,2003,9,11,17797,36.28,HOEP (Legacy)
2003-09-25 11:00:00,2003,9,12,17717,75.3,HOEP (Legacy)
2003-09-25 12:00:00,2003,9,13,17723,64.38,HOEP (Legacy)
2003-09-25 13:00:00,2003,9,14,17709,49.75,HOEP (Legacy)
2003-09-25 14:00:00,2003,9,15,17644,59.05,HOEP (Legacy)
2003-09-25 15:00:00,2003,9,16,17794,59.68,HOEP (Legacy)
2003-09-25 16:00:00,2003,9,17,17795,37.17,HOEP (Legacy)
2003-09-25 17:00:00,2003,9,18,17488,36.72,HOEP (Legacy)
2003-09-25 18:00:00,2003,9,19,18102,43.57,HOEP (Legacy)
2003-09-25 19:00:00,2003,9,20,18250,58.1,HOEP (Legacy)
2003-09-25 20:00:00,2003,9,21,17388,35.61,HOEP (Legacy)
2003-09-25 21:00:00,2003,9,22,16218,34.61,HOEP (Legacy)
2003-09-25 22:00:00,2003,9,23,14992,33.18,HOEP (Legacy)
2003-09-25 23:00:00,2003,9,24,14051,34.08,HOEP (Legacy)
2003-09-26 00:00:00,2003,9,1,13577,34.86,HOEP (Legacy)
2003-09-26 01:00:00,2003,9,2,13291,30.09,HOEP (Legacy)
2003-09-26 02:00:00,2003,9,3,13193,33.33,HOEP (Legacy)
2003-09-26 03:00:00,2003,9,4,13242,31.99,HOEP (Legacy)
2003-09-26 04:00:00,2003,9,5,13674,32.8,HOEP (Legacy)
2003-09-26 05:00:00,2003,9,6,14936,40.47,HOEP (Legacy)
2003-09-26 06:00:00,2003,9,7,16659,42.95,HOEP (Legacy)
2003-09-26 07:00:00,2003,9,8,17343,45.08,HOEP (Legacy)
2003-09-26 08:00:00,2003,9,9,17723,86.26,HOEP (Legacy)
2003-09-26 09:00:00,2003,9,10,17832,55.35,HOEP (Legacy)
2003-09-26 10:00:00,2003,9,11,17796,53.69,HOEP (Legacy)
2003-09-26 11:00:00,2003,9,12,17827,61.99,HOEP (Legacy)
2003-09-26 12:00:00,2003,9,13,17845,60.11,HOEP (Legacy)
2003-09-26 13:00:00,2003,9,14,17724,78.14,HOEP (Legacy)
2003-09-26 14:00:00,2003,9,15,17602,77.38,HOEP (Legacy)
2003-09-26 15:00:00,2003,9,16,17593,65.09,HOEP (Legacy)
2003-09-26 16:00:00,2003,9,17,17438,47.62,HOEP (Legacy)
2003-09-26 17:00:00,2003,9,18,17198,36.81,HOEP (Legacy)
2003-09-26 18:00:00,2003,9,19,17764,39.31,HOEP (Legacy)
2003-09-26 19:00:00,2003,9,20,17959,71.81,HOEP (Legacy)
2003-09-26 20:00:00,2003,9,21,17040,45.41,HOEP (Legacy)
2003-09-26 21:00:00,2003,9,22,15951,34.41,HOEP (Legacy)
2003-09-26 22:00:00,2003,9,23,14628,34.19,HOEP (Legacy)
2003-09-26 23:00:00,2003,9,24,13716,30.54,HOEP (Legacy)
2003-09-27 00:00:00,2003,9,1,13252,35.12,HOEP (Legacy)
2003-09-27 01:00:00,2003,9,2,12948,35.35,HOEP (Legacy)
2003-09-27 02:00:00,2003,9,3,12786,35.15,HOEP (Legacy)
2003-09-27 03:00:00,2003,9,4,12816,35.31,HOEP (Legacy)
2003-09-27 04:00:00,2003,9,5,12884,40.3,HOEP (Legacy)
2003-09-27 05:00:00,2003,9,6,13386,38.7,HOEP (Legacy)
2003-09-27 06:00:00,2003,9,7,14288,62.83,HOEP (Legacy)
2003-09-27 07:00:00,2003,9,8,15385,88.74,HOEP (Legacy)
2003-09-27 08:00:00,2003,9,9,16185,69.46,HOEP (Legacy)
2003-09-27 09:00:00,2003,9,10,16731,70.67,HOEP (Legacy)
2003-09-27 10:00:00,2003,9,11,16795,71.12,HOEP (Legacy)
2003-09-27 11:00:00,2003,9,12,16794,67.94,HOEP (Legacy)
2003-09-27 12:00:00,2003,9,13,16399,43.25,HOEP (Legacy)
2003-09-27 13:00:00,2003,9,14,16143,40.48,HOEP (Legacy)
2003-09-27 14:00:00,2003,9,15,15759,36.51,HOEP (Legacy)
2003-09-27 15:00:00,2003,9,16,15849,36.6,HOEP (Legacy)
2003-09-27 16:00:00,2003,9,17,16045,44.98,HOEP (Legacy)
2003-09-27 17:00:00,2003,9,18,15818,37.51,HOEP (Legacy)
2003-09-27 18:00:00,2003,9,19,16181,54.85,HOEP (Legacy)
2003-09-27 19:00:00,2003,9,20,16090,51.97,HOEP (Legacy)
2003-09-27 20:00:00,2003,9,21,15544,35.41,HOEP (Legacy)
2003-09-27 21:00:00,2003,9,22,14787,34.72,HOEP (Legacy)
2003-09-27 22:00:00,2003,9,23,13956,34.9,HOEP (Legacy)
2003-09-27 23:00:00,2003,9,24,13096,32.2,HOEP (Legacy)
2003-09-28 00:00:00,2003,9,1,12647,34.23,HOEP (Legacy)
2003-09-28 01:00:00,2003,9,2,12355,34.95,HOEP (Legacy)
2003-09-28 02:00:00,2003,9,3,12129,34.95,HOEP (Legacy)
2003-09-28 03:00:00,2003,9,4,12065,31.52,HOEP (Legacy)
2003-09-28 04:00:00,2003,9,5,12146,35.17,HOEP (Legacy)
2003-09-28 05:00:00,2003,9,6,12447,32.4,HOEP (Legacy)
2003-09-28 06:00:00,2003,9,7,12794,28.93,HOEP (Legacy)
2003-09-28 07:00:00,2003,9,8,13654,34.33,HOEP (Legacy)
2003-09-28 08:00:00,2003,9,9,14724,37.15,HOEP (Legacy)
2003-09-28 09:00:00,2003,9,10,15137,40.22,HOEP (Legacy)
2003-09-28 10:00:00,2003,9,11,15441,37.95,HOEP (Legacy)
2003-09-28 11:00:00,2003,9,12,15505,37.99,HOEP (Legacy)
2003-09-28 12:00:00,2003,9,13,15412,38.24,HOEP (Legacy)
2003-09-28 13:00:00,2003,9,14,15240,36.68,HOEP (Legacy)
2003-09-28 14:00:00,2003,9,15,15249,37.18,HOEP (Legacy)
2003-09-28 15:00:00,2003,9,16,15549,38.34,HOEP (Legacy)
2003-09-28 16:00:00,2003,9,17,15661,37.64,HOEP (Legacy)
2003-09-28 17:00:00,2003,9,18,15587,37.23,HOEP (Legacy)
2003-09-28 18:00:00,2003,9,19,16445,58.16,HOEP (Legacy)
2003-09-28 19:00:00,2003,9,20,16461,49.68,HOEP (Legacy)
2003-09-28 20:00:00,2003,9,21,15941,35.99,HOEP (Legacy)
2003-09-28 21:00:00,2003,9,22,14968,32.88,HOEP (Legacy)
2003-09-28 22:00:00,2003,9,23,14058,29.79,HOEP (Legacy)
2003-09-28 23:00:00,2003,9,24,13269,23.7,HOEP (Legacy)
2003-09-29 00:00:00,2003,9,1,13020,24.68,HOEP (Legacy)
2003-09-29 01:00:00,2003,9,2,12966,23.18,HOEP (Legacy)
2003-09-29 02:00:00,2003,9,3,12892,25.07,HOEP (Legacy)
2003-09-29 03:00:00,2003,9,4,12955,27.88,HOEP (Legacy)
2003-09-29 04:00:00,2003,9,5,13394,26.97,HOEP (Legacy)
2003-09-29 05:00:00,2003,9,6,14809,35.6,HOEP (Legacy)
2003-09-29 06:00:00,2003,9,7,16732,53.16,HOEP (Legacy)
2003-09-29 07:00:00,2003,9,8,17389,36.87,HOEP (Legacy)
2003-09-29 08:00:00,2003,9,9,17810,42.93,HOEP (Legacy)
2003-09-29 09:00:00,2003,9,10,18050,74.08,HOEP (Legacy)
2003-09-29 10:00:00,2003,9,11,18053,68.91,HOEP (Legacy)
2003-09-29 11:00:00,2003,9,12,17834,36.78,HOEP (Legacy)
2003-09-29 12:00:00,2003,9,13,17871,37.6,HOEP (Legacy)
2003-09-29 13:00:00,2003,9,14,17730,37.31,HOEP (Legacy)
2003-09-29 14:00:00,2003,9,15,17667,37.06,HOEP (Legacy)
2003-09-29 15:00:00,2003,9,16,17912,36.96,HOEP (Legacy)
2003-09-29 16:00:00,2003,9,17,18029,36.63,HOEP (Legacy)
2003-09-29 17:00:00,2003,9,18,17825,36.45,HOEP (Legacy)
2003-09-29 18:00:00,2003,9,19,18388,38.69,HOEP (Legacy)
2003-09-29 19:00:00,2003,9,20,18459,41.48,HOEP (Legacy)
2003-09-29 20:00:00,2003,9,21,17639,36.58,HOEP (Legacy)
2003-09-29 21:00:00,2003,9,22,16375,35.88,HOEP (Legacy)
2003-09-29 22:00:00,2003,9,23,14998,33.37,HOEP (Legacy)
2003-09-29 23:00:00,2003,9,24,14050,28.24,HOEP (Legacy)
2003-09-30 00:00:00,2003,9,1,13501,25.54,HOEP (Legacy)
2003-09-30 01:00:00,2003,9,2,13161,24.34,HOEP (Legacy)
2003-09-30 02:00:00,2003,9,3,13198,23.48,HOEP (Legacy)
2003-09-30 03:00:00,2003,9,4,13274,23.71,HOEP (Legacy)
2003-09-30 04:00:00,2003,9,5,13692,23.48,HOEP (Legacy)
2003-09-30 05:00:00,2003,9,6,15119,32.61,HOEP (Legacy)
2003-09-30 06:00:00,2003,9,7,17057,36.14,HOEP (Legacy)
2003-09-30 07:00:00,2003,9,8,17615,38.22,HOEP (Legacy)
2003-09-30 08:00:00,2003,9,9,17775,37.0,HOEP (Legacy)
2003-09-30 09:00:00,2003,9,10,17915,37.01,HOEP (Legacy)
2003-09-30 10:00:00,2003,9,11,18031,36.63,HOEP (Legacy)
2003-09-30 11:00:00,2003,9,12,17749,36.91,HOEP (Legacy)
2003-09-30 12:00:00,2003,9,13,17523,36.32,HOEP (Legacy)
2003-09-30 13:00:00,2003,9,14,17404,35.87,HOEP (Legacy)
2003-09-30 14:00:00,2003,9,15,17391,35.34,HOEP (Legacy)
2003-09-30 15:00:00,2003,9,16,17792,37.57,HOEP (Legacy)
2003-09-30 16:00:00,2003,9,17,17937,36.45,HOEP (Legacy)
2003-09-30 17:00:00,2003,9,18,17813,36.29,HOEP (Legacy)
2003-09-30 18:00:00,2003,9,19,18449,33.44,HOEP (Legacy)
2003-09-30 19:00:00,2003,9,20,18411,32.06,HOEP (Legacy)
2003-09-30 20:00:00,2003,9,21,17487,30.2,HOEP (Legacy)
2003-09-30 21:00:00,2003,9,22,16255,28.99,HOEP (Legacy)
2003-09-30 22:00:00,2003,9,23,14983,28.88,HOEP (Legacy)
2003-09-30 23:00:00,2003,9,24,14147,26.97,HOEP (Legacy)
2003-10-01 00:00:00,2003,10,1,13531,25.44,HOEP (Legacy)
2003-10-01 01:00:00,2003,10,2,13346,24.74,HOEP (Legacy)
2003-10-01 02:00:00,2003,10,3,13191,24.73,HOEP (Legacy)
2003-10-01 03:00:00,2003,10,4,13363,24.9,HOEP (Legacy)
2003-10-01 04:00:00,2003,10,5,13995,26.75,HOEP (Legacy)
2003-10-01 05:00:00,2003,10,6,15339,28.93,HOEP (Legacy)
2003-10-01 06:00:00,2003,10,7,17086,30.37,HOEP (Legacy)
2003-10-01 07:00:00,2003,10,8,17580,33.18,HOEP (Legacy)
2003-10-01 08:00:00,2003,10,9,17637,31.75,HOEP (Legacy)
2003-10-01 09:00:00,2003,10,10,17635,29.97,HOEP (Legacy)
2003-10-01 10:00:00,2003,10,11,17780,30.33,HOEP (Legacy)
2003-10-01 11:00:00,2003,10,12,17689,29.98,HOEP (Legacy)
2003-10-01 12:00:00,2003,10,13,17704,56.32,HOEP (Legacy)
2003-10-01 13:00:00,2003,10,14,17646,41.03,HOEP (Legacy)
2003-10-01 14:00:00,2003,10,15,17447,30.63,HOEP (Legacy)
2003-10-01 15:00:00,2003,10,16,17829,30.23,HOEP (Legacy)
2003-10-01 16:00:00,2003,10,17,17983,30.94,HOEP (Legacy)
2003-10-01 17:00:00,2003,10,18,18118,32.6,HOEP (Legacy)
2003-10-01 18:00:00,2003,10,19,18959,78.59,HOEP (Legacy)
2003-10-01 19:00:00,2003,10,20,18828,75.53,HOEP (Legacy)
2003-10-01 20:00:00,2003,10,21,17898,33.57,HOEP (Legacy)
2003-10-01 21:00:00,2003,10,22,16665,30.77,HOEP (Legacy)
2003-10-01 22:00:00,2003,10,23,15349,29.06,HOEP (Legacy)
2003-10-01 23:00:00,2003,10,24,14493,28.38,HOEP (Legacy)
2003-10-02 00:00:00,2003,10,1,14038,29.1,HOEP (Legacy)
2003-10-02 01:00:00,2003,10,2,13814,28.36,HOEP (Legacy)
2003-10-02 02:00:00,2003,10,3,13680,27.96,HOEP (Legacy)
2003-10-02 03:00:00,2003,10,4,13755,27.9,HOEP (Legacy)
2003-10-02 04:00:00,2003,10,5,14298,27.58,HOEP (Legacy)
2003-10-02 05:00:00,2003,10,6,15925,45.39,HOEP (Legacy)
2003-10-02 06:00:00,2003,10,7,17628,71.94,HOEP (Legacy)
2003-10-02 07:00:00,2003,10,8,18113,131.52,HOEP (Legacy)
2003-10-02 08:00:00,2003,10,9,18262,153.99,HOEP (Legacy)
2003-10-02 09:00:00,2003,10,10,18483,299.97,HOEP (Legacy)
2003-10-02 10:00:00,2003,10,11,18304,92.23,HOEP (Legacy)
2003-10-02 11:00:00,2003,10,12,18133,71.73,HOEP (Legacy)
2003-10-02 12:00:00,2003,10,13,18002,41.95,HOEP (Legacy)
2003-10-02 13:00:00,2003,10,14,17770,31.04,HOEP (Legacy)
2003-10-02 14:00:00,2003,10,15,17733,30.8,HOEP (Legacy)
2003-10-02 15:00:00,2003,10,16,17944,30.98,HOEP (Legacy)
2003-10-02 16:00:00,2003,10,17,17918,30.42,HOEP (Legacy)
2003-10-02 17:00:00,2003,10,18,17835,29.97,HOEP (Legacy)
2003-10-02 18:00:00,2003,10,19,19062,32.43,HOEP (Legacy)
2003-10-02 19:00:00,2003,10,20,18970,57.18,HOEP (Legacy)
2003-10-02 20:00:00,2003,10,21,18123,57.71,HOEP (Legacy)
2003-10-02 21:00:00,2003,10,22,16930,49.34,HOEP (Legacy)
2003-10-02 22:00:00,2003,10,23,15933,33.11,HOEP (Legacy)
2003-10-02 23:00:00,2003,10,24,15064,30.24,HOEP (Legacy)
2003-10-03 00:00:00,2003,10,1,14574,29.82,HOEP (Legacy)
2003-10-03 01:00:00,2003,10,2,14193,29.54,HOEP (Legacy)
2003-10-03 02:00:00,2003,10,3,14022,29.46,HOEP (Legacy)
2003-10-03 03:00:00,2003,10,4,14189,29.77,HOEP (Legacy)
2003-10-03 04:00:00,2003,10,5,14509,30.14,HOEP (Legacy)
2003-10-03 05:00:00,2003,10,6,16087,43.97,HOEP (Legacy)
2003-10-03 06:00:00,2003,10,7,17889,71.27,HOEP (Legacy)
2003-10-03 07:00:00,2003,10,8,18506,72.76,HOEP (Legacy)
2003-10-03 08:00:00,2003,10,9,18440,72.69,HOEP (Legacy)
2003-10-03 09:00:00,2003,10,10,18485,71.85,HOEP (Legacy)
2003-10-03 10:00:00,2003,10,11,18552,74.55,HOEP (Legacy)
2003-10-03 11:00:00,2003,10,12,18362,72.34,HOEP (Legacy)
2003-10-03 12:00:00,2003,10,13,18310,70.6,HOEP (Legacy)
2003-10-03 13:00:00,2003,10,14,18100,68.23,HOEP (Legacy)
2003-10-03 14:00:00,2003,10,15,17996,67.46,HOEP (Legacy)
2003-10-03 15:00:00,2003,10,16,18198,68.99,HOEP (Legacy)
2003-10-03 16:00:00,2003,10,17,18226,60.82,HOEP (Legacy)
2003-10-03 17:00:00,2003,10,18,18272,45.07,HOEP (Legacy)
2003-10-03 18:00:00,2003,10,19,18933,68.29,HOEP (Legacy)
2003-10-03 19:00:00,2003,10,20,18497,62.57,HOEP (Legacy)
2003-10-03 20:00:00,2003,10,21,17707,53.19,HOEP (Legacy)
2003-10-03 21:00:00,2003,10,22,16738,32.29,HOEP (Legacy)
2003-10-03 22:00:00,2003,10,23,15438,31.18,HOEP (Legacy)
2003-10-03 23:00:00,2003,10,24,14327,29.56,HOEP (Legacy)
2003-10-04 00:00:00,2003,10,1,13797,29.99,HOEP (Legacy)
2003-10-04 01:00:00,2003,10,2,13475,29.61,HOEP (Legacy)
2003-10-04 02:00:00,2003,10,3,13273,29.15,HOEP (Legacy)
2003-10-04 03:00:00,2003,10,4,13184,28.8,HOEP (Legacy)
2003-10-04 04:00:00,2003,10,5,13382,29.07,HOEP (Legacy)
2003-10-04 05:00:00,2003,10,6,13960,29.82,HOEP (Legacy)
2003-10-04 06:00:00,2003,10,7,14645,34.72,HOEP (Legacy)
2003-10-04 07:00:00,2003,10,8,15785,36.83,HOEP (Legacy)
2003-10-04 08:00:00,2003,10,9,16655,62.86,HOEP (Legacy)
2003-10-04 09:00:00,2003,10,10,16857,66.28,HOEP (Legacy)
2003-10-04 10:00:00,2003,10,11,16889,71.57,HOEP (Legacy)
2003-10-04 11:00:00,2003,10,12,16641,41.71,HOEP (Legacy)
2003-10-04 12:00:00,2003,10,13,16278,30.79,HOEP (Legacy)
2003-10-04 13:00:00,2003,10,14,16070,31.16,HOEP (Legacy)
2003-10-04 14:00:00,2003,10,15,15364,30.22,HOEP (Legacy)
2003-10-04 15:00:00,2003,10,16,15965,30.87,HOEP (Legacy)
2003-10-04 16:00:00,2003,10,17,16054,30.67,HOEP (Legacy)
2003-10-04 17:00:00,2003,10,18,16117,30.35,HOEP (Legacy)
2003-10-04 18:00:00,2003,10,19,16978,33.8,HOEP (Legacy)
2003-10-04 19:00:00,2003,10,20,16645,40.52,HOEP (Legacy)
2003-10-04 20:00:00,2003,10,21,16264,30.69,HOEP (Legacy)
2003-10-04 21:00:00,2003,10,22,15768,37.51,HOEP (Legacy)
2003-10-04 22:00:00,2003,10,23,14706,31.7,HOEP (Legacy)
2003-10-04 23:00:00,2003,10,24,13914,29.99,HOEP (Legacy)
2003-10-05 00:00:00,2003,10,1,13573,29.35,HOEP (Legacy)
2003-10-05 01:00:00,2003,10,2,13274,29.86,HOEP (Legacy)
2003-10-05 02:00:00,2003,10,3,13089,29.83,HOEP (Legacy)
2003-10-05 03:00:00,2003,10,4,13116,30.15,HOEP (Legacy)
2003-10-05 04:00:00,2003,10,5,13222,30.29,HOEP (Legacy)
2003-10-05 05:00:00,2003,10,6,13536,33.07,HOEP (Legacy)
2003-10-05 06:00:00,2003,10,7,14054,30.31,HOEP (Legacy)
2003-10-05 07:00:00,2003,10,8,14713,33.29,HOEP (Legacy)
2003-10-05 08:00:00,2003,10,9,15615,39.14,HOEP (Legacy)
2003-10-05 09:00:00,2003,10,10,16122,74.9,HOEP (Legacy)
2003-10-05 10:00:00,2003,10,11,16219,74.62,HOEP (Legacy)
2003-10-05 11:00:00,2003,10,12,16092,73.62,HOEP (Legacy)
2003-10-05 12:00:00,2003,10,13,15959,70.54,HOEP (Legacy)
2003-10-05 13:00:00,2003,10,14,15895,72.36,HOEP (Legacy)
2003-10-05 14:00:00,2003,10,15,15837,63.85,HOEP (Legacy)
2003-10-05 15:00:00,2003,10,16,16133,72.86,HOEP (Legacy)
2003-10-05 16:00:00,2003,10,17,16495,76.8,HOEP (Legacy)
2003-10-05 17:00:00,2003,10,18,16471,75.1,HOEP (Legacy)
2003-10-05 18:00:00,2003,10,19,17220,74.39,HOEP (Legacy)
2003-10-05 19:00:00,2003,10,20,17130,74.29,HOEP (Legacy)
2003-10-05 20:00:00,2003,10,21,16538,62.14,HOEP (Legacy)
2003-10-05 21:00:00,2003,10,22,15733,54.61,HOEP (Legacy)
2003-10-05 22:00:00,2003,10,23,14772,31.06,HOEP (Legacy)
2003-10-05 23:00:00,2003,10,24,14040,30.62,HOEP (Legacy)
2003-10-06 00:00:00,2003,10,1,13779,30.38,HOEP (Legacy)
2003-10-06 01:00:00,2003,10,2,13677,32.09,HOEP (Legacy)
2003-10-06 02:00:00,2003,10,3,13643,33.83,HOEP (Legacy)
2003-10-06 03:00:00,2003,10,4,13767,37.09,HOEP (Legacy)
2003-10-06 04:00:00,2003,10,5,14358,36.98,HOEP (Legacy)
2003-10-06 05:00:00,2003,10,6,15834,58.18,HOEP (Legacy)
2003-10-06 06:00:00,2003,10,7,17746,78.15,HOEP (Legacy)
2003-10-06 07:00:00,2003,10,8,18282,75.84,HOEP (Legacy)
2003-10-06 08:00:00,2003,10,9,18342,71.32,HOEP (Legacy)
2003-10-06 09:00:00,2003,10,10,18319,71.46,HOEP (Legacy)
2003-10-06 10:00:00,2003,10,11,18322,70.12,HOEP (Legacy)
2003-10-06 11:00:00,2003,10,12,18185,70.33,HOEP (Legacy)
2003-10-06 12:00:00,2003,10,13,18024,69.29,HOEP (Legacy)
2003-10-06 13:00:00,2003,10,14,17874,69.95,HOEP (Legacy)
2003-10-06 14:00:00,2003,10,15,17799,69.42,HOEP (Legacy)
2003-10-06 15:00:00,2003,10,16,18007,69.88,HOEP (Legacy)
2003-10-06 16:00:00,2003,10,17,18058,70.27,HOEP (Legacy)
2003-10-06 17:00:00,2003,10,18,18044,70.15,HOEP (Legacy)
2003-10-06 18:00:00,2003,10,19,18947,72.95,HOEP (Legacy)
2003-10-06 19:00:00,2003,10,20,18720,69.66,HOEP (Legacy)
2003-10-06 20:00:00,2003,10,21,18001,57.69,HOEP (Legacy)
2003-10-06 21:00:00,2003,10,22,16808,45.32,HOEP (Legacy)
2003-10-06 22:00:00,2003,10,23,15596,31.47,HOEP (Legacy)
2003-10-06 23:00:00,2003,10,24,14768,30.88,HOEP (Legacy)
2003-10-07 00:00:00,2003,10,1,14278,31.42,HOEP (Legacy)
2003-10-07 01:00:00,2003,10,2,14096,30.53,HOEP (Legacy)
2003-10-07 02:00:00,2003,10,3,13875,30.34,HOEP (Legacy)
2003-10-07 03:00:00,2003,10,4,13904,31.02,HOEP (Legacy)
2003-10-07 04:00:00,2003,10,5,14547,32.09,HOEP (Legacy)
2003-10-07 05:00:00,2003,10,6,15954,49.13,HOEP (Legacy)
2003-10-07 06:00:00,2003,10,7,17590,64.59,HOEP (Legacy)
2003-10-07 07:00:00,2003,10,8,18054,69.04,HOEP (Legacy)
2003-10-07 08:00:00,2003,10,9,18174,58.67,HOEP (Legacy)
2003-10-07 09:00:00,2003,10,10,18162,69.75,HOEP (Legacy)
2003-10-07 10:00:00,2003,10,11,18113,68.95,HOEP (Legacy)
2003-10-07 11:00:00,2003,10,12,17873,68.8,HOEP (Legacy)
2003-10-07 12:00:00,2003,10,13,17839,58.36,HOEP (Legacy)
2003-10-07 13:00:00,2003,10,14,17649,44.43,HOEP (Legacy)
2003-10-07 14:00:00,2003,10,15,17640,30.52,HOEP (Legacy)
2003-10-07 15:00:00,2003,10,16,17826,49.81,HOEP (Legacy)
2003-10-07 16:00:00,2003,10,17,17857,67.03,HOEP (Legacy)
2003-10-07 17:00:00,2003,10,18,17777,71.1,HOEP (Legacy)
2003-10-07 18:00:00,2003,10,19,18672,74.75,HOEP (Legacy)
2003-10-07 19:00:00,2003,10,20,18445,71.64,HOEP (Legacy)
2003-10-07 20:00:00,2003,10,21,17665,54.32,HOEP (Legacy)
2003-10-07 21:00:00,2003,10,22,16408,38.14,HOEP (Legacy)
2003-10-07 22:00:00,2003,10,23,15093,32.03,HOEP (Legacy)
2003-10-07 23:00:00,2003,10,24,14218,36.72,HOEP (Legacy)
2003-10-08 00:00:00,2003,10,1,13817,44.23,HOEP (Legacy)
2003-10-08 01:00:00,2003,10,2,13563,45.67,HOEP (Legacy)
2003-10-08 02:00:00,2003,10,3,13426,42.1,HOEP (Legacy)
2003-10-08 03:00:00,2003,10,4,13455,47.7,HOEP (Legacy)
2003-10-08 04:00:00,2003,10,5,14015,41.1,HOEP (Legacy)
2003-10-08 05:00:00,2003,10,6,15517,55.96,HOEP (Legacy)
2003-10-08 06:00:00,2003,10,7,17219,77.26,HOEP (Legacy)
2003-10-08 07:00:00,2003,10,8,17659,76.54,HOEP (Legacy)
2003-10-08 08:00:00,2003,10,9,17674,53.44,HOEP (Legacy)
2003-10-08 09:00:00,2003,10,10,17843,52.55,HOEP (Legacy)
2003-10-08 10:00:00,2003,10,11,18003,32.96,HOEP (Legacy)
2003-10-08 11:00:00,2003,10,12,17883,73.71,HOEP (Legacy)
2003-10-08 12:00:00,2003,10,13,18023,77.03,HOEP (Legacy)
2003-10-08 13:00:00,2003,10,14,18024,82.54,HOEP (Legacy)
2003-10-08 14:00:00,2003,10,15,18063,81.82,HOEP (Legacy)
2003-10-08 15:00:00,2003,10,16,18281,87.92,HOEP (Legacy)
2003-10-08 16:00:00,2003,10,17,18216,80.26,HOEP (Legacy)
2003-10-08 17:00:00,2003,10,18,18148,82.06,HOEP (Legacy)
2003-10-08 18:00:00,2003,10,19,18911,84.69,HOEP (Legacy)
2003-10-08 19:00:00,2003,10,20,18649,85.78,HOEP (Legacy)
2003-10-08 20:00:00,2003,10,21,17552,77.9,HOEP (Legacy)
2003-10-08 21:00:00,2003,10,22,16458,69.53,HOEP (Legacy)
2003-10-08 22:00:00,2003,10,23,15134,50.04,HOEP (Legacy)
2003-10-08 23:00:00,2003,10,24,14048,30.8,HOEP (Legacy)
2003-10-09 00:00:00,2003,10,1,13573,38.8,HOEP (Legacy)
2003-10-09 01:00:00,2003,10,2,13277,31.4,HOEP (Legacy)
2003-10-09 02:00:00,2003,10,3,13126,33.2,HOEP (Legacy)
2003-10-09 03:00:00,2003,10,4,13182,31.44,HOEP (Legacy)
2003-10-09 04:00:00,2003,10,5,13651,35.33,HOEP (Legacy)
2003-10-09 05:00:00,2003,10,6,15032,52.97,HOEP (Legacy)
2003-10-09 06:00:00,2003,10,7,16779,77.47,HOEP (Legacy)
2003-10-09 07:00:00,2003,10,8,17334,77.97,HOEP (Legacy)
2003-10-09 08:00:00,2003,10,9,17626,81.55,HOEP (Legacy)
2003-10-09 09:00:00,2003,10,10,17940,85.0,HOEP (Legacy)
2003-10-09 10:00:00,2003,10,11,18210,81.6,HOEP (Legacy)
2003-10-09 11:00:00,2003,10,12,18289,81.06,HOEP (Legacy)
2003-10-09 12:00:00,2003,10,13,18337,82.3,HOEP (Legacy)
2003-10-09 13:00:00,2003,10,14,18243,86.64,HOEP (Legacy)
2003-10-09 14:00:00,2003,10,15,18155,85.03,HOEP (Legacy)
2003-10-09 15:00:00,2003,10,16,18338,81.44,HOEP (Legacy)
2003-10-09 16:00:00,2003,10,17,18277,78.43,HOEP (Legacy)
2003-10-09 17:00:00,2003,10,18,18265,79.08,HOEP (Legacy)
2003-10-09 18:00:00,2003,10,19,19033,85.63,HOEP (Legacy)
2003-10-09 19:00:00,2003,10,20,18646,87.63,HOEP (Legacy)
2003-10-09 20:00:00,2003,10,21,17896,87.31,HOEP (Legacy)
2003-10-09 21:00:00,2003,10,22,16646,72.75,HOEP (Legacy)
2003-10-09 22:00:00,2003,10,23,15240,51.17,HOEP (Legacy)
2003-10-09 23:00:00,2003,10,24,14280,42.9,HOEP (Legacy)
2003-10-10 00:00:00,2003,10,1,13724,55.57,HOEP (Legacy)
2003-10-10 01:00:00,2003,10,2,13412,50.54,HOEP (Legacy)
2003-10-10 02:00:00,2003,10,3,13376,56.04,HOEP (Legacy)
2003-10-10 03:00:00,2003,10,4,13394,56.23,HOEP (Legacy)
2003-10-10 04:00:00,2003,10,5,13860,57.31,HOEP (Legacy)
2003-10-10 05:00:00,2003,10,6,15186,58.74,HOEP (Legacy)
2003-10-10 06:00:00,2003,10,7,16859,79.28,HOEP (Legacy)
2003-10-10 07:00:00,2003,10,8,17476,78.73,HOEP (Legacy)
2003-10-10 08:00:00,2003,10,9,17795,78.26,HOEP (Legacy)
2003-10-10 09:00:00,2003,10,10,17979,86.45,HOEP (Legacy)
2003-10-10 10:00:00,2003,10,11,18251,86.57,HOEP (Legacy)
2003-10-10 11:00:00,2003,10,12,18260,88.57,HOEP (Legacy)
2003-10-10 12:00:00,2003,10,13,18336,84.46,HOEP (Legacy)
2003-10-10 13:00:00,2003,10,14,18195,85.84,HOEP (Legacy)
2003-10-10 14:00:00,2003,10,15,18139,81.3,HOEP (Legacy)
2003-10-10 15:00:00,2003,10,16,18079,80.91,HOEP (Legacy)
2003-10-10 16:00:00,2003,10,17,17824,78.98,HOEP (Legacy)
2003-10-10 17:00:00,2003,10,18,17718,78.4,HOEP (Legacy)
2003-10-10 18:00:00,2003,10,19,18321,82.07,HOEP (Legacy)
2003-10-10 19:00:00,2003,10,20,17888,78.98,HOEP (Legacy)
2003-10-10 20:00:00,2003,10,21,17051,65.94,HOEP (Legacy)
2003-10-10 21:00:00,2003,10,22,16007,54.82,HOEP (Legacy)
2003-10-10 22:00:00,2003,10,23,14798,71.06,HOEP (Legacy)
2003-10-10 23:00:00,2003,10,24,13761,46.06,HOEP (Legacy)
2003-10-11 00:00:00,2003,10,1,13185,63.11,HOEP (Legacy)
2003-10-11 01:00:00,2003,10,2,12820,57.1,HOEP (Legacy)
2003-10-11 02:00:00,2003,10,3,12567,38.42,HOEP (Legacy)
2003-10-11 03:00:00,2003,10,4,12504,55.91,HOEP (Legacy)
2003-10-11 04:00:00,2003,10,5,12627,33.35,HOEP (Legacy)
2003-10-11 05:00:00,2003,10,6,13064,42.65,HOEP (Legacy)
2003-10-11 06:00:00,2003,10,7,13867,64.51,HOEP (Legacy)
2003-10-11 07:00:00,2003,10,8,14734,66.01,HOEP (Legacy)
2003-10-11 08:00:00,2003,10,9,15607,65.92,HOEP (Legacy)
2003-10-11 09:00:00,2003,10,10,16004,83.68,HOEP (Legacy)
2003-10-11 10:00:00,2003,10,11,16214,85.45,HOEP (Legacy)
2003-10-11 11:00:00,2003,10,12,16175,77.99,HOEP (Legacy)
2003-10-11 12:00:00,2003,10,13,15961,77.12,HOEP (Legacy)
2003-10-11 13:00:00,2003,10,14,15937,82.12,HOEP (Legacy)
2003-10-11 14:00:00,2003,10,15,15698,81.68,HOEP (Legacy)
2003-10-11 15:00:00,2003,10,16,15762,80.88,HOEP (Legacy)
2003-10-11 16:00:00,2003,10,17,15831,75.49,HOEP (Legacy)
2003-10-11 17:00:00,2003,10,18,15804,62.88,HOEP (Legacy)
2003-10-11 18:00:00,2003,10,19,16352,81.25,HOEP (Legacy)
2003-10-11 19:00:00,2003,10,20,16007,53.43,HOEP (Legacy)
2003-10-11 20:00:00,2003,10,21,15548,55.29,HOEP (Legacy)
2003-10-11 21:00:00,2003,10,22,14779,47.68,HOEP (Legacy)
2003-10-11 22:00:00,2003,10,23,13871,70.83,HOEP (Legacy)
2003-10-11 23:00:00,2003,10,24,13071,47.19,HOEP (Legacy)
2003-10-12 00:00:00,2003,10,1,12494,45.54,HOEP (Legacy)
2003-10-12 01:00:00,2003,10,2,12257,35.94,HOEP (Legacy)
2003-10-12 02:00:00,2003,10,3,12092,32.67,HOEP (Legacy)
2003-10-12 03:00:00,2003,10,4,11985,31.59,HOEP (Legacy)
2003-10-12 04:00:00,2003,10,5,12021,31.27,HOEP (Legacy)
2003-10-12 05:00:00,2003,10,6,12322,30.59,HOEP (Legacy)
2003-10-12 06:00:00,2003,10,7,12885,30.76,HOEP (Legacy)
2003-10-12 07:00:00,2003,10,8,13885,38.55,HOEP (Legacy)
2003-10-12 08:00:00,2003,10,9,14819,60.36,HOEP (Legacy)
2003-10-12 09:00:00,2003,10,10,15440,85.01,HOEP (Legacy)
2003-10-12 10:00:00,2003,10,11,15739,90.08,HOEP (Legacy)
2003-10-12 11:00:00,2003,10,12,15819,80.96,HOEP (Legacy)
2003-10-12 12:00:00,2003,10,13,15760,76.39,HOEP (Legacy)
2003-10-12 13:00:00,2003,10,14,15442,72.88,HOEP (Legacy)
2003-10-12 14:00:00,2003,10,15,15372,68.19,HOEP (Legacy)
2003-10-12 15:00:00,2003,10,16,15413,70.48,HOEP (Legacy)
2003-10-12 16:00:00,2003,10,17,15176,56.71,HOEP (Legacy)
2003-10-12 17:00:00,2003,10,18,14894,34.47,HOEP (Legacy)
2003-10-12 18:00:00,2003,10,19,15438,47.0,HOEP (Legacy)
2003-10-12 19:00:00,2003,10,20,15265,51.91,HOEP (Legacy)
2003-10-12 20:00:00,2003,10,21,14793,30.36,HOEP (Legacy)
2003-10-12 21:00:00,2003,10,22,14199,30.46,HOEP (Legacy)
2003-10-12 22:00:00,2003,10,23,13489,30.15,HOEP (Legacy)
2003-10-12 23:00:00,2003,10,24,12779,29.42,HOEP (Legacy)
2003-10-13 00:00:00,2003,10,1,12402,29.41,HOEP (Legacy)
2003-10-13 01:00:00,2003,10,2,12145,29.06,HOEP (Legacy)
2003-10-13 02:00:00,2003,10,3,12000,28.75,HOEP (Legacy)
2003-10-13 03:00:00,2003,10,4,11941,28.58,HOEP (Legacy)
2003-10-13 04:00:00,2003,10,5,12090,28.97,HOEP (Legacy)
2003-10-13 05:00:00,2003,10,6,12409,29.32,HOEP (Legacy)
2003-10-13 06:00:00,2003,10,7,12733,28.79,HOEP (Legacy)
2003-10-13 07:00:00,2003,10,8,13474,32.01,HOEP (Legacy)
2003-10-13 08:00:00,2003,10,9,14458,35.58,HOEP (Legacy)
2003-10-13 09:00:00,2003,10,10,15183,54.92,HOEP (Legacy)
2003-10-13 10:00:00,2003,10,11,15547,58.63,HOEP (Legacy)
2003-10-13 11:00:00,2003,10,12,15552,46.17,HOEP (Legacy)
2003-10-13 12:00:00,2003,10,13,15232,39.82,HOEP (Legacy)
2003-10-13 13:00:00,2003,10,14,15041,36.45,HOEP (Legacy)
2003-10-13 14:00:00,2003,10,15,14973,32.62,HOEP (Legacy)
2003-10-13 15:00:00,2003,10,16,14978,36.09,HOEP (Legacy)
2003-10-13 16:00:00,2003,10,17,15096,31.29,HOEP (Legacy)
2003-10-13 17:00:00,2003,10,18,15236,33.81,HOEP (Legacy)
2003-10-13 18:00:00,2003,10,19,16299,47.22,HOEP (Legacy)
2003-10-13 19:00:00,2003,10,20,16033,35.87,HOEP (Legacy)
2003-10-13 20:00:00,2003,10,21,15606,33.28,HOEP (Legacy)
2003-10-13 21:00:00,2003,10,22,14744,30.17,HOEP (Legacy)
2003-10-13 22:00:00,2003,10,23,13748,28.59,HOEP (Legacy)
2003-10-13 23:00:00,2003,10,24,13038,28.08,HOEP (Legacy)
2003-10-14 00:00:00,2003,10,1,12773,28.66,HOEP (Legacy)
2003-10-14 01:00:00,2003,10,2,12585,28.21,HOEP (Legacy)
2003-10-14 02:00:00,2003,10,3,12596,28.39,HOEP (Legacy)
2003-10-14 03:00:00,2003,10,4,12728,28.01,HOEP (Legacy)
2003-10-14 04:00:00,2003,10,5,13307,28.86,HOEP (Legacy)
2003-10-14 05:00:00,2003,10,6,14790,32.95,HOEP (Legacy)
2003-10-14 06:00:00,2003,10,7,16877,68.92,HOEP (Legacy)
2003-10-14 07:00:00,2003,10,8,17389,56.69,HOEP (Legacy)
2003-10-14 08:00:00,2003,10,9,17598,74.2,HOEP (Legacy)
2003-10-14 09:00:00,2003,10,10,17714,79.98,HOEP (Legacy)
2003-10-14 10:00:00,2003,10,11,17798,72.42,HOEP (Legacy)
2003-10-14 11:00:00,2003,10,12,17863,71.85,HOEP (Legacy)
2003-10-14 12:00:00,2003,10,13,17869,73.77,HOEP (Legacy)
2003-10-14 13:00:00,2003,10,14,17788,72.55,HOEP (Legacy)
2003-10-14 14:00:00,2003,10,15,17869,73.51,HOEP (Legacy)
2003-10-14 15:00:00,2003,10,16,18419,87.48,HOEP (Legacy)
2003-10-14 16:00:00,2003,10,17,18726,98.49,HOEP (Legacy)
2003-10-14 17:00:00,2003,10,18,19194,160.33,HOEP (Legacy)
2003-10-14 18:00:00,2003,10,19,19339,95.91,HOEP (Legacy)
2003-10-14 19:00:00,2003,10,20,18530,78.46,HOEP (Legacy)
2003-10-14 20:00:00,2003,10,21,17662,41.21,HOEP (Legacy)
2003-10-14 21:00:00,2003,10,22,16503,29.81,HOEP (Legacy)
2003-10-14 22:00:00,2003,10,23,15204,29.49,HOEP (Legacy)
2003-10-14 23:00:00,2003,10,24,14263,34.21,HOEP (Legacy)
2003-10-15 00:00:00,2003,10,1,13859,30.27,HOEP (Legacy)
2003-10-15 01:00:00,2003,10,2,13474,29.65,HOEP (Legacy)
2003-10-15 02:00:00,2003,10,3,13370,29.35,HOEP (Legacy)
2003-10-15 03:00:00,2003,10,4,13413,29.66,HOEP (Legacy)
2003-10-15 04:00:00,2003,10,5,13936,29.17,HOEP (Legacy)
2003-10-15 05:00:00,2003,10,6,15224,44.51,HOEP (Legacy)
2003-10-15 06:00:00,2003,10,7,17188,63.35,HOEP (Legacy)
2003-10-15 07:00:00,2003,10,8,17897,55.33,HOEP (Legacy)
2003-10-15 08:00:00,2003,10,9,18002,34.35,HOEP (Legacy)
2003-10-15 09:00:00,2003,10,10,18127,52.96,HOEP (Legacy)
2003-10-15 10:00:00,2003,10,11,17929,62.87,HOEP (Legacy)
2003-10-15 11:00:00,2003,10,12,17793,62.87,HOEP (Legacy)
2003-10-15 12:00:00,2003,10,13,17650,62.87,HOEP (Legacy)
2003-10-15 13:00:00,2003,10,14,17724,62.87,HOEP (Legacy)
2003-10-15 14:00:00,2003,10,15,17688,55.32,HOEP (Legacy)
2003-10-15 15:00:00,2003,10,16,17980,61.32,HOEP (Legacy)
2003-10-15 16:00:00,2003,10,17,18176,66.44,HOEP (Legacy)
2003-10-15 17:00:00,2003,10,18,18352,65.89,HOEP (Legacy)
2003-10-15 18:00:00,2003,10,19,19037,81.22,HOEP (Legacy)
2003-10-15 19:00:00,2003,10,20,18648,77.97,HOEP (Legacy)
2003-10-15 20:00:00,2003,10,21,17804,51.92,HOEP (Legacy)
2003-10-15 21:00:00,2003,10,22,16547,31.17,HOEP (Legacy)
2003-10-15 22:00:00,2003,10,23,15237,29.08,HOEP (Legacy)
2003-10-15 23:00:00,2003,10,24,14254,29.01,HOEP (Legacy)
2003-10-16 00:00:00,2003,10,1,13805,29.54,HOEP (Legacy)
2003-10-16 01:00:00,2003,10,2,13628,29.39,HOEP (Legacy)
2003-10-16 02:00:00,2003,10,3,13447,29.13,HOEP (Legacy)
2003-10-16 03:00:00,2003,10,4,13601,29.36,HOEP (Legacy)
2003-10-16 04:00:00,2003,10,5,13946,29.17,HOEP (Legacy)
2003-10-16 05:00:00,2003,10,6,15481,32.92,HOEP (Legacy)
2003-10-16 06:00:00,2003,10,7,17332,67.21,HOEP (Legacy)
2003-10-16 07:00:00,2003,10,8,17828,68.03,HOEP (Legacy)
2003-10-16 08:00:00,2003,10,9,17874,68.03,HOEP (Legacy)
2003-10-16 09:00:00,2003,10,10,18005,69.2,HOEP (Legacy)
2003-10-16 10:00:00,2003,10,11,17991,68.27,HOEP (Legacy)
2003-10-16 11:00:00,2003,10,12,17891,68.03,HOEP (Legacy)
2003-10-16 12:00:00,2003,10,13,17878,58.41,HOEP (Legacy)
2003-10-16 13:00:00,2003,10,14,17743,56.16,HOEP (Legacy)
2003-10-16 14:00:00,2003,10,15,17626,68.03,HOEP (Legacy)
2003-10-16 15:00:00,2003,10,16,18009,62.07,HOEP (Legacy)
2003-10-16 16:00:00,2003,10,17,18175,54.33,HOEP (Legacy)
2003-10-16 17:00:00,2003,10,18,18635,86.99,HOEP (Legacy)
2003-10-16 18:00:00,2003,10,19,19118,82.46,HOEP (Legacy)
2003-10-16 19:00:00,2003,10,20,18710,71.17,HOEP (Legacy)
2003-10-16 20:00:00,2003,10,21,17904,63.89,HOEP (Legacy)
2003-10-16 21:00:00,2003,10,22,16739,40.24,HOEP (Legacy)
2003-10-16 22:00:00,2003,10,23,15563,36.84,HOEP (Legacy)
2003-10-16 23:00:00,2003,10,24,14605,29.51,HOEP (Legacy)
2003-10-17 00:00:00,2003,10,1,14096,33.56,HOEP (Legacy)
2003-10-17 01:00:00,2003,10,2,13824,32.09,HOEP (Legacy)
2003-10-17 02:00:00,2003,10,3,13652,31.69,HOEP (Legacy)
2003-10-17 03:00:00,2003,10,4,13805,30.88,HOEP (Legacy)
2003-10-17 04:00:00,2003,10,5,14236,35.81,HOEP (Legacy)
2003-10-17 05:00:00,2003,10,6,15649,79.58,HOEP (Legacy)
2003-10-17 06:00:00,2003,10,7,17485,83.93,HOEP (Legacy)
2003-10-17 07:00:00,2003,10,8,18060,81.17,HOEP (Legacy)
2003-10-17 08:00:00,2003,10,9,18077,79.34,HOEP (Legacy)
2003-10-17 09:00:00,2003,10,10,18148,81.61,HOEP (Legacy)
2003-10-17 10:00:00,2003,10,11,18108,80.13,HOEP (Legacy)
2003-10-17 11:00:00,2003,10,12,18045,77.92,HOEP (Legacy)
2003-10-17 12:00:00,2003,10,13,17941,78.79,HOEP (Legacy)
2003-10-17 13:00:00,2003,10,14,17751,76.45,HOEP (Legacy)
2003-10-17 14:00:00,2003,10,15,17661,76.41,HOEP (Legacy)
2003-10-17 15:00:00,2003,10,16,17784,77.04,HOEP (Legacy)
2003-10-17 16:00:00,2003,10,17,17895,70.06,HOEP (Legacy)
2003-10-17 17:00:00,2003,10,18,18252,75.47,HOEP (Legacy)
2003-10-17 18:00:00,2003,10,19,18714,81.47,HOEP (Legacy)
2003-10-17 19:00:00,2003,10,20,18306,72.1,HOEP (Legacy)
2003-10-17 20:00:00,2003,10,21,17621,47.49,HOEP (Legacy)
2003-10-17 21:00:00,2003,10,22,16519,32.07,HOEP (Legacy)
2003-10-17 22:00:00,2003,10,23,15229,29.96,HOEP (Legacy)
2003-10-17 23:00:00,2003,10,24,14170,29.27,HOEP (Legacy)
2003-10-18 00:00:00,2003,10,1,13654,29.8,HOEP (Legacy)
2003-10-18 01:00:00,2003,10,2,13321,29.29,HOEP (Legacy)
2003-10-18 02:00:00,2003,10,3,13146,32.95,HOEP (Legacy)
2003-10-18 03:00:00,2003,10,4,13122,32.04,HOEP (Legacy)
2003-10-18 04:00:00,2003,10,5,13351,38.36,HOEP (Legacy)
2003-10-18 05:00:00,2003,10,6,13954,62.17,HOEP (Legacy)
2003-10-18 06:00:00,2003,10,7,14779,71.16,HOEP (Legacy)
2003-10-18 07:00:00,2003,10,8,15658,69.18,HOEP (Legacy)
2003-10-18 08:00:00,2003,10,9,16419,73.83,HOEP (Legacy)
2003-10-18 09:00:00,2003,10,10,16567,71.68,HOEP (Legacy)
2003-10-18 10:00:00,2003,10,11,16660,38.97,HOEP (Legacy)
2003-10-18 11:00:00,2003,10,12,16570,66.88,HOEP (Legacy)
2003-10-18 12:00:00,2003,10,13,16404,73.4,HOEP (Legacy)
2003-10-18 13:00:00,2003,10,14,16231,70.69,HOEP (Legacy)
2003-10-18 14:00:00,2003,10,15,16103,67.6,HOEP (Legacy)
2003-10-18 15:00:00,2003,10,16,16171,80.0,HOEP (Legacy)
2003-10-18 16:00:00,2003,10,17,16549,76.01,HOEP (Legacy)
2003-10-18 17:00:00,2003,10,18,16961,71.98,HOEP (Legacy)
2003-10-18 18:00:00,2003,10,19,17095,56.3,HOEP (Legacy)
2003-10-18 19:00:00,2003,10,20,16622,57.34,HOEP (Legacy)
2003-10-18 20:00:00,2003,10,21,16319,71.43,HOEP (Legacy)
2003-10-18 21:00:00,2003,10,22,15444,60.18,HOEP (Legacy)
2003-10-18 22:00:00,2003,10,23,14499,51.99,HOEP (Legacy)
2003-10-18 23:00:00,2003,10,24,13669,30.22,HOEP (Legacy)
2003-10-19 00:00:00,2003,10,1,13357,38.09,HOEP (Legacy)
2003-10-19 01:00:00,2003,10,2,12931,36.02,HOEP (Legacy)
2003-10-19 02:00:00,2003,10,3,12766,33.06,HOEP (Legacy)
2003-10-19 03:00:00,2003,10,4,12703,32.73,HOEP (Legacy)
2003-10-19 04:00:00,2003,10,5,12728,31.52,HOEP (Legacy)
2003-10-19 05:00:00,2003,10,6,13239,58.35,HOEP (Legacy)
2003-10-19 06:00:00,2003,10,7,13674,32.71,HOEP (Legacy)
2003-10-19 07:00:00,2003,10,8,14586,32.85,HOEP (Legacy)
2003-10-19 08:00:00,2003,10,9,15504,46.79,HOEP (Legacy)
2003-10-19 09:00:00,2003,10,10,15880,67.97,HOEP (Legacy)
2003-10-19 10:00:00,2003,10,11,15914,36.93,HOEP (Legacy)
2003-10-19 11:00:00,2003,10,12,16007,40.5,HOEP (Legacy)
2003-10-19 12:00:00,2003,10,13,15759,33.21,HOEP (Legacy)
2003-10-19 13:00:00,2003,10,14,15569,32.43,HOEP (Legacy)
2003-10-19 14:00:00,2003,10,15,15492,31.97,HOEP (Legacy)
2003-10-19 15:00:00,2003,10,16,15747,33.7,HOEP (Legacy)
2003-10-19 16:00:00,2003,10,17,16201,33.37,HOEP (Legacy)
2003-10-19 17:00:00,2003,10,18,16868,61.35,HOEP (Legacy)
2003-10-19 18:00:00,2003,10,19,17516,76.84,HOEP (Legacy)
2003-10-19 19:00:00,2003,10,20,17206,61.29,HOEP (Legacy)
2003-10-19 20:00:00,2003,10,21,16641,75.34,HOEP (Legacy)
2003-10-19 21:00:00,2003,10,22,15708,67.39,HOEP (Legacy)
2003-10-19 22:00:00,2003,10,23,14629,46.48,HOEP (Legacy)
2003-10-19 23:00:00,2003,10,24,13939,30.84,HOEP (Legacy)
2003-10-20 00:00:00,2003,10,1,13577,42.07,HOEP (Legacy)
2003-10-20 01:00:00,2003,10,2,13378,30.72,HOEP (Legacy)
2003-10-20 02:00:00,2003,10,3,13285,30.0,HOEP (Legacy)
2003-10-20 03:00:00,2003,10,4,13417,29.55,HOEP (Legacy)
2003-10-20 04:00:00,2003,10,5,14007,30.35,HOEP (Legacy)
2003-10-20 05:00:00,2003,10,6,15714,62.17,HOEP (Legacy)
2003-10-20 06:00:00,2003,10,7,17749,80.04,HOEP (Legacy)
2003-10-20 07:00:00,2003,10,8,18228,76.79,HOEP (Legacy)
2003-10-20 08:00:00,2003,10,9,18344,74.95,HOEP (Legacy)
2003-10-20 09:00:00,2003,10,10,18394,76.73,HOEP (Legacy)
2003-10-20 10:00:00,2003,10,11,18317,74.61,HOEP (Legacy)
2003-10-20 11:00:00,2003,10,12,18170,73.57,HOEP (Legacy)
2003-10-20 12:00:00,2003,10,13,18050,69.84,HOEP (Legacy)
2003-10-20 13:00:00,2003,10,14,17932,74.09,HOEP (Legacy)
2003-10-20 14:00:00,2003,10,15,17892,71.65,HOEP (Legacy)
2003-10-20 15:00:00,2003,10,16,18284,75.15,HOEP (Legacy)
2003-10-20 16:00:00,2003,10,17,18437,74.75,HOEP (Legacy)
2003-10-20 17:00:00,2003,10,18,18719,79.67,HOEP (Legacy)
2003-10-20 18:00:00,2003,10,19,19240,80.26,HOEP (Legacy)
2003-10-20 19:00:00,2003,10,20,18823,76.4,HOEP (Legacy)
2003-10-20 20:00:00,2003,10,21,17963,70.62,HOEP (Legacy)
2003-10-20 21:00:00,2003,10,22,16768,54.68,HOEP (Legacy)
2003-10-20 22:00:00,2003,10,23,15427,30.26,HOEP (Legacy)
2003-10-20 23:00:00,2003,10,24,14414,29.35,HOEP (Legacy)
2003-10-21 00:00:00,2003,10,1,13916,30.67,HOEP (Legacy)
2003-10-21 01:00:00,2003,10,2,13541,29.75,HOEP (Legacy)
2003-10-21 02:00:00,2003,10,3,13375,29.3,HOEP (Legacy)
2003-10-21 03:00:00,2003,10,4,13358,29.15,HOEP (Legacy)
2003-10-21 04:00:00,2003,10,5,13850,30.16,HOEP (Legacy)
2003-10-21 05:00:00,2003,10,6,15253,50.91,HOEP (Legacy)
2003-10-21 06:00:00,2003,10,7,17271,65.78,HOEP (Legacy)
2003-10-21 07:00:00,2003,10,8,17942,74.56,HOEP (Legacy)
2003-10-21 08:00:00,2003,10,9,17976,73.99,HOEP (Legacy)
2003-10-21 09:00:00,2003,10,10,18249,76.98,HOEP (Legacy)
2003-10-21 10:00:00,2003,10,11,18246,74.88,HOEP (Legacy)
2003-10-21 11:00:00,2003,10,12,18199,73.54,HOEP (Legacy)
2003-10-21 12:00:00,2003,10,13,18166,70.73,HOEP (Legacy)
2003-10-21 13:00:00,2003,10,14,18069,73.93,HOEP (Legacy)
2003-10-21 14:00:00,2003,10,15,18078,71.34,HOEP (Legacy)
2003-10-21 15:00:00,2003,10,16,18664,71.43,HOEP (Legacy)
2003-10-21 16:00:00,2003,10,17,18909,64.56,HOEP (Legacy)
2003-10-21 17:00:00,2003,10,18,19206,72.9,HOEP (Legacy)
2003-10-21 18:00:00,2003,10,19,19404,72.63,HOEP (Legacy)
2003-10-21 19:00:00,2003,10,20,18861,59.25,HOEP (Legacy)
2003-10-21 20:00:00,2003,10,21,18158,61.53,HOEP (Legacy)
2003-10-21 21:00:00,2003,10,22,17002,47.3,HOEP (Legacy)
2003-10-21 22:00:00,2003,10,23,15678,34.51,HOEP (Legacy)
2003-10-21 23:00:00,2003,10,24,14799,29.91,HOEP (Legacy)
2003-10-22 00:00:00,2003,10,1,14263,29.08,HOEP (Legacy)
2003-10-22 01:00:00,2003,10,2,13965,29.16,HOEP (Legacy)
2003-10-22 02:00:00,2003,10,3,13890,28.89,HOEP (Legacy)
2003-10-22 03:00:00,2003,10,4,13977,29.41,HOEP (Legacy)
2003-10-22 04:00:00,2003,10,5,14425,30.84,HOEP (Legacy)
2003-10-22 05:00:00,2003,10,6,15873,46.07,HOEP (Legacy)
2003-10-22 06:00:00,2003,10,7,17895,72.14,HOEP (Legacy)
2003-10-22 07:00:00,2003,10,8,18433,73.84,HOEP (Legacy)
2003-10-22 08:00:00,2003,10,9,18406,51.38,HOEP (Legacy)
2003-10-22 09:00:00,2003,10,10,18432,72.77,HOEP (Legacy)
2003-10-22 10:00:00,2003,10,11,18364,66.39,HOEP (Legacy)
2003-10-22 11:00:00,2003,10,12,18166,61.36,HOEP (Legacy)
2003-10-22 12:00:00,2003,10,13,18115,58.68,HOEP (Legacy)
2003-10-22 13:00:00,2003,10,14,18054,63.3,HOEP (Legacy)
2003-10-22 14:00:00,2003,10,15,18185,72.22,HOEP (Legacy)
2003-10-22 15:00:00,2003,10,16,18621,64.12,HOEP (Legacy)
2003-10-22 16:00:00,2003,10,17,19016,73.22,HOEP (Legacy)
2003-10-22 17:00:00,2003,10,18,19441,76.25,HOEP (Legacy)
2003-10-22 18:00:00,2003,10,19,19698,77.29,HOEP (Legacy)
2003-10-22 19:00:00,2003,10,20,19247,72.85,HOEP (Legacy)
2003-10-22 20:00:00,2003,10,21,18483,66.96,HOEP (Legacy)
2003-10-22 21:00:00,2003,10,22,17322,37.88,HOEP (Legacy)
2003-10-22 22:00:00,2003,10,23,15944,33.18,HOEP (Legacy)
2003-10-22 23:00:00,2003,10,24,15055,33.83,HOEP (Legacy)
2003-10-23 00:00:00,2003,10,1,14465,35.53,HOEP (Legacy)
2003-10-23 01:00:00,2003,10,2,14165,41.42,HOEP (Legacy)
2003-10-23 02:00:00,2003,10,3,14075,36.81,HOEP (Legacy)
2003-10-23 03:00:00,2003,10,4,14204,65.78,HOEP (Legacy)
2003-10-23 04:00:00,2003,10,5,14718,53.55,HOEP (Legacy)
2003-10-23 05:00:00,2003,10,6,16152,71.68,HOEP (Legacy)
2003-10-23 06:00:00,2003,10,7,18189,79.71,HOEP (Legacy)
2003-10-23 07:00:00,2003,10,8,18610,79.04,HOEP (Legacy)
2003-10-23 08:00:00,2003,10,9,18702,82.05,HOEP (Legacy)
2003-10-23 09:00:00,2003,10,10,18689,80.82,HOEP (Legacy)
2003-10-23 10:00:00,2003,10,11,18549,79.89,HOEP (Legacy)
2003-10-23 11:00:00,2003,10,12,18365,79.37,HOEP (Legacy)
2003-10-23 12:00:00,2003,10,13,18281,79.02,HOEP (Legacy)
2003-10-23 13:00:00,2003,10,14,18222,77.3,HOEP (Legacy)
2003-10-23 14:00:00,2003,10,15,18263,76.44,HOEP (Legacy)
2003-10-23 15:00:00,2003,10,16,18590,77.52,HOEP (Legacy)
2003-10-23 16:00:00,2003,10,17,18840,77.22,HOEP (Legacy)
2003-10-23 17:00:00,2003,10,18,19403,81.92,HOEP (Legacy)
2003-10-23 18:00:00,2003,10,19,19764,82.65,HOEP (Legacy)
2003-10-23 19:00:00,2003,10,20,19327,77.62,HOEP (Legacy)
2003-10-23 20:00:00,2003,10,21,18502,74.14,HOEP (Legacy)
2003-10-23 21:00:00,2003,10,22,17347,54.38,HOEP (Legacy)
2003-10-23 22:00:00,2003,10,23,16069,50.24,HOEP (Legacy)
2003-10-23 23:00:00,2003,10,24,15057,55.19,HOEP (Legacy)
2003-10-24 00:00:00,2003,10,1,14617,41.36,HOEP (Legacy)
2003-10-24 01:00:00,2003,10,2,14349,44.55,HOEP (Legacy)
2003-10-24 02:00:00,2003,10,3,14217,35.55,HOEP (Legacy)
2003-10-24 03:00:00,2003,10,4,14319,35.75,HOEP (Legacy)
2003-10-24 04:00:00,2003,10,5,14809,51.59,HOEP (Legacy)
2003-10-24 05:00:00,2003,10,6,16239,72.17,HOEP (Legacy)
2003-10-24 06:00:00,2003,10,7,18319,78.91,HOEP (Legacy)
2003-10-24 07:00:00,2003,10,8,18723,82.94,HOEP (Legacy)
2003-10-24 08:00:00,2003,10,9,18727,80.12,HOEP (Legacy)
2003-10-24 09:00:00,2003,10,10,18711,79.46,HOEP (Legacy)
2003-10-24 10:00:00,2003,10,11,18578,78.24,HOEP (Legacy)
2003-10-24 11:00:00,2003,10,12,18356,76.9,HOEP (Legacy)
2003-10-24 12:00:00,2003,10,13,18040,73.61,HOEP (Legacy)
2003-10-24 13:00:00,2003,10,14,17785,72.19,HOEP (Legacy)
2003-10-24 14:00:00,2003,10,15,17660,71.94,HOEP (Legacy)
2003-10-24 15:00:00,2003,10,16,17737,71.32,HOEP (Legacy)
2003-10-24 16:00:00,2003,10,17,17758,67.61,HOEP (Legacy)
2003-10-24 17:00:00,2003,10,18,18346,72.95,HOEP (Legacy)
2003-10-24 18:00:00,2003,10,19,18702,70.81,HOEP (Legacy)
2003-10-24 19:00:00,2003,10,20,18357,68.41,HOEP (Legacy)
2003-10-24 20:00:00,2003,10,21,17622,67.91,HOEP (Legacy)
2003-10-24 21:00:00,2003,10,22,16749,65.17,HOEP (Legacy)
2003-10-24 22:00:00,2003,10,23,15697,81.45,HOEP (Legacy)
2003-10-24 23:00:00,2003,10,24,14581,70.54,HOEP (Legacy)
2003-10-25 00:00:00,2003,10,1,13988,76.65,HOEP (Legacy)
2003-10-25 01:00:00,2003,10,2,13562,68.14,HOEP (Legacy)
2003-10-25 02:00:00,2003,10,3,13367,54.16,HOEP (Legacy)
2003-10-25 03:00:00,2003,10,4,13345,69.45,HOEP (Legacy)
2003-10-25 04:00:00,2003,10,5,13488,60.8,HOEP (Legacy)
2003-10-25 05:00:00,2003,10,6,14027,56.26,HOEP (Legacy)
2003-10-25 06:00:00,2003,10,7,15045,65.91,HOEP (Legacy)
2003-10-25 07:00:00,2003,10,8,16120,77.27,HOEP (Legacy)
2003-10-25 08:00:00,2003,10,9,16872,83.37,HOEP (Legacy)
2003-10-25 09:00:00,2003,10,10,17491,96.14,HOEP (Legacy)
2003-10-25 10:00:00,2003,10,11,17492,81.39,HOEP (Legacy)
2003-10-25 11:00:00,2003,10,12,17189,79.43,HOEP (Legacy)
2003-10-25 12:00:00,2003,10,13,16702,76.01,HOEP (Legacy)
2003-10-25 13:00:00,2003,10,14,16522,73.58,HOEP (Legacy)
2003-10-25 14:00:00,2003,10,15,16406,72.02,HOEP (Legacy)
2003-10-25 15:00:00,2003,10,16,16481,70.78,HOEP (Legacy)
2003-10-25 16:00:00,2003,10,17,16798,70.59,HOEP (Legacy)
2003-10-25 17:00:00,2003,10,18,17259,76.37,HOEP (Legacy)
2003-10-25 18:00:00,2003,10,19,17089,71.67,HOEP (Legacy)
2003-10-25 19:00:00,2003,10,20,16664,68.81,HOEP (Legacy)
2003-10-25 20:00:00,2003,10,21,16047,65.92,HOEP (Legacy)
2003-10-25 21:00:00,2003,10,22,15453,67.37,HOEP (Legacy)
2003-10-25 22:00:00,2003,10,23,14740,67.18,HOEP (Legacy)
2003-10-25 23:00:00,2003,10,24,13792,45.73,HOEP (Legacy)
2003-10-26 00:00:00,2003,10,1,13246,37.08,HOEP (Legacy)
2003-10-26 01:00:00,2003,10,2,13083,65.78,HOEP (Legacy)
2003-10-26 02:00:00,2003,10,3,12872,49.27,HOEP (Legacy)
2003-10-26 03:00:00,2003,10,4,12779,38.08,HOEP (Legacy)
2003-10-26 04:00:00,2003,10,5,12819,30.09,HOEP (Legacy)
2003-10-26 05:00:00,2003,10,6,12974,30.48,HOEP (Legacy)
2003-10-26 06:00:00,2003,10,7,13420,31.27,HOEP (Legacy)
2003-10-26 07:00:00,2003,10,8,14268,36.26,HOEP (Legacy)
2003-10-26 08:00:00,2003,10,9,15506,67.6,HOEP (Legacy)
2003-10-26 09:00:00,2003,10,10,16235,75.96,HOEP (Legacy)
2003-10-26 10:00:00,2003,10,11,16457,73.72,HOEP (Legacy)
2003-10-26 11:00:00,2003,10,12,16503,75.15,HOEP (Legacy)
2003-10-26 12:00:00,2003,10,13,16516,77.92,HOEP (Legacy)
2003-10-26 13:00:00,2003,10,14,16338,72.98,HOEP (Legacy)
2003-10-26 14:00:00,2003,10,15,16142,52.43,HOEP (Legacy)
2003-10-26 15:00:00,2003,10,16,16299,69.91,HOEP (Legacy)
2003-10-26 16:00:00,2003,10,17,16827,75.34,HOEP (Legacy)
2003-10-26 17:00:00,2003,10,18,17664,78.63,HOEP (Legacy)
2003-10-26 18:00:00,2003,10,19,17848,79.5,HOEP (Legacy)
2003-10-26 19:00:00,2003,10,20,17454,78.14,HOEP (Legacy)
2003-10-26 20:00:00,2003,10,21,16989,66.56,HOEP (Legacy)
2003-10-26 21:00:00,2003,10,22,16271,46.98,HOEP (Legacy)
2003-10-26 22:00:00,2003,10,23,15463,45.97,HOEP (Legacy)
2003-10-26 23:00:00,2003,10,24,14539,33.98,HOEP (Legacy)
2003-10-27 00:00:00,2003,10,1,13905,43.65,HOEP (Legacy)
2003-10-27 01:00:00,2003,10,2,13631,32.98,HOEP (Legacy)
2003-10-27 02:00:00,2003,10,3,13417,31.1,HOEP (Legacy)
2003-10-27 03:00:00,2003,10,4,13434,31.23,HOEP (Legacy)
2003-10-27 04:00:00,2003,10,5,13620,43.36,HOEP (Legacy)
2003-10-27 05:00:00,2003,10,6,14313,42.72,HOEP (Legacy)
2003-10-27 06:00:00,2003,10,7,15937,68.05,HOEP (Legacy)
2003-10-27 07:00:00,2003,10,8,17837,76.2,HOEP (Legacy)
2003-10-27 08:00:00,2003,10,9,18608,78.62,HOEP (Legacy)
2003-10-27 09:00:00,2003,10,10,18627,76.23,HOEP (Legacy)
2003-10-27 10:00:00,2003,10,11,18685,76.98,HOEP (Legacy)
2003-10-27 11:00:00,2003,10,12,18801,75.97,HOEP (Legacy)
2003-10-27 12:00:00,2003,10,13,18639,76.17,HOEP (Legacy)
2003-10-27 13:00:00,2003,10,14,18540,73.88,HOEP (Legacy)
2003-10-27 14:00:00,2003,10,15,18385,71.97,HOEP (Legacy)
2003-10-27 15:00:00,2003,10,16,18639,74.96,HOEP (Legacy)
2003-10-27 16:00:00,2003,10,17,19387,78.76,HOEP (Legacy)
2003-10-27 17:00:00,2003,10,18,20203,80.07,HOEP (Legacy)
2003-10-27 18:00:00,2003,10,19,20011,80.48,HOEP (Legacy)
2003-10-27 19:00:00,2003,10,20,19587,79.41,HOEP (Legacy)
2003-10-27 20:00:00,2003,10,21,19011,73.19,HOEP (Legacy)
2003-10-27 21:00:00,2003,10,22,18154,68.71,HOEP (Legacy)
2003-10-27 22:00:00,2003,10,23,17042,62.54,HOEP (Legacy)
2003-10-27 23:00:00,2003,10,24,15787,41.83,HOEP (Legacy)
2003-10-28 00:00:00,2003,10,1,15008,74.14,HOEP (Legacy)
2003-10-28 01:00:00,2003,10,2,14590,65.85,HOEP (Legacy)
2003-10-28 02:00:00,2003,10,3,14415,43.44,HOEP (Legacy)
2003-10-28 03:00:00,2003,10,4,14420,35.99,HOEP (Legacy)
2003-10-28 04:00:00,2003,10,5,14636,34.65,HOEP (Legacy)
2003-10-28 05:00:00,2003,10,6,15098,46.08,HOEP (Legacy)
2003-10-28 06:00:00,2003,10,7,16413,64.79,HOEP (Legacy)
2003-10-28 07:00:00,2003,10,8,18026,74.91,HOEP (Legacy)
2003-10-28 08:00:00,2003,10,9,18586,75.36,HOEP (Legacy)
2003-10-28 09:00:00,2003,10,10,18407,74.11,HOEP (Legacy)
2003-10-28 10:00:00,2003,10,11,18525,74.79,HOEP (Legacy)
2003-10-28 11:00:00,2003,10,12,18596,76.32,HOEP (Legacy)
2003-10-28 12:00:00,2003,10,13,18523,77.96,HOEP (Legacy)
2003-10-28 13:00:00,2003,10,14,18516,77.66,HOEP (Legacy)
2003-10-28 14:00:00,2003,10,15,18467,76.78,HOEP (Legacy)
2003-10-28 15:00:00,2003,10,16,18768,77.18,HOEP (Legacy)
2003-10-28 16:00:00,2003,10,17,19551,87.99,HOEP (Legacy)
2003-10-28 17:00:00,2003,10,18,20408,122.17,HOEP (Legacy)
2003-10-28 18:00:00,2003,10,19,20262,117.43,HOEP (Legacy)
2003-10-28 19:00:00,2003,10,20,19768,95.42,HOEP (Legacy)
2003-10-28 20:00:00,2003,10,21,19116,78.52,HOEP (Legacy)
2003-10-28 21:00:00,2003,10,22,18264,73.07,HOEP (Legacy)
2003-10-28 22:00:00,2003,10,23,17023,40.15,HOEP (Legacy)
2003-10-28 23:00:00,2003,10,24,15686,44.85,HOEP (Legacy)
2003-10-29 00:00:00,2003,10,1,14698,33.2,HOEP (Legacy)
2003-10-29 01:00:00,2003,10,2,14164,32.11,HOEP (Legacy)
2003-10-29 02:00:00,2003,10,3,13899,29.93,HOEP (Legacy)
2003-10-29 03:00:00,2003,10,4,13774,29.14,HOEP (Legacy)
2003-10-29 04:00:00,2003,10,5,13935,29.19,HOEP (Legacy)
2003-10-29 05:00:00,2003,10,6,14488,29.09,HOEP (Legacy)
2003-10-29 06:00:00,2003,10,7,15867,40.79,HOEP (Legacy)
2003-10-29 07:00:00,2003,10,8,17762,73.06,HOEP (Legacy)
2003-10-29 08:00:00,2003,10,9,18312,75.26,HOEP (Legacy)
2003-10-29 09:00:00,2003,10,10,18378,75.36,HOEP (Legacy)
2003-10-29 10:00:00,2003,10,11,18422,73.89,HOEP (Legacy)
2003-10-29 11:00:00,2003,10,12,18364,72.23,HOEP (Legacy)
2003-10-29 12:00:00,2003,10,13,18224,72.08,HOEP (Legacy)
2003-10-29 13:00:00,2003,10,14,18156,71.82,HOEP (Legacy)
2003-10-29 14:00:00,2003,10,15,18165,71.47,HOEP (Legacy)
2003-10-29 15:00:00,2003,10,16,18285,70.13,HOEP (Legacy)
2003-10-29 16:00:00,2003,10,17,18835,73.51,HOEP (Legacy)
2003-10-29 17:00:00,2003,10,18,19649,79.8,HOEP (Legacy)
2003-10-29 18:00:00,2003,10,19,19787,75.19,HOEP (Legacy)
2003-10-29 19:00:00,2003,10,20,19355,74.11,HOEP (Legacy)
2003-10-29 20:00:00,2003,10,21,18957,72.07,HOEP (Legacy)
2003-10-29 21:00:00,2003,10,22,18215,67.79,HOEP (Legacy)
2003-10-29 22:00:00,2003,10,23,17015,42.29,HOEP (Legacy)
2003-10-29 23:00:00,2003,10,24,15637,34.99,HOEP (Legacy)
2003-10-30 00:00:00,2003,10,1,14881,29.29,HOEP (Legacy)
2003-10-30 01:00:00,2003,10,2,14404,29.36,HOEP (Legacy)
2003-10-30 02:00:00,2003,10,3,14191,29.22,HOEP (Legacy)
2003-10-30 03:00:00,2003,10,4,14077,29.04,HOEP (Legacy)
2003-10-30 04:00:00,2003,10,5,14055,29.07,HOEP (Legacy)
2003-10-30 05:00:00,2003,10,6,14518,28.89,HOEP (Legacy)
2003-10-30 06:00:00,2003,10,7,16042,30.13,HOEP (Legacy)
2003-10-30 07:00:00,2003,10,8,17698,55.02,HOEP (Legacy)
2003-10-30 08:00:00,2003,10,9,18189,65.12,HOEP (Legacy)
2003-10-30 09:00:00,2003,10,10,18206,59.55,HOEP (Legacy)
2003-10-30 10:00:00,2003,10,11,18304,63.82,HOEP (Legacy)
2003-10-30 11:00:00,2003,10,12,18215,61.0,HOEP (Legacy)
2003-10-30 12:00:00,2003,10,13,17990,55.76,HOEP (Legacy)
2003-10-30 13:00:00,2003,10,14,17987,54.4,HOEP (Legacy)
2003-10-30 14:00:00,2003,10,15,17729,47.22,HOEP (Legacy)
2003-10-30 15:00:00,2003,10,16,17845,49.32,HOEP (Legacy)
2003-10-30 16:00:00,2003,10,17,18305,59.12,HOEP (Legacy)
2003-10-30 17:00:00,2003,10,18,19212,73.4,HOEP (Legacy)
2003-10-30 18:00:00,2003,10,19,19539,79.97,HOEP (Legacy)
2003-10-30 19:00:00,2003,10,20,19247,87.3,HOEP (Legacy)
2003-10-30 20:00:00,2003,10,21,18775,72.16,HOEP (Legacy)
2003-10-30 21:00:00,2003,10,22,18096,62.72,HOEP (Legacy)
2003-10-30 22:00:00,2003,10,23,17019,42.6,HOEP (Legacy)
2003-10-30 23:00:00,2003,10,24,15723,37.89,HOEP (Legacy)
2003-10-31 00:00:00,2003,10,1,14740,31.31,HOEP (Legacy)
2003-10-31 01:00:00,2003,10,2,14204,29.19,HOEP (Legacy)
2003-10-31 02:00:00,2003,10,3,13927,29.28,HOEP (Legacy)
2003-10-31 03:00:00,2003,10,4,13797,28.71,HOEP (Legacy)
2003-10-31 04:00:00,2003,10,5,13897,28.92,HOEP (Legacy)
2003-10-31 05:00:00,2003,10,6,14447,32.98,HOEP (Legacy)
2003-10-31 06:00:00,2003,10,7,15689,39.82,HOEP (Legacy)
2003-10-31 07:00:00,2003,10,8,17282,57.76,HOEP (Legacy)
2003-10-31 08:00:00,2003,10,9,17923,59.91,HOEP (Legacy)
2003-10-31 09:00:00,2003,10,10,18127,72.34,HOEP (Legacy)
2003-10-31 10:00:00,2003,10,11,18270,70.92,HOEP (Legacy)
2003-10-31 11:00:00,2003,10,12,18206,88.53,HOEP (Legacy)
2003-10-31 12:00:00,2003,10,13,18051,83.01,HOEP (Legacy)
2003-10-31 13:00:00,2003,10,14,17953,100.02,HOEP (Legacy)
2003-10-31 14:00:00,2003,10,15,17784,74.6,HOEP (Legacy)
2003-10-31 15:00:00,2003,10,16,17752,59.57,HOEP (Legacy)
2003-10-31 16:00:00,2003,10,17,18377,71.46,HOEP (Legacy)
2003-10-31 17:00:00,2003,10,18,19020,78.17,HOEP (Legacy)
2003-10-31 18:00:00,2003,10,19,18541,73.4,HOEP (Legacy)
2003-10-31 19:00:00,2003,10,20,17922,66.82,HOEP (Legacy)
2003-10-31 20:00:00,2003,10,21,17438,68.46,HOEP (Legacy)
2003-10-31 21:00:00,2003,10,22,16933,42.3,HOEP (Legacy)
2003-10-31 22:00:00,2003,10,23,16089,44.55,HOEP (Legacy)
2003-10-31 23:00:00,2003,10,24,14890,32.77,HOEP (Legacy)
2003-11-01 00:00:00,2003,11,1,13907,31.42,HOEP (Legacy)
2003-11-01 01:00:00,2003,11,2,13437,29.12,HOEP (Legacy)
2003-11-01 02:00:00,2003,11,3,13145,27.75,HOEP (Legacy)
2003-11-01 03:00:00,2003,11,4,12907,27.32,HOEP (Legacy)
2003-11-01 04:00:00,2003,11,5,12935,27.16,HOEP (Legacy)
2003-11-01 05:00:00,2003,11,6,13056,27.97,HOEP (Legacy)
2003-11-01 06:00:00,2003,11,7,13613,27.53,HOEP (Legacy)
2003-11-01 07:00:00,2003,11,8,14254,29.19,HOEP (Legacy)
2003-11-01 08:00:00,2003,11,9,15214,32.65,HOEP (Legacy)
2003-11-01 09:00:00,2003,11,10,16076,99.47,HOEP (Legacy)
2003-11-01 10:00:00,2003,11,11,16418,75.74,HOEP (Legacy)
2003-11-01 11:00:00,2003,11,12,16473,71.93,HOEP (Legacy)
2003-11-01 12:00:00,2003,11,13,16424,57.85,HOEP (Legacy)
2003-11-01 13:00:00,2003,11,14,16239,50.22,HOEP (Legacy)
2003-11-01 14:00:00,2003,11,15,16073,47.23,HOEP (Legacy)
2003-11-01 15:00:00,2003,11,16,16059,34.51,HOEP (Legacy)
2003-11-01 16:00:00,2003,11,17,16462,36.1,HOEP (Legacy)
2003-11-01 17:00:00,2003,11,18,17765,67.12,HOEP (Legacy)
2003-11-01 18:00:00,2003,11,19,17724,68.02,HOEP (Legacy)
2003-11-01 19:00:00,2003,11,20,17055,62.14,HOEP (Legacy)
2003-11-01 20:00:00,2003,11,21,16463,54.15,HOEP (Legacy)
2003-11-01 21:00:00,2003,11,22,16089,40.2,HOEP (Legacy)
2003-11-01 22:00:00,2003,11,23,15422,34.14,HOEP (Legacy)
2003-11-01 23:00:00,2003,11,24,14332,31.31,HOEP (Legacy)
2003-11-02 00:00:00,2003,11,1,13619,30.56,HOEP (Legacy)
2003-11-02 01:00:00,2003,11,2,13056,29.42,HOEP (Legacy)
2003-11-02 02:00:00,2003,11,3,12814,29.2,HOEP (Legacy)
2003-11-02 03:00:00,2003,11,4,12768,28.97,HOEP (Legacy)
2003-11-02 04:00:00,2003,11,5,12724,28.98,HOEP (Legacy)
2003-11-02 05:00:00,2003,11,6,12875,29.08,HOEP (Legacy)
2003-11-02 06:00:00,2003,11,7,13085,28.8,HOEP (Legacy)
2003-11-02 07:00:00,2003,11,8,13743,30.17,HOEP (Legacy)
2003-11-02 08:00:00,2003,11,9,14680,33.99,HOEP (Legacy)
2003-11-02 09:00:00,2003,11,10,15589,42.78,HOEP (Legacy)
2003-11-02 10:00:00,2003,11,11,16069,46.95,HOEP (Legacy)
2003-11-02 11:00:00,2003,11,12,16480,41.82,HOEP (Legacy)
2003-11-02 12:00:00,2003,11,13,16667,45.38,HOEP (Legacy)
2003-11-02 13:00:00,2003,11,14,16656,44.56,HOEP (Legacy)
2003-11-02 14:00:00,2003,11,15,16580,46.22,HOEP (Legacy)
2003-11-02 15:00:00,2003,11,16,16670,45.39,HOEP (Legacy)
2003-11-02 16:00:00,2003,11,17,17288,55.49,HOEP (Legacy)
2003-11-02 17:00:00,2003,11,18,18357,74.5,HOEP (Legacy)
2003-11-02 18:00:00,2003,11,19,18026,74.75,HOEP (Legacy)
2003-11-02 19:00:00,2003,11,20,17563,69.23,HOEP (Legacy)
2003-11-02 20:00:00,2003,11,21,17101,57.57,HOEP (Legacy)
2003-11-02 21:00:00,2003,11,22,16494,42.31,HOEP (Legacy)
2003-11-02 22:00:00,2003,11,23,15476,32.51,HOEP (Legacy)
2003-11-02 23:00:00,2003,11,24,14596,30.39,HOEP (Legacy)
2003-11-03 00:00:00,2003,11,1,14048,28.61,HOEP (Legacy)
2003-11-03 01:00:00,2003,11,2,13602,27.85,HOEP (Legacy)
2003-11-03 02:00:00,2003,11,3,13522,27.34,HOEP (Legacy)
2003-11-03 03:00:00,2003,11,4,13394,26.66,HOEP (Legacy)
2003-11-03 04:00:00,2003,11,5,13515,27.49,HOEP (Legacy)
2003-11-03 05:00:00,2003,11,6,14121,27.63,HOEP (Legacy)
2003-11-03 06:00:00,2003,11,7,15519,29.25,HOEP (Legacy)
2003-11-03 07:00:00,2003,11,8,17391,44.71,HOEP (Legacy)
2003-11-03 08:00:00,2003,11,9,18085,54.83,HOEP (Legacy)
2003-11-03 09:00:00,2003,11,10,18418,60.39,HOEP (Legacy)
2003-11-03 10:00:00,2003,11,11,18485,66.38,HOEP (Legacy)
2003-11-03 11:00:00,2003,11,12,18543,62.91,HOEP (Legacy)
2003-11-03 12:00:00,2003,11,13,18469,66.8,HOEP (Legacy)
2003-11-03 13:00:00,2003,11,14,18448,53.11,HOEP (Legacy)
2003-11-03 14:00:00,2003,11,15,18477,52.51,HOEP (Legacy)
2003-11-03 15:00:00,2003,11,16,18658,58.12,HOEP (Legacy)
2003-11-03 16:00:00,2003,11,17,19554,72.73,HOEP (Legacy)
2003-11-03 17:00:00,2003,11,18,20455,76.23,HOEP (Legacy)
2003-11-03 18:00:00,2003,11,19,20138,74.63,HOEP (Legacy)
2003-11-03 19:00:00,2003,11,20,19670,75.89,HOEP (Legacy)
2003-11-03 20:00:00,2003,11,21,19209,74.27,HOEP (Legacy)
2003-11-03 21:00:00,2003,11,22,18348,70.4,HOEP (Legacy)
2003-11-03 22:00:00,2003,11,23,17407,64.21,HOEP (Legacy)
2003-11-03 23:00:00,2003,11,24,16012,42.61,HOEP (Legacy)
2003-11-04 00:00:00,2003,11,1,14918,31.49,HOEP (Legacy)
2003-11-04 01:00:00,2003,11,2,14688,30.85,HOEP (Legacy)
2003-11-04 02:00:00,2003,11,3,14085,29.07,HOEP (Legacy)
2003-11-04 03:00:00,2003,11,4,14075,28.78,HOEP (Legacy)
2003-11-04 04:00:00,2003,11,5,14158,29.01,HOEP (Legacy)
2003-11-04 05:00:00,2003,11,6,14844,29.78,HOEP (Legacy)
2003-11-04 06:00:00,2003,11,7,16328,65.68,HOEP (Legacy)
2003-11-04 07:00:00,2003,11,8,18039,69.69,HOEP (Legacy)
2003-11-04 08:00:00,2003,11,9,18873,74.75,HOEP (Legacy)
2003-11-04 09:00:00,2003,11,10,19008,74.11,HOEP (Legacy)
2003-11-04 10:00:00,2003,11,11,19276,75.5,HOEP (Legacy)
2003-11-04 11:00:00,2003,11,12,19328,73.19,HOEP (Legacy)
2003-11-04 12:00:00,2003,11,13,19270,73.27,HOEP (Legacy)
2003-11-04 13:00:00,2003,11,14,19267,74.71,HOEP (Legacy)
2003-11-04 14:00:00,2003,11,15,19209,71.95,HOEP (Legacy)
2003-11-04 15:00:00,2003,11,16,19362,70.04,HOEP (Legacy)
2003-11-04 16:00:00,2003,11,17,20025,73.78,HOEP (Legacy)
2003-11-04 17:00:00,2003,11,18,20872,92.31,HOEP (Legacy)
2003-11-04 18:00:00,2003,11,19,20729,78.44,HOEP (Legacy)
2003-11-04 19:00:00,2003,11,20,20178,72.98,HOEP (Legacy)
2003-11-04 20:00:00,2003,11,21,19694,68.05,HOEP (Legacy)
2003-11-04 21:00:00,2003,11,22,18774,44.5,HOEP (Legacy)
2003-11-04 22:00:00,2003,11,23,17493,30.09,HOEP (Legacy)
2003-11-04 23:00:00,2003,11,24,16176,30.4,HOEP (Legacy)
2003-11-05 00:00:00,2003,11,1,15337,29.26,HOEP (Legacy)
2003-11-05 01:00:00,2003,11,2,14805,28.82,HOEP (Legacy)
2003-11-05 02:00:00,2003,11,3,14357,27.52,HOEP (Legacy)
2003-11-05 03:00:00,2003,11,4,14281,27.5,HOEP (Legacy)
2003-11-05 04:00:00,2003,11,5,14316,27.39,HOEP (Legacy)
2003-11-05 05:00:00,2003,11,6,14820,26.83,HOEP (Legacy)
2003-11-05 06:00:00,2003,11,7,16329,29.1,HOEP (Legacy)
2003-11-05 07:00:00,2003,11,8,17935,32.42,HOEP (Legacy)
2003-11-05 08:00:00,2003,11,9,18435,45.18,HOEP (Legacy)
2003-11-05 09:00:00,2003,11,10,18565,32.34,HOEP (Legacy)
2003-11-05 10:00:00,2003,11,11,18557,51.19,HOEP (Legacy)
2003-11-05 11:00:00,2003,11,12,18540,34.39,HOEP (Legacy)
2003-11-05 12:00:00,2003,11,13,18496,31.44,HOEP (Legacy)
2003-11-05 13:00:00,2003,11,14,18530,43.37,HOEP (Legacy)
2003-11-05 14:00:00,2003,11,15,18444,30.49,HOEP (Legacy)
2003-11-05 15:00:00,2003,11,16,18490,30.7,HOEP (Legacy)
2003-11-05 16:00:00,2003,11,17,19136,31.58,HOEP (Legacy)
2003-11-05 17:00:00,2003,11,18,20160,72.39,HOEP (Legacy)
2003-11-05 18:00:00,2003,11,19,20019,69.0,HOEP (Legacy)
2003-11-05 19:00:00,2003,11,20,19646,54.66,HOEP (Legacy)
2003-11-05 20:00:00,2003,11,21,19185,51.94,HOEP (Legacy)
2003-11-05 21:00:00,2003,11,22,18365,41.4,HOEP (Legacy)
2003-11-05 22:00:00,2003,11,23,17210,30.27,HOEP (Legacy)
2003-11-05 23:00:00,2003,11,24,15852,28.67,HOEP (Legacy)
2003-11-06 00:00:00,2003,11,1,15052,28.42,HOEP (Legacy)
2003-11-06 01:00:00,2003,11,2,14618,27.74,HOEP (Legacy)
2003-11-06 02:00:00,2003,11,3,14340,26.75,HOEP (Legacy)
2003-11-06 03:00:00,2003,11,4,14217,24.8,HOEP (Legacy)
2003-11-06 04:00:00,2003,11,5,14317,21.33,HOEP (Legacy)
2003-11-06 05:00:00,2003,11,6,14861,27.85,HOEP (Legacy)
2003-11-06 06:00:00,2003,11,7,16266,30.63,HOEP (Legacy)
2003-11-06 07:00:00,2003,11,8,17894,47.85,HOEP (Legacy)
2003-11-06 08:00:00,2003,11,9,18462,51.41,HOEP (Legacy)
2003-11-06 09:00:00,2003,11,10,18644,51.16,HOEP (Legacy)
2003-11-06 10:00:00,2003,11,11,18601,56.95,HOEP (Legacy)
2003-11-06 11:00:00,2003,11,12,18554,48.76,HOEP (Legacy)
2003-11-06 12:00:00,2003,11,13,18422,34.13,HOEP (Legacy)
2003-11-06 13:00:00,2003,11,14,18452,33.8,HOEP (Legacy)
2003-11-06 14:00:00,2003,11,15,18349,38.23,HOEP (Legacy)
2003-11-06 15:00:00,2003,11,16,18410,31.53,HOEP (Legacy)
2003-11-06 16:00:00,2003,11,17,18933,37.75,HOEP (Legacy)
2003-11-06 17:00:00,2003,11,18,20034,67.43,HOEP (Legacy)
2003-11-06 18:00:00,2003,11,19,20082,72.96,HOEP (Legacy)
2003-11-06 19:00:00,2003,11,20,19832,70.7,HOEP (Legacy)
2003-11-06 20:00:00,2003,11,21,19286,49.54,HOEP (Legacy)
2003-11-06 21:00:00,2003,11,22,18531,36.66,HOEP (Legacy)
2003-11-06 22:00:00,2003,11,23,17300,30.08,HOEP (Legacy)
2003-11-06 23:00:00,2003,11,24,16007,29.49,HOEP (Legacy)
2003-11-07 00:00:00,2003,11,1,15077,29.29,HOEP (Legacy)
2003-11-07 01:00:00,2003,11,2,14700,28.88,HOEP (Legacy)
2003-11-07 02:00:00,2003,11,3,14320,27.85,HOEP (Legacy)
2003-11-07 03:00:00,2003,11,4,14224,27.04,HOEP (Legacy)
2003-11-07 04:00:00,2003,11,5,14434,25.7,HOEP (Legacy)
2003-11-07 05:00:00,2003,11,6,15078,28.46,HOEP (Legacy)
2003-11-07 06:00:00,2003,11,7,16567,30.05,HOEP (Legacy)
2003-11-07 07:00:00,2003,11,8,18005,43.35,HOEP (Legacy)
2003-11-07 08:00:00,2003,11,9,18454,40.19,HOEP (Legacy)
2003-11-07 09:00:00,2003,11,10,18612,55.49,HOEP (Legacy)
2003-11-07 10:00:00,2003,11,11,18633,60.12,HOEP (Legacy)
2003-11-07 11:00:00,2003,11,12,18611,55.74,HOEP (Legacy)
2003-11-07 12:00:00,2003,11,13,18447,32.36,HOEP (Legacy)
2003-11-07 13:00:00,2003,11,14,18360,32.39,HOEP (Legacy)
2003-11-07 14:00:00,2003,11,15,18337,31.54,HOEP (Legacy)
2003-11-07 15:00:00,2003,11,16,18400,31.1,HOEP (Legacy)
2003-11-07 16:00:00,2003,11,17,18963,46.35,HOEP (Legacy)
2003-11-07 17:00:00,2003,11,18,19992,75.34,HOEP (Legacy)
2003-11-07 18:00:00,2003,11,19,20019,58.66,HOEP (Legacy)
2003-11-07 19:00:00,2003,11,20,19689,66.14,HOEP (Legacy)
2003-11-07 20:00:00,2003,11,21,19355,48.22,HOEP (Legacy)
2003-11-07 21:00:00,2003,11,22,18591,34.36,HOEP (Legacy)
2003-11-07 22:00:00,2003,11,23,17621,31.81,HOEP (Legacy)
2003-11-07 23:00:00,2003,11,24,16326,30.2,HOEP (Legacy)
2003-11-08 00:00:00,2003,11,1,15276,30.21,HOEP (Legacy)
2003-11-08 01:00:00,2003,11,2,14920,29.79,HOEP (Legacy)
2003-11-08 02:00:00,2003,11,3,14606,29.3,HOEP (Legacy)
2003-11-08 03:00:00,2003,11,4,14416,28.99,HOEP (Legacy)
2003-11-08 04:00:00,2003,11,5,14470,28.87,HOEP (Legacy)
2003-11-08 05:00:00,2003,11,6,14638,29.07,HOEP (Legacy)
2003-11-08 06:00:00,2003,11,7,15293,28.93,HOEP (Legacy)
2003-11-08 07:00:00,2003,11,8,16018,30.12,HOEP (Legacy)
2003-11-08 08:00:00,2003,11,9,16940,39.51,HOEP (Legacy)
2003-11-08 09:00:00,2003,11,10,17493,48.91,HOEP (Legacy)
2003-11-08 10:00:00,2003,11,11,17632,69.39,HOEP (Legacy)
2003-11-08 11:00:00,2003,11,12,17703,78.69,HOEP (Legacy)
2003-11-08 12:00:00,2003,11,13,17338,43.55,HOEP (Legacy)
2003-11-08 13:00:00,2003,11,14,17059,30.79,HOEP (Legacy)
2003-11-08 14:00:00,2003,11,15,16803,30.42,HOEP (Legacy)
2003-11-08 15:00:00,2003,11,16,16766,30.23,HOEP (Legacy)
2003-11-08 16:00:00,2003,11,17,17384,30.18,HOEP (Legacy)
2003-11-08 17:00:00,2003,11,18,18806,34.95,HOEP (Legacy)
2003-11-08 18:00:00,2003,11,19,18891,50.5,HOEP (Legacy)
2003-11-08 19:00:00,2003,11,20,18284,50.87,HOEP (Legacy)
2003-11-08 20:00:00,2003,11,21,17853,33.76,HOEP (Legacy)
2003-11-08 21:00:00,2003,11,22,17415,32.7,HOEP (Legacy)
2003-11-08 22:00:00,2003,11,23,16792,31.64,HOEP (Legacy)
2003-11-08 23:00:00,2003,11,24,15826,29.7,HOEP (Legacy)
2003-11-09 00:00:00,2003,11,1,15081,30.81,HOEP (Legacy)
2003-11-09 01:00:00,2003,11,2,14802,30.03,HOEP (Legacy)
2003-11-09 02:00:00,2003,11,3,14325,29.31,HOEP (Legacy)
2003-11-09 03:00:00,2003,11,4,14354,29.24,HOEP (Legacy)
2003-11-09 04:00:00,2003,11,5,14250,29.78,HOEP (Legacy)
2003-11-09 05:00:00,2003,11,6,14395,29.51,HOEP (Legacy)
2003-11-09 06:00:00,2003,11,7,14638,28.35,HOEP (Legacy)
2003-11-09 07:00:00,2003,11,8,15145,28.65,HOEP (Legacy)
2003-11-09 08:00:00,2003,11,9,16038,29.83,HOEP (Legacy)
2003-11-09 09:00:00,2003,11,10,16630,30.3,HOEP (Legacy)
2003-11-09 10:00:00,2003,11,11,16849,30.9,HOEP (Legacy)
2003-11-09 11:00:00,2003,11,12,16953,31.17,HOEP (Legacy)
2003-11-09 12:00:00,2003,11,13,16954,31.31,HOEP (Legacy)
2003-11-09 13:00:00,2003,11,14,16680,30.4,HOEP (Legacy)
2003-11-09 14:00:00,2003,11,15,16458,29.86,HOEP (Legacy)
2003-11-09 15:00:00,2003,11,16,16380,29.76,HOEP (Legacy)
2003-11-09 16:00:00,2003,11,17,17128,30.05,HOEP (Legacy)
2003-11-09 17:00:00,2003,11,18,18670,65.73,HOEP (Legacy)
2003-11-09 18:00:00,2003,11,19,18833,66.9,HOEP (Legacy)
2003-11-09 19:00:00,2003,11,20,18429,61.46,HOEP (Legacy)
2003-11-09 20:00:00,2003,11,21,18025,55.43,HOEP (Legacy)
2003-11-09 21:00:00,2003,11,22,17458,50.5,HOEP (Legacy)
2003-11-09 22:00:00,2003,11,23,16540,31.66,HOEP (Legacy)
2003-11-09 23:00:00,2003,11,24,15586,30.79,HOEP (Legacy)
2003-11-10 00:00:00,2003,11,1,15019,30.13,HOEP (Legacy)
2003-11-10 01:00:00,2003,11,2,14700,30.04,HOEP (Legacy)
2003-11-10 02:00:00,2003,11,3,14533,29.42,HOEP (Legacy)
2003-11-10 03:00:00,2003,11,4,14533,29.5,HOEP (Legacy)
2003-11-10 04:00:00,2003,11,5,14780,30.13,HOEP (Legacy)
2003-11-10 05:00:00,2003,11,6,15341,29.72,HOEP (Legacy)
2003-11-10 06:00:00,2003,11,7,16806,30.76,HOEP (Legacy)
2003-11-10 07:00:00,2003,11,8,18715,56.1,HOEP (Legacy)
2003-11-10 08:00:00,2003,11,9,19185,55.45,HOEP (Legacy)
2003-11-10 09:00:00,2003,11,10,19118,41.83,HOEP (Legacy)
2003-11-10 10:00:00,2003,11,11,19067,34.46,HOEP (Legacy)
2003-11-10 11:00:00,2003,11,12,18967,35.18,HOEP (Legacy)
2003-11-10 12:00:00,2003,11,13,18692,31.14,HOEP (Legacy)
2003-11-10 13:00:00,2003,11,14,18563,34.71,HOEP (Legacy)
2003-11-10 14:00:00,2003,11,15,18369,31.23,HOEP (Legacy)
2003-11-10 15:00:00,2003,11,16,18521,30.45,HOEP (Legacy)
2003-11-10 16:00:00,2003,11,17,19283,39.31,HOEP (Legacy)
2003-11-10 17:00:00,2003,11,18,20592,73.27,HOEP (Legacy)
2003-11-10 18:00:00,2003,11,19,20563,69.69,HOEP (Legacy)
2003-11-10 19:00:00,2003,11,20,20141,63.55,HOEP (Legacy)
2003-11-10 20:00:00,2003,11,21,19622,49.86,HOEP (Legacy)
2003-11-10 21:00:00,2003,11,22,18810,39.27,HOEP (Legacy)
2003-11-10 22:00:00,2003,11,23,17598,30.22,HOEP (Legacy)
2003-11-10 23:00:00,2003,11,24,16238,29.68,HOEP (Legacy)
2003-11-11 00:00:00,2003,11,1,15303,29.63,HOEP (Legacy)
2003-11-11 01:00:00,2003,11,2,14812,28.54,HOEP (Legacy)
2003-11-11 02:00:00,2003,11,3,14512,27.97,HOEP (Legacy)
2003-11-11 03:00:00,2003,11,4,14428,27.89,HOEP (Legacy)
2003-11-11 04:00:00,2003,11,5,14466,27.33,HOEP (Legacy)
2003-11-11 05:00:00,2003,11,6,14946,28.27,HOEP (Legacy)
2003-11-11 06:00:00,2003,11,7,16248,28.61,HOEP (Legacy)
2003-11-11 07:00:00,2003,11,8,18348,30.62,HOEP (Legacy)
2003-11-11 08:00:00,2003,11,9,19006,35.73,HOEP (Legacy)
2003-11-11 09:00:00,2003,11,10,19219,38.88,HOEP (Legacy)
2003-11-11 10:00:00,2003,11,11,19133,34.55,HOEP (Legacy)
2003-11-11 11:00:00,2003,11,12,19019,32.18,HOEP (Legacy)
2003-11-11 12:00:00,2003,11,13,19011,31.74,HOEP (Legacy)
2003-11-11 13:00:00,2003,11,14,18781,30.19,HOEP (Legacy)
2003-11-11 14:00:00,2003,11,15,18734,30.52,HOEP (Legacy)
2003-11-11 15:00:00,2003,11,16,18771,29.96,HOEP (Legacy)
2003-11-11 16:00:00,2003,11,17,19636,39.61,HOEP (Legacy)
2003-11-11 17:00:00,2003,11,18,20457,59.48,HOEP (Legacy)
2003-11-11 18:00:00,2003,11,19,20079,42.67,HOEP (Legacy)
2003-11-11 19:00:00,2003,11,20,19559,30.57,HOEP (Legacy)
2003-11-11 20:00:00,2003,11,21,19034,30.09,HOEP (Legacy)
2003-11-11 21:00:00,2003,11,22,18186,30.8,HOEP (Legacy)
2003-11-11 22:00:00,2003,11,23,17170,29.0,HOEP (Legacy)
2003-11-11 23:00:00,2003,11,24,15651,28.98,HOEP (Legacy)
2003-11-12 00:00:00,2003,11,1,14729,28.27,HOEP (Legacy)
2003-11-12 01:00:00,2003,11,2,14210,27.77,HOEP (Legacy)
2003-11-12 02:00:00,2003,11,3,13945,27.45,HOEP (Legacy)
2003-11-12 03:00:00,2003,11,4,13761,25.12,HOEP (Legacy)
2003-11-12 04:00:00,2003,11,5,13889,25.3,HOEP (Legacy)
2003-11-12 05:00:00,2003,11,6,14390,26.48,HOEP (Legacy)
2003-11-12 06:00:00,2003,11,7,16032,29.09,HOEP (Legacy)
2003-11-12 07:00:00,2003,11,8,17678,30.12,HOEP (Legacy)
2003-11-12 08:00:00,2003,11,9,18127,30.49,HOEP (Legacy)
2003-11-12 09:00:00,2003,11,10,18112,30.22,HOEP (Legacy)
2003-11-12 10:00:00,2003,11,11,18015,30.17,HOEP (Legacy)
2003-11-12 11:00:00,2003,11,12,18135,30.19,HOEP (Legacy)
2003-11-12 12:00:00,2003,11,13,18083,30.8,HOEP (Legacy)
2003-11-12 13:00:00,2003,11,14,17985,30.19,HOEP (Legacy)
2003-11-12 14:00:00,2003,11,15,17990,30.16,HOEP (Legacy)
2003-11-12 15:00:00,2003,11,16,18204,30.35,HOEP (Legacy)
2003-11-12 16:00:00,2003,11,17,19151,37.69,HOEP (Legacy)
2003-11-12 17:00:00,2003,11,18,20255,56.89,HOEP (Legacy)
2003-11-12 18:00:00,2003,11,19,19990,47.23,HOEP (Legacy)
2003-11-12 19:00:00,2003,11,20,19530,37.78,HOEP (Legacy)
2003-11-12 20:00:00,2003,11,21,18963,31.64,HOEP (Legacy)
2003-11-12 21:00:00,2003,11,22,18198,30.59,HOEP (Legacy)
2003-11-12 22:00:00,2003,11,23,16988,29.37,HOEP (Legacy)
2003-11-12 23:00:00,2003,11,24,15791,28.71,HOEP (Legacy)
2003-11-13 00:00:00,2003,11,1,14865,28.13,HOEP (Legacy)
2003-11-13 01:00:00,2003,11,2,14460,28.01,HOEP (Legacy)
2003-11-13 02:00:00,2003,11,3,14155,27.75,HOEP (Legacy)
2003-11-13 03:00:00,2003,11,4,14111,27.18,HOEP (Legacy)
2003-11-13 04:00:00,2003,11,5,14041,24.53,HOEP (Legacy)
2003-11-13 05:00:00,2003,11,6,14769,25.73,HOEP (Legacy)
2003-11-13 06:00:00,2003,11,7,16462,29.85,HOEP (Legacy)
2003-11-13 07:00:00,2003,11,8,17842,35.34,HOEP (Legacy)
2003-11-13 08:00:00,2003,11,9,18378,39.83,HOEP (Legacy)
2003-11-13 09:00:00,2003,11,10,18440,31.88,HOEP (Legacy)
2003-11-13 10:00:00,2003,11,11,18835,44.28,HOEP (Legacy)
2003-11-13 11:00:00,2003,11,12,19117,51.17,HOEP (Legacy)
2003-11-13 12:00:00,2003,11,13,19075,59.01,HOEP (Legacy)
2003-11-13 13:00:00,2003,11,14,19006,53.86,HOEP (Legacy)
2003-11-13 14:00:00,2003,11,15,18913,32.77,HOEP (Legacy)
2003-11-13 15:00:00,2003,11,16,19240,32.5,HOEP (Legacy)
2003-11-13 16:00:00,2003,11,17,20047,48.39,HOEP (Legacy)
2003-11-13 17:00:00,2003,11,18,21289,82.37,HOEP (Legacy)
2003-11-13 18:00:00,2003,11,19,21167,73.3,HOEP (Legacy)
2003-11-13 19:00:00,2003,11,20,20645,83.27,HOEP (Legacy)
2003-11-13 20:00:00,2003,11,21,20226,75.58,HOEP (Legacy)
2003-11-13 21:00:00,2003,11,22,19498,58.27,HOEP (Legacy)
2003-11-13 22:00:00,2003,11,23,18350,32.76,HOEP (Legacy)
2003-11-13 23:00:00,2003,11,24,17145,30.1,HOEP (Legacy)
2003-11-14 00:00:00,2003,11,1,16205,29.58,HOEP (Legacy)
2003-11-14 01:00:00,2003,11,2,15707,28.89,HOEP (Legacy)
2003-11-14 02:00:00,2003,11,3,15440,28.61,HOEP (Legacy)
2003-11-14 03:00:00,2003,11,4,15404,28.61,HOEP (Legacy)
2003-11-14 04:00:00,2003,11,5,15460,28.75,HOEP (Legacy)
2003-11-14 05:00:00,2003,11,6,16014,28.71,HOEP (Legacy)
2003-11-14 06:00:00,2003,11,7,17477,38.95,HOEP (Legacy)
2003-11-14 07:00:00,2003,11,8,19106,73.16,HOEP (Legacy)
2003-11-14 08:00:00,2003,11,9,19660,67.65,HOEP (Legacy)
2003-11-14 09:00:00,2003,11,10,19866,79.23,HOEP (Legacy)
2003-11-14 10:00:00,2003,11,11,19735,68.92,HOEP (Legacy)
2003-11-14 11:00:00,2003,11,12,19537,68.23,HOEP (Legacy)
2003-11-14 12:00:00,2003,11,13,19318,48.05,HOEP (Legacy)
2003-11-14 13:00:00,2003,11,14,19400,52.4,HOEP (Legacy)
2003-11-14 14:00:00,2003,11,15,19340,49.76,HOEP (Legacy)
2003-11-14 15:00:00,2003,11,16,19333,49.3,HOEP (Legacy)
2003-11-14 16:00:00,2003,11,17,20007,75.92,HOEP (Legacy)
2003-11-14 17:00:00,2003,11,18,20841,84.94,HOEP (Legacy)
2003-11-14 18:00:00,2003,11,19,20425,76.06,HOEP (Legacy)
2003-11-14 19:00:00,2003,11,20,19884,51.03,HOEP (Legacy)
2003-11-14 20:00:00,2003,11,21,19271,46.58,HOEP (Legacy)
2003-11-14 21:00:00,2003,11,22,18753,44.48,HOEP (Legacy)
2003-11-14 22:00:00,2003,11,23,17746,32.18,HOEP (Legacy)
2003-11-14 23:00:00,2003,11,24,16370,32.23,HOEP (Legacy)
2003-11-15 00:00:00,2003,11,1,15440,30.02,HOEP (Legacy)
2003-11-15 01:00:00,2003,11,2,14923,29.29,HOEP (Legacy)
2003-11-15 02:00:00,2003,11,3,14629,29.09,HOEP (Legacy)
2003-11-15 03:00:00,2003,11,4,14500,29.16,HOEP (Legacy)
2003-11-15 04:00:00,2003,11,5,14505,28.76,HOEP (Legacy)
2003-11-15 05:00:00,2003,11,6,14761,28.97,HOEP (Legacy)
2003-11-15 06:00:00,2003,11,7,15260,28.89,HOEP (Legacy)
2003-11-15 07:00:00,2003,11,8,16069,30.23,HOEP (Legacy)
2003-11-15 08:00:00,2003,11,9,16995,38.7,HOEP (Legacy)
2003-11-15 09:00:00,2003,11,10,17643,43.93,HOEP (Legacy)
2003-11-15 10:00:00,2003,11,11,17660,47.33,HOEP (Legacy)
2003-11-15 11:00:00,2003,11,12,17607,42.5,HOEP (Legacy)
2003-11-15 12:00:00,2003,11,13,17362,31.36,HOEP (Legacy)
2003-11-15 13:00:00,2003,11,14,17087,30.75,HOEP (Legacy)
2003-11-15 14:00:00,2003,11,15,16837,29.69,HOEP (Legacy)
2003-11-15 15:00:00,2003,11,16,16935,29.52,HOEP (Legacy)
2003-11-15 16:00:00,2003,11,17,17498,29.92,HOEP (Legacy)
2003-11-15 17:00:00,2003,11,18,18766,62.86,HOEP (Legacy)
2003-11-15 18:00:00,2003,11,19,18410,33.95,HOEP (Legacy)
2003-11-15 19:00:00,2003,11,20,17918,31.56,HOEP (Legacy)
2003-11-15 20:00:00,2003,11,21,17547,30.69,HOEP (Legacy)
2003-11-15 21:00:00,2003,11,22,17062,43.26,HOEP (Legacy)
2003-11-15 22:00:00,2003,11,23,16259,32.49,HOEP (Legacy)
2003-11-15 23:00:00,2003,11,24,15437,29.57,HOEP (Legacy)
2003-11-16 00:00:00,2003,11,1,14702,29.56,HOEP (Legacy)
2003-11-16 01:00:00,2003,11,2,14111,28.29,HOEP (Legacy)
2003-11-16 02:00:00,2003,11,3,13769,27.92,HOEP (Legacy)
2003-11-16 03:00:00,2003,11,4,13642,27.86,HOEP (Legacy)
2003-11-16 04:00:00,2003,11,5,13562,27.2,HOEP (Legacy)
2003-11-16 05:00:00,2003,11,6,13565,25.27,HOEP (Legacy)
2003-11-16 06:00:00,2003,11,7,13916,27.07,HOEP (Legacy)
2003-11-16 07:00:00,2003,11,8,14521,26.82,HOEP (Legacy)
2003-11-16 08:00:00,2003,11,9,15447,28.58,HOEP (Legacy)
2003-11-16 09:00:00,2003,11,10,16230,29.39,HOEP (Legacy)
2003-11-16 10:00:00,2003,11,11,16664,31.08,HOEP (Legacy)
2003-11-16 11:00:00,2003,11,12,16985,31.45,HOEP (Legacy)
2003-11-16 12:00:00,2003,11,13,17129,31.51,HOEP (Legacy)
2003-11-16 13:00:00,2003,11,14,16967,31.06,HOEP (Legacy)
2003-11-16 14:00:00,2003,11,15,16910,31.46,HOEP (Legacy)
2003-11-16 15:00:00,2003,11,16,17092,32.92,HOEP (Legacy)
2003-11-16 16:00:00,2003,11,17,18034,34.35,HOEP (Legacy)
2003-11-16 17:00:00,2003,11,18,19052,60.09,HOEP (Legacy)
2003-11-16 18:00:00,2003,11,19,18722,37.48,HOEP (Legacy)
2003-11-16 19:00:00,2003,11,20,18256,32.02,HOEP (Legacy)
2003-11-16 20:00:00,2003,11,21,17874,34.42,HOEP (Legacy)
2003-11-16 21:00:00,2003,11,22,17298,30.67,HOEP (Legacy)
2003-11-16 22:00:00,2003,11,23,16349,29.04,HOEP (Legacy)
2003-11-16 23:00:00,2003,11,24,15494,29.14,HOEP (Legacy)
2003-11-17 00:00:00,2003,11,1,14831,28.33,HOEP (Legacy)
2003-11-17 01:00:00,2003,11,2,14482,27.9,HOEP (Legacy)
2003-11-17 02:00:00,2003,11,3,14385,27.62,HOEP (Legacy)
2003-11-17 03:00:00,2003,11,4,14334,27.52,HOEP (Legacy)
2003-11-17 04:00:00,2003,11,5,14504,27.61,HOEP (Legacy)
2003-11-17 05:00:00,2003,11,6,15062,27.5,HOEP (Legacy)
2003-11-17 06:00:00,2003,11,7,16606,29.48,HOEP (Legacy)
2003-11-17 07:00:00,2003,11,8,18328,49.06,HOEP (Legacy)
2003-11-17 08:00:00,2003,11,9,18984,67.55,HOEP (Legacy)
2003-11-17 09:00:00,2003,11,10,19181,64.79,HOEP (Legacy)
2003-11-17 10:00:00,2003,11,11,19245,66.15,HOEP (Legacy)
2003-11-17 11:00:00,2003,11,12,19253,48.08,HOEP (Legacy)
2003-11-17 12:00:00,2003,11,13,19032,47.07,HOEP (Legacy)
2003-11-17 13:00:00,2003,11,14,19018,34.44,HOEP (Legacy)
2003-11-17 14:00:00,2003,11,15,18853,47.09,HOEP (Legacy)
2003-11-17 15:00:00,2003,11,16,18952,51.34,HOEP (Legacy)
2003-11-17 16:00:00,2003,11,17,19878,75.51,HOEP (Legacy)
2003-11-17 17:00:00,2003,11,18,21051,88.73,HOEP (Legacy)
2003-11-17 18:00:00,2003,11,19,20679,81.1,HOEP (Legacy)
2003-11-17 19:00:00,2003,11,20,20181,77.0,HOEP (Legacy)
2003-11-17 20:00:00,2003,11,21,19595,62.51,HOEP (Legacy)
2003-11-17 21:00:00,2003,11,22,18797,34.62,HOEP (Legacy)
2003-11-17 22:00:00,2003,11,23,17548,30.03,HOEP (Legacy)
2003-11-17 23:00:00,2003,11,24,16137,28.13,HOEP (Legacy)
2003-11-18 00:00:00,2003,11,1,15222,28.02,HOEP (Legacy)
2003-11-18 01:00:00,2003,11,2,14683,26.45,HOEP (Legacy)
2003-11-18 02:00:00,2003,11,3,14370,24.59,HOEP (Legacy)
2003-11-18 03:00:00,2003,11,4,14277,25.07,HOEP (Legacy)
2003-11-18 04:00:00,2003,11,5,14351,23.39,HOEP (Legacy)
2003-11-18 05:00:00,2003,11,6,14927,27.27,HOEP (Legacy)
2003-11-18 06:00:00,2003,11,7,16273,29.77,HOEP (Legacy)
2003-11-18 07:00:00,2003,11,8,18029,35.35,HOEP (Legacy)
2003-11-18 08:00:00,2003,11,9,18591,34.76,HOEP (Legacy)
2003-11-18 09:00:00,2003,11,10,18598,43.14,HOEP (Legacy)
2003-11-18 10:00:00,2003,11,11,18580,32.22,HOEP (Legacy)
2003-11-18 11:00:00,2003,11,12,18774,46.29,HOEP (Legacy)
2003-11-18 12:00:00,2003,11,13,18651,35.38,HOEP (Legacy)
2003-11-18 13:00:00,2003,11,14,18559,46.27,HOEP (Legacy)
2003-11-18 14:00:00,2003,11,15,18584,41.61,HOEP (Legacy)
2003-11-18 15:00:00,2003,11,16,18772,35.43,HOEP (Legacy)
2003-11-18 16:00:00,2003,11,17,19591,54.17,HOEP (Legacy)
2003-11-18 17:00:00,2003,11,18,20498,71.94,HOEP (Legacy)
2003-11-18 18:00:00,2003,11,19,20158,70.17,HOEP (Legacy)
2003-11-18 19:00:00,2003,11,20,19741,55.52,HOEP (Legacy)
2003-11-18 20:00:00,2003,11,21,19234,37.06,HOEP (Legacy)
2003-11-18 21:00:00,2003,11,22,18557,30.51,HOEP (Legacy)
2003-11-18 22:00:00,2003,11,23,17313,28.6,HOEP (Legacy)
2003-11-18 23:00:00,2003,11,24,15899,27.36,HOEP (Legacy)
2003-11-19 00:00:00,2003,11,1,14927,23.36,HOEP (Legacy)
2003-11-19 01:00:00,2003,11,2,14410,25.82,HOEP (Legacy)
2003-11-19 02:00:00,2003,11,3,14091,24.43,HOEP (Legacy)
2003-11-19 03:00:00,2003,11,4,13877,21.57,HOEP (Legacy)
2003-11-19 04:00:00,2003,11,5,13954,21.29,HOEP (Legacy)
2003-11-19 05:00:00,2003,11,6,14506,23.81,HOEP (Legacy)
2003-11-19 06:00:00,2003,11,7,15746,28.12,HOEP (Legacy)
2003-11-19 07:00:00,2003,11,8,17648,41.63,HOEP (Legacy)
2003-11-19 08:00:00,2003,11,9,18507,52.84,HOEP (Legacy)
2003-11-19 09:00:00,2003,11,10,18407,65.64,HOEP (Legacy)
2003-11-19 10:00:00,2003,11,11,18836,60.02,HOEP (Legacy)
2003-11-19 11:00:00,2003,11,12,18797,65.36,HOEP (Legacy)
2003-11-19 12:00:00,2003,11,13,18670,52.94,HOEP (Legacy)
2003-11-19 13:00:00,2003,11,14,18577,34.49,HOEP (Legacy)
2003-11-19 14:00:00,2003,11,15,18334,31.45,HOEP (Legacy)
2003-11-19 15:00:00,2003,11,16,18516,31.48,HOEP (Legacy)
2003-11-19 16:00:00,2003,11,17,19202,42.41,HOEP (Legacy)
2003-11-19 17:00:00,2003,11,18,20203,70.26,HOEP (Legacy)
2003-11-19 18:00:00,2003,11,19,19937,61.06,HOEP (Legacy)
2003-11-19 19:00:00,2003,11,20,19560,42.37,HOEP (Legacy)
2003-11-19 20:00:00,2003,11,21,19179,49.06,HOEP (Legacy)
2003-11-19 21:00:00,2003,11,22,18417,32.92,HOEP (Legacy)
2003-11-19 22:00:00,2003,11,23,17210,29.98,HOEP (Legacy)
2003-11-19 23:00:00,2003,11,24,15895,28.38,HOEP (Legacy)
2003-11-20 00:00:00,2003,11,1,14932,26.25,HOEP (Legacy)
2003-11-20 01:00:00,2003,11,2,14427,26.36,HOEP (Legacy)
2003-11-20 02:00:00,2003,11,3,14198,25.65,HOEP (Legacy)
2003-11-20 03:00:00,2003,11,4,14185,25.41,HOEP (Legacy)
2003-11-20 04:00:00,2003,11,5,14298,22.74,HOEP (Legacy)
2003-11-20 05:00:00,2003,11,6,14962,22.53,HOEP (Legacy)
2003-11-20 06:00:00,2003,11,7,16265,27.01,HOEP (Legacy)
2003-11-20 07:00:00,2003,11,8,18090,29.08,HOEP (Legacy)
2003-11-20 08:00:00,2003,11,9,18571,30.53,HOEP (Legacy)
2003-11-20 09:00:00,2003,11,10,18522,29.51,HOEP (Legacy)
2003-11-20 10:00:00,2003,11,11,18698,30.79,HOEP (Legacy)
2003-11-20 11:00:00,2003,11,12,18625,30.81,HOEP (Legacy)
2003-11-20 12:00:00,2003,11,13,18350,30.07,HOEP (Legacy)
2003-11-20 13:00:00,2003,11,14,18174,29.76,HOEP (Legacy)
2003-11-20 14:00:00,2003,11,15,18119,29.34,HOEP (Legacy)
2003-11-20 15:00:00,2003,11,16,18270,29.14,HOEP (Legacy)
2003-11-20 16:00:00,2003,11,17,18978,32.0,HOEP (Legacy)
2003-11-20 17:00:00,2003,11,18,20365,59.79,HOEP (Legacy)
2003-11-20 18:00:00,2003,11,19,20391,57.39,HOEP (Legacy)
2003-11-20 19:00:00,2003,11,20,20121,53.78,HOEP (Legacy)
2003-11-20 20:00:00,2003,11,21,19612,42.38,HOEP (Legacy)
2003-11-20 21:00:00,2003,11,22,18819,35.15,HOEP (Legacy)
2003-11-20 22:00:00,2003,11,23,17661,29.36,HOEP (Legacy)
2003-11-20 23:00:00,2003,11,24,16523,28.12,HOEP (Legacy)
2003-11-21 00:00:00,2003,11,1,14953,27.27,HOEP (Legacy)
2003-11-21 01:00:00,2003,11,2,14445,24.5,HOEP (Legacy)
2003-11-21 02:00:00,2003,11,3,14221,22.46,HOEP (Legacy)
2003-11-21 03:00:00,2003,11,4,14102,23.99,HOEP (Legacy)
2003-11-21 04:00:00,2003,11,5,14255,22.72,HOEP (Legacy)
2003-11-21 05:00:00,2003,11,6,14800,25.46,HOEP (Legacy)
2003-11-21 06:00:00,2003,11,7,16358,28.59,HOEP (Legacy)
2003-11-21 07:00:00,2003,11,8,18114,33.0,HOEP (Legacy)
2003-11-21 08:00:00,2003,11,9,18497,33.2,HOEP (Legacy)
2003-11-21 09:00:00,2003,11,10,18486,35.53,HOEP (Legacy)
2003-11-21 10:00:00,2003,11,11,18565,50.15,HOEP (Legacy)
2003-11-21 11:00:00,2003,11,12,18444,38.61,HOEP (Legacy)
2003-11-21 12:00:00,2003,11,13,18307,30.38,HOEP (Legacy)
2003-11-21 13:00:00,2003,11,14,18173,30.23,HOEP (Legacy)
2003-11-21 14:00:00,2003,11,15,17965,29.02,HOEP (Legacy)
2003-11-21 15:00:00,2003,11,16,18052,29.24,HOEP (Legacy)
2003-11-21 16:00:00,2003,11,17,18459,31.75,HOEP (Legacy)
2003-11-21 17:00:00,2003,11,18,19677,51.9,HOEP (Legacy)
2003-11-21 18:00:00,2003,11,19,19546,35.56,HOEP (Legacy)
2003-11-21 19:00:00,2003,11,20,19143,31.04,HOEP (Legacy)
2003-11-21 20:00:00,2003,11,21,18745,30.31,HOEP (Legacy)
2003-11-21 21:00:00,2003,11,22,18120,30.31,HOEP (Legacy)
2003-11-21 22:00:00,2003,11,23,17123,29.62,HOEP (Legacy)
2003-11-21 23:00:00,2003,11,24,16049,29.1,HOEP (Legacy)
2003-11-22 00:00:00,2003,11,1,14697,28.51,HOEP (Legacy)
2003-11-22 01:00:00,2003,11,2,14195,24.32,HOEP (Legacy)
2003-11-22 02:00:00,2003,11,3,14071,21.26,HOEP (Legacy)
2003-11-22 03:00:00,2003,11,4,13977,20.96,HOEP (Legacy)
2003-11-22 04:00:00,2003,11,5,13967,20.96,HOEP (Legacy)
2003-11-22 05:00:00,2003,11,6,13994,25.56,HOEP (Legacy)
2003-11-22 06:00:00,2003,11,7,14619,28.61,HOEP (Legacy)
2003-11-22 07:00:00,2003,11,8,15567,29.3,HOEP (Legacy)
2003-11-22 08:00:00,2003,11,9,16588,29.72,HOEP (Legacy)
2003-11-22 09:00:00,2003,11,10,17275,30.91,HOEP (Legacy)
2003-11-22 10:00:00,2003,11,11,17360,30.94,HOEP (Legacy)
2003-11-22 11:00:00,2003,11,12,17326,30.81,HOEP (Legacy)
2003-11-22 12:00:00,2003,11,13,17249,30.03,HOEP (Legacy)
2003-11-22 13:00:00,2003,11,14,17084,29.56,HOEP (Legacy)
2003-11-22 14:00:00,2003,11,15,16902,29.32,HOEP (Legacy)
2003-11-22 15:00:00,2003,11,16,16959,29.89,HOEP (Legacy)
2003-11-22 16:00:00,2003,11,17,17695,37.19,HOEP (Legacy)
2003-11-22 17:00:00,2003,11,18,18957,53.43,HOEP (Legacy)
2003-11-22 18:00:00,2003,11,19,18435,36.41,HOEP (Legacy)
2003-11-22 19:00:00,2003,11,20,17982,32.49,HOEP (Legacy)
2003-11-22 20:00:00,2003,11,21,17518,30.74,HOEP (Legacy)
2003-11-22 21:00:00,2003,11,22,16940,30.31,HOEP (Legacy)
2003-11-22 22:00:00,2003,11,23,16223,29.75,HOEP (Legacy)
2003-11-22 23:00:00,2003,11,24,15202,27.71,HOEP (Legacy)
2003-11-23 00:00:00,2003,11,1,14330,28.28,HOEP (Legacy)
2003-11-23 01:00:00,2003,11,2,13717,26.86,HOEP (Legacy)
2003-11-23 02:00:00,2003,11,3,13498,27.67,HOEP (Legacy)
2003-11-23 03:00:00,2003,11,4,13168,26.83,HOEP (Legacy)
2003-11-23 04:00:00,2003,11,5,13107,24.71,HOEP (Legacy)
2003-11-23 05:00:00,2003,11,6,13359,25.12,HOEP (Legacy)
2003-11-23 06:00:00,2003,11,7,13710,24.67,HOEP (Legacy)
2003-11-23 07:00:00,2003,11,8,14232,27.39,HOEP (Legacy)
2003-11-23 08:00:00,2003,11,9,15095,28.29,HOEP (Legacy)
2003-11-23 09:00:00,2003,11,10,15908,28.96,HOEP (Legacy)
2003-11-23 10:00:00,2003,11,11,16142,29.28,HOEP (Legacy)
2003-11-23 11:00:00,2003,11,12,16415,32.74,HOEP (Legacy)
2003-11-23 12:00:00,2003,11,13,16351,30.83,HOEP (Legacy)
2003-11-23 13:00:00,2003,11,14,16170,29.56,HOEP (Legacy)
2003-11-23 14:00:00,2003,11,15,16065,29.12,HOEP (Legacy)
2003-11-23 15:00:00,2003,11,16,16276,29.17,HOEP (Legacy)
2003-11-23 16:00:00,2003,11,17,17332,46.54,HOEP (Legacy)
2003-11-23 17:00:00,2003,11,18,18708,68.83,HOEP (Legacy)
2003-11-23 18:00:00,2003,11,19,18420,62.85,HOEP (Legacy)
2003-11-23 19:00:00,2003,11,20,17966,53.69,HOEP (Legacy)
2003-11-23 20:00:00,2003,11,21,17537,58.61,HOEP (Legacy)
2003-11-23 21:00:00,2003,11,22,16933,37.42,HOEP (Legacy)
2003-11-23 22:00:00,2003,11,23,15975,32.27,HOEP (Legacy)
2003-11-23 23:00:00,2003,11,24,14954,28.42,HOEP (Legacy)
2003-11-24 00:00:00,2003,11,1,14333,27.21,HOEP (Legacy)
2003-11-24 01:00:00,2003,11,2,13948,22.62,HOEP (Legacy)
2003-11-24 02:00:00,2003,11,3,13790,21.65,HOEP (Legacy)
2003-11-24 03:00:00,2003,11,4,13695,21.64,HOEP (Legacy)
2003-11-24 04:00:00,2003,11,5,13864,20.74,HOEP (Legacy)
2003-11-24 05:00:00,2003,11,6,14508,22.76,HOEP (Legacy)
2003-11-24 06:00:00,2003,11,7,15950,28.64,HOEP (Legacy)
2003-11-24 07:00:00,2003,11,8,17826,60.61,HOEP (Legacy)
2003-11-24 08:00:00,2003,11,9,18415,57.41,HOEP (Legacy)
2003-11-24 09:00:00,2003,11,10,18699,57.22,HOEP (Legacy)
2003-11-24 10:00:00,2003,11,11,18909,53.42,HOEP (Legacy)
2003-11-24 11:00:00,2003,11,12,19091,58.34,HOEP (Legacy)
2003-11-24 12:00:00,2003,11,13,19112,67.99,HOEP (Legacy)
2003-11-24 13:00:00,2003,11,14,19114,69.53,HOEP (Legacy)
2003-11-24 14:00:00,2003,11,15,19210,70.48,HOEP (Legacy)
2003-11-24 15:00:00,2003,11,16,19523,62.22,HOEP (Legacy)
2003-11-24 16:00:00,2003,11,17,20785,81.12,HOEP (Legacy)
2003-11-24 17:00:00,2003,11,18,21584,134.21,HOEP (Legacy)
2003-11-24 18:00:00,2003,11,19,21237,127.19,HOEP (Legacy)
2003-11-24 19:00:00,2003,11,20,20803,88.55,HOEP (Legacy)
2003-11-24 20:00:00,2003,11,21,20320,77.49,HOEP (Legacy)
2003-11-24 21:00:00,2003,11,22,19584,59.32,HOEP (Legacy)
2003-11-24 22:00:00,2003,11,23,18429,45.86,HOEP (Legacy)
2003-11-24 23:00:00,2003,11,24,16760,29.42,HOEP (Legacy)
2003-11-25 00:00:00,2003,11,1,16061,29.05,HOEP (Legacy)
2003-11-25 01:00:00,2003,11,2,15570,28.35,HOEP (Legacy)
2003-11-25 02:00:00,2003,11,3,15209,28.03,HOEP (Legacy)
2003-11-25 03:00:00,2003,11,4,15081,27.85,HOEP (Legacy)
2003-11-25 04:00:00,2003,11,5,15228,27.85,HOEP (Legacy)
2003-11-25 05:00:00,2003,11,6,15753,29.12,HOEP (Legacy)
2003-11-25 06:00:00,2003,11,7,17212,35.76,HOEP (Legacy)
2003-11-25 07:00:00,2003,11,8,19363,74.33,HOEP (Legacy)
2003-11-25 08:00:00,2003,11,9,19596,80.04,HOEP (Legacy)
2003-11-25 09:00:00,2003,11,10,19439,64.4,HOEP (Legacy)
2003-11-25 10:00:00,2003,11,11,19402,58.43,HOEP (Legacy)
2003-11-25 11:00:00,2003,11,12,19352,44.83,HOEP (Legacy)
2003-11-25 12:00:00,2003,11,13,19087,59.22,HOEP (Legacy)
2003-11-25 13:00:00,2003,11,14,19068,52.18,HOEP (Legacy)
2003-11-25 14:00:00,2003,11,15,18956,56.14,HOEP (Legacy)
2003-11-25 15:00:00,2003,11,16,19203,32.04,HOEP (Legacy)
2003-11-25 16:00:00,2003,11,17,20312,62.42,HOEP (Legacy)
2003-11-25 17:00:00,2003,11,18,21523,83.26,HOEP (Legacy)
2003-11-25 18:00:00,2003,11,19,21324,77.48,HOEP (Legacy)
2003-11-25 19:00:00,2003,11,20,20846,79.89,HOEP (Legacy)
2003-11-25 20:00:00,2003,11,21,20329,70.98,HOEP (Legacy)
2003-11-25 21:00:00,2003,11,22,19532,34.08,HOEP (Legacy)
2003-11-25 22:00:00,2003,11,23,18255,29.05,HOEP (Legacy)
2003-11-25 23:00:00,2003,11,24,16762,28.23,HOEP (Legacy)
2003-11-26 00:00:00,2003,11,1,15684,27.86,HOEP (Legacy)
2003-11-26 01:00:00,2003,11,2,15143,27.57,HOEP (Legacy)
2003-11-26 02:00:00,2003,11,3,14880,27.03,HOEP (Legacy)
2003-11-26 03:00:00,2003,11,4,14762,26.99,HOEP (Legacy)
2003-11-26 04:00:00,2003,11,5,14804,26.82,HOEP (Legacy)
2003-11-26 05:00:00,2003,11,6,15352,27.71,HOEP (Legacy)
2003-11-26 06:00:00,2003,11,7,16845,33.75,HOEP (Legacy)
2003-11-26 07:00:00,2003,11,8,18725,40.96,HOEP (Legacy)
2003-11-26 08:00:00,2003,11,9,19119,44.45,HOEP (Legacy)
2003-11-26 09:00:00,2003,11,10,18985,30.71,HOEP (Legacy)
2003-11-26 10:00:00,2003,11,11,18955,30.37,HOEP (Legacy)
2003-11-26 11:00:00,2003,11,12,18804,30.18,HOEP (Legacy)
2003-11-26 12:00:00,2003,11,13,18559,30.0,HOEP (Legacy)
2003-11-26 13:00:00,2003,11,14,18556,29.97,HOEP (Legacy)
2003-11-26 14:00:00,2003,11,15,18362,28.43,HOEP (Legacy)
2003-11-26 15:00:00,2003,11,16,18412,28.75,HOEP (Legacy)
2003-11-26 16:00:00,2003,11,17,19189,30.94,HOEP (Legacy)
2003-11-26 17:00:00,2003,11,18,20698,51.24,HOEP (Legacy)
2003-11-26 18:00:00,2003,11,19,20669,58.52,HOEP (Legacy)
2003-11-26 19:00:00,2003,11,20,20367,56.71,HOEP (Legacy)
2003-11-26 20:00:00,2003,11,21,19838,52.12,HOEP (Legacy)
2003-11-26 21:00:00,2003,11,22,19169,30.08,HOEP (Legacy)
2003-11-26 22:00:00,2003,11,23,17989,29.23,HOEP (Legacy)
2003-11-26 23:00:00,2003,11,24,16353,28.67,HOEP (Legacy)
2003-11-27 00:00:00,2003,11,1,15483,27.96,HOEP (Legacy)
2003-11-27 01:00:00,2003,11,2,15147,26.75,HOEP (Legacy)
2003-11-27 02:00:00,2003,11,3,14907,23.68,HOEP (Legacy)
2003-11-27 03:00:00,2003,11,4,14814,21.7,HOEP (Legacy)
2003-11-27 04:00:00,2003,11,5,14937,20.63,HOEP (Legacy)
2003-11-27 05:00:00,2003,11,6,15363,23.04,HOEP (Legacy)
2003-11-27 06:00:00,2003,11,7,16863,27.34,HOEP (Legacy)
2003-11-27 07:00:00,2003,11,8,18657,37.04,HOEP (Legacy)
2003-11-27 08:00:00,2003,11,9,19229,33.55,HOEP (Legacy)
2003-11-27 09:00:00,2003,11,10,19131,49.14,HOEP (Legacy)
2003-11-27 10:00:00,2003,11,11,19195,50.65,HOEP (Legacy)
2003-11-27 11:00:00,2003,11,12,19369,31.44,HOEP (Legacy)
2003-11-27 12:00:00,2003,11,13,19387,48.13,HOEP (Legacy)
2003-11-27 13:00:00,2003,11,14,19418,62.7,HOEP (Legacy)
2003-11-27 14:00:00,2003,11,15,19359,65.89,HOEP (Legacy)
2003-11-27 15:00:00,2003,11,16,19575,49.56,HOEP (Legacy)
2003-11-27 16:00:00,2003,11,17,20549,82.9,HOEP (Legacy)
2003-11-27 17:00:00,2003,11,18,21404,82.26,HOEP (Legacy)
2003-11-27 18:00:00,2003,11,19,20918,62.67,HOEP (Legacy)
2003-11-27 19:00:00,2003,11,20,20530,58.01,HOEP (Legacy)
2003-11-27 20:00:00,2003,11,21,19932,36.4,HOEP (Legacy)
2003-11-27 21:00:00,2003,11,22,19086,30.9,HOEP (Legacy)
2003-11-27 22:00:00,2003,11,23,17831,28.9,HOEP (Legacy)
2003-11-27 23:00:00,2003,11,24,16313,26.84,HOEP (Legacy)
2003-11-28 00:00:00,2003,11,1,15328,26.33,HOEP (Legacy)
2003-11-28 01:00:00,2003,11,2,14880,24.92,HOEP (Legacy)
2003-11-28 02:00:00,2003,11,3,14457,22.64,HOEP (Legacy)
2003-11-28 03:00:00,2003,11,4,14356,21.54,HOEP (Legacy)
2003-11-28 04:00:00,2003,11,5,14436,21.61,HOEP (Legacy)
2003-11-28 05:00:00,2003,11,6,14923,21.82,HOEP (Legacy)
2003-11-28 06:00:00,2003,11,7,16303,28.23,HOEP (Legacy)
2003-11-28 07:00:00,2003,11,8,18313,44.07,HOEP (Legacy)
2003-11-28 08:00:00,2003,11,9,19324,78.26,HOEP (Legacy)
2003-11-28 09:00:00,2003,11,10,19497,75.58,HOEP (Legacy)
2003-11-28 10:00:00,2003,11,11,19616,69.56,HOEP (Legacy)
2003-11-28 11:00:00,2003,11,12,19778,83.02,HOEP (Legacy)
2003-11-28 12:00:00,2003,11,13,19781,77.9,HOEP (Legacy)
2003-11-28 13:00:00,2003,11,14,19673,78.88,HOEP (Legacy)
2003-11-28 14:00:00,2003,11,15,19609,80.75,HOEP (Legacy)
2003-11-28 15:00:00,2003,11,16,19647,72.39,HOEP (Legacy)
2003-11-28 16:00:00,2003,11,17,20313,79.68,HOEP (Legacy)
2003-11-28 17:00:00,2003,11,18,20981,81.7,HOEP (Legacy)
2003-11-28 18:00:00,2003,11,19,20560,66.5,HOEP (Legacy)
2003-11-28 19:00:00,2003,11,20,19961,57.64,HOEP (Legacy)
2003-11-28 20:00:00,2003,11,21,19569,48.96,HOEP (Legacy)
2003-11-28 21:00:00,2003,11,22,18942,52.6,HOEP (Legacy)
2003-11-28 22:00:00,2003,11,23,17857,36.42,HOEP (Legacy)
2003-11-28 23:00:00,2003,11,24,16583,28.99,HOEP (Legacy)
2003-11-29 00:00:00,2003,11,1,15550,30.19,HOEP (Legacy)
2003-11-29 01:00:00,2003,11,2,15035,29.37,HOEP (Legacy)
2003-11-29 02:00:00,2003,11,3,14605,27.49,HOEP (Legacy)
2003-11-29 03:00:00,2003,11,4,14482,26.92,HOEP (Legacy)
2003-11-29 04:00:00,2003,11,5,14473,28.34,HOEP (Legacy)
2003-11-29 05:00:00,2003,11,6,14573,28.03,HOEP (Legacy)
2003-11-29 06:00:00,2003,11,7,14956,27.07,HOEP (Legacy)
2003-11-29 07:00:00,2003,11,8,15941,30.48,HOEP (Legacy)
2003-11-29 08:00:00,2003,11,9,16898,34.72,HOEP (Legacy)
2003-11-29 09:00:00,2003,11,10,17629,36.66,HOEP (Legacy)
2003-11-29 10:00:00,2003,11,11,17937,36.51,HOEP (Legacy)
2003-11-29 11:00:00,2003,11,12,17984,37.18,HOEP (Legacy)
2003-11-29 12:00:00,2003,11,13,17807,37.17,HOEP (Legacy)
2003-11-29 13:00:00,2003,11,14,17410,37.28,HOEP (Legacy)
2003-11-29 14:00:00,2003,11,15,17312,33.84,HOEP (Legacy)
2003-11-29 15:00:00,2003,11,16,17406,32.08,HOEP (Legacy)
2003-11-29 16:00:00,2003,11,17,18186,31.93,HOEP (Legacy)
2003-11-29 17:00:00,2003,11,18,19454,49.63,HOEP (Legacy)
2003-11-29 18:00:00,2003,11,19,19255,41.12,HOEP (Legacy)
2003-11-29 19:00:00,2003,11,20,18813,36.42,HOEP (Legacy)
2003-11-29 20:00:00,2003,11,21,18348,40.19,HOEP (Legacy)
2003-11-29 21:00:00,2003,11,22,17794,35.57,HOEP (Legacy)
2003-11-29 22:00:00,2003,11,23,17074,32.55,HOEP (Legacy)
2003-11-29 23:00:00,2003,11,24,16113,29.91,HOEP (Legacy)
2003-11-30 00:00:00,2003,11,1,15120,26.99,HOEP (Legacy)
2003-11-30 01:00:00,2003,11,2,14636,26.94,HOEP (Legacy)
2003-11-30 02:00:00,2003,11,3,14278,25.85,HOEP (Legacy)
2003-11-30 03:00:00,2003,11,4,14003,25.1,HOEP (Legacy)
2003-11-30 04:00:00,2003,11,5,13980,25.31,HOEP (Legacy)
2003-11-30 05:00:00,2003,11,6,14084,24.62,HOEP (Legacy)
2003-11-30 06:00:00,2003,11,7,14273,24.0,HOEP (Legacy)
2003-11-30 07:00:00,2003,11,8,14871,25.66,HOEP (Legacy)
2003-11-30 08:00:00,2003,11,9,15754,28.79,HOEP (Legacy)
2003-11-30 09:00:00,2003,11,10,16446,29.93,HOEP (Legacy)
2003-11-30 10:00:00,2003,11,11,16904,30.73,HOEP (Legacy)
2003-11-30 11:00:00,2003,11,12,17082,30.91,HOEP (Legacy)
2003-11-30 12:00:00,2003,11,13,17073,30.54,HOEP (Legacy)
2003-11-30 13:00:00,2003,11,14,16899,30.17,HOEP (Legacy)
2003-11-30 14:00:00,2003,11,15,16819,29.74,HOEP (Legacy)
2003-11-30 15:00:00,2003,11,16,16918,29.92,HOEP (Legacy)
2003-11-30 16:00:00,2003,11,17,17929,32.83,HOEP (Legacy)
2003-11-30 17:00:00,2003,11,18,19495,68.68,HOEP (Legacy)
2003-11-30 18:00:00,2003,11,19,19295,71.91,HOEP (Legacy)
2003-11-30 19:00:00,2003,11,20,18908,42.44,HOEP (Legacy)
2003-11-30 20:00:00,2003,11,21,18568,33.41,HOEP (Legacy)
2003-11-30 21:00:00,2003,11,22,17959,32.43,HOEP (Legacy)
2003-11-30 22:00:00,2003,11,23,16921,30.68,HOEP (Legacy)
2003-11-30 23:00:00,2003,11,24,15568,28.15,HOEP (Legacy)
2003-12-01 00:00:00,2003,12,1,14909,24.95,HOEP (Legacy)
2003-12-01 01:00:00,2003,12,2,14550,23.36,HOEP (Legacy)
2003-12-01 02:00:00,2003,12,3,14368,23.74,HOEP (Legacy)
2003-12-01 03:00:00,2003,12,4,14408,23.71,HOEP (Legacy)
2003-12-01 04:00:00,2003,12,5,14587,22.85,HOEP (Legacy)
2003-12-01 05:00:00,2003,12,6,15139,24.99,HOEP (Legacy)
2003-12-01 06:00:00,2003,12,7,16723,28.47,HOEP (Legacy)
2003-12-01 07:00:00,2003,12,8,18808,31.26,HOEP (Legacy)
2003-12-01 08:00:00,2003,12,9,19284,38.93,HOEP (Legacy)
2003-12-01 09:00:00,2003,12,10,19458,48.02,HOEP (Legacy)
2003-12-01 10:00:00,2003,12,11,19700,53.21,HOEP (Legacy)
2003-12-01 11:00:00,2003,12,12,19540,34.7,HOEP (Legacy)
2003-12-01 12:00:00,2003,12,13,19381,31.68,HOEP (Legacy)
2003-12-01 13:00:00,2003,12,14,19370,31.77,HOEP (Legacy)
2003-12-01 14:00:00,2003,12,15,19313,29.86,HOEP (Legacy)
2003-12-01 15:00:00,2003,12,16,19499,30.12,HOEP (Legacy)
2003-12-01 16:00:00,2003,12,17,20468,37.47,HOEP (Legacy)
2003-12-01 17:00:00,2003,12,18,22080,76.24,HOEP (Legacy)
2003-12-01 18:00:00,2003,12,19,21956,76.71,HOEP (Legacy)
2003-12-01 19:00:00,2003,12,20,21640,75.56,HOEP (Legacy)
2003-12-01 20:00:00,2003,12,21,21140,65.64,HOEP (Legacy)
2003-12-01 21:00:00,2003,12,22,20367,48.51,HOEP (Legacy)
2003-12-01 22:00:00,2003,12,23,19186,38.06,HOEP (Legacy)
2003-12-01 23:00:00,2003,12,24,17514,28.97,HOEP (Legacy)
2003-12-02 00:00:00,2003,12,1,16381,28.18,HOEP (Legacy)
2003-12-02 01:00:00,2003,12,2,15750,26.65,HOEP (Legacy)
2003-12-02 02:00:00,2003,12,3,15498,26.1,HOEP (Legacy)
2003-12-02 03:00:00,2003,12,4,15550,25.74,HOEP (Legacy)
2003-12-02 04:00:00,2003,12,5,15743,25.58,HOEP (Legacy)
2003-12-02 05:00:00,2003,12,6,16439,27.88,HOEP (Legacy)
2003-12-02 06:00:00,2003,12,7,17894,30.5,HOEP (Legacy)
2003-12-02 07:00:00,2003,12,8,19756,43.72,HOEP (Legacy)
2003-12-02 08:00:00,2003,12,9,19987,31.25,HOEP (Legacy)
2003-12-02 09:00:00,2003,12,10,19999,30.2,HOEP (Legacy)
2003-12-02 10:00:00,2003,12,11,20103,30.84,HOEP (Legacy)
2003-12-02 11:00:00,2003,12,12,20138,34.01,HOEP (Legacy)
2003-12-02 12:00:00,2003,12,13,19976,34.73,HOEP (Legacy)
2003-12-02 13:00:00,2003,12,14,19913,62.83,HOEP (Legacy)
2003-12-02 14:00:00,2003,12,15,19905,57.5,HOEP (Legacy)
2003-12-02 15:00:00,2003,12,16,20069,30.15,HOEP (Legacy)
2003-12-02 16:00:00,2003,12,17,20990,44.9,HOEP (Legacy)
2003-12-02 17:00:00,2003,12,18,22616,79.95,HOEP (Legacy)
2003-12-02 18:00:00,2003,12,19,22798,82.59,HOEP (Legacy)
2003-12-02 19:00:00,2003,12,20,22443,82.7,HOEP (Legacy)
2003-12-02 20:00:00,2003,12,21,21954,80.32,HOEP (Legacy)
2003-12-02 21:00:00,2003,12,22,21101,53.02,HOEP (Legacy)
2003-12-02 22:00:00,2003,12,23,19611,51.77,HOEP (Legacy)
2003-12-02 23:00:00,2003,12,24,17955,31.12,HOEP (Legacy)
2003-12-03 00:00:00,2003,12,1,17006,29.82,HOEP (Legacy)
2003-12-03 01:00:00,2003,12,2,16526,33.27,HOEP (Legacy)
2003-12-03 02:00:00,2003,12,3,16334,30.48,HOEP (Legacy)
2003-12-03 03:00:00,2003,12,4,16190,35.6,HOEP (Legacy)
2003-12-03 04:00:00,2003,12,5,16295,38.27,HOEP (Legacy)
2003-12-03 05:00:00,2003,12,6,16986,41.63,HOEP (Legacy)
2003-12-03 06:00:00,2003,12,7,18368,55.8,HOEP (Legacy)
2003-12-03 07:00:00,2003,12,8,20417,80.03,HOEP (Legacy)
2003-12-03 08:00:00,2003,12,9,20682,79.99,HOEP (Legacy)
2003-12-03 09:00:00,2003,12,10,20503,60.61,HOEP (Legacy)
2003-12-03 10:00:00,2003,12,11,20382,55.84,HOEP (Legacy)
2003-12-03 11:00:00,2003,12,12,20192,31.16,HOEP (Legacy)
2003-12-03 12:00:00,2003,12,13,19971,32.21,HOEP (Legacy)
2003-12-03 13:00:00,2003,12,14,19823,31.17,HOEP (Legacy)
2003-12-03 14:00:00,2003,12,15,19651,30.81,HOEP (Legacy)
2003-12-03 15:00:00,2003,12,16,19970,47.81,HOEP (Legacy)
2003-12-03 16:00:00,2003,12,17,20895,70.6,HOEP (Legacy)
2003-12-03 17:00:00,2003,12,18,22530,95.76,HOEP (Legacy)
2003-12-03 18:00:00,2003,12,19,22435,94.84,HOEP (Legacy)
2003-12-03 19:00:00,2003,12,20,22000,88.62,HOEP (Legacy)
2003-12-03 20:00:00,2003,12,21,21530,83.64,HOEP (Legacy)
2003-12-03 21:00:00,2003,12,22,20721,76.62,HOEP (Legacy)
2003-12-03 22:00:00,2003,12,23,19416,61.58,HOEP (Legacy)
2003-12-03 23:00:00,2003,12,24,17603,29.66,HOEP (Legacy)
2003-12-04 00:00:00,2003,12,1,16738,34.27,HOEP (Legacy)
2003-12-04 01:00:00,2003,12,2,16160,32.61,HOEP (Legacy)
2003-12-04 02:00:00,2003,12,3,15951,45.12,HOEP (Legacy)
2003-12-04 03:00:00,2003,12,4,15855,32.73,HOEP (Legacy)
2003-12-04 04:00:00,2003,12,5,15767,35.44,HOEP (Legacy)
2003-12-04 05:00:00,2003,12,6,16338,29.79,HOEP (Legacy)
2003-12-04 06:00:00,2003,12,7,17865,54.79,HOEP (Legacy)
2003-12-04 07:00:00,2003,12,8,19735,75.71,HOEP (Legacy)
2003-12-04 08:00:00,2003,12,9,20210,76.15,HOEP (Legacy)
2003-12-04 09:00:00,2003,12,10,20069,74.56,HOEP (Legacy)
2003-12-04 10:00:00,2003,12,11,19976,75.85,HOEP (Legacy)
2003-12-04 11:00:00,2003,12,12,19783,35.26,HOEP (Legacy)
2003-12-04 12:00:00,2003,12,13,19395,35.76,HOEP (Legacy)
2003-12-04 13:00:00,2003,12,14,19306,70.24,HOEP (Legacy)
2003-12-04 14:00:00,2003,12,15,19051,30.51,HOEP (Legacy)
2003-12-04 15:00:00,2003,12,16,19264,29.09,HOEP (Legacy)
2003-12-04 16:00:00,2003,12,17,20277,42.68,HOEP (Legacy)
2003-12-04 17:00:00,2003,12,18,21848,86.2,HOEP (Legacy)
2003-12-04 18:00:00,2003,12,19,21969,86.13,HOEP (Legacy)
2003-12-04 19:00:00,2003,12,20,21589,84.35,HOEP (Legacy)
2003-12-04 20:00:00,2003,12,21,21180,81.56,HOEP (Legacy)
2003-12-04 21:00:00,2003,12,22,20393,46.18,HOEP (Legacy)
2003-12-04 22:00:00,2003,12,23,19024,29.67,HOEP (Legacy)
2003-12-04 23:00:00,2003,12,24,17418,28.73,HOEP (Legacy)
2003-12-05 00:00:00,2003,12,1,16386,28.63,HOEP (Legacy)
2003-12-05 01:00:00,2003,12,2,15816,28.56,HOEP (Legacy)
2003-12-05 02:00:00,2003,12,3,15721,28.47,HOEP (Legacy)
2003-12-05 03:00:00,2003,12,4,15535,28.24,HOEP (Legacy)
2003-12-05 04:00:00,2003,12,5,15741,28.47,HOEP (Legacy)
2003-12-05 05:00:00,2003,12,6,16446,29.22,HOEP (Legacy)
2003-12-05 06:00:00,2003,12,7,17866,42.95,HOEP (Legacy)
2003-12-05 07:00:00,2003,12,8,19867,80.48,HOEP (Legacy)
2003-12-05 08:00:00,2003,12,9,20479,92.74,HOEP (Legacy)
2003-12-05 09:00:00,2003,12,10,20711,89.58,HOEP (Legacy)
2003-12-05 10:00:00,2003,12,11,20743,95.85,HOEP (Legacy)
2003-12-05 11:00:00,2003,12,12,20652,90.02,HOEP (Legacy)
2003-12-05 12:00:00,2003,12,13,20327,76.66,HOEP (Legacy)
2003-12-05 13:00:00,2003,12,14,20142,78.64,HOEP (Legacy)
2003-12-05 14:00:00,2003,12,15,20024,60.37,HOEP (Legacy)
2003-12-05 15:00:00,2003,12,16,19977,29.52,HOEP (Legacy)
2003-12-05 16:00:00,2003,12,17,20667,35.44,HOEP (Legacy)
2003-12-05 17:00:00,2003,12,18,22190,103.28,HOEP (Legacy)
2003-12-05 18:00:00,2003,12,19,21789,91.66,HOEP (Legacy)
2003-12-05 19:00:00,2003,12,20,21379,84.89,HOEP (Legacy)
2003-12-05 20:00:00,2003,12,21,20973,81.29,HOEP (Legacy)
2003-12-05 21:00:00,2003,12,22,20312,66.96,HOEP (Legacy)
2003-12-05 22:00:00,2003,12,23,19188,41.08,HOEP (Legacy)
2003-12-05 23:00:00,2003,12,24,17639,28.72,HOEP (Legacy)
2003-12-06 00:00:00,2003,12,1,16629,31.11,HOEP (Legacy)
2003-12-06 01:00:00,2003,12,2,16010,28.8,HOEP (Legacy)
2003-12-06 02:00:00,2003,12,3,15742,28.72,HOEP (Legacy)
2003-12-06 03:00:00,2003,12,4,15526,28.92,HOEP (Legacy)
2003-12-06 04:00:00,2003,12,5,15546,28.69,HOEP (Legacy)
2003-12-06 05:00:00,2003,12,6,15810,29.18,HOEP (Legacy)
2003-12-06 06:00:00,2003,12,7,16396,30.02,HOEP (Legacy)
2003-12-06 07:00:00,2003,12,8,17434,37.84,HOEP (Legacy)
2003-12-06 08:00:00,2003,12,9,18285,49.35,HOEP (Legacy)
2003-12-06 09:00:00,2003,12,10,19145,54.36,HOEP (Legacy)
2003-12-06 10:00:00,2003,12,11,19277,76.48,HOEP (Legacy)
2003-12-06 11:00:00,2003,12,12,19178,113.03,HOEP (Legacy)
2003-12-06 12:00:00,2003,12,13,18860,30.93,HOEP (Legacy)
2003-12-06 13:00:00,2003,12,14,18541,30.84,HOEP (Legacy)
2003-12-06 14:00:00,2003,12,15,18478,31.15,HOEP (Legacy)
2003-12-06 15:00:00,2003,12,16,18624,29.78,HOEP (Legacy)
2003-12-06 16:00:00,2003,12,17,19477,50.44,HOEP (Legacy)
2003-12-06 17:00:00,2003,12,18,20897,93.81,HOEP (Legacy)
2003-12-06 18:00:00,2003,12,19,20607,99.0,HOEP (Legacy)
2003-12-06 19:00:00,2003,12,20,20177,97.43,HOEP (Legacy)
2003-12-06 20:00:00,2003,12,21,19774,95.21,HOEP (Legacy)
2003-12-06 21:00:00,2003,12,22,19124,57.42,HOEP (Legacy)
2003-12-06 22:00:00,2003,12,23,18219,38.06,HOEP (Legacy)
2003-12-06 23:00:00,2003,12,24,17093,29.18,HOEP (Legacy)
2003-12-07 00:00:00,2003,12,1,16326,40.51,HOEP (Legacy)
2003-12-07 01:00:00,2003,12,2,15760,30.04,HOEP (Legacy)
2003-12-07 02:00:00,2003,12,3,15417,28.52,HOEP (Legacy)
2003-12-07 03:00:00,2003,12,4,15299,28.57,HOEP (Legacy)
2003-12-07 04:00:00,2003,12,5,15292,28.8,HOEP (Legacy)
2003-12-07 05:00:00,2003,12,6,15471,28.6,HOEP (Legacy)
2003-12-07 06:00:00,2003,12,7,15721,28.67,HOEP (Legacy)
2003-12-07 07:00:00,2003,12,8,16554,30.5,HOEP (Legacy)
2003-12-07 08:00:00,2003,12,9,17249,35.7,HOEP (Legacy)
2003-12-07 09:00:00,2003,12,10,17855,44.72,HOEP (Legacy)
2003-12-07 10:00:00,2003,12,11,18158,59.64,HOEP (Legacy)
2003-12-07 11:00:00,2003,12,12,18017,30.99,HOEP (Legacy)
2003-12-07 12:00:00,2003,12,13,17861,29.98,HOEP (Legacy)
2003-12-07 13:00:00,2003,12,14,17593,29.38,HOEP (Legacy)
2003-12-07 14:00:00,2003,12,15,17463,29.8,HOEP (Legacy)
2003-12-07 15:00:00,2003,12,16,17710,28.9,HOEP (Legacy)
2003-12-07 16:00:00,2003,12,17,18893,54.14,HOEP (Legacy)
2003-12-07 17:00:00,2003,12,18,20874,96.19,HOEP (Legacy)
2003-12-07 18:00:00,2003,12,19,20653,92.56,HOEP (Legacy)
2003-12-07 19:00:00,2003,12,20,20324,88.27,HOEP (Legacy)
2003-12-07 20:00:00,2003,12,21,19956,85.32,HOEP (Legacy)
2003-12-07 21:00:00,2003,12,22,19354,85.53,HOEP (Legacy)
2003-12-07 22:00:00,2003,12,23,18235,67.74,HOEP (Legacy)
2003-12-07 23:00:00,2003,12,24,16986,51.84,HOEP (Legacy)
2003-12-08 00:00:00,2003,12,1,16091,55.51,HOEP (Legacy)
2003-12-08 01:00:00,2003,12,2,15813,78.6,HOEP (Legacy)
2003-12-08 02:00:00,2003,12,3,15776,30.42,HOEP (Legacy)
2003-12-08 03:00:00,2003,12,4,15765,29.58,HOEP (Legacy)
2003-12-08 04:00:00,2003,12,5,15793,30.15,HOEP (Legacy)
2003-12-08 05:00:00,2003,12,6,16553,30.94,HOEP (Legacy)
2003-12-08 06:00:00,2003,12,7,18254,43.97,HOEP (Legacy)
2003-12-08 07:00:00,2003,12,8,20284,78.03,HOEP (Legacy)
2003-12-08 08:00:00,2003,12,9,20596,94.21,HOEP (Legacy)
2003-12-08 09:00:00,2003,12,10,20426,85.12,HOEP (Legacy)
2003-12-08 10:00:00,2003,12,11,20360,82.07,HOEP (Legacy)
2003-12-08 11:00:00,2003,12,12,20126,47.04,HOEP (Legacy)
2003-12-08 12:00:00,2003,12,13,19928,73.09,HOEP (Legacy)
2003-12-08 13:00:00,2003,12,14,19831,44.35,HOEP (Legacy)
2003-12-08 14:00:00,2003,12,15,19707,36.86,HOEP (Legacy)
2003-12-08 15:00:00,2003,12,16,19839,28.6,HOEP (Legacy)
2003-12-08 16:00:00,2003,12,17,21059,51.21,HOEP (Legacy)
2003-12-08 17:00:00,2003,12,18,22664,96.05,HOEP (Legacy)
2003-12-08 18:00:00,2003,12,19,22497,92.93,HOEP (Legacy)
2003-12-08 19:00:00,2003,12,20,22089,94.77,HOEP (Legacy)
2003-12-08 20:00:00,2003,12,21,21616,90.12,HOEP (Legacy)
2003-12-08 21:00:00,2003,12,22,20756,68.65,HOEP (Legacy)
2003-12-08 22:00:00,2003,12,23,19208,27.78,HOEP (Legacy)
2003-12-08 23:00:00,2003,12,24,17494,26.76,HOEP (Legacy)
2003-12-09 00:00:00,2003,12,1,16473,28.16,HOEP (Legacy)
2003-12-09 01:00:00,2003,12,2,15851,28.55,HOEP (Legacy)
2003-12-09 02:00:00,2003,12,3,15639,29.16,HOEP (Legacy)
2003-12-09 03:00:00,2003,12,4,15520,28.81,HOEP (Legacy)
2003-12-09 04:00:00,2003,12,5,15574,27.94,HOEP (Legacy)
2003-12-09 05:00:00,2003,12,6,16177,29.33,HOEP (Legacy)
2003-12-09 06:00:00,2003,12,7,17616,38.95,HOEP (Legacy)
2003-12-09 07:00:00,2003,12,8,19608,71.85,HOEP (Legacy)
2003-12-09 08:00:00,2003,12,9,20102,79.06,HOEP (Legacy)
2003-12-09 09:00:00,2003,12,10,20117,74.52,HOEP (Legacy)
2003-12-09 10:00:00,2003,12,11,20100,58.31,HOEP (Legacy)
2003-12-09 11:00:00,2003,12,12,20015,70.84,HOEP (Legacy)
2003-12-09 12:00:00,2003,12,13,19831,69.09,HOEP (Legacy)
2003-12-09 13:00:00,2003,12,14,19847,30.81,HOEP (Legacy)
2003-12-09 14:00:00,2003,12,15,19825,43.21,HOEP (Legacy)
2003-12-09 15:00:00,2003,12,16,20075,69.34,HOEP (Legacy)
2003-12-09 16:00:00,2003,12,17,21263,63.14,HOEP (Legacy)
2003-12-09 17:00:00,2003,12,18,22628,98.24,HOEP (Legacy)
2003-12-09 18:00:00,2003,12,19,22434,98.74,HOEP (Legacy)
2003-12-09 19:00:00,2003,12,20,21907,94.62,HOEP (Legacy)
2003-12-09 20:00:00,2003,12,21,21368,91.23,HOEP (Legacy)
2003-12-09 21:00:00,2003,12,22,20502,72.37,HOEP (Legacy)
2003-12-09 22:00:00,2003,12,23,19018,27.82,HOEP (Legacy)
2003-12-09 23:00:00,2003,12,24,17352,26.22,HOEP (Legacy)
2003-12-10 00:00:00,2003,12,1,16237,27.55,HOEP (Legacy)
2003-12-10 01:00:00,2003,12,2,15583,27.59,HOEP (Legacy)
2003-12-10 02:00:00,2003,12,3,15323,27.02,HOEP (Legacy)
2003-12-10 03:00:00,2003,12,4,15187,26.23,HOEP (Legacy)
2003-12-10 04:00:00,2003,12,5,15298,26.65,HOEP (Legacy)
2003-12-10 05:00:00,2003,12,6,15829,27.55,HOEP (Legacy)
2003-12-10 06:00:00,2003,12,7,17307,27.81,HOEP (Legacy)
2003-12-10 07:00:00,2003,12,8,19388,48.53,HOEP (Legacy)
2003-12-10 08:00:00,2003,12,9,19947,35.23,HOEP (Legacy)
2003-12-10 09:00:00,2003,12,10,19872,30.75,HOEP (Legacy)
2003-12-10 10:00:00,2003,12,11,19839,30.5,HOEP (Legacy)
2003-12-10 11:00:00,2003,12,12,19776,44.0,HOEP (Legacy)
2003-12-10 12:00:00,2003,12,13,19685,92.62,HOEP (Legacy)
2003-12-10 13:00:00,2003,12,14,19531,82.79,HOEP (Legacy)
2003-12-10 14:00:00,2003,12,15,19414,47.09,HOEP (Legacy)
2003-12-10 15:00:00,2003,12,16,19626,33.21,HOEP (Legacy)
2003-12-10 16:00:00,2003,12,17,20881,64.26,HOEP (Legacy)
2003-12-10 17:00:00,2003,12,18,22282,102.86,HOEP (Legacy)
2003-12-10 18:00:00,2003,12,19,22045,95.91,HOEP (Legacy)
2003-12-10 19:00:00,2003,12,20,21612,94.05,HOEP (Legacy)
2003-12-10 20:00:00,2003,12,21,21093,89.43,HOEP (Legacy)
2003-12-10 21:00:00,2003,12,22,20134,49.25,HOEP (Legacy)
2003-12-10 22:00:00,2003,12,23,18678,27.88,HOEP (Legacy)
2003-12-10 23:00:00,2003,12,24,16993,27.92,HOEP (Legacy)
2003-12-11 00:00:00,2003,12,1,15933,27.8,HOEP (Legacy)
2003-12-11 01:00:00,2003,12,2,15440,27.19,HOEP (Legacy)
2003-12-11 02:00:00,2003,12,3,15154,26.56,HOEP (Legacy)
2003-12-11 03:00:00,2003,12,4,14886,26.05,HOEP (Legacy)
2003-12-11 04:00:00,2003,12,5,15043,26.44,HOEP (Legacy)
2003-12-11 05:00:00,2003,12,6,15533,25.94,HOEP (Legacy)
2003-12-11 06:00:00,2003,12,7,17014,27.96,HOEP (Legacy)
2003-12-11 07:00:00,2003,12,8,18972,66.82,HOEP (Legacy)
2003-12-11 08:00:00,2003,12,9,19658,89.28,HOEP (Legacy)
2003-12-11 09:00:00,2003,12,10,19792,88.75,HOEP (Legacy)
2003-12-11 10:00:00,2003,12,11,19965,57.89,HOEP (Legacy)
2003-12-11 11:00:00,2003,12,12,19910,94.6,HOEP (Legacy)
2003-12-11 12:00:00,2003,12,13,19850,83.9,HOEP (Legacy)
2003-12-11 13:00:00,2003,12,14,19831,91.08,HOEP (Legacy)
2003-12-11 14:00:00,2003,12,15,19832,56.64,HOEP (Legacy)
2003-12-11 15:00:00,2003,12,16,20056,30.52,HOEP (Legacy)
2003-12-11 16:00:00,2003,12,17,21314,45.67,HOEP (Legacy)
2003-12-11 17:00:00,2003,12,18,22527,72.48,HOEP (Legacy)
2003-12-11 18:00:00,2003,12,19,22455,94.81,HOEP (Legacy)
2003-12-11 19:00:00,2003,12,20,22049,89.0,HOEP (Legacy)
2003-12-11 20:00:00,2003,12,21,21593,92.98,HOEP (Legacy)
2003-12-11 21:00:00,2003,12,22,20916,72.62,HOEP (Legacy)
2003-12-11 22:00:00,2003,12,23,19556,32.82,HOEP (Legacy)
2003-12-11 23:00:00,2003,12,24,17868,28.06,HOEP (Legacy)
2003-12-12 00:00:00,2003,12,1,16899,28.28,HOEP (Legacy)
2003-12-12 01:00:00,2003,12,2,16298,29.41,HOEP (Legacy)
2003-12-12 02:00:00,2003,12,3,15905,28.49,HOEP (Legacy)
2003-12-12 03:00:00,2003,12,4,15758,28.64,HOEP (Legacy)
2003-12-12 04:00:00,2003,12,5,15961,28.5,HOEP (Legacy)
2003-12-12 05:00:00,2003,12,6,16511,28.11,HOEP (Legacy)
2003-12-12 06:00:00,2003,12,7,17940,32.93,HOEP (Legacy)
2003-12-12 07:00:00,2003,12,8,19962,56.93,HOEP (Legacy)
2003-12-12 08:00:00,2003,12,9,20514,46.39,HOEP (Legacy)
2003-12-12 09:00:00,2003,12,10,20493,47.02,HOEP (Legacy)
2003-12-12 10:00:00,2003,12,11,20432,74.39,HOEP (Legacy)
2003-12-12 11:00:00,2003,12,12,20288,49.64,HOEP (Legacy)
2003-12-12 12:00:00,2003,12,13,20135,36.4,HOEP (Legacy)
2003-12-12 13:00:00,2003,12,14,20018,40.63,HOEP (Legacy)
2003-12-12 14:00:00,2003,12,15,19901,33.18,HOEP (Legacy)
2003-12-12 15:00:00,2003,12,16,20028,29.35,HOEP (Legacy)
2003-12-12 16:00:00,2003,12,17,20919,42.74,HOEP (Legacy)
2003-12-12 17:00:00,2003,12,18,22474,96.54,HOEP (Legacy)
2003-12-12 18:00:00,2003,12,19,22382,94.07,HOEP (Legacy)
2003-12-12 19:00:00,2003,12,20,21855,92.08,HOEP (Legacy)
2003-12-12 20:00:00,2003,12,21,21474,82.31,HOEP (Legacy)
2003-12-12 21:00:00,2003,12,22,20751,51.77,HOEP (Legacy)
2003-12-12 22:00:00,2003,12,23,19595,48.2,HOEP (Legacy)
2003-12-12 23:00:00,2003,12,24,18080,30.01,HOEP (Legacy)
2003-12-13 00:00:00,2003,12,1,17046,29.41,HOEP (Legacy)
2003-12-13 01:00:00,2003,12,2,16413,29.07,HOEP (Legacy)
2003-12-13 02:00:00,2003,12,3,15975,29.03,HOEP (Legacy)
2003-12-13 03:00:00,2003,12,4,15830,31.74,HOEP (Legacy)
2003-12-13 04:00:00,2003,12,5,15887,33.28,HOEP (Legacy)
2003-12-13 05:00:00,2003,12,6,16117,31.79,HOEP (Legacy)
2003-12-13 06:00:00,2003,12,7,16785,60.13,HOEP (Legacy)
2003-12-13 07:00:00,2003,12,8,17709,29.27,HOEP (Legacy)
2003-12-13 08:00:00,2003,12,9,18502,37.79,HOEP (Legacy)
2003-12-13 09:00:00,2003,12,10,18950,29.44,HOEP (Legacy)
2003-12-13 10:00:00,2003,12,11,19026,29.75,HOEP (Legacy)
2003-12-13 11:00:00,2003,12,12,18917,29.99,HOEP (Legacy)
2003-12-13 12:00:00,2003,12,13,18632,31.06,HOEP (Legacy)
2003-12-13 13:00:00,2003,12,14,18365,55.04,HOEP (Legacy)
2003-12-13 14:00:00,2003,12,15,18111,29.49,HOEP (Legacy)
2003-12-13 15:00:00,2003,12,16,18099,27.85,HOEP (Legacy)
2003-12-13 16:00:00,2003,12,17,19454,39.56,HOEP (Legacy)
2003-12-13 17:00:00,2003,12,18,21266,99.42,HOEP (Legacy)
2003-12-13 18:00:00,2003,12,19,20953,101.91,HOEP (Legacy)
2003-12-13 19:00:00,2003,12,20,20444,88.38,HOEP (Legacy)
2003-12-13 20:00:00,2003,12,21,20052,79.66,HOEP (Legacy)
2003-12-13 21:00:00,2003,12,22,19443,83.67,HOEP (Legacy)
2003-12-13 22:00:00,2003,12,23,18574,70.58,HOEP (Legacy)
2003-12-13 23:00:00,2003,12,24,17294,29.76,HOEP (Legacy)
2003-12-14 00:00:00,2003,12,1,16417,32.0,HOEP (Legacy)
2003-12-14 01:00:00,2003,12,2,15772,30.58,HOEP (Legacy)
2003-12-14 02:00:00,2003,12,3,15199,30.47,HOEP (Legacy)
2003-12-14 03:00:00,2003,12,4,15066,31.01,HOEP (Legacy)
2003-12-14 04:00:00,2003,12,5,15002,28.17,HOEP (Legacy)
2003-12-14 05:00:00,2003,12,6,15140,27.4,HOEP (Legacy)
2003-12-14 06:00:00,2003,12,7,15428,24.17,HOEP (Legacy)
2003-12-14 07:00:00,2003,12,8,16311,26.26,HOEP (Legacy)
2003-12-14 08:00:00,2003,12,9,17238,39.39,HOEP (Legacy)
2003-12-14 09:00:00,2003,12,10,18250,66.11,HOEP (Legacy)
2003-12-14 10:00:00,2003,12,11,18737,98.25,HOEP (Legacy)
2003-12-14 11:00:00,2003,12,12,18996,103.11,HOEP (Legacy)
2003-12-14 12:00:00,2003,12,13,18959,101.98,HOEP (Legacy)
2003-12-14 13:00:00,2003,12,14,18957,101.01,HOEP (Legacy)
2003-12-14 14:00:00,2003,12,15,18785,97.6,HOEP (Legacy)
2003-12-14 15:00:00,2003,12,16,18704,32.38,HOEP (Legacy)
2003-12-14 16:00:00,2003,12,17,19984,64.35,HOEP (Legacy)
2003-12-14 17:00:00,2003,12,18,21519,97.64,HOEP (Legacy)
2003-12-14 18:00:00,2003,12,19,21131,84.78,HOEP (Legacy)
2003-12-14 19:00:00,2003,12,20,20680,74.81,HOEP (Legacy)
2003-12-14 20:00:00,2003,12,21,20239,52.22,HOEP (Legacy)
2003-12-14 21:00:00,2003,12,22,19468,28.85,HOEP (Legacy)
2003-12-14 22:00:00,2003,12,23,18320,28.16,HOEP (Legacy)
2003-12-14 23:00:00,2003,12,24,17080,27.58,HOEP (Legacy)
2003-12-15 00:00:00,2003,12,1,16124,28.06,HOEP (Legacy)
2003-12-15 01:00:00,2003,12,2,15570,28.83,HOEP (Legacy)
2003-12-15 02:00:00,2003,12,3,15347,29.01,HOEP (Legacy)
2003-12-15 03:00:00,2003,12,4,15294,29.51,HOEP (Legacy)
2003-12-15 04:00:00,2003,12,5,15502,28.68,HOEP (Legacy)
2003-12-15 05:00:00,2003,12,6,16082,29.06,HOEP (Legacy)
2003-12-15 06:00:00,2003,12,7,17561,43.66,HOEP (Legacy)
2003-12-15 07:00:00,2003,12,8,19685,74.74,HOEP (Legacy)
2003-12-15 08:00:00,2003,12,9,20236,74.75,HOEP (Legacy)
2003-12-15 09:00:00,2003,12,10,20253,33.47,HOEP (Legacy)
2003-12-15 10:00:00,2003,12,11,20315,32.14,HOEP (Legacy)
2003-12-15 11:00:00,2003,12,12,20181,31.08,HOEP (Legacy)
2003-12-15 12:00:00,2003,12,13,19898,29.55,HOEP (Legacy)
2003-12-15 13:00:00,2003,12,14,19715,29.74,HOEP (Legacy)
2003-12-15 14:00:00,2003,12,15,19724,29.99,HOEP (Legacy)
2003-12-15 15:00:00,2003,12,16,19971,32.95,HOEP (Legacy)
2003-12-15 16:00:00,2003,12,17,21219,94.87,HOEP (Legacy)
2003-12-15 17:00:00,2003,12,18,22769,103.1,HOEP (Legacy)
2003-12-15 18:00:00,2003,12,19,22552,100.21,HOEP (Legacy)
2003-12-15 19:00:00,2003,12,20,22204,88.59,HOEP (Legacy)
2003-12-15 20:00:00,2003,12,21,21780,92.49,HOEP (Legacy)
2003-12-15 21:00:00,2003,12,22,21006,82.8,HOEP (Legacy)
2003-12-15 22:00:00,2003,12,23,19382,50.18,HOEP (Legacy)
2003-12-15 23:00:00,2003,12,24,17713,29.73,HOEP (Legacy)
2003-12-16 00:00:00,2003,12,1,16594,33.58,HOEP (Legacy)
2003-12-16 01:00:00,2003,12,2,16064,30.83,HOEP (Legacy)
2003-12-16 02:00:00,2003,12,3,15701,31.15,HOEP (Legacy)
2003-12-16 03:00:00,2003,12,4,15559,30.44,HOEP (Legacy)
2003-12-16 04:00:00,2003,12,5,15675,31.9,HOEP (Legacy)
2003-12-16 05:00:00,2003,12,6,16139,30.49,HOEP (Legacy)
2003-12-16 06:00:00,2003,12,7,17408,32.53,HOEP (Legacy)
2003-12-16 07:00:00,2003,12,8,19678,66.89,HOEP (Legacy)
2003-12-16 08:00:00,2003,12,9,19936,40.44,HOEP (Legacy)
2003-12-16 09:00:00,2003,12,10,19841,33.08,HOEP (Legacy)
2003-12-16 10:00:00,2003,12,11,19853,54.59,HOEP (Legacy)
2003-12-16 11:00:00,2003,12,12,19743,68.39,HOEP (Legacy)
2003-12-16 12:00:00,2003,12,13,19618,73.44,HOEP (Legacy)
2003-12-16 13:00:00,2003,12,14,19751,85.93,HOEP (Legacy)
2003-12-16 14:00:00,2003,12,15,19787,83.82,HOEP (Legacy)
2003-12-16 15:00:00,2003,12,16,20065,40.73,HOEP (Legacy)
2003-12-16 16:00:00,2003,12,17,21215,53.22,HOEP (Legacy)
2003-12-16 17:00:00,2003,12,18,22363,91.84,HOEP (Legacy)
2003-12-16 18:00:00,2003,12,19,22147,90.27,HOEP (Legacy)
2003-12-16 19:00:00,2003,12,20,21725,75.97,HOEP (Legacy)
2003-12-16 20:00:00,2003,12,21,21191,55.3,HOEP (Legacy)
2003-12-16 21:00:00,2003,12,22,20356,44.84,HOEP (Legacy)
2003-12-16 22:00:00,2003,12,23,18897,36.58,HOEP (Legacy)
2003-12-16 23:00:00,2003,12,24,17214,28.79,HOEP (Legacy)
2003-12-17 00:00:00,2003,12,1,16192,31.22,HOEP (Legacy)
2003-12-17 01:00:00,2003,12,2,15616,33.29,HOEP (Legacy)
2003-12-17 02:00:00,2003,12,3,15408,32.2,HOEP (Legacy)
2003-12-17 03:00:00,2003,12,4,15286,30.71,HOEP (Legacy)
2003-12-17 04:00:00,2003,12,5,15349,30.49,HOEP (Legacy)
2003-12-17 05:00:00,2003,12,6,15828,31.51,HOEP (Legacy)
2003-12-17 06:00:00,2003,12,7,17131,33.35,HOEP (Legacy)
2003-12-17 07:00:00,2003,12,8,19251,73.1,HOEP (Legacy)
2003-12-17 08:00:00,2003,12,9,19966,95.57,HOEP (Legacy)
2003-12-17 09:00:00,2003,12,10,19927,78.06,HOEP (Legacy)
2003-12-17 10:00:00,2003,12,11,20040,63.18,HOEP (Legacy)
2003-12-17 11:00:00,2003,12,12,19949,45.84,HOEP (Legacy)
2003-12-17 12:00:00,2003,12,13,19558,32.68,HOEP (Legacy)
2003-12-17 13:00:00,2003,12,14,19689,49.01,HOEP (Legacy)
2003-12-17 14:00:00,2003,12,15,19703,48.93,HOEP (Legacy)
2003-12-17 15:00:00,2003,12,16,19823,34.85,HOEP (Legacy)
2003-12-17 16:00:00,2003,12,17,21027,79.25,HOEP (Legacy)
2003-12-17 17:00:00,2003,12,18,22357,97.39,HOEP (Legacy)
2003-12-17 18:00:00,2003,12,19,22349,98.69,HOEP (Legacy)
2003-12-17 19:00:00,2003,12,20,21905,92.79,HOEP (Legacy)
2003-12-17 20:00:00,2003,12,21,21486,89.67,HOEP (Legacy)
2003-12-17 21:00:00,2003,12,22,20748,76.53,HOEP (Legacy)
2003-12-17 22:00:00,2003,12,23,19417,49.19,HOEP (Legacy)
2003-12-17 23:00:00,2003,12,24,17633,31.27,HOEP (Legacy)
2003-12-18 00:00:00,2003,12,1,16485,34.79,HOEP (Legacy)
2003-12-18 01:00:00,2003,12,2,16020,32.28,HOEP (Legacy)
2003-12-18 02:00:00,2003,12,3,15704,32.61,HOEP (Legacy)
2003-12-18 03:00:00,2003,12,4,15572,33.3,HOEP (Legacy)
2003-12-18 04:00:00,2003,12,5,15759,34.3,HOEP (Legacy)
2003-12-18 05:00:00,2003,12,6,16370,37.56,HOEP (Legacy)
2003-12-18 06:00:00,2003,12,7,17722,78.07,HOEP (Legacy)
2003-12-18 07:00:00,2003,12,8,19642,86.86,HOEP (Legacy)
2003-12-18 08:00:00,2003,12,9,20146,66.72,HOEP (Legacy)
2003-12-18 09:00:00,2003,12,10,20054,83.09,HOEP (Legacy)
2003-12-18 10:00:00,2003,12,11,20005,59.75,HOEP (Legacy)
2003-12-18 11:00:00,2003,12,12,19956,79.51,HOEP (Legacy)
2003-12-18 12:00:00,2003,12,13,19815,88.26,HOEP (Legacy)
2003-12-18 13:00:00,2003,12,14,19786,93.8,HOEP (Legacy)
2003-12-18 14:00:00,2003,12,15,19706,78.36,HOEP (Legacy)
2003-12-18 15:00:00,2003,12,16,19920,37.68,HOEP (Legacy)
2003-12-18 16:00:00,2003,12,17,20866,55.84,HOEP (Legacy)
2003-12-18 17:00:00,2003,12,18,22334,81.61,HOEP (Legacy)
2003-12-18 18:00:00,2003,12,19,22319,100.32,HOEP (Legacy)
2003-12-18 19:00:00,2003,12,20,21868,66.64,HOEP (Legacy)
2003-12-18 20:00:00,2003,12,21,21520,98.17,HOEP (Legacy)
2003-12-18 21:00:00,2003,12,22,20842,96.01,HOEP (Legacy)
2003-12-18 22:00:00,2003,12,23,19479,50.41,HOEP (Legacy)
2003-12-18 23:00:00,2003,12,24,17806,29.84,HOEP (Legacy)
2003-12-19 00:00:00,2003,12,1,16805,32.95,HOEP (Legacy)
2003-12-19 01:00:00,2003,12,2,16244,31.91,HOEP (Legacy)
2003-12-19 02:00:00,2003,12,3,15914,36.06,HOEP (Legacy)
2003-12-19 03:00:00,2003,12,4,15758,33.51,HOEP (Legacy)
2003-12-19 04:00:00,2003,12,5,15934,33.31,HOEP (Legacy)
2003-12-19 05:00:00,2003,12,6,16508,35.72,HOEP (Legacy)
2003-12-19 06:00:00,2003,12,7,17770,49.52,HOEP (Legacy)
2003-12-19 07:00:00,2003,12,8,19732,74.01,HOEP (Legacy)
2003-12-19 08:00:00,2003,12,9,20293,91.7,HOEP (Legacy)
2003-12-19 09:00:00,2003,12,10,20347,88.15,HOEP (Legacy)
2003-12-19 10:00:00,2003,12,11,20351,77.44,HOEP (Legacy)
2003-12-19 11:00:00,2003,12,12,20208,55.55,HOEP (Legacy)
2003-12-19 12:00:00,2003,12,13,19894,30.66,HOEP (Legacy)
2003-12-19 13:00:00,2003,12,14,19659,30.35,HOEP (Legacy)
2003-12-19 14:00:00,2003,12,15,19622,30.33,HOEP (Legacy)
2003-12-19 15:00:00,2003,12,16,19764,29.58,HOEP (Legacy)
2003-12-19 16:00:00,2003,12,17,20601,39.9,HOEP (Legacy)
2003-12-19 17:00:00,2003,12,18,22048,68.8,HOEP (Legacy)
2003-12-19 18:00:00,2003,12,19,21918,87.56,HOEP (Legacy)
2003-12-19 19:00:00,2003,12,20,21599,58.97,HOEP (Legacy)
2003-12-19 20:00:00,2003,12,21,21108,71.34,HOEP (Legacy)
2003-12-19 21:00:00,2003,12,22,20435,65.32,HOEP (Legacy)
2003-12-19 22:00:00,2003,12,23,19168,44.13,HOEP (Legacy)
2003-12-19 23:00:00,2003,12,24,17692,33.32,HOEP (Legacy)
2003-12-20 00:00:00,2003,12,1,16559,30.63,HOEP (Legacy)
2003-12-20 01:00:00,2003,12,2,15787,29.43,HOEP (Legacy)
2003-12-20 02:00:00,2003,12,3,15474,29.72,HOEP (Legacy)
2003-12-20 03:00:00,2003,12,4,15367,29.94,HOEP (Legacy)
2003-12-20 04:00:00,2003,12,5,15313,30.39,HOEP (Legacy)
2003-12-20 05:00:00,2003,12,6,15533,30.34,HOEP (Legacy)
2003-12-20 06:00:00,2003,12,7,16185,43.86,HOEP (Legacy)
2003-12-20 07:00:00,2003,12,8,17193,57.85,HOEP (Legacy)
2003-12-20 08:00:00,2003,12,9,18109,81.59,HOEP (Legacy)
2003-12-20 09:00:00,2003,12,10,18689,75.09,HOEP (Legacy)
2003-12-20 10:00:00,2003,12,11,18994,73.05,HOEP (Legacy)
2003-12-20 11:00:00,2003,12,12,18923,80.88,HOEP (Legacy)
2003-12-20 12:00:00,2003,12,13,18470,77.82,HOEP (Legacy)
2003-12-20 13:00:00,2003,12,14,18112,39.49,HOEP (Legacy)
2003-12-20 14:00:00,2003,12,15,17991,31.08,HOEP (Legacy)
2003-12-20 15:00:00,2003,12,16,18183,30.85,HOEP (Legacy)
2003-12-20 16:00:00,2003,12,17,19231,38.38,HOEP (Legacy)
2003-12-20 17:00:00,2003,12,18,20962,80.25,HOEP (Legacy)
2003-12-20 18:00:00,2003,12,19,20907,86.66,HOEP (Legacy)
2003-12-20 19:00:00,2003,12,20,20474,85.66,HOEP (Legacy)
2003-12-20 20:00:00,2003,12,21,19984,86.68,HOEP (Legacy)
2003-12-20 21:00:00,2003,12,22,19348,79.58,HOEP (Legacy)
2003-12-20 22:00:00,2003,12,23,18469,48.8,HOEP (Legacy)
2003-12-20 23:00:00,2003,12,24,17248,38.0,HOEP (Legacy)
2003-12-21 00:00:00,2003,12,1,16278,37.09,HOEP (Legacy)
2003-12-21 01:00:00,2003,12,2,15580,46.57,HOEP (Legacy)
2003-12-21 02:00:00,2003,12,3,15199,31.26,HOEP (Legacy)
2003-12-21 03:00:00,2003,12,4,15057,34.3,HOEP (Legacy)
2003-12-21 04:00:00,2003,12,5,14966,32.07,HOEP (Legacy)
2003-12-21 05:00:00,2003,12,6,15094,30.94,HOEP (Legacy)
2003-12-21 06:00:00,2003,12,7,15277,30.25,HOEP (Legacy)
2003-12-21 07:00:00,2003,12,8,15806,29.17,HOEP (Legacy)
2003-12-21 08:00:00,2003,12,9,16680,30.2,HOEP (Legacy)
2003-12-21 09:00:00,2003,12,10,17523,29.88,HOEP (Legacy)
2003-12-21 10:00:00,2003,12,11,17767,29.72,HOEP (Legacy)
2003-12-21 11:00:00,2003,12,12,17643,30.06,HOEP (Legacy)
2003-12-21 12:00:00,2003,12,13,17540,30.26,HOEP (Legacy)
2003-12-21 13:00:00,2003,12,14,17290,29.78,HOEP (Legacy)
2003-12-21 14:00:00,2003,12,15,17139,29.95,HOEP (Legacy)
2003-12-21 15:00:00,2003,12,16,17263,29.56,HOEP (Legacy)
2003-12-21 16:00:00,2003,12,17,18214,33.06,HOEP (Legacy)
2003-12-21 17:00:00,2003,12,18,20106,50.03,HOEP (Legacy)
2003-12-21 18:00:00,2003,12,19,20080,70.04,HOEP (Legacy)
2003-12-21 19:00:00,2003,12,20,19651,84.55,HOEP (Legacy)
2003-12-21 20:00:00,2003,12,21,19367,80.29,HOEP (Legacy)
2003-12-21 21:00:00,2003,12,22,18738,72.61,HOEP (Legacy)
2003-12-21 22:00:00,2003,12,23,17675,42.38,HOEP (Legacy)
2003-12-21 23:00:00,2003,12,24,16502,30.0,HOEP (Legacy)
2003-12-22 00:00:00,2003,12,1,15551,30.76,HOEP (Legacy)
2003-12-22 01:00:00,2003,12,2,14955,28.99,HOEP (Legacy)
2003-12-22 02:00:00,2003,12,3,14662,28.46,HOEP (Legacy)
2003-12-22 03:00:00,2003,12,4,14526,27.69,HOEP (Legacy)
2003-12-22 04:00:00,2003,12,5,14474,28.08,HOEP (Legacy)
2003-12-22 05:00:00,2003,12,6,15054,27.9,HOEP (Legacy)
2003-12-22 06:00:00,2003,12,7,16196,27.24,HOEP (Legacy)
2003-12-22 07:00:00,2003,12,8,17772,29.36,HOEP (Legacy)
2003-12-22 08:00:00,2003,12,9,18664,30.55,HOEP (Legacy)
2003-12-22 09:00:00,2003,12,10,19235,39.11,HOEP (Legacy)
2003-12-22 10:00:00,2003,12,11,19393,32.36,HOEP (Legacy)
2003-12-22 11:00:00,2003,12,12,19279,29.77,HOEP (Legacy)
2003-12-22 12:00:00,2003,12,13,19201,31.62,HOEP (Legacy)
2003-12-22 13:00:00,2003,12,14,19095,30.69,HOEP (Legacy)
2003-12-22 14:00:00,2003,12,15,18953,29.87,HOEP (Legacy)
2003-12-22 15:00:00,2003,12,16,19138,41.83,HOEP (Legacy)
2003-12-22 16:00:00,2003,12,17,20070,40.17,HOEP (Legacy)
2003-12-22 17:00:00,2003,12,18,21276,66.69,HOEP (Legacy)
2003-12-22 18:00:00,2003,12,19,21231,68.0,HOEP (Legacy)
2003-12-22 19:00:00,2003,12,20,20805,33.48,HOEP (Legacy)
2003-12-22 20:00:00,2003,12,21,20387,30.58,HOEP (Legacy)
2003-12-22 21:00:00,2003,12,22,19575,33.88,HOEP (Legacy)
2003-12-22 22:00:00,2003,12,23,18251,29.17,HOEP (Legacy)
2003-12-22 23:00:00,2003,12,24,16674,28.81,HOEP (Legacy)
2003-12-23 00:00:00,2003,12,1,15414,27.98,HOEP (Legacy)
2003-12-23 01:00:00,2003,12,2,14795,22.19,HOEP (Legacy)
2003-12-23 02:00:00,2003,12,3,14468,21.51,HOEP (Legacy)
2003-12-23 03:00:00,2003,12,4,14158,13.36,HOEP (Legacy)
2003-12-23 04:00:00,2003,12,5,14272,18.33,HOEP (Legacy)
2003-12-23 05:00:00,2003,12,6,14789,23.02,HOEP (Legacy)
2003-12-23 06:00:00,2003,12,7,16129,25.61,HOEP (Legacy)
2003-12-23 07:00:00,2003,12,8,17600,30.37,HOEP (Legacy)
2003-12-23 08:00:00,2003,12,9,18641,33.15,HOEP (Legacy)
2003-12-23 09:00:00,2003,12,10,19229,34.16,HOEP (Legacy)
2003-12-23 10:00:00,2003,12,11,19516,31.94,HOEP (Legacy)
2003-12-23 11:00:00,2003,12,12,19559,34.57,HOEP (Legacy)
2003-12-23 12:00:00,2003,12,13,19308,32.95,HOEP (Legacy)
2003-12-23 13:00:00,2003,12,14,18988,30.53,HOEP (Legacy)
2003-12-23 14:00:00,2003,12,15,18800,30.5,HOEP (Legacy)
2003-12-23 15:00:00,2003,12,16,18872,29.68,HOEP (Legacy)
2003-12-23 16:00:00,2003,12,17,19952,30.69,HOEP (Legacy)
2003-12-23 17:00:00,2003,12,18,20842,31.25,HOEP (Legacy)
2003-12-23 18:00:00,2003,12,19,20835,30.51,HOEP (Legacy)
2003-12-23 19:00:00,2003,12,20,20403,30.63,HOEP (Legacy)
2003-12-23 20:00:00,2003,12,21,19866,30.77,HOEP (Legacy)
2003-12-23 21:00:00,2003,12,22,18948,30.23,HOEP (Legacy)
2003-12-23 22:00:00,2003,12,23,17752,27.3,HOEP (Legacy)
2003-12-23 23:00:00,2003,12,24,16102,27.43,HOEP (Legacy)
2003-12-24 00:00:00,2003,12,1,14949,24.4,HOEP (Legacy)
2003-12-24 01:00:00,2003,12,2,14243,24.03,HOEP (Legacy)
2003-12-24 02:00:00,2003,12,3,13732,20.52,HOEP (Legacy)
2003-12-24 03:00:00,2003,12,4,13510,19.32,HOEP (Legacy)
2003-12-24 04:00:00,2003,12,5,13507,20.62,HOEP (Legacy)
2003-12-24 05:00:00,2003,12,6,13912,24.16,HOEP (Legacy)
2003-12-24 06:00:00,2003,12,7,14741,27.14,HOEP (Legacy)
2003-12-24 07:00:00,2003,12,8,16025,28.99,HOEP (Legacy)
2003-12-24 08:00:00,2003,12,9,17031,29.97,HOEP (Legacy)
2003-12-24 09:00:00,2003,12,10,17837,30.67,HOEP (Legacy)
2003-12-24 10:00:00,2003,12,11,18213,31.63,HOEP (Legacy)
2003-12-24 11:00:00,2003,12,12,17940,31.21,HOEP (Legacy)
2003-12-24 12:00:00,2003,12,13,17550,30.95,HOEP (Legacy)
2003-12-24 13:00:00,2003,12,14,17170,29.66,HOEP (Legacy)
2003-12-24 14:00:00,2003,12,15,16876,29.8,HOEP (Legacy)
2003-12-24 15:00:00,2003,12,16,16884,28.22,HOEP (Legacy)
2003-12-24 16:00:00,2003,12,17,17643,28.86,HOEP (Legacy)
2003-12-24 17:00:00,2003,12,18,18556,30.26,HOEP (Legacy)
2003-12-24 18:00:00,2003,12,19,17999,29.5,HOEP (Legacy)
2003-12-24 19:00:00,2003,12,20,17252,27.78,HOEP (Legacy)
2003-12-24 20:00:00,2003,12,21,16746,28.2,HOEP (Legacy)
2003-12-24 21:00:00,2003,12,22,16456,25.83,HOEP (Legacy)
2003-12-24 22:00:00,2003,12,23,15749,27.14,HOEP (Legacy)
2003-12-24 23:00:00,2003,12,24,14886,27.48,HOEP (Legacy)
2003-12-25 00:00:00,2003,12,1,14039,28.72,HOEP (Legacy)
2003-12-25 01:00:00,2003,12,2,13364,27.83,HOEP (Legacy)
2003-12-25 02:00:00,2003,12,3,12771,22.48,HOEP (Legacy)
2003-12-25 03:00:00,2003,12,4,12550,20.57,HOEP (Legacy)
2003-12-25 04:00:00,2003,12,5,12637,21.56,HOEP (Legacy)
2003-12-25 05:00:00,2003,12,6,12889,22.54,HOEP (Legacy)
2003-12-25 06:00:00,2003,12,7,13388,23.49,HOEP (Legacy)
2003-12-25 07:00:00,2003,12,8,13894,28.37,HOEP (Legacy)
2003-12-25 08:00:00,2003,12,9,14445,28.89,HOEP (Legacy)
2003-12-25 09:00:00,2003,12,10,15065,29.02,HOEP (Legacy)
2003-12-25 10:00:00,2003,12,11,15462,29.18,HOEP (Legacy)
2003-12-25 11:00:00,2003,12,12,15523,28.58,HOEP (Legacy)
2003-12-25 12:00:00,2003,12,13,15420,29.26,HOEP (Legacy)
2003-12-25 13:00:00,2003,12,14,15237,28.55,HOEP (Legacy)
2003-12-25 14:00:00,2003,12,15,15238,27.59,HOEP (Legacy)
2003-12-25 15:00:00,2003,12,16,15279,27.59,HOEP (Legacy)
2003-12-25 16:00:00,2003,12,17,15763,28.18,HOEP (Legacy)
2003-12-25 17:00:00,2003,12,18,17067,30.9,HOEP (Legacy)
2003-12-25 18:00:00,2003,12,19,16743,30.9,HOEP (Legacy)
2003-12-25 19:00:00,2003,12,20,16526,30.15,HOEP (Legacy)
2003-12-25 20:00:00,2003,12,21,16364,29.72,HOEP (Legacy)
2003-12-25 21:00:00,2003,12,22,16209,29.71,HOEP (Legacy)
2003-12-25 22:00:00,2003,12,23,15641,31.64,HOEP (Legacy)
2003-12-25 23:00:00,2003,12,24,14566,29.03,HOEP (Legacy)
2003-12-26 00:00:00,2003,12,1,13663,25.23,HOEP (Legacy)
2003-12-26 01:00:00,2003,12,2,13155,22.51,HOEP (Legacy)
2003-12-26 02:00:00,2003,12,3,12863,20.27,HOEP (Legacy)
2003-12-26 03:00:00,2003,12,4,12771,17.43,HOEP (Legacy)
2003-12-26 04:00:00,2003,12,5,12839,17.72,HOEP (Legacy)
2003-12-26 05:00:00,2003,12,6,13057,21.52,HOEP (Legacy)
2003-12-26 06:00:00,2003,12,7,13537,25.81,HOEP (Legacy)
2003-12-26 07:00:00,2003,12,8,14104,29.28,HOEP (Legacy)
2003-12-26 08:00:00,2003,12,9,14527,26.5,HOEP (Legacy)
2003-12-26 09:00:00,2003,12,10,15043,27.76,HOEP (Legacy)
2003-12-26 10:00:00,2003,12,11,15403,29.38,HOEP (Legacy)
2003-12-26 11:00:00,2003,12,12,15554,29.98,HOEP (Legacy)
2003-12-26 12:00:00,2003,12,13,15314,29.59,HOEP (Legacy)
2003-12-26 13:00:00,2003,12,14,14995,28.38,HOEP (Legacy)
2003-12-26 14:00:00,2003,12,15,14788,27.08,HOEP (Legacy)
2003-12-26 15:00:00,2003,12,16,14811,24.66,HOEP (Legacy)
2003-12-26 16:00:00,2003,12,17,15581,27.54,HOEP (Legacy)
2003-12-26 17:00:00,2003,12,18,17471,39.76,HOEP (Legacy)
2003-12-26 18:00:00,2003,12,19,17649,33.33,HOEP (Legacy)
2003-12-26 19:00:00,2003,12,20,17497,48.23,HOEP (Legacy)
2003-12-26 20:00:00,2003,12,21,17193,31.83,HOEP (Legacy)
2003-12-26 21:00:00,2003,12,22,16692,31.16,HOEP (Legacy)
2003-12-26 22:00:00,2003,12,23,15925,30.36,HOEP (Legacy)
2003-12-26 23:00:00,2003,12,24,14692,28.93,HOEP (Legacy)
2003-12-27 00:00:00,2003,12,1,13847,25.02,HOEP (Legacy)
2003-12-27 01:00:00,2003,12,2,13416,22.18,HOEP (Legacy)
2003-12-27 02:00:00,2003,12,3,13174,22.26,HOEP (Legacy)
2003-12-27 03:00:00,2003,12,4,13000,22.22,HOEP (Legacy)
2003-12-27 04:00:00,2003,12,5,13064,22.54,HOEP (Legacy)
2003-12-27 05:00:00,2003,12,6,13258,24.14,HOEP (Legacy)
2003-12-27 06:00:00,2003,12,7,13796,25.18,HOEP (Legacy)
2003-12-27 07:00:00,2003,12,8,14449,25.07,HOEP (Legacy)
2003-12-27 08:00:00,2003,12,9,15140,23.28,HOEP (Legacy)
2003-12-27 09:00:00,2003,12,10,15715,24.03,HOEP (Legacy)
2003-12-27 10:00:00,2003,12,11,16055,27.7,HOEP (Legacy)
2003-12-27 11:00:00,2003,12,12,16049,26.06,HOEP (Legacy)
2003-12-27 12:00:00,2003,12,13,15856,25.47,HOEP (Legacy)
2003-12-27 13:00:00,2003,12,14,15606,25.71,HOEP (Legacy)
2003-12-27 14:00:00,2003,12,15,15281,22.57,HOEP (Legacy)
2003-12-27 15:00:00,2003,12,16,15322,22.36,HOEP (Legacy)
2003-12-27 16:00:00,2003,12,17,16130,25.66,HOEP (Legacy)
2003-12-27 17:00:00,2003,12,18,17925,32.05,HOEP (Legacy)
2003-12-27 18:00:00,2003,12,19,18160,32.8,HOEP (Legacy)
2003-12-27 19:00:00,2003,12,20,17878,31.92,HOEP (Legacy)
2003-12-27 20:00:00,2003,12,21,17527,31.46,HOEP (Legacy)
2003-12-27 21:00:00,2003,12,22,17033,30.3,HOEP (Legacy)
2003-12-27 22:00:00,2003,12,23,16235,31.93,HOEP (Legacy)
2003-12-27 23:00:00,2003,12,24,15203,27.86,HOEP (Legacy)
2003-12-28 00:00:00,2003,12,1,14205,29.22,HOEP (Legacy)
2003-12-28 01:00:00,2003,12,2,13654,26.37,HOEP (Legacy)
2003-12-28 02:00:00,2003,12,3,13311,25.73,HOEP (Legacy)
2003-12-28 03:00:00,2003,12,4,13223,23.89,HOEP (Legacy)
2003-12-28 04:00:00,2003,12,5,13233,24.17,HOEP (Legacy)
2003-12-28 05:00:00,2003,12,6,13334,23.23,HOEP (Legacy)
2003-12-28 06:00:00,2003,12,7,13636,24.77,HOEP (Legacy)
2003-12-28 07:00:00,2003,12,8,14085,25.38,HOEP (Legacy)
2003-12-28 08:00:00,2003,12,9,14639,26.13,HOEP (Legacy)
2003-12-28 09:00:00,2003,12,10,15230,25.91,HOEP (Legacy)
2003-12-28 10:00:00,2003,12,11,15634,28.69,HOEP (Legacy)
2003-12-28 11:00:00,2003,12,12,15797,29.36,HOEP (Legacy)
2003-12-28 12:00:00,2003,12,13,15803,30.22,HOEP (Legacy)
2003-12-28 13:00:00,2003,12,14,15515,28.27,HOEP (Legacy)
2003-12-28 14:00:00,2003,12,15,15216,27.21,HOEP (Legacy)
2003-12-28 15:00:00,2003,12,16,15193,22.71,HOEP (Legacy)
2003-12-28 16:00:00,2003,12,17,16050,27.06,HOEP (Legacy)
2003-12-28 17:00:00,2003,12,18,17745,31.84,HOEP (Legacy)
2003-12-28 18:00:00,2003,12,19,17913,41.53,HOEP (Legacy)
2003-12-28 19:00:00,2003,12,20,17614,36.39,HOEP (Legacy)
2003-12-28 20:00:00,2003,12,21,17238,33.07,HOEP (Legacy)
2003-12-28 21:00:00,2003,12,22,16629,31.22,HOEP (Legacy)
2003-12-28 22:00:00,2003,12,23,15692,29.18,HOEP (Legacy)
2003-12-28 23:00:00,2003,12,24,14566,23.45,HOEP (Legacy)
2003-12-29 00:00:00,2003,12,1,13725,21.1,HOEP (Legacy)
2003-12-29 01:00:00,2003,12,2,13235,20.26,HOEP (Legacy)
2003-12-29 02:00:00,2003,12,3,12966,21.15,HOEP (Legacy)
2003-12-29 03:00:00,2003,12,4,12886,18.3,HOEP (Legacy)
2003-12-29 04:00:00,2003,12,5,12944,14.66,HOEP (Legacy)
2003-12-29 05:00:00,2003,12,6,13307,19.44,HOEP (Legacy)
2003-12-29 06:00:00,2003,12,7,14153,22.8,HOEP (Legacy)
2003-12-29 07:00:00,2003,12,8,15364,24.06,HOEP (Legacy)
2003-12-29 08:00:00,2003,12,9,16226,24.82,HOEP (Legacy)
2003-12-29 09:00:00,2003,12,10,16953,28.96,HOEP (Legacy)
2003-12-29 10:00:00,2003,12,11,17357,30.37,HOEP (Legacy)
2003-12-29 11:00:00,2003,12,12,17654,30.85,HOEP (Legacy)
2003-12-29 12:00:00,2003,12,13,17763,31.43,HOEP (Legacy)
2003-12-29 13:00:00,2003,12,14,17610,31.19,HOEP (Legacy)
2003-12-29 14:00:00,2003,12,15,17649,31.88,HOEP (Legacy)
2003-12-29 15:00:00,2003,12,16,17827,31.72,HOEP (Legacy)
2003-12-29 16:00:00,2003,12,17,18635,39.98,HOEP (Legacy)
2003-12-29 17:00:00,2003,12,18,19747,40.68,HOEP (Legacy)
2003-12-29 18:00:00,2003,12,19,19421,45.47,HOEP (Legacy)
2003-12-29 19:00:00,2003,12,20,18902,35.91,HOEP (Legacy)
2003-12-29 20:00:00,2003,12,21,18390,35.99,HOEP (Legacy)
2003-12-29 21:00:00,2003,12,22,17580,30.51,HOEP (Legacy)
2003-12-29 22:00:00,2003,12,23,16477,28.48,HOEP (Legacy)
2003-12-29 23:00:00,2003,12,24,15226,25.93,HOEP (Legacy)
2003-12-30 00:00:00,2003,12,1,14001,24.55,HOEP (Legacy)
2003-12-30 01:00:00,2003,12,2,13495,21.3,HOEP (Legacy)
2003-12-30 02:00:00,2003,12,3,13202,21.95,HOEP (Legacy)
2003-12-30 03:00:00,2003,12,4,13258,20.91,HOEP (Legacy)
2003-12-30 04:00:00,2003,12,5,13317,20.6,HOEP (Legacy)
2003-12-30 05:00:00,2003,12,6,13733,21.47,HOEP (Legacy)
2003-12-30 06:00:00,2003,12,7,14762,27.3,HOEP (Legacy)
2003-12-30 07:00:00,2003,12,8,15909,28.23,HOEP (Legacy)
2003-12-30 08:00:00,2003,12,9,16650,28.15,HOEP (Legacy)
2003-12-30 09:00:00,2003,12,10,17339,28.38,HOEP (Legacy)
2003-12-30 10:00:00,2003,12,11,17741,29.45,HOEP (Legacy)
2003-12-30 11:00:00,2003,12,12,17972,29.97,HOEP (Legacy)
2003-12-30 12:00:00,2003,12,13,18057,30.09,HOEP (Legacy)
2003-12-30 13:00:00,2003,12,14,18031,29.2,HOEP (Legacy)
2003-12-30 14:00:00,2003,12,15,17850,28.57,HOEP (Legacy)
2003-12-30 15:00:00,2003,12,16,17951,28.4,HOEP (Legacy)
2003-12-30 16:00:00,2003,12,17,18683,34.01,HOEP (Legacy)
2003-12-30 17:00:00,2003,12,18,19971,52.52,HOEP (Legacy)
2003-12-30 18:00:00,2003,12,19,19923,45.86,HOEP (Legacy)
2003-12-30 19:00:00,2003,12,20,19462,37.63,HOEP (Legacy)
2003-12-30 20:00:00,2003,12,21,18959,30.03,HOEP (Legacy)
2003-12-30 21:00:00,2003,12,22,18270,32.59,HOEP (Legacy)
2003-12-30 22:00:00,2003,12,23,17069,29.18,HOEP (Legacy)
2003-12-30 23:00:00,2003,12,24,15675,27.0,HOEP (Legacy)
2003-12-31 00:00:00,2003,12,1,14729,20.74,HOEP (Legacy)
2003-12-31 01:00:00,2003,12,2,14050,19.54,HOEP (Legacy)
2003-12-31 02:00:00,2003,12,3,13598,18.62,HOEP (Legacy)
2003-12-31 03:00:00,2003,12,4,13622,19.48,HOEP (Legacy)
2003-12-31 04:00:00,2003,12,5,13729,18.56,HOEP (Legacy)
2003-12-31 05:00:00,2003,12,6,14087,19.93,HOEP (Legacy)
2003-12-31 06:00:00,2003,12,7,14781,22.72,HOEP (Legacy)
2003-12-31 07:00:00,2003,12,8,15925,26.91,HOEP (Legacy)
2003-12-31 08:00:00,2003,12,9,16616,29.33,HOEP (Legacy)
2003-12-31 09:00:00,2003,12,10,17338,29.9,HOEP (Legacy)
2003-12-31 10:00:00,2003,12,11,17634,29.8,HOEP (Legacy)
2003-12-31 11:00:00,2003,12,12,17824,30.48,HOEP (Legacy)
2003-12-31 12:00:00,2003,12,13,17332,29.74,HOEP (Legacy)
2003-12-31 13:00:00,2003,12,14,16836,29.21,HOEP (Legacy)
2003-12-31 14:00:00,2003,12,15,16369,28.78,HOEP (Legacy)
2003-12-31 15:00:00,2003,12,16,16384,27.86,HOEP (Legacy)
2003-12-31 16:00:00,2003,12,17,17122,27.68,HOEP (Legacy)
2003-12-31 17:00:00,2003,12,18,18657,30.08,HOEP (Legacy)
2003-12-31 18:00:00,2003,12,19,18671,29.64,HOEP (Legacy)
2003-12-31 19:00:00,2003,12,20,17885,27.75,HOEP (Legacy)
2003-12-31 20:00:00,2003,12,21,17168,26.8,HOEP (Legacy)
2003-12-31 21:00:00,2003,12,22,16630,27.06,HOEP (Legacy)
2003-12-31 22:00:00,2003,12,23,16035,27.74,HOEP (Legacy)
2003-12-31 23:00:00,2003,12,24,15372,28.7,HOEP (Legacy)
