Timestamp,Year,Month,Hour,Ontario Demand,Market_Price,Price_Type
2005-01-01 00:00:00,2005,1,1,15016,25.82,HOEP (Legacy)
2005-01-01 01:00:00,2005,1,2,14470,30.82,HOEP (Legacy)
2005-01-01 02:00:00,2005,1,3,14015,39.48,HOEP (Legacy)
2005-01-01 03:00:00,2005,1,4,13622,26.02,HOEP (Legacy)
2005-01-01 04:00:00,2005,1,5,13545,18.01,HOEP (Legacy)
2005-01-01 05:00:00,2005,1,6,13588,18.83,HOEP (Legacy)
2005-01-01 06:00:00,2005,1,7,13727,25.52,HOEP (Legacy)
2005-01-01 07:00:00,2005,1,8,14093,27.39,HOEP (Legacy)
2005-01-01 08:00:00,2005,1,9,14457,27.55,HOEP (Legacy)
2005-01-01 09:00:00,2005,1,10,15017,26.77,HOEP (Legacy)
2005-01-01 10:00:00,2005,1,11,15560,26.96,HOEP (Legacy)
2005-01-01 11:00:00,2005,1,12,16039,29.06,HOEP (Legacy)
2005-01-01 12:00:00,2005,1,13,16293,27.21,HOEP (Legacy)
2005-01-01 13:00:00,2005,1,14,16366,35.06,HOEP (Legacy)
2005-01-01 14:00:00,2005,1,15,16281,32.21,HOEP (Legacy)
2005-01-01 15:00:00,2005,1,16,16406,26.98,HOEP (Legacy)
2005-01-01 16:00:00,2005,1,17,17086,30.31,HOEP (Legacy)
2005-01-01 17:00:00,2005,1,18,18386,38.57,HOEP (Legacy)
2005-01-01 18:00:00,2005,1,19,18368,38.66,HOEP (Legacy)
2005-01-01 19:00:00,2005,1,20,18215,38.98,HOEP (Legacy)
2005-01-01 20:00:00,2005,1,21,17911,43.69,HOEP (Legacy)
2005-01-01 21:00:00,2005,1,22,17494,38.16,HOEP (Legacy)
2005-01-01 22:00:00,2005,1,23,16830,34.57,HOEP (Legacy)
2005-01-01 23:00:00,2005,1,24,15973,30.33,HOEP (Legacy)
2005-01-02 00:00:00,2005,1,1,15182,23.68,HOEP (Legacy)
2005-01-02 01:00:00,2005,1,2,14707,15.98,HOEP (Legacy)
2005-01-02 02:00:00,2005,1,3,14394,21.29,HOEP (Legacy)
2005-01-02 03:00:00,2005,1,4,14277,21.87,HOEP (Legacy)
2005-01-02 04:00:00,2005,1,5,14367,27.44,HOEP (Legacy)
2005-01-02 05:00:00,2005,1,6,14541,19.47,HOEP (Legacy)
2005-01-02 06:00:00,2005,1,7,14968,33.83,HOEP (Legacy)
2005-01-02 07:00:00,2005,1,8,15549,36.93,HOEP (Legacy)
2005-01-02 08:00:00,2005,1,9,16282,49.15,HOEP (Legacy)
2005-01-02 09:00:00,2005,1,10,17126,38.52,HOEP (Legacy)
2005-01-02 10:00:00,2005,1,11,17802,36.28,HOEP (Legacy)
2005-01-02 11:00:00,2005,1,12,18225,47.55,HOEP (Legacy)
2005-01-02 12:00:00,2005,1,13,18495,59.17,HOEP (Legacy)
2005-01-02 13:00:00,2005,1,14,18579,48.95,HOEP (Legacy)
2005-01-02 14:00:00,2005,1,15,18393,41.69,HOEP (Legacy)
2005-01-02 15:00:00,2005,1,16,18431,36.87,HOEP (Legacy)
2005-01-02 16:00:00,2005,1,17,18985,37.38,HOEP (Legacy)
2005-01-02 17:00:00,2005,1,18,20044,56.49,HOEP (Legacy)
2005-01-02 18:00:00,2005,1,19,19619,38.65,HOEP (Legacy)
2005-01-02 19:00:00,2005,1,20,19170,38.78,HOEP (Legacy)
2005-01-02 20:00:00,2005,1,21,18714,38.23,HOEP (Legacy)
2005-01-02 21:00:00,2005,1,22,18137,37.65,HOEP (Legacy)
2005-01-02 22:00:00,2005,1,23,17236,32.71,HOEP (Legacy)
2005-01-02 23:00:00,2005,1,24,16242,27.14,HOEP (Legacy)
2005-01-03 00:00:00,2005,1,1,15487,23.97,HOEP (Legacy)
2005-01-03 01:00:00,2005,1,2,15045,23.67,HOEP (Legacy)
2005-01-03 02:00:00,2005,1,3,14843,21.6,HOEP (Legacy)
2005-01-03 03:00:00,2005,1,4,14753,21.78,HOEP (Legacy)
2005-01-03 04:00:00,2005,1,5,14828,23.8,HOEP (Legacy)
2005-01-03 05:00:00,2005,1,6,15298,23.69,HOEP (Legacy)
2005-01-03 06:00:00,2005,1,7,16332,33.09,HOEP (Legacy)
2005-01-03 07:00:00,2005,1,8,18058,36.37,HOEP (Legacy)
2005-01-03 08:00:00,2005,1,9,18706,38.72,HOEP (Legacy)
2005-01-03 09:00:00,2005,1,10,19121,36.39,HOEP (Legacy)
2005-01-03 10:00:00,2005,1,11,19484,38.24,HOEP (Legacy)
2005-01-03 11:00:00,2005,1,12,19649,36.09,HOEP (Legacy)
2005-01-03 12:00:00,2005,1,13,19682,36.35,HOEP (Legacy)
2005-01-03 13:00:00,2005,1,14,19415,38.08,HOEP (Legacy)
2005-01-03 14:00:00,2005,1,15,19360,37.1,HOEP (Legacy)
2005-01-03 15:00:00,2005,1,16,19562,37.2,HOEP (Legacy)
2005-01-03 16:00:00,2005,1,17,20498,45.42,HOEP (Legacy)
2005-01-03 17:00:00,2005,1,18,21757,61.08,HOEP (Legacy)
2005-01-03 18:00:00,2005,1,19,21494,55.97,HOEP (Legacy)
2005-01-03 19:00:00,2005,1,20,20985,49.79,HOEP (Legacy)
2005-01-03 20:00:00,2005,1,21,20461,49.85,HOEP (Legacy)
2005-01-03 21:00:00,2005,1,22,19666,40.75,HOEP (Legacy)
2005-01-03 22:00:00,2005,1,23,18429,36.27,HOEP (Legacy)
2005-01-03 23:00:00,2005,1,24,17109,34.92,HOEP (Legacy)
2005-01-04 00:00:00,2005,1,1,16141,31.68,HOEP (Legacy)
2005-01-04 01:00:00,2005,1,2,15590,30.13,HOEP (Legacy)
2005-01-04 02:00:00,2005,1,3,15338,29.38,HOEP (Legacy)
2005-01-04 03:00:00,2005,1,4,15253,36.24,HOEP (Legacy)
2005-01-04 04:00:00,2005,1,5,15443,27.42,HOEP (Legacy)
2005-01-04 05:00:00,2005,1,6,16040,33.51,HOEP (Legacy)
2005-01-04 06:00:00,2005,1,7,17478,44.14,HOEP (Legacy)
2005-01-04 07:00:00,2005,1,8,19354,46.63,HOEP (Legacy)
2005-01-04 08:00:00,2005,1,9,19959,38.82,HOEP (Legacy)
2005-01-04 09:00:00,2005,1,10,19955,37.9,HOEP (Legacy)
2005-01-04 10:00:00,2005,1,11,20017,37.07,HOEP (Legacy)
2005-01-04 11:00:00,2005,1,12,19987,37.06,HOEP (Legacy)
2005-01-04 12:00:00,2005,1,13,19856,36.86,HOEP (Legacy)
2005-01-04 13:00:00,2005,1,14,19753,42.38,HOEP (Legacy)
2005-01-04 14:00:00,2005,1,15,19693,37.76,HOEP (Legacy)
2005-01-04 15:00:00,2005,1,16,20092,51.85,HOEP (Legacy)
2005-01-04 16:00:00,2005,1,17,20923,50.56,HOEP (Legacy)
2005-01-04 17:00:00,2005,1,18,22222,86.32,HOEP (Legacy)
2005-01-04 18:00:00,2005,1,19,22118,87.96,HOEP (Legacy)
2005-01-04 19:00:00,2005,1,20,21632,62.76,HOEP (Legacy)
2005-01-04 20:00:00,2005,1,21,21102,62.07,HOEP (Legacy)
2005-01-04 21:00:00,2005,1,22,20333,55.9,HOEP (Legacy)
2005-01-04 22:00:00,2005,1,23,19120,44.16,HOEP (Legacy)
2005-01-04 23:00:00,2005,1,24,17735,36.81,HOEP (Legacy)
2005-01-05 00:00:00,2005,1,1,16579,36.0,HOEP (Legacy)
2005-01-05 01:00:00,2005,1,2,16222,35.13,HOEP (Legacy)
2005-01-05 02:00:00,2005,1,3,16047,35.12,HOEP (Legacy)
2005-01-05 03:00:00,2005,1,4,15921,35.22,HOEP (Legacy)
2005-01-05 04:00:00,2005,1,5,16204,35.24,HOEP (Legacy)
2005-01-05 05:00:00,2005,1,6,16817,36.2,HOEP (Legacy)
2005-01-05 06:00:00,2005,1,7,18194,41.0,HOEP (Legacy)
2005-01-05 07:00:00,2005,1,8,20046,72.35,HOEP (Legacy)
2005-01-05 08:00:00,2005,1,9,20553,51.54,HOEP (Legacy)
2005-01-05 09:00:00,2005,1,10,20598,51.01,HOEP (Legacy)
2005-01-05 10:00:00,2005,1,11,20748,50.8,HOEP (Legacy)
2005-01-05 11:00:00,2005,1,12,20833,50.26,HOEP (Legacy)
2005-01-05 12:00:00,2005,1,13,20805,51.13,HOEP (Legacy)
2005-01-05 13:00:00,2005,1,14,20820,65.59,HOEP (Legacy)
2005-01-05 14:00:00,2005,1,15,20791,50.92,HOEP (Legacy)
2005-01-05 15:00:00,2005,1,16,20915,53.16,HOEP (Legacy)
2005-01-05 16:00:00,2005,1,17,21896,57.28,HOEP (Legacy)
2005-01-05 17:00:00,2005,1,18,23125,78.26,HOEP (Legacy)
2005-01-05 18:00:00,2005,1,19,23089,77.96,HOEP (Legacy)
2005-01-05 19:00:00,2005,1,20,22602,56.87,HOEP (Legacy)
2005-01-05 20:00:00,2005,1,21,22127,75.54,HOEP (Legacy)
2005-01-05 21:00:00,2005,1,22,21388,60.67,HOEP (Legacy)
2005-01-05 22:00:00,2005,1,23,20053,51.12,HOEP (Legacy)
2005-01-05 23:00:00,2005,1,24,18662,46.33,HOEP (Legacy)
2005-01-06 00:00:00,2005,1,1,17764,43.88,HOEP (Legacy)
2005-01-06 01:00:00,2005,1,2,17396,37.53,HOEP (Legacy)
2005-01-06 02:00:00,2005,1,3,17161,37.67,HOEP (Legacy)
2005-01-06 03:00:00,2005,1,4,17027,36.26,HOEP (Legacy)
2005-01-06 04:00:00,2005,1,5,17062,36.27,HOEP (Legacy)
2005-01-06 05:00:00,2005,1,6,17629,36.81,HOEP (Legacy)
2005-01-06 06:00:00,2005,1,7,18970,42.81,HOEP (Legacy)
2005-01-06 07:00:00,2005,1,8,20797,66.8,HOEP (Legacy)
2005-01-06 08:00:00,2005,1,9,21445,54.04,HOEP (Legacy)
2005-01-06 09:00:00,2005,1,10,21529,52.9,HOEP (Legacy)
2005-01-06 10:00:00,2005,1,11,21799,69.44,HOEP (Legacy)
2005-01-06 11:00:00,2005,1,12,22008,87.34,HOEP (Legacy)
2005-01-06 12:00:00,2005,1,13,21888,51.67,HOEP (Legacy)
2005-01-06 13:00:00,2005,1,14,21745,60.8,HOEP (Legacy)
2005-01-06 14:00:00,2005,1,15,21607,50.23,HOEP (Legacy)
2005-01-06 15:00:00,2005,1,16,21558,48.34,HOEP (Legacy)
2005-01-06 16:00:00,2005,1,17,22187,52.63,HOEP (Legacy)
2005-01-06 17:00:00,2005,1,18,23199,69.02,HOEP (Legacy)
2005-01-06 18:00:00,2005,1,19,23233,53.52,HOEP (Legacy)
2005-01-06 19:00:00,2005,1,20,22720,56.24,HOEP (Legacy)
2005-01-06 20:00:00,2005,1,21,22201,62.15,HOEP (Legacy)
2005-01-06 21:00:00,2005,1,22,21347,56.61,HOEP (Legacy)
2005-01-06 22:00:00,2005,1,23,20016,48.33,HOEP (Legacy)
2005-01-06 23:00:00,2005,1,24,18706,48.63,HOEP (Legacy)
2005-01-07 00:00:00,2005,1,1,17777,38.15,HOEP (Legacy)
2005-01-07 01:00:00,2005,1,2,17262,40.56,HOEP (Legacy)
2005-01-07 02:00:00,2005,1,3,16965,37.96,HOEP (Legacy)
2005-01-07 03:00:00,2005,1,4,16845,36.72,HOEP (Legacy)
2005-01-07 04:00:00,2005,1,5,16915,37.02,HOEP (Legacy)
2005-01-07 05:00:00,2005,1,6,17476,37.38,HOEP (Legacy)
2005-01-07 06:00:00,2005,1,7,18737,40.0,HOEP (Legacy)
2005-01-07 07:00:00,2005,1,8,20510,50.74,HOEP (Legacy)
2005-01-07 08:00:00,2005,1,9,20993,48.17,HOEP (Legacy)
2005-01-07 09:00:00,2005,1,10,20865,46.94,HOEP (Legacy)
2005-01-07 10:00:00,2005,1,11,20778,49.67,HOEP (Legacy)
2005-01-07 11:00:00,2005,1,12,20714,50.39,HOEP (Legacy)
2005-01-07 12:00:00,2005,1,13,20603,47.75,HOEP (Legacy)
2005-01-07 13:00:00,2005,1,14,20455,50.44,HOEP (Legacy)
2005-01-07 14:00:00,2005,1,15,20351,48.33,HOEP (Legacy)
2005-01-07 15:00:00,2005,1,16,20485,46.78,HOEP (Legacy)
2005-01-07 16:00:00,2005,1,17,21094,49.48,HOEP (Legacy)
2005-01-07 17:00:00,2005,1,18,22063,85.69,HOEP (Legacy)
2005-01-07 18:00:00,2005,1,19,21881,49.11,HOEP (Legacy)
2005-01-07 19:00:00,2005,1,20,21245,49.59,HOEP (Legacy)
2005-01-07 20:00:00,2005,1,21,20803,48.59,HOEP (Legacy)
2005-01-07 21:00:00,2005,1,22,20119,51.45,HOEP (Legacy)
2005-01-07 22:00:00,2005,1,23,19103,53.33,HOEP (Legacy)
2005-01-07 23:00:00,2005,1,24,17773,45.51,HOEP (Legacy)
2005-01-08 00:00:00,2005,1,1,16754,41.05,HOEP (Legacy)
2005-01-08 01:00:00,2005,1,2,16151,41.27,HOEP (Legacy)
2005-01-08 02:00:00,2005,1,3,15746,38.2,HOEP (Legacy)
2005-01-08 03:00:00,2005,1,4,15487,38.1,HOEP (Legacy)
2005-01-08 04:00:00,2005,1,5,15518,37.02,HOEP (Legacy)
2005-01-08 05:00:00,2005,1,6,15686,37.31,HOEP (Legacy)
2005-01-08 06:00:00,2005,1,7,16048,38.69,HOEP (Legacy)
2005-01-08 07:00:00,2005,1,8,16966,40.24,HOEP (Legacy)
2005-01-08 08:00:00,2005,1,9,18034,56.92,HOEP (Legacy)
2005-01-08 09:00:00,2005,1,10,18856,61.95,HOEP (Legacy)
2005-01-08 10:00:00,2005,1,11,19221,56.14,HOEP (Legacy)
2005-01-08 11:00:00,2005,1,12,19338,63.65,HOEP (Legacy)
2005-01-08 12:00:00,2005,1,13,19111,59.92,HOEP (Legacy)
2005-01-08 13:00:00,2005,1,14,18799,52.9,HOEP (Legacy)
2005-01-08 14:00:00,2005,1,15,18628,51.1,HOEP (Legacy)
2005-01-08 15:00:00,2005,1,16,18715,49.72,HOEP (Legacy)
2005-01-08 16:00:00,2005,1,17,19320,82.88,HOEP (Legacy)
2005-01-08 17:00:00,2005,1,18,20464,128.79,HOEP (Legacy)
2005-01-08 18:00:00,2005,1,19,20350,83.24,HOEP (Legacy)
2005-01-08 19:00:00,2005,1,20,19780,64.17,HOEP (Legacy)
2005-01-08 20:00:00,2005,1,21,19195,55.63,HOEP (Legacy)
2005-01-08 21:00:00,2005,1,22,18656,54.09,HOEP (Legacy)
2005-01-08 22:00:00,2005,1,23,17868,41.39,HOEP (Legacy)
2005-01-08 23:00:00,2005,1,24,16962,42.61,HOEP (Legacy)
2005-01-09 00:00:00,2005,1,1,16103,44.48,HOEP (Legacy)
2005-01-09 01:00:00,2005,1,2,15503,40.57,HOEP (Legacy)
2005-01-09 02:00:00,2005,1,3,15105,37.74,HOEP (Legacy)
2005-01-09 03:00:00,2005,1,4,14835,38.12,HOEP (Legacy)
2005-01-09 04:00:00,2005,1,5,14759,37.44,HOEP (Legacy)
2005-01-09 05:00:00,2005,1,6,14970,38.65,HOEP (Legacy)
2005-01-09 06:00:00,2005,1,7,15332,37.96,HOEP (Legacy)
2005-01-09 07:00:00,2005,1,8,15931,37.69,HOEP (Legacy)
2005-01-09 08:00:00,2005,1,9,16664,39.11,HOEP (Legacy)
2005-01-09 09:00:00,2005,1,10,17572,40.33,HOEP (Legacy)
2005-01-09 10:00:00,2005,1,11,18183,47.02,HOEP (Legacy)
2005-01-09 11:00:00,2005,1,12,18560,46.46,HOEP (Legacy)
2005-01-09 12:00:00,2005,1,13,18683,49.17,HOEP (Legacy)
2005-01-09 13:00:00,2005,1,14,18650,50.23,HOEP (Legacy)
2005-01-09 14:00:00,2005,1,15,18556,47.95,HOEP (Legacy)
2005-01-09 15:00:00,2005,1,16,18636,42.06,HOEP (Legacy)
2005-01-09 16:00:00,2005,1,17,19320,42.07,HOEP (Legacy)
2005-01-09 17:00:00,2005,1,18,20537,60.91,HOEP (Legacy)
2005-01-09 18:00:00,2005,1,19,20367,51.91,HOEP (Legacy)
2005-01-09 19:00:00,2005,1,20,19983,51.23,HOEP (Legacy)
2005-01-09 20:00:00,2005,1,21,19552,51.44,HOEP (Legacy)
2005-01-09 21:00:00,2005,1,22,18985,51.28,HOEP (Legacy)
2005-01-09 22:00:00,2005,1,23,18087,45.38,HOEP (Legacy)
2005-01-09 23:00:00,2005,1,24,16956,41.5,HOEP (Legacy)
2005-01-10 00:00:00,2005,1,1,16238,41.31,HOEP (Legacy)
2005-01-10 01:00:00,2005,1,2,15817,38.51,HOEP (Legacy)
2005-01-10 02:00:00,2005,1,3,15639,38.07,HOEP (Legacy)
2005-01-10 03:00:00,2005,1,4,15655,37.51,HOEP (Legacy)
2005-01-10 04:00:00,2005,1,5,15807,37.86,HOEP (Legacy)
2005-01-10 05:00:00,2005,1,6,16451,38.23,HOEP (Legacy)
2005-01-10 06:00:00,2005,1,7,17699,44.53,HOEP (Legacy)
2005-01-10 07:00:00,2005,1,8,19682,57.18,HOEP (Legacy)
2005-01-10 08:00:00,2005,1,9,20336,53.21,HOEP (Legacy)
2005-01-10 09:00:00,2005,1,10,20377,56.26,HOEP (Legacy)
2005-01-10 10:00:00,2005,1,11,20616,55.18,HOEP (Legacy)
2005-01-10 11:00:00,2005,1,12,20728,71.53,HOEP (Legacy)
2005-01-10 12:00:00,2005,1,13,20531,52.09,HOEP (Legacy)
2005-01-10 13:00:00,2005,1,14,20431,64.32,HOEP (Legacy)
2005-01-10 14:00:00,2005,1,15,20358,70.6,HOEP (Legacy)
2005-01-10 15:00:00,2005,1,16,20551,72.59,HOEP (Legacy)
2005-01-10 16:00:00,2005,1,17,21262,94.03,HOEP (Legacy)
2005-01-10 17:00:00,2005,1,18,22389,134.53,HOEP (Legacy)
2005-01-10 18:00:00,2005,1,19,22281,103.38,HOEP (Legacy)
2005-01-10 19:00:00,2005,1,20,21837,88.99,HOEP (Legacy)
2005-01-10 20:00:00,2005,1,21,21316,77.45,HOEP (Legacy)
2005-01-10 21:00:00,2005,1,22,20448,79.05,HOEP (Legacy)
2005-01-10 22:00:00,2005,1,23,19241,51.0,HOEP (Legacy)
2005-01-10 23:00:00,2005,1,24,17890,46.28,HOEP (Legacy)
2005-01-11 00:00:00,2005,1,1,16806,40.27,HOEP (Legacy)
2005-01-11 01:00:00,2005,1,2,16296,36.62,HOEP (Legacy)
2005-01-11 02:00:00,2005,1,3,16110,37.2,HOEP (Legacy)
2005-01-11 03:00:00,2005,1,4,16064,37.25,HOEP (Legacy)
2005-01-11 04:00:00,2005,1,5,16314,38.21,HOEP (Legacy)
2005-01-11 05:00:00,2005,1,6,16875,39.42,HOEP (Legacy)
2005-01-11 06:00:00,2005,1,7,18275,45.09,HOEP (Legacy)
2005-01-11 07:00:00,2005,1,8,20234,179.43,HOEP (Legacy)
2005-01-11 08:00:00,2005,1,9,20815,107.73,HOEP (Legacy)
2005-01-11 09:00:00,2005,1,10,20831,67.08,HOEP (Legacy)
2005-01-11 10:00:00,2005,1,11,20855,44.59,HOEP (Legacy)
2005-01-11 11:00:00,2005,1,12,20806,44.98,HOEP (Legacy)
2005-01-11 12:00:00,2005,1,13,20611,50.4,HOEP (Legacy)
2005-01-11 13:00:00,2005,1,14,20665,72.08,HOEP (Legacy)
2005-01-11 14:00:00,2005,1,15,20539,51.83,HOEP (Legacy)
2005-01-11 15:00:00,2005,1,16,20708,54.81,HOEP (Legacy)
2005-01-11 16:00:00,2005,1,17,21496,65.15,HOEP (Legacy)
2005-01-11 17:00:00,2005,1,18,22640,150.75,HOEP (Legacy)
2005-01-11 18:00:00,2005,1,19,22575,112.8,HOEP (Legacy)
2005-01-11 19:00:00,2005,1,20,22078,88.29,HOEP (Legacy)
2005-01-11 20:00:00,2005,1,21,21572,80.0,HOEP (Legacy)
2005-01-11 21:00:00,2005,1,22,20725,64.1,HOEP (Legacy)
2005-01-11 22:00:00,2005,1,23,19524,63.12,HOEP (Legacy)
2005-01-11 23:00:00,2005,1,24,18168,40.95,HOEP (Legacy)
2005-01-12 00:00:00,2005,1,1,17175,49.95,HOEP (Legacy)
2005-01-12 01:00:00,2005,1,2,16689,37.28,HOEP (Legacy)
2005-01-12 02:00:00,2005,1,3,16483,43.76,HOEP (Legacy)
2005-01-12 03:00:00,2005,1,4,16379,42.83,HOEP (Legacy)
2005-01-12 04:00:00,2005,1,5,16627,40.49,HOEP (Legacy)
2005-01-12 05:00:00,2005,1,6,17061,40.28,HOEP (Legacy)
2005-01-12 06:00:00,2005,1,7,18322,39.28,HOEP (Legacy)
2005-01-12 07:00:00,2005,1,8,20217,43.98,HOEP (Legacy)
2005-01-12 08:00:00,2005,1,9,20843,50.05,HOEP (Legacy)
2005-01-12 09:00:00,2005,1,10,20878,51.0,HOEP (Legacy)
2005-01-12 10:00:00,2005,1,11,21072,76.43,HOEP (Legacy)
2005-01-12 11:00:00,2005,1,12,21292,51.21,HOEP (Legacy)
2005-01-12 12:00:00,2005,1,13,21111,50.03,HOEP (Legacy)
2005-01-12 13:00:00,2005,1,14,21015,52.8,HOEP (Legacy)
2005-01-12 14:00:00,2005,1,15,20871,48.76,HOEP (Legacy)
2005-01-12 15:00:00,2005,1,16,20849,47.8,HOEP (Legacy)
2005-01-12 16:00:00,2005,1,17,21535,49.18,HOEP (Legacy)
2005-01-12 17:00:00,2005,1,18,22335,60.09,HOEP (Legacy)
2005-01-12 18:00:00,2005,1,19,22111,51.32,HOEP (Legacy)
2005-01-12 19:00:00,2005,1,20,21495,48.43,HOEP (Legacy)
2005-01-12 20:00:00,2005,1,21,20898,45.63,HOEP (Legacy)
2005-01-12 21:00:00,2005,1,22,19829,40.54,HOEP (Legacy)
2005-01-12 22:00:00,2005,1,23,18522,37.39,HOEP (Legacy)
2005-01-12 23:00:00,2005,1,24,17313,36.84,HOEP (Legacy)
2005-01-13 00:00:00,2005,1,1,16251,37.59,HOEP (Legacy)
2005-01-13 01:00:00,2005,1,2,15620,35.63,HOEP (Legacy)
2005-01-13 02:00:00,2005,1,3,15306,35.61,HOEP (Legacy)
2005-01-13 03:00:00,2005,1,4,15149,34.92,HOEP (Legacy)
2005-01-13 04:00:00,2005,1,5,15225,34.73,HOEP (Legacy)
2005-01-13 05:00:00,2005,1,6,15766,39.77,HOEP (Legacy)
2005-01-13 06:00:00,2005,1,7,17162,41.17,HOEP (Legacy)
2005-01-13 07:00:00,2005,1,8,18941,46.75,HOEP (Legacy)
2005-01-13 08:00:00,2005,1,9,19463,47.24,HOEP (Legacy)
2005-01-13 09:00:00,2005,1,10,19372,49.68,HOEP (Legacy)
2005-01-13 10:00:00,2005,1,11,19601,49.88,HOEP (Legacy)
2005-01-13 11:00:00,2005,1,12,19545,49.43,HOEP (Legacy)
2005-01-13 12:00:00,2005,1,13,19320,48.79,HOEP (Legacy)
2005-01-13 13:00:00,2005,1,14,19280,46.93,HOEP (Legacy)
2005-01-13 14:00:00,2005,1,15,19238,57.04,HOEP (Legacy)
2005-01-13 15:00:00,2005,1,16,19486,54.59,HOEP (Legacy)
2005-01-13 16:00:00,2005,1,17,20409,61.79,HOEP (Legacy)
2005-01-13 17:00:00,2005,1,18,21349,76.74,HOEP (Legacy)
2005-01-13 18:00:00,2005,1,19,21335,79.52,HOEP (Legacy)
2005-01-13 19:00:00,2005,1,20,20981,69.49,HOEP (Legacy)
2005-01-13 20:00:00,2005,1,21,20517,55.94,HOEP (Legacy)
2005-01-13 21:00:00,2005,1,22,19803,46.1,HOEP (Legacy)
2005-01-13 22:00:00,2005,1,23,18571,47.58,HOEP (Legacy)
2005-01-13 23:00:00,2005,1,24,17474,36.94,HOEP (Legacy)
2005-01-14 00:00:00,2005,1,1,16467,38.3,HOEP (Legacy)
2005-01-14 01:00:00,2005,1,2,16119,38.41,HOEP (Legacy)
2005-01-14 02:00:00,2005,1,3,15880,37.5,HOEP (Legacy)
2005-01-14 03:00:00,2005,1,4,15755,36.67,HOEP (Legacy)
2005-01-14 04:00:00,2005,1,5,15882,36.53,HOEP (Legacy)
2005-01-14 05:00:00,2005,1,6,16471,36.46,HOEP (Legacy)
2005-01-14 06:00:00,2005,1,7,17886,37.52,HOEP (Legacy)
2005-01-14 07:00:00,2005,1,8,19918,51.34,HOEP (Legacy)
2005-01-14 08:00:00,2005,1,9,20506,57.49,HOEP (Legacy)
2005-01-14 09:00:00,2005,1,10,20567,41.51,HOEP (Legacy)
2005-01-14 10:00:00,2005,1,11,20569,42.86,HOEP (Legacy)
2005-01-14 11:00:00,2005,1,12,20618,59.56,HOEP (Legacy)
2005-01-14 12:00:00,2005,1,13,20463,66.78,HOEP (Legacy)
2005-01-14 13:00:00,2005,1,14,20389,50.59,HOEP (Legacy)
2005-01-14 14:00:00,2005,1,15,20278,50.96,HOEP (Legacy)
2005-01-14 15:00:00,2005,1,16,20449,64.07,HOEP (Legacy)
2005-01-14 16:00:00,2005,1,17,21121,67.38,HOEP (Legacy)
2005-01-14 17:00:00,2005,1,18,22146,68.84,HOEP (Legacy)
2005-01-14 18:00:00,2005,1,19,22420,80.45,HOEP (Legacy)
2005-01-14 19:00:00,2005,1,20,21964,53.65,HOEP (Legacy)
2005-01-14 20:00:00,2005,1,21,21446,53.09,HOEP (Legacy)
2005-01-14 21:00:00,2005,1,22,20778,51.86,HOEP (Legacy)
2005-01-14 22:00:00,2005,1,23,19736,42.4,HOEP (Legacy)
2005-01-14 23:00:00,2005,1,24,18573,46.71,HOEP (Legacy)
2005-01-15 00:00:00,2005,1,1,17500,42.78,HOEP (Legacy)
2005-01-15 01:00:00,2005,1,2,16913,39.52,HOEP (Legacy)
2005-01-15 02:00:00,2005,1,3,16590,39.03,HOEP (Legacy)
2005-01-15 03:00:00,2005,1,4,16515,40.62,HOEP (Legacy)
2005-01-15 04:00:00,2005,1,5,16487,38.51,HOEP (Legacy)
2005-01-15 05:00:00,2005,1,6,16787,38.13,HOEP (Legacy)
2005-01-15 06:00:00,2005,1,7,17299,37.47,HOEP (Legacy)
2005-01-15 07:00:00,2005,1,8,18205,38.7,HOEP (Legacy)
2005-01-15 08:00:00,2005,1,9,18920,38.48,HOEP (Legacy)
2005-01-15 09:00:00,2005,1,10,19462,58.08,HOEP (Legacy)
2005-01-15 10:00:00,2005,1,11,19793,66.8,HOEP (Legacy)
2005-01-15 11:00:00,2005,1,12,19842,54.96,HOEP (Legacy)
2005-01-15 12:00:00,2005,1,13,19638,55.22,HOEP (Legacy)
2005-01-15 13:00:00,2005,1,14,19380,54.61,HOEP (Legacy)
2005-01-15 14:00:00,2005,1,15,19179,43.04,HOEP (Legacy)
2005-01-15 15:00:00,2005,1,16,19115,38.68,HOEP (Legacy)
2005-01-15 16:00:00,2005,1,17,19607,43.5,HOEP (Legacy)
2005-01-15 17:00:00,2005,1,18,20900,58.95,HOEP (Legacy)
2005-01-15 18:00:00,2005,1,19,21155,61.67,HOEP (Legacy)
2005-01-15 19:00:00,2005,1,20,20537,62.38,HOEP (Legacy)
2005-01-15 20:00:00,2005,1,21,19990,59.22,HOEP (Legacy)
2005-01-15 21:00:00,2005,1,22,19453,45.42,HOEP (Legacy)
2005-01-15 22:00:00,2005,1,23,18729,45.73,HOEP (Legacy)
2005-01-15 23:00:00,2005,1,24,17740,37.88,HOEP (Legacy)
2005-01-16 00:00:00,2005,1,1,17032,41.07,HOEP (Legacy)
2005-01-16 01:00:00,2005,1,2,16547,38.8,HOEP (Legacy)
2005-01-16 02:00:00,2005,1,3,16223,50.2,HOEP (Legacy)
2005-01-16 03:00:00,2005,1,4,16075,38.59,HOEP (Legacy)
2005-01-16 04:00:00,2005,1,5,16030,41.75,HOEP (Legacy)
2005-01-16 05:00:00,2005,1,6,16171,38.37,HOEP (Legacy)
2005-01-16 06:00:00,2005,1,7,16615,37.77,HOEP (Legacy)
2005-01-16 07:00:00,2005,1,8,17269,39.44,HOEP (Legacy)
2005-01-16 08:00:00,2005,1,9,17973,41.1,HOEP (Legacy)
2005-01-16 09:00:00,2005,1,10,18766,38.36,HOEP (Legacy)
2005-01-16 10:00:00,2005,1,11,19233,53.41,HOEP (Legacy)
2005-01-16 11:00:00,2005,1,12,19460,40.37,HOEP (Legacy)
2005-01-16 12:00:00,2005,1,13,19509,49.57,HOEP (Legacy)
2005-01-16 13:00:00,2005,1,14,19368,51.65,HOEP (Legacy)
2005-01-16 14:00:00,2005,1,15,19332,38.16,HOEP (Legacy)
2005-01-16 15:00:00,2005,1,16,19422,36.31,HOEP (Legacy)
2005-01-16 16:00:00,2005,1,17,20199,37.67,HOEP (Legacy)
2005-01-16 17:00:00,2005,1,18,21452,65.48,HOEP (Legacy)
2005-01-16 18:00:00,2005,1,19,21661,57.37,HOEP (Legacy)
2005-01-16 19:00:00,2005,1,20,21153,55.99,HOEP (Legacy)
2005-01-16 20:00:00,2005,1,21,20707,55.96,HOEP (Legacy)
2005-01-16 21:00:00,2005,1,22,20104,50.1,HOEP (Legacy)
2005-01-16 22:00:00,2005,1,23,19276,51.06,HOEP (Legacy)
2005-01-16 23:00:00,2005,1,24,18327,41.47,HOEP (Legacy)
2005-01-17 00:00:00,2005,1,1,17637,40.4,HOEP (Legacy)
2005-01-17 01:00:00,2005,1,2,17219,37.58,HOEP (Legacy)
2005-01-17 02:00:00,2005,1,3,17106,37.82,HOEP (Legacy)
2005-01-17 03:00:00,2005,1,4,17070,37.43,HOEP (Legacy)
2005-01-17 04:00:00,2005,1,5,17238,37.64,HOEP (Legacy)
2005-01-17 05:00:00,2005,1,6,17983,40.31,HOEP (Legacy)
2005-01-17 06:00:00,2005,1,7,19276,47.14,HOEP (Legacy)
2005-01-17 07:00:00,2005,1,8,21405,60.9,HOEP (Legacy)
2005-01-17 08:00:00,2005,1,9,21963,61.03,HOEP (Legacy)
2005-01-17 09:00:00,2005,1,10,22007,53.8,HOEP (Legacy)
2005-01-17 10:00:00,2005,1,11,22074,52.47,HOEP (Legacy)
2005-01-17 11:00:00,2005,1,12,22027,52.55,HOEP (Legacy)
2005-01-17 12:00:00,2005,1,13,21824,52.15,HOEP (Legacy)
2005-01-17 13:00:00,2005,1,14,21708,54.63,HOEP (Legacy)
2005-01-17 14:00:00,2005,1,15,21610,53.33,HOEP (Legacy)
2005-01-17 15:00:00,2005,1,16,21775,51.28,HOEP (Legacy)
2005-01-17 16:00:00,2005,1,17,22536,84.93,HOEP (Legacy)
2005-01-17 17:00:00,2005,1,18,23752,118.57,HOEP (Legacy)
2005-01-17 18:00:00,2005,1,19,24086,105.52,HOEP (Legacy)
2005-01-17 19:00:00,2005,1,20,23653,89.9,HOEP (Legacy)
2005-01-17 20:00:00,2005,1,21,23298,87.82,HOEP (Legacy)
2005-01-17 21:00:00,2005,1,22,22489,62.7,HOEP (Legacy)
2005-01-17 22:00:00,2005,1,23,21257,50.9,HOEP (Legacy)
2005-01-17 23:00:00,2005,1,24,19966,50.94,HOEP (Legacy)
2005-01-18 00:00:00,2005,1,1,19152,53.27,HOEP (Legacy)
2005-01-18 01:00:00,2005,1,2,18879,51.59,HOEP (Legacy)
2005-01-18 02:00:00,2005,1,3,18658,53.71,HOEP (Legacy)
2005-01-18 03:00:00,2005,1,4,18635,54.89,HOEP (Legacy)
2005-01-18 04:00:00,2005,1,5,18818,57.58,HOEP (Legacy)
2005-01-18 05:00:00,2005,1,6,19353,67.64,HOEP (Legacy)
2005-01-18 06:00:00,2005,1,7,20696,70.71,HOEP (Legacy)
2005-01-18 07:00:00,2005,1,8,22650,108.44,HOEP (Legacy)
2005-01-18 08:00:00,2005,1,9,22996,117.6,HOEP (Legacy)
2005-01-18 09:00:00,2005,1,10,22797,70.96,HOEP (Legacy)
2005-01-18 10:00:00,2005,1,11,22685,58.81,HOEP (Legacy)
2005-01-18 11:00:00,2005,1,12,22543,56.49,HOEP (Legacy)
2005-01-18 12:00:00,2005,1,13,22274,56.78,HOEP (Legacy)
2005-01-18 13:00:00,2005,1,14,22095,56.87,HOEP (Legacy)
2005-01-18 14:00:00,2005,1,15,21964,49.56,HOEP (Legacy)
2005-01-18 15:00:00,2005,1,16,22106,61.96,HOEP (Legacy)
2005-01-18 16:00:00,2005,1,17,22876,77.44,HOEP (Legacy)
2005-01-18 17:00:00,2005,1,18,24096,122.12,HOEP (Legacy)
2005-01-18 18:00:00,2005,1,19,24362,154.55,HOEP (Legacy)
2005-01-18 19:00:00,2005,1,20,23886,124.15,HOEP (Legacy)
2005-01-18 20:00:00,2005,1,21,23408,113.62,HOEP (Legacy)
2005-01-18 21:00:00,2005,1,22,22565,80.68,HOEP (Legacy)
2005-01-18 22:00:00,2005,1,23,21241,47.82,HOEP (Legacy)
2005-01-18 23:00:00,2005,1,24,19807,47.78,HOEP (Legacy)
2005-01-19 00:00:00,2005,1,1,18795,47.44,HOEP (Legacy)
2005-01-19 01:00:00,2005,1,2,18371,44.12,HOEP (Legacy)
2005-01-19 02:00:00,2005,1,3,18124,38.74,HOEP (Legacy)
2005-01-19 03:00:00,2005,1,4,17998,39.11,HOEP (Legacy)
2005-01-19 04:00:00,2005,1,5,18129,41.31,HOEP (Legacy)
2005-01-19 05:00:00,2005,1,6,18704,40.2,HOEP (Legacy)
2005-01-19 06:00:00,2005,1,7,19871,40.15,HOEP (Legacy)
2005-01-19 07:00:00,2005,1,8,21566,69.52,HOEP (Legacy)
2005-01-19 08:00:00,2005,1,9,21989,54.39,HOEP (Legacy)
2005-01-19 09:00:00,2005,1,10,21940,54.55,HOEP (Legacy)
2005-01-19 10:00:00,2005,1,11,21993,75.0,HOEP (Legacy)
2005-01-19 11:00:00,2005,1,12,22028,69.1,HOEP (Legacy)
2005-01-19 12:00:00,2005,1,13,21798,62.18,HOEP (Legacy)
2005-01-19 13:00:00,2005,1,14,21552,50.35,HOEP (Legacy)
2005-01-19 14:00:00,2005,1,15,21460,64.68,HOEP (Legacy)
2005-01-19 15:00:00,2005,1,16,21489,60.89,HOEP (Legacy)
2005-01-19 16:00:00,2005,1,17,22153,44.25,HOEP (Legacy)
2005-01-19 17:00:00,2005,1,18,23107,89.67,HOEP (Legacy)
2005-01-19 18:00:00,2005,1,19,23183,74.23,HOEP (Legacy)
2005-01-19 19:00:00,2005,1,20,22717,50.81,HOEP (Legacy)
2005-01-19 20:00:00,2005,1,21,22209,51.67,HOEP (Legacy)
2005-01-19 21:00:00,2005,1,22,21368,51.41,HOEP (Legacy)
2005-01-19 22:00:00,2005,1,23,20257,47.92,HOEP (Legacy)
2005-01-19 23:00:00,2005,1,24,18949,46.21,HOEP (Legacy)
2005-01-20 00:00:00,2005,1,1,18120,43.7,HOEP (Legacy)
2005-01-20 01:00:00,2005,1,2,17657,38.79,HOEP (Legacy)
2005-01-20 02:00:00,2005,1,3,17478,37.64,HOEP (Legacy)
2005-01-20 03:00:00,2005,1,4,17397,37.26,HOEP (Legacy)
2005-01-20 04:00:00,2005,1,5,17689,38.08,HOEP (Legacy)
2005-01-20 05:00:00,2005,1,6,18380,41.55,HOEP (Legacy)
2005-01-20 06:00:00,2005,1,7,19828,44.33,HOEP (Legacy)
2005-01-20 07:00:00,2005,1,8,21747,65.09,HOEP (Legacy)
2005-01-20 08:00:00,2005,1,9,22310,50.59,HOEP (Legacy)
2005-01-20 09:00:00,2005,1,10,22183,55.51,HOEP (Legacy)
2005-01-20 10:00:00,2005,1,11,22236,51.33,HOEP (Legacy)
2005-01-20 11:00:00,2005,1,12,22063,52.71,HOEP (Legacy)
2005-01-20 12:00:00,2005,1,13,21692,69.8,HOEP (Legacy)
2005-01-20 13:00:00,2005,1,14,21641,56.48,HOEP (Legacy)
2005-01-20 14:00:00,2005,1,15,21645,59.94,HOEP (Legacy)
2005-01-20 15:00:00,2005,1,16,21786,57.84,HOEP (Legacy)
2005-01-20 16:00:00,2005,1,17,22471,80.72,HOEP (Legacy)
2005-01-20 17:00:00,2005,1,18,23697,124.06,HOEP (Legacy)
2005-01-20 18:00:00,2005,1,19,23912,114.17,HOEP (Legacy)
2005-01-20 19:00:00,2005,1,20,23592,83.77,HOEP (Legacy)
2005-01-20 20:00:00,2005,1,21,23209,95.45,HOEP (Legacy)
2005-01-20 21:00:00,2005,1,22,22553,50.8,HOEP (Legacy)
2005-01-20 22:00:00,2005,1,23,21569,50.6,HOEP (Legacy)
2005-01-20 23:00:00,2005,1,24,20420,46.49,HOEP (Legacy)
2005-01-21 00:00:00,2005,1,1,19374,52.26,HOEP (Legacy)
2005-01-21 01:00:00,2005,1,2,18936,48.11,HOEP (Legacy)
2005-01-21 02:00:00,2005,1,3,18763,48.77,HOEP (Legacy)
2005-01-21 03:00:00,2005,1,4,18777,50.06,HOEP (Legacy)
2005-01-21 04:00:00,2005,1,5,18906,50.01,HOEP (Legacy)
2005-01-21 05:00:00,2005,1,6,19496,51.27,HOEP (Legacy)
2005-01-21 06:00:00,2005,1,7,20872,72.72,HOEP (Legacy)
2005-01-21 07:00:00,2005,1,8,22908,106.12,HOEP (Legacy)
2005-01-21 08:00:00,2005,1,9,23388,96.33,HOEP (Legacy)
2005-01-21 09:00:00,2005,1,10,23174,57.24,HOEP (Legacy)
2005-01-21 10:00:00,2005,1,11,23216,73.65,HOEP (Legacy)
2005-01-21 11:00:00,2005,1,12,23021,62.02,HOEP (Legacy)
2005-01-21 12:00:00,2005,1,13,22576,55.17,HOEP (Legacy)
2005-01-21 13:00:00,2005,1,14,22279,52.08,HOEP (Legacy)
2005-01-21 14:00:00,2005,1,15,21969,50.35,HOEP (Legacy)
2005-01-21 15:00:00,2005,1,16,21941,45.87,HOEP (Legacy)
2005-01-21 16:00:00,2005,1,17,22455,42.3,HOEP (Legacy)
2005-01-21 17:00:00,2005,1,18,23575,49.49,HOEP (Legacy)
2005-01-21 18:00:00,2005,1,19,24008,127.91,HOEP (Legacy)
2005-01-21 19:00:00,2005,1,20,23671,95.61,HOEP (Legacy)
2005-01-21 20:00:00,2005,1,21,23179,61.46,HOEP (Legacy)
2005-01-21 21:00:00,2005,1,22,22484,63.82,HOEP (Legacy)
2005-01-21 22:00:00,2005,1,23,21456,48.71,HOEP (Legacy)
2005-01-21 23:00:00,2005,1,24,20247,52.68,HOEP (Legacy)
2005-01-22 00:00:00,2005,1,1,19425,62.2,HOEP (Legacy)
2005-01-22 01:00:00,2005,1,2,18966,49.43,HOEP (Legacy)
2005-01-22 02:00:00,2005,1,3,18634,48.18,HOEP (Legacy)
2005-01-22 03:00:00,2005,1,4,18486,46.82,HOEP (Legacy)
2005-01-22 04:00:00,2005,1,5,18408,56.02,HOEP (Legacy)
2005-01-22 05:00:00,2005,1,6,18594,44.55,HOEP (Legacy)
2005-01-22 06:00:00,2005,1,7,19096,49.33,HOEP (Legacy)
2005-01-22 07:00:00,2005,1,8,19824,54.71,HOEP (Legacy)
2005-01-22 08:00:00,2005,1,9,20664,55.43,HOEP (Legacy)
2005-01-22 09:00:00,2005,1,10,21557,98.3,HOEP (Legacy)
2005-01-22 10:00:00,2005,1,11,22064,74.36,HOEP (Legacy)
2005-01-22 11:00:00,2005,1,12,22406,90.7,HOEP (Legacy)
2005-01-22 12:00:00,2005,1,13,22469,94.77,HOEP (Legacy)
2005-01-22 13:00:00,2005,1,14,22168,119.16,HOEP (Legacy)
2005-01-22 14:00:00,2005,1,15,21896,94.4,HOEP (Legacy)
2005-01-22 15:00:00,2005,1,16,21760,71.4,HOEP (Legacy)
2005-01-22 16:00:00,2005,1,17,22212,49.0,HOEP (Legacy)
2005-01-22 17:00:00,2005,1,18,23029,88.59,HOEP (Legacy)
2005-01-22 18:00:00,2005,1,19,23258,113.16,HOEP (Legacy)
2005-01-22 19:00:00,2005,1,20,22731,93.07,HOEP (Legacy)
2005-01-22 20:00:00,2005,1,21,22158,82.17,HOEP (Legacy)
2005-01-22 21:00:00,2005,1,22,21469,128.42,HOEP (Legacy)
2005-01-22 22:00:00,2005,1,23,20728,106.29,HOEP (Legacy)
2005-01-22 23:00:00,2005,1,24,19687,88.96,HOEP (Legacy)
2005-01-23 00:00:00,2005,1,1,18957,88.22,HOEP (Legacy)
2005-01-23 01:00:00,2005,1,2,18574,88.27,HOEP (Legacy)
2005-01-23 02:00:00,2005,1,3,18325,105.08,HOEP (Legacy)
2005-01-23 03:00:00,2005,1,4,18218,83.52,HOEP (Legacy)
2005-01-23 04:00:00,2005,1,5,18227,77.69,HOEP (Legacy)
2005-01-23 05:00:00,2005,1,6,18487,89.11,HOEP (Legacy)
2005-01-23 06:00:00,2005,1,7,18787,82.73,HOEP (Legacy)
2005-01-23 07:00:00,2005,1,8,19203,91.35,HOEP (Legacy)
2005-01-23 08:00:00,2005,1,9,19746,75.15,HOEP (Legacy)
2005-01-23 09:00:00,2005,1,10,20295,95.29,HOEP (Legacy)
2005-01-23 10:00:00,2005,1,11,20502,98.21,HOEP (Legacy)
2005-01-23 11:00:00,2005,1,12,20723,98.21,HOEP (Legacy)
2005-01-23 12:00:00,2005,1,13,20646,97.75,HOEP (Legacy)
2005-01-23 13:00:00,2005,1,14,20369,93.35,HOEP (Legacy)
2005-01-23 14:00:00,2005,1,15,20094,95.61,HOEP (Legacy)
2005-01-23 15:00:00,2005,1,16,20069,69.28,HOEP (Legacy)
2005-01-23 16:00:00,2005,1,17,20672,56.51,HOEP (Legacy)
2005-01-23 17:00:00,2005,1,18,21942,77.53,HOEP (Legacy)
2005-01-23 18:00:00,2005,1,19,22501,98.54,HOEP (Legacy)
2005-01-23 19:00:00,2005,1,20,22296,98.34,HOEP (Legacy)
2005-01-23 20:00:00,2005,1,21,22050,87.5,HOEP (Legacy)
2005-01-23 21:00:00,2005,1,22,21442,67.26,HOEP (Legacy)
2005-01-23 22:00:00,2005,1,23,20541,65.86,HOEP (Legacy)
2005-01-23 23:00:00,2005,1,24,19526,50.61,HOEP (Legacy)
2005-01-24 00:00:00,2005,1,1,18912,50.76,HOEP (Legacy)
2005-01-24 01:00:00,2005,1,2,18427,51.31,HOEP (Legacy)
2005-01-24 02:00:00,2005,1,3,18372,64.13,HOEP (Legacy)
2005-01-24 03:00:00,2005,1,4,18345,54.4,HOEP (Legacy)
2005-01-24 04:00:00,2005,1,5,18451,69.17,HOEP (Legacy)
2005-01-24 05:00:00,2005,1,6,19151,88.29,HOEP (Legacy)
2005-01-24 06:00:00,2005,1,7,20389,76.25,HOEP (Legacy)
2005-01-24 07:00:00,2005,1,8,22243,112.79,HOEP (Legacy)
2005-01-24 08:00:00,2005,1,9,22778,132.76,HOEP (Legacy)
2005-01-24 09:00:00,2005,1,10,22669,139.88,HOEP (Legacy)
2005-01-24 10:00:00,2005,1,11,22737,129.64,HOEP (Legacy)
2005-01-24 11:00:00,2005,1,12,22765,108.4,HOEP (Legacy)
2005-01-24 12:00:00,2005,1,13,22553,119.75,HOEP (Legacy)
2005-01-24 13:00:00,2005,1,14,22398,100.49,HOEP (Legacy)
2005-01-24 14:00:00,2005,1,15,22145,90.59,HOEP (Legacy)
2005-01-24 15:00:00,2005,1,16,22200,100.03,HOEP (Legacy)
2005-01-24 16:00:00,2005,1,17,22571,99.17,HOEP (Legacy)
2005-01-24 17:00:00,2005,1,18,23320,112.97,HOEP (Legacy)
2005-01-24 18:00:00,2005,1,19,23747,124.9,HOEP (Legacy)
2005-01-24 19:00:00,2005,1,20,23156,120.16,HOEP (Legacy)
2005-01-24 20:00:00,2005,1,21,22556,101.2,HOEP (Legacy)
2005-01-24 21:00:00,2005,1,22,21766,94.72,HOEP (Legacy)
2005-01-24 22:00:00,2005,1,23,20427,59.65,HOEP (Legacy)
2005-01-24 23:00:00,2005,1,24,19002,46.7,HOEP (Legacy)
2005-01-25 00:00:00,2005,1,1,18149,45.91,HOEP (Legacy)
2005-01-25 01:00:00,2005,1,2,17686,45.93,HOEP (Legacy)
2005-01-25 02:00:00,2005,1,3,17418,49.12,HOEP (Legacy)
2005-01-25 03:00:00,2005,1,4,17390,47.91,HOEP (Legacy)
2005-01-25 04:00:00,2005,1,5,17523,48.75,HOEP (Legacy)
2005-01-25 05:00:00,2005,1,6,18198,48.56,HOEP (Legacy)
2005-01-25 06:00:00,2005,1,7,19514,46.13,HOEP (Legacy)
2005-01-25 07:00:00,2005,1,8,21419,53.19,HOEP (Legacy)
2005-01-25 08:00:00,2005,1,9,21783,56.18,HOEP (Legacy)
2005-01-25 09:00:00,2005,1,10,21746,53.9,HOEP (Legacy)
2005-01-25 10:00:00,2005,1,11,21753,53.81,HOEP (Legacy)
2005-01-25 11:00:00,2005,1,12,21616,52.75,HOEP (Legacy)
2005-01-25 12:00:00,2005,1,13,21434,59.26,HOEP (Legacy)
2005-01-25 13:00:00,2005,1,14,21503,54.91,HOEP (Legacy)
2005-01-25 14:00:00,2005,1,15,21468,82.32,HOEP (Legacy)
2005-01-25 15:00:00,2005,1,16,21602,69.17,HOEP (Legacy)
2005-01-25 16:00:00,2005,1,17,22258,49.24,HOEP (Legacy)
2005-01-25 17:00:00,2005,1,18,23263,93.71,HOEP (Legacy)
2005-01-25 18:00:00,2005,1,19,23471,95.41,HOEP (Legacy)
2005-01-25 19:00:00,2005,1,20,23089,91.69,HOEP (Legacy)
2005-01-25 20:00:00,2005,1,21,22620,70.35,HOEP (Legacy)
2005-01-25 21:00:00,2005,1,22,21818,70.73,HOEP (Legacy)
2005-01-25 22:00:00,2005,1,23,20608,63.75,HOEP (Legacy)
2005-01-25 23:00:00,2005,1,24,19262,52.85,HOEP (Legacy)
2005-01-26 00:00:00,2005,1,1,18237,61.62,HOEP (Legacy)
2005-01-26 01:00:00,2005,1,2,17812,54.81,HOEP (Legacy)
2005-01-26 02:00:00,2005,1,3,17616,54.07,HOEP (Legacy)
2005-01-26 03:00:00,2005,1,4,17540,54.79,HOEP (Legacy)
2005-01-26 04:00:00,2005,1,5,17760,55.34,HOEP (Legacy)
2005-01-26 05:00:00,2005,1,6,18368,52.31,HOEP (Legacy)
2005-01-26 06:00:00,2005,1,7,19875,65.81,HOEP (Legacy)
2005-01-26 07:00:00,2005,1,8,21643,85.69,HOEP (Legacy)
2005-01-26 08:00:00,2005,1,9,22076,56.18,HOEP (Legacy)
2005-01-26 09:00:00,2005,1,10,21956,69.04,HOEP (Legacy)
2005-01-26 10:00:00,2005,1,11,21936,85.62,HOEP (Legacy)
2005-01-26 11:00:00,2005,1,12,21729,52.27,HOEP (Legacy)
2005-01-26 12:00:00,2005,1,13,21427,53.94,HOEP (Legacy)
2005-01-26 13:00:00,2005,1,14,21332,52.73,HOEP (Legacy)
2005-01-26 14:00:00,2005,1,15,21156,82.37,HOEP (Legacy)
2005-01-26 15:00:00,2005,1,16,20933,78.46,HOEP (Legacy)
2005-01-26 16:00:00,2005,1,17,22047,80.38,HOEP (Legacy)
2005-01-26 17:00:00,2005,1,18,23078,96.82,HOEP (Legacy)
2005-01-26 18:00:00,2005,1,19,23845,109.74,HOEP (Legacy)
2005-01-26 19:00:00,2005,1,20,23512,102.32,HOEP (Legacy)
2005-01-26 20:00:00,2005,1,21,23102,88.53,HOEP (Legacy)
2005-01-26 21:00:00,2005,1,22,22465,87.72,HOEP (Legacy)
2005-01-26 22:00:00,2005,1,23,21250,84.44,HOEP (Legacy)
2005-01-26 23:00:00,2005,1,24,19960,61.53,HOEP (Legacy)
2005-01-27 00:00:00,2005,1,1,19050,76.17,HOEP (Legacy)
2005-01-27 01:00:00,2005,1,2,18801,52.38,HOEP (Legacy)
2005-01-27 02:00:00,2005,1,3,18638,67.86,HOEP (Legacy)
2005-01-27 03:00:00,2005,1,4,18667,54.53,HOEP (Legacy)
2005-01-27 04:00:00,2005,1,5,18791,67.55,HOEP (Legacy)
2005-01-27 05:00:00,2005,1,6,19462,68.78,HOEP (Legacy)
2005-01-27 06:00:00,2005,1,7,20820,72.64,HOEP (Legacy)
2005-01-27 07:00:00,2005,1,8,22630,122.9,HOEP (Legacy)
2005-01-27 08:00:00,2005,1,9,23037,132.04,HOEP (Legacy)
2005-01-27 09:00:00,2005,1,10,22933,121.85,HOEP (Legacy)
2005-01-27 10:00:00,2005,1,11,22826,120.59,HOEP (Legacy)
2005-01-27 11:00:00,2005,1,12,22590,104.01,HOEP (Legacy)
2005-01-27 12:00:00,2005,1,13,22237,89.44,HOEP (Legacy)
2005-01-27 13:00:00,2005,1,14,21959,50.51,HOEP (Legacy)
2005-01-27 14:00:00,2005,1,15,21816,51.24,HOEP (Legacy)
2005-01-27 15:00:00,2005,1,16,21826,53.68,HOEP (Legacy)
2005-01-27 16:00:00,2005,1,17,22345,68.24,HOEP (Legacy)
2005-01-27 17:00:00,2005,1,18,23462,89.11,HOEP (Legacy)
2005-01-27 18:00:00,2005,1,19,24353,98.53,HOEP (Legacy)
2005-01-27 19:00:00,2005,1,20,24063,100.45,HOEP (Legacy)
2005-01-27 20:00:00,2005,1,21,23641,111.97,HOEP (Legacy)
2005-01-27 21:00:00,2005,1,22,22787,115.65,HOEP (Legacy)
2005-01-27 22:00:00,2005,1,23,21545,81.38,HOEP (Legacy)
2005-01-27 23:00:00,2005,1,24,20354,72.42,HOEP (Legacy)
2005-01-28 00:00:00,2005,1,1,19621,55.95,HOEP (Legacy)
2005-01-28 01:00:00,2005,1,2,19194,91.49,HOEP (Legacy)
2005-01-28 02:00:00,2005,1,3,19087,57.71,HOEP (Legacy)
2005-01-28 03:00:00,2005,1,4,18895,75.54,HOEP (Legacy)
2005-01-28 04:00:00,2005,1,5,19086,53.59,HOEP (Legacy)
2005-01-28 05:00:00,2005,1,6,19709,57.99,HOEP (Legacy)
2005-01-28 06:00:00,2005,1,7,20960,67.38,HOEP (Legacy)
2005-01-28 07:00:00,2005,1,8,22695,126.07,HOEP (Legacy)
2005-01-28 08:00:00,2005,1,9,23073,116.87,HOEP (Legacy)
2005-01-28 09:00:00,2005,1,10,22886,119.81,HOEP (Legacy)
2005-01-28 10:00:00,2005,1,11,22663,57.11,HOEP (Legacy)
2005-01-28 11:00:00,2005,1,12,22348,57.16,HOEP (Legacy)
2005-01-28 12:00:00,2005,1,13,21928,61.21,HOEP (Legacy)
2005-01-28 13:00:00,2005,1,14,21638,78.58,HOEP (Legacy)
2005-01-28 14:00:00,2005,1,15,21330,74.41,HOEP (Legacy)
2005-01-28 15:00:00,2005,1,16,21059,54.07,HOEP (Legacy)
2005-01-28 16:00:00,2005,1,17,21389,54.18,HOEP (Legacy)
2005-01-28 17:00:00,2005,1,18,22407,65.63,HOEP (Legacy)
2005-01-28 18:00:00,2005,1,19,23103,81.22,HOEP (Legacy)
2005-01-28 19:00:00,2005,1,20,22533,65.94,HOEP (Legacy)
2005-01-28 20:00:00,2005,1,21,22058,62.88,HOEP (Legacy)
2005-01-28 21:00:00,2005,1,22,21378,55.36,HOEP (Legacy)
2005-01-28 22:00:00,2005,1,23,20276,52.09,HOEP (Legacy)
2005-01-28 23:00:00,2005,1,24,19032,55.36,HOEP (Legacy)
2005-01-29 00:00:00,2005,1,1,18045,55.0,HOEP (Legacy)
2005-01-29 01:00:00,2005,1,2,17664,51.81,HOEP (Legacy)
2005-01-29 02:00:00,2005,1,3,17422,53.1,HOEP (Legacy)
2005-01-29 03:00:00,2005,1,4,17332,50.96,HOEP (Legacy)
2005-01-29 04:00:00,2005,1,5,17372,55.73,HOEP (Legacy)
2005-01-29 05:00:00,2005,1,6,17564,58.33,HOEP (Legacy)
2005-01-29 06:00:00,2005,1,7,18118,59.07,HOEP (Legacy)
2005-01-29 07:00:00,2005,1,8,18983,58.01,HOEP (Legacy)
2005-01-29 08:00:00,2005,1,9,19722,62.66,HOEP (Legacy)
2005-01-29 09:00:00,2005,1,10,20259,74.67,HOEP (Legacy)
2005-01-29 10:00:00,2005,1,11,20313,55.16,HOEP (Legacy)
2005-01-29 11:00:00,2005,1,12,20089,65.23,HOEP (Legacy)
2005-01-29 12:00:00,2005,1,13,19783,54.16,HOEP (Legacy)
2005-01-29 13:00:00,2005,1,14,19428,61.42,HOEP (Legacy)
2005-01-29 14:00:00,2005,1,15,19107,49.99,HOEP (Legacy)
2005-01-29 15:00:00,2005,1,16,18984,47.85,HOEP (Legacy)
2005-01-29 16:00:00,2005,1,17,19416,55.24,HOEP (Legacy)
2005-01-29 17:00:00,2005,1,18,20363,64.44,HOEP (Legacy)
2005-01-29 18:00:00,2005,1,19,20775,56.65,HOEP (Legacy)
2005-01-29 19:00:00,2005,1,20,20180,54.33,HOEP (Legacy)
2005-01-29 20:00:00,2005,1,21,19690,51.53,HOEP (Legacy)
2005-01-29 21:00:00,2005,1,22,19140,51.83,HOEP (Legacy)
2005-01-29 22:00:00,2005,1,23,18477,53.65,HOEP (Legacy)
2005-01-29 23:00:00,2005,1,24,17580,53.94,HOEP (Legacy)
2005-01-30 00:00:00,2005,1,1,16813,56.44,HOEP (Legacy)
2005-01-30 01:00:00,2005,1,2,16392,59.73,HOEP (Legacy)
2005-01-30 02:00:00,2005,1,3,16184,54.19,HOEP (Legacy)
2005-01-30 03:00:00,2005,1,4,16097,54.15,HOEP (Legacy)
2005-01-30 04:00:00,2005,1,5,16075,53.96,HOEP (Legacy)
2005-01-30 05:00:00,2005,1,6,16177,53.2,HOEP (Legacy)
2005-01-30 06:00:00,2005,1,7,16556,42.92,HOEP (Legacy)
2005-01-30 07:00:00,2005,1,8,17115,39.49,HOEP (Legacy)
2005-01-30 08:00:00,2005,1,9,17776,45.88,HOEP (Legacy)
2005-01-30 09:00:00,2005,1,10,18214,49.95,HOEP (Legacy)
2005-01-30 10:00:00,2005,1,11,18413,53.95,HOEP (Legacy)
2005-01-30 11:00:00,2005,1,12,18482,52.93,HOEP (Legacy)
2005-01-30 12:00:00,2005,1,13,18382,53.3,HOEP (Legacy)
2005-01-30 13:00:00,2005,1,14,18162,42.64,HOEP (Legacy)
2005-01-30 14:00:00,2005,1,15,17952,39.47,HOEP (Legacy)
2005-01-30 15:00:00,2005,1,16,18004,41.1,HOEP (Legacy)
2005-01-30 16:00:00,2005,1,17,18602,47.21,HOEP (Legacy)
2005-01-30 17:00:00,2005,1,18,19674,64.69,HOEP (Legacy)
2005-01-30 18:00:00,2005,1,19,20516,62.34,HOEP (Legacy)
2005-01-30 19:00:00,2005,1,20,20156,61.07,HOEP (Legacy)
2005-01-30 20:00:00,2005,1,21,19920,55.09,HOEP (Legacy)
2005-01-30 21:00:00,2005,1,22,19416,55.01,HOEP (Legacy)
2005-01-30 22:00:00,2005,1,23,18614,54.29,HOEP (Legacy)
2005-01-30 23:00:00,2005,1,24,17663,45.28,HOEP (Legacy)
2005-01-31 00:00:00,2005,1,1,16903,46.16,HOEP (Legacy)
2005-01-31 01:00:00,2005,1,2,16591,40.98,HOEP (Legacy)
2005-01-31 02:00:00,2005,1,3,16586,39.42,HOEP (Legacy)
2005-01-31 03:00:00,2005,1,4,16616,40.32,HOEP (Legacy)
2005-01-31 04:00:00,2005,1,5,16865,49.2,HOEP (Legacy)
2005-01-31 05:00:00,2005,1,6,17613,52.35,HOEP (Legacy)
2005-01-31 06:00:00,2005,1,7,19227,59.44,HOEP (Legacy)
2005-01-31 07:00:00,2005,1,8,21150,92.85,HOEP (Legacy)
2005-01-31 08:00:00,2005,1,9,21603,63.16,HOEP (Legacy)
2005-01-31 09:00:00,2005,1,10,21475,64.37,HOEP (Legacy)
2005-01-31 10:00:00,2005,1,11,21288,55.5,HOEP (Legacy)
2005-01-31 11:00:00,2005,1,12,21077,55.22,HOEP (Legacy)
2005-01-31 12:00:00,2005,1,13,20755,61.35,HOEP (Legacy)
2005-01-31 13:00:00,2005,1,14,20629,77.16,HOEP (Legacy)
2005-01-31 14:00:00,2005,1,15,20387,47.99,HOEP (Legacy)
2005-01-31 15:00:00,2005,1,16,20344,53.62,HOEP (Legacy)
2005-01-31 16:00:00,2005,1,17,20838,70.2,HOEP (Legacy)
2005-01-31 17:00:00,2005,1,18,21901,94.91,HOEP (Legacy)
2005-01-31 18:00:00,2005,1,19,22629,85.35,HOEP (Legacy)
2005-01-31 19:00:00,2005,1,20,22260,84.04,HOEP (Legacy)
2005-01-31 20:00:00,2005,1,21,21856,64.99,HOEP (Legacy)
2005-01-31 21:00:00,2005,1,22,20994,48.37,HOEP (Legacy)
2005-01-31 22:00:00,2005,1,23,19771,42.77,HOEP (Legacy)
2005-01-31 23:00:00,2005,1,24,18497,44.89,HOEP (Legacy)
2005-02-01 00:00:00,2005,2,1,17682,50.98,HOEP (Legacy)
2005-02-01 01:00:00,2005,2,2,17273,48.1,HOEP (Legacy)
2005-02-01 02:00:00,2005,2,3,17095,46.92,HOEP (Legacy)
2005-02-01 03:00:00,2005,2,4,17029,44.85,HOEP (Legacy)
2005-02-01 04:00:00,2005,2,5,17160,42.35,HOEP (Legacy)
2005-02-01 05:00:00,2005,2,6,17697,40.81,HOEP (Legacy)
2005-02-01 06:00:00,2005,2,7,19198,47.17,HOEP (Legacy)
2005-02-01 07:00:00,2005,2,8,20945,48.78,HOEP (Legacy)
2005-02-01 08:00:00,2005,2,9,21250,49.75,HOEP (Legacy)
2005-02-01 09:00:00,2005,2,10,21082,52.32,HOEP (Legacy)
2005-02-01 10:00:00,2005,2,11,20886,53.73,HOEP (Legacy)
2005-02-01 11:00:00,2005,2,12,20630,52.15,HOEP (Legacy)
2005-02-01 12:00:00,2005,2,13,20271,51.21,HOEP (Legacy)
2005-02-01 13:00:00,2005,2,14,20084,53.03,HOEP (Legacy)
2005-02-01 14:00:00,2005,2,15,19982,49.53,HOEP (Legacy)
2005-02-01 15:00:00,2005,2,16,19893,49.1,HOEP (Legacy)
2005-02-01 16:00:00,2005,2,17,20457,46.61,HOEP (Legacy)
2005-02-01 17:00:00,2005,2,18,21361,73.15,HOEP (Legacy)
2005-02-01 18:00:00,2005,2,19,22090,83.42,HOEP (Legacy)
2005-02-01 19:00:00,2005,2,20,21879,83.39,HOEP (Legacy)
2005-02-01 20:00:00,2005,2,21,21407,74.52,HOEP (Legacy)
2005-02-01 21:00:00,2005,2,22,20587,52.43,HOEP (Legacy)
2005-02-01 22:00:00,2005,2,23,19444,54.78,HOEP (Legacy)
2005-02-01 23:00:00,2005,2,24,18163,45.36,HOEP (Legacy)
2005-02-02 00:00:00,2005,2,1,17478,42.29,HOEP (Legacy)
2005-02-02 01:00:00,2005,2,2,17023,43.02,HOEP (Legacy)
2005-02-02 02:00:00,2005,2,3,16834,40.42,HOEP (Legacy)
2005-02-02 03:00:00,2005,2,4,16739,40.27,HOEP (Legacy)
2005-02-02 04:00:00,2005,2,5,16955,40.62,HOEP (Legacy)
2005-02-02 05:00:00,2005,2,6,17460,44.94,HOEP (Legacy)
2005-02-02 06:00:00,2005,2,7,18822,53.35,HOEP (Legacy)
2005-02-02 07:00:00,2005,2,8,20552,53.07,HOEP (Legacy)
2005-02-02 08:00:00,2005,2,9,21058,50.8,HOEP (Legacy)
2005-02-02 09:00:00,2005,2,10,20981,51.07,HOEP (Legacy)
2005-02-02 10:00:00,2005,2,11,20922,49.74,HOEP (Legacy)
2005-02-02 11:00:00,2005,2,12,20627,48.9,HOEP (Legacy)
2005-02-02 12:00:00,2005,2,13,20296,45.11,HOEP (Legacy)
2005-02-02 13:00:00,2005,2,14,20183,49.49,HOEP (Legacy)
2005-02-02 14:00:00,2005,2,15,19980,58.34,HOEP (Legacy)
2005-02-02 15:00:00,2005,2,16,20089,55.5,HOEP (Legacy)
2005-02-02 16:00:00,2005,2,17,20661,51.29,HOEP (Legacy)
2005-02-02 17:00:00,2005,2,18,21635,61.34,HOEP (Legacy)
2005-02-02 18:00:00,2005,2,19,22290,82.46,HOEP (Legacy)
2005-02-02 19:00:00,2005,2,20,21855,82.43,HOEP (Legacy)
2005-02-02 20:00:00,2005,2,21,21371,62.08,HOEP (Legacy)
2005-02-02 21:00:00,2005,2,22,20513,51.38,HOEP (Legacy)
2005-02-02 22:00:00,2005,2,23,19422,46.19,HOEP (Legacy)
2005-02-02 23:00:00,2005,2,24,17995,43.58,HOEP (Legacy)
2005-02-03 00:00:00,2005,2,1,17188,37.21,HOEP (Legacy)
2005-02-03 01:00:00,2005,2,2,16702,37.42,HOEP (Legacy)
2005-02-03 02:00:00,2005,2,3,16491,38.12,HOEP (Legacy)
2005-02-03 03:00:00,2005,2,4,16320,39.51,HOEP (Legacy)
2005-02-03 04:00:00,2005,2,5,16452,38.34,HOEP (Legacy)
2005-02-03 05:00:00,2005,2,6,17072,40.63,HOEP (Legacy)
2005-02-03 06:00:00,2005,2,7,18412,43.4,HOEP (Legacy)
2005-02-03 07:00:00,2005,2,8,20195,60.43,HOEP (Legacy)
2005-02-03 08:00:00,2005,2,9,20713,68.07,HOEP (Legacy)
2005-02-03 09:00:00,2005,2,10,20681,67.67,HOEP (Legacy)
2005-02-03 10:00:00,2005,2,11,20612,58.88,HOEP (Legacy)
2005-02-03 11:00:00,2005,2,12,20394,74.76,HOEP (Legacy)
2005-02-03 12:00:00,2005,2,13,20130,69.05,HOEP (Legacy)
2005-02-03 13:00:00,2005,2,14,19928,52.11,HOEP (Legacy)
2005-02-03 14:00:00,2005,2,15,19764,51.63,HOEP (Legacy)
2005-02-03 15:00:00,2005,2,16,19736,44.68,HOEP (Legacy)
2005-02-03 16:00:00,2005,2,17,20356,47.65,HOEP (Legacy)
2005-02-03 17:00:00,2005,2,18,21112,44.86,HOEP (Legacy)
2005-02-03 18:00:00,2005,2,19,21781,53.12,HOEP (Legacy)
2005-02-03 19:00:00,2005,2,20,21415,53.03,HOEP (Legacy)
2005-02-03 20:00:00,2005,2,21,21113,68.93,HOEP (Legacy)
2005-02-03 21:00:00,2005,2,22,20209,54.0,HOEP (Legacy)
2005-02-03 22:00:00,2005,2,23,19020,53.49,HOEP (Legacy)
2005-02-03 23:00:00,2005,2,24,17778,42.17,HOEP (Legacy)
2005-02-04 00:00:00,2005,2,1,17004,41.3,HOEP (Legacy)
2005-02-04 01:00:00,2005,2,2,16472,38.89,HOEP (Legacy)
2005-02-04 02:00:00,2005,2,3,16158,38.39,HOEP (Legacy)
2005-02-04 03:00:00,2005,2,4,16045,37.86,HOEP (Legacy)
2005-02-04 04:00:00,2005,2,5,16196,37.68,HOEP (Legacy)
2005-02-04 05:00:00,2005,2,6,16935,39.07,HOEP (Legacy)
2005-02-04 06:00:00,2005,2,7,18353,46.68,HOEP (Legacy)
2005-02-04 07:00:00,2005,2,8,20059,53.15,HOEP (Legacy)
2005-02-04 08:00:00,2005,2,9,20460,51.17,HOEP (Legacy)
2005-02-04 09:00:00,2005,2,10,20377,54.52,HOEP (Legacy)
2005-02-04 10:00:00,2005,2,11,20317,55.12,HOEP (Legacy)
2005-02-04 11:00:00,2005,2,12,20036,51.13,HOEP (Legacy)
2005-02-04 12:00:00,2005,2,13,19703,54.4,HOEP (Legacy)
2005-02-04 13:00:00,2005,2,14,19552,47.82,HOEP (Legacy)
2005-02-04 14:00:00,2005,2,15,19257,43.57,HOEP (Legacy)
2005-02-04 15:00:00,2005,2,16,19092,40.22,HOEP (Legacy)
2005-02-04 16:00:00,2005,2,17,19328,39.21,HOEP (Legacy)
2005-02-04 17:00:00,2005,2,18,19994,43.01,HOEP (Legacy)
2005-02-04 18:00:00,2005,2,19,20926,45.15,HOEP (Legacy)
2005-02-04 19:00:00,2005,2,20,20516,48.92,HOEP (Legacy)
2005-02-04 20:00:00,2005,2,21,20121,51.85,HOEP (Legacy)
2005-02-04 21:00:00,2005,2,22,19464,51.78,HOEP (Legacy)
2005-02-04 22:00:00,2005,2,23,18526,47.8,HOEP (Legacy)
2005-02-04 23:00:00,2005,2,24,17240,38.78,HOEP (Legacy)
2005-02-05 00:00:00,2005,2,1,16557,37.57,HOEP (Legacy)
2005-02-05 01:00:00,2005,2,2,15869,36.29,HOEP (Legacy)
2005-02-05 02:00:00,2005,2,3,15631,36.09,HOEP (Legacy)
2005-02-05 03:00:00,2005,2,4,15386,37.13,HOEP (Legacy)
2005-02-05 04:00:00,2005,2,5,15393,43.32,HOEP (Legacy)
2005-02-05 05:00:00,2005,2,6,15734,63.78,HOEP (Legacy)
2005-02-05 06:00:00,2005,2,7,16346,77.96,HOEP (Legacy)
2005-02-05 07:00:00,2005,2,8,17231,91.59,HOEP (Legacy)
2005-02-05 08:00:00,2005,2,9,18110,71.08,HOEP (Legacy)
2005-02-05 09:00:00,2005,2,10,18748,40.6,HOEP (Legacy)
2005-02-05 10:00:00,2005,2,11,18807,52.48,HOEP (Legacy)
2005-02-05 11:00:00,2005,2,12,18586,41.08,HOEP (Legacy)
2005-02-05 12:00:00,2005,2,13,18300,44.29,HOEP (Legacy)
2005-02-05 13:00:00,2005,2,14,17831,39.8,HOEP (Legacy)
2005-02-05 14:00:00,2005,2,15,17448,38.2,HOEP (Legacy)
2005-02-05 15:00:00,2005,2,16,17351,37.96,HOEP (Legacy)
2005-02-05 16:00:00,2005,2,17,17743,37.79,HOEP (Legacy)
2005-02-05 17:00:00,2005,2,18,18635,41.51,HOEP (Legacy)
2005-02-05 18:00:00,2005,2,19,19443,49.8,HOEP (Legacy)
2005-02-05 19:00:00,2005,2,20,18908,39.7,HOEP (Legacy)
2005-02-05 20:00:00,2005,2,21,18518,46.57,HOEP (Legacy)
2005-02-05 21:00:00,2005,2,22,18076,44.3,HOEP (Legacy)
2005-02-05 22:00:00,2005,2,23,17457,38.72,HOEP (Legacy)
2005-02-05 23:00:00,2005,2,24,16507,38.72,HOEP (Legacy)
2005-02-06 00:00:00,2005,2,1,15834,39.57,HOEP (Legacy)
2005-02-06 01:00:00,2005,2,2,15294,37.48,HOEP (Legacy)
2005-02-06 02:00:00,2005,2,3,15000,37.63,HOEP (Legacy)
2005-02-06 03:00:00,2005,2,4,14854,38.53,HOEP (Legacy)
2005-02-06 04:00:00,2005,2,5,14869,38.11,HOEP (Legacy)
2005-02-06 05:00:00,2005,2,6,15004,38.25,HOEP (Legacy)
2005-02-06 06:00:00,2005,2,7,15324,36.5,HOEP (Legacy)
2005-02-06 07:00:00,2005,2,8,15883,36.95,HOEP (Legacy)
2005-02-06 08:00:00,2005,2,9,16614,38.77,HOEP (Legacy)
2005-02-06 09:00:00,2005,2,10,17299,39.79,HOEP (Legacy)
2005-02-06 10:00:00,2005,2,11,17607,38.92,HOEP (Legacy)
2005-02-06 11:00:00,2005,2,12,17652,40.69,HOEP (Legacy)
2005-02-06 12:00:00,2005,2,13,17510,39.22,HOEP (Legacy)
2005-02-06 13:00:00,2005,2,14,17311,36.74,HOEP (Legacy)
2005-02-06 14:00:00,2005,2,15,17098,30.26,HOEP (Legacy)
2005-02-06 15:00:00,2005,2,16,17271,37.71,HOEP (Legacy)
2005-02-06 16:00:00,2005,2,17,17888,37.54,HOEP (Legacy)
2005-02-06 17:00:00,2005,2,18,18890,57.99,HOEP (Legacy)
2005-02-06 18:00:00,2005,2,19,19434,77.81,HOEP (Legacy)
2005-02-06 19:00:00,2005,2,20,19028,43.18,HOEP (Legacy)
2005-02-06 20:00:00,2005,2,21,18666,61.87,HOEP (Legacy)
2005-02-06 21:00:00,2005,2,22,18147,39.05,HOEP (Legacy)
2005-02-06 22:00:00,2005,2,23,17373,38.9,HOEP (Legacy)
2005-02-06 23:00:00,2005,2,24,16276,35.88,HOEP (Legacy)
2005-02-07 00:00:00,2005,2,1,15465,34.14,HOEP (Legacy)
2005-02-07 01:00:00,2005,2,2,15148,32.44,HOEP (Legacy)
2005-02-07 02:00:00,2005,2,3,15004,34.5,HOEP (Legacy)
2005-02-07 03:00:00,2005,2,4,14978,33.21,HOEP (Legacy)
2005-02-07 04:00:00,2005,2,5,15217,28.79,HOEP (Legacy)
2005-02-07 05:00:00,2005,2,6,15805,35.37,HOEP (Legacy)
2005-02-07 06:00:00,2005,2,7,17304,38.72,HOEP (Legacy)
2005-02-07 07:00:00,2005,2,8,19302,40.99,HOEP (Legacy)
2005-02-07 08:00:00,2005,2,9,19875,41.26,HOEP (Legacy)
2005-02-07 09:00:00,2005,2,10,19856,51.69,HOEP (Legacy)
2005-02-07 10:00:00,2005,2,11,20035,54.31,HOEP (Legacy)
2005-02-07 11:00:00,2005,2,12,19915,46.01,HOEP (Legacy)
2005-02-07 12:00:00,2005,2,13,19654,54.02,HOEP (Legacy)
2005-02-07 13:00:00,2005,2,14,19606,54.01,HOEP (Legacy)
2005-02-07 14:00:00,2005,2,15,19577,51.76,HOEP (Legacy)
2005-02-07 15:00:00,2005,2,16,19602,48.18,HOEP (Legacy)
2005-02-07 16:00:00,2005,2,17,20369,51.49,HOEP (Legacy)
2005-02-07 17:00:00,2005,2,18,21122,60.65,HOEP (Legacy)
2005-02-07 18:00:00,2005,2,19,21496,52.87,HOEP (Legacy)
2005-02-07 19:00:00,2005,2,20,20928,54.75,HOEP (Legacy)
2005-02-07 20:00:00,2005,2,21,20404,54.58,HOEP (Legacy)
2005-02-07 21:00:00,2005,2,22,19423,42.35,HOEP (Legacy)
2005-02-07 22:00:00,2005,2,23,18406,43.71,HOEP (Legacy)
2005-02-07 23:00:00,2005,2,24,17131,39.4,HOEP (Legacy)
2005-02-08 00:00:00,2005,2,1,16129,39.16,HOEP (Legacy)
2005-02-08 01:00:00,2005,2,2,15822,35.17,HOEP (Legacy)
2005-02-08 02:00:00,2005,2,3,15596,34.89,HOEP (Legacy)
2005-02-08 03:00:00,2005,2,4,15504,34.06,HOEP (Legacy)
2005-02-08 04:00:00,2005,2,5,15497,31.55,HOEP (Legacy)
2005-02-08 05:00:00,2005,2,6,15981,33.69,HOEP (Legacy)
2005-02-08 06:00:00,2005,2,7,17496,39.15,HOEP (Legacy)
2005-02-08 07:00:00,2005,2,8,19225,42.85,HOEP (Legacy)
2005-02-08 08:00:00,2005,2,9,19867,41.07,HOEP (Legacy)
2005-02-08 09:00:00,2005,2,10,19884,47.61,HOEP (Legacy)
2005-02-08 10:00:00,2005,2,11,20021,52.51,HOEP (Legacy)
2005-02-08 11:00:00,2005,2,12,20095,52.8,HOEP (Legacy)
2005-02-08 12:00:00,2005,2,13,19919,54.25,HOEP (Legacy)
2005-02-08 13:00:00,2005,2,14,19843,40.89,HOEP (Legacy)
2005-02-08 14:00:00,2005,2,15,19681,50.51,HOEP (Legacy)
2005-02-08 15:00:00,2005,2,16,19750,45.14,HOEP (Legacy)
2005-02-08 16:00:00,2005,2,17,20417,58.13,HOEP (Legacy)
2005-02-08 17:00:00,2005,2,18,21214,74.74,HOEP (Legacy)
2005-02-08 18:00:00,2005,2,19,21559,59.59,HOEP (Legacy)
2005-02-08 19:00:00,2005,2,20,21186,52.18,HOEP (Legacy)
2005-02-08 20:00:00,2005,2,21,20731,54.87,HOEP (Legacy)
2005-02-08 21:00:00,2005,2,22,20004,47.17,HOEP (Legacy)
2005-02-08 22:00:00,2005,2,23,18896,44.74,HOEP (Legacy)
2005-02-08 23:00:00,2005,2,24,17627,38.33,HOEP (Legacy)
2005-02-09 00:00:00,2005,2,1,16655,38.11,HOEP (Legacy)
2005-02-09 01:00:00,2005,2,2,16113,36.37,HOEP (Legacy)
2005-02-09 02:00:00,2005,2,3,15855,35.76,HOEP (Legacy)
2005-02-09 03:00:00,2005,2,4,15847,35.77,HOEP (Legacy)
2005-02-09 04:00:00,2005,2,5,16016,36.84,HOEP (Legacy)
2005-02-09 05:00:00,2005,2,6,16733,38.36,HOEP (Legacy)
2005-02-09 06:00:00,2005,2,7,18320,42.99,HOEP (Legacy)
2005-02-09 07:00:00,2005,2,8,19617,64.41,HOEP (Legacy)
2005-02-09 08:00:00,2005,2,9,20657,57.19,HOEP (Legacy)
2005-02-09 09:00:00,2005,2,10,20645,54.58,HOEP (Legacy)
2005-02-09 10:00:00,2005,2,11,20734,56.7,HOEP (Legacy)
2005-02-09 11:00:00,2005,2,12,20748,98.97,HOEP (Legacy)
2005-02-09 12:00:00,2005,2,13,20895,76.07,HOEP (Legacy)
2005-02-09 13:00:00,2005,2,14,20842,71.51,HOEP (Legacy)
2005-02-09 14:00:00,2005,2,15,20436,50.52,HOEP (Legacy)
2005-02-09 15:00:00,2005,2,16,20450,46.3,HOEP (Legacy)
2005-02-09 16:00:00,2005,2,17,21030,48.96,HOEP (Legacy)
2005-02-09 17:00:00,2005,2,18,21847,52.5,HOEP (Legacy)
2005-02-09 18:00:00,2005,2,19,22322,65.83,HOEP (Legacy)
2005-02-09 19:00:00,2005,2,20,21969,59.56,HOEP (Legacy)
2005-02-09 20:00:00,2005,2,21,21504,54.73,HOEP (Legacy)
2005-02-09 21:00:00,2005,2,22,20696,56.28,HOEP (Legacy)
2005-02-09 22:00:00,2005,2,23,19487,50.84,HOEP (Legacy)
2005-02-09 23:00:00,2005,2,24,18158,52.17,HOEP (Legacy)
2005-02-10 00:00:00,2005,2,1,17027,45.87,HOEP (Legacy)
2005-02-10 01:00:00,2005,2,2,16843,45.33,HOEP (Legacy)
2005-02-10 02:00:00,2005,2,3,16642,39.94,HOEP (Legacy)
2005-02-10 03:00:00,2005,2,4,16469,39.58,HOEP (Legacy)
2005-02-10 04:00:00,2005,2,5,16571,39.68,HOEP (Legacy)
2005-02-10 05:00:00,2005,2,6,17172,40.72,HOEP (Legacy)
2005-02-10 06:00:00,2005,2,7,18573,51.54,HOEP (Legacy)
2005-02-10 07:00:00,2005,2,8,20330,63.06,HOEP (Legacy)
2005-02-10 08:00:00,2005,2,9,20795,68.78,HOEP (Legacy)
2005-02-10 09:00:00,2005,2,10,20787,67.05,HOEP (Legacy)
2005-02-10 10:00:00,2005,2,11,20730,55.36,HOEP (Legacy)
2005-02-10 11:00:00,2005,2,12,20618,55.19,HOEP (Legacy)
2005-02-10 12:00:00,2005,2,13,20281,54.42,HOEP (Legacy)
2005-02-10 13:00:00,2005,2,14,20061,53.74,HOEP (Legacy)
2005-02-10 14:00:00,2005,2,15,19983,52.47,HOEP (Legacy)
2005-02-10 15:00:00,2005,2,16,19959,52.12,HOEP (Legacy)
2005-02-10 16:00:00,2005,2,17,20455,52.46,HOEP (Legacy)
2005-02-10 17:00:00,2005,2,18,21199,55.86,HOEP (Legacy)
2005-02-10 18:00:00,2005,2,19,22025,84.22,HOEP (Legacy)
2005-02-10 19:00:00,2005,2,20,21869,83.62,HOEP (Legacy)
2005-02-10 20:00:00,2005,2,21,21456,93.52,HOEP (Legacy)
2005-02-10 21:00:00,2005,2,22,20668,58.25,HOEP (Legacy)
2005-02-10 22:00:00,2005,2,23,19523,56.81,HOEP (Legacy)
2005-02-10 23:00:00,2005,2,24,18200,52.28,HOEP (Legacy)
2005-02-11 00:00:00,2005,2,1,17308,47.49,HOEP (Legacy)
2005-02-11 01:00:00,2005,2,2,16895,46.6,HOEP (Legacy)
2005-02-11 02:00:00,2005,2,3,16724,47.55,HOEP (Legacy)
2005-02-11 03:00:00,2005,2,4,16656,39.75,HOEP (Legacy)
2005-02-11 04:00:00,2005,2,5,16872,40.11,HOEP (Legacy)
2005-02-11 05:00:00,2005,2,6,17453,49.66,HOEP (Legacy)
2005-02-11 06:00:00,2005,2,7,18786,57.12,HOEP (Legacy)
2005-02-11 07:00:00,2005,2,8,20478,73.95,HOEP (Legacy)
2005-02-11 08:00:00,2005,2,9,20792,64.02,HOEP (Legacy)
2005-02-11 09:00:00,2005,2,10,20682,53.88,HOEP (Legacy)
2005-02-11 10:00:00,2005,2,11,20616,53.69,HOEP (Legacy)
2005-02-11 11:00:00,2005,2,12,20485,53.81,HOEP (Legacy)
2005-02-11 12:00:00,2005,2,13,20223,53.85,HOEP (Legacy)
2005-02-11 13:00:00,2005,2,14,19967,46.79,HOEP (Legacy)
2005-02-11 14:00:00,2005,2,15,19767,40.27,HOEP (Legacy)
2005-02-11 15:00:00,2005,2,16,19810,42.14,HOEP (Legacy)
2005-02-11 16:00:00,2005,2,17,20309,46.94,HOEP (Legacy)
2005-02-11 17:00:00,2005,2,18,20990,53.16,HOEP (Legacy)
2005-02-11 18:00:00,2005,2,19,21525,53.46,HOEP (Legacy)
2005-02-11 19:00:00,2005,2,20,20952,58.95,HOEP (Legacy)
2005-02-11 20:00:00,2005,2,21,20560,54.99,HOEP (Legacy)
2005-02-11 21:00:00,2005,2,22,19730,51.6,HOEP (Legacy)
2005-02-11 22:00:00,2005,2,23,18763,41.14,HOEP (Legacy)
2005-02-11 23:00:00,2005,2,24,17428,43.36,HOEP (Legacy)
2005-02-12 00:00:00,2005,2,1,16594,42.49,HOEP (Legacy)
2005-02-12 01:00:00,2005,2,2,15989,38.58,HOEP (Legacy)
2005-02-12 02:00:00,2005,2,3,15735,38.64,HOEP (Legacy)
2005-02-12 03:00:00,2005,2,4,15624,38.08,HOEP (Legacy)
2005-02-12 04:00:00,2005,2,5,15445,38.15,HOEP (Legacy)
2005-02-12 05:00:00,2005,2,6,15711,39.18,HOEP (Legacy)
2005-02-12 06:00:00,2005,2,7,16233,41.01,HOEP (Legacy)
2005-02-12 07:00:00,2005,2,8,16990,40.13,HOEP (Legacy)
2005-02-12 08:00:00,2005,2,9,17807,44.66,HOEP (Legacy)
2005-02-12 09:00:00,2005,2,10,18513,40.19,HOEP (Legacy)
2005-02-12 10:00:00,2005,2,11,18726,48.22,HOEP (Legacy)
2005-02-12 11:00:00,2005,2,12,18544,41.81,HOEP (Legacy)
2005-02-12 12:00:00,2005,2,13,18390,39.74,HOEP (Legacy)
2005-02-12 13:00:00,2005,2,14,17984,39.19,HOEP (Legacy)
2005-02-12 14:00:00,2005,2,15,17878,39.34,HOEP (Legacy)
2005-02-12 15:00:00,2005,2,16,17756,38.72,HOEP (Legacy)
2005-02-12 16:00:00,2005,2,17,18218,38.84,HOEP (Legacy)
2005-02-12 17:00:00,2005,2,18,18938,40.25,HOEP (Legacy)
2005-02-12 18:00:00,2005,2,19,19576,40.5,HOEP (Legacy)
2005-02-12 19:00:00,2005,2,20,19319,43.28,HOEP (Legacy)
2005-02-12 20:00:00,2005,2,21,18668,39.91,HOEP (Legacy)
2005-02-12 21:00:00,2005,2,22,18201,38.94,HOEP (Legacy)
2005-02-12 22:00:00,2005,2,23,17548,38.18,HOEP (Legacy)
2005-02-12 23:00:00,2005,2,24,16807,39.23,HOEP (Legacy)
2005-02-13 00:00:00,2005,2,1,16025,40.25,HOEP (Legacy)
2005-02-13 01:00:00,2005,2,2,15566,38.19,HOEP (Legacy)
2005-02-13 02:00:00,2005,2,3,15438,37.7,HOEP (Legacy)
2005-02-13 03:00:00,2005,2,4,15470,36.28,HOEP (Legacy)
2005-02-13 04:00:00,2005,2,5,15455,36.43,HOEP (Legacy)
2005-02-13 05:00:00,2005,2,6,15597,36.75,HOEP (Legacy)
2005-02-13 06:00:00,2005,2,7,16163,38.48,HOEP (Legacy)
2005-02-13 07:00:00,2005,2,8,16701,38.35,HOEP (Legacy)
2005-02-13 08:00:00,2005,2,9,17297,38.06,HOEP (Legacy)
2005-02-13 09:00:00,2005,2,10,17913,38.77,HOEP (Legacy)
2005-02-13 10:00:00,2005,2,11,18172,38.39,HOEP (Legacy)
2005-02-13 11:00:00,2005,2,12,18276,39.47,HOEP (Legacy)
2005-02-13 12:00:00,2005,2,13,18258,39.65,HOEP (Legacy)
2005-02-13 13:00:00,2005,2,14,18077,40.72,HOEP (Legacy)
2005-02-13 14:00:00,2005,2,15,17727,38.98,HOEP (Legacy)
2005-02-13 15:00:00,2005,2,16,17932,38.63,HOEP (Legacy)
2005-02-13 16:00:00,2005,2,17,18520,38.59,HOEP (Legacy)
2005-02-13 17:00:00,2005,2,18,19456,38.91,HOEP (Legacy)
2005-02-13 18:00:00,2005,2,19,20215,51.94,HOEP (Legacy)
2005-02-13 19:00:00,2005,2,20,20002,54.98,HOEP (Legacy)
2005-02-13 20:00:00,2005,2,21,19663,48.97,HOEP (Legacy)
2005-02-13 21:00:00,2005,2,22,19081,52.88,HOEP (Legacy)
2005-02-13 22:00:00,2005,2,23,18147,39.95,HOEP (Legacy)
2005-02-13 23:00:00,2005,2,24,17122,39.31,HOEP (Legacy)
2005-02-14 00:00:00,2005,2,1,16362,39.07,HOEP (Legacy)
2005-02-14 01:00:00,2005,2,2,16163,38.47,HOEP (Legacy)
2005-02-14 02:00:00,2005,2,3,16023,38.09,HOEP (Legacy)
2005-02-14 03:00:00,2005,2,4,16084,38.7,HOEP (Legacy)
2005-02-14 04:00:00,2005,2,5,16318,39.68,HOEP (Legacy)
2005-02-14 05:00:00,2005,2,6,17117,46.78,HOEP (Legacy)
2005-02-14 06:00:00,2005,2,7,18530,46.15,HOEP (Legacy)
2005-02-14 07:00:00,2005,2,8,20360,72.46,HOEP (Legacy)
2005-02-14 08:00:00,2005,2,9,20993,104.31,HOEP (Legacy)
2005-02-14 09:00:00,2005,2,10,21252,96.39,HOEP (Legacy)
2005-02-14 10:00:00,2005,2,11,21471,53.18,HOEP (Legacy)
2005-02-14 11:00:00,2005,2,12,21587,55.19,HOEP (Legacy)
2005-02-14 12:00:00,2005,2,13,21524,70.34,HOEP (Legacy)
2005-02-14 13:00:00,2005,2,14,21330,70.47,HOEP (Legacy)
2005-02-14 14:00:00,2005,2,15,21246,61.01,HOEP (Legacy)
2005-02-14 15:00:00,2005,2,16,21222,65.36,HOEP (Legacy)
2005-02-14 16:00:00,2005,2,17,21672,82.83,HOEP (Legacy)
2005-02-14 17:00:00,2005,2,18,22151,82.89,HOEP (Legacy)
2005-02-14 18:00:00,2005,2,19,22067,84.92,HOEP (Legacy)
2005-02-14 19:00:00,2005,2,20,21441,60.98,HOEP (Legacy)
2005-02-14 20:00:00,2005,2,21,20703,40.94,HOEP (Legacy)
2005-02-14 21:00:00,2005,2,22,19868,46.75,HOEP (Legacy)
2005-02-14 22:00:00,2005,2,23,18705,46.03,HOEP (Legacy)
2005-02-14 23:00:00,2005,2,24,17325,45.85,HOEP (Legacy)
2005-02-15 00:00:00,2005,2,1,16481,43.39,HOEP (Legacy)
2005-02-15 01:00:00,2005,2,2,16045,39.26,HOEP (Legacy)
2005-02-15 02:00:00,2005,2,3,15749,38.64,HOEP (Legacy)
2005-02-15 03:00:00,2005,2,4,15544,37.92,HOEP (Legacy)
2005-02-15 04:00:00,2005,2,5,15599,38.16,HOEP (Legacy)
2005-02-15 05:00:00,2005,2,6,16170,38.67,HOEP (Legacy)
2005-02-15 06:00:00,2005,2,7,17618,45.09,HOEP (Legacy)
2005-02-15 07:00:00,2005,2,8,19508,51.03,HOEP (Legacy)
2005-02-15 08:00:00,2005,2,9,19958,50.89,HOEP (Legacy)
2005-02-15 09:00:00,2005,2,10,19932,49.09,HOEP (Legacy)
2005-02-15 10:00:00,2005,2,11,19951,42.56,HOEP (Legacy)
2005-02-15 11:00:00,2005,2,12,19885,38.98,HOEP (Legacy)
2005-02-15 12:00:00,2005,2,13,19815,42.66,HOEP (Legacy)
2005-02-15 13:00:00,2005,2,14,19756,46.86,HOEP (Legacy)
2005-02-15 14:00:00,2005,2,15,19808,46.24,HOEP (Legacy)
2005-02-15 15:00:00,2005,2,16,19857,42.34,HOEP (Legacy)
2005-02-15 16:00:00,2005,2,17,20482,52.4,HOEP (Legacy)
2005-02-15 17:00:00,2005,2,18,21183,56.81,HOEP (Legacy)
2005-02-15 18:00:00,2005,2,19,21455,54.23,HOEP (Legacy)
2005-02-15 19:00:00,2005,2,20,21030,49.54,HOEP (Legacy)
2005-02-15 20:00:00,2005,2,21,20543,49.89,HOEP (Legacy)
2005-02-15 21:00:00,2005,2,22,19646,48.46,HOEP (Legacy)
2005-02-15 22:00:00,2005,2,23,18579,46.47,HOEP (Legacy)
2005-02-15 23:00:00,2005,2,24,17314,45.6,HOEP (Legacy)
2005-02-16 00:00:00,2005,2,1,16492,48.87,HOEP (Legacy)
2005-02-16 01:00:00,2005,2,2,16195,41.67,HOEP (Legacy)
2005-02-16 02:00:00,2005,2,3,15804,39.12,HOEP (Legacy)
2005-02-16 03:00:00,2005,2,4,15728,38.91,HOEP (Legacy)
2005-02-16 04:00:00,2005,2,5,15870,39.31,HOEP (Legacy)
2005-02-16 05:00:00,2005,2,6,16515,40.97,HOEP (Legacy)
2005-02-16 06:00:00,2005,2,7,18020,51.18,HOEP (Legacy)
2005-02-16 07:00:00,2005,2,8,19804,59.14,HOEP (Legacy)
2005-02-16 08:00:00,2005,2,9,20090,53.84,HOEP (Legacy)
2005-02-16 09:00:00,2005,2,10,20221,53.49,HOEP (Legacy)
2005-02-16 10:00:00,2005,2,11,20374,50.16,HOEP (Legacy)
2005-02-16 11:00:00,2005,2,12,20242,46.21,HOEP (Legacy)
2005-02-16 12:00:00,2005,2,13,19787,40.08,HOEP (Legacy)
2005-02-16 13:00:00,2005,2,14,19669,43.15,HOEP (Legacy)
2005-02-16 14:00:00,2005,2,15,19579,42.57,HOEP (Legacy)
2005-02-16 15:00:00,2005,2,16,19653,48.26,HOEP (Legacy)
2005-02-16 16:00:00,2005,2,17,20265,47.98,HOEP (Legacy)
2005-02-16 17:00:00,2005,2,18,20954,49.05,HOEP (Legacy)
2005-02-16 18:00:00,2005,2,19,21674,61.09,HOEP (Legacy)
2005-02-16 19:00:00,2005,2,20,21622,65.65,HOEP (Legacy)
2005-02-16 20:00:00,2005,2,21,21200,62.02,HOEP (Legacy)
2005-02-16 21:00:00,2005,2,22,20440,59.09,HOEP (Legacy)
2005-02-16 22:00:00,2005,2,23,19290,48.09,HOEP (Legacy)
2005-02-16 23:00:00,2005,2,24,17999,46.06,HOEP (Legacy)
2005-02-17 00:00:00,2005,2,1,17048,49.03,HOEP (Legacy)
2005-02-17 01:00:00,2005,2,2,16688,40.07,HOEP (Legacy)
2005-02-17 02:00:00,2005,2,3,16478,38.83,HOEP (Legacy)
2005-02-17 03:00:00,2005,2,4,16442,39.11,HOEP (Legacy)
2005-02-17 04:00:00,2005,2,5,16665,46.69,HOEP (Legacy)
2005-02-17 05:00:00,2005,2,6,17247,42.64,HOEP (Legacy)
2005-02-17 06:00:00,2005,2,7,18624,45.76,HOEP (Legacy)
2005-02-17 07:00:00,2005,2,8,20077,48.3,HOEP (Legacy)
2005-02-17 08:00:00,2005,2,9,20383,59.39,HOEP (Legacy)
2005-02-17 09:00:00,2005,2,10,20160,51.08,HOEP (Legacy)
2005-02-17 10:00:00,2005,2,11,20348,47.2,HOEP (Legacy)
2005-02-17 11:00:00,2005,2,12,20244,50.41,HOEP (Legacy)
2005-02-17 12:00:00,2005,2,13,20108,49.7,HOEP (Legacy)
2005-02-17 13:00:00,2005,2,14,20126,51.14,HOEP (Legacy)
2005-02-17 14:00:00,2005,2,15,19857,50.3,HOEP (Legacy)
2005-02-17 15:00:00,2005,2,16,19906,51.43,HOEP (Legacy)
2005-02-17 16:00:00,2005,2,17,20530,52.34,HOEP (Legacy)
2005-02-17 17:00:00,2005,2,18,21126,55.17,HOEP (Legacy)
2005-02-17 18:00:00,2005,2,19,21952,338.61,HOEP (Legacy)
2005-02-17 19:00:00,2005,2,20,21999,101.48,HOEP (Legacy)
2005-02-17 20:00:00,2005,2,21,21611,55.79,HOEP (Legacy)
2005-02-17 21:00:00,2005,2,22,20709,53.62,HOEP (Legacy)
2005-02-17 22:00:00,2005,2,23,19733,46.44,HOEP (Legacy)
2005-02-17 23:00:00,2005,2,24,18525,60.75,HOEP (Legacy)
2005-02-18 00:00:00,2005,2,1,17498,43.77,HOEP (Legacy)
2005-02-18 01:00:00,2005,2,2,17222,39.87,HOEP (Legacy)
2005-02-18 02:00:00,2005,2,3,17056,39.81,HOEP (Legacy)
2005-02-18 03:00:00,2005,2,4,16965,38.73,HOEP (Legacy)
2005-02-18 04:00:00,2005,2,5,17161,41.18,HOEP (Legacy)
2005-02-18 05:00:00,2005,2,6,17876,47.11,HOEP (Legacy)
2005-02-18 06:00:00,2005,2,7,19321,59.12,HOEP (Legacy)
2005-02-18 07:00:00,2005,2,8,20908,63.03,HOEP (Legacy)
2005-02-18 08:00:00,2005,2,9,21302,57.82,HOEP (Legacy)
2005-02-18 09:00:00,2005,2,10,21198,58.99,HOEP (Legacy)
2005-02-18 10:00:00,2005,2,11,21480,53.77,HOEP (Legacy)
2005-02-18 11:00:00,2005,2,12,21485,69.24,HOEP (Legacy)
2005-02-18 12:00:00,2005,2,13,21228,69.18,HOEP (Legacy)
2005-02-18 13:00:00,2005,2,14,20967,53.08,HOEP (Legacy)
2005-02-18 14:00:00,2005,2,15,20726,50.87,HOEP (Legacy)
2005-02-18 15:00:00,2005,2,16,20612,46.86,HOEP (Legacy)
2005-02-18 16:00:00,2005,2,17,20882,46.11,HOEP (Legacy)
2005-02-18 17:00:00,2005,2,18,21375,48.46,HOEP (Legacy)
2005-02-18 18:00:00,2005,2,19,22269,50.44,HOEP (Legacy)
2005-02-18 19:00:00,2005,2,20,22179,55.0,HOEP (Legacy)
2005-02-18 20:00:00,2005,2,21,21698,56.41,HOEP (Legacy)
2005-02-18 21:00:00,2005,2,22,20903,51.56,HOEP (Legacy)
2005-02-18 22:00:00,2005,2,23,19808,45.75,HOEP (Legacy)
2005-02-18 23:00:00,2005,2,24,18529,43.63,HOEP (Legacy)
2005-02-19 00:00:00,2005,2,1,17530,52.77,HOEP (Legacy)
2005-02-19 01:00:00,2005,2,2,17163,46.05,HOEP (Legacy)
2005-02-19 02:00:00,2005,2,3,16782,47.11,HOEP (Legacy)
2005-02-19 03:00:00,2005,2,4,16574,44.04,HOEP (Legacy)
2005-02-19 04:00:00,2005,2,5,16568,41.53,HOEP (Legacy)
2005-02-19 05:00:00,2005,2,6,16853,41.55,HOEP (Legacy)
2005-02-19 06:00:00,2005,2,7,17466,43.71,HOEP (Legacy)
2005-02-19 07:00:00,2005,2,8,18255,42.5,HOEP (Legacy)
2005-02-19 08:00:00,2005,2,9,19143,63.16,HOEP (Legacy)
2005-02-19 09:00:00,2005,2,10,19670,66.27,HOEP (Legacy)
2005-02-19 10:00:00,2005,2,11,19734,73.81,HOEP (Legacy)
2005-02-19 11:00:00,2005,2,12,19639,52.39,HOEP (Legacy)
2005-02-19 12:00:00,2005,2,13,19479,52.38,HOEP (Legacy)
2005-02-19 13:00:00,2005,2,14,19229,48.15,HOEP (Legacy)
2005-02-19 14:00:00,2005,2,15,18996,46.23,HOEP (Legacy)
2005-02-19 15:00:00,2005,2,16,19011,39.51,HOEP (Legacy)
2005-02-19 16:00:00,2005,2,17,19362,48.54,HOEP (Legacy)
2005-02-19 17:00:00,2005,2,18,19908,48.63,HOEP (Legacy)
2005-02-19 18:00:00,2005,2,19,20457,62.55,HOEP (Legacy)
2005-02-19 19:00:00,2005,2,20,20223,63.94,HOEP (Legacy)
2005-02-19 20:00:00,2005,2,21,19689,51.85,HOEP (Legacy)
2005-02-19 21:00:00,2005,2,22,19089,51.91,HOEP (Legacy)
2005-02-19 22:00:00,2005,2,23,18407,41.42,HOEP (Legacy)
2005-02-19 23:00:00,2005,2,24,17494,39.84,HOEP (Legacy)
2005-02-20 00:00:00,2005,2,1,16662,38.48,HOEP (Legacy)
2005-02-20 01:00:00,2005,2,2,16308,39.77,HOEP (Legacy)
2005-02-20 02:00:00,2005,2,3,16158,38.72,HOEP (Legacy)
2005-02-20 03:00:00,2005,2,4,16087,38.56,HOEP (Legacy)
2005-02-20 04:00:00,2005,2,5,16094,38.31,HOEP (Legacy)
2005-02-20 05:00:00,2005,2,6,16292,37.96,HOEP (Legacy)
2005-02-20 06:00:00,2005,2,7,16677,37.06,HOEP (Legacy)
2005-02-20 07:00:00,2005,2,8,17001,37.21,HOEP (Legacy)
2005-02-20 08:00:00,2005,2,9,17699,38.32,HOEP (Legacy)
2005-02-20 09:00:00,2005,2,10,18374,41.76,HOEP (Legacy)
2005-02-20 10:00:00,2005,2,11,18688,48.86,HOEP (Legacy)
2005-02-20 11:00:00,2005,2,12,18912,54.56,HOEP (Legacy)
2005-02-20 12:00:00,2005,2,13,18942,62.82,HOEP (Legacy)
2005-02-20 13:00:00,2005,2,14,18902,55.02,HOEP (Legacy)
2005-02-20 14:00:00,2005,2,15,18823,38.83,HOEP (Legacy)
2005-02-20 15:00:00,2005,2,16,18899,38.9,HOEP (Legacy)
2005-02-20 16:00:00,2005,2,17,19444,44.81,HOEP (Legacy)
2005-02-20 17:00:00,2005,2,18,20270,48.17,HOEP (Legacy)
2005-02-20 18:00:00,2005,2,19,20830,53.27,HOEP (Legacy)
2005-02-20 19:00:00,2005,2,20,20579,54.85,HOEP (Legacy)
2005-02-20 20:00:00,2005,2,21,20243,54.21,HOEP (Legacy)
2005-02-20 21:00:00,2005,2,22,19603,51.68,HOEP (Legacy)
2005-02-20 22:00:00,2005,2,23,18744,44.15,HOEP (Legacy)
2005-02-20 23:00:00,2005,2,24,17747,38.91,HOEP (Legacy)
2005-02-21 00:00:00,2005,2,1,17035,39.79,HOEP (Legacy)
2005-02-21 01:00:00,2005,2,2,16747,39.18,HOEP (Legacy)
2005-02-21 02:00:00,2005,2,3,16644,38.49,HOEP (Legacy)
2005-02-21 03:00:00,2005,2,4,16593,38.39,HOEP (Legacy)
2005-02-21 04:00:00,2005,2,5,16680,38.84,HOEP (Legacy)
2005-02-21 05:00:00,2005,2,6,17316,39.43,HOEP (Legacy)
2005-02-21 06:00:00,2005,2,7,18657,39.82,HOEP (Legacy)
2005-02-21 07:00:00,2005,2,8,20187,39.72,HOEP (Legacy)
2005-02-21 08:00:00,2005,2,9,20766,59.56,HOEP (Legacy)
2005-02-21 09:00:00,2005,2,10,20968,60.16,HOEP (Legacy)
2005-02-21 10:00:00,2005,2,11,21107,55.17,HOEP (Legacy)
2005-02-21 11:00:00,2005,2,12,21118,40.71,HOEP (Legacy)
2005-02-21 12:00:00,2005,2,13,20818,53.26,HOEP (Legacy)
2005-02-21 13:00:00,2005,2,14,20595,40.73,HOEP (Legacy)
2005-02-21 14:00:00,2005,2,15,20449,44.54,HOEP (Legacy)
2005-02-21 15:00:00,2005,2,16,20402,43.21,HOEP (Legacy)
2005-02-21 16:00:00,2005,2,17,20826,50.56,HOEP (Legacy)
2005-02-21 17:00:00,2005,2,18,21398,48.87,HOEP (Legacy)
2005-02-21 18:00:00,2005,2,19,21829,54.41,HOEP (Legacy)
2005-02-21 19:00:00,2005,2,20,21601,50.87,HOEP (Legacy)
2005-02-21 20:00:00,2005,2,21,21031,53.08,HOEP (Legacy)
2005-02-21 21:00:00,2005,2,22,20219,51.05,HOEP (Legacy)
2005-02-21 22:00:00,2005,2,23,19019,44.34,HOEP (Legacy)
2005-02-21 23:00:00,2005,2,24,17759,37.35,HOEP (Legacy)
2005-02-22 00:00:00,2005,2,1,16849,37.09,HOEP (Legacy)
2005-02-22 01:00:00,2005,2,2,16467,37.32,HOEP (Legacy)
2005-02-22 02:00:00,2005,2,3,16236,36.7,HOEP (Legacy)
2005-02-22 03:00:00,2005,2,4,16147,36.43,HOEP (Legacy)
2005-02-22 04:00:00,2005,2,5,16325,36.81,HOEP (Legacy)
2005-02-22 05:00:00,2005,2,6,16861,38.5,HOEP (Legacy)
2005-02-22 06:00:00,2005,2,7,18306,38.78,HOEP (Legacy)
2005-02-22 07:00:00,2005,2,8,19943,40.59,HOEP (Legacy)
2005-02-22 08:00:00,2005,2,9,20458,40.16,HOEP (Legacy)
2005-02-22 09:00:00,2005,2,10,20232,40.61,HOEP (Legacy)
2005-02-22 10:00:00,2005,2,11,20138,40.47,HOEP (Legacy)
2005-02-22 11:00:00,2005,2,12,20079,41.47,HOEP (Legacy)
2005-02-22 12:00:00,2005,2,13,19933,40.91,HOEP (Legacy)
2005-02-22 13:00:00,2005,2,14,19955,53.34,HOEP (Legacy)
2005-02-22 14:00:00,2005,2,15,20023,39.08,HOEP (Legacy)
2005-02-22 15:00:00,2005,2,16,19936,39.31,HOEP (Legacy)
2005-02-22 16:00:00,2005,2,17,20419,39.55,HOEP (Legacy)
2005-02-22 17:00:00,2005,2,18,21099,38.93,HOEP (Legacy)
2005-02-22 18:00:00,2005,2,19,21795,41.27,HOEP (Legacy)
2005-02-22 19:00:00,2005,2,20,21676,58.67,HOEP (Legacy)
2005-02-22 20:00:00,2005,2,21,21267,72.53,HOEP (Legacy)
2005-02-22 21:00:00,2005,2,22,20454,52.3,HOEP (Legacy)
2005-02-22 22:00:00,2005,2,23,19288,45.28,HOEP (Legacy)
2005-02-22 23:00:00,2005,2,24,18016,38.73,HOEP (Legacy)
2005-02-23 00:00:00,2005,2,1,17253,39.22,HOEP (Legacy)
2005-02-23 01:00:00,2005,2,2,16943,38.31,HOEP (Legacy)
2005-02-23 02:00:00,2005,2,3,16828,37.88,HOEP (Legacy)
2005-02-23 03:00:00,2005,2,4,16816,37.73,HOEP (Legacy)
2005-02-23 04:00:00,2005,2,5,16940,38.07,HOEP (Legacy)
2005-02-23 05:00:00,2005,2,6,17571,42.46,HOEP (Legacy)
2005-02-23 06:00:00,2005,2,7,18957,45.42,HOEP (Legacy)
2005-02-23 07:00:00,2005,2,8,20610,54.87,HOEP (Legacy)
2005-02-23 08:00:00,2005,2,9,20937,55.43,HOEP (Legacy)
2005-02-23 09:00:00,2005,2,10,20631,53.78,HOEP (Legacy)
2005-02-23 10:00:00,2005,2,11,20595,40.71,HOEP (Legacy)
2005-02-23 11:00:00,2005,2,12,20518,40.43,HOEP (Legacy)
2005-02-23 12:00:00,2005,2,13,20106,39.89,HOEP (Legacy)
2005-02-23 13:00:00,2005,2,14,19983,39.28,HOEP (Legacy)
2005-02-23 14:00:00,2005,2,15,19931,39.88,HOEP (Legacy)
2005-02-23 15:00:00,2005,2,16,19909,39.62,HOEP (Legacy)
2005-02-23 16:00:00,2005,2,17,20400,43.61,HOEP (Legacy)
2005-02-23 17:00:00,2005,2,18,20849,44.62,HOEP (Legacy)
2005-02-23 18:00:00,2005,2,19,21765,69.98,HOEP (Legacy)
2005-02-23 19:00:00,2005,2,20,22006,76.69,HOEP (Legacy)
2005-02-23 20:00:00,2005,2,21,21479,76.17,HOEP (Legacy)
2005-02-23 21:00:00,2005,2,22,20680,66.46,HOEP (Legacy)
2005-02-23 22:00:00,2005,2,23,19556,52.05,HOEP (Legacy)
2005-02-23 23:00:00,2005,2,24,18375,40.33,HOEP (Legacy)
2005-02-24 00:00:00,2005,2,1,17683,60.97,HOEP (Legacy)
2005-02-24 01:00:00,2005,2,2,17375,47.67,HOEP (Legacy)
2005-02-24 02:00:00,2005,2,3,17186,40.58,HOEP (Legacy)
2005-02-24 03:00:00,2005,2,4,17238,49.09,HOEP (Legacy)
2005-02-24 04:00:00,2005,2,5,17410,44.41,HOEP (Legacy)
2005-02-24 05:00:00,2005,2,6,18097,48.55,HOEP (Legacy)
2005-02-24 06:00:00,2005,2,7,19479,64.68,HOEP (Legacy)
2005-02-24 07:00:00,2005,2,8,21130,72.93,HOEP (Legacy)
2005-02-24 08:00:00,2005,2,9,21377,89.51,HOEP (Legacy)
2005-02-24 09:00:00,2005,2,10,21153,66.96,HOEP (Legacy)
2005-02-24 10:00:00,2005,2,11,21212,64.1,HOEP (Legacy)
2005-02-24 11:00:00,2005,2,12,21023,59.57,HOEP (Legacy)
2005-02-24 12:00:00,2005,2,13,20778,56.25,HOEP (Legacy)
2005-02-24 13:00:00,2005,2,14,20547,58.5,HOEP (Legacy)
2005-02-24 14:00:00,2005,2,15,20397,58.61,HOEP (Legacy)
2005-02-24 15:00:00,2005,2,16,20477,59.32,HOEP (Legacy)
2005-02-24 16:00:00,2005,2,17,20973,59.27,HOEP (Legacy)
2005-02-24 17:00:00,2005,2,18,21417,62.35,HOEP (Legacy)
2005-02-24 18:00:00,2005,2,19,22141,102.81,HOEP (Legacy)
2005-02-24 19:00:00,2005,2,20,22321,86.16,HOEP (Legacy)
2005-02-24 20:00:00,2005,2,21,21887,73.76,HOEP (Legacy)
2005-02-24 21:00:00,2005,2,22,21111,61.81,HOEP (Legacy)
2005-02-24 22:00:00,2005,2,23,20002,54.07,HOEP (Legacy)
2005-02-24 23:00:00,2005,2,24,18764,49.62,HOEP (Legacy)
2005-02-25 00:00:00,2005,2,1,17999,51.25,HOEP (Legacy)
2005-02-25 01:00:00,2005,2,2,17774,45.81,HOEP (Legacy)
2005-02-25 02:00:00,2005,2,3,17553,42.79,HOEP (Legacy)
2005-02-25 03:00:00,2005,2,4,17494,42.53,HOEP (Legacy)
2005-02-25 04:00:00,2005,2,5,17672,42.92,HOEP (Legacy)
2005-02-25 05:00:00,2005,2,6,18145,49.71,HOEP (Legacy)
2005-02-25 06:00:00,2005,2,7,19536,57.74,HOEP (Legacy)
2005-02-25 07:00:00,2005,2,8,20991,71.28,HOEP (Legacy)
2005-02-25 08:00:00,2005,2,9,21467,66.83,HOEP (Legacy)
2005-02-25 09:00:00,2005,2,10,21289,71.25,HOEP (Legacy)
2005-02-25 10:00:00,2005,2,11,21273,71.38,HOEP (Legacy)
2005-02-25 11:00:00,2005,2,12,21019,64.57,HOEP (Legacy)
2005-02-25 12:00:00,2005,2,13,20699,57.7,HOEP (Legacy)
2005-02-25 13:00:00,2005,2,14,20536,54.41,HOEP (Legacy)
2005-02-25 14:00:00,2005,2,15,20337,54.34,HOEP (Legacy)
2005-02-25 15:00:00,2005,2,16,20351,53.25,HOEP (Legacy)
2005-02-25 16:00:00,2005,2,17,20724,56.76,HOEP (Legacy)
2005-02-25 17:00:00,2005,2,18,21243,55.97,HOEP (Legacy)
2005-02-25 18:00:00,2005,2,19,21831,55.01,HOEP (Legacy)
2005-02-25 19:00:00,2005,2,20,21657,56.27,HOEP (Legacy)
2005-02-25 20:00:00,2005,2,21,21191,54.75,HOEP (Legacy)
2005-02-25 21:00:00,2005,2,22,20374,52.35,HOEP (Legacy)
2005-02-25 22:00:00,2005,2,23,19334,48.51,HOEP (Legacy)
2005-02-25 23:00:00,2005,2,24,17947,40.35,HOEP (Legacy)
2005-02-26 00:00:00,2005,2,1,16971,40.59,HOEP (Legacy)
2005-02-26 01:00:00,2005,2,2,16445,39.83,HOEP (Legacy)
2005-02-26 02:00:00,2005,2,3,16112,38.76,HOEP (Legacy)
2005-02-26 03:00:00,2005,2,4,16028,39.31,HOEP (Legacy)
2005-02-26 04:00:00,2005,2,5,16193,39.8,HOEP (Legacy)
2005-02-26 05:00:00,2005,2,6,16403,39.85,HOEP (Legacy)
2005-02-26 06:00:00,2005,2,7,16981,40.8,HOEP (Legacy)
2005-02-26 07:00:00,2005,2,8,17681,42.8,HOEP (Legacy)
2005-02-26 08:00:00,2005,2,9,18448,48.44,HOEP (Legacy)
2005-02-26 09:00:00,2005,2,10,18852,47.99,HOEP (Legacy)
2005-02-26 10:00:00,2005,2,11,19132,53.92,HOEP (Legacy)
2005-02-26 11:00:00,2005,2,12,19090,52.49,HOEP (Legacy)
2005-02-26 12:00:00,2005,2,13,18790,56.57,HOEP (Legacy)
2005-02-26 13:00:00,2005,2,14,18438,49.25,HOEP (Legacy)
2005-02-26 14:00:00,2005,2,15,18224,40.67,HOEP (Legacy)
2005-02-26 15:00:00,2005,2,16,18096,39.89,HOEP (Legacy)
2005-02-26 16:00:00,2005,2,17,18340,39.49,HOEP (Legacy)
2005-02-26 17:00:00,2005,2,18,18997,40.49,HOEP (Legacy)
2005-02-26 18:00:00,2005,2,19,19824,52.44,HOEP (Legacy)
2005-02-26 19:00:00,2005,2,20,19977,59.47,HOEP (Legacy)
2005-02-26 20:00:00,2005,2,21,19593,56.19,HOEP (Legacy)
2005-02-26 21:00:00,2005,2,22,19058,50.43,HOEP (Legacy)
2005-02-26 22:00:00,2005,2,23,18453,47.65,HOEP (Legacy)
2005-02-26 23:00:00,2005,2,24,17639,53.55,HOEP (Legacy)
2005-02-27 00:00:00,2005,2,1,16959,53.72,HOEP (Legacy)
2005-02-27 01:00:00,2005,2,2,16546,48.62,HOEP (Legacy)
2005-02-27 02:00:00,2005,2,3,16389,44.97,HOEP (Legacy)
2005-02-27 03:00:00,2005,2,4,16379,40.1,HOEP (Legacy)
2005-02-27 04:00:00,2005,2,5,16367,41.29,HOEP (Legacy)
2005-02-27 05:00:00,2005,2,6,16558,41.43,HOEP (Legacy)
2005-02-27 06:00:00,2005,2,7,16899,46.27,HOEP (Legacy)
2005-02-27 07:00:00,2005,2,8,17235,41.17,HOEP (Legacy)
2005-02-27 08:00:00,2005,2,9,17797,41.6,HOEP (Legacy)
2005-02-27 09:00:00,2005,2,10,18251,42.2,HOEP (Legacy)
2005-02-27 10:00:00,2005,2,11,18430,40.72,HOEP (Legacy)
2005-02-27 11:00:00,2005,2,12,18468,41.36,HOEP (Legacy)
2005-02-27 12:00:00,2005,2,13,18374,41.72,HOEP (Legacy)
2005-02-27 13:00:00,2005,2,14,18055,48.03,HOEP (Legacy)
2005-02-27 14:00:00,2005,2,15,17893,42.06,HOEP (Legacy)
2005-02-27 15:00:00,2005,2,16,18012,40.82,HOEP (Legacy)
2005-02-27 16:00:00,2005,2,17,18457,39.63,HOEP (Legacy)
2005-02-27 17:00:00,2005,2,18,19113,40.58,HOEP (Legacy)
2005-02-27 18:00:00,2005,2,19,20108,53.35,HOEP (Legacy)
2005-02-27 19:00:00,2005,2,20,20380,48.21,HOEP (Legacy)
2005-02-27 20:00:00,2005,2,21,19979,45.07,HOEP (Legacy)
2005-02-27 21:00:00,2005,2,22,19268,45.98,HOEP (Legacy)
2005-02-27 22:00:00,2005,2,23,18431,47.55,HOEP (Legacy)
2005-02-27 23:00:00,2005,2,24,17409,41.87,HOEP (Legacy)
2005-02-28 00:00:00,2005,2,1,16801,42.08,HOEP (Legacy)
2005-02-28 01:00:00,2005,2,2,16477,41.14,HOEP (Legacy)
2005-02-28 02:00:00,2005,2,3,16331,40.34,HOEP (Legacy)
2005-02-28 03:00:00,2005,2,4,16276,39.96,HOEP (Legacy)
2005-02-28 04:00:00,2005,2,5,16468,39.42,HOEP (Legacy)
2005-02-28 05:00:00,2005,2,6,16973,39.7,HOEP (Legacy)
2005-02-28 06:00:00,2005,2,7,18318,40.51,HOEP (Legacy)
2005-02-28 07:00:00,2005,2,8,19996,50.6,HOEP (Legacy)
2005-02-28 08:00:00,2005,2,9,20645,54.81,HOEP (Legacy)
2005-02-28 09:00:00,2005,2,10,20676,47.46,HOEP (Legacy)
2005-02-28 10:00:00,2005,2,11,20569,52.22,HOEP (Legacy)
2005-02-28 11:00:00,2005,2,12,20501,57.25,HOEP (Legacy)
2005-02-28 12:00:00,2005,2,13,20279,57.79,HOEP (Legacy)
2005-02-28 13:00:00,2005,2,14,20212,75.82,HOEP (Legacy)
2005-02-28 14:00:00,2005,2,15,20152,65.99,HOEP (Legacy)
2005-02-28 15:00:00,2005,2,16,20392,63.58,HOEP (Legacy)
2005-02-28 16:00:00,2005,2,17,20947,57.91,HOEP (Legacy)
2005-02-28 17:00:00,2005,2,18,21554,59.44,HOEP (Legacy)
2005-02-28 18:00:00,2005,2,19,22187,84.65,HOEP (Legacy)
2005-02-28 19:00:00,2005,2,20,21868,94.53,HOEP (Legacy)
2005-02-28 20:00:00,2005,2,21,21359,75.07,HOEP (Legacy)
2005-02-28 21:00:00,2005,2,22,20384,57.92,HOEP (Legacy)
2005-02-28 22:00:00,2005,2,23,19159,52.71,HOEP (Legacy)
2005-02-28 23:00:00,2005,2,24,17953,42.4,HOEP (Legacy)
2005-03-01 00:00:00,2005,3,1,17036,40.09,HOEP (Legacy)
2005-03-01 01:00:00,2005,3,2,16776,39.41,HOEP (Legacy)
2005-03-01 02:00:00,2005,3,3,16527,39.82,HOEP (Legacy)
2005-03-01 03:00:00,2005,3,4,16426,38.68,HOEP (Legacy)
2005-03-01 04:00:00,2005,3,5,16535,39.22,HOEP (Legacy)
2005-03-01 05:00:00,2005,3,6,17152,44.36,HOEP (Legacy)
2005-03-01 06:00:00,2005,3,7,18532,51.17,HOEP (Legacy)
2005-03-01 07:00:00,2005,3,8,19906,57.28,HOEP (Legacy)
2005-03-01 08:00:00,2005,3,9,20457,57.39,HOEP (Legacy)
2005-03-01 09:00:00,2005,3,10,20423,57.45,HOEP (Legacy)
2005-03-01 10:00:00,2005,3,11,20546,57.23,HOEP (Legacy)
2005-03-01 11:00:00,2005,3,12,20495,54.39,HOEP (Legacy)
2005-03-01 12:00:00,2005,3,13,20261,55.09,HOEP (Legacy)
2005-03-01 13:00:00,2005,3,14,20265,56.31,HOEP (Legacy)
2005-03-01 14:00:00,2005,3,15,20147,54.48,HOEP (Legacy)
2005-03-01 15:00:00,2005,3,16,20217,55.71,HOEP (Legacy)
2005-03-01 16:00:00,2005,3,17,20672,53.12,HOEP (Legacy)
2005-03-01 17:00:00,2005,3,18,21175,55.44,HOEP (Legacy)
2005-03-01 18:00:00,2005,3,19,21707,89.07,HOEP (Legacy)
2005-03-01 19:00:00,2005,3,20,21704,89.4,HOEP (Legacy)
2005-03-01 20:00:00,2005,3,21,21173,96.37,HOEP (Legacy)
2005-03-01 21:00:00,2005,3,22,20350,75.62,HOEP (Legacy)
2005-03-01 22:00:00,2005,3,23,19047,49.23,HOEP (Legacy)
2005-03-01 23:00:00,2005,3,24,18018,48.59,HOEP (Legacy)
2005-03-02 00:00:00,2005,3,1,16967,51.56,HOEP (Legacy)
2005-03-02 01:00:00,2005,3,2,16611,42.3,HOEP (Legacy)
2005-03-02 02:00:00,2005,3,3,16611,41.56,HOEP (Legacy)
2005-03-02 03:00:00,2005,3,4,16498,40.91,HOEP (Legacy)
2005-03-02 04:00:00,2005,3,5,16655,41.66,HOEP (Legacy)
2005-03-02 05:00:00,2005,3,6,17302,42.69,HOEP (Legacy)
2005-03-02 06:00:00,2005,3,7,18612,41.4,HOEP (Legacy)
2005-03-02 07:00:00,2005,3,8,19971,58.0,HOEP (Legacy)
2005-03-02 08:00:00,2005,3,9,20559,62.26,HOEP (Legacy)
2005-03-02 09:00:00,2005,3,10,20596,61.77,HOEP (Legacy)
2005-03-02 10:00:00,2005,3,11,20643,64.37,HOEP (Legacy)
2005-03-02 11:00:00,2005,3,12,20456,58.93,HOEP (Legacy)
2005-03-02 12:00:00,2005,3,13,20243,42.54,HOEP (Legacy)
2005-03-02 13:00:00,2005,3,14,20102,54.14,HOEP (Legacy)
2005-03-02 14:00:00,2005,3,15,20026,41.37,HOEP (Legacy)
2005-03-02 15:00:00,2005,3,16,20176,46.19,HOEP (Legacy)
2005-03-02 16:00:00,2005,3,17,20693,54.74,HOEP (Legacy)
2005-03-02 17:00:00,2005,3,18,21323,49.6,HOEP (Legacy)
2005-03-02 18:00:00,2005,3,19,22015,123.62,HOEP (Legacy)
2005-03-02 19:00:00,2005,3,20,22173,95.62,HOEP (Legacy)
2005-03-02 20:00:00,2005,3,21,21717,83.84,HOEP (Legacy)
2005-03-02 21:00:00,2005,3,22,20939,66.31,HOEP (Legacy)
2005-03-02 22:00:00,2005,3,23,19764,51.61,HOEP (Legacy)
2005-03-02 23:00:00,2005,3,24,18399,47.18,HOEP (Legacy)
2005-03-03 00:00:00,2005,3,1,17459,61.82,HOEP (Legacy)
2005-03-03 01:00:00,2005,3,2,17320,40.41,HOEP (Legacy)
2005-03-03 02:00:00,2005,3,3,17043,41.1,HOEP (Legacy)
2005-03-03 03:00:00,2005,3,4,16981,40.86,HOEP (Legacy)
2005-03-03 04:00:00,2005,3,5,17113,43.49,HOEP (Legacy)
2005-03-03 05:00:00,2005,3,6,17745,54.7,HOEP (Legacy)
2005-03-03 06:00:00,2005,3,7,19193,57.63,HOEP (Legacy)
2005-03-03 07:00:00,2005,3,8,20573,50.12,HOEP (Legacy)
2005-03-03 08:00:00,2005,3,9,20899,55.69,HOEP (Legacy)
2005-03-03 09:00:00,2005,3,10,20723,53.66,HOEP (Legacy)
2005-03-03 10:00:00,2005,3,11,20671,63.24,HOEP (Legacy)
2005-03-03 11:00:00,2005,3,12,20596,57.45,HOEP (Legacy)
2005-03-03 12:00:00,2005,3,13,20339,56.24,HOEP (Legacy)
2005-03-03 13:00:00,2005,3,14,20203,53.7,HOEP (Legacy)
2005-03-03 14:00:00,2005,3,15,20050,51.56,HOEP (Legacy)
2005-03-03 15:00:00,2005,3,16,20182,42.54,HOEP (Legacy)
2005-03-03 16:00:00,2005,3,17,20545,40.94,HOEP (Legacy)
2005-03-03 17:00:00,2005,3,18,20906,40.43,HOEP (Legacy)
2005-03-03 18:00:00,2005,3,19,21783,93.82,HOEP (Legacy)
2005-03-03 19:00:00,2005,3,20,22145,75.13,HOEP (Legacy)
2005-03-03 20:00:00,2005,3,21,21651,61.49,HOEP (Legacy)
2005-03-03 21:00:00,2005,3,22,20901,51.35,HOEP (Legacy)
2005-03-03 22:00:00,2005,3,23,19779,50.77,HOEP (Legacy)
2005-03-03 23:00:00,2005,3,24,18410,44.56,HOEP (Legacy)
2005-03-04 00:00:00,2005,3,1,17496,48.59,HOEP (Legacy)
2005-03-04 01:00:00,2005,3,2,17207,43.34,HOEP (Legacy)
2005-03-04 02:00:00,2005,3,3,16977,41.45,HOEP (Legacy)
2005-03-04 03:00:00,2005,3,4,16872,41.55,HOEP (Legacy)
2005-03-04 04:00:00,2005,3,5,16979,41.47,HOEP (Legacy)
2005-03-04 05:00:00,2005,3,6,17549,48.65,HOEP (Legacy)
2005-03-04 06:00:00,2005,3,7,18779,51.47,HOEP (Legacy)
2005-03-04 07:00:00,2005,3,8,20326,56.24,HOEP (Legacy)
2005-03-04 08:00:00,2005,3,9,20819,56.89,HOEP (Legacy)
2005-03-04 09:00:00,2005,3,10,20714,60.22,HOEP (Legacy)
2005-03-04 10:00:00,2005,3,11,20646,78.35,HOEP (Legacy)
2005-03-04 11:00:00,2005,3,12,20254,70.42,HOEP (Legacy)
2005-03-04 12:00:00,2005,3,13,19916,43.61,HOEP (Legacy)
2005-03-04 13:00:00,2005,3,14,19737,39.81,HOEP (Legacy)
2005-03-04 14:00:00,2005,3,15,19617,40.81,HOEP (Legacy)
2005-03-04 15:00:00,2005,3,16,19570,39.32,HOEP (Legacy)
2005-03-04 16:00:00,2005,3,17,19663,40.12,HOEP (Legacy)
2005-03-04 17:00:00,2005,3,18,19874,38.77,HOEP (Legacy)
2005-03-04 18:00:00,2005,3,19,20517,39.46,HOEP (Legacy)
2005-03-04 19:00:00,2005,3,20,20948,63.4,HOEP (Legacy)
2005-03-04 20:00:00,2005,3,21,20537,59.06,HOEP (Legacy)
2005-03-04 21:00:00,2005,3,22,19731,55.53,HOEP (Legacy)
2005-03-04 22:00:00,2005,3,23,18799,48.11,HOEP (Legacy)
2005-03-04 23:00:00,2005,3,24,17536,48.49,HOEP (Legacy)
2005-03-05 00:00:00,2005,3,1,16752,42.44,HOEP (Legacy)
2005-03-05 01:00:00,2005,3,2,16482,50.07,HOEP (Legacy)
2005-03-05 02:00:00,2005,3,3,16246,42.31,HOEP (Legacy)
2005-03-05 03:00:00,2005,3,4,16112,44.37,HOEP (Legacy)
2005-03-05 04:00:00,2005,3,5,16188,46.67,HOEP (Legacy)
2005-03-05 05:00:00,2005,3,6,16430,46.12,HOEP (Legacy)
2005-03-05 06:00:00,2005,3,7,16859,41.64,HOEP (Legacy)
2005-03-05 07:00:00,2005,3,8,17526,51.01,HOEP (Legacy)
2005-03-05 08:00:00,2005,3,9,18314,59.33,HOEP (Legacy)
2005-03-05 09:00:00,2005,3,10,18624,59.12,HOEP (Legacy)
2005-03-05 10:00:00,2005,3,11,18434,62.97,HOEP (Legacy)
2005-03-05 11:00:00,2005,3,12,18605,65.17,HOEP (Legacy)
2005-03-05 12:00:00,2005,3,13,18162,60.88,HOEP (Legacy)
2005-03-05 13:00:00,2005,3,14,17746,56.56,HOEP (Legacy)
2005-03-05 14:00:00,2005,3,15,17396,56.21,HOEP (Legacy)
2005-03-05 15:00:00,2005,3,16,17243,56.99,HOEP (Legacy)
2005-03-05 16:00:00,2005,3,17,17363,60.45,HOEP (Legacy)
2005-03-05 17:00:00,2005,3,18,18081,54.59,HOEP (Legacy)
2005-03-05 18:00:00,2005,3,19,18845,394.11,HOEP (Legacy)
2005-03-05 19:00:00,2005,3,20,19102,55.07,HOEP (Legacy)
2005-03-05 20:00:00,2005,3,21,18652,49.39,HOEP (Legacy)
2005-03-05 21:00:00,2005,3,22,18130,57.57,HOEP (Legacy)
2005-03-05 22:00:00,2005,3,23,17423,56.32,HOEP (Legacy)
2005-03-05 23:00:00,2005,3,24,16600,43.14,HOEP (Legacy)
2005-03-06 00:00:00,2005,3,1,15885,46.39,HOEP (Legacy)
2005-03-06 01:00:00,2005,3,2,15478,40.22,HOEP (Legacy)
2005-03-06 02:00:00,2005,3,3,15217,36.36,HOEP (Legacy)
2005-03-06 03:00:00,2005,3,4,14936,36.62,HOEP (Legacy)
2005-03-06 04:00:00,2005,3,5,15009,38.83,HOEP (Legacy)
2005-03-06 05:00:00,2005,3,6,15204,36.9,HOEP (Legacy)
2005-03-06 06:00:00,2005,3,7,15350,36.54,HOEP (Legacy)
2005-03-06 07:00:00,2005,3,8,15665,37.6,HOEP (Legacy)
2005-03-06 08:00:00,2005,3,9,16716,44.36,HOEP (Legacy)
2005-03-06 09:00:00,2005,3,10,17693,57.84,HOEP (Legacy)
2005-03-06 10:00:00,2005,3,11,18178,60.27,HOEP (Legacy)
2005-03-06 11:00:00,2005,3,12,18222,50.29,HOEP (Legacy)
2005-03-06 12:00:00,2005,3,13,18083,43.47,HOEP (Legacy)
2005-03-06 13:00:00,2005,3,14,17934,40.88,HOEP (Legacy)
2005-03-06 14:00:00,2005,3,15,17733,40.94,HOEP (Legacy)
2005-03-06 15:00:00,2005,3,16,17877,48.98,HOEP (Legacy)
2005-03-06 16:00:00,2005,3,17,18235,55.09,HOEP (Legacy)
2005-03-06 17:00:00,2005,3,18,18936,55.06,HOEP (Legacy)
2005-03-06 18:00:00,2005,3,19,19220,66.54,HOEP (Legacy)
2005-03-06 19:00:00,2005,3,20,19355,78.81,HOEP (Legacy)
2005-03-06 20:00:00,2005,3,21,18921,58.83,HOEP (Legacy)
2005-03-06 21:00:00,2005,3,22,18385,52.46,HOEP (Legacy)
2005-03-06 22:00:00,2005,3,23,17594,42.61,HOEP (Legacy)
2005-03-06 23:00:00,2005,3,24,16622,39.15,HOEP (Legacy)
2005-03-07 00:00:00,2005,3,1,15827,40.54,HOEP (Legacy)
2005-03-07 01:00:00,2005,3,2,15685,36.48,HOEP (Legacy)
2005-03-07 02:00:00,2005,3,3,15586,36.76,HOEP (Legacy)
2005-03-07 03:00:00,2005,3,4,15535,38.81,HOEP (Legacy)
2005-03-07 04:00:00,2005,3,5,15810,39.52,HOEP (Legacy)
2005-03-07 05:00:00,2005,3,6,16468,41.76,HOEP (Legacy)
2005-03-07 06:00:00,2005,3,7,17939,63.59,HOEP (Legacy)
2005-03-07 07:00:00,2005,3,8,19514,61.81,HOEP (Legacy)
2005-03-07 08:00:00,2005,3,9,20236,93.06,HOEP (Legacy)
2005-03-07 09:00:00,2005,3,10,20329,59.59,HOEP (Legacy)
2005-03-07 10:00:00,2005,3,11,20584,88.54,HOEP (Legacy)
2005-03-07 11:00:00,2005,3,12,20785,83.1,HOEP (Legacy)
2005-03-07 12:00:00,2005,3,13,20919,69.96,HOEP (Legacy)
2005-03-07 13:00:00,2005,3,14,20814,64.09,HOEP (Legacy)
2005-03-07 14:00:00,2005,3,15,20588,60.24,HOEP (Legacy)
2005-03-07 15:00:00,2005,3,16,20610,68.15,HOEP (Legacy)
2005-03-07 16:00:00,2005,3,17,21118,70.74,HOEP (Legacy)
2005-03-07 17:00:00,2005,3,18,21376,60.8,HOEP (Legacy)
2005-03-07 18:00:00,2005,3,19,21647,88.98,HOEP (Legacy)
2005-03-07 19:00:00,2005,3,20,21727,85.41,HOEP (Legacy)
2005-03-07 20:00:00,2005,3,21,21308,70.38,HOEP (Legacy)
2005-03-07 21:00:00,2005,3,22,20616,67.94,HOEP (Legacy)
2005-03-07 22:00:00,2005,3,23,19628,57.77,HOEP (Legacy)
2005-03-07 23:00:00,2005,3,24,18300,55.05,HOEP (Legacy)
2005-03-08 00:00:00,2005,3,1,17472,51.31,HOEP (Legacy)
2005-03-08 01:00:00,2005,3,2,17174,53.64,HOEP (Legacy)
2005-03-08 02:00:00,2005,3,3,17063,53.74,HOEP (Legacy)
2005-03-08 03:00:00,2005,3,4,17029,49.42,HOEP (Legacy)
2005-03-08 04:00:00,2005,3,5,17344,56.8,HOEP (Legacy)
2005-03-08 05:00:00,2005,3,6,18026,59.08,HOEP (Legacy)
2005-03-08 06:00:00,2005,3,7,19408,64.81,HOEP (Legacy)
2005-03-08 07:00:00,2005,3,8,20579,97.33,HOEP (Legacy)
2005-03-08 08:00:00,2005,3,9,21145,89.06,HOEP (Legacy)
2005-03-08 09:00:00,2005,3,10,21061,93.04,HOEP (Legacy)
2005-03-08 10:00:00,2005,3,11,21009,61.45,HOEP (Legacy)
2005-03-08 11:00:00,2005,3,12,20954,105.35,HOEP (Legacy)
2005-03-08 12:00:00,2005,3,13,20788,145.17,HOEP (Legacy)
2005-03-08 13:00:00,2005,3,14,20643,120.33,HOEP (Legacy)
2005-03-08 14:00:00,2005,3,15,20756,99.72,HOEP (Legacy)
2005-03-08 15:00:00,2005,3,16,20756,82.26,HOEP (Legacy)
2005-03-08 16:00:00,2005,3,17,21217,125.28,HOEP (Legacy)
2005-03-08 17:00:00,2005,3,18,21664,110.23,HOEP (Legacy)
2005-03-08 18:00:00,2005,3,19,22415,144.94,HOEP (Legacy)
2005-03-08 19:00:00,2005,3,20,22724,126.97,HOEP (Legacy)
2005-03-08 20:00:00,2005,3,21,22295,101.56,HOEP (Legacy)
2005-03-08 21:00:00,2005,3,22,21566,90.64,HOEP (Legacy)
2005-03-08 22:00:00,2005,3,23,20334,68.81,HOEP (Legacy)
2005-03-08 23:00:00,2005,3,24,18921,59.34,HOEP (Legacy)
2005-03-09 00:00:00,2005,3,1,18088,50.22,HOEP (Legacy)
2005-03-09 01:00:00,2005,3,2,17778,54.24,HOEP (Legacy)
2005-03-09 02:00:00,2005,3,3,17741,60.14,HOEP (Legacy)
2005-03-09 03:00:00,2005,3,4,17556,60.4,HOEP (Legacy)
2005-03-09 04:00:00,2005,3,5,17718,60.98,HOEP (Legacy)
2005-03-09 05:00:00,2005,3,6,18244,65.07,HOEP (Legacy)
2005-03-09 06:00:00,2005,3,7,19563,52.24,HOEP (Legacy)
2005-03-09 07:00:00,2005,3,8,20937,78.56,HOEP (Legacy)
2005-03-09 08:00:00,2005,3,9,21405,97.61,HOEP (Legacy)
2005-03-09 09:00:00,2005,3,10,21313,68.31,HOEP (Legacy)
2005-03-09 10:00:00,2005,3,11,21229,91.6,HOEP (Legacy)
2005-03-09 11:00:00,2005,3,12,21218,68.09,HOEP (Legacy)
2005-03-09 12:00:00,2005,3,13,21065,94.04,HOEP (Legacy)
2005-03-09 13:00:00,2005,3,14,20998,87.75,HOEP (Legacy)
2005-03-09 14:00:00,2005,3,15,20786,79.95,HOEP (Legacy)
2005-03-09 15:00:00,2005,3,16,20866,65.78,HOEP (Legacy)
2005-03-09 16:00:00,2005,3,17,21374,78.63,HOEP (Legacy)
2005-03-09 17:00:00,2005,3,18,21772,83.33,HOEP (Legacy)
2005-03-09 18:00:00,2005,3,19,22333,110.51,HOEP (Legacy)
2005-03-09 19:00:00,2005,3,20,22595,80.17,HOEP (Legacy)
2005-03-09 20:00:00,2005,3,21,22029,90.98,HOEP (Legacy)
2005-03-09 21:00:00,2005,3,22,21225,71.88,HOEP (Legacy)
2005-03-09 22:00:00,2005,3,23,20050,43.63,HOEP (Legacy)
2005-03-09 23:00:00,2005,3,24,18881,40.71,HOEP (Legacy)
2005-03-10 00:00:00,2005,3,1,18202,54.37,HOEP (Legacy)
2005-03-10 01:00:00,2005,3,2,17885,41.8,HOEP (Legacy)
2005-03-10 02:00:00,2005,3,3,17741,50.08,HOEP (Legacy)
2005-03-10 03:00:00,2005,3,4,17533,56.26,HOEP (Legacy)
2005-03-10 04:00:00,2005,3,5,17650,41.91,HOEP (Legacy)
2005-03-10 05:00:00,2005,3,6,18432,60.91,HOEP (Legacy)
2005-03-10 06:00:00,2005,3,7,19714,77.85,HOEP (Legacy)
2005-03-10 07:00:00,2005,3,8,20899,75.63,HOEP (Legacy)
2005-03-10 08:00:00,2005,3,9,21000,61.62,HOEP (Legacy)
2005-03-10 09:00:00,2005,3,10,20783,60.04,HOEP (Legacy)
2005-03-10 10:00:00,2005,3,11,20831,50.56,HOEP (Legacy)
2005-03-10 11:00:00,2005,3,12,20641,61.93,HOEP (Legacy)
2005-03-10 12:00:00,2005,3,13,20508,53.66,HOEP (Legacy)
2005-03-10 13:00:00,2005,3,14,20378,56.84,HOEP (Legacy)
2005-03-10 14:00:00,2005,3,15,20058,66.96,HOEP (Legacy)
2005-03-10 15:00:00,2005,3,16,20080,55.37,HOEP (Legacy)
2005-03-10 16:00:00,2005,3,17,20450,58.04,HOEP (Legacy)
2005-03-10 17:00:00,2005,3,18,20967,57.91,HOEP (Legacy)
2005-03-10 18:00:00,2005,3,19,21630,96.82,HOEP (Legacy)
2005-03-10 19:00:00,2005,3,20,22043,90.55,HOEP (Legacy)
2005-03-10 20:00:00,2005,3,21,21526,89.15,HOEP (Legacy)
2005-03-10 21:00:00,2005,3,22,20612,64.73,HOEP (Legacy)
2005-03-10 22:00:00,2005,3,23,19571,53.92,HOEP (Legacy)
2005-03-10 23:00:00,2005,3,24,18400,60.74,HOEP (Legacy)
2005-03-11 00:00:00,2005,3,1,17654,50.38,HOEP (Legacy)
2005-03-11 01:00:00,2005,3,2,17108,42.74,HOEP (Legacy)
2005-03-11 02:00:00,2005,3,3,16878,39.98,HOEP (Legacy)
2005-03-11 03:00:00,2005,3,4,16727,41.09,HOEP (Legacy)
2005-03-11 04:00:00,2005,3,5,16832,50.92,HOEP (Legacy)
2005-03-11 05:00:00,2005,3,6,17421,62.04,HOEP (Legacy)
2005-03-11 06:00:00,2005,3,7,18654,51.66,HOEP (Legacy)
2005-03-11 07:00:00,2005,3,8,19892,58.42,HOEP (Legacy)
2005-03-11 08:00:00,2005,3,9,20473,65.38,HOEP (Legacy)
2005-03-11 09:00:00,2005,3,10,20448,62.51,HOEP (Legacy)
2005-03-11 10:00:00,2005,3,11,20285,60.0,HOEP (Legacy)
2005-03-11 11:00:00,2005,3,12,20285,69.89,HOEP (Legacy)
2005-03-11 12:00:00,2005,3,13,20190,67.19,HOEP (Legacy)
2005-03-11 13:00:00,2005,3,14,19979,60.0,HOEP (Legacy)
2005-03-11 14:00:00,2005,3,15,19765,87.51,HOEP (Legacy)
2005-03-11 15:00:00,2005,3,16,19651,68.11,HOEP (Legacy)
2005-03-11 16:00:00,2005,3,17,19716,60.84,HOEP (Legacy)
2005-03-11 17:00:00,2005,3,18,19906,44.85,HOEP (Legacy)
2005-03-11 18:00:00,2005,3,19,20459,78.47,HOEP (Legacy)
2005-03-11 19:00:00,2005,3,20,20726,59.88,HOEP (Legacy)
2005-03-11 20:00:00,2005,3,21,20420,60.46,HOEP (Legacy)
2005-03-11 21:00:00,2005,3,22,19723,53.01,HOEP (Legacy)
2005-03-11 22:00:00,2005,3,23,18624,53.06,HOEP (Legacy)
2005-03-11 23:00:00,2005,3,24,17538,45.28,HOEP (Legacy)
2005-03-12 00:00:00,2005,3,1,16645,46.22,HOEP (Legacy)
2005-03-12 01:00:00,2005,3,2,16162,60.13,HOEP (Legacy)
2005-03-12 02:00:00,2005,3,3,15895,58.54,HOEP (Legacy)
2005-03-12 03:00:00,2005,3,4,15781,56.95,HOEP (Legacy)
2005-03-12 04:00:00,2005,3,5,15794,52.53,HOEP (Legacy)
2005-03-12 05:00:00,2005,3,6,16078,67.92,HOEP (Legacy)
2005-03-12 06:00:00,2005,3,7,16632,68.37,HOEP (Legacy)
2005-03-12 07:00:00,2005,3,8,17206,49.08,HOEP (Legacy)
2005-03-12 08:00:00,2005,3,9,18133,61.21,HOEP (Legacy)
2005-03-12 09:00:00,2005,3,10,18727,105.29,HOEP (Legacy)
2005-03-12 10:00:00,2005,3,11,18896,126.53,HOEP (Legacy)
2005-03-12 11:00:00,2005,3,12,18796,81.81,HOEP (Legacy)
2005-03-12 12:00:00,2005,3,13,18547,82.92,HOEP (Legacy)
2005-03-12 13:00:00,2005,3,14,18147,102.6,HOEP (Legacy)
2005-03-12 14:00:00,2005,3,15,17839,43.01,HOEP (Legacy)
2005-03-12 15:00:00,2005,3,16,17772,41.06,HOEP (Legacy)
2005-03-12 16:00:00,2005,3,17,17993,56.01,HOEP (Legacy)
2005-03-12 17:00:00,2005,3,18,18468,48.56,HOEP (Legacy)
2005-03-12 18:00:00,2005,3,19,19010,62.56,HOEP (Legacy)
2005-03-12 19:00:00,2005,3,20,19386,63.88,HOEP (Legacy)
2005-03-12 20:00:00,2005,3,21,18973,69.02,HOEP (Legacy)
2005-03-12 21:00:00,2005,3,22,18458,64.72,HOEP (Legacy)
2005-03-12 22:00:00,2005,3,23,17785,56.63,HOEP (Legacy)
2005-03-12 23:00:00,2005,3,24,17021,63.13,HOEP (Legacy)
2005-03-13 00:00:00,2005,3,1,16124,63.55,HOEP (Legacy)
2005-03-13 01:00:00,2005,3,2,15664,64.15,HOEP (Legacy)
2005-03-13 02:00:00,2005,3,3,15408,56.55,HOEP (Legacy)
2005-03-13 03:00:00,2005,3,4,15373,42.35,HOEP (Legacy)
2005-03-13 04:00:00,2005,3,5,15423,41.13,HOEP (Legacy)
2005-03-13 05:00:00,2005,3,6,15594,42.35,HOEP (Legacy)
2005-03-13 06:00:00,2005,3,7,15935,43.74,HOEP (Legacy)
2005-03-13 07:00:00,2005,3,8,16343,41.85,HOEP (Legacy)
2005-03-13 08:00:00,2005,3,9,17042,44.91,HOEP (Legacy)
2005-03-13 09:00:00,2005,3,10,17446,43.61,HOEP (Legacy)
2005-03-13 10:00:00,2005,3,11,17644,40.14,HOEP (Legacy)
2005-03-13 11:00:00,2005,3,12,17687,40.01,HOEP (Legacy)
2005-03-13 12:00:00,2005,3,13,17613,38.95,HOEP (Legacy)
2005-03-13 13:00:00,2005,3,14,17457,40.47,HOEP (Legacy)
2005-03-13 14:00:00,2005,3,15,17241,38.67,HOEP (Legacy)
2005-03-13 15:00:00,2005,3,16,17248,39.28,HOEP (Legacy)
2005-03-13 16:00:00,2005,3,17,17711,40.63,HOEP (Legacy)
2005-03-13 17:00:00,2005,3,18,18400,43.87,HOEP (Legacy)
2005-03-13 18:00:00,2005,3,19,18889,59.23,HOEP (Legacy)
2005-03-13 19:00:00,2005,3,20,19492,60.27,HOEP (Legacy)
2005-03-13 20:00:00,2005,3,21,19188,56.99,HOEP (Legacy)
2005-03-13 21:00:00,2005,3,22,18641,58.1,HOEP (Legacy)
2005-03-13 22:00:00,2005,3,23,17868,48.21,HOEP (Legacy)
2005-03-13 23:00:00,2005,3,24,17255,60.29,HOEP (Legacy)
2005-03-14 00:00:00,2005,3,1,16723,56.79,HOEP (Legacy)
2005-03-14 01:00:00,2005,3,2,16447,51.96,HOEP (Legacy)
2005-03-14 02:00:00,2005,3,3,16294,53.6,HOEP (Legacy)
2005-03-14 03:00:00,2005,3,4,16419,47.15,HOEP (Legacy)
2005-03-14 04:00:00,2005,3,5,16667,47.24,HOEP (Legacy)
2005-03-14 05:00:00,2005,3,6,17204,72.71,HOEP (Legacy)
2005-03-14 06:00:00,2005,3,7,18378,72.43,HOEP (Legacy)
2005-03-14 07:00:00,2005,3,8,19409,52.3,HOEP (Legacy)
2005-03-14 08:00:00,2005,3,9,20015,51.26,HOEP (Legacy)
2005-03-14 09:00:00,2005,3,10,20236,49.35,HOEP (Legacy)
2005-03-14 10:00:00,2005,3,11,20400,66.58,HOEP (Legacy)
2005-03-14 11:00:00,2005,3,12,20232,77.31,HOEP (Legacy)
2005-03-14 12:00:00,2005,3,13,19855,73.33,HOEP (Legacy)
2005-03-14 13:00:00,2005,3,14,19647,54.8,HOEP (Legacy)
2005-03-14 14:00:00,2005,3,15,19422,56.63,HOEP (Legacy)
2005-03-14 15:00:00,2005,3,16,19308,50.97,HOEP (Legacy)
2005-03-14 16:00:00,2005,3,17,19586,43.36,HOEP (Legacy)
2005-03-14 17:00:00,2005,3,18,19910,50.9,HOEP (Legacy)
2005-03-14 18:00:00,2005,3,19,20428,69.24,HOEP (Legacy)
2005-03-14 19:00:00,2005,3,20,20975,55.41,HOEP (Legacy)
2005-03-14 20:00:00,2005,3,21,20739,53.5,HOEP (Legacy)
2005-03-14 21:00:00,2005,3,22,19976,50.64,HOEP (Legacy)
2005-03-14 22:00:00,2005,3,23,18873,48.39,HOEP (Legacy)
2005-03-14 23:00:00,2005,3,24,17776,57.48,HOEP (Legacy)
2005-03-15 00:00:00,2005,3,1,17058,47.02,HOEP (Legacy)
2005-03-15 01:00:00,2005,3,2,16636,41.61,HOEP (Legacy)
2005-03-15 02:00:00,2005,3,3,16384,39.99,HOEP (Legacy)
2005-03-15 03:00:00,2005,3,4,16354,39.86,HOEP (Legacy)
2005-03-15 04:00:00,2005,3,5,16537,39.69,HOEP (Legacy)
2005-03-15 05:00:00,2005,3,6,16976,57.12,HOEP (Legacy)
2005-03-15 06:00:00,2005,3,7,18188,64.77,HOEP (Legacy)
2005-03-15 07:00:00,2005,3,8,19065,49.84,HOEP (Legacy)
2005-03-15 08:00:00,2005,3,9,19616,51.98,HOEP (Legacy)
2005-03-15 09:00:00,2005,3,10,19694,51.46,HOEP (Legacy)
2005-03-15 10:00:00,2005,3,11,19729,49.35,HOEP (Legacy)
2005-03-15 11:00:00,2005,3,12,19623,45.69,HOEP (Legacy)
2005-03-15 12:00:00,2005,3,13,19341,48.55,HOEP (Legacy)
2005-03-15 13:00:00,2005,3,14,19207,45.89,HOEP (Legacy)
2005-03-15 14:00:00,2005,3,15,18951,43.52,HOEP (Legacy)
2005-03-15 15:00:00,2005,3,16,18885,39.68,HOEP (Legacy)
2005-03-15 16:00:00,2005,3,17,19062,40.96,HOEP (Legacy)
2005-03-15 17:00:00,2005,3,18,19572,39.17,HOEP (Legacy)
2005-03-15 18:00:00,2005,3,19,20170,47.3,HOEP (Legacy)
2005-03-15 19:00:00,2005,3,20,20561,75.66,HOEP (Legacy)
2005-03-15 20:00:00,2005,3,21,19595,67.03,HOEP (Legacy)
2005-03-15 21:00:00,2005,3,22,19478,55.5,HOEP (Legacy)
2005-03-15 22:00:00,2005,3,23,18444,47.62,HOEP (Legacy)
2005-03-15 23:00:00,2005,3,24,17348,40.87,HOEP (Legacy)
2005-03-16 00:00:00,2005,3,1,16644,44.31,HOEP (Legacy)
2005-03-16 01:00:00,2005,3,2,16218,42.62,HOEP (Legacy)
2005-03-16 02:00:00,2005,3,3,15983,38.44,HOEP (Legacy)
2005-03-16 03:00:00,2005,3,4,15849,39.24,HOEP (Legacy)
2005-03-16 04:00:00,2005,3,5,16073,39.6,HOEP (Legacy)
2005-03-16 05:00:00,2005,3,6,16733,61.07,HOEP (Legacy)
2005-03-16 06:00:00,2005,3,7,17864,57.03,HOEP (Legacy)
2005-03-16 07:00:00,2005,3,8,18797,59.44,HOEP (Legacy)
2005-03-16 08:00:00,2005,3,9,19354,81.16,HOEP (Legacy)
2005-03-16 09:00:00,2005,3,10,19588,60.62,HOEP (Legacy)
2005-03-16 10:00:00,2005,3,11,19604,60.77,HOEP (Legacy)
2005-03-16 11:00:00,2005,3,12,19542,54.72,HOEP (Legacy)
2005-03-16 12:00:00,2005,3,13,19384,54.67,HOEP (Legacy)
2005-03-16 13:00:00,2005,3,14,19225,55.41,HOEP (Legacy)
2005-03-16 14:00:00,2005,3,15,19027,53.18,HOEP (Legacy)
2005-03-16 15:00:00,2005,3,16,18909,44.5,HOEP (Legacy)
2005-03-16 16:00:00,2005,3,17,19041,42.09,HOEP (Legacy)
2005-03-16 17:00:00,2005,3,18,19462,42.11,HOEP (Legacy)
2005-03-16 18:00:00,2005,3,19,20100,60.16,HOEP (Legacy)
2005-03-16 19:00:00,2005,3,20,20523,67.87,HOEP (Legacy)
2005-03-16 20:00:00,2005,3,21,20103,61.46,HOEP (Legacy)
2005-03-16 21:00:00,2005,3,22,19341,59.41,HOEP (Legacy)
2005-03-16 22:00:00,2005,3,23,18309,49.81,HOEP (Legacy)
2005-03-16 23:00:00,2005,3,24,17200,56.7,HOEP (Legacy)
2005-03-17 00:00:00,2005,3,1,16525,54.47,HOEP (Legacy)
2005-03-17 01:00:00,2005,3,2,16159,51.61,HOEP (Legacy)
2005-03-17 02:00:00,2005,3,3,15931,46.44,HOEP (Legacy)
2005-03-17 03:00:00,2005,3,4,15863,47.9,HOEP (Legacy)
2005-03-17 04:00:00,2005,3,5,16014,52.52,HOEP (Legacy)
2005-03-17 05:00:00,2005,3,6,16552,67.07,HOEP (Legacy)
2005-03-17 06:00:00,2005,3,7,17751,54.76,HOEP (Legacy)
2005-03-17 07:00:00,2005,3,8,18643,76.82,HOEP (Legacy)
2005-03-17 08:00:00,2005,3,9,19328,72.62,HOEP (Legacy)
2005-03-17 09:00:00,2005,3,10,19534,55.39,HOEP (Legacy)
2005-03-17 10:00:00,2005,3,11,19652,57.47,HOEP (Legacy)
2005-03-17 11:00:00,2005,3,12,19599,70.99,HOEP (Legacy)
2005-03-17 12:00:00,2005,3,13,19249,75.7,HOEP (Legacy)
2005-03-17 13:00:00,2005,3,14,19100,55.6,HOEP (Legacy)
2005-03-17 14:00:00,2005,3,15,18964,53.28,HOEP (Legacy)
2005-03-17 15:00:00,2005,3,16,18923,55.16,HOEP (Legacy)
2005-03-17 16:00:00,2005,3,17,19156,51.98,HOEP (Legacy)
2005-03-17 17:00:00,2005,3,18,19497,49.6,HOEP (Legacy)
2005-03-17 18:00:00,2005,3,19,20037,62.85,HOEP (Legacy)
2005-03-17 19:00:00,2005,3,20,20389,66.12,HOEP (Legacy)
2005-03-17 20:00:00,2005,3,21,20041,70.47,HOEP (Legacy)
2005-03-17 21:00:00,2005,3,22,19426,65.88,HOEP (Legacy)
2005-03-17 22:00:00,2005,3,23,18396,66.82,HOEP (Legacy)
2005-03-17 23:00:00,2005,3,24,17395,67.16,HOEP (Legacy)
2005-03-18 00:00:00,2005,3,1,16702,68.1,HOEP (Legacy)
2005-03-18 01:00:00,2005,3,2,16313,52.91,HOEP (Legacy)
2005-03-18 02:00:00,2005,3,3,16104,45.02,HOEP (Legacy)
2005-03-18 03:00:00,2005,3,4,16131,47.88,HOEP (Legacy)
2005-03-18 04:00:00,2005,3,5,16297,45.29,HOEP (Legacy)
2005-03-18 05:00:00,2005,3,6,16812,53.95,HOEP (Legacy)
2005-03-18 06:00:00,2005,3,7,17754,50.63,HOEP (Legacy)
2005-03-18 07:00:00,2005,3,8,18891,64.41,HOEP (Legacy)
2005-03-18 08:00:00,2005,3,9,19631,79.96,HOEP (Legacy)
2005-03-18 09:00:00,2005,3,10,19735,78.19,HOEP (Legacy)
2005-03-18 10:00:00,2005,3,11,19741,71.65,HOEP (Legacy)
2005-03-18 11:00:00,2005,3,12,19676,62.85,HOEP (Legacy)
2005-03-18 12:00:00,2005,3,13,19466,69.61,HOEP (Legacy)
2005-03-18 13:00:00,2005,3,14,19322,65.16,HOEP (Legacy)
2005-03-18 14:00:00,2005,3,15,18991,64.23,HOEP (Legacy)
2005-03-18 15:00:00,2005,3,16,18707,61.42,HOEP (Legacy)
2005-03-18 16:00:00,2005,3,17,18725,60.8,HOEP (Legacy)
2005-03-18 17:00:00,2005,3,18,18899,58.75,HOEP (Legacy)
2005-03-18 18:00:00,2005,3,19,19538,61.35,HOEP (Legacy)
2005-03-18 19:00:00,2005,3,20,19988,68.75,HOEP (Legacy)
2005-03-18 20:00:00,2005,3,21,19608,76.69,HOEP (Legacy)
2005-03-18 21:00:00,2005,3,22,18957,59.46,HOEP (Legacy)
2005-03-18 22:00:00,2005,3,23,18012,57.17,HOEP (Legacy)
2005-03-18 23:00:00,2005,3,24,16937,58.94,HOEP (Legacy)
2005-03-19 00:00:00,2005,3,1,16161,50.36,HOEP (Legacy)
2005-03-19 01:00:00,2005,3,2,15655,42.91,HOEP (Legacy)
2005-03-19 02:00:00,2005,3,3,15334,42.35,HOEP (Legacy)
2005-03-19 03:00:00,2005,3,4,15245,42.45,HOEP (Legacy)
2005-03-19 04:00:00,2005,3,5,15259,42.59,HOEP (Legacy)
2005-03-19 05:00:00,2005,3,6,15486,44.95,HOEP (Legacy)
2005-03-19 06:00:00,2005,3,7,16042,46.99,HOEP (Legacy)
2005-03-19 07:00:00,2005,3,8,16662,56.79,HOEP (Legacy)
2005-03-19 08:00:00,2005,3,9,17389,53.87,HOEP (Legacy)
2005-03-19 09:00:00,2005,3,10,17806,55.84,HOEP (Legacy)
2005-03-19 10:00:00,2005,3,11,18075,68.07,HOEP (Legacy)
2005-03-19 11:00:00,2005,3,12,18109,74.27,HOEP (Legacy)
2005-03-19 12:00:00,2005,3,13,17769,61.66,HOEP (Legacy)
2005-03-19 13:00:00,2005,3,14,17577,51.53,HOEP (Legacy)
2005-03-19 14:00:00,2005,3,15,17285,54.45,HOEP (Legacy)
2005-03-19 15:00:00,2005,3,16,17090,45.27,HOEP (Legacy)
2005-03-19 16:00:00,2005,3,17,17293,58.35,HOEP (Legacy)
2005-03-19 17:00:00,2005,3,18,17917,45.74,HOEP (Legacy)
2005-03-19 18:00:00,2005,3,19,18489,56.68,HOEP (Legacy)
2005-03-19 19:00:00,2005,3,20,18674,78.57,HOEP (Legacy)
2005-03-19 20:00:00,2005,3,21,18240,71.65,HOEP (Legacy)
2005-03-19 21:00:00,2005,3,22,17690,64.76,HOEP (Legacy)
2005-03-19 22:00:00,2005,3,23,16925,59.29,HOEP (Legacy)
2005-03-19 23:00:00,2005,3,24,16176,60.52,HOEP (Legacy)
2005-03-20 00:00:00,2005,3,1,15564,69.72,HOEP (Legacy)
2005-03-20 01:00:00,2005,3,2,15225,58.42,HOEP (Legacy)
2005-03-20 02:00:00,2005,3,3,15013,55.86,HOEP (Legacy)
2005-03-20 03:00:00,2005,3,4,14902,45.41,HOEP (Legacy)
2005-03-20 04:00:00,2005,3,5,14877,45.44,HOEP (Legacy)
2005-03-20 05:00:00,2005,3,6,14987,46.36,HOEP (Legacy)
2005-03-20 06:00:00,2005,3,7,15220,43.22,HOEP (Legacy)
2005-03-20 07:00:00,2005,3,8,15575,41.02,HOEP (Legacy)
2005-03-20 08:00:00,2005,3,9,16545,47.39,HOEP (Legacy)
2005-03-20 09:00:00,2005,3,10,17135,61.47,HOEP (Legacy)
2005-03-20 10:00:00,2005,3,11,17508,59.99,HOEP (Legacy)
2005-03-20 11:00:00,2005,3,12,17638,59.83,HOEP (Legacy)
2005-03-20 12:00:00,2005,3,13,17685,60.32,HOEP (Legacy)
2005-03-20 13:00:00,2005,3,14,17586,64.25,HOEP (Legacy)
2005-03-20 14:00:00,2005,3,15,17436,50.5,HOEP (Legacy)
2005-03-20 15:00:00,2005,3,16,17402,48.88,HOEP (Legacy)
2005-03-20 16:00:00,2005,3,17,18090,73.52,HOEP (Legacy)
2005-03-20 17:00:00,2005,3,18,18586,105.95,HOEP (Legacy)
2005-03-20 18:00:00,2005,3,19,18793,121.39,HOEP (Legacy)
2005-03-20 19:00:00,2005,3,20,19096,105.49,HOEP (Legacy)
2005-03-20 20:00:00,2005,3,21,18675,147.57,HOEP (Legacy)
2005-03-20 21:00:00,2005,3,22,18204,78.37,HOEP (Legacy)
2005-03-20 22:00:00,2005,3,23,17325,57.72,HOEP (Legacy)
2005-03-20 23:00:00,2005,3,24,16422,71.41,HOEP (Legacy)
2005-03-21 00:00:00,2005,3,1,15843,48.2,HOEP (Legacy)
2005-03-21 01:00:00,2005,3,2,15516,47.66,HOEP (Legacy)
2005-03-21 02:00:00,2005,3,3,15378,46.1,HOEP (Legacy)
2005-03-21 03:00:00,2005,3,4,15205,43.6,HOEP (Legacy)
2005-03-21 04:00:00,2005,3,5,15313,49.96,HOEP (Legacy)
2005-03-21 05:00:00,2005,3,6,16090,46.99,HOEP (Legacy)
2005-03-21 06:00:00,2005,3,7,17463,55.17,HOEP (Legacy)
2005-03-21 07:00:00,2005,3,8,18814,78.05,HOEP (Legacy)
2005-03-21 08:00:00,2005,3,9,19387,90.63,HOEP (Legacy)
2005-03-21 09:00:00,2005,3,10,19389,90.88,HOEP (Legacy)
2005-03-21 10:00:00,2005,3,11,19490,58.42,HOEP (Legacy)
2005-03-21 11:00:00,2005,3,12,19375,55.45,HOEP (Legacy)
2005-03-21 12:00:00,2005,3,13,19120,57.21,HOEP (Legacy)
2005-03-21 13:00:00,2005,3,14,18985,75.19,HOEP (Legacy)
2005-03-21 14:00:00,2005,3,15,18871,56.55,HOEP (Legacy)
2005-03-21 15:00:00,2005,3,16,18938,66.01,HOEP (Legacy)
2005-03-21 16:00:00,2005,3,17,19086,54.9,HOEP (Legacy)
2005-03-21 17:00:00,2005,3,18,19276,54.69,HOEP (Legacy)
2005-03-21 18:00:00,2005,3,19,19643,84.96,HOEP (Legacy)
2005-03-21 19:00:00,2005,3,20,20463,103.35,HOEP (Legacy)
2005-03-21 20:00:00,2005,3,21,20221,118.14,HOEP (Legacy)
2005-03-21 21:00:00,2005,3,22,19353,88.96,HOEP (Legacy)
2005-03-21 22:00:00,2005,3,23,18171,51.82,HOEP (Legacy)
2005-03-21 23:00:00,2005,3,24,17066,51.52,HOEP (Legacy)
2005-03-22 00:00:00,2005,3,1,16179,43.68,HOEP (Legacy)
2005-03-22 01:00:00,2005,3,2,15890,43.09,HOEP (Legacy)
2005-03-22 02:00:00,2005,3,3,15733,41.9,HOEP (Legacy)
2005-03-22 03:00:00,2005,3,4,15707,42.1,HOEP (Legacy)
2005-03-22 04:00:00,2005,3,5,15827,42.82,HOEP (Legacy)
2005-03-22 05:00:00,2005,3,6,16417,61.1,HOEP (Legacy)
2005-03-22 06:00:00,2005,3,7,17591,56.81,HOEP (Legacy)
2005-03-22 07:00:00,2005,3,8,18867,92.21,HOEP (Legacy)
2005-03-22 08:00:00,2005,3,9,19338,96.14,HOEP (Legacy)
2005-03-22 09:00:00,2005,3,10,19145,93.41,HOEP (Legacy)
2005-03-22 10:00:00,2005,3,11,19073,50.56,HOEP (Legacy)
2005-03-22 11:00:00,2005,3,12,19035,50.7,HOEP (Legacy)
2005-03-22 12:00:00,2005,3,13,18990,48.99,HOEP (Legacy)
2005-03-22 13:00:00,2005,3,14,18911,79.82,HOEP (Legacy)
2005-03-22 14:00:00,2005,3,15,18710,50.5,HOEP (Legacy)
2005-03-22 15:00:00,2005,3,16,18537,53.29,HOEP (Legacy)
2005-03-22 16:00:00,2005,3,17,18798,58.37,HOEP (Legacy)
2005-03-22 17:00:00,2005,3,18,19155,63.15,HOEP (Legacy)
2005-03-22 18:00:00,2005,3,19,19632,86.65,HOEP (Legacy)
2005-03-22 19:00:00,2005,3,20,20371,116.67,HOEP (Legacy)
2005-03-22 20:00:00,2005,3,21,19984,136.65,HOEP (Legacy)
2005-03-22 21:00:00,2005,3,22,19282,74.95,HOEP (Legacy)
2005-03-22 22:00:00,2005,3,23,18197,55.47,HOEP (Legacy)
2005-03-22 23:00:00,2005,3,24,17049,66.79,HOEP (Legacy)
2005-03-23 00:00:00,2005,3,1,16112,47.88,HOEP (Legacy)
2005-03-23 01:00:00,2005,3,2,15729,42.35,HOEP (Legacy)
2005-03-23 02:00:00,2005,3,3,15553,40.8,HOEP (Legacy)
2005-03-23 03:00:00,2005,3,4,15439,40.38,HOEP (Legacy)
2005-03-23 04:00:00,2005,3,5,15577,42.01,HOEP (Legacy)
2005-03-23 05:00:00,2005,3,6,16317,49.95,HOEP (Legacy)
2005-03-23 06:00:00,2005,3,7,17465,47.64,HOEP (Legacy)
2005-03-23 07:00:00,2005,3,8,18935,82.5,HOEP (Legacy)
2005-03-23 08:00:00,2005,3,9,19682,100.77,HOEP (Legacy)
2005-03-23 09:00:00,2005,3,10,19619,89.88,HOEP (Legacy)
2005-03-23 10:00:00,2005,3,11,19741,54.24,HOEP (Legacy)
2005-03-23 11:00:00,2005,3,12,19761,91.68,HOEP (Legacy)
2005-03-23 12:00:00,2005,3,13,19556,85.63,HOEP (Legacy)
2005-03-23 13:00:00,2005,3,14,19485,96.43,HOEP (Legacy)
2005-03-23 14:00:00,2005,3,15,19479,93.71,HOEP (Legacy)
2005-03-23 15:00:00,2005,3,16,19609,89.55,HOEP (Legacy)
2005-03-23 16:00:00,2005,3,17,20076,107.54,HOEP (Legacy)
2005-03-23 17:00:00,2005,3,18,20409,91.67,HOEP (Legacy)
2005-03-23 18:00:00,2005,3,19,20639,91.68,HOEP (Legacy)
2005-03-23 19:00:00,2005,3,20,20777,90.92,HOEP (Legacy)
2005-03-23 20:00:00,2005,3,21,20437,95.62,HOEP (Legacy)
2005-03-23 21:00:00,2005,3,22,19638,76.36,HOEP (Legacy)
2005-03-23 22:00:00,2005,3,23,18567,63.09,HOEP (Legacy)
2005-03-23 23:00:00,2005,3,24,17496,76.3,HOEP (Legacy)
2005-03-24 00:00:00,2005,3,1,16573,53.92,HOEP (Legacy)
2005-03-24 01:00:00,2005,3,2,16142,48.3,HOEP (Legacy)
2005-03-24 02:00:00,2005,3,3,15982,48.87,HOEP (Legacy)
2005-03-24 03:00:00,2005,3,4,15780,48.42,HOEP (Legacy)
2005-03-24 04:00:00,2005,3,5,15770,43.0,HOEP (Legacy)
2005-03-24 05:00:00,2005,3,6,16335,45.56,HOEP (Legacy)
2005-03-24 06:00:00,2005,3,7,17500,49.35,HOEP (Legacy)
2005-03-24 07:00:00,2005,3,8,18882,88.9,HOEP (Legacy)
2005-03-24 08:00:00,2005,3,9,19372,88.91,HOEP (Legacy)
2005-03-24 09:00:00,2005,3,10,19309,81.85,HOEP (Legacy)
2005-03-24 10:00:00,2005,3,11,19231,63.14,HOEP (Legacy)
2005-03-24 11:00:00,2005,3,12,19097,65.71,HOEP (Legacy)
2005-03-24 12:00:00,2005,3,13,18956,64.1,HOEP (Legacy)
2005-03-24 13:00:00,2005,3,14,18748,75.82,HOEP (Legacy)
2005-03-24 14:00:00,2005,3,15,18552,60.34,HOEP (Legacy)
2005-03-24 15:00:00,2005,3,16,18406,97.14,HOEP (Legacy)
2005-03-24 16:00:00,2005,3,17,18462,80.02,HOEP (Legacy)
2005-03-24 17:00:00,2005,3,18,18852,59.98,HOEP (Legacy)
2005-03-24 18:00:00,2005,3,19,19244,78.76,HOEP (Legacy)
2005-03-24 19:00:00,2005,3,20,19584,92.45,HOEP (Legacy)
2005-03-24 20:00:00,2005,3,21,19178,90.78,HOEP (Legacy)
2005-03-24 21:00:00,2005,3,22,18485,84.36,HOEP (Legacy)
2005-03-24 22:00:00,2005,3,23,17374,76.09,HOEP (Legacy)
2005-03-24 23:00:00,2005,3,24,16280,60.02,HOEP (Legacy)
2005-03-25 00:00:00,2005,3,1,15200,62.5,HOEP (Legacy)
2005-03-25 01:00:00,2005,3,2,15004,52.25,HOEP (Legacy)
2005-03-25 02:00:00,2005,3,3,14502,51.32,HOEP (Legacy)
2005-03-25 03:00:00,2005,3,4,14373,43.66,HOEP (Legacy)
2005-03-25 04:00:00,2005,3,5,14383,50.02,HOEP (Legacy)
2005-03-25 05:00:00,2005,3,6,14411,57.56,HOEP (Legacy)
2005-03-25 06:00:00,2005,3,7,14630,45.11,HOEP (Legacy)
2005-03-25 07:00:00,2005,3,8,14897,44.23,HOEP (Legacy)
2005-03-25 08:00:00,2005,3,9,15728,47.23,HOEP (Legacy)
2005-03-25 09:00:00,2005,3,10,16311,43.98,HOEP (Legacy)
2005-03-25 10:00:00,2005,3,11,16629,50.26,HOEP (Legacy)
2005-03-25 11:00:00,2005,3,12,16759,52.92,HOEP (Legacy)
2005-03-25 12:00:00,2005,3,13,16708,54.81,HOEP (Legacy)
2005-03-25 13:00:00,2005,3,14,16453,53.63,HOEP (Legacy)
2005-03-25 14:00:00,2005,3,15,16065,53.48,HOEP (Legacy)
2005-03-25 15:00:00,2005,3,16,15953,51.53,HOEP (Legacy)
2005-03-25 16:00:00,2005,3,17,16002,50.01,HOEP (Legacy)
2005-03-25 17:00:00,2005,3,18,16344,48.23,HOEP (Legacy)
2005-03-25 18:00:00,2005,3,19,16714,47.33,HOEP (Legacy)
2005-03-25 19:00:00,2005,3,20,17628,63.93,HOEP (Legacy)
2005-03-25 20:00:00,2005,3,21,17304,60.42,HOEP (Legacy)
2005-03-25 21:00:00,2005,3,22,16858,58.72,HOEP (Legacy)
2005-03-25 22:00:00,2005,3,23,16220,48.36,HOEP (Legacy)
2005-03-25 23:00:00,2005,3,24,15618,46.3,HOEP (Legacy)
2005-03-26 00:00:00,2005,3,1,14968,59.13,HOEP (Legacy)
2005-03-26 01:00:00,2005,3,2,14585,47.68,HOEP (Legacy)
2005-03-26 02:00:00,2005,3,3,14391,42.54,HOEP (Legacy)
2005-03-26 03:00:00,2005,3,4,14312,41.98,HOEP (Legacy)
2005-03-26 04:00:00,2005,3,5,14470,42.07,HOEP (Legacy)
2005-03-26 05:00:00,2005,3,6,14816,42.83,HOEP (Legacy)
2005-03-26 06:00:00,2005,3,7,15075,43.0,HOEP (Legacy)
2005-03-26 07:00:00,2005,3,8,15613,43.04,HOEP (Legacy)
2005-03-26 08:00:00,2005,3,9,16310,44.1,HOEP (Legacy)
2005-03-26 09:00:00,2005,3,10,16914,45.96,HOEP (Legacy)
2005-03-26 10:00:00,2005,3,11,17051,52.87,HOEP (Legacy)
2005-03-26 11:00:00,2005,3,12,16934,58.37,HOEP (Legacy)
2005-03-26 12:00:00,2005,3,13,16774,54.41,HOEP (Legacy)
2005-03-26 13:00:00,2005,3,14,16456,50.92,HOEP (Legacy)
2005-03-26 14:00:00,2005,3,15,16114,45.46,HOEP (Legacy)
2005-03-26 15:00:00,2005,3,16,15916,42.96,HOEP (Legacy)
2005-03-26 16:00:00,2005,3,17,16055,43.96,HOEP (Legacy)
2005-03-26 17:00:00,2005,3,18,16522,47.89,HOEP (Legacy)
2005-03-26 18:00:00,2005,3,19,16880,46.12,HOEP (Legacy)
2005-03-26 19:00:00,2005,3,20,17520,52.25,HOEP (Legacy)
2005-03-26 20:00:00,2005,3,21,17173,55.54,HOEP (Legacy)
2005-03-26 21:00:00,2005,3,22,16836,52.59,HOEP (Legacy)
2005-03-26 22:00:00,2005,3,23,16316,52.7,HOEP (Legacy)
2005-03-26 23:00:00,2005,3,24,15536,51.41,HOEP (Legacy)
2005-03-27 00:00:00,2005,3,1,14827,49.87,HOEP (Legacy)
2005-03-27 01:00:00,2005,3,2,14382,45.21,HOEP (Legacy)
2005-03-27 02:00:00,2005,3,3,14135,43.27,HOEP (Legacy)
2005-03-27 03:00:00,2005,3,4,13994,42.54,HOEP (Legacy)
2005-03-27 04:00:00,2005,3,5,14010,45.95,HOEP (Legacy)
2005-03-27 05:00:00,2005,3,6,14202,44.75,HOEP (Legacy)
2005-03-27 06:00:00,2005,3,7,14303,43.56,HOEP (Legacy)
2005-03-27 07:00:00,2005,3,8,14634,39.84,HOEP (Legacy)
2005-03-27 08:00:00,2005,3,9,15390,41.28,HOEP (Legacy)
2005-03-27 09:00:00,2005,3,10,15794,43.23,HOEP (Legacy)
2005-03-27 10:00:00,2005,3,11,16036,43.82,HOEP (Legacy)
2005-03-27 11:00:00,2005,3,12,16026,42.95,HOEP (Legacy)
2005-03-27 12:00:00,2005,3,13,15974,46.56,HOEP (Legacy)
2005-03-27 13:00:00,2005,3,14,15826,45.2,HOEP (Legacy)
2005-03-27 14:00:00,2005,3,15,15476,44.02,HOEP (Legacy)
2005-03-27 15:00:00,2005,3,16,15422,43.84,HOEP (Legacy)
2005-03-27 16:00:00,2005,3,17,15588,43.77,HOEP (Legacy)
2005-03-27 17:00:00,2005,3,18,15782,41.06,HOEP (Legacy)
2005-03-27 18:00:00,2005,3,19,16006,37.65,HOEP (Legacy)
2005-03-27 19:00:00,2005,3,20,16696,42.72,HOEP (Legacy)
2005-03-27 20:00:00,2005,3,21,16667,45.64,HOEP (Legacy)
2005-03-27 21:00:00,2005,3,22,16365,51.53,HOEP (Legacy)
2005-03-27 22:00:00,2005,3,23,15803,51.11,HOEP (Legacy)
2005-03-27 23:00:00,2005,3,24,14962,42.2,HOEP (Legacy)
2005-03-28 00:00:00,2005,3,1,14317,40.88,HOEP (Legacy)
2005-03-28 01:00:00,2005,3,2,14066,37.61,HOEP (Legacy)
2005-03-28 02:00:00,2005,3,3,13959,38.75,HOEP (Legacy)
2005-03-28 03:00:00,2005,3,4,13979,39.44,HOEP (Legacy)
2005-03-28 04:00:00,2005,3,5,14146,38.8,HOEP (Legacy)
2005-03-28 05:00:00,2005,3,6,14627,43.3,HOEP (Legacy)
2005-03-28 06:00:00,2005,3,7,15575,47.75,HOEP (Legacy)
2005-03-28 07:00:00,2005,3,8,16835,51.52,HOEP (Legacy)
2005-03-28 08:00:00,2005,3,9,18047,59.72,HOEP (Legacy)
2005-03-28 09:00:00,2005,3,10,18611,77.22,HOEP (Legacy)
2005-03-28 10:00:00,2005,3,11,19133,95.36,HOEP (Legacy)
2005-03-28 11:00:00,2005,3,12,19144,99.48,HOEP (Legacy)
2005-03-28 12:00:00,2005,3,13,19009,103.11,HOEP (Legacy)
2005-03-28 13:00:00,2005,3,14,18826,82.1,HOEP (Legacy)
2005-03-28 14:00:00,2005,3,15,18477,74.11,HOEP (Legacy)
2005-03-28 15:00:00,2005,3,16,18499,79.67,HOEP (Legacy)
2005-03-28 16:00:00,2005,3,17,18816,88.49,HOEP (Legacy)
2005-03-28 17:00:00,2005,3,18,18970,89.75,HOEP (Legacy)
2005-03-28 18:00:00,2005,3,19,19200,92.55,HOEP (Legacy)
2005-03-28 19:00:00,2005,3,20,19649,78.73,HOEP (Legacy)
2005-03-28 20:00:00,2005,3,21,19156,65.43,HOEP (Legacy)
2005-03-28 21:00:00,2005,3,22,18461,59.92,HOEP (Legacy)
2005-03-28 22:00:00,2005,3,23,17276,58.2,HOEP (Legacy)
2005-03-28 23:00:00,2005,3,24,15984,51.82,HOEP (Legacy)
2005-03-29 00:00:00,2005,3,1,15253,44.09,HOEP (Legacy)
2005-03-29 01:00:00,2005,3,2,14929,42.52,HOEP (Legacy)
2005-03-29 02:00:00,2005,3,3,14798,42.29,HOEP (Legacy)
2005-03-29 03:00:00,2005,3,4,14675,41.93,HOEP (Legacy)
2005-03-29 04:00:00,2005,3,5,14768,40.96,HOEP (Legacy)
2005-03-29 05:00:00,2005,3,6,15353,46.56,HOEP (Legacy)
2005-03-29 06:00:00,2005,3,7,16562,49.92,HOEP (Legacy)
2005-03-29 07:00:00,2005,3,8,18000,59.92,HOEP (Legacy)
2005-03-29 08:00:00,2005,3,9,18366,57.56,HOEP (Legacy)
2005-03-29 09:00:00,2005,3,10,18391,61.14,HOEP (Legacy)
2005-03-29 10:00:00,2005,3,11,18362,62.38,HOEP (Legacy)
2005-03-29 11:00:00,2005,3,12,18345,62.67,HOEP (Legacy)
2005-03-29 12:00:00,2005,3,13,18196,62.88,HOEP (Legacy)
2005-03-29 13:00:00,2005,3,14,18030,59.06,HOEP (Legacy)
2005-03-29 14:00:00,2005,3,15,17830,57.65,HOEP (Legacy)
2005-03-29 15:00:00,2005,3,16,17798,57.54,HOEP (Legacy)
2005-03-29 16:00:00,2005,3,17,18036,61.21,HOEP (Legacy)
2005-03-29 17:00:00,2005,3,18,18270,59.78,HOEP (Legacy)
2005-03-29 18:00:00,2005,3,19,18580,50.95,HOEP (Legacy)
2005-03-29 19:00:00,2005,3,20,19317,56.36,HOEP (Legacy)
2005-03-29 20:00:00,2005,3,21,18976,55.16,HOEP (Legacy)
2005-03-29 21:00:00,2005,3,22,18095,58.42,HOEP (Legacy)
2005-03-29 22:00:00,2005,3,23,16949,51.75,HOEP (Legacy)
2005-03-29 23:00:00,2005,3,24,15650,45.51,HOEP (Legacy)
2005-03-30 00:00:00,2005,3,1,14818,43.41,HOEP (Legacy)
2005-03-30 01:00:00,2005,3,2,14607,41.77,HOEP (Legacy)
2005-03-30 02:00:00,2005,3,3,14358,40.43,HOEP (Legacy)
2005-03-30 03:00:00,2005,3,4,14251,38.02,HOEP (Legacy)
2005-03-30 04:00:00,2005,3,5,14473,39.81,HOEP (Legacy)
2005-03-30 05:00:00,2005,3,6,15013,42.91,HOEP (Legacy)
2005-03-30 06:00:00,2005,3,7,16045,43.7,HOEP (Legacy)
2005-03-30 07:00:00,2005,3,8,17617,46.01,HOEP (Legacy)
2005-03-30 08:00:00,2005,3,9,18328,109.92,HOEP (Legacy)
2005-03-30 09:00:00,2005,3,10,18370,70.37,HOEP (Legacy)
2005-03-30 10:00:00,2005,3,11,18497,74.02,HOEP (Legacy)
2005-03-30 11:00:00,2005,3,12,18404,54.91,HOEP (Legacy)
2005-03-30 12:00:00,2005,3,13,18307,61.25,HOEP (Legacy)
2005-03-30 13:00:00,2005,3,14,18281,76.52,HOEP (Legacy)
2005-03-30 14:00:00,2005,3,15,18140,53.35,HOEP (Legacy)
2005-03-30 15:00:00,2005,3,16,18095,51.51,HOEP (Legacy)
2005-03-30 16:00:00,2005,3,17,18377,60.44,HOEP (Legacy)
2005-03-30 17:00:00,2005,3,18,18698,60.36,HOEP (Legacy)
2005-03-30 18:00:00,2005,3,19,18900,63.94,HOEP (Legacy)
2005-03-30 19:00:00,2005,3,20,19583,60.22,HOEP (Legacy)
2005-03-30 20:00:00,2005,3,21,19342,72.56,HOEP (Legacy)
2005-03-30 21:00:00,2005,3,22,18614,80.01,HOEP (Legacy)
2005-03-30 22:00:00,2005,3,23,17344,59.96,HOEP (Legacy)
2005-03-30 23:00:00,2005,3,24,16081,54.32,HOEP (Legacy)
2005-03-31 00:00:00,2005,3,1,15272,51.73,HOEP (Legacy)
2005-03-31 01:00:00,2005,3,2,15012,50.63,HOEP (Legacy)
2005-03-31 02:00:00,2005,3,3,14683,49.95,HOEP (Legacy)
2005-03-31 03:00:00,2005,3,4,14525,41.62,HOEP (Legacy)
2005-03-31 04:00:00,2005,3,5,14707,41.92,HOEP (Legacy)
2005-03-31 05:00:00,2005,3,6,15222,43.81,HOEP (Legacy)
2005-03-31 06:00:00,2005,3,7,16202,51.52,HOEP (Legacy)
2005-03-31 07:00:00,2005,3,8,17913,86.49,HOEP (Legacy)
2005-03-31 08:00:00,2005,3,9,18525,56.59,HOEP (Legacy)
2005-03-31 09:00:00,2005,3,10,18670,54.39,HOEP (Legacy)
2005-03-31 10:00:00,2005,3,11,18656,53.93,HOEP (Legacy)
2005-03-31 11:00:00,2005,3,12,18813,84.79,HOEP (Legacy)
2005-03-31 12:00:00,2005,3,13,18649,58.73,HOEP (Legacy)
2005-03-31 13:00:00,2005,3,14,18647,77.79,HOEP (Legacy)
2005-03-31 14:00:00,2005,3,15,18340,77.79,HOEP (Legacy)
2005-03-31 15:00:00,2005,3,16,18251,64.55,HOEP (Legacy)
2005-03-31 16:00:00,2005,3,17,18608,77.68,HOEP (Legacy)
2005-03-31 17:00:00,2005,3,18,18764,75.1,HOEP (Legacy)
2005-03-31 18:00:00,2005,3,19,18908,78.72,HOEP (Legacy)
2005-03-31 19:00:00,2005,3,20,19461,92.85,HOEP (Legacy)
2005-03-31 20:00:00,2005,3,21,19064,90.42,HOEP (Legacy)
2005-03-31 21:00:00,2005,3,22,18277,75.5,HOEP (Legacy)
2005-03-31 22:00:00,2005,3,23,17118,63.52,HOEP (Legacy)
2005-03-31 23:00:00,2005,3,24,15819,57.04,HOEP (Legacy)
2005-04-01 00:00:00,2005,4,1,15014,49.03,HOEP (Legacy)
2005-04-01 01:00:00,2005,4,2,14634,41.06,HOEP (Legacy)
2005-04-01 02:00:00,2005,4,3,14360,40.46,HOEP (Legacy)
2005-04-01 03:00:00,2005,4,4,14345,40.14,HOEP (Legacy)
2005-04-01 04:00:00,2005,4,5,14332,39.23,HOEP (Legacy)
2005-04-01 05:00:00,2005,4,6,14924,42.11,HOEP (Legacy)
2005-04-01 06:00:00,2005,4,7,16156,47.78,HOEP (Legacy)
2005-04-01 07:00:00,2005,4,8,17827,61.61,HOEP (Legacy)
2005-04-01 08:00:00,2005,4,9,18690,70.22,HOEP (Legacy)
2005-04-01 09:00:00,2005,4,10,18790,95.73,HOEP (Legacy)
2005-04-01 10:00:00,2005,4,11,18785,53.69,HOEP (Legacy)
2005-04-01 11:00:00,2005,4,12,18619,87.11,HOEP (Legacy)
2005-04-01 12:00:00,2005,4,13,18399,71.81,HOEP (Legacy)
2005-04-01 13:00:00,2005,4,14,18244,83.17,HOEP (Legacy)
2005-04-01 14:00:00,2005,4,15,18040,64.41,HOEP (Legacy)
2005-04-01 15:00:00,2005,4,16,17928,61.18,HOEP (Legacy)
2005-04-01 16:00:00,2005,4,17,18072,78.57,HOEP (Legacy)
2005-04-01 17:00:00,2005,4,18,18358,67.97,HOEP (Legacy)
2005-04-01 18:00:00,2005,4,19,18650,63.32,HOEP (Legacy)
2005-04-01 19:00:00,2005,4,20,18949,59.86,HOEP (Legacy)
2005-04-01 20:00:00,2005,4,21,18378,70.86,HOEP (Legacy)
2005-04-01 21:00:00,2005,4,22,17701,52.57,HOEP (Legacy)
2005-04-01 22:00:00,2005,4,23,16729,55.27,HOEP (Legacy)
2005-04-01 23:00:00,2005,4,24,15563,57.32,HOEP (Legacy)
2005-04-02 00:00:00,2005,4,1,14629,45.54,HOEP (Legacy)
2005-04-02 01:00:00,2005,4,2,14137,41.66,HOEP (Legacy)
2005-04-02 02:00:00,2005,4,3,13768,35.78,HOEP (Legacy)
2005-04-02 03:00:00,2005,4,4,13741,37.79,HOEP (Legacy)
2005-04-02 04:00:00,2005,4,5,13744,42.93,HOEP (Legacy)
2005-04-02 05:00:00,2005,4,6,14066,42.64,HOEP (Legacy)
2005-04-02 06:00:00,2005,4,7,14754,69.32,HOEP (Legacy)
2005-04-02 07:00:00,2005,4,8,15634,49.76,HOEP (Legacy)
2005-04-02 08:00:00,2005,4,9,16921,80.78,HOEP (Legacy)
2005-04-02 09:00:00,2005,4,10,17753,126.21,HOEP (Legacy)
2005-04-02 10:00:00,2005,4,11,18162,181.66,HOEP (Legacy)
2005-04-02 11:00:00,2005,4,12,18424,108.69,HOEP (Legacy)
2005-04-02 12:00:00,2005,4,13,18441,135.25,HOEP (Legacy)
2005-04-02 13:00:00,2005,4,14,18266,100.37,HOEP (Legacy)
2005-04-02 14:00:00,2005,4,15,18178,98.59,HOEP (Legacy)
2005-04-02 15:00:00,2005,4,16,17990,109.42,HOEP (Legacy)
2005-04-02 16:00:00,2005,4,17,18108,107.97,HOEP (Legacy)
2005-04-02 17:00:00,2005,4,18,18516,89.86,HOEP (Legacy)
2005-04-02 18:00:00,2005,4,19,18775,102.69,HOEP (Legacy)
2005-04-02 19:00:00,2005,4,20,18751,113.38,HOEP (Legacy)
2005-04-02 20:00:00,2005,4,21,17946,95.25,HOEP (Legacy)
2005-04-02 21:00:00,2005,4,22,17446,98.63,HOEP (Legacy)
2005-04-02 22:00:00,2005,4,23,17007,104.59,HOEP (Legacy)
2005-04-02 23:00:00,2005,4,24,16220,133.86,HOEP (Legacy)
2005-04-03 00:00:00,2005,4,1,15414,144.23,HOEP (Legacy)
2005-04-03 01:00:00,2005,4,2,14601,135.42,HOEP (Legacy)
2005-04-03 02:00:00,2005,4,3,14419,128.41,HOEP (Legacy)
2005-04-03 03:00:00,2005,4,4,14214,97.15,HOEP (Legacy)
2005-04-03 04:00:00,2005,4,5,14079,55.3,HOEP (Legacy)
2005-04-03 05:00:00,2005,4,6,14582,58.8,HOEP (Legacy)
2005-04-03 06:00:00,2005,4,7,14837,47.26,HOEP (Legacy)
2005-04-03 07:00:00,2005,4,8,15430,45.1,HOEP (Legacy)
2005-04-03 08:00:00,2005,4,9,16577,76.7,HOEP (Legacy)
2005-04-03 09:00:00,2005,4,10,17006,58.02,HOEP (Legacy)
2005-04-03 10:00:00,2005,4,11,17455,76.54,HOEP (Legacy)
2005-04-03 11:00:00,2005,4,12,17661,110.76,HOEP (Legacy)
2005-04-03 12:00:00,2005,4,13,17624,123.33,HOEP (Legacy)
2005-04-03 13:00:00,2005,4,14,17519,117.34,HOEP (Legacy)
2005-04-03 14:00:00,2005,4,15,17407,121.52,HOEP (Legacy)
2005-04-03 15:00:00,2005,4,16,17696,124.38,HOEP (Legacy)
2005-04-03 16:00:00,2005,4,17,17901,113.49,HOEP (Legacy)
2005-04-03 17:00:00,2005,4,18,17836,109.19,HOEP (Legacy)
2005-04-03 18:00:00,2005,4,19,17905,110.19,HOEP (Legacy)
2005-04-03 19:00:00,2005,4,20,18359,103.72,HOEP (Legacy)
2005-04-03 20:00:00,2005,4,21,17956,100.57,HOEP (Legacy)
2005-04-03 21:00:00,2005,4,22,17224,73.61,HOEP (Legacy)
2005-04-03 22:00:00,2005,4,23,16107,52.04,HOEP (Legacy)
2005-04-03 23:00:00,2005,4,24,15402,58.09,HOEP (Legacy)
2005-04-04 00:00:00,2005,4,1,14922,63.01,HOEP (Legacy)
2005-04-04 01:00:00,2005,4,2,14748,69.86,HOEP (Legacy)
2005-04-04 02:00:00,2005,4,3,14464,63.93,HOEP (Legacy)
2005-04-04 03:00:00,2005,4,4,14642,59.46,HOEP (Legacy)
2005-04-04 04:00:00,2005,4,5,15297,56.78,HOEP (Legacy)
2005-04-04 05:00:00,2005,4,6,16735,106.57,HOEP (Legacy)
2005-04-04 06:00:00,2005,4,7,18358,125.14,HOEP (Legacy)
2005-04-04 07:00:00,2005,4,8,19040,115.73,HOEP (Legacy)
2005-04-04 08:00:00,2005,4,9,19011,114.03,HOEP (Legacy)
2005-04-04 09:00:00,2005,4,10,19177,103.75,HOEP (Legacy)
2005-04-04 10:00:00,2005,4,11,19173,104.84,HOEP (Legacy)
2005-04-04 11:00:00,2005,4,12,18965,98.34,HOEP (Legacy)
2005-04-04 12:00:00,2005,4,13,18955,102.15,HOEP (Legacy)
2005-04-04 13:00:00,2005,4,14,18653,102.83,HOEP (Legacy)
2005-04-04 14:00:00,2005,4,15,18487,99.0,HOEP (Legacy)
2005-04-04 15:00:00,2005,4,16,18575,105.27,HOEP (Legacy)
2005-04-04 16:00:00,2005,4,17,18616,103.23,HOEP (Legacy)
2005-04-04 17:00:00,2005,4,18,18383,95.36,HOEP (Legacy)
2005-04-04 18:00:00,2005,4,19,18457,61.82,HOEP (Legacy)
2005-04-04 19:00:00,2005,4,20,19343,95.27,HOEP (Legacy)
2005-04-04 20:00:00,2005,4,21,18914,75.04,HOEP (Legacy)
2005-04-04 21:00:00,2005,4,22,17863,75.48,HOEP (Legacy)
2005-04-04 22:00:00,2005,4,23,16278,54.43,HOEP (Legacy)
2005-04-04 23:00:00,2005,4,24,15233,62.04,HOEP (Legacy)
2005-04-05 00:00:00,2005,4,1,14806,51.03,HOEP (Legacy)
2005-04-05 01:00:00,2005,4,2,14575,40.52,HOEP (Legacy)
2005-04-05 02:00:00,2005,4,3,14448,39.9,HOEP (Legacy)
2005-04-05 03:00:00,2005,4,4,14571,41.03,HOEP (Legacy)
2005-04-05 04:00:00,2005,4,5,15115,45.22,HOEP (Legacy)
2005-04-05 05:00:00,2005,4,6,16517,47.64,HOEP (Legacy)
2005-04-05 06:00:00,2005,4,7,18058,80.89,HOEP (Legacy)
2005-04-05 07:00:00,2005,4,8,18643,113.78,HOEP (Legacy)
2005-04-05 08:00:00,2005,4,9,18568,61.79,HOEP (Legacy)
2005-04-05 09:00:00,2005,4,10,18480,43.91,HOEP (Legacy)
2005-04-05 10:00:00,2005,4,11,18429,74.11,HOEP (Legacy)
2005-04-05 11:00:00,2005,4,12,18284,60.05,HOEP (Legacy)
2005-04-05 12:00:00,2005,4,13,18230,41.14,HOEP (Legacy)
2005-04-05 13:00:00,2005,4,14,18072,40.59,HOEP (Legacy)
2005-04-05 14:00:00,2005,4,15,17964,58.85,HOEP (Legacy)
2005-04-05 15:00:00,2005,4,16,18208,83.7,HOEP (Legacy)
2005-04-05 16:00:00,2005,4,17,18267,79.76,HOEP (Legacy)
2005-04-05 17:00:00,2005,4,18,18069,60.82,HOEP (Legacy)
2005-04-05 18:00:00,2005,4,19,18212,56.45,HOEP (Legacy)
2005-04-05 19:00:00,2005,4,20,18974,92.91,HOEP (Legacy)
2005-04-05 20:00:00,2005,4,21,18527,60.27,HOEP (Legacy)
2005-04-05 21:00:00,2005,4,22,17302,44.97,HOEP (Legacy)
2005-04-05 22:00:00,2005,4,23,15758,41.44,HOEP (Legacy)
2005-04-05 23:00:00,2005,4,24,14738,38.32,HOEP (Legacy)
2005-04-06 00:00:00,2005,4,1,14332,38.94,HOEP (Legacy)
2005-04-06 01:00:00,2005,4,2,14093,39.63,HOEP (Legacy)
2005-04-06 02:00:00,2005,4,3,13924,39.54,HOEP (Legacy)
2005-04-06 03:00:00,2005,4,4,14083,44.29,HOEP (Legacy)
2005-04-06 04:00:00,2005,4,5,14613,44.0,HOEP (Legacy)
2005-04-06 05:00:00,2005,4,6,15778,53.56,HOEP (Legacy)
2005-04-06 06:00:00,2005,4,7,17517,77.88,HOEP (Legacy)
2005-04-06 07:00:00,2005,4,8,18262,78.16,HOEP (Legacy)
2005-04-06 08:00:00,2005,4,9,18189,74.09,HOEP (Legacy)
2005-04-06 09:00:00,2005,4,10,18328,84.5,HOEP (Legacy)
2005-04-06 10:00:00,2005,4,11,18259,111.45,HOEP (Legacy)
2005-04-06 11:00:00,2005,4,12,18043,66.2,HOEP (Legacy)
2005-04-06 12:00:00,2005,4,13,17956,79.82,HOEP (Legacy)
2005-04-06 13:00:00,2005,4,14,17875,65.13,HOEP (Legacy)
2005-04-06 14:00:00,2005,4,15,17826,64.75,HOEP (Legacy)
2005-04-06 15:00:00,2005,4,16,17981,80.25,HOEP (Legacy)
2005-04-06 16:00:00,2005,4,17,18065,79.82,HOEP (Legacy)
2005-04-06 17:00:00,2005,4,18,17801,57.41,HOEP (Legacy)
2005-04-06 18:00:00,2005,4,19,17935,48.31,HOEP (Legacy)
2005-04-06 19:00:00,2005,4,20,18610,69.78,HOEP (Legacy)
2005-04-06 20:00:00,2005,4,21,18075,68.76,HOEP (Legacy)
2005-04-06 21:00:00,2005,4,22,16872,52.53,HOEP (Legacy)
2005-04-06 22:00:00,2005,4,23,15438,42.13,HOEP (Legacy)
2005-04-06 23:00:00,2005,4,24,14425,42.12,HOEP (Legacy)
2005-04-07 00:00:00,2005,4,1,14010,41.68,HOEP (Legacy)
2005-04-07 01:00:00,2005,4,2,13920,39.28,HOEP (Legacy)
2005-04-07 02:00:00,2005,4,3,13822,39.58,HOEP (Legacy)
2005-04-07 03:00:00,2005,4,4,13948,38.49,HOEP (Legacy)
2005-04-07 04:00:00,2005,4,5,14348,54.36,HOEP (Legacy)
2005-04-07 05:00:00,2005,4,6,15649,67.3,HOEP (Legacy)
2005-04-07 06:00:00,2005,4,7,17449,84.16,HOEP (Legacy)
2005-04-07 07:00:00,2005,4,8,18458,110.69,HOEP (Legacy)
2005-04-07 08:00:00,2005,4,9,18556,124.56,HOEP (Legacy)
2005-04-07 09:00:00,2005,4,10,18446,133.21,HOEP (Legacy)
2005-04-07 10:00:00,2005,4,11,18454,39.64,HOEP (Legacy)
2005-04-07 11:00:00,2005,4,12,18764,82.78,HOEP (Legacy)
2005-04-07 12:00:00,2005,4,13,18784,107.72,HOEP (Legacy)
2005-04-07 13:00:00,2005,4,14,18681,116.14,HOEP (Legacy)
2005-04-07 14:00:00,2005,4,15,18489,125.34,HOEP (Legacy)
2005-04-07 15:00:00,2005,4,16,18677,116.61,HOEP (Legacy)
2005-04-07 16:00:00,2005,4,17,18703,103.44,HOEP (Legacy)
2005-04-07 17:00:00,2005,4,18,18371,117.01,HOEP (Legacy)
2005-04-07 18:00:00,2005,4,19,18353,115.2,HOEP (Legacy)
2005-04-07 19:00:00,2005,4,20,18880,115.95,HOEP (Legacy)
2005-04-07 20:00:00,2005,4,21,18609,109.31,HOEP (Legacy)
2005-04-07 21:00:00,2005,4,22,17363,84.92,HOEP (Legacy)
2005-04-07 22:00:00,2005,4,23,15846,77.24,HOEP (Legacy)
2005-04-07 23:00:00,2005,4,24,14903,42.65,HOEP (Legacy)
2005-04-08 00:00:00,2005,4,1,14592,72.25,HOEP (Legacy)
2005-04-08 01:00:00,2005,4,2,14427,78.35,HOEP (Legacy)
2005-04-08 02:00:00,2005,4,3,14318,68.48,HOEP (Legacy)
2005-04-08 03:00:00,2005,4,4,14551,54.4,HOEP (Legacy)
2005-04-08 04:00:00,2005,4,5,15052,50.5,HOEP (Legacy)
2005-04-08 05:00:00,2005,4,6,16306,48.68,HOEP (Legacy)
2005-04-08 06:00:00,2005,4,7,17862,52.12,HOEP (Legacy)
2005-04-08 07:00:00,2005,4,8,18595,88.04,HOEP (Legacy)
2005-04-08 08:00:00,2005,4,9,18560,66.93,HOEP (Legacy)
2005-04-08 09:00:00,2005,4,10,18633,116.86,HOEP (Legacy)
2005-04-08 10:00:00,2005,4,11,18397,50.37,HOEP (Legacy)
2005-04-08 11:00:00,2005,4,12,18044,50.37,HOEP (Legacy)
2005-04-08 12:00:00,2005,4,13,17982,51.12,HOEP (Legacy)
2005-04-08 13:00:00,2005,4,14,17783,43.19,HOEP (Legacy)
2005-04-08 14:00:00,2005,4,15,17612,82.18,HOEP (Legacy)
2005-04-08 15:00:00,2005,4,16,17403,44.7,HOEP (Legacy)
2005-04-08 16:00:00,2005,4,17,17187,41.81,HOEP (Legacy)
2005-04-08 17:00:00,2005,4,18,16919,41.72,HOEP (Legacy)
2005-04-08 18:00:00,2005,4,19,16744,41.85,HOEP (Legacy)
2005-04-08 19:00:00,2005,4,20,17700,60.35,HOEP (Legacy)
2005-04-08 20:00:00,2005,4,21,17693,50.78,HOEP (Legacy)
2005-04-08 21:00:00,2005,4,22,16700,43.28,HOEP (Legacy)
2005-04-08 22:00:00,2005,4,23,15228,47.18,HOEP (Legacy)
2005-04-08 23:00:00,2005,4,24,14202,36.27,HOEP (Legacy)
2005-04-09 00:00:00,2005,4,1,13868,36.78,HOEP (Legacy)
2005-04-09 01:00:00,2005,4,2,13635,33.93,HOEP (Legacy)
2005-04-09 02:00:00,2005,4,3,13478,33.63,HOEP (Legacy)
2005-04-09 03:00:00,2005,4,4,13471,34.49,HOEP (Legacy)
2005-04-09 04:00:00,2005,4,5,13719,35.71,HOEP (Legacy)
2005-04-09 05:00:00,2005,4,6,14285,39.22,HOEP (Legacy)
2005-04-09 06:00:00,2005,4,7,14867,40.5,HOEP (Legacy)
2005-04-09 07:00:00,2005,4,8,15816,42.08,HOEP (Legacy)
2005-04-09 08:00:00,2005,4,9,16434,41.27,HOEP (Legacy)
2005-04-09 09:00:00,2005,4,10,16687,62.22,HOEP (Legacy)
2005-04-09 10:00:00,2005,4,11,16694,63.42,HOEP (Legacy)
2005-04-09 11:00:00,2005,4,12,16416,44.1,HOEP (Legacy)
2005-04-09 12:00:00,2005,4,13,16046,40.97,HOEP (Legacy)
2005-04-09 13:00:00,2005,4,14,15773,40.47,HOEP (Legacy)
2005-04-09 14:00:00,2005,4,15,15471,39.62,HOEP (Legacy)
2005-04-09 15:00:00,2005,4,16,15351,38.55,HOEP (Legacy)
2005-04-09 16:00:00,2005,4,17,15522,40.84,HOEP (Legacy)
2005-04-09 17:00:00,2005,4,18,15438,38.65,HOEP (Legacy)
2005-04-09 18:00:00,2005,4,19,15434,39.39,HOEP (Legacy)
2005-04-09 19:00:00,2005,4,20,16244,45.08,HOEP (Legacy)
2005-04-09 20:00:00,2005,4,21,16334,39.53,HOEP (Legacy)
2005-04-09 21:00:00,2005,4,22,15512,39.09,HOEP (Legacy)
2005-04-09 22:00:00,2005,4,23,14427,34.18,HOEP (Legacy)
2005-04-09 23:00:00,2005,4,24,13571,32.03,HOEP (Legacy)
2005-04-10 00:00:00,2005,4,1,13088,33.45,HOEP (Legacy)
2005-04-10 01:00:00,2005,4,2,12795,33.54,HOEP (Legacy)
2005-04-10 02:00:00,2005,4,3,12726,34.86,HOEP (Legacy)
2005-04-10 03:00:00,2005,4,4,12772,34.32,HOEP (Legacy)
2005-04-10 04:00:00,2005,4,5,12954,33.97,HOEP (Legacy)
2005-04-10 05:00:00,2005,4,6,13303,33.73,HOEP (Legacy)
2005-04-10 06:00:00,2005,4,7,13606,35.29,HOEP (Legacy)
2005-04-10 07:00:00,2005,4,8,14592,39.73,HOEP (Legacy)
2005-04-10 08:00:00,2005,4,9,15259,42.6,HOEP (Legacy)
2005-04-10 09:00:00,2005,4,10,15672,43.5,HOEP (Legacy)
2005-04-10 10:00:00,2005,4,11,15656,42.92,HOEP (Legacy)
2005-04-10 11:00:00,2005,4,12,15611,42.92,HOEP (Legacy)
2005-04-10 12:00:00,2005,4,13,15376,43.85,HOEP (Legacy)
2005-04-10 13:00:00,2005,4,14,15129,42.39,HOEP (Legacy)
2005-04-10 14:00:00,2005,4,15,15157,54.75,HOEP (Legacy)
2005-04-10 15:00:00,2005,4,16,15434,102.31,HOEP (Legacy)
2005-04-10 16:00:00,2005,4,17,15648,120.26,HOEP (Legacy)
2005-04-10 17:00:00,2005,4,18,15581,48.31,HOEP (Legacy)
2005-04-10 18:00:00,2005,4,19,15692,43.1,HOEP (Legacy)
2005-04-10 19:00:00,2005,4,20,16838,53.69,HOEP (Legacy)
2005-04-10 20:00:00,2005,4,21,16750,43.02,HOEP (Legacy)
2005-04-10 21:00:00,2005,4,22,15784,41.34,HOEP (Legacy)
2005-04-10 22:00:00,2005,4,23,14602,40.12,HOEP (Legacy)
2005-04-10 23:00:00,2005,4,24,13824,39.32,HOEP (Legacy)
2005-04-11 00:00:00,2005,4,1,13489,40.47,HOEP (Legacy)
2005-04-11 01:00:00,2005,4,2,13534,41.05,HOEP (Legacy)
2005-04-11 02:00:00,2005,4,3,13583,41.12,HOEP (Legacy)
2005-04-11 03:00:00,2005,4,4,13708,40.7,HOEP (Legacy)
2005-04-11 04:00:00,2005,4,5,14350,38.44,HOEP (Legacy)
2005-04-11 05:00:00,2005,4,6,15805,81.37,HOEP (Legacy)
2005-04-11 06:00:00,2005,4,7,17323,67.93,HOEP (Legacy)
2005-04-11 07:00:00,2005,4,8,18162,41.88,HOEP (Legacy)
2005-04-11 08:00:00,2005,4,9,18279,42.21,HOEP (Legacy)
2005-04-11 09:00:00,2005,4,10,18419,46.29,HOEP (Legacy)
2005-04-11 10:00:00,2005,4,11,18532,67.61,HOEP (Legacy)
2005-04-11 11:00:00,2005,4,12,18468,61.94,HOEP (Legacy)
2005-04-11 12:00:00,2005,4,13,18304,80.43,HOEP (Legacy)
2005-04-11 13:00:00,2005,4,14,17875,62.65,HOEP (Legacy)
2005-04-11 14:00:00,2005,4,15,17814,68.01,HOEP (Legacy)
2005-04-11 15:00:00,2005,4,16,18026,76.51,HOEP (Legacy)
2005-04-11 16:00:00,2005,4,17,17990,58.87,HOEP (Legacy)
2005-04-11 17:00:00,2005,4,18,17735,59.29,HOEP (Legacy)
2005-04-11 18:00:00,2005,4,19,17808,51.3,HOEP (Legacy)
2005-04-11 19:00:00,2005,4,20,18695,59.5,HOEP (Legacy)
2005-04-11 20:00:00,2005,4,21,18455,64.6,HOEP (Legacy)
2005-04-11 21:00:00,2005,4,22,17119,45.31,HOEP (Legacy)
2005-04-11 22:00:00,2005,4,23,15581,40.75,HOEP (Legacy)
2005-04-11 23:00:00,2005,4,24,14780,40.33,HOEP (Legacy)
2005-04-12 00:00:00,2005,4,1,14339,38.06,HOEP (Legacy)
2005-04-12 01:00:00,2005,4,2,14159,36.53,HOEP (Legacy)
2005-04-12 02:00:00,2005,4,3,14068,33.85,HOEP (Legacy)
2005-04-12 03:00:00,2005,4,4,14076,34.13,HOEP (Legacy)
2005-04-12 04:00:00,2005,4,5,14763,35.64,HOEP (Legacy)
2005-04-12 05:00:00,2005,4,6,16113,39.62,HOEP (Legacy)
2005-04-12 06:00:00,2005,4,7,17624,48.78,HOEP (Legacy)
2005-04-12 07:00:00,2005,4,8,18273,72.61,HOEP (Legacy)
2005-04-12 08:00:00,2005,4,9,18297,74.19,HOEP (Legacy)
2005-04-12 09:00:00,2005,4,10,18357,84.11,HOEP (Legacy)
2005-04-12 10:00:00,2005,4,11,18236,98.81,HOEP (Legacy)
2005-04-12 11:00:00,2005,4,12,18053,47.98,HOEP (Legacy)
2005-04-12 12:00:00,2005,4,13,17958,54.5,HOEP (Legacy)
2005-04-12 13:00:00,2005,4,14,17807,44.34,HOEP (Legacy)
2005-04-12 14:00:00,2005,4,15,17654,42.31,HOEP (Legacy)
2005-04-12 15:00:00,2005,4,16,17778,44.54,HOEP (Legacy)
2005-04-12 16:00:00,2005,4,17,17882,45.78,HOEP (Legacy)
2005-04-12 17:00:00,2005,4,18,17593,39.99,HOEP (Legacy)
2005-04-12 18:00:00,2005,4,19,17465,40.07,HOEP (Legacy)
2005-04-12 19:00:00,2005,4,20,18331,44.05,HOEP (Legacy)
2005-04-12 20:00:00,2005,4,21,17939,49.53,HOEP (Legacy)
2005-04-12 21:00:00,2005,4,22,16920,38.63,HOEP (Legacy)
2005-04-12 22:00:00,2005,4,23,15350,38.14,HOEP (Legacy)
2005-04-12 23:00:00,2005,4,24,14454,35.57,HOEP (Legacy)
2005-04-13 00:00:00,2005,4,1,14130,36.64,HOEP (Legacy)
2005-04-13 01:00:00,2005,4,2,14110,34.61,HOEP (Legacy)
2005-04-13 02:00:00,2005,4,3,13830,33.6,HOEP (Legacy)
2005-04-13 03:00:00,2005,4,4,14035,32.76,HOEP (Legacy)
2005-04-13 04:00:00,2005,4,5,14693,35.36,HOEP (Legacy)
2005-04-13 05:00:00,2005,4,6,16002,42.5,HOEP (Legacy)
2005-04-13 06:00:00,2005,4,7,17534,62.67,HOEP (Legacy)
2005-04-13 07:00:00,2005,4,8,18116,83.65,HOEP (Legacy)
2005-04-13 08:00:00,2005,4,9,18104,59.7,HOEP (Legacy)
2005-04-13 09:00:00,2005,4,10,18076,62.82,HOEP (Legacy)
2005-04-13 10:00:00,2005,4,11,18019,67.21,HOEP (Legacy)
2005-04-13 11:00:00,2005,4,12,17843,67.6,HOEP (Legacy)
2005-04-13 12:00:00,2005,4,13,17756,68.05,HOEP (Legacy)
2005-04-13 13:00:00,2005,4,14,17639,69.1,HOEP (Legacy)
2005-04-13 14:00:00,2005,4,15,17477,82.09,HOEP (Legacy)
2005-04-13 15:00:00,2005,4,16,17596,75.45,HOEP (Legacy)
2005-04-13 16:00:00,2005,4,17,17609,76.78,HOEP (Legacy)
2005-04-13 17:00:00,2005,4,18,17292,58.21,HOEP (Legacy)
2005-04-13 18:00:00,2005,4,19,17111,44.57,HOEP (Legacy)
2005-04-13 19:00:00,2005,4,20,17942,79.45,HOEP (Legacy)
2005-04-13 20:00:00,2005,4,21,17744,74.99,HOEP (Legacy)
2005-04-13 21:00:00,2005,4,22,16631,40.79,HOEP (Legacy)
2005-04-13 22:00:00,2005,4,23,15149,37.91,HOEP (Legacy)
2005-04-13 23:00:00,2005,4,24,14373,35.6,HOEP (Legacy)
2005-04-14 00:00:00,2005,4,1,13888,37.26,HOEP (Legacy)
2005-04-14 01:00:00,2005,4,2,13737,40.1,HOEP (Legacy)
2005-04-14 02:00:00,2005,4,3,13552,37.61,HOEP (Legacy)
2005-04-14 03:00:00,2005,4,4,13697,37.17,HOEP (Legacy)
2005-04-14 04:00:00,2005,4,5,14406,38.2,HOEP (Legacy)
2005-04-14 05:00:00,2005,4,6,15826,42.02,HOEP (Legacy)
2005-04-14 06:00:00,2005,4,7,17210,80.25,HOEP (Legacy)
2005-04-14 07:00:00,2005,4,8,18057,89.47,HOEP (Legacy)
2005-04-14 08:00:00,2005,4,9,18020,70.38,HOEP (Legacy)
2005-04-14 09:00:00,2005,4,10,18106,75.31,HOEP (Legacy)
2005-04-14 10:00:00,2005,4,11,18115,76.38,HOEP (Legacy)
2005-04-14 11:00:00,2005,4,12,17883,48.22,HOEP (Legacy)
2005-04-14 12:00:00,2005,4,13,17870,54.46,HOEP (Legacy)
2005-04-14 13:00:00,2005,4,14,17653,59.27,HOEP (Legacy)
2005-04-14 14:00:00,2005,4,15,17684,77.03,HOEP (Legacy)
2005-04-14 15:00:00,2005,4,16,17706,76.09,HOEP (Legacy)
2005-04-14 16:00:00,2005,4,17,17707,67.99,HOEP (Legacy)
2005-04-14 17:00:00,2005,4,18,17477,55.01,HOEP (Legacy)
2005-04-14 18:00:00,2005,4,19,17356,45.04,HOEP (Legacy)
2005-04-14 19:00:00,2005,4,20,18185,60.37,HOEP (Legacy)
2005-04-14 20:00:00,2005,4,21,17964,58.58,HOEP (Legacy)
2005-04-14 21:00:00,2005,4,22,16847,51.75,HOEP (Legacy)
2005-04-14 22:00:00,2005,4,23,15358,42.33,HOEP (Legacy)
2005-04-14 23:00:00,2005,4,24,14403,40.0,HOEP (Legacy)
2005-04-15 00:00:00,2005,4,1,13967,35.64,HOEP (Legacy)
2005-04-15 01:00:00,2005,4,2,13824,34.01,HOEP (Legacy)
2005-04-15 02:00:00,2005,4,3,13697,35.77,HOEP (Legacy)
2005-04-15 03:00:00,2005,4,4,13840,36.08,HOEP (Legacy)
2005-04-15 04:00:00,2005,4,5,14518,40.47,HOEP (Legacy)
2005-04-15 05:00:00,2005,4,6,15833,65.71,HOEP (Legacy)
2005-04-15 06:00:00,2005,4,7,17387,60.59,HOEP (Legacy)
2005-04-15 07:00:00,2005,4,8,18070,41.51,HOEP (Legacy)
2005-04-15 08:00:00,2005,4,9,18145,43.75,HOEP (Legacy)
2005-04-15 09:00:00,2005,4,10,18226,59.08,HOEP (Legacy)
2005-04-15 10:00:00,2005,4,11,18216,49.93,HOEP (Legacy)
2005-04-15 11:00:00,2005,4,12,18058,44.39,HOEP (Legacy)
2005-04-15 12:00:00,2005,4,13,17836,58.76,HOEP (Legacy)
2005-04-15 13:00:00,2005,4,14,17613,79.26,HOEP (Legacy)
2005-04-15 14:00:00,2005,4,15,17342,62.46,HOEP (Legacy)
2005-04-15 15:00:00,2005,4,16,17355,56.08,HOEP (Legacy)
2005-04-15 16:00:00,2005,4,17,17251,58.82,HOEP (Legacy)
2005-04-15 17:00:00,2005,4,18,16924,48.1,HOEP (Legacy)
2005-04-15 18:00:00,2005,4,19,16787,47.96,HOEP (Legacy)
2005-04-15 19:00:00,2005,4,20,17446,111.82,HOEP (Legacy)
2005-04-15 20:00:00,2005,4,21,17529,80.23,HOEP (Legacy)
2005-04-15 21:00:00,2005,4,22,16537,50.35,HOEP (Legacy)
2005-04-15 22:00:00,2005,4,23,14982,49.61,HOEP (Legacy)
2005-04-15 23:00:00,2005,4,24,14186,53.52,HOEP (Legacy)
2005-04-16 00:00:00,2005,4,1,13630,57.24,HOEP (Legacy)
2005-04-16 01:00:00,2005,4,2,13472,48.4,HOEP (Legacy)
2005-04-16 02:00:00,2005,4,3,13283,41.27,HOEP (Legacy)
2005-04-16 03:00:00,2005,4,4,13352,41.19,HOEP (Legacy)
2005-04-16 04:00:00,2005,4,5,13598,49.07,HOEP (Legacy)
2005-04-16 05:00:00,2005,4,6,14047,41.29,HOEP (Legacy)
2005-04-16 06:00:00,2005,4,7,14729,43.61,HOEP (Legacy)
2005-04-16 07:00:00,2005,4,8,15638,61.05,HOEP (Legacy)
2005-04-16 08:00:00,2005,4,9,16257,60.22,HOEP (Legacy)
2005-04-16 09:00:00,2005,4,10,16435,57.42,HOEP (Legacy)
2005-04-16 10:00:00,2005,4,11,16433,54.2,HOEP (Legacy)
2005-04-16 11:00:00,2005,4,12,16207,61.17,HOEP (Legacy)
2005-04-16 12:00:00,2005,4,13,15806,59.32,HOEP (Legacy)
2005-04-16 13:00:00,2005,4,14,15457,59.83,HOEP (Legacy)
2005-04-16 14:00:00,2005,4,15,15260,63.92,HOEP (Legacy)
2005-04-16 15:00:00,2005,4,16,15309,59.51,HOEP (Legacy)
2005-04-16 16:00:00,2005,4,17,15435,58.61,HOEP (Legacy)
2005-04-16 17:00:00,2005,4,18,15103,49.75,HOEP (Legacy)
2005-04-16 18:00:00,2005,4,19,15098,47.76,HOEP (Legacy)
2005-04-16 19:00:00,2005,4,20,15720,56.07,HOEP (Legacy)
2005-04-16 20:00:00,2005,4,21,15719,50.66,HOEP (Legacy)
2005-04-16 21:00:00,2005,4,22,15072,56.98,HOEP (Legacy)
2005-04-16 22:00:00,2005,4,23,14022,47.73,HOEP (Legacy)
2005-04-16 23:00:00,2005,4,24,13355,49.96,HOEP (Legacy)
2005-04-17 00:00:00,2005,4,1,12770,40.78,HOEP (Legacy)
2005-04-17 01:00:00,2005,4,2,12512,41.03,HOEP (Legacy)
2005-04-17 02:00:00,2005,4,3,12279,39.12,HOEP (Legacy)
2005-04-17 03:00:00,2005,4,4,12323,37.12,HOEP (Legacy)
2005-04-17 04:00:00,2005,4,5,12463,40.09,HOEP (Legacy)
2005-04-17 05:00:00,2005,4,6,12758,41.09,HOEP (Legacy)
2005-04-17 06:00:00,2005,4,7,13115,39.11,HOEP (Legacy)
2005-04-17 07:00:00,2005,4,8,14198,42.07,HOEP (Legacy)
2005-04-17 08:00:00,2005,4,9,14909,51.37,HOEP (Legacy)
2005-04-17 09:00:00,2005,4,10,15302,57.43,HOEP (Legacy)
2005-04-17 10:00:00,2005,4,11,15472,59.86,HOEP (Legacy)
2005-04-17 11:00:00,2005,4,12,15538,76.02,HOEP (Legacy)
2005-04-17 12:00:00,2005,4,13,15403,58.34,HOEP (Legacy)
2005-04-17 13:00:00,2005,4,14,15203,53.66,HOEP (Legacy)
2005-04-17 14:00:00,2005,4,15,15159,50.95,HOEP (Legacy)
2005-04-17 15:00:00,2005,4,16,15384,55.5,HOEP (Legacy)
2005-04-17 16:00:00,2005,4,17,15732,57.69,HOEP (Legacy)
2005-04-17 17:00:00,2005,4,18,15677,56.68,HOEP (Legacy)
2005-04-17 18:00:00,2005,4,19,15663,53.92,HOEP (Legacy)
2005-04-17 19:00:00,2005,4,20,16267,79.82,HOEP (Legacy)
2005-04-17 20:00:00,2005,4,21,16174,62.09,HOEP (Legacy)
2005-04-17 21:00:00,2005,4,22,15229,54.25,HOEP (Legacy)
2005-04-17 22:00:00,2005,4,23,14066,48.71,HOEP (Legacy)
2005-04-17 23:00:00,2005,4,24,13373,41.5,HOEP (Legacy)
2005-04-18 00:00:00,2005,4,1,13098,44.28,HOEP (Legacy)
2005-04-18 01:00:00,2005,4,2,13048,41.68,HOEP (Legacy)
2005-04-18 02:00:00,2005,4,3,13022,40.75,HOEP (Legacy)
2005-04-18 03:00:00,2005,4,4,13255,39.47,HOEP (Legacy)
2005-04-18 04:00:00,2005,4,5,13860,46.95,HOEP (Legacy)
2005-04-18 05:00:00,2005,4,6,15237,47.93,HOEP (Legacy)
2005-04-18 06:00:00,2005,4,7,16807,62.81,HOEP (Legacy)
2005-04-18 07:00:00,2005,4,8,17752,91.87,HOEP (Legacy)
2005-04-18 08:00:00,2005,4,9,18005,78.67,HOEP (Legacy)
2005-04-18 09:00:00,2005,4,10,18226,96.5,HOEP (Legacy)
2005-04-18 10:00:00,2005,4,11,18280,111.75,HOEP (Legacy)
2005-04-18 11:00:00,2005,4,12,18121,86.05,HOEP (Legacy)
2005-04-18 12:00:00,2005,4,13,18200,89.61,HOEP (Legacy)
2005-04-18 13:00:00,2005,4,14,17989,95.44,HOEP (Legacy)
2005-04-18 14:00:00,2005,4,15,17965,91.11,HOEP (Legacy)
2005-04-18 15:00:00,2005,4,16,18041,85.75,HOEP (Legacy)
2005-04-18 16:00:00,2005,4,17,17977,93.19,HOEP (Legacy)
2005-04-18 17:00:00,2005,4,18,17589,55.76,HOEP (Legacy)
2005-04-18 18:00:00,2005,4,19,17413,50.32,HOEP (Legacy)
2005-04-18 19:00:00,2005,4,20,18072,71.45,HOEP (Legacy)
2005-04-18 20:00:00,2005,4,21,17802,66.82,HOEP (Legacy)
2005-04-18 21:00:00,2005,4,22,16475,48.6,HOEP (Legacy)
2005-04-18 22:00:00,2005,4,23,14881,46.91,HOEP (Legacy)
2005-04-18 23:00:00,2005,4,24,13813,37.68,HOEP (Legacy)
2005-04-19 00:00:00,2005,4,1,13306,36.57,HOEP (Legacy)
2005-04-19 01:00:00,2005,4,2,13339,35.04,HOEP (Legacy)
2005-04-19 02:00:00,2005,4,3,13168,34.96,HOEP (Legacy)
2005-04-19 03:00:00,2005,4,4,13161,33.84,HOEP (Legacy)
2005-04-19 04:00:00,2005,4,5,13700,36.17,HOEP (Legacy)
2005-04-19 05:00:00,2005,4,6,15113,48.25,HOEP (Legacy)
2005-04-19 06:00:00,2005,4,7,16680,51.95,HOEP (Legacy)
2005-04-19 07:00:00,2005,4,8,17586,55.74,HOEP (Legacy)
2005-04-19 08:00:00,2005,4,9,17601,54.42,HOEP (Legacy)
2005-04-19 09:00:00,2005,4,10,17885,84.88,HOEP (Legacy)
2005-04-19 10:00:00,2005,4,11,18013,120.55,HOEP (Legacy)
2005-04-19 11:00:00,2005,4,12,17923,85.95,HOEP (Legacy)
2005-04-19 12:00:00,2005,4,13,18122,92.5,HOEP (Legacy)
2005-04-19 13:00:00,2005,4,14,18181,84.17,HOEP (Legacy)
2005-04-19 14:00:00,2005,4,15,18235,76.86,HOEP (Legacy)
2005-04-19 15:00:00,2005,4,16,18262,77.96,HOEP (Legacy)
2005-04-19 16:00:00,2005,4,17,18309,75.22,HOEP (Legacy)
2005-04-19 17:00:00,2005,4,18,17879,66.25,HOEP (Legacy)
2005-04-19 18:00:00,2005,4,19,17652,54.07,HOEP (Legacy)
2005-04-19 19:00:00,2005,4,20,18241,78.73,HOEP (Legacy)
2005-04-19 20:00:00,2005,4,21,18000,66.45,HOEP (Legacy)
2005-04-19 21:00:00,2005,4,22,16640,43.88,HOEP (Legacy)
2005-04-19 22:00:00,2005,4,23,15251,55.62,HOEP (Legacy)
2005-04-19 23:00:00,2005,4,24,14089,41.26,HOEP (Legacy)
2005-04-20 00:00:00,2005,4,1,13446,35.71,HOEP (Legacy)
2005-04-20 01:00:00,2005,4,2,13267,33.81,HOEP (Legacy)
2005-04-20 02:00:00,2005,4,3,13127,30.64,HOEP (Legacy)
2005-04-20 03:00:00,2005,4,4,13228,31.28,HOEP (Legacy)
2005-04-20 04:00:00,2005,4,5,13635,34.66,HOEP (Legacy)
2005-04-20 05:00:00,2005,4,6,14919,42.14,HOEP (Legacy)
2005-04-20 06:00:00,2005,4,7,16479,75.5,HOEP (Legacy)
2005-04-20 07:00:00,2005,4,8,17583,60.56,HOEP (Legacy)
2005-04-20 08:00:00,2005,4,9,17824,75.23,HOEP (Legacy)
2005-04-20 09:00:00,2005,4,10,18162,99.77,HOEP (Legacy)
2005-04-20 10:00:00,2005,4,11,18344,114.91,HOEP (Legacy)
2005-04-20 11:00:00,2005,4,12,18346,111.05,HOEP (Legacy)
2005-04-20 12:00:00,2005,4,13,18456,112.27,HOEP (Legacy)
2005-04-20 13:00:00,2005,4,14,18309,95.58,HOEP (Legacy)
2005-04-20 14:00:00,2005,4,15,18241,85.01,HOEP (Legacy)
2005-04-20 15:00:00,2005,4,16,18534,78.33,HOEP (Legacy)
2005-04-20 16:00:00,2005,4,17,18503,63.96,HOEP (Legacy)
2005-04-20 17:00:00,2005,4,18,18049,68.94,HOEP (Legacy)
2005-04-20 18:00:00,2005,4,19,18099,62.72,HOEP (Legacy)
2005-04-20 19:00:00,2005,4,20,18500,82.14,HOEP (Legacy)
2005-04-20 20:00:00,2005,4,21,18029,64.01,HOEP (Legacy)
2005-04-20 21:00:00,2005,4,22,16872,57.1,HOEP (Legacy)
2005-04-20 22:00:00,2005,4,23,15375,47.11,HOEP (Legacy)
2005-04-20 23:00:00,2005,4,24,14484,46.58,HOEP (Legacy)
2005-04-21 00:00:00,2005,4,1,13914,38.53,HOEP (Legacy)
2005-04-21 01:00:00,2005,4,2,13793,38.23,HOEP (Legacy)
2005-04-21 02:00:00,2005,4,3,13625,37.37,HOEP (Legacy)
2005-04-21 03:00:00,2005,4,4,13752,35.75,HOEP (Legacy)
2005-04-21 04:00:00,2005,4,5,14393,44.14,HOEP (Legacy)
2005-04-21 05:00:00,2005,4,6,15571,48.44,HOEP (Legacy)
2005-04-21 06:00:00,2005,4,7,17130,76.99,HOEP (Legacy)
2005-04-21 07:00:00,2005,4,8,18000,97.64,HOEP (Legacy)
2005-04-21 08:00:00,2005,4,9,18008,67.16,HOEP (Legacy)
2005-04-21 09:00:00,2005,4,10,18197,92.64,HOEP (Legacy)
2005-04-21 10:00:00,2005,4,11,18131,67.48,HOEP (Legacy)
2005-04-21 11:00:00,2005,4,12,17872,82.59,HOEP (Legacy)
2005-04-21 12:00:00,2005,4,13,17782,78.01,HOEP (Legacy)
2005-04-21 13:00:00,2005,4,14,17632,64.36,HOEP (Legacy)
2005-04-21 14:00:00,2005,4,15,17525,78.39,HOEP (Legacy)
2005-04-21 15:00:00,2005,4,16,17659,76.99,HOEP (Legacy)
2005-04-21 16:00:00,2005,4,17,17542,64.56,HOEP (Legacy)
2005-04-21 17:00:00,2005,4,18,17234,56.17,HOEP (Legacy)
2005-04-21 18:00:00,2005,4,19,17211,53.18,HOEP (Legacy)
2005-04-21 19:00:00,2005,4,20,17875,73.93,HOEP (Legacy)
2005-04-21 20:00:00,2005,4,21,17957,65.95,HOEP (Legacy)
2005-04-21 21:00:00,2005,4,22,16824,53.03,HOEP (Legacy)
2005-04-21 22:00:00,2005,4,23,15616,59.26,HOEP (Legacy)
2005-04-21 23:00:00,2005,4,24,14431,40.58,HOEP (Legacy)
2005-04-22 00:00:00,2005,4,1,14010,38.17,HOEP (Legacy)
2005-04-22 01:00:00,2005,4,2,13833,35.24,HOEP (Legacy)
2005-04-22 02:00:00,2005,4,3,13725,34.82,HOEP (Legacy)
2005-04-22 03:00:00,2005,4,4,13849,34.54,HOEP (Legacy)
2005-04-22 04:00:00,2005,4,5,14468,37.13,HOEP (Legacy)
2005-04-22 05:00:00,2005,4,6,15768,47.32,HOEP (Legacy)
2005-04-22 06:00:00,2005,4,7,17376,64.48,HOEP (Legacy)
2005-04-22 07:00:00,2005,4,8,17981,75.18,HOEP (Legacy)
2005-04-22 08:00:00,2005,4,9,18134,58.38,HOEP (Legacy)
2005-04-22 09:00:00,2005,4,10,18233,82.28,HOEP (Legacy)
2005-04-22 10:00:00,2005,4,11,18241,84.21,HOEP (Legacy)
2005-04-22 11:00:00,2005,4,12,18104,68.39,HOEP (Legacy)
2005-04-22 12:00:00,2005,4,13,18001,83.23,HOEP (Legacy)
2005-04-22 13:00:00,2005,4,14,17744,76.49,HOEP (Legacy)
2005-04-22 14:00:00,2005,4,15,17582,64.58,HOEP (Legacy)
2005-04-22 15:00:00,2005,4,16,17677,87.57,HOEP (Legacy)
2005-04-22 16:00:00,2005,4,17,17591,85.09,HOEP (Legacy)
2005-04-22 17:00:00,2005,4,18,17497,93.65,HOEP (Legacy)
2005-04-22 18:00:00,2005,4,19,17453,87.05,HOEP (Legacy)
2005-04-22 19:00:00,2005,4,20,17830,96.97,HOEP (Legacy)
2005-04-22 20:00:00,2005,4,21,17488,70.21,HOEP (Legacy)
2005-04-22 21:00:00,2005,4,22,16431,46.89,HOEP (Legacy)
2005-04-22 22:00:00,2005,4,23,15276,57.65,HOEP (Legacy)
2005-04-22 23:00:00,2005,4,24,13960,44.45,HOEP (Legacy)
2005-04-23 00:00:00,2005,4,1,13574,36.37,HOEP (Legacy)
2005-04-23 01:00:00,2005,4,2,13364,34.73,HOEP (Legacy)
2005-04-23 02:00:00,2005,4,3,13102,34.34,HOEP (Legacy)
2005-04-23 03:00:00,2005,4,4,13118,35.03,HOEP (Legacy)
2005-04-23 04:00:00,2005,4,5,13292,37.54,HOEP (Legacy)
2005-04-23 05:00:00,2005,4,6,13751,42.71,HOEP (Legacy)
2005-04-23 06:00:00,2005,4,7,14673,44.16,HOEP (Legacy)
2005-04-23 07:00:00,2005,4,8,15948,83.32,HOEP (Legacy)
2005-04-23 08:00:00,2005,4,9,16900,101.42,HOEP (Legacy)
2005-04-23 09:00:00,2005,4,10,17412,102.06,HOEP (Legacy)
2005-04-23 10:00:00,2005,4,11,17605,111.92,HOEP (Legacy)
2005-04-23 11:00:00,2005,4,12,17671,99.65,HOEP (Legacy)
2005-04-23 12:00:00,2005,4,13,17414,80.84,HOEP (Legacy)
2005-04-23 13:00:00,2005,4,14,17070,100.34,HOEP (Legacy)
2005-04-23 14:00:00,2005,4,15,16976,101.08,HOEP (Legacy)
2005-04-23 15:00:00,2005,4,16,17125,91.26,HOEP (Legacy)
2005-04-23 16:00:00,2005,4,17,17314,89.26,HOEP (Legacy)
2005-04-23 17:00:00,2005,4,18,17116,86.26,HOEP (Legacy)
2005-04-23 18:00:00,2005,4,19,16854,74.02,HOEP (Legacy)
2005-04-23 19:00:00,2005,4,20,17034,83.33,HOEP (Legacy)
2005-04-23 20:00:00,2005,4,21,16537,65.07,HOEP (Legacy)
2005-04-23 21:00:00,2005,4,22,15879,57.53,HOEP (Legacy)
2005-04-23 22:00:00,2005,4,23,14915,51.62,HOEP (Legacy)
2005-04-23 23:00:00,2005,4,24,14070,52.31,HOEP (Legacy)
2005-04-24 00:00:00,2005,4,1,13641,51.36,HOEP (Legacy)
2005-04-24 01:00:00,2005,4,2,13354,46.12,HOEP (Legacy)
2005-04-24 02:00:00,2005,4,3,13102,38.68,HOEP (Legacy)
2005-04-24 03:00:00,2005,4,4,13177,39.46,HOEP (Legacy)
2005-04-24 04:00:00,2005,4,5,13270,38.33,HOEP (Legacy)
2005-04-24 05:00:00,2005,4,6,13626,51.27,HOEP (Legacy)
2005-04-24 06:00:00,2005,4,7,14058,47.93,HOEP (Legacy)
2005-04-24 07:00:00,2005,4,8,15035,53.11,HOEP (Legacy)
2005-04-24 08:00:00,2005,4,9,15968,53.36,HOEP (Legacy)
2005-04-24 09:00:00,2005,4,10,16507,55.83,HOEP (Legacy)
2005-04-24 10:00:00,2005,4,11,16643,61.8,HOEP (Legacy)
2005-04-24 11:00:00,2005,4,12,16772,68.12,HOEP (Legacy)
2005-04-24 12:00:00,2005,4,13,16575,65.33,HOEP (Legacy)
2005-04-24 13:00:00,2005,4,14,16294,55.71,HOEP (Legacy)
2005-04-24 14:00:00,2005,4,15,16338,61.19,HOEP (Legacy)
2005-04-24 15:00:00,2005,4,16,16712,101.14,HOEP (Legacy)
2005-04-24 16:00:00,2005,4,17,17215,91.38,HOEP (Legacy)
2005-04-24 17:00:00,2005,4,18,16865,98.46,HOEP (Legacy)
2005-04-24 18:00:00,2005,4,19,16833,68.71,HOEP (Legacy)
2005-04-24 19:00:00,2005,4,20,17196,88.28,HOEP (Legacy)
2005-04-24 20:00:00,2005,4,21,17127,89.51,HOEP (Legacy)
2005-04-24 21:00:00,2005,4,22,16334,69.67,HOEP (Legacy)
2005-04-24 22:00:00,2005,4,23,15214,69.92,HOEP (Legacy)
2005-04-24 23:00:00,2005,4,24,14527,54.01,HOEP (Legacy)
2005-04-25 00:00:00,2005,4,1,14286,47.58,HOEP (Legacy)
2005-04-25 01:00:00,2005,4,2,14152,50.38,HOEP (Legacy)
2005-04-25 02:00:00,2005,4,3,13917,56.04,HOEP (Legacy)
2005-04-25 03:00:00,2005,4,4,14091,51.13,HOEP (Legacy)
2005-04-25 04:00:00,2005,4,5,14718,58.56,HOEP (Legacy)
2005-04-25 05:00:00,2005,4,6,16202,51.24,HOEP (Legacy)
2005-04-25 06:00:00,2005,4,7,18052,83.28,HOEP (Legacy)
2005-04-25 07:00:00,2005,4,8,18954,66.0,HOEP (Legacy)
2005-04-25 08:00:00,2005,4,9,19140,67.26,HOEP (Legacy)
2005-04-25 09:00:00,2005,4,10,19336,92.65,HOEP (Legacy)
2005-04-25 10:00:00,2005,4,11,19232,88.51,HOEP (Legacy)
2005-04-25 11:00:00,2005,4,12,19218,91.87,HOEP (Legacy)
2005-04-25 12:00:00,2005,4,13,19207,82.73,HOEP (Legacy)
2005-04-25 13:00:00,2005,4,14,18940,72.91,HOEP (Legacy)
2005-04-25 14:00:00,2005,4,15,18763,59.69,HOEP (Legacy)
2005-04-25 15:00:00,2005,4,16,19107,57.37,HOEP (Legacy)
2005-04-25 16:00:00,2005,4,17,19262,54.62,HOEP (Legacy)
2005-04-25 17:00:00,2005,4,18,18876,55.0,HOEP (Legacy)
2005-04-25 18:00:00,2005,4,19,18603,48.89,HOEP (Legacy)
2005-04-25 19:00:00,2005,4,20,18869,69.12,HOEP (Legacy)
2005-04-25 20:00:00,2005,4,21,18874,69.86,HOEP (Legacy)
2005-04-25 21:00:00,2005,4,22,17358,45.25,HOEP (Legacy)
2005-04-25 22:00:00,2005,4,23,15908,45.71,HOEP (Legacy)
2005-04-25 23:00:00,2005,4,24,14929,38.71,HOEP (Legacy)
2005-04-26 00:00:00,2005,4,1,14458,38.91,HOEP (Legacy)
2005-04-26 01:00:00,2005,4,2,14227,37.24,HOEP (Legacy)
2005-04-26 02:00:00,2005,4,3,14072,34.74,HOEP (Legacy)
2005-04-26 03:00:00,2005,4,4,14135,35.89,HOEP (Legacy)
2005-04-26 04:00:00,2005,4,5,14684,37.4,HOEP (Legacy)
2005-04-26 05:00:00,2005,4,6,16037,55.77,HOEP (Legacy)
2005-04-26 06:00:00,2005,4,7,17531,68.25,HOEP (Legacy)
2005-04-26 07:00:00,2005,4,8,18432,81.63,HOEP (Legacy)
2005-04-26 08:00:00,2005,4,9,18544,86.38,HOEP (Legacy)
2005-04-26 09:00:00,2005,4,10,18630,66.31,HOEP (Legacy)
2005-04-26 10:00:00,2005,4,11,18623,63.12,HOEP (Legacy)
2005-04-26 11:00:00,2005,4,12,18525,60.01,HOEP (Legacy)
2005-04-26 12:00:00,2005,4,13,18501,72.9,HOEP (Legacy)
2005-04-26 13:00:00,2005,4,14,18420,80.5,HOEP (Legacy)
2005-04-26 14:00:00,2005,4,15,18226,57.46,HOEP (Legacy)
2005-04-26 15:00:00,2005,4,16,18468,81.21,HOEP (Legacy)
2005-04-26 16:00:00,2005,4,17,18539,89.23,HOEP (Legacy)
2005-04-26 17:00:00,2005,4,18,18328,73.75,HOEP (Legacy)
2005-04-26 18:00:00,2005,4,19,18303,53.55,HOEP (Legacy)
2005-04-26 19:00:00,2005,4,20,18686,81.63,HOEP (Legacy)
2005-04-26 20:00:00,2005,4,21,18108,49.86,HOEP (Legacy)
2005-04-26 21:00:00,2005,4,22,16992,41.2,HOEP (Legacy)
2005-04-26 22:00:00,2005,4,23,15541,48.5,HOEP (Legacy)
2005-04-26 23:00:00,2005,4,24,14621,40.66,HOEP (Legacy)
2005-04-27 00:00:00,2005,4,1,14155,41.25,HOEP (Legacy)
2005-04-27 01:00:00,2005,4,2,14025,41.13,HOEP (Legacy)
2005-04-27 02:00:00,2005,4,3,13878,40.75,HOEP (Legacy)
2005-04-27 03:00:00,2005,4,4,13931,40.23,HOEP (Legacy)
2005-04-27 04:00:00,2005,4,5,14352,44.57,HOEP (Legacy)
2005-04-27 05:00:00,2005,4,6,15705,48.87,HOEP (Legacy)
2005-04-27 06:00:00,2005,4,7,17191,52.17,HOEP (Legacy)
2005-04-27 07:00:00,2005,4,8,18193,55.07,HOEP (Legacy)
2005-04-27 08:00:00,2005,4,9,18273,54.12,HOEP (Legacy)
2005-04-27 09:00:00,2005,4,10,18579,56.78,HOEP (Legacy)
2005-04-27 10:00:00,2005,4,11,18637,80.15,HOEP (Legacy)
2005-04-27 11:00:00,2005,4,12,18359,54.09,HOEP (Legacy)
2005-04-27 12:00:00,2005,4,13,18337,84.8,HOEP (Legacy)
2005-04-27 13:00:00,2005,4,14,18175,69.1,HOEP (Legacy)
2005-04-27 14:00:00,2005,4,15,18009,55.49,HOEP (Legacy)
2005-04-27 15:00:00,2005,4,16,18126,64.82,HOEP (Legacy)
2005-04-27 16:00:00,2005,4,17,18135,57.13,HOEP (Legacy)
2005-04-27 17:00:00,2005,4,18,17826,50.26,HOEP (Legacy)
2005-04-27 18:00:00,2005,4,19,17636,42.23,HOEP (Legacy)
2005-04-27 19:00:00,2005,4,20,18209,74.61,HOEP (Legacy)
2005-04-27 20:00:00,2005,4,21,18217,71.42,HOEP (Legacy)
2005-04-27 21:00:00,2005,4,22,16987,45.56,HOEP (Legacy)
2005-04-27 22:00:00,2005,4,23,15670,40.67,HOEP (Legacy)
2005-04-27 23:00:00,2005,4,24,14486,40.61,HOEP (Legacy)
2005-04-28 00:00:00,2005,4,1,14026,41.77,HOEP (Legacy)
2005-04-28 01:00:00,2005,4,2,13749,40.47,HOEP (Legacy)
2005-04-28 02:00:00,2005,4,3,13660,38.47,HOEP (Legacy)
2005-04-28 03:00:00,2005,4,4,13899,37.41,HOEP (Legacy)
2005-04-28 04:00:00,2005,4,5,14478,40.94,HOEP (Legacy)
2005-04-28 05:00:00,2005,4,6,15499,54.69,HOEP (Legacy)
2005-04-28 06:00:00,2005,4,7,17191,60.05,HOEP (Legacy)
2005-04-28 07:00:00,2005,4,8,18153,88.04,HOEP (Legacy)
2005-04-28 08:00:00,2005,4,9,18253,83.56,HOEP (Legacy)
2005-04-28 09:00:00,2005,4,10,18302,91.25,HOEP (Legacy)
2005-04-28 10:00:00,2005,4,11,18399,86.64,HOEP (Legacy)
2005-04-28 11:00:00,2005,4,12,18309,57.54,HOEP (Legacy)
2005-04-28 12:00:00,2005,4,13,18107,76.54,HOEP (Legacy)
2005-04-28 13:00:00,2005,4,14,17964,56.46,HOEP (Legacy)
2005-04-28 14:00:00,2005,4,15,17819,55.73,HOEP (Legacy)
2005-04-28 15:00:00,2005,4,16,18024,78.67,HOEP (Legacy)
2005-04-28 16:00:00,2005,4,17,18117,76.25,HOEP (Legacy)
2005-04-28 17:00:00,2005,4,18,17941,56.32,HOEP (Legacy)
2005-04-28 18:00:00,2005,4,19,17938,50.48,HOEP (Legacy)
2005-04-28 19:00:00,2005,4,20,18397,76.89,HOEP (Legacy)
2005-04-28 20:00:00,2005,4,21,18231,63.62,HOEP (Legacy)
2005-04-28 21:00:00,2005,4,22,17088,49.09,HOEP (Legacy)
2005-04-28 22:00:00,2005,4,23,15698,44.44,HOEP (Legacy)
2005-04-28 23:00:00,2005,4,24,14648,40.45,HOEP (Legacy)
2005-04-29 00:00:00,2005,4,1,14078,36.57,HOEP (Legacy)
2005-04-29 01:00:00,2005,4,2,13896,38.33,HOEP (Legacy)
2005-04-29 02:00:00,2005,4,3,13822,36.85,HOEP (Legacy)
2005-04-29 03:00:00,2005,4,4,13921,36.93,HOEP (Legacy)
2005-04-29 04:00:00,2005,4,5,14476,39.34,HOEP (Legacy)
2005-04-29 05:00:00,2005,4,6,15711,49.13,HOEP (Legacy)
2005-04-29 06:00:00,2005,4,7,17403,48.2,HOEP (Legacy)
2005-04-29 07:00:00,2005,4,8,17983,65.84,HOEP (Legacy)
2005-04-29 08:00:00,2005,4,9,18176,64.2,HOEP (Legacy)
2005-04-29 09:00:00,2005,4,10,18175,73.75,HOEP (Legacy)
2005-04-29 10:00:00,2005,4,11,18114,67.56,HOEP (Legacy)
2005-04-29 11:00:00,2005,4,12,17993,60.72,HOEP (Legacy)
2005-04-29 12:00:00,2005,4,13,17831,88.85,HOEP (Legacy)
2005-04-29 13:00:00,2005,4,14,17606,72.17,HOEP (Legacy)
2005-04-29 14:00:00,2005,4,15,17422,87.51,HOEP (Legacy)
2005-04-29 15:00:00,2005,4,16,17396,67.05,HOEP (Legacy)
2005-04-29 16:00:00,2005,4,17,17158,43.01,HOEP (Legacy)
2005-04-29 17:00:00,2005,4,18,16924,42.41,HOEP (Legacy)
2005-04-29 18:00:00,2005,4,19,16898,40.47,HOEP (Legacy)
2005-04-29 19:00:00,2005,4,20,17290,58.43,HOEP (Legacy)
2005-04-29 20:00:00,2005,4,21,17482,65.76,HOEP (Legacy)
2005-04-29 21:00:00,2005,4,22,16544,42.24,HOEP (Legacy)
2005-04-29 22:00:00,2005,4,23,15159,45.74,HOEP (Legacy)
2005-04-29 23:00:00,2005,4,24,14058,40.89,HOEP (Legacy)
2005-04-30 00:00:00,2005,4,1,13513,36.01,HOEP (Legacy)
2005-04-30 01:00:00,2005,4,2,13311,36.81,HOEP (Legacy)
2005-04-30 02:00:00,2005,4,3,13131,36.06,HOEP (Legacy)
2005-04-30 03:00:00,2005,4,4,13143,38.16,HOEP (Legacy)
2005-04-30 04:00:00,2005,4,5,13397,39.09,HOEP (Legacy)
2005-04-30 05:00:00,2005,4,6,13853,38.6,HOEP (Legacy)
2005-04-30 06:00:00,2005,4,7,14527,40.08,HOEP (Legacy)
2005-04-30 07:00:00,2005,4,8,15642,41.87,HOEP (Legacy)
2005-04-30 08:00:00,2005,4,9,16531,42.06,HOEP (Legacy)
2005-04-30 09:00:00,2005,4,10,16771,49.82,HOEP (Legacy)
2005-04-30 10:00:00,2005,4,11,17034,46.97,HOEP (Legacy)
2005-04-30 11:00:00,2005,4,12,17052,67.5,HOEP (Legacy)
2005-04-30 12:00:00,2005,4,13,16747,44.39,HOEP (Legacy)
2005-04-30 13:00:00,2005,4,14,16310,52.12,HOEP (Legacy)
2005-04-30 14:00:00,2005,4,15,16205,77.17,HOEP (Legacy)
2005-04-30 15:00:00,2005,4,16,16525,87.08,HOEP (Legacy)
2005-04-30 16:00:00,2005,4,17,16624,50.2,HOEP (Legacy)
2005-04-30 17:00:00,2005,4,18,16396,50.96,HOEP (Legacy)
2005-04-30 18:00:00,2005,4,19,16198,44.23,HOEP (Legacy)
2005-04-30 19:00:00,2005,4,20,16242,53.34,HOEP (Legacy)
2005-04-30 20:00:00,2005,4,21,16114,60.1,HOEP (Legacy)
2005-04-30 21:00:00,2005,4,22,15520,42.95,HOEP (Legacy)
2005-04-30 22:00:00,2005,4,23,14618,36.79,HOEP (Legacy)
2005-04-30 23:00:00,2005,4,24,13677,35.29,HOEP (Legacy)
2005-05-01 00:00:00,2005,5,1,13338,37.72,HOEP (Legacy)
2005-05-01 01:00:00,2005,5,2,12982,34.34,HOEP (Legacy)
2005-05-01 02:00:00,2005,5,3,12778,32.15,HOEP (Legacy)
2005-05-01 03:00:00,2005,5,4,12748,33.17,HOEP (Legacy)
2005-05-01 04:00:00,2005,5,5,12922,36.19,HOEP (Legacy)
2005-05-01 05:00:00,2005,5,6,13017,33.7,HOEP (Legacy)
2005-05-01 06:00:00,2005,5,7,13536,34.08,HOEP (Legacy)
2005-05-01 07:00:00,2005,5,8,14411,39.25,HOEP (Legacy)
2005-05-01 08:00:00,2005,5,9,15151,40.29,HOEP (Legacy)
2005-05-01 09:00:00,2005,5,10,15366,41.48,HOEP (Legacy)
2005-05-01 10:00:00,2005,5,11,15618,42.18,HOEP (Legacy)
2005-05-01 11:00:00,2005,5,12,15619,41.45,HOEP (Legacy)
2005-05-01 12:00:00,2005,5,13,15408,41.68,HOEP (Legacy)
2005-05-01 13:00:00,2005,5,14,15267,41.62,HOEP (Legacy)
2005-05-01 14:00:00,2005,5,15,15282,41.94,HOEP (Legacy)
2005-05-01 15:00:00,2005,5,16,15441,39.96,HOEP (Legacy)
2005-05-01 16:00:00,2005,5,17,15471,40.08,HOEP (Legacy)
2005-05-01 17:00:00,2005,5,18,15347,39.85,HOEP (Legacy)
2005-05-01 18:00:00,2005,5,19,15482,40.38,HOEP (Legacy)
2005-05-01 19:00:00,2005,5,20,16151,154.77,HOEP (Legacy)
2005-05-01 20:00:00,2005,5,21,16488,240.32,HOEP (Legacy)
2005-05-01 21:00:00,2005,5,22,15654,65.77,HOEP (Legacy)
2005-05-01 22:00:00,2005,5,23,14547,37.73,HOEP (Legacy)
2005-05-01 23:00:00,2005,5,24,13869,35.84,HOEP (Legacy)
2005-05-02 00:00:00,2005,5,1,13467,35.5,HOEP (Legacy)
2005-05-02 01:00:00,2005,5,2,13369,35.43,HOEP (Legacy)
2005-05-02 02:00:00,2005,5,3,13382,36.07,HOEP (Legacy)
2005-05-02 03:00:00,2005,5,4,13543,35.76,HOEP (Legacy)
2005-05-02 04:00:00,2005,5,5,14178,41.96,HOEP (Legacy)
2005-05-02 05:00:00,2005,5,6,15558,44.91,HOEP (Legacy)
2005-05-02 06:00:00,2005,5,7,17237,107.92,HOEP (Legacy)
2005-05-02 07:00:00,2005,5,8,18208,76.2,HOEP (Legacy)
2005-05-02 08:00:00,2005,5,9,18260,52.63,HOEP (Legacy)
2005-05-02 09:00:00,2005,5,10,18267,78.36,HOEP (Legacy)
2005-05-02 10:00:00,2005,5,11,18341,113.27,HOEP (Legacy)
2005-05-02 11:00:00,2005,5,12,18272,79.29,HOEP (Legacy)
2005-05-02 12:00:00,2005,5,13,18141,75.27,HOEP (Legacy)
2005-05-02 13:00:00,2005,5,14,17997,83.45,HOEP (Legacy)
2005-05-02 14:00:00,2005,5,15,17960,83.87,HOEP (Legacy)
2005-05-02 15:00:00,2005,5,16,18256,76.78,HOEP (Legacy)
2005-05-02 16:00:00,2005,5,17,18078,41.33,HOEP (Legacy)
2005-05-02 17:00:00,2005,5,18,17868,38.81,HOEP (Legacy)
2005-05-02 18:00:00,2005,5,19,17859,40.04,HOEP (Legacy)
2005-05-02 19:00:00,2005,5,20,18323,62.97,HOEP (Legacy)
2005-05-02 20:00:00,2005,5,21,18320,60.51,HOEP (Legacy)
2005-05-02 21:00:00,2005,5,22,16936,39.07,HOEP (Legacy)
2005-05-02 22:00:00,2005,5,23,15430,35.14,HOEP (Legacy)
2005-05-02 23:00:00,2005,5,24,14399,31.3,HOEP (Legacy)
2005-05-03 00:00:00,2005,5,1,14026,40.67,HOEP (Legacy)
2005-05-03 01:00:00,2005,5,2,13900,33.21,HOEP (Legacy)
2005-05-03 02:00:00,2005,5,3,13950,33.59,HOEP (Legacy)
2005-05-03 03:00:00,2005,5,4,13797,33.13,HOEP (Legacy)
2005-05-03 04:00:00,2005,5,5,14428,38.83,HOEP (Legacy)
2005-05-03 05:00:00,2005,5,6,15575,43.89,HOEP (Legacy)
2005-05-03 06:00:00,2005,5,7,17163,51.06,HOEP (Legacy)
2005-05-03 07:00:00,2005,5,8,18000,47.59,HOEP (Legacy)
2005-05-03 08:00:00,2005,5,9,18107,45.2,HOEP (Legacy)
2005-05-03 09:00:00,2005,5,10,18246,64.72,HOEP (Legacy)
2005-05-03 10:00:00,2005,5,11,18266,42.24,HOEP (Legacy)
2005-05-03 11:00:00,2005,5,12,18065,42.2,HOEP (Legacy)
2005-05-03 12:00:00,2005,5,13,18200,54.48,HOEP (Legacy)
2005-05-03 13:00:00,2005,5,14,18126,48.96,HOEP (Legacy)
2005-05-03 14:00:00,2005,5,15,17958,42.21,HOEP (Legacy)
2005-05-03 15:00:00,2005,5,16,18259,47.67,HOEP (Legacy)
2005-05-03 16:00:00,2005,5,17,18251,51.36,HOEP (Legacy)
2005-05-03 17:00:00,2005,5,18,17987,46.24,HOEP (Legacy)
2005-05-03 18:00:00,2005,5,19,17814,42.72,HOEP (Legacy)
2005-05-03 19:00:00,2005,5,20,18104,45.29,HOEP (Legacy)
2005-05-03 20:00:00,2005,5,21,18001,45.32,HOEP (Legacy)
2005-05-03 21:00:00,2005,5,22,17019,42.03,HOEP (Legacy)
2005-05-03 22:00:00,2005,5,23,15531,41.71,HOEP (Legacy)
2005-05-03 23:00:00,2005,5,24,14493,36.12,HOEP (Legacy)
2005-05-04 00:00:00,2005,5,1,14079,39.86,HOEP (Legacy)
2005-05-04 01:00:00,2005,5,2,13954,34.46,HOEP (Legacy)
2005-05-04 02:00:00,2005,5,3,13828,31.81,HOEP (Legacy)
2005-05-04 03:00:00,2005,5,4,13880,34.13,HOEP (Legacy)
2005-05-04 04:00:00,2005,5,5,14473,39.89,HOEP (Legacy)
2005-05-04 05:00:00,2005,5,6,15579,43.31,HOEP (Legacy)
2005-05-04 06:00:00,2005,5,7,17219,62.04,HOEP (Legacy)
2005-05-04 07:00:00,2005,5,8,17922,54.19,HOEP (Legacy)
2005-05-04 08:00:00,2005,5,9,17951,73.96,HOEP (Legacy)
2005-05-04 09:00:00,2005,5,10,17962,45.27,HOEP (Legacy)
2005-05-04 10:00:00,2005,5,11,17837,52.55,HOEP (Legacy)
2005-05-04 11:00:00,2005,5,12,17873,90.51,HOEP (Legacy)
2005-05-04 12:00:00,2005,5,13,17821,50.21,HOEP (Legacy)
2005-05-04 13:00:00,2005,5,14,17645,84.43,HOEP (Legacy)
2005-05-04 14:00:00,2005,5,15,17598,87.16,HOEP (Legacy)
2005-05-04 15:00:00,2005,5,16,17723,82.69,HOEP (Legacy)
2005-05-04 16:00:00,2005,5,17,17804,43.14,HOEP (Legacy)
2005-05-04 17:00:00,2005,5,18,17513,43.36,HOEP (Legacy)
2005-05-04 18:00:00,2005,5,19,17243,42.97,HOEP (Legacy)
2005-05-04 19:00:00,2005,5,20,17600,53.69,HOEP (Legacy)
2005-05-04 20:00:00,2005,5,21,18007,44.8,HOEP (Legacy)
2005-05-04 21:00:00,2005,5,22,16801,42.66,HOEP (Legacy)
2005-05-04 22:00:00,2005,5,23,15278,36.21,HOEP (Legacy)
2005-05-04 23:00:00,2005,5,24,14189,33.52,HOEP (Legacy)
2005-05-05 00:00:00,2005,5,1,13835,34.75,HOEP (Legacy)
2005-05-05 01:00:00,2005,5,2,13738,34.47,HOEP (Legacy)
2005-05-05 02:00:00,2005,5,3,13580,35.27,HOEP (Legacy)
2005-05-05 03:00:00,2005,5,4,13695,35.6,HOEP (Legacy)
2005-05-05 04:00:00,2005,5,5,14285,38.78,HOEP (Legacy)
2005-05-05 05:00:00,2005,5,6,15397,43.01,HOEP (Legacy)
2005-05-05 06:00:00,2005,5,7,17129,72.84,HOEP (Legacy)
2005-05-05 07:00:00,2005,5,8,17773,43.8,HOEP (Legacy)
2005-05-05 08:00:00,2005,5,9,17776,45.44,HOEP (Legacy)
2005-05-05 09:00:00,2005,5,10,17654,43.33,HOEP (Legacy)
2005-05-05 10:00:00,2005,5,11,17667,46.27,HOEP (Legacy)
2005-05-05 11:00:00,2005,5,12,17505,42.59,HOEP (Legacy)
2005-05-05 12:00:00,2005,5,13,17435,51.02,HOEP (Legacy)
2005-05-05 13:00:00,2005,5,14,17297,42.47,HOEP (Legacy)
2005-05-05 14:00:00,2005,5,15,17227,45.59,HOEP (Legacy)
2005-05-05 15:00:00,2005,5,16,17345,52.47,HOEP (Legacy)
2005-05-05 16:00:00,2005,5,17,17217,42.47,HOEP (Legacy)
2005-05-05 17:00:00,2005,5,18,16898,39.3,HOEP (Legacy)
2005-05-05 18:00:00,2005,5,19,16638,40.38,HOEP (Legacy)
2005-05-05 19:00:00,2005,5,20,16998,57.31,HOEP (Legacy)
2005-05-05 20:00:00,2005,5,21,17502,59.86,HOEP (Legacy)
2005-05-05 21:00:00,2005,5,22,16684,47.44,HOEP (Legacy)
2005-05-05 22:00:00,2005,5,23,15074,41.22,HOEP (Legacy)
2005-05-05 23:00:00,2005,5,24,14103,39.48,HOEP (Legacy)
2005-05-06 00:00:00,2005,5,1,13701,39.76,HOEP (Legacy)
2005-05-06 01:00:00,2005,5,2,13504,39.56,HOEP (Legacy)
2005-05-06 02:00:00,2005,5,3,13433,35.78,HOEP (Legacy)
2005-05-06 03:00:00,2005,5,4,13480,35.51,HOEP (Legacy)
2005-05-06 04:00:00,2005,5,5,13978,39.43,HOEP (Legacy)
2005-05-06 05:00:00,2005,5,6,15143,43.13,HOEP (Legacy)
2005-05-06 06:00:00,2005,5,7,16692,47.29,HOEP (Legacy)
2005-05-06 07:00:00,2005,5,8,17510,48.64,HOEP (Legacy)
2005-05-06 08:00:00,2005,5,9,17718,64.15,HOEP (Legacy)
2005-05-06 09:00:00,2005,5,10,17979,65.65,HOEP (Legacy)
2005-05-06 10:00:00,2005,5,11,17991,62.7,HOEP (Legacy)
2005-05-06 11:00:00,2005,5,12,17835,78.51,HOEP (Legacy)
2005-05-06 12:00:00,2005,5,13,17713,65.06,HOEP (Legacy)
2005-05-06 13:00:00,2005,5,14,17549,79.24,HOEP (Legacy)
2005-05-06 14:00:00,2005,5,15,17357,77.8,HOEP (Legacy)
2005-05-06 15:00:00,2005,5,16,17289,82.58,HOEP (Legacy)
2005-05-06 16:00:00,2005,5,17,17066,64.37,HOEP (Legacy)
2005-05-06 17:00:00,2005,5,18,16748,45.33,HOEP (Legacy)
2005-05-06 18:00:00,2005,5,19,16446,42.9,HOEP (Legacy)
2005-05-06 19:00:00,2005,5,20,16663,55.74,HOEP (Legacy)
2005-05-06 20:00:00,2005,5,21,17113,49.18,HOEP (Legacy)
2005-05-06 21:00:00,2005,5,22,16096,70.2,HOEP (Legacy)
2005-05-06 22:00:00,2005,5,23,14654,55.86,HOEP (Legacy)
2005-05-06 23:00:00,2005,5,24,13471,40.92,HOEP (Legacy)
2005-05-07 00:00:00,2005,5,1,12934,41.74,HOEP (Legacy)
2005-05-07 01:00:00,2005,5,2,12647,40.18,HOEP (Legacy)
2005-05-07 02:00:00,2005,5,3,12511,41.58,HOEP (Legacy)
2005-05-07 03:00:00,2005,5,4,12487,40.22,HOEP (Legacy)
2005-05-07 04:00:00,2005,5,5,12693,42.04,HOEP (Legacy)
2005-05-07 05:00:00,2005,5,6,12967,44.04,HOEP (Legacy)
2005-05-07 06:00:00,2005,5,7,14026,48.61,HOEP (Legacy)
2005-05-07 07:00:00,2005,5,8,15009,60.7,HOEP (Legacy)
2005-05-07 08:00:00,2005,5,9,15493,98.4,HOEP (Legacy)
2005-05-07 09:00:00,2005,5,10,15724,45.09,HOEP (Legacy)
2005-05-07 10:00:00,2005,5,11,15841,44.33,HOEP (Legacy)
2005-05-07 11:00:00,2005,5,12,15770,44.47,HOEP (Legacy)
2005-05-07 12:00:00,2005,5,13,15503,58.09,HOEP (Legacy)
2005-05-07 13:00:00,2005,5,14,15295,62.68,HOEP (Legacy)
2005-05-07 14:00:00,2005,5,15,15038,63.19,HOEP (Legacy)
2005-05-07 15:00:00,2005,5,16,15168,64.37,HOEP (Legacy)
2005-05-07 16:00:00,2005,5,17,15162,43.21,HOEP (Legacy)
2005-05-07 17:00:00,2005,5,18,15004,41.74,HOEP (Legacy)
2005-05-07 18:00:00,2005,5,19,14708,40.88,HOEP (Legacy)
2005-05-07 19:00:00,2005,5,20,14976,49.81,HOEP (Legacy)
2005-05-07 20:00:00,2005,5,21,15519,47.93,HOEP (Legacy)
2005-05-07 21:00:00,2005,5,22,14903,42.08,HOEP (Legacy)
2005-05-07 22:00:00,2005,5,23,13862,40.78,HOEP (Legacy)
2005-05-07 23:00:00,2005,5,24,13114,41.6,HOEP (Legacy)
2005-05-08 00:00:00,2005,5,1,12555,37.3,HOEP (Legacy)
2005-05-08 01:00:00,2005,5,2,12346,37.26,HOEP (Legacy)
2005-05-08 02:00:00,2005,5,3,12222,35.25,HOEP (Legacy)
2005-05-08 03:00:00,2005,5,4,12111,39.81,HOEP (Legacy)
2005-05-08 04:00:00,2005,5,5,12186,37.51,HOEP (Legacy)
2005-05-08 05:00:00,2005,5,6,12177,35.16,HOEP (Legacy)
2005-05-08 06:00:00,2005,5,7,12648,36.44,HOEP (Legacy)
2005-05-08 07:00:00,2005,5,8,13743,41.82,HOEP (Legacy)
2005-05-08 08:00:00,2005,5,9,14519,42.52,HOEP (Legacy)
2005-05-08 09:00:00,2005,5,10,14775,41.74,HOEP (Legacy)
2005-05-08 10:00:00,2005,5,11,14926,43.35,HOEP (Legacy)
2005-05-08 11:00:00,2005,5,12,14912,44.35,HOEP (Legacy)
2005-05-08 12:00:00,2005,5,13,14685,43.43,HOEP (Legacy)
2005-05-08 13:00:00,2005,5,14,14506,44.26,HOEP (Legacy)
2005-05-08 14:00:00,2005,5,15,14510,43.63,HOEP (Legacy)
2005-05-08 15:00:00,2005,5,16,14773,47.91,HOEP (Legacy)
2005-05-08 16:00:00,2005,5,17,14852,66.46,HOEP (Legacy)
2005-05-08 17:00:00,2005,5,18,14766,44.1,HOEP (Legacy)
2005-05-08 18:00:00,2005,5,19,14739,41.89,HOEP (Legacy)
2005-05-08 19:00:00,2005,5,20,15317,45.35,HOEP (Legacy)
2005-05-08 20:00:00,2005,5,21,16037,63.0,HOEP (Legacy)
2005-05-08 21:00:00,2005,5,22,15209,43.64,HOEP (Legacy)
2005-05-08 22:00:00,2005,5,23,14011,41.25,HOEP (Legacy)
2005-05-08 23:00:00,2005,5,24,13210,41.26,HOEP (Legacy)
2005-05-09 00:00:00,2005,5,1,12824,40.94,HOEP (Legacy)
2005-05-09 01:00:00,2005,5,2,12568,41.55,HOEP (Legacy)
2005-05-09 02:00:00,2005,5,3,12571,37.36,HOEP (Legacy)
2005-05-09 03:00:00,2005,5,4,12697,40.35,HOEP (Legacy)
2005-05-09 04:00:00,2005,5,5,13216,40.1,HOEP (Legacy)
2005-05-09 05:00:00,2005,5,6,14195,41.81,HOEP (Legacy)
2005-05-09 06:00:00,2005,5,7,16091,57.33,HOEP (Legacy)
2005-05-09 07:00:00,2005,5,8,17124,76.51,HOEP (Legacy)
2005-05-09 08:00:00,2005,5,9,17544,70.74,HOEP (Legacy)
2005-05-09 09:00:00,2005,5,10,17959,93.56,HOEP (Legacy)
2005-05-09 10:00:00,2005,5,11,18046,151.35,HOEP (Legacy)
2005-05-09 11:00:00,2005,5,12,18001,77.58,HOEP (Legacy)
2005-05-09 12:00:00,2005,5,13,17995,102.61,HOEP (Legacy)
2005-05-09 13:00:00,2005,5,14,18019,95.86,HOEP (Legacy)
2005-05-09 14:00:00,2005,5,15,18163,84.14,HOEP (Legacy)
2005-05-09 15:00:00,2005,5,16,18220,82.84,HOEP (Legacy)
2005-05-09 16:00:00,2005,5,17,18025,79.64,HOEP (Legacy)
2005-05-09 17:00:00,2005,5,18,17617,75.56,HOEP (Legacy)
2005-05-09 18:00:00,2005,5,19,17258,62.91,HOEP (Legacy)
2005-05-09 19:00:00,2005,5,20,17678,81.67,HOEP (Legacy)
2005-05-09 20:00:00,2005,5,21,17881,71.39,HOEP (Legacy)
2005-05-09 21:00:00,2005,5,22,16492,50.41,HOEP (Legacy)
2005-05-09 22:00:00,2005,5,23,14708,42.86,HOEP (Legacy)
2005-05-09 23:00:00,2005,5,24,13694,42.16,HOEP (Legacy)
2005-05-10 00:00:00,2005,5,1,13235,41.36,HOEP (Legacy)
2005-05-10 01:00:00,2005,5,2,13047,41.81,HOEP (Legacy)
2005-05-10 02:00:00,2005,5,3,12848,38.85,HOEP (Legacy)
2005-05-10 03:00:00,2005,5,4,12915,40.26,HOEP (Legacy)
2005-05-10 04:00:00,2005,5,5,13400,41.54,HOEP (Legacy)
2005-05-10 05:00:00,2005,5,6,14377,49.39,HOEP (Legacy)
2005-05-10 06:00:00,2005,5,7,16266,63.35,HOEP (Legacy)
2005-05-10 07:00:00,2005,5,8,17324,84.27,HOEP (Legacy)
2005-05-10 08:00:00,2005,5,9,17507,56.78,HOEP (Legacy)
2005-05-10 09:00:00,2005,5,10,17974,64.11,HOEP (Legacy)
2005-05-10 10:00:00,2005,5,11,18186,93.28,HOEP (Legacy)
2005-05-10 11:00:00,2005,5,12,18136,87.21,HOEP (Legacy)
2005-05-10 12:00:00,2005,5,13,18265,99.75,HOEP (Legacy)
2005-05-10 13:00:00,2005,5,14,18300,97.75,HOEP (Legacy)
2005-05-10 14:00:00,2005,5,15,18178,81.22,HOEP (Legacy)
2005-05-10 15:00:00,2005,5,16,18480,81.89,HOEP (Legacy)
2005-05-10 16:00:00,2005,5,17,18408,80.8,HOEP (Legacy)
2005-05-10 17:00:00,2005,5,18,17865,67.2,HOEP (Legacy)
2005-05-10 18:00:00,2005,5,19,17503,60.15,HOEP (Legacy)
2005-05-10 19:00:00,2005,5,20,17676,57.79,HOEP (Legacy)
2005-05-10 20:00:00,2005,5,21,17925,65.76,HOEP (Legacy)
2005-05-10 21:00:00,2005,5,22,16663,51.36,HOEP (Legacy)
2005-05-10 22:00:00,2005,5,23,14985,41.88,HOEP (Legacy)
2005-05-10 23:00:00,2005,5,24,13832,41.3,HOEP (Legacy)
2005-05-11 00:00:00,2005,5,1,13316,38.09,HOEP (Legacy)
2005-05-11 01:00:00,2005,5,2,13251,35.91,HOEP (Legacy)
2005-05-11 02:00:00,2005,5,3,13077,35.91,HOEP (Legacy)
2005-05-11 03:00:00,2005,5,4,13071,36.1,HOEP (Legacy)
2005-05-11 04:00:00,2005,5,5,13601,40.71,HOEP (Legacy)
2005-05-11 05:00:00,2005,5,6,14502,42.44,HOEP (Legacy)
2005-05-11 06:00:00,2005,5,7,16464,72.73,HOEP (Legacy)
2005-05-11 07:00:00,2005,5,8,17714,73.74,HOEP (Legacy)
2005-05-11 08:00:00,2005,5,9,18039,148.91,HOEP (Legacy)
2005-05-11 09:00:00,2005,5,10,18410,142.13,HOEP (Legacy)
2005-05-11 10:00:00,2005,5,11,18524,108.58,HOEP (Legacy)
2005-05-11 11:00:00,2005,5,12,18498,106.64,HOEP (Legacy)
2005-05-11 12:00:00,2005,5,13,18623,92.64,HOEP (Legacy)
2005-05-11 13:00:00,2005,5,14,18596,105.68,HOEP (Legacy)
2005-05-11 14:00:00,2005,5,15,18362,78.0,HOEP (Legacy)
2005-05-11 15:00:00,2005,5,16,18328,72.44,HOEP (Legacy)
2005-05-11 16:00:00,2005,5,17,18055,61.93,HOEP (Legacy)
2005-05-11 17:00:00,2005,5,18,17603,42.44,HOEP (Legacy)
2005-05-11 18:00:00,2005,5,19,17274,42.84,HOEP (Legacy)
2005-05-11 19:00:00,2005,5,20,17649,58.2,HOEP (Legacy)
2005-05-11 20:00:00,2005,5,21,17750,57.44,HOEP (Legacy)
2005-05-11 21:00:00,2005,5,22,16635,52.09,HOEP (Legacy)
2005-05-11 22:00:00,2005,5,23,14981,41.52,HOEP (Legacy)
2005-05-11 23:00:00,2005,5,24,13966,38.91,HOEP (Legacy)
2005-05-12 00:00:00,2005,5,1,13553,38.14,HOEP (Legacy)
2005-05-12 01:00:00,2005,5,2,13507,36.87,HOEP (Legacy)
2005-05-12 02:00:00,2005,5,3,13298,35.19,HOEP (Legacy)
2005-05-12 03:00:00,2005,5,4,13485,37.64,HOEP (Legacy)
2005-05-12 04:00:00,2005,5,5,13956,42.11,HOEP (Legacy)
2005-05-12 05:00:00,2005,5,6,14986,44.75,HOEP (Legacy)
2005-05-12 06:00:00,2005,5,7,16803,49.04,HOEP (Legacy)
2005-05-12 07:00:00,2005,5,8,17721,56.29,HOEP (Legacy)
2005-05-12 08:00:00,2005,5,9,18021,56.88,HOEP (Legacy)
2005-05-12 09:00:00,2005,5,10,18021,65.31,HOEP (Legacy)
2005-05-12 10:00:00,2005,5,11,18072,65.43,HOEP (Legacy)
2005-05-12 11:00:00,2005,5,12,17902,75.07,HOEP (Legacy)
2005-05-12 12:00:00,2005,5,13,17869,64.77,HOEP (Legacy)
2005-05-12 13:00:00,2005,5,14,17695,60.2,HOEP (Legacy)
2005-05-12 14:00:00,2005,5,15,17444,62.32,HOEP (Legacy)
2005-05-12 15:00:00,2005,5,16,17672,52.42,HOEP (Legacy)
2005-05-12 16:00:00,2005,5,17,17475,64.44,HOEP (Legacy)
2005-05-12 17:00:00,2005,5,18,17136,46.13,HOEP (Legacy)
2005-05-12 18:00:00,2005,5,19,17017,44.09,HOEP (Legacy)
2005-05-12 19:00:00,2005,5,20,17345,47.52,HOEP (Legacy)
2005-05-12 20:00:00,2005,5,21,17763,54.81,HOEP (Legacy)
2005-05-12 21:00:00,2005,5,22,16711,51.78,HOEP (Legacy)
2005-05-12 22:00:00,2005,5,23,15197,41.36,HOEP (Legacy)
2005-05-12 23:00:00,2005,5,24,14161,37.52,HOEP (Legacy)
2005-05-13 00:00:00,2005,5,1,13882,37.22,HOEP (Legacy)
2005-05-13 01:00:00,2005,5,2,13719,36.72,HOEP (Legacy)
2005-05-13 02:00:00,2005,5,3,13586,35.69,HOEP (Legacy)
2005-05-13 03:00:00,2005,5,4,13676,35.56,HOEP (Legacy)
2005-05-13 04:00:00,2005,5,5,14143,39.66,HOEP (Legacy)
2005-05-13 05:00:00,2005,5,6,15211,42.33,HOEP (Legacy)
2005-05-13 06:00:00,2005,5,7,16936,48.17,HOEP (Legacy)
2005-05-13 07:00:00,2005,5,8,17787,52.04,HOEP (Legacy)
2005-05-13 08:00:00,2005,5,9,18000,43.99,HOEP (Legacy)
2005-05-13 09:00:00,2005,5,10,18152,51.63,HOEP (Legacy)
2005-05-13 10:00:00,2005,5,11,18163,69.31,HOEP (Legacy)
2005-05-13 11:00:00,2005,5,12,18007,65.86,HOEP (Legacy)
2005-05-13 12:00:00,2005,5,13,17891,62.25,HOEP (Legacy)
2005-05-13 13:00:00,2005,5,14,17695,66.84,HOEP (Legacy)
2005-05-13 14:00:00,2005,5,15,17569,67.5,HOEP (Legacy)
2005-05-13 15:00:00,2005,5,16,17662,64.03,HOEP (Legacy)
2005-05-13 16:00:00,2005,5,17,17763,60.19,HOEP (Legacy)
2005-05-13 17:00:00,2005,5,18,17605,45.16,HOEP (Legacy)
2005-05-13 18:00:00,2005,5,19,17310,43.29,HOEP (Legacy)
2005-05-13 19:00:00,2005,5,20,17537,84.95,HOEP (Legacy)
2005-05-13 20:00:00,2005,5,21,17596,60.4,HOEP (Legacy)
2005-05-13 21:00:00,2005,5,22,16490,50.27,HOEP (Legacy)
2005-05-13 22:00:00,2005,5,23,15123,42.37,HOEP (Legacy)
2005-05-13 23:00:00,2005,5,24,14168,43.1,HOEP (Legacy)
2005-05-14 00:00:00,2005,5,1,13638,54.11,HOEP (Legacy)
2005-05-14 01:00:00,2005,5,2,13333,43.68,HOEP (Legacy)
2005-05-14 02:00:00,2005,5,3,13036,41.6,HOEP (Legacy)
2005-05-14 03:00:00,2005,5,4,13036,41.32,HOEP (Legacy)
2005-05-14 04:00:00,2005,5,5,13235,42.75,HOEP (Legacy)
2005-05-14 05:00:00,2005,5,6,13524,41.64,HOEP (Legacy)
2005-05-14 06:00:00,2005,5,7,14242,43.52,HOEP (Legacy)
2005-05-14 07:00:00,2005,5,8,15522,50.79,HOEP (Legacy)
2005-05-14 08:00:00,2005,5,9,16157,53.93,HOEP (Legacy)
2005-05-14 09:00:00,2005,5,10,16609,70.01,HOEP (Legacy)
2005-05-14 10:00:00,2005,5,11,16765,97.43,HOEP (Legacy)
2005-05-14 11:00:00,2005,5,12,16603,68.98,HOEP (Legacy)
2005-05-14 12:00:00,2005,5,13,16250,58.72,HOEP (Legacy)
2005-05-14 13:00:00,2005,5,14,15964,59.52,HOEP (Legacy)
2005-05-14 14:00:00,2005,5,15,15734,59.8,HOEP (Legacy)
2005-05-14 15:00:00,2005,5,16,15942,95.94,HOEP (Legacy)
2005-05-14 16:00:00,2005,5,17,16179,86.33,HOEP (Legacy)
2005-05-14 17:00:00,2005,5,18,16103,76.56,HOEP (Legacy)
2005-05-14 18:00:00,2005,5,19,15813,69.89,HOEP (Legacy)
2005-05-14 19:00:00,2005,5,20,15904,48.37,HOEP (Legacy)
2005-05-14 20:00:00,2005,5,21,15924,50.57,HOEP (Legacy)
2005-05-14 21:00:00,2005,5,22,15252,44.23,HOEP (Legacy)
2005-05-14 22:00:00,2005,5,23,13925,36.57,HOEP (Legacy)
2005-05-14 23:00:00,2005,5,24,13331,33.77,HOEP (Legacy)
2005-05-15 00:00:00,2005,5,1,12833,35.97,HOEP (Legacy)
2005-05-15 01:00:00,2005,5,2,12646,35.63,HOEP (Legacy)
2005-05-15 02:00:00,2005,5,3,12346,33.2,HOEP (Legacy)
2005-05-15 03:00:00,2005,5,4,12330,30.83,HOEP (Legacy)
2005-05-15 04:00:00,2005,5,5,12293,31.25,HOEP (Legacy)
2005-05-15 05:00:00,2005,5,6,12325,34.42,HOEP (Legacy)
2005-05-15 06:00:00,2005,5,7,12955,35.56,HOEP (Legacy)
2005-05-15 07:00:00,2005,5,8,14021,41.2,HOEP (Legacy)
2005-05-15 08:00:00,2005,5,9,14957,43.1,HOEP (Legacy)
2005-05-15 09:00:00,2005,5,10,15337,43.09,HOEP (Legacy)
2005-05-15 10:00:00,2005,5,11,15623,50.69,HOEP (Legacy)
2005-05-15 11:00:00,2005,5,12,15694,49.5,HOEP (Legacy)
2005-05-15 12:00:00,2005,5,13,15462,59.8,HOEP (Legacy)
2005-05-15 13:00:00,2005,5,14,15273,59.77,HOEP (Legacy)
2005-05-15 14:00:00,2005,5,15,15211,48.72,HOEP (Legacy)
2005-05-15 15:00:00,2005,5,16,15489,53.96,HOEP (Legacy)
2005-05-15 16:00:00,2005,5,17,15796,102.42,HOEP (Legacy)
2005-05-15 17:00:00,2005,5,18,15719,91.73,HOEP (Legacy)
2005-05-15 18:00:00,2005,5,19,15756,110.73,HOEP (Legacy)
2005-05-15 19:00:00,2005,5,20,16118,54.8,HOEP (Legacy)
2005-05-15 20:00:00,2005,5,21,16216,57.8,HOEP (Legacy)
2005-05-15 21:00:00,2005,5,22,15148,46.28,HOEP (Legacy)
2005-05-15 22:00:00,2005,5,23,14281,39.77,HOEP (Legacy)
2005-05-15 23:00:00,2005,5,24,13541,53.73,HOEP (Legacy)
2005-05-16 00:00:00,2005,5,1,13220,41.82,HOEP (Legacy)
2005-05-16 01:00:00,2005,5,2,13137,43.03,HOEP (Legacy)
2005-05-16 02:00:00,2005,5,3,13004,37.79,HOEP (Legacy)
2005-05-16 03:00:00,2005,5,4,13083,37.81,HOEP (Legacy)
2005-05-16 04:00:00,2005,5,5,13703,39.6,HOEP (Legacy)
2005-05-16 05:00:00,2005,5,6,14924,44.86,HOEP (Legacy)
2005-05-16 06:00:00,2005,5,7,16780,59.03,HOEP (Legacy)
2005-05-16 07:00:00,2005,5,8,17660,66.5,HOEP (Legacy)
2005-05-16 08:00:00,2005,5,9,17904,65.22,HOEP (Legacy)
2005-05-16 09:00:00,2005,5,10,18227,81.95,HOEP (Legacy)
2005-05-16 10:00:00,2005,5,11,18362,66.58,HOEP (Legacy)
2005-05-16 11:00:00,2005,5,12,18160,59.96,HOEP (Legacy)
2005-05-16 12:00:00,2005,5,13,18064,77.51,HOEP (Legacy)
2005-05-16 13:00:00,2005,5,14,17808,77.58,HOEP (Legacy)
2005-05-16 14:00:00,2005,5,15,17849,63.8,HOEP (Legacy)
2005-05-16 15:00:00,2005,5,16,17978,78.7,HOEP (Legacy)
2005-05-16 16:00:00,2005,5,17,18027,77.38,HOEP (Legacy)
2005-05-16 17:00:00,2005,5,18,17690,57.85,HOEP (Legacy)
2005-05-16 18:00:00,2005,5,19,17384,57.47,HOEP (Legacy)
2005-05-16 19:00:00,2005,5,20,17685,58.61,HOEP (Legacy)
2005-05-16 20:00:00,2005,5,21,17991,60.92,HOEP (Legacy)
2005-05-16 21:00:00,2005,5,22,16824,46.81,HOEP (Legacy)
2005-05-16 22:00:00,2005,5,23,15414,48.87,HOEP (Legacy)
2005-05-16 23:00:00,2005,5,24,14258,40.99,HOEP (Legacy)
2005-05-17 00:00:00,2005,5,1,13855,42.35,HOEP (Legacy)
2005-05-17 01:00:00,2005,5,2,13710,42.17,HOEP (Legacy)
2005-05-17 02:00:00,2005,5,3,13533,42.45,HOEP (Legacy)
2005-05-17 03:00:00,2005,5,4,13715,40.15,HOEP (Legacy)
2005-05-17 04:00:00,2005,5,5,14276,43.67,HOEP (Legacy)
2005-05-17 05:00:00,2005,5,6,15428,52.08,HOEP (Legacy)
2005-05-17 06:00:00,2005,5,7,17025,63.58,HOEP (Legacy)
2005-05-17 07:00:00,2005,5,8,18020,70.08,HOEP (Legacy)
2005-05-17 08:00:00,2005,5,9,18196,69.1,HOEP (Legacy)
2005-05-17 09:00:00,2005,5,10,18296,70.98,HOEP (Legacy)
2005-05-17 10:00:00,2005,5,11,18142,62.0,HOEP (Legacy)
2005-05-17 11:00:00,2005,5,12,18082,63.05,HOEP (Legacy)
2005-05-17 12:00:00,2005,5,13,18093,78.49,HOEP (Legacy)
2005-05-17 13:00:00,2005,5,14,17801,74.44,HOEP (Legacy)
2005-05-17 14:00:00,2005,5,15,17763,90.18,HOEP (Legacy)
2005-05-17 15:00:00,2005,5,16,18040,64.47,HOEP (Legacy)
2005-05-17 16:00:00,2005,5,17,17965,68.06,HOEP (Legacy)
2005-05-17 17:00:00,2005,5,18,17607,56.92,HOEP (Legacy)
2005-05-17 18:00:00,2005,5,19,17269,45.14,HOEP (Legacy)
2005-05-17 19:00:00,2005,5,20,17413,49.09,HOEP (Legacy)
2005-05-17 20:00:00,2005,5,21,17810,49.53,HOEP (Legacy)
2005-05-17 21:00:00,2005,5,22,16777,44.07,HOEP (Legacy)
2005-05-17 22:00:00,2005,5,23,15388,42.88,HOEP (Legacy)
2005-05-17 23:00:00,2005,5,24,14384,43.51,HOEP (Legacy)
2005-05-18 00:00:00,2005,5,1,13820,39.25,HOEP (Legacy)
2005-05-18 01:00:00,2005,5,2,13690,38.23,HOEP (Legacy)
2005-05-18 02:00:00,2005,5,3,13493,37.23,HOEP (Legacy)
2005-05-18 03:00:00,2005,5,4,13682,37.21,HOEP (Legacy)
2005-05-18 04:00:00,2005,5,5,14059,37.27,HOEP (Legacy)
2005-05-18 05:00:00,2005,5,6,14984,42.6,HOEP (Legacy)
2005-05-18 06:00:00,2005,5,7,16735,45.43,HOEP (Legacy)
2005-05-18 07:00:00,2005,5,8,17533,44.59,HOEP (Legacy)
2005-05-18 08:00:00,2005,5,9,17645,44.64,HOEP (Legacy)
2005-05-18 09:00:00,2005,5,10,17660,44.42,HOEP (Legacy)
2005-05-18 10:00:00,2005,5,11,17684,45.1,HOEP (Legacy)
2005-05-18 11:00:00,2005,5,12,17657,52.95,HOEP (Legacy)
2005-05-18 12:00:00,2005,5,13,17659,52.4,HOEP (Legacy)
2005-05-18 13:00:00,2005,5,14,17510,69.68,HOEP (Legacy)
2005-05-18 14:00:00,2005,5,15,17535,231.42,HOEP (Legacy)
2005-05-18 15:00:00,2005,5,16,17689,60.98,HOEP (Legacy)
2005-05-18 16:00:00,2005,5,17,17717,62.35,HOEP (Legacy)
2005-05-18 17:00:00,2005,5,18,17167,53.72,HOEP (Legacy)
2005-05-18 18:00:00,2005,5,19,16751,45.29,HOEP (Legacy)
2005-05-18 19:00:00,2005,5,20,17077,54.87,HOEP (Legacy)
2005-05-18 20:00:00,2005,5,21,17643,64.11,HOEP (Legacy)
2005-05-18 21:00:00,2005,5,22,16742,81.75,HOEP (Legacy)
2005-05-18 22:00:00,2005,5,23,15060,42.35,HOEP (Legacy)
2005-05-18 23:00:00,2005,5,24,13929,37.86,HOEP (Legacy)
2005-05-19 00:00:00,2005,5,1,13509,37.17,HOEP (Legacy)
2005-05-19 01:00:00,2005,5,2,13288,34.34,HOEP (Legacy)
2005-05-19 02:00:00,2005,5,3,13152,33.6,HOEP (Legacy)
2005-05-19 03:00:00,2005,5,4,13299,36.41,HOEP (Legacy)
2005-05-19 04:00:00,2005,5,5,13799,37.51,HOEP (Legacy)
2005-05-19 05:00:00,2005,5,6,14856,45.24,HOEP (Legacy)
2005-05-19 06:00:00,2005,5,7,16558,51.55,HOEP (Legacy)
2005-05-19 07:00:00,2005,5,8,17501,76.98,HOEP (Legacy)
2005-05-19 08:00:00,2005,5,9,17672,70.9,HOEP (Legacy)
2005-05-19 09:00:00,2005,5,10,17836,66.37,HOEP (Legacy)
2005-05-19 10:00:00,2005,5,11,17966,68.32,HOEP (Legacy)
2005-05-19 11:00:00,2005,5,12,17736,63.07,HOEP (Legacy)
2005-05-19 12:00:00,2005,5,13,17926,65.17,HOEP (Legacy)
2005-05-19 13:00:00,2005,5,14,17867,66.44,HOEP (Legacy)
2005-05-19 14:00:00,2005,5,15,17953,67.23,HOEP (Legacy)
2005-05-19 15:00:00,2005,5,16,18099,74.29,HOEP (Legacy)
2005-05-19 16:00:00,2005,5,17,17842,70.17,HOEP (Legacy)
2005-05-19 17:00:00,2005,5,18,17429,61.68,HOEP (Legacy)
2005-05-19 18:00:00,2005,5,19,17208,59.39,HOEP (Legacy)
2005-05-19 19:00:00,2005,5,20,17455,66.91,HOEP (Legacy)
2005-05-19 20:00:00,2005,5,21,17747,79.24,HOEP (Legacy)
2005-05-19 21:00:00,2005,5,22,16769,66.24,HOEP (Legacy)
2005-05-19 22:00:00,2005,5,23,15177,41.77,HOEP (Legacy)
2005-05-19 23:00:00,2005,5,24,14088,36.14,HOEP (Legacy)
2005-05-20 00:00:00,2005,5,1,13547,35.85,HOEP (Legacy)
2005-05-20 01:00:00,2005,5,2,13299,36.36,HOEP (Legacy)
2005-05-20 02:00:00,2005,5,3,13072,35.78,HOEP (Legacy)
2005-05-20 03:00:00,2005,5,4,13136,34.25,HOEP (Legacy)
2005-05-20 04:00:00,2005,5,5,13587,36.4,HOEP (Legacy)
2005-05-20 05:00:00,2005,5,6,14681,41.62,HOEP (Legacy)
2005-05-20 06:00:00,2005,5,7,16329,56.1,HOEP (Legacy)
2005-05-20 07:00:00,2005,5,8,17393,64.73,HOEP (Legacy)
2005-05-20 08:00:00,2005,5,9,17657,62.23,HOEP (Legacy)
2005-05-20 09:00:00,2005,5,10,17905,70.23,HOEP (Legacy)
2005-05-20 10:00:00,2005,5,11,17878,69.54,HOEP (Legacy)
2005-05-20 11:00:00,2005,5,12,17844,69.97,HOEP (Legacy)
2005-05-20 12:00:00,2005,5,13,17780,71.09,HOEP (Legacy)
2005-05-20 13:00:00,2005,5,14,17579,79.48,HOEP (Legacy)
2005-05-20 14:00:00,2005,5,15,17457,68.75,HOEP (Legacy)
2005-05-20 15:00:00,2005,5,16,17441,66.16,HOEP (Legacy)
2005-05-20 16:00:00,2005,5,17,17265,64.52,HOEP (Legacy)
2005-05-20 17:00:00,2005,5,18,16882,60.49,HOEP (Legacy)
2005-05-20 18:00:00,2005,5,19,16509,45.66,HOEP (Legacy)
2005-05-20 19:00:00,2005,5,20,16457,66.7,HOEP (Legacy)
2005-05-20 20:00:00,2005,5,21,17040,68.43,HOEP (Legacy)
2005-05-20 21:00:00,2005,5,22,16270,46.98,HOEP (Legacy)
2005-05-20 22:00:00,2005,5,23,14813,45.04,HOEP (Legacy)
2005-05-20 23:00:00,2005,5,24,13677,41.49,HOEP (Legacy)
2005-05-21 00:00:00,2005,5,1,13029,45.73,HOEP (Legacy)
2005-05-21 01:00:00,2005,5,2,12783,44.22,HOEP (Legacy)
2005-05-21 02:00:00,2005,5,3,12564,45.29,HOEP (Legacy)
2005-05-21 03:00:00,2005,5,4,12500,43.85,HOEP (Legacy)
2005-05-21 04:00:00,2005,5,5,12580,42.62,HOEP (Legacy)
2005-05-21 05:00:00,2005,5,6,12745,37.7,HOEP (Legacy)
2005-05-21 06:00:00,2005,5,7,13460,39.87,HOEP (Legacy)
2005-05-21 07:00:00,2005,5,8,14399,43.39,HOEP (Legacy)
2005-05-21 08:00:00,2005,5,9,15219,44.77,HOEP (Legacy)
2005-05-21 09:00:00,2005,5,10,15660,44.38,HOEP (Legacy)
2005-05-21 10:00:00,2005,5,11,15790,98.1,HOEP (Legacy)
2005-05-21 11:00:00,2005,5,12,15643,74.94,HOEP (Legacy)
2005-05-21 12:00:00,2005,5,13,15271,42.77,HOEP (Legacy)
2005-05-21 13:00:00,2005,5,14,15107,42.51,HOEP (Legacy)
2005-05-21 14:00:00,2005,5,15,15015,41.9,HOEP (Legacy)
2005-05-21 15:00:00,2005,5,16,15151,38.06,HOEP (Legacy)
2005-05-21 16:00:00,2005,5,17,15221,37.98,HOEP (Legacy)
2005-05-21 17:00:00,2005,5,18,14968,42.47,HOEP (Legacy)
2005-05-21 18:00:00,2005,5,19,14730,36.77,HOEP (Legacy)
2005-05-21 19:00:00,2005,5,20,14811,37.5,HOEP (Legacy)
2005-05-21 20:00:00,2005,5,21,15472,44.05,HOEP (Legacy)
2005-05-21 21:00:00,2005,5,22,14861,43.78,HOEP (Legacy)
2005-05-21 22:00:00,2005,5,23,13835,45.79,HOEP (Legacy)
2005-05-21 23:00:00,2005,5,24,12950,39.59,HOEP (Legacy)
2005-05-22 00:00:00,2005,5,1,12490,43.1,HOEP (Legacy)
2005-05-22 01:00:00,2005,5,2,12201,43.25,HOEP (Legacy)
2005-05-22 02:00:00,2005,5,3,12009,42.55,HOEP (Legacy)
2005-05-22 03:00:00,2005,5,4,11970,37.81,HOEP (Legacy)
2005-05-22 04:00:00,2005,5,5,11969,29.25,HOEP (Legacy)
2005-05-22 05:00:00,2005,5,6,11950,14.67,HOEP (Legacy)
2005-05-22 06:00:00,2005,5,7,12572,31.55,HOEP (Legacy)
2005-05-22 07:00:00,2005,5,8,13520,37.66,HOEP (Legacy)
2005-05-22 08:00:00,2005,5,9,14512,44.07,HOEP (Legacy)
2005-05-22 09:00:00,2005,5,10,14762,44.01,HOEP (Legacy)
2005-05-22 10:00:00,2005,5,11,14840,42.66,HOEP (Legacy)
2005-05-22 11:00:00,2005,5,12,14809,45.03,HOEP (Legacy)
2005-05-22 12:00:00,2005,5,13,14571,45.31,HOEP (Legacy)
2005-05-22 13:00:00,2005,5,14,14416,44.25,HOEP (Legacy)
2005-05-22 14:00:00,2005,5,15,14487,44.92,HOEP (Legacy)
2005-05-22 15:00:00,2005,5,16,14665,43.05,HOEP (Legacy)
2005-05-22 16:00:00,2005,5,17,14770,43.05,HOEP (Legacy)
2005-05-22 17:00:00,2005,5,18,14679,41.09,HOEP (Legacy)
2005-05-22 18:00:00,2005,5,19,14562,37.53,HOEP (Legacy)
2005-05-22 19:00:00,2005,5,20,14781,45.4,HOEP (Legacy)
2005-05-22 20:00:00,2005,5,21,14933,99.38,HOEP (Legacy)
2005-05-22 21:00:00,2005,5,22,14468,45.98,HOEP (Legacy)
2005-05-22 22:00:00,2005,5,23,13660,47.06,HOEP (Legacy)
2005-05-22 23:00:00,2005,5,24,12862,38.61,HOEP (Legacy)
2005-05-23 00:00:00,2005,5,1,12414,39.26,HOEP (Legacy)
2005-05-23 01:00:00,2005,5,2,12190,42.52,HOEP (Legacy)
2005-05-23 02:00:00,2005,5,3,12092,25.93,HOEP (Legacy)
2005-05-23 03:00:00,2005,5,4,12160,18.3,HOEP (Legacy)
2005-05-23 04:00:00,2005,5,5,12154,37.97,HOEP (Legacy)
2005-05-23 05:00:00,2005,5,6,12325,33.64,HOEP (Legacy)
2005-05-23 06:00:00,2005,5,7,12738,34.01,HOEP (Legacy)
2005-05-23 07:00:00,2005,5,8,13535,38.82,HOEP (Legacy)
2005-05-23 08:00:00,2005,5,9,14481,43.6,HOEP (Legacy)
2005-05-23 09:00:00,2005,5,10,15205,51.05,HOEP (Legacy)
2005-05-23 10:00:00,2005,5,11,15519,69.76,HOEP (Legacy)
2005-05-23 11:00:00,2005,5,12,15393,74.09,HOEP (Legacy)
2005-05-23 12:00:00,2005,5,13,15253,71.13,HOEP (Legacy)
2005-05-23 13:00:00,2005,5,14,14950,67.51,HOEP (Legacy)
2005-05-23 14:00:00,2005,5,15,14935,71.03,HOEP (Legacy)
2005-05-23 15:00:00,2005,5,16,15256,58.52,HOEP (Legacy)
2005-05-23 16:00:00,2005,5,17,15603,53.73,HOEP (Legacy)
2005-05-23 17:00:00,2005,5,18,15477,70.06,HOEP (Legacy)
2005-05-23 18:00:00,2005,5,19,15419,92.01,HOEP (Legacy)
2005-05-23 19:00:00,2005,5,20,15671,147.59,HOEP (Legacy)
2005-05-23 20:00:00,2005,5,21,15936,72.19,HOEP (Legacy)
2005-05-23 21:00:00,2005,5,22,15082,44.55,HOEP (Legacy)
2005-05-23 22:00:00,2005,5,23,14105,39.84,HOEP (Legacy)
2005-05-23 23:00:00,2005,5,24,13391,36.42,HOEP (Legacy)
2005-05-24 00:00:00,2005,5,1,12932,35.93,HOEP (Legacy)
2005-05-24 01:00:00,2005,5,2,12855,32.0,HOEP (Legacy)
2005-05-24 02:00:00,2005,5,3,12717,33.64,HOEP (Legacy)
2005-05-24 03:00:00,2005,5,4,12828,35.77,HOEP (Legacy)
2005-05-24 04:00:00,2005,5,5,13407,33.18,HOEP (Legacy)
2005-05-24 05:00:00,2005,5,6,14531,41.66,HOEP (Legacy)
2005-05-24 06:00:00,2005,5,7,16502,50.96,HOEP (Legacy)
2005-05-24 07:00:00,2005,5,8,17565,85.84,HOEP (Legacy)
2005-05-24 08:00:00,2005,5,9,17767,108.34,HOEP (Legacy)
2005-05-24 09:00:00,2005,5,10,18043,68.23,HOEP (Legacy)
2005-05-24 10:00:00,2005,5,11,18031,75.68,HOEP (Legacy)
2005-05-24 11:00:00,2005,5,12,17938,66.3,HOEP (Legacy)
2005-05-24 12:00:00,2005,5,13,17874,65.61,HOEP (Legacy)
2005-05-24 13:00:00,2005,5,14,17763,69.1,HOEP (Legacy)
2005-05-24 14:00:00,2005,5,15,17726,67.26,HOEP (Legacy)
2005-05-24 15:00:00,2005,5,16,18051,69.2,HOEP (Legacy)
2005-05-24 16:00:00,2005,5,17,18076,58.98,HOEP (Legacy)
2005-05-24 17:00:00,2005,5,18,17773,46.6,HOEP (Legacy)
2005-05-24 18:00:00,2005,5,19,17586,59.22,HOEP (Legacy)
2005-05-24 19:00:00,2005,5,20,17613,70.06,HOEP (Legacy)
2005-05-24 20:00:00,2005,5,21,17742,78.65,HOEP (Legacy)
2005-05-24 21:00:00,2005,5,22,16675,42.76,HOEP (Legacy)
2005-05-24 22:00:00,2005,5,23,15128,45.47,HOEP (Legacy)
2005-05-24 23:00:00,2005,5,24,14112,39.76,HOEP (Legacy)
2005-05-25 00:00:00,2005,5,1,13612,36.32,HOEP (Legacy)
2005-05-25 01:00:00,2005,5,2,13464,33.35,HOEP (Legacy)
2005-05-25 02:00:00,2005,5,3,13310,34.37,HOEP (Legacy)
2005-05-25 03:00:00,2005,5,4,13385,36.39,HOEP (Legacy)
2005-05-25 04:00:00,2005,5,5,13745,40.12,HOEP (Legacy)
2005-05-25 05:00:00,2005,5,6,14761,52.06,HOEP (Legacy)
2005-05-25 06:00:00,2005,5,7,16464,69.53,HOEP (Legacy)
2005-05-25 07:00:00,2005,5,8,17433,76.74,HOEP (Legacy)
2005-05-25 08:00:00,2005,5,9,17723,78.24,HOEP (Legacy)
2005-05-25 09:00:00,2005,5,10,18102,68.23,HOEP (Legacy)
2005-05-25 10:00:00,2005,5,11,18314,65.64,HOEP (Legacy)
2005-05-25 11:00:00,2005,5,12,18131,64.8,HOEP (Legacy)
2005-05-25 12:00:00,2005,5,13,18327,67.27,HOEP (Legacy)
2005-05-25 13:00:00,2005,5,14,18256,71.6,HOEP (Legacy)
2005-05-25 14:00:00,2005,5,15,18266,62.58,HOEP (Legacy)
2005-05-25 15:00:00,2005,5,16,18401,65.39,HOEP (Legacy)
2005-05-25 16:00:00,2005,5,17,18155,68.68,HOEP (Legacy)
2005-05-25 17:00:00,2005,5,18,17831,63.14,HOEP (Legacy)
2005-05-25 18:00:00,2005,5,19,17365,59.67,HOEP (Legacy)
2005-05-25 19:00:00,2005,5,20,17335,65.55,HOEP (Legacy)
2005-05-25 20:00:00,2005,5,21,17748,70.04,HOEP (Legacy)
2005-05-25 21:00:00,2005,5,22,16883,63.39,HOEP (Legacy)
2005-05-25 22:00:00,2005,5,23,15329,77.41,HOEP (Legacy)
2005-05-25 23:00:00,2005,5,24,14166,45.15,HOEP (Legacy)
2005-05-26 00:00:00,2005,5,1,13807,44.08,HOEP (Legacy)
2005-05-26 01:00:00,2005,5,2,13477,37.73,HOEP (Legacy)
2005-05-26 02:00:00,2005,5,3,13193,40.21,HOEP (Legacy)
2005-05-26 03:00:00,2005,5,4,13172,42.52,HOEP (Legacy)
2005-05-26 04:00:00,2005,5,5,13635,42.76,HOEP (Legacy)
2005-05-26 05:00:00,2005,5,6,14511,58.22,HOEP (Legacy)
2005-05-26 06:00:00,2005,5,7,15537,79.43,HOEP (Legacy)
2005-05-26 07:00:00,2005,5,8,17735,83.41,HOEP (Legacy)
2005-05-26 08:00:00,2005,5,9,18144,98.9,HOEP (Legacy)
2005-05-26 09:00:00,2005,5,10,18415,96.96,HOEP (Legacy)
2005-05-26 10:00:00,2005,5,11,18715,104.83,HOEP (Legacy)
2005-05-26 11:00:00,2005,5,12,18621,161.74,HOEP (Legacy)
2005-05-26 12:00:00,2005,5,13,18779,202.16,HOEP (Legacy)
2005-05-26 13:00:00,2005,5,14,18488,126.83,HOEP (Legacy)
2005-05-26 14:00:00,2005,5,15,18313,73.41,HOEP (Legacy)
2005-05-26 15:00:00,2005,5,16,18575,69.95,HOEP (Legacy)
2005-05-26 16:00:00,2005,5,17,18582,69.23,HOEP (Legacy)
2005-05-26 17:00:00,2005,5,18,18013,56.74,HOEP (Legacy)
2005-05-26 18:00:00,2005,5,19,17671,58.24,HOEP (Legacy)
2005-05-26 19:00:00,2005,5,20,17727,49.17,HOEP (Legacy)
2005-05-26 20:00:00,2005,5,21,18169,64.71,HOEP (Legacy)
2005-05-26 21:00:00,2005,5,22,17351,50.79,HOEP (Legacy)
2005-05-26 22:00:00,2005,5,23,15527,50.08,HOEP (Legacy)
2005-05-26 23:00:00,2005,5,24,14307,38.61,HOEP (Legacy)
2005-05-27 00:00:00,2005,5,1,13767,32.1,HOEP (Legacy)
2005-05-27 01:00:00,2005,5,2,13415,32.52,HOEP (Legacy)
2005-05-27 02:00:00,2005,5,3,13233,32.34,HOEP (Legacy)
2005-05-27 03:00:00,2005,5,4,13280,32.54,HOEP (Legacy)
2005-05-27 04:00:00,2005,5,5,13616,36.34,HOEP (Legacy)
2005-05-27 05:00:00,2005,5,6,14704,44.15,HOEP (Legacy)
2005-05-27 06:00:00,2005,5,7,16417,55.66,HOEP (Legacy)
2005-05-27 07:00:00,2005,5,8,17484,45.15,HOEP (Legacy)
2005-05-27 08:00:00,2005,5,9,17940,56.73,HOEP (Legacy)
2005-05-27 09:00:00,2005,5,10,18270,73.71,HOEP (Legacy)
2005-05-27 10:00:00,2005,5,11,18472,86.71,HOEP (Legacy)
2005-05-27 11:00:00,2005,5,12,18365,82.81,HOEP (Legacy)
2005-05-27 12:00:00,2005,5,13,18394,89.27,HOEP (Legacy)
2005-05-27 13:00:00,2005,5,14,18203,81.73,HOEP (Legacy)
2005-05-27 14:00:00,2005,5,15,18031,80.89,HOEP (Legacy)
2005-05-27 15:00:00,2005,5,16,17517,52.78,HOEP (Legacy)
2005-05-27 16:00:00,2005,5,17,17120,46.48,HOEP (Legacy)
2005-05-27 17:00:00,2005,5,18,16915,46.0,HOEP (Legacy)
2005-05-27 18:00:00,2005,5,19,16727,45.13,HOEP (Legacy)
2005-05-27 19:00:00,2005,5,20,16649,49.99,HOEP (Legacy)
2005-05-27 20:00:00,2005,5,21,16859,59.2,HOEP (Legacy)
2005-05-27 21:00:00,2005,5,22,16151,41.92,HOEP (Legacy)
2005-05-27 22:00:00,2005,5,23,14740,39.91,HOEP (Legacy)
2005-05-27 23:00:00,2005,5,24,13672,36.68,HOEP (Legacy)
2005-05-28 00:00:00,2005,5,1,13078,32.68,HOEP (Legacy)
2005-05-28 01:00:00,2005,5,2,12910,23.01,HOEP (Legacy)
2005-05-28 02:00:00,2005,5,3,12658,29.61,HOEP (Legacy)
2005-05-28 03:00:00,2005,5,4,12580,30.57,HOEP (Legacy)
2005-05-28 04:00:00,2005,5,5,12614,30.83,HOEP (Legacy)
2005-05-28 05:00:00,2005,5,6,12839,32.2,HOEP (Legacy)
2005-05-28 06:00:00,2005,5,7,13868,34.92,HOEP (Legacy)
2005-05-28 07:00:00,2005,5,8,14953,40.35,HOEP (Legacy)
2005-05-28 08:00:00,2005,5,9,15727,42.35,HOEP (Legacy)
2005-05-28 09:00:00,2005,5,10,16142,43.15,HOEP (Legacy)
2005-05-28 10:00:00,2005,5,11,16219,44.57,HOEP (Legacy)
2005-05-28 11:00:00,2005,5,12,16222,44.72,HOEP (Legacy)
2005-05-28 12:00:00,2005,5,13,16138,40.53,HOEP (Legacy)
2005-05-28 13:00:00,2005,5,14,15896,43.56,HOEP (Legacy)
2005-05-28 14:00:00,2005,5,15,15665,41.92,HOEP (Legacy)
2005-05-28 15:00:00,2005,5,16,15705,42.24,HOEP (Legacy)
2005-05-28 16:00:00,2005,5,17,15755,43.21,HOEP (Legacy)
2005-05-28 17:00:00,2005,5,18,15478,40.74,HOEP (Legacy)
2005-05-28 18:00:00,2005,5,19,15176,39.18,HOEP (Legacy)
2005-05-28 19:00:00,2005,5,20,15182,39.26,HOEP (Legacy)
2005-05-28 20:00:00,2005,5,21,15635,38.93,HOEP (Legacy)
2005-05-28 21:00:00,2005,5,22,15132,41.72,HOEP (Legacy)
2005-05-28 22:00:00,2005,5,23,14079,32.95,HOEP (Legacy)
2005-05-28 23:00:00,2005,5,24,13298,29.49,HOEP (Legacy)
2005-05-29 00:00:00,2005,5,1,12662,19.52,HOEP (Legacy)
2005-05-29 01:00:00,2005,5,2,12384,19.34,HOEP (Legacy)
2005-05-29 02:00:00,2005,5,3,12197,19.1,HOEP (Legacy)
2005-05-29 03:00:00,2005,5,4,12138,18.97,HOEP (Legacy)
2005-05-29 04:00:00,2005,5,5,12137,17.27,HOEP (Legacy)
2005-05-29 05:00:00,2005,5,6,12130,18.47,HOEP (Legacy)
2005-05-29 06:00:00,2005,5,7,12744,23.62,HOEP (Legacy)
2005-05-29 07:00:00,2005,5,8,13774,30.96,HOEP (Legacy)
2005-05-29 08:00:00,2005,5,9,14768,42.53,HOEP (Legacy)
2005-05-29 09:00:00,2005,5,10,15293,46.32,HOEP (Legacy)
2005-05-29 10:00:00,2005,5,11,15506,43.25,HOEP (Legacy)
2005-05-29 11:00:00,2005,5,12,15623,46.88,HOEP (Legacy)
2005-05-29 12:00:00,2005,5,13,15571,45.94,HOEP (Legacy)
2005-05-29 13:00:00,2005,5,14,15441,39.7,HOEP (Legacy)
2005-05-29 14:00:00,2005,5,15,15352,33.93,HOEP (Legacy)
2005-05-29 15:00:00,2005,5,16,15453,36.84,HOEP (Legacy)
2005-05-29 16:00:00,2005,5,17,15690,38.27,HOEP (Legacy)
2005-05-29 17:00:00,2005,5,18,15521,37.19,HOEP (Legacy)
2005-05-29 18:00:00,2005,5,19,15329,35.73,HOEP (Legacy)
2005-05-29 19:00:00,2005,5,20,15497,35.4,HOEP (Legacy)
2005-05-29 20:00:00,2005,5,21,16001,39.06,HOEP (Legacy)
2005-05-29 21:00:00,2005,5,22,15465,41.38,HOEP (Legacy)
2005-05-29 22:00:00,2005,5,23,14357,22.89,HOEP (Legacy)
2005-05-29 23:00:00,2005,5,24,13575,19.38,HOEP (Legacy)
2005-05-30 00:00:00,2005,5,1,13201,23.33,HOEP (Legacy)
2005-05-30 01:00:00,2005,5,2,13097,31.7,HOEP (Legacy)
2005-05-30 02:00:00,2005,5,3,12787,23.4,HOEP (Legacy)
2005-05-30 03:00:00,2005,5,4,12983,23.36,HOEP (Legacy)
2005-05-30 04:00:00,2005,5,5,13450,22.94,HOEP (Legacy)
2005-05-30 05:00:00,2005,5,6,14516,18.56,HOEP (Legacy)
2005-05-30 06:00:00,2005,5,7,16357,36.99,HOEP (Legacy)
2005-05-30 07:00:00,2005,5,8,17611,39.25,HOEP (Legacy)
2005-05-30 08:00:00,2005,5,9,17928,40.29,HOEP (Legacy)
2005-05-30 09:00:00,2005,5,10,18290,41.22,HOEP (Legacy)
2005-05-30 10:00:00,2005,5,11,18494,38.68,HOEP (Legacy)
2005-05-30 11:00:00,2005,5,12,18325,40.9,HOEP (Legacy)
2005-05-30 12:00:00,2005,5,13,18516,45.07,HOEP (Legacy)
2005-05-30 13:00:00,2005,5,14,18438,48.43,HOEP (Legacy)
2005-05-30 14:00:00,2005,5,15,18364,45.94,HOEP (Legacy)
2005-05-30 15:00:00,2005,5,16,18537,50.79,HOEP (Legacy)
2005-05-30 16:00:00,2005,5,17,18414,44.9,HOEP (Legacy)
2005-05-30 17:00:00,2005,5,18,18003,43.54,HOEP (Legacy)
2005-05-30 18:00:00,2005,5,19,17505,42.38,HOEP (Legacy)
2005-05-30 19:00:00,2005,5,20,17533,45.2,HOEP (Legacy)
2005-05-30 20:00:00,2005,5,21,18059,54.58,HOEP (Legacy)
2005-05-30 21:00:00,2005,5,22,17156,44.16,HOEP (Legacy)
2005-05-30 22:00:00,2005,5,23,15360,21.96,HOEP (Legacy)
2005-05-30 23:00:00,2005,5,24,14201,35.04,HOEP (Legacy)
2005-05-31 00:00:00,2005,5,1,13762,33.64,HOEP (Legacy)
2005-05-31 01:00:00,2005,5,2,13595,20.8,HOEP (Legacy)
2005-05-31 02:00:00,2005,5,3,13436,19.77,HOEP (Legacy)
2005-05-31 03:00:00,2005,5,4,13321,30.58,HOEP (Legacy)
2005-05-31 04:00:00,2005,5,5,13716,34.32,HOEP (Legacy)
2005-05-31 05:00:00,2005,5,6,14709,38.98,HOEP (Legacy)
2005-05-31 06:00:00,2005,5,7,16530,42.6,HOEP (Legacy)
2005-05-31 07:00:00,2005,5,8,17585,40.91,HOEP (Legacy)
2005-05-31 08:00:00,2005,5,9,18065,44.26,HOEP (Legacy)
2005-05-31 09:00:00,2005,5,10,18447,47.18,HOEP (Legacy)
2005-05-31 10:00:00,2005,5,11,18610,69.97,HOEP (Legacy)
2005-05-31 11:00:00,2005,5,12,18559,70.11,HOEP (Legacy)
2005-05-31 12:00:00,2005,5,13,18774,109.75,HOEP (Legacy)
2005-05-31 13:00:00,2005,5,14,18817,93.55,HOEP (Legacy)
2005-05-31 14:00:00,2005,5,15,18859,54.05,HOEP (Legacy)
2005-05-31 15:00:00,2005,5,16,19007,81.59,HOEP (Legacy)
2005-05-31 16:00:00,2005,5,17,18689,69.5,HOEP (Legacy)
2005-05-31 17:00:00,2005,5,18,18197,45.56,HOEP (Legacy)
2005-05-31 18:00:00,2005,5,19,17644,44.79,HOEP (Legacy)
2005-05-31 19:00:00,2005,5,20,17712,43.99,HOEP (Legacy)
2005-05-31 20:00:00,2005,5,21,18078,44.65,HOEP (Legacy)
2005-05-31 21:00:00,2005,5,22,17279,45.2,HOEP (Legacy)
2005-05-31 22:00:00,2005,5,23,15484,38.03,HOEP (Legacy)
2005-05-31 23:00:00,2005,5,24,14299,28.58,HOEP (Legacy)
2005-06-01 00:00:00,2005,6,1,13752,27.68,HOEP (Legacy)
2005-06-01 01:00:00,2005,6,2,13519,20.21,HOEP (Legacy)
2005-06-01 02:00:00,2005,6,3,13335,13.28,HOEP (Legacy)
2005-06-01 03:00:00,2005,6,4,13402,13.28,HOEP (Legacy)
2005-06-01 04:00:00,2005,6,5,13709,34.38,HOEP (Legacy)
2005-06-01 05:00:00,2005,6,6,14716,27.38,HOEP (Legacy)
2005-06-01 06:00:00,2005,6,7,16642,47.19,HOEP (Legacy)
2005-06-01 07:00:00,2005,6,8,17864,57.08,HOEP (Legacy)
2005-06-01 08:00:00,2005,6,9,18303,60.62,HOEP (Legacy)
2005-06-01 09:00:00,2005,6,10,18791,67.61,HOEP (Legacy)
2005-06-01 10:00:00,2005,6,11,19057,56.81,HOEP (Legacy)
2005-06-01 11:00:00,2005,6,12,19058,69.59,HOEP (Legacy)
2005-06-01 12:00:00,2005,6,13,19087,60.33,HOEP (Legacy)
2005-06-01 13:00:00,2005,6,14,19091,62.71,HOEP (Legacy)
2005-06-01 14:00:00,2005,6,15,19277,66.6,HOEP (Legacy)
2005-06-01 15:00:00,2005,6,16,19440,67.52,HOEP (Legacy)
2005-06-01 16:00:00,2005,6,17,19160,67.2,HOEP (Legacy)
2005-06-01 17:00:00,2005,6,18,18841,44.44,HOEP (Legacy)
2005-06-01 18:00:00,2005,6,19,18503,42.74,HOEP (Legacy)
2005-06-01 19:00:00,2005,6,20,18381,42.85,HOEP (Legacy)
2005-06-01 20:00:00,2005,6,21,18825,52.1,HOEP (Legacy)
2005-06-01 21:00:00,2005,6,22,17927,51.77,HOEP (Legacy)
2005-06-01 22:00:00,2005,6,23,16107,42.02,HOEP (Legacy)
2005-06-01 23:00:00,2005,6,24,14811,27.77,HOEP (Legacy)
2005-06-02 00:00:00,2005,6,1,14315,22.11,HOEP (Legacy)
2005-06-02 01:00:00,2005,6,2,13844,13.45,HOEP (Legacy)
2005-06-02 02:00:00,2005,6,3,13686,15.16,HOEP (Legacy)
2005-06-02 03:00:00,2005,6,4,13656,15.02,HOEP (Legacy)
2005-06-02 04:00:00,2005,6,5,14072,35.47,HOEP (Legacy)
2005-06-02 05:00:00,2005,6,6,15093,38.29,HOEP (Legacy)
2005-06-02 06:00:00,2005,6,7,16901,59.38,HOEP (Legacy)
2005-06-02 07:00:00,2005,6,8,18229,73.08,HOEP (Legacy)
2005-06-02 08:00:00,2005,6,9,18745,75.15,HOEP (Legacy)
2005-06-02 09:00:00,2005,6,10,19351,78.94,HOEP (Legacy)
2005-06-02 10:00:00,2005,6,11,19684,69.75,HOEP (Legacy)
2005-06-02 11:00:00,2005,6,12,19692,67.13,HOEP (Legacy)
2005-06-02 12:00:00,2005,6,13,19808,68.53,HOEP (Legacy)
2005-06-02 13:00:00,2005,6,14,19774,76.33,HOEP (Legacy)
2005-06-02 14:00:00,2005,6,15,19745,98.57,HOEP (Legacy)
2005-06-02 15:00:00,2005,6,16,20001,86.03,HOEP (Legacy)
2005-06-02 16:00:00,2005,6,17,19690,70.47,HOEP (Legacy)
2005-06-02 17:00:00,2005,6,18,19364,61.21,HOEP (Legacy)
2005-06-02 18:00:00,2005,6,19,18950,42.95,HOEP (Legacy)
2005-06-02 19:00:00,2005,6,20,18846,44.02,HOEP (Legacy)
2005-06-02 20:00:00,2005,6,21,19215,74.49,HOEP (Legacy)
2005-06-02 21:00:00,2005,6,22,18404,59.29,HOEP (Legacy)
2005-06-02 22:00:00,2005,6,23,16409,52.09,HOEP (Legacy)
2005-06-02 23:00:00,2005,6,24,15143,39.29,HOEP (Legacy)
2005-06-03 00:00:00,2005,6,1,14469,35.5,HOEP (Legacy)
2005-06-03 01:00:00,2005,6,2,14130,13.29,HOEP (Legacy)
2005-06-03 02:00:00,2005,6,3,13915,13.4,HOEP (Legacy)
2005-06-03 03:00:00,2005,6,4,13911,21.71,HOEP (Legacy)
2005-06-03 04:00:00,2005,6,5,14302,36.16,HOEP (Legacy)
2005-06-03 05:00:00,2005,6,6,15287,43.02,HOEP (Legacy)
2005-06-03 06:00:00,2005,6,7,17090,47.04,HOEP (Legacy)
2005-06-03 07:00:00,2005,6,8,18506,49.97,HOEP (Legacy)
2005-06-03 08:00:00,2005,6,9,19092,72.11,HOEP (Legacy)
2005-06-03 09:00:00,2005,6,10,19519,69.98,HOEP (Legacy)
2005-06-03 10:00:00,2005,6,11,19631,78.79,HOEP (Legacy)
2005-06-03 11:00:00,2005,6,12,19512,67.39,HOEP (Legacy)
2005-06-03 12:00:00,2005,6,13,19527,46.89,HOEP (Legacy)
2005-06-03 13:00:00,2005,6,14,19562,71.81,HOEP (Legacy)
2005-06-03 14:00:00,2005,6,15,19442,74.62,HOEP (Legacy)
2005-06-03 15:00:00,2005,6,16,19352,72.64,HOEP (Legacy)
2005-06-03 16:00:00,2005,6,17,19025,52.18,HOEP (Legacy)
2005-06-03 17:00:00,2005,6,18,18568,45.52,HOEP (Legacy)
2005-06-03 18:00:00,2005,6,19,18056,52.11,HOEP (Legacy)
2005-06-03 19:00:00,2005,6,20,17823,43.94,HOEP (Legacy)
2005-06-03 20:00:00,2005,6,21,18070,61.84,HOEP (Legacy)
2005-06-03 21:00:00,2005,6,22,17321,46.27,HOEP (Legacy)
2005-06-03 22:00:00,2005,6,23,15851,52.38,HOEP (Legacy)
2005-06-03 23:00:00,2005,6,24,14523,40.65,HOEP (Legacy)
2005-06-04 00:00:00,2005,6,1,13887,35.33,HOEP (Legacy)
2005-06-04 01:00:00,2005,6,2,13497,31.22,HOEP (Legacy)
2005-06-04 02:00:00,2005,6,3,13249,26.13,HOEP (Legacy)
2005-06-04 03:00:00,2005,6,4,13116,28.17,HOEP (Legacy)
2005-06-04 04:00:00,2005,6,5,13153,29.98,HOEP (Legacy)
2005-06-04 05:00:00,2005,6,6,13502,23.97,HOEP (Legacy)
2005-06-04 06:00:00,2005,6,7,14266,37.21,HOEP (Legacy)
2005-06-04 07:00:00,2005,6,8,15616,42.19,HOEP (Legacy)
2005-06-04 08:00:00,2005,6,9,16580,50.54,HOEP (Legacy)
2005-06-04 09:00:00,2005,6,10,17039,66.0,HOEP (Legacy)
2005-06-04 10:00:00,2005,6,11,17418,72.99,HOEP (Legacy)
2005-06-04 11:00:00,2005,6,12,17488,82.38,HOEP (Legacy)
2005-06-04 12:00:00,2005,6,13,17426,73.29,HOEP (Legacy)
2005-06-04 13:00:00,2005,6,14,17448,102.72,HOEP (Legacy)
2005-06-04 14:00:00,2005,6,15,17208,43.17,HOEP (Legacy)
2005-06-04 15:00:00,2005,6,16,17113,43.67,HOEP (Legacy)
2005-06-04 16:00:00,2005,6,17,17192,60.43,HOEP (Legacy)
2005-06-04 17:00:00,2005,6,18,17034,43.66,HOEP (Legacy)
2005-06-04 18:00:00,2005,6,19,16610,43.63,HOEP (Legacy)
2005-06-04 19:00:00,2005,6,20,16486,43.32,HOEP (Legacy)
2005-06-04 20:00:00,2005,6,21,16856,44.04,HOEP (Legacy)
2005-06-04 21:00:00,2005,6,22,16390,45.77,HOEP (Legacy)
2005-06-04 22:00:00,2005,6,23,15279,42.14,HOEP (Legacy)
2005-06-04 23:00:00,2005,6,24,14216,37.37,HOEP (Legacy)
2005-06-05 00:00:00,2005,6,1,13594,36.02,HOEP (Legacy)
2005-06-05 01:00:00,2005,6,2,13303,38.07,HOEP (Legacy)
2005-06-05 02:00:00,2005,6,3,12959,30.61,HOEP (Legacy)
2005-06-05 03:00:00,2005,6,4,12847,30.0,HOEP (Legacy)
2005-06-05 04:00:00,2005,6,5,12681,29.36,HOEP (Legacy)
2005-06-05 05:00:00,2005,6,6,12722,14.47,HOEP (Legacy)
2005-06-05 06:00:00,2005,6,7,13454,31.57,HOEP (Legacy)
2005-06-05 07:00:00,2005,6,8,14773,37.39,HOEP (Legacy)
2005-06-05 08:00:00,2005,6,9,16077,65.71,HOEP (Legacy)
2005-06-05 09:00:00,2005,6,10,16990,80.71,HOEP (Legacy)
2005-06-05 10:00:00,2005,6,11,17843,80.66,HOEP (Legacy)
2005-06-05 11:00:00,2005,6,12,18283,106.23,HOEP (Legacy)
2005-06-05 12:00:00,2005,6,13,18547,100.43,HOEP (Legacy)
2005-06-05 13:00:00,2005,6,14,18518,110.36,HOEP (Legacy)
2005-06-05 14:00:00,2005,6,15,18737,188.84,HOEP (Legacy)
2005-06-05 15:00:00,2005,6,16,18978,108.24,HOEP (Legacy)
2005-06-05 16:00:00,2005,6,17,19213,107.63,HOEP (Legacy)
2005-06-05 17:00:00,2005,6,18,19192,63.53,HOEP (Legacy)
2005-06-05 18:00:00,2005,6,19,19070,133.66,HOEP (Legacy)
2005-06-05 19:00:00,2005,6,20,18942,123.12,HOEP (Legacy)
2005-06-05 20:00:00,2005,6,21,19386,134.16,HOEP (Legacy)
2005-06-05 21:00:00,2005,6,22,18748,74.84,HOEP (Legacy)
2005-06-05 22:00:00,2005,6,23,17176,58.44,HOEP (Legacy)
2005-06-05 23:00:00,2005,6,24,16081,47.35,HOEP (Legacy)
2005-06-06 00:00:00,2005,6,1,15305,56.41,HOEP (Legacy)
2005-06-06 01:00:00,2005,6,2,15122,38.56,HOEP (Legacy)
2005-06-06 02:00:00,2005,6,3,14877,57.09,HOEP (Legacy)
2005-06-06 03:00:00,2005,6,4,14892,46.41,HOEP (Legacy)
2005-06-06 04:00:00,2005,6,5,15198,42.54,HOEP (Legacy)
2005-06-06 05:00:00,2005,6,6,16060,55.29,HOEP (Legacy)
2005-06-06 06:00:00,2005,6,7,18168,71.72,HOEP (Legacy)
2005-06-06 07:00:00,2005,6,8,19964,87.28,HOEP (Legacy)
2005-06-06 08:00:00,2005,6,9,20847,104.34,HOEP (Legacy)
2005-06-06 09:00:00,2005,6,10,21596,103.53,HOEP (Legacy)
2005-06-06 10:00:00,2005,6,11,22140,105.95,HOEP (Legacy)
2005-06-06 11:00:00,2005,6,12,22352,114.7,HOEP (Legacy)
2005-06-06 12:00:00,2005,6,13,22600,110.84,HOEP (Legacy)
2005-06-06 13:00:00,2005,6,14,22589,118.61,HOEP (Legacy)
2005-06-06 14:00:00,2005,6,15,22699,110.93,HOEP (Legacy)
2005-06-06 15:00:00,2005,6,16,22885,109.24,HOEP (Legacy)
2005-06-06 16:00:00,2005,6,17,22536,100.89,HOEP (Legacy)
2005-06-06 17:00:00,2005,6,18,22040,82.19,HOEP (Legacy)
2005-06-06 18:00:00,2005,6,19,21533,71.63,HOEP (Legacy)
2005-06-06 19:00:00,2005,6,20,21221,67.69,HOEP (Legacy)
2005-06-06 20:00:00,2005,6,21,21313,95.41,HOEP (Legacy)
2005-06-06 21:00:00,2005,6,22,20193,68.39,HOEP (Legacy)
2005-06-06 22:00:00,2005,6,23,18069,54.95,HOEP (Legacy)
2005-06-06 23:00:00,2005,6,24,16632,45.05,HOEP (Legacy)
2005-06-07 00:00:00,2005,6,1,15968,38.35,HOEP (Legacy)
2005-06-07 01:00:00,2005,6,2,15533,36.47,HOEP (Legacy)
2005-06-07 02:00:00,2005,6,3,15063,35.64,HOEP (Legacy)
2005-06-07 03:00:00,2005,6,4,14969,34.84,HOEP (Legacy)
2005-06-07 04:00:00,2005,6,5,15081,32.22,HOEP (Legacy)
2005-06-07 05:00:00,2005,6,6,16190,33.83,HOEP (Legacy)
2005-06-07 06:00:00,2005,6,7,18275,45.91,HOEP (Legacy)
2005-06-07 07:00:00,2005,6,8,19897,65.95,HOEP (Legacy)
2005-06-07 08:00:00,2005,6,9,20696,81.55,HOEP (Legacy)
2005-06-07 09:00:00,2005,6,10,21430,90.88,HOEP (Legacy)
2005-06-07 10:00:00,2005,6,11,21854,84.03,HOEP (Legacy)
2005-06-07 11:00:00,2005,6,12,21989,86.39,HOEP (Legacy)
2005-06-07 12:00:00,2005,6,13,22104,117.15,HOEP (Legacy)
2005-06-07 13:00:00,2005,6,14,22489,90.8,HOEP (Legacy)
2005-06-07 14:00:00,2005,6,15,22819,119.36,HOEP (Legacy)
2005-06-07 15:00:00,2005,6,16,23234,115.29,HOEP (Legacy)
2005-06-07 16:00:00,2005,6,17,23216,135.19,HOEP (Legacy)
2005-06-07 17:00:00,2005,6,18,22756,113.25,HOEP (Legacy)
2005-06-07 18:00:00,2005,6,19,22015,138.16,HOEP (Legacy)
2005-06-07 19:00:00,2005,6,20,21614,93.41,HOEP (Legacy)
2005-06-07 20:00:00,2005,6,21,21668,105.68,HOEP (Legacy)
2005-06-07 21:00:00,2005,6,22,20566,70.6,HOEP (Legacy)
2005-06-07 22:00:00,2005,6,23,18521,59.04,HOEP (Legacy)
2005-06-07 23:00:00,2005,6,24,16956,54.7,HOEP (Legacy)
2005-06-08 00:00:00,2005,6,1,16108,46.11,HOEP (Legacy)
2005-06-08 01:00:00,2005,6,2,15596,46.37,HOEP (Legacy)
2005-06-08 02:00:00,2005,6,3,15098,37.65,HOEP (Legacy)
2005-06-08 03:00:00,2005,6,4,14845,37.07,HOEP (Legacy)
2005-06-08 04:00:00,2005,6,5,15050,35.0,HOEP (Legacy)
2005-06-08 05:00:00,2005,6,6,16260,42.68,HOEP (Legacy)
2005-06-08 06:00:00,2005,6,7,18322,62.76,HOEP (Legacy)
2005-06-08 07:00:00,2005,6,8,19848,62.97,HOEP (Legacy)
2005-06-08 08:00:00,2005,6,9,20440,57.16,HOEP (Legacy)
2005-06-08 09:00:00,2005,6,10,20984,58.45,HOEP (Legacy)
2005-06-08 10:00:00,2005,6,11,21842,83.73,HOEP (Legacy)
2005-06-08 11:00:00,2005,6,12,21963,98.93,HOEP (Legacy)
2005-06-08 12:00:00,2005,6,13,22395,155.28,HOEP (Legacy)
2005-06-08 13:00:00,2005,6,14,22822,146.89,HOEP (Legacy)
2005-06-08 14:00:00,2005,6,15,23070,124.3,HOEP (Legacy)
2005-06-08 15:00:00,2005,6,16,23435,108.42,HOEP (Legacy)
2005-06-08 16:00:00,2005,6,17,23449,106.47,HOEP (Legacy)
2005-06-08 17:00:00,2005,6,18,22815,99.3,HOEP (Legacy)
2005-06-08 18:00:00,2005,6,19,22076,102.16,HOEP (Legacy)
2005-06-08 19:00:00,2005,6,20,21555,93.03,HOEP (Legacy)
2005-06-08 20:00:00,2005,6,21,21686,111.35,HOEP (Legacy)
2005-06-08 21:00:00,2005,6,22,20397,102.07,HOEP (Legacy)
2005-06-08 22:00:00,2005,6,23,18274,78.75,HOEP (Legacy)
2005-06-08 23:00:00,2005,6,24,16934,59.91,HOEP (Legacy)
2005-06-09 00:00:00,2005,6,1,16050,54.58,HOEP (Legacy)
2005-06-09 01:00:00,2005,6,2,15561,37.65,HOEP (Legacy)
2005-06-09 02:00:00,2005,6,3,15120,37.55,HOEP (Legacy)
2005-06-09 03:00:00,2005,6,4,14992,37.22,HOEP (Legacy)
2005-06-09 04:00:00,2005,6,5,15343,38.02,HOEP (Legacy)
2005-06-09 05:00:00,2005,6,6,16352,49.2,HOEP (Legacy)
2005-06-09 06:00:00,2005,6,7,18403,59.51,HOEP (Legacy)
2005-06-09 07:00:00,2005,6,8,19883,82.06,HOEP (Legacy)
2005-06-09 08:00:00,2005,6,9,20600,107.52,HOEP (Legacy)
2005-06-09 09:00:00,2005,6,10,21419,106.32,HOEP (Legacy)
2005-06-09 10:00:00,2005,6,11,22036,106.2,HOEP (Legacy)
2005-06-09 11:00:00,2005,6,12,22490,119.58,HOEP (Legacy)
2005-06-09 12:00:00,2005,6,13,23222,136.11,HOEP (Legacy)
2005-06-09 13:00:00,2005,6,14,23466,116.07,HOEP (Legacy)
2005-06-09 14:00:00,2005,6,15,23785,123.32,HOEP (Legacy)
2005-06-09 15:00:00,2005,6,16,23949,169.99,HOEP (Legacy)
2005-06-09 16:00:00,2005,6,17,23868,136.3,HOEP (Legacy)
2005-06-09 17:00:00,2005,6,18,23418,109.53,HOEP (Legacy)
2005-06-09 18:00:00,2005,6,19,22762,98.97,HOEP (Legacy)
2005-06-09 19:00:00,2005,6,20,22298,91.1,HOEP (Legacy)
2005-06-09 20:00:00,2005,6,21,22388,102.87,HOEP (Legacy)
2005-06-09 21:00:00,2005,6,22,21312,90.59,HOEP (Legacy)
2005-06-09 22:00:00,2005,6,23,19449,94.71,HOEP (Legacy)
2005-06-09 23:00:00,2005,6,24,17793,52.56,HOEP (Legacy)
2005-06-10 00:00:00,2005,6,1,16883,46.94,HOEP (Legacy)
2005-06-10 01:00:00,2005,6,2,16460,38.48,HOEP (Legacy)
2005-06-10 02:00:00,2005,6,3,15943,36.31,HOEP (Legacy)
2005-06-10 03:00:00,2005,6,4,15764,36.05,HOEP (Legacy)
2005-06-10 04:00:00,2005,6,5,16208,37.26,HOEP (Legacy)
2005-06-10 05:00:00,2005,6,6,17228,42.5,HOEP (Legacy)
2005-06-10 06:00:00,2005,6,7,19522,70.76,HOEP (Legacy)
2005-06-10 07:00:00,2005,6,8,21148,97.71,HOEP (Legacy)
2005-06-10 08:00:00,2005,6,9,21976,107.08,HOEP (Legacy)
2005-06-10 09:00:00,2005,6,10,22813,102.96,HOEP (Legacy)
2005-06-10 10:00:00,2005,6,11,23644,118.48,HOEP (Legacy)
2005-06-10 11:00:00,2005,6,12,23960,113.83,HOEP (Legacy)
2005-06-10 12:00:00,2005,6,13,24440,116.27,HOEP (Legacy)
2005-06-10 13:00:00,2005,6,14,24545,113.0,HOEP (Legacy)
2005-06-10 14:00:00,2005,6,15,24595,229.1,HOEP (Legacy)
2005-06-10 15:00:00,2005,6,16,24793,125.65,HOEP (Legacy)
2005-06-10 16:00:00,2005,6,17,24563,107.3,HOEP (Legacy)
2005-06-10 17:00:00,2005,6,18,23995,101.98,HOEP (Legacy)
2005-06-10 18:00:00,2005,6,19,22974,89.66,HOEP (Legacy)
2005-06-10 19:00:00,2005,6,20,22835,92.78,HOEP (Legacy)
2005-06-10 20:00:00,2005,6,21,22380,81.7,HOEP (Legacy)
2005-06-10 21:00:00,2005,6,22,21309,69.47,HOEP (Legacy)
2005-06-10 22:00:00,2005,6,23,19401,86.03,HOEP (Legacy)
2005-06-10 23:00:00,2005,6,24,17727,55.05,HOEP (Legacy)
2005-06-11 00:00:00,2005,6,1,17093,55.85,HOEP (Legacy)
2005-06-11 01:00:00,2005,6,2,16497,46.69,HOEP (Legacy)
2005-06-11 02:00:00,2005,6,3,15918,38.89,HOEP (Legacy)
2005-06-11 03:00:00,2005,6,4,15215,38.02,HOEP (Legacy)
2005-06-11 04:00:00,2005,6,5,15474,37.34,HOEP (Legacy)
2005-06-11 05:00:00,2005,6,6,15461,38.41,HOEP (Legacy)
2005-06-11 06:00:00,2005,6,7,16992,45.25,HOEP (Legacy)
2005-06-11 07:00:00,2005,6,8,18915,56.07,HOEP (Legacy)
2005-06-11 08:00:00,2005,6,9,20515,86.56,HOEP (Legacy)
2005-06-11 09:00:00,2005,6,10,21449,141.86,HOEP (Legacy)
2005-06-11 10:00:00,2005,6,11,21980,128.63,HOEP (Legacy)
2005-06-11 11:00:00,2005,6,12,22382,139.84,HOEP (Legacy)
2005-06-11 12:00:00,2005,6,13,22527,133.04,HOEP (Legacy)
2005-06-11 13:00:00,2005,6,14,22541,125.5,HOEP (Legacy)
2005-06-11 14:00:00,2005,6,15,22563,108.85,HOEP (Legacy)
2005-06-11 15:00:00,2005,6,16,22533,103.55,HOEP (Legacy)
2005-06-11 16:00:00,2005,6,17,22587,106.78,HOEP (Legacy)
2005-06-11 17:00:00,2005,6,18,22176,101.1,HOEP (Legacy)
2005-06-11 18:00:00,2005,6,19,21345,82.43,HOEP (Legacy)
2005-06-11 19:00:00,2005,6,20,20916,67.64,HOEP (Legacy)
2005-06-11 20:00:00,2005,6,21,20920,85.28,HOEP (Legacy)
2005-06-11 21:00:00,2005,6,22,20338,62.48,HOEP (Legacy)
2005-06-11 22:00:00,2005,6,23,18867,52.94,HOEP (Legacy)
2005-06-11 23:00:00,2005,6,24,17730,53.66,HOEP (Legacy)
2005-06-12 00:00:00,2005,6,1,17122,50.52,HOEP (Legacy)
2005-06-12 01:00:00,2005,6,2,16456,56.28,HOEP (Legacy)
2005-06-12 02:00:00,2005,6,3,16043,46.86,HOEP (Legacy)
2005-06-12 03:00:00,2005,6,4,15683,44.1,HOEP (Legacy)
2005-06-12 04:00:00,2005,6,5,15616,37.12,HOEP (Legacy)
2005-06-12 05:00:00,2005,6,6,15348,35.71,HOEP (Legacy)
2005-06-12 06:00:00,2005,6,7,15758,40.03,HOEP (Legacy)
2005-06-12 07:00:00,2005,6,8,17091,46.78,HOEP (Legacy)
2005-06-12 08:00:00,2005,6,9,18544,50.08,HOEP (Legacy)
2005-06-12 09:00:00,2005,6,10,19615,57.1,HOEP (Legacy)
2005-06-12 10:00:00,2005,6,11,20498,58.38,HOEP (Legacy)
2005-06-12 11:00:00,2005,6,12,21252,68.99,HOEP (Legacy)
2005-06-12 12:00:00,2005,6,13,21680,101.86,HOEP (Legacy)
2005-06-12 13:00:00,2005,6,14,21740,77.9,HOEP (Legacy)
2005-06-12 14:00:00,2005,6,15,21857,76.99,HOEP (Legacy)
2005-06-12 15:00:00,2005,6,16,21907,61.89,HOEP (Legacy)
2005-06-12 16:00:00,2005,6,17,21917,86.8,HOEP (Legacy)
2005-06-12 17:00:00,2005,6,18,21756,83.03,HOEP (Legacy)
2005-06-12 18:00:00,2005,6,19,21333,64.71,HOEP (Legacy)
2005-06-12 19:00:00,2005,6,20,21160,62.89,HOEP (Legacy)
2005-06-12 20:00:00,2005,6,21,21774,81.6,HOEP (Legacy)
2005-06-12 21:00:00,2005,6,22,20945,63.86,HOEP (Legacy)
2005-06-12 22:00:00,2005,6,23,19495,65.78,HOEP (Legacy)
2005-06-12 23:00:00,2005,6,24,18209,62.48,HOEP (Legacy)
2005-06-13 00:00:00,2005,6,1,17284,47.87,HOEP (Legacy)
2005-06-13 01:00:00,2005,6,2,17159,46.09,HOEP (Legacy)
2005-06-13 02:00:00,2005,6,3,16824,49.03,HOEP (Legacy)
2005-06-13 03:00:00,2005,6,4,16796,48.41,HOEP (Legacy)
2005-06-13 04:00:00,2005,6,5,17184,49.46,HOEP (Legacy)
2005-06-13 05:00:00,2005,6,6,18168,47.35,HOEP (Legacy)
2005-06-13 06:00:00,2005,6,7,20351,58.33,HOEP (Legacy)
2005-06-13 07:00:00,2005,6,8,21902,62.46,HOEP (Legacy)
2005-06-13 08:00:00,2005,6,9,22758,76.59,HOEP (Legacy)
2005-06-13 09:00:00,2005,6,10,23527,102.84,HOEP (Legacy)
2005-06-13 10:00:00,2005,6,11,24072,112.15,HOEP (Legacy)
2005-06-13 11:00:00,2005,6,12,24181,126.08,HOEP (Legacy)
2005-06-13 12:00:00,2005,6,13,24325,118.25,HOEP (Legacy)
2005-06-13 13:00:00,2005,6,14,24285,110.08,HOEP (Legacy)
2005-06-13 14:00:00,2005,6,15,24474,110.2,HOEP (Legacy)
2005-06-13 15:00:00,2005,6,16,24423,106.85,HOEP (Legacy)
2005-06-13 16:00:00,2005,6,17,23712,104.45,HOEP (Legacy)
2005-06-13 17:00:00,2005,6,18,23344,101.74,HOEP (Legacy)
2005-06-13 18:00:00,2005,6,19,22800,94.13,HOEP (Legacy)
2005-06-13 19:00:00,2005,6,20,22569,100.67,HOEP (Legacy)
2005-06-13 20:00:00,2005,6,21,22521,94.6,HOEP (Legacy)
2005-06-13 21:00:00,2005,6,22,21189,76.94,HOEP (Legacy)
2005-06-13 22:00:00,2005,6,23,19333,56.58,HOEP (Legacy)
2005-06-13 23:00:00,2005,6,24,17881,53.99,HOEP (Legacy)
2005-06-14 00:00:00,2005,6,1,17178,50.85,HOEP (Legacy)
2005-06-14 01:00:00,2005,6,2,16864,39.94,HOEP (Legacy)
2005-06-14 02:00:00,2005,6,3,16398,38.51,HOEP (Legacy)
2005-06-14 03:00:00,2005,6,4,16183,38.27,HOEP (Legacy)
2005-06-14 04:00:00,2005,6,5,16552,39.82,HOEP (Legacy)
2005-06-14 05:00:00,2005,6,6,17472,58.4,HOEP (Legacy)
2005-06-14 06:00:00,2005,6,7,19615,83.51,HOEP (Legacy)
2005-06-14 07:00:00,2005,6,8,21059,104.17,HOEP (Legacy)
2005-06-14 08:00:00,2005,6,9,21804,109.6,HOEP (Legacy)
2005-06-14 09:00:00,2005,6,10,22694,105.03,HOEP (Legacy)
2005-06-14 10:00:00,2005,6,11,23236,106.98,HOEP (Legacy)
2005-06-14 11:00:00,2005,6,12,23594,107.81,HOEP (Legacy)
2005-06-14 12:00:00,2005,6,13,23976,107.34,HOEP (Legacy)
2005-06-14 13:00:00,2005,6,14,24026,118.52,HOEP (Legacy)
2005-06-14 14:00:00,2005,6,15,24448,119.41,HOEP (Legacy)
2005-06-14 15:00:00,2005,6,16,24903,126.3,HOEP (Legacy)
2005-06-14 16:00:00,2005,6,17,24995,131.51,HOEP (Legacy)
2005-06-14 17:00:00,2005,6,18,24201,121.64,HOEP (Legacy)
2005-06-14 18:00:00,2005,6,19,23268,104.97,HOEP (Legacy)
2005-06-14 19:00:00,2005,6,20,22545,91.46,HOEP (Legacy)
2005-06-14 20:00:00,2005,6,21,22147,93.22,HOEP (Legacy)
2005-06-14 21:00:00,2005,6,22,20658,67.42,HOEP (Legacy)
2005-06-14 22:00:00,2005,6,23,18649,53.48,HOEP (Legacy)
2005-06-14 23:00:00,2005,6,24,17169,42.4,HOEP (Legacy)
2005-06-15 00:00:00,2005,6,1,16466,35.4,HOEP (Legacy)
2005-06-15 01:00:00,2005,6,2,15991,34.59,HOEP (Legacy)
2005-06-15 02:00:00,2005,6,3,15556,34.12,HOEP (Legacy)
2005-06-15 03:00:00,2005,6,4,15511,32.24,HOEP (Legacy)
2005-06-15 04:00:00,2005,6,5,15860,33.58,HOEP (Legacy)
2005-06-15 05:00:00,2005,6,6,16744,35.86,HOEP (Legacy)
2005-06-15 06:00:00,2005,6,7,18717,50.16,HOEP (Legacy)
2005-06-15 07:00:00,2005,6,8,19772,54.38,HOEP (Legacy)
2005-06-15 08:00:00,2005,6,9,20060,51.56,HOEP (Legacy)
2005-06-15 09:00:00,2005,6,10,20437,53.91,HOEP (Legacy)
2005-06-15 10:00:00,2005,6,11,20820,55.62,HOEP (Legacy)
2005-06-15 11:00:00,2005,6,12,20751,56.27,HOEP (Legacy)
2005-06-15 12:00:00,2005,6,13,20757,61.61,HOEP (Legacy)
2005-06-15 13:00:00,2005,6,14,20676,62.8,HOEP (Legacy)
2005-06-15 14:00:00,2005,6,15,20937,51.61,HOEP (Legacy)
2005-06-15 15:00:00,2005,6,16,21145,55.29,HOEP (Legacy)
2005-06-15 16:00:00,2005,6,17,21063,57.37,HOEP (Legacy)
2005-06-15 17:00:00,2005,6,18,20273,53.02,HOEP (Legacy)
2005-06-15 18:00:00,2005,6,19,19556,44.95,HOEP (Legacy)
2005-06-15 19:00:00,2005,6,20,19242,43.75,HOEP (Legacy)
2005-06-15 20:00:00,2005,6,21,19268,54.85,HOEP (Legacy)
2005-06-15 21:00:00,2005,6,22,18217,46.18,HOEP (Legacy)
2005-06-15 22:00:00,2005,6,23,16298,40.01,HOEP (Legacy)
2005-06-15 23:00:00,2005,6,24,15125,38.67,HOEP (Legacy)
2005-06-16 00:00:00,2005,6,1,14558,34.88,HOEP (Legacy)
2005-06-16 01:00:00,2005,6,2,14381,33.77,HOEP (Legacy)
2005-06-16 02:00:00,2005,6,3,14049,29.27,HOEP (Legacy)
2005-06-16 03:00:00,2005,6,4,13958,30.15,HOEP (Legacy)
2005-06-16 04:00:00,2005,6,5,14436,32.68,HOEP (Legacy)
2005-06-16 05:00:00,2005,6,6,15444,33.49,HOEP (Legacy)
2005-06-16 06:00:00,2005,6,7,17011,43.28,HOEP (Legacy)
2005-06-16 07:00:00,2005,6,8,18223,46.02,HOEP (Legacy)
2005-06-16 08:00:00,2005,6,9,18319,42.93,HOEP (Legacy)
2005-06-16 09:00:00,2005,6,10,18645,48.09,HOEP (Legacy)
2005-06-16 10:00:00,2005,6,11,18668,43.92,HOEP (Legacy)
2005-06-16 11:00:00,2005,6,12,18485,50.0,HOEP (Legacy)
2005-06-16 12:00:00,2005,6,13,18529,50.0,HOEP (Legacy)
2005-06-16 13:00:00,2005,6,14,18593,42.65,HOEP (Legacy)
2005-06-16 14:00:00,2005,6,15,18544,44.25,HOEP (Legacy)
2005-06-16 15:00:00,2005,6,16,18538,42.84,HOEP (Legacy)
2005-06-16 16:00:00,2005,6,17,18369,41.95,HOEP (Legacy)
2005-06-16 17:00:00,2005,6,18,17895,42.37,HOEP (Legacy)
2005-06-16 18:00:00,2005,6,19,17629,40.54,HOEP (Legacy)
2005-06-16 19:00:00,2005,6,20,17588,40.82,HOEP (Legacy)
2005-06-16 20:00:00,2005,6,21,17831,48.49,HOEP (Legacy)
2005-06-16 21:00:00,2005,6,22,17042,42.07,HOEP (Legacy)
2005-06-16 22:00:00,2005,6,23,15356,37.85,HOEP (Legacy)
2005-06-16 23:00:00,2005,6,24,14324,32.47,HOEP (Legacy)
2005-06-17 00:00:00,2005,6,1,13847,26.69,HOEP (Legacy)
2005-06-17 01:00:00,2005,6,2,13442,25.73,HOEP (Legacy)
2005-06-17 02:00:00,2005,6,3,13243,14.28,HOEP (Legacy)
2005-06-17 03:00:00,2005,6,4,13396,21.52,HOEP (Legacy)
2005-06-17 04:00:00,2005,6,5,13842,24.1,HOEP (Legacy)
2005-06-17 05:00:00,2005,6,6,14682,26.95,HOEP (Legacy)
2005-06-17 06:00:00,2005,6,7,16547,38.98,HOEP (Legacy)
2005-06-17 07:00:00,2005,6,8,17703,41.62,HOEP (Legacy)
2005-06-17 08:00:00,2005,6,9,17931,43.05,HOEP (Legacy)
2005-06-17 09:00:00,2005,6,10,18408,43.55,HOEP (Legacy)
2005-06-17 10:00:00,2005,6,11,18511,77.29,HOEP (Legacy)
2005-06-17 11:00:00,2005,6,12,18387,87.24,HOEP (Legacy)
2005-06-17 12:00:00,2005,6,13,18357,80.67,HOEP (Legacy)
2005-06-17 13:00:00,2005,6,14,18310,43.08,HOEP (Legacy)
2005-06-17 14:00:00,2005,6,15,18180,43.07,HOEP (Legacy)
2005-06-17 15:00:00,2005,6,16,18142,71.06,HOEP (Legacy)
2005-06-17 16:00:00,2005,6,17,17824,42.62,HOEP (Legacy)
2005-06-17 17:00:00,2005,6,18,17356,41.43,HOEP (Legacy)
2005-06-17 18:00:00,2005,6,19,17038,39.71,HOEP (Legacy)
2005-06-17 19:00:00,2005,6,20,16892,38.79,HOEP (Legacy)
2005-06-17 20:00:00,2005,6,21,17084,42.48,HOEP (Legacy)
2005-06-17 21:00:00,2005,6,22,16451,39.54,HOEP (Legacy)
2005-06-17 22:00:00,2005,6,23,14880,36.92,HOEP (Legacy)
2005-06-17 23:00:00,2005,6,24,14021,31.7,HOEP (Legacy)
2005-06-18 00:00:00,2005,6,1,13309,27.42,HOEP (Legacy)
2005-06-18 01:00:00,2005,6,2,12969,27.07,HOEP (Legacy)
2005-06-18 02:00:00,2005,6,3,12763,26.21,HOEP (Legacy)
2005-06-18 03:00:00,2005,6,4,12728,25.84,HOEP (Legacy)
2005-06-18 04:00:00,2005,6,5,12852,16.54,HOEP (Legacy)
2005-06-18 05:00:00,2005,6,6,13075,14.23,HOEP (Legacy)
2005-06-18 06:00:00,2005,6,7,13849,24.09,HOEP (Legacy)
2005-06-18 07:00:00,2005,6,8,15019,41.34,HOEP (Legacy)
2005-06-18 08:00:00,2005,6,9,15951,44.11,HOEP (Legacy)
2005-06-18 09:00:00,2005,6,10,16354,44.01,HOEP (Legacy)
2005-06-18 10:00:00,2005,6,11,16528,43.62,HOEP (Legacy)
2005-06-18 11:00:00,2005,6,12,16464,41.59,HOEP (Legacy)
2005-06-18 12:00:00,2005,6,13,16174,49.42,HOEP (Legacy)
2005-06-18 13:00:00,2005,6,14,16009,44.49,HOEP (Legacy)
2005-06-18 14:00:00,2005,6,15,15807,42.53,HOEP (Legacy)
2005-06-18 15:00:00,2005,6,16,15758,41.34,HOEP (Legacy)
2005-06-18 16:00:00,2005,6,17,15862,39.81,HOEP (Legacy)
2005-06-18 17:00:00,2005,6,18,15750,34.74,HOEP (Legacy)
2005-06-18 18:00:00,2005,6,19,15410,34.11,HOEP (Legacy)
2005-06-18 19:00:00,2005,6,20,15337,35.12,HOEP (Legacy)
2005-06-18 20:00:00,2005,6,21,15647,41.21,HOEP (Legacy)
2005-06-18 21:00:00,2005,6,22,14977,42.15,HOEP (Legacy)
2005-06-18 22:00:00,2005,6,23,14020,32.07,HOEP (Legacy)
2005-06-18 23:00:00,2005,6,24,13301,31.21,HOEP (Legacy)
2005-06-19 00:00:00,2005,6,1,12641,16.51,HOEP (Legacy)
2005-06-19 01:00:00,2005,6,2,12438,13.16,HOEP (Legacy)
2005-06-19 02:00:00,2005,6,3,12225,13.42,HOEP (Legacy)
2005-06-19 03:00:00,2005,6,4,12101,12.84,HOEP (Legacy)
2005-06-19 04:00:00,2005,6,5,12066,13.07,HOEP (Legacy)
2005-06-19 05:00:00,2005,6,6,12085,11.45,HOEP (Legacy)
2005-06-19 06:00:00,2005,6,7,12723,14.93,HOEP (Legacy)
2005-06-19 07:00:00,2005,6,8,13730,29.24,HOEP (Legacy)
2005-06-19 08:00:00,2005,6,9,14635,32.94,HOEP (Legacy)
2005-06-19 09:00:00,2005,6,10,15236,40.24,HOEP (Legacy)
2005-06-19 10:00:00,2005,6,11,15565,38.56,HOEP (Legacy)
2005-06-19 11:00:00,2005,6,12,15640,35.38,HOEP (Legacy)
2005-06-19 12:00:00,2005,6,13,15498,41.39,HOEP (Legacy)
2005-06-19 13:00:00,2005,6,14,15378,39.45,HOEP (Legacy)
2005-06-19 14:00:00,2005,6,15,15281,35.47,HOEP (Legacy)
2005-06-19 15:00:00,2005,6,16,15435,42.09,HOEP (Legacy)
2005-06-19 16:00:00,2005,6,17,15531,42.49,HOEP (Legacy)
2005-06-19 17:00:00,2005,6,18,15398,34.96,HOEP (Legacy)
2005-06-19 18:00:00,2005,6,19,15222,34.17,HOEP (Legacy)
2005-06-19 19:00:00,2005,6,20,15435,33.8,HOEP (Legacy)
2005-06-19 20:00:00,2005,6,21,15972,40.42,HOEP (Legacy)
2005-06-19 21:00:00,2005,6,22,15522,37.79,HOEP (Legacy)
2005-06-19 22:00:00,2005,6,23,14222,22.71,HOEP (Legacy)
2005-06-19 23:00:00,2005,6,24,13516,20.65,HOEP (Legacy)
2005-06-20 00:00:00,2005,6,1,13132,28.95,HOEP (Legacy)
2005-06-20 01:00:00,2005,6,2,12838,13.96,HOEP (Legacy)
2005-06-20 02:00:00,2005,6,3,12755,12.96,HOEP (Legacy)
2005-06-20 03:00:00,2005,6,4,12977,9.2,HOEP (Legacy)
2005-06-20 04:00:00,2005,6,5,13290,13.33,HOEP (Legacy)
2005-06-20 05:00:00,2005,6,6,14320,23.16,HOEP (Legacy)
2005-06-20 06:00:00,2005,6,7,16230,36.41,HOEP (Legacy)
2005-06-20 07:00:00,2005,6,8,17569,40.91,HOEP (Legacy)
2005-06-20 08:00:00,2005,6,9,18336,41.6,HOEP (Legacy)
2005-06-20 09:00:00,2005,6,10,18772,50.09,HOEP (Legacy)
2005-06-20 10:00:00,2005,6,11,19184,56.94,HOEP (Legacy)
2005-06-20 11:00:00,2005,6,12,19302,42.39,HOEP (Legacy)
2005-06-20 12:00:00,2005,6,13,19458,61.76,HOEP (Legacy)
2005-06-20 13:00:00,2005,6,14,19571,61.7,HOEP (Legacy)
2005-06-20 14:00:00,2005,6,15,19691,65.35,HOEP (Legacy)
2005-06-20 15:00:00,2005,6,16,20112,62.3,HOEP (Legacy)
2005-06-20 16:00:00,2005,6,17,20132,61.27,HOEP (Legacy)
2005-06-20 17:00:00,2005,6,18,19799,62.37,HOEP (Legacy)
2005-06-20 18:00:00,2005,6,19,19155,52.77,HOEP (Legacy)
2005-06-20 19:00:00,2005,6,20,18484,51.61,HOEP (Legacy)
2005-06-20 20:00:00,2005,6,21,18637,118.73,HOEP (Legacy)
2005-06-20 21:00:00,2005,6,22,18360,68.23,HOEP (Legacy)
2005-06-20 22:00:00,2005,6,23,16233,38.62,HOEP (Legacy)
2005-06-20 23:00:00,2005,6,24,14866,27.82,HOEP (Legacy)
2005-06-21 00:00:00,2005,6,1,14367,29.36,HOEP (Legacy)
2005-06-21 01:00:00,2005,6,2,13988,25.79,HOEP (Legacy)
2005-06-21 02:00:00,2005,6,3,13714,9.85,HOEP (Legacy)
2005-06-21 03:00:00,2005,6,4,13617,19.14,HOEP (Legacy)
2005-06-21 04:00:00,2005,6,5,13971,15.13,HOEP (Legacy)
2005-06-21 05:00:00,2005,6,6,14905,30.88,HOEP (Legacy)
2005-06-21 06:00:00,2005,6,7,17025,40.41,HOEP (Legacy)
2005-06-21 07:00:00,2005,6,8,18486,44.03,HOEP (Legacy)
2005-06-21 08:00:00,2005,6,9,19155,41.55,HOEP (Legacy)
2005-06-21 09:00:00,2005,6,10,19872,48.12,HOEP (Legacy)
2005-06-21 10:00:00,2005,6,11,20372,60.24,HOEP (Legacy)
2005-06-21 11:00:00,2005,6,12,20646,67.43,HOEP (Legacy)
2005-06-21 12:00:00,2005,6,13,21075,67.73,HOEP (Legacy)
2005-06-21 13:00:00,2005,6,14,21109,74.9,HOEP (Legacy)
2005-06-21 14:00:00,2005,6,15,21231,94.22,HOEP (Legacy)
2005-06-21 15:00:00,2005,6,16,21323,56.37,HOEP (Legacy)
2005-06-21 16:00:00,2005,6,17,21016,55.4,HOEP (Legacy)
2005-06-21 17:00:00,2005,6,18,20353,52.7,HOEP (Legacy)
2005-06-21 18:00:00,2005,6,19,19592,42.64,HOEP (Legacy)
2005-06-21 19:00:00,2005,6,20,19484,63.73,HOEP (Legacy)
2005-06-21 20:00:00,2005,6,21,19321,69.11,HOEP (Legacy)
2005-06-21 21:00:00,2005,6,22,18317,40.71,HOEP (Legacy)
2005-06-21 22:00:00,2005,6,23,16656,36.68,HOEP (Legacy)
2005-06-21 23:00:00,2005,6,24,15351,35.28,HOEP (Legacy)
2005-06-22 00:00:00,2005,6,1,14898,33.78,HOEP (Legacy)
2005-06-22 01:00:00,2005,6,2,14397,32.21,HOEP (Legacy)
2005-06-22 02:00:00,2005,6,3,14018,29.06,HOEP (Legacy)
2005-06-22 03:00:00,2005,6,4,13885,29.5,HOEP (Legacy)
2005-06-22 04:00:00,2005,6,5,14115,31.42,HOEP (Legacy)
2005-06-22 05:00:00,2005,6,6,15100,35.02,HOEP (Legacy)
2005-06-22 06:00:00,2005,6,7,17060,41.23,HOEP (Legacy)
2005-06-22 07:00:00,2005,6,8,18217,42.14,HOEP (Legacy)
2005-06-22 08:00:00,2005,6,9,18661,45.04,HOEP (Legacy)
2005-06-22 09:00:00,2005,6,10,19356,97.96,HOEP (Legacy)
2005-06-22 10:00:00,2005,6,11,19618,94.24,HOEP (Legacy)
2005-06-22 11:00:00,2005,6,12,19779,64.94,HOEP (Legacy)
2005-06-22 12:00:00,2005,6,13,19846,69.73,HOEP (Legacy)
2005-06-22 13:00:00,2005,6,14,19909,83.4,HOEP (Legacy)
2005-06-22 14:00:00,2005,6,15,20040,88.08,HOEP (Legacy)
2005-06-22 15:00:00,2005,6,16,20217,81.77,HOEP (Legacy)
2005-06-22 16:00:00,2005,6,17,20135,88.3,HOEP (Legacy)
2005-06-22 17:00:00,2005,6,18,19763,76.66,HOEP (Legacy)
2005-06-22 18:00:00,2005,6,19,19023,60.72,HOEP (Legacy)
2005-06-22 19:00:00,2005,6,20,18623,61.27,HOEP (Legacy)
2005-06-22 20:00:00,2005,6,21,18475,56.36,HOEP (Legacy)
2005-06-22 21:00:00,2005,6,22,17730,55.16,HOEP (Legacy)
2005-06-22 22:00:00,2005,6,23,15758,35.58,HOEP (Legacy)
2005-06-22 23:00:00,2005,6,24,14506,35.02,HOEP (Legacy)
2005-06-23 00:00:00,2005,6,1,14036,34.23,HOEP (Legacy)
2005-06-23 01:00:00,2005,6,2,13721,30.65,HOEP (Legacy)
2005-06-23 02:00:00,2005,6,3,13505,26.5,HOEP (Legacy)
2005-06-23 03:00:00,2005,6,4,13421,28.61,HOEP (Legacy)
2005-06-23 04:00:00,2005,6,5,13733,26.37,HOEP (Legacy)
2005-06-23 05:00:00,2005,6,6,14550,31.81,HOEP (Legacy)
2005-06-23 06:00:00,2005,6,7,16491,45.41,HOEP (Legacy)
2005-06-23 07:00:00,2005,6,8,17919,48.5,HOEP (Legacy)
2005-06-23 08:00:00,2005,6,9,18540,55.43,HOEP (Legacy)
2005-06-23 09:00:00,2005,6,10,19180,54.77,HOEP (Legacy)
2005-06-23 10:00:00,2005,6,11,19493,55.38,HOEP (Legacy)
2005-06-23 11:00:00,2005,6,12,19548,52.68,HOEP (Legacy)
2005-06-23 12:00:00,2005,6,13,19931,59.72,HOEP (Legacy)
2005-06-23 13:00:00,2005,6,14,20112,66.79,HOEP (Legacy)
2005-06-23 14:00:00,2005,6,15,20373,70.12,HOEP (Legacy)
2005-06-23 15:00:00,2005,6,16,20646,92.09,HOEP (Legacy)
2005-06-23 16:00:00,2005,6,17,20570,75.54,HOEP (Legacy)
2005-06-23 17:00:00,2005,6,18,19953,82.05,HOEP (Legacy)
2005-06-23 18:00:00,2005,6,19,19523,81.79,HOEP (Legacy)
2005-06-23 19:00:00,2005,6,20,19174,87.53,HOEP (Legacy)
2005-06-23 20:00:00,2005,6,21,19257,92.18,HOEP (Legacy)
2005-06-23 21:00:00,2005,6,22,18548,50.21,HOEP (Legacy)
2005-06-23 22:00:00,2005,6,23,16766,45.33,HOEP (Legacy)
2005-06-23 23:00:00,2005,6,24,15299,40.82,HOEP (Legacy)
2005-06-24 00:00:00,2005,6,1,14703,33.05,HOEP (Legacy)
2005-06-24 01:00:00,2005,6,2,14213,32.08,HOEP (Legacy)
2005-06-24 02:00:00,2005,6,3,13926,29.4,HOEP (Legacy)
2005-06-24 03:00:00,2005,6,4,13813,29.29,HOEP (Legacy)
2005-06-24 04:00:00,2005,6,5,14200,30.85,HOEP (Legacy)
2005-06-24 05:00:00,2005,6,6,15248,30.83,HOEP (Legacy)
2005-06-24 06:00:00,2005,6,7,17322,37.02,HOEP (Legacy)
2005-06-24 07:00:00,2005,6,8,18937,40.99,HOEP (Legacy)
2005-06-24 08:00:00,2005,6,9,20019,50.39,HOEP (Legacy)
2005-06-24 09:00:00,2005,6,10,20913,78.35,HOEP (Legacy)
2005-06-24 10:00:00,2005,6,11,21562,71.1,HOEP (Legacy)
2005-06-24 11:00:00,2005,6,12,22095,94.14,HOEP (Legacy)
2005-06-24 12:00:00,2005,6,13,22758,120.92,HOEP (Legacy)
2005-06-24 13:00:00,2005,6,14,23110,123.97,HOEP (Legacy)
2005-06-24 14:00:00,2005,6,15,23554,181.27,HOEP (Legacy)
2005-06-24 15:00:00,2005,6,16,23802,288.76,HOEP (Legacy)
2005-06-24 16:00:00,2005,6,17,23663,438.58,HOEP (Legacy)
2005-06-24 17:00:00,2005,6,18,23498,125.92,HOEP (Legacy)
2005-06-24 18:00:00,2005,6,19,23068,132.39,HOEP (Legacy)
2005-06-24 19:00:00,2005,6,20,22380,135.91,HOEP (Legacy)
2005-06-24 20:00:00,2005,6,21,22097,175.43,HOEP (Legacy)
2005-06-24 21:00:00,2005,6,22,21514,146.57,HOEP (Legacy)
2005-06-24 22:00:00,2005,6,23,19658,141.1,HOEP (Legacy)
2005-06-24 23:00:00,2005,6,24,18278,120.21,HOEP (Legacy)
2005-06-25 00:00:00,2005,6,1,17344,76.04,HOEP (Legacy)
2005-06-25 01:00:00,2005,6,2,16532,51.28,HOEP (Legacy)
2005-06-25 02:00:00,2005,6,3,15956,46.02,HOEP (Legacy)
2005-06-25 03:00:00,2005,6,4,15570,41.41,HOEP (Legacy)
2005-06-25 04:00:00,2005,6,5,15367,44.88,HOEP (Legacy)
2005-06-25 05:00:00,2005,6,6,15549,40.26,HOEP (Legacy)
2005-06-25 06:00:00,2005,6,7,16901,44.02,HOEP (Legacy)
2005-06-25 07:00:00,2005,6,8,18745,54.95,HOEP (Legacy)
2005-06-25 08:00:00,2005,6,9,20514,82.01,HOEP (Legacy)
2005-06-25 09:00:00,2005,6,10,21597,96.27,HOEP (Legacy)
2005-06-25 10:00:00,2005,6,11,22430,90.04,HOEP (Legacy)
2005-06-25 11:00:00,2005,6,12,22906,110.85,HOEP (Legacy)
2005-06-25 12:00:00,2005,6,13,23065,116.24,HOEP (Legacy)
2005-06-25 13:00:00,2005,6,14,23015,115.66,HOEP (Legacy)
2005-06-25 14:00:00,2005,6,15,22907,108.75,HOEP (Legacy)
2005-06-25 15:00:00,2005,6,16,22645,89.69,HOEP (Legacy)
2005-06-25 16:00:00,2005,6,17,22512,98.66,HOEP (Legacy)
2005-06-25 17:00:00,2005,6,18,22240,83.22,HOEP (Legacy)
2005-06-25 18:00:00,2005,6,19,21706,72.03,HOEP (Legacy)
2005-06-25 19:00:00,2005,6,20,20977,68.28,HOEP (Legacy)
2005-06-25 20:00:00,2005,6,21,20612,60.19,HOEP (Legacy)
2005-06-25 21:00:00,2005,6,22,20002,57.43,HOEP (Legacy)
2005-06-25 22:00:00,2005,6,23,18420,57.5,HOEP (Legacy)
2005-06-25 23:00:00,2005,6,24,16989,49.31,HOEP (Legacy)
2005-06-26 00:00:00,2005,6,1,16019,40.04,HOEP (Legacy)
2005-06-26 01:00:00,2005,6,2,15317,35.09,HOEP (Legacy)
2005-06-26 02:00:00,2005,6,3,14704,32.81,HOEP (Legacy)
2005-06-26 03:00:00,2005,6,4,14387,31.25,HOEP (Legacy)
2005-06-26 04:00:00,2005,6,5,14148,29.48,HOEP (Legacy)
2005-06-26 05:00:00,2005,6,6,14034,30.31,HOEP (Legacy)
2005-06-26 06:00:00,2005,6,7,14938,31.88,HOEP (Legacy)
2005-06-26 07:00:00,2005,6,8,16458,38.39,HOEP (Legacy)
2005-06-26 08:00:00,2005,6,9,18105,43.91,HOEP (Legacy)
2005-06-26 09:00:00,2005,6,10,19273,54.43,HOEP (Legacy)
2005-06-26 10:00:00,2005,6,11,20101,57.09,HOEP (Legacy)
2005-06-26 11:00:00,2005,6,12,20691,100.55,HOEP (Legacy)
2005-06-26 12:00:00,2005,6,13,20823,102.99,HOEP (Legacy)
2005-06-26 13:00:00,2005,6,14,20845,54.5,HOEP (Legacy)
2005-06-26 14:00:00,2005,6,15,21131,84.15,HOEP (Legacy)
2005-06-26 15:00:00,2005,6,16,21483,96.56,HOEP (Legacy)
2005-06-26 16:00:00,2005,6,17,21880,95.33,HOEP (Legacy)
2005-06-26 17:00:00,2005,6,18,21617,98.15,HOEP (Legacy)
2005-06-26 18:00:00,2005,6,19,21378,77.7,HOEP (Legacy)
2005-06-26 19:00:00,2005,6,20,20807,74.83,HOEP (Legacy)
2005-06-26 20:00:00,2005,6,21,20998,85.44,HOEP (Legacy)
2005-06-26 21:00:00,2005,6,22,20532,71.67,HOEP (Legacy)
2005-06-26 22:00:00,2005,6,23,18730,44.02,HOEP (Legacy)
2005-06-26 23:00:00,2005,6,24,17356,47.36,HOEP (Legacy)
2005-06-27 00:00:00,2005,6,1,16491,47.38,HOEP (Legacy)
2005-06-27 01:00:00,2005,6,2,15983,49.75,HOEP (Legacy)
2005-06-27 02:00:00,2005,6,3,15622,51.36,HOEP (Legacy)
2005-06-27 03:00:00,2005,6,4,15453,46.61,HOEP (Legacy)
2005-06-27 04:00:00,2005,6,5,15667,46.99,HOEP (Legacy)
2005-06-27 05:00:00,2005,6,6,16500,42.67,HOEP (Legacy)
2005-06-27 06:00:00,2005,6,7,18789,60.61,HOEP (Legacy)
2005-06-27 07:00:00,2005,6,8,20730,79.78,HOEP (Legacy)
2005-06-27 08:00:00,2005,6,9,22227,91.31,HOEP (Legacy)
2005-06-27 09:00:00,2005,6,10,23402,107.93,HOEP (Legacy)
2005-06-27 10:00:00,2005,6,11,24538,113.61,HOEP (Legacy)
2005-06-27 11:00:00,2005,6,12,24976,121.73,HOEP (Legacy)
2005-06-27 12:00:00,2005,6,13,25628,130.96,HOEP (Legacy)
2005-06-27 13:00:00,2005,6,14,25728,132.57,HOEP (Legacy)
2005-06-27 14:00:00,2005,6,15,25689,151.68,HOEP (Legacy)
2005-06-27 15:00:00,2005,6,16,26029,125.13,HOEP (Legacy)
2005-06-27 16:00:00,2005,6,17,26157,118.54,HOEP (Legacy)
2005-06-27 17:00:00,2005,6,18,25514,112.91,HOEP (Legacy)
2005-06-27 18:00:00,2005,6,19,24666,116.82,HOEP (Legacy)
2005-06-27 19:00:00,2005,6,20,23834,115.84,HOEP (Legacy)
2005-06-27 20:00:00,2005,6,21,23817,113.64,HOEP (Legacy)
2005-06-27 21:00:00,2005,6,22,22828,101.1,HOEP (Legacy)
2005-06-27 22:00:00,2005,6,23,20707,71.78,HOEP (Legacy)
2005-06-27 23:00:00,2005,6,24,19295,49.55,HOEP (Legacy)
2005-06-28 00:00:00,2005,6,1,18321,49.68,HOEP (Legacy)
2005-06-28 01:00:00,2005,6,2,17695,45.91,HOEP (Legacy)
2005-06-28 02:00:00,2005,6,3,17104,40.89,HOEP (Legacy)
2005-06-28 03:00:00,2005,6,4,16807,43.92,HOEP (Legacy)
2005-06-28 04:00:00,2005,6,5,17002,43.74,HOEP (Legacy)
2005-06-28 05:00:00,2005,6,6,17906,39.95,HOEP (Legacy)
2005-06-28 06:00:00,2005,6,7,20119,56.43,HOEP (Legacy)
2005-06-28 07:00:00,2005,6,8,21941,73.18,HOEP (Legacy)
2005-06-28 08:00:00,2005,6,9,22889,101.35,HOEP (Legacy)
2005-06-28 09:00:00,2005,6,10,23954,106.52,HOEP (Legacy)
2005-06-28 10:00:00,2005,6,11,24896,112.4,HOEP (Legacy)
2005-06-28 11:00:00,2005,6,12,25375,108.85,HOEP (Legacy)
2005-06-28 12:00:00,2005,6,13,25795,111.39,HOEP (Legacy)
2005-06-28 13:00:00,2005,6,14,25646,106.12,HOEP (Legacy)
2005-06-28 14:00:00,2005,6,15,25816,104.83,HOEP (Legacy)
2005-06-28 15:00:00,2005,6,16,25861,108.58,HOEP (Legacy)
2005-06-28 16:00:00,2005,6,17,25190,98.5,HOEP (Legacy)
2005-06-28 17:00:00,2005,6,18,24748,98.59,HOEP (Legacy)
2005-06-28 18:00:00,2005,6,19,23915,97.57,HOEP (Legacy)
2005-06-28 19:00:00,2005,6,20,23280,99.75,HOEP (Legacy)
2005-06-28 20:00:00,2005,6,21,23293,98.43,HOEP (Legacy)
2005-06-28 21:00:00,2005,6,22,22183,78.59,HOEP (Legacy)
2005-06-28 22:00:00,2005,6,23,20416,66.13,HOEP (Legacy)
2005-06-28 23:00:00,2005,6,24,19020,57.02,HOEP (Legacy)
2005-06-29 00:00:00,2005,6,1,18188,46.65,HOEP (Legacy)
2005-06-29 01:00:00,2005,6,2,17465,45.58,HOEP (Legacy)
2005-06-29 02:00:00,2005,6,3,17210,49.17,HOEP (Legacy)
2005-06-29 03:00:00,2005,6,4,17080,42.11,HOEP (Legacy)
2005-06-29 04:00:00,2005,6,5,17080,42.19,HOEP (Legacy)
2005-06-29 05:00:00,2005,6,6,18000,46.87,HOEP (Legacy)
2005-06-29 06:00:00,2005,6,7,19679,52.31,HOEP (Legacy)
2005-06-29 07:00:00,2005,6,8,21215,57.63,HOEP (Legacy)
2005-06-29 08:00:00,2005,6,9,22159,87.66,HOEP (Legacy)
2005-06-29 09:00:00,2005,6,10,23034,96.61,HOEP (Legacy)
2005-06-29 10:00:00,2005,6,11,23814,101.46,HOEP (Legacy)
2005-06-29 11:00:00,2005,6,12,24152,99.5,HOEP (Legacy)
2005-06-29 12:00:00,2005,6,13,24624,102.04,HOEP (Legacy)
2005-06-29 13:00:00,2005,6,14,24789,103.1,HOEP (Legacy)
2005-06-29 14:00:00,2005,6,15,24622,101.8,HOEP (Legacy)
2005-06-29 15:00:00,2005,6,16,24572,103.18,HOEP (Legacy)
2005-06-29 16:00:00,2005,6,17,24829,107.61,HOEP (Legacy)
2005-06-29 17:00:00,2005,6,18,24453,105.21,HOEP (Legacy)
2005-06-29 18:00:00,2005,6,19,23733,119.07,HOEP (Legacy)
2005-06-29 19:00:00,2005,6,20,23247,138.66,HOEP (Legacy)
2005-06-29 20:00:00,2005,6,21,23196,99.81,HOEP (Legacy)
2005-06-29 21:00:00,2005,6,22,22429,79.71,HOEP (Legacy)
2005-06-29 22:00:00,2005,6,23,20345,79.76,HOEP (Legacy)
2005-06-29 23:00:00,2005,6,24,18715,93.33,HOEP (Legacy)
2005-06-30 00:00:00,2005,6,1,17780,52.59,HOEP (Legacy)
2005-06-30 01:00:00,2005,6,2,17046,45.57,HOEP (Legacy)
2005-06-30 02:00:00,2005,6,3,16655,46.51,HOEP (Legacy)
2005-06-30 03:00:00,2005,6,4,16296,46.67,HOEP (Legacy)
2005-06-30 04:00:00,2005,6,5,16606,45.84,HOEP (Legacy)
2005-06-30 05:00:00,2005,6,6,17496,52.51,HOEP (Legacy)
2005-06-30 06:00:00,2005,6,7,19069,53.95,HOEP (Legacy)
2005-06-30 07:00:00,2005,6,8,20735,58.17,HOEP (Legacy)
2005-06-30 08:00:00,2005,6,9,21949,63.96,HOEP (Legacy)
2005-06-30 09:00:00,2005,6,10,22885,85.02,HOEP (Legacy)
2005-06-30 10:00:00,2005,6,11,23619,98.42,HOEP (Legacy)
2005-06-30 11:00:00,2005,6,12,23890,101.03,HOEP (Legacy)
2005-06-30 12:00:00,2005,6,13,24268,100.81,HOEP (Legacy)
2005-06-30 13:00:00,2005,6,14,24231,103.07,HOEP (Legacy)
2005-06-30 14:00:00,2005,6,15,24055,98.62,HOEP (Legacy)
2005-06-30 15:00:00,2005,6,16,24144,98.54,HOEP (Legacy)
2005-06-30 16:00:00,2005,6,17,23814,86.68,HOEP (Legacy)
2005-06-30 17:00:00,2005,6,18,23331,80.42,HOEP (Legacy)
2005-06-30 18:00:00,2005,6,19,22563,55.91,HOEP (Legacy)
2005-06-30 19:00:00,2005,6,20,21804,56.07,HOEP (Legacy)
2005-06-30 20:00:00,2005,6,21,21750,81.66,HOEP (Legacy)
2005-06-30 21:00:00,2005,6,22,21085,74.05,HOEP (Legacy)
2005-06-30 22:00:00,2005,6,23,19329,85.56,HOEP (Legacy)
2005-06-30 23:00:00,2005,6,24,17712,77.23,HOEP (Legacy)
2005-07-01 00:00:00,2005,7,1,16738,55.25,HOEP (Legacy)
2005-07-01 01:00:00,2005,7,2,16038,44.02,HOEP (Legacy)
2005-07-01 02:00:00,2005,7,3,15479,38.14,HOEP (Legacy)
2005-07-01 03:00:00,2005,7,4,14995,35.81,HOEP (Legacy)
2005-07-01 04:00:00,2005,7,5,14879,36.68,HOEP (Legacy)
2005-07-01 05:00:00,2005,7,6,15032,36.85,HOEP (Legacy)
2005-07-01 06:00:00,2005,7,7,15451,35.58,HOEP (Legacy)
2005-07-01 07:00:00,2005,7,8,16724,39.45,HOEP (Legacy)
2005-07-01 08:00:00,2005,7,9,18037,49.19,HOEP (Legacy)
2005-07-01 09:00:00,2005,7,10,19062,63.74,HOEP (Legacy)
2005-07-01 10:00:00,2005,7,11,19772,72.77,HOEP (Legacy)
2005-07-01 11:00:00,2005,7,12,19916,74.54,HOEP (Legacy)
2005-07-01 12:00:00,2005,7,13,19754,67.33,HOEP (Legacy)
2005-07-01 13:00:00,2005,7,14,19553,68.56,HOEP (Legacy)
2005-07-01 14:00:00,2005,7,15,19324,65.3,HOEP (Legacy)
2005-07-01 15:00:00,2005,7,16,19035,69.77,HOEP (Legacy)
2005-07-01 16:00:00,2005,7,17,18649,46.8,HOEP (Legacy)
2005-07-01 17:00:00,2005,7,18,17896,37.4,HOEP (Legacy)
2005-07-01 18:00:00,2005,7,19,17035,36.01,HOEP (Legacy)
2005-07-01 19:00:00,2005,7,20,16200,36.35,HOEP (Legacy)
2005-07-01 20:00:00,2005,7,21,15854,35.37,HOEP (Legacy)
2005-07-01 21:00:00,2005,7,22,15478,35.22,HOEP (Legacy)
2005-07-01 22:00:00,2005,7,23,14531,35.71,HOEP (Legacy)
2005-07-01 23:00:00,2005,7,24,13729,39.03,HOEP (Legacy)
2005-07-02 00:00:00,2005,7,1,13200,31.59,HOEP (Legacy)
2005-07-02 01:00:00,2005,7,2,12707,28.29,HOEP (Legacy)
2005-07-02 02:00:00,2005,7,3,12360,24.32,HOEP (Legacy)
2005-07-02 03:00:00,2005,7,4,12278,28.74,HOEP (Legacy)
2005-07-02 04:00:00,2005,7,5,12172,19.1,HOEP (Legacy)
2005-07-02 05:00:00,2005,7,6,12202,9.43,HOEP (Legacy)
2005-07-02 06:00:00,2005,7,7,12946,14.35,HOEP (Legacy)
2005-07-02 07:00:00,2005,7,8,14355,32.36,HOEP (Legacy)
2005-07-02 08:00:00,2005,7,9,15484,34.97,HOEP (Legacy)
2005-07-02 09:00:00,2005,7,10,15952,39.12,HOEP (Legacy)
2005-07-02 10:00:00,2005,7,11,16212,38.76,HOEP (Legacy)
2005-07-02 11:00:00,2005,7,12,16144,40.68,HOEP (Legacy)
2005-07-02 12:00:00,2005,7,13,16389,40.16,HOEP (Legacy)
2005-07-02 13:00:00,2005,7,14,16263,42.43,HOEP (Legacy)
2005-07-02 14:00:00,2005,7,15,16310,41.59,HOEP (Legacy)
2005-07-02 15:00:00,2005,7,16,16601,41.15,HOEP (Legacy)
2005-07-02 16:00:00,2005,7,17,16846,72.76,HOEP (Legacy)
2005-07-02 17:00:00,2005,7,18,16599,40.2,HOEP (Legacy)
2005-07-02 18:00:00,2005,7,19,16339,39.49,HOEP (Legacy)
2005-07-02 19:00:00,2005,7,20,15915,40.36,HOEP (Legacy)
2005-07-02 20:00:00,2005,7,21,15983,42.19,HOEP (Legacy)
2005-07-02 21:00:00,2005,7,22,15973,45.59,HOEP (Legacy)
2005-07-02 22:00:00,2005,7,23,14918,49.4,HOEP (Legacy)
2005-07-02 23:00:00,2005,7,24,13912,41.98,HOEP (Legacy)
2005-07-03 00:00:00,2005,7,1,13191,30.1,HOEP (Legacy)
2005-07-03 01:00:00,2005,7,2,12734,26.91,HOEP (Legacy)
2005-07-03 02:00:00,2005,7,3,12401,24.34,HOEP (Legacy)
2005-07-03 03:00:00,2005,7,4,12138,26.63,HOEP (Legacy)
2005-07-03 04:00:00,2005,7,5,12109,25.19,HOEP (Legacy)
2005-07-03 05:00:00,2005,7,6,12164,25.98,HOEP (Legacy)
2005-07-03 06:00:00,2005,7,7,12734,23.17,HOEP (Legacy)
2005-07-03 07:00:00,2005,7,8,13896,34.27,HOEP (Legacy)
2005-07-03 08:00:00,2005,7,9,15067,40.32,HOEP (Legacy)
2005-07-03 09:00:00,2005,7,10,15886,45.14,HOEP (Legacy)
2005-07-03 10:00:00,2005,7,11,16411,57.7,HOEP (Legacy)
2005-07-03 11:00:00,2005,7,12,16583,59.54,HOEP (Legacy)
2005-07-03 12:00:00,2005,7,13,16753,57.01,HOEP (Legacy)
2005-07-03 13:00:00,2005,7,14,16659,61.51,HOEP (Legacy)
2005-07-03 14:00:00,2005,7,15,17053,73.01,HOEP (Legacy)
2005-07-03 15:00:00,2005,7,16,17632,73.35,HOEP (Legacy)
2005-07-03 16:00:00,2005,7,17,17926,120.38,HOEP (Legacy)
2005-07-03 17:00:00,2005,7,18,17873,128.32,HOEP (Legacy)
2005-07-03 18:00:00,2005,7,19,17627,90.21,HOEP (Legacy)
2005-07-03 19:00:00,2005,7,20,17228,64.48,HOEP (Legacy)
2005-07-03 20:00:00,2005,7,21,17446,119.31,HOEP (Legacy)
2005-07-03 21:00:00,2005,7,22,17227,86.87,HOEP (Legacy)
2005-07-03 22:00:00,2005,7,23,15947,56.09,HOEP (Legacy)
2005-07-03 23:00:00,2005,7,24,14816,39.59,HOEP (Legacy)
2005-07-04 00:00:00,2005,7,1,14079,29.81,HOEP (Legacy)
2005-07-04 01:00:00,2005,7,2,13976,27.56,HOEP (Legacy)
2005-07-04 02:00:00,2005,7,3,13538,25.67,HOEP (Legacy)
2005-07-04 03:00:00,2005,7,4,13427,26.67,HOEP (Legacy)
2005-07-04 04:00:00,2005,7,5,13771,28.48,HOEP (Legacy)
2005-07-04 05:00:00,2005,7,6,14824,25.5,HOEP (Legacy)
2005-07-04 06:00:00,2005,7,7,16644,35.61,HOEP (Legacy)
2005-07-04 07:00:00,2005,7,8,18384,45.19,HOEP (Legacy)
2005-07-04 08:00:00,2005,7,9,19929,55.32,HOEP (Legacy)
2005-07-04 09:00:00,2005,7,10,21181,67.55,HOEP (Legacy)
2005-07-04 10:00:00,2005,7,11,22009,97.03,HOEP (Legacy)
2005-07-04 11:00:00,2005,7,12,22426,91.52,HOEP (Legacy)
2005-07-04 12:00:00,2005,7,13,23244,116.85,HOEP (Legacy)
2005-07-04 13:00:00,2005,7,14,23298,165.87,HOEP (Legacy)
2005-07-04 14:00:00,2005,7,15,23463,111.04,HOEP (Legacy)
2005-07-04 15:00:00,2005,7,16,23382,120.38,HOEP (Legacy)
2005-07-04 16:00:00,2005,7,17,23305,109.69,HOEP (Legacy)
2005-07-04 17:00:00,2005,7,18,22613,101.19,HOEP (Legacy)
2005-07-04 18:00:00,2005,7,19,21818,90.96,HOEP (Legacy)
2005-07-04 19:00:00,2005,7,20,21556,102.24,HOEP (Legacy)
2005-07-04 20:00:00,2005,7,21,21498,96.94,HOEP (Legacy)
2005-07-04 21:00:00,2005,7,22,20520,65.33,HOEP (Legacy)
2005-07-04 22:00:00,2005,7,23,18606,76.83,HOEP (Legacy)
2005-07-04 23:00:00,2005,7,24,17308,91.52,HOEP (Legacy)
2005-07-05 00:00:00,2005,7,1,16306,97.36,HOEP (Legacy)
2005-07-05 01:00:00,2005,7,2,15849,69.19,HOEP (Legacy)
2005-07-05 02:00:00,2005,7,3,15366,39.64,HOEP (Legacy)
2005-07-05 03:00:00,2005,7,4,15453,37.94,HOEP (Legacy)
2005-07-05 04:00:00,2005,7,5,15691,38.02,HOEP (Legacy)
2005-07-05 05:00:00,2005,7,6,16269,38.01,HOEP (Legacy)
2005-07-05 06:00:00,2005,7,7,18013,45.34,HOEP (Legacy)
2005-07-05 07:00:00,2005,7,8,19323,50.05,HOEP (Legacy)
2005-07-05 08:00:00,2005,7,9,20073,49.63,HOEP (Legacy)
2005-07-05 09:00:00,2005,7,10,20594,61.06,HOEP (Legacy)
2005-07-05 10:00:00,2005,7,11,21051,60.51,HOEP (Legacy)
2005-07-05 11:00:00,2005,7,12,21183,50.51,HOEP (Legacy)
2005-07-05 12:00:00,2005,7,13,21387,74.31,HOEP (Legacy)
2005-07-05 13:00:00,2005,7,14,21621,73.8,HOEP (Legacy)
2005-07-05 14:00:00,2005,7,15,21701,63.72,HOEP (Legacy)
2005-07-05 15:00:00,2005,7,16,21715,53.08,HOEP (Legacy)
2005-07-05 16:00:00,2005,7,17,21434,59.68,HOEP (Legacy)
2005-07-05 17:00:00,2005,7,18,20795,56.43,HOEP (Legacy)
2005-07-05 18:00:00,2005,7,19,20165,65.73,HOEP (Legacy)
2005-07-05 19:00:00,2005,7,20,19646,55.8,HOEP (Legacy)
2005-07-05 20:00:00,2005,7,21,19690,69.69,HOEP (Legacy)
2005-07-05 21:00:00,2005,7,22,18820,55.57,HOEP (Legacy)
2005-07-05 22:00:00,2005,7,23,16889,51.51,HOEP (Legacy)
2005-07-05 23:00:00,2005,7,24,15622,40.32,HOEP (Legacy)
2005-07-06 00:00:00,2005,7,1,14869,32.58,HOEP (Legacy)
2005-07-06 01:00:00,2005,7,2,14402,32.45,HOEP (Legacy)
2005-07-06 02:00:00,2005,7,3,13996,29.26,HOEP (Legacy)
2005-07-06 03:00:00,2005,7,4,13936,29.55,HOEP (Legacy)
2005-07-06 04:00:00,2005,7,5,14506,30.61,HOEP (Legacy)
2005-07-06 05:00:00,2005,7,6,15328,34.22,HOEP (Legacy)
2005-07-06 06:00:00,2005,7,7,16729,62.17,HOEP (Legacy)
2005-07-06 07:00:00,2005,7,8,18033,59.02,HOEP (Legacy)
2005-07-06 08:00:00,2005,7,9,18792,58.07,HOEP (Legacy)
2005-07-06 09:00:00,2005,7,10,19672,79.25,HOEP (Legacy)
2005-07-06 10:00:00,2005,7,11,19937,92.33,HOEP (Legacy)
2005-07-06 11:00:00,2005,7,12,19849,53.16,HOEP (Legacy)
2005-07-06 12:00:00,2005,7,13,20242,89.66,HOEP (Legacy)
2005-07-06 13:00:00,2005,7,14,20359,86.06,HOEP (Legacy)
2005-07-06 14:00:00,2005,7,15,20791,84.58,HOEP (Legacy)
2005-07-06 15:00:00,2005,7,16,21012,87.7,HOEP (Legacy)
2005-07-06 16:00:00,2005,7,17,20956,85.03,HOEP (Legacy)
2005-07-06 17:00:00,2005,7,18,20393,68.42,HOEP (Legacy)
2005-07-06 18:00:00,2005,7,19,19747,72.93,HOEP (Legacy)
2005-07-06 19:00:00,2005,7,20,19288,58.37,HOEP (Legacy)
2005-07-06 20:00:00,2005,7,21,19282,93.92,HOEP (Legacy)
2005-07-06 21:00:00,2005,7,22,18675,100.19,HOEP (Legacy)
2005-07-06 22:00:00,2005,7,23,17005,68.4,HOEP (Legacy)
2005-07-06 23:00:00,2005,7,24,15570,46.57,HOEP (Legacy)
2005-07-07 00:00:00,2005,7,1,14703,37.06,HOEP (Legacy)
2005-07-07 01:00:00,2005,7,2,14414,34.85,HOEP (Legacy)
2005-07-07 02:00:00,2005,7,3,14071,31.62,HOEP (Legacy)
2005-07-07 03:00:00,2005,7,4,13879,32.98,HOEP (Legacy)
2005-07-07 04:00:00,2005,7,5,14237,29.17,HOEP (Legacy)
2005-07-07 05:00:00,2005,7,6,14974,30.42,HOEP (Legacy)
2005-07-07 06:00:00,2005,7,7,16584,40.7,HOEP (Legacy)
2005-07-07 07:00:00,2005,7,8,18246,70.38,HOEP (Legacy)
2005-07-07 08:00:00,2005,7,9,19291,80.21,HOEP (Legacy)
2005-07-07 09:00:00,2005,7,10,20007,94.61,HOEP (Legacy)
2005-07-07 10:00:00,2005,7,11,20424,93.51,HOEP (Legacy)
2005-07-07 11:00:00,2005,7,12,20626,86.49,HOEP (Legacy)
2005-07-07 12:00:00,2005,7,13,20819,91.78,HOEP (Legacy)
2005-07-07 13:00:00,2005,7,14,21180,89.99,HOEP (Legacy)
2005-07-07 14:00:00,2005,7,15,21319,89.37,HOEP (Legacy)
2005-07-07 15:00:00,2005,7,16,21172,68.46,HOEP (Legacy)
2005-07-07 16:00:00,2005,7,17,21285,79.65,HOEP (Legacy)
2005-07-07 17:00:00,2005,7,18,20814,70.94,HOEP (Legacy)
2005-07-07 18:00:00,2005,7,19,20144,73.29,HOEP (Legacy)
2005-07-07 19:00:00,2005,7,20,19604,52.89,HOEP (Legacy)
2005-07-07 20:00:00,2005,7,21,19589,55.96,HOEP (Legacy)
2005-07-07 21:00:00,2005,7,22,18968,56.87,HOEP (Legacy)
2005-07-07 22:00:00,2005,7,23,17314,70.78,HOEP (Legacy)
2005-07-07 23:00:00,2005,7,24,15908,49.33,HOEP (Legacy)
2005-07-08 00:00:00,2005,7,1,15043,47.79,HOEP (Legacy)
2005-07-08 01:00:00,2005,7,2,14692,32.97,HOEP (Legacy)
2005-07-08 02:00:00,2005,7,3,14355,33.56,HOEP (Legacy)
2005-07-08 03:00:00,2005,7,4,14244,33.39,HOEP (Legacy)
2005-07-08 04:00:00,2005,7,5,14543,33.31,HOEP (Legacy)
2005-07-08 05:00:00,2005,7,6,15196,33.91,HOEP (Legacy)
2005-07-08 06:00:00,2005,7,7,16720,43.75,HOEP (Legacy)
2005-07-08 07:00:00,2005,7,8,18138,43.4,HOEP (Legacy)
2005-07-08 08:00:00,2005,7,9,19167,50.99,HOEP (Legacy)
2005-07-08 09:00:00,2005,7,10,20135,81.16,HOEP (Legacy)
2005-07-08 10:00:00,2005,7,11,20744,89.41,HOEP (Legacy)
2005-07-08 11:00:00,2005,7,12,20874,91.62,HOEP (Legacy)
2005-07-08 12:00:00,2005,7,13,21029,90.07,HOEP (Legacy)
2005-07-08 13:00:00,2005,7,14,21076,94.1,HOEP (Legacy)
2005-07-08 14:00:00,2005,7,15,21012,80.32,HOEP (Legacy)
2005-07-08 15:00:00,2005,7,16,20812,68.07,HOEP (Legacy)
2005-07-08 16:00:00,2005,7,17,20263,58.32,HOEP (Legacy)
2005-07-08 17:00:00,2005,7,18,19692,51.25,HOEP (Legacy)
2005-07-08 18:00:00,2005,7,19,18889,51.41,HOEP (Legacy)
2005-07-08 19:00:00,2005,7,20,18492,53.06,HOEP (Legacy)
2005-07-08 20:00:00,2005,7,21,18505,61.87,HOEP (Legacy)
2005-07-08 21:00:00,2005,7,22,17901,50.53,HOEP (Legacy)
2005-07-08 22:00:00,2005,7,23,16289,44.28,HOEP (Legacy)
2005-07-08 23:00:00,2005,7,24,15214,46.69,HOEP (Legacy)
2005-07-09 00:00:00,2005,7,1,14565,33.37,HOEP (Legacy)
2005-07-09 01:00:00,2005,7,2,13961,29.72,HOEP (Legacy)
2005-07-09 02:00:00,2005,7,3,13585,28.11,HOEP (Legacy)
2005-07-09 03:00:00,2005,7,4,13423,28.21,HOEP (Legacy)
2005-07-09 04:00:00,2005,7,5,13280,27.69,HOEP (Legacy)
2005-07-09 05:00:00,2005,7,6,13500,27.25,HOEP (Legacy)
2005-07-09 06:00:00,2005,7,7,14197,30.13,HOEP (Legacy)
2005-07-09 07:00:00,2005,7,8,15746,37.09,HOEP (Legacy)
2005-07-09 08:00:00,2005,7,9,16716,39.45,HOEP (Legacy)
2005-07-09 09:00:00,2005,7,10,17840,50.37,HOEP (Legacy)
2005-07-09 10:00:00,2005,7,11,18367,38.1,HOEP (Legacy)
2005-07-09 11:00:00,2005,7,12,18527,51.44,HOEP (Legacy)
2005-07-09 12:00:00,2005,7,13,18812,69.49,HOEP (Legacy)
2005-07-09 13:00:00,2005,7,14,19003,96.94,HOEP (Legacy)
2005-07-09 14:00:00,2005,7,15,19091,103.14,HOEP (Legacy)
2005-07-09 15:00:00,2005,7,16,19385,58.51,HOEP (Legacy)
2005-07-09 16:00:00,2005,7,17,19625,52.91,HOEP (Legacy)
2005-07-09 17:00:00,2005,7,18,19403,84.3,HOEP (Legacy)
2005-07-09 18:00:00,2005,7,19,18941,56.83,HOEP (Legacy)
2005-07-09 19:00:00,2005,7,20,18268,56.52,HOEP (Legacy)
2005-07-09 20:00:00,2005,7,21,18199,53.46,HOEP (Legacy)
2005-07-09 21:00:00,2005,7,22,17780,51.85,HOEP (Legacy)
2005-07-09 22:00:00,2005,7,23,16441,48.03,HOEP (Legacy)
2005-07-09 23:00:00,2005,7,24,15417,51.47,HOEP (Legacy)
2005-07-10 00:00:00,2005,7,1,14513,41.89,HOEP (Legacy)
2005-07-10 01:00:00,2005,7,2,13784,31.66,HOEP (Legacy)
2005-07-10 02:00:00,2005,7,3,13418,29.87,HOEP (Legacy)
2005-07-10 03:00:00,2005,7,4,13227,28.31,HOEP (Legacy)
2005-07-10 04:00:00,2005,7,5,13068,25.84,HOEP (Legacy)
2005-07-10 05:00:00,2005,7,6,13027,17.92,HOEP (Legacy)
2005-07-10 06:00:00,2005,7,7,13787,28.55,HOEP (Legacy)
2005-07-10 07:00:00,2005,7,8,15039,33.69,HOEP (Legacy)
2005-07-10 08:00:00,2005,7,9,16412,38.11,HOEP (Legacy)
2005-07-10 09:00:00,2005,7,10,17722,61.77,HOEP (Legacy)
2005-07-10 10:00:00,2005,7,11,18539,63.59,HOEP (Legacy)
2005-07-10 11:00:00,2005,7,12,19343,94.69,HOEP (Legacy)
2005-07-10 12:00:00,2005,7,13,19626,75.13,HOEP (Legacy)
2005-07-10 13:00:00,2005,7,14,19990,88.84,HOEP (Legacy)
2005-07-10 14:00:00,2005,7,15,20335,85.5,HOEP (Legacy)
2005-07-10 15:00:00,2005,7,16,20774,76.53,HOEP (Legacy)
2005-07-10 16:00:00,2005,7,17,20990,106.36,HOEP (Legacy)
2005-07-10 17:00:00,2005,7,18,20732,96.1,HOEP (Legacy)
2005-07-10 18:00:00,2005,7,19,20519,90.73,HOEP (Legacy)
2005-07-10 19:00:00,2005,7,20,20136,91.34,HOEP (Legacy)
2005-07-10 20:00:00,2005,7,21,20379,86.24,HOEP (Legacy)
2005-07-10 21:00:00,2005,7,22,19741,55.47,HOEP (Legacy)
2005-07-10 22:00:00,2005,7,23,18277,46.51,HOEP (Legacy)
2005-07-10 23:00:00,2005,7,24,17045,72.13,HOEP (Legacy)
2005-07-11 00:00:00,2005,7,1,15973,86.88,HOEP (Legacy)
2005-07-11 01:00:00,2005,7,2,15664,39.6,HOEP (Legacy)
2005-07-11 02:00:00,2005,7,3,15263,34.27,HOEP (Legacy)
2005-07-11 03:00:00,2005,7,4,15203,35.5,HOEP (Legacy)
2005-07-11 04:00:00,2005,7,5,15533,32.86,HOEP (Legacy)
2005-07-11 05:00:00,2005,7,6,16240,31.68,HOEP (Legacy)
2005-07-11 06:00:00,2005,7,7,18029,35.46,HOEP (Legacy)
2005-07-11 07:00:00,2005,7,8,20160,68.87,HOEP (Legacy)
2005-07-11 08:00:00,2005,7,9,21709,89.36,HOEP (Legacy)
2005-07-11 09:00:00,2005,7,10,22904,98.47,HOEP (Legacy)
2005-07-11 10:00:00,2005,7,11,23869,101.83,HOEP (Legacy)
2005-07-11 11:00:00,2005,7,12,24504,113.62,HOEP (Legacy)
2005-07-11 12:00:00,2005,7,13,25083,174.59,HOEP (Legacy)
2005-07-11 13:00:00,2005,7,14,25396,166.0,HOEP (Legacy)
2005-07-11 14:00:00,2005,7,15,25502,103.08,HOEP (Legacy)
2005-07-11 15:00:00,2005,7,16,25506,103.77,HOEP (Legacy)
2005-07-11 16:00:00,2005,7,17,25418,180.91,HOEP (Legacy)
2005-07-11 17:00:00,2005,7,18,25043,195.68,HOEP (Legacy)
2005-07-11 18:00:00,2005,7,19,24401,127.92,HOEP (Legacy)
2005-07-11 19:00:00,2005,7,20,23663,106.95,HOEP (Legacy)
2005-07-11 20:00:00,2005,7,21,23514,166.56,HOEP (Legacy)
2005-07-11 21:00:00,2005,7,22,22749,97.1,HOEP (Legacy)
2005-07-11 22:00:00,2005,7,23,20607,104.52,HOEP (Legacy)
2005-07-11 23:00:00,2005,7,24,19205,85.12,HOEP (Legacy)
2005-07-12 00:00:00,2005,7,1,18206,93.82,HOEP (Legacy)
2005-07-12 01:00:00,2005,7,2,17494,59.75,HOEP (Legacy)
2005-07-12 02:00:00,2005,7,3,16944,43.61,HOEP (Legacy)
2005-07-12 03:00:00,2005,7,4,16680,51.01,HOEP (Legacy)
2005-07-12 04:00:00,2005,7,5,16846,36.32,HOEP (Legacy)
2005-07-12 05:00:00,2005,7,6,17728,44.77,HOEP (Legacy)
2005-07-12 06:00:00,2005,7,7,19548,46.68,HOEP (Legacy)
2005-07-12 07:00:00,2005,7,8,21110,74.96,HOEP (Legacy)
2005-07-12 08:00:00,2005,7,9,22192,73.1,HOEP (Legacy)
2005-07-12 09:00:00,2005,7,10,23249,89.7,HOEP (Legacy)
2005-07-12 10:00:00,2005,7,11,24266,101.71,HOEP (Legacy)
2005-07-12 11:00:00,2005,7,12,24733,164.89,HOEP (Legacy)
2005-07-12 12:00:00,2005,7,13,25346,131.43,HOEP (Legacy)
2005-07-12 13:00:00,2005,7,14,25414,104.9,HOEP (Legacy)
2005-07-12 14:00:00,2005,7,15,25597,116.39,HOEP (Legacy)
2005-07-12 15:00:00,2005,7,16,25808,123.92,HOEP (Legacy)
2005-07-12 16:00:00,2005,7,17,25614,117.88,HOEP (Legacy)
2005-07-12 17:00:00,2005,7,18,25072,113.3,HOEP (Legacy)
2005-07-12 18:00:00,2005,7,19,24368,111.52,HOEP (Legacy)
2005-07-12 19:00:00,2005,7,20,23852,100.86,HOEP (Legacy)
2005-07-12 20:00:00,2005,7,21,23943,102.3,HOEP (Legacy)
2005-07-12 21:00:00,2005,7,22,23102,98.13,HOEP (Legacy)
2005-07-12 22:00:00,2005,7,23,21148,101.52,HOEP (Legacy)
2005-07-12 23:00:00,2005,7,24,19461,92.96,HOEP (Legacy)
2005-07-13 00:00:00,2005,7,1,18669,53.62,HOEP (Legacy)
2005-07-13 01:00:00,2005,7,2,17972,42.45,HOEP (Legacy)
2005-07-13 02:00:00,2005,7,3,17416,47.06,HOEP (Legacy)
2005-07-13 03:00:00,2005,7,4,17115,37.54,HOEP (Legacy)
2005-07-13 04:00:00,2005,7,5,17309,55.1,HOEP (Legacy)
2005-07-13 05:00:00,2005,7,6,18062,35.83,HOEP (Legacy)
2005-07-13 06:00:00,2005,7,7,19796,51.13,HOEP (Legacy)
2005-07-13 07:00:00,2005,7,8,21361,80.51,HOEP (Legacy)
2005-07-13 08:00:00,2005,7,9,22636,82.63,HOEP (Legacy)
2005-07-13 09:00:00,2005,7,10,23450,99.25,HOEP (Legacy)
2005-07-13 10:00:00,2005,7,11,24594,113.5,HOEP (Legacy)
2005-07-13 11:00:00,2005,7,12,25022,122.92,HOEP (Legacy)
2005-07-13 12:00:00,2005,7,13,25624,118.54,HOEP (Legacy)
2005-07-13 13:00:00,2005,7,14,25904,121.26,HOEP (Legacy)
2005-07-13 14:00:00,2005,7,15,26082,119.02,HOEP (Legacy)
2005-07-13 15:00:00,2005,7,16,26160,117.39,HOEP (Legacy)
2005-07-13 16:00:00,2005,7,17,25893,116.36,HOEP (Legacy)
2005-07-13 17:00:00,2005,7,18,25020,115.26,HOEP (Legacy)
2005-07-13 18:00:00,2005,7,19,24165,110.44,HOEP (Legacy)
2005-07-13 19:00:00,2005,7,20,23657,115.4,HOEP (Legacy)
2005-07-13 20:00:00,2005,7,21,23839,110.82,HOEP (Legacy)
2005-07-13 21:00:00,2005,7,22,22711,103.02,HOEP (Legacy)
2005-07-13 22:00:00,2005,7,23,20756,103.54,HOEP (Legacy)
2005-07-13 23:00:00,2005,7,24,19429,91.71,HOEP (Legacy)
2005-07-14 00:00:00,2005,7,1,18537,59.13,HOEP (Legacy)
2005-07-14 01:00:00,2005,7,2,17928,46.89,HOEP (Legacy)
2005-07-14 02:00:00,2005,7,3,17311,32.77,HOEP (Legacy)
2005-07-14 03:00:00,2005,7,4,17009,56.82,HOEP (Legacy)
2005-07-14 04:00:00,2005,7,5,17176,66.85,HOEP (Legacy)
2005-07-14 05:00:00,2005,7,6,17884,47.64,HOEP (Legacy)
2005-07-14 06:00:00,2005,7,7,19574,80.45,HOEP (Legacy)
2005-07-14 07:00:00,2005,7,8,21163,105.22,HOEP (Legacy)
2005-07-14 08:00:00,2005,7,9,22502,103.21,HOEP (Legacy)
2005-07-14 09:00:00,2005,7,10,23498,106.25,HOEP (Legacy)
2005-07-14 10:00:00,2005,7,11,24403,107.62,HOEP (Legacy)
2005-07-14 11:00:00,2005,7,12,24831,113.96,HOEP (Legacy)
2005-07-14 12:00:00,2005,7,13,25264,181.86,HOEP (Legacy)
2005-07-14 13:00:00,2005,7,14,25362,135.42,HOEP (Legacy)
2005-07-14 14:00:00,2005,7,15,24649,106.93,HOEP (Legacy)
2005-07-14 15:00:00,2005,7,16,24122,105.59,HOEP (Legacy)
2005-07-14 16:00:00,2005,7,17,23624,99.26,HOEP (Legacy)
2005-07-14 17:00:00,2005,7,18,22989,102.81,HOEP (Legacy)
2005-07-14 18:00:00,2005,7,19,22542,102.05,HOEP (Legacy)
2005-07-14 19:00:00,2005,7,20,21980,103.16,HOEP (Legacy)
2005-07-14 20:00:00,2005,7,21,22223,101.86,HOEP (Legacy)
2005-07-14 21:00:00,2005,7,22,21365,67.86,HOEP (Legacy)
2005-07-14 22:00:00,2005,7,23,19634,50.9,HOEP (Legacy)
2005-07-14 23:00:00,2005,7,24,18338,53.05,HOEP (Legacy)
2005-07-15 00:00:00,2005,7,1,17259,34.19,HOEP (Legacy)
2005-07-15 01:00:00,2005,7,2,16792,32.05,HOEP (Legacy)
2005-07-15 02:00:00,2005,7,3,16406,32.13,HOEP (Legacy)
2005-07-15 03:00:00,2005,7,4,16351,61.72,HOEP (Legacy)
2005-07-15 04:00:00,2005,7,5,16523,32.03,HOEP (Legacy)
2005-07-15 05:00:00,2005,7,6,17180,51.58,HOEP (Legacy)
2005-07-15 06:00:00,2005,7,7,18709,66.02,HOEP (Legacy)
2005-07-15 07:00:00,2005,7,8,20172,98.39,HOEP (Legacy)
2005-07-15 08:00:00,2005,7,9,21331,103.38,HOEP (Legacy)
2005-07-15 09:00:00,2005,7,10,22328,107.44,HOEP (Legacy)
2005-07-15 10:00:00,2005,7,11,23224,140.17,HOEP (Legacy)
2005-07-15 11:00:00,2005,7,12,23478,107.27,HOEP (Legacy)
2005-07-15 12:00:00,2005,7,13,23741,107.22,HOEP (Legacy)
2005-07-15 13:00:00,2005,7,14,24027,111.91,HOEP (Legacy)
2005-07-15 14:00:00,2005,7,15,24220,113.06,HOEP (Legacy)
2005-07-15 15:00:00,2005,7,16,24228,120.32,HOEP (Legacy)
2005-07-15 16:00:00,2005,7,17,24013,127.89,HOEP (Legacy)
2005-07-15 17:00:00,2005,7,18,23568,108.83,HOEP (Legacy)
2005-07-15 18:00:00,2005,7,19,22885,107.07,HOEP (Legacy)
2005-07-15 19:00:00,2005,7,20,22263,107.05,HOEP (Legacy)
2005-07-15 20:00:00,2005,7,21,22167,106.29,HOEP (Legacy)
2005-07-15 21:00:00,2005,7,22,21476,94.41,HOEP (Legacy)
2005-07-15 22:00:00,2005,7,23,19639,93.33,HOEP (Legacy)
2005-07-15 23:00:00,2005,7,24,18145,43.38,HOEP (Legacy)
2005-07-16 00:00:00,2005,7,1,17323,41.25,HOEP (Legacy)
2005-07-16 01:00:00,2005,7,2,16671,39.8,HOEP (Legacy)
2005-07-16 02:00:00,2005,7,3,16211,46.52,HOEP (Legacy)
2005-07-16 03:00:00,2005,7,4,15994,34.89,HOEP (Legacy)
2005-07-16 04:00:00,2005,7,5,15843,38.07,HOEP (Legacy)
2005-07-16 05:00:00,2005,7,6,16001,30.81,HOEP (Legacy)
2005-07-16 06:00:00,2005,7,7,16739,35.5,HOEP (Legacy)
2005-07-16 07:00:00,2005,7,8,18140,71.84,HOEP (Legacy)
2005-07-16 08:00:00,2005,7,9,19524,117.45,HOEP (Legacy)
2005-07-16 09:00:00,2005,7,10,20481,112.82,HOEP (Legacy)
2005-07-16 10:00:00,2005,7,11,21282,123.08,HOEP (Legacy)
2005-07-16 11:00:00,2005,7,12,21532,110.1,HOEP (Legacy)
2005-07-16 12:00:00,2005,7,13,21250,93.33,HOEP (Legacy)
2005-07-16 13:00:00,2005,7,14,21191,107.45,HOEP (Legacy)
2005-07-16 14:00:00,2005,7,15,21030,88.67,HOEP (Legacy)
2005-07-16 15:00:00,2005,7,16,20898,88.0,HOEP (Legacy)
2005-07-16 16:00:00,2005,7,17,20791,104.32,HOEP (Legacy)
2005-07-16 17:00:00,2005,7,18,20468,100.8,HOEP (Legacy)
2005-07-16 18:00:00,2005,7,19,19830,89.83,HOEP (Legacy)
2005-07-16 19:00:00,2005,7,20,19621,90.33,HOEP (Legacy)
2005-07-16 20:00:00,2005,7,21,19863,87.1,HOEP (Legacy)
2005-07-16 21:00:00,2005,7,22,19267,38.53,HOEP (Legacy)
2005-07-16 22:00:00,2005,7,23,18276,49.24,HOEP (Legacy)
2005-07-16 23:00:00,2005,7,24,17077,38.21,HOEP (Legacy)
2005-07-17 00:00:00,2005,7,1,16290,66.32,HOEP (Legacy)
2005-07-17 01:00:00,2005,7,2,15817,66.36,HOEP (Legacy)
2005-07-17 02:00:00,2005,7,3,15425,35.91,HOEP (Legacy)
2005-07-17 03:00:00,2005,7,4,15187,34.89,HOEP (Legacy)
2005-07-17 04:00:00,2005,7,5,15161,39.14,HOEP (Legacy)
2005-07-17 05:00:00,2005,7,6,15110,33.17,HOEP (Legacy)
2005-07-17 06:00:00,2005,7,7,15771,35.02,HOEP (Legacy)
2005-07-17 07:00:00,2005,7,8,16861,37.14,HOEP (Legacy)
2005-07-17 08:00:00,2005,7,9,18065,37.04,HOEP (Legacy)
2005-07-17 09:00:00,2005,7,10,18922,35.79,HOEP (Legacy)
2005-07-17 10:00:00,2005,7,11,19614,83.27,HOEP (Legacy)
2005-07-17 11:00:00,2005,7,12,20234,83.18,HOEP (Legacy)
2005-07-17 12:00:00,2005,7,13,20280,80.73,HOEP (Legacy)
2005-07-17 13:00:00,2005,7,14,20030,88.0,HOEP (Legacy)
2005-07-17 14:00:00,2005,7,15,20427,93.74,HOEP (Legacy)
2005-07-17 15:00:00,2005,7,16,20848,90.42,HOEP (Legacy)
2005-07-17 16:00:00,2005,7,17,20997,89.99,HOEP (Legacy)
2005-07-17 17:00:00,2005,7,18,20922,126.94,HOEP (Legacy)
2005-07-17 18:00:00,2005,7,19,20593,104.49,HOEP (Legacy)
2005-07-17 19:00:00,2005,7,20,20408,103.07,HOEP (Legacy)
2005-07-17 20:00:00,2005,7,21,20921,138.52,HOEP (Legacy)
2005-07-17 21:00:00,2005,7,22,20314,104.94,HOEP (Legacy)
2005-07-17 22:00:00,2005,7,23,18891,60.86,HOEP (Legacy)
2005-07-17 23:00:00,2005,7,24,17751,43.32,HOEP (Legacy)
2005-07-18 00:00:00,2005,7,1,17079,54.99,HOEP (Legacy)
2005-07-18 01:00:00,2005,7,2,16699,74.63,HOEP (Legacy)
2005-07-18 02:00:00,2005,7,3,16405,92.18,HOEP (Legacy)
2005-07-18 03:00:00,2005,7,4,16222,73.56,HOEP (Legacy)
2005-07-18 04:00:00,2005,7,5,16303,38.11,HOEP (Legacy)
2005-07-18 05:00:00,2005,7,6,17232,42.72,HOEP (Legacy)
2005-07-18 06:00:00,2005,7,7,19269,83.58,HOEP (Legacy)
2005-07-18 07:00:00,2005,7,8,21306,106.95,HOEP (Legacy)
2005-07-18 08:00:00,2005,7,9,22785,145.99,HOEP (Legacy)
2005-07-18 09:00:00,2005,7,10,23967,158.02,HOEP (Legacy)
2005-07-18 10:00:00,2005,7,11,24804,129.88,HOEP (Legacy)
2005-07-18 11:00:00,2005,7,12,25218,268.58,HOEP (Legacy)
2005-07-18 12:00:00,2005,7,13,25595,214.32,HOEP (Legacy)
2005-07-18 13:00:00,2005,7,14,25751,189.42,HOEP (Legacy)
2005-07-18 14:00:00,2005,7,15,25857,236.31,HOEP (Legacy)
2005-07-18 15:00:00,2005,7,16,25785,388.21,HOEP (Legacy)
2005-07-18 16:00:00,2005,7,17,25358,240.92,HOEP (Legacy)
2005-07-18 17:00:00,2005,7,18,25157,111.94,HOEP (Legacy)
2005-07-18 18:00:00,2005,7,19,24005,110.25,HOEP (Legacy)
2005-07-18 19:00:00,2005,7,20,23490,111.54,HOEP (Legacy)
2005-07-18 20:00:00,2005,7,21,23627,119.74,HOEP (Legacy)
2005-07-18 21:00:00,2005,7,22,22431,111.14,HOEP (Legacy)
2005-07-18 22:00:00,2005,7,23,20427,76.33,HOEP (Legacy)
2005-07-18 23:00:00,2005,7,24,18964,47.68,HOEP (Legacy)
2005-07-19 00:00:00,2005,7,1,18266,53.14,HOEP (Legacy)
2005-07-19 01:00:00,2005,7,2,17764,32.92,HOEP (Legacy)
2005-07-19 02:00:00,2005,7,3,17267,37.76,HOEP (Legacy)
2005-07-19 03:00:00,2005,7,4,17014,102.69,HOEP (Legacy)
2005-07-19 04:00:00,2005,7,5,17195,37.39,HOEP (Legacy)
2005-07-19 05:00:00,2005,7,6,17648,50.93,HOEP (Legacy)
2005-07-19 06:00:00,2005,7,7,19389,85.61,HOEP (Legacy)
2005-07-19 07:00:00,2005,7,8,21162,104.95,HOEP (Legacy)
2005-07-19 08:00:00,2005,7,9,22412,110.18,HOEP (Legacy)
2005-07-19 09:00:00,2005,7,10,23174,108.22,HOEP (Legacy)
2005-07-19 10:00:00,2005,7,11,23822,107.62,HOEP (Legacy)
2005-07-19 11:00:00,2005,7,12,23920,101.69,HOEP (Legacy)
2005-07-19 12:00:00,2005,7,13,24170,105.64,HOEP (Legacy)
2005-07-19 13:00:00,2005,7,14,24242,104.16,HOEP (Legacy)
2005-07-19 14:00:00,2005,7,15,24238,103.8,HOEP (Legacy)
2005-07-19 15:00:00,2005,7,16,24442,102.23,HOEP (Legacy)
2005-07-19 16:00:00,2005,7,17,24346,105.3,HOEP (Legacy)
2005-07-19 17:00:00,2005,7,18,23606,102.79,HOEP (Legacy)
2005-07-19 18:00:00,2005,7,19,22692,88.62,HOEP (Legacy)
2005-07-19 19:00:00,2005,7,20,21869,68.55,HOEP (Legacy)
2005-07-19 20:00:00,2005,7,21,21651,95.3,HOEP (Legacy)
2005-07-19 21:00:00,2005,7,22,20544,47.54,HOEP (Legacy)
2005-07-19 22:00:00,2005,7,23,18697,35.51,HOEP (Legacy)
2005-07-19 23:00:00,2005,7,24,17267,32.4,HOEP (Legacy)
2005-07-20 00:00:00,2005,7,1,16434,28.21,HOEP (Legacy)
2005-07-20 01:00:00,2005,7,2,15803,27.97,HOEP (Legacy)
2005-07-20 02:00:00,2005,7,3,15380,28.81,HOEP (Legacy)
2005-07-20 03:00:00,2005,7,4,15247,29.2,HOEP (Legacy)
2005-07-20 04:00:00,2005,7,5,15502,29.15,HOEP (Legacy)
2005-07-20 05:00:00,2005,7,6,16126,28.53,HOEP (Legacy)
2005-07-20 06:00:00,2005,7,7,17658,34.87,HOEP (Legacy)
2005-07-20 07:00:00,2005,7,8,19429,62.33,HOEP (Legacy)
2005-07-20 08:00:00,2005,7,9,20326,73.51,HOEP (Legacy)
2005-07-20 09:00:00,2005,7,10,21087,83.09,HOEP (Legacy)
2005-07-20 10:00:00,2005,7,11,21919,89.05,HOEP (Legacy)
2005-07-20 11:00:00,2005,7,12,22091,98.95,HOEP (Legacy)
2005-07-20 12:00:00,2005,7,13,22459,247.53,HOEP (Legacy)
2005-07-20 13:00:00,2005,7,14,22825,533.17,HOEP (Legacy)
2005-07-20 14:00:00,2005,7,15,23110,250.3,HOEP (Legacy)
2005-07-20 15:00:00,2005,7,16,23503,458.29,HOEP (Legacy)
2005-07-20 16:00:00,2005,7,17,23827,146.43,HOEP (Legacy)
2005-07-20 17:00:00,2005,7,18,23306,112.67,HOEP (Legacy)
2005-07-20 18:00:00,2005,7,19,22614,126.39,HOEP (Legacy)
2005-07-20 19:00:00,2005,7,20,22019,132.54,HOEP (Legacy)
2005-07-20 20:00:00,2005,7,21,21831,127.47,HOEP (Legacy)
2005-07-20 21:00:00,2005,7,22,20931,73.8,HOEP (Legacy)
2005-07-20 22:00:00,2005,7,23,19191,75.1,HOEP (Legacy)
2005-07-20 23:00:00,2005,7,24,17986,44.08,HOEP (Legacy)
2005-07-21 00:00:00,2005,7,1,17040,32.31,HOEP (Legacy)
2005-07-21 01:00:00,2005,7,2,16301,32.66,HOEP (Legacy)
2005-07-21 02:00:00,2005,7,3,15871,33.04,HOEP (Legacy)
2005-07-21 03:00:00,2005,7,4,15817,80.01,HOEP (Legacy)
2005-07-21 04:00:00,2005,7,5,16158,32.41,HOEP (Legacy)
2005-07-21 05:00:00,2005,7,6,17018,31.16,HOEP (Legacy)
2005-07-21 06:00:00,2005,7,7,18447,33.72,HOEP (Legacy)
2005-07-21 07:00:00,2005,7,8,20253,78.72,HOEP (Legacy)
2005-07-21 08:00:00,2005,7,9,21525,104.72,HOEP (Legacy)
2005-07-21 09:00:00,2005,7,10,22784,148.3,HOEP (Legacy)
2005-07-21 10:00:00,2005,7,11,23716,126.28,HOEP (Legacy)
2005-07-21 11:00:00,2005,7,12,24277,108.38,HOEP (Legacy)
2005-07-21 12:00:00,2005,7,13,24685,106.63,HOEP (Legacy)
2005-07-21 13:00:00,2005,7,14,24926,106.73,HOEP (Legacy)
2005-07-21 14:00:00,2005,7,15,25117,107.38,HOEP (Legacy)
2005-07-21 15:00:00,2005,7,16,25383,106.49,HOEP (Legacy)
2005-07-21 16:00:00,2005,7,17,25167,108.11,HOEP (Legacy)
2005-07-21 17:00:00,2005,7,18,24977,114.29,HOEP (Legacy)
2005-07-21 18:00:00,2005,7,19,24249,115.14,HOEP (Legacy)
2005-07-21 19:00:00,2005,7,20,23564,108.75,HOEP (Legacy)
2005-07-21 20:00:00,2005,7,21,23504,114.09,HOEP (Legacy)
2005-07-21 21:00:00,2005,7,22,22428,109.16,HOEP (Legacy)
2005-07-21 22:00:00,2005,7,23,20386,100.08,HOEP (Legacy)
2005-07-21 23:00:00,2005,7,24,18868,102.28,HOEP (Legacy)
2005-07-22 00:00:00,2005,7,1,17981,102.84,HOEP (Legacy)
2005-07-22 01:00:00,2005,7,2,17701,74.26,HOEP (Legacy)
2005-07-22 02:00:00,2005,7,3,17301,83.96,HOEP (Legacy)
2005-07-22 03:00:00,2005,7,4,17119,67.42,HOEP (Legacy)
2005-07-22 04:00:00,2005,7,5,17464,43.24,HOEP (Legacy)
2005-07-22 05:00:00,2005,7,6,18105,70.81,HOEP (Legacy)
2005-07-22 06:00:00,2005,7,7,19311,55.6,HOEP (Legacy)
2005-07-22 07:00:00,2005,7,8,20554,78.82,HOEP (Legacy)
2005-07-22 08:00:00,2005,7,9,21175,65.21,HOEP (Legacy)
2005-07-22 09:00:00,2005,7,10,21793,102.91,HOEP (Legacy)
2005-07-22 10:00:00,2005,7,11,22441,107.24,HOEP (Legacy)
2005-07-22 11:00:00,2005,7,12,22849,98.6,HOEP (Legacy)
2005-07-22 12:00:00,2005,7,13,23360,104.67,HOEP (Legacy)
2005-07-22 13:00:00,2005,7,14,23565,103.75,HOEP (Legacy)
2005-07-22 14:00:00,2005,7,15,23504,106.21,HOEP (Legacy)
2005-07-22 15:00:00,2005,7,16,23632,104.08,HOEP (Legacy)
2005-07-22 16:00:00,2005,7,17,23495,105.57,HOEP (Legacy)
2005-07-22 17:00:00,2005,7,18,22815,101.09,HOEP (Legacy)
2005-07-22 18:00:00,2005,7,19,21972,96.96,HOEP (Legacy)
2005-07-22 19:00:00,2005,7,20,21056,87.57,HOEP (Legacy)
2005-07-22 20:00:00,2005,7,21,20551,91.4,HOEP (Legacy)
2005-07-22 21:00:00,2005,7,22,19579,63.86,HOEP (Legacy)
2005-07-22 22:00:00,2005,7,23,17850,48.58,HOEP (Legacy)
2005-07-22 23:00:00,2005,7,24,16465,39.61,HOEP (Legacy)
2005-07-23 00:00:00,2005,7,1,15408,36.5,HOEP (Legacy)
2005-07-23 01:00:00,2005,7,2,14958,38.01,HOEP (Legacy)
2005-07-23 02:00:00,2005,7,3,14554,30.93,HOEP (Legacy)
2005-07-23 03:00:00,2005,7,4,14358,29.88,HOEP (Legacy)
2005-07-23 04:00:00,2005,7,5,14379,28.68,HOEP (Legacy)
2005-07-23 05:00:00,2005,7,6,14359,28.37,HOEP (Legacy)
2005-07-23 06:00:00,2005,7,7,15195,33.42,HOEP (Legacy)
2005-07-23 07:00:00,2005,7,8,16706,40.75,HOEP (Legacy)
2005-07-23 08:00:00,2005,7,9,18173,58.62,HOEP (Legacy)
2005-07-23 09:00:00,2005,7,10,19067,82.02,HOEP (Legacy)
2005-07-23 10:00:00,2005,7,11,19775,79.31,HOEP (Legacy)
2005-07-23 11:00:00,2005,7,12,20002,114.28,HOEP (Legacy)
2005-07-23 12:00:00,2005,7,13,20180,85.54,HOEP (Legacy)
2005-07-23 13:00:00,2005,7,14,20006,82.46,HOEP (Legacy)
2005-07-23 14:00:00,2005,7,15,19970,83.21,HOEP (Legacy)
2005-07-23 15:00:00,2005,7,16,20229,87.42,HOEP (Legacy)
2005-07-23 16:00:00,2005,7,17,20522,96.86,HOEP (Legacy)
2005-07-23 17:00:00,2005,7,18,20197,84.48,HOEP (Legacy)
2005-07-23 18:00:00,2005,7,19,19501,77.43,HOEP (Legacy)
2005-07-23 19:00:00,2005,7,20,18834,63.18,HOEP (Legacy)
2005-07-23 20:00:00,2005,7,21,19068,74.53,HOEP (Legacy)
2005-07-23 21:00:00,2005,7,22,18408,58.57,HOEP (Legacy)
2005-07-23 22:00:00,2005,7,23,17209,65.83,HOEP (Legacy)
2005-07-23 23:00:00,2005,7,24,15970,44.2,HOEP (Legacy)
2005-07-24 00:00:00,2005,7,1,15324,31.92,HOEP (Legacy)
2005-07-24 01:00:00,2005,7,2,14809,31.5,HOEP (Legacy)
2005-07-24 02:00:00,2005,7,3,14255,31.02,HOEP (Legacy)
2005-07-24 03:00:00,2005,7,4,13857,28.99,HOEP (Legacy)
2005-07-24 04:00:00,2005,7,5,13791,26.75,HOEP (Legacy)
2005-07-24 05:00:00,2005,7,6,13621,25.41,HOEP (Legacy)
2005-07-24 06:00:00,2005,7,7,14380,25.64,HOEP (Legacy)
2005-07-24 07:00:00,2005,7,8,15698,33.32,HOEP (Legacy)
2005-07-24 08:00:00,2005,7,9,16916,34.12,HOEP (Legacy)
2005-07-24 09:00:00,2005,7,10,17459,35.32,HOEP (Legacy)
2005-07-24 10:00:00,2005,7,11,17954,35.94,HOEP (Legacy)
2005-07-24 11:00:00,2005,7,12,17942,36.42,HOEP (Legacy)
2005-07-24 12:00:00,2005,7,13,17916,43.13,HOEP (Legacy)
2005-07-24 13:00:00,2005,7,14,18122,68.99,HOEP (Legacy)
2005-07-24 14:00:00,2005,7,15,18716,83.28,HOEP (Legacy)
2005-07-24 15:00:00,2005,7,16,19246,69.5,HOEP (Legacy)
2005-07-24 16:00:00,2005,7,17,19435,83.65,HOEP (Legacy)
2005-07-24 17:00:00,2005,7,18,19205,111.39,HOEP (Legacy)
2005-07-24 18:00:00,2005,7,19,18992,174.88,HOEP (Legacy)
2005-07-24 19:00:00,2005,7,20,19207,185.1,HOEP (Legacy)
2005-07-24 20:00:00,2005,7,21,19540,180.13,HOEP (Legacy)
2005-07-24 21:00:00,2005,7,22,19101,175.61,HOEP (Legacy)
2005-07-24 22:00:00,2005,7,23,18312,152.73,HOEP (Legacy)
2005-07-24 23:00:00,2005,7,24,16999,97.73,HOEP (Legacy)
2005-07-25 00:00:00,2005,7,1,16646,51.92,HOEP (Legacy)
2005-07-25 01:00:00,2005,7,2,16343,51.79,HOEP (Legacy)
2005-07-25 02:00:00,2005,7,3,16147,51.59,HOEP (Legacy)
2005-07-25 03:00:00,2005,7,4,16014,63.28,HOEP (Legacy)
2005-07-25 04:00:00,2005,7,5,16342,40.9,HOEP (Legacy)
2005-07-25 05:00:00,2005,7,6,17136,54.79,HOEP (Legacy)
2005-07-25 06:00:00,2005,7,7,18953,53.15,HOEP (Legacy)
2005-07-25 07:00:00,2005,7,8,20983,94.36,HOEP (Legacy)
2005-07-25 08:00:00,2005,7,9,22606,100.26,HOEP (Legacy)
2005-07-25 09:00:00,2005,7,10,23785,108.79,HOEP (Legacy)
2005-07-25 10:00:00,2005,7,11,24348,186.86,HOEP (Legacy)
2005-07-25 11:00:00,2005,7,12,24554,242.76,HOEP (Legacy)
2005-07-25 12:00:00,2005,7,13,24914,208.69,HOEP (Legacy)
2005-07-25 13:00:00,2005,7,14,24786,228.27,HOEP (Legacy)
2005-07-25 14:00:00,2005,7,15,24898,228.52,HOEP (Legacy)
2005-07-25 15:00:00,2005,7,16,25025,107.79,HOEP (Legacy)
2005-07-25 16:00:00,2005,7,17,25068,382.54,HOEP (Legacy)
2005-07-25 17:00:00,2005,7,18,24574,350.0,HOEP (Legacy)
2005-07-25 18:00:00,2005,7,19,24007,197.78,HOEP (Legacy)
2005-07-25 19:00:00,2005,7,20,23088,109.8,HOEP (Legacy)
2005-07-25 20:00:00,2005,7,21,23219,108.35,HOEP (Legacy)
2005-07-25 21:00:00,2005,7,22,22076,98.79,HOEP (Legacy)
2005-07-25 22:00:00,2005,7,23,20096,85.5,HOEP (Legacy)
2005-07-25 23:00:00,2005,7,24,18867,64.93,HOEP (Legacy)
2005-07-26 00:00:00,2005,7,1,17809,62.75,HOEP (Legacy)
2005-07-26 01:00:00,2005,7,2,16787,45.76,HOEP (Legacy)
2005-07-26 02:00:00,2005,7,3,16325,50.23,HOEP (Legacy)
2005-07-26 03:00:00,2005,7,4,16145,43.19,HOEP (Legacy)
2005-07-26 04:00:00,2005,7,5,16236,37.21,HOEP (Legacy)
2005-07-26 05:00:00,2005,7,6,16991,36.12,HOEP (Legacy)
2005-07-26 06:00:00,2005,7,7,18711,44.19,HOEP (Legacy)
2005-07-26 07:00:00,2005,7,8,20019,67.57,HOEP (Legacy)
2005-07-26 08:00:00,2005,7,9,20730,57.26,HOEP (Legacy)
2005-07-26 09:00:00,2005,7,10,21513,93.61,HOEP (Legacy)
2005-07-26 10:00:00,2005,7,11,21865,90.82,HOEP (Legacy)
2005-07-26 11:00:00,2005,7,12,22179,104.97,HOEP (Legacy)
2005-07-26 12:00:00,2005,7,13,22840,106.66,HOEP (Legacy)
2005-07-26 13:00:00,2005,7,14,22551,107.61,HOEP (Legacy)
2005-07-26 14:00:00,2005,7,15,22622,97.48,HOEP (Legacy)
2005-07-26 15:00:00,2005,7,16,22713,102.45,HOEP (Legacy)
2005-07-26 16:00:00,2005,7,17,22675,107.72,HOEP (Legacy)
2005-07-26 17:00:00,2005,7,18,22116,96.51,HOEP (Legacy)
2005-07-26 18:00:00,2005,7,19,21514,93.53,HOEP (Legacy)
2005-07-26 19:00:00,2005,7,20,21197,83.26,HOEP (Legacy)
2005-07-26 20:00:00,2005,7,21,21438,117.75,HOEP (Legacy)
2005-07-26 21:00:00,2005,7,22,20486,72.22,HOEP (Legacy)
2005-07-26 22:00:00,2005,7,23,18501,46.09,HOEP (Legacy)
2005-07-26 23:00:00,2005,7,24,17218,44.12,HOEP (Legacy)
2005-07-27 00:00:00,2005,7,1,16491,47.52,HOEP (Legacy)
2005-07-27 01:00:00,2005,7,2,16134,44.53,HOEP (Legacy)
2005-07-27 02:00:00,2005,7,3,15432,50.34,HOEP (Legacy)
2005-07-27 03:00:00,2005,7,4,15448,41.08,HOEP (Legacy)
2005-07-27 04:00:00,2005,7,5,15731,48.82,HOEP (Legacy)
2005-07-27 05:00:00,2005,7,6,16509,47.49,HOEP (Legacy)
2005-07-27 06:00:00,2005,7,7,17579,49.63,HOEP (Legacy)
2005-07-27 07:00:00,2005,7,8,18960,107.28,HOEP (Legacy)
2005-07-27 08:00:00,2005,7,9,19284,86.67,HOEP (Legacy)
2005-07-27 09:00:00,2005,7,10,19771,52.17,HOEP (Legacy)
2005-07-27 10:00:00,2005,7,11,19727,69.84,HOEP (Legacy)
2005-07-27 11:00:00,2005,7,12,19684,50.81,HOEP (Legacy)
2005-07-27 12:00:00,2005,7,13,19747,50.13,HOEP (Legacy)
2005-07-27 13:00:00,2005,7,14,19889,54.62,HOEP (Legacy)
2005-07-27 14:00:00,2005,7,15,19915,82.67,HOEP (Legacy)
2005-07-27 15:00:00,2005,7,16,20051,127.36,HOEP (Legacy)
2005-07-27 16:00:00,2005,7,17,20067,79.51,HOEP (Legacy)
2005-07-27 17:00:00,2005,7,18,19788,61.62,HOEP (Legacy)
2005-07-27 18:00:00,2005,7,19,18858,45.2,HOEP (Legacy)
2005-07-27 19:00:00,2005,7,20,18413,56.5,HOEP (Legacy)
2005-07-27 20:00:00,2005,7,21,18776,81.49,HOEP (Legacy)
2005-07-27 21:00:00,2005,7,22,17725,58.1,HOEP (Legacy)
2005-07-27 22:00:00,2005,7,23,16146,46.2,HOEP (Legacy)
2005-07-27 23:00:00,2005,7,24,15235,42.13,HOEP (Legacy)
2005-07-28 00:00:00,2005,7,1,14548,32.14,HOEP (Legacy)
2005-07-28 01:00:00,2005,7,2,14185,30.89,HOEP (Legacy)
2005-07-28 02:00:00,2005,7,3,13953,31.4,HOEP (Legacy)
2005-07-28 03:00:00,2005,7,4,13986,32.51,HOEP (Legacy)
2005-07-28 04:00:00,2005,7,5,14358,30.97,HOEP (Legacy)
2005-07-28 05:00:00,2005,7,6,15062,31.07,HOEP (Legacy)
2005-07-28 06:00:00,2005,7,7,16420,35.42,HOEP (Legacy)
2005-07-28 07:00:00,2005,7,8,17764,42.16,HOEP (Legacy)
2005-07-28 08:00:00,2005,7,9,18780,50.7,HOEP (Legacy)
2005-07-28 09:00:00,2005,7,10,19302,51.62,HOEP (Legacy)
2005-07-28 10:00:00,2005,7,11,19615,53.95,HOEP (Legacy)
2005-07-28 11:00:00,2005,7,12,19714,92.89,HOEP (Legacy)
2005-07-28 12:00:00,2005,7,13,19885,97.35,HOEP (Legacy)
2005-07-28 13:00:00,2005,7,14,19961,82.46,HOEP (Legacy)
2005-07-28 14:00:00,2005,7,15,20082,90.02,HOEP (Legacy)
2005-07-28 15:00:00,2005,7,16,20216,95.57,HOEP (Legacy)
2005-07-28 16:00:00,2005,7,17,20327,92.55,HOEP (Legacy)
2005-07-28 17:00:00,2005,7,18,20133,83.62,HOEP (Legacy)
2005-07-28 18:00:00,2005,7,19,19605,82.88,HOEP (Legacy)
2005-07-28 19:00:00,2005,7,20,19317,81.55,HOEP (Legacy)
2005-07-28 20:00:00,2005,7,21,19489,75.66,HOEP (Legacy)
2005-07-28 21:00:00,2005,7,22,18585,54.51,HOEP (Legacy)
2005-07-28 22:00:00,2005,7,23,17002,51.87,HOEP (Legacy)
2005-07-28 23:00:00,2005,7,24,15766,41.67,HOEP (Legacy)
2005-07-29 00:00:00,2005,7,1,15066,32.9,HOEP (Legacy)
2005-07-29 01:00:00,2005,7,2,14677,31.13,HOEP (Legacy)
2005-07-29 02:00:00,2005,7,3,14349,30.21,HOEP (Legacy)
2005-07-29 03:00:00,2005,7,4,14368,30.68,HOEP (Legacy)
2005-07-29 04:00:00,2005,7,5,14612,30.24,HOEP (Legacy)
2005-07-29 05:00:00,2005,7,6,15178,30.69,HOEP (Legacy)
2005-07-29 06:00:00,2005,7,7,16654,51.52,HOEP (Legacy)
2005-07-29 07:00:00,2005,7,8,18312,60.21,HOEP (Legacy)
2005-07-29 08:00:00,2005,7,9,19375,126.1,HOEP (Legacy)
2005-07-29 09:00:00,2005,7,10,20090,128.34,HOEP (Legacy)
2005-07-29 10:00:00,2005,7,11,20386,126.65,HOEP (Legacy)
2005-07-29 11:00:00,2005,7,12,20387,98.84,HOEP (Legacy)
2005-07-29 12:00:00,2005,7,13,20391,89.75,HOEP (Legacy)
2005-07-29 13:00:00,2005,7,14,20317,57.31,HOEP (Legacy)
2005-07-29 14:00:00,2005,7,15,20078,68.43,HOEP (Legacy)
2005-07-29 15:00:00,2005,7,16,19882,55.57,HOEP (Legacy)
2005-07-29 16:00:00,2005,7,17,19838,73.6,HOEP (Legacy)
2005-07-29 17:00:00,2005,7,18,19516,82.43,HOEP (Legacy)
2005-07-29 18:00:00,2005,7,19,19102,84.07,HOEP (Legacy)
2005-07-29 19:00:00,2005,7,20,18635,63.69,HOEP (Legacy)
2005-07-29 20:00:00,2005,7,21,18765,92.92,HOEP (Legacy)
2005-07-29 21:00:00,2005,7,22,17715,42.56,HOEP (Legacy)
2005-07-29 22:00:00,2005,7,23,16060,41.08,HOEP (Legacy)
2005-07-29 23:00:00,2005,7,24,14958,42.16,HOEP (Legacy)
2005-07-30 00:00:00,2005,7,1,14406,48.21,HOEP (Legacy)
2005-07-30 01:00:00,2005,7,2,14086,88.42,HOEP (Legacy)
2005-07-30 02:00:00,2005,7,3,13612,90.14,HOEP (Legacy)
2005-07-30 03:00:00,2005,7,4,13403,34.8,HOEP (Legacy)
2005-07-30 04:00:00,2005,7,5,13623,31.94,HOEP (Legacy)
2005-07-30 05:00:00,2005,7,6,13681,29.9,HOEP (Legacy)
2005-07-30 06:00:00,2005,7,7,14513,33.88,HOEP (Legacy)
2005-07-30 07:00:00,2005,7,8,15481,38.25,HOEP (Legacy)
2005-07-30 08:00:00,2005,7,9,16742,52.35,HOEP (Legacy)
2005-07-30 09:00:00,2005,7,10,17373,62.42,HOEP (Legacy)
2005-07-30 10:00:00,2005,7,11,17795,71.24,HOEP (Legacy)
2005-07-30 11:00:00,2005,7,12,18033,112.18,HOEP (Legacy)
2005-07-30 12:00:00,2005,7,13,18072,124.77,HOEP (Legacy)
2005-07-30 13:00:00,2005,7,14,18160,124.32,HOEP (Legacy)
2005-07-30 14:00:00,2005,7,15,18243,97.67,HOEP (Legacy)
2005-07-30 15:00:00,2005,7,16,18419,106.52,HOEP (Legacy)
2005-07-30 16:00:00,2005,7,17,18476,70.13,HOEP (Legacy)
2005-07-30 17:00:00,2005,7,18,18256,126.23,HOEP (Legacy)
2005-07-30 18:00:00,2005,7,19,17676,61.22,HOEP (Legacy)
2005-07-30 19:00:00,2005,7,20,17105,50.18,HOEP (Legacy)
2005-07-30 20:00:00,2005,7,21,17363,151.56,HOEP (Legacy)
2005-07-30 21:00:00,2005,7,22,16436,38.47,HOEP (Legacy)
2005-07-30 22:00:00,2005,7,23,15703,79.38,HOEP (Legacy)
2005-07-30 23:00:00,2005,7,24,14743,38.51,HOEP (Legacy)
2005-07-31 00:00:00,2005,7,1,14141,38.6,HOEP (Legacy)
2005-07-31 01:00:00,2005,7,2,13648,29.3,HOEP (Legacy)
2005-07-31 02:00:00,2005,7,3,13358,28.94,HOEP (Legacy)
2005-07-31 03:00:00,2005,7,4,13128,29.22,HOEP (Legacy)
2005-07-31 04:00:00,2005,7,5,13040,27.92,HOEP (Legacy)
2005-07-31 05:00:00,2005,7,6,13195,26.72,HOEP (Legacy)
2005-07-31 06:00:00,2005,7,7,13686,31.35,HOEP (Legacy)
2005-07-31 07:00:00,2005,7,8,14611,35.4,HOEP (Legacy)
2005-07-31 08:00:00,2005,7,9,16047,113.62,HOEP (Legacy)
2005-07-31 09:00:00,2005,7,10,17013,82.45,HOEP (Legacy)
2005-07-31 10:00:00,2005,7,11,17562,50.6,HOEP (Legacy)
2005-07-31 11:00:00,2005,7,12,17980,74.8,HOEP (Legacy)
2005-07-31 12:00:00,2005,7,13,18088,76.27,HOEP (Legacy)
2005-07-31 13:00:00,2005,7,14,18158,95.79,HOEP (Legacy)
2005-07-31 14:00:00,2005,7,15,18391,79.59,HOEP (Legacy)
2005-07-31 15:00:00,2005,7,16,18477,62.66,HOEP (Legacy)
2005-07-31 16:00:00,2005,7,17,18494,67.94,HOEP (Legacy)
2005-07-31 17:00:00,2005,7,18,18276,78.7,HOEP (Legacy)
2005-07-31 18:00:00,2005,7,19,17724,88.75,HOEP (Legacy)
2005-07-31 19:00:00,2005,7,20,17594,88.5,HOEP (Legacy)
2005-07-31 20:00:00,2005,7,21,18117,86.32,HOEP (Legacy)
2005-07-31 21:00:00,2005,7,22,17684,85.84,HOEP (Legacy)
2005-07-31 22:00:00,2005,7,23,16424,108.07,HOEP (Legacy)
2005-07-31 23:00:00,2005,7,24,15408,67.75,HOEP (Legacy)
2005-08-01 00:00:00,2005,8,1,14786,122.65,HOEP (Legacy)
2005-08-01 01:00:00,2005,8,2,14332,105.01,HOEP (Legacy)
2005-08-01 02:00:00,2005,8,3,14139,44.87,HOEP (Legacy)
2005-08-01 03:00:00,2005,8,4,13875,32.85,HOEP (Legacy)
2005-08-01 04:00:00,2005,8,5,14053,35.3,HOEP (Legacy)
2005-08-01 05:00:00,2005,8,6,14159,54.98,HOEP (Legacy)
2005-08-01 06:00:00,2005,8,7,14644,36.86,HOEP (Legacy)
2005-08-01 07:00:00,2005,8,8,15889,48.23,HOEP (Legacy)
2005-08-01 08:00:00,2005,8,9,17471,88.5,HOEP (Legacy)
2005-08-01 09:00:00,2005,8,10,18903,121.37,HOEP (Legacy)
2005-08-01 10:00:00,2005,8,11,20001,121.76,HOEP (Legacy)
2005-08-01 11:00:00,2005,8,12,20595,111.24,HOEP (Legacy)
2005-08-01 12:00:00,2005,8,13,21027,115.27,HOEP (Legacy)
2005-08-01 13:00:00,2005,8,14,21298,116.8,HOEP (Legacy)
2005-08-01 14:00:00,2005,8,15,21216,118.28,HOEP (Legacy)
2005-08-01 15:00:00,2005,8,16,21570,128.42,HOEP (Legacy)
2005-08-01 16:00:00,2005,8,17,21862,128.49,HOEP (Legacy)
2005-08-01 17:00:00,2005,8,18,21621,126.15,HOEP (Legacy)
2005-08-01 18:00:00,2005,8,19,21418,133.76,HOEP (Legacy)
2005-08-01 19:00:00,2005,8,20,21238,141.0,HOEP (Legacy)
2005-08-01 20:00:00,2005,8,21,21525,132.91,HOEP (Legacy)
2005-08-01 21:00:00,2005,8,22,20659,103.04,HOEP (Legacy)
2005-08-01 22:00:00,2005,8,23,19072,99.69,HOEP (Legacy)
2005-08-01 23:00:00,2005,8,24,17973,77.33,HOEP (Legacy)
2005-08-02 00:00:00,2005,8,1,17151,68.57,HOEP (Legacy)
2005-08-02 01:00:00,2005,8,2,16670,64.2,HOEP (Legacy)
2005-08-02 02:00:00,2005,8,3,16241,51.48,HOEP (Legacy)
2005-08-02 03:00:00,2005,8,4,16126,47.67,HOEP (Legacy)
2005-08-02 04:00:00,2005,8,5,16437,55.0,HOEP (Legacy)
2005-08-02 05:00:00,2005,8,6,16938,37.42,HOEP (Legacy)
2005-08-02 06:00:00,2005,8,7,18493,77.64,HOEP (Legacy)
2005-08-02 07:00:00,2005,8,8,20374,101.46,HOEP (Legacy)
2005-08-02 08:00:00,2005,8,9,21801,109.04,HOEP (Legacy)
2005-08-02 09:00:00,2005,8,10,23120,182.26,HOEP (Legacy)
2005-08-02 10:00:00,2005,8,11,24042,245.73,HOEP (Legacy)
2005-08-02 11:00:00,2005,8,12,23490,197.58,HOEP (Legacy)
2005-08-02 12:00:00,2005,8,13,23801,255.01,HOEP (Legacy)
2005-08-02 13:00:00,2005,8,14,23839,204.49,HOEP (Legacy)
2005-08-02 14:00:00,2005,8,15,23961,109.84,HOEP (Legacy)
2005-08-02 15:00:00,2005,8,16,23948,109.48,HOEP (Legacy)
2005-08-02 16:00:00,2005,8,17,23922,257.84,HOEP (Legacy)
2005-08-02 17:00:00,2005,8,18,23405,114.74,HOEP (Legacy)
2005-08-02 18:00:00,2005,8,19,23035,132.88,HOEP (Legacy)
2005-08-02 19:00:00,2005,8,20,22712,135.07,HOEP (Legacy)
2005-08-02 20:00:00,2005,8,21,22791,375.88,HOEP (Legacy)
2005-08-02 21:00:00,2005,8,22,21701,163.2,HOEP (Legacy)
2005-08-02 22:00:00,2005,8,23,19797,103.73,HOEP (Legacy)
2005-08-02 23:00:00,2005,8,24,18470,76.17,HOEP (Legacy)
2005-08-03 00:00:00,2005,8,1,17553,91.18,HOEP (Legacy)
2005-08-03 01:00:00,2005,8,2,16963,31.93,HOEP (Legacy)
2005-08-03 02:00:00,2005,8,3,16457,31.63,HOEP (Legacy)
2005-08-03 03:00:00,2005,8,4,16275,32.55,HOEP (Legacy)
2005-08-03 04:00:00,2005,8,5,16582,32.94,HOEP (Legacy)
2005-08-03 05:00:00,2005,8,6,17239,45.64,HOEP (Legacy)
2005-08-03 06:00:00,2005,8,7,18828,96.13,HOEP (Legacy)
2005-08-03 07:00:00,2005,8,8,20621,110.35,HOEP (Legacy)
2005-08-03 08:00:00,2005,8,9,22048,111.34,HOEP (Legacy)
2005-08-03 09:00:00,2005,8,10,23435,134.29,HOEP (Legacy)
2005-08-03 10:00:00,2005,8,11,24191,261.63,HOEP (Legacy)
2005-08-03 11:00:00,2005,8,12,24226,388.07,HOEP (Legacy)
2005-08-03 12:00:00,2005,8,13,24415,112.88,HOEP (Legacy)
2005-08-03 13:00:00,2005,8,14,24251,114.43,HOEP (Legacy)
2005-08-03 14:00:00,2005,8,15,24435,124.33,HOEP (Legacy)
2005-08-03 15:00:00,2005,8,16,24453,126.01,HOEP (Legacy)
2005-08-03 16:00:00,2005,8,17,24637,143.07,HOEP (Legacy)
2005-08-03 17:00:00,2005,8,18,24050,117.14,HOEP (Legacy)
2005-08-03 18:00:00,2005,8,19,23366,116.06,HOEP (Legacy)
2005-08-03 19:00:00,2005,8,20,23217,126.29,HOEP (Legacy)
2005-08-03 20:00:00,2005,8,21,23367,259.83,HOEP (Legacy)
2005-08-03 21:00:00,2005,8,22,22695,123.44,HOEP (Legacy)
2005-08-03 22:00:00,2005,8,23,21008,103.26,HOEP (Legacy)
2005-08-03 23:00:00,2005,8,24,19521,95.76,HOEP (Legacy)
2005-08-04 00:00:00,2005,8,1,18901,63.4,HOEP (Legacy)
2005-08-04 01:00:00,2005,8,2,17956,47.15,HOEP (Legacy)
2005-08-04 02:00:00,2005,8,3,17304,39.49,HOEP (Legacy)
2005-08-04 03:00:00,2005,8,4,17092,56.57,HOEP (Legacy)
2005-08-04 04:00:00,2005,8,5,17275,46.67,HOEP (Legacy)
2005-08-04 05:00:00,2005,8,6,18042,53.39,HOEP (Legacy)
2005-08-04 06:00:00,2005,8,7,19719,88.7,HOEP (Legacy)
2005-08-04 07:00:00,2005,8,8,21607,114.24,HOEP (Legacy)
2005-08-04 08:00:00,2005,8,9,22966,120.34,HOEP (Legacy)
2005-08-04 09:00:00,2005,8,10,24266,298.79,HOEP (Legacy)
2005-08-04 10:00:00,2005,8,11,24919,375.22,HOEP (Legacy)
2005-08-04 11:00:00,2005,8,12,25037,348.4,HOEP (Legacy)
2005-08-04 12:00:00,2005,8,13,25046,167.67,HOEP (Legacy)
2005-08-04 13:00:00,2005,8,14,24934,121.42,HOEP (Legacy)
2005-08-04 14:00:00,2005,8,15,24804,281.29,HOEP (Legacy)
2005-08-04 15:00:00,2005,8,16,24333,164.29,HOEP (Legacy)
2005-08-04 16:00:00,2005,8,17,24176,257.37,HOEP (Legacy)
2005-08-04 17:00:00,2005,8,18,23942,116.93,HOEP (Legacy)
2005-08-04 18:00:00,2005,8,19,23372,115.88,HOEP (Legacy)
2005-08-04 19:00:00,2005,8,20,23301,154.11,HOEP (Legacy)
2005-08-04 20:00:00,2005,8,21,23491,285.38,HOEP (Legacy)
2005-08-04 21:00:00,2005,8,22,22303,138.76,HOEP (Legacy)
2005-08-04 22:00:00,2005,8,23,20523,119.75,HOEP (Legacy)
2005-08-04 23:00:00,2005,8,24,19205,93.21,HOEP (Legacy)
2005-08-05 00:00:00,2005,8,1,18174,74.55,HOEP (Legacy)
2005-08-05 01:00:00,2005,8,2,17180,48.75,HOEP (Legacy)
2005-08-05 02:00:00,2005,8,3,16565,48.38,HOEP (Legacy)
2005-08-05 03:00:00,2005,8,4,16274,47.68,HOEP (Legacy)
2005-08-05 04:00:00,2005,8,5,16414,39.52,HOEP (Legacy)
2005-08-05 05:00:00,2005,8,6,17104,37.5,HOEP (Legacy)
2005-08-05 06:00:00,2005,8,7,18453,68.7,HOEP (Legacy)
2005-08-05 07:00:00,2005,8,8,20152,110.34,HOEP (Legacy)
2005-08-05 08:00:00,2005,8,9,21300,115.83,HOEP (Legacy)
2005-08-05 09:00:00,2005,8,10,21986,119.34,HOEP (Legacy)
2005-08-05 10:00:00,2005,8,11,22629,121.7,HOEP (Legacy)
2005-08-05 11:00:00,2005,8,12,22642,121.93,HOEP (Legacy)
2005-08-05 12:00:00,2005,8,13,22787,122.4,HOEP (Legacy)
2005-08-05 13:00:00,2005,8,14,22719,123.75,HOEP (Legacy)
2005-08-05 14:00:00,2005,8,15,22664,129.54,HOEP (Legacy)
2005-08-05 15:00:00,2005,8,16,22718,131.4,HOEP (Legacy)
2005-08-05 16:00:00,2005,8,17,22371,130.89,HOEP (Legacy)
2005-08-05 17:00:00,2005,8,18,22029,115.93,HOEP (Legacy)
2005-08-05 18:00:00,2005,8,19,21244,78.55,HOEP (Legacy)
2005-08-05 19:00:00,2005,8,20,20213,53.86,HOEP (Legacy)
2005-08-05 20:00:00,2005,8,21,20381,61.36,HOEP (Legacy)
2005-08-05 21:00:00,2005,8,22,19082,44.3,HOEP (Legacy)
2005-08-05 22:00:00,2005,8,23,17304,42.23,HOEP (Legacy)
2005-08-05 23:00:00,2005,8,24,16135,45.01,HOEP (Legacy)
2005-08-06 00:00:00,2005,8,1,15431,39.06,HOEP (Legacy)
2005-08-06 01:00:00,2005,8,2,14741,40.38,HOEP (Legacy)
2005-08-06 02:00:00,2005,8,3,14326,40.77,HOEP (Legacy)
2005-08-06 03:00:00,2005,8,4,14130,40.72,HOEP (Legacy)
2005-08-06 04:00:00,2005,8,5,14028,37.35,HOEP (Legacy)
2005-08-06 05:00:00,2005,8,6,14208,37.69,HOEP (Legacy)
2005-08-06 06:00:00,2005,8,7,15024,39.13,HOEP (Legacy)
2005-08-06 07:00:00,2005,8,8,16454,49.81,HOEP (Legacy)
2005-08-06 08:00:00,2005,8,9,17687,92.22,HOEP (Legacy)
2005-08-06 09:00:00,2005,8,10,18419,115.87,HOEP (Legacy)
2005-08-06 10:00:00,2005,8,11,19037,86.68,HOEP (Legacy)
2005-08-06 11:00:00,2005,8,12,19227,92.92,HOEP (Legacy)
2005-08-06 12:00:00,2005,8,13,19562,195.51,HOEP (Legacy)
2005-08-06 13:00:00,2005,8,14,19751,155.06,HOEP (Legacy)
2005-08-06 14:00:00,2005,8,15,19647,87.52,HOEP (Legacy)
2005-08-06 15:00:00,2005,8,16,19926,86.87,HOEP (Legacy)
2005-08-06 16:00:00,2005,8,17,20163,94.26,HOEP (Legacy)
2005-08-06 17:00:00,2005,8,18,19852,95.17,HOEP (Legacy)
2005-08-06 18:00:00,2005,8,19,19331,78.06,HOEP (Legacy)
2005-08-06 19:00:00,2005,8,20,18785,92.52,HOEP (Legacy)
2005-08-06 20:00:00,2005,8,21,19075,90.03,HOEP (Legacy)
2005-08-06 21:00:00,2005,8,22,18372,75.93,HOEP (Legacy)
2005-08-06 22:00:00,2005,8,23,16912,49.51,HOEP (Legacy)
2005-08-06 23:00:00,2005,8,24,15814,53.52,HOEP (Legacy)
2005-08-07 00:00:00,2005,8,1,15081,52.83,HOEP (Legacy)
2005-08-07 01:00:00,2005,8,2,14431,73.22,HOEP (Legacy)
2005-08-07 02:00:00,2005,8,3,14010,41.88,HOEP (Legacy)
2005-08-07 03:00:00,2005,8,4,13903,38.47,HOEP (Legacy)
2005-08-07 04:00:00,2005,8,5,14106,38.36,HOEP (Legacy)
2005-08-07 05:00:00,2005,8,6,13920,37.38,HOEP (Legacy)
2005-08-07 06:00:00,2005,8,7,14477,41.6,HOEP (Legacy)
2005-08-07 07:00:00,2005,8,8,15468,44.52,HOEP (Legacy)
2005-08-07 08:00:00,2005,8,9,16972,49.88,HOEP (Legacy)
2005-08-07 09:00:00,2005,8,10,18106,61.16,HOEP (Legacy)
2005-08-07 10:00:00,2005,8,11,19103,59.84,HOEP (Legacy)
2005-08-07 11:00:00,2005,8,12,19718,138.49,HOEP (Legacy)
2005-08-07 12:00:00,2005,8,13,20043,136.89,HOEP (Legacy)
2005-08-07 13:00:00,2005,8,14,20327,82.16,HOEP (Legacy)
2005-08-07 14:00:00,2005,8,15,20564,107.18,HOEP (Legacy)
2005-08-07 15:00:00,2005,8,16,20913,123.28,HOEP (Legacy)
2005-08-07 16:00:00,2005,8,17,21231,123.77,HOEP (Legacy)
2005-08-07 17:00:00,2005,8,18,21132,124.31,HOEP (Legacy)
2005-08-07 18:00:00,2005,8,19,20806,90.68,HOEP (Legacy)
2005-08-07 19:00:00,2005,8,20,20289,102.04,HOEP (Legacy)
2005-08-07 20:00:00,2005,8,21,20737,117.98,HOEP (Legacy)
2005-08-07 21:00:00,2005,8,22,19809,59.58,HOEP (Legacy)
2005-08-07 22:00:00,2005,8,23,18437,98.62,HOEP (Legacy)
2005-08-07 23:00:00,2005,8,24,17303,125.56,HOEP (Legacy)
2005-08-08 00:00:00,2005,8,1,16483,67.19,HOEP (Legacy)
2005-08-08 01:00:00,2005,8,2,16039,75.76,HOEP (Legacy)
2005-08-08 02:00:00,2005,8,3,15616,59.82,HOEP (Legacy)
2005-08-08 03:00:00,2005,8,4,15395,37.87,HOEP (Legacy)
2005-08-08 04:00:00,2005,8,5,15769,36.76,HOEP (Legacy)
2005-08-08 05:00:00,2005,8,6,16554,37.5,HOEP (Legacy)
2005-08-08 06:00:00,2005,8,7,17974,55.92,HOEP (Legacy)
2005-08-08 07:00:00,2005,8,8,19902,88.49,HOEP (Legacy)
2005-08-08 08:00:00,2005,8,9,21258,109.46,HOEP (Legacy)
2005-08-08 09:00:00,2005,8,10,22480,114.61,HOEP (Legacy)
2005-08-08 10:00:00,2005,8,11,23311,117.08,HOEP (Legacy)
2005-08-08 11:00:00,2005,8,12,23895,120.82,HOEP (Legacy)
2005-08-08 12:00:00,2005,8,13,24142,135.48,HOEP (Legacy)
2005-08-08 13:00:00,2005,8,14,24419,131.65,HOEP (Legacy)
2005-08-08 14:00:00,2005,8,15,24623,205.13,HOEP (Legacy)
2005-08-08 15:00:00,2005,8,16,24957,177.91,HOEP (Legacy)
2005-08-08 16:00:00,2005,8,17,24964,146.39,HOEP (Legacy)
2005-08-08 17:00:00,2005,8,18,24292,193.38,HOEP (Legacy)
2005-08-08 18:00:00,2005,8,19,23537,159.59,HOEP (Legacy)
2005-08-08 19:00:00,2005,8,20,22885,128.72,HOEP (Legacy)
2005-08-08 20:00:00,2005,8,21,23338,153.05,HOEP (Legacy)
2005-08-08 21:00:00,2005,8,22,21832,114.63,HOEP (Legacy)
2005-08-08 22:00:00,2005,8,23,19843,79.86,HOEP (Legacy)
2005-08-08 23:00:00,2005,8,24,18549,64.24,HOEP (Legacy)
2005-08-09 00:00:00,2005,8,1,17561,39.78,HOEP (Legacy)
2005-08-09 01:00:00,2005,8,2,17058,40.45,HOEP (Legacy)
2005-08-09 02:00:00,2005,8,3,16380,40.13,HOEP (Legacy)
2005-08-09 03:00:00,2005,8,4,16289,43.17,HOEP (Legacy)
2005-08-09 04:00:00,2005,8,5,16755,37.65,HOEP (Legacy)
2005-08-09 05:00:00,2005,8,6,17600,42.95,HOEP (Legacy)
2005-08-09 06:00:00,2005,8,7,18878,69.42,HOEP (Legacy)
2005-08-09 07:00:00,2005,8,8,20558,102.66,HOEP (Legacy)
2005-08-09 08:00:00,2005,8,9,21874,115.64,HOEP (Legacy)
2005-08-09 09:00:00,2005,8,10,23130,123.55,HOEP (Legacy)
2005-08-09 10:00:00,2005,8,11,24172,216.46,HOEP (Legacy)
2005-08-09 11:00:00,2005,8,12,24592,419.47,HOEP (Legacy)
2005-08-09 12:00:00,2005,8,13,25182,371.63,HOEP (Legacy)
2005-08-09 13:00:00,2005,8,14,25437,171.98,HOEP (Legacy)
2005-08-09 14:00:00,2005,8,15,25562,297.05,HOEP (Legacy)
2005-08-09 15:00:00,2005,8,16,25816,135.35,HOEP (Legacy)
2005-08-09 16:00:00,2005,8,17,25781,298.28,HOEP (Legacy)
2005-08-09 17:00:00,2005,8,18,25164,387.34,HOEP (Legacy)
2005-08-09 18:00:00,2005,8,19,24098,175.96,HOEP (Legacy)
2005-08-09 19:00:00,2005,8,20,23887,356.3,HOEP (Legacy)
2005-08-09 20:00:00,2005,8,21,24053,315.48,HOEP (Legacy)
2005-08-09 21:00:00,2005,8,22,22603,125.5,HOEP (Legacy)
2005-08-09 22:00:00,2005,8,23,20753,179.36,HOEP (Legacy)
2005-08-09 23:00:00,2005,8,24,19283,76.63,HOEP (Legacy)
2005-08-10 00:00:00,2005,8,1,18668,69.23,HOEP (Legacy)
2005-08-10 01:00:00,2005,8,2,18130,71.7,HOEP (Legacy)
2005-08-10 02:00:00,2005,8,3,17532,52.49,HOEP (Legacy)
2005-08-10 03:00:00,2005,8,4,17293,50.58,HOEP (Legacy)
2005-08-10 04:00:00,2005,8,5,17656,43.08,HOEP (Legacy)
2005-08-10 05:00:00,2005,8,6,18508,62.73,HOEP (Legacy)
2005-08-10 06:00:00,2005,8,7,19792,84.34,HOEP (Legacy)
2005-08-10 07:00:00,2005,8,8,21440,114.12,HOEP (Legacy)
2005-08-10 08:00:00,2005,8,9,22557,120.1,HOEP (Legacy)
2005-08-10 09:00:00,2005,8,10,23744,119.54,HOEP (Legacy)
2005-08-10 10:00:00,2005,8,11,24705,136.3,HOEP (Legacy)
2005-08-10 11:00:00,2005,8,12,24946,393.86,HOEP (Legacy)
2005-08-10 12:00:00,2005,8,13,24951,283.33,HOEP (Legacy)
2005-08-10 13:00:00,2005,8,14,24146,120.1,HOEP (Legacy)
2005-08-10 14:00:00,2005,8,15,23155,115.8,HOEP (Legacy)
2005-08-10 15:00:00,2005,8,16,23183,112.71,HOEP (Legacy)
2005-08-10 16:00:00,2005,8,17,23005,116.95,HOEP (Legacy)
2005-08-10 17:00:00,2005,8,18,23153,123.3,HOEP (Legacy)
2005-08-10 18:00:00,2005,8,19,22203,130.35,HOEP (Legacy)
2005-08-10 19:00:00,2005,8,20,21922,150.56,HOEP (Legacy)
2005-08-10 20:00:00,2005,8,21,21962,181.34,HOEP (Legacy)
2005-08-10 21:00:00,2005,8,22,20945,102.37,HOEP (Legacy)
2005-08-10 22:00:00,2005,8,23,19168,78.31,HOEP (Legacy)
2005-08-10 23:00:00,2005,8,24,17929,57.57,HOEP (Legacy)
2005-08-11 00:00:00,2005,8,1,17207,56.27,HOEP (Legacy)
2005-08-11 01:00:00,2005,8,2,16521,61.65,HOEP (Legacy)
2005-08-11 02:00:00,2005,8,3,16106,108.2,HOEP (Legacy)
2005-08-11 03:00:00,2005,8,4,15929,73.53,HOEP (Legacy)
2005-08-11 04:00:00,2005,8,5,16285,73.92,HOEP (Legacy)
2005-08-11 05:00:00,2005,8,6,17199,53.96,HOEP (Legacy)
2005-08-11 06:00:00,2005,8,7,18439,55.52,HOEP (Legacy)
2005-08-11 07:00:00,2005,8,8,19970,107.47,HOEP (Legacy)
2005-08-11 08:00:00,2005,8,9,20969,120.93,HOEP (Legacy)
2005-08-11 09:00:00,2005,8,10,21833,126.18,HOEP (Legacy)
2005-08-11 10:00:00,2005,8,11,22406,137.56,HOEP (Legacy)
2005-08-11 11:00:00,2005,8,12,22694,169.37,HOEP (Legacy)
2005-08-11 12:00:00,2005,8,13,23251,150.84,HOEP (Legacy)
2005-08-11 13:00:00,2005,8,14,23289,147.5,HOEP (Legacy)
2005-08-11 14:00:00,2005,8,15,23030,146.1,HOEP (Legacy)
2005-08-11 15:00:00,2005,8,16,22733,144.58,HOEP (Legacy)
2005-08-11 16:00:00,2005,8,17,22435,125.21,HOEP (Legacy)
2005-08-11 17:00:00,2005,8,18,21832,125.34,HOEP (Legacy)
2005-08-11 18:00:00,2005,8,19,21328,121.13,HOEP (Legacy)
2005-08-11 19:00:00,2005,8,20,21239,141.6,HOEP (Legacy)
2005-08-11 20:00:00,2005,8,21,21314,140.63,HOEP (Legacy)
2005-08-11 21:00:00,2005,8,22,20015,100.53,HOEP (Legacy)
2005-08-11 22:00:00,2005,8,23,18547,70.44,HOEP (Legacy)
2005-08-11 23:00:00,2005,8,24,17289,48.35,HOEP (Legacy)
2005-08-12 00:00:00,2005,8,1,16468,42.08,HOEP (Legacy)
2005-08-12 01:00:00,2005,8,2,16008,42.92,HOEP (Legacy)
2005-08-12 02:00:00,2005,8,3,15682,52.47,HOEP (Legacy)
2005-08-12 03:00:00,2005,8,4,15604,53.02,HOEP (Legacy)
2005-08-12 04:00:00,2005,8,5,16022,57.05,HOEP (Legacy)
2005-08-12 05:00:00,2005,8,6,16834,39.01,HOEP (Legacy)
2005-08-12 06:00:00,2005,8,7,18109,41.26,HOEP (Legacy)
2005-08-12 07:00:00,2005,8,8,19452,49.12,HOEP (Legacy)
2005-08-12 08:00:00,2005,8,9,20132,49.44,HOEP (Legacy)
2005-08-12 09:00:00,2005,8,10,20815,111.39,HOEP (Legacy)
2005-08-12 10:00:00,2005,8,11,21057,110.22,HOEP (Legacy)
2005-08-12 11:00:00,2005,8,12,21239,100.52,HOEP (Legacy)
2005-08-12 12:00:00,2005,8,13,21540,103.56,HOEP (Legacy)
2005-08-12 13:00:00,2005,8,14,21610,141.74,HOEP (Legacy)
2005-08-12 14:00:00,2005,8,15,21603,148.64,HOEP (Legacy)
2005-08-12 15:00:00,2005,8,16,21786,171.8,HOEP (Legacy)
2005-08-12 16:00:00,2005,8,17,21803,179.16,HOEP (Legacy)
2005-08-12 17:00:00,2005,8,18,21574,172.64,HOEP (Legacy)
2005-08-12 18:00:00,2005,8,19,21278,165.07,HOEP (Legacy)
2005-08-12 19:00:00,2005,8,20,21151,180.91,HOEP (Legacy)
2005-08-12 20:00:00,2005,8,21,21357,180.57,HOEP (Legacy)
2005-08-12 21:00:00,2005,8,22,19866,137.44,HOEP (Legacy)
2005-08-12 22:00:00,2005,8,23,18414,99.62,HOEP (Legacy)
2005-08-12 23:00:00,2005,8,24,17371,109.69,HOEP (Legacy)
2005-08-13 00:00:00,2005,8,1,16563,79.28,HOEP (Legacy)
2005-08-13 01:00:00,2005,8,2,15977,40.77,HOEP (Legacy)
2005-08-13 02:00:00,2005,8,3,15489,93.12,HOEP (Legacy)
2005-08-13 03:00:00,2005,8,4,15208,50.11,HOEP (Legacy)
2005-08-13 04:00:00,2005,8,5,15221,52.69,HOEP (Legacy)
2005-08-13 05:00:00,2005,8,6,15502,53.51,HOEP (Legacy)
2005-08-13 06:00:00,2005,8,7,16069,73.62,HOEP (Legacy)
2005-08-13 07:00:00,2005,8,8,17322,84.66,HOEP (Legacy)
2005-08-13 08:00:00,2005,8,9,18253,51.21,HOEP (Legacy)
2005-08-13 09:00:00,2005,8,10,19146,129.89,HOEP (Legacy)
2005-08-13 10:00:00,2005,8,11,19735,141.9,HOEP (Legacy)
2005-08-13 11:00:00,2005,8,12,20007,155.98,HOEP (Legacy)
2005-08-13 12:00:00,2005,8,13,20231,154.03,HOEP (Legacy)
2005-08-13 13:00:00,2005,8,14,20193,134.05,HOEP (Legacy)
2005-08-13 14:00:00,2005,8,15,20069,128.78,HOEP (Legacy)
2005-08-13 15:00:00,2005,8,16,20213,134.08,HOEP (Legacy)
2005-08-13 16:00:00,2005,8,17,20244,134.52,HOEP (Legacy)
2005-08-13 17:00:00,2005,8,18,19797,122.34,HOEP (Legacy)
2005-08-13 18:00:00,2005,8,19,18937,105.01,HOEP (Legacy)
2005-08-13 19:00:00,2005,8,20,18960,97.03,HOEP (Legacy)
2005-08-13 20:00:00,2005,8,21,19216,112.74,HOEP (Legacy)
2005-08-13 21:00:00,2005,8,22,18380,81.22,HOEP (Legacy)
2005-08-13 22:00:00,2005,8,23,17064,58.14,HOEP (Legacy)
2005-08-13 23:00:00,2005,8,24,16169,50.14,HOEP (Legacy)
2005-08-14 00:00:00,2005,8,1,15301,45.27,HOEP (Legacy)
2005-08-14 01:00:00,2005,8,2,14959,39.24,HOEP (Legacy)
2005-08-14 02:00:00,2005,8,3,14515,37.97,HOEP (Legacy)
2005-08-14 03:00:00,2005,8,4,14178,32.11,HOEP (Legacy)
2005-08-14 04:00:00,2005,8,5,14117,37.76,HOEP (Legacy)
2005-08-14 05:00:00,2005,8,6,14252,32.71,HOEP (Legacy)
2005-08-14 06:00:00,2005,8,7,14598,31.68,HOEP (Legacy)
2005-08-14 07:00:00,2005,8,8,15231,31.45,HOEP (Legacy)
2005-08-14 08:00:00,2005,8,9,16022,38.31,HOEP (Legacy)
2005-08-14 09:00:00,2005,8,10,16591,40.82,HOEP (Legacy)
2005-08-14 10:00:00,2005,8,11,17125,42.33,HOEP (Legacy)
2005-08-14 11:00:00,2005,8,12,17214,42.97,HOEP (Legacy)
2005-08-14 12:00:00,2005,8,13,17334,46.75,HOEP (Legacy)
2005-08-14 13:00:00,2005,8,14,17156,44.26,HOEP (Legacy)
2005-08-14 14:00:00,2005,8,15,17151,40.47,HOEP (Legacy)
2005-08-14 15:00:00,2005,8,16,17428,39.14,HOEP (Legacy)
2005-08-14 16:00:00,2005,8,17,17966,44.4,HOEP (Legacy)
2005-08-14 17:00:00,2005,8,18,18048,48.35,HOEP (Legacy)
2005-08-14 18:00:00,2005,8,19,17796,44.66,HOEP (Legacy)
2005-08-14 19:00:00,2005,8,20,17668,45.02,HOEP (Legacy)
2005-08-14 20:00:00,2005,8,21,17938,47.34,HOEP (Legacy)
2005-08-14 21:00:00,2005,8,22,17309,38.79,HOEP (Legacy)
2005-08-14 22:00:00,2005,8,23,16023,37.48,HOEP (Legacy)
2005-08-14 23:00:00,2005,8,24,15279,38.29,HOEP (Legacy)
2005-08-15 00:00:00,2005,8,1,14721,33.91,HOEP (Legacy)
2005-08-15 01:00:00,2005,8,2,14180,27.86,HOEP (Legacy)
2005-08-15 02:00:00,2005,8,3,14088,27.53,HOEP (Legacy)
2005-08-15 03:00:00,2005,8,4,14204,27.67,HOEP (Legacy)
2005-08-15 04:00:00,2005,8,5,14604,27.76,HOEP (Legacy)
2005-08-15 05:00:00,2005,8,6,15354,29.1,HOEP (Legacy)
2005-08-15 06:00:00,2005,8,7,16684,36.07,HOEP (Legacy)
2005-08-15 07:00:00,2005,8,8,18189,40.9,HOEP (Legacy)
2005-08-15 08:00:00,2005,8,9,19429,61.62,HOEP (Legacy)
2005-08-15 09:00:00,2005,8,10,20548,88.83,HOEP (Legacy)
2005-08-15 10:00:00,2005,8,11,21107,127.93,HOEP (Legacy)
2005-08-15 11:00:00,2005,8,12,21224,105.15,HOEP (Legacy)
2005-08-15 12:00:00,2005,8,13,21519,103.09,HOEP (Legacy)
2005-08-15 13:00:00,2005,8,14,21806,129.15,HOEP (Legacy)
2005-08-15 14:00:00,2005,8,15,21884,112.1,HOEP (Legacy)
2005-08-15 15:00:00,2005,8,16,22134,100.82,HOEP (Legacy)
2005-08-15 16:00:00,2005,8,17,22112,100.98,HOEP (Legacy)
2005-08-15 17:00:00,2005,8,18,21409,89.84,HOEP (Legacy)
2005-08-15 18:00:00,2005,8,19,20714,50.15,HOEP (Legacy)
2005-08-15 19:00:00,2005,8,20,20509,104.25,HOEP (Legacy)
2005-08-15 20:00:00,2005,8,21,20566,103.23,HOEP (Legacy)
2005-08-15 21:00:00,2005,8,22,19091,43.01,HOEP (Legacy)
2005-08-15 22:00:00,2005,8,23,17259,39.68,HOEP (Legacy)
2005-08-15 23:00:00,2005,8,24,16098,41.7,HOEP (Legacy)
2005-08-16 00:00:00,2005,8,1,15275,32.22,HOEP (Legacy)
2005-08-16 01:00:00,2005,8,2,15049,28.81,HOEP (Legacy)
2005-08-16 02:00:00,2005,8,3,14614,26.92,HOEP (Legacy)
2005-08-16 03:00:00,2005,8,4,14529,27.01,HOEP (Legacy)
2005-08-16 04:00:00,2005,8,5,14902,27.82,HOEP (Legacy)
2005-08-16 05:00:00,2005,8,6,15664,30.63,HOEP (Legacy)
2005-08-16 06:00:00,2005,8,7,16943,37.65,HOEP (Legacy)
2005-08-16 07:00:00,2005,8,8,18526,39.11,HOEP (Legacy)
2005-08-16 08:00:00,2005,8,9,19509,52.77,HOEP (Legacy)
2005-08-16 09:00:00,2005,8,10,20378,98.53,HOEP (Legacy)
2005-08-16 10:00:00,2005,8,11,21004,102.18,HOEP (Legacy)
2005-08-16 11:00:00,2005,8,12,21204,94.82,HOEP (Legacy)
2005-08-16 12:00:00,2005,8,13,21558,94.26,HOEP (Legacy)
2005-08-16 13:00:00,2005,8,14,21499,61.36,HOEP (Legacy)
2005-08-16 14:00:00,2005,8,15,21443,59.18,HOEP (Legacy)
2005-08-16 15:00:00,2005,8,16,21862,120.77,HOEP (Legacy)
2005-08-16 16:00:00,2005,8,17,22027,95.14,HOEP (Legacy)
2005-08-16 17:00:00,2005,8,18,21338,83.18,HOEP (Legacy)
2005-08-16 18:00:00,2005,8,19,20677,53.85,HOEP (Legacy)
2005-08-16 19:00:00,2005,8,20,20591,91.76,HOEP (Legacy)
2005-08-16 20:00:00,2005,8,21,20696,75.06,HOEP (Legacy)
2005-08-16 21:00:00,2005,8,22,19104,50.39,HOEP (Legacy)
2005-08-16 22:00:00,2005,8,23,17324,36.28,HOEP (Legacy)
2005-08-16 23:00:00,2005,8,24,16417,39.77,HOEP (Legacy)
2005-08-17 00:00:00,2005,8,1,15726,34.25,HOEP (Legacy)
2005-08-17 01:00:00,2005,8,2,15111,32.21,HOEP (Legacy)
2005-08-17 02:00:00,2005,8,3,14611,32.1,HOEP (Legacy)
2005-08-17 03:00:00,2005,8,4,14750,31.06,HOEP (Legacy)
2005-08-17 04:00:00,2005,8,5,15248,32.02,HOEP (Legacy)
2005-08-17 05:00:00,2005,8,6,16091,33.09,HOEP (Legacy)
2005-08-17 06:00:00,2005,8,7,17372,63.58,HOEP (Legacy)
2005-08-17 07:00:00,2005,8,8,18807,56.79,HOEP (Legacy)
2005-08-17 08:00:00,2005,8,9,19652,77.34,HOEP (Legacy)
2005-08-17 09:00:00,2005,8,10,20410,73.33,HOEP (Legacy)
2005-08-17 10:00:00,2005,8,11,20847,65.51,HOEP (Legacy)
2005-08-17 11:00:00,2005,8,12,20980,98.94,HOEP (Legacy)
2005-08-17 12:00:00,2005,8,13,21341,94.81,HOEP (Legacy)
2005-08-17 13:00:00,2005,8,14,21351,56.76,HOEP (Legacy)
2005-08-17 14:00:00,2005,8,15,21569,87.31,HOEP (Legacy)
2005-08-17 15:00:00,2005,8,16,21820,94.71,HOEP (Legacy)
2005-08-17 16:00:00,2005,8,17,21724,113.16,HOEP (Legacy)
2005-08-17 17:00:00,2005,8,18,21419,129.56,HOEP (Legacy)
2005-08-17 18:00:00,2005,8,19,20505,81.09,HOEP (Legacy)
2005-08-17 19:00:00,2005,8,20,20278,102.59,HOEP (Legacy)
2005-08-17 20:00:00,2005,8,21,20268,103.61,HOEP (Legacy)
2005-08-17 21:00:00,2005,8,22,18789,45.39,HOEP (Legacy)
2005-08-17 22:00:00,2005,8,23,17076,37.1,HOEP (Legacy)
2005-08-17 23:00:00,2005,8,24,16094,42.99,HOEP (Legacy)
2005-08-18 00:00:00,2005,8,1,15377,38.56,HOEP (Legacy)
2005-08-18 01:00:00,2005,8,2,14838,33.01,HOEP (Legacy)
2005-08-18 02:00:00,2005,8,3,14523,27.6,HOEP (Legacy)
2005-08-18 03:00:00,2005,8,4,14595,31.06,HOEP (Legacy)
2005-08-18 04:00:00,2005,8,5,14951,31.88,HOEP (Legacy)
2005-08-18 05:00:00,2005,8,6,15758,32.57,HOEP (Legacy)
2005-08-18 06:00:00,2005,8,7,17043,53.17,HOEP (Legacy)
2005-08-18 07:00:00,2005,8,8,18420,71.74,HOEP (Legacy)
2005-08-18 08:00:00,2005,8,9,19240,62.12,HOEP (Legacy)
2005-08-18 09:00:00,2005,8,10,19998,69.33,HOEP (Legacy)
2005-08-18 10:00:00,2005,8,11,20451,81.02,HOEP (Legacy)
2005-08-18 11:00:00,2005,8,12,20591,95.35,HOEP (Legacy)
2005-08-18 12:00:00,2005,8,13,20922,98.37,HOEP (Legacy)
2005-08-18 13:00:00,2005,8,14,20881,101.85,HOEP (Legacy)
2005-08-18 14:00:00,2005,8,15,20890,129.41,HOEP (Legacy)
2005-08-18 15:00:00,2005,8,16,21005,77.72,HOEP (Legacy)
2005-08-18 16:00:00,2005,8,17,20807,119.82,HOEP (Legacy)
2005-08-18 17:00:00,2005,8,18,20379,60.61,HOEP (Legacy)
2005-08-18 18:00:00,2005,8,19,19760,96.52,HOEP (Legacy)
2005-08-18 19:00:00,2005,8,20,19922,144.86,HOEP (Legacy)
2005-08-18 20:00:00,2005,8,21,19829,178.75,HOEP (Legacy)
2005-08-18 21:00:00,2005,8,22,18747,64.76,HOEP (Legacy)
2005-08-18 22:00:00,2005,8,23,17194,45.69,HOEP (Legacy)
2005-08-18 23:00:00,2005,8,24,16310,61.63,HOEP (Legacy)
2005-08-19 00:00:00,2005,8,1,15748,48.34,HOEP (Legacy)
2005-08-19 01:00:00,2005,8,2,15320,33.85,HOEP (Legacy)
2005-08-19 02:00:00,2005,8,3,14970,33.21,HOEP (Legacy)
2005-08-19 03:00:00,2005,8,4,14955,36.0,HOEP (Legacy)
2005-08-19 04:00:00,2005,8,5,15677,65.44,HOEP (Legacy)
2005-08-19 05:00:00,2005,8,6,16367,98.9,HOEP (Legacy)
2005-08-19 06:00:00,2005,8,7,17628,95.53,HOEP (Legacy)
2005-08-19 07:00:00,2005,8,8,18834,72.36,HOEP (Legacy)
2005-08-19 08:00:00,2005,8,9,19543,74.91,HOEP (Legacy)
2005-08-19 09:00:00,2005,8,10,20278,119.23,HOEP (Legacy)
2005-08-19 10:00:00,2005,8,11,21001,118.73,HOEP (Legacy)
2005-08-19 11:00:00,2005,8,12,20918,118.65,HOEP (Legacy)
2005-08-19 12:00:00,2005,8,13,21323,121.11,HOEP (Legacy)
2005-08-19 13:00:00,2005,8,14,21054,122.5,HOEP (Legacy)
2005-08-19 14:00:00,2005,8,15,20868,123.03,HOEP (Legacy)
2005-08-19 15:00:00,2005,8,16,20210,122.21,HOEP (Legacy)
2005-08-19 16:00:00,2005,8,17,20172,117.47,HOEP (Legacy)
2005-08-19 17:00:00,2005,8,18,20137,110.23,HOEP (Legacy)
2005-08-19 18:00:00,2005,8,19,19829,96.7,HOEP (Legacy)
2005-08-19 19:00:00,2005,8,20,19895,127.9,HOEP (Legacy)
2005-08-19 20:00:00,2005,8,21,19724,112.38,HOEP (Legacy)
2005-08-19 21:00:00,2005,8,22,18450,64.08,HOEP (Legacy)
2005-08-19 22:00:00,2005,8,23,16853,49.01,HOEP (Legacy)
2005-08-19 23:00:00,2005,8,24,15981,45.77,HOEP (Legacy)
2005-08-20 00:00:00,2005,8,1,15218,41.15,HOEP (Legacy)
2005-08-20 01:00:00,2005,8,2,14895,34.67,HOEP (Legacy)
2005-08-20 02:00:00,2005,8,3,14528,34.65,HOEP (Legacy)
2005-08-20 03:00:00,2005,8,4,14310,35.32,HOEP (Legacy)
2005-08-20 04:00:00,2005,8,5,14407,35.01,HOEP (Legacy)
2005-08-20 05:00:00,2005,8,6,14756,34.6,HOEP (Legacy)
2005-08-20 06:00:00,2005,8,7,15294,38.89,HOEP (Legacy)
2005-08-20 07:00:00,2005,8,8,16355,51.45,HOEP (Legacy)
2005-08-20 08:00:00,2005,8,9,17159,42.89,HOEP (Legacy)
2005-08-20 09:00:00,2005,8,10,18000,51.35,HOEP (Legacy)
2005-08-20 10:00:00,2005,8,11,18513,69.93,HOEP (Legacy)
2005-08-20 11:00:00,2005,8,12,18516,56.96,HOEP (Legacy)
2005-08-20 12:00:00,2005,8,13,18523,52.6,HOEP (Legacy)
2005-08-20 13:00:00,2005,8,14,18306,59.27,HOEP (Legacy)
2005-08-20 14:00:00,2005,8,15,18111,58.25,HOEP (Legacy)
2005-08-20 15:00:00,2005,8,16,18151,56.95,HOEP (Legacy)
2005-08-20 16:00:00,2005,8,17,18368,57.63,HOEP (Legacy)
2005-08-20 17:00:00,2005,8,18,18091,59.44,HOEP (Legacy)
2005-08-20 18:00:00,2005,8,19,17830,97.64,HOEP (Legacy)
2005-08-20 19:00:00,2005,8,20,18083,145.03,HOEP (Legacy)
2005-08-20 20:00:00,2005,8,21,18128,91.12,HOEP (Legacy)
2005-08-20 21:00:00,2005,8,22,17562,137.92,HOEP (Legacy)
2005-08-20 22:00:00,2005,8,23,16321,57.85,HOEP (Legacy)
2005-08-20 23:00:00,2005,8,24,15532,73.96,HOEP (Legacy)
2005-08-21 00:00:00,2005,8,1,14981,66.25,HOEP (Legacy)
2005-08-21 01:00:00,2005,8,2,14627,64.06,HOEP (Legacy)
2005-08-21 02:00:00,2005,8,3,14340,48.91,HOEP (Legacy)
2005-08-21 03:00:00,2005,8,4,14057,33.7,HOEP (Legacy)
2005-08-21 04:00:00,2005,8,5,13994,33.68,HOEP (Legacy)
2005-08-21 05:00:00,2005,8,6,13981,32.98,HOEP (Legacy)
2005-08-21 06:00:00,2005,8,7,14345,37.47,HOEP (Legacy)
2005-08-21 07:00:00,2005,8,8,15498,95.3,HOEP (Legacy)
2005-08-21 08:00:00,2005,8,9,16923,60.72,HOEP (Legacy)
2005-08-21 09:00:00,2005,8,10,17867,157.5,HOEP (Legacy)
2005-08-21 10:00:00,2005,8,11,18531,183.36,HOEP (Legacy)
2005-08-21 11:00:00,2005,8,12,18690,136.12,HOEP (Legacy)
2005-08-21 12:00:00,2005,8,13,18803,107.78,HOEP (Legacy)
2005-08-21 13:00:00,2005,8,14,18818,77.38,HOEP (Legacy)
2005-08-21 14:00:00,2005,8,15,18877,54.34,HOEP (Legacy)
2005-08-21 15:00:00,2005,8,16,19179,74.34,HOEP (Legacy)
2005-08-21 16:00:00,2005,8,17,19182,56.53,HOEP (Legacy)
2005-08-21 17:00:00,2005,8,18,18594,49.72,HOEP (Legacy)
2005-08-21 18:00:00,2005,8,19,18226,50.83,HOEP (Legacy)
2005-08-21 19:00:00,2005,8,20,18194,52.85,HOEP (Legacy)
2005-08-21 20:00:00,2005,8,21,18294,54.42,HOEP (Legacy)
2005-08-21 21:00:00,2005,8,22,17201,41.88,HOEP (Legacy)
2005-08-21 22:00:00,2005,8,23,15980,35.99,HOEP (Legacy)
2005-08-21 23:00:00,2005,8,24,14985,37.71,HOEP (Legacy)
2005-08-22 00:00:00,2005,8,1,14593,35.42,HOEP (Legacy)
2005-08-22 01:00:00,2005,8,2,14361,34.14,HOEP (Legacy)
2005-08-22 02:00:00,2005,8,3,14137,31.03,HOEP (Legacy)
2005-08-22 03:00:00,2005,8,4,14206,32.51,HOEP (Legacy)
2005-08-22 04:00:00,2005,8,5,14593,32.08,HOEP (Legacy)
2005-08-22 05:00:00,2005,8,6,15427,33.6,HOEP (Legacy)
2005-08-22 06:00:00,2005,8,7,16753,40.81,HOEP (Legacy)
2005-08-22 07:00:00,2005,8,8,18097,41.31,HOEP (Legacy)
2005-08-22 08:00:00,2005,8,9,18619,57.29,HOEP (Legacy)
2005-08-22 09:00:00,2005,8,10,19503,81.64,HOEP (Legacy)
2005-08-22 10:00:00,2005,8,11,19567,83.68,HOEP (Legacy)
2005-08-22 11:00:00,2005,8,12,19673,89.62,HOEP (Legacy)
2005-08-22 12:00:00,2005,8,13,19615,76.45,HOEP (Legacy)
2005-08-22 13:00:00,2005,8,14,19539,85.42,HOEP (Legacy)
2005-08-22 14:00:00,2005,8,15,19440,93.25,HOEP (Legacy)
2005-08-22 15:00:00,2005,8,16,19485,74.16,HOEP (Legacy)
2005-08-22 16:00:00,2005,8,17,19337,52.82,HOEP (Legacy)
2005-08-22 17:00:00,2005,8,18,18858,47.84,HOEP (Legacy)
2005-08-22 18:00:00,2005,8,19,18247,42.3,HOEP (Legacy)
2005-08-22 19:00:00,2005,8,20,18576,69.2,HOEP (Legacy)
2005-08-22 20:00:00,2005,8,21,18642,51.91,HOEP (Legacy)
2005-08-22 21:00:00,2005,8,22,17499,47.02,HOEP (Legacy)
2005-08-22 22:00:00,2005,8,23,15991,38.25,HOEP (Legacy)
2005-08-22 23:00:00,2005,8,24,14943,31.44,HOEP (Legacy)
2005-08-23 00:00:00,2005,8,1,14563,32.46,HOEP (Legacy)
2005-08-23 01:00:00,2005,8,2,14431,27.31,HOEP (Legacy)
2005-08-23 02:00:00,2005,8,3,14145,26.16,HOEP (Legacy)
2005-08-23 03:00:00,2005,8,4,14129,26.32,HOEP (Legacy)
2005-08-23 04:00:00,2005,8,5,14422,27.12,HOEP (Legacy)
2005-08-23 05:00:00,2005,8,6,15412,31.45,HOEP (Legacy)
2005-08-23 06:00:00,2005,8,7,16508,37.1,HOEP (Legacy)
2005-08-23 07:00:00,2005,8,8,17741,51.27,HOEP (Legacy)
2005-08-23 08:00:00,2005,8,9,18446,56.52,HOEP (Legacy)
2005-08-23 09:00:00,2005,8,10,19009,67.29,HOEP (Legacy)
2005-08-23 10:00:00,2005,8,11,19390,70.43,HOEP (Legacy)
2005-08-23 11:00:00,2005,8,12,19381,68.75,HOEP (Legacy)
2005-08-23 12:00:00,2005,8,13,19415,73.37,HOEP (Legacy)
2005-08-23 13:00:00,2005,8,14,19256,69.39,HOEP (Legacy)
2005-08-23 14:00:00,2005,8,15,19260,56.67,HOEP (Legacy)
2005-08-23 15:00:00,2005,8,16,19280,79.16,HOEP (Legacy)
2005-08-23 16:00:00,2005,8,17,19291,54.72,HOEP (Legacy)
2005-08-23 17:00:00,2005,8,18,18987,51.24,HOEP (Legacy)
2005-08-23 18:00:00,2005,8,19,18584,64.68,HOEP (Legacy)
2005-08-23 19:00:00,2005,8,20,18990,89.85,HOEP (Legacy)
2005-08-23 20:00:00,2005,8,21,18978,63.82,HOEP (Legacy)
2005-08-23 21:00:00,2005,8,22,17496,41.28,HOEP (Legacy)
2005-08-23 22:00:00,2005,8,23,15992,36.54,HOEP (Legacy)
2005-08-23 23:00:00,2005,8,24,14957,33.36,HOEP (Legacy)
2005-08-24 00:00:00,2005,8,1,14599,29.23,HOEP (Legacy)
2005-08-24 01:00:00,2005,8,2,14408,27.25,HOEP (Legacy)
2005-08-24 02:00:00,2005,8,3,14229,25.62,HOEP (Legacy)
2005-08-24 03:00:00,2005,8,4,14238,26.48,HOEP (Legacy)
2005-08-24 04:00:00,2005,8,5,14509,25.62,HOEP (Legacy)
2005-08-24 05:00:00,2005,8,6,15311,30.54,HOEP (Legacy)
2005-08-24 06:00:00,2005,8,7,16454,31.27,HOEP (Legacy)
2005-08-24 07:00:00,2005,8,8,17831,35.74,HOEP (Legacy)
2005-08-24 08:00:00,2005,8,9,18574,48.84,HOEP (Legacy)
2005-08-24 09:00:00,2005,8,10,19139,65.29,HOEP (Legacy)
2005-08-24 10:00:00,2005,8,11,19633,49.96,HOEP (Legacy)
2005-08-24 11:00:00,2005,8,12,19651,51.32,HOEP (Legacy)
2005-08-24 12:00:00,2005,8,13,19895,57.86,HOEP (Legacy)
2005-08-24 13:00:00,2005,8,14,19957,90.52,HOEP (Legacy)
2005-08-24 14:00:00,2005,8,15,20024,64.78,HOEP (Legacy)
2005-08-24 15:00:00,2005,8,16,20255,79.03,HOEP (Legacy)
2005-08-24 16:00:00,2005,8,17,20242,61.15,HOEP (Legacy)
2005-08-24 17:00:00,2005,8,18,19819,50.44,HOEP (Legacy)
2005-08-24 18:00:00,2005,8,19,19330,53.19,HOEP (Legacy)
2005-08-24 19:00:00,2005,8,20,19470,114.16,HOEP (Legacy)
2005-08-24 20:00:00,2005,8,21,19230,122.59,HOEP (Legacy)
2005-08-24 21:00:00,2005,8,22,17807,71.03,HOEP (Legacy)
2005-08-24 22:00:00,2005,8,23,16284,67.93,HOEP (Legacy)
2005-08-24 23:00:00,2005,8,24,15462,51.5,HOEP (Legacy)
2005-08-25 00:00:00,2005,8,1,15097,37.98,HOEP (Legacy)
2005-08-25 01:00:00,2005,8,2,14586,27.83,HOEP (Legacy)
2005-08-25 02:00:00,2005,8,3,14216,27.46,HOEP (Legacy)
2005-08-25 03:00:00,2005,8,4,14233,28.73,HOEP (Legacy)
2005-08-25 04:00:00,2005,8,5,14626,28.61,HOEP (Legacy)
2005-08-25 05:00:00,2005,8,6,15744,27.43,HOEP (Legacy)
2005-08-25 06:00:00,2005,8,7,16694,36.52,HOEP (Legacy)
2005-08-25 07:00:00,2005,8,8,18144,43.17,HOEP (Legacy)
2005-08-25 08:00:00,2005,8,9,19118,49.43,HOEP (Legacy)
2005-08-25 09:00:00,2005,8,10,19719,54.06,HOEP (Legacy)
2005-08-25 10:00:00,2005,8,11,20192,69.75,HOEP (Legacy)
2005-08-25 11:00:00,2005,8,12,20350,86.38,HOEP (Legacy)
2005-08-25 12:00:00,2005,8,13,20455,90.93,HOEP (Legacy)
2005-08-25 13:00:00,2005,8,14,20622,129.71,HOEP (Legacy)
2005-08-25 14:00:00,2005,8,15,20693,139.81,HOEP (Legacy)
2005-08-25 15:00:00,2005,8,16,20711,93.42,HOEP (Legacy)
2005-08-25 16:00:00,2005,8,17,20588,80.24,HOEP (Legacy)
2005-08-25 17:00:00,2005,8,18,19958,98.27,HOEP (Legacy)
2005-08-25 18:00:00,2005,8,19,19319,67.4,HOEP (Legacy)
2005-08-25 19:00:00,2005,8,20,19786,110.92,HOEP (Legacy)
2005-08-25 20:00:00,2005,8,21,19711,81.74,HOEP (Legacy)
2005-08-25 21:00:00,2005,8,22,18360,67.58,HOEP (Legacy)
2005-08-25 22:00:00,2005,8,23,16829,42.76,HOEP (Legacy)
2005-08-25 23:00:00,2005,8,24,15952,41.67,HOEP (Legacy)
2005-08-26 00:00:00,2005,8,1,15346,63.84,HOEP (Legacy)
2005-08-26 01:00:00,2005,8,2,14925,34.58,HOEP (Legacy)
2005-08-26 02:00:00,2005,8,3,14591,33.79,HOEP (Legacy)
2005-08-26 03:00:00,2005,8,4,14520,32.71,HOEP (Legacy)
2005-08-26 04:00:00,2005,8,5,14989,33.86,HOEP (Legacy)
2005-08-26 05:00:00,2005,8,6,16020,37.15,HOEP (Legacy)
2005-08-26 06:00:00,2005,8,7,16979,36.83,HOEP (Legacy)
2005-08-26 07:00:00,2005,8,8,18411,44.89,HOEP (Legacy)
2005-08-26 08:00:00,2005,8,9,19458,129.49,HOEP (Legacy)
2005-08-26 09:00:00,2005,8,10,20328,125.7,HOEP (Legacy)
2005-08-26 10:00:00,2005,8,11,20778,100.74,HOEP (Legacy)
2005-08-26 11:00:00,2005,8,12,20981,100.49,HOEP (Legacy)
2005-08-26 12:00:00,2005,8,13,21300,119.03,HOEP (Legacy)
2005-08-26 13:00:00,2005,8,14,21485,102.79,HOEP (Legacy)
2005-08-26 14:00:00,2005,8,15,21468,94.93,HOEP (Legacy)
2005-08-26 15:00:00,2005,8,16,21446,94.88,HOEP (Legacy)
2005-08-26 16:00:00,2005,8,17,21340,121.81,HOEP (Legacy)
2005-08-26 17:00:00,2005,8,18,20862,112.34,HOEP (Legacy)
2005-08-26 18:00:00,2005,8,19,20264,86.81,HOEP (Legacy)
2005-08-26 19:00:00,2005,8,20,20344,97.35,HOEP (Legacy)
2005-08-26 20:00:00,2005,8,21,20018,92.76,HOEP (Legacy)
2005-08-26 21:00:00,2005,8,22,18792,49.33,HOEP (Legacy)
2005-08-26 22:00:00,2005,8,23,17336,54.8,HOEP (Legacy)
2005-08-26 23:00:00,2005,8,24,16294,60.11,HOEP (Legacy)
2005-08-27 00:00:00,2005,8,1,15643,53.91,HOEP (Legacy)
2005-08-27 01:00:00,2005,8,2,15181,35.98,HOEP (Legacy)
2005-08-27 02:00:00,2005,8,3,14732,33.23,HOEP (Legacy)
2005-08-27 03:00:00,2005,8,4,14511,32.1,HOEP (Legacy)
2005-08-27 04:00:00,2005,8,5,14551,32.35,HOEP (Legacy)
2005-08-27 05:00:00,2005,8,6,14641,31.79,HOEP (Legacy)
2005-08-27 06:00:00,2005,8,7,15108,36.24,HOEP (Legacy)
2005-08-27 07:00:00,2005,8,8,16344,37.19,HOEP (Legacy)
2005-08-27 08:00:00,2005,8,9,17687,58.4,HOEP (Legacy)
2005-08-27 09:00:00,2005,8,10,18691,112.52,HOEP (Legacy)
2005-08-27 10:00:00,2005,8,11,19076,68.35,HOEP (Legacy)
2005-08-27 11:00:00,2005,8,12,19209,78.91,HOEP (Legacy)
2005-08-27 12:00:00,2005,8,13,18953,87.43,HOEP (Legacy)
2005-08-27 13:00:00,2005,8,14,18605,69.55,HOEP (Legacy)
2005-08-27 14:00:00,2005,8,15,18197,55.77,HOEP (Legacy)
2005-08-27 15:00:00,2005,8,16,18302,65.95,HOEP (Legacy)
2005-08-27 16:00:00,2005,8,17,18669,82.76,HOEP (Legacy)
2005-08-27 17:00:00,2005,8,18,18341,63.55,HOEP (Legacy)
2005-08-27 18:00:00,2005,8,19,18017,61.37,HOEP (Legacy)
2005-08-27 19:00:00,2005,8,20,18135,100.52,HOEP (Legacy)
2005-08-27 20:00:00,2005,8,21,18064,75.51,HOEP (Legacy)
2005-08-27 21:00:00,2005,8,22,17196,48.26,HOEP (Legacy)
2005-08-27 22:00:00,2005,8,23,16095,39.13,HOEP (Legacy)
2005-08-27 23:00:00,2005,8,24,15523,36.8,HOEP (Legacy)
2005-08-28 00:00:00,2005,8,1,14929,33.63,HOEP (Legacy)
2005-08-28 01:00:00,2005,8,2,14388,32.07,HOEP (Legacy)
2005-08-28 02:00:00,2005,8,3,13917,27.39,HOEP (Legacy)
2005-08-28 03:00:00,2005,8,4,13817,16.22,HOEP (Legacy)
2005-08-28 04:00:00,2005,8,5,13487,11.33,HOEP (Legacy)
2005-08-28 05:00:00,2005,8,6,13812,8.6,HOEP (Legacy)
2005-08-28 06:00:00,2005,8,7,13933,23.97,HOEP (Legacy)
2005-08-28 07:00:00,2005,8,8,15123,34.64,HOEP (Legacy)
2005-08-28 08:00:00,2005,8,9,16576,44.03,HOEP (Legacy)
2005-08-28 09:00:00,2005,8,10,17645,116.73,HOEP (Legacy)
2005-08-28 10:00:00,2005,8,11,18305,152.12,HOEP (Legacy)
2005-08-28 11:00:00,2005,8,12,18610,138.16,HOEP (Legacy)
2005-08-28 12:00:00,2005,8,13,18888,185.67,HOEP (Legacy)
2005-08-28 13:00:00,2005,8,14,19061,186.89,HOEP (Legacy)
2005-08-28 14:00:00,2005,8,15,19258,92.9,HOEP (Legacy)
2005-08-28 15:00:00,2005,8,16,19521,69.22,HOEP (Legacy)
2005-08-28 16:00:00,2005,8,17,19824,74.35,HOEP (Legacy)
2005-08-28 17:00:00,2005,8,18,19631,92.64,HOEP (Legacy)
2005-08-28 18:00:00,2005,8,19,19096,76.25,HOEP (Legacy)
2005-08-28 19:00:00,2005,8,20,19483,101.23,HOEP (Legacy)
2005-08-28 20:00:00,2005,8,21,19396,96.65,HOEP (Legacy)
2005-08-28 21:00:00,2005,8,22,18455,59.12,HOEP (Legacy)
2005-08-28 22:00:00,2005,8,23,17168,40.71,HOEP (Legacy)
2005-08-28 23:00:00,2005,8,24,16208,56.33,HOEP (Legacy)
2005-08-29 00:00:00,2005,8,1,15616,38.34,HOEP (Legacy)
2005-08-29 01:00:00,2005,8,2,15256,31.92,HOEP (Legacy)
2005-08-29 02:00:00,2005,8,3,14985,30.25,HOEP (Legacy)
2005-08-29 03:00:00,2005,8,4,14972,31.29,HOEP (Legacy)
2005-08-29 04:00:00,2005,8,5,15423,31.33,HOEP (Legacy)
2005-08-29 05:00:00,2005,8,6,16279,32.65,HOEP (Legacy)
2005-08-29 06:00:00,2005,8,7,17548,78.42,HOEP (Legacy)
2005-08-29 07:00:00,2005,8,8,19145,153.26,HOEP (Legacy)
2005-08-29 08:00:00,2005,8,9,20105,136.42,HOEP (Legacy)
2005-08-29 09:00:00,2005,8,10,21056,133.72,HOEP (Legacy)
2005-08-29 10:00:00,2005,8,11,21802,146.14,HOEP (Legacy)
2005-08-29 11:00:00,2005,8,12,22160,140.16,HOEP (Legacy)
2005-08-29 12:00:00,2005,8,13,22830,143.96,HOEP (Legacy)
2005-08-29 13:00:00,2005,8,14,22810,145.41,HOEP (Legacy)
2005-08-29 14:00:00,2005,8,15,22819,144.63,HOEP (Legacy)
2005-08-29 15:00:00,2005,8,16,22913,136.15,HOEP (Legacy)
2005-08-29 16:00:00,2005,8,17,22854,143.88,HOEP (Legacy)
2005-08-29 17:00:00,2005,8,18,22169,139.71,HOEP (Legacy)
2005-08-29 18:00:00,2005,8,19,21521,126.2,HOEP (Legacy)
2005-08-29 19:00:00,2005,8,20,21860,127.86,HOEP (Legacy)
2005-08-29 20:00:00,2005,8,21,21240,120.03,HOEP (Legacy)
2005-08-29 21:00:00,2005,8,22,19685,47.96,HOEP (Legacy)
2005-08-29 22:00:00,2005,8,23,18136,35.87,HOEP (Legacy)
2005-08-29 23:00:00,2005,8,24,17018,44.43,HOEP (Legacy)
2005-08-30 00:00:00,2005,8,1,16226,38.4,HOEP (Legacy)
2005-08-30 01:00:00,2005,8,2,15769,39.26,HOEP (Legacy)
2005-08-30 02:00:00,2005,8,3,15337,39.72,HOEP (Legacy)
2005-08-30 03:00:00,2005,8,4,15296,39.83,HOEP (Legacy)
2005-08-30 04:00:00,2005,8,5,15573,38.27,HOEP (Legacy)
2005-08-30 05:00:00,2005,8,6,16408,33.2,HOEP (Legacy)
2005-08-30 06:00:00,2005,8,7,17733,53.72,HOEP (Legacy)
2005-08-30 07:00:00,2005,8,8,19219,136.9,HOEP (Legacy)
2005-08-30 08:00:00,2005,8,9,20082,130.35,HOEP (Legacy)
2005-08-30 09:00:00,2005,8,10,21021,143.23,HOEP (Legacy)
2005-08-30 10:00:00,2005,8,11,21605,155.32,HOEP (Legacy)
2005-08-30 11:00:00,2005,8,12,21774,155.24,HOEP (Legacy)
2005-08-30 12:00:00,2005,8,13,22058,154.94,HOEP (Legacy)
2005-08-30 13:00:00,2005,8,14,22068,156.05,HOEP (Legacy)
2005-08-30 14:00:00,2005,8,15,22123,150.85,HOEP (Legacy)
2005-08-30 15:00:00,2005,8,16,22169,141.7,HOEP (Legacy)
2005-08-30 16:00:00,2005,8,17,21864,140.1,HOEP (Legacy)
2005-08-30 17:00:00,2005,8,18,21404,54.47,HOEP (Legacy)
2005-08-30 18:00:00,2005,8,19,21058,140.96,HOEP (Legacy)
2005-08-30 19:00:00,2005,8,20,21443,143.54,HOEP (Legacy)
2005-08-30 20:00:00,2005,8,21,20952,125.08,HOEP (Legacy)
2005-08-30 21:00:00,2005,8,22,19633,68.84,HOEP (Legacy)
2005-08-30 22:00:00,2005,8,23,18015,77.5,HOEP (Legacy)
2005-08-30 23:00:00,2005,8,24,17114,86.41,HOEP (Legacy)
2005-08-31 00:00:00,2005,8,1,16285,52.71,HOEP (Legacy)
2005-08-31 01:00:00,2005,8,2,15918,52.2,HOEP (Legacy)
2005-08-31 02:00:00,2005,8,3,15541,39.64,HOEP (Legacy)
2005-08-31 03:00:00,2005,8,4,15338,49.02,HOEP (Legacy)
2005-08-31 04:00:00,2005,8,5,15771,45.52,HOEP (Legacy)
2005-08-31 05:00:00,2005,8,6,16814,101.94,HOEP (Legacy)
2005-08-31 06:00:00,2005,8,7,18105,77.39,HOEP (Legacy)
2005-08-31 07:00:00,2005,8,8,19189,103.87,HOEP (Legacy)
2005-08-31 08:00:00,2005,8,9,19660,137.19,HOEP (Legacy)
2005-08-31 09:00:00,2005,8,10,20216,99.74,HOEP (Legacy)
2005-08-31 10:00:00,2005,8,11,20589,182.52,HOEP (Legacy)
2005-08-31 11:00:00,2005,8,12,20801,167.94,HOEP (Legacy)
2005-08-31 12:00:00,2005,8,13,21218,111.87,HOEP (Legacy)
2005-08-31 13:00:00,2005,8,14,21462,136.0,HOEP (Legacy)
2005-08-31 14:00:00,2005,8,15,21332,136.54,HOEP (Legacy)
2005-08-31 15:00:00,2005,8,16,21421,160.2,HOEP (Legacy)
2005-08-31 16:00:00,2005,8,17,21643,156.05,HOEP (Legacy)
2005-08-31 17:00:00,2005,8,18,20823,110.04,HOEP (Legacy)
2005-08-31 18:00:00,2005,8,19,20170,53.67,HOEP (Legacy)
2005-08-31 19:00:00,2005,8,20,20485,155.56,HOEP (Legacy)
2005-08-31 20:00:00,2005,8,21,20080,141.73,HOEP (Legacy)
2005-08-31 21:00:00,2005,8,22,18774,59.19,HOEP (Legacy)
2005-08-31 22:00:00,2005,8,23,17264,42.18,HOEP (Legacy)
2005-08-31 23:00:00,2005,8,24,16283,44.65,HOEP (Legacy)
2005-09-01 00:00:00,2005,9,1,15452,38.79,HOEP (Legacy)
2005-09-01 01:00:00,2005,9,2,15063,37.16,HOEP (Legacy)
2005-09-01 02:00:00,2005,9,3,14745,36.97,HOEP (Legacy)
2005-09-01 03:00:00,2005,9,4,14771,36.91,HOEP (Legacy)
2005-09-01 04:00:00,2005,9,5,15058,40.29,HOEP (Legacy)
2005-09-01 05:00:00,2005,9,6,15932,38.3,HOEP (Legacy)
2005-09-01 06:00:00,2005,9,7,16977,39.58,HOEP (Legacy)
2005-09-01 07:00:00,2005,9,8,18365,40.96,HOEP (Legacy)
2005-09-01 08:00:00,2005,9,9,19365,70.54,HOEP (Legacy)
2005-09-01 09:00:00,2005,9,10,20248,64.1,HOEP (Legacy)
2005-09-01 10:00:00,2005,9,11,20607,119.48,HOEP (Legacy)
2005-09-01 11:00:00,2005,9,12,20722,141.99,HOEP (Legacy)
2005-09-01 12:00:00,2005,9,13,21072,141.29,HOEP (Legacy)
2005-09-01 13:00:00,2005,9,14,21217,158.94,HOEP (Legacy)
2005-09-01 14:00:00,2005,9,15,21388,165.82,HOEP (Legacy)
2005-09-01 15:00:00,2005,9,16,21478,130.1,HOEP (Legacy)
2005-09-01 16:00:00,2005,9,17,21349,140.72,HOEP (Legacy)
2005-09-01 17:00:00,2005,9,18,20884,91.3,HOEP (Legacy)
2005-09-01 18:00:00,2005,9,19,20295,62.89,HOEP (Legacy)
2005-09-01 19:00:00,2005,9,20,20668,121.04,HOEP (Legacy)
2005-09-01 20:00:00,2005,9,21,20323,94.74,HOEP (Legacy)
2005-09-01 21:00:00,2005,9,22,18871,42.24,HOEP (Legacy)
2005-09-01 22:00:00,2005,9,23,17426,50.0,HOEP (Legacy)
2005-09-01 23:00:00,2005,9,24,16182,40.63,HOEP (Legacy)
2005-09-02 00:00:00,2005,9,1,15596,38.78,HOEP (Legacy)
2005-09-02 01:00:00,2005,9,2,15258,45.69,HOEP (Legacy)
2005-09-02 02:00:00,2005,9,3,14709,38.69,HOEP (Legacy)
2005-09-02 03:00:00,2005,9,4,14557,37.64,HOEP (Legacy)
2005-09-02 04:00:00,2005,9,5,14961,38.36,HOEP (Legacy)
2005-09-02 05:00:00,2005,9,6,15937,38.44,HOEP (Legacy)
2005-09-02 06:00:00,2005,9,7,16973,53.6,HOEP (Legacy)
2005-09-02 07:00:00,2005,9,8,18485,56.27,HOEP (Legacy)
2005-09-02 08:00:00,2005,9,9,19377,74.07,HOEP (Legacy)
2005-09-02 09:00:00,2005,9,10,20109,141.31,HOEP (Legacy)
2005-09-02 10:00:00,2005,9,11,20633,107.13,HOEP (Legacy)
2005-09-02 11:00:00,2005,9,12,20724,94.98,HOEP (Legacy)
2005-09-02 12:00:00,2005,9,13,20792,94.84,HOEP (Legacy)
2005-09-02 13:00:00,2005,9,14,20594,107.46,HOEP (Legacy)
2005-09-02 14:00:00,2005,9,15,20341,108.13,HOEP (Legacy)
2005-09-02 15:00:00,2005,9,16,20019,111.07,HOEP (Legacy)
2005-09-02 16:00:00,2005,9,17,19734,109.87,HOEP (Legacy)
2005-09-02 17:00:00,2005,9,18,18993,58.86,HOEP (Legacy)
2005-09-02 18:00:00,2005,9,19,18519,54.38,HOEP (Legacy)
2005-09-02 19:00:00,2005,9,20,18922,55.59,HOEP (Legacy)
2005-09-02 20:00:00,2005,9,21,18433,68.26,HOEP (Legacy)
2005-09-02 21:00:00,2005,9,22,17319,39.48,HOEP (Legacy)
2005-09-02 22:00:00,2005,9,23,15941,57.15,HOEP (Legacy)
2005-09-02 23:00:00,2005,9,24,14844,59.82,HOEP (Legacy)
2005-09-03 00:00:00,2005,9,1,14256,38.12,HOEP (Legacy)
2005-09-03 01:00:00,2005,9,2,13906,36.55,HOEP (Legacy)
2005-09-03 02:00:00,2005,9,3,13589,32.27,HOEP (Legacy)
2005-09-03 03:00:00,2005,9,4,13493,29.62,HOEP (Legacy)
2005-09-03 04:00:00,2005,9,5,13607,30.57,HOEP (Legacy)
2005-09-03 05:00:00,2005,9,6,13890,32.29,HOEP (Legacy)
2005-09-03 06:00:00,2005,9,7,14268,32.44,HOEP (Legacy)
2005-09-03 07:00:00,2005,9,8,15484,36.45,HOEP (Legacy)
2005-09-03 08:00:00,2005,9,9,16630,52.07,HOEP (Legacy)
2005-09-03 09:00:00,2005,9,10,17322,95.24,HOEP (Legacy)
2005-09-03 10:00:00,2005,9,11,17652,192.44,HOEP (Legacy)
2005-09-03 11:00:00,2005,9,12,17839,116.25,HOEP (Legacy)
2005-09-03 12:00:00,2005,9,13,17785,56.59,HOEP (Legacy)
2005-09-03 13:00:00,2005,9,14,17502,53.99,HOEP (Legacy)
2005-09-03 14:00:00,2005,9,15,17530,53.42,HOEP (Legacy)
2005-09-03 15:00:00,2005,9,16,17597,93.48,HOEP (Legacy)
2005-09-03 16:00:00,2005,9,17,17742,52.42,HOEP (Legacy)
2005-09-03 17:00:00,2005,9,18,17374,50.61,HOEP (Legacy)
2005-09-03 18:00:00,2005,9,19,16845,51.4,HOEP (Legacy)
2005-09-03 19:00:00,2005,9,20,17269,61.93,HOEP (Legacy)
2005-09-03 20:00:00,2005,9,21,16859,51.33,HOEP (Legacy)
2005-09-03 21:00:00,2005,9,22,15907,38.37,HOEP (Legacy)
2005-09-03 22:00:00,2005,9,23,15014,39.79,HOEP (Legacy)
2005-09-03 23:00:00,2005,9,24,14288,39.61,HOEP (Legacy)
2005-09-04 00:00:00,2005,9,1,13698,33.23,HOEP (Legacy)
2005-09-04 01:00:00,2005,9,2,13325,31.75,HOEP (Legacy)
2005-09-04 02:00:00,2005,9,3,13025,27.82,HOEP (Legacy)
2005-09-04 03:00:00,2005,9,4,12933,26.46,HOEP (Legacy)
2005-09-04 04:00:00,2005,9,5,12889,25.57,HOEP (Legacy)
2005-09-04 05:00:00,2005,9,6,12961,26.09,HOEP (Legacy)
2005-09-04 06:00:00,2005,9,7,13153,23.06,HOEP (Legacy)
2005-09-04 07:00:00,2005,9,8,14113,34.99,HOEP (Legacy)
2005-09-04 08:00:00,2005,9,9,15190,36.81,HOEP (Legacy)
2005-09-04 09:00:00,2005,9,10,15749,37.66,HOEP (Legacy)
2005-09-04 10:00:00,2005,9,11,16083,38.94,HOEP (Legacy)
2005-09-04 11:00:00,2005,9,12,16254,59.65,HOEP (Legacy)
2005-09-04 12:00:00,2005,9,13,16234,39.81,HOEP (Legacy)
2005-09-04 13:00:00,2005,9,14,16248,39.11,HOEP (Legacy)
2005-09-04 14:00:00,2005,9,15,16258,44.68,HOEP (Legacy)
2005-09-04 15:00:00,2005,9,16,16496,44.52,HOEP (Legacy)
2005-09-04 16:00:00,2005,9,17,16646,40.12,HOEP (Legacy)
2005-09-04 17:00:00,2005,9,18,16452,37.94,HOEP (Legacy)
2005-09-04 18:00:00,2005,9,19,16246,36.59,HOEP (Legacy)
2005-09-04 19:00:00,2005,9,20,16623,39.17,HOEP (Legacy)
2005-09-04 20:00:00,2005,9,21,16288,39.2,HOEP (Legacy)
2005-09-04 21:00:00,2005,9,22,15598,36.85,HOEP (Legacy)
2005-09-04 22:00:00,2005,9,23,14623,34.53,HOEP (Legacy)
2005-09-04 23:00:00,2005,9,24,13908,32.92,HOEP (Legacy)
2005-09-05 00:00:00,2005,9,1,13420,30.7,HOEP (Legacy)
2005-09-05 01:00:00,2005,9,2,12894,30.01,HOEP (Legacy)
2005-09-05 02:00:00,2005,9,3,12638,29.84,HOEP (Legacy)
2005-09-05 03:00:00,2005,9,4,12543,29.83,HOEP (Legacy)
2005-09-05 04:00:00,2005,9,5,12541,29.82,HOEP (Legacy)
2005-09-05 05:00:00,2005,9,6,12770,31.32,HOEP (Legacy)
2005-09-05 06:00:00,2005,9,7,12858,29.89,HOEP (Legacy)
2005-09-05 07:00:00,2005,9,8,13802,32.13,HOEP (Legacy)
2005-09-05 08:00:00,2005,9,9,14975,36.98,HOEP (Legacy)
2005-09-05 09:00:00,2005,9,10,15977,39.14,HOEP (Legacy)
2005-09-05 10:00:00,2005,9,11,16491,48.75,HOEP (Legacy)
2005-09-05 11:00:00,2005,9,12,16754,51.99,HOEP (Legacy)
2005-09-05 12:00:00,2005,9,13,16733,63.08,HOEP (Legacy)
2005-09-05 13:00:00,2005,9,14,16636,74.98,HOEP (Legacy)
2005-09-05 14:00:00,2005,9,15,16725,69.79,HOEP (Legacy)
2005-09-05 15:00:00,2005,9,16,16935,153.17,HOEP (Legacy)
2005-09-05 16:00:00,2005,9,17,17386,202.93,HOEP (Legacy)
2005-09-05 17:00:00,2005,9,18,17203,61.6,HOEP (Legacy)
2005-09-05 18:00:00,2005,9,19,17169,40.39,HOEP (Legacy)
2005-09-05 19:00:00,2005,9,20,17946,127.97,HOEP (Legacy)
2005-09-05 20:00:00,2005,9,21,17394,81.0,HOEP (Legacy)
2005-09-05 21:00:00,2005,9,22,16353,49.6,HOEP (Legacy)
2005-09-05 22:00:00,2005,9,23,15262,48.66,HOEP (Legacy)
2005-09-05 23:00:00,2005,9,24,14430,39.82,HOEP (Legacy)
2005-09-06 00:00:00,2005,9,1,13870,32.08,HOEP (Legacy)
2005-09-06 01:00:00,2005,9,2,13725,31.82,HOEP (Legacy)
2005-09-06 02:00:00,2005,9,3,13596,29.18,HOEP (Legacy)
2005-09-06 03:00:00,2005,9,4,13745,32.49,HOEP (Legacy)
2005-09-06 04:00:00,2005,9,5,14203,36.72,HOEP (Legacy)
2005-09-06 05:00:00,2005,9,6,15543,40.77,HOEP (Legacy)
2005-09-06 06:00:00,2005,9,7,17135,44.66,HOEP (Legacy)
2005-09-06 07:00:00,2005,9,8,18259,102.75,HOEP (Legacy)
2005-09-06 08:00:00,2005,9,9,19004,154.56,HOEP (Legacy)
2005-09-06 09:00:00,2005,9,10,19678,153.25,HOEP (Legacy)
2005-09-06 10:00:00,2005,9,11,20275,138.52,HOEP (Legacy)
2005-09-06 11:00:00,2005,9,12,20498,123.5,HOEP (Legacy)
2005-09-06 12:00:00,2005,9,13,20794,138.06,HOEP (Legacy)
2005-09-06 13:00:00,2005,9,14,20900,134.98,HOEP (Legacy)
2005-09-06 14:00:00,2005,9,15,21000,139.37,HOEP (Legacy)
2005-09-06 15:00:00,2005,9,16,21316,139.91,HOEP (Legacy)
2005-09-06 16:00:00,2005,9,17,21357,136.78,HOEP (Legacy)
2005-09-06 17:00:00,2005,9,18,20862,136.83,HOEP (Legacy)
2005-09-06 18:00:00,2005,9,19,20185,143.17,HOEP (Legacy)
2005-09-06 19:00:00,2005,9,20,20789,161.32,HOEP (Legacy)
2005-09-06 20:00:00,2005,9,21,19858,118.01,HOEP (Legacy)
2005-09-06 21:00:00,2005,9,22,18536,57.47,HOEP (Legacy)
2005-09-06 22:00:00,2005,9,23,17082,63.38,HOEP (Legacy)
2005-09-06 23:00:00,2005,9,24,15888,50.92,HOEP (Legacy)
2005-09-07 00:00:00,2005,9,1,15322,40.07,HOEP (Legacy)
2005-09-07 01:00:00,2005,9,2,14968,38.21,HOEP (Legacy)
2005-09-07 02:00:00,2005,9,3,14640,36.96,HOEP (Legacy)
2005-09-07 03:00:00,2005,9,4,14654,37.51,HOEP (Legacy)
2005-09-07 04:00:00,2005,9,5,15113,35.34,HOEP (Legacy)
2005-09-07 05:00:00,2005,9,6,16127,43.02,HOEP (Legacy)
2005-09-07 06:00:00,2005,9,7,17547,53.29,HOEP (Legacy)
2005-09-07 07:00:00,2005,9,8,18575,49.99,HOEP (Legacy)
2005-09-07 08:00:00,2005,9,9,19445,127.22,HOEP (Legacy)
2005-09-07 09:00:00,2005,9,10,20201,124.98,HOEP (Legacy)
2005-09-07 10:00:00,2005,9,11,20818,121.62,HOEP (Legacy)
2005-09-07 11:00:00,2005,9,12,21005,136.84,HOEP (Legacy)
2005-09-07 12:00:00,2005,9,13,21288,165.68,HOEP (Legacy)
2005-09-07 13:00:00,2005,9,14,21768,163.83,HOEP (Legacy)
2005-09-07 14:00:00,2005,9,15,21931,223.45,HOEP (Legacy)
2005-09-07 15:00:00,2005,9,16,22213,153.6,HOEP (Legacy)
2005-09-07 16:00:00,2005,9,17,22186,140.87,HOEP (Legacy)
2005-09-07 17:00:00,2005,9,18,21361,146.9,HOEP (Legacy)
2005-09-07 18:00:00,2005,9,19,20907,146.9,HOEP (Legacy)
2005-09-07 19:00:00,2005,9,20,21431,145.7,HOEP (Legacy)
2005-09-07 20:00:00,2005,9,21,20492,139.43,HOEP (Legacy)
2005-09-07 21:00:00,2005,9,22,18914,80.5,HOEP (Legacy)
2005-09-07 22:00:00,2005,9,23,17305,64.52,HOEP (Legacy)
2005-09-07 23:00:00,2005,9,24,16135,61.5,HOEP (Legacy)
2005-09-08 00:00:00,2005,9,1,15561,70.01,HOEP (Legacy)
2005-09-08 01:00:00,2005,9,2,15249,49.34,HOEP (Legacy)
2005-09-08 02:00:00,2005,9,3,14913,53.78,HOEP (Legacy)
2005-09-08 03:00:00,2005,9,4,15019,48.78,HOEP (Legacy)
2005-09-08 04:00:00,2005,9,5,15326,58.08,HOEP (Legacy)
2005-09-08 05:00:00,2005,9,6,16575,121.34,HOEP (Legacy)
2005-09-08 06:00:00,2005,9,7,18415,149.29,HOEP (Legacy)
2005-09-08 07:00:00,2005,9,8,18920,144.36,HOEP (Legacy)
2005-09-08 08:00:00,2005,9,9,19025,106.77,HOEP (Legacy)
2005-09-08 09:00:00,2005,9,10,19584,99.46,HOEP (Legacy)
2005-09-08 10:00:00,2005,9,11,19856,137.96,HOEP (Legacy)
2005-09-08 11:00:00,2005,9,12,20112,148.76,HOEP (Legacy)
2005-09-08 12:00:00,2005,9,13,20293,164.16,HOEP (Legacy)
2005-09-08 13:00:00,2005,9,14,20381,154.77,HOEP (Legacy)
2005-09-08 14:00:00,2005,9,15,20472,171.5,HOEP (Legacy)
2005-09-08 15:00:00,2005,9,16,20766,145.81,HOEP (Legacy)
2005-09-08 16:00:00,2005,9,17,20827,149.85,HOEP (Legacy)
2005-09-08 17:00:00,2005,9,18,20239,121.3,HOEP (Legacy)
2005-09-08 18:00:00,2005,9,19,19900,121.0,HOEP (Legacy)
2005-09-08 19:00:00,2005,9,20,20256,123.03,HOEP (Legacy)
2005-09-08 20:00:00,2005,9,21,19509,80.69,HOEP (Legacy)
2005-09-08 21:00:00,2005,9,22,18305,82.46,HOEP (Legacy)
2005-09-08 22:00:00,2005,9,23,16667,58.4,HOEP (Legacy)
2005-09-08 23:00:00,2005,9,24,15624,61.23,HOEP (Legacy)
2005-09-09 00:00:00,2005,9,1,15001,50.25,HOEP (Legacy)
2005-09-09 01:00:00,2005,9,2,14648,51.92,HOEP (Legacy)
2005-09-09 02:00:00,2005,9,3,14338,47.11,HOEP (Legacy)
2005-09-09 03:00:00,2005,9,4,14294,51.16,HOEP (Legacy)
2005-09-09 04:00:00,2005,9,5,14917,58.48,HOEP (Legacy)
2005-09-09 05:00:00,2005,9,6,15980,78.81,HOEP (Legacy)
2005-09-09 06:00:00,2005,9,7,17296,117.15,HOEP (Legacy)
2005-09-09 07:00:00,2005,9,8,18173,70.25,HOEP (Legacy)
2005-09-09 08:00:00,2005,9,9,19058,114.89,HOEP (Legacy)
2005-09-09 09:00:00,2005,9,10,19618,172.42,HOEP (Legacy)
2005-09-09 10:00:00,2005,9,11,19973,147.01,HOEP (Legacy)
2005-09-09 11:00:00,2005,9,12,20112,142.07,HOEP (Legacy)
2005-09-09 12:00:00,2005,9,13,20321,157.81,HOEP (Legacy)
2005-09-09 13:00:00,2005,9,14,20320,154.93,HOEP (Legacy)
2005-09-09 14:00:00,2005,9,15,20263,147.28,HOEP (Legacy)
2005-09-09 15:00:00,2005,9,16,20411,120.63,HOEP (Legacy)
2005-09-09 16:00:00,2005,9,17,20055,123.13,HOEP (Legacy)
2005-09-09 17:00:00,2005,9,18,19470,83.26,HOEP (Legacy)
2005-09-09 18:00:00,2005,9,19,19074,79.55,HOEP (Legacy)
2005-09-09 19:00:00,2005,9,20,19640,113.64,HOEP (Legacy)
2005-09-09 20:00:00,2005,9,21,18634,72.54,HOEP (Legacy)
2005-09-09 21:00:00,2005,9,22,17483,62.75,HOEP (Legacy)
2005-09-09 22:00:00,2005,9,23,16007,68.15,HOEP (Legacy)
2005-09-09 23:00:00,2005,9,24,14885,57.43,HOEP (Legacy)
2005-09-10 00:00:00,2005,9,1,14415,54.14,HOEP (Legacy)
2005-09-10 01:00:00,2005,9,2,14046,49.95,HOEP (Legacy)
2005-09-10 02:00:00,2005,9,3,13577,43.15,HOEP (Legacy)
2005-09-10 03:00:00,2005,9,4,13477,39.25,HOEP (Legacy)
2005-09-10 04:00:00,2005,9,5,13592,39.2,HOEP (Legacy)
2005-09-10 05:00:00,2005,9,6,14028,40.79,HOEP (Legacy)
2005-09-10 06:00:00,2005,9,7,14425,39.86,HOEP (Legacy)
2005-09-10 07:00:00,2005,9,8,15821,47.37,HOEP (Legacy)
2005-09-10 08:00:00,2005,9,9,16842,65.83,HOEP (Legacy)
2005-09-10 09:00:00,2005,9,10,17485,71.04,HOEP (Legacy)
2005-09-10 10:00:00,2005,9,11,17809,93.56,HOEP (Legacy)
2005-09-10 11:00:00,2005,9,12,17760,96.15,HOEP (Legacy)
2005-09-10 12:00:00,2005,9,13,17744,131.83,HOEP (Legacy)
2005-09-10 13:00:00,2005,9,14,17734,159.25,HOEP (Legacy)
2005-09-10 14:00:00,2005,9,15,17659,118.66,HOEP (Legacy)
2005-09-10 15:00:00,2005,9,16,17591,109.77,HOEP (Legacy)
2005-09-10 16:00:00,2005,9,17,17589,93.12,HOEP (Legacy)
2005-09-10 17:00:00,2005,9,18,17170,72.35,HOEP (Legacy)
2005-09-10 18:00:00,2005,9,19,16815,88.54,HOEP (Legacy)
2005-09-10 19:00:00,2005,9,20,17457,116.88,HOEP (Legacy)
2005-09-10 20:00:00,2005,9,21,16790,118.48,HOEP (Legacy)
2005-09-10 21:00:00,2005,9,22,15929,49.04,HOEP (Legacy)
2005-09-10 22:00:00,2005,9,23,15071,40.73,HOEP (Legacy)
2005-09-10 23:00:00,2005,9,24,14143,40.38,HOEP (Legacy)
2005-09-11 00:00:00,2005,9,1,13403,39.48,HOEP (Legacy)
2005-09-11 01:00:00,2005,9,2,13063,37.49,HOEP (Legacy)
2005-09-11 02:00:00,2005,9,3,12801,32.5,HOEP (Legacy)
2005-09-11 03:00:00,2005,9,4,12743,33.35,HOEP (Legacy)
2005-09-11 04:00:00,2005,9,5,12831,33.56,HOEP (Legacy)
2005-09-11 05:00:00,2005,9,6,13141,32.41,HOEP (Legacy)
2005-09-11 06:00:00,2005,9,7,13466,30.97,HOEP (Legacy)
2005-09-11 07:00:00,2005,9,8,14631,32.91,HOEP (Legacy)
2005-09-11 08:00:00,2005,9,9,15814,42.32,HOEP (Legacy)
2005-09-11 09:00:00,2005,9,10,16442,46.7,HOEP (Legacy)
2005-09-11 10:00:00,2005,9,11,17010,48.07,HOEP (Legacy)
2005-09-11 11:00:00,2005,9,12,17538,98.04,HOEP (Legacy)
2005-09-11 12:00:00,2005,9,13,17599,67.06,HOEP (Legacy)
2005-09-11 13:00:00,2005,9,14,17647,101.51,HOEP (Legacy)
2005-09-11 14:00:00,2005,9,15,18000,105.91,HOEP (Legacy)
2005-09-11 15:00:00,2005,9,16,18150,105.91,HOEP (Legacy)
2005-09-11 16:00:00,2005,9,17,18382,118.19,HOEP (Legacy)
2005-09-11 17:00:00,2005,9,18,18130,117.25,HOEP (Legacy)
2005-09-11 18:00:00,2005,9,19,18012,106.84,HOEP (Legacy)
2005-09-11 19:00:00,2005,9,20,18813,137.72,HOEP (Legacy)
2005-09-11 20:00:00,2005,9,21,18139,138.71,HOEP (Legacy)
2005-09-11 21:00:00,2005,9,22,17125,93.87,HOEP (Legacy)
2005-09-11 22:00:00,2005,9,23,15871,84.36,HOEP (Legacy)
2005-09-11 23:00:00,2005,9,24,15371,86.34,HOEP (Legacy)
2005-09-12 00:00:00,2005,9,1,14905,42.77,HOEP (Legacy)
2005-09-12 01:00:00,2005,9,2,14456,39.27,HOEP (Legacy)
2005-09-12 02:00:00,2005,9,3,14133,39.39,HOEP (Legacy)
2005-09-12 03:00:00,2005,9,4,14229,38.5,HOEP (Legacy)
2005-09-12 04:00:00,2005,9,5,14901,59.69,HOEP (Legacy)
2005-09-12 05:00:00,2005,9,6,16373,53.32,HOEP (Legacy)
2005-09-12 06:00:00,2005,9,7,18075,55.14,HOEP (Legacy)
2005-09-12 07:00:00,2005,9,8,19138,65.42,HOEP (Legacy)
2005-09-12 08:00:00,2005,9,9,19924,111.86,HOEP (Legacy)
2005-09-12 09:00:00,2005,9,10,20788,131.4,HOEP (Legacy)
2005-09-12 10:00:00,2005,9,11,21529,142.55,HOEP (Legacy)
2005-09-12 11:00:00,2005,9,12,21945,140.66,HOEP (Legacy)
2005-09-12 12:00:00,2005,9,13,22644,142.39,HOEP (Legacy)
2005-09-12 13:00:00,2005,9,14,23019,146.7,HOEP (Legacy)
2005-09-12 14:00:00,2005,9,15,23325,146.41,HOEP (Legacy)
2005-09-12 15:00:00,2005,9,16,23404,206.67,HOEP (Legacy)
2005-09-12 16:00:00,2005,9,17,23396,169.13,HOEP (Legacy)
2005-09-12 17:00:00,2005,9,18,22965,148.12,HOEP (Legacy)
2005-09-12 18:00:00,2005,9,19,22557,140.33,HOEP (Legacy)
2005-09-12 19:00:00,2005,9,20,23103,236.83,HOEP (Legacy)
2005-09-12 20:00:00,2005,9,21,22088,172.18,HOEP (Legacy)
2005-09-12 21:00:00,2005,9,22,20335,145.32,HOEP (Legacy)
2005-09-12 22:00:00,2005,9,23,18529,124.24,HOEP (Legacy)
2005-09-12 23:00:00,2005,9,24,17305,104.8,HOEP (Legacy)
2005-09-13 00:00:00,2005,9,1,16415,90.25,HOEP (Legacy)
2005-09-13 01:00:00,2005,9,2,15883,53.76,HOEP (Legacy)
2005-09-13 02:00:00,2005,9,3,15359,49.28,HOEP (Legacy)
2005-09-13 03:00:00,2005,9,4,15306,43.68,HOEP (Legacy)
2005-09-13 04:00:00,2005,9,5,15591,42.2,HOEP (Legacy)
2005-09-13 05:00:00,2005,9,6,16983,47.6,HOEP (Legacy)
2005-09-13 06:00:00,2005,9,7,18412,79.42,HOEP (Legacy)
2005-09-13 07:00:00,2005,9,8,19579,68.61,HOEP (Legacy)
2005-09-13 08:00:00,2005,9,9,20369,108.66,HOEP (Legacy)
2005-09-13 09:00:00,2005,9,10,21394,141.71,HOEP (Legacy)
2005-09-13 10:00:00,2005,9,11,22107,153.24,HOEP (Legacy)
2005-09-13 11:00:00,2005,9,12,22533,185.44,HOEP (Legacy)
2005-09-13 12:00:00,2005,9,13,23327,250.4,HOEP (Legacy)
2005-09-13 13:00:00,2005,9,14,23545,229.78,HOEP (Legacy)
2005-09-13 14:00:00,2005,9,15,23639,363.62,HOEP (Legacy)
2005-09-13 15:00:00,2005,9,16,23914,154.49,HOEP (Legacy)
2005-09-13 16:00:00,2005,9,17,23783,318.58,HOEP (Legacy)
2005-09-13 17:00:00,2005,9,18,23066,221.25,HOEP (Legacy)
2005-09-13 18:00:00,2005,9,19,22650,166.33,HOEP (Legacy)
2005-09-13 19:00:00,2005,9,20,22998,152.95,HOEP (Legacy)
2005-09-13 20:00:00,2005,9,21,21782,154.23,HOEP (Legacy)
2005-09-13 21:00:00,2005,9,22,20215,130.28,HOEP (Legacy)
2005-09-13 22:00:00,2005,9,23,18326,139.35,HOEP (Legacy)
2005-09-13 23:00:00,2005,9,24,17275,130.97,HOEP (Legacy)
2005-09-14 00:00:00,2005,9,1,16411,142.44,HOEP (Legacy)
2005-09-14 01:00:00,2005,9,2,16016,160.2,HOEP (Legacy)
2005-09-14 02:00:00,2005,9,3,15584,79.78,HOEP (Legacy)
2005-09-14 03:00:00,2005,9,4,15476,80.52,HOEP (Legacy)
2005-09-14 04:00:00,2005,9,5,15845,62.72,HOEP (Legacy)
2005-09-14 05:00:00,2005,9,6,17411,140.37,HOEP (Legacy)
2005-09-14 06:00:00,2005,9,7,19040,145.38,HOEP (Legacy)
2005-09-14 07:00:00,2005,9,8,19986,151.49,HOEP (Legacy)
2005-09-14 08:00:00,2005,9,9,20808,150.07,HOEP (Legacy)
2005-09-14 09:00:00,2005,9,10,21617,144.69,HOEP (Legacy)
2005-09-14 10:00:00,2005,9,11,22440,221.36,HOEP (Legacy)
2005-09-14 11:00:00,2005,9,12,22853,328.35,HOEP (Legacy)
2005-09-14 12:00:00,2005,9,13,23263,274.74,HOEP (Legacy)
2005-09-14 13:00:00,2005,9,14,23166,251.11,HOEP (Legacy)
2005-09-14 14:00:00,2005,9,15,22744,148.3,HOEP (Legacy)
2005-09-14 15:00:00,2005,9,16,22542,143.76,HOEP (Legacy)
2005-09-14 16:00:00,2005,9,17,22181,146.57,HOEP (Legacy)
2005-09-14 17:00:00,2005,9,18,21491,146.7,HOEP (Legacy)
2005-09-14 18:00:00,2005,9,19,21305,157.28,HOEP (Legacy)
2005-09-14 19:00:00,2005,9,20,21533,151.6,HOEP (Legacy)
2005-09-14 20:00:00,2005,9,21,20401,128.88,HOEP (Legacy)
2005-09-14 21:00:00,2005,9,22,18840,80.77,HOEP (Legacy)
2005-09-14 22:00:00,2005,9,23,17245,71.66,HOEP (Legacy)
2005-09-14 23:00:00,2005,9,24,16169,46.76,HOEP (Legacy)
2005-09-15 00:00:00,2005,9,1,15671,49.1,HOEP (Legacy)
2005-09-15 01:00:00,2005,9,2,15160,53.11,HOEP (Legacy)
2005-09-15 02:00:00,2005,9,3,14882,56.35,HOEP (Legacy)
2005-09-15 03:00:00,2005,9,4,14766,52.07,HOEP (Legacy)
2005-09-15 04:00:00,2005,9,5,15182,58.14,HOEP (Legacy)
2005-09-15 05:00:00,2005,9,6,16376,102.64,HOEP (Legacy)
2005-09-15 06:00:00,2005,9,7,17827,147.31,HOEP (Legacy)
2005-09-15 07:00:00,2005,9,8,18424,159.91,HOEP (Legacy)
2005-09-15 08:00:00,2005,9,9,19030,160.94,HOEP (Legacy)
2005-09-15 09:00:00,2005,9,10,19760,148.57,HOEP (Legacy)
2005-09-15 10:00:00,2005,9,11,20146,137.62,HOEP (Legacy)
2005-09-15 11:00:00,2005,9,12,20130,134.7,HOEP (Legacy)
2005-09-15 12:00:00,2005,9,13,20449,136.26,HOEP (Legacy)
2005-09-15 13:00:00,2005,9,14,20598,136.19,HOEP (Legacy)
2005-09-15 14:00:00,2005,9,15,20751,142.63,HOEP (Legacy)
2005-09-15 15:00:00,2005,9,16,21008,137.72,HOEP (Legacy)
2005-09-15 16:00:00,2005,9,17,20823,153.53,HOEP (Legacy)
2005-09-15 17:00:00,2005,9,18,20112,125.19,HOEP (Legacy)
2005-09-15 18:00:00,2005,9,19,20115,133.51,HOEP (Legacy)
2005-09-15 19:00:00,2005,9,20,20293,150.13,HOEP (Legacy)
2005-09-15 20:00:00,2005,9,21,19371,136.86,HOEP (Legacy)
2005-09-15 21:00:00,2005,9,22,18042,107.37,HOEP (Legacy)
2005-09-15 22:00:00,2005,9,23,16618,94.41,HOEP (Legacy)
2005-09-15 23:00:00,2005,9,24,15758,61.41,HOEP (Legacy)
2005-09-16 00:00:00,2005,9,1,15135,70.87,HOEP (Legacy)
2005-09-16 01:00:00,2005,9,2,14691,94.38,HOEP (Legacy)
2005-09-16 02:00:00,2005,9,3,14254,94.54,HOEP (Legacy)
2005-09-16 03:00:00,2005,9,4,14499,106.89,HOEP (Legacy)
2005-09-16 04:00:00,2005,9,5,15017,112.57,HOEP (Legacy)
2005-09-16 05:00:00,2005,9,6,16269,93.11,HOEP (Legacy)
2005-09-16 06:00:00,2005,9,7,18051,114.91,HOEP (Legacy)
2005-09-16 07:00:00,2005,9,8,18959,132.74,HOEP (Legacy)
2005-09-16 08:00:00,2005,9,9,19246,129.62,HOEP (Legacy)
2005-09-16 09:00:00,2005,9,10,19463,131.81,HOEP (Legacy)
2005-09-16 10:00:00,2005,9,11,19769,157.88,HOEP (Legacy)
2005-09-16 11:00:00,2005,9,12,19576,158.68,HOEP (Legacy)
2005-09-16 12:00:00,2005,9,13,19344,154.13,HOEP (Legacy)
2005-09-16 13:00:00,2005,9,14,19308,156.83,HOEP (Legacy)
2005-09-16 14:00:00,2005,9,15,19240,130.41,HOEP (Legacy)
2005-09-16 15:00:00,2005,9,16,19268,135.34,HOEP (Legacy)
2005-09-16 16:00:00,2005,9,17,19378,118.0,HOEP (Legacy)
2005-09-16 17:00:00,2005,9,18,18813,101.01,HOEP (Legacy)
2005-09-16 18:00:00,2005,9,19,18920,122.01,HOEP (Legacy)
2005-09-16 19:00:00,2005,9,20,18971,83.57,HOEP (Legacy)
2005-09-16 20:00:00,2005,9,21,18131,73.53,HOEP (Legacy)
2005-09-16 21:00:00,2005,9,22,17137,66.07,HOEP (Legacy)
2005-09-16 22:00:00,2005,9,23,16006,181.98,HOEP (Legacy)
2005-09-16 23:00:00,2005,9,24,14734,117.26,HOEP (Legacy)
2005-09-17 00:00:00,2005,9,1,14268,50.71,HOEP (Legacy)
2005-09-17 01:00:00,2005,9,2,13872,47.6,HOEP (Legacy)
2005-09-17 02:00:00,2005,9,3,13597,58.52,HOEP (Legacy)
2005-09-17 03:00:00,2005,9,4,13591,87.56,HOEP (Legacy)
2005-09-17 04:00:00,2005,9,5,13733,54.47,HOEP (Legacy)
2005-09-17 05:00:00,2005,9,6,14184,153.35,HOEP (Legacy)
2005-09-17 06:00:00,2005,9,7,14969,130.5,HOEP (Legacy)
2005-09-17 07:00:00,2005,9,8,15833,168.7,HOEP (Legacy)
2005-09-17 08:00:00,2005,9,9,16753,169.18,HOEP (Legacy)
2005-09-17 09:00:00,2005,9,10,17363,145.14,HOEP (Legacy)
2005-09-17 10:00:00,2005,9,11,17661,162.2,HOEP (Legacy)
2005-09-17 11:00:00,2005,9,12,17791,179.41,HOEP (Legacy)
2005-09-17 12:00:00,2005,9,13,17768,145.4,HOEP (Legacy)
2005-09-17 13:00:00,2005,9,14,17472,151.9,HOEP (Legacy)
2005-09-17 14:00:00,2005,9,15,17438,146.89,HOEP (Legacy)
2005-09-17 15:00:00,2005,9,16,17448,143.19,HOEP (Legacy)
2005-09-17 16:00:00,2005,9,17,17610,146.24,HOEP (Legacy)
2005-09-17 17:00:00,2005,9,18,17492,148.0,HOEP (Legacy)
2005-09-17 18:00:00,2005,9,19,17239,138.59,HOEP (Legacy)
2005-09-17 19:00:00,2005,9,20,17673,119.09,HOEP (Legacy)
2005-09-17 20:00:00,2005,9,21,17018,136.73,HOEP (Legacy)
2005-09-17 21:00:00,2005,9,22,16042,63.39,HOEP (Legacy)
2005-09-17 22:00:00,2005,9,23,14983,50.63,HOEP (Legacy)
2005-09-17 23:00:00,2005,9,24,14268,57.25,HOEP (Legacy)
2005-09-18 00:00:00,2005,9,1,13556,50.18,HOEP (Legacy)
2005-09-18 01:00:00,2005,9,2,13198,44.87,HOEP (Legacy)
2005-09-18 02:00:00,2005,9,3,12950,39.45,HOEP (Legacy)
2005-09-18 03:00:00,2005,9,4,12642,38.22,HOEP (Legacy)
2005-09-18 04:00:00,2005,9,5,12838,39.06,HOEP (Legacy)
2005-09-18 05:00:00,2005,9,6,13009,36.74,HOEP (Legacy)
2005-09-18 06:00:00,2005,9,7,13258,34.91,HOEP (Legacy)
2005-09-18 07:00:00,2005,9,8,14357,44.09,HOEP (Legacy)
2005-09-18 08:00:00,2005,9,9,15453,59.31,HOEP (Legacy)
2005-09-18 09:00:00,2005,9,10,16281,100.24,HOEP (Legacy)
2005-09-18 10:00:00,2005,9,11,16857,121.08,HOEP (Legacy)
2005-09-18 11:00:00,2005,9,12,17043,95.61,HOEP (Legacy)
2005-09-18 12:00:00,2005,9,13,17238,143.38,HOEP (Legacy)
2005-09-18 13:00:00,2005,9,14,17176,138.3,HOEP (Legacy)
2005-09-18 14:00:00,2005,9,15,17392,109.28,HOEP (Legacy)
2005-09-18 15:00:00,2005,9,16,17280,107.21,HOEP (Legacy)
2005-09-18 16:00:00,2005,9,17,17799,117.51,HOEP (Legacy)
2005-09-18 17:00:00,2005,9,18,17450,83.1,HOEP (Legacy)
2005-09-18 18:00:00,2005,9,19,17515,93.48,HOEP (Legacy)
2005-09-18 19:00:00,2005,9,20,18179,120.8,HOEP (Legacy)
2005-09-18 20:00:00,2005,9,21,17400,100.64,HOEP (Legacy)
2005-09-18 21:00:00,2005,9,22,16355,62.94,HOEP (Legacy)
2005-09-18 22:00:00,2005,9,23,15286,42.9,HOEP (Legacy)
2005-09-18 23:00:00,2005,9,24,14481,39.99,HOEP (Legacy)
2005-09-19 00:00:00,2005,9,1,13992,37.25,HOEP (Legacy)
2005-09-19 01:00:00,2005,9,2,13821,36.73,HOEP (Legacy)
2005-09-19 02:00:00,2005,9,3,13539,36.45,HOEP (Legacy)
2005-09-19 03:00:00,2005,9,4,13653,36.77,HOEP (Legacy)
2005-09-19 04:00:00,2005,9,5,14255,38.46,HOEP (Legacy)
2005-09-19 05:00:00,2005,9,6,15593,56.03,HOEP (Legacy)
2005-09-19 06:00:00,2005,9,7,17184,88.86,HOEP (Legacy)
2005-09-19 07:00:00,2005,9,8,17932,73.03,HOEP (Legacy)
2005-09-19 08:00:00,2005,9,9,18686,112.97,HOEP (Legacy)
2005-09-19 09:00:00,2005,9,10,19634,100.28,HOEP (Legacy)
2005-09-19 10:00:00,2005,9,11,19882,141.06,HOEP (Legacy)
2005-09-19 11:00:00,2005,9,12,20105,136.54,HOEP (Legacy)
2005-09-19 12:00:00,2005,9,13,20223,126.4,HOEP (Legacy)
2005-09-19 13:00:00,2005,9,14,20368,134.94,HOEP (Legacy)
2005-09-19 14:00:00,2005,9,15,20392,119.5,HOEP (Legacy)
2005-09-19 15:00:00,2005,9,16,20425,116.82,HOEP (Legacy)
2005-09-19 16:00:00,2005,9,17,20406,97.65,HOEP (Legacy)
2005-09-19 17:00:00,2005,9,18,20074,105.63,HOEP (Legacy)
2005-09-19 18:00:00,2005,9,19,20093,125.54,HOEP (Legacy)
2005-09-19 19:00:00,2005,9,20,20378,137.0,HOEP (Legacy)
2005-09-19 20:00:00,2005,9,21,19581,80.59,HOEP (Legacy)
2005-09-19 21:00:00,2005,9,22,18258,90.09,HOEP (Legacy)
2005-09-19 22:00:00,2005,9,23,16843,169.65,HOEP (Legacy)
2005-09-19 23:00:00,2005,9,24,15917,59.92,HOEP (Legacy)
2005-09-20 00:00:00,2005,9,1,15414,56.01,HOEP (Legacy)
2005-09-20 01:00:00,2005,9,2,14980,51.75,HOEP (Legacy)
2005-09-20 02:00:00,2005,9,3,14749,53.42,HOEP (Legacy)
2005-09-20 03:00:00,2005,9,4,14741,52.65,HOEP (Legacy)
2005-09-20 04:00:00,2005,9,5,15011,52.52,HOEP (Legacy)
2005-09-20 05:00:00,2005,9,6,16296,53.69,HOEP (Legacy)
2005-09-20 06:00:00,2005,9,7,17961,120.63,HOEP (Legacy)
2005-09-20 07:00:00,2005,9,8,18747,117.49,HOEP (Legacy)
2005-09-20 08:00:00,2005,9,9,19288,85.43,HOEP (Legacy)
2005-09-20 09:00:00,2005,9,10,19743,80.53,HOEP (Legacy)
2005-09-20 10:00:00,2005,9,11,19994,86.62,HOEP (Legacy)
2005-09-20 11:00:00,2005,9,12,19977,91.66,HOEP (Legacy)
2005-09-20 12:00:00,2005,9,13,20096,97.23,HOEP (Legacy)
2005-09-20 13:00:00,2005,9,14,19982,110.59,HOEP (Legacy)
2005-09-20 14:00:00,2005,9,15,20039,106.95,HOEP (Legacy)
2005-09-20 15:00:00,2005,9,16,20248,116.34,HOEP (Legacy)
2005-09-20 16:00:00,2005,9,17,20050,116.8,HOEP (Legacy)
2005-09-20 17:00:00,2005,9,18,19467,70.48,HOEP (Legacy)
2005-09-20 18:00:00,2005,9,19,19397,91.25,HOEP (Legacy)
2005-09-20 19:00:00,2005,9,20,19756,115.31,HOEP (Legacy)
2005-09-20 20:00:00,2005,9,21,18706,43.96,HOEP (Legacy)
2005-09-20 21:00:00,2005,9,22,17569,39.57,HOEP (Legacy)
2005-09-20 22:00:00,2005,9,23,16189,38.2,HOEP (Legacy)
2005-09-20 23:00:00,2005,9,24,15191,38.26,HOEP (Legacy)
2005-09-21 00:00:00,2005,9,1,14442,37.68,HOEP (Legacy)
2005-09-21 01:00:00,2005,9,2,14090,38.47,HOEP (Legacy)
2005-09-21 02:00:00,2005,9,3,13813,37.26,HOEP (Legacy)
2005-09-21 03:00:00,2005,9,4,14040,37.25,HOEP (Legacy)
2005-09-21 04:00:00,2005,9,5,14535,40.47,HOEP (Legacy)
2005-09-21 05:00:00,2005,9,6,15914,77.57,HOEP (Legacy)
2005-09-21 06:00:00,2005,9,7,17353,97.5,HOEP (Legacy)
2005-09-21 07:00:00,2005,9,8,18269,108.4,HOEP (Legacy)
2005-09-21 08:00:00,2005,9,9,18843,77.25,HOEP (Legacy)
2005-09-21 09:00:00,2005,9,10,19441,53.01,HOEP (Legacy)
2005-09-21 10:00:00,2005,9,11,19886,76.92,HOEP (Legacy)
2005-09-21 11:00:00,2005,9,12,20198,262.61,HOEP (Legacy)
2005-09-21 12:00:00,2005,9,13,20656,120.19,HOEP (Legacy)
2005-09-21 13:00:00,2005,9,14,20756,164.18,HOEP (Legacy)
2005-09-21 14:00:00,2005,9,15,20867,180.02,HOEP (Legacy)
2005-09-21 15:00:00,2005,9,16,21282,639.97,HOEP (Legacy)
2005-09-21 16:00:00,2005,9,17,21091,229.97,HOEP (Legacy)
2005-09-21 17:00:00,2005,9,18,20528,165.45,HOEP (Legacy)
2005-09-21 18:00:00,2005,9,19,20588,175.93,HOEP (Legacy)
2005-09-21 19:00:00,2005,9,20,20943,170.91,HOEP (Legacy)
2005-09-21 20:00:00,2005,9,21,20007,141.98,HOEP (Legacy)
2005-09-21 21:00:00,2005,9,22,18472,122.89,HOEP (Legacy)
2005-09-21 22:00:00,2005,9,23,16899,93.73,HOEP (Legacy)
2005-09-21 23:00:00,2005,9,24,15815,62.64,HOEP (Legacy)
2005-09-22 00:00:00,2005,9,1,15220,52.4,HOEP (Legacy)
2005-09-22 01:00:00,2005,9,2,14874,46.09,HOEP (Legacy)
2005-09-22 02:00:00,2005,9,3,14557,41.19,HOEP (Legacy)
2005-09-22 03:00:00,2005,9,4,14544,43.57,HOEP (Legacy)
2005-09-22 04:00:00,2005,9,5,15068,50.41,HOEP (Legacy)
2005-09-22 05:00:00,2005,9,6,16312,97.68,HOEP (Legacy)
2005-09-22 06:00:00,2005,9,7,17830,152.74,HOEP (Legacy)
2005-09-22 07:00:00,2005,9,8,18605,79.8,HOEP (Legacy)
2005-09-22 08:00:00,2005,9,9,19130,143.08,HOEP (Legacy)
2005-09-22 09:00:00,2005,9,10,19692,123.28,HOEP (Legacy)
2005-09-22 10:00:00,2005,9,11,19969,164.63,HOEP (Legacy)
2005-09-22 11:00:00,2005,9,12,20053,165.47,HOEP (Legacy)
2005-09-22 12:00:00,2005,9,13,20272,176.28,HOEP (Legacy)
2005-09-22 13:00:00,2005,9,14,20303,169.99,HOEP (Legacy)
2005-09-22 14:00:00,2005,9,15,20638,186.83,HOEP (Legacy)
2005-09-22 15:00:00,2005,9,16,20820,147.97,HOEP (Legacy)
2005-09-22 16:00:00,2005,9,17,20604,141.77,HOEP (Legacy)
2005-09-22 17:00:00,2005,9,18,20431,172.33,HOEP (Legacy)
2005-09-22 18:00:00,2005,9,19,20439,206.44,HOEP (Legacy)
2005-09-22 19:00:00,2005,9,20,20371,134.26,HOEP (Legacy)
2005-09-22 20:00:00,2005,9,21,19464,92.44,HOEP (Legacy)
2005-09-22 21:00:00,2005,9,22,18125,72.93,HOEP (Legacy)
2005-09-22 22:00:00,2005,9,23,16740,62.75,HOEP (Legacy)
2005-09-22 23:00:00,2005,9,24,15725,50.21,HOEP (Legacy)
2005-09-23 00:00:00,2005,9,1,15122,52.91,HOEP (Legacy)
2005-09-23 01:00:00,2005,9,2,14873,46.97,HOEP (Legacy)
2005-09-23 02:00:00,2005,9,3,14619,39.55,HOEP (Legacy)
2005-09-23 03:00:00,2005,9,4,14705,40.36,HOEP (Legacy)
2005-09-23 04:00:00,2005,9,5,14960,40.97,HOEP (Legacy)
2005-09-23 05:00:00,2005,9,6,16036,86.84,HOEP (Legacy)
2005-09-23 06:00:00,2005,9,7,17630,68.34,HOEP (Legacy)
2005-09-23 07:00:00,2005,9,8,18300,55.72,HOEP (Legacy)
2005-09-23 08:00:00,2005,9,9,18812,108.06,HOEP (Legacy)
2005-09-23 09:00:00,2005,9,10,19174,154.6,HOEP (Legacy)
2005-09-23 10:00:00,2005,9,11,19416,186.09,HOEP (Legacy)
2005-09-23 11:00:00,2005,9,12,19378,133.4,HOEP (Legacy)
2005-09-23 12:00:00,2005,9,13,19174,142.06,HOEP (Legacy)
2005-09-23 13:00:00,2005,9,14,19211,200.21,HOEP (Legacy)
2005-09-23 14:00:00,2005,9,15,19114,199.46,HOEP (Legacy)
2005-09-23 15:00:00,2005,9,16,19058,185.26,HOEP (Legacy)
2005-09-23 16:00:00,2005,9,17,18764,167.86,HOEP (Legacy)
2005-09-23 17:00:00,2005,9,18,18403,123.2,HOEP (Legacy)
2005-09-23 18:00:00,2005,9,19,18350,89.52,HOEP (Legacy)
2005-09-23 19:00:00,2005,9,20,18597,114.64,HOEP (Legacy)
2005-09-23 20:00:00,2005,9,21,17784,96.84,HOEP (Legacy)
2005-09-23 21:00:00,2005,9,22,16657,47.85,HOEP (Legacy)
2005-09-23 22:00:00,2005,9,23,15424,57.35,HOEP (Legacy)
2005-09-23 23:00:00,2005,9,24,14404,42.51,HOEP (Legacy)
2005-09-24 00:00:00,2005,9,1,14065,36.65,HOEP (Legacy)
2005-09-24 01:00:00,2005,9,2,13711,45.11,HOEP (Legacy)
2005-09-24 02:00:00,2005,9,3,13398,39.48,HOEP (Legacy)
2005-09-24 03:00:00,2005,9,4,13295,39.48,HOEP (Legacy)
2005-09-24 04:00:00,2005,9,5,13437,41.74,HOEP (Legacy)
2005-09-24 05:00:00,2005,9,6,13805,43.83,HOEP (Legacy)
2005-09-24 06:00:00,2005,9,7,14417,53.91,HOEP (Legacy)
2005-09-24 07:00:00,2005,9,8,15518,94.2,HOEP (Legacy)
2005-09-24 08:00:00,2005,9,9,16383,129.56,HOEP (Legacy)
2005-09-24 09:00:00,2005,9,10,16713,99.33,HOEP (Legacy)
2005-09-24 10:00:00,2005,9,11,16865,56.59,HOEP (Legacy)
2005-09-24 11:00:00,2005,9,12,16906,112.2,HOEP (Legacy)
2005-09-24 12:00:00,2005,9,13,16677,149.21,HOEP (Legacy)
2005-09-24 13:00:00,2005,9,14,16594,148.14,HOEP (Legacy)
2005-09-24 14:00:00,2005,9,15,16444,124.8,HOEP (Legacy)
2005-09-24 15:00:00,2005,9,16,16481,93.43,HOEP (Legacy)
2005-09-24 16:00:00,2005,9,17,16516,63.0,HOEP (Legacy)
2005-09-24 17:00:00,2005,9,18,16382,70.03,HOEP (Legacy)
2005-09-24 18:00:00,2005,9,19,16751,88.15,HOEP (Legacy)
2005-09-24 19:00:00,2005,9,20,16942,110.23,HOEP (Legacy)
2005-09-24 20:00:00,2005,9,21,16360,63.16,HOEP (Legacy)
2005-09-24 21:00:00,2005,9,22,15663,76.35,HOEP (Legacy)
2005-09-24 22:00:00,2005,9,23,14832,51.14,HOEP (Legacy)
2005-09-24 23:00:00,2005,9,24,13883,42.36,HOEP (Legacy)
2005-09-25 00:00:00,2005,9,1,13475,42.61,HOEP (Legacy)
2005-09-25 01:00:00,2005,9,2,13087,40.93,HOEP (Legacy)
2005-09-25 02:00:00,2005,9,3,12914,37.3,HOEP (Legacy)
2005-09-25 03:00:00,2005,9,4,12889,36.28,HOEP (Legacy)
2005-09-25 04:00:00,2005,9,5,13072,39.02,HOEP (Legacy)
2005-09-25 05:00:00,2005,9,6,13285,43.04,HOEP (Legacy)
2005-09-25 06:00:00,2005,9,7,13711,36.32,HOEP (Legacy)
2005-09-25 07:00:00,2005,9,8,14636,70.0,HOEP (Legacy)
2005-09-25 08:00:00,2005,9,9,15799,51.28,HOEP (Legacy)
2005-09-25 09:00:00,2005,9,10,16491,91.32,HOEP (Legacy)
2005-09-25 10:00:00,2005,9,11,16786,48.77,HOEP (Legacy)
2005-09-25 11:00:00,2005,9,12,17256,155.02,HOEP (Legacy)
2005-09-25 12:00:00,2005,9,13,17358,162.23,HOEP (Legacy)
2005-09-25 13:00:00,2005,9,14,17402,149.31,HOEP (Legacy)
2005-09-25 14:00:00,2005,9,15,17540,112.44,HOEP (Legacy)
2005-09-25 15:00:00,2005,9,16,17726,50.96,HOEP (Legacy)
2005-09-25 16:00:00,2005,9,17,17748,124.91,HOEP (Legacy)
2005-09-25 17:00:00,2005,9,18,17968,131.18,HOEP (Legacy)
2005-09-25 18:00:00,2005,9,19,18622,149.13,HOEP (Legacy)
2005-09-25 19:00:00,2005,9,20,18551,152.95,HOEP (Legacy)
2005-09-25 20:00:00,2005,9,21,17899,84.82,HOEP (Legacy)
2005-09-25 21:00:00,2005,9,22,17044,87.76,HOEP (Legacy)
2005-09-25 22:00:00,2005,9,23,16011,79.1,HOEP (Legacy)
2005-09-25 23:00:00,2005,9,24,15127,49.98,HOEP (Legacy)
2005-09-26 00:00:00,2005,9,1,14655,91.93,HOEP (Legacy)
2005-09-26 01:00:00,2005,9,2,14520,47.19,HOEP (Legacy)
2005-09-26 02:00:00,2005,9,3,14316,45.69,HOEP (Legacy)
2005-09-26 03:00:00,2005,9,4,14495,48.62,HOEP (Legacy)
2005-09-26 04:00:00,2005,9,5,15122,52.67,HOEP (Legacy)
2005-09-26 05:00:00,2005,9,6,16436,112.87,HOEP (Legacy)
2005-09-26 06:00:00,2005,9,7,18565,259.82,HOEP (Legacy)
2005-09-26 07:00:00,2005,9,8,19450,183.97,HOEP (Legacy)
2005-09-26 08:00:00,2005,9,9,19744,138.67,HOEP (Legacy)
2005-09-26 09:00:00,2005,9,10,19960,149.72,HOEP (Legacy)
2005-09-26 10:00:00,2005,9,11,20064,136.22,HOEP (Legacy)
2005-09-26 11:00:00,2005,9,12,19816,143.85,HOEP (Legacy)
2005-09-26 12:00:00,2005,9,13,20051,156.68,HOEP (Legacy)
2005-09-26 13:00:00,2005,9,14,19900,149.78,HOEP (Legacy)
2005-09-26 14:00:00,2005,9,15,19912,156.43,HOEP (Legacy)
2005-09-26 15:00:00,2005,9,16,20048,152.72,HOEP (Legacy)
2005-09-26 16:00:00,2005,9,17,19940,122.34,HOEP (Legacy)
2005-09-26 17:00:00,2005,9,18,19343,65.96,HOEP (Legacy)
2005-09-26 18:00:00,2005,9,19,19523,110.17,HOEP (Legacy)
2005-09-26 19:00:00,2005,9,20,19353,121.59,HOEP (Legacy)
2005-09-26 20:00:00,2005,9,21,18407,84.2,HOEP (Legacy)
2005-09-26 21:00:00,2005,9,22,17099,38.25,HOEP (Legacy)
2005-09-26 22:00:00,2005,9,23,15834,36.49,HOEP (Legacy)
2005-09-26 23:00:00,2005,9,24,14711,34.48,HOEP (Legacy)
2005-09-27 00:00:00,2005,9,1,14205,34.32,HOEP (Legacy)
2005-09-27 01:00:00,2005,9,2,13964,32.98,HOEP (Legacy)
2005-09-27 02:00:00,2005,9,3,13694,32.87,HOEP (Legacy)
2005-09-27 03:00:00,2005,9,4,13593,33.29,HOEP (Legacy)
2005-09-27 04:00:00,2005,9,5,14179,38.61,HOEP (Legacy)
2005-09-27 05:00:00,2005,9,6,15581,41.36,HOEP (Legacy)
2005-09-27 06:00:00,2005,9,7,17158,43.33,HOEP (Legacy)
2005-09-27 07:00:00,2005,9,8,17780,56.16,HOEP (Legacy)
2005-09-27 08:00:00,2005,9,9,18160,70.53,HOEP (Legacy)
2005-09-27 09:00:00,2005,9,10,18494,106.56,HOEP (Legacy)
2005-09-27 10:00:00,2005,9,11,18556,79.99,HOEP (Legacy)
2005-09-27 11:00:00,2005,9,12,18646,51.13,HOEP (Legacy)
2005-09-27 12:00:00,2005,9,13,18735,100.21,HOEP (Legacy)
2005-09-27 13:00:00,2005,9,14,18955,111.1,HOEP (Legacy)
2005-09-27 14:00:00,2005,9,15,18896,100.34,HOEP (Legacy)
2005-09-27 15:00:00,2005,9,16,19129,83.27,HOEP (Legacy)
2005-09-27 16:00:00,2005,9,17,19162,95.89,HOEP (Legacy)
2005-09-27 17:00:00,2005,9,18,18774,100.1,HOEP (Legacy)
2005-09-27 18:00:00,2005,9,19,19129,81.43,HOEP (Legacy)
2005-09-27 19:00:00,2005,9,20,19164,75.34,HOEP (Legacy)
2005-09-27 20:00:00,2005,9,21,18073,70.03,HOEP (Legacy)
2005-09-27 21:00:00,2005,9,22,16811,43.58,HOEP (Legacy)
2005-09-27 22:00:00,2005,9,23,15411,36.85,HOEP (Legacy)
2005-09-27 23:00:00,2005,9,24,14347,33.25,HOEP (Legacy)
2005-09-28 00:00:00,2005,9,1,14020,32.25,HOEP (Legacy)
2005-09-28 01:00:00,2005,9,2,13708,30.01,HOEP (Legacy)
2005-09-28 02:00:00,2005,9,3,13562,27.42,HOEP (Legacy)
2005-09-28 03:00:00,2005,9,4,13724,28.61,HOEP (Legacy)
2005-09-28 04:00:00,2005,9,5,14146,33.45,HOEP (Legacy)
2005-09-28 05:00:00,2005,9,6,15553,41.86,HOEP (Legacy)
2005-09-28 06:00:00,2005,9,7,17034,56.64,HOEP (Legacy)
2005-09-28 07:00:00,2005,9,8,17873,48.52,HOEP (Legacy)
2005-09-28 08:00:00,2005,9,9,18245,69.56,HOEP (Legacy)
2005-09-28 09:00:00,2005,9,10,18749,54.9,HOEP (Legacy)
2005-09-28 10:00:00,2005,9,11,18908,69.06,HOEP (Legacy)
2005-09-28 11:00:00,2005,9,12,19027,82.44,HOEP (Legacy)
2005-09-28 12:00:00,2005,9,13,19067,107.27,HOEP (Legacy)
2005-09-28 13:00:00,2005,9,14,18891,58.18,HOEP (Legacy)
2005-09-28 14:00:00,2005,9,15,18840,60.53,HOEP (Legacy)
2005-09-28 15:00:00,2005,9,16,18930,81.61,HOEP (Legacy)
2005-09-28 16:00:00,2005,9,17,18991,53.81,HOEP (Legacy)
2005-09-28 17:00:00,2005,9,18,18711,54.62,HOEP (Legacy)
2005-09-28 18:00:00,2005,9,19,19352,93.71,HOEP (Legacy)
2005-09-28 19:00:00,2005,9,20,19317,53.11,HOEP (Legacy)
2005-09-28 20:00:00,2005,9,21,18340,49.57,HOEP (Legacy)
2005-09-28 21:00:00,2005,9,22,17103,50.52,HOEP (Legacy)
2005-09-28 22:00:00,2005,9,23,15724,37.2,HOEP (Legacy)
2005-09-28 23:00:00,2005,9,24,14866,41.56,HOEP (Legacy)
2005-09-29 00:00:00,2005,9,1,14384,40.66,HOEP (Legacy)
2005-09-29 01:00:00,2005,9,2,14072,35.86,HOEP (Legacy)
2005-09-29 02:00:00,2005,9,3,14001,32.67,HOEP (Legacy)
2005-09-29 03:00:00,2005,9,4,13996,32.25,HOEP (Legacy)
2005-09-29 04:00:00,2005,9,5,14345,35.06,HOEP (Legacy)
2005-09-29 05:00:00,2005,9,6,15336,38.16,HOEP (Legacy)
2005-09-29 06:00:00,2005,9,7,17160,76.28,HOEP (Legacy)
2005-09-29 07:00:00,2005,9,8,17819,212.54,HOEP (Legacy)
2005-09-29 08:00:00,2005,9,9,17905,168.8,HOEP (Legacy)
2005-09-29 09:00:00,2005,9,10,18186,79.47,HOEP (Legacy)
2005-09-29 10:00:00,2005,9,11,18312,72.66,HOEP (Legacy)
2005-09-29 11:00:00,2005,9,12,18161,69.91,HOEP (Legacy)
2005-09-29 12:00:00,2005,9,13,17966,136.16,HOEP (Legacy)
2005-09-29 13:00:00,2005,9,14,17835,150.87,HOEP (Legacy)
2005-09-29 14:00:00,2005,9,15,17844,100.71,HOEP (Legacy)
2005-09-29 15:00:00,2005,9,16,18066,58.95,HOEP (Legacy)
2005-09-29 16:00:00,2005,9,17,18114,102.76,HOEP (Legacy)
2005-09-29 17:00:00,2005,9,18,18126,60.64,HOEP (Legacy)
2005-09-29 18:00:00,2005,9,19,18581,166.81,HOEP (Legacy)
2005-09-29 19:00:00,2005,9,20,18662,171.82,HOEP (Legacy)
2005-09-29 20:00:00,2005,9,21,17853,163.03,HOEP (Legacy)
2005-09-29 21:00:00,2005,9,22,16668,111.93,HOEP (Legacy)
2005-09-29 22:00:00,2005,9,23,15293,49.76,HOEP (Legacy)
2005-09-29 23:00:00,2005,9,24,14308,43.5,HOEP (Legacy)
2005-09-30 00:00:00,2005,9,1,14119,42.89,HOEP (Legacy)
2005-09-30 01:00:00,2005,9,2,13797,43.41,HOEP (Legacy)
2005-09-30 02:00:00,2005,9,3,13664,52.78,HOEP (Legacy)
2005-09-30 03:00:00,2005,9,4,13756,47.1,HOEP (Legacy)
2005-09-30 04:00:00,2005,9,5,14125,82.54,HOEP (Legacy)
2005-09-30 05:00:00,2005,9,6,15373,82.77,HOEP (Legacy)
2005-09-30 06:00:00,2005,9,7,17017,138.39,HOEP (Legacy)
2005-09-30 07:00:00,2005,9,8,17675,152.45,HOEP (Legacy)
2005-09-30 08:00:00,2005,9,9,17836,133.63,HOEP (Legacy)
2005-09-30 09:00:00,2005,9,10,18020,113.98,HOEP (Legacy)
2005-09-30 10:00:00,2005,9,11,17951,102.35,HOEP (Legacy)
2005-09-30 11:00:00,2005,9,12,17890,103.01,HOEP (Legacy)
2005-09-30 12:00:00,2005,9,13,17804,85.77,HOEP (Legacy)
2005-09-30 13:00:00,2005,9,14,17733,59.92,HOEP (Legacy)
2005-09-30 14:00:00,2005,9,15,17589,116.67,HOEP (Legacy)
2005-09-30 15:00:00,2005,9,16,17671,187.27,HOEP (Legacy)
2005-09-30 16:00:00,2005,9,17,17439,164.12,HOEP (Legacy)
2005-09-30 17:00:00,2005,9,18,17359,52.86,HOEP (Legacy)
2005-09-30 18:00:00,2005,9,19,17928,201.33,HOEP (Legacy)
2005-09-30 19:00:00,2005,9,20,17898,175.09,HOEP (Legacy)
2005-09-30 20:00:00,2005,9,21,17267,90.79,HOEP (Legacy)
2005-09-30 21:00:00,2005,9,22,16237,50.22,HOEP (Legacy)
2005-09-30 22:00:00,2005,9,23,15050,57.74,HOEP (Legacy)
2005-09-30 23:00:00,2005,9,24,13962,51.24,HOEP (Legacy)
2005-10-01 00:00:00,2005,10,1,13461,41.74,HOEP (Legacy)
2005-10-01 01:00:00,2005,10,2,13088,39.4,HOEP (Legacy)
2005-10-01 02:00:00,2005,10,3,12924,39.23,HOEP (Legacy)
2005-10-01 03:00:00,2005,10,4,12876,38.18,HOEP (Legacy)
2005-10-01 04:00:00,2005,10,5,13003,39.42,HOEP (Legacy)
2005-10-01 05:00:00,2005,10,6,13527,39.74,HOEP (Legacy)
2005-10-01 06:00:00,2005,10,7,14182,40.24,HOEP (Legacy)
2005-10-01 07:00:00,2005,10,8,15155,48.58,HOEP (Legacy)
2005-10-01 08:00:00,2005,10,9,16021,87.02,HOEP (Legacy)
2005-10-01 09:00:00,2005,10,10,16391,143.85,HOEP (Legacy)
2005-10-01 10:00:00,2005,10,11,16512,91.01,HOEP (Legacy)
2005-10-01 11:00:00,2005,10,12,16410,63.48,HOEP (Legacy)
2005-10-01 12:00:00,2005,10,13,16238,57.06,HOEP (Legacy)
2005-10-01 13:00:00,2005,10,14,16279,96.12,HOEP (Legacy)
2005-10-01 14:00:00,2005,10,15,16121,111.04,HOEP (Legacy)
2005-10-01 15:00:00,2005,10,16,16143,68.51,HOEP (Legacy)
2005-10-01 16:00:00,2005,10,17,16242,54.13,HOEP (Legacy)
2005-10-01 17:00:00,2005,10,18,16132,52.98,HOEP (Legacy)
2005-10-01 18:00:00,2005,10,19,16506,77.03,HOEP (Legacy)
2005-10-01 19:00:00,2005,10,20,16503,106.18,HOEP (Legacy)
2005-10-01 20:00:00,2005,10,21,15869,40.06,HOEP (Legacy)
2005-10-01 21:00:00,2005,10,22,15112,40.76,HOEP (Legacy)
2005-10-01 22:00:00,2005,10,23,14122,44.52,HOEP (Legacy)
2005-10-01 23:00:00,2005,10,24,13318,37.01,HOEP (Legacy)
2005-10-02 00:00:00,2005,10,1,12866,41.01,HOEP (Legacy)
2005-10-02 01:00:00,2005,10,2,12546,39.35,HOEP (Legacy)
2005-10-02 02:00:00,2005,10,3,12364,39.47,HOEP (Legacy)
2005-10-02 03:00:00,2005,10,4,12227,37.45,HOEP (Legacy)
2005-10-02 04:00:00,2005,10,5,12290,35.0,HOEP (Legacy)
2005-10-02 05:00:00,2005,10,6,12621,35.2,HOEP (Legacy)
2005-10-02 06:00:00,2005,10,7,13080,32.45,HOEP (Legacy)
2005-10-02 07:00:00,2005,10,8,13859,37.08,HOEP (Legacy)
2005-10-02 08:00:00,2005,10,9,14943,41.07,HOEP (Legacy)
2005-10-02 09:00:00,2005,10,10,15384,45.77,HOEP (Legacy)
2005-10-02 10:00:00,2005,10,11,15969,44.35,HOEP (Legacy)
2005-10-02 11:00:00,2005,10,12,16071,43.45,HOEP (Legacy)
2005-10-02 12:00:00,2005,10,13,16221,52.92,HOEP (Legacy)
2005-10-02 13:00:00,2005,10,14,16102,83.38,HOEP (Legacy)
2005-10-02 14:00:00,2005,10,15,16181,118.48,HOEP (Legacy)
2005-10-02 15:00:00,2005,10,16,16330,121.99,HOEP (Legacy)
2005-10-02 16:00:00,2005,10,17,16486,76.82,HOEP (Legacy)
2005-10-02 17:00:00,2005,10,18,16293,46.33,HOEP (Legacy)
2005-10-02 18:00:00,2005,10,19,17184,73.06,HOEP (Legacy)
2005-10-02 19:00:00,2005,10,20,17372,66.5,HOEP (Legacy)
2005-10-02 20:00:00,2005,10,21,16565,65.34,HOEP (Legacy)
2005-10-02 21:00:00,2005,10,22,15605,65.72,HOEP (Legacy)
2005-10-02 22:00:00,2005,10,23,14570,40.92,HOEP (Legacy)
2005-10-02 23:00:00,2005,10,24,13816,38.06,HOEP (Legacy)
2005-10-03 00:00:00,2005,10,1,13395,31.09,HOEP (Legacy)
2005-10-03 01:00:00,2005,10,2,13255,32.29,HOEP (Legacy)
2005-10-03 02:00:00,2005,10,3,13089,32.96,HOEP (Legacy)
2005-10-03 03:00:00,2005,10,4,13221,32.69,HOEP (Legacy)
2005-10-03 04:00:00,2005,10,5,13813,44.04,HOEP (Legacy)
2005-10-03 05:00:00,2005,10,6,15307,45.69,HOEP (Legacy)
2005-10-03 06:00:00,2005,10,7,17083,62.21,HOEP (Legacy)
2005-10-03 07:00:00,2005,10,8,18012,108.47,HOEP (Legacy)
2005-10-03 08:00:00,2005,10,9,18456,118.58,HOEP (Legacy)
2005-10-03 09:00:00,2005,10,10,18843,131.79,HOEP (Legacy)
2005-10-03 10:00:00,2005,10,11,18938,56.14,HOEP (Legacy)
2005-10-03 11:00:00,2005,10,12,19146,71.73,HOEP (Legacy)
2005-10-03 12:00:00,2005,10,13,19710,171.42,HOEP (Legacy)
2005-10-03 13:00:00,2005,10,14,19611,113.0,HOEP (Legacy)
2005-10-03 14:00:00,2005,10,15,19680,118.97,HOEP (Legacy)
2005-10-03 15:00:00,2005,10,16,19831,166.19,HOEP (Legacy)
2005-10-03 16:00:00,2005,10,17,19792,156.18,HOEP (Legacy)
2005-10-03 17:00:00,2005,10,18,19383,142.03,HOEP (Legacy)
2005-10-03 18:00:00,2005,10,19,20039,169.13,HOEP (Legacy)
2005-10-03 19:00:00,2005,10,20,20006,153.2,HOEP (Legacy)
2005-10-03 20:00:00,2005,10,21,18849,122.09,HOEP (Legacy)
2005-10-03 21:00:00,2005,10,22,17439,76.75,HOEP (Legacy)
2005-10-03 22:00:00,2005,10,23,16043,44.7,HOEP (Legacy)
2005-10-03 23:00:00,2005,10,24,15097,53.46,HOEP (Legacy)
2005-10-04 00:00:00,2005,10,1,14468,38.7,HOEP (Legacy)
2005-10-04 01:00:00,2005,10,2,14071,38.02,HOEP (Legacy)
2005-10-04 02:00:00,2005,10,3,13594,34.63,HOEP (Legacy)
2005-10-04 03:00:00,2005,10,4,13828,30.85,HOEP (Legacy)
2005-10-04 04:00:00,2005,10,5,14330,37.0,HOEP (Legacy)
2005-10-04 05:00:00,2005,10,6,15712,50.89,HOEP (Legacy)
2005-10-04 06:00:00,2005,10,7,17443,114.8,HOEP (Legacy)
2005-10-04 07:00:00,2005,10,8,18257,71.96,HOEP (Legacy)
2005-10-04 08:00:00,2005,10,9,18584,90.77,HOEP (Legacy)
2005-10-04 09:00:00,2005,10,10,19103,103.02,HOEP (Legacy)
2005-10-04 10:00:00,2005,10,11,19738,168.29,HOEP (Legacy)
2005-10-04 11:00:00,2005,10,12,19782,171.2,HOEP (Legacy)
2005-10-04 12:00:00,2005,10,13,20077,171.59,HOEP (Legacy)
2005-10-04 13:00:00,2005,10,14,20327,173.21,HOEP (Legacy)
2005-10-04 14:00:00,2005,10,15,20502,168.45,HOEP (Legacy)
2005-10-04 15:00:00,2005,10,16,20752,173.23,HOEP (Legacy)
2005-10-04 16:00:00,2005,10,17,20631,179.49,HOEP (Legacy)
2005-10-04 17:00:00,2005,10,18,19980,169.37,HOEP (Legacy)
2005-10-04 18:00:00,2005,10,19,20525,174.99,HOEP (Legacy)
2005-10-04 19:00:00,2005,10,20,20145,126.12,HOEP (Legacy)
2005-10-04 20:00:00,2005,10,21,19104,49.12,HOEP (Legacy)
2005-10-04 21:00:00,2005,10,22,17630,42.84,HOEP (Legacy)
2005-10-04 22:00:00,2005,10,23,16234,43.66,HOEP (Legacy)
2005-10-04 23:00:00,2005,10,24,15202,46.32,HOEP (Legacy)
2005-10-05 00:00:00,2005,10,1,14634,59.57,HOEP (Legacy)
2005-10-05 01:00:00,2005,10,2,14295,37.68,HOEP (Legacy)
2005-10-05 02:00:00,2005,10,3,13767,32.49,HOEP (Legacy)
2005-10-05 03:00:00,2005,10,4,13737,32.35,HOEP (Legacy)
2005-10-05 04:00:00,2005,10,5,14560,39.3,HOEP (Legacy)
2005-10-05 05:00:00,2005,10,6,15882,64.39,HOEP (Legacy)
2005-10-05 06:00:00,2005,10,7,17351,82.27,HOEP (Legacy)
2005-10-05 07:00:00,2005,10,8,18171,131.51,HOEP (Legacy)
2005-10-05 08:00:00,2005,10,9,18555,122.84,HOEP (Legacy)
2005-10-05 09:00:00,2005,10,10,19163,133.81,HOEP (Legacy)
2005-10-05 10:00:00,2005,10,11,19547,96.96,HOEP (Legacy)
2005-10-05 11:00:00,2005,10,12,19818,147.75,HOEP (Legacy)
2005-10-05 12:00:00,2005,10,13,20073,160.41,HOEP (Legacy)
2005-10-05 13:00:00,2005,10,14,20294,140.27,HOEP (Legacy)
2005-10-05 14:00:00,2005,10,15,20339,145.35,HOEP (Legacy)
2005-10-05 15:00:00,2005,10,16,20672,161.58,HOEP (Legacy)
2005-10-05 16:00:00,2005,10,17,20518,148.93,HOEP (Legacy)
2005-10-05 17:00:00,2005,10,18,19931,126.54,HOEP (Legacy)
2005-10-05 18:00:00,2005,10,19,20244,143.92,HOEP (Legacy)
2005-10-05 19:00:00,2005,10,20,19745,133.14,HOEP (Legacy)
2005-10-05 20:00:00,2005,10,21,18693,73.28,HOEP (Legacy)
2005-10-05 21:00:00,2005,10,22,17236,45.56,HOEP (Legacy)
2005-10-05 22:00:00,2005,10,23,15828,41.55,HOEP (Legacy)
2005-10-05 23:00:00,2005,10,24,14936,36.22,HOEP (Legacy)
2005-10-06 00:00:00,2005,10,1,14402,35.78,HOEP (Legacy)
2005-10-06 01:00:00,2005,10,2,14227,34.96,HOEP (Legacy)
2005-10-06 02:00:00,2005,10,3,13899,31.4,HOEP (Legacy)
2005-10-06 03:00:00,2005,10,4,13875,31.71,HOEP (Legacy)
2005-10-06 04:00:00,2005,10,5,14436,35.99,HOEP (Legacy)
2005-10-06 05:00:00,2005,10,6,15593,34.63,HOEP (Legacy)
2005-10-06 06:00:00,2005,10,7,17263,44.78,HOEP (Legacy)
2005-10-06 07:00:00,2005,10,8,18078,40.36,HOEP (Legacy)
2005-10-06 08:00:00,2005,10,9,18581,68.27,HOEP (Legacy)
2005-10-06 09:00:00,2005,10,10,19149,73.62,HOEP (Legacy)
2005-10-06 10:00:00,2005,10,11,19749,135.22,HOEP (Legacy)
2005-10-06 11:00:00,2005,10,12,19817,186.81,HOEP (Legacy)
2005-10-06 12:00:00,2005,10,13,20121,179.7,HOEP (Legacy)
2005-10-06 13:00:00,2005,10,14,20146,166.24,HOEP (Legacy)
2005-10-06 14:00:00,2005,10,15,20311,176.75,HOEP (Legacy)
2005-10-06 15:00:00,2005,10,16,20442,174.52,HOEP (Legacy)
2005-10-06 16:00:00,2005,10,17,20211,175.1,HOEP (Legacy)
2005-10-06 17:00:00,2005,10,18,19917,145.65,HOEP (Legacy)
2005-10-06 18:00:00,2005,10,19,20538,170.34,HOEP (Legacy)
2005-10-06 19:00:00,2005,10,20,20292,180.83,HOEP (Legacy)
2005-10-06 20:00:00,2005,10,21,19113,108.0,HOEP (Legacy)
2005-10-06 21:00:00,2005,10,22,17522,67.04,HOEP (Legacy)
2005-10-06 22:00:00,2005,10,23,16066,52.45,HOEP (Legacy)
2005-10-06 23:00:00,2005,10,24,14968,35.86,HOEP (Legacy)
2005-10-07 00:00:00,2005,10,1,14363,34.84,HOEP (Legacy)
2005-10-07 01:00:00,2005,10,2,14008,35.38,HOEP (Legacy)
2005-10-07 02:00:00,2005,10,3,13708,32.16,HOEP (Legacy)
2005-10-07 03:00:00,2005,10,4,13772,32.5,HOEP (Legacy)
2005-10-07 04:00:00,2005,10,5,14285,33.98,HOEP (Legacy)
2005-10-07 05:00:00,2005,10,6,15646,38.36,HOEP (Legacy)
2005-10-07 06:00:00,2005,10,7,17291,84.24,HOEP (Legacy)
2005-10-07 07:00:00,2005,10,8,17958,85.22,HOEP (Legacy)
2005-10-07 08:00:00,2005,10,9,18243,73.6,HOEP (Legacy)
2005-10-07 09:00:00,2005,10,10,18526,63.95,HOEP (Legacy)
2005-10-07 10:00:00,2005,10,11,18523,87.08,HOEP (Legacy)
2005-10-07 11:00:00,2005,10,12,18393,122.09,HOEP (Legacy)
2005-10-07 12:00:00,2005,10,13,18269,133.41,HOEP (Legacy)
2005-10-07 13:00:00,2005,10,14,17953,138.06,HOEP (Legacy)
2005-10-07 14:00:00,2005,10,15,17664,184.1,HOEP (Legacy)
2005-10-07 15:00:00,2005,10,16,17671,66.02,HOEP (Legacy)
2005-10-07 16:00:00,2005,10,17,17833,60.3,HOEP (Legacy)
2005-10-07 17:00:00,2005,10,18,17940,60.69,HOEP (Legacy)
2005-10-07 18:00:00,2005,10,19,18186,91.04,HOEP (Legacy)
2005-10-07 19:00:00,2005,10,20,17888,54.08,HOEP (Legacy)
2005-10-07 20:00:00,2005,10,21,17194,59.35,HOEP (Legacy)
2005-10-07 21:00:00,2005,10,22,16089,39.8,HOEP (Legacy)
2005-10-07 22:00:00,2005,10,23,14902,65.37,HOEP (Legacy)
2005-10-07 23:00:00,2005,10,24,13876,43.74,HOEP (Legacy)
2005-10-08 00:00:00,2005,10,1,13356,28.1,HOEP (Legacy)
2005-10-08 01:00:00,2005,10,2,13113,24.5,HOEP (Legacy)
2005-10-08 02:00:00,2005,10,3,12830,23.55,HOEP (Legacy)
2005-10-08 03:00:00,2005,10,4,12796,19.81,HOEP (Legacy)
2005-10-08 04:00:00,2005,10,5,12919,16.75,HOEP (Legacy)
2005-10-08 05:00:00,2005,10,6,13238,26.12,HOEP (Legacy)
2005-10-08 06:00:00,2005,10,7,14044,17.36,HOEP (Legacy)
2005-10-08 07:00:00,2005,10,8,15007,36.45,HOEP (Legacy)
2005-10-08 08:00:00,2005,10,9,15862,43.69,HOEP (Legacy)
2005-10-08 09:00:00,2005,10,10,16338,56.87,HOEP (Legacy)
2005-10-08 10:00:00,2005,10,11,16369,57.61,HOEP (Legacy)
2005-10-08 11:00:00,2005,10,12,16167,58.61,HOEP (Legacy)
2005-10-08 12:00:00,2005,10,13,15932,61.18,HOEP (Legacy)
2005-10-08 13:00:00,2005,10,14,15696,44.06,HOEP (Legacy)
2005-10-08 14:00:00,2005,10,15,15567,137.89,HOEP (Legacy)
2005-10-08 15:00:00,2005,10,16,15703,187.79,HOEP (Legacy)
2005-10-08 16:00:00,2005,10,17,15648,79.12,HOEP (Legacy)
2005-10-08 17:00:00,2005,10,18,15730,43.42,HOEP (Legacy)
2005-10-08 18:00:00,2005,10,19,16310,44.1,HOEP (Legacy)
2005-10-08 19:00:00,2005,10,20,16199,44.3,HOEP (Legacy)
2005-10-08 20:00:00,2005,10,21,15657,85.96,HOEP (Legacy)
2005-10-08 21:00:00,2005,10,22,14988,80.59,HOEP (Legacy)
2005-10-08 22:00:00,2005,10,23,14045,38.27,HOEP (Legacy)
2005-10-08 23:00:00,2005,10,24,13390,39.36,HOEP (Legacy)
2005-10-09 00:00:00,2005,10,1,12856,36.49,HOEP (Legacy)
2005-10-09 01:00:00,2005,10,2,12564,19.21,HOEP (Legacy)
2005-10-09 02:00:00,2005,10,3,12373,35.43,HOEP (Legacy)
2005-10-09 03:00:00,2005,10,4,12379,39.04,HOEP (Legacy)
2005-10-09 04:00:00,2005,10,5,12473,35.21,HOEP (Legacy)
2005-10-09 05:00:00,2005,10,6,12751,34.48,HOEP (Legacy)
2005-10-09 06:00:00,2005,10,7,13340,12.07,HOEP (Legacy)
2005-10-09 07:00:00,2005,10,8,14145,39.21,HOEP (Legacy)
2005-10-09 08:00:00,2005,10,9,15072,47.04,HOEP (Legacy)
2005-10-09 09:00:00,2005,10,10,15476,56.87,HOEP (Legacy)
2005-10-09 10:00:00,2005,10,11,15692,47.83,HOEP (Legacy)
2005-10-09 11:00:00,2005,10,12,15713,85.4,HOEP (Legacy)
2005-10-09 12:00:00,2005,10,13,15550,47.61,HOEP (Legacy)
2005-10-09 13:00:00,2005,10,14,15306,44.06,HOEP (Legacy)
2005-10-09 14:00:00,2005,10,15,15250,45.75,HOEP (Legacy)
2005-10-09 15:00:00,2005,10,16,15250,56.98,HOEP (Legacy)
2005-10-09 16:00:00,2005,10,17,15068,155.47,HOEP (Legacy)
2005-10-09 17:00:00,2005,10,18,14898,41.87,HOEP (Legacy)
2005-10-09 18:00:00,2005,10,19,15508,46.56,HOEP (Legacy)
2005-10-09 19:00:00,2005,10,20,15561,42.44,HOEP (Legacy)
2005-10-09 20:00:00,2005,10,21,15037,38.84,HOEP (Legacy)
2005-10-09 21:00:00,2005,10,22,14553,35.39,HOEP (Legacy)
2005-10-09 22:00:00,2005,10,23,13714,18.79,HOEP (Legacy)
2005-10-09 23:00:00,2005,10,24,12946,11.2,HOEP (Legacy)
2005-10-10 00:00:00,2005,10,1,12577,29.35,HOEP (Legacy)
2005-10-10 01:00:00,2005,10,2,12314,27.55,HOEP (Legacy)
2005-10-10 02:00:00,2005,10,3,12214,17.59,HOEP (Legacy)
2005-10-10 03:00:00,2005,10,4,12112,30.28,HOEP (Legacy)
2005-10-10 04:00:00,2005,10,5,12289,32.57,HOEP (Legacy)
2005-10-10 05:00:00,2005,10,6,12620,41.55,HOEP (Legacy)
2005-10-10 06:00:00,2005,10,7,13133,31.75,HOEP (Legacy)
2005-10-10 07:00:00,2005,10,8,13762,36.05,HOEP (Legacy)
2005-10-10 08:00:00,2005,10,9,14705,38.9,HOEP (Legacy)
2005-10-10 09:00:00,2005,10,10,15696,80.3,HOEP (Legacy)
2005-10-10 10:00:00,2005,10,11,16183,101.04,HOEP (Legacy)
2005-10-10 11:00:00,2005,10,12,16275,115.25,HOEP (Legacy)
2005-10-10 12:00:00,2005,10,13,15931,54.77,HOEP (Legacy)
2005-10-10 13:00:00,2005,10,14,15766,67.42,HOEP (Legacy)
2005-10-10 14:00:00,2005,10,15,15621,52.49,HOEP (Legacy)
2005-10-10 15:00:00,2005,10,16,15740,44.12,HOEP (Legacy)
2005-10-10 16:00:00,2005,10,17,15806,56.71,HOEP (Legacy)
2005-10-10 17:00:00,2005,10,18,16018,43.83,HOEP (Legacy)
2005-10-10 18:00:00,2005,10,19,16454,67.04,HOEP (Legacy)
2005-10-10 19:00:00,2005,10,20,16339,68.73,HOEP (Legacy)
2005-10-10 20:00:00,2005,10,21,15838,47.39,HOEP (Legacy)
2005-10-10 21:00:00,2005,10,22,14928,69.99,HOEP (Legacy)
2005-10-10 22:00:00,2005,10,23,13885,33.44,HOEP (Legacy)
2005-10-10 23:00:00,2005,10,24,13404,32.74,HOEP (Legacy)
2005-10-11 00:00:00,2005,10,1,12925,42.83,HOEP (Legacy)
2005-10-11 01:00:00,2005,10,2,12838,41.15,HOEP (Legacy)
2005-10-11 02:00:00,2005,10,3,12680,32.58,HOEP (Legacy)
2005-10-11 03:00:00,2005,10,4,12954,29.93,HOEP (Legacy)
2005-10-11 04:00:00,2005,10,5,13503,35.65,HOEP (Legacy)
2005-10-11 05:00:00,2005,10,6,14818,43.31,HOEP (Legacy)
2005-10-11 06:00:00,2005,10,7,16757,137.03,HOEP (Legacy)
2005-10-11 07:00:00,2005,10,8,17461,71.37,HOEP (Legacy)
2005-10-11 08:00:00,2005,10,9,17787,133.29,HOEP (Legacy)
2005-10-11 09:00:00,2005,10,10,18105,122.38,HOEP (Legacy)
2005-10-11 10:00:00,2005,10,11,18308,108.22,HOEP (Legacy)
2005-10-11 11:00:00,2005,10,12,18286,129.73,HOEP (Legacy)
2005-10-11 12:00:00,2005,10,13,18219,65.48,HOEP (Legacy)
2005-10-11 13:00:00,2005,10,14,18037,53.94,HOEP (Legacy)
2005-10-11 14:00:00,2005,10,15,18046,54.2,HOEP (Legacy)
2005-10-11 15:00:00,2005,10,16,18305,138.96,HOEP (Legacy)
2005-10-11 16:00:00,2005,10,17,18477,140.8,HOEP (Legacy)
2005-10-11 17:00:00,2005,10,18,18642,105.79,HOEP (Legacy)
2005-10-11 18:00:00,2005,10,19,19004,146.87,HOEP (Legacy)
2005-10-11 19:00:00,2005,10,20,18499,78.59,HOEP (Legacy)
2005-10-11 20:00:00,2005,10,21,17838,85.51,HOEP (Legacy)
2005-10-11 21:00:00,2005,10,22,16630,58.81,HOEP (Legacy)
2005-10-11 22:00:00,2005,10,23,15181,36.07,HOEP (Legacy)
2005-10-11 23:00:00,2005,10,24,14306,35.68,HOEP (Legacy)
2005-10-12 00:00:00,2005,10,1,13833,37.03,HOEP (Legacy)
2005-10-12 01:00:00,2005,10,2,13573,37.1,HOEP (Legacy)
2005-10-12 02:00:00,2005,10,3,13442,32.77,HOEP (Legacy)
2005-10-12 03:00:00,2005,10,4,13573,33.21,HOEP (Legacy)
2005-10-12 04:00:00,2005,10,5,13962,41.81,HOEP (Legacy)
2005-10-12 05:00:00,2005,10,6,15331,42.87,HOEP (Legacy)
2005-10-12 06:00:00,2005,10,7,17249,103.58,HOEP (Legacy)
2005-10-12 07:00:00,2005,10,8,17925,140.06,HOEP (Legacy)
2005-10-12 08:00:00,2005,10,9,18028,45.67,HOEP (Legacy)
2005-10-12 09:00:00,2005,10,10,18108,45.38,HOEP (Legacy)
2005-10-12 10:00:00,2005,10,11,18225,72.14,HOEP (Legacy)
2005-10-12 11:00:00,2005,10,12,18163,133.36,HOEP (Legacy)
2005-10-12 12:00:00,2005,10,13,18139,136.81,HOEP (Legacy)
2005-10-12 13:00:00,2005,10,14,18030,54.88,HOEP (Legacy)
2005-10-12 14:00:00,2005,10,15,17880,112.1,HOEP (Legacy)
2005-10-12 15:00:00,2005,10,16,18499,241.64,HOEP (Legacy)
2005-10-12 16:00:00,2005,10,17,18658,169.19,HOEP (Legacy)
2005-10-12 17:00:00,2005,10,18,18891,196.36,HOEP (Legacy)
2005-10-12 18:00:00,2005,10,19,19163,162.59,HOEP (Legacy)
2005-10-12 19:00:00,2005,10,20,18724,122.23,HOEP (Legacy)
2005-10-12 20:00:00,2005,10,21,17825,52.42,HOEP (Legacy)
2005-10-12 21:00:00,2005,10,22,16502,39.67,HOEP (Legacy)
2005-10-12 22:00:00,2005,10,23,15165,41.02,HOEP (Legacy)
2005-10-12 23:00:00,2005,10,24,14250,44.47,HOEP (Legacy)
2005-10-13 00:00:00,2005,10,1,13664,48.78,HOEP (Legacy)
2005-10-13 01:00:00,2005,10,2,13479,42.17,HOEP (Legacy)
2005-10-13 02:00:00,2005,10,3,13172,43.59,HOEP (Legacy)
2005-10-13 03:00:00,2005,10,4,13279,41.37,HOEP (Legacy)
2005-10-13 04:00:00,2005,10,5,13926,55.38,HOEP (Legacy)
2005-10-13 05:00:00,2005,10,6,15297,76.43,HOEP (Legacy)
2005-10-13 06:00:00,2005,10,7,17264,170.6,HOEP (Legacy)
2005-10-13 07:00:00,2005,10,8,17999,168.92,HOEP (Legacy)
2005-10-13 08:00:00,2005,10,9,18170,133.41,HOEP (Legacy)
2005-10-13 09:00:00,2005,10,10,18412,92.28,HOEP (Legacy)
2005-10-13 10:00:00,2005,10,11,18438,64.24,HOEP (Legacy)
2005-10-13 11:00:00,2005,10,12,18221,74.15,HOEP (Legacy)
2005-10-13 12:00:00,2005,10,13,18209,80.13,HOEP (Legacy)
2005-10-13 13:00:00,2005,10,14,18134,92.0,HOEP (Legacy)
2005-10-13 14:00:00,2005,10,15,18125,88.65,HOEP (Legacy)
2005-10-13 15:00:00,2005,10,16,18462,70.17,HOEP (Legacy)
2005-10-13 16:00:00,2005,10,17,18625,91.26,HOEP (Legacy)
2005-10-13 17:00:00,2005,10,18,18892,157.04,HOEP (Legacy)
2005-10-13 18:00:00,2005,10,19,19121,157.72,HOEP (Legacy)
2005-10-13 19:00:00,2005,10,20,18595,149.34,HOEP (Legacy)
2005-10-13 20:00:00,2005,10,21,17876,82.57,HOEP (Legacy)
2005-10-13 21:00:00,2005,10,22,16780,53.77,HOEP (Legacy)
2005-10-13 22:00:00,2005,10,23,15232,49.21,HOEP (Legacy)
2005-10-13 23:00:00,2005,10,24,14334,49.14,HOEP (Legacy)
2005-10-14 00:00:00,2005,10,1,13769,41.83,HOEP (Legacy)
2005-10-14 01:00:00,2005,10,2,13498,39.51,HOEP (Legacy)
2005-10-14 02:00:00,2005,10,3,13350,37.62,HOEP (Legacy)
2005-10-14 03:00:00,2005,10,4,13321,37.16,HOEP (Legacy)
2005-10-14 04:00:00,2005,10,5,13908,40.38,HOEP (Legacy)
2005-10-14 05:00:00,2005,10,6,15358,58.63,HOEP (Legacy)
2005-10-14 06:00:00,2005,10,7,17278,151.1,HOEP (Legacy)
2005-10-14 07:00:00,2005,10,8,17957,161.06,HOEP (Legacy)
2005-10-14 08:00:00,2005,10,9,18068,133.9,HOEP (Legacy)
2005-10-14 09:00:00,2005,10,10,18376,123.68,HOEP (Legacy)
2005-10-14 10:00:00,2005,10,11,18372,147.05,HOEP (Legacy)
2005-10-14 11:00:00,2005,10,12,18231,173.1,HOEP (Legacy)
2005-10-14 12:00:00,2005,10,13,18135,153.3,HOEP (Legacy)
2005-10-14 13:00:00,2005,10,14,17934,135.74,HOEP (Legacy)
2005-10-14 14:00:00,2005,10,15,17863,157.55,HOEP (Legacy)
2005-10-14 15:00:00,2005,10,16,18013,187.1,HOEP (Legacy)
2005-10-14 16:00:00,2005,10,17,17828,60.29,HOEP (Legacy)
2005-10-14 17:00:00,2005,10,18,17925,79.83,HOEP (Legacy)
2005-10-14 18:00:00,2005,10,19,18404,115.92,HOEP (Legacy)
2005-10-14 19:00:00,2005,10,20,17866,88.78,HOEP (Legacy)
2005-10-14 20:00:00,2005,10,21,17229,54.46,HOEP (Legacy)
2005-10-14 21:00:00,2005,10,22,16308,62.17,HOEP (Legacy)
2005-10-14 22:00:00,2005,10,23,15112,45.55,HOEP (Legacy)
2005-10-14 23:00:00,2005,10,24,13928,40.54,HOEP (Legacy)
2005-10-15 00:00:00,2005,10,1,13357,39.75,HOEP (Legacy)
2005-10-15 01:00:00,2005,10,2,13060,30.93,HOEP (Legacy)
2005-10-15 02:00:00,2005,10,3,12815,29.06,HOEP (Legacy)
2005-10-15 03:00:00,2005,10,4,12803,32.53,HOEP (Legacy)
2005-10-15 04:00:00,2005,10,5,12840,36.06,HOEP (Legacy)
2005-10-15 05:00:00,2005,10,6,13515,36.4,HOEP (Legacy)
2005-10-15 06:00:00,2005,10,7,14309,41.36,HOEP (Legacy)
2005-10-15 07:00:00,2005,10,8,15180,50.78,HOEP (Legacy)
2005-10-15 08:00:00,2005,10,9,15940,73.85,HOEP (Legacy)
2005-10-15 09:00:00,2005,10,10,16348,48.3,HOEP (Legacy)
2005-10-15 10:00:00,2005,10,11,16492,97.19,HOEP (Legacy)
2005-10-15 11:00:00,2005,10,12,16294,61.22,HOEP (Legacy)
2005-10-15 12:00:00,2005,10,13,16201,50.43,HOEP (Legacy)
2005-10-15 13:00:00,2005,10,14,15916,44.33,HOEP (Legacy)
2005-10-15 14:00:00,2005,10,15,15748,43.56,HOEP (Legacy)
2005-10-15 15:00:00,2005,10,16,15723,44.09,HOEP (Legacy)
2005-10-15 16:00:00,2005,10,17,15947,45.12,HOEP (Legacy)
2005-10-15 17:00:00,2005,10,18,16163,59.75,HOEP (Legacy)
2005-10-15 18:00:00,2005,10,19,16720,96.97,HOEP (Legacy)
2005-10-15 19:00:00,2005,10,20,16060,52.88,HOEP (Legacy)
2005-10-15 20:00:00,2005,10,21,15484,50.45,HOEP (Legacy)
2005-10-15 21:00:00,2005,10,22,14644,50.3,HOEP (Legacy)
2005-10-15 22:00:00,2005,10,23,13796,41.25,HOEP (Legacy)
2005-10-15 23:00:00,2005,10,24,13033,40.97,HOEP (Legacy)
2005-10-16 00:00:00,2005,10,1,12555,31.26,HOEP (Legacy)
2005-10-16 01:00:00,2005,10,2,12340,24.75,HOEP (Legacy)
2005-10-16 02:00:00,2005,10,3,12220,17.55,HOEP (Legacy)
2005-10-16 03:00:00,2005,10,4,12125,20.45,HOEP (Legacy)
2005-10-16 04:00:00,2005,10,5,12176,31.79,HOEP (Legacy)
2005-10-16 05:00:00,2005,10,6,12593,31.99,HOEP (Legacy)
2005-10-16 06:00:00,2005,10,7,13066,34.83,HOEP (Legacy)
2005-10-16 07:00:00,2005,10,8,13780,42.35,HOEP (Legacy)
2005-10-16 08:00:00,2005,10,9,14688,42.23,HOEP (Legacy)
2005-10-16 09:00:00,2005,10,10,15251,43.86,HOEP (Legacy)
2005-10-16 10:00:00,2005,10,11,15515,43.78,HOEP (Legacy)
2005-10-16 11:00:00,2005,10,12,15648,44.0,HOEP (Legacy)
2005-10-16 12:00:00,2005,10,13,15551,44.59,HOEP (Legacy)
2005-10-16 13:00:00,2005,10,14,15486,44.79,HOEP (Legacy)
2005-10-16 14:00:00,2005,10,15,15588,44.3,HOEP (Legacy)
2005-10-16 15:00:00,2005,10,16,15871,46.32,HOEP (Legacy)
2005-10-16 16:00:00,2005,10,17,16207,49.21,HOEP (Legacy)
2005-10-16 17:00:00,2005,10,18,16605,72.9,HOEP (Legacy)
2005-10-16 18:00:00,2005,10,19,17032,54.76,HOEP (Legacy)
2005-10-16 19:00:00,2005,10,20,16635,127.31,HOEP (Legacy)
2005-10-16 20:00:00,2005,10,21,16027,74.97,HOEP (Legacy)
2005-10-16 21:00:00,2005,10,22,15155,47.5,HOEP (Legacy)
2005-10-16 22:00:00,2005,10,23,14154,40.58,HOEP (Legacy)
2005-10-16 23:00:00,2005,10,24,13598,38.0,HOEP (Legacy)
2005-10-17 00:00:00,2005,10,1,13209,42.77,HOEP (Legacy)
2005-10-17 01:00:00,2005,10,2,13115,42.09,HOEP (Legacy)
2005-10-17 02:00:00,2005,10,3,13054,36.55,HOEP (Legacy)
2005-10-17 03:00:00,2005,10,4,13239,31.74,HOEP (Legacy)
2005-10-17 04:00:00,2005,10,5,13858,39.32,HOEP (Legacy)
2005-10-17 05:00:00,2005,10,6,15220,40.8,HOEP (Legacy)
2005-10-17 06:00:00,2005,10,7,17192,95.12,HOEP (Legacy)
2005-10-17 07:00:00,2005,10,8,17788,60.34,HOEP (Legacy)
2005-10-17 08:00:00,2005,10,9,17921,115.77,HOEP (Legacy)
2005-10-17 09:00:00,2005,10,10,18139,121.35,HOEP (Legacy)
2005-10-17 10:00:00,2005,10,11,18295,123.86,HOEP (Legacy)
2005-10-17 11:00:00,2005,10,12,18147,124.14,HOEP (Legacy)
2005-10-17 12:00:00,2005,10,13,18145,130.04,HOEP (Legacy)
2005-10-17 13:00:00,2005,10,14,18025,137.25,HOEP (Legacy)
2005-10-17 14:00:00,2005,10,15,17952,97.17,HOEP (Legacy)
2005-10-17 15:00:00,2005,10,16,18100,65.08,HOEP (Legacy)
2005-10-17 16:00:00,2005,10,17,18214,108.99,HOEP (Legacy)
2005-10-17 17:00:00,2005,10,18,18650,87.09,HOEP (Legacy)
2005-10-17 18:00:00,2005,10,19,19015,105.62,HOEP (Legacy)
2005-10-17 19:00:00,2005,10,20,18503,48.53,HOEP (Legacy)
2005-10-17 20:00:00,2005,10,21,17951,65.78,HOEP (Legacy)
2005-10-17 21:00:00,2005,10,22,16678,54.98,HOEP (Legacy)
2005-10-17 22:00:00,2005,10,23,15274,39.72,HOEP (Legacy)
2005-10-17 23:00:00,2005,10,24,14468,34.28,HOEP (Legacy)
2005-10-18 00:00:00,2005,10,1,13857,34.0,HOEP (Legacy)
2005-10-18 01:00:00,2005,10,2,13516,34.24,HOEP (Legacy)
2005-10-18 02:00:00,2005,10,3,13348,31.86,HOEP (Legacy)
2005-10-18 03:00:00,2005,10,4,13494,32.16,HOEP (Legacy)
2005-10-18 04:00:00,2005,10,5,14186,39.32,HOEP (Legacy)
2005-10-18 05:00:00,2005,10,6,15479,47.16,HOEP (Legacy)
2005-10-18 06:00:00,2005,10,7,17300,61.08,HOEP (Legacy)
2005-10-18 07:00:00,2005,10,8,17654,70.24,HOEP (Legacy)
2005-10-18 08:00:00,2005,10,9,17877,105.11,HOEP (Legacy)
2005-10-18 09:00:00,2005,10,10,18056,123.74,HOEP (Legacy)
2005-10-18 10:00:00,2005,10,11,17995,113.73,HOEP (Legacy)
2005-10-18 11:00:00,2005,10,12,17901,48.12,HOEP (Legacy)
2005-10-18 12:00:00,2005,10,13,17968,103.96,HOEP (Legacy)
2005-10-18 13:00:00,2005,10,14,17884,76.3,HOEP (Legacy)
2005-10-18 14:00:00,2005,10,15,17937,45.42,HOEP (Legacy)
2005-10-18 15:00:00,2005,10,16,18309,73.98,HOEP (Legacy)
2005-10-18 16:00:00,2005,10,17,18576,98.19,HOEP (Legacy)
2005-10-18 17:00:00,2005,10,18,18630,44.34,HOEP (Legacy)
2005-10-18 18:00:00,2005,10,19,18945,47.51,HOEP (Legacy)
2005-10-18 19:00:00,2005,10,20,18582,51.79,HOEP (Legacy)
2005-10-18 20:00:00,2005,10,21,17774,42.72,HOEP (Legacy)
2005-10-18 21:00:00,2005,10,22,16500,42.53,HOEP (Legacy)
2005-10-18 22:00:00,2005,10,23,15196,43.64,HOEP (Legacy)
2005-10-18 23:00:00,2005,10,24,14257,41.1,HOEP (Legacy)
2005-10-19 00:00:00,2005,10,1,13741,42.64,HOEP (Legacy)
2005-10-19 01:00:00,2005,10,2,13582,45.48,HOEP (Legacy)
2005-10-19 02:00:00,2005,10,3,13509,42.28,HOEP (Legacy)
2005-10-19 03:00:00,2005,10,4,13671,42.09,HOEP (Legacy)
2005-10-19 04:00:00,2005,10,5,14294,44.14,HOEP (Legacy)
2005-10-19 05:00:00,2005,10,6,15573,47.2,HOEP (Legacy)
2005-10-19 06:00:00,2005,10,7,17525,86.8,HOEP (Legacy)
2005-10-19 07:00:00,2005,10,8,17814,64.21,HOEP (Legacy)
2005-10-19 08:00:00,2005,10,9,17609,47.22,HOEP (Legacy)
2005-10-19 09:00:00,2005,10,10,18007,47.43,HOEP (Legacy)
2005-10-19 10:00:00,2005,10,11,18167,105.2,HOEP (Legacy)
2005-10-19 11:00:00,2005,10,12,18156,103.62,HOEP (Legacy)
2005-10-19 12:00:00,2005,10,13,18210,104.19,HOEP (Legacy)
2005-10-19 13:00:00,2005,10,14,17939,53.88,HOEP (Legacy)
2005-10-19 14:00:00,2005,10,15,17978,47.06,HOEP (Legacy)
2005-10-19 15:00:00,2005,10,16,18218,53.56,HOEP (Legacy)
2005-10-19 16:00:00,2005,10,17,18433,65.68,HOEP (Legacy)
2005-10-19 17:00:00,2005,10,18,18796,106.22,HOEP (Legacy)
2005-10-19 18:00:00,2005,10,19,19082,138.76,HOEP (Legacy)
2005-10-19 19:00:00,2005,10,20,18671,111.28,HOEP (Legacy)
2005-10-19 20:00:00,2005,10,21,17866,51.34,HOEP (Legacy)
2005-10-19 21:00:00,2005,10,22,16684,44.1,HOEP (Legacy)
2005-10-19 22:00:00,2005,10,23,15358,40.47,HOEP (Legacy)
2005-10-19 23:00:00,2005,10,24,14399,36.79,HOEP (Legacy)
2005-10-20 00:00:00,2005,10,1,13901,34.6,HOEP (Legacy)
2005-10-20 01:00:00,2005,10,2,13803,32.58,HOEP (Legacy)
2005-10-20 02:00:00,2005,10,3,13690,39.31,HOEP (Legacy)
2005-10-20 03:00:00,2005,10,4,13890,38.77,HOEP (Legacy)
2005-10-20 04:00:00,2005,10,5,14562,42.05,HOEP (Legacy)
2005-10-20 05:00:00,2005,10,6,15918,48.94,HOEP (Legacy)
2005-10-20 06:00:00,2005,10,7,17842,147.58,HOEP (Legacy)
2005-10-20 07:00:00,2005,10,8,18219,162.52,HOEP (Legacy)
2005-10-20 08:00:00,2005,10,9,18216,79.24,HOEP (Legacy)
2005-10-20 09:00:00,2005,10,10,18269,98.81,HOEP (Legacy)
2005-10-20 10:00:00,2005,10,11,18237,59.25,HOEP (Legacy)
2005-10-20 11:00:00,2005,10,12,17989,84.4,HOEP (Legacy)
2005-10-20 12:00:00,2005,10,13,17922,63.34,HOEP (Legacy)
2005-10-20 13:00:00,2005,10,14,17614,55.5,HOEP (Legacy)
2005-10-20 14:00:00,2005,10,15,17732,122.16,HOEP (Legacy)
2005-10-20 15:00:00,2005,10,16,18203,127.0,HOEP (Legacy)
2005-10-20 16:00:00,2005,10,17,18405,135.25,HOEP (Legacy)
2005-10-20 17:00:00,2005,10,18,18739,90.98,HOEP (Legacy)
2005-10-20 18:00:00,2005,10,19,19211,132.12,HOEP (Legacy)
2005-10-20 19:00:00,2005,10,20,18812,80.93,HOEP (Legacy)
2005-10-20 20:00:00,2005,10,21,17966,58.58,HOEP (Legacy)
2005-10-20 21:00:00,2005,10,22,16823,48.11,HOEP (Legacy)
2005-10-20 22:00:00,2005,10,23,15447,42.09,HOEP (Legacy)
2005-10-20 23:00:00,2005,10,24,14657,39.63,HOEP (Legacy)
2005-10-21 00:00:00,2005,10,1,14256,39.96,HOEP (Legacy)
2005-10-21 01:00:00,2005,10,2,13938,34.29,HOEP (Legacy)
2005-10-21 02:00:00,2005,10,3,13767,33.27,HOEP (Legacy)
2005-10-21 03:00:00,2005,10,4,14011,38.07,HOEP (Legacy)
2005-10-21 04:00:00,2005,10,5,14696,42.88,HOEP (Legacy)
2005-10-21 05:00:00,2005,10,6,16112,46.22,HOEP (Legacy)
2005-10-21 06:00:00,2005,10,7,18098,130.3,HOEP (Legacy)
2005-10-21 07:00:00,2005,10,8,18449,118.06,HOEP (Legacy)
2005-10-21 08:00:00,2005,10,9,18370,87.75,HOEP (Legacy)
2005-10-21 09:00:00,2005,10,10,18369,104.06,HOEP (Legacy)
2005-10-21 10:00:00,2005,10,11,18238,116.55,HOEP (Legacy)
2005-10-21 11:00:00,2005,10,12,17929,109.31,HOEP (Legacy)
2005-10-21 12:00:00,2005,10,13,17780,54.75,HOEP (Legacy)
2005-10-21 13:00:00,2005,10,14,17538,108.89,HOEP (Legacy)
2005-10-21 14:00:00,2005,10,15,17380,106.91,HOEP (Legacy)
2005-10-21 15:00:00,2005,10,16,17447,73.89,HOEP (Legacy)
2005-10-21 16:00:00,2005,10,17,17271,51.83,HOEP (Legacy)
2005-10-21 17:00:00,2005,10,18,17696,64.37,HOEP (Legacy)
2005-10-21 18:00:00,2005,10,19,18312,53.78,HOEP (Legacy)
2005-10-21 19:00:00,2005,10,20,17841,100.47,HOEP (Legacy)
2005-10-21 20:00:00,2005,10,21,17233,72.67,HOEP (Legacy)
2005-10-21 21:00:00,2005,10,22,16434,48.88,HOEP (Legacy)
2005-10-21 22:00:00,2005,10,23,15134,46.11,HOEP (Legacy)
2005-10-21 23:00:00,2005,10,24,14125,43.05,HOEP (Legacy)
2005-10-22 00:00:00,2005,10,1,13745,47.24,HOEP (Legacy)
2005-10-22 01:00:00,2005,10,2,13661,39.5,HOEP (Legacy)
2005-10-22 02:00:00,2005,10,3,13153,33.24,HOEP (Legacy)
2005-10-22 03:00:00,2005,10,4,13243,32.83,HOEP (Legacy)
2005-10-22 04:00:00,2005,10,5,13523,44.95,HOEP (Legacy)
2005-10-22 05:00:00,2005,10,6,14269,49.27,HOEP (Legacy)
2005-10-22 06:00:00,2005,10,7,15079,59.86,HOEP (Legacy)
2005-10-22 07:00:00,2005,10,8,16011,104.38,HOEP (Legacy)
2005-10-22 08:00:00,2005,10,9,16705,176.07,HOEP (Legacy)
2005-10-22 09:00:00,2005,10,10,17065,163.62,HOEP (Legacy)
2005-10-22 10:00:00,2005,10,11,17087,139.75,HOEP (Legacy)
2005-10-22 11:00:00,2005,10,12,17010,88.38,HOEP (Legacy)
2005-10-22 12:00:00,2005,10,13,16752,95.66,HOEP (Legacy)
2005-10-22 13:00:00,2005,10,14,16613,77.88,HOEP (Legacy)
2005-10-22 14:00:00,2005,10,15,16579,182.14,HOEP (Legacy)
2005-10-22 15:00:00,2005,10,16,16870,205.47,HOEP (Legacy)
2005-10-22 16:00:00,2005,10,17,17334,182.89,HOEP (Legacy)
2005-10-22 17:00:00,2005,10,18,17699,177.31,HOEP (Legacy)
2005-10-22 18:00:00,2005,10,19,17469,164.02,HOEP (Legacy)
2005-10-22 19:00:00,2005,10,20,16791,52.26,HOEP (Legacy)
2005-10-22 20:00:00,2005,10,21,16460,50.25,HOEP (Legacy)
2005-10-22 21:00:00,2005,10,22,15600,55.96,HOEP (Legacy)
2005-10-22 22:00:00,2005,10,23,14609,45.06,HOEP (Legacy)
2005-10-22 23:00:00,2005,10,24,14058,43.81,HOEP (Legacy)
2005-10-23 00:00:00,2005,10,1,13393,44.67,HOEP (Legacy)
2005-10-23 01:00:00,2005,10,2,13096,42.95,HOEP (Legacy)
2005-10-23 02:00:00,2005,10,3,12911,42.6,HOEP (Legacy)
2005-10-23 03:00:00,2005,10,4,12845,41.64,HOEP (Legacy)
2005-10-23 04:00:00,2005,10,5,13099,44.53,HOEP (Legacy)
2005-10-23 05:00:00,2005,10,6,13466,71.42,HOEP (Legacy)
2005-10-23 06:00:00,2005,10,7,13988,79.99,HOEP (Legacy)
2005-10-23 07:00:00,2005,10,8,14757,58.32,HOEP (Legacy)
2005-10-23 08:00:00,2005,10,9,15541,91.86,HOEP (Legacy)
2005-10-23 09:00:00,2005,10,10,16151,61.73,HOEP (Legacy)
2005-10-23 10:00:00,2005,10,11,16492,55.72,HOEP (Legacy)
2005-10-23 11:00:00,2005,10,12,16589,107.58,HOEP (Legacy)
2005-10-23 12:00:00,2005,10,13,16449,55.41,HOEP (Legacy)
2005-10-23 13:00:00,2005,10,14,16296,53.76,HOEP (Legacy)
2005-10-23 14:00:00,2005,10,15,16378,53.59,HOEP (Legacy)
2005-10-23 15:00:00,2005,10,16,16722,85.41,HOEP (Legacy)
2005-10-23 16:00:00,2005,10,17,17163,99.59,HOEP (Legacy)
2005-10-23 17:00:00,2005,10,18,17491,123.71,HOEP (Legacy)
2005-10-23 18:00:00,2005,10,19,17596,522.26,HOEP (Legacy)
2005-10-23 19:00:00,2005,10,20,17158,221.48,HOEP (Legacy)
2005-10-23 20:00:00,2005,10,21,16639,53.05,HOEP (Legacy)
2005-10-23 21:00:00,2005,10,22,15793,49.49,HOEP (Legacy)
2005-10-23 22:00:00,2005,10,23,14773,48.01,HOEP (Legacy)
2005-10-23 23:00:00,2005,10,24,13967,45.15,HOEP (Legacy)
2005-10-24 00:00:00,2005,10,1,13796,45.35,HOEP (Legacy)
2005-10-24 01:00:00,2005,10,2,13756,42.43,HOEP (Legacy)
2005-10-24 02:00:00,2005,10,3,13625,41.08,HOEP (Legacy)
2005-10-24 03:00:00,2005,10,4,13606,33.91,HOEP (Legacy)
2005-10-24 04:00:00,2005,10,5,14302,40.18,HOEP (Legacy)
2005-10-24 05:00:00,2005,10,6,15692,45.72,HOEP (Legacy)
2005-10-24 06:00:00,2005,10,7,17791,59.57,HOEP (Legacy)
2005-10-24 07:00:00,2005,10,8,18472,64.71,HOEP (Legacy)
2005-10-24 08:00:00,2005,10,9,18591,97.53,HOEP (Legacy)
2005-10-24 09:00:00,2005,10,10,18874,192.97,HOEP (Legacy)
2005-10-24 10:00:00,2005,10,11,18898,158.35,HOEP (Legacy)
2005-10-24 11:00:00,2005,10,12,18854,98.31,HOEP (Legacy)
2005-10-24 12:00:00,2005,10,13,18770,111.83,HOEP (Legacy)
2005-10-24 13:00:00,2005,10,14,18673,123.91,HOEP (Legacy)
2005-10-24 14:00:00,2005,10,15,18810,80.86,HOEP (Legacy)
2005-10-24 15:00:00,2005,10,16,19107,114.72,HOEP (Legacy)
2005-10-24 16:00:00,2005,10,17,19411,116.36,HOEP (Legacy)
2005-10-24 17:00:00,2005,10,18,19801,106.14,HOEP (Legacy)
2005-10-24 18:00:00,2005,10,19,19800,128.63,HOEP (Legacy)
2005-10-24 19:00:00,2005,10,20,19291,108.77,HOEP (Legacy)
2005-10-24 20:00:00,2005,10,21,18505,48.17,HOEP (Legacy)
2005-10-24 21:00:00,2005,10,22,17392,54.32,HOEP (Legacy)
2005-10-24 22:00:00,2005,10,23,16015,54.92,HOEP (Legacy)
2005-10-24 23:00:00,2005,10,24,15128,46.06,HOEP (Legacy)
2005-10-25 00:00:00,2005,10,1,14662,42.95,HOEP (Legacy)
2005-10-25 01:00:00,2005,10,2,14302,44.98,HOEP (Legacy)
2005-10-25 02:00:00,2005,10,3,14157,43.27,HOEP (Legacy)
2005-10-25 03:00:00,2005,10,4,14285,44.04,HOEP (Legacy)
2005-10-25 04:00:00,2005,10,5,14839,51.63,HOEP (Legacy)
2005-10-25 05:00:00,2005,10,6,16286,148.2,HOEP (Legacy)
2005-10-25 06:00:00,2005,10,7,18145,142.56,HOEP (Legacy)
2005-10-25 07:00:00,2005,10,8,18995,165.94,HOEP (Legacy)
2005-10-25 08:00:00,2005,10,9,18779,159.43,HOEP (Legacy)
2005-10-25 09:00:00,2005,10,10,18898,132.07,HOEP (Legacy)
2005-10-25 10:00:00,2005,10,11,18989,142.21,HOEP (Legacy)
2005-10-25 11:00:00,2005,10,12,18748,152.35,HOEP (Legacy)
2005-10-25 12:00:00,2005,10,13,18784,148.17,HOEP (Legacy)
2005-10-25 13:00:00,2005,10,14,18765,170.6,HOEP (Legacy)
2005-10-25 14:00:00,2005,10,15,18679,154.17,HOEP (Legacy)
2005-10-25 15:00:00,2005,10,16,18979,158.37,HOEP (Legacy)
2005-10-25 16:00:00,2005,10,17,19395,164.53,HOEP (Legacy)
2005-10-25 17:00:00,2005,10,18,19666,108.84,HOEP (Legacy)
2005-10-25 18:00:00,2005,10,19,19798,79.49,HOEP (Legacy)
2005-10-25 19:00:00,2005,10,20,19243,61.17,HOEP (Legacy)
2005-10-25 20:00:00,2005,10,21,18576,69.17,HOEP (Legacy)
2005-10-25 21:00:00,2005,10,22,17438,61.55,HOEP (Legacy)
2005-10-25 22:00:00,2005,10,23,16072,52.25,HOEP (Legacy)
2005-10-25 23:00:00,2005,10,24,15217,44.94,HOEP (Legacy)
2005-10-26 00:00:00,2005,10,1,14784,45.0,HOEP (Legacy)
2005-10-26 01:00:00,2005,10,2,14481,43.72,HOEP (Legacy)
2005-10-26 02:00:00,2005,10,3,14299,44.26,HOEP (Legacy)
2005-10-26 03:00:00,2005,10,4,14398,43.7,HOEP (Legacy)
2005-10-26 04:00:00,2005,10,5,14829,50.71,HOEP (Legacy)
2005-10-26 05:00:00,2005,10,6,16300,65.6,HOEP (Legacy)
2005-10-26 06:00:00,2005,10,7,18249,137.17,HOEP (Legacy)
2005-10-26 07:00:00,2005,10,8,18682,112.5,HOEP (Legacy)
2005-10-26 08:00:00,2005,10,9,18749,144.2,HOEP (Legacy)
2005-10-26 09:00:00,2005,10,10,18705,133.92,HOEP (Legacy)
2005-10-26 10:00:00,2005,10,11,18620,53.5,HOEP (Legacy)
2005-10-26 11:00:00,2005,10,12,18528,101.58,HOEP (Legacy)
2005-10-26 12:00:00,2005,10,13,18571,100.06,HOEP (Legacy)
2005-10-26 13:00:00,2005,10,14,18522,108.81,HOEP (Legacy)
2005-10-26 14:00:00,2005,10,15,18535,91.7,HOEP (Legacy)
2005-10-26 15:00:00,2005,10,16,18942,72.06,HOEP (Legacy)
2005-10-26 16:00:00,2005,10,17,19277,74.48,HOEP (Legacy)
2005-10-26 17:00:00,2005,10,18,19857,95.21,HOEP (Legacy)
2005-10-26 18:00:00,2005,10,19,19960,127.97,HOEP (Legacy)
2005-10-26 19:00:00,2005,10,20,19330,94.91,HOEP (Legacy)
2005-10-26 20:00:00,2005,10,21,18710,49.48,HOEP (Legacy)
2005-10-26 21:00:00,2005,10,22,17440,48.08,HOEP (Legacy)
2005-10-26 22:00:00,2005,10,23,16054,45.23,HOEP (Legacy)
2005-10-26 23:00:00,2005,10,24,15111,44.92,HOEP (Legacy)
2005-10-27 00:00:00,2005,10,1,14555,46.04,HOEP (Legacy)
2005-10-27 01:00:00,2005,10,2,14447,43.99,HOEP (Legacy)
2005-10-27 02:00:00,2005,10,3,14331,42.31,HOEP (Legacy)
2005-10-27 03:00:00,2005,10,4,14370,42.99,HOEP (Legacy)
2005-10-27 04:00:00,2005,10,5,14990,49.49,HOEP (Legacy)
2005-10-27 05:00:00,2005,10,6,16499,67.64,HOEP (Legacy)
2005-10-27 06:00:00,2005,10,7,18297,94.02,HOEP (Legacy)
2005-10-27 07:00:00,2005,10,8,18871,103.91,HOEP (Legacy)
2005-10-27 08:00:00,2005,10,9,18699,53.98,HOEP (Legacy)
2005-10-27 09:00:00,2005,10,10,18836,105.7,HOEP (Legacy)
2005-10-27 10:00:00,2005,10,11,18598,96.2,HOEP (Legacy)
2005-10-27 11:00:00,2005,10,12,18544,61.69,HOEP (Legacy)
2005-10-27 12:00:00,2005,10,13,18577,52.8,HOEP (Legacy)
2005-10-27 13:00:00,2005,10,14,18471,89.65,HOEP (Legacy)
2005-10-27 14:00:00,2005,10,15,18382,115.31,HOEP (Legacy)
2005-10-27 15:00:00,2005,10,16,18610,52.25,HOEP (Legacy)
2005-10-27 16:00:00,2005,10,17,18847,51.28,HOEP (Legacy)
2005-10-27 17:00:00,2005,10,18,19331,86.65,HOEP (Legacy)
2005-10-27 18:00:00,2005,10,19,19644,106.29,HOEP (Legacy)
2005-10-27 19:00:00,2005,10,20,19094,61.86,HOEP (Legacy)
2005-10-27 20:00:00,2005,10,21,18308,85.04,HOEP (Legacy)
2005-10-27 21:00:00,2005,10,22,17235,72.45,HOEP (Legacy)
2005-10-27 22:00:00,2005,10,23,16220,54.01,HOEP (Legacy)
2005-10-27 23:00:00,2005,10,24,15123,65.1,HOEP (Legacy)
2005-10-28 00:00:00,2005,10,1,14836,53.09,HOEP (Legacy)
2005-10-28 01:00:00,2005,10,2,14530,51.29,HOEP (Legacy)
2005-10-28 02:00:00,2005,10,3,14365,46.29,HOEP (Legacy)
2005-10-28 03:00:00,2005,10,4,14578,45.59,HOEP (Legacy)
2005-10-28 04:00:00,2005,10,5,15114,75.58,HOEP (Legacy)
2005-10-28 05:00:00,2005,10,6,16569,110.77,HOEP (Legacy)
2005-10-28 06:00:00,2005,10,7,18393,142.54,HOEP (Legacy)
2005-10-28 07:00:00,2005,10,8,18929,150.66,HOEP (Legacy)
2005-10-28 08:00:00,2005,10,9,18792,138.51,HOEP (Legacy)
2005-10-28 09:00:00,2005,10,10,18859,145.33,HOEP (Legacy)
2005-10-28 10:00:00,2005,10,11,18747,140.11,HOEP (Legacy)
2005-10-28 11:00:00,2005,10,12,18472,121.12,HOEP (Legacy)
2005-10-28 12:00:00,2005,10,13,18223,89.65,HOEP (Legacy)
2005-10-28 13:00:00,2005,10,14,18048,142.45,HOEP (Legacy)
2005-10-28 14:00:00,2005,10,15,18137,105.74,HOEP (Legacy)
2005-10-28 15:00:00,2005,10,16,18345,84.09,HOEP (Legacy)
2005-10-28 16:00:00,2005,10,17,18499,107.48,HOEP (Legacy)
2005-10-28 17:00:00,2005,10,18,19035,149.85,HOEP (Legacy)
2005-10-28 18:00:00,2005,10,19,19116,125.42,HOEP (Legacy)
2005-10-28 19:00:00,2005,10,20,18664,72.7,HOEP (Legacy)
2005-10-28 20:00:00,2005,10,21,18116,77.72,HOEP (Legacy)
2005-10-28 21:00:00,2005,10,22,16989,78.58,HOEP (Legacy)
2005-10-28 22:00:00,2005,10,23,15935,92.91,HOEP (Legacy)
2005-10-28 23:00:00,2005,10,24,14978,67.54,HOEP (Legacy)
2005-10-29 00:00:00,2005,10,1,14459,47.39,HOEP (Legacy)
2005-10-29 01:00:00,2005,10,2,14185,44.62,HOEP (Legacy)
2005-10-29 02:00:00,2005,10,3,14206,43.7,HOEP (Legacy)
2005-10-29 03:00:00,2005,10,4,14186,43.88,HOEP (Legacy)
2005-10-29 04:00:00,2005,10,5,14281,45.56,HOEP (Legacy)
2005-10-29 05:00:00,2005,10,6,14740,61.94,HOEP (Legacy)
2005-10-29 06:00:00,2005,10,7,15679,74.0,HOEP (Legacy)
2005-10-29 07:00:00,2005,10,8,16479,60.54,HOEP (Legacy)
2005-10-29 08:00:00,2005,10,9,17049,75.34,HOEP (Legacy)
2005-10-29 09:00:00,2005,10,10,17189,79.41,HOEP (Legacy)
2005-10-29 10:00:00,2005,10,11,17167,53.63,HOEP (Legacy)
2005-10-29 11:00:00,2005,10,12,16850,62.47,HOEP (Legacy)
2005-10-29 12:00:00,2005,10,13,16445,46.65,HOEP (Legacy)
2005-10-29 13:00:00,2005,10,14,16137,57.9,HOEP (Legacy)
2005-10-29 14:00:00,2005,10,15,15864,60.16,HOEP (Legacy)
2005-10-29 15:00:00,2005,10,16,16051,68.61,HOEP (Legacy)
2005-10-29 16:00:00,2005,10,17,16404,92.77,HOEP (Legacy)
2005-10-29 17:00:00,2005,10,18,16940,82.81,HOEP (Legacy)
2005-10-29 18:00:00,2005,10,19,17351,53.64,HOEP (Legacy)
2005-10-29 19:00:00,2005,10,20,16677,61.87,HOEP (Legacy)
2005-10-29 20:00:00,2005,10,21,16325,68.48,HOEP (Legacy)
2005-10-29 21:00:00,2005,10,22,15674,78.17,HOEP (Legacy)
2005-10-29 22:00:00,2005,10,23,14775,44.04,HOEP (Legacy)
2005-10-29 23:00:00,2005,10,24,14126,42.78,HOEP (Legacy)
2005-10-30 00:00:00,2005,10,1,13464,41.86,HOEP (Legacy)
2005-10-30 01:00:00,2005,10,2,13201,40.21,HOEP (Legacy)
2005-10-30 02:00:00,2005,10,3,12872,33.3,HOEP (Legacy)
2005-10-30 03:00:00,2005,10,4,12973,30.9,HOEP (Legacy)
2005-10-30 04:00:00,2005,10,5,13157,32.57,HOEP (Legacy)
2005-10-30 05:00:00,2005,10,6,13378,41.09,HOEP (Legacy)
2005-10-30 06:00:00,2005,10,7,13805,43.05,HOEP (Legacy)
2005-10-30 07:00:00,2005,10,8,14358,43.05,HOEP (Legacy)
2005-10-30 08:00:00,2005,10,9,15252,50.04,HOEP (Legacy)
2005-10-30 09:00:00,2005,10,10,15736,55.57,HOEP (Legacy)
2005-10-30 10:00:00,2005,10,11,15924,63.53,HOEP (Legacy)
2005-10-30 11:00:00,2005,10,12,15836,48.19,HOEP (Legacy)
2005-10-30 12:00:00,2005,10,13,15736,47.84,HOEP (Legacy)
2005-10-30 13:00:00,2005,10,14,15623,48.24,HOEP (Legacy)
2005-10-30 14:00:00,2005,10,15,15477,48.07,HOEP (Legacy)
2005-10-30 15:00:00,2005,10,16,15567,55.63,HOEP (Legacy)
2005-10-30 16:00:00,2005,10,17,16117,58.67,HOEP (Legacy)
2005-10-30 17:00:00,2005,10,18,17312,98.81,HOEP (Legacy)
2005-10-30 18:00:00,2005,10,19,17783,71.8,HOEP (Legacy)
2005-10-30 19:00:00,2005,10,20,17346,67.81,HOEP (Legacy)
2005-10-30 20:00:00,2005,10,21,16919,61.26,HOEP (Legacy)
2005-10-30 21:00:00,2005,10,22,16268,95.36,HOEP (Legacy)
2005-10-30 22:00:00,2005,10,23,15273,53.63,HOEP (Legacy)
2005-10-30 23:00:00,2005,10,24,14555,44.31,HOEP (Legacy)
2005-10-31 00:00:00,2005,10,1,13868,42.96,HOEP (Legacy)
2005-10-31 01:00:00,2005,10,2,13532,40.68,HOEP (Legacy)
2005-10-31 02:00:00,2005,10,3,13394,40.2,HOEP (Legacy)
2005-10-31 03:00:00,2005,10,4,13418,33.94,HOEP (Legacy)
2005-10-31 04:00:00,2005,10,5,13675,40.3,HOEP (Legacy)
2005-10-31 05:00:00,2005,10,6,14378,45.41,HOEP (Legacy)
2005-10-31 06:00:00,2005,10,7,15835,54.21,HOEP (Legacy)
2005-10-31 07:00:00,2005,10,8,17555,85.78,HOEP (Legacy)
2005-10-31 08:00:00,2005,10,9,18253,111.21,HOEP (Legacy)
2005-10-31 09:00:00,2005,10,10,18412,122.01,HOEP (Legacy)
2005-10-31 10:00:00,2005,10,11,18584,98.65,HOEP (Legacy)
2005-10-31 11:00:00,2005,10,12,18874,146.24,HOEP (Legacy)
2005-10-31 12:00:00,2005,10,13,18578,166.08,HOEP (Legacy)
2005-10-31 13:00:00,2005,10,14,18569,122.97,HOEP (Legacy)
2005-10-31 14:00:00,2005,10,15,18466,92.76,HOEP (Legacy)
2005-10-31 15:00:00,2005,10,16,18525,100.91,HOEP (Legacy)
2005-10-31 16:00:00,2005,10,17,19152,77.31,HOEP (Legacy)
2005-10-31 17:00:00,2005,10,18,19664,51.19,HOEP (Legacy)
2005-10-31 18:00:00,2005,10,19,18952,46.63,HOEP (Legacy)
2005-10-31 19:00:00,2005,10,20,18313,49.03,HOEP (Legacy)
2005-10-31 20:00:00,2005,10,21,18168,99.38,HOEP (Legacy)
2005-10-31 21:00:00,2005,10,22,17640,56.73,HOEP (Legacy)
2005-10-31 22:00:00,2005,10,23,16480,68.72,HOEP (Legacy)
2005-10-31 23:00:00,2005,10,24,15215,42.27,HOEP (Legacy)
2005-11-01 00:00:00,2005,11,1,14498,44.3,HOEP (Legacy)
2005-11-01 01:00:00,2005,11,2,14086,36.44,HOEP (Legacy)
2005-11-01 02:00:00,2005,11,3,13739,32.8,HOEP (Legacy)
2005-11-01 03:00:00,2005,11,4,13586,32.47,HOEP (Legacy)
2005-11-01 04:00:00,2005,11,5,13891,43.16,HOEP (Legacy)
2005-11-01 05:00:00,2005,11,6,14422,42.15,HOEP (Legacy)
2005-11-01 06:00:00,2005,11,7,15686,45.17,HOEP (Legacy)
2005-11-01 07:00:00,2005,11,8,17414,56.39,HOEP (Legacy)
2005-11-01 08:00:00,2005,11,9,18003,45.89,HOEP (Legacy)
2005-11-01 09:00:00,2005,11,10,18088,46.99,HOEP (Legacy)
2005-11-01 10:00:00,2005,11,11,18397,52.98,HOEP (Legacy)
2005-11-01 11:00:00,2005,11,12,18478,51.19,HOEP (Legacy)
2005-11-01 12:00:00,2005,11,13,18191,92.51,HOEP (Legacy)
2005-11-01 13:00:00,2005,11,14,18217,81.63,HOEP (Legacy)
2005-11-01 14:00:00,2005,11,15,18130,107.85,HOEP (Legacy)
2005-11-01 15:00:00,2005,11,16,18014,87.07,HOEP (Legacy)
2005-11-01 16:00:00,2005,11,17,18686,88.52,HOEP (Legacy)
2005-11-01 17:00:00,2005,11,18,19456,157.86,HOEP (Legacy)
2005-11-01 18:00:00,2005,11,19,19871,189.74,HOEP (Legacy)
2005-11-01 19:00:00,2005,11,20,19324,182.71,HOEP (Legacy)
2005-11-01 20:00:00,2005,11,21,18816,120.34,HOEP (Legacy)
2005-11-01 21:00:00,2005,11,22,18021,89.34,HOEP (Legacy)
2005-11-01 22:00:00,2005,11,23,16803,57.8,HOEP (Legacy)
2005-11-01 23:00:00,2005,11,24,15498,47.57,HOEP (Legacy)
2005-11-02 00:00:00,2005,11,1,14674,44.54,HOEP (Legacy)
2005-11-02 01:00:00,2005,11,2,14219,37.35,HOEP (Legacy)
2005-11-02 02:00:00,2005,11,3,14004,36.82,HOEP (Legacy)
2005-11-02 03:00:00,2005,11,4,13872,42.63,HOEP (Legacy)
2005-11-02 04:00:00,2005,11,5,14090,42.5,HOEP (Legacy)
2005-11-02 05:00:00,2005,11,6,14806,45.16,HOEP (Legacy)
2005-11-02 06:00:00,2005,11,7,16203,68.25,HOEP (Legacy)
2005-11-02 07:00:00,2005,11,8,17761,104.73,HOEP (Legacy)
2005-11-02 08:00:00,2005,11,9,18209,115.22,HOEP (Legacy)
2005-11-02 09:00:00,2005,11,10,18300,105.24,HOEP (Legacy)
2005-11-02 10:00:00,2005,11,11,18351,68.7,HOEP (Legacy)
2005-11-02 11:00:00,2005,11,12,18271,90.82,HOEP (Legacy)
2005-11-02 12:00:00,2005,11,13,18099,52.19,HOEP (Legacy)
2005-11-02 13:00:00,2005,11,14,18146,50.01,HOEP (Legacy)
2005-11-02 14:00:00,2005,11,15,18110,55.66,HOEP (Legacy)
2005-11-02 15:00:00,2005,11,16,18154,79.0,HOEP (Legacy)
2005-11-02 16:00:00,2005,11,17,18736,70.56,HOEP (Legacy)
2005-11-02 17:00:00,2005,11,18,19746,125.22,HOEP (Legacy)
2005-11-02 18:00:00,2005,11,19,20065,188.64,HOEP (Legacy)
2005-11-02 19:00:00,2005,11,20,19434,123.54,HOEP (Legacy)
2005-11-02 20:00:00,2005,11,21,18930,116.69,HOEP (Legacy)
2005-11-02 21:00:00,2005,11,22,18236,94.63,HOEP (Legacy)
2005-11-02 22:00:00,2005,11,23,16985,46.52,HOEP (Legacy)
2005-11-02 23:00:00,2005,11,24,15865,66.38,HOEP (Legacy)
2005-11-03 00:00:00,2005,11,1,14633,41.75,HOEP (Legacy)
2005-11-03 01:00:00,2005,11,2,14307,37.8,HOEP (Legacy)
2005-11-03 02:00:00,2005,11,3,14092,35.97,HOEP (Legacy)
2005-11-03 03:00:00,2005,11,4,13970,40.17,HOEP (Legacy)
2005-11-03 04:00:00,2005,11,5,14146,41.68,HOEP (Legacy)
2005-11-03 05:00:00,2005,11,6,14667,43.24,HOEP (Legacy)
2005-11-03 06:00:00,2005,11,7,16030,49.04,HOEP (Legacy)
2005-11-03 07:00:00,2005,11,8,17524,57.33,HOEP (Legacy)
2005-11-03 08:00:00,2005,11,9,18028,53.21,HOEP (Legacy)
2005-11-03 09:00:00,2005,11,10,18034,53.65,HOEP (Legacy)
2005-11-03 10:00:00,2005,11,11,18215,84.85,HOEP (Legacy)
2005-11-03 11:00:00,2005,11,12,18445,81.91,HOEP (Legacy)
2005-11-03 12:00:00,2005,11,13,18096,91.16,HOEP (Legacy)
2005-11-03 13:00:00,2005,11,14,17989,48.07,HOEP (Legacy)
2005-11-03 14:00:00,2005,11,15,18057,47.29,HOEP (Legacy)
2005-11-03 15:00:00,2005,11,16,18120,45.95,HOEP (Legacy)
2005-11-03 16:00:00,2005,11,17,18472,56.75,HOEP (Legacy)
2005-11-03 17:00:00,2005,11,18,19713,125.88,HOEP (Legacy)
2005-11-03 18:00:00,2005,11,19,19725,121.39,HOEP (Legacy)
2005-11-03 19:00:00,2005,11,20,19133,72.29,HOEP (Legacy)
2005-11-03 20:00:00,2005,11,21,18619,82.25,HOEP (Legacy)
2005-11-03 21:00:00,2005,11,22,17938,71.01,HOEP (Legacy)
2005-11-03 22:00:00,2005,11,23,16716,46.31,HOEP (Legacy)
2005-11-03 23:00:00,2005,11,24,15585,37.15,HOEP (Legacy)
2005-11-04 00:00:00,2005,11,1,14646,43.98,HOEP (Legacy)
2005-11-04 01:00:00,2005,11,2,14261,35.14,HOEP (Legacy)
2005-11-04 02:00:00,2005,11,3,14029,36.96,HOEP (Legacy)
2005-11-04 03:00:00,2005,11,4,13903,35.02,HOEP (Legacy)
2005-11-04 04:00:00,2005,11,5,13985,39.83,HOEP (Legacy)
2005-11-04 05:00:00,2005,11,6,14541,38.92,HOEP (Legacy)
2005-11-04 06:00:00,2005,11,7,15844,47.36,HOEP (Legacy)
2005-11-04 07:00:00,2005,11,8,17381,44.84,HOEP (Legacy)
2005-11-04 08:00:00,2005,11,9,18146,49.13,HOEP (Legacy)
2005-11-04 09:00:00,2005,11,10,18362,43.82,HOEP (Legacy)
2005-11-04 10:00:00,2005,11,11,18479,45.31,HOEP (Legacy)
2005-11-04 11:00:00,2005,11,12,18510,46.66,HOEP (Legacy)
2005-11-04 12:00:00,2005,11,13,18240,47.93,HOEP (Legacy)
2005-11-04 13:00:00,2005,11,14,18270,114.6,HOEP (Legacy)
2005-11-04 14:00:00,2005,11,15,18144,85.35,HOEP (Legacy)
2005-11-04 15:00:00,2005,11,16,17767,51.86,HOEP (Legacy)
2005-11-04 16:00:00,2005,11,17,18113,46.09,HOEP (Legacy)
2005-11-04 17:00:00,2005,11,18,19074,91.98,HOEP (Legacy)
2005-11-04 18:00:00,2005,11,19,19227,140.18,HOEP (Legacy)
2005-11-04 19:00:00,2005,11,20,18489,91.59,HOEP (Legacy)
2005-11-04 20:00:00,2005,11,21,17976,74.02,HOEP (Legacy)
2005-11-04 21:00:00,2005,11,22,17217,53.92,HOEP (Legacy)
2005-11-04 22:00:00,2005,11,23,16134,41.85,HOEP (Legacy)
2005-11-04 23:00:00,2005,11,24,15072,52.33,HOEP (Legacy)
2005-11-05 00:00:00,2005,11,1,14158,57.96,HOEP (Legacy)
2005-11-05 01:00:00,2005,11,2,13622,44.84,HOEP (Legacy)
2005-11-05 02:00:00,2005,11,3,13222,41.55,HOEP (Legacy)
2005-11-05 03:00:00,2005,11,4,13035,37.16,HOEP (Legacy)
2005-11-05 04:00:00,2005,11,5,13013,33.19,HOEP (Legacy)
2005-11-05 05:00:00,2005,11,6,13180,32.27,HOEP (Legacy)
2005-11-05 06:00:00,2005,11,7,13922,36.93,HOEP (Legacy)
2005-11-05 07:00:00,2005,11,8,14637,40.26,HOEP (Legacy)
2005-11-05 08:00:00,2005,11,9,15601,42.71,HOEP (Legacy)
2005-11-05 09:00:00,2005,11,10,16482,53.03,HOEP (Legacy)
2005-11-05 10:00:00,2005,11,11,16856,53.08,HOEP (Legacy)
2005-11-05 11:00:00,2005,11,12,16931,63.79,HOEP (Legacy)
2005-11-05 12:00:00,2005,11,13,16879,63.29,HOEP (Legacy)
2005-11-05 13:00:00,2005,11,14,16649,52.08,HOEP (Legacy)
2005-11-05 14:00:00,2005,11,15,16459,55.8,HOEP (Legacy)
2005-11-05 15:00:00,2005,11,16,16509,45.43,HOEP (Legacy)
2005-11-05 16:00:00,2005,11,17,16956,50.16,HOEP (Legacy)
2005-11-05 17:00:00,2005,11,18,17965,118.61,HOEP (Legacy)
2005-11-05 18:00:00,2005,11,19,17681,108.22,HOEP (Legacy)
2005-11-05 19:00:00,2005,11,20,16947,48.69,HOEP (Legacy)
2005-11-05 20:00:00,2005,11,21,16353,46.4,HOEP (Legacy)
2005-11-05 21:00:00,2005,11,22,15768,46.66,HOEP (Legacy)
2005-11-05 22:00:00,2005,11,23,15093,42.76,HOEP (Legacy)
2005-11-05 23:00:00,2005,11,24,14274,35.02,HOEP (Legacy)
2005-11-06 00:00:00,2005,11,1,13460,34.3,HOEP (Legacy)
2005-11-06 01:00:00,2005,11,2,13042,32.93,HOEP (Legacy)
2005-11-06 02:00:00,2005,11,3,12812,33.56,HOEP (Legacy)
2005-11-06 03:00:00,2005,11,4,12595,32.15,HOEP (Legacy)
2005-11-06 04:00:00,2005,11,5,12548,30.53,HOEP (Legacy)
2005-11-06 05:00:00,2005,11,6,12779,32.02,HOEP (Legacy)
2005-11-06 06:00:00,2005,11,7,12992,28.47,HOEP (Legacy)
2005-11-06 07:00:00,2005,11,8,13302,23.4,HOEP (Legacy)
2005-11-06 08:00:00,2005,11,9,14443,34.09,HOEP (Legacy)
2005-11-06 09:00:00,2005,11,10,15402,43.89,HOEP (Legacy)
2005-11-06 10:00:00,2005,11,11,15875,69.88,HOEP (Legacy)
2005-11-06 11:00:00,2005,11,12,16058,62.94,HOEP (Legacy)
2005-11-06 12:00:00,2005,11,13,16145,54.23,HOEP (Legacy)
2005-11-06 13:00:00,2005,11,14,15927,52.78,HOEP (Legacy)
2005-11-06 14:00:00,2005,11,15,15610,40.56,HOEP (Legacy)
2005-11-06 15:00:00,2005,11,16,15940,40.86,HOEP (Legacy)
2005-11-06 16:00:00,2005,11,17,16806,44.16,HOEP (Legacy)
2005-11-06 17:00:00,2005,11,18,17805,49.2,HOEP (Legacy)
2005-11-06 18:00:00,2005,11,19,17685,67.48,HOEP (Legacy)
2005-11-06 19:00:00,2005,11,20,17280,47.38,HOEP (Legacy)
2005-11-06 20:00:00,2005,11,21,16869,82.49,HOEP (Legacy)
2005-11-06 21:00:00,2005,11,22,16284,46.23,HOEP (Legacy)
2005-11-06 22:00:00,2005,11,23,15328,40.74,HOEP (Legacy)
2005-11-06 23:00:00,2005,11,24,14451,42.1,HOEP (Legacy)
2005-11-07 00:00:00,2005,11,1,13927,41.63,HOEP (Legacy)
2005-11-07 01:00:00,2005,11,2,13596,31.96,HOEP (Legacy)
2005-11-07 02:00:00,2005,11,3,13408,32.24,HOEP (Legacy)
2005-11-07 03:00:00,2005,11,4,13442,31.28,HOEP (Legacy)
2005-11-07 04:00:00,2005,11,5,13659,34.01,HOEP (Legacy)
2005-11-07 05:00:00,2005,11,6,14123,33.63,HOEP (Legacy)
2005-11-07 06:00:00,2005,11,7,15786,50.79,HOEP (Legacy)
2005-11-07 07:00:00,2005,11,8,17270,45.57,HOEP (Legacy)
2005-11-07 08:00:00,2005,11,9,17958,50.43,HOEP (Legacy)
2005-11-07 09:00:00,2005,11,10,17996,52.31,HOEP (Legacy)
2005-11-07 10:00:00,2005,11,11,18303,120.31,HOEP (Legacy)
2005-11-07 11:00:00,2005,11,12,18389,79.89,HOEP (Legacy)
2005-11-07 12:00:00,2005,11,13,18228,51.05,HOEP (Legacy)
2005-11-07 13:00:00,2005,11,14,18110,53.83,HOEP (Legacy)
2005-11-07 14:00:00,2005,11,15,18082,49.41,HOEP (Legacy)
2005-11-07 15:00:00,2005,11,16,18221,48.51,HOEP (Legacy)
2005-11-07 16:00:00,2005,11,17,18904,70.94,HOEP (Legacy)
2005-11-07 17:00:00,2005,11,18,20020,117.67,HOEP (Legacy)
2005-11-07 18:00:00,2005,11,19,19921,114.95,HOEP (Legacy)
2005-11-07 19:00:00,2005,11,20,19361,105.3,HOEP (Legacy)
2005-11-07 20:00:00,2005,11,21,18724,77.94,HOEP (Legacy)
2005-11-07 21:00:00,2005,11,22,17891,47.65,HOEP (Legacy)
2005-11-07 22:00:00,2005,11,23,16724,38.53,HOEP (Legacy)
2005-11-07 23:00:00,2005,11,24,15454,37.01,HOEP (Legacy)
2005-11-08 00:00:00,2005,11,1,14440,37.58,HOEP (Legacy)
2005-11-08 01:00:00,2005,11,2,14078,33.69,HOEP (Legacy)
2005-11-08 02:00:00,2005,11,3,13729,30.44,HOEP (Legacy)
2005-11-08 03:00:00,2005,11,4,13585,28.52,HOEP (Legacy)
2005-11-08 04:00:00,2005,11,5,13865,22.71,HOEP (Legacy)
2005-11-08 05:00:00,2005,11,6,14440,26.8,HOEP (Legacy)
2005-11-08 06:00:00,2005,11,7,15909,44.12,HOEP (Legacy)
2005-11-08 07:00:00,2005,11,8,17513,62.79,HOEP (Legacy)
2005-11-08 08:00:00,2005,11,9,18251,68.6,HOEP (Legacy)
2005-11-08 09:00:00,2005,11,10,18122,110.67,HOEP (Legacy)
2005-11-08 10:00:00,2005,11,11,18135,52.98,HOEP (Legacy)
2005-11-08 11:00:00,2005,11,12,17952,43.49,HOEP (Legacy)
2005-11-08 12:00:00,2005,11,13,17809,52.09,HOEP (Legacy)
2005-11-08 13:00:00,2005,11,14,17868,45.24,HOEP (Legacy)
2005-11-08 14:00:00,2005,11,15,17755,39.55,HOEP (Legacy)
2005-11-08 15:00:00,2005,11,16,17916,40.48,HOEP (Legacy)
2005-11-08 16:00:00,2005,11,17,18493,53.86,HOEP (Legacy)
2005-11-08 17:00:00,2005,11,18,19793,104.75,HOEP (Legacy)
2005-11-08 18:00:00,2005,11,19,19874,103.75,HOEP (Legacy)
2005-11-08 19:00:00,2005,11,20,19209,65.02,HOEP (Legacy)
2005-11-08 20:00:00,2005,11,21,18728,50.61,HOEP (Legacy)
2005-11-08 21:00:00,2005,11,22,18030,49.5,HOEP (Legacy)
2005-11-08 22:00:00,2005,11,23,16852,42.5,HOEP (Legacy)
2005-11-08 23:00:00,2005,11,24,15577,42.46,HOEP (Legacy)
2005-11-09 00:00:00,2005,11,1,14695,35.83,HOEP (Legacy)
2005-11-09 01:00:00,2005,11,2,14320,39.24,HOEP (Legacy)
2005-11-09 02:00:00,2005,11,3,14094,31.41,HOEP (Legacy)
2005-11-09 03:00:00,2005,11,4,14098,31.06,HOEP (Legacy)
2005-11-09 04:00:00,2005,11,5,14300,33.91,HOEP (Legacy)
2005-11-09 05:00:00,2005,11,6,14936,41.71,HOEP (Legacy)
2005-11-09 06:00:00,2005,11,7,16324,49.82,HOEP (Legacy)
2005-11-09 07:00:00,2005,11,8,18064,107.66,HOEP (Legacy)
2005-11-09 08:00:00,2005,11,9,18878,85.19,HOEP (Legacy)
2005-11-09 09:00:00,2005,11,10,19127,99.52,HOEP (Legacy)
2005-11-09 10:00:00,2005,11,11,19122,74.48,HOEP (Legacy)
2005-11-09 11:00:00,2005,11,12,19394,62.82,HOEP (Legacy)
2005-11-09 12:00:00,2005,11,13,19221,70.75,HOEP (Legacy)
2005-11-09 13:00:00,2005,11,14,19152,72.38,HOEP (Legacy)
2005-11-09 14:00:00,2005,11,15,19040,67.52,HOEP (Legacy)
2005-11-09 15:00:00,2005,11,16,18976,108.0,HOEP (Legacy)
2005-11-09 16:00:00,2005,11,17,19669,98.78,HOEP (Legacy)
2005-11-09 17:00:00,2005,11,18,20234,135.25,HOEP (Legacy)
2005-11-09 18:00:00,2005,11,19,20070,99.72,HOEP (Legacy)
2005-11-09 19:00:00,2005,11,20,19531,89.53,HOEP (Legacy)
2005-11-09 20:00:00,2005,11,21,19065,65.99,HOEP (Legacy)
2005-11-09 21:00:00,2005,11,22,18340,57.85,HOEP (Legacy)
2005-11-09 22:00:00,2005,11,23,17026,43.76,HOEP (Legacy)
2005-11-09 23:00:00,2005,11,24,15732,33.84,HOEP (Legacy)
2005-11-10 00:00:00,2005,11,1,14798,34.04,HOEP (Legacy)
2005-11-10 01:00:00,2005,11,2,14427,31.4,HOEP (Legacy)
2005-11-10 02:00:00,2005,11,3,14146,33.63,HOEP (Legacy)
2005-11-10 03:00:00,2005,11,4,14125,30.96,HOEP (Legacy)
2005-11-10 04:00:00,2005,11,5,14267,31.23,HOEP (Legacy)
2005-11-10 05:00:00,2005,11,6,14799,36.28,HOEP (Legacy)
2005-11-10 06:00:00,2005,11,7,16430,49.89,HOEP (Legacy)
2005-11-10 07:00:00,2005,11,8,18121,54.87,HOEP (Legacy)
2005-11-10 08:00:00,2005,11,9,18561,56.2,HOEP (Legacy)
2005-11-10 09:00:00,2005,11,10,18654,57.43,HOEP (Legacy)
2005-11-10 10:00:00,2005,11,11,18943,62.1,HOEP (Legacy)
2005-11-10 11:00:00,2005,11,12,18924,74.66,HOEP (Legacy)
2005-11-10 12:00:00,2005,11,13,18831,47.4,HOEP (Legacy)
2005-11-10 13:00:00,2005,11,14,18727,46.15,HOEP (Legacy)
2005-11-10 14:00:00,2005,11,15,18683,45.93,HOEP (Legacy)
2005-11-10 15:00:00,2005,11,16,18689,45.32,HOEP (Legacy)
2005-11-10 16:00:00,2005,11,17,19372,44.81,HOEP (Legacy)
2005-11-10 17:00:00,2005,11,18,20349,96.54,HOEP (Legacy)
2005-11-10 18:00:00,2005,11,19,20390,101.5,HOEP (Legacy)
2005-11-10 19:00:00,2005,11,20,19732,81.97,HOEP (Legacy)
2005-11-10 20:00:00,2005,11,21,19252,64.15,HOEP (Legacy)
2005-11-10 21:00:00,2005,11,22,18579,48.64,HOEP (Legacy)
2005-11-10 22:00:00,2005,11,23,17515,49.28,HOEP (Legacy)
2005-11-10 23:00:00,2005,11,24,16128,38.22,HOEP (Legacy)
2005-11-11 00:00:00,2005,11,1,15035,41.44,HOEP (Legacy)
2005-11-11 01:00:00,2005,11,2,14562,36.53,HOEP (Legacy)
2005-11-11 02:00:00,2005,11,3,14382,33.57,HOEP (Legacy)
2005-11-11 03:00:00,2005,11,4,14264,31.48,HOEP (Legacy)
2005-11-11 04:00:00,2005,11,5,14318,32.29,HOEP (Legacy)
2005-11-11 05:00:00,2005,11,6,14949,38.23,HOEP (Legacy)
2005-11-11 06:00:00,2005,11,7,16215,44.31,HOEP (Legacy)
2005-11-11 07:00:00,2005,11,8,17934,53.55,HOEP (Legacy)
2005-11-11 08:00:00,2005,11,9,18224,59.47,HOEP (Legacy)
2005-11-11 09:00:00,2005,11,10,18614,73.39,HOEP (Legacy)
2005-11-11 10:00:00,2005,11,11,18669,67.3,HOEP (Legacy)
2005-11-11 11:00:00,2005,11,12,18433,63.82,HOEP (Legacy)
2005-11-11 12:00:00,2005,11,13,18292,61.69,HOEP (Legacy)
2005-11-11 13:00:00,2005,11,14,18057,49.55,HOEP (Legacy)
2005-11-11 14:00:00,2005,11,15,17881,44.81,HOEP (Legacy)
2005-11-11 15:00:00,2005,11,16,17754,43.98,HOEP (Legacy)
2005-11-11 16:00:00,2005,11,17,18071,47.69,HOEP (Legacy)
2005-11-11 17:00:00,2005,11,18,19307,129.75,HOEP (Legacy)
2005-11-11 18:00:00,2005,11,19,19460,58.15,HOEP (Legacy)
2005-11-11 19:00:00,2005,11,20,18900,99.5,HOEP (Legacy)
2005-11-11 20:00:00,2005,11,21,18638,94.33,HOEP (Legacy)
2005-11-11 21:00:00,2005,11,22,18014,58.53,HOEP (Legacy)
2005-11-11 22:00:00,2005,11,23,17016,46.63,HOEP (Legacy)
2005-11-11 23:00:00,2005,11,24,15562,43.0,HOEP (Legacy)
2005-11-12 00:00:00,2005,11,1,14603,42.16,HOEP (Legacy)
2005-11-12 01:00:00,2005,11,2,14140,39.44,HOEP (Legacy)
2005-11-12 02:00:00,2005,11,3,13866,34.78,HOEP (Legacy)
2005-11-12 03:00:00,2005,11,4,13758,33.35,HOEP (Legacy)
2005-11-12 04:00:00,2005,11,5,13765,31.68,HOEP (Legacy)
2005-11-12 05:00:00,2005,11,6,13967,31.69,HOEP (Legacy)
2005-11-12 06:00:00,2005,11,7,14391,35.11,HOEP (Legacy)
2005-11-12 07:00:00,2005,11,8,15224,41.85,HOEP (Legacy)
2005-11-12 08:00:00,2005,11,9,16012,41.45,HOEP (Legacy)
2005-11-12 09:00:00,2005,11,10,16615,47.24,HOEP (Legacy)
2005-11-12 10:00:00,2005,11,11,16690,45.45,HOEP (Legacy)
2005-11-12 11:00:00,2005,11,12,16690,44.82,HOEP (Legacy)
2005-11-12 12:00:00,2005,11,13,16282,44.1,HOEP (Legacy)
2005-11-12 13:00:00,2005,11,14,16085,36.55,HOEP (Legacy)
2005-11-12 14:00:00,2005,11,15,15729,26.88,HOEP (Legacy)
2005-11-12 15:00:00,2005,11,16,15749,13.58,HOEP (Legacy)
2005-11-12 16:00:00,2005,11,17,16254,28.36,HOEP (Legacy)
2005-11-12 17:00:00,2005,11,18,17777,43.25,HOEP (Legacy)
2005-11-12 18:00:00,2005,11,19,17553,46.42,HOEP (Legacy)
2005-11-12 19:00:00,2005,11,20,16943,44.37,HOEP (Legacy)
2005-11-12 20:00:00,2005,11,21,16503,42.64,HOEP (Legacy)
2005-11-12 21:00:00,2005,11,22,15996,41.18,HOEP (Legacy)
2005-11-12 22:00:00,2005,11,23,15238,40.48,HOEP (Legacy)
2005-11-12 23:00:00,2005,11,24,14370,40.98,HOEP (Legacy)
2005-11-13 00:00:00,2005,11,1,13582,36.05,HOEP (Legacy)
2005-11-13 01:00:00,2005,11,2,13034,34.02,HOEP (Legacy)
2005-11-13 02:00:00,2005,11,3,12770,30.32,HOEP (Legacy)
2005-11-13 03:00:00,2005,11,4,12737,34.72,HOEP (Legacy)
2005-11-13 04:00:00,2005,11,5,12797,35.66,HOEP (Legacy)
2005-11-13 05:00:00,2005,11,6,12917,36.0,HOEP (Legacy)
2005-11-13 06:00:00,2005,11,7,13136,31.94,HOEP (Legacy)
2005-11-13 07:00:00,2005,11,8,13524,14.34,HOEP (Legacy)
2005-11-13 08:00:00,2005,11,9,14306,16.59,HOEP (Legacy)
2005-11-13 09:00:00,2005,11,10,15143,34.01,HOEP (Legacy)
2005-11-13 10:00:00,2005,11,11,15520,42.73,HOEP (Legacy)
2005-11-13 11:00:00,2005,11,12,15933,44.98,HOEP (Legacy)
2005-11-13 12:00:00,2005,11,13,15927,43.15,HOEP (Legacy)
2005-11-13 13:00:00,2005,11,14,15801,40.62,HOEP (Legacy)
2005-11-13 14:00:00,2005,11,15,15695,34.89,HOEP (Legacy)
2005-11-13 15:00:00,2005,11,16,15799,35.54,HOEP (Legacy)
2005-11-13 16:00:00,2005,11,17,16489,36.0,HOEP (Legacy)
2005-11-13 17:00:00,2005,11,18,17959,73.12,HOEP (Legacy)
2005-11-13 18:00:00,2005,11,19,17723,47.5,HOEP (Legacy)
2005-11-13 19:00:00,2005,11,20,17181,45.68,HOEP (Legacy)
2005-11-13 20:00:00,2005,11,21,16761,45.66,HOEP (Legacy)
2005-11-13 21:00:00,2005,11,22,16198,42.59,HOEP (Legacy)
2005-11-13 22:00:00,2005,11,23,15413,35.05,HOEP (Legacy)
2005-11-13 23:00:00,2005,11,24,14454,33.73,HOEP (Legacy)
2005-11-14 00:00:00,2005,11,1,13899,34.54,HOEP (Legacy)
2005-11-14 01:00:00,2005,11,2,13596,33.59,HOEP (Legacy)
2005-11-14 02:00:00,2005,11,3,13437,32.56,HOEP (Legacy)
2005-11-14 03:00:00,2005,11,4,13389,30.32,HOEP (Legacy)
2005-11-14 04:00:00,2005,11,5,13557,20.62,HOEP (Legacy)
2005-11-14 05:00:00,2005,11,6,14141,31.05,HOEP (Legacy)
2005-11-14 06:00:00,2005,11,7,15733,45.66,HOEP (Legacy)
2005-11-14 07:00:00,2005,11,8,17425,43.39,HOEP (Legacy)
2005-11-14 08:00:00,2005,11,9,18090,46.14,HOEP (Legacy)
2005-11-14 09:00:00,2005,11,10,18323,48.65,HOEP (Legacy)
2005-11-14 10:00:00,2005,11,11,18372,58.75,HOEP (Legacy)
2005-11-14 11:00:00,2005,11,12,18347,53.49,HOEP (Legacy)
2005-11-14 12:00:00,2005,11,13,18244,57.34,HOEP (Legacy)
2005-11-14 13:00:00,2005,11,14,18253,58.84,HOEP (Legacy)
2005-11-14 14:00:00,2005,11,15,17980,49.33,HOEP (Legacy)
2005-11-14 15:00:00,2005,11,16,18124,44.92,HOEP (Legacy)
2005-11-14 16:00:00,2005,11,17,18894,47.11,HOEP (Legacy)
2005-11-14 17:00:00,2005,11,18,20081,54.29,HOEP (Legacy)
2005-11-14 18:00:00,2005,11,19,20010,50.77,HOEP (Legacy)
2005-11-14 19:00:00,2005,11,20,19521,53.84,HOEP (Legacy)
2005-11-14 20:00:00,2005,11,21,19021,46.49,HOEP (Legacy)
2005-11-14 21:00:00,2005,11,22,18227,43.5,HOEP (Legacy)
2005-11-14 22:00:00,2005,11,23,17040,38.56,HOEP (Legacy)
2005-11-14 23:00:00,2005,11,24,15660,36.06,HOEP (Legacy)
2005-11-15 00:00:00,2005,11,1,14820,42.12,HOEP (Legacy)
2005-11-15 01:00:00,2005,11,2,14256,36.31,HOEP (Legacy)
2005-11-15 02:00:00,2005,11,3,13899,33.94,HOEP (Legacy)
2005-11-15 03:00:00,2005,11,4,13793,33.13,HOEP (Legacy)
2005-11-15 04:00:00,2005,11,5,13995,35.09,HOEP (Legacy)
2005-11-15 05:00:00,2005,11,6,14634,30.87,HOEP (Legacy)
2005-11-15 06:00:00,2005,11,7,16142,39.37,HOEP (Legacy)
2005-11-15 07:00:00,2005,11,8,18072,67.6,HOEP (Legacy)
2005-11-15 08:00:00,2005,11,9,18702,65.84,HOEP (Legacy)
2005-11-15 09:00:00,2005,11,10,19028,147.46,HOEP (Legacy)
2005-11-15 10:00:00,2005,11,11,19261,163.82,HOEP (Legacy)
2005-11-15 11:00:00,2005,11,12,19347,55.16,HOEP (Legacy)
2005-11-15 12:00:00,2005,11,13,19398,55.47,HOEP (Legacy)
2005-11-15 13:00:00,2005,11,14,19375,69.08,HOEP (Legacy)
2005-11-15 14:00:00,2005,11,15,19290,58.54,HOEP (Legacy)
2005-11-15 15:00:00,2005,11,16,19361,50.24,HOEP (Legacy)
2005-11-15 16:00:00,2005,11,17,20031,76.7,HOEP (Legacy)
2005-11-15 17:00:00,2005,11,18,20981,124.66,HOEP (Legacy)
2005-11-15 18:00:00,2005,11,19,20628,123.25,HOEP (Legacy)
2005-11-15 19:00:00,2005,11,20,19855,122.9,HOEP (Legacy)
2005-11-15 20:00:00,2005,11,21,19362,93.31,HOEP (Legacy)
2005-11-15 21:00:00,2005,11,22,18532,49.77,HOEP (Legacy)
2005-11-15 22:00:00,2005,11,23,17414,44.54,HOEP (Legacy)
2005-11-15 23:00:00,2005,11,24,16095,45.37,HOEP (Legacy)
2005-11-16 00:00:00,2005,11,1,15069,43.7,HOEP (Legacy)
2005-11-16 01:00:00,2005,11,2,14502,38.48,HOEP (Legacy)
2005-11-16 02:00:00,2005,11,3,14138,34.52,HOEP (Legacy)
2005-11-16 03:00:00,2005,11,4,14059,31.67,HOEP (Legacy)
2005-11-16 04:00:00,2005,11,5,13991,29.18,HOEP (Legacy)
2005-11-16 05:00:00,2005,11,6,14357,20.28,HOEP (Legacy)
2005-11-16 06:00:00,2005,11,7,15894,39.61,HOEP (Legacy)
2005-11-16 07:00:00,2005,11,8,17575,43.18,HOEP (Legacy)
2005-11-16 08:00:00,2005,11,9,18302,48.28,HOEP (Legacy)
2005-11-16 09:00:00,2005,11,10,18455,53.49,HOEP (Legacy)
2005-11-16 10:00:00,2005,11,11,18713,96.6,HOEP (Legacy)
2005-11-16 11:00:00,2005,11,12,18734,180.18,HOEP (Legacy)
2005-11-16 12:00:00,2005,11,13,18592,55.89,HOEP (Legacy)
2005-11-16 13:00:00,2005,11,14,18603,46.86,HOEP (Legacy)
2005-11-16 14:00:00,2005,11,15,18748,54.92,HOEP (Legacy)
2005-11-16 15:00:00,2005,11,16,18919,49.42,HOEP (Legacy)
2005-11-16 16:00:00,2005,11,17,19722,74.42,HOEP (Legacy)
2005-11-16 17:00:00,2005,11,18,20818,123.07,HOEP (Legacy)
2005-11-16 18:00:00,2005,11,19,20472,86.78,HOEP (Legacy)
2005-11-16 19:00:00,2005,11,20,19984,68.25,HOEP (Legacy)
2005-11-16 20:00:00,2005,11,21,19562,86.26,HOEP (Legacy)
2005-11-16 21:00:00,2005,11,22,18684,68.42,HOEP (Legacy)
2005-11-16 22:00:00,2005,11,23,17714,47.23,HOEP (Legacy)
2005-11-16 23:00:00,2005,11,24,16392,47.82,HOEP (Legacy)
2005-11-17 00:00:00,2005,11,1,15388,38.73,HOEP (Legacy)
2005-11-17 01:00:00,2005,11,2,14950,37.82,HOEP (Legacy)
2005-11-17 02:00:00,2005,11,3,14769,34.02,HOEP (Legacy)
2005-11-17 03:00:00,2005,11,4,14634,34.15,HOEP (Legacy)
2005-11-17 04:00:00,2005,11,5,14820,33.62,HOEP (Legacy)
2005-11-17 05:00:00,2005,11,6,15263,39.4,HOEP (Legacy)
2005-11-17 06:00:00,2005,11,7,16809,43.99,HOEP (Legacy)
2005-11-17 07:00:00,2005,11,8,18538,53.58,HOEP (Legacy)
2005-11-17 08:00:00,2005,11,9,19223,55.8,HOEP (Legacy)
2005-11-17 09:00:00,2005,11,10,19258,58.49,HOEP (Legacy)
2005-11-17 10:00:00,2005,11,11,19430,52.44,HOEP (Legacy)
2005-11-17 11:00:00,2005,11,12,19267,48.07,HOEP (Legacy)
2005-11-17 12:00:00,2005,11,13,19243,60.76,HOEP (Legacy)
2005-11-17 13:00:00,2005,11,14,19223,84.74,HOEP (Legacy)
2005-11-17 14:00:00,2005,11,15,19165,53.94,HOEP (Legacy)
2005-11-17 15:00:00,2005,11,16,19347,45.57,HOEP (Legacy)
2005-11-17 16:00:00,2005,11,17,20098,46.25,HOEP (Legacy)
2005-11-17 17:00:00,2005,11,18,21279,96.34,HOEP (Legacy)
2005-11-17 18:00:00,2005,11,19,21182,69.88,HOEP (Legacy)
2005-11-17 19:00:00,2005,11,20,20605,95.35,HOEP (Legacy)
2005-11-17 20:00:00,2005,11,21,20200,136.81,HOEP (Legacy)
2005-11-17 21:00:00,2005,11,22,19446,62.21,HOEP (Legacy)
2005-11-17 22:00:00,2005,11,23,18154,41.26,HOEP (Legacy)
2005-11-17 23:00:00,2005,11,24,16981,45.97,HOEP (Legacy)
2005-11-18 00:00:00,2005,11,1,15978,46.01,HOEP (Legacy)
2005-11-18 01:00:00,2005,11,2,15515,46.92,HOEP (Legacy)
2005-11-18 02:00:00,2005,11,3,15262,44.15,HOEP (Legacy)
2005-11-18 03:00:00,2005,11,4,15219,45.65,HOEP (Legacy)
2005-11-18 04:00:00,2005,11,5,15474,47.13,HOEP (Legacy)
2005-11-18 05:00:00,2005,11,6,16053,47.97,HOEP (Legacy)
2005-11-18 06:00:00,2005,11,7,17426,87.54,HOEP (Legacy)
2005-11-18 07:00:00,2005,11,8,19139,104.82,HOEP (Legacy)
2005-11-18 08:00:00,2005,11,9,19752,118.56,HOEP (Legacy)
2005-11-18 09:00:00,2005,11,10,19795,112.7,HOEP (Legacy)
2005-11-18 10:00:00,2005,11,11,19818,124.33,HOEP (Legacy)
2005-11-18 11:00:00,2005,11,12,19949,98.99,HOEP (Legacy)
2005-11-18 12:00:00,2005,11,13,19863,97.23,HOEP (Legacy)
2005-11-18 13:00:00,2005,11,14,19745,98.36,HOEP (Legacy)
2005-11-18 14:00:00,2005,11,15,19701,66.19,HOEP (Legacy)
2005-11-18 15:00:00,2005,11,16,19743,46.58,HOEP (Legacy)
2005-11-18 16:00:00,2005,11,17,20198,47.96,HOEP (Legacy)
2005-11-18 17:00:00,2005,11,18,21178,94.13,HOEP (Legacy)
2005-11-18 18:00:00,2005,11,19,20876,77.14,HOEP (Legacy)
2005-11-18 19:00:00,2005,11,20,20399,57.59,HOEP (Legacy)
2005-11-18 20:00:00,2005,11,21,19784,53.66,HOEP (Legacy)
2005-11-18 21:00:00,2005,11,22,19073,69.74,HOEP (Legacy)
2005-11-18 22:00:00,2005,11,23,17976,40.97,HOEP (Legacy)
2005-11-18 23:00:00,2005,11,24,16624,64.81,HOEP (Legacy)
2005-11-19 00:00:00,2005,11,1,15572,49.28,HOEP (Legacy)
2005-11-19 01:00:00,2005,11,2,14917,39.6,HOEP (Legacy)
2005-11-19 02:00:00,2005,11,3,14691,40.26,HOEP (Legacy)
2005-11-19 03:00:00,2005,11,4,14525,35.37,HOEP (Legacy)
2005-11-19 04:00:00,2005,11,5,14515,35.56,HOEP (Legacy)
2005-11-19 05:00:00,2005,11,6,14615,35.77,HOEP (Legacy)
2005-11-19 06:00:00,2005,11,7,15112,35.94,HOEP (Legacy)
2005-11-19 07:00:00,2005,11,8,15931,39.91,HOEP (Legacy)
2005-11-19 08:00:00,2005,11,9,16813,50.73,HOEP (Legacy)
2005-11-19 09:00:00,2005,11,10,17477,54.18,HOEP (Legacy)
2005-11-19 10:00:00,2005,11,11,17627,46.39,HOEP (Legacy)
2005-11-19 11:00:00,2005,11,12,17610,45.19,HOEP (Legacy)
2005-11-19 12:00:00,2005,11,13,17310,41.83,HOEP (Legacy)
2005-11-19 13:00:00,2005,11,14,16883,41.4,HOEP (Legacy)
2005-11-19 14:00:00,2005,11,15,16628,34.48,HOEP (Legacy)
2005-11-19 15:00:00,2005,11,16,16672,39.66,HOEP (Legacy)
2005-11-19 16:00:00,2005,11,17,17170,36.49,HOEP (Legacy)
2005-11-19 17:00:00,2005,11,18,18508,45.78,HOEP (Legacy)
2005-11-19 18:00:00,2005,11,19,18390,49.12,HOEP (Legacy)
2005-11-19 19:00:00,2005,11,20,17676,45.65,HOEP (Legacy)
2005-11-19 20:00:00,2005,11,21,17282,49.22,HOEP (Legacy)
2005-11-19 21:00:00,2005,11,22,16825,43.28,HOEP (Legacy)
2005-11-19 22:00:00,2005,11,23,16056,39.03,HOEP (Legacy)
2005-11-19 23:00:00,2005,11,24,15180,32.75,HOEP (Legacy)
2005-11-20 00:00:00,2005,11,1,14297,34.89,HOEP (Legacy)
2005-11-20 01:00:00,2005,11,2,13750,34.92,HOEP (Legacy)
2005-11-20 02:00:00,2005,11,3,13433,34.36,HOEP (Legacy)
2005-11-20 03:00:00,2005,11,4,13285,28.77,HOEP (Legacy)
2005-11-20 04:00:00,2005,11,5,13309,27.59,HOEP (Legacy)
2005-11-20 05:00:00,2005,11,6,13493,32.42,HOEP (Legacy)
2005-11-20 06:00:00,2005,11,7,13938,31.64,HOEP (Legacy)
2005-11-20 07:00:00,2005,11,8,14380,36.43,HOEP (Legacy)
2005-11-20 08:00:00,2005,11,9,15013,28.34,HOEP (Legacy)
2005-11-20 09:00:00,2005,11,10,15748,32.69,HOEP (Legacy)
2005-11-20 10:00:00,2005,11,11,16230,40.63,HOEP (Legacy)
2005-11-20 11:00:00,2005,11,12,16373,41.32,HOEP (Legacy)
2005-11-20 12:00:00,2005,11,13,16420,44.02,HOEP (Legacy)
2005-11-20 13:00:00,2005,11,14,16298,43.25,HOEP (Legacy)
2005-11-20 14:00:00,2005,11,15,16039,37.3,HOEP (Legacy)
2005-11-20 15:00:00,2005,11,16,16232,33.15,HOEP (Legacy)
2005-11-20 16:00:00,2005,11,17,17198,35.33,HOEP (Legacy)
2005-11-20 17:00:00,2005,11,18,18514,57.44,HOEP (Legacy)
2005-11-20 18:00:00,2005,11,19,18475,56.9,HOEP (Legacy)
2005-11-20 19:00:00,2005,11,20,18024,45.2,HOEP (Legacy)
2005-11-20 20:00:00,2005,11,21,17655,43.23,HOEP (Legacy)
2005-11-20 21:00:00,2005,11,22,17011,42.79,HOEP (Legacy)
2005-11-20 22:00:00,2005,11,23,15953,38.05,HOEP (Legacy)
2005-11-20 23:00:00,2005,11,24,15051,35.17,HOEP (Legacy)
2005-11-21 00:00:00,2005,11,1,14444,37.92,HOEP (Legacy)
2005-11-21 01:00:00,2005,11,2,14106,33.31,HOEP (Legacy)
2005-11-21 02:00:00,2005,11,3,13699,32.14,HOEP (Legacy)
2005-11-21 03:00:00,2005,11,4,13762,32.03,HOEP (Legacy)
2005-11-21 04:00:00,2005,11,5,14062,30.17,HOEP (Legacy)
2005-11-21 05:00:00,2005,11,6,14572,18.4,HOEP (Legacy)
2005-11-21 06:00:00,2005,11,7,16113,36.68,HOEP (Legacy)
2005-11-21 07:00:00,2005,11,8,17882,43.88,HOEP (Legacy)
2005-11-21 08:00:00,2005,11,9,18615,66.59,HOEP (Legacy)
2005-11-21 09:00:00,2005,11,10,18787,65.88,HOEP (Legacy)
2005-11-21 10:00:00,2005,11,11,19085,64.86,HOEP (Legacy)
2005-11-21 11:00:00,2005,11,12,19164,61.8,HOEP (Legacy)
2005-11-21 12:00:00,2005,11,13,19030,60.55,HOEP (Legacy)
2005-11-21 13:00:00,2005,11,14,19016,58.29,HOEP (Legacy)
2005-11-21 14:00:00,2005,11,15,19105,58.33,HOEP (Legacy)
2005-11-21 15:00:00,2005,11,16,19264,52.04,HOEP (Legacy)
2005-11-21 16:00:00,2005,11,17,20080,58.84,HOEP (Legacy)
2005-11-21 17:00:00,2005,11,18,21038,73.47,HOEP (Legacy)
2005-11-21 18:00:00,2005,11,19,20701,61.86,HOEP (Legacy)
2005-11-21 19:00:00,2005,11,20,20115,54.02,HOEP (Legacy)
2005-11-21 20:00:00,2005,11,21,19546,65.92,HOEP (Legacy)
2005-11-21 21:00:00,2005,11,22,18682,89.46,HOEP (Legacy)
2005-11-21 22:00:00,2005,11,23,17379,39.15,HOEP (Legacy)
2005-11-21 23:00:00,2005,11,24,16053,31.77,HOEP (Legacy)
2005-11-22 00:00:00,2005,11,1,14981,35.12,HOEP (Legacy)
2005-11-22 01:00:00,2005,11,2,14541,35.34,HOEP (Legacy)
2005-11-22 02:00:00,2005,11,3,14366,35.03,HOEP (Legacy)
2005-11-22 03:00:00,2005,11,4,14294,34.58,HOEP (Legacy)
2005-11-22 04:00:00,2005,11,5,14509,32.35,HOEP (Legacy)
2005-11-22 05:00:00,2005,11,6,15111,26.75,HOEP (Legacy)
2005-11-22 06:00:00,2005,11,7,16683,46.54,HOEP (Legacy)
2005-11-22 07:00:00,2005,11,8,18530,71.25,HOEP (Legacy)
2005-11-22 08:00:00,2005,11,9,19076,95.9,HOEP (Legacy)
2005-11-22 09:00:00,2005,11,10,19128,144.85,HOEP (Legacy)
2005-11-22 10:00:00,2005,11,11,19267,184.41,HOEP (Legacy)
2005-11-22 11:00:00,2005,11,12,19366,75.1,HOEP (Legacy)
2005-11-22 12:00:00,2005,11,13,19227,61.51,HOEP (Legacy)
2005-11-22 13:00:00,2005,11,14,19170,57.64,HOEP (Legacy)
2005-11-22 14:00:00,2005,11,15,19217,60.82,HOEP (Legacy)
2005-11-22 15:00:00,2005,11,16,19504,55.57,HOEP (Legacy)
2005-11-22 16:00:00,2005,11,17,20435,84.45,HOEP (Legacy)
2005-11-22 17:00:00,2005,11,18,21811,146.78,HOEP (Legacy)
2005-11-22 18:00:00,2005,11,19,21740,146.05,HOEP (Legacy)
2005-11-22 19:00:00,2005,11,20,21298,102.28,HOEP (Legacy)
2005-11-22 20:00:00,2005,11,21,20823,64.15,HOEP (Legacy)
2005-11-22 21:00:00,2005,11,22,19974,60.97,HOEP (Legacy)
2005-11-22 22:00:00,2005,11,23,18750,52.67,HOEP (Legacy)
2005-11-22 23:00:00,2005,11,24,17345,65.49,HOEP (Legacy)
2005-11-23 00:00:00,2005,11,1,16395,79.32,HOEP (Legacy)
2005-11-23 01:00:00,2005,11,2,15947,72.13,HOEP (Legacy)
2005-11-23 02:00:00,2005,11,3,15942,50.03,HOEP (Legacy)
2005-11-23 03:00:00,2005,11,4,15883,50.24,HOEP (Legacy)
2005-11-23 04:00:00,2005,11,5,16111,45.11,HOEP (Legacy)
2005-11-23 05:00:00,2005,11,6,16461,45.47,HOEP (Legacy)
2005-11-23 06:00:00,2005,11,7,17933,72.84,HOEP (Legacy)
2005-11-23 07:00:00,2005,11,8,19624,76.14,HOEP (Legacy)
2005-11-23 08:00:00,2005,11,9,20111,92.27,HOEP (Legacy)
2005-11-23 09:00:00,2005,11,10,19959,61.85,HOEP (Legacy)
2005-11-23 10:00:00,2005,11,11,19982,61.15,HOEP (Legacy)
2005-11-23 11:00:00,2005,11,12,19825,87.26,HOEP (Legacy)
2005-11-23 12:00:00,2005,11,13,19605,55.2,HOEP (Legacy)
2005-11-23 13:00:00,2005,11,14,19516,58.47,HOEP (Legacy)
2005-11-23 14:00:00,2005,11,15,19371,100.56,HOEP (Legacy)
2005-11-23 15:00:00,2005,11,16,19586,69.28,HOEP (Legacy)
2005-11-23 16:00:00,2005,11,17,20438,94.84,HOEP (Legacy)
2005-11-23 17:00:00,2005,11,18,21765,144.18,HOEP (Legacy)
2005-11-23 18:00:00,2005,11,19,21584,142.14,HOEP (Legacy)
2005-11-23 19:00:00,2005,11,20,21223,138.45,HOEP (Legacy)
2005-11-23 20:00:00,2005,11,21,20828,123.31,HOEP (Legacy)
2005-11-23 21:00:00,2005,11,22,20053,101.25,HOEP (Legacy)
2005-11-23 22:00:00,2005,11,23,18550,52.22,HOEP (Legacy)
2005-11-23 23:00:00,2005,11,24,17312,58.56,HOEP (Legacy)
2005-11-24 00:00:00,2005,11,1,16397,65.92,HOEP (Legacy)
2005-11-24 01:00:00,2005,11,2,15893,63.79,HOEP (Legacy)
2005-11-24 02:00:00,2005,11,3,15767,55.15,HOEP (Legacy)
2005-11-24 03:00:00,2005,11,4,15643,57.18,HOEP (Legacy)
2005-11-24 04:00:00,2005,11,5,15811,55.11,HOEP (Legacy)
2005-11-24 05:00:00,2005,11,6,16217,44.23,HOEP (Legacy)
2005-11-24 06:00:00,2005,11,7,17633,46.07,HOEP (Legacy)
2005-11-24 07:00:00,2005,11,8,19387,50.01,HOEP (Legacy)
2005-11-24 08:00:00,2005,11,9,19867,124.58,HOEP (Legacy)
2005-11-24 09:00:00,2005,11,10,20105,111.07,HOEP (Legacy)
2005-11-24 10:00:00,2005,11,11,20286,147.68,HOEP (Legacy)
2005-11-24 11:00:00,2005,11,12,20426,138.5,HOEP (Legacy)
2005-11-24 12:00:00,2005,11,13,20342,104.31,HOEP (Legacy)
2005-11-24 13:00:00,2005,11,14,20333,91.51,HOEP (Legacy)
2005-11-24 14:00:00,2005,11,15,20396,56.9,HOEP (Legacy)
2005-11-24 15:00:00,2005,11,16,20501,48.07,HOEP (Legacy)
2005-11-24 16:00:00,2005,11,17,21260,57.89,HOEP (Legacy)
2005-11-24 17:00:00,2005,11,18,22564,88.74,HOEP (Legacy)
2005-11-24 18:00:00,2005,11,19,22434,74.15,HOEP (Legacy)
2005-11-24 19:00:00,2005,11,20,21952,100.64,HOEP (Legacy)
2005-11-24 20:00:00,2005,11,21,21591,106.35,HOEP (Legacy)
2005-11-24 21:00:00,2005,11,22,20807,64.71,HOEP (Legacy)
2005-11-24 22:00:00,2005,11,23,19550,54.92,HOEP (Legacy)
2005-11-24 23:00:00,2005,11,24,18230,76.24,HOEP (Legacy)
2005-11-25 00:00:00,2005,11,1,17210,78.67,HOEP (Legacy)
2005-11-25 01:00:00,2005,11,2,16773,46.74,HOEP (Legacy)
2005-11-25 02:00:00,2005,11,3,16605,48.17,HOEP (Legacy)
2005-11-25 03:00:00,2005,11,4,16551,43.57,HOEP (Legacy)
2005-11-25 04:00:00,2005,11,5,16581,53.9,HOEP (Legacy)
2005-11-25 05:00:00,2005,11,6,16949,41.21,HOEP (Legacy)
2005-11-25 06:00:00,2005,11,7,18467,50.35,HOEP (Legacy)
2005-11-25 07:00:00,2005,11,8,20066,49.1,HOEP (Legacy)
2005-11-25 08:00:00,2005,11,9,20380,52.28,HOEP (Legacy)
2005-11-25 09:00:00,2005,11,10,20387,58.29,HOEP (Legacy)
2005-11-25 10:00:00,2005,11,11,20333,91.82,HOEP (Legacy)
2005-11-25 11:00:00,2005,11,12,20155,49.46,HOEP (Legacy)
2005-11-25 12:00:00,2005,11,13,19792,53.47,HOEP (Legacy)
2005-11-25 13:00:00,2005,11,14,19725,53.84,HOEP (Legacy)
2005-11-25 14:00:00,2005,11,15,19668,87.79,HOEP (Legacy)
2005-11-25 15:00:00,2005,11,16,19594,43.88,HOEP (Legacy)
2005-11-25 16:00:00,2005,11,17,20316,56.58,HOEP (Legacy)
2005-11-25 17:00:00,2005,11,18,21653,142.09,HOEP (Legacy)
2005-11-25 18:00:00,2005,11,19,21406,120.98,HOEP (Legacy)
2005-11-25 19:00:00,2005,11,20,20829,102.76,HOEP (Legacy)
2005-11-25 20:00:00,2005,11,21,20228,70.33,HOEP (Legacy)
2005-11-25 21:00:00,2005,11,22,19500,57.69,HOEP (Legacy)
2005-11-25 22:00:00,2005,11,23,18510,47.75,HOEP (Legacy)
2005-11-25 23:00:00,2005,11,24,17220,51.77,HOEP (Legacy)
2005-11-26 00:00:00,2005,11,1,16127,77.02,HOEP (Legacy)
2005-11-26 01:00:00,2005,11,2,15681,80.12,HOEP (Legacy)
2005-11-26 02:00:00,2005,11,3,15434,53.79,HOEP (Legacy)
2005-11-26 03:00:00,2005,11,4,15256,55.99,HOEP (Legacy)
2005-11-26 04:00:00,2005,11,5,15277,42.75,HOEP (Legacy)
2005-11-26 05:00:00,2005,11,6,15437,55.17,HOEP (Legacy)
2005-11-26 06:00:00,2005,11,7,15945,44.02,HOEP (Legacy)
2005-11-26 07:00:00,2005,11,8,16943,49.14,HOEP (Legacy)
2005-11-26 08:00:00,2005,11,9,17866,86.65,HOEP (Legacy)
2005-11-26 09:00:00,2005,11,10,18455,56.94,HOEP (Legacy)
2005-11-26 10:00:00,2005,11,11,18590,103.34,HOEP (Legacy)
2005-11-26 11:00:00,2005,11,12,18625,129.57,HOEP (Legacy)
2005-11-26 12:00:00,2005,11,13,18369,50.49,HOEP (Legacy)
2005-11-26 13:00:00,2005,11,14,18121,45.32,HOEP (Legacy)
2005-11-26 14:00:00,2005,11,15,17894,52.87,HOEP (Legacy)
2005-11-26 15:00:00,2005,11,16,18022,44.52,HOEP (Legacy)
2005-11-26 16:00:00,2005,11,17,18603,66.58,HOEP (Legacy)
2005-11-26 17:00:00,2005,11,18,19966,133.48,HOEP (Legacy)
2005-11-26 18:00:00,2005,11,19,19449,114.4,HOEP (Legacy)
2005-11-26 19:00:00,2005,11,20,18831,56.76,HOEP (Legacy)
2005-11-26 20:00:00,2005,11,21,18287,56.03,HOEP (Legacy)
2005-11-26 21:00:00,2005,11,22,17810,47.65,HOEP (Legacy)
2005-11-26 22:00:00,2005,11,23,17114,54.04,HOEP (Legacy)
2005-11-26 23:00:00,2005,11,24,15970,40.94,HOEP (Legacy)
2005-11-27 00:00:00,2005,11,1,15018,36.04,HOEP (Legacy)
2005-11-27 01:00:00,2005,11,2,14539,37.27,HOEP (Legacy)
2005-11-27 02:00:00,2005,11,3,14347,39.87,HOEP (Legacy)
2005-11-27 03:00:00,2005,11,4,14424,41.09,HOEP (Legacy)
2005-11-27 04:00:00,2005,11,5,14213,41.09,HOEP (Legacy)
2005-11-27 05:00:00,2005,11,6,14390,42.33,HOEP (Legacy)
2005-11-27 06:00:00,2005,11,7,14790,41.53,HOEP (Legacy)
2005-11-27 07:00:00,2005,11,8,15331,37.58,HOEP (Legacy)
2005-11-27 08:00:00,2005,11,9,16029,37.19,HOEP (Legacy)
2005-11-27 09:00:00,2005,11,10,17042,43.03,HOEP (Legacy)
2005-11-27 10:00:00,2005,11,11,17531,47.96,HOEP (Legacy)
2005-11-27 11:00:00,2005,11,12,17669,63.37,HOEP (Legacy)
2005-11-27 12:00:00,2005,11,13,17745,71.32,HOEP (Legacy)
2005-11-27 13:00:00,2005,11,14,17694,45.25,HOEP (Legacy)
2005-11-27 14:00:00,2005,11,15,17658,44.86,HOEP (Legacy)
2005-11-27 15:00:00,2005,11,16,17723,42.08,HOEP (Legacy)
2005-11-27 16:00:00,2005,11,17,18504,42.17,HOEP (Legacy)
2005-11-27 17:00:00,2005,11,18,20021,61.5,HOEP (Legacy)
2005-11-27 18:00:00,2005,11,19,19391,60.72,HOEP (Legacy)
2005-11-27 19:00:00,2005,11,20,18941,41.87,HOEP (Legacy)
2005-11-27 20:00:00,2005,11,21,18572,50.13,HOEP (Legacy)
2005-11-27 21:00:00,2005,11,22,18053,76.72,HOEP (Legacy)
2005-11-27 22:00:00,2005,11,23,17089,52.08,HOEP (Legacy)
2005-11-27 23:00:00,2005,11,24,16014,42.37,HOEP (Legacy)
2005-11-28 00:00:00,2005,11,1,15048,42.39,HOEP (Legacy)
2005-11-28 01:00:00,2005,11,2,14674,48.66,HOEP (Legacy)
2005-11-28 02:00:00,2005,11,3,14626,50.24,HOEP (Legacy)
2005-11-28 03:00:00,2005,11,4,14546,44.99,HOEP (Legacy)
2005-11-28 04:00:00,2005,11,5,14746,42.7,HOEP (Legacy)
2005-11-28 05:00:00,2005,11,6,15118,40.7,HOEP (Legacy)
2005-11-28 06:00:00,2005,11,7,16709,46.37,HOEP (Legacy)
2005-11-28 07:00:00,2005,11,8,18455,52.29,HOEP (Legacy)
2005-11-28 08:00:00,2005,11,9,19025,54.54,HOEP (Legacy)
2005-11-28 09:00:00,2005,11,10,19048,86.53,HOEP (Legacy)
2005-11-28 10:00:00,2005,11,11,19281,71.49,HOEP (Legacy)
2005-11-28 11:00:00,2005,11,12,19255,81.27,HOEP (Legacy)
2005-11-28 12:00:00,2005,11,13,18955,57.98,HOEP (Legacy)
2005-11-28 13:00:00,2005,11,14,18748,44.62,HOEP (Legacy)
2005-11-28 14:00:00,2005,11,15,18878,55.51,HOEP (Legacy)
2005-11-28 15:00:00,2005,11,16,19019,45.82,HOEP (Legacy)
2005-11-28 16:00:00,2005,11,17,20077,61.26,HOEP (Legacy)
2005-11-28 17:00:00,2005,11,18,21119,89.03,HOEP (Legacy)
2005-11-28 18:00:00,2005,11,19,20753,80.63,HOEP (Legacy)
2005-11-28 19:00:00,2005,11,20,20069,78.57,HOEP (Legacy)
2005-11-28 20:00:00,2005,11,21,19484,52.3,HOEP (Legacy)
2005-11-28 21:00:00,2005,11,22,18697,46.13,HOEP (Legacy)
2005-11-28 22:00:00,2005,11,23,17285,41.45,HOEP (Legacy)
2005-11-28 23:00:00,2005,11,24,15804,36.74,HOEP (Legacy)
2005-11-29 00:00:00,2005,11,1,14855,35.83,HOEP (Legacy)
2005-11-29 01:00:00,2005,11,2,14420,34.75,HOEP (Legacy)
2005-11-29 02:00:00,2005,11,3,14143,30.7,HOEP (Legacy)
2005-11-29 03:00:00,2005,11,4,14003,30.8,HOEP (Legacy)
2005-11-29 04:00:00,2005,11,5,14086,33.62,HOEP (Legacy)
2005-11-29 05:00:00,2005,11,6,14425,32.78,HOEP (Legacy)
2005-11-29 06:00:00,2005,11,7,15938,40.17,HOEP (Legacy)
2005-11-29 07:00:00,2005,11,8,17865,47.14,HOEP (Legacy)
2005-11-29 08:00:00,2005,11,9,18606,55.46,HOEP (Legacy)
2005-11-29 09:00:00,2005,11,10,18676,46.73,HOEP (Legacy)
2005-11-29 10:00:00,2005,11,11,18962,64.77,HOEP (Legacy)
2005-11-29 11:00:00,2005,11,12,19054,67.52,HOEP (Legacy)
2005-11-29 12:00:00,2005,11,13,18832,78.8,HOEP (Legacy)
2005-11-29 13:00:00,2005,11,14,18920,70.37,HOEP (Legacy)
2005-11-29 14:00:00,2005,11,15,18836,55.4,HOEP (Legacy)
2005-11-29 15:00:00,2005,11,16,19064,43.41,HOEP (Legacy)
2005-11-29 16:00:00,2005,11,17,19949,57.29,HOEP (Legacy)
2005-11-29 17:00:00,2005,11,18,21053,64.54,HOEP (Legacy)
2005-11-29 18:00:00,2005,11,19,20636,52.0,HOEP (Legacy)
2005-11-29 19:00:00,2005,11,20,20210,56.39,HOEP (Legacy)
2005-11-29 20:00:00,2005,11,21,19761,54.36,HOEP (Legacy)
2005-11-29 21:00:00,2005,11,22,18743,52.15,HOEP (Legacy)
2005-11-29 22:00:00,2005,11,23,17612,39.22,HOEP (Legacy)
2005-11-29 23:00:00,2005,11,24,16105,38.32,HOEP (Legacy)
2005-11-30 00:00:00,2005,11,1,15011,34.03,HOEP (Legacy)
2005-11-30 01:00:00,2005,11,2,14638,29.36,HOEP (Legacy)
2005-11-30 02:00:00,2005,11,3,14429,27.48,HOEP (Legacy)
2005-11-30 03:00:00,2005,11,4,14349,24.46,HOEP (Legacy)
2005-11-30 04:00:00,2005,11,5,14437,28.75,HOEP (Legacy)
2005-11-30 05:00:00,2005,11,6,15019,29.4,HOEP (Legacy)
2005-11-30 06:00:00,2005,11,7,16605,43.9,HOEP (Legacy)
2005-11-30 07:00:00,2005,11,8,18525,70.64,HOEP (Legacy)
2005-11-30 08:00:00,2005,11,9,19270,69.65,HOEP (Legacy)
2005-11-30 09:00:00,2005,11,10,19219,96.35,HOEP (Legacy)
2005-11-30 10:00:00,2005,11,11,19345,176.21,HOEP (Legacy)
2005-11-30 11:00:00,2005,11,12,19303,114.41,HOEP (Legacy)
2005-11-30 12:00:00,2005,11,13,19077,58.32,HOEP (Legacy)
2005-11-30 13:00:00,2005,11,14,19020,54.83,HOEP (Legacy)
2005-11-30 14:00:00,2005,11,15,19044,43.8,HOEP (Legacy)
2005-11-30 15:00:00,2005,11,16,19322,54.28,HOEP (Legacy)
2005-11-30 16:00:00,2005,11,17,20348,58.64,HOEP (Legacy)
2005-11-30 17:00:00,2005,11,18,21430,72.14,HOEP (Legacy)
2005-11-30 18:00:00,2005,11,19,21161,90.73,HOEP (Legacy)
2005-11-30 19:00:00,2005,11,20,20813,56.75,HOEP (Legacy)
2005-11-30 20:00:00,2005,11,21,20337,64.42,HOEP (Legacy)
2005-11-30 21:00:00,2005,11,22,19551,67.0,HOEP (Legacy)
2005-11-30 22:00:00,2005,11,23,18188,42.16,HOEP (Legacy)
2005-11-30 23:00:00,2005,11,24,16839,40.55,HOEP (Legacy)
2005-12-01 00:00:00,2005,12,1,15751,46.81,HOEP (Legacy)
2005-12-01 01:00:00,2005,12,2,15341,41.49,HOEP (Legacy)
2005-12-01 02:00:00,2005,12,3,14910,42.62,HOEP (Legacy)
2005-12-01 03:00:00,2005,12,4,14793,37.56,HOEP (Legacy)
2005-12-01 04:00:00,2005,12,5,14875,38.49,HOEP (Legacy)
2005-12-01 05:00:00,2005,12,6,15396,31.72,HOEP (Legacy)
2005-12-01 06:00:00,2005,12,7,16920,46.1,HOEP (Legacy)
2005-12-01 07:00:00,2005,12,8,18889,57.8,HOEP (Legacy)
2005-12-01 08:00:00,2005,12,9,19543,89.92,HOEP (Legacy)
2005-12-01 09:00:00,2005,12,10,19345,53.56,HOEP (Legacy)
2005-12-01 10:00:00,2005,12,11,19440,55.23,HOEP (Legacy)
2005-12-01 11:00:00,2005,12,12,19444,86.24,HOEP (Legacy)
2005-12-01 12:00:00,2005,12,13,19294,83.01,HOEP (Legacy)
2005-12-01 13:00:00,2005,12,14,19362,110.86,HOEP (Legacy)
2005-12-01 14:00:00,2005,12,15,19327,73.33,HOEP (Legacy)
2005-12-01 15:00:00,2005,12,16,19492,56.97,HOEP (Legacy)
2005-12-01 16:00:00,2005,12,17,20395,61.67,HOEP (Legacy)
2005-12-01 17:00:00,2005,12,18,21582,104.68,HOEP (Legacy)
2005-12-01 18:00:00,2005,12,19,21320,198.08,HOEP (Legacy)
2005-12-01 19:00:00,2005,12,20,20936,133.77,HOEP (Legacy)
2005-12-01 20:00:00,2005,12,21,20496,106.88,HOEP (Legacy)
2005-12-01 21:00:00,2005,12,22,19745,83.39,HOEP (Legacy)
2005-12-01 22:00:00,2005,12,23,18545,79.48,HOEP (Legacy)
2005-12-01 23:00:00,2005,12,24,17131,47.77,HOEP (Legacy)
2005-12-02 00:00:00,2005,12,1,16150,48.11,HOEP (Legacy)
2005-12-02 01:00:00,2005,12,2,15628,45.32,HOEP (Legacy)
2005-12-02 02:00:00,2005,12,3,15350,43.96,HOEP (Legacy)
2005-12-02 03:00:00,2005,12,4,15277,42.96,HOEP (Legacy)
2005-12-02 04:00:00,2005,12,5,15429,44.89,HOEP (Legacy)
2005-12-02 05:00:00,2005,12,6,15885,42.87,HOEP (Legacy)
2005-12-02 06:00:00,2005,12,7,17211,46.21,HOEP (Legacy)
2005-12-02 07:00:00,2005,12,8,18997,59.51,HOEP (Legacy)
2005-12-02 08:00:00,2005,12,9,19615,58.96,HOEP (Legacy)
2005-12-02 09:00:00,2005,12,10,19849,66.75,HOEP (Legacy)
2005-12-02 10:00:00,2005,12,11,20004,99.13,HOEP (Legacy)
2005-12-02 11:00:00,2005,12,12,19972,99.0,HOEP (Legacy)
2005-12-02 12:00:00,2005,12,13,19768,76.24,HOEP (Legacy)
2005-12-02 13:00:00,2005,12,14,19666,160.12,HOEP (Legacy)
2005-12-02 14:00:00,2005,12,15,19571,82.57,HOEP (Legacy)
2005-12-02 15:00:00,2005,12,16,19761,59.36,HOEP (Legacy)
2005-12-02 16:00:00,2005,12,17,20439,89.97,HOEP (Legacy)
2005-12-02 17:00:00,2005,12,18,21746,150.03,HOEP (Legacy)
2005-12-02 18:00:00,2005,12,19,21467,168.02,HOEP (Legacy)
2005-12-02 19:00:00,2005,12,20,21003,147.58,HOEP (Legacy)
2005-12-02 20:00:00,2005,12,21,20605,114.36,HOEP (Legacy)
2005-12-02 21:00:00,2005,12,22,19795,91.2,HOEP (Legacy)
2005-12-02 22:00:00,2005,12,23,18643,45.33,HOEP (Legacy)
2005-12-02 23:00:00,2005,12,24,17333,54.09,HOEP (Legacy)
2005-12-03 00:00:00,2005,12,1,16468,63.11,HOEP (Legacy)
2005-12-03 01:00:00,2005,12,2,15908,47.96,HOEP (Legacy)
2005-12-03 02:00:00,2005,12,3,15550,51.22,HOEP (Legacy)
2005-12-03 03:00:00,2005,12,4,15425,51.19,HOEP (Legacy)
2005-12-03 04:00:00,2005,12,5,15412,47.75,HOEP (Legacy)
2005-12-03 05:00:00,2005,12,6,15649,47.41,HOEP (Legacy)
2005-12-03 06:00:00,2005,12,7,16007,42.33,HOEP (Legacy)
2005-12-03 07:00:00,2005,12,8,16913,46.22,HOEP (Legacy)
2005-12-03 08:00:00,2005,12,9,17763,54.71,HOEP (Legacy)
2005-12-03 09:00:00,2005,12,10,18347,56.58,HOEP (Legacy)
2005-12-03 10:00:00,2005,12,11,18580,54.31,HOEP (Legacy)
2005-12-03 11:00:00,2005,12,12,18631,55.59,HOEP (Legacy)
2005-12-03 12:00:00,2005,12,13,18450,46.37,HOEP (Legacy)
2005-12-03 13:00:00,2005,12,14,18274,44.56,HOEP (Legacy)
2005-12-03 14:00:00,2005,12,15,18116,44.91,HOEP (Legacy)
2005-12-03 15:00:00,2005,12,16,18126,44.08,HOEP (Legacy)
2005-12-03 16:00:00,2005,12,17,18904,48.16,HOEP (Legacy)
2005-12-03 17:00:00,2005,12,18,20480,100.87,HOEP (Legacy)
2005-12-03 18:00:00,2005,12,19,20137,135.85,HOEP (Legacy)
2005-12-03 19:00:00,2005,12,20,19441,144.9,HOEP (Legacy)
2005-12-03 20:00:00,2005,12,21,18944,101.72,HOEP (Legacy)
2005-12-03 21:00:00,2005,12,22,18597,100.7,HOEP (Legacy)
2005-12-03 22:00:00,2005,12,23,17564,75.96,HOEP (Legacy)
2005-12-03 23:00:00,2005,12,24,16496,56.93,HOEP (Legacy)
2005-12-04 00:00:00,2005,12,1,15819,50.51,HOEP (Legacy)
2005-12-04 01:00:00,2005,12,2,15254,47.25,HOEP (Legacy)
2005-12-04 02:00:00,2005,12,3,14903,45.28,HOEP (Legacy)
2005-12-04 03:00:00,2005,12,4,14745,46.23,HOEP (Legacy)
2005-12-04 04:00:00,2005,12,5,14856,44.3,HOEP (Legacy)
2005-12-04 05:00:00,2005,12,6,15066,44.56,HOEP (Legacy)
2005-12-04 06:00:00,2005,12,7,15369,37.94,HOEP (Legacy)
2005-12-04 07:00:00,2005,12,8,15730,38.4,HOEP (Legacy)
2005-12-04 08:00:00,2005,12,9,16425,42.09,HOEP (Legacy)
2005-12-04 09:00:00,2005,12,10,17344,45.07,HOEP (Legacy)
2005-12-04 10:00:00,2005,12,11,17580,44.42,HOEP (Legacy)
2005-12-04 11:00:00,2005,12,12,17651,43.48,HOEP (Legacy)
2005-12-04 12:00:00,2005,12,13,17803,47.13,HOEP (Legacy)
2005-12-04 13:00:00,2005,12,14,17713,42.41,HOEP (Legacy)
2005-12-04 14:00:00,2005,12,15,17660,41.96,HOEP (Legacy)
2005-12-04 15:00:00,2005,12,16,17952,39.88,HOEP (Legacy)
2005-12-04 16:00:00,2005,12,17,18963,48.81,HOEP (Legacy)
2005-12-04 17:00:00,2005,12,18,20488,73.73,HOEP (Legacy)
2005-12-04 18:00:00,2005,12,19,20424,80.76,HOEP (Legacy)
2005-12-04 19:00:00,2005,12,20,20024,72.15,HOEP (Legacy)
2005-12-04 20:00:00,2005,12,21,19670,75.52,HOEP (Legacy)
2005-12-04 21:00:00,2005,12,22,19088,57.75,HOEP (Legacy)
2005-12-04 22:00:00,2005,12,23,18057,56.16,HOEP (Legacy)
2005-12-04 23:00:00,2005,12,24,16735,54.42,HOEP (Legacy)
2005-12-05 00:00:00,2005,12,1,15982,46.69,HOEP (Legacy)
2005-12-05 01:00:00,2005,12,2,15803,46.03,HOEP (Legacy)
2005-12-05 02:00:00,2005,12,3,15687,46.57,HOEP (Legacy)
2005-12-05 03:00:00,2005,12,4,15679,43.77,HOEP (Legacy)
2005-12-05 04:00:00,2005,12,5,15857,43.9,HOEP (Legacy)
2005-12-05 05:00:00,2005,12,6,16387,42.12,HOEP (Legacy)
2005-12-05 06:00:00,2005,12,7,17922,43.83,HOEP (Legacy)
2005-12-05 07:00:00,2005,12,8,19878,48.33,HOEP (Legacy)
2005-12-05 08:00:00,2005,12,9,20342,60.84,HOEP (Legacy)
2005-12-05 09:00:00,2005,12,10,20403,68.86,HOEP (Legacy)
2005-12-05 10:00:00,2005,12,11,20576,61.56,HOEP (Legacy)
2005-12-05 11:00:00,2005,12,12,20502,86.54,HOEP (Legacy)
2005-12-05 12:00:00,2005,12,13,20204,76.52,HOEP (Legacy)
2005-12-05 13:00:00,2005,12,14,20214,67.33,HOEP (Legacy)
2005-12-05 14:00:00,2005,12,15,20222,100.12,HOEP (Legacy)
2005-12-05 15:00:00,2005,12,16,20177,51.12,HOEP (Legacy)
2005-12-05 16:00:00,2005,12,17,21344,73.79,HOEP (Legacy)
2005-12-05 17:00:00,2005,12,18,22757,134.5,HOEP (Legacy)
2005-12-05 18:00:00,2005,12,19,22640,127.91,HOEP (Legacy)
2005-12-05 19:00:00,2005,12,20,22209,121.56,HOEP (Legacy)
2005-12-05 20:00:00,2005,12,21,21718,122.56,HOEP (Legacy)
2005-12-05 21:00:00,2005,12,22,20986,72.21,HOEP (Legacy)
2005-12-05 22:00:00,2005,12,23,19600,54.16,HOEP (Legacy)
2005-12-05 23:00:00,2005,12,24,17891,64.74,HOEP (Legacy)
2005-12-06 00:00:00,2005,12,1,16816,44.3,HOEP (Legacy)
2005-12-06 01:00:00,2005,12,2,16436,45.2,HOEP (Legacy)
2005-12-06 02:00:00,2005,12,3,16158,44.18,HOEP (Legacy)
2005-12-06 03:00:00,2005,12,4,16042,46.02,HOEP (Legacy)
2005-12-06 04:00:00,2005,12,5,16234,58.5,HOEP (Legacy)
2005-12-06 05:00:00,2005,12,6,16811,44.59,HOEP (Legacy)
2005-12-06 06:00:00,2005,12,7,18355,54.62,HOEP (Legacy)
2005-12-06 07:00:00,2005,12,8,20130,86.35,HOEP (Legacy)
2005-12-06 08:00:00,2005,12,9,20548,75.39,HOEP (Legacy)
2005-12-06 09:00:00,2005,12,10,20482,60.13,HOEP (Legacy)
2005-12-06 10:00:00,2005,12,11,20415,115.03,HOEP (Legacy)
2005-12-06 11:00:00,2005,12,12,20442,101.0,HOEP (Legacy)
2005-12-06 12:00:00,2005,12,13,20267,133.01,HOEP (Legacy)
2005-12-06 13:00:00,2005,12,14,20300,175.24,HOEP (Legacy)
2005-12-06 14:00:00,2005,12,15,20227,128.71,HOEP (Legacy)
2005-12-06 15:00:00,2005,12,16,20453,50.05,HOEP (Legacy)
2005-12-06 16:00:00,2005,12,17,21409,86.87,HOEP (Legacy)
2005-12-06 17:00:00,2005,12,18,23078,180.09,HOEP (Legacy)
2005-12-06 18:00:00,2005,12,19,23054,192.79,HOEP (Legacy)
2005-12-06 19:00:00,2005,12,20,22617,172.83,HOEP (Legacy)
2005-12-06 20:00:00,2005,12,21,22172,136.01,HOEP (Legacy)
2005-12-06 21:00:00,2005,12,22,21282,121.74,HOEP (Legacy)
2005-12-06 22:00:00,2005,12,23,19838,79.87,HOEP (Legacy)
2005-12-06 23:00:00,2005,12,24,18219,131.0,HOEP (Legacy)
2005-12-07 00:00:00,2005,12,1,17126,78.85,HOEP (Legacy)
2005-12-07 01:00:00,2005,12,2,16767,53.33,HOEP (Legacy)
2005-12-07 02:00:00,2005,12,3,16520,69.23,HOEP (Legacy)
2005-12-07 03:00:00,2005,12,4,16474,62.15,HOEP (Legacy)
2005-12-07 04:00:00,2005,12,5,16584,78.36,HOEP (Legacy)
2005-12-07 05:00:00,2005,12,6,17106,62.72,HOEP (Legacy)
2005-12-07 06:00:00,2005,12,7,18441,88.32,HOEP (Legacy)
2005-12-07 07:00:00,2005,12,8,20521,124.35,HOEP (Legacy)
2005-12-07 08:00:00,2005,12,9,20788,58.12,HOEP (Legacy)
2005-12-07 09:00:00,2005,12,10,20719,102.66,HOEP (Legacy)
2005-12-07 10:00:00,2005,12,11,20747,71.64,HOEP (Legacy)
2005-12-07 11:00:00,2005,12,12,20536,88.47,HOEP (Legacy)
2005-12-07 12:00:00,2005,12,13,20350,54.07,HOEP (Legacy)
2005-12-07 13:00:00,2005,12,14,20308,56.9,HOEP (Legacy)
2005-12-07 14:00:00,2005,12,15,20188,62.88,HOEP (Legacy)
2005-12-07 15:00:00,2005,12,16,20539,65.74,HOEP (Legacy)
2005-12-07 16:00:00,2005,12,17,21454,80.39,HOEP (Legacy)
2005-12-07 17:00:00,2005,12,18,23173,181.7,HOEP (Legacy)
2005-12-07 18:00:00,2005,12,19,23041,182.19,HOEP (Legacy)
2005-12-07 19:00:00,2005,12,20,22553,173.34,HOEP (Legacy)
2005-12-07 20:00:00,2005,12,21,22250,155.96,HOEP (Legacy)
2005-12-07 21:00:00,2005,12,22,21266,130.89,HOEP (Legacy)
2005-12-07 22:00:00,2005,12,23,19873,54.58,HOEP (Legacy)
2005-12-07 23:00:00,2005,12,24,18132,43.52,HOEP (Legacy)
2005-12-08 00:00:00,2005,12,1,17187,51.51,HOEP (Legacy)
2005-12-08 01:00:00,2005,12,2,16840,86.92,HOEP (Legacy)
2005-12-08 02:00:00,2005,12,3,16655,87.0,HOEP (Legacy)
2005-12-08 03:00:00,2005,12,4,16530,69.49,HOEP (Legacy)
2005-12-08 04:00:00,2005,12,5,16775,55.31,HOEP (Legacy)
2005-12-08 05:00:00,2005,12,6,17155,49.12,HOEP (Legacy)
2005-12-08 06:00:00,2005,12,7,18820,109.85,HOEP (Legacy)
2005-12-08 07:00:00,2005,12,8,20757,159.94,HOEP (Legacy)
2005-12-08 08:00:00,2005,12,9,21089,85.35,HOEP (Legacy)
2005-12-08 09:00:00,2005,12,10,20891,62.19,HOEP (Legacy)
2005-12-08 10:00:00,2005,12,11,20740,111.0,HOEP (Legacy)
2005-12-08 11:00:00,2005,12,12,20530,69.14,HOEP (Legacy)
2005-12-08 12:00:00,2005,12,13,20157,52.07,HOEP (Legacy)
2005-12-08 13:00:00,2005,12,14,19991,55.14,HOEP (Legacy)
2005-12-08 14:00:00,2005,12,15,19938,44.92,HOEP (Legacy)
2005-12-08 15:00:00,2005,12,16,20183,44.29,HOEP (Legacy)
2005-12-08 16:00:00,2005,12,17,21224,59.35,HOEP (Legacy)
2005-12-08 17:00:00,2005,12,18,22896,132.0,HOEP (Legacy)
2005-12-08 18:00:00,2005,12,19,22693,196.79,HOEP (Legacy)
2005-12-08 19:00:00,2005,12,20,22162,177.54,HOEP (Legacy)
2005-12-08 20:00:00,2005,12,21,21732,122.5,HOEP (Legacy)
2005-12-08 21:00:00,2005,12,22,21098,84.71,HOEP (Legacy)
2005-12-08 22:00:00,2005,12,23,19538,48.72,HOEP (Legacy)
2005-12-08 23:00:00,2005,12,24,17995,92.96,HOEP (Legacy)
2005-12-09 00:00:00,2005,12,1,16898,94.0,HOEP (Legacy)
2005-12-09 01:00:00,2005,12,2,16451,78.28,HOEP (Legacy)
2005-12-09 02:00:00,2005,12,3,16188,117.56,HOEP (Legacy)
2005-12-09 03:00:00,2005,12,4,16147,73.35,HOEP (Legacy)
2005-12-09 04:00:00,2005,12,5,16431,68.36,HOEP (Legacy)
2005-12-09 05:00:00,2005,12,6,16815,47.92,HOEP (Legacy)
2005-12-09 06:00:00,2005,12,7,18009,50.2,HOEP (Legacy)
2005-12-09 07:00:00,2005,12,8,19916,64.38,HOEP (Legacy)
2005-12-09 08:00:00,2005,12,9,20520,51.41,HOEP (Legacy)
2005-12-09 09:00:00,2005,12,10,20338,47.55,HOEP (Legacy)
2005-12-09 10:00:00,2005,12,11,20499,119.98,HOEP (Legacy)
2005-12-09 11:00:00,2005,12,12,20555,167.55,HOEP (Legacy)
2005-12-09 12:00:00,2005,12,13,20231,77.27,HOEP (Legacy)
2005-12-09 13:00:00,2005,12,14,20144,113.68,HOEP (Legacy)
2005-12-09 14:00:00,2005,12,15,20087,112.03,HOEP (Legacy)
2005-12-09 15:00:00,2005,12,16,20236,57.48,HOEP (Legacy)
2005-12-09 16:00:00,2005,12,17,20924,63.8,HOEP (Legacy)
2005-12-09 17:00:00,2005,12,18,22343,97.89,HOEP (Legacy)
2005-12-09 18:00:00,2005,12,19,22192,124.37,HOEP (Legacy)
2005-12-09 19:00:00,2005,12,20,21463,50.22,HOEP (Legacy)
2005-12-09 20:00:00,2005,12,21,21028,50.6,HOEP (Legacy)
2005-12-09 21:00:00,2005,12,22,20282,56.3,HOEP (Legacy)
2005-12-09 22:00:00,2005,12,23,19130,58.63,HOEP (Legacy)
2005-12-09 23:00:00,2005,12,24,17646,70.34,HOEP (Legacy)
2005-12-10 00:00:00,2005,12,1,16646,77.32,HOEP (Legacy)
2005-12-10 01:00:00,2005,12,2,16040,67.2,HOEP (Legacy)
2005-12-10 02:00:00,2005,12,3,15649,58.93,HOEP (Legacy)
2005-12-10 03:00:00,2005,12,4,15528,61.7,HOEP (Legacy)
2005-12-10 04:00:00,2005,12,5,15548,54.9,HOEP (Legacy)
2005-12-10 05:00:00,2005,12,6,15758,62.6,HOEP (Legacy)
2005-12-10 06:00:00,2005,12,7,16274,55.08,HOEP (Legacy)
2005-12-10 07:00:00,2005,12,8,17235,69.95,HOEP (Legacy)
2005-12-10 08:00:00,2005,12,9,18180,91.17,HOEP (Legacy)
2005-12-10 09:00:00,2005,12,10,18777,126.99,HOEP (Legacy)
2005-12-10 10:00:00,2005,12,11,19119,89.14,HOEP (Legacy)
2005-12-10 11:00:00,2005,12,12,19078,109.0,HOEP (Legacy)
2005-12-10 12:00:00,2005,12,13,19000,84.06,HOEP (Legacy)
2005-12-10 13:00:00,2005,12,14,18793,100.82,HOEP (Legacy)
2005-12-10 14:00:00,2005,12,15,18687,54.48,HOEP (Legacy)
2005-12-10 15:00:00,2005,12,16,18583,46.08,HOEP (Legacy)
2005-12-10 16:00:00,2005,12,17,19058,46.8,HOEP (Legacy)
2005-12-10 17:00:00,2005,12,18,20731,89.22,HOEP (Legacy)
2005-12-10 18:00:00,2005,12,19,20475,108.61,HOEP (Legacy)
2005-12-10 19:00:00,2005,12,20,19891,59.56,HOEP (Legacy)
2005-12-10 20:00:00,2005,12,21,19529,76.33,HOEP (Legacy)
2005-12-10 21:00:00,2005,12,22,18918,67.12,HOEP (Legacy)
2005-12-10 22:00:00,2005,12,23,17919,52.41,HOEP (Legacy)
2005-12-10 23:00:00,2005,12,24,16794,57.93,HOEP (Legacy)
2005-12-11 00:00:00,2005,12,1,15815,67.95,HOEP (Legacy)
2005-12-11 01:00:00,2005,12,2,15393,47.85,HOEP (Legacy)
2005-12-11 02:00:00,2005,12,3,14883,48.17,HOEP (Legacy)
2005-12-11 03:00:00,2005,12,4,14695,48.75,HOEP (Legacy)
2005-12-11 04:00:00,2005,12,5,14752,47.98,HOEP (Legacy)
2005-12-11 05:00:00,2005,12,6,15025,48.18,HOEP (Legacy)
2005-12-11 06:00:00,2005,12,7,15430,52.19,HOEP (Legacy)
2005-12-11 07:00:00,2005,12,8,16010,49.06,HOEP (Legacy)
2005-12-11 08:00:00,2005,12,9,16737,59.44,HOEP (Legacy)
2005-12-11 09:00:00,2005,12,10,17548,61.63,HOEP (Legacy)
2005-12-11 10:00:00,2005,12,11,17999,59.65,HOEP (Legacy)
2005-12-11 11:00:00,2005,12,12,18169,53.92,HOEP (Legacy)
2005-12-11 12:00:00,2005,12,13,18112,59.78,HOEP (Legacy)
2005-12-11 13:00:00,2005,12,14,18088,122.36,HOEP (Legacy)
2005-12-11 14:00:00,2005,12,15,18117,93.68,HOEP (Legacy)
2005-12-11 15:00:00,2005,12,16,18307,54.72,HOEP (Legacy)
2005-12-11 16:00:00,2005,12,17,19321,104.84,HOEP (Legacy)
2005-12-11 17:00:00,2005,12,18,20871,220.92,HOEP (Legacy)
2005-12-11 18:00:00,2005,12,19,20850,154.88,HOEP (Legacy)
2005-12-11 19:00:00,2005,12,20,20421,145.88,HOEP (Legacy)
2005-12-11 20:00:00,2005,12,21,20064,65.65,HOEP (Legacy)
2005-12-11 21:00:00,2005,12,22,19494,66.2,HOEP (Legacy)
2005-12-11 22:00:00,2005,12,23,18545,69.56,HOEP (Legacy)
2005-12-11 23:00:00,2005,12,24,17487,73.49,HOEP (Legacy)
2005-12-12 00:00:00,2005,12,1,16502,56.63,HOEP (Legacy)
2005-12-12 01:00:00,2005,12,2,16228,51.15,HOEP (Legacy)
2005-12-12 02:00:00,2005,12,3,16100,47.92,HOEP (Legacy)
2005-12-12 03:00:00,2005,12,4,16131,47.54,HOEP (Legacy)
2005-12-12 04:00:00,2005,12,5,16390,56.14,HOEP (Legacy)
2005-12-12 05:00:00,2005,12,6,17055,97.2,HOEP (Legacy)
2005-12-12 06:00:00,2005,12,7,18667,121.38,HOEP (Legacy)
2005-12-12 07:00:00,2005,12,8,20448,162.42,HOEP (Legacy)
2005-12-12 08:00:00,2005,12,9,20740,160.67,HOEP (Legacy)
2005-12-12 09:00:00,2005,12,10,21071,59.63,HOEP (Legacy)
2005-12-12 10:00:00,2005,12,11,21144,65.72,HOEP (Legacy)
2005-12-12 11:00:00,2005,12,12,21190,143.03,HOEP (Legacy)
2005-12-12 12:00:00,2005,12,13,20932,139.0,HOEP (Legacy)
2005-12-12 13:00:00,2005,12,14,20731,58.15,HOEP (Legacy)
2005-12-12 14:00:00,2005,12,15,20588,60.91,HOEP (Legacy)
2005-12-12 15:00:00,2005,12,16,20843,80.06,HOEP (Legacy)
2005-12-12 16:00:00,2005,12,17,21858,98.58,HOEP (Legacy)
2005-12-12 17:00:00,2005,12,18,23750,195.14,HOEP (Legacy)
2005-12-12 18:00:00,2005,12,19,23661,195.61,HOEP (Legacy)
2005-12-12 19:00:00,2005,12,20,23256,187.59,HOEP (Legacy)
2005-12-12 20:00:00,2005,12,21,22805,182.91,HOEP (Legacy)
2005-12-12 21:00:00,2005,12,22,21984,156.16,HOEP (Legacy)
2005-12-12 22:00:00,2005,12,23,20634,105.88,HOEP (Legacy)
2005-12-12 23:00:00,2005,12,24,18995,110.25,HOEP (Legacy)
2005-12-13 00:00:00,2005,12,1,17881,98.03,HOEP (Legacy)
2005-12-13 01:00:00,2005,12,2,17405,89.57,HOEP (Legacy)
2005-12-13 02:00:00,2005,12,3,17274,157.75,HOEP (Legacy)
2005-12-13 03:00:00,2005,12,4,17246,91.85,HOEP (Legacy)
2005-12-13 04:00:00,2005,12,5,17393,67.12,HOEP (Legacy)
2005-12-13 05:00:00,2005,12,6,18032,101.92,HOEP (Legacy)
2005-12-13 06:00:00,2005,12,7,19477,83.37,HOEP (Legacy)
2005-12-13 07:00:00,2005,12,8,21284,146.2,HOEP (Legacy)
2005-12-13 08:00:00,2005,12,9,21820,144.7,HOEP (Legacy)
2005-12-13 09:00:00,2005,12,10,21559,59.81,HOEP (Legacy)
2005-12-13 10:00:00,2005,12,11,21265,57.98,HOEP (Legacy)
2005-12-13 11:00:00,2005,12,12,21078,55.86,HOEP (Legacy)
2005-12-13 12:00:00,2005,12,13,20724,50.91,HOEP (Legacy)
2005-12-13 13:00:00,2005,12,14,20486,58.08,HOEP (Legacy)
2005-12-13 14:00:00,2005,12,15,20512,59.18,HOEP (Legacy)
2005-12-13 15:00:00,2005,12,16,20678,48.45,HOEP (Legacy)
2005-12-13 16:00:00,2005,12,17,21830,57.93,HOEP (Legacy)
2005-12-13 17:00:00,2005,12,18,23626,145.51,HOEP (Legacy)
2005-12-13 18:00:00,2005,12,19,23623,150.02,HOEP (Legacy)
2005-12-13 19:00:00,2005,12,20,23191,151.27,HOEP (Legacy)
2005-12-13 20:00:00,2005,12,21,22667,147.71,HOEP (Legacy)
2005-12-13 21:00:00,2005,12,22,22166,154.57,HOEP (Legacy)
2005-12-13 22:00:00,2005,12,23,20531,173.56,HOEP (Legacy)
2005-12-13 23:00:00,2005,12,24,18896,101.14,HOEP (Legacy)
2005-12-14 00:00:00,2005,12,1,17902,142.49,HOEP (Legacy)
2005-12-14 01:00:00,2005,12,2,17507,196.47,HOEP (Legacy)
2005-12-14 02:00:00,2005,12,3,17230,165.73,HOEP (Legacy)
2005-12-14 03:00:00,2005,12,4,17065,149.25,HOEP (Legacy)
2005-12-14 04:00:00,2005,12,5,17254,126.07,HOEP (Legacy)
2005-12-14 05:00:00,2005,12,6,17692,88.69,HOEP (Legacy)
2005-12-14 06:00:00,2005,12,7,19144,121.56,HOEP (Legacy)
2005-12-14 07:00:00,2005,12,8,21183,369.24,HOEP (Legacy)
2005-12-14 08:00:00,2005,12,9,21690,156.82,HOEP (Legacy)
2005-12-14 09:00:00,2005,12,10,21604,130.2,HOEP (Legacy)
2005-12-14 10:00:00,2005,12,11,21522,173.99,HOEP (Legacy)
2005-12-14 11:00:00,2005,12,12,21411,145.63,HOEP (Legacy)
2005-12-14 12:00:00,2005,12,13,21086,130.45,HOEP (Legacy)
2005-12-14 13:00:00,2005,12,14,21137,180.89,HOEP (Legacy)
2005-12-14 14:00:00,2005,12,15,20976,175.73,HOEP (Legacy)
2005-12-14 15:00:00,2005,12,16,21165,60.43,HOEP (Legacy)
2005-12-14 16:00:00,2005,12,17,22237,93.62,HOEP (Legacy)
2005-12-14 17:00:00,2005,12,18,23766,193.37,HOEP (Legacy)
2005-12-14 18:00:00,2005,12,19,23624,188.2,HOEP (Legacy)
2005-12-14 19:00:00,2005,12,20,23293,184.87,HOEP (Legacy)
2005-12-14 20:00:00,2005,12,21,22828,167.72,HOEP (Legacy)
2005-12-14 21:00:00,2005,12,22,21965,160.75,HOEP (Legacy)
2005-12-14 22:00:00,2005,12,23,20511,170.42,HOEP (Legacy)
2005-12-14 23:00:00,2005,12,24,18865,120.08,HOEP (Legacy)
2005-12-15 00:00:00,2005,12,1,17860,157.81,HOEP (Legacy)
2005-12-15 01:00:00,2005,12,2,17378,165.88,HOEP (Legacy)
2005-12-15 02:00:00,2005,12,3,17158,142.52,HOEP (Legacy)
2005-12-15 03:00:00,2005,12,4,17104,133.0,HOEP (Legacy)
2005-12-15 04:00:00,2005,12,5,17194,138.27,HOEP (Legacy)
2005-12-15 05:00:00,2005,12,6,17625,49.22,HOEP (Legacy)
2005-12-15 06:00:00,2005,12,7,19023,73.17,HOEP (Legacy)
2005-12-15 07:00:00,2005,12,8,20937,125.19,HOEP (Legacy)
2005-12-15 08:00:00,2005,12,9,21279,135.82,HOEP (Legacy)
2005-12-15 09:00:00,2005,12,10,21185,161.67,HOEP (Legacy)
2005-12-15 10:00:00,2005,12,11,21219,170.06,HOEP (Legacy)
2005-12-15 11:00:00,2005,12,12,21187,178.89,HOEP (Legacy)
2005-12-15 12:00:00,2005,12,13,21083,160.91,HOEP (Legacy)
2005-12-15 13:00:00,2005,12,14,21286,159.71,HOEP (Legacy)
2005-12-15 14:00:00,2005,12,15,21194,144.64,HOEP (Legacy)
2005-12-15 15:00:00,2005,12,16,21490,145.43,HOEP (Legacy)
2005-12-15 16:00:00,2005,12,17,22487,162.93,HOEP (Legacy)
2005-12-15 17:00:00,2005,12,18,23693,190.84,HOEP (Legacy)
2005-12-15 18:00:00,2005,12,19,23479,185.98,HOEP (Legacy)
2005-12-15 19:00:00,2005,12,20,22981,173.49,HOEP (Legacy)
2005-12-15 20:00:00,2005,12,21,22583,162.85,HOEP (Legacy)
2005-12-15 21:00:00,2005,12,22,21806,147.63,HOEP (Legacy)
2005-12-15 22:00:00,2005,12,23,20304,104.78,HOEP (Legacy)
2005-12-15 23:00:00,2005,12,24,18465,71.73,HOEP (Legacy)
2005-12-16 00:00:00,2005,12,1,17383,84.3,HOEP (Legacy)
2005-12-16 01:00:00,2005,12,2,17021,66.36,HOEP (Legacy)
2005-12-16 02:00:00,2005,12,3,16683,57.53,HOEP (Legacy)
2005-12-16 03:00:00,2005,12,4,16496,56.95,HOEP (Legacy)
2005-12-16 04:00:00,2005,12,5,16545,55.47,HOEP (Legacy)
2005-12-16 05:00:00,2005,12,6,16988,57.55,HOEP (Legacy)
2005-12-16 06:00:00,2005,12,7,18196,63.45,HOEP (Legacy)
2005-12-16 07:00:00,2005,12,8,19923,51.06,HOEP (Legacy)
2005-12-16 08:00:00,2005,12,9,20575,89.94,HOEP (Legacy)
2005-12-16 09:00:00,2005,12,10,20708,100.15,HOEP (Legacy)
2005-12-16 10:00:00,2005,12,11,20678,144.29,HOEP (Legacy)
2005-12-16 11:00:00,2005,12,12,20631,120.18,HOEP (Legacy)
2005-12-16 12:00:00,2005,12,13,20379,141.64,HOEP (Legacy)
2005-12-16 13:00:00,2005,12,14,20206,130.59,HOEP (Legacy)
2005-12-16 14:00:00,2005,12,15,20057,159.81,HOEP (Legacy)
2005-12-16 15:00:00,2005,12,16,20266,141.7,HOEP (Legacy)
2005-12-16 16:00:00,2005,12,17,21115,155.01,HOEP (Legacy)
2005-12-16 17:00:00,2005,12,18,22436,182.15,HOEP (Legacy)
2005-12-16 18:00:00,2005,12,19,22385,175.12,HOEP (Legacy)
2005-12-16 19:00:00,2005,12,20,21596,176.29,HOEP (Legacy)
2005-12-16 20:00:00,2005,12,21,21372,167.53,HOEP (Legacy)
2005-12-16 21:00:00,2005,12,22,20683,112.24,HOEP (Legacy)
2005-12-16 22:00:00,2005,12,23,19452,128.29,HOEP (Legacy)
2005-12-16 23:00:00,2005,12,24,17886,117.34,HOEP (Legacy)
2005-12-17 00:00:00,2005,12,1,16709,129.55,HOEP (Legacy)
2005-12-17 01:00:00,2005,12,2,16164,121.93,HOEP (Legacy)
2005-12-17 02:00:00,2005,12,3,15823,130.0,HOEP (Legacy)
2005-12-17 03:00:00,2005,12,4,15653,115.69,HOEP (Legacy)
2005-12-17 04:00:00,2005,12,5,15651,97.51,HOEP (Legacy)
2005-12-17 05:00:00,2005,12,6,15890,63.15,HOEP (Legacy)
2005-12-17 06:00:00,2005,12,7,16315,50.22,HOEP (Legacy)
2005-12-17 07:00:00,2005,12,8,17271,50.29,HOEP (Legacy)
2005-12-17 08:00:00,2005,12,9,18260,94.02,HOEP (Legacy)
2005-12-17 09:00:00,2005,12,10,18996,151.95,HOEP (Legacy)
2005-12-17 10:00:00,2005,12,11,19202,164.58,HOEP (Legacy)
2005-12-17 11:00:00,2005,12,12,19088,120.64,HOEP (Legacy)
2005-12-17 12:00:00,2005,12,13,18953,114.46,HOEP (Legacy)
2005-12-17 13:00:00,2005,12,14,18607,71.8,HOEP (Legacy)
2005-12-17 14:00:00,2005,12,15,18346,50.46,HOEP (Legacy)
2005-12-17 15:00:00,2005,12,16,18401,102.72,HOEP (Legacy)
2005-12-17 16:00:00,2005,12,17,19199,103.67,HOEP (Legacy)
2005-12-17 17:00:00,2005,12,18,20792,128.18,HOEP (Legacy)
2005-12-17 18:00:00,2005,12,19,20587,138.09,HOEP (Legacy)
2005-12-17 19:00:00,2005,12,20,20124,128.3,HOEP (Legacy)
2005-12-17 20:00:00,2005,12,21,19669,132.84,HOEP (Legacy)
2005-12-17 21:00:00,2005,12,22,19172,96.2,HOEP (Legacy)
2005-12-17 22:00:00,2005,12,23,18204,145.8,HOEP (Legacy)
2005-12-17 23:00:00,2005,12,24,17051,100.69,HOEP (Legacy)
2005-12-18 00:00:00,2005,12,1,16175,105.15,HOEP (Legacy)
2005-12-18 01:00:00,2005,12,2,15665,59.75,HOEP (Legacy)
2005-12-18 02:00:00,2005,12,3,15278,54.42,HOEP (Legacy)
2005-12-18 03:00:00,2005,12,4,15029,69.38,HOEP (Legacy)
2005-12-18 04:00:00,2005,12,5,15144,57.01,HOEP (Legacy)
2005-12-18 05:00:00,2005,12,6,15379,60.43,HOEP (Legacy)
2005-12-18 06:00:00,2005,12,7,15756,55.6,HOEP (Legacy)
2005-12-18 07:00:00,2005,12,8,16265,47.26,HOEP (Legacy)
2005-12-18 08:00:00,2005,12,9,17055,50.27,HOEP (Legacy)
2005-12-18 09:00:00,2005,12,10,18024,64.67,HOEP (Legacy)
2005-12-18 10:00:00,2005,12,11,18391,66.42,HOEP (Legacy)
2005-12-18 11:00:00,2005,12,12,18394,115.03,HOEP (Legacy)
2005-12-18 12:00:00,2005,12,13,18282,86.1,HOEP (Legacy)
2005-12-18 13:00:00,2005,12,14,18132,82.1,HOEP (Legacy)
2005-12-18 14:00:00,2005,12,15,17898,56.99,HOEP (Legacy)
2005-12-18 15:00:00,2005,12,16,18304,46.26,HOEP (Legacy)
2005-12-18 16:00:00,2005,12,17,19279,61.94,HOEP (Legacy)
2005-12-18 17:00:00,2005,12,18,21255,100.46,HOEP (Legacy)
2005-12-18 18:00:00,2005,12,19,21137,149.22,HOEP (Legacy)
2005-12-18 19:00:00,2005,12,20,20727,175.16,HOEP (Legacy)
2005-12-18 20:00:00,2005,12,21,20482,145.36,HOEP (Legacy)
2005-12-18 21:00:00,2005,12,22,20023,143.81,HOEP (Legacy)
2005-12-18 22:00:00,2005,12,23,18860,136.79,HOEP (Legacy)
2005-12-18 23:00:00,2005,12,24,17608,76.22,HOEP (Legacy)
2005-12-19 00:00:00,2005,12,1,16650,65.94,HOEP (Legacy)
2005-12-19 01:00:00,2005,12,2,16309,56.61,HOEP (Legacy)
2005-12-19 02:00:00,2005,12,3,16260,54.71,HOEP (Legacy)
2005-12-19 03:00:00,2005,12,4,16198,52.67,HOEP (Legacy)
2005-12-19 04:00:00,2005,12,5,16384,55.96,HOEP (Legacy)
2005-12-19 05:00:00,2005,12,6,16806,50.81,HOEP (Legacy)
2005-12-19 06:00:00,2005,12,7,18301,75.93,HOEP (Legacy)
2005-12-19 07:00:00,2005,12,8,20428,123.18,HOEP (Legacy)
2005-12-19 08:00:00,2005,12,9,21095,187.95,HOEP (Legacy)
2005-12-19 09:00:00,2005,12,10,21030,72.86,HOEP (Legacy)
2005-12-19 10:00:00,2005,12,11,20849,56.79,HOEP (Legacy)
2005-12-19 11:00:00,2005,12,12,20789,91.34,HOEP (Legacy)
2005-12-19 12:00:00,2005,12,13,20613,80.7,HOEP (Legacy)
2005-12-19 13:00:00,2005,12,14,20431,120.19,HOEP (Legacy)
2005-12-19 14:00:00,2005,12,15,20407,123.01,HOEP (Legacy)
2005-12-19 15:00:00,2005,12,16,20753,74.4,HOEP (Legacy)
2005-12-19 16:00:00,2005,12,17,21900,115.19,HOEP (Legacy)
2005-12-19 17:00:00,2005,12,18,23377,153.94,HOEP (Legacy)
2005-12-19 18:00:00,2005,12,19,23325,162.49,HOEP (Legacy)
2005-12-19 19:00:00,2005,12,20,22863,153.79,HOEP (Legacy)
2005-12-19 20:00:00,2005,12,21,22575,151.13,HOEP (Legacy)
2005-12-19 21:00:00,2005,12,22,21860,131.98,HOEP (Legacy)
2005-12-19 22:00:00,2005,12,23,20505,87.15,HOEP (Legacy)
2005-12-19 23:00:00,2005,12,24,18780,63.34,HOEP (Legacy)
2005-12-20 00:00:00,2005,12,1,17629,74.62,HOEP (Legacy)
2005-12-20 01:00:00,2005,12,2,17226,96.45,HOEP (Legacy)
2005-12-20 02:00:00,2005,12,3,16870,63.97,HOEP (Legacy)
2005-12-20 03:00:00,2005,12,4,16827,48.22,HOEP (Legacy)
2005-12-20 04:00:00,2005,12,5,17019,54.18,HOEP (Legacy)
2005-12-20 05:00:00,2005,12,6,17501,50.81,HOEP (Legacy)
2005-12-20 06:00:00,2005,12,7,18730,77.04,HOEP (Legacy)
2005-12-20 07:00:00,2005,12,8,20648,128.68,HOEP (Legacy)
2005-12-20 08:00:00,2005,12,9,21262,119.4,HOEP (Legacy)
2005-12-20 09:00:00,2005,12,10,21341,129.83,HOEP (Legacy)
2005-12-20 10:00:00,2005,12,11,21248,144.0,HOEP (Legacy)
2005-12-20 11:00:00,2005,12,12,21135,124.03,HOEP (Legacy)
2005-12-20 12:00:00,2005,12,13,20900,66.72,HOEP (Legacy)
2005-12-20 13:00:00,2005,12,14,20780,61.92,HOEP (Legacy)
2005-12-20 14:00:00,2005,12,15,20686,66.21,HOEP (Legacy)
2005-12-20 15:00:00,2005,12,16,20871,56.44,HOEP (Legacy)
2005-12-20 16:00:00,2005,12,17,21773,98.32,HOEP (Legacy)
2005-12-20 17:00:00,2005,12,18,23154,163.61,HOEP (Legacy)
2005-12-20 18:00:00,2005,12,19,23128,163.72,HOEP (Legacy)
2005-12-20 19:00:00,2005,12,20,22663,156.6,HOEP (Legacy)
2005-12-20 20:00:00,2005,12,21,22595,152.44,HOEP (Legacy)
2005-12-20 21:00:00,2005,12,22,21830,137.59,HOEP (Legacy)
2005-12-20 22:00:00,2005,12,23,20387,64.57,HOEP (Legacy)
2005-12-20 23:00:00,2005,12,24,18873,60.24,HOEP (Legacy)
2005-12-21 00:00:00,2005,12,1,17844,79.06,HOEP (Legacy)
2005-12-21 01:00:00,2005,12,2,17501,64.14,HOEP (Legacy)
2005-12-21 02:00:00,2005,12,3,17220,111.37,HOEP (Legacy)
2005-12-21 03:00:00,2005,12,4,17190,60.02,HOEP (Legacy)
2005-12-21 04:00:00,2005,12,5,17244,67.21,HOEP (Legacy)
2005-12-21 05:00:00,2005,12,6,17640,63.97,HOEP (Legacy)
2005-12-21 06:00:00,2005,12,7,18938,96.57,HOEP (Legacy)
2005-12-21 07:00:00,2005,12,8,20831,135.18,HOEP (Legacy)
2005-12-21 08:00:00,2005,12,9,21473,140.64,HOEP (Legacy)
2005-12-21 09:00:00,2005,12,10,21336,125.85,HOEP (Legacy)
2005-12-21 10:00:00,2005,12,11,21362,119.4,HOEP (Legacy)
2005-12-21 11:00:00,2005,12,12,21277,125.18,HOEP (Legacy)
2005-12-21 12:00:00,2005,12,13,21000,65.12,HOEP (Legacy)
2005-12-21 13:00:00,2005,12,14,20754,57.65,HOEP (Legacy)
2005-12-21 14:00:00,2005,12,15,20687,59.93,HOEP (Legacy)
2005-12-21 15:00:00,2005,12,16,20855,56.77,HOEP (Legacy)
2005-12-21 16:00:00,2005,12,17,21733,74.02,HOEP (Legacy)
2005-12-21 17:00:00,2005,12,18,23031,148.23,HOEP (Legacy)
2005-12-21 18:00:00,2005,12,19,23070,172.59,HOEP (Legacy)
2005-12-21 19:00:00,2005,12,20,22611,162.77,HOEP (Legacy)
2005-12-21 20:00:00,2005,12,21,22323,156.88,HOEP (Legacy)
2005-12-21 21:00:00,2005,12,22,21699,132.88,HOEP (Legacy)
2005-12-21 22:00:00,2005,12,23,20273,84.11,HOEP (Legacy)
2005-12-21 23:00:00,2005,12,24,18661,88.33,HOEP (Legacy)
2005-12-22 00:00:00,2005,12,1,17608,109.04,HOEP (Legacy)
2005-12-22 01:00:00,2005,12,2,17265,100.5,HOEP (Legacy)
2005-12-22 02:00:00,2005,12,3,16920,107.03,HOEP (Legacy)
2005-12-22 03:00:00,2005,12,4,16743,90.52,HOEP (Legacy)
2005-12-22 04:00:00,2005,12,5,16681,101.83,HOEP (Legacy)
2005-12-22 05:00:00,2005,12,6,17214,114.36,HOEP (Legacy)
2005-12-22 06:00:00,2005,12,7,18411,58.86,HOEP (Legacy)
2005-12-22 07:00:00,2005,12,8,20405,71.01,HOEP (Legacy)
2005-12-22 08:00:00,2005,12,9,21188,61.52,HOEP (Legacy)
2005-12-22 09:00:00,2005,12,10,21093,175.84,HOEP (Legacy)
2005-12-22 10:00:00,2005,12,11,21036,104.74,HOEP (Legacy)
2005-12-22 11:00:00,2005,12,12,21198,123.29,HOEP (Legacy)
2005-12-22 12:00:00,2005,12,13,20408,111.44,HOEP (Legacy)
2005-12-22 13:00:00,2005,12,14,20261,60.44,HOEP (Legacy)
2005-12-22 14:00:00,2005,12,15,20222,60.22,HOEP (Legacy)
2005-12-22 15:00:00,2005,12,16,20425,55.9,HOEP (Legacy)
2005-12-22 16:00:00,2005,12,17,21385,62.5,HOEP (Legacy)
2005-12-22 17:00:00,2005,12,18,22686,119.16,HOEP (Legacy)
2005-12-22 18:00:00,2005,12,19,22643,155.82,HOEP (Legacy)
2005-12-22 19:00:00,2005,12,20,22073,109.08,HOEP (Legacy)
2005-12-22 20:00:00,2005,12,21,21593,83.6,HOEP (Legacy)
2005-12-22 21:00:00,2005,12,22,20988,91.93,HOEP (Legacy)
2005-12-22 22:00:00,2005,12,23,19682,66.31,HOEP (Legacy)
2005-12-22 23:00:00,2005,12,24,17974,96.58,HOEP (Legacy)
2005-12-23 00:00:00,2005,12,1,16702,70.41,HOEP (Legacy)
2005-12-23 01:00:00,2005,12,2,16174,52.84,HOEP (Legacy)
2005-12-23 02:00:00,2005,12,3,15609,47.87,HOEP (Legacy)
2005-12-23 03:00:00,2005,12,4,15393,46.38,HOEP (Legacy)
2005-12-23 04:00:00,2005,12,5,15458,47.19,HOEP (Legacy)
2005-12-23 05:00:00,2005,12,6,15943,47.08,HOEP (Legacy)
2005-12-23 06:00:00,2005,12,7,16955,52.37,HOEP (Legacy)
2005-12-23 07:00:00,2005,12,8,18535,69.51,HOEP (Legacy)
2005-12-23 08:00:00,2005,12,9,19151,139.24,HOEP (Legacy)
2005-12-23 09:00:00,2005,12,10,19604,178.65,HOEP (Legacy)
2005-12-23 10:00:00,2005,12,11,19741,122.04,HOEP (Legacy)
2005-12-23 11:00:00,2005,12,12,19699,152.93,HOEP (Legacy)
2005-12-23 12:00:00,2005,12,13,19419,65.52,HOEP (Legacy)
2005-12-23 13:00:00,2005,12,14,19081,57.37,HOEP (Legacy)
2005-12-23 14:00:00,2005,12,15,18875,49.19,HOEP (Legacy)
2005-12-23 15:00:00,2005,12,16,18612,48.94,HOEP (Legacy)
2005-12-23 16:00:00,2005,12,17,19409,57.04,HOEP (Legacy)
2005-12-23 17:00:00,2005,12,18,20917,83.37,HOEP (Legacy)
2005-12-23 18:00:00,2005,12,19,20650,91.69,HOEP (Legacy)
2005-12-23 19:00:00,2005,12,20,20192,64.92,HOEP (Legacy)
2005-12-23 20:00:00,2005,12,21,19585,63.37,HOEP (Legacy)
2005-12-23 21:00:00,2005,12,22,18799,54.55,HOEP (Legacy)
2005-12-23 22:00:00,2005,12,23,17738,55.63,HOEP (Legacy)
2005-12-23 23:00:00,2005,12,24,16446,50.53,HOEP (Legacy)
2005-12-24 00:00:00,2005,12,1,15199,47.14,HOEP (Legacy)
2005-12-24 01:00:00,2005,12,2,14394,45.17,HOEP (Legacy)
2005-12-24 02:00:00,2005,12,3,13935,42.2,HOEP (Legacy)
2005-12-24 03:00:00,2005,12,4,13769,35.45,HOEP (Legacy)
2005-12-24 04:00:00,2005,12,5,13779,33.44,HOEP (Legacy)
2005-12-24 05:00:00,2005,12,6,13822,35.37,HOEP (Legacy)
2005-12-24 06:00:00,2005,12,7,14107,31.22,HOEP (Legacy)
2005-12-24 07:00:00,2005,12,8,14797,31.72,HOEP (Legacy)
2005-12-24 08:00:00,2005,12,9,15635,42.02,HOEP (Legacy)
2005-12-24 09:00:00,2005,12,10,16665,44.22,HOEP (Legacy)
2005-12-24 10:00:00,2005,12,11,17005,44.87,HOEP (Legacy)
2005-12-24 11:00:00,2005,12,12,17020,44.93,HOEP (Legacy)
2005-12-24 12:00:00,2005,12,13,16854,43.78,HOEP (Legacy)
2005-12-24 13:00:00,2005,12,14,16543,41.48,HOEP (Legacy)
2005-12-24 14:00:00,2005,12,15,16311,35.98,HOEP (Legacy)
2005-12-24 15:00:00,2005,12,16,16518,42.7,HOEP (Legacy)
2005-12-24 16:00:00,2005,12,17,17250,43.94,HOEP (Legacy)
2005-12-24 17:00:00,2005,12,18,18663,46.83,HOEP (Legacy)
2005-12-24 18:00:00,2005,12,19,17651,45.16,HOEP (Legacy)
2005-12-24 19:00:00,2005,12,20,16995,44.45,HOEP (Legacy)
2005-12-24 20:00:00,2005,12,21,16651,43.53,HOEP (Legacy)
2005-12-24 21:00:00,2005,12,22,16505,45.28,HOEP (Legacy)
2005-12-24 22:00:00,2005,12,23,16050,44.18,HOEP (Legacy)
2005-12-24 23:00:00,2005,12,24,15093,36.23,HOEP (Legacy)
2005-12-25 00:00:00,2005,12,1,14196,42.76,HOEP (Legacy)
2005-12-25 01:00:00,2005,12,2,13597,31.73,HOEP (Legacy)
2005-12-25 02:00:00,2005,12,3,12966,30.61,HOEP (Legacy)
2005-12-25 03:00:00,2005,12,4,12689,28.81,HOEP (Legacy)
2005-12-25 04:00:00,2005,12,5,12673,32.07,HOEP (Legacy)
2005-12-25 05:00:00,2005,12,6,12849,29.06,HOEP (Legacy)
2005-12-25 06:00:00,2005,12,7,13232,33.39,HOEP (Legacy)
2005-12-25 07:00:00,2005,12,8,14080,45.53,HOEP (Legacy)
2005-12-25 08:00:00,2005,12,9,14834,46.75,HOEP (Legacy)
2005-12-25 09:00:00,2005,12,10,15512,42.03,HOEP (Legacy)
2005-12-25 10:00:00,2005,12,11,15779,37.06,HOEP (Legacy)
2005-12-25 11:00:00,2005,12,12,15878,34.24,HOEP (Legacy)
2005-12-25 12:00:00,2005,12,13,16035,37.93,HOEP (Legacy)
2005-12-25 13:00:00,2005,12,14,15951,36.9,HOEP (Legacy)
2005-12-25 14:00:00,2005,12,15,15681,36.46,HOEP (Legacy)
2005-12-25 15:00:00,2005,12,16,15658,32.01,HOEP (Legacy)
2005-12-25 16:00:00,2005,12,17,16360,39.26,HOEP (Legacy)
2005-12-25 17:00:00,2005,12,18,17093,44.35,HOEP (Legacy)
2005-12-25 18:00:00,2005,12,19,16569,32.02,HOEP (Legacy)
2005-12-25 19:00:00,2005,12,20,16303,34.66,HOEP (Legacy)
2005-12-25 20:00:00,2005,12,21,16335,34.67,HOEP (Legacy)
2005-12-25 21:00:00,2005,12,22,16320,34.63,HOEP (Legacy)
2005-12-25 22:00:00,2005,12,23,15873,37.85,HOEP (Legacy)
2005-12-25 23:00:00,2005,12,24,14990,33.88,HOEP (Legacy)
2005-12-26 00:00:00,2005,12,1,14127,32.24,HOEP (Legacy)
2005-12-26 01:00:00,2005,12,2,13498,23.03,HOEP (Legacy)
2005-12-26 02:00:00,2005,12,3,13157,32.3,HOEP (Legacy)
2005-12-26 03:00:00,2005,12,4,13071,33.38,HOEP (Legacy)
2005-12-26 04:00:00,2005,12,5,13140,32.51,HOEP (Legacy)
2005-12-26 05:00:00,2005,12,6,13412,33.7,HOEP (Legacy)
2005-12-26 06:00:00,2005,12,7,13674,33.71,HOEP (Legacy)
2005-12-26 07:00:00,2005,12,8,14219,36.96,HOEP (Legacy)
2005-12-26 08:00:00,2005,12,9,14871,31.72,HOEP (Legacy)
2005-12-26 09:00:00,2005,12,10,15594,32.58,HOEP (Legacy)
2005-12-26 10:00:00,2005,12,11,16223,34.9,HOEP (Legacy)
2005-12-26 11:00:00,2005,12,12,16503,31.08,HOEP (Legacy)
2005-12-26 12:00:00,2005,12,13,16586,33.35,HOEP (Legacy)
2005-12-26 13:00:00,2005,12,14,16211,32.04,HOEP (Legacy)
2005-12-26 14:00:00,2005,12,15,16080,32.37,HOEP (Legacy)
2005-12-26 15:00:00,2005,12,16,16295,31.94,HOEP (Legacy)
2005-12-26 16:00:00,2005,12,17,17125,30.3,HOEP (Legacy)
2005-12-26 17:00:00,2005,12,18,18585,46.03,HOEP (Legacy)
2005-12-26 18:00:00,2005,12,19,18394,46.48,HOEP (Legacy)
2005-12-26 19:00:00,2005,12,20,17840,46.08,HOEP (Legacy)
2005-12-26 20:00:00,2005,12,21,17640,46.04,HOEP (Legacy)
2005-12-26 21:00:00,2005,12,22,17156,46.26,HOEP (Legacy)
2005-12-26 22:00:00,2005,12,23,16366,38.22,HOEP (Legacy)
2005-12-26 23:00:00,2005,12,24,15382,36.18,HOEP (Legacy)
2005-12-27 00:00:00,2005,12,1,14325,38.39,HOEP (Legacy)
2005-12-27 01:00:00,2005,12,2,14029,33.79,HOEP (Legacy)
2005-12-27 02:00:00,2005,12,3,13669,32.96,HOEP (Legacy)
2005-12-27 03:00:00,2005,12,4,13597,34.9,HOEP (Legacy)
2005-12-27 04:00:00,2005,12,5,13734,37.83,HOEP (Legacy)
2005-12-27 05:00:00,2005,12,6,14130,44.27,HOEP (Legacy)
2005-12-27 06:00:00,2005,12,7,14679,40.18,HOEP (Legacy)
2005-12-27 07:00:00,2005,12,8,15352,30.76,HOEP (Legacy)
2005-12-27 08:00:00,2005,12,9,16028,34.72,HOEP (Legacy)
2005-12-27 09:00:00,2005,12,10,16813,46.4,HOEP (Legacy)
2005-12-27 10:00:00,2005,12,11,17353,44.35,HOEP (Legacy)
2005-12-27 11:00:00,2005,12,12,17543,44.06,HOEP (Legacy)
2005-12-27 12:00:00,2005,12,13,17584,43.72,HOEP (Legacy)
2005-12-27 13:00:00,2005,12,14,17437,43.17,HOEP (Legacy)
2005-12-27 14:00:00,2005,12,15,17239,36.81,HOEP (Legacy)
2005-12-27 15:00:00,2005,12,16,17334,39.02,HOEP (Legacy)
2005-12-27 16:00:00,2005,12,17,18076,43.74,HOEP (Legacy)
2005-12-27 17:00:00,2005,12,18,19502,69.33,HOEP (Legacy)
2005-12-27 18:00:00,2005,12,19,19468,74.21,HOEP (Legacy)
2005-12-27 19:00:00,2005,12,20,19003,72.67,HOEP (Legacy)
2005-12-27 20:00:00,2005,12,21,18614,65.62,HOEP (Legacy)
2005-12-27 21:00:00,2005,12,22,17947,48.58,HOEP (Legacy)
2005-12-27 22:00:00,2005,12,23,16819,47.82,HOEP (Legacy)
2005-12-27 23:00:00,2005,12,24,15727,48.35,HOEP (Legacy)
2005-12-28 00:00:00,2005,12,1,14664,45.55,HOEP (Legacy)
2005-12-28 01:00:00,2005,12,2,14176,43.8,HOEP (Legacy)
2005-12-28 02:00:00,2005,12,3,13918,43.29,HOEP (Legacy)
2005-12-28 03:00:00,2005,12,4,13866,43.0,HOEP (Legacy)
2005-12-28 04:00:00,2005,12,5,13935,37.91,HOEP (Legacy)
2005-12-28 05:00:00,2005,12,6,14355,40.4,HOEP (Legacy)
2005-12-28 06:00:00,2005,12,7,15043,39.21,HOEP (Legacy)
2005-12-28 07:00:00,2005,12,8,16116,36.81,HOEP (Legacy)
2005-12-28 08:00:00,2005,12,9,17081,34.95,HOEP (Legacy)
2005-12-28 09:00:00,2005,12,10,17673,36.18,HOEP (Legacy)
2005-12-28 10:00:00,2005,12,11,18128,43.53,HOEP (Legacy)
2005-12-28 11:00:00,2005,12,12,18354,48.94,HOEP (Legacy)
2005-12-28 12:00:00,2005,12,13,18443,49.89,HOEP (Legacy)
2005-12-28 13:00:00,2005,12,14,18377,52.03,HOEP (Legacy)
2005-12-28 14:00:00,2005,12,15,18253,46.99,HOEP (Legacy)
2005-12-28 15:00:00,2005,12,16,18390,47.99,HOEP (Legacy)
2005-12-28 16:00:00,2005,12,17,19096,69.98,HOEP (Legacy)
2005-12-28 17:00:00,2005,12,18,20167,51.14,HOEP (Legacy)
2005-12-28 18:00:00,2005,12,19,20033,48.22,HOEP (Legacy)
2005-12-28 19:00:00,2005,12,20,19302,49.71,HOEP (Legacy)
2005-12-28 20:00:00,2005,12,21,18799,48.7,HOEP (Legacy)
2005-12-28 21:00:00,2005,12,22,18170,48.2,HOEP (Legacy)
2005-12-28 22:00:00,2005,12,23,16980,45.21,HOEP (Legacy)
2005-12-28 23:00:00,2005,12,24,15723,44.49,HOEP (Legacy)
2005-12-29 00:00:00,2005,12,1,14769,41.97,HOEP (Legacy)
2005-12-29 01:00:00,2005,12,2,14332,34.26,HOEP (Legacy)
2005-12-29 02:00:00,2005,12,3,14054,31.11,HOEP (Legacy)
2005-12-29 03:00:00,2005,12,4,13858,27.77,HOEP (Legacy)
2005-12-29 04:00:00,2005,12,5,14045,15.72,HOEP (Legacy)
2005-12-29 05:00:00,2005,12,6,14327,13.53,HOEP (Legacy)
2005-12-29 06:00:00,2005,12,7,15042,29.3,HOEP (Legacy)
2005-12-29 07:00:00,2005,12,8,16157,41.52,HOEP (Legacy)
2005-12-29 08:00:00,2005,12,9,16876,44.26,HOEP (Legacy)
2005-12-29 09:00:00,2005,12,10,17696,44.72,HOEP (Legacy)
2005-12-29 10:00:00,2005,12,11,18222,45.11,HOEP (Legacy)
2005-12-29 11:00:00,2005,12,12,18381,45.51,HOEP (Legacy)
2005-12-29 12:00:00,2005,12,13,18435,43.51,HOEP (Legacy)
2005-12-29 13:00:00,2005,12,14,18536,43.78,HOEP (Legacy)
2005-12-29 14:00:00,2005,12,15,18449,37.59,HOEP (Legacy)
2005-12-29 15:00:00,2005,12,16,18457,40.17,HOEP (Legacy)
2005-12-29 16:00:00,2005,12,17,19072,43.77,HOEP (Legacy)
2005-12-29 17:00:00,2005,12,18,20107,49.53,HOEP (Legacy)
2005-12-29 18:00:00,2005,12,19,20084,50.55,HOEP (Legacy)
2005-12-29 19:00:00,2005,12,20,19542,47.36,HOEP (Legacy)
2005-12-29 20:00:00,2005,12,21,19057,46.4,HOEP (Legacy)
2005-12-29 21:00:00,2005,12,22,18438,45.99,HOEP (Legacy)
2005-12-29 22:00:00,2005,12,23,17246,39.17,HOEP (Legacy)
2005-12-29 23:00:00,2005,12,24,16131,39.41,HOEP (Legacy)
2005-12-30 00:00:00,2005,12,1,15181,38.83,HOEP (Legacy)
2005-12-30 01:00:00,2005,12,2,14766,33.12,HOEP (Legacy)
2005-12-30 02:00:00,2005,12,3,14481,33.79,HOEP (Legacy)
2005-12-30 03:00:00,2005,12,4,14350,32.32,HOEP (Legacy)
2005-12-30 04:00:00,2005,12,5,14465,35.74,HOEP (Legacy)
2005-12-30 05:00:00,2005,12,6,14848,29.67,HOEP (Legacy)
2005-12-30 06:00:00,2005,12,7,15694,36.41,HOEP (Legacy)
2005-12-30 07:00:00,2005,12,8,16617,42.81,HOEP (Legacy)
2005-12-30 08:00:00,2005,12,9,17196,45.01,HOEP (Legacy)
2005-12-30 09:00:00,2005,12,10,17894,48.86,HOEP (Legacy)
2005-12-30 10:00:00,2005,12,11,18266,49.62,HOEP (Legacy)
2005-12-30 11:00:00,2005,12,12,18342,49.68,HOEP (Legacy)
2005-12-30 12:00:00,2005,12,13,18163,46.46,HOEP (Legacy)
2005-12-30 13:00:00,2005,12,14,17810,44.58,HOEP (Legacy)
2005-12-30 14:00:00,2005,12,15,17492,38.03,HOEP (Legacy)
2005-12-30 15:00:00,2005,12,16,17467,37.43,HOEP (Legacy)
2005-12-30 16:00:00,2005,12,17,18311,44.33,HOEP (Legacy)
2005-12-30 17:00:00,2005,12,18,19923,62.47,HOEP (Legacy)
2005-12-30 18:00:00,2005,12,19,20059,74.15,HOEP (Legacy)
2005-12-30 19:00:00,2005,12,20,19650,50.85,HOEP (Legacy)
2005-12-30 20:00:00,2005,12,21,19183,47.23,HOEP (Legacy)
2005-12-30 21:00:00,2005,12,22,18586,44.68,HOEP (Legacy)
2005-12-30 22:00:00,2005,12,23,17728,44.81,HOEP (Legacy)
2005-12-30 23:00:00,2005,12,24,16645,41.52,HOEP (Legacy)
2005-12-31 00:00:00,2005,12,1,15584,42.15,HOEP (Legacy)
2005-12-31 01:00:00,2005,12,2,15065,42.14,HOEP (Legacy)
2005-12-31 02:00:00,2005,12,3,14681,37.94,HOEP (Legacy)
2005-12-31 03:00:00,2005,12,4,14540,38.08,HOEP (Legacy)
2005-12-31 04:00:00,2005,12,5,14666,49.59,HOEP (Legacy)
2005-12-31 05:00:00,2005,12,6,15027,45.82,HOEP (Legacy)
2005-12-31 06:00:00,2005,12,7,15420,36.66,HOEP (Legacy)
2005-12-31 07:00:00,2005,12,8,15898,31.84,HOEP (Legacy)
2005-12-31 08:00:00,2005,12,9,16501,37.5,HOEP (Legacy)
2005-12-31 09:00:00,2005,12,10,17390,48.76,HOEP (Legacy)
2005-12-31 10:00:00,2005,12,11,18142,49.54,HOEP (Legacy)
2005-12-31 11:00:00,2005,12,12,18405,52.17,HOEP (Legacy)
2005-12-31 12:00:00,2005,12,13,18377,52.01,HOEP (Legacy)
2005-12-31 13:00:00,2005,12,14,18232,49.16,HOEP (Legacy)
2005-12-31 14:00:00,2005,12,15,18150,46.42,HOEP (Legacy)
2005-12-31 15:00:00,2005,12,16,18077,44.54,HOEP (Legacy)
2005-12-31 16:00:00,2005,12,17,18546,45.23,HOEP (Legacy)
2005-12-31 17:00:00,2005,12,18,19797,65.21,HOEP (Legacy)
2005-12-31 18:00:00,2005,12,19,19701,50.54,HOEP (Legacy)
2005-12-31 19:00:00,2005,12,20,18965,46.46,HOEP (Legacy)
2005-12-31 20:00:00,2005,12,21,18372,47.68,HOEP (Legacy)
2005-12-31 21:00:00,2005,12,22,17696,44.72,HOEP (Legacy)
2005-12-31 22:00:00,2005,12,23,17013,38.17,HOEP (Legacy)
2005-12-31 23:00:00,2005,12,24,16558,42.64,HOEP (Legacy)
