Timestamp,Year,Month,Hour,Ontario Demand,Market_Price,Price_Type
2023-01-01 00:00:00,2023,1,1,13514,14.42,HOEP (Legacy)
2023-01-01 01:00:00,2023,1,2,13225,19.21,HOEP (Legacy)
2023-01-01 02:00:00,2023,1,3,12726,14.5,HOEP (Legacy)
2023-01-01 03:00:00,2023,1,4,12629,26.26,HOEP (Legacy)
2023-01-01 04:00:00,2023,1,5,12625,35.78,HOEP (Legacy)
2023-01-01 05:00:00,2023,1,6,12636,14.49,HOEP (Legacy)
2023-01-01 06:00:00,2023,1,7,13051,40.2,HOEP (Legacy)
2023-01-01 07:00:00,2023,1,8,13396,31.48,HOEP (Legacy)
2023-01-01 08:00:00,2023,1,9,13773,25.53,HOEP (Legacy)
2023-01-01 09:00:00,2023,1,10,14035,39.56,HOEP (Legacy)
2023-01-01 10:00:00,2023,1,11,14381,37.47,HOEP (Legacy)
2023-01-01 11:00:00,2023,1,12,14973,39.6,HOEP (Legacy)
2023-01-01 12:00:00,2023,1,13,15298,39.71,HOEP (Legacy)
2023-01-01 13:00:00,2023,1,14,15519,44.1,HOEP (Legacy)
2023-01-01 14:00:00,2023,1,15,15690,42.13,HOEP (Legacy)
2023-01-01 15:00:00,2023,1,16,15961,45.3,HOEP (Legacy)
2023-01-01 16:00:00,2023,1,17,16131,39.77,HOEP (Legacy)
2023-01-01 17:00:00,2023,1,18,16705,39.72,HOEP (Legacy)
2023-01-01 18:00:00,2023,1,19,16251,39.47,HOEP (Legacy)
2023-01-01 19:00:00,2023,1,20,15980,34.18,HOEP (Legacy)
2023-01-01 20:00:00,2023,1,21,15559,43.31,HOEP (Legacy)
2023-01-01 21:00:00,2023,1,22,15066,39.24,HOEP (Legacy)
2023-01-01 22:00:00,2023,1,23,14337,27.98,HOEP (Legacy)
2023-01-01 23:00:00,2023,1,24,13723,20.85,HOEP (Legacy)
2023-01-02 00:00:00,2023,1,1,13207,18.97,HOEP (Legacy)
2023-01-02 01:00:00,2023,1,2,12755,14.33,HOEP (Legacy)
2023-01-02 02:00:00,2023,1,3,12724,14.51,HOEP (Legacy)
2023-01-02 03:00:00,2023,1,4,12603,38.58,HOEP (Legacy)
2023-01-02 04:00:00,2023,1,5,12634,22.8,HOEP (Legacy)
2023-01-02 05:00:00,2023,1,6,13116,31.24,HOEP (Legacy)
2023-01-02 06:00:00,2023,1,7,13894,35.4,HOEP (Legacy)
2023-01-02 07:00:00,2023,1,8,14481,29.08,HOEP (Legacy)
2023-01-02 08:00:00,2023,1,9,15073,37.5,HOEP (Legacy)
2023-01-02 09:00:00,2023,1,10,15469,39.64,HOEP (Legacy)
2023-01-02 10:00:00,2023,1,11,15821,40.11,HOEP (Legacy)
2023-01-02 11:00:00,2023,1,12,15911,40.0,HOEP (Legacy)
2023-01-02 12:00:00,2023,1,13,15724,39.51,HOEP (Legacy)
2023-01-02 13:00:00,2023,1,14,15792,44.05,HOEP (Legacy)
2023-01-02 14:00:00,2023,1,15,16215,42.05,HOEP (Legacy)
2023-01-02 15:00:00,2023,1,16,16429,41.04,HOEP (Legacy)
2023-01-02 16:00:00,2023,1,17,17131,43.41,HOEP (Legacy)
2023-01-02 17:00:00,2023,1,18,17837,44.54,HOEP (Legacy)
2023-01-02 18:00:00,2023,1,19,17493,43.9,HOEP (Legacy)
2023-01-02 19:00:00,2023,1,20,17198,43.45,HOEP (Legacy)
2023-01-02 20:00:00,2023,1,21,16845,41.78,HOEP (Legacy)
2023-01-02 21:00:00,2023,1,22,16172,40.72,HOEP (Legacy)
2023-01-02 22:00:00,2023,1,23,15365,31.45,HOEP (Legacy)
2023-01-02 23:00:00,2023,1,24,14599,41.89,HOEP (Legacy)
2023-01-03 00:00:00,2023,1,1,14212,46.66,HOEP (Legacy)
2023-01-03 01:00:00,2023,1,2,13851,37.11,HOEP (Legacy)
2023-01-03 02:00:00,2023,1,3,13512,14.35,HOEP (Legacy)
2023-01-03 03:00:00,2023,1,4,13423,14.38,HOEP (Legacy)
2023-01-03 04:00:00,2023,1,5,13607,18.7,HOEP (Legacy)
2023-01-03 05:00:00,2023,1,6,14026,14.35,HOEP (Legacy)
2023-01-03 06:00:00,2023,1,7,15140,37.44,HOEP (Legacy)
2023-01-03 07:00:00,2023,1,8,16024,37.42,HOEP (Legacy)
2023-01-03 08:00:00,2023,1,9,16590,42.7,HOEP (Legacy)
2023-01-03 09:00:00,2023,1,10,16869,42.6,HOEP (Legacy)
2023-01-03 10:00:00,2023,1,11,17526,47.27,HOEP (Legacy)
2023-01-03 11:00:00,2023,1,12,17686,44.9,HOEP (Legacy)
2023-01-03 12:00:00,2023,1,13,17506,43.7,HOEP (Legacy)
2023-01-03 13:00:00,2023,1,14,17608,45.34,HOEP (Legacy)
2023-01-03 14:00:00,2023,1,15,17741,45.9,HOEP (Legacy)
2023-01-03 15:00:00,2023,1,16,17836,37.48,HOEP (Legacy)
2023-01-03 16:00:00,2023,1,17,18219,42.05,HOEP (Legacy)
2023-01-03 17:00:00,2023,1,18,18857,43.34,HOEP (Legacy)
2023-01-03 18:00:00,2023,1,19,18325,41.69,HOEP (Legacy)
2023-01-03 19:00:00,2023,1,20,18049,39.73,HOEP (Legacy)
2023-01-03 20:00:00,2023,1,21,17631,39.38,HOEP (Legacy)
2023-01-03 21:00:00,2023,1,22,16955,41.07,HOEP (Legacy)
2023-01-03 22:00:00,2023,1,23,16143,64.31,HOEP (Legacy)
2023-01-03 23:00:00,2023,1,24,15411,73.3,HOEP (Legacy)
2023-01-04 00:00:00,2023,1,1,14802,41.68,HOEP (Legacy)
2023-01-04 01:00:00,2023,1,2,14121,38.36,HOEP (Legacy)
2023-01-04 02:00:00,2023,1,3,14024,34.49,HOEP (Legacy)
2023-01-04 03:00:00,2023,1,4,13945,13.39,HOEP (Legacy)
2023-01-04 04:00:00,2023,1,5,14000,38.8,HOEP (Legacy)
2023-01-04 05:00:00,2023,1,6,14464,36.8,HOEP (Legacy)
2023-01-04 06:00:00,2023,1,7,15370,28.8,HOEP (Legacy)
2023-01-04 07:00:00,2023,1,8,16107,21.12,HOEP (Legacy)
2023-01-04 08:00:00,2023,1,9,16820,35.76,HOEP (Legacy)
2023-01-04 09:00:00,2023,1,10,17395,37.23,HOEP (Legacy)
2023-01-04 10:00:00,2023,1,11,17666,39.43,HOEP (Legacy)
2023-01-04 11:00:00,2023,1,12,18050,39.24,HOEP (Legacy)
2023-01-04 12:00:00,2023,1,13,18051,39.98,HOEP (Legacy)
2023-01-04 13:00:00,2023,1,14,18109,37.45,HOEP (Legacy)
2023-01-04 14:00:00,2023,1,15,17945,38.56,HOEP (Legacy)
2023-01-04 15:00:00,2023,1,16,18210,37.32,HOEP (Legacy)
2023-01-04 16:00:00,2023,1,17,18671,38.51,HOEP (Legacy)
2023-01-04 17:00:00,2023,1,18,19267,38.67,HOEP (Legacy)
2023-01-04 18:00:00,2023,1,19,18694,37.34,HOEP (Legacy)
2023-01-04 19:00:00,2023,1,20,18212,37.37,HOEP (Legacy)
2023-01-04 20:00:00,2023,1,21,17778,36.73,HOEP (Legacy)
2023-01-04 21:00:00,2023,1,22,17081,36.62,HOEP (Legacy)
2023-01-04 22:00:00,2023,1,23,16445,36.53,HOEP (Legacy)
2023-01-04 23:00:00,2023,1,24,15574,15.5,HOEP (Legacy)
2023-01-05 00:00:00,2023,1,1,14756,12.96,HOEP (Legacy)
2023-01-05 01:00:00,2023,1,2,14373,12.31,HOEP (Legacy)
2023-01-05 02:00:00,2023,1,3,14129,14.31,HOEP (Legacy)
2023-01-05 03:00:00,2023,1,4,14221,14.35,HOEP (Legacy)
2023-01-05 04:00:00,2023,1,5,14436,27.34,HOEP (Legacy)
2023-01-05 05:00:00,2023,1,6,14885,31.4,HOEP (Legacy)
2023-01-05 06:00:00,2023,1,7,15683,35.72,HOEP (Legacy)
2023-01-05 07:00:00,2023,1,8,16527,39.66,HOEP (Legacy)
2023-01-05 08:00:00,2023,1,9,17235,39.01,HOEP (Legacy)
2023-01-05 09:00:00,2023,1,10,17635,37.47,HOEP (Legacy)
2023-01-05 10:00:00,2023,1,11,17873,56.28,HOEP (Legacy)
2023-01-05 11:00:00,2023,1,12,18206,70.98,HOEP (Legacy)
2023-01-05 12:00:00,2023,1,13,18245,46.09,HOEP (Legacy)
2023-01-05 13:00:00,2023,1,14,18099,47.71,HOEP (Legacy)
2023-01-05 14:00:00,2023,1,15,18078,43.51,HOEP (Legacy)
2023-01-05 15:00:00,2023,1,16,18307,43.0,HOEP (Legacy)
2023-01-05 16:00:00,2023,1,17,18612,47.32,HOEP (Legacy)
2023-01-05 17:00:00,2023,1,18,19055,49.38,HOEP (Legacy)
2023-01-05 18:00:00,2023,1,19,18649,47.51,HOEP (Legacy)
2023-01-05 19:00:00,2023,1,20,18193,43.19,HOEP (Legacy)
2023-01-05 20:00:00,2023,1,21,17962,44.64,HOEP (Legacy)
2023-01-05 21:00:00,2023,1,22,17263,40.88,HOEP (Legacy)
2023-01-05 22:00:00,2023,1,23,16407,40.63,HOEP (Legacy)
2023-01-05 23:00:00,2023,1,24,15611,40.62,HOEP (Legacy)
2023-01-06 00:00:00,2023,1,1,15069,42.38,HOEP (Legacy)
2023-01-06 01:00:00,2023,1,2,14572,41.2,HOEP (Legacy)
2023-01-06 02:00:00,2023,1,3,14298,43.44,HOEP (Legacy)
2023-01-06 03:00:00,2023,1,4,14212,43.16,HOEP (Legacy)
2023-01-06 04:00:00,2023,1,5,14277,37.47,HOEP (Legacy)
2023-01-06 05:00:00,2023,1,6,14857,37.26,HOEP (Legacy)
2023-01-06 06:00:00,2023,1,7,15726,43.2,HOEP (Legacy)
2023-01-06 07:00:00,2023,1,8,16598,43.36,HOEP (Legacy)
2023-01-06 08:00:00,2023,1,9,17336,44.55,HOEP (Legacy)
2023-01-06 09:00:00,2023,1,10,17782,43.83,HOEP (Legacy)
2023-01-06 10:00:00,2023,1,11,17923,43.52,HOEP (Legacy)
2023-01-06 11:00:00,2023,1,12,18039,43.59,HOEP (Legacy)
2023-01-06 12:00:00,2023,1,13,17926,43.49,HOEP (Legacy)
2023-01-06 13:00:00,2023,1,14,17758,43.48,HOEP (Legacy)
2023-01-06 14:00:00,2023,1,15,17655,43.02,HOEP (Legacy)
2023-01-06 15:00:00,2023,1,16,17706,43.44,HOEP (Legacy)
2023-01-06 16:00:00,2023,1,17,18054,46.35,HOEP (Legacy)
2023-01-06 17:00:00,2023,1,18,18448,46.76,HOEP (Legacy)
2023-01-06 18:00:00,2023,1,19,18115,45.91,HOEP (Legacy)
2023-01-06 19:00:00,2023,1,20,17860,43.11,HOEP (Legacy)
2023-01-06 20:00:00,2023,1,21,17556,42.31,HOEP (Legacy)
2023-01-06 21:00:00,2023,1,22,16993,43.11,HOEP (Legacy)
2023-01-06 22:00:00,2023,1,23,16234,40.51,HOEP (Legacy)
2023-01-06 23:00:00,2023,1,24,15256,41.73,HOEP (Legacy)
2023-01-07 00:00:00,2023,1,1,14640,40.63,HOEP (Legacy)
2023-01-07 01:00:00,2023,1,2,14205,36.27,HOEP (Legacy)
2023-01-07 02:00:00,2023,1,3,14086,30.23,HOEP (Legacy)
2023-01-07 03:00:00,2023,1,4,13912,18.35,HOEP (Legacy)
2023-01-07 04:00:00,2023,1,5,13968,47.65,HOEP (Legacy)
2023-01-07 05:00:00,2023,1,6,14076,38.82,HOEP (Legacy)
2023-01-07 06:00:00,2023,1,7,14535,32.79,HOEP (Legacy)
2023-01-07 07:00:00,2023,1,8,15238,42.06,HOEP (Legacy)
2023-01-07 08:00:00,2023,1,9,15797,42.38,HOEP (Legacy)
2023-01-07 09:00:00,2023,1,10,16231,42.65,HOEP (Legacy)
2023-01-07 10:00:00,2023,1,11,16747,42.9,HOEP (Legacy)
2023-01-07 11:00:00,2023,1,12,16771,42.98,HOEP (Legacy)
2023-01-07 12:00:00,2023,1,13,16723,42.87,HOEP (Legacy)
2023-01-07 13:00:00,2023,1,14,16583,42.55,HOEP (Legacy)
2023-01-07 14:00:00,2023,1,15,16630,41.97,HOEP (Legacy)
2023-01-07 15:00:00,2023,1,16,16870,39.36,HOEP (Legacy)
2023-01-07 16:00:00,2023,1,17,17509,44.98,HOEP (Legacy)
2023-01-07 17:00:00,2023,1,18,18406,45.58,HOEP (Legacy)
2023-01-07 18:00:00,2023,1,19,18348,44.74,HOEP (Legacy)
2023-01-07 19:00:00,2023,1,20,17953,42.02,HOEP (Legacy)
2023-01-07 20:00:00,2023,1,21,17595,42.52,HOEP (Legacy)
2023-01-07 21:00:00,2023,1,22,17003,41.52,HOEP (Legacy)
2023-01-07 22:00:00,2023,1,23,16358,40.68,HOEP (Legacy)
2023-01-07 23:00:00,2023,1,24,15639,39.34,HOEP (Legacy)
2023-01-08 00:00:00,2023,1,1,15137,39.78,HOEP (Legacy)
2023-01-08 01:00:00,2023,1,2,14748,39.87,HOEP (Legacy)
2023-01-08 02:00:00,2023,1,3,14523,44.69,HOEP (Legacy)
2023-01-08 03:00:00,2023,1,4,14392,51.23,HOEP (Legacy)
2023-01-08 04:00:00,2023,1,5,14379,39.15,HOEP (Legacy)
2023-01-08 05:00:00,2023,1,6,14613,35.44,HOEP (Legacy)
2023-01-08 06:00:00,2023,1,7,15026,38.56,HOEP (Legacy)
2023-01-08 07:00:00,2023,1,8,15544,39.69,HOEP (Legacy)
2023-01-08 08:00:00,2023,1,9,16013,45.1,HOEP (Legacy)
2023-01-08 09:00:00,2023,1,10,16549,41.01,HOEP (Legacy)
2023-01-08 10:00:00,2023,1,11,17092,44.64,HOEP (Legacy)
2023-01-08 11:00:00,2023,1,12,17321,47.92,HOEP (Legacy)
2023-01-08 12:00:00,2023,1,13,17395,42.52,HOEP (Legacy)
2023-01-08 13:00:00,2023,1,14,17376,41.8,HOEP (Legacy)
2023-01-08 14:00:00,2023,1,15,17473,41.3,HOEP (Legacy)
2023-01-08 15:00:00,2023,1,16,17725,40.34,HOEP (Legacy)
2023-01-08 16:00:00,2023,1,17,18328,65.73,HOEP (Legacy)
2023-01-08 17:00:00,2023,1,18,19152,84.38,HOEP (Legacy)
2023-01-08 18:00:00,2023,1,19,18682,64.17,HOEP (Legacy)
2023-01-08 19:00:00,2023,1,20,18248,53.37,HOEP (Legacy)
2023-01-08 20:00:00,2023,1,21,17850,42.09,HOEP (Legacy)
2023-01-08 21:00:00,2023,1,22,17163,41.16,HOEP (Legacy)
2023-01-08 22:00:00,2023,1,23,16286,39.43,HOEP (Legacy)
2023-01-08 23:00:00,2023,1,24,15292,38.33,HOEP (Legacy)
2023-01-09 00:00:00,2023,1,1,14655,12.86,HOEP (Legacy)
2023-01-09 01:00:00,2023,1,2,14339,14.34,HOEP (Legacy)
2023-01-09 02:00:00,2023,1,3,14290,14.35,HOEP (Legacy)
2023-01-09 03:00:00,2023,1,4,14174,14.36,HOEP (Legacy)
2023-01-09 04:00:00,2023,1,5,14485,14.33,HOEP (Legacy)
2023-01-09 05:00:00,2023,1,6,15099,14.34,HOEP (Legacy)
2023-01-09 06:00:00,2023,1,7,16075,37.19,HOEP (Legacy)
2023-01-09 07:00:00,2023,1,8,17521,42.17,HOEP (Legacy)
2023-01-09 08:00:00,2023,1,9,17806,40.38,HOEP (Legacy)
2023-01-09 09:00:00,2023,1,10,17600,38.73,HOEP (Legacy)
2023-01-09 10:00:00,2023,1,11,17561,38.67,HOEP (Legacy)
2023-01-09 11:00:00,2023,1,12,17633,37.92,HOEP (Legacy)
2023-01-09 12:00:00,2023,1,13,17423,35.15,HOEP (Legacy)
2023-01-09 13:00:00,2023,1,14,17551,38.47,HOEP (Legacy)
2023-01-09 14:00:00,2023,1,15,17505,14.44,HOEP (Legacy)
2023-01-09 15:00:00,2023,1,16,17924,18.84,HOEP (Legacy)
2023-01-09 16:00:00,2023,1,17,18786,38.42,HOEP (Legacy)
2023-01-09 17:00:00,2023,1,18,19207,38.68,HOEP (Legacy)
2023-01-09 18:00:00,2023,1,19,18700,38.67,HOEP (Legacy)
2023-01-09 19:00:00,2023,1,20,18453,38.48,HOEP (Legacy)
2023-01-09 20:00:00,2023,1,21,18176,38.53,HOEP (Legacy)
2023-01-09 21:00:00,2023,1,22,17483,38.43,HOEP (Legacy)
2023-01-09 22:00:00,2023,1,23,16751,38.52,HOEP (Legacy)
2023-01-09 23:00:00,2023,1,24,15696,30.29,HOEP (Legacy)
2023-01-10 00:00:00,2023,1,1,15064,39.82,HOEP (Legacy)
2023-01-10 01:00:00,2023,1,2,14717,26.36,HOEP (Legacy)
2023-01-10 02:00:00,2023,1,3,14571,30.4,HOEP (Legacy)
2023-01-10 03:00:00,2023,1,4,14546,39.01,HOEP (Legacy)
2023-01-10 04:00:00,2023,1,5,14831,42.25,HOEP (Legacy)
2023-01-10 05:00:00,2023,1,6,15423,41.78,HOEP (Legacy)
2023-01-10 06:00:00,2023,1,7,16628,46.7,HOEP (Legacy)
2023-01-10 07:00:00,2023,1,8,17957,119.54,HOEP (Legacy)
2023-01-10 08:00:00,2023,1,9,18329,78.43,HOEP (Legacy)
2023-01-10 09:00:00,2023,1,10,18250,46.85,HOEP (Legacy)
2023-01-10 10:00:00,2023,1,11,18254,50.47,HOEP (Legacy)
2023-01-10 11:00:00,2023,1,12,18123,49.31,HOEP (Legacy)
2023-01-10 12:00:00,2023,1,13,17743,43.07,HOEP (Legacy)
2023-01-10 13:00:00,2023,1,14,17429,40.27,HOEP (Legacy)
2023-01-10 14:00:00,2023,1,15,17396,40.65,HOEP (Legacy)
2023-01-10 15:00:00,2023,1,16,18179,43.11,HOEP (Legacy)
2023-01-10 16:00:00,2023,1,17,18889,50.93,HOEP (Legacy)
2023-01-10 17:00:00,2023,1,18,19651,57.77,HOEP (Legacy)
2023-01-10 18:00:00,2023,1,19,19417,58.34,HOEP (Legacy)
2023-01-10 19:00:00,2023,1,20,19026,49.87,HOEP (Legacy)
2023-01-10 20:00:00,2023,1,21,18491,48.91,HOEP (Legacy)
2023-01-10 21:00:00,2023,1,22,17479,46.2,HOEP (Legacy)
2023-01-10 22:00:00,2023,1,23,16735,43.21,HOEP (Legacy)
2023-01-10 23:00:00,2023,1,24,15924,38.96,HOEP (Legacy)
2023-01-11 00:00:00,2023,1,1,15294,32.05,HOEP (Legacy)
2023-01-11 01:00:00,2023,1,2,14867,14.36,HOEP (Legacy)
2023-01-11 02:00:00,2023,1,3,14892,14.36,HOEP (Legacy)
2023-01-11 03:00:00,2023,1,4,14781,37.05,HOEP (Legacy)
2023-01-11 04:00:00,2023,1,5,14908,44.99,HOEP (Legacy)
2023-01-11 05:00:00,2023,1,6,15397,37.2,HOEP (Legacy)
2023-01-11 06:00:00,2023,1,7,16673,43.78,HOEP (Legacy)
2023-01-11 07:00:00,2023,1,8,18248,47.34,HOEP (Legacy)
2023-01-11 08:00:00,2023,1,9,18691,47.79,HOEP (Legacy)
2023-01-11 09:00:00,2023,1,10,18618,47.17,HOEP (Legacy)
2023-01-11 10:00:00,2023,1,11,18604,48.01,HOEP (Legacy)
2023-01-11 11:00:00,2023,1,12,18476,48.17,HOEP (Legacy)
2023-01-11 12:00:00,2023,1,13,18597,49.97,HOEP (Legacy)
2023-01-11 13:00:00,2023,1,14,18459,41.45,HOEP (Legacy)
2023-01-11 14:00:00,2023,1,15,18281,37.85,HOEP (Legacy)
2023-01-11 15:00:00,2023,1,16,18692,41.62,HOEP (Legacy)
2023-01-11 16:00:00,2023,1,17,19176,40.95,HOEP (Legacy)
2023-01-11 17:00:00,2023,1,18,19623,41.03,HOEP (Legacy)
2023-01-11 18:00:00,2023,1,19,19203,41.74,HOEP (Legacy)
2023-01-11 19:00:00,2023,1,20,18965,42.03,HOEP (Legacy)
2023-01-11 20:00:00,2023,1,21,18697,42.7,HOEP (Legacy)
2023-01-11 21:00:00,2023,1,22,18062,41.98,HOEP (Legacy)
2023-01-11 22:00:00,2023,1,23,17082,39.9,HOEP (Legacy)
2023-01-11 23:00:00,2023,1,24,16176,37.75,HOEP (Legacy)
2023-01-12 00:00:00,2023,1,1,15293,45.31,HOEP (Legacy)
2023-01-12 01:00:00,2023,1,2,14789,33.64,HOEP (Legacy)
2023-01-12 02:00:00,2023,1,3,14549,30.0,HOEP (Legacy)
2023-01-12 03:00:00,2023,1,4,14586,13.01,HOEP (Legacy)
2023-01-12 04:00:00,2023,1,5,14851,29.76,HOEP (Legacy)
2023-01-12 05:00:00,2023,1,6,15282,39.23,HOEP (Legacy)
2023-01-12 06:00:00,2023,1,7,16453,44.1,HOEP (Legacy)
2023-01-12 07:00:00,2023,1,8,17815,51.81,HOEP (Legacy)
2023-01-12 08:00:00,2023,1,9,18383,48.87,HOEP (Legacy)
2023-01-12 09:00:00,2023,1,10,18379,40.36,HOEP (Legacy)
2023-01-12 10:00:00,2023,1,11,18432,41.26,HOEP (Legacy)
2023-01-12 11:00:00,2023,1,12,18685,48.23,HOEP (Legacy)
2023-01-12 12:00:00,2023,1,13,18659,50.68,HOEP (Legacy)
2023-01-12 13:00:00,2023,1,14,18410,43.62,HOEP (Legacy)
2023-01-12 14:00:00,2023,1,15,18208,38.76,HOEP (Legacy)
2023-01-12 15:00:00,2023,1,16,18292,37.33,HOEP (Legacy)
2023-01-12 16:00:00,2023,1,17,18612,34.4,HOEP (Legacy)
2023-01-12 17:00:00,2023,1,18,19037,33.92,HOEP (Legacy)
2023-01-12 18:00:00,2023,1,19,18532,35.77,HOEP (Legacy)
2023-01-12 19:00:00,2023,1,20,18478,36.63,HOEP (Legacy)
2023-01-12 20:00:00,2023,1,21,18230,32.5,HOEP (Legacy)
2023-01-12 21:00:00,2023,1,22,17553,20.73,HOEP (Legacy)
2023-01-12 22:00:00,2023,1,23,16757,12.82,HOEP (Legacy)
2023-01-12 23:00:00,2023,1,24,15758,13.29,HOEP (Legacy)
2023-01-13 00:00:00,2023,1,1,14985,7.08,HOEP (Legacy)
2023-01-13 01:00:00,2023,1,2,14614,12.51,HOEP (Legacy)
2023-01-13 02:00:00,2023,1,3,14532,14.36,HOEP (Legacy)
2023-01-13 03:00:00,2023,1,4,14410,27.42,HOEP (Legacy)
2023-01-13 04:00:00,2023,1,5,14623,18.94,HOEP (Legacy)
2023-01-13 05:00:00,2023,1,6,15186,12.22,HOEP (Legacy)
2023-01-13 06:00:00,2023,1,7,16306,35.07,HOEP (Legacy)
2023-01-13 07:00:00,2023,1,8,17655,38.97,HOEP (Legacy)
2023-01-13 08:00:00,2023,1,9,18318,43.23,HOEP (Legacy)
2023-01-13 09:00:00,2023,1,10,18343,43.32,HOEP (Legacy)
2023-01-13 10:00:00,2023,1,11,18749,43.29,HOEP (Legacy)
2023-01-13 11:00:00,2023,1,12,19013,41.67,HOEP (Legacy)
2023-01-13 12:00:00,2023,1,13,18867,40.19,HOEP (Legacy)
2023-01-13 13:00:00,2023,1,14,18592,42.33,HOEP (Legacy)
2023-01-13 14:00:00,2023,1,15,18495,38.23,HOEP (Legacy)
2023-01-13 15:00:00,2023,1,16,18539,39.57,HOEP (Legacy)
2023-01-13 16:00:00,2023,1,17,18915,36.66,HOEP (Legacy)
2023-01-13 17:00:00,2023,1,18,19393,39.31,HOEP (Legacy)
2023-01-13 18:00:00,2023,1,19,19218,40.21,HOEP (Legacy)
2023-01-13 19:00:00,2023,1,20,18874,38.94,HOEP (Legacy)
2023-01-13 20:00:00,2023,1,21,18559,39.34,HOEP (Legacy)
2023-01-13 21:00:00,2023,1,22,17959,39.44,HOEP (Legacy)
2023-01-13 22:00:00,2023,1,23,17225,38.02,HOEP (Legacy)
2023-01-13 23:00:00,2023,1,24,16373,21.39,HOEP (Legacy)
2023-01-14 00:00:00,2023,1,1,15597,19.75,HOEP (Legacy)
2023-01-14 01:00:00,2023,1,2,15272,14.34,HOEP (Legacy)
2023-01-14 02:00:00,2023,1,3,15189,14.35,HOEP (Legacy)
2023-01-14 03:00:00,2023,1,4,15137,18.01,HOEP (Legacy)
2023-01-14 04:00:00,2023,1,5,15253,26.74,HOEP (Legacy)
2023-01-14 05:00:00,2023,1,6,15662,39.0,HOEP (Legacy)
2023-01-14 06:00:00,2023,1,7,16147,35.56,HOEP (Legacy)
2023-01-14 07:00:00,2023,1,8,16742,40.3,HOEP (Legacy)
2023-01-14 08:00:00,2023,1,9,17643,53.3,HOEP (Legacy)
2023-01-14 09:00:00,2023,1,10,18396,49.16,HOEP (Legacy)
2023-01-14 10:00:00,2023,1,11,18210,46.77,HOEP (Legacy)
2023-01-14 11:00:00,2023,1,12,18037,43.96,HOEP (Legacy)
2023-01-14 12:00:00,2023,1,13,17571,38.48,HOEP (Legacy)
2023-01-14 13:00:00,2023,1,14,16988,35.68,HOEP (Legacy)
2023-01-14 14:00:00,2023,1,15,16726,35.72,HOEP (Legacy)
2023-01-14 15:00:00,2023,1,16,17161,34.06,HOEP (Legacy)
2023-01-14 16:00:00,2023,1,17,17953,37.01,HOEP (Legacy)
2023-01-14 17:00:00,2023,1,18,19244,47.42,HOEP (Legacy)
2023-01-14 18:00:00,2023,1,19,19181,43.56,HOEP (Legacy)
2023-01-14 19:00:00,2023,1,20,18548,38.0,HOEP (Legacy)
2023-01-14 20:00:00,2023,1,21,18115,40.06,HOEP (Legacy)
2023-01-14 21:00:00,2023,1,22,17509,38.2,HOEP (Legacy)
2023-01-14 22:00:00,2023,1,23,16861,37.58,HOEP (Legacy)
2023-01-14 23:00:00,2023,1,24,16347,37.73,HOEP (Legacy)
2023-01-15 00:00:00,2023,1,1,15659,33.39,HOEP (Legacy)
2023-01-15 01:00:00,2023,1,2,15302,34.08,HOEP (Legacy)
2023-01-15 02:00:00,2023,1,3,15155,32.61,HOEP (Legacy)
2023-01-15 03:00:00,2023,1,4,15126,30.87,HOEP (Legacy)
2023-01-15 04:00:00,2023,1,5,15177,14.35,HOEP (Legacy)
2023-01-15 05:00:00,2023,1,6,15394,18.77,HOEP (Legacy)
2023-01-15 06:00:00,2023,1,7,15711,35.28,HOEP (Legacy)
2023-01-15 07:00:00,2023,1,8,16299,35.74,HOEP (Legacy)
2023-01-15 08:00:00,2023,1,9,16839,36.74,HOEP (Legacy)
2023-01-15 09:00:00,2023,1,10,16961,37.06,HOEP (Legacy)
2023-01-15 10:00:00,2023,1,11,17013,35.7,HOEP (Legacy)
2023-01-15 11:00:00,2023,1,12,17012,37.11,HOEP (Legacy)
2023-01-15 12:00:00,2023,1,13,16596,35.89,HOEP (Legacy)
2023-01-15 13:00:00,2023,1,14,16537,32.09,HOEP (Legacy)
2023-01-15 14:00:00,2023,1,15,16528,33.04,HOEP (Legacy)
2023-01-15 15:00:00,2023,1,16,16902,30.06,HOEP (Legacy)
2023-01-15 16:00:00,2023,1,17,17812,35.11,HOEP (Legacy)
2023-01-15 17:00:00,2023,1,18,18942,36.05,HOEP (Legacy)
2023-01-15 18:00:00,2023,1,19,18962,36.08,HOEP (Legacy)
2023-01-15 19:00:00,2023,1,20,18322,34.72,HOEP (Legacy)
2023-01-15 20:00:00,2023,1,21,17974,34.99,HOEP (Legacy)
2023-01-15 21:00:00,2023,1,22,17345,32.02,HOEP (Legacy)
2023-01-15 22:00:00,2023,1,23,16441,22.56,HOEP (Legacy)
2023-01-15 23:00:00,2023,1,24,15473,10.3,HOEP (Legacy)
2023-01-16 00:00:00,2023,1,1,15127,12.72,HOEP (Legacy)
2023-01-16 01:00:00,2023,1,2,14995,13.4,HOEP (Legacy)
2023-01-16 02:00:00,2023,1,3,14663,13.34,HOEP (Legacy)
2023-01-16 03:00:00,2023,1,4,14718,13.48,HOEP (Legacy)
2023-01-16 04:00:00,2023,1,5,14929,13.31,HOEP (Legacy)
2023-01-16 05:00:00,2023,1,6,15409,13.31,HOEP (Legacy)
2023-01-16 06:00:00,2023,1,7,16462,31.88,HOEP (Legacy)
2023-01-16 07:00:00,2023,1,8,18238,38.18,HOEP (Legacy)
2023-01-16 08:00:00,2023,1,9,18887,43.03,HOEP (Legacy)
2023-01-16 09:00:00,2023,1,10,18317,35.9,HOEP (Legacy)
2023-01-16 10:00:00,2023,1,11,17840,36.53,HOEP (Legacy)
2023-01-16 11:00:00,2023,1,12,17412,36.12,HOEP (Legacy)
2023-01-16 12:00:00,2023,1,13,17108,36.92,HOEP (Legacy)
2023-01-16 13:00:00,2023,1,14,17101,37.8,HOEP (Legacy)
2023-01-16 14:00:00,2023,1,15,17338,30.46,HOEP (Legacy)
2023-01-16 15:00:00,2023,1,16,17568,33.64,HOEP (Legacy)
2023-01-16 16:00:00,2023,1,17,18473,36.49,HOEP (Legacy)
2023-01-16 17:00:00,2023,1,18,19218,37.79,HOEP (Legacy)
2023-01-16 18:00:00,2023,1,19,18877,30.66,HOEP (Legacy)
2023-01-16 19:00:00,2023,1,20,18522,14.39,HOEP (Legacy)
2023-01-16 20:00:00,2023,1,21,18195,14.37,HOEP (Legacy)
2023-01-16 21:00:00,2023,1,22,17536,12.95,HOEP (Legacy)
2023-01-16 22:00:00,2023,1,23,16534,9.1,HOEP (Legacy)
2023-01-16 23:00:00,2023,1,24,15630,2.2,HOEP (Legacy)
2023-01-17 00:00:00,2023,1,1,15092,0.82,HOEP (Legacy)
2023-01-17 01:00:00,2023,1,2,14694,0.0,HOEP (Legacy)
2023-01-17 02:00:00,2023,1,3,14543,3.7,HOEP (Legacy)
2023-01-17 03:00:00,2023,1,4,14439,0.47,HOEP (Legacy)
2023-01-17 04:00:00,2023,1,5,14647,3.47,HOEP (Legacy)
2023-01-17 05:00:00,2023,1,6,15107,21.01,HOEP (Legacy)
2023-01-17 06:00:00,2023,1,7,16464,36.87,HOEP (Legacy)
2023-01-17 07:00:00,2023,1,8,17715,36.59,HOEP (Legacy)
2023-01-17 08:00:00,2023,1,9,18252,36.97,HOEP (Legacy)
2023-01-17 09:00:00,2023,1,10,18148,13.72,HOEP (Legacy)
2023-01-17 10:00:00,2023,1,11,18205,28.76,HOEP (Legacy)
2023-01-17 11:00:00,2023,1,12,18334,36.81,HOEP (Legacy)
2023-01-17 12:00:00,2023,1,13,18087,31.55,HOEP (Legacy)
2023-01-17 13:00:00,2023,1,14,18209,37.5,HOEP (Legacy)
2023-01-17 14:00:00,2023,1,15,18458,35.87,HOEP (Legacy)
2023-01-17 15:00:00,2023,1,16,18343,36.91,HOEP (Legacy)
2023-01-17 16:00:00,2023,1,17,18434,29.87,HOEP (Legacy)
2023-01-17 17:00:00,2023,1,18,19275,37.18,HOEP (Legacy)
2023-01-17 18:00:00,2023,1,19,18766,36.32,HOEP (Legacy)
2023-01-17 19:00:00,2023,1,20,18382,37.36,HOEP (Legacy)
2023-01-17 20:00:00,2023,1,21,17799,37.07,HOEP (Legacy)
2023-01-17 21:00:00,2023,1,22,17053,19.08,HOEP (Legacy)
2023-01-17 22:00:00,2023,1,23,16022,10.12,HOEP (Legacy)
2023-01-17 23:00:00,2023,1,24,15092,2.37,HOEP (Legacy)
2023-01-18 00:00:00,2023,1,1,14461,0.0,HOEP (Legacy)
2023-01-18 01:00:00,2023,1,2,14071,0.0,HOEP (Legacy)
2023-01-18 02:00:00,2023,1,3,13892,0.0,HOEP (Legacy)
2023-01-18 03:00:00,2023,1,4,13812,0.0,HOEP (Legacy)
2023-01-18 04:00:00,2023,1,5,14051,3.77,HOEP (Legacy)
2023-01-18 05:00:00,2023,1,6,14818,9.42,HOEP (Legacy)
2023-01-18 06:00:00,2023,1,7,16032,26.36,HOEP (Legacy)
2023-01-18 07:00:00,2023,1,8,17433,34.69,HOEP (Legacy)
2023-01-18 08:00:00,2023,1,9,17913,32.7,HOEP (Legacy)
2023-01-18 09:00:00,2023,1,10,17919,32.33,HOEP (Legacy)
2023-01-18 10:00:00,2023,1,11,17992,38.57,HOEP (Legacy)
2023-01-18 11:00:00,2023,1,12,17857,41.03,HOEP (Legacy)
2023-01-18 12:00:00,2023,1,13,17871,40.99,HOEP (Legacy)
2023-01-18 13:00:00,2023,1,14,17863,38.82,HOEP (Legacy)
2023-01-18 14:00:00,2023,1,15,17836,37.26,HOEP (Legacy)
2023-01-18 15:00:00,2023,1,16,17927,38.26,HOEP (Legacy)
2023-01-18 16:00:00,2023,1,17,18429,39.2,HOEP (Legacy)
2023-01-18 17:00:00,2023,1,18,19250,326.76,HOEP (Legacy)
2023-01-18 18:00:00,2023,1,19,18603,38.66,HOEP (Legacy)
2023-01-18 19:00:00,2023,1,20,18226,38.39,HOEP (Legacy)
2023-01-18 20:00:00,2023,1,21,17884,37.4,HOEP (Legacy)
2023-01-18 21:00:00,2023,1,22,17301,38.56,HOEP (Legacy)
2023-01-18 22:00:00,2023,1,23,16494,38.61,HOEP (Legacy)
2023-01-18 23:00:00,2023,1,24,15560,43.08,HOEP (Legacy)
2023-01-19 00:00:00,2023,1,1,14814,48.25,HOEP (Legacy)
2023-01-19 01:00:00,2023,1,2,14141,9.54,HOEP (Legacy)
2023-01-19 02:00:00,2023,1,3,13857,7.27,HOEP (Legacy)
2023-01-19 03:00:00,2023,1,4,13698,11.63,HOEP (Legacy)
2023-01-19 04:00:00,2023,1,5,13932,14.35,HOEP (Legacy)
2023-01-19 05:00:00,2023,1,6,14646,1.36,HOEP (Legacy)
2023-01-19 06:00:00,2023,1,7,15756,6.16,HOEP (Legacy)
2023-01-19 07:00:00,2023,1,8,17231,15.96,HOEP (Legacy)
2023-01-19 08:00:00,2023,1,9,17829,30.68,HOEP (Legacy)
2023-01-19 09:00:00,2023,1,10,17998,34.01,HOEP (Legacy)
2023-01-19 10:00:00,2023,1,11,18268,37.84,HOEP (Legacy)
2023-01-19 11:00:00,2023,1,12,18607,38.13,HOEP (Legacy)
2023-01-19 12:00:00,2023,1,13,18625,38.25,HOEP (Legacy)
2023-01-19 13:00:00,2023,1,14,18484,37.37,HOEP (Legacy)
2023-01-19 14:00:00,2023,1,15,18477,34.07,HOEP (Legacy)
2023-01-19 15:00:00,2023,1,16,18856,37.04,HOEP (Legacy)
2023-01-19 16:00:00,2023,1,17,19378,39.21,HOEP (Legacy)
2023-01-19 17:00:00,2023,1,18,19562,39.5,HOEP (Legacy)
2023-01-19 18:00:00,2023,1,19,19142,38.99,HOEP (Legacy)
2023-01-19 19:00:00,2023,1,20,18808,38.51,HOEP (Legacy)
2023-01-19 20:00:00,2023,1,21,18387,35.61,HOEP (Legacy)
2023-01-19 21:00:00,2023,1,22,17483,35.25,HOEP (Legacy)
2023-01-19 22:00:00,2023,1,23,16504,19.33,HOEP (Legacy)
2023-01-19 23:00:00,2023,1,24,15480,14.8,HOEP (Legacy)
2023-01-20 00:00:00,2023,1,1,14761,14.36,HOEP (Legacy)
2023-01-20 01:00:00,2023,1,2,14525,14.36,HOEP (Legacy)
2023-01-20 02:00:00,2023,1,3,14406,14.38,HOEP (Legacy)
2023-01-20 03:00:00,2023,1,4,14317,16.07,HOEP (Legacy)
2023-01-20 04:00:00,2023,1,5,14480,23.6,HOEP (Legacy)
2023-01-20 05:00:00,2023,1,6,15117,25.72,HOEP (Legacy)
2023-01-20 06:00:00,2023,1,7,16414,34.25,HOEP (Legacy)
2023-01-20 07:00:00,2023,1,8,17481,34.11,HOEP (Legacy)
2023-01-20 08:00:00,2023,1,9,18353,40.19,HOEP (Legacy)
2023-01-20 09:00:00,2023,1,10,18693,40.4,HOEP (Legacy)
2023-01-20 10:00:00,2023,1,11,18611,40.32,HOEP (Legacy)
2023-01-20 11:00:00,2023,1,12,18221,36.8,HOEP (Legacy)
2023-01-20 12:00:00,2023,1,13,18050,36.54,HOEP (Legacy)
2023-01-20 13:00:00,2023,1,14,18093,34.18,HOEP (Legacy)
2023-01-20 14:00:00,2023,1,15,18225,14.36,HOEP (Legacy)
2023-01-20 15:00:00,2023,1,16,18125,26.37,HOEP (Legacy)
2023-01-20 16:00:00,2023,1,17,18484,32.31,HOEP (Legacy)
2023-01-20 17:00:00,2023,1,18,19097,36.28,HOEP (Legacy)
2023-01-20 18:00:00,2023,1,19,18936,35.84,HOEP (Legacy)
2023-01-20 19:00:00,2023,1,20,18559,35.57,HOEP (Legacy)
2023-01-20 20:00:00,2023,1,21,18267,43.24,HOEP (Legacy)
2023-01-20 21:00:00,2023,1,22,17769,37.26,HOEP (Legacy)
2023-01-20 22:00:00,2023,1,23,16947,39.46,HOEP (Legacy)
2023-01-20 23:00:00,2023,1,24,16072,38.18,HOEP (Legacy)
2023-01-21 00:00:00,2023,1,1,15310,42.06,HOEP (Legacy)
2023-01-21 01:00:00,2023,1,2,14828,36.61,HOEP (Legacy)
2023-01-21 02:00:00,2023,1,3,14439,33.82,HOEP (Legacy)
2023-01-21 03:00:00,2023,1,4,14337,31.15,HOEP (Legacy)
2023-01-21 04:00:00,2023,1,5,14308,28.22,HOEP (Legacy)
2023-01-21 05:00:00,2023,1,6,14569,19.17,HOEP (Legacy)
2023-01-21 06:00:00,2023,1,7,15131,28.68,HOEP (Legacy)
2023-01-21 07:00:00,2023,1,8,15992,27.89,HOEP (Legacy)
2023-01-21 08:00:00,2023,1,9,16757,35.07,HOEP (Legacy)
2023-01-21 09:00:00,2023,1,10,17480,38.77,HOEP (Legacy)
2023-01-21 10:00:00,2023,1,11,17924,41.28,HOEP (Legacy)
2023-01-21 11:00:00,2023,1,12,18164,43.23,HOEP (Legacy)
2023-01-21 12:00:00,2023,1,13,17913,38.85,HOEP (Legacy)
2023-01-21 13:00:00,2023,1,14,17609,38.24,HOEP (Legacy)
2023-01-21 14:00:00,2023,1,15,17510,38.11,HOEP (Legacy)
2023-01-21 15:00:00,2023,1,16,17548,37.73,HOEP (Legacy)
2023-01-21 16:00:00,2023,1,17,18041,39.15,HOEP (Legacy)
2023-01-21 17:00:00,2023,1,18,18387,41.84,HOEP (Legacy)
2023-01-21 18:00:00,2023,1,19,18128,37.57,HOEP (Legacy)
2023-01-21 19:00:00,2023,1,20,17813,36.9,HOEP (Legacy)
2023-01-21 20:00:00,2023,1,21,17284,36.78,HOEP (Legacy)
2023-01-21 21:00:00,2023,1,22,16702,36.8,HOEP (Legacy)
2023-01-21 22:00:00,2023,1,23,15981,35.65,HOEP (Legacy)
2023-01-21 23:00:00,2023,1,24,15238,31.84,HOEP (Legacy)
2023-01-22 00:00:00,2023,1,1,14646,35.94,HOEP (Legacy)
2023-01-22 01:00:00,2023,1,2,14444,34.84,HOEP (Legacy)
2023-01-22 02:00:00,2023,1,3,14018,14.38,HOEP (Legacy)
2023-01-22 03:00:00,2023,1,4,13919,14.38,HOEP (Legacy)
2023-01-22 04:00:00,2023,1,5,14083,31.46,HOEP (Legacy)
2023-01-22 05:00:00,2023,1,6,14190,18.27,HOEP (Legacy)
2023-01-22 06:00:00,2023,1,7,14358,24.98,HOEP (Legacy)
2023-01-22 07:00:00,2023,1,8,14990,17.8,HOEP (Legacy)
2023-01-22 08:00:00,2023,1,9,15749,35.5,HOEP (Legacy)
2023-01-22 09:00:00,2023,1,10,16435,33.15,HOEP (Legacy)
2023-01-22 10:00:00,2023,1,11,16894,36.43,HOEP (Legacy)
2023-01-22 11:00:00,2023,1,12,17468,37.38,HOEP (Legacy)
2023-01-22 12:00:00,2023,1,13,17692,37.7,HOEP (Legacy)
2023-01-22 13:00:00,2023,1,14,17625,38.74,HOEP (Legacy)
2023-01-22 14:00:00,2023,1,15,17596,37.6,HOEP (Legacy)
2023-01-22 15:00:00,2023,1,16,17743,37.58,HOEP (Legacy)
2023-01-22 16:00:00,2023,1,17,18171,40.65,HOEP (Legacy)
2023-01-22 17:00:00,2023,1,18,18824,50.2,HOEP (Legacy)
2023-01-22 18:00:00,2023,1,19,18773,47.45,HOEP (Legacy)
2023-01-22 19:00:00,2023,1,20,18191,37.82,HOEP (Legacy)
2023-01-22 20:00:00,2023,1,21,17848,36.59,HOEP (Legacy)
2023-01-22 21:00:00,2023,1,22,17004,36.26,HOEP (Legacy)
2023-01-22 22:00:00,2023,1,23,16158,36.02,HOEP (Legacy)
2023-01-22 23:00:00,2023,1,24,15423,35.78,HOEP (Legacy)
2023-01-23 00:00:00,2023,1,1,14768,33.94,HOEP (Legacy)
2023-01-23 01:00:00,2023,1,2,14422,28.61,HOEP (Legacy)
2023-01-23 02:00:00,2023,1,3,14255,14.36,HOEP (Legacy)
2023-01-23 03:00:00,2023,1,4,14121,14.37,HOEP (Legacy)
2023-01-23 04:00:00,2023,1,5,14396,14.33,HOEP (Legacy)
2023-01-23 05:00:00,2023,1,6,15020,14.43,HOEP (Legacy)
2023-01-23 06:00:00,2023,1,7,16093,37.05,HOEP (Legacy)
2023-01-23 07:00:00,2023,1,8,17706,39.85,HOEP (Legacy)
2023-01-23 08:00:00,2023,1,9,18315,41.83,HOEP (Legacy)
2023-01-23 09:00:00,2023,1,10,18413,41.5,HOEP (Legacy)
2023-01-23 10:00:00,2023,1,11,18647,42.84,HOEP (Legacy)
2023-01-23 11:00:00,2023,1,12,18604,42.62,HOEP (Legacy)
2023-01-23 12:00:00,2023,1,13,18336,38.35,HOEP (Legacy)
2023-01-23 13:00:00,2023,1,14,18060,38.49,HOEP (Legacy)
2023-01-23 14:00:00,2023,1,15,18079,35.14,HOEP (Legacy)
2023-01-23 15:00:00,2023,1,16,18012,32.06,HOEP (Legacy)
2023-01-23 16:00:00,2023,1,17,18442,29.56,HOEP (Legacy)
2023-01-23 17:00:00,2023,1,18,18859,36.28,HOEP (Legacy)
2023-01-23 18:00:00,2023,1,19,18589,31.26,HOEP (Legacy)
2023-01-23 19:00:00,2023,1,20,18238,22.85,HOEP (Legacy)
2023-01-23 20:00:00,2023,1,21,17829,16.54,HOEP (Legacy)
2023-01-23 21:00:00,2023,1,22,17140,18.63,HOEP (Legacy)
2023-01-23 22:00:00,2023,1,23,16220,9.14,HOEP (Legacy)
2023-01-23 23:00:00,2023,1,24,15238,4.52,HOEP (Legacy)
2023-01-24 00:00:00,2023,1,1,14579,4.34,HOEP (Legacy)
2023-01-24 01:00:00,2023,1,2,14142,5.18,HOEP (Legacy)
2023-01-24 02:00:00,2023,1,3,14022,12.75,HOEP (Legacy)
2023-01-24 03:00:00,2023,1,4,13986,12.74,HOEP (Legacy)
2023-01-24 04:00:00,2023,1,5,14223,3.23,HOEP (Legacy)
2023-01-24 05:00:00,2023,1,6,14803,3.67,HOEP (Legacy)
2023-01-24 06:00:00,2023,1,7,16037,15.01,HOEP (Legacy)
2023-01-24 07:00:00,2023,1,8,17626,30.05,HOEP (Legacy)
2023-01-24 08:00:00,2023,1,9,18059,26.32,HOEP (Legacy)
2023-01-24 09:00:00,2023,1,10,18192,22.85,HOEP (Legacy)
2023-01-24 10:00:00,2023,1,11,18019,22.9,HOEP (Legacy)
2023-01-24 11:00:00,2023,1,12,17628,14.4,HOEP (Legacy)
2023-01-24 12:00:00,2023,1,13,17227,17.09,HOEP (Legacy)
2023-01-24 13:00:00,2023,1,14,17260,27.57,HOEP (Legacy)
2023-01-24 14:00:00,2023,1,15,17387,36.8,HOEP (Legacy)
2023-01-24 15:00:00,2023,1,16,17419,36.07,HOEP (Legacy)
2023-01-24 16:00:00,2023,1,17,18246,37.82,HOEP (Legacy)
2023-01-24 17:00:00,2023,1,18,19185,44.62,HOEP (Legacy)
2023-01-24 18:00:00,2023,1,19,19182,43.1,HOEP (Legacy)
2023-01-24 19:00:00,2023,1,20,18829,40.88,HOEP (Legacy)
2023-01-24 20:00:00,2023,1,21,18428,37.25,HOEP (Legacy)
2023-01-24 21:00:00,2023,1,22,17865,37.46,HOEP (Legacy)
2023-01-24 22:00:00,2023,1,23,17002,36.83,HOEP (Legacy)
2023-01-24 23:00:00,2023,1,24,16006,37.28,HOEP (Legacy)
2023-01-25 00:00:00,2023,1,1,15396,36.9,HOEP (Legacy)
2023-01-25 01:00:00,2023,1,2,14935,36.55,HOEP (Legacy)
2023-01-25 02:00:00,2023,1,3,14730,35.73,HOEP (Legacy)
2023-01-25 03:00:00,2023,1,4,14542,25.82,HOEP (Legacy)
2023-01-25 04:00:00,2023,1,5,14775,15.99,HOEP (Legacy)
2023-01-25 05:00:00,2023,1,6,15341,36.74,HOEP (Legacy)
2023-01-25 06:00:00,2023,1,7,16256,37.38,HOEP (Legacy)
2023-01-25 07:00:00,2023,1,8,17526,40.04,HOEP (Legacy)
2023-01-25 08:00:00,2023,1,9,18073,41.06,HOEP (Legacy)
2023-01-25 09:00:00,2023,1,10,18062,34.15,HOEP (Legacy)
2023-01-25 10:00:00,2023,1,11,18228,35.71,HOEP (Legacy)
2023-01-25 11:00:00,2023,1,12,18323,36.6,HOEP (Legacy)
2023-01-25 12:00:00,2023,1,13,18468,35.35,HOEP (Legacy)
2023-01-25 13:00:00,2023,1,14,18410,29.8,HOEP (Legacy)
2023-01-25 14:00:00,2023,1,15,18462,18.79,HOEP (Legacy)
2023-01-25 15:00:00,2023,1,16,18593,31.39,HOEP (Legacy)
2023-01-25 16:00:00,2023,1,17,19098,37.42,HOEP (Legacy)
2023-01-25 17:00:00,2023,1,18,19819,50.43,HOEP (Legacy)
2023-01-25 18:00:00,2023,1,19,19675,44.3,HOEP (Legacy)
2023-01-25 19:00:00,2023,1,20,19311,36.63,HOEP (Legacy)
2023-01-25 20:00:00,2023,1,21,18851,36.45,HOEP (Legacy)
2023-01-25 21:00:00,2023,1,22,17939,34.74,HOEP (Legacy)
2023-01-25 22:00:00,2023,1,23,16813,19.61,HOEP (Legacy)
2023-01-25 23:00:00,2023,1,24,15649,8.16,HOEP (Legacy)
2023-01-26 00:00:00,2023,1,1,15249,7.22,HOEP (Legacy)
2023-01-26 01:00:00,2023,1,2,14883,13.36,HOEP (Legacy)
2023-01-26 02:00:00,2023,1,3,14747,18.39,HOEP (Legacy)
2023-01-26 03:00:00,2023,1,4,14706,14.14,HOEP (Legacy)
2023-01-26 04:00:00,2023,1,5,14939,21.32,HOEP (Legacy)
2023-01-26 05:00:00,2023,1,6,15328,10.84,HOEP (Legacy)
2023-01-26 06:00:00,2023,1,7,16617,12.28,HOEP (Legacy)
2023-01-26 07:00:00,2023,1,8,17843,33.47,HOEP (Legacy)
2023-01-26 08:00:00,2023,1,9,18381,34.74,HOEP (Legacy)
2023-01-26 09:00:00,2023,1,10,18613,35.65,HOEP (Legacy)
2023-01-26 10:00:00,2023,1,11,18753,37.65,HOEP (Legacy)
2023-01-26 11:00:00,2023,1,12,18835,38.29,HOEP (Legacy)
2023-01-26 12:00:00,2023,1,13,18661,37.16,HOEP (Legacy)
2023-01-26 13:00:00,2023,1,14,18436,39.23,HOEP (Legacy)
2023-01-26 14:00:00,2023,1,15,18354,36.01,HOEP (Legacy)
2023-01-26 15:00:00,2023,1,16,18287,34.13,HOEP (Legacy)
2023-01-26 16:00:00,2023,1,17,18817,34.14,HOEP (Legacy)
2023-01-26 17:00:00,2023,1,18,19543,34.65,HOEP (Legacy)
2023-01-26 18:00:00,2023,1,19,19490,35.39,HOEP (Legacy)
2023-01-26 19:00:00,2023,1,20,19018,34.06,HOEP (Legacy)
2023-01-26 20:00:00,2023,1,21,18627,32.8,HOEP (Legacy)
2023-01-26 21:00:00,2023,1,22,17846,33.76,HOEP (Legacy)
2023-01-26 22:00:00,2023,1,23,16898,18.95,HOEP (Legacy)
2023-01-26 23:00:00,2023,1,24,15916,19.33,HOEP (Legacy)
2023-01-27 00:00:00,2023,1,1,15366,12.33,HOEP (Legacy)
2023-01-27 01:00:00,2023,1,2,14820,11.67,HOEP (Legacy)
2023-01-27 02:00:00,2023,1,3,14513,12.27,HOEP (Legacy)
2023-01-27 03:00:00,2023,1,4,14555,14.38,HOEP (Legacy)
2023-01-27 04:00:00,2023,1,5,14849,20.44,HOEP (Legacy)
2023-01-27 05:00:00,2023,1,6,15517,13.2,HOEP (Legacy)
2023-01-27 06:00:00,2023,1,7,16675,23.78,HOEP (Legacy)
2023-01-27 07:00:00,2023,1,8,18190,33.84,HOEP (Legacy)
2023-01-27 08:00:00,2023,1,9,18796,40.65,HOEP (Legacy)
2023-01-27 09:00:00,2023,1,10,18504,34.35,HOEP (Legacy)
2023-01-27 10:00:00,2023,1,11,18258,32.51,HOEP (Legacy)
2023-01-27 11:00:00,2023,1,12,17790,7.39,HOEP (Legacy)
2023-01-27 12:00:00,2023,1,13,17627,13.02,HOEP (Legacy)
2023-01-27 13:00:00,2023,1,14,17509,14.36,HOEP (Legacy)
2023-01-27 14:00:00,2023,1,15,17764,17.1,HOEP (Legacy)
2023-01-27 15:00:00,2023,1,16,18163,17.59,HOEP (Legacy)
2023-01-27 16:00:00,2023,1,17,18605,15.48,HOEP (Legacy)
2023-01-27 17:00:00,2023,1,18,18992,15.48,HOEP (Legacy)
2023-01-27 18:00:00,2023,1,19,18954,27.34,HOEP (Legacy)
2023-01-27 19:00:00,2023,1,20,18558,33.97,HOEP (Legacy)
2023-01-27 20:00:00,2023,1,21,18185,19.92,HOEP (Legacy)
2023-01-27 21:00:00,2023,1,22,17537,24.31,HOEP (Legacy)
2023-01-27 22:00:00,2023,1,23,16617,11.54,HOEP (Legacy)
2023-01-27 23:00:00,2023,1,24,15644,8.34,HOEP (Legacy)
2023-01-28 00:00:00,2023,1,1,14914,4.15,HOEP (Legacy)
2023-01-28 01:00:00,2023,1,2,14438,1.23,HOEP (Legacy)
2023-01-28 02:00:00,2023,1,3,14130,4.55,HOEP (Legacy)
2023-01-28 03:00:00,2023,1,4,14013,0.0,HOEP (Legacy)
2023-01-28 04:00:00,2023,1,5,14161,0.0,HOEP (Legacy)
2023-01-28 05:00:00,2023,1,6,14455,2.81,HOEP (Legacy)
2023-01-28 06:00:00,2023,1,7,15080,11.02,HOEP (Legacy)
2023-01-28 07:00:00,2023,1,8,15713,20.24,HOEP (Legacy)
2023-01-28 08:00:00,2023,1,9,16575,30.45,HOEP (Legacy)
2023-01-28 09:00:00,2023,1,10,16928,33.87,HOEP (Legacy)
2023-01-28 10:00:00,2023,1,11,17059,31.38,HOEP (Legacy)
2023-01-28 11:00:00,2023,1,12,17332,33.05,HOEP (Legacy)
2023-01-28 12:00:00,2023,1,13,16843,14.34,HOEP (Legacy)
2023-01-28 13:00:00,2023,1,14,16532,13.34,HOEP (Legacy)
2023-01-28 14:00:00,2023,1,15,16687,21.84,HOEP (Legacy)
2023-01-28 15:00:00,2023,1,16,16960,30.14,HOEP (Legacy)
2023-01-28 16:00:00,2023,1,17,17557,26.31,HOEP (Legacy)
2023-01-28 17:00:00,2023,1,18,18314,32.38,HOEP (Legacy)
2023-01-28 18:00:00,2023,1,19,18493,35.96,HOEP (Legacy)
2023-01-28 19:00:00,2023,1,20,17966,34.57,HOEP (Legacy)
2023-01-28 20:00:00,2023,1,21,17356,32.97,HOEP (Legacy)
2023-01-28 21:00:00,2023,1,22,16960,32.46,HOEP (Legacy)
2023-01-28 22:00:00,2023,1,23,16219,32.21,HOEP (Legacy)
2023-01-28 23:00:00,2023,1,24,15476,15.73,HOEP (Legacy)
2023-01-29 00:00:00,2023,1,1,15071,26.06,HOEP (Legacy)
2023-01-29 01:00:00,2023,1,2,14649,17.68,HOEP (Legacy)
2023-01-29 02:00:00,2023,1,3,14316,16.49,HOEP (Legacy)
2023-01-29 03:00:00,2023,1,4,14212,31.95,HOEP (Legacy)
2023-01-29 04:00:00,2023,1,5,14195,17.46,HOEP (Legacy)
2023-01-29 05:00:00,2023,1,6,14267,13.32,HOEP (Legacy)
2023-01-29 06:00:00,2023,1,7,14936,13.34,HOEP (Legacy)
2023-01-29 07:00:00,2023,1,8,15553,30.84,HOEP (Legacy)
2023-01-29 08:00:00,2023,1,9,16112,19.8,HOEP (Legacy)
2023-01-29 09:00:00,2023,1,10,16677,18.47,HOEP (Legacy)
2023-01-29 10:00:00,2023,1,11,17334,28.39,HOEP (Legacy)
2023-01-29 11:00:00,2023,1,12,17436,33.8,HOEP (Legacy)
2023-01-29 12:00:00,2023,1,13,17554,33.13,HOEP (Legacy)
2023-01-29 13:00:00,2023,1,14,17441,34.51,HOEP (Legacy)
2023-01-29 14:00:00,2023,1,15,17332,13.76,HOEP (Legacy)
2023-01-29 15:00:00,2023,1,16,17430,18.0,HOEP (Legacy)
2023-01-29 16:00:00,2023,1,17,17883,33.48,HOEP (Legacy)
2023-01-29 17:00:00,2023,1,18,18813,36.62,HOEP (Legacy)
2023-01-29 18:00:00,2023,1,19,19118,38.72,HOEP (Legacy)
2023-01-29 19:00:00,2023,1,20,18629,36.97,HOEP (Legacy)
2023-01-29 20:00:00,2023,1,21,18228,36.52,HOEP (Legacy)
2023-01-29 21:00:00,2023,1,22,17644,35.56,HOEP (Legacy)
2023-01-29 22:00:00,2023,1,23,16659,29.55,HOEP (Legacy)
2023-01-29 23:00:00,2023,1,24,15815,31.6,HOEP (Legacy)
2023-01-30 00:00:00,2023,1,1,15253,20.27,HOEP (Legacy)
2023-01-30 01:00:00,2023,1,2,14922,23.71,HOEP (Legacy)
2023-01-30 02:00:00,2023,1,3,14935,14.38,HOEP (Legacy)
2023-01-30 03:00:00,2023,1,4,15129,28.55,HOEP (Legacy)
2023-01-30 04:00:00,2023,1,5,15331,15.61,HOEP (Legacy)
2023-01-30 05:00:00,2023,1,6,16035,26.74,HOEP (Legacy)
2023-01-30 06:00:00,2023,1,7,17314,35.62,HOEP (Legacy)
2023-01-30 07:00:00,2023,1,8,18739,38.13,HOEP (Legacy)
2023-01-30 08:00:00,2023,1,9,19275,45.65,HOEP (Legacy)
2023-01-30 09:00:00,2023,1,10,19503,41.41,HOEP (Legacy)
2023-01-30 10:00:00,2023,1,11,19541,49.66,HOEP (Legacy)
2023-01-30 11:00:00,2023,1,12,19228,39.01,HOEP (Legacy)
2023-01-30 12:00:00,2023,1,13,19087,39.13,HOEP (Legacy)
2023-01-30 13:00:00,2023,1,14,18921,35.41,HOEP (Legacy)
2023-01-30 14:00:00,2023,1,15,19146,35.48,HOEP (Legacy)
2023-01-30 15:00:00,2023,1,16,19121,35.29,HOEP (Legacy)
2023-01-30 16:00:00,2023,1,17,19460,34.41,HOEP (Legacy)
2023-01-30 17:00:00,2023,1,18,19957,38.37,HOEP (Legacy)
2023-01-30 18:00:00,2023,1,19,20114,46.58,HOEP (Legacy)
2023-01-30 19:00:00,2023,1,20,19493,35.27,HOEP (Legacy)
2023-01-30 20:00:00,2023,1,21,19030,35.16,HOEP (Legacy)
2023-01-30 21:00:00,2023,1,22,18183,35.56,HOEP (Legacy)
2023-01-30 22:00:00,2023,1,23,17458,30.2,HOEP (Legacy)
2023-01-30 23:00:00,2023,1,24,16484,17.23,HOEP (Legacy)
2023-01-31 00:00:00,2023,1,1,15818,15.88,HOEP (Legacy)
2023-01-31 01:00:00,2023,1,2,15481,14.35,HOEP (Legacy)
2023-01-31 02:00:00,2023,1,3,15554,23.22,HOEP (Legacy)
2023-01-31 03:00:00,2023,1,4,15651,27.9,HOEP (Legacy)
2023-01-31 04:00:00,2023,1,5,15821,11.57,HOEP (Legacy)
2023-01-31 05:00:00,2023,1,6,16510,16.68,HOEP (Legacy)
2023-01-31 06:00:00,2023,1,7,17659,33.82,HOEP (Legacy)
2023-01-31 07:00:00,2023,1,8,19153,34.17,HOEP (Legacy)
2023-01-31 08:00:00,2023,1,9,19540,43.75,HOEP (Legacy)
2023-01-31 09:00:00,2023,1,10,19314,41.84,HOEP (Legacy)
2023-01-31 10:00:00,2023,1,11,19039,33.58,HOEP (Legacy)
2023-01-31 11:00:00,2023,1,12,18520,34.99,HOEP (Legacy)
2023-01-31 12:00:00,2023,1,13,18545,33.48,HOEP (Legacy)
2023-01-31 13:00:00,2023,1,14,18352,32.95,HOEP (Legacy)
2023-01-31 14:00:00,2023,1,15,18258,33.0,HOEP (Legacy)
2023-01-31 15:00:00,2023,1,16,18340,32.46,HOEP (Legacy)
2023-01-31 16:00:00,2023,1,17,19128,36.94,HOEP (Legacy)
2023-01-31 17:00:00,2023,1,18,20127,47.21,HOEP (Legacy)
2023-01-31 18:00:00,2023,1,19,20486,49.29,HOEP (Legacy)
2023-01-31 19:00:00,2023,1,20,20183,44.43,HOEP (Legacy)
2023-01-31 20:00:00,2023,1,21,19589,46.45,HOEP (Legacy)
2023-01-31 21:00:00,2023,1,22,18855,35.97,HOEP (Legacy)
2023-01-31 22:00:00,2023,1,23,17660,33.59,HOEP (Legacy)
2023-01-31 23:00:00,2023,1,24,16864,33.7,HOEP (Legacy)
2023-02-01 00:00:00,2023,2,1,16126,33.31,HOEP (Legacy)
2023-02-01 01:00:00,2023,2,2,15761,33.11,HOEP (Legacy)
2023-02-01 02:00:00,2023,2,3,15782,32.11,HOEP (Legacy)
2023-02-01 03:00:00,2023,2,4,15736,31.5,HOEP (Legacy)
2023-02-01 04:00:00,2023,2,5,15764,32.65,HOEP (Legacy)
2023-02-01 05:00:00,2023,2,6,16481,33.12,HOEP (Legacy)
2023-02-01 06:00:00,2023,2,7,17489,39.1,HOEP (Legacy)
2023-02-01 07:00:00,2023,2,8,18940,52.72,HOEP (Legacy)
2023-02-01 08:00:00,2023,2,9,19216,46.68,HOEP (Legacy)
2023-02-01 09:00:00,2023,2,10,19133,47.2,HOEP (Legacy)
2023-02-01 10:00:00,2023,2,11,18770,38.55,HOEP (Legacy)
2023-02-01 11:00:00,2023,2,12,18368,36.04,HOEP (Legacy)
2023-02-01 12:00:00,2023,2,13,18185,25.12,HOEP (Legacy)
2023-02-01 13:00:00,2023,2,14,18055,27.11,HOEP (Legacy)
2023-02-01 14:00:00,2023,2,15,17884,26.13,HOEP (Legacy)
2023-02-01 15:00:00,2023,2,16,18089,21.16,HOEP (Legacy)
2023-02-01 16:00:00,2023,2,17,18679,29.04,HOEP (Legacy)
2023-02-01 17:00:00,2023,2,18,19527,32.19,HOEP (Legacy)
2023-02-01 18:00:00,2023,2,19,19635,32.63,HOEP (Legacy)
2023-02-01 19:00:00,2023,2,20,19446,32.56,HOEP (Legacy)
2023-02-01 20:00:00,2023,2,21,19161,30.09,HOEP (Legacy)
2023-02-01 21:00:00,2023,2,22,18424,28.78,HOEP (Legacy)
2023-02-01 22:00:00,2023,2,23,17407,5.17,HOEP (Legacy)
2023-02-01 23:00:00,2023,2,24,16408,0.0,HOEP (Legacy)
2023-02-02 00:00:00,2023,2,1,16004,0.0,HOEP (Legacy)
2023-02-02 01:00:00,2023,2,2,15519,0.0,HOEP (Legacy)
2023-02-02 02:00:00,2023,2,3,15267,0.0,HOEP (Legacy)
2023-02-02 03:00:00,2023,2,4,15107,0.0,HOEP (Legacy)
2023-02-02 04:00:00,2023,2,5,15300,0.0,HOEP (Legacy)
2023-02-02 05:00:00,2023,2,6,15800,0.0,HOEP (Legacy)
2023-02-02 06:00:00,2023,2,7,17034,0.41,HOEP (Legacy)
2023-02-02 07:00:00,2023,2,8,18257,2.61,HOEP (Legacy)
2023-02-02 08:00:00,2023,2,9,18732,5.1,HOEP (Legacy)
2023-02-02 09:00:00,2023,2,10,18583,3.57,HOEP (Legacy)
2023-02-02 10:00:00,2023,2,11,18313,3.6,HOEP (Legacy)
2023-02-02 11:00:00,2023,2,12,17841,0.0,HOEP (Legacy)
2023-02-02 12:00:00,2023,2,13,17539,0.0,HOEP (Legacy)
2023-02-02 13:00:00,2023,2,14,17500,0.0,HOEP (Legacy)
2023-02-02 14:00:00,2023,2,15,17253,13.34,HOEP (Legacy)
2023-02-02 15:00:00,2023,2,16,17555,8.3,HOEP (Legacy)
2023-02-02 16:00:00,2023,2,17,18553,6.03,HOEP (Legacy)
2023-02-02 17:00:00,2023,2,18,19406,5.18,HOEP (Legacy)
2023-02-02 18:00:00,2023,2,19,19477,5.64,HOEP (Legacy)
2023-02-02 19:00:00,2023,2,20,19382,12.72,HOEP (Legacy)
2023-02-02 20:00:00,2023,2,21,19227,10.32,HOEP (Legacy)
2023-02-02 21:00:00,2023,2,22,18673,8.27,HOEP (Legacy)
2023-02-02 22:00:00,2023,2,23,17914,0.0,HOEP (Legacy)
2023-02-02 23:00:00,2023,2,24,17010,0.0,HOEP (Legacy)
2023-02-03 00:00:00,2023,2,1,16577,1.24,HOEP (Legacy)
2023-02-03 01:00:00,2023,2,2,16252,0.0,HOEP (Legacy)
2023-02-03 02:00:00,2023,2,3,16168,0.0,HOEP (Legacy)
2023-02-03 03:00:00,2023,2,4,16178,0.0,HOEP (Legacy)
2023-02-03 04:00:00,2023,2,5,16520,1.91,HOEP (Legacy)
2023-02-03 05:00:00,2023,2,6,17208,30.8,HOEP (Legacy)
2023-02-03 06:00:00,2023,2,7,18433,35.32,HOEP (Legacy)
2023-02-03 07:00:00,2023,2,8,19679,36.82,HOEP (Legacy)
2023-02-03 08:00:00,2023,2,9,20198,37.24,HOEP (Legacy)
2023-02-03 09:00:00,2023,2,10,19935,37.32,HOEP (Legacy)
2023-02-03 10:00:00,2023,2,11,19664,36.63,HOEP (Legacy)
2023-02-03 11:00:00,2023,2,12,19553,35.12,HOEP (Legacy)
2023-02-03 12:00:00,2023,2,13,19612,34.84,HOEP (Legacy)
2023-02-03 13:00:00,2023,2,14,19586,36.55,HOEP (Legacy)
2023-02-03 14:00:00,2023,2,15,19620,37.26,HOEP (Legacy)
2023-02-03 15:00:00,2023,2,16,19807,42.39,HOEP (Legacy)
2023-02-03 16:00:00,2023,2,17,20459,44.04,HOEP (Legacy)
2023-02-03 17:00:00,2023,2,18,21197,54.54,HOEP (Legacy)
2023-02-03 18:00:00,2023,2,19,21388,93.83,HOEP (Legacy)
2023-02-03 19:00:00,2023,2,20,21166,171.06,HOEP (Legacy)
2023-02-03 20:00:00,2023,2,21,20906,77.71,HOEP (Legacy)
2023-02-03 21:00:00,2023,2,22,20342,61.94,HOEP (Legacy)
2023-02-03 22:00:00,2023,2,23,19554,49.18,HOEP (Legacy)
2023-02-03 23:00:00,2023,2,24,18833,44.95,HOEP (Legacy)
2023-02-04 00:00:00,2023,2,1,18035,94.64,HOEP (Legacy)
2023-02-04 01:00:00,2023,2,2,17628,41.57,HOEP (Legacy)
2023-02-04 02:00:00,2023,2,3,17247,45.27,HOEP (Legacy)
2023-02-04 03:00:00,2023,2,4,17104,35.73,HOEP (Legacy)
2023-02-04 04:00:00,2023,2,5,17270,38.24,HOEP (Legacy)
2023-02-04 05:00:00,2023,2,6,17349,36.34,HOEP (Legacy)
2023-02-04 06:00:00,2023,2,7,17722,34.45,HOEP (Legacy)
2023-02-04 07:00:00,2023,2,8,18504,34.52,HOEP (Legacy)
2023-02-04 08:00:00,2023,2,9,19021,34.4,HOEP (Legacy)
2023-02-04 09:00:00,2023,2,10,19503,36.36,HOEP (Legacy)
2023-02-04 10:00:00,2023,2,11,20046,35.13,HOEP (Legacy)
2023-02-04 11:00:00,2023,2,12,19900,33.26,HOEP (Legacy)
2023-02-04 12:00:00,2023,2,13,19689,34.55,HOEP (Legacy)
2023-02-04 13:00:00,2023,2,14,19190,34.61,HOEP (Legacy)
2023-02-04 14:00:00,2023,2,15,18732,33.16,HOEP (Legacy)
2023-02-04 15:00:00,2023,2,16,18556,32.7,HOEP (Legacy)
2023-02-04 16:00:00,2023,2,17,19051,34.05,HOEP (Legacy)
2023-02-04 17:00:00,2023,2,18,19764,37.79,HOEP (Legacy)
2023-02-04 18:00:00,2023,2,19,19847,38.74,HOEP (Legacy)
2023-02-04 19:00:00,2023,2,20,19201,34.48,HOEP (Legacy)
2023-02-04 20:00:00,2023,2,21,18610,34.48,HOEP (Legacy)
2023-02-04 21:00:00,2023,2,22,18227,37.64,HOEP (Legacy)
2023-02-04 22:00:00,2023,2,23,17354,44.9,HOEP (Legacy)
2023-02-04 23:00:00,2023,2,24,16219,24.35,HOEP (Legacy)
2023-02-05 00:00:00,2023,2,1,15372,6.49,HOEP (Legacy)
2023-02-05 01:00:00,2023,2,2,14971,2.63,HOEP (Legacy)
2023-02-05 02:00:00,2023,2,3,14791,3.5,HOEP (Legacy)
2023-02-05 03:00:00,2023,2,4,14577,3.69,HOEP (Legacy)
2023-02-05 04:00:00,2023,2,5,14560,0.4,HOEP (Legacy)
2023-02-05 05:00:00,2023,2,6,14802,6.43,HOEP (Legacy)
2023-02-05 06:00:00,2023,2,7,15207,12.73,HOEP (Legacy)
2023-02-05 07:00:00,2023,2,8,15698,10.38,HOEP (Legacy)
2023-02-05 08:00:00,2023,2,9,16275,12.15,HOEP (Legacy)
2023-02-05 09:00:00,2023,2,10,16570,21.53,HOEP (Legacy)
2023-02-05 10:00:00,2023,2,11,16572,29.53,HOEP (Legacy)
2023-02-05 11:00:00,2023,2,12,16666,13.37,HOEP (Legacy)
2023-02-05 12:00:00,2023,2,13,16629,29.17,HOEP (Legacy)
2023-02-05 13:00:00,2023,2,14,16692,13.32,HOEP (Legacy)
2023-02-05 14:00:00,2023,2,15,17038,13.3,HOEP (Legacy)
2023-02-05 15:00:00,2023,2,16,17143,9.65,HOEP (Legacy)
2023-02-05 16:00:00,2023,2,17,17845,26.24,HOEP (Legacy)
2023-02-05 17:00:00,2023,2,18,18458,30.89,HOEP (Legacy)
2023-02-05 18:00:00,2023,2,19,18298,35.78,HOEP (Legacy)
2023-02-05 19:00:00,2023,2,20,17996,33.79,HOEP (Legacy)
2023-02-05 20:00:00,2023,2,21,17483,31.95,HOEP (Legacy)
2023-02-05 21:00:00,2023,2,22,16995,23.83,HOEP (Legacy)
2023-02-05 22:00:00,2023,2,23,15993,10.73,HOEP (Legacy)
2023-02-05 23:00:00,2023,2,24,14998,7.54,HOEP (Legacy)
2023-02-06 00:00:00,2023,2,1,14694,4.18,HOEP (Legacy)
2023-02-06 01:00:00,2023,2,2,14459,5.92,HOEP (Legacy)
2023-02-06 02:00:00,2023,2,3,14414,13.32,HOEP (Legacy)
2023-02-06 03:00:00,2023,2,4,14636,13.35,HOEP (Legacy)
2023-02-06 04:00:00,2023,2,5,14781,14.7,HOEP (Legacy)
2023-02-06 05:00:00,2023,2,6,15483,22.19,HOEP (Legacy)
2023-02-06 06:00:00,2023,2,7,16651,33.34,HOEP (Legacy)
2023-02-06 07:00:00,2023,2,8,18103,34.66,HOEP (Legacy)
2023-02-06 08:00:00,2023,2,9,18798,38.71,HOEP (Legacy)
2023-02-06 09:00:00,2023,2,10,18645,36.2,HOEP (Legacy)
2023-02-06 10:00:00,2023,2,11,18296,33.11,HOEP (Legacy)
2023-02-06 11:00:00,2023,2,12,18171,30.13,HOEP (Legacy)
2023-02-06 12:00:00,2023,2,13,17901,26.8,HOEP (Legacy)
2023-02-06 13:00:00,2023,2,14,17475,24.56,HOEP (Legacy)
2023-02-06 14:00:00,2023,2,15,17370,24.17,HOEP (Legacy)
2023-02-06 15:00:00,2023,2,16,17567,27.19,HOEP (Legacy)
2023-02-06 16:00:00,2023,2,17,18229,26.48,HOEP (Legacy)
2023-02-06 17:00:00,2023,2,18,19152,35.92,HOEP (Legacy)
2023-02-06 18:00:00,2023,2,19,19462,36.98,HOEP (Legacy)
2023-02-06 19:00:00,2023,2,20,19165,32.82,HOEP (Legacy)
2023-02-06 20:00:00,2023,2,21,18670,31.36,HOEP (Legacy)
2023-02-06 21:00:00,2023,2,22,17917,22.42,HOEP (Legacy)
2023-02-06 22:00:00,2023,2,23,16922,4.67,HOEP (Legacy)
2023-02-06 23:00:00,2023,2,24,15858,6.0,HOEP (Legacy)
2023-02-07 00:00:00,2023,2,1,15193,4.48,HOEP (Legacy)
2023-02-07 01:00:00,2023,2,2,14835,5.89,HOEP (Legacy)
2023-02-07 02:00:00,2023,2,3,14669,13.31,HOEP (Legacy)
2023-02-07 03:00:00,2023,2,4,14719,13.36,HOEP (Legacy)
2023-02-07 04:00:00,2023,2,5,14791,13.34,HOEP (Legacy)
2023-02-07 05:00:00,2023,2,6,15149,6.03,HOEP (Legacy)
2023-02-07 06:00:00,2023,2,7,16302,9.62,HOEP (Legacy)
2023-02-07 07:00:00,2023,2,8,17553,23.2,HOEP (Legacy)
2023-02-07 08:00:00,2023,2,9,17673,25.43,HOEP (Legacy)
2023-02-07 09:00:00,2023,2,10,17536,14.37,HOEP (Legacy)
2023-02-07 10:00:00,2023,2,11,17908,14.33,HOEP (Legacy)
2023-02-07 11:00:00,2023,2,12,18138,33.14,HOEP (Legacy)
2023-02-07 12:00:00,2023,2,13,18002,16.41,HOEP (Legacy)
2023-02-07 13:00:00,2023,2,14,17353,11.95,HOEP (Legacy)
2023-02-07 14:00:00,2023,2,15,17034,13.34,HOEP (Legacy)
2023-02-07 15:00:00,2023,2,16,17188,14.46,HOEP (Legacy)
2023-02-07 16:00:00,2023,2,17,17702,19.74,HOEP (Legacy)
2023-02-07 17:00:00,2023,2,18,18467,19.74,HOEP (Legacy)
2023-02-07 18:00:00,2023,2,19,18734,23.16,HOEP (Legacy)
2023-02-07 19:00:00,2023,2,20,18405,26.24,HOEP (Legacy)
2023-02-07 20:00:00,2023,2,21,17966,20.87,HOEP (Legacy)
2023-02-07 21:00:00,2023,2,22,17363,26.03,HOEP (Legacy)
2023-02-07 22:00:00,2023,2,23,16626,33.85,HOEP (Legacy)
2023-02-07 23:00:00,2023,2,24,15482,22.15,HOEP (Legacy)
2023-02-08 00:00:00,2023,2,1,14756,14.0,HOEP (Legacy)
2023-02-08 01:00:00,2023,2,2,14244,13.35,HOEP (Legacy)
2023-02-08 02:00:00,2023,2,3,14135,13.36,HOEP (Legacy)
2023-02-08 03:00:00,2023,2,4,14061,20.98,HOEP (Legacy)
2023-02-08 04:00:00,2023,2,5,14370,33.05,HOEP (Legacy)
2023-02-08 05:00:00,2023,2,6,14916,22.21,HOEP (Legacy)
2023-02-08 06:00:00,2023,2,7,16192,41.91,HOEP (Legacy)
2023-02-08 07:00:00,2023,2,8,17665,31.77,HOEP (Legacy)
2023-02-08 08:00:00,2023,2,9,17736,14.18,HOEP (Legacy)
2023-02-08 09:00:00,2023,2,10,17477,13.35,HOEP (Legacy)
2023-02-08 10:00:00,2023,2,11,17137,11.05,HOEP (Legacy)
2023-02-08 11:00:00,2023,2,12,17033,4.26,HOEP (Legacy)
2023-02-08 12:00:00,2023,2,13,16861,2.34,HOEP (Legacy)
2023-02-08 13:00:00,2023,2,14,15567,0.41,HOEP (Legacy)
2023-02-08 14:00:00,2023,2,15,15451,4.05,HOEP (Legacy)
2023-02-08 15:00:00,2023,2,16,15978,7.4,HOEP (Legacy)
2023-02-08 16:00:00,2023,2,17,17067,11.23,HOEP (Legacy)
2023-02-08 17:00:00,2023,2,18,17939,27.36,HOEP (Legacy)
2023-02-08 18:00:00,2023,2,19,18393,18.74,HOEP (Legacy)
2023-02-08 19:00:00,2023,2,20,18098,17.68,HOEP (Legacy)
2023-02-08 20:00:00,2023,2,21,17563,14.34,HOEP (Legacy)
2023-02-08 21:00:00,2023,2,22,17066,12.74,HOEP (Legacy)
2023-02-08 22:00:00,2023,2,23,16419,22.12,HOEP (Legacy)
2023-02-08 23:00:00,2023,2,24,15444,18.25,HOEP (Legacy)
2023-02-09 00:00:00,2023,2,1,14630,15.45,HOEP (Legacy)
2023-02-09 01:00:00,2023,2,2,14252,14.37,HOEP (Legacy)
2023-02-09 02:00:00,2023,2,3,14212,25.72,HOEP (Legacy)
2023-02-09 03:00:00,2023,2,4,14057,18.29,HOEP (Legacy)
2023-02-09 04:00:00,2023,2,5,14068,14.33,HOEP (Legacy)
2023-02-09 05:00:00,2023,2,6,14741,7.43,HOEP (Legacy)
2023-02-09 06:00:00,2023,2,7,16054,5.15,HOEP (Legacy)
2023-02-09 07:00:00,2023,2,8,17419,5.02,HOEP (Legacy)
2023-02-09 08:00:00,2023,2,9,17671,14.33,HOEP (Legacy)
2023-02-09 09:00:00,2023,2,10,18063,31.7,HOEP (Legacy)
2023-02-09 10:00:00,2023,2,11,18346,76.58,HOEP (Legacy)
2023-02-09 11:00:00,2023,2,12,18486,25.98,HOEP (Legacy)
2023-02-09 12:00:00,2023,2,13,18445,14.37,HOEP (Legacy)
2023-02-09 13:00:00,2023,2,14,18312,14.37,HOEP (Legacy)
2023-02-09 14:00:00,2023,2,15,18260,14.4,HOEP (Legacy)
2023-02-09 15:00:00,2023,2,16,18001,14.34,HOEP (Legacy)
2023-02-09 16:00:00,2023,2,17,18403,24.62,HOEP (Legacy)
2023-02-09 17:00:00,2023,2,18,18759,95.04,HOEP (Legacy)
2023-02-09 18:00:00,2023,2,19,18445,14.38,HOEP (Legacy)
2023-02-09 19:00:00,2023,2,20,17831,8.13,HOEP (Legacy)
2023-02-09 20:00:00,2023,2,21,17477,8.81,HOEP (Legacy)
2023-02-09 21:00:00,2023,2,22,16823,12.93,HOEP (Legacy)
2023-02-09 22:00:00,2023,2,23,15805,7.82,HOEP (Legacy)
2023-02-09 23:00:00,2023,2,24,14753,3.12,HOEP (Legacy)
2023-02-10 00:00:00,2023,2,1,14142,2.81,HOEP (Legacy)
2023-02-10 01:00:00,2023,2,2,13754,1.32,HOEP (Legacy)
2023-02-10 02:00:00,2023,2,3,13494,0.0,HOEP (Legacy)
2023-02-10 03:00:00,2023,2,4,13573,0.0,HOEP (Legacy)
2023-02-10 04:00:00,2023,2,5,13768,0.0,HOEP (Legacy)
2023-02-10 05:00:00,2023,2,6,14570,6.42,HOEP (Legacy)
2023-02-10 06:00:00,2023,2,7,15820,15.39,HOEP (Legacy)
2023-02-10 07:00:00,2023,2,8,17144,23.87,HOEP (Legacy)
2023-02-10 08:00:00,2023,2,9,17646,50.97,HOEP (Legacy)
2023-02-10 09:00:00,2023,2,10,17878,74.56,HOEP (Legacy)
2023-02-10 10:00:00,2023,2,11,17851,17.44,HOEP (Legacy)
2023-02-10 11:00:00,2023,2,12,17744,14.36,HOEP (Legacy)
2023-02-10 12:00:00,2023,2,13,17474,14.37,HOEP (Legacy)
2023-02-10 13:00:00,2023,2,14,17376,13.92,HOEP (Legacy)
2023-02-10 14:00:00,2023,2,15,17162,13.43,HOEP (Legacy)
2023-02-10 15:00:00,2023,2,16,17317,24.85,HOEP (Legacy)
2023-02-10 16:00:00,2023,2,17,17696,41.32,HOEP (Legacy)
2023-02-10 17:00:00,2023,2,18,18182,50.5,HOEP (Legacy)
2023-02-10 18:00:00,2023,2,19,18354,18.32,HOEP (Legacy)
2023-02-10 19:00:00,2023,2,20,18126,14.39,HOEP (Legacy)
2023-02-10 20:00:00,2023,2,21,17742,16.81,HOEP (Legacy)
2023-02-10 21:00:00,2023,2,22,17032,11.65,HOEP (Legacy)
2023-02-10 22:00:00,2023,2,23,16334,11.26,HOEP (Legacy)
2023-02-10 23:00:00,2023,2,24,15498,12.98,HOEP (Legacy)
2023-02-11 00:00:00,2023,2,1,14952,13.67,HOEP (Legacy)
2023-02-11 01:00:00,2023,2,2,14590,14.36,HOEP (Legacy)
2023-02-11 02:00:00,2023,2,3,14454,26.22,HOEP (Legacy)
2023-02-11 03:00:00,2023,2,4,14469,43.54,HOEP (Legacy)
2023-02-11 04:00:00,2023,2,5,14668,61.1,HOEP (Legacy)
2023-02-11 05:00:00,2023,2,6,14877,39.56,HOEP (Legacy)
2023-02-11 06:00:00,2023,2,7,15542,20.84,HOEP (Legacy)
2023-02-11 07:00:00,2023,2,8,16277,28.9,HOEP (Legacy)
2023-02-11 08:00:00,2023,2,9,16538,14.38,HOEP (Legacy)
2023-02-11 09:00:00,2023,2,10,16390,16.38,HOEP (Legacy)
2023-02-11 10:00:00,2023,2,11,16142,35.0,HOEP (Legacy)
2023-02-11 11:00:00,2023,2,12,15941,14.2,HOEP (Legacy)
2023-02-11 12:00:00,2023,2,13,15817,17.33,HOEP (Legacy)
2023-02-11 13:00:00,2023,2,14,15222,11.67,HOEP (Legacy)
2023-02-11 14:00:00,2023,2,15,14718,6.24,HOEP (Legacy)
2023-02-11 15:00:00,2023,2,16,14928,0.0,HOEP (Legacy)
2023-02-11 16:00:00,2023,2,17,15844,5.41,HOEP (Legacy)
2023-02-11 17:00:00,2023,2,18,17099,36.87,HOEP (Legacy)
2023-02-11 18:00:00,2023,2,19,17736,19.18,HOEP (Legacy)
2023-02-11 19:00:00,2023,2,20,17282,15.33,HOEP (Legacy)
2023-02-11 20:00:00,2023,2,21,16805,13.16,HOEP (Legacy)
2023-02-11 21:00:00,2023,2,22,16177,14.0,HOEP (Legacy)
2023-02-11 22:00:00,2023,2,23,15528,15.97,HOEP (Legacy)
2023-02-11 23:00:00,2023,2,24,14804,8.34,HOEP (Legacy)
2023-02-12 00:00:00,2023,2,1,14263,7.23,HOEP (Legacy)
2023-02-12 01:00:00,2023,2,2,13974,14.48,HOEP (Legacy)
2023-02-12 02:00:00,2023,2,3,13776,38.49,HOEP (Legacy)
2023-02-12 03:00:00,2023,2,4,13911,32.24,HOEP (Legacy)
2023-02-12 04:00:00,2023,2,5,13925,32.05,HOEP (Legacy)
2023-02-12 05:00:00,2023,2,6,14182,28.22,HOEP (Legacy)
2023-02-12 06:00:00,2023,2,7,14693,21.64,HOEP (Legacy)
2023-02-12 07:00:00,2023,2,8,15117,16.87,HOEP (Legacy)
2023-02-12 08:00:00,2023,2,9,15310,13.36,HOEP (Legacy)
2023-02-12 09:00:00,2023,2,10,15190,13.37,HOEP (Legacy)
2023-02-12 10:00:00,2023,2,11,14858,13.35,HOEP (Legacy)
2023-02-12 11:00:00,2023,2,12,14562,15.52,HOEP (Legacy)
2023-02-12 12:00:00,2023,2,13,14419,20.94,HOEP (Legacy)
2023-02-12 13:00:00,2023,2,14,14149,13.35,HOEP (Legacy)
2023-02-12 14:00:00,2023,2,15,14230,13.34,HOEP (Legacy)
2023-02-12 15:00:00,2023,2,16,14559,9.02,HOEP (Legacy)
2023-02-12 16:00:00,2023,2,17,15610,14.6,HOEP (Legacy)
2023-02-12 17:00:00,2023,2,18,17054,31.49,HOEP (Legacy)
2023-02-12 18:00:00,2023,2,19,17845,31.81,HOEP (Legacy)
2023-02-12 19:00:00,2023,2,20,17250,25.07,HOEP (Legacy)
2023-02-12 20:00:00,2023,2,21,16395,15.23,HOEP (Legacy)
2023-02-12 21:00:00,2023,2,22,15981,16.82,HOEP (Legacy)
2023-02-12 22:00:00,2023,2,23,15226,13.65,HOEP (Legacy)
2023-02-12 23:00:00,2023,2,24,14718,18.18,HOEP (Legacy)
2023-02-13 00:00:00,2023,2,1,14320,14.38,HOEP (Legacy)
2023-02-13 01:00:00,2023,2,2,13935,13.34,HOEP (Legacy)
2023-02-13 02:00:00,2023,2,3,13902,16.5,HOEP (Legacy)
2023-02-13 03:00:00,2023,2,4,13814,17.61,HOEP (Legacy)
2023-02-13 04:00:00,2023,2,5,13977,10.32,HOEP (Legacy)
2023-02-13 05:00:00,2023,2,6,14513,7.82,HOEP (Legacy)
2023-02-13 06:00:00,2023,2,7,15835,8.61,HOEP (Legacy)
2023-02-13 07:00:00,2023,2,8,17006,14.8,HOEP (Legacy)
2023-02-13 08:00:00,2023,2,9,17027,13.34,HOEP (Legacy)
2023-02-13 09:00:00,2023,2,10,16634,12.32,HOEP (Legacy)
2023-02-13 10:00:00,2023,2,11,16144,16.1,HOEP (Legacy)
2023-02-13 11:00:00,2023,2,12,15531,15.67,HOEP (Legacy)
2023-02-13 12:00:00,2023,2,13,15217,9.0,HOEP (Legacy)
2023-02-13 13:00:00,2023,2,14,14985,2.71,HOEP (Legacy)
2023-02-13 14:00:00,2023,2,15,15200,20.98,HOEP (Legacy)
2023-02-13 15:00:00,2023,2,16,15997,32.97,HOEP (Legacy)
2023-02-13 16:00:00,2023,2,17,16920,31.81,HOEP (Legacy)
2023-02-13 17:00:00,2023,2,18,17900,36.77,HOEP (Legacy)
2023-02-13 18:00:00,2023,2,19,18196,22.96,HOEP (Legacy)
2023-02-13 19:00:00,2023,2,20,18025,20.81,HOEP (Legacy)
2023-02-13 20:00:00,2023,2,21,17364,33.25,HOEP (Legacy)
2023-02-13 21:00:00,2023,2,22,16973,12.46,HOEP (Legacy)
2023-02-13 22:00:00,2023,2,23,16012,12.23,HOEP (Legacy)
2023-02-13 23:00:00,2023,2,24,15073,11.42,HOEP (Legacy)
2023-02-14 00:00:00,2023,2,1,14454,13.33,HOEP (Legacy)
2023-02-14 01:00:00,2023,2,2,14136,15.25,HOEP (Legacy)
2023-02-14 02:00:00,2023,2,3,14103,25.1,HOEP (Legacy)
2023-02-14 03:00:00,2023,2,4,14001,21.17,HOEP (Legacy)
2023-02-14 04:00:00,2023,2,5,14409,21.9,HOEP (Legacy)
2023-02-14 05:00:00,2023,2,6,14884,12.48,HOEP (Legacy)
2023-02-14 06:00:00,2023,2,7,15942,9.63,HOEP (Legacy)
2023-02-14 07:00:00,2023,2,8,16961,18.07,HOEP (Legacy)
2023-02-14 08:00:00,2023,2,9,16599,7.45,HOEP (Legacy)
2023-02-14 09:00:00,2023,2,10,15675,4.87,HOEP (Legacy)
2023-02-14 10:00:00,2023,2,11,15078,6.64,HOEP (Legacy)
2023-02-14 11:00:00,2023,2,12,14811,13.34,HOEP (Legacy)
2023-02-14 12:00:00,2023,2,13,14687,21.1,HOEP (Legacy)
2023-02-14 13:00:00,2023,2,14,14554,14.38,HOEP (Legacy)
2023-02-14 14:00:00,2023,2,15,14544,1.67,HOEP (Legacy)
2023-02-14 15:00:00,2023,2,16,15147,2.78,HOEP (Legacy)
2023-02-14 16:00:00,2023,2,17,16213,5.49,HOEP (Legacy)
2023-02-14 17:00:00,2023,2,18,17237,14.34,HOEP (Legacy)
2023-02-14 18:00:00,2023,2,19,17340,5.38,HOEP (Legacy)
2023-02-14 19:00:00,2023,2,20,17254,5.48,HOEP (Legacy)
2023-02-14 20:00:00,2023,2,21,16877,8.66,HOEP (Legacy)
2023-02-14 21:00:00,2023,2,22,16137,5.59,HOEP (Legacy)
2023-02-14 22:00:00,2023,2,23,15333,2.87,HOEP (Legacy)
2023-02-14 23:00:00,2023,2,24,14354,0.83,HOEP (Legacy)
2023-02-15 00:00:00,2023,2,1,13802,0.0,HOEP (Legacy)
2023-02-15 01:00:00,2023,2,2,13279,0.0,HOEP (Legacy)
2023-02-15 02:00:00,2023,2,3,13176,0.0,HOEP (Legacy)
2023-02-15 03:00:00,2023,2,4,12990,0.0,HOEP (Legacy)
2023-02-15 04:00:00,2023,2,5,13166,0.0,HOEP (Legacy)
2023-02-15 05:00:00,2023,2,6,13926,0.0,HOEP (Legacy)
2023-02-15 06:00:00,2023,2,7,14921,1.9,HOEP (Legacy)
2023-02-15 07:00:00,2023,2,8,16155,2.62,HOEP (Legacy)
2023-02-15 08:00:00,2023,2,9,16293,0.41,HOEP (Legacy)
2023-02-15 09:00:00,2023,2,10,16405,4.71,HOEP (Legacy)
2023-02-15 10:00:00,2023,2,11,16588,13.34,HOEP (Legacy)
2023-02-15 11:00:00,2023,2,12,16542,6.14,HOEP (Legacy)
2023-02-15 12:00:00,2023,2,13,16214,4.62,HOEP (Legacy)
2023-02-15 13:00:00,2023,2,14,16002,0.0,HOEP (Legacy)
2023-02-15 14:00:00,2023,2,15,15875,0.0,HOEP (Legacy)
2023-02-15 15:00:00,2023,2,16,15867,0.0,HOEP (Legacy)
2023-02-15 16:00:00,2023,2,17,16335,0.42,HOEP (Legacy)
2023-02-15 17:00:00,2023,2,18,16926,5.73,HOEP (Legacy)
2023-02-15 18:00:00,2023,2,19,17353,13.31,HOEP (Legacy)
2023-02-15 19:00:00,2023,2,20,17251,12.78,HOEP (Legacy)
2023-02-15 20:00:00,2023,2,21,17021,13.36,HOEP (Legacy)
2023-02-15 21:00:00,2023,2,22,16413,9.13,HOEP (Legacy)
2023-02-15 22:00:00,2023,2,23,15492,4.93,HOEP (Legacy)
2023-02-15 23:00:00,2023,2,24,14604,6.76,HOEP (Legacy)
2023-02-16 00:00:00,2023,2,1,14034,5.96,HOEP (Legacy)
2023-02-16 01:00:00,2023,2,2,13691,5.79,HOEP (Legacy)
2023-02-16 02:00:00,2023,2,3,13527,6.08,HOEP (Legacy)
2023-02-16 03:00:00,2023,2,4,13559,14.33,HOEP (Legacy)
2023-02-16 04:00:00,2023,2,5,13886,22.33,HOEP (Legacy)
2023-02-16 05:00:00,2023,2,6,14483,16.05,HOEP (Legacy)
2023-02-16 06:00:00,2023,2,7,15729,24.29,HOEP (Legacy)
2023-02-16 07:00:00,2023,2,8,17172,43.71,HOEP (Legacy)
2023-02-16 08:00:00,2023,2,9,17675,43.19,HOEP (Legacy)
2023-02-16 09:00:00,2023,2,10,17575,21.91,HOEP (Legacy)
2023-02-16 10:00:00,2023,2,11,17510,31.47,HOEP (Legacy)
2023-02-16 11:00:00,2023,2,12,17519,33.23,HOEP (Legacy)
2023-02-16 12:00:00,2023,2,13,17310,30.57,HOEP (Legacy)
2023-02-16 13:00:00,2023,2,14,17238,20.65,HOEP (Legacy)
2023-02-16 14:00:00,2023,2,15,16986,15.98,HOEP (Legacy)
2023-02-16 15:00:00,2023,2,16,17421,14.39,HOEP (Legacy)
2023-02-16 16:00:00,2023,2,17,18019,24.84,HOEP (Legacy)
2023-02-16 17:00:00,2023,2,18,18695,29.92,HOEP (Legacy)
2023-02-16 18:00:00,2023,2,19,19015,31.54,HOEP (Legacy)
2023-02-16 19:00:00,2023,2,20,18810,37.98,HOEP (Legacy)
2023-02-16 20:00:00,2023,2,21,18329,34.62,HOEP (Legacy)
2023-02-16 21:00:00,2023,2,22,17760,34.66,HOEP (Legacy)
2023-02-16 22:00:00,2023,2,23,16785,35.57,HOEP (Legacy)
2023-02-16 23:00:00,2023,2,24,15847,19.35,HOEP (Legacy)
2023-02-17 00:00:00,2023,2,1,15402,26.96,HOEP (Legacy)
2023-02-17 01:00:00,2023,2,2,15265,38.61,HOEP (Legacy)
2023-02-17 02:00:00,2023,2,3,14876,34.06,HOEP (Legacy)
2023-02-17 03:00:00,2023,2,4,14731,14.34,HOEP (Legacy)
2023-02-17 04:00:00,2023,2,5,14971,15.85,HOEP (Legacy)
2023-02-17 05:00:00,2023,2,6,15478,15.79,HOEP (Legacy)
2023-02-17 06:00:00,2023,2,7,16666,10.99,HOEP (Legacy)
2023-02-17 07:00:00,2023,2,8,17734,29.81,HOEP (Legacy)
2023-02-17 08:00:00,2023,2,9,18364,49.6,HOEP (Legacy)
2023-02-17 09:00:00,2023,2,10,18541,66.23,HOEP (Legacy)
2023-02-17 10:00:00,2023,2,11,18421,32.09,HOEP (Legacy)
2023-02-17 11:00:00,2023,2,12,18389,33.16,HOEP (Legacy)
2023-02-17 12:00:00,2023,2,13,18274,31.05,HOEP (Legacy)
2023-02-17 13:00:00,2023,2,14,18041,30.49,HOEP (Legacy)
2023-02-17 14:00:00,2023,2,15,17749,30.29,HOEP (Legacy)
2023-02-17 15:00:00,2023,2,16,17850,31.55,HOEP (Legacy)
2023-02-17 16:00:00,2023,2,17,18317,35.89,HOEP (Legacy)
2023-02-17 17:00:00,2023,2,18,18916,39.64,HOEP (Legacy)
2023-02-17 18:00:00,2023,2,19,19460,69.1,HOEP (Legacy)
2023-02-17 19:00:00,2023,2,20,19341,61.47,HOEP (Legacy)
2023-02-17 20:00:00,2023,2,21,18983,37.42,HOEP (Legacy)
2023-02-17 21:00:00,2023,2,22,18361,35.87,HOEP (Legacy)
2023-02-17 22:00:00,2023,2,23,17385,31.91,HOEP (Legacy)
2023-02-17 23:00:00,2023,2,24,16240,23.25,HOEP (Legacy)
2023-02-18 00:00:00,2023,2,1,15668,15.82,HOEP (Legacy)
2023-02-18 01:00:00,2023,2,2,15177,16.44,HOEP (Legacy)
2023-02-18 02:00:00,2023,2,3,15000,15.63,HOEP (Legacy)
2023-02-18 03:00:00,2023,2,4,14770,14.34,HOEP (Legacy)
2023-02-18 04:00:00,2023,2,5,14884,14.33,HOEP (Legacy)
2023-02-18 05:00:00,2023,2,6,15214,14.31,HOEP (Legacy)
2023-02-18 06:00:00,2023,2,7,15502,14.33,HOEP (Legacy)
2023-02-18 07:00:00,2023,2,8,15979,8.13,HOEP (Legacy)
2023-02-18 08:00:00,2023,2,9,16316,14.33,HOEP (Legacy)
2023-02-18 09:00:00,2023,2,10,16454,14.46,HOEP (Legacy)
2023-02-18 10:00:00,2023,2,11,16319,15.23,HOEP (Legacy)
2023-02-18 11:00:00,2023,2,12,16593,65.41,HOEP (Legacy)
2023-02-18 12:00:00,2023,2,13,16804,42.29,HOEP (Legacy)
2023-02-18 13:00:00,2023,2,14,16611,14.37,HOEP (Legacy)
2023-02-18 14:00:00,2023,2,15,16345,10.37,HOEP (Legacy)
2023-02-18 15:00:00,2023,2,16,16375,12.27,HOEP (Legacy)
2023-02-18 16:00:00,2023,2,17,16754,7.55,HOEP (Legacy)
2023-02-18 17:00:00,2023,2,18,17586,18.16,HOEP (Legacy)
2023-02-18 18:00:00,2023,2,19,17978,28.38,HOEP (Legacy)
2023-02-18 19:00:00,2023,2,20,17431,14.36,HOEP (Legacy)
2023-02-18 20:00:00,2023,2,21,16897,23.87,HOEP (Legacy)
2023-02-18 21:00:00,2023,2,22,16369,13.04,HOEP (Legacy)
2023-02-18 22:00:00,2023,2,23,15472,13.62,HOEP (Legacy)
2023-02-18 23:00:00,2023,2,24,14736,12.19,HOEP (Legacy)
2023-02-19 00:00:00,2023,2,1,14142,9.19,HOEP (Legacy)
2023-02-19 01:00:00,2023,2,2,13761,1.37,HOEP (Legacy)
2023-02-19 02:00:00,2023,2,3,13500,4.66,HOEP (Legacy)
2023-02-19 03:00:00,2023,2,4,13538,5.62,HOEP (Legacy)
2023-02-19 04:00:00,2023,2,5,13649,2.72,HOEP (Legacy)
2023-02-19 05:00:00,2023,2,6,13804,3.82,HOEP (Legacy)
2023-02-19 06:00:00,2023,2,7,14066,4.23,HOEP (Legacy)
2023-02-19 07:00:00,2023,2,8,14622,4.88,HOEP (Legacy)
2023-02-19 08:00:00,2023,2,9,15107,6.0,HOEP (Legacy)
2023-02-19 09:00:00,2023,2,10,15426,4.87,HOEP (Legacy)
2023-02-19 10:00:00,2023,2,11,14924,2.88,HOEP (Legacy)
2023-02-19 11:00:00,2023,2,12,14647,0.41,HOEP (Legacy)
2023-02-19 12:00:00,2023,2,13,14586,0.82,HOEP (Legacy)
2023-02-19 13:00:00,2023,2,14,14318,0.0,HOEP (Legacy)
2023-02-19 14:00:00,2023,2,15,14478,0.9,HOEP (Legacy)
2023-02-19 15:00:00,2023,2,16,14613,1.83,HOEP (Legacy)
2023-02-19 16:00:00,2023,2,17,15128,5.93,HOEP (Legacy)
2023-02-19 17:00:00,2023,2,18,16094,7.15,HOEP (Legacy)
2023-02-19 18:00:00,2023,2,19,16479,5.87,HOEP (Legacy)
2023-02-19 19:00:00,2023,2,20,16243,5.63,HOEP (Legacy)
2023-02-19 20:00:00,2023,2,21,15812,12.13,HOEP (Legacy)
2023-02-19 21:00:00,2023,2,22,15534,13.36,HOEP (Legacy)
2023-02-19 22:00:00,2023,2,23,14841,13.32,HOEP (Legacy)
2023-02-19 23:00:00,2023,2,24,14271,13.33,HOEP (Legacy)
2023-02-20 00:00:00,2023,2,1,13679,9.22,HOEP (Legacy)
2023-02-20 01:00:00,2023,2,2,13443,13.3,HOEP (Legacy)
2023-02-20 02:00:00,2023,2,3,13299,13.35,HOEP (Legacy)
2023-02-20 03:00:00,2023,2,4,13485,16.59,HOEP (Legacy)
2023-02-20 04:00:00,2023,2,5,13437,13.34,HOEP (Legacy)
2023-02-20 05:00:00,2023,2,6,13512,6.86,HOEP (Legacy)
2023-02-20 06:00:00,2023,2,7,14116,6.89,HOEP (Legacy)
2023-02-20 07:00:00,2023,2,8,14685,8.99,HOEP (Legacy)
2023-02-20 08:00:00,2023,2,9,14969,13.34,HOEP (Legacy)
2023-02-20 09:00:00,2023,2,10,14905,13.34,HOEP (Legacy)
2023-02-20 10:00:00,2023,2,11,14583,13.55,HOEP (Legacy)
2023-02-20 11:00:00,2023,2,12,14855,26.31,HOEP (Legacy)
2023-02-20 12:00:00,2023,2,13,14704,17.18,HOEP (Legacy)
2023-02-20 13:00:00,2023,2,14,14414,10.37,HOEP (Legacy)
2023-02-20 14:00:00,2023,2,15,14095,5.69,HOEP (Legacy)
2023-02-20 15:00:00,2023,2,16,14696,4.22,HOEP (Legacy)
2023-02-20 16:00:00,2023,2,17,15830,18.83,HOEP (Legacy)
2023-02-20 17:00:00,2023,2,18,17295,30.26,HOEP (Legacy)
2023-02-20 18:00:00,2023,2,19,17789,30.9,HOEP (Legacy)
2023-02-20 19:00:00,2023,2,20,17581,29.54,HOEP (Legacy)
2023-02-20 20:00:00,2023,2,21,17204,27.93,HOEP (Legacy)
2023-02-20 21:00:00,2023,2,22,16581,29.66,HOEP (Legacy)
2023-02-20 22:00:00,2023,2,23,15781,24.1,HOEP (Legacy)
2023-02-20 23:00:00,2023,2,24,14860,17.93,HOEP (Legacy)
2023-02-21 00:00:00,2023,2,1,14443,13.34,HOEP (Legacy)
2023-02-21 01:00:00,2023,2,2,14118,6.18,HOEP (Legacy)
2023-02-21 02:00:00,2023,2,3,13852,4.93,HOEP (Legacy)
2023-02-21 03:00:00,2023,2,4,13754,10.92,HOEP (Legacy)
2023-02-21 04:00:00,2023,2,5,14007,10.26,HOEP (Legacy)
2023-02-21 05:00:00,2023,2,6,14591,12.76,HOEP (Legacy)
2023-02-21 06:00:00,2023,2,7,15935,30.35,HOEP (Legacy)
2023-02-21 07:00:00,2023,2,8,17319,34.84,HOEP (Legacy)
2023-02-21 08:00:00,2023,2,9,17286,32.02,HOEP (Legacy)
2023-02-21 09:00:00,2023,2,10,17270,27.8,HOEP (Legacy)
2023-02-21 10:00:00,2023,2,11,16850,8.43,HOEP (Legacy)
2023-02-21 11:00:00,2023,2,12,16286,12.24,HOEP (Legacy)
2023-02-21 12:00:00,2023,2,13,16570,14.35,HOEP (Legacy)
2023-02-21 13:00:00,2023,2,14,16854,14.35,HOEP (Legacy)
2023-02-21 14:00:00,2023,2,15,16959,21.18,HOEP (Legacy)
2023-02-21 15:00:00,2023,2,16,17443,17.76,HOEP (Legacy)
2023-02-21 16:00:00,2023,2,17,17943,17.01,HOEP (Legacy)
2023-02-21 17:00:00,2023,2,18,18737,36.68,HOEP (Legacy)
2023-02-21 18:00:00,2023,2,19,19054,36.93,HOEP (Legacy)
2023-02-21 19:00:00,2023,2,20,18879,29.96,HOEP (Legacy)
2023-02-21 20:00:00,2023,2,21,18503,29.15,HOEP (Legacy)
2023-02-21 21:00:00,2023,2,22,17883,28.98,HOEP (Legacy)
2023-02-21 22:00:00,2023,2,23,16878,31.36,HOEP (Legacy)
2023-02-21 23:00:00,2023,2,24,16037,28.06,HOEP (Legacy)
2023-02-22 00:00:00,2023,2,1,15494,36.4,HOEP (Legacy)
2023-02-22 01:00:00,2023,2,2,15157,32.4,HOEP (Legacy)
2023-02-22 02:00:00,2023,2,3,14985,28.91,HOEP (Legacy)
2023-02-22 03:00:00,2023,2,4,14861,26.49,HOEP (Legacy)
2023-02-22 04:00:00,2023,2,5,14847,18.51,HOEP (Legacy)
2023-02-22 05:00:00,2023,2,6,15543,16.66,HOEP (Legacy)
2023-02-22 06:00:00,2023,2,7,16501,29.92,HOEP (Legacy)
2023-02-22 07:00:00,2023,2,8,17836,30.92,HOEP (Legacy)
2023-02-22 08:00:00,2023,2,9,18441,29.74,HOEP (Legacy)
2023-02-22 09:00:00,2023,2,10,18552,29.53,HOEP (Legacy)
2023-02-22 10:00:00,2023,2,11,18254,28.28,HOEP (Legacy)
2023-02-22 11:00:00,2023,2,12,18548,29.65,HOEP (Legacy)
2023-02-22 12:00:00,2023,2,13,18727,28.56,HOEP (Legacy)
2023-02-22 13:00:00,2023,2,14,18573,29.68,HOEP (Legacy)
2023-02-22 14:00:00,2023,2,15,18513,27.94,HOEP (Legacy)
2023-02-22 15:00:00,2023,2,16,18849,26.75,HOEP (Legacy)
2023-02-22 16:00:00,2023,2,17,19275,28.73,HOEP (Legacy)
2023-02-22 17:00:00,2023,2,18,20062,38.65,HOEP (Legacy)
2023-02-22 18:00:00,2023,2,19,20267,41.35,HOEP (Legacy)
2023-02-22 19:00:00,2023,2,20,19702,32.99,HOEP (Legacy)
2023-02-22 20:00:00,2023,2,21,19070,27.93,HOEP (Legacy)
2023-02-22 21:00:00,2023,2,22,18480,29.05,HOEP (Legacy)
2023-02-22 22:00:00,2023,2,23,17510,29.51,HOEP (Legacy)
2023-02-22 23:00:00,2023,2,24,16592,28.44,HOEP (Legacy)
2023-02-23 00:00:00,2023,2,1,15938,46.06,HOEP (Legacy)
2023-02-23 01:00:00,2023,2,2,15640,31.68,HOEP (Legacy)
2023-02-23 02:00:00,2023,2,3,15501,26.41,HOEP (Legacy)
2023-02-23 03:00:00,2023,2,4,15491,26.69,HOEP (Legacy)
2023-02-23 04:00:00,2023,2,5,15667,14.61,HOEP (Legacy)
2023-02-23 05:00:00,2023,2,6,16153,15.1,HOEP (Legacy)
2023-02-23 06:00:00,2023,2,7,17111,27.13,HOEP (Legacy)
2023-02-23 07:00:00,2023,2,8,18079,31.26,HOEP (Legacy)
2023-02-23 08:00:00,2023,2,9,18949,35.33,HOEP (Legacy)
2023-02-23 09:00:00,2023,2,10,19222,35.91,HOEP (Legacy)
2023-02-23 10:00:00,2023,2,11,19345,40.34,HOEP (Legacy)
2023-02-23 11:00:00,2023,2,12,19316,36.8,HOEP (Legacy)
2023-02-23 12:00:00,2023,2,13,19275,35.48,HOEP (Legacy)
2023-02-23 13:00:00,2023,2,14,19231,36.98,HOEP (Legacy)
2023-02-23 14:00:00,2023,2,15,19160,37.11,HOEP (Legacy)
2023-02-23 15:00:00,2023,2,16,18962,34.13,HOEP (Legacy)
2023-02-23 16:00:00,2023,2,17,19106,34.12,HOEP (Legacy)
2023-02-23 17:00:00,2023,2,18,19917,32.88,HOEP (Legacy)
2023-02-23 18:00:00,2023,2,19,19959,33.11,HOEP (Legacy)
2023-02-23 19:00:00,2023,2,20,19439,32.78,HOEP (Legacy)
2023-02-23 20:00:00,2023,2,21,19173,32.4,HOEP (Legacy)
2023-02-23 21:00:00,2023,2,22,18458,30.49,HOEP (Legacy)
2023-02-23 22:00:00,2023,2,23,17322,28.42,HOEP (Legacy)
2023-02-23 23:00:00,2023,2,24,16497,30.59,HOEP (Legacy)
2023-02-24 00:00:00,2023,2,1,15908,35.88,HOEP (Legacy)
2023-02-24 01:00:00,2023,2,2,15556,25.18,HOEP (Legacy)
2023-02-24 02:00:00,2023,2,3,15388,28.58,HOEP (Legacy)
2023-02-24 03:00:00,2023,2,4,15501,27.31,HOEP (Legacy)
2023-02-24 04:00:00,2023,2,5,15671,29.92,HOEP (Legacy)
2023-02-24 05:00:00,2023,2,6,16166,28.88,HOEP (Legacy)
2023-02-24 06:00:00,2023,2,7,17483,34.57,HOEP (Legacy)
2023-02-24 07:00:00,2023,2,8,18728,44.38,HOEP (Legacy)
2023-02-24 08:00:00,2023,2,9,19074,36.41,HOEP (Legacy)
2023-02-24 09:00:00,2023,2,10,18678,34.39,HOEP (Legacy)
2023-02-24 10:00:00,2023,2,11,18021,33.99,HOEP (Legacy)
2023-02-24 11:00:00,2023,2,12,17701,32.77,HOEP (Legacy)
2023-02-24 12:00:00,2023,2,13,17420,29.49,HOEP (Legacy)
2023-02-24 13:00:00,2023,2,14,17189,23.6,HOEP (Legacy)
2023-02-24 14:00:00,2023,2,15,17141,20.83,HOEP (Legacy)
2023-02-24 15:00:00,2023,2,16,17377,19.77,HOEP (Legacy)
2023-02-24 16:00:00,2023,2,17,18240,28.33,HOEP (Legacy)
2023-02-24 17:00:00,2023,2,18,19188,28.52,HOEP (Legacy)
2023-02-24 18:00:00,2023,2,19,19853,34.41,HOEP (Legacy)
2023-02-24 19:00:00,2023,2,20,19625,35.95,HOEP (Legacy)
2023-02-24 20:00:00,2023,2,21,19244,32.88,HOEP (Legacy)
2023-02-24 21:00:00,2023,2,22,18742,36.36,HOEP (Legacy)
2023-02-24 22:00:00,2023,2,23,17907,33.71,HOEP (Legacy)
2023-02-24 23:00:00,2023,2,24,16970,34.05,HOEP (Legacy)
2023-02-25 00:00:00,2023,2,1,16399,35.83,HOEP (Legacy)
2023-02-25 01:00:00,2023,2,2,15953,34.22,HOEP (Legacy)
2023-02-25 02:00:00,2023,2,3,15581,35.33,HOEP (Legacy)
2023-02-25 03:00:00,2023,2,4,15607,37.8,HOEP (Legacy)
2023-02-25 04:00:00,2023,2,5,15778,35.73,HOEP (Legacy)
2023-02-25 05:00:00,2023,2,6,15677,32.93,HOEP (Legacy)
2023-02-25 06:00:00,2023,2,7,16222,34.66,HOEP (Legacy)
2023-02-25 07:00:00,2023,2,8,16892,34.75,HOEP (Legacy)
2023-02-25 08:00:00,2023,2,9,17555,34.71,HOEP (Legacy)
2023-02-25 09:00:00,2023,2,10,18188,39.07,HOEP (Legacy)
2023-02-25 10:00:00,2023,2,11,18341,43.19,HOEP (Legacy)
2023-02-25 11:00:00,2023,2,12,17915,35.29,HOEP (Legacy)
2023-02-25 12:00:00,2023,2,13,17762,35.32,HOEP (Legacy)
2023-02-25 13:00:00,2023,2,14,17376,34.57,HOEP (Legacy)
2023-02-25 14:00:00,2023,2,15,16905,33.81,HOEP (Legacy)
2023-02-25 15:00:00,2023,2,16,16823,28.19,HOEP (Legacy)
2023-02-25 16:00:00,2023,2,17,17498,31.87,HOEP (Legacy)
2023-02-25 17:00:00,2023,2,18,18430,36.53,HOEP (Legacy)
2023-02-25 18:00:00,2023,2,19,18759,34.91,HOEP (Legacy)
2023-02-25 19:00:00,2023,2,20,18324,37.44,HOEP (Legacy)
2023-02-25 20:00:00,2023,2,21,17949,40.06,HOEP (Legacy)
2023-02-25 21:00:00,2023,2,22,17129,33.87,HOEP (Legacy)
2023-02-25 22:00:00,2023,2,23,16300,32.23,HOEP (Legacy)
2023-02-25 23:00:00,2023,2,24,15321,29.76,HOEP (Legacy)
2023-02-26 00:00:00,2023,2,1,15205,30.57,HOEP (Legacy)
2023-02-26 01:00:00,2023,2,2,14792,31.88,HOEP (Legacy)
2023-02-26 02:00:00,2023,2,3,14230,16.61,HOEP (Legacy)
2023-02-26 03:00:00,2023,2,4,14066,14.36,HOEP (Legacy)
2023-02-26 04:00:00,2023,2,5,14242,19.76,HOEP (Legacy)
2023-02-26 05:00:00,2023,2,6,14720,33.02,HOEP (Legacy)
2023-02-26 06:00:00,2023,2,7,15225,40.22,HOEP (Legacy)
2023-02-26 07:00:00,2023,2,8,15507,35.5,HOEP (Legacy)
2023-02-26 08:00:00,2023,2,9,15903,30.25,HOEP (Legacy)
2023-02-26 09:00:00,2023,2,10,15994,30.87,HOEP (Legacy)
2023-02-26 10:00:00,2023,2,11,15604,30.72,HOEP (Legacy)
2023-02-26 11:00:00,2023,2,12,15562,30.8,HOEP (Legacy)
2023-02-26 12:00:00,2023,2,13,15311,28.9,HOEP (Legacy)
2023-02-26 13:00:00,2023,2,14,15096,13.0,HOEP (Legacy)
2023-02-26 14:00:00,2023,2,15,15049,1.37,HOEP (Legacy)
2023-02-26 15:00:00,2023,2,16,15296,3.63,HOEP (Legacy)
2023-02-26 16:00:00,2023,2,17,16093,19.67,HOEP (Legacy)
2023-02-26 17:00:00,2023,2,18,17317,29.43,HOEP (Legacy)
2023-02-26 18:00:00,2023,2,19,18148,35.12,HOEP (Legacy)
2023-02-26 19:00:00,2023,2,20,18064,33.58,HOEP (Legacy)
2023-02-26 20:00:00,2023,2,21,17610,36.65,HOEP (Legacy)
2023-02-26 21:00:00,2023,2,22,17033,34.65,HOEP (Legacy)
2023-02-26 22:00:00,2023,2,23,16034,32.35,HOEP (Legacy)
2023-02-26 23:00:00,2023,2,24,15074,23.94,HOEP (Legacy)
2023-02-27 00:00:00,2023,2,1,14950,21.83,HOEP (Legacy)
2023-02-27 01:00:00,2023,2,2,14867,26.14,HOEP (Legacy)
2023-02-27 02:00:00,2023,2,3,14597,24.72,HOEP (Legacy)
2023-02-27 03:00:00,2023,2,4,14536,21.43,HOEP (Legacy)
2023-02-27 04:00:00,2023,2,5,14693,14.37,HOEP (Legacy)
2023-02-27 05:00:00,2023,2,6,15408,22.92,HOEP (Legacy)
2023-02-27 06:00:00,2023,2,7,16707,30.8,HOEP (Legacy)
2023-02-27 07:00:00,2023,2,8,17815,33.49,HOEP (Legacy)
2023-02-27 08:00:00,2023,2,9,17801,33.42,HOEP (Legacy)
2023-02-27 09:00:00,2023,2,10,17459,29.17,HOEP (Legacy)
2023-02-27 10:00:00,2023,2,11,17298,33.19,HOEP (Legacy)
2023-02-27 11:00:00,2023,2,12,17609,31.87,HOEP (Legacy)
2023-02-27 12:00:00,2023,2,13,17943,33.64,HOEP (Legacy)
2023-02-27 13:00:00,2023,2,14,18293,33.06,HOEP (Legacy)
2023-02-27 14:00:00,2023,2,15,18520,31.93,HOEP (Legacy)
2023-02-27 15:00:00,2023,2,16,18667,30.86,HOEP (Legacy)
2023-02-27 16:00:00,2023,2,17,19005,30.86,HOEP (Legacy)
2023-02-27 17:00:00,2023,2,18,19514,32.7,HOEP (Legacy)
2023-02-27 18:00:00,2023,2,19,19568,36.82,HOEP (Legacy)
2023-02-27 19:00:00,2023,2,20,19354,38.74,HOEP (Legacy)
2023-02-27 20:00:00,2023,2,21,19125,38.05,HOEP (Legacy)
2023-02-27 21:00:00,2023,2,22,18422,39.32,HOEP (Legacy)
2023-02-27 22:00:00,2023,2,23,17518,32.61,HOEP (Legacy)
2023-02-27 23:00:00,2023,2,24,16520,55.21,HOEP (Legacy)
2023-02-28 00:00:00,2023,2,1,15898,31.3,HOEP (Legacy)
2023-02-28 01:00:00,2023,2,2,15482,30.65,HOEP (Legacy)
2023-02-28 02:00:00,2023,2,3,15231,16.37,HOEP (Legacy)
2023-02-28 03:00:00,2023,2,4,15115,14.34,HOEP (Legacy)
2023-02-28 04:00:00,2023,2,5,15223,13.63,HOEP (Legacy)
2023-02-28 05:00:00,2023,2,6,15687,5.82,HOEP (Legacy)
2023-02-28 06:00:00,2023,2,7,16764,33.45,HOEP (Legacy)
2023-02-28 07:00:00,2023,2,8,17705,35.52,HOEP (Legacy)
2023-02-28 08:00:00,2023,2,9,18045,36.14,HOEP (Legacy)
2023-02-28 09:00:00,2023,2,10,18282,33.54,HOEP (Legacy)
2023-02-28 10:00:00,2023,2,11,18392,36.11,HOEP (Legacy)
2023-02-28 11:00:00,2023,2,12,18413,35.07,HOEP (Legacy)
2023-02-28 12:00:00,2023,2,13,18464,36.0,HOEP (Legacy)
2023-02-28 13:00:00,2023,2,14,18740,34.5,HOEP (Legacy)
2023-02-28 14:00:00,2023,2,15,17990,31.58,HOEP (Legacy)
2023-02-28 15:00:00,2023,2,16,17479,27.89,HOEP (Legacy)
2023-02-28 16:00:00,2023,2,17,17775,31.41,HOEP (Legacy)
2023-02-28 17:00:00,2023,2,18,18590,37.02,HOEP (Legacy)
2023-02-28 18:00:00,2023,2,19,18824,36.14,HOEP (Legacy)
2023-02-28 19:00:00,2023,2,20,18523,31.11,HOEP (Legacy)
2023-02-28 20:00:00,2023,2,21,18140,26.72,HOEP (Legacy)
2023-02-28 21:00:00,2023,2,22,17540,25.91,HOEP (Legacy)
2023-02-28 22:00:00,2023,2,23,16487,19.11,HOEP (Legacy)
2023-02-28 23:00:00,2023,2,24,15683,14.97,HOEP (Legacy)
2023-03-01 00:00:00,2023,3,1,15210,28.84,HOEP (Legacy)
2023-03-01 01:00:00,2023,3,2,14926,24.19,HOEP (Legacy)
2023-03-01 02:00:00,2023,3,3,14658,28.56,HOEP (Legacy)
2023-03-01 03:00:00,2023,3,4,14365,11.41,HOEP (Legacy)
2023-03-01 04:00:00,2023,3,5,14575,7.99,HOEP (Legacy)
2023-03-01 05:00:00,2023,3,6,15563,30.53,HOEP (Legacy)
2023-03-01 06:00:00,2023,3,7,16488,35.37,HOEP (Legacy)
2023-03-01 07:00:00,2023,3,8,17649,34.45,HOEP (Legacy)
2023-03-01 08:00:00,2023,3,9,17622,32.72,HOEP (Legacy)
2023-03-01 09:00:00,2023,3,10,17572,32.5,HOEP (Legacy)
2023-03-01 10:00:00,2023,3,11,17346,35.28,HOEP (Legacy)
2023-03-01 11:00:00,2023,3,12,17209,35.94,HOEP (Legacy)
2023-03-01 12:00:00,2023,3,13,17072,34.03,HOEP (Legacy)
2023-03-01 13:00:00,2023,3,14,16907,29.95,HOEP (Legacy)
2023-03-01 14:00:00,2023,3,15,16835,29.44,HOEP (Legacy)
2023-03-01 15:00:00,2023,3,16,16921,18.31,HOEP (Legacy)
2023-03-01 16:00:00,2023,3,17,17452,27.27,HOEP (Legacy)
2023-03-01 17:00:00,2023,3,18,18183,31.5,HOEP (Legacy)
2023-03-01 18:00:00,2023,3,19,18695,30.76,HOEP (Legacy)
2023-03-01 19:00:00,2023,3,20,18476,31.51,HOEP (Legacy)
2023-03-01 20:00:00,2023,3,21,18086,31.0,HOEP (Legacy)
2023-03-01 21:00:00,2023,3,22,17307,29.51,HOEP (Legacy)
2023-03-01 22:00:00,2023,3,23,16645,34.63,HOEP (Legacy)
2023-03-01 23:00:00,2023,3,24,15848,36.2,HOEP (Legacy)
2023-03-02 00:00:00,2023,3,1,15281,32.28,HOEP (Legacy)
2023-03-02 01:00:00,2023,3,2,14887,27.36,HOEP (Legacy)
2023-03-02 02:00:00,2023,3,3,14518,21.14,HOEP (Legacy)
2023-03-02 03:00:00,2023,3,4,14439,29.86,HOEP (Legacy)
2023-03-02 04:00:00,2023,3,5,14595,31.94,HOEP (Legacy)
2023-03-02 05:00:00,2023,3,6,15185,32.61,HOEP (Legacy)
2023-03-02 06:00:00,2023,3,7,16225,32.98,HOEP (Legacy)
2023-03-02 07:00:00,2023,3,8,17482,38.35,HOEP (Legacy)
2023-03-02 08:00:00,2023,3,9,17881,38.2,HOEP (Legacy)
2023-03-02 09:00:00,2023,3,10,17732,35.1,HOEP (Legacy)
2023-03-02 10:00:00,2023,3,11,17281,36.51,HOEP (Legacy)
2023-03-02 11:00:00,2023,3,12,16863,39.23,HOEP (Legacy)
2023-03-02 12:00:00,2023,3,13,17035,34.75,HOEP (Legacy)
2023-03-02 13:00:00,2023,3,14,16762,34.68,HOEP (Legacy)
2023-03-02 14:00:00,2023,3,15,16550,32.52,HOEP (Legacy)
2023-03-02 15:00:00,2023,3,16,16709,24.64,HOEP (Legacy)
2023-03-02 16:00:00,2023,3,17,17189,31.63,HOEP (Legacy)
2023-03-02 17:00:00,2023,3,18,17645,32.75,HOEP (Legacy)
2023-03-02 18:00:00,2023,3,19,18424,38.0,HOEP (Legacy)
2023-03-02 19:00:00,2023,3,20,18688,35.52,HOEP (Legacy)
2023-03-02 20:00:00,2023,3,21,18068,33.61,HOEP (Legacy)
2023-03-02 21:00:00,2023,3,22,17403,32.55,HOEP (Legacy)
2023-03-02 22:00:00,2023,3,23,16662,32.48,HOEP (Legacy)
2023-03-02 23:00:00,2023,3,24,15747,29.98,HOEP (Legacy)
2023-03-03 00:00:00,2023,3,1,15056,32.65,HOEP (Legacy)
2023-03-03 01:00:00,2023,3,2,14733,27.09,HOEP (Legacy)
2023-03-03 02:00:00,2023,3,3,14686,32.68,HOEP (Legacy)
2023-03-03 03:00:00,2023,3,4,14846,32.67,HOEP (Legacy)
2023-03-03 04:00:00,2023,3,5,14923,26.34,HOEP (Legacy)
2023-03-03 05:00:00,2023,3,6,15406,31.82,HOEP (Legacy)
2023-03-03 06:00:00,2023,3,7,16437,33.97,HOEP (Legacy)
2023-03-03 07:00:00,2023,3,8,17305,34.09,HOEP (Legacy)
2023-03-03 08:00:00,2023,3,9,17586,34.06,HOEP (Legacy)
2023-03-03 09:00:00,2023,3,10,17181,32.77,HOEP (Legacy)
2023-03-03 10:00:00,2023,3,11,17044,34.26,HOEP (Legacy)
2023-03-03 11:00:00,2023,3,12,17115,33.68,HOEP (Legacy)
2023-03-03 12:00:00,2023,3,13,16876,32.79,HOEP (Legacy)
2023-03-03 13:00:00,2023,3,14,16832,33.12,HOEP (Legacy)
2023-03-03 14:00:00,2023,3,15,16890,31.91,HOEP (Legacy)
2023-03-03 15:00:00,2023,3,16,17335,24.49,HOEP (Legacy)
2023-03-03 16:00:00,2023,3,17,17812,30.88,HOEP (Legacy)
2023-03-03 17:00:00,2023,3,18,18171,22.9,HOEP (Legacy)
2023-03-03 18:00:00,2023,3,19,18457,9.45,HOEP (Legacy)
2023-03-03 19:00:00,2023,3,20,18180,14.36,HOEP (Legacy)
2023-03-03 20:00:00,2023,3,21,18086,34.01,HOEP (Legacy)
2023-03-03 21:00:00,2023,3,22,17382,32.79,HOEP (Legacy)
2023-03-03 22:00:00,2023,3,23,16375,23.63,HOEP (Legacy)
2023-03-03 23:00:00,2023,3,24,15294,9.04,HOEP (Legacy)
2023-03-04 00:00:00,2023,3,1,14633,10.33,HOEP (Legacy)
2023-03-04 01:00:00,2023,3,2,14324,13.35,HOEP (Legacy)
2023-03-04 02:00:00,2023,3,3,14146,13.37,HOEP (Legacy)
2023-03-04 03:00:00,2023,3,4,14071,13.37,HOEP (Legacy)
2023-03-04 04:00:00,2023,3,5,14128,13.35,HOEP (Legacy)
2023-03-04 05:00:00,2023,3,6,14324,13.35,HOEP (Legacy)
2023-03-04 06:00:00,2023,3,7,14944,8.46,HOEP (Legacy)
2023-03-04 07:00:00,2023,3,8,15568,22.87,HOEP (Legacy)
2023-03-04 08:00:00,2023,3,9,16153,34.35,HOEP (Legacy)
2023-03-04 09:00:00,2023,3,10,16366,35.4,HOEP (Legacy)
2023-03-04 10:00:00,2023,3,11,16231,35.99,HOEP (Legacy)
2023-03-04 11:00:00,2023,3,12,15976,35.37,HOEP (Legacy)
2023-03-04 12:00:00,2023,3,13,15718,36.0,HOEP (Legacy)
2023-03-04 13:00:00,2023,3,14,15227,35.47,HOEP (Legacy)
2023-03-04 14:00:00,2023,3,15,14926,32.69,HOEP (Legacy)
2023-03-04 15:00:00,2023,3,16,15007,32.53,HOEP (Legacy)
2023-03-04 16:00:00,2023,3,17,15481,26.63,HOEP (Legacy)
2023-03-04 17:00:00,2023,3,18,16176,33.15,HOEP (Legacy)
2023-03-04 18:00:00,2023,3,19,17059,37.65,HOEP (Legacy)
2023-03-04 19:00:00,2023,3,20,17094,35.78,HOEP (Legacy)
2023-03-04 20:00:00,2023,3,21,16522,36.78,HOEP (Legacy)
2023-03-04 21:00:00,2023,3,22,15945,36.41,HOEP (Legacy)
2023-03-04 22:00:00,2023,3,23,15229,35.5,HOEP (Legacy)
2023-03-04 23:00:00,2023,3,24,14473,34.58,HOEP (Legacy)
2023-03-05 00:00:00,2023,3,1,13797,35.28,HOEP (Legacy)
2023-03-05 01:00:00,2023,3,2,13662,35.26,HOEP (Legacy)
2023-03-05 02:00:00,2023,3,3,13535,35.25,HOEP (Legacy)
2023-03-05 03:00:00,2023,3,4,13311,34.0,HOEP (Legacy)
2023-03-05 04:00:00,2023,3,5,13236,33.53,HOEP (Legacy)
2023-03-05 05:00:00,2023,3,6,13462,32.66,HOEP (Legacy)
2023-03-05 06:00:00,2023,3,7,14047,27.1,HOEP (Legacy)
2023-03-05 07:00:00,2023,3,8,14488,22.97,HOEP (Legacy)
2023-03-05 08:00:00,2023,3,9,14846,34.62,HOEP (Legacy)
2023-03-05 09:00:00,2023,3,10,15037,34.45,HOEP (Legacy)
2023-03-05 10:00:00,2023,3,11,14860,35.38,HOEP (Legacy)
2023-03-05 11:00:00,2023,3,12,14720,34.47,HOEP (Legacy)
2023-03-05 12:00:00,2023,3,13,14543,33.16,HOEP (Legacy)
2023-03-05 13:00:00,2023,3,14,14482,33.12,HOEP (Legacy)
2023-03-05 14:00:00,2023,3,15,14505,29.57,HOEP (Legacy)
2023-03-05 15:00:00,2023,3,16,14768,31.81,HOEP (Legacy)
2023-03-05 16:00:00,2023,3,17,15437,30.09,HOEP (Legacy)
2023-03-05 17:00:00,2023,3,18,16263,34.05,HOEP (Legacy)
2023-03-05 18:00:00,2023,3,19,17318,60.88,HOEP (Legacy)
2023-03-05 19:00:00,2023,3,20,17473,47.81,HOEP (Legacy)
2023-03-05 20:00:00,2023,3,21,16892,38.37,HOEP (Legacy)
2023-03-05 21:00:00,2023,3,22,16352,36.23,HOEP (Legacy)
2023-03-05 22:00:00,2023,3,23,15431,33.95,HOEP (Legacy)
2023-03-05 23:00:00,2023,3,24,14889,37.36,HOEP (Legacy)
2023-03-06 00:00:00,2023,3,1,14369,33.13,HOEP (Legacy)
2023-03-06 01:00:00,2023,3,2,14000,27.83,HOEP (Legacy)
2023-03-06 02:00:00,2023,3,3,14054,32.06,HOEP (Legacy)
2023-03-06 03:00:00,2023,3,4,14144,30.47,HOEP (Legacy)
2023-03-06 04:00:00,2023,3,5,14149,14.36,HOEP (Legacy)
2023-03-06 05:00:00,2023,3,6,14566,19.15,HOEP (Legacy)
2023-03-06 06:00:00,2023,3,7,15590,29.2,HOEP (Legacy)
2023-03-06 07:00:00,2023,3,8,16870,35.38,HOEP (Legacy)
2023-03-06 08:00:00,2023,3,9,16887,33.75,HOEP (Legacy)
2023-03-06 09:00:00,2023,3,10,16944,32.77,HOEP (Legacy)
2023-03-06 10:00:00,2023,3,11,16917,31.89,HOEP (Legacy)
2023-03-06 11:00:00,2023,3,12,16415,24.43,HOEP (Legacy)
2023-03-06 12:00:00,2023,3,13,15942,15.95,HOEP (Legacy)
2023-03-06 13:00:00,2023,3,14,16074,27.27,HOEP (Legacy)
2023-03-06 14:00:00,2023,3,15,16568,34.72,HOEP (Legacy)
2023-03-06 15:00:00,2023,3,16,16800,33.87,HOEP (Legacy)
2023-03-06 16:00:00,2023,3,17,17331,34.8,HOEP (Legacy)
2023-03-06 17:00:00,2023,3,18,17921,29.6,HOEP (Legacy)
2023-03-06 18:00:00,2023,3,19,18357,29.49,HOEP (Legacy)
2023-03-06 19:00:00,2023,3,20,18016,31.53,HOEP (Legacy)
2023-03-06 20:00:00,2023,3,21,17560,29.12,HOEP (Legacy)
2023-03-06 21:00:00,2023,3,22,16865,30.17,HOEP (Legacy)
2023-03-06 22:00:00,2023,3,23,16007,35.33,HOEP (Legacy)
2023-03-06 23:00:00,2023,3,24,15055,19.67,HOEP (Legacy)
2023-03-07 00:00:00,2023,3,1,14496,8.6,HOEP (Legacy)
2023-03-07 01:00:00,2023,3,2,14193,11.39,HOEP (Legacy)
2023-03-07 02:00:00,2023,3,3,13894,12.6,HOEP (Legacy)
2023-03-07 03:00:00,2023,3,4,13981,14.36,HOEP (Legacy)
2023-03-07 04:00:00,2023,3,5,14322,21.55,HOEP (Legacy)
2023-03-07 05:00:00,2023,3,6,15062,16.01,HOEP (Legacy)
2023-03-07 06:00:00,2023,3,7,16031,12.3,HOEP (Legacy)
2023-03-07 07:00:00,2023,3,8,17047,10.56,HOEP (Legacy)
2023-03-07 08:00:00,2023,3,9,16690,8.49,HOEP (Legacy)
2023-03-07 09:00:00,2023,3,10,15829,2.5,HOEP (Legacy)
2023-03-07 10:00:00,2023,3,11,15673,0.41,HOEP (Legacy)
2023-03-07 11:00:00,2023,3,12,15653,4.55,HOEP (Legacy)
2023-03-07 12:00:00,2023,3,13,15470,0.0,HOEP (Legacy)
2023-03-07 13:00:00,2023,3,14,15518,0.0,HOEP (Legacy)
2023-03-07 14:00:00,2023,3,15,15524,0.0,HOEP (Legacy)
2023-03-07 15:00:00,2023,3,16,15882,0.82,HOEP (Legacy)
2023-03-07 16:00:00,2023,3,17,16579,4.93,HOEP (Legacy)
2023-03-07 17:00:00,2023,3,18,17552,12.78,HOEP (Legacy)
2023-03-07 18:00:00,2023,3,19,18265,20.48,HOEP (Legacy)
2023-03-07 19:00:00,2023,3,20,18335,28.68,HOEP (Legacy)
2023-03-07 20:00:00,2023,3,21,17927,31.8,HOEP (Legacy)
2023-03-07 21:00:00,2023,3,22,17463,76.59,HOEP (Legacy)
2023-03-07 22:00:00,2023,3,23,16529,29.09,HOEP (Legacy)
2023-03-07 23:00:00,2023,3,24,15521,9.89,HOEP (Legacy)
2023-03-08 00:00:00,2023,3,1,14681,5.85,HOEP (Legacy)
2023-03-08 01:00:00,2023,3,2,14351,14.36,HOEP (Legacy)
2023-03-08 02:00:00,2023,3,3,14184,27.22,HOEP (Legacy)
2023-03-08 03:00:00,2023,3,4,14173,23.3,HOEP (Legacy)
2023-03-08 04:00:00,2023,3,5,14586,10.15,HOEP (Legacy)
2023-03-08 05:00:00,2023,3,6,15188,5.17,HOEP (Legacy)
2023-03-08 06:00:00,2023,3,7,16253,12.3,HOEP (Legacy)
2023-03-08 07:00:00,2023,3,8,17348,30.46,HOEP (Legacy)
2023-03-08 08:00:00,2023,3,9,17229,18.26,HOEP (Legacy)
2023-03-08 09:00:00,2023,3,10,16353,2.71,HOEP (Legacy)
2023-03-08 10:00:00,2023,3,11,15820,5.14,HOEP (Legacy)
2023-03-08 11:00:00,2023,3,12,15555,4.68,HOEP (Legacy)
2023-03-08 12:00:00,2023,3,13,15423,4.64,HOEP (Legacy)
2023-03-08 13:00:00,2023,3,14,15392,0.0,HOEP (Legacy)
2023-03-08 14:00:00,2023,3,15,15246,0.0,HOEP (Legacy)
2023-03-08 15:00:00,2023,3,16,15433,0.42,HOEP (Legacy)
2023-03-08 16:00:00,2023,3,17,16296,6.96,HOEP (Legacy)
2023-03-08 17:00:00,2023,3,18,17269,20.32,HOEP (Legacy)
2023-03-08 18:00:00,2023,3,19,17960,30.84,HOEP (Legacy)
2023-03-08 19:00:00,2023,3,20,18240,32.26,HOEP (Legacy)
2023-03-08 20:00:00,2023,3,21,17918,30.57,HOEP (Legacy)
2023-03-08 21:00:00,2023,3,22,17266,36.05,HOEP (Legacy)
2023-03-08 22:00:00,2023,3,23,16512,30.11,HOEP (Legacy)
2023-03-08 23:00:00,2023,3,24,15607,19.93,HOEP (Legacy)
2023-03-09 00:00:00,2023,3,1,14829,16.73,HOEP (Legacy)
2023-03-09 01:00:00,2023,3,2,14616,28.87,HOEP (Legacy)
2023-03-09 02:00:00,2023,3,3,14541,27.97,HOEP (Legacy)
2023-03-09 03:00:00,2023,3,4,14555,14.36,HOEP (Legacy)
2023-03-09 04:00:00,2023,3,5,14793,10.27,HOEP (Legacy)
2023-03-09 05:00:00,2023,3,6,15504,21.32,HOEP (Legacy)
2023-03-09 06:00:00,2023,3,7,16641,34.61,HOEP (Legacy)
2023-03-09 07:00:00,2023,3,8,17633,36.18,HOEP (Legacy)
2023-03-09 08:00:00,2023,3,9,17358,31.91,HOEP (Legacy)
2023-03-09 09:00:00,2023,3,10,16567,31.86,HOEP (Legacy)
2023-03-09 10:00:00,2023,3,11,16096,31.72,HOEP (Legacy)
2023-03-09 11:00:00,2023,3,12,15778,31.63,HOEP (Legacy)
2023-03-09 12:00:00,2023,3,13,15587,31.86,HOEP (Legacy)
2023-03-09 13:00:00,2023,3,14,15383,18.16,HOEP (Legacy)
2023-03-09 14:00:00,2023,3,15,15340,18.72,HOEP (Legacy)
2023-03-09 15:00:00,2023,3,16,15622,20.8,HOEP (Legacy)
2023-03-09 16:00:00,2023,3,17,16497,30.62,HOEP (Legacy)
2023-03-09 17:00:00,2023,3,18,17371,32.21,HOEP (Legacy)
2023-03-09 18:00:00,2023,3,19,18003,32.87,HOEP (Legacy)
2023-03-09 19:00:00,2023,3,20,18150,32.3,HOEP (Legacy)
2023-03-09 20:00:00,2023,3,21,17806,31.61,HOEP (Legacy)
2023-03-09 21:00:00,2023,3,22,17148,32.92,HOEP (Legacy)
2023-03-09 22:00:00,2023,3,23,16315,32.21,HOEP (Legacy)
2023-03-09 23:00:00,2023,3,24,15388,27.02,HOEP (Legacy)
2023-03-10 00:00:00,2023,3,1,14805,33.32,HOEP (Legacy)
2023-03-10 01:00:00,2023,3,2,14518,32.24,HOEP (Legacy)
2023-03-10 02:00:00,2023,3,3,14400,24.04,HOEP (Legacy)
2023-03-10 03:00:00,2023,3,4,14173,17.17,HOEP (Legacy)
2023-03-10 04:00:00,2023,3,5,14150,0.0,HOEP (Legacy)
2023-03-10 05:00:00,2023,3,6,14850,1.33,HOEP (Legacy)
2023-03-10 06:00:00,2023,3,7,16180,17.26,HOEP (Legacy)
2023-03-10 07:00:00,2023,3,8,16919,19.12,HOEP (Legacy)
2023-03-10 08:00:00,2023,3,9,17482,25.55,HOEP (Legacy)
2023-03-10 09:00:00,2023,3,10,17785,29.75,HOEP (Legacy)
2023-03-10 10:00:00,2023,3,11,18053,32.14,HOEP (Legacy)
2023-03-10 11:00:00,2023,3,12,17855,32.41,HOEP (Legacy)
2023-03-10 12:00:00,2023,3,13,17899,30.47,HOEP (Legacy)
2023-03-10 13:00:00,2023,3,14,17417,20.59,HOEP (Legacy)
2023-03-10 14:00:00,2023,3,15,17535,16.93,HOEP (Legacy)
2023-03-10 15:00:00,2023,3,16,17705,11.01,HOEP (Legacy)
2023-03-10 16:00:00,2023,3,17,18188,31.54,HOEP (Legacy)
2023-03-10 17:00:00,2023,3,18,18579,24.88,HOEP (Legacy)
2023-03-10 18:00:00,2023,3,19,18811,18.96,HOEP (Legacy)
2023-03-10 19:00:00,2023,3,20,18676,27.47,HOEP (Legacy)
2023-03-10 20:00:00,2023,3,21,18057,25.09,HOEP (Legacy)
2023-03-10 21:00:00,2023,3,22,17289,33.9,HOEP (Legacy)
2023-03-10 22:00:00,2023,3,23,16608,34.48,HOEP (Legacy)
2023-03-10 23:00:00,2023,3,24,15510,18.13,HOEP (Legacy)
2023-03-11 00:00:00,2023,3,1,14895,29.87,HOEP (Legacy)
2023-03-11 01:00:00,2023,3,2,14574,31.34,HOEP (Legacy)
2023-03-11 02:00:00,2023,3,3,14453,35.74,HOEP (Legacy)
2023-03-11 03:00:00,2023,3,4,14257,30.18,HOEP (Legacy)
2023-03-11 04:00:00,2023,3,5,14312,26.71,HOEP (Legacy)
2023-03-11 05:00:00,2023,3,6,14391,28.94,HOEP (Legacy)
2023-03-11 06:00:00,2023,3,7,15261,26.18,HOEP (Legacy)
2023-03-11 07:00:00,2023,3,8,15831,27.01,HOEP (Legacy)
2023-03-11 08:00:00,2023,3,9,16242,29.57,HOEP (Legacy)
2023-03-11 09:00:00,2023,3,10,16167,29.64,HOEP (Legacy)
2023-03-11 10:00:00,2023,3,11,15761,29.28,HOEP (Legacy)
2023-03-11 11:00:00,2023,3,12,15404,31.32,HOEP (Legacy)
2023-03-11 12:00:00,2023,3,13,15283,30.35,HOEP (Legacy)
2023-03-11 13:00:00,2023,3,14,15066,29.33,HOEP (Legacy)
2023-03-11 14:00:00,2023,3,15,14949,30.16,HOEP (Legacy)
2023-03-11 15:00:00,2023,3,16,15088,31.36,HOEP (Legacy)
2023-03-11 16:00:00,2023,3,17,15828,33.45,HOEP (Legacy)
2023-03-11 17:00:00,2023,3,18,16635,32.93,HOEP (Legacy)
2023-03-11 18:00:00,2023,3,19,17398,34.53,HOEP (Legacy)
2023-03-11 19:00:00,2023,3,20,17529,36.52,HOEP (Legacy)
2023-03-11 20:00:00,2023,3,21,16949,36.34,HOEP (Legacy)
2023-03-11 21:00:00,2023,3,22,16415,32.87,HOEP (Legacy)
2023-03-11 22:00:00,2023,3,23,15655,31.04,HOEP (Legacy)
2023-03-11 23:00:00,2023,3,24,15042,30.93,HOEP (Legacy)
2023-03-12 00:00:00,2023,3,1,14710,22.12,HOEP (Legacy)
2023-03-12 01:00:00,2023,3,2,14570,30.57,HOEP (Legacy)
2023-03-12 02:00:00,2023,3,3,14387,30.19,HOEP (Legacy)
2023-03-12 03:00:00,2023,3,4,14453,30.27,HOEP (Legacy)
2023-03-12 04:00:00,2023,3,5,14608,29.25,HOEP (Legacy)
2023-03-12 05:00:00,2023,3,6,14983,30.2,HOEP (Legacy)
2023-03-12 06:00:00,2023,3,7,15327,29.56,HOEP (Legacy)
2023-03-12 07:00:00,2023,3,8,15525,21.73,HOEP (Legacy)
2023-03-12 08:00:00,2023,3,9,15760,26.03,HOEP (Legacy)
2023-03-12 09:00:00,2023,3,10,15982,27.69,HOEP (Legacy)
2023-03-12 10:00:00,2023,3,11,16044,30.16,HOEP (Legacy)
2023-03-12 11:00:00,2023,3,12,15962,33.64,HOEP (Legacy)
2023-03-12 12:00:00,2023,3,13,15812,30.31,HOEP (Legacy)
2023-03-12 13:00:00,2023,3,14,16102,31.79,HOEP (Legacy)
2023-03-12 14:00:00,2023,3,15,16195,30.96,HOEP (Legacy)
2023-03-12 15:00:00,2023,3,16,16682,30.07,HOEP (Legacy)
2023-03-12 16:00:00,2023,3,17,17145,30.16,HOEP (Legacy)
2023-03-12 17:00:00,2023,3,18,17268,29.57,HOEP (Legacy)
2023-03-12 18:00:00,2023,3,19,17614,30.2,HOEP (Legacy)
2023-03-12 19:00:00,2023,3,20,17394,29.51,HOEP (Legacy)
2023-03-12 20:00:00,2023,3,21,16964,29.27,HOEP (Legacy)
2023-03-12 21:00:00,2023,3,22,16505,34.25,HOEP (Legacy)
2023-03-12 22:00:00,2023,3,23,15739,33.18,HOEP (Legacy)
2023-03-12 23:00:00,2023,3,24,15073,31.14,HOEP (Legacy)
2023-03-13 00:00:00,2023,3,1,14456,25.34,HOEP (Legacy)
2023-03-13 01:00:00,2023,3,2,14363,24.86,HOEP (Legacy)
2023-03-13 02:00:00,2023,3,3,14306,30.19,HOEP (Legacy)
2023-03-13 03:00:00,2023,3,4,14560,30.29,HOEP (Legacy)
2023-03-13 04:00:00,2023,3,5,15040,31.0,HOEP (Legacy)
2023-03-13 05:00:00,2023,3,6,16137,35.17,HOEP (Legacy)
2023-03-13 06:00:00,2023,3,7,17438,39.62,HOEP (Legacy)
2023-03-13 07:00:00,2023,3,8,18114,41.05,HOEP (Legacy)
2023-03-13 08:00:00,2023,3,9,18360,43.07,HOEP (Legacy)
2023-03-13 09:00:00,2023,3,10,18441,43.89,HOEP (Legacy)
2023-03-13 10:00:00,2023,3,11,18131,38.22,HOEP (Legacy)
2023-03-13 11:00:00,2023,3,12,17770,35.08,HOEP (Legacy)
2023-03-13 12:00:00,2023,3,13,17523,34.88,HOEP (Legacy)
2023-03-13 13:00:00,2023,3,14,17363,32.29,HOEP (Legacy)
2023-03-13 14:00:00,2023,3,15,17193,31.18,HOEP (Legacy)
2023-03-13 15:00:00,2023,3,16,17328,31.3,HOEP (Legacy)
2023-03-13 16:00:00,2023,3,17,17715,31.68,HOEP (Legacy)
2023-03-13 17:00:00,2023,3,18,17986,30.66,HOEP (Legacy)
2023-03-13 18:00:00,2023,3,19,18290,31.82,HOEP (Legacy)
2023-03-13 19:00:00,2023,3,20,18117,30.62,HOEP (Legacy)
2023-03-13 20:00:00,2023,3,21,17638,32.01,HOEP (Legacy)
2023-03-13 21:00:00,2023,3,22,16764,31.82,HOEP (Legacy)
2023-03-13 22:00:00,2023,3,23,15790,31.56,HOEP (Legacy)
2023-03-13 23:00:00,2023,3,24,14943,31.32,HOEP (Legacy)
2023-03-14 00:00:00,2023,3,1,14669,18.89,HOEP (Legacy)
2023-03-14 01:00:00,2023,3,2,14694,33.94,HOEP (Legacy)
2023-03-14 02:00:00,2023,3,3,14600,30.25,HOEP (Legacy)
2023-03-14 03:00:00,2023,3,4,14663,20.31,HOEP (Legacy)
2023-03-14 04:00:00,2023,3,5,15285,29.38,HOEP (Legacy)
2023-03-14 05:00:00,2023,3,6,16389,30.17,HOEP (Legacy)
2023-03-14 06:00:00,2023,3,7,17505,40.44,HOEP (Legacy)
2023-03-14 07:00:00,2023,3,8,18037,34.76,HOEP (Legacy)
2023-03-14 08:00:00,2023,3,9,18204,32.53,HOEP (Legacy)
2023-03-14 09:00:00,2023,3,10,17927,32.62,HOEP (Legacy)
2023-03-14 10:00:00,2023,3,11,17749,30.31,HOEP (Legacy)
2023-03-14 11:00:00,2023,3,12,17222,14.67,HOEP (Legacy)
2023-03-14 12:00:00,2023,3,13,16657,5.18,HOEP (Legacy)
2023-03-14 13:00:00,2023,3,14,16172,8.63,HOEP (Legacy)
2023-03-14 14:00:00,2023,3,15,16161,13.29,HOEP (Legacy)
2023-03-14 15:00:00,2023,3,16,16741,13.32,HOEP (Legacy)
2023-03-14 16:00:00,2023,3,17,17360,13.33,HOEP (Legacy)
2023-03-14 17:00:00,2023,3,18,17675,21.53,HOEP (Legacy)
2023-03-14 18:00:00,2023,3,19,18413,31.21,HOEP (Legacy)
2023-03-14 19:00:00,2023,3,20,18446,32.46,HOEP (Legacy)
2023-03-14 20:00:00,2023,3,21,17877,31.81,HOEP (Legacy)
2023-03-14 21:00:00,2023,3,22,17168,34.06,HOEP (Legacy)
2023-03-14 22:00:00,2023,3,23,15960,15.56,HOEP (Legacy)
2023-03-14 23:00:00,2023,3,24,15216,16.18,HOEP (Legacy)
2023-03-15 00:00:00,2023,3,1,14933,13.36,HOEP (Legacy)
2023-03-15 01:00:00,2023,3,2,14771,17.46,HOEP (Legacy)
2023-03-15 02:00:00,2023,3,3,14753,21.03,HOEP (Legacy)
2023-03-15 03:00:00,2023,3,4,14990,13.88,HOEP (Legacy)
2023-03-15 04:00:00,2023,3,5,15614,23.67,HOEP (Legacy)
2023-03-15 05:00:00,2023,3,6,16624,33.13,HOEP (Legacy)
2023-03-15 06:00:00,2023,3,7,17867,52.23,HOEP (Legacy)
2023-03-15 07:00:00,2023,3,8,18273,40.14,HOEP (Legacy)
2023-03-15 08:00:00,2023,3,9,17479,37.25,HOEP (Legacy)
2023-03-15 09:00:00,2023,3,10,16765,32.48,HOEP (Legacy)
2023-03-15 10:00:00,2023,3,11,16222,35.73,HOEP (Legacy)
2023-03-15 11:00:00,2023,3,12,15820,31.95,HOEP (Legacy)
2023-03-15 12:00:00,2023,3,13,15626,28.39,HOEP (Legacy)
2023-03-15 13:00:00,2023,3,14,15400,18.1,HOEP (Legacy)
2023-03-15 14:00:00,2023,3,15,15145,13.33,HOEP (Legacy)
2023-03-15 15:00:00,2023,3,16,15483,15.67,HOEP (Legacy)
2023-03-15 16:00:00,2023,3,17,16260,20.63,HOEP (Legacy)
2023-03-15 17:00:00,2023,3,18,16862,28.15,HOEP (Legacy)
2023-03-15 18:00:00,2023,3,19,17576,30.06,HOEP (Legacy)
2023-03-15 19:00:00,2023,3,20,17705,30.04,HOEP (Legacy)
2023-03-15 20:00:00,2023,3,21,17154,26.14,HOEP (Legacy)
2023-03-15 21:00:00,2023,3,22,16209,13.01,HOEP (Legacy)
2023-03-15 22:00:00,2023,3,23,15313,12.71,HOEP (Legacy)
2023-03-15 23:00:00,2023,3,24,14695,16.08,HOEP (Legacy)
2023-03-16 00:00:00,2023,3,1,14303,21.59,HOEP (Legacy)
2023-03-16 01:00:00,2023,3,2,14052,18.51,HOEP (Legacy)
2023-03-16 02:00:00,2023,3,3,13976,21.53,HOEP (Legacy)
2023-03-16 03:00:00,2023,3,4,14188,29.51,HOEP (Legacy)
2023-03-16 04:00:00,2023,3,5,14756,25.64,HOEP (Legacy)
2023-03-16 05:00:00,2023,3,6,15772,22.98,HOEP (Legacy)
2023-03-16 06:00:00,2023,3,7,16765,28.78,HOEP (Legacy)
2023-03-16 07:00:00,2023,3,8,17057,25.92,HOEP (Legacy)
2023-03-16 08:00:00,2023,3,9,16904,27.25,HOEP (Legacy)
2023-03-16 09:00:00,2023,3,10,16688,20.15,HOEP (Legacy)
2023-03-16 10:00:00,2023,3,11,16457,28.32,HOEP (Legacy)
2023-03-16 11:00:00,2023,3,12,16161,24.87,HOEP (Legacy)
2023-03-16 12:00:00,2023,3,13,15876,16.23,HOEP (Legacy)
2023-03-16 13:00:00,2023,3,14,15441,13.3,HOEP (Legacy)
2023-03-16 14:00:00,2023,3,15,15669,12.17,HOEP (Legacy)
2023-03-16 15:00:00,2023,3,16,15992,11.45,HOEP (Legacy)
2023-03-16 16:00:00,2023,3,17,16449,12.04,HOEP (Legacy)
2023-03-16 17:00:00,2023,3,18,16624,13.31,HOEP (Legacy)
2023-03-16 18:00:00,2023,3,19,17076,9.63,HOEP (Legacy)
2023-03-16 19:00:00,2023,3,20,16949,3.43,HOEP (Legacy)
2023-03-16 20:00:00,2023,3,21,16413,13.32,HOEP (Legacy)
2023-03-16 21:00:00,2023,3,22,15646,12.07,HOEP (Legacy)
2023-03-16 22:00:00,2023,3,23,14875,14.63,HOEP (Legacy)
2023-03-16 23:00:00,2023,3,24,14297,13.3,HOEP (Legacy)
2023-03-17 00:00:00,2023,3,1,13813,13.32,HOEP (Legacy)
2023-03-17 01:00:00,2023,3,2,13583,13.34,HOEP (Legacy)
2023-03-17 02:00:00,2023,3,3,13693,13.31,HOEP (Legacy)
2023-03-17 03:00:00,2023,3,4,13768,13.37,HOEP (Legacy)
2023-03-17 04:00:00,2023,3,5,14208,12.11,HOEP (Legacy)
2023-03-17 05:00:00,2023,3,6,15130,7.17,HOEP (Legacy)
2023-03-17 06:00:00,2023,3,7,16119,10.14,HOEP (Legacy)
2023-03-17 07:00:00,2023,3,8,16901,15.16,HOEP (Legacy)
2023-03-17 08:00:00,2023,3,9,17363,26.27,HOEP (Legacy)
2023-03-17 09:00:00,2023,3,10,17736,31.13,HOEP (Legacy)
2023-03-17 10:00:00,2023,3,11,17894,31.58,HOEP (Legacy)
2023-03-17 11:00:00,2023,3,12,17686,30.2,HOEP (Legacy)
2023-03-17 12:00:00,2023,3,13,17244,18.04,HOEP (Legacy)
2023-03-17 13:00:00,2023,3,14,16940,13.69,HOEP (Legacy)
2023-03-17 14:00:00,2023,3,15,16941,14.36,HOEP (Legacy)
2023-03-17 15:00:00,2023,3,16,17025,23.58,HOEP (Legacy)
2023-03-17 16:00:00,2023,3,17,17124,13.34,HOEP (Legacy)
2023-03-17 17:00:00,2023,3,18,17022,13.32,HOEP (Legacy)
2023-03-17 18:00:00,2023,3,19,17253,12.71,HOEP (Legacy)
2023-03-17 19:00:00,2023,3,20,17077,13.35,HOEP (Legacy)
2023-03-17 20:00:00,2023,3,21,16672,14.12,HOEP (Legacy)
2023-03-17 21:00:00,2023,3,22,15849,14.41,HOEP (Legacy)
2023-03-17 22:00:00,2023,3,23,14892,11.59,HOEP (Legacy)
2023-03-17 23:00:00,2023,3,24,14370,18.02,HOEP (Legacy)
2023-03-18 00:00:00,2023,3,1,14047,22.04,HOEP (Legacy)
2023-03-18 01:00:00,2023,3,2,13812,28.98,HOEP (Legacy)
2023-03-18 02:00:00,2023,3,3,13770,27.66,HOEP (Legacy)
2023-03-18 03:00:00,2023,3,4,13733,13.3,HOEP (Legacy)
2023-03-18 04:00:00,2023,3,5,13979,5.82,HOEP (Legacy)
2023-03-18 05:00:00,2023,3,6,14779,11.39,HOEP (Legacy)
2023-03-18 06:00:00,2023,3,7,15389,16.64,HOEP (Legacy)
2023-03-18 07:00:00,2023,3,8,15655,9.8,HOEP (Legacy)
2023-03-18 08:00:00,2023,3,9,15735,7.93,HOEP (Legacy)
2023-03-18 09:00:00,2023,3,10,15923,6.08,HOEP (Legacy)
2023-03-18 10:00:00,2023,3,11,15704,14.27,HOEP (Legacy)
2023-03-18 11:00:00,2023,3,12,15853,28.6,HOEP (Legacy)
2023-03-18 12:00:00,2023,3,13,15589,16.69,HOEP (Legacy)
2023-03-18 13:00:00,2023,3,14,15307,10.35,HOEP (Legacy)
2023-03-18 14:00:00,2023,3,15,15299,6.01,HOEP (Legacy)
2023-03-18 15:00:00,2023,3,16,15520,9.07,HOEP (Legacy)
2023-03-18 16:00:00,2023,3,17,16310,15.01,HOEP (Legacy)
2023-03-18 17:00:00,2023,3,18,16751,11.63,HOEP (Legacy)
2023-03-18 18:00:00,2023,3,19,17179,12.96,HOEP (Legacy)
2023-03-18 19:00:00,2023,3,20,17205,13.65,HOEP (Legacy)
2023-03-18 20:00:00,2023,3,21,16754,10.88,HOEP (Legacy)
2023-03-18 21:00:00,2023,3,22,16099,8.69,HOEP (Legacy)
2023-03-18 22:00:00,2023,3,23,15465,10.84,HOEP (Legacy)
2023-03-18 23:00:00,2023,3,24,14993,15.4,HOEP (Legacy)
2023-03-19 00:00:00,2023,3,1,14567,16.58,HOEP (Legacy)
2023-03-19 01:00:00,2023,3,2,14386,14.38,HOEP (Legacy)
2023-03-19 02:00:00,2023,3,3,14435,17.81,HOEP (Legacy)
2023-03-19 03:00:00,2023,3,4,14553,28.37,HOEP (Legacy)
2023-03-19 04:00:00,2023,3,5,14750,27.17,HOEP (Legacy)
2023-03-19 05:00:00,2023,3,6,15239,27.72,HOEP (Legacy)
2023-03-19 06:00:00,2023,3,7,15623,16.57,HOEP (Legacy)
2023-03-19 07:00:00,2023,3,8,15996,24.06,HOEP (Legacy)
2023-03-19 08:00:00,2023,3,9,15807,13.95,HOEP (Legacy)
2023-03-19 09:00:00,2023,3,10,15176,5.79,HOEP (Legacy)
2023-03-19 10:00:00,2023,3,11,15020,5.95,HOEP (Legacy)
2023-03-19 11:00:00,2023,3,12,14966,14.34,HOEP (Legacy)
2023-03-19 12:00:00,2023,3,13,14684,6.03,HOEP (Legacy)
2023-03-19 13:00:00,2023,3,14,14551,9.97,HOEP (Legacy)
2023-03-19 14:00:00,2023,3,15,14635,13.3,HOEP (Legacy)
2023-03-19 15:00:00,2023,3,16,15128,12.13,HOEP (Legacy)
2023-03-19 16:00:00,2023,3,17,15921,9.08,HOEP (Legacy)
2023-03-19 17:00:00,2023,3,18,16178,12.76,HOEP (Legacy)
2023-03-19 18:00:00,2023,3,19,16792,16.24,HOEP (Legacy)
2023-03-19 19:00:00,2023,3,20,17057,15.48,HOEP (Legacy)
2023-03-19 20:00:00,2023,3,21,16556,11.1,HOEP (Legacy)
2023-03-19 21:00:00,2023,3,22,15775,19.0,HOEP (Legacy)
2023-03-19 22:00:00,2023,3,23,14822,8.94,HOEP (Legacy)
2023-03-19 23:00:00,2023,3,24,14183,11.23,HOEP (Legacy)
2023-03-20 00:00:00,2023,3,1,13912,14.38,HOEP (Legacy)
2023-03-20 01:00:00,2023,3,2,13851,14.39,HOEP (Legacy)
2023-03-20 02:00:00,2023,3,3,13957,22.98,HOEP (Legacy)
2023-03-20 03:00:00,2023,3,4,14194,11.64,HOEP (Legacy)
2023-03-20 04:00:00,2023,3,5,14778,7.61,HOEP (Legacy)
2023-03-20 05:00:00,2023,3,6,16084,20.22,HOEP (Legacy)
2023-03-20 06:00:00,2023,3,7,17558,29.91,HOEP (Legacy)
2023-03-20 07:00:00,2023,3,8,17388,25.11,HOEP (Legacy)
2023-03-20 08:00:00,2023,3,9,16425,5.88,HOEP (Legacy)
2023-03-20 09:00:00,2023,3,10,15740,3.66,HOEP (Legacy)
2023-03-20 10:00:00,2023,3,11,15461,2.13,HOEP (Legacy)
2023-03-20 11:00:00,2023,3,12,15276,10.29,HOEP (Legacy)
2023-03-20 12:00:00,2023,3,13,15103,12.63,HOEP (Legacy)
2023-03-20 13:00:00,2023,3,14,15024,10.22,HOEP (Legacy)
2023-03-20 14:00:00,2023,3,15,15063,5.59,HOEP (Legacy)
2023-03-20 15:00:00,2023,3,16,15569,4.68,HOEP (Legacy)
2023-03-20 16:00:00,2023,3,17,16239,14.54,HOEP (Legacy)
2023-03-20 17:00:00,2023,3,18,16835,12.95,HOEP (Legacy)
2023-03-20 18:00:00,2023,3,19,17509,27.56,HOEP (Legacy)
2023-03-20 19:00:00,2023,3,20,17467,10.91,HOEP (Legacy)
2023-03-20 20:00:00,2023,3,21,16828,20.6,HOEP (Legacy)
2023-03-20 21:00:00,2023,3,22,15895,12.93,HOEP (Legacy)
2023-03-20 22:00:00,2023,3,23,15180,30.42,HOEP (Legacy)
2023-03-20 23:00:00,2023,3,24,14443,33.48,HOEP (Legacy)
2023-03-21 00:00:00,2023,3,1,14000,9.42,HOEP (Legacy)
2023-03-21 01:00:00,2023,3,2,13680,5.16,HOEP (Legacy)
2023-03-21 02:00:00,2023,3,3,13645,6.7,HOEP (Legacy)
2023-03-21 03:00:00,2023,3,4,13862,2.52,HOEP (Legacy)
2023-03-21 04:00:00,2023,3,5,14538,5.53,HOEP (Legacy)
2023-03-21 05:00:00,2023,3,6,15829,28.98,HOEP (Legacy)
2023-03-21 06:00:00,2023,3,7,16906,64.87,HOEP (Legacy)
2023-03-21 07:00:00,2023,3,8,17256,36.91,HOEP (Legacy)
2023-03-21 08:00:00,2023,3,9,16672,28.89,HOEP (Legacy)
2023-03-21 09:00:00,2023,3,10,15647,22.09,HOEP (Legacy)
2023-03-21 10:00:00,2023,3,11,15287,23.36,HOEP (Legacy)
2023-03-21 11:00:00,2023,3,12,15051,28.63,HOEP (Legacy)
2023-03-21 12:00:00,2023,3,13,14899,20.16,HOEP (Legacy)
2023-03-21 13:00:00,2023,3,14,14804,20.67,HOEP (Legacy)
2023-03-21 14:00:00,2023,3,15,14829,20.96,HOEP (Legacy)
2023-03-21 15:00:00,2023,3,16,15549,23.22,HOEP (Legacy)
2023-03-21 16:00:00,2023,3,17,16172,27.75,HOEP (Legacy)
2023-03-21 17:00:00,2023,3,18,16608,27.03,HOEP (Legacy)
2023-03-21 18:00:00,2023,3,19,17099,28.9,HOEP (Legacy)
2023-03-21 19:00:00,2023,3,20,17289,28.8,HOEP (Legacy)
2023-03-21 20:00:00,2023,3,21,16585,24.0,HOEP (Legacy)
2023-03-21 21:00:00,2023,3,22,15691,19.19,HOEP (Legacy)
2023-03-21 22:00:00,2023,3,23,14761,18.85,HOEP (Legacy)
2023-03-21 23:00:00,2023,3,24,14190,13.48,HOEP (Legacy)
2023-03-22 00:00:00,2023,3,1,13629,9.26,HOEP (Legacy)
2023-03-22 01:00:00,2023,3,2,13260,2.18,HOEP (Legacy)
2023-03-22 02:00:00,2023,3,3,13457,9.44,HOEP (Legacy)
2023-03-22 03:00:00,2023,3,4,13937,19.4,HOEP (Legacy)
2023-03-22 04:00:00,2023,3,5,14814,27.97,HOEP (Legacy)
2023-03-22 05:00:00,2023,3,6,15941,52.39,HOEP (Legacy)
2023-03-22 06:00:00,2023,3,7,17076,51.43,HOEP (Legacy)
2023-03-22 07:00:00,2023,3,8,17235,28.37,HOEP (Legacy)
2023-03-22 08:00:00,2023,3,9,16886,28.23,HOEP (Legacy)
2023-03-22 09:00:00,2023,3,10,16845,29.34,HOEP (Legacy)
2023-03-22 10:00:00,2023,3,11,16767,27.45,HOEP (Legacy)
2023-03-22 11:00:00,2023,3,12,16536,27.87,HOEP (Legacy)
2023-03-22 12:00:00,2023,3,13,16407,13.37,HOEP (Legacy)
2023-03-22 13:00:00,2023,3,14,16409,23.32,HOEP (Legacy)
2023-03-22 14:00:00,2023,3,15,16765,29.19,HOEP (Legacy)
2023-03-22 15:00:00,2023,3,16,17329,27.16,HOEP (Legacy)
2023-03-22 16:00:00,2023,3,17,17673,28.27,HOEP (Legacy)
2023-03-22 17:00:00,2023,3,18,17667,26.71,HOEP (Legacy)
2023-03-22 18:00:00,2023,3,19,17699,27.52,HOEP (Legacy)
2023-03-22 19:00:00,2023,3,20,17474,26.92,HOEP (Legacy)
2023-03-22 20:00:00,2023,3,21,16847,20.41,HOEP (Legacy)
2023-03-22 21:00:00,2023,3,22,15911,3.72,HOEP (Legacy)
2023-03-22 22:00:00,2023,3,23,14783,2.43,HOEP (Legacy)
2023-03-22 23:00:00,2023,3,24,14166,5.47,HOEP (Legacy)
2023-03-23 00:00:00,2023,3,1,13671,12.83,HOEP (Legacy)
2023-03-23 01:00:00,2023,3,2,13498,22.93,HOEP (Legacy)
2023-03-23 02:00:00,2023,3,3,13408,18.33,HOEP (Legacy)
2023-03-23 03:00:00,2023,3,4,13634,21.53,HOEP (Legacy)
2023-03-23 04:00:00,2023,3,5,14204,21.59,HOEP (Legacy)
2023-03-23 05:00:00,2023,3,6,15568,31.88,HOEP (Legacy)
2023-03-23 06:00:00,2023,3,7,17025,31.71,HOEP (Legacy)
2023-03-23 07:00:00,2023,3,8,17299,26.95,HOEP (Legacy)
2023-03-23 08:00:00,2023,3,9,17226,28.02,HOEP (Legacy)
2023-03-23 09:00:00,2023,3,10,17491,26.82,HOEP (Legacy)
2023-03-23 10:00:00,2023,3,11,17348,29.48,HOEP (Legacy)
2023-03-23 11:00:00,2023,3,12,17111,29.66,HOEP (Legacy)
2023-03-23 12:00:00,2023,3,13,16955,29.56,HOEP (Legacy)
2023-03-23 13:00:00,2023,3,14,16973,28.14,HOEP (Legacy)
2023-03-23 14:00:00,2023,3,15,16845,12.94,HOEP (Legacy)
2023-03-23 15:00:00,2023,3,16,16680,20.89,HOEP (Legacy)
2023-03-23 16:00:00,2023,3,17,16946,27.13,HOEP (Legacy)
2023-03-23 17:00:00,2023,3,18,16942,28.94,HOEP (Legacy)
2023-03-23 18:00:00,2023,3,19,17363,30.59,HOEP (Legacy)
2023-03-23 19:00:00,2023,3,20,17578,30.42,HOEP (Legacy)
2023-03-23 20:00:00,2023,3,21,17030,29.58,HOEP (Legacy)
2023-03-23 21:00:00,2023,3,22,16229,24.06,HOEP (Legacy)
2023-03-23 22:00:00,2023,3,23,15230,29.17,HOEP (Legacy)
2023-03-23 23:00:00,2023,3,24,14571,30.04,HOEP (Legacy)
2023-03-24 00:00:00,2023,3,1,14138,27.96,HOEP (Legacy)
2023-03-24 01:00:00,2023,3,2,14158,27.95,HOEP (Legacy)
2023-03-24 02:00:00,2023,3,3,14267,28.06,HOEP (Legacy)
2023-03-24 03:00:00,2023,3,4,14478,26.87,HOEP (Legacy)
2023-03-24 04:00:00,2023,3,5,15006,28.68,HOEP (Legacy)
2023-03-24 05:00:00,2023,3,6,16237,27.92,HOEP (Legacy)
2023-03-24 06:00:00,2023,3,7,17458,31.43,HOEP (Legacy)
2023-03-24 07:00:00,2023,3,8,17623,31.75,HOEP (Legacy)
2023-03-24 08:00:00,2023,3,9,17098,31.57,HOEP (Legacy)
2023-03-24 09:00:00,2023,3,10,16456,28.34,HOEP (Legacy)
2023-03-24 10:00:00,2023,3,11,15854,28.17,HOEP (Legacy)
2023-03-24 11:00:00,2023,3,12,15454,30.63,HOEP (Legacy)
2023-03-24 12:00:00,2023,3,13,15056,29.56,HOEP (Legacy)
2023-03-24 13:00:00,2023,3,14,14831,24.33,HOEP (Legacy)
2023-03-24 14:00:00,2023,3,15,14647,25.24,HOEP (Legacy)
2023-03-24 15:00:00,2023,3,16,15231,27.39,HOEP (Legacy)
2023-03-24 16:00:00,2023,3,17,15955,28.44,HOEP (Legacy)
2023-03-24 17:00:00,2023,3,18,16473,27.71,HOEP (Legacy)
2023-03-24 18:00:00,2023,3,19,17148,27.04,HOEP (Legacy)
2023-03-24 19:00:00,2023,3,20,16994,28.57,HOEP (Legacy)
2023-03-24 20:00:00,2023,3,21,16675,28.25,HOEP (Legacy)
2023-03-24 21:00:00,2023,3,22,15695,22.95,HOEP (Legacy)
2023-03-24 22:00:00,2023,3,23,14673,15.62,HOEP (Legacy)
2023-03-24 23:00:00,2023,3,24,13859,6.86,HOEP (Legacy)
2023-03-25 00:00:00,2023,3,1,13376,2.16,HOEP (Legacy)
2023-03-25 01:00:00,2023,3,2,13104,0.0,HOEP (Legacy)
2023-03-25 02:00:00,2023,3,3,13086,1.45,HOEP (Legacy)
2023-03-25 03:00:00,2023,3,4,13289,13.36,HOEP (Legacy)
2023-03-25 04:00:00,2023,3,5,13598,5.32,HOEP (Legacy)
2023-03-25 05:00:00,2023,3,6,14158,3.28,HOEP (Legacy)
2023-03-25 06:00:00,2023,3,7,14684,14.34,HOEP (Legacy)
2023-03-25 07:00:00,2023,3,8,15587,18.81,HOEP (Legacy)
2023-03-25 08:00:00,2023,3,9,16583,27.89,HOEP (Legacy)
2023-03-25 09:00:00,2023,3,10,17359,166.58,HOEP (Legacy)
2023-03-25 10:00:00,2023,3,11,17578,66.61,HOEP (Legacy)
2023-03-25 11:00:00,2023,3,12,17210,11.58,HOEP (Legacy)
2023-03-25 12:00:00,2023,3,13,16818,7.32,HOEP (Legacy)
2023-03-25 13:00:00,2023,3,14,16789,10.23,HOEP (Legacy)
2023-03-25 14:00:00,2023,3,15,16960,30.91,HOEP (Legacy)
2023-03-25 15:00:00,2023,3,16,17019,148.87,HOEP (Legacy)
2023-03-25 16:00:00,2023,3,17,17085,23.63,HOEP (Legacy)
2023-03-25 17:00:00,2023,3,18,16586,0.0,HOEP (Legacy)
2023-03-25 18:00:00,2023,3,19,16388,0.0,HOEP (Legacy)
2023-03-25 19:00:00,2023,3,20,16136,0.0,HOEP (Legacy)
2023-03-25 20:00:00,2023,3,21,15679,0.0,HOEP (Legacy)
2023-03-25 21:00:00,2023,3,22,15178,3.59,HOEP (Legacy)
2023-03-25 22:00:00,2023,3,23,14312,5.56,HOEP (Legacy)
2023-03-25 23:00:00,2023,3,24,13742,12.01,HOEP (Legacy)
2023-03-26 00:00:00,2023,3,1,13293,1.84,HOEP (Legacy)
2023-03-26 01:00:00,2023,3,2,13004,5.78,HOEP (Legacy)
2023-03-26 02:00:00,2023,3,3,12940,5.65,HOEP (Legacy)
2023-03-26 03:00:00,2023,3,4,12940,11.08,HOEP (Legacy)
2023-03-26 04:00:00,2023,3,5,12940,20.65,HOEP (Legacy)
2023-03-26 05:00:00,2023,3,6,13528,27.8,HOEP (Legacy)
2023-03-26 06:00:00,2023,3,7,14300,17.72,HOEP (Legacy)
2023-03-26 07:00:00,2023,3,8,14837,5.83,HOEP (Legacy)
2023-03-26 08:00:00,2023,3,9,14942,13.69,HOEP (Legacy)
2023-03-26 09:00:00,2023,3,10,14454,12.99,HOEP (Legacy)
2023-03-26 10:00:00,2023,3,11,14252,8.99,HOEP (Legacy)
2023-03-26 11:00:00,2023,3,12,14178,10.22,HOEP (Legacy)
2023-03-26 12:00:00,2023,3,13,13925,14.35,HOEP (Legacy)
2023-03-26 13:00:00,2023,3,14,13554,9.55,HOEP (Legacy)
2023-03-26 14:00:00,2023,3,15,13494,2.4,HOEP (Legacy)
2023-03-26 15:00:00,2023,3,16,13880,7.73,HOEP (Legacy)
2023-03-26 16:00:00,2023,3,17,14694,21.15,HOEP (Legacy)
2023-03-26 17:00:00,2023,3,18,15285,27.9,HOEP (Legacy)
2023-03-26 18:00:00,2023,3,19,15832,27.74,HOEP (Legacy)
2023-03-26 19:00:00,2023,3,20,16121,29.84,HOEP (Legacy)
2023-03-26 20:00:00,2023,3,21,15928,28.95,HOEP (Legacy)
2023-03-26 21:00:00,2023,3,22,15254,26.5,HOEP (Legacy)
2023-03-26 22:00:00,2023,3,23,14351,16.55,HOEP (Legacy)
2023-03-26 23:00:00,2023,3,24,13687,18.21,HOEP (Legacy)
2023-03-27 00:00:00,2023,3,1,13308,20.87,HOEP (Legacy)
2023-03-27 01:00:00,2023,3,2,13212,23.44,HOEP (Legacy)
2023-03-27 02:00:00,2023,3,3,13370,27.7,HOEP (Legacy)
2023-03-27 03:00:00,2023,3,4,13590,13.94,HOEP (Legacy)
2023-03-27 04:00:00,2023,3,5,14268,27.87,HOEP (Legacy)
2023-03-27 05:00:00,2023,3,6,15624,30.25,HOEP (Legacy)
2023-03-27 06:00:00,2023,3,7,16810,27.46,HOEP (Legacy)
2023-03-27 07:00:00,2023,3,8,17148,29.52,HOEP (Legacy)
2023-03-27 08:00:00,2023,3,9,17465,37.73,HOEP (Legacy)
2023-03-27 09:00:00,2023,3,10,17551,37.52,HOEP (Legacy)
2023-03-27 10:00:00,2023,3,11,17330,37.36,HOEP (Legacy)
2023-03-27 11:00:00,2023,3,12,17228,37.34,HOEP (Legacy)
2023-03-27 12:00:00,2023,3,13,17070,37.42,HOEP (Legacy)
2023-03-27 13:00:00,2023,3,14,16867,31.91,HOEP (Legacy)
2023-03-27 14:00:00,2023,3,15,16809,29.78,HOEP (Legacy)
2023-03-27 15:00:00,2023,3,16,16892,28.61,HOEP (Legacy)
2023-03-27 16:00:00,2023,3,17,17292,29.18,HOEP (Legacy)
2023-03-27 17:00:00,2023,3,18,17333,30.65,HOEP (Legacy)
2023-03-27 18:00:00,2023,3,19,17699,43.29,HOEP (Legacy)
2023-03-27 19:00:00,2023,3,20,17613,29.26,HOEP (Legacy)
2023-03-27 20:00:00,2023,3,21,16990,31.65,HOEP (Legacy)
2023-03-27 21:00:00,2023,3,22,15937,27.98,HOEP (Legacy)
2023-03-27 22:00:00,2023,3,23,15062,27.75,HOEP (Legacy)
2023-03-27 23:00:00,2023,3,24,14379,21.74,HOEP (Legacy)
2023-03-28 00:00:00,2023,3,1,14028,26.25,HOEP (Legacy)
2023-03-28 01:00:00,2023,3,2,13941,26.31,HOEP (Legacy)
2023-03-28 02:00:00,2023,3,3,13893,31.84,HOEP (Legacy)
2023-03-28 03:00:00,2023,3,4,14083,30.87,HOEP (Legacy)
2023-03-28 04:00:00,2023,3,5,14701,35.38,HOEP (Legacy)
2023-03-28 05:00:00,2023,3,6,16018,36.04,HOEP (Legacy)
2023-03-28 06:00:00,2023,3,7,17292,69.39,HOEP (Legacy)
2023-03-28 07:00:00,2023,3,8,17280,38.36,HOEP (Legacy)
2023-03-28 08:00:00,2023,3,9,16644,33.92,HOEP (Legacy)
2023-03-28 09:00:00,2023,3,10,15848,29.72,HOEP (Legacy)
2023-03-28 10:00:00,2023,3,11,15244,28.29,HOEP (Legacy)
2023-03-28 11:00:00,2023,3,12,14993,28.03,HOEP (Legacy)
2023-03-28 12:00:00,2023,3,13,15227,29.31,HOEP (Legacy)
2023-03-28 13:00:00,2023,3,14,15034,28.04,HOEP (Legacy)
2023-03-28 14:00:00,2023,3,15,14933,28.03,HOEP (Legacy)
2023-03-28 15:00:00,2023,3,16,15568,29.89,HOEP (Legacy)
2023-03-28 16:00:00,2023,3,17,16077,30.02,HOEP (Legacy)
2023-03-28 17:00:00,2023,3,18,16290,28.86,HOEP (Legacy)
2023-03-28 18:00:00,2023,3,19,16715,30.06,HOEP (Legacy)
2023-03-28 19:00:00,2023,3,20,16918,29.26,HOEP (Legacy)
2023-03-28 20:00:00,2023,3,21,16308,27.07,HOEP (Legacy)
2023-03-28 21:00:00,2023,3,22,15463,17.93,HOEP (Legacy)
2023-03-28 22:00:00,2023,3,23,14624,11.51,HOEP (Legacy)
2023-03-28 23:00:00,2023,3,24,13914,13.32,HOEP (Legacy)
2023-03-29 00:00:00,2023,3,1,13577,19.52,HOEP (Legacy)
2023-03-29 01:00:00,2023,3,2,13733,27.59,HOEP (Legacy)
2023-03-29 02:00:00,2023,3,3,13733,26.31,HOEP (Legacy)
2023-03-29 03:00:00,2023,3,4,13831,21.86,HOEP (Legacy)
2023-03-29 04:00:00,2023,3,5,14396,20.31,HOEP (Legacy)
2023-03-29 05:00:00,2023,3,6,15632,25.7,HOEP (Legacy)
2023-03-29 06:00:00,2023,3,7,16550,27.98,HOEP (Legacy)
2023-03-29 07:00:00,2023,3,8,16620,25.93,HOEP (Legacy)
2023-03-29 08:00:00,2023,3,9,16063,21.99,HOEP (Legacy)
2023-03-29 09:00:00,2023,3,10,15704,15.05,HOEP (Legacy)
2023-03-29 10:00:00,2023,3,11,15405,14.31,HOEP (Legacy)
2023-03-29 11:00:00,2023,3,12,15311,14.32,HOEP (Legacy)
2023-03-29 12:00:00,2023,3,13,15921,27.59,HOEP (Legacy)
2023-03-29 13:00:00,2023,3,14,16393,25.43,HOEP (Legacy)
2023-03-29 14:00:00,2023,3,15,16837,27.39,HOEP (Legacy)
2023-03-29 15:00:00,2023,3,16,17134,26.45,HOEP (Legacy)
2023-03-29 16:00:00,2023,3,17,16972,19.89,HOEP (Legacy)
2023-03-29 17:00:00,2023,3,18,16840,22.35,HOEP (Legacy)
2023-03-29 18:00:00,2023,3,19,17659,29.75,HOEP (Legacy)
2023-03-29 19:00:00,2023,3,20,18139,42.23,HOEP (Legacy)
2023-03-29 20:00:00,2023,3,21,17810,36.95,HOEP (Legacy)
2023-03-29 21:00:00,2023,3,22,16794,29.03,HOEP (Legacy)
2023-03-29 22:00:00,2023,3,23,15835,30.93,HOEP (Legacy)
2023-03-29 23:00:00,2023,3,24,15182,28.15,HOEP (Legacy)
2023-03-30 00:00:00,2023,3,1,14790,25.63,HOEP (Legacy)
2023-03-30 01:00:00,2023,3,2,14571,18.86,HOEP (Legacy)
2023-03-30 02:00:00,2023,3,3,14672,26.53,HOEP (Legacy)
2023-03-30 03:00:00,2023,3,4,14922,28.4,HOEP (Legacy)
2023-03-30 04:00:00,2023,3,5,15702,30.57,HOEP (Legacy)
2023-03-30 05:00:00,2023,3,6,16964,32.56,HOEP (Legacy)
2023-03-30 06:00:00,2023,3,7,18020,39.75,HOEP (Legacy)
2023-03-30 07:00:00,2023,3,8,17880,31.9,HOEP (Legacy)
2023-03-30 08:00:00,2023,3,9,16975,28.28,HOEP (Legacy)
2023-03-30 09:00:00,2023,3,10,15885,24.9,HOEP (Legacy)
2023-03-30 10:00:00,2023,3,11,15663,24.2,HOEP (Legacy)
2023-03-30 11:00:00,2023,3,12,15379,20.37,HOEP (Legacy)
2023-03-30 12:00:00,2023,3,13,15338,19.27,HOEP (Legacy)
2023-03-30 13:00:00,2023,3,14,15068,19.85,HOEP (Legacy)
2023-03-30 14:00:00,2023,3,15,14907,16.83,HOEP (Legacy)
2023-03-30 15:00:00,2023,3,16,15304,18.46,HOEP (Legacy)
2023-03-30 16:00:00,2023,3,17,15988,18.86,HOEP (Legacy)
2023-03-30 17:00:00,2023,3,18,16496,20.6,HOEP (Legacy)
2023-03-30 18:00:00,2023,3,19,17341,26.96,HOEP (Legacy)
2023-03-30 19:00:00,2023,3,20,17800,28.06,HOEP (Legacy)
2023-03-30 20:00:00,2023,3,21,17311,27.84,HOEP (Legacy)
2023-03-30 21:00:00,2023,3,22,16223,28.45,HOEP (Legacy)
2023-03-30 22:00:00,2023,3,23,15193,28.53,HOEP (Legacy)
2023-03-30 23:00:00,2023,3,24,14550,30.35,HOEP (Legacy)
2023-03-31 00:00:00,2023,3,1,14057,16.14,HOEP (Legacy)
2023-03-31 01:00:00,2023,3,2,13962,20.48,HOEP (Legacy)
2023-03-31 02:00:00,2023,3,3,14009,26.05,HOEP (Legacy)
2023-03-31 03:00:00,2023,3,4,14236,29.32,HOEP (Legacy)
2023-03-31 04:00:00,2023,3,5,14678,25.67,HOEP (Legacy)
2023-03-31 05:00:00,2023,3,6,15646,19.74,HOEP (Legacy)
2023-03-31 06:00:00,2023,3,7,16534,24.8,HOEP (Legacy)
2023-03-31 07:00:00,2023,3,8,17012,26.7,HOEP (Legacy)
2023-03-31 08:00:00,2023,3,9,17115,26.43,HOEP (Legacy)
2023-03-31 09:00:00,2023,3,10,17707,27.49,HOEP (Legacy)
2023-03-31 10:00:00,2023,3,11,18129,27.18,HOEP (Legacy)
2023-03-31 11:00:00,2023,3,12,18031,27.14,HOEP (Legacy)
2023-03-31 12:00:00,2023,3,13,17573,26.15,HOEP (Legacy)
2023-03-31 13:00:00,2023,3,14,17287,29.19,HOEP (Legacy)
2023-03-31 14:00:00,2023,3,15,17481,74.98,HOEP (Legacy)
2023-03-31 15:00:00,2023,3,16,17774,242.86,HOEP (Legacy)
2023-03-31 16:00:00,2023,3,17,17911,68.07,HOEP (Legacy)
2023-03-31 17:00:00,2023,3,18,17607,16.77,HOEP (Legacy)
2023-03-31 18:00:00,2023,3,19,17754,12.72,HOEP (Legacy)
2023-03-31 19:00:00,2023,3,20,17012,11.56,HOEP (Legacy)
2023-03-31 20:00:00,2023,3,21,16595,20.29,HOEP (Legacy)
2023-03-31 21:00:00,2023,3,22,15625,10.42,HOEP (Legacy)
2023-03-31 22:00:00,2023,3,23,14583,7.08,HOEP (Legacy)
2023-03-31 23:00:00,2023,3,24,14056,12.74,HOEP (Legacy)
2023-04-01 00:00:00,2023,4,1,13581,10.65,HOEP (Legacy)
2023-04-01 01:00:00,2023,4,2,13399,14.34,HOEP (Legacy)
2023-04-01 02:00:00,2023,4,3,13306,20.13,HOEP (Legacy)
2023-04-01 03:00:00,2023,4,4,13212,62.6,HOEP (Legacy)
2023-04-01 04:00:00,2023,4,5,13383,14.37,HOEP (Legacy)
2023-04-01 05:00:00,2023,4,6,13670,9.16,HOEP (Legacy)
2023-04-01 06:00:00,2023,4,7,14249,3.65,HOEP (Legacy)
2023-04-01 07:00:00,2023,4,8,14606,11.6,HOEP (Legacy)
2023-04-01 08:00:00,2023,4,9,14674,25.75,HOEP (Legacy)
2023-04-01 09:00:00,2023,4,10,14806,68.19,HOEP (Legacy)
2023-04-01 10:00:00,2023,4,11,14680,45.29,HOEP (Legacy)
2023-04-01 11:00:00,2023,4,12,14216,3.9,HOEP (Legacy)
2023-04-01 12:00:00,2023,4,13,14323,0.0,HOEP (Legacy)
2023-04-01 13:00:00,2023,4,14,14228,0.0,HOEP (Legacy)
2023-04-01 14:00:00,2023,4,15,14387,2.03,HOEP (Legacy)
2023-04-01 15:00:00,2023,4,16,15141,10.5,HOEP (Legacy)
2023-04-01 16:00:00,2023,4,17,15778,10.8,HOEP (Legacy)
2023-04-01 17:00:00,2023,4,18,15909,13.34,HOEP (Legacy)
2023-04-01 18:00:00,2023,4,19,15969,13.34,HOEP (Legacy)
2023-04-01 19:00:00,2023,4,20,15747,11.52,HOEP (Legacy)
2023-04-01 20:00:00,2023,4,21,15354,12.6,HOEP (Legacy)
2023-04-01 21:00:00,2023,4,22,14909,13.3,HOEP (Legacy)
2023-04-01 22:00:00,2023,4,23,14204,13.33,HOEP (Legacy)
2023-04-01 23:00:00,2023,4,24,13818,13.33,HOEP (Legacy)
2023-04-02 00:00:00,2023,4,1,13789,71.84,HOEP (Legacy)
2023-04-02 01:00:00,2023,4,2,13618,140.77,HOEP (Legacy)
2023-04-02 02:00:00,2023,4,3,13502,27.95,HOEP (Legacy)
2023-04-02 03:00:00,2023,4,4,13688,17.1,HOEP (Legacy)
2023-04-02 04:00:00,2023,4,5,14147,20.01,HOEP (Legacy)
2023-04-02 05:00:00,2023,4,6,14549,30.2,HOEP (Legacy)
2023-04-02 06:00:00,2023,4,7,14936,26.5,HOEP (Legacy)
2023-04-02 07:00:00,2023,4,8,14583,27.27,HOEP (Legacy)
2023-04-02 08:00:00,2023,4,9,14238,17.39,HOEP (Legacy)
2023-04-02 09:00:00,2023,4,10,13872,13.34,HOEP (Legacy)
2023-04-02 10:00:00,2023,4,11,13777,14.14,HOEP (Legacy)
2023-04-02 11:00:00,2023,4,12,13945,18.57,HOEP (Legacy)
2023-04-02 12:00:00,2023,4,13,13792,13.92,HOEP (Legacy)
2023-04-02 13:00:00,2023,4,14,13475,10.21,HOEP (Legacy)
2023-04-02 14:00:00,2023,4,15,13531,8.75,HOEP (Legacy)
2023-04-02 15:00:00,2023,4,16,13991,15.55,HOEP (Legacy)
2023-04-02 16:00:00,2023,4,17,14973,23.07,HOEP (Legacy)
2023-04-02 17:00:00,2023,4,18,15516,27.37,HOEP (Legacy)
2023-04-02 18:00:00,2023,4,19,16080,27.64,HOEP (Legacy)
2023-04-02 19:00:00,2023,4,20,16440,27.5,HOEP (Legacy)
2023-04-02 20:00:00,2023,4,21,15864,26.23,HOEP (Legacy)
2023-04-02 21:00:00,2023,4,22,15187,17.75,HOEP (Legacy)
2023-04-02 22:00:00,2023,4,23,14373,19.83,HOEP (Legacy)
2023-04-02 23:00:00,2023,4,24,13753,20.07,HOEP (Legacy)
2023-04-03 00:00:00,2023,4,1,13490,33.08,HOEP (Legacy)
2023-04-03 01:00:00,2023,4,2,13390,18.42,HOEP (Legacy)
2023-04-03 02:00:00,2023,4,3,13190,13.31,HOEP (Legacy)
2023-04-03 03:00:00,2023,4,4,13404,8.49,HOEP (Legacy)
2023-04-03 04:00:00,2023,4,5,14052,5.93,HOEP (Legacy)
2023-04-03 05:00:00,2023,4,6,15251,21.68,HOEP (Legacy)
2023-04-03 06:00:00,2023,4,7,16294,54.42,HOEP (Legacy)
2023-04-03 07:00:00,2023,4,8,16437,28.74,HOEP (Legacy)
2023-04-03 08:00:00,2023,4,9,16187,22.6,HOEP (Legacy)
2023-04-03 09:00:00,2023,4,10,16111,25.56,HOEP (Legacy)
2023-04-03 10:00:00,2023,4,11,15921,53.99,HOEP (Legacy)
2023-04-03 11:00:00,2023,4,12,15704,37.79,HOEP (Legacy)
2023-04-03 12:00:00,2023,4,13,15477,28.94,HOEP (Legacy)
2023-04-03 13:00:00,2023,4,14,15537,46.45,HOEP (Legacy)
2023-04-03 14:00:00,2023,4,15,16079,55.31,HOEP (Legacy)
2023-04-03 15:00:00,2023,4,16,16434,84.7,HOEP (Legacy)
2023-04-03 16:00:00,2023,4,17,16371,28.76,HOEP (Legacy)
2023-04-03 17:00:00,2023,4,18,16528,32.14,HOEP (Legacy)
2023-04-03 18:00:00,2023,4,19,16452,26.99,HOEP (Legacy)
2023-04-03 19:00:00,2023,4,20,16590,27.78,HOEP (Legacy)
2023-04-03 20:00:00,2023,4,21,16140,38.68,HOEP (Legacy)
2023-04-03 21:00:00,2023,4,22,15434,82.19,HOEP (Legacy)
2023-04-03 22:00:00,2023,4,23,14355,36.37,HOEP (Legacy)
2023-04-03 23:00:00,2023,4,24,13755,33.56,HOEP (Legacy)
2023-04-04 00:00:00,2023,4,1,13517,34.78,HOEP (Legacy)
2023-04-04 01:00:00,2023,4,2,13336,21.86,HOEP (Legacy)
2023-04-04 02:00:00,2023,4,3,13172,19.66,HOEP (Legacy)
2023-04-04 03:00:00,2023,4,4,13404,18.34,HOEP (Legacy)
2023-04-04 04:00:00,2023,4,5,14236,27.87,HOEP (Legacy)
2023-04-04 05:00:00,2023,4,6,15366,32.92,HOEP (Legacy)
2023-04-04 06:00:00,2023,4,7,16596,42.34,HOEP (Legacy)
2023-04-04 07:00:00,2023,4,8,16601,30.43,HOEP (Legacy)
2023-04-04 08:00:00,2023,4,9,16270,30.89,HOEP (Legacy)
2023-04-04 09:00:00,2023,4,10,16029,29.13,HOEP (Legacy)
2023-04-04 10:00:00,2023,4,11,15526,29.43,HOEP (Legacy)
2023-04-04 11:00:00,2023,4,12,15383,27.32,HOEP (Legacy)
2023-04-04 12:00:00,2023,4,13,15133,27.76,HOEP (Legacy)
2023-04-04 13:00:00,2023,4,14,15193,28.34,HOEP (Legacy)
2023-04-04 14:00:00,2023,4,15,15048,18.03,HOEP (Legacy)
2023-04-04 15:00:00,2023,4,16,15295,24.98,HOEP (Legacy)
2023-04-04 16:00:00,2023,4,17,15944,26.93,HOEP (Legacy)
2023-04-04 17:00:00,2023,4,18,15874,13.37,HOEP (Legacy)
2023-04-04 18:00:00,2023,4,19,16243,13.45,HOEP (Legacy)
2023-04-04 19:00:00,2023,4,20,16226,12.79,HOEP (Legacy)
2023-04-04 20:00:00,2023,4,21,15895,9.94,HOEP (Legacy)
2023-04-04 21:00:00,2023,4,22,15048,13.57,HOEP (Legacy)
2023-04-04 22:00:00,2023,4,23,14067,10.07,HOEP (Legacy)
2023-04-04 23:00:00,2023,4,24,13370,11.82,HOEP (Legacy)
2023-04-05 00:00:00,2023,4,1,12985,6.68,HOEP (Legacy)
2023-04-05 01:00:00,2023,4,2,12863,11.55,HOEP (Legacy)
2023-04-05 02:00:00,2023,4,3,12863,13.3,HOEP (Legacy)
2023-04-05 03:00:00,2023,4,4,13130,21.88,HOEP (Legacy)
2023-04-05 04:00:00,2023,4,5,13895,24.22,HOEP (Legacy)
2023-04-05 05:00:00,2023,4,6,15100,43.05,HOEP (Legacy)
2023-04-05 06:00:00,2023,4,7,16355,26.24,HOEP (Legacy)
2023-04-05 07:00:00,2023,4,8,16587,26.92,HOEP (Legacy)
2023-04-05 08:00:00,2023,4,9,16862,27.22,HOEP (Legacy)
2023-04-05 09:00:00,2023,4,10,17112,28.21,HOEP (Legacy)
2023-04-05 10:00:00,2023,4,11,17382,42.05,HOEP (Legacy)
2023-04-05 11:00:00,2023,4,12,17334,45.38,HOEP (Legacy)
2023-04-05 12:00:00,2023,4,13,17459,46.01,HOEP (Legacy)
2023-04-05 13:00:00,2023,4,14,17432,176.15,HOEP (Legacy)
2023-04-05 14:00:00,2023,4,15,17547,203.1,HOEP (Legacy)
2023-04-05 15:00:00,2023,4,16,17373,43.49,HOEP (Legacy)
2023-04-05 16:00:00,2023,4,17,17152,31.79,HOEP (Legacy)
2023-04-05 17:00:00,2023,4,18,16557,24.59,HOEP (Legacy)
2023-04-05 18:00:00,2023,4,19,16400,23.97,HOEP (Legacy)
2023-04-05 19:00:00,2023,4,20,16573,19.32,HOEP (Legacy)
2023-04-05 20:00:00,2023,4,21,15834,10.37,HOEP (Legacy)
2023-04-05 21:00:00,2023,4,22,14911,9.81,HOEP (Legacy)
2023-04-05 22:00:00,2023,4,23,14213,12.73,HOEP (Legacy)
2023-04-05 23:00:00,2023,4,24,13352,13.33,HOEP (Legacy)
2023-04-06 00:00:00,2023,4,1,12749,2.23,HOEP (Legacy)
2023-04-06 01:00:00,2023,4,2,12692,2.76,HOEP (Legacy)
2023-04-06 02:00:00,2023,4,3,12711,13.32,HOEP (Legacy)
2023-04-06 03:00:00,2023,4,4,12933,23.79,HOEP (Legacy)
2023-04-06 04:00:00,2023,4,5,13715,24.5,HOEP (Legacy)
2023-04-06 05:00:00,2023,4,6,14729,20.75,HOEP (Legacy)
2023-04-06 06:00:00,2023,4,7,15775,16.94,HOEP (Legacy)
2023-04-06 07:00:00,2023,4,8,15996,25.32,HOEP (Legacy)
2023-04-06 08:00:00,2023,4,9,15910,10.44,HOEP (Legacy)
2023-04-06 09:00:00,2023,4,10,15557,12.13,HOEP (Legacy)
2023-04-06 10:00:00,2023,4,11,15265,3.45,HOEP (Legacy)
2023-04-06 11:00:00,2023,4,12,14882,7.6,HOEP (Legacy)
2023-04-06 12:00:00,2023,4,13,14618,12.23,HOEP (Legacy)
2023-04-06 13:00:00,2023,4,14,14364,13.32,HOEP (Legacy)
2023-04-06 14:00:00,2023,4,15,14279,0.41,HOEP (Legacy)
2023-04-06 15:00:00,2023,4,16,14476,0.0,HOEP (Legacy)
2023-04-06 16:00:00,2023,4,17,14796,0.0,HOEP (Legacy)
2023-04-06 17:00:00,2023,4,18,15127,1.37,HOEP (Legacy)
2023-04-06 18:00:00,2023,4,19,15728,5.8,HOEP (Legacy)
2023-04-06 19:00:00,2023,4,20,16075,10.93,HOEP (Legacy)
2023-04-06 20:00:00,2023,4,21,15801,13.33,HOEP (Legacy)
2023-04-06 21:00:00,2023,4,22,15200,32.82,HOEP (Legacy)
2023-04-06 22:00:00,2023,4,23,14216,20.18,HOEP (Legacy)
2023-04-06 23:00:00,2023,4,24,13334,13.58,HOEP (Legacy)
2023-04-07 00:00:00,2023,4,1,12849,12.71,HOEP (Legacy)
2023-04-07 01:00:00,2023,4,2,12908,13.31,HOEP (Legacy)
2023-04-07 02:00:00,2023,4,3,12826,17.21,HOEP (Legacy)
2023-04-07 03:00:00,2023,4,4,13018,26.27,HOEP (Legacy)
2023-04-07 04:00:00,2023,4,5,13119,13.3,HOEP (Legacy)
2023-04-07 05:00:00,2023,4,6,13563,14.32,HOEP (Legacy)
2023-04-07 06:00:00,2023,4,7,13676,14.34,HOEP (Legacy)
2023-04-07 07:00:00,2023,4,8,13922,12.74,HOEP (Legacy)
2023-04-07 08:00:00,2023,4,9,13681,5.75,HOEP (Legacy)
2023-04-07 09:00:00,2023,4,10,13352,9.8,HOEP (Legacy)
2023-04-07 10:00:00,2023,4,11,13391,26.31,HOEP (Legacy)
2023-04-07 11:00:00,2023,4,12,13441,56.42,HOEP (Legacy)
2023-04-07 12:00:00,2023,4,13,13304,15.58,HOEP (Legacy)
2023-04-07 13:00:00,2023,4,14,13023,13.35,HOEP (Legacy)
2023-04-07 14:00:00,2023,4,15,12862,11.53,HOEP (Legacy)
2023-04-07 15:00:00,2023,4,16,13124,9.62,HOEP (Legacy)
2023-04-07 16:00:00,2023,4,17,13830,14.2,HOEP (Legacy)
2023-04-07 17:00:00,2023,4,18,14314,16.47,HOEP (Legacy)
2023-04-07 18:00:00,2023,4,19,14940,26.08,HOEP (Legacy)
2023-04-07 19:00:00,2023,4,20,15547,27.41,HOEP (Legacy)
2023-04-07 20:00:00,2023,4,21,15303,27.38,HOEP (Legacy)
2023-04-07 21:00:00,2023,4,22,14953,27.35,HOEP (Legacy)
2023-04-07 22:00:00,2023,4,23,14172,24.05,HOEP (Legacy)
2023-04-07 23:00:00,2023,4,24,13688,16.44,HOEP (Legacy)
2023-04-08 00:00:00,2023,4,1,13305,24.04,HOEP (Legacy)
2023-04-08 01:00:00,2023,4,2,13116,13.38,HOEP (Legacy)
2023-04-08 02:00:00,2023,4,3,13121,20.73,HOEP (Legacy)
2023-04-08 03:00:00,2023,4,4,13324,26.85,HOEP (Legacy)
2023-04-08 04:00:00,2023,4,5,13665,21.46,HOEP (Legacy)
2023-04-08 05:00:00,2023,4,6,14115,27.25,HOEP (Legacy)
2023-04-08 06:00:00,2023,4,7,14502,13.37,HOEP (Legacy)
2023-04-08 07:00:00,2023,4,8,14239,12.76,HOEP (Legacy)
2023-04-08 08:00:00,2023,4,9,13884,9.11,HOEP (Legacy)
2023-04-08 09:00:00,2023,4,10,13551,14.48,HOEP (Legacy)
2023-04-08 10:00:00,2023,4,11,13782,35.63,HOEP (Legacy)
2023-04-08 11:00:00,2023,4,12,13797,31.43,HOEP (Legacy)
2023-04-08 12:00:00,2023,4,13,13571,18.99,HOEP (Legacy)
2023-04-08 13:00:00,2023,4,14,13421,13.47,HOEP (Legacy)
2023-04-08 14:00:00,2023,4,15,13264,13.37,HOEP (Legacy)
2023-04-08 15:00:00,2023,4,16,13603,20.36,HOEP (Legacy)
2023-04-08 16:00:00,2023,4,17,14207,23.03,HOEP (Legacy)
2023-04-08 17:00:00,2023,4,18,14867,27.65,HOEP (Legacy)
2023-04-08 18:00:00,2023,4,19,15308,40.7,HOEP (Legacy)
2023-04-08 19:00:00,2023,4,20,15513,39.83,HOEP (Legacy)
2023-04-08 20:00:00,2023,4,21,15285,30.12,HOEP (Legacy)
2023-04-08 21:00:00,2023,4,22,14482,27.37,HOEP (Legacy)
2023-04-08 22:00:00,2023,4,23,13829,24.67,HOEP (Legacy)
2023-04-08 23:00:00,2023,4,24,13362,31.08,HOEP (Legacy)
2023-04-09 00:00:00,2023,4,1,12954,23.03,HOEP (Legacy)
2023-04-09 01:00:00,2023,4,2,12822,29.51,HOEP (Legacy)
2023-04-09 02:00:00,2023,4,3,12800,20.42,HOEP (Legacy)
2023-04-09 03:00:00,2023,4,4,12946,25.82,HOEP (Legacy)
2023-04-09 04:00:00,2023,4,5,13300,26.46,HOEP (Legacy)
2023-04-09 05:00:00,2023,4,6,13669,30.93,HOEP (Legacy)
2023-04-09 06:00:00,2023,4,7,13925,20.32,HOEP (Legacy)
2023-04-09 07:00:00,2023,4,8,13795,13.47,HOEP (Legacy)
2023-04-09 08:00:00,2023,4,9,13500,16.7,HOEP (Legacy)
2023-04-09 09:00:00,2023,4,10,13153,13.77,HOEP (Legacy)
2023-04-09 10:00:00,2023,4,11,12950,26.2,HOEP (Legacy)
2023-04-09 11:00:00,2023,4,12,12974,36.05,HOEP (Legacy)
2023-04-09 12:00:00,2023,4,13,12817,26.74,HOEP (Legacy)
2023-04-09 13:00:00,2023,4,14,12630,15.5,HOEP (Legacy)
2023-04-09 14:00:00,2023,4,15,12560,19.9,HOEP (Legacy)
2023-04-09 15:00:00,2023,4,16,12856,24.23,HOEP (Legacy)
2023-04-09 16:00:00,2023,4,17,13433,16.12,HOEP (Legacy)
2023-04-09 17:00:00,2023,4,18,13833,16.03,HOEP (Legacy)
2023-04-09 18:00:00,2023,4,19,14330,21.16,HOEP (Legacy)
2023-04-09 19:00:00,2023,4,20,14772,29.17,HOEP (Legacy)
2023-04-09 20:00:00,2023,4,21,14543,28.9,HOEP (Legacy)
2023-04-09 21:00:00,2023,4,22,13915,26.34,HOEP (Legacy)
2023-04-09 22:00:00,2023,4,23,13219,25.39,HOEP (Legacy)
2023-04-09 23:00:00,2023,4,24,12700,14.25,HOEP (Legacy)
2023-04-10 00:00:00,2023,4,1,12515,13.31,HOEP (Legacy)
2023-04-10 01:00:00,2023,4,2,12277,13.31,HOEP (Legacy)
2023-04-10 02:00:00,2023,4,3,12500,15.07,HOEP (Legacy)
2023-04-10 03:00:00,2023,4,4,12662,22.37,HOEP (Legacy)
2023-04-10 04:00:00,2023,4,5,13257,22.08,HOEP (Legacy)
2023-04-10 05:00:00,2023,4,6,14090,27.19,HOEP (Legacy)
2023-04-10 06:00:00,2023,4,7,14671,27.04,HOEP (Legacy)
2023-04-10 07:00:00,2023,4,8,14836,25.84,HOEP (Legacy)
2023-04-10 08:00:00,2023,4,9,14391,23.2,HOEP (Legacy)
2023-04-10 09:00:00,2023,4,10,13990,20.49,HOEP (Legacy)
2023-04-10 10:00:00,2023,4,11,13878,30.28,HOEP (Legacy)
2023-04-10 11:00:00,2023,4,12,13825,32.94,HOEP (Legacy)
2023-04-10 12:00:00,2023,4,13,13631,27.49,HOEP (Legacy)
2023-04-10 13:00:00,2023,4,14,13470,27.38,HOEP (Legacy)
2023-04-10 14:00:00,2023,4,15,13509,27.39,HOEP (Legacy)
2023-04-10 15:00:00,2023,4,16,13973,26.2,HOEP (Legacy)
2023-04-10 16:00:00,2023,4,17,14515,27.38,HOEP (Legacy)
2023-04-10 17:00:00,2023,4,18,14871,26.21,HOEP (Legacy)
2023-04-10 18:00:00,2023,4,19,15337,28.51,HOEP (Legacy)
2023-04-10 19:00:00,2023,4,20,15815,27.4,HOEP (Legacy)
2023-04-10 20:00:00,2023,4,21,15188,28.23,HOEP (Legacy)
2023-04-10 21:00:00,2023,4,22,14066,22.39,HOEP (Legacy)
2023-04-10 22:00:00,2023,4,23,13041,12.06,HOEP (Legacy)
2023-04-10 23:00:00,2023,4,24,12424,2.85,HOEP (Legacy)
2023-04-11 00:00:00,2023,4,1,12037,7.77,HOEP (Legacy)
2023-04-11 01:00:00,2023,4,2,11842,0.0,HOEP (Legacy)
2023-04-11 02:00:00,2023,4,3,11918,8.13,HOEP (Legacy)
2023-04-11 03:00:00,2023,4,4,12035,7.42,HOEP (Legacy)
2023-04-11 04:00:00,2023,4,5,12540,0.41,HOEP (Legacy)
2023-04-11 05:00:00,2023,4,6,13746,2.27,HOEP (Legacy)
2023-04-11 06:00:00,2023,4,7,14796,10.87,HOEP (Legacy)
2023-04-11 07:00:00,2023,4,8,15017,0.0,HOEP (Legacy)
2023-04-11 08:00:00,2023,4,9,14714,0.0,HOEP (Legacy)
2023-04-11 09:00:00,2023,4,10,14214,0.0,HOEP (Legacy)
2023-04-11 10:00:00,2023,4,11,14082,2.65,HOEP (Legacy)
2023-04-11 11:00:00,2023,4,12,13861,0.41,HOEP (Legacy)
2023-04-11 12:00:00,2023,4,13,13927,8.43,HOEP (Legacy)
2023-04-11 13:00:00,2023,4,14,14067,6.34,HOEP (Legacy)
2023-04-11 14:00:00,2023,4,15,14118,0.0,HOEP (Legacy)
2023-04-11 15:00:00,2023,4,16,14421,0.0,HOEP (Legacy)
2023-04-11 16:00:00,2023,4,17,14876,0.0,HOEP (Legacy)
2023-04-11 17:00:00,2023,4,18,14996,8.82,HOEP (Legacy)
2023-04-11 18:00:00,2023,4,19,15336,12.35,HOEP (Legacy)
2023-04-11 19:00:00,2023,4,20,15624,14.31,HOEP (Legacy)
2023-04-11 20:00:00,2023,4,21,15093,13.66,HOEP (Legacy)
2023-04-11 21:00:00,2023,4,22,14074,6.1,HOEP (Legacy)
2023-04-11 22:00:00,2023,4,23,13162,0.88,HOEP (Legacy)
2023-04-11 23:00:00,2023,4,24,12416,1.9,HOEP (Legacy)
2023-04-12 00:00:00,2023,4,1,12057,1.22,HOEP (Legacy)
2023-04-12 01:00:00,2023,4,2,11689,2.74,HOEP (Legacy)
2023-04-12 02:00:00,2023,4,3,11612,0.0,HOEP (Legacy)
2023-04-12 03:00:00,2023,4,4,11754,0.0,HOEP (Legacy)
2023-04-12 04:00:00,2023,4,5,12281,0.47,HOEP (Legacy)
2023-04-12 05:00:00,2023,4,6,13351,2.85,HOEP (Legacy)
2023-04-12 06:00:00,2023,4,7,14420,7.41,HOEP (Legacy)
2023-04-12 07:00:00,2023,4,8,14758,13.3,HOEP (Legacy)
2023-04-12 08:00:00,2023,4,9,14290,13.43,HOEP (Legacy)
2023-04-12 09:00:00,2023,4,10,13891,13.89,HOEP (Legacy)
2023-04-12 10:00:00,2023,4,11,13827,13.72,HOEP (Legacy)
2023-04-12 11:00:00,2023,4,12,13719,13.44,HOEP (Legacy)
2023-04-12 12:00:00,2023,4,13,13573,8.48,HOEP (Legacy)
2023-04-12 13:00:00,2023,4,14,13530,4.45,HOEP (Legacy)
2023-04-12 14:00:00,2023,4,15,13845,3.21,HOEP (Legacy)
2023-04-12 15:00:00,2023,4,16,14280,7.87,HOEP (Legacy)
2023-04-12 16:00:00,2023,4,17,14900,24.98,HOEP (Legacy)
2023-04-12 17:00:00,2023,4,18,15163,9.58,HOEP (Legacy)
2023-04-12 18:00:00,2023,4,19,15491,13.38,HOEP (Legacy)
2023-04-12 19:00:00,2023,4,20,15687,11.64,HOEP (Legacy)
2023-04-12 20:00:00,2023,4,21,15248,10.15,HOEP (Legacy)
2023-04-12 21:00:00,2023,4,22,14252,7.61,HOEP (Legacy)
2023-04-12 22:00:00,2023,4,23,13259,3.41,HOEP (Legacy)
2023-04-12 23:00:00,2023,4,24,12604,0.0,HOEP (Legacy)
2023-04-13 00:00:00,2023,4,1,12078,0.0,HOEP (Legacy)
2023-04-13 01:00:00,2023,4,2,11766,0.0,HOEP (Legacy)
2023-04-13 02:00:00,2023,4,3,11659,0.0,HOEP (Legacy)
2023-04-13 03:00:00,2023,4,4,11806,0.0,HOEP (Legacy)
2023-04-13 04:00:00,2023,4,5,12268,0.0,HOEP (Legacy)
2023-04-13 05:00:00,2023,4,6,13299,0.0,HOEP (Legacy)
2023-04-13 06:00:00,2023,4,7,14112,6.35,HOEP (Legacy)
2023-04-13 07:00:00,2023,4,8,14548,11.48,HOEP (Legacy)
2023-04-13 08:00:00,2023,4,9,14341,13.36,HOEP (Legacy)
2023-04-13 09:00:00,2023,4,10,14283,18.25,HOEP (Legacy)
2023-04-13 10:00:00,2023,4,11,14328,47.98,HOEP (Legacy)
2023-04-13 11:00:00,2023,4,12,14555,20.79,HOEP (Legacy)
2023-04-13 12:00:00,2023,4,13,14337,6.5,HOEP (Legacy)
2023-04-13 13:00:00,2023,4,14,14299,0.0,HOEP (Legacy)
2023-04-13 14:00:00,2023,4,15,14408,0.0,HOEP (Legacy)
2023-04-13 15:00:00,2023,4,16,15027,7.69,HOEP (Legacy)
2023-04-13 16:00:00,2023,4,17,15688,9.25,HOEP (Legacy)
2023-04-13 17:00:00,2023,4,18,16107,15.77,HOEP (Legacy)
2023-04-13 18:00:00,2023,4,19,16488,15.6,HOEP (Legacy)
2023-04-13 19:00:00,2023,4,20,16320,18.72,HOEP (Legacy)
2023-04-13 20:00:00,2023,4,21,15749,20.52,HOEP (Legacy)
2023-04-13 21:00:00,2023,4,22,14669,17.05,HOEP (Legacy)
2023-04-13 22:00:00,2023,4,23,13582,14.31,HOEP (Legacy)
2023-04-13 23:00:00,2023,4,24,12775,14.37,HOEP (Legacy)
2023-04-14 00:00:00,2023,4,1,12301,14.35,HOEP (Legacy)
2023-04-14 01:00:00,2023,4,2,11991,14.38,HOEP (Legacy)
2023-04-14 02:00:00,2023,4,3,11802,26.08,HOEP (Legacy)
2023-04-14 03:00:00,2023,4,4,11977,21.16,HOEP (Legacy)
2023-04-14 04:00:00,2023,4,5,12446,16.91,HOEP (Legacy)
2023-04-14 05:00:00,2023,4,6,13552,22.18,HOEP (Legacy)
2023-04-14 06:00:00,2023,4,7,14464,25.07,HOEP (Legacy)
2023-04-14 07:00:00,2023,4,8,14746,23.14,HOEP (Legacy)
2023-04-14 08:00:00,2023,4,9,14452,21.95,HOEP (Legacy)
2023-04-14 09:00:00,2023,4,10,14363,25.46,HOEP (Legacy)
2023-04-14 10:00:00,2023,4,11,14650,26.22,HOEP (Legacy)
2023-04-14 11:00:00,2023,4,12,14737,27.34,HOEP (Legacy)
2023-04-14 12:00:00,2023,4,13,14784,23.46,HOEP (Legacy)
2023-04-14 13:00:00,2023,4,14,14798,25.99,HOEP (Legacy)
2023-04-14 14:00:00,2023,4,15,14977,25.35,HOEP (Legacy)
2023-04-14 15:00:00,2023,4,16,15513,24.11,HOEP (Legacy)
2023-04-14 16:00:00,2023,4,17,16067,28.47,HOEP (Legacy)
2023-04-14 17:00:00,2023,4,18,16334,34.88,HOEP (Legacy)
2023-04-14 18:00:00,2023,4,19,16425,27.55,HOEP (Legacy)
2023-04-14 19:00:00,2023,4,20,16205,24.24,HOEP (Legacy)
2023-04-14 20:00:00,2023,4,21,15578,23.51,HOEP (Legacy)
2023-04-14 21:00:00,2023,4,22,14456,22.43,HOEP (Legacy)
2023-04-14 22:00:00,2023,4,23,13390,14.94,HOEP (Legacy)
2023-04-14 23:00:00,2023,4,24,12649,14.35,HOEP (Legacy)
2023-04-15 00:00:00,2023,4,1,12081,15.62,HOEP (Legacy)
2023-04-15 01:00:00,2023,4,2,11803,14.35,HOEP (Legacy)
2023-04-15 02:00:00,2023,4,3,11597,14.32,HOEP (Legacy)
2023-04-15 03:00:00,2023,4,4,11620,14.31,HOEP (Legacy)
2023-04-15 04:00:00,2023,4,5,11883,15.82,HOEP (Legacy)
2023-04-15 05:00:00,2023,4,6,12286,16.96,HOEP (Legacy)
2023-04-15 06:00:00,2023,4,7,12608,14.36,HOEP (Legacy)
2023-04-15 07:00:00,2023,4,8,13062,13.63,HOEP (Legacy)
2023-04-15 08:00:00,2023,4,9,13253,30.46,HOEP (Legacy)
2023-04-15 09:00:00,2023,4,10,13423,24.86,HOEP (Legacy)
2023-04-15 10:00:00,2023,4,11,13565,70.75,HOEP (Legacy)
2023-04-15 11:00:00,2023,4,12,13678,22.64,HOEP (Legacy)
2023-04-15 12:00:00,2023,4,13,13691,13.96,HOEP (Legacy)
2023-04-15 13:00:00,2023,4,14,13720,21.72,HOEP (Legacy)
2023-04-15 14:00:00,2023,4,15,13841,19.78,HOEP (Legacy)
2023-04-15 15:00:00,2023,4,16,14330,25.65,HOEP (Legacy)
2023-04-15 16:00:00,2023,4,17,14998,31.19,HOEP (Legacy)
2023-04-15 17:00:00,2023,4,18,15336,26.47,HOEP (Legacy)
2023-04-15 18:00:00,2023,4,19,15297,20.85,HOEP (Legacy)
2023-04-15 19:00:00,2023,4,20,15163,22.35,HOEP (Legacy)
2023-04-15 20:00:00,2023,4,21,14508,22.16,HOEP (Legacy)
2023-04-15 21:00:00,2023,4,22,13793,23.68,HOEP (Legacy)
2023-04-15 22:00:00,2023,4,23,13057,15.47,HOEP (Legacy)
2023-04-15 23:00:00,2023,4,24,12313,16.59,HOEP (Legacy)
2023-04-16 00:00:00,2023,4,1,11855,16.86,HOEP (Legacy)
2023-04-16 01:00:00,2023,4,2,11373,11.56,HOEP (Legacy)
2023-04-16 02:00:00,2023,4,3,11117,9.68,HOEP (Legacy)
2023-04-16 03:00:00,2023,4,4,11232,13.3,HOEP (Legacy)
2023-04-16 04:00:00,2023,4,5,11397,13.33,HOEP (Legacy)
2023-04-16 05:00:00,2023,4,6,11478,5.94,HOEP (Legacy)
2023-04-16 06:00:00,2023,4,7,11773,12.13,HOEP (Legacy)
2023-04-16 07:00:00,2023,4,8,12225,9.05,HOEP (Legacy)
2023-04-16 08:00:00,2023,4,9,12474,13.35,HOEP (Legacy)
2023-04-16 09:00:00,2023,4,10,12707,13.34,HOEP (Legacy)
2023-04-16 10:00:00,2023,4,11,12846,10.92,HOEP (Legacy)
2023-04-16 11:00:00,2023,4,12,13045,7.86,HOEP (Legacy)
2023-04-16 12:00:00,2023,4,13,13275,5.83,HOEP (Legacy)
2023-04-16 13:00:00,2023,4,14,13578,10.89,HOEP (Legacy)
2023-04-16 14:00:00,2023,4,15,13946,16.21,HOEP (Legacy)
2023-04-16 15:00:00,2023,4,16,14526,6.67,HOEP (Legacy)
2023-04-16 16:00:00,2023,4,17,15055,10.93,HOEP (Legacy)
2023-04-16 17:00:00,2023,4,18,15314,12.47,HOEP (Legacy)
2023-04-16 18:00:00,2023,4,19,15263,10.46,HOEP (Legacy)
2023-04-16 19:00:00,2023,4,20,15266,8.8,HOEP (Legacy)
2023-04-16 20:00:00,2023,4,21,14495,7.67,HOEP (Legacy)
2023-04-16 21:00:00,2023,4,22,13524,0.47,HOEP (Legacy)
2023-04-16 22:00:00,2023,4,23,12507,1.93,HOEP (Legacy)
2023-04-16 23:00:00,2023,4,24,11810,0.0,HOEP (Legacy)
2023-04-17 00:00:00,2023,4,1,11486,0.0,HOEP (Legacy)
2023-04-17 01:00:00,2023,4,2,11315,0.0,HOEP (Legacy)
2023-04-17 02:00:00,2023,4,3,11208,0.0,HOEP (Legacy)
2023-04-17 03:00:00,2023,4,4,11424,0.0,HOEP (Legacy)
2023-04-17 04:00:00,2023,4,5,12185,2.67,HOEP (Legacy)
2023-04-17 05:00:00,2023,4,6,13315,3.19,HOEP (Legacy)
2023-04-17 06:00:00,2023,4,7,14180,3.98,HOEP (Legacy)
2023-04-17 07:00:00,2023,4,8,14945,13.49,HOEP (Legacy)
2023-04-17 08:00:00,2023,4,9,15120,15.2,HOEP (Legacy)
2023-04-17 09:00:00,2023,4,10,15356,18.7,HOEP (Legacy)
2023-04-17 10:00:00,2023,4,11,15359,15.24,HOEP (Legacy)
2023-04-17 11:00:00,2023,4,12,15331,18.18,HOEP (Legacy)
2023-04-17 12:00:00,2023,4,13,15066,11.81,HOEP (Legacy)
2023-04-17 13:00:00,2023,4,14,14762,6.16,HOEP (Legacy)
2023-04-17 14:00:00,2023,4,15,14952,7.2,HOEP (Legacy)
2023-04-17 15:00:00,2023,4,16,15412,14.31,HOEP (Legacy)
2023-04-17 16:00:00,2023,4,17,15786,16.17,HOEP (Legacy)
2023-04-17 17:00:00,2023,4,18,15720,17.23,HOEP (Legacy)
2023-04-17 18:00:00,2023,4,19,15861,16.03,HOEP (Legacy)
2023-04-17 19:00:00,2023,4,20,15920,13.55,HOEP (Legacy)
2023-04-17 20:00:00,2023,4,21,15249,9.08,HOEP (Legacy)
2023-04-17 21:00:00,2023,4,22,14324,4.25,HOEP (Legacy)
2023-04-17 22:00:00,2023,4,23,13483,1.84,HOEP (Legacy)
2023-04-17 23:00:00,2023,4,24,12812,0.0,HOEP (Legacy)
2023-04-18 00:00:00,2023,4,1,12531,0.0,HOEP (Legacy)
2023-04-18 01:00:00,2023,4,2,12316,0.0,HOEP (Legacy)
2023-04-18 02:00:00,2023,4,3,12354,0.0,HOEP (Legacy)
2023-04-18 03:00:00,2023,4,4,12576,0.81,HOEP (Legacy)
2023-04-18 04:00:00,2023,4,5,13288,3.63,HOEP (Legacy)
2023-04-18 05:00:00,2023,4,6,14150,0.46,HOEP (Legacy)
2023-04-18 06:00:00,2023,4,7,15274,7.63,HOEP (Legacy)
2023-04-18 07:00:00,2023,4,8,15947,14.36,HOEP (Legacy)
2023-04-18 08:00:00,2023,4,9,15826,13.68,HOEP (Legacy)
2023-04-18 09:00:00,2023,4,10,15918,14.35,HOEP (Legacy)
2023-04-18 10:00:00,2023,4,11,15846,12.99,HOEP (Legacy)
2023-04-18 11:00:00,2023,4,12,15818,14.34,HOEP (Legacy)
2023-04-18 12:00:00,2023,4,13,15634,5.81,HOEP (Legacy)
2023-04-18 13:00:00,2023,4,14,15620,5.63,HOEP (Legacy)
2023-04-18 14:00:00,2023,4,15,15610,5.68,HOEP (Legacy)
2023-04-18 15:00:00,2023,4,16,16025,9.57,HOEP (Legacy)
2023-04-18 16:00:00,2023,4,17,16531,21.52,HOEP (Legacy)
2023-04-18 17:00:00,2023,4,18,16573,32.8,HOEP (Legacy)
2023-04-18 18:00:00,2023,4,19,16730,41.97,HOEP (Legacy)
2023-04-18 19:00:00,2023,4,20,16811,41.82,HOEP (Legacy)
2023-04-18 20:00:00,2023,4,21,16181,35.9,HOEP (Legacy)
2023-04-18 21:00:00,2023,4,22,15240,27.67,HOEP (Legacy)
2023-04-18 22:00:00,2023,4,23,14157,10.4,HOEP (Legacy)
2023-04-18 23:00:00,2023,4,24,13338,3.32,HOEP (Legacy)
2023-04-19 00:00:00,2023,4,1,12906,1.83,HOEP (Legacy)
2023-04-19 01:00:00,2023,4,2,12817,0.0,HOEP (Legacy)
2023-04-19 02:00:00,2023,4,3,12991,5.39,HOEP (Legacy)
2023-04-19 03:00:00,2023,4,4,13062,5.82,HOEP (Legacy)
2023-04-19 04:00:00,2023,4,5,13519,10.09,HOEP (Legacy)
2023-04-19 05:00:00,2023,4,6,14673,20.46,HOEP (Legacy)
2023-04-19 06:00:00,2023,4,7,16028,32.21,HOEP (Legacy)
2023-04-19 07:00:00,2023,4,8,16440,31.94,HOEP (Legacy)
2023-04-19 08:00:00,2023,4,9,16335,30.08,HOEP (Legacy)
2023-04-19 09:00:00,2023,4,10,15921,74.76,HOEP (Legacy)
2023-04-19 10:00:00,2023,4,11,15746,32.73,HOEP (Legacy)
2023-04-19 11:00:00,2023,4,12,15470,35.82,HOEP (Legacy)
2023-04-19 12:00:00,2023,4,13,15235,29.8,HOEP (Legacy)
2023-04-19 13:00:00,2023,4,14,14854,25.82,HOEP (Legacy)
2023-04-19 14:00:00,2023,4,15,14634,24.23,HOEP (Legacy)
2023-04-19 15:00:00,2023,4,16,15052,28.66,HOEP (Legacy)
2023-04-19 16:00:00,2023,4,17,15711,26.62,HOEP (Legacy)
2023-04-19 17:00:00,2023,4,18,15833,24.06,HOEP (Legacy)
2023-04-19 18:00:00,2023,4,19,16197,28.24,HOEP (Legacy)
2023-04-19 19:00:00,2023,4,20,16690,32.99,HOEP (Legacy)
2023-04-19 20:00:00,2023,4,21,16146,30.44,HOEP (Legacy)
2023-04-19 21:00:00,2023,4,22,15245,30.27,HOEP (Legacy)
2023-04-19 22:00:00,2023,4,23,14205,19.25,HOEP (Legacy)
2023-04-19 23:00:00,2023,4,24,13389,9.78,HOEP (Legacy)
2023-04-20 00:00:00,2023,4,1,12992,4.63,HOEP (Legacy)
2023-04-20 01:00:00,2023,4,2,12542,1.37,HOEP (Legacy)
2023-04-20 02:00:00,2023,4,3,12631,0.4,HOEP (Legacy)
2023-04-20 03:00:00,2023,4,4,12837,5.09,HOEP (Legacy)
2023-04-20 04:00:00,2023,4,5,13359,5.69,HOEP (Legacy)
2023-04-20 05:00:00,2023,4,6,14534,5.91,HOEP (Legacy)
2023-04-20 06:00:00,2023,4,7,15259,13.64,HOEP (Legacy)
2023-04-20 07:00:00,2023,4,8,15297,7.71,HOEP (Legacy)
2023-04-20 08:00:00,2023,4,9,14731,1.89,HOEP (Legacy)
2023-04-20 09:00:00,2023,4,10,14220,0.0,HOEP (Legacy)
2023-04-20 10:00:00,2023,4,11,14403,5.83,HOEP (Legacy)
2023-04-20 11:00:00,2023,4,12,14575,21.58,HOEP (Legacy)
2023-04-20 12:00:00,2023,4,13,14486,4.86,HOEP (Legacy)
2023-04-20 13:00:00,2023,4,14,14231,0.47,HOEP (Legacy)
2023-04-20 14:00:00,2023,4,15,14153,3.93,HOEP (Legacy)
2023-04-20 15:00:00,2023,4,16,14919,26.5,HOEP (Legacy)
2023-04-20 16:00:00,2023,4,17,15406,25.84,HOEP (Legacy)
2023-04-20 17:00:00,2023,4,18,15412,1.39,HOEP (Legacy)
2023-04-20 18:00:00,2023,4,19,15516,0.87,HOEP (Legacy)
2023-04-20 19:00:00,2023,4,20,15821,4.5,HOEP (Legacy)
2023-04-20 20:00:00,2023,4,21,15456,6.54,HOEP (Legacy)
2023-04-20 21:00:00,2023,4,22,14616,7.91,HOEP (Legacy)
2023-04-20 22:00:00,2023,4,23,13771,1.85,HOEP (Legacy)
2023-04-20 23:00:00,2023,4,24,12992,0.0,HOEP (Legacy)
2023-04-21 00:00:00,2023,4,1,12529,2.25,HOEP (Legacy)
2023-04-21 01:00:00,2023,4,2,12248,4.02,HOEP (Legacy)
2023-04-21 02:00:00,2023,4,3,12527,8.75,HOEP (Legacy)
2023-04-21 03:00:00,2023,4,4,12761,14.33,HOEP (Legacy)
2023-04-21 04:00:00,2023,4,5,13089,6.36,HOEP (Legacy)
2023-04-21 05:00:00,2023,4,6,14279,11.58,HOEP (Legacy)
2023-04-21 06:00:00,2023,4,7,15187,19.53,HOEP (Legacy)
2023-04-21 07:00:00,2023,4,8,15609,14.34,HOEP (Legacy)
2023-04-21 08:00:00,2023,4,9,15457,29.29,HOEP (Legacy)
2023-04-21 09:00:00,2023,4,10,15235,28.48,HOEP (Legacy)
2023-04-21 10:00:00,2023,4,11,14671,10.82,HOEP (Legacy)
2023-04-21 11:00:00,2023,4,12,14626,5.74,HOEP (Legacy)
2023-04-21 12:00:00,2023,4,13,14589,8.87,HOEP (Legacy)
2023-04-21 13:00:00,2023,4,14,14523,21.93,HOEP (Legacy)
2023-04-21 14:00:00,2023,4,15,14902,25.02,HOEP (Legacy)
2023-04-21 15:00:00,2023,4,16,15317,26.48,HOEP (Legacy)
2023-04-21 16:00:00,2023,4,17,15420,27.05,HOEP (Legacy)
2023-04-21 17:00:00,2023,4,18,15270,23.03,HOEP (Legacy)
2023-04-21 18:00:00,2023,4,19,15385,24.1,HOEP (Legacy)
2023-04-21 19:00:00,2023,4,20,15788,30.93,HOEP (Legacy)
2023-04-21 20:00:00,2023,4,21,15279,24.75,HOEP (Legacy)
2023-04-21 21:00:00,2023,4,22,14305,22.15,HOEP (Legacy)
2023-04-21 22:00:00,2023,4,23,13385,16.45,HOEP (Legacy)
2023-04-21 23:00:00,2023,4,24,12840,22.36,HOEP (Legacy)
2023-04-22 00:00:00,2023,4,1,12398,37.58,HOEP (Legacy)
2023-04-22 01:00:00,2023,4,2,12136,46.69,HOEP (Legacy)
2023-04-22 02:00:00,2023,4,3,12035,14.3,HOEP (Legacy)
2023-04-22 03:00:00,2023,4,4,12132,14.29,HOEP (Legacy)
2023-04-22 04:00:00,2023,4,5,12351,14.36,HOEP (Legacy)
2023-04-22 05:00:00,2023,4,6,12585,14.33,HOEP (Legacy)
2023-04-22 06:00:00,2023,4,7,13115,6.42,HOEP (Legacy)
2023-04-22 07:00:00,2023,4,8,14012,12.75,HOEP (Legacy)
2023-04-22 08:00:00,2023,4,9,14557,45.56,HOEP (Legacy)
2023-04-22 09:00:00,2023,4,10,14836,29.47,HOEP (Legacy)
2023-04-22 10:00:00,2023,4,11,14914,18.11,HOEP (Legacy)
2023-04-22 11:00:00,2023,4,12,14520,19.13,HOEP (Legacy)
2023-04-22 12:00:00,2023,4,13,14232,8.66,HOEP (Legacy)
2023-04-22 13:00:00,2023,4,14,13926,5.99,HOEP (Legacy)
2023-04-22 14:00:00,2023,4,15,14212,14.78,HOEP (Legacy)
2023-04-22 15:00:00,2023,4,16,14638,26.27,HOEP (Legacy)
2023-04-22 16:00:00,2023,4,17,14797,28.08,HOEP (Legacy)
2023-04-22 17:00:00,2023,4,18,14780,22.32,HOEP (Legacy)
2023-04-22 18:00:00,2023,4,19,14425,23.37,HOEP (Legacy)
2023-04-22 19:00:00,2023,4,20,14787,26.69,HOEP (Legacy)
2023-04-22 20:00:00,2023,4,21,14560,25.49,HOEP (Legacy)
2023-04-22 21:00:00,2023,4,22,13696,14.42,HOEP (Legacy)
2023-04-22 22:00:00,2023,4,23,13087,14.32,HOEP (Legacy)
2023-04-22 23:00:00,2023,4,24,12514,14.36,HOEP (Legacy)
2023-04-23 00:00:00,2023,4,1,11979,6.69,HOEP (Legacy)
2023-04-23 01:00:00,2023,4,2,11760,4.68,HOEP (Legacy)
2023-04-23 02:00:00,2023,4,3,11776,5.72,HOEP (Legacy)
2023-04-23 03:00:00,2023,4,4,11935,11.6,HOEP (Legacy)
2023-04-23 04:00:00,2023,4,5,12149,11.83,HOEP (Legacy)
2023-04-23 05:00:00,2023,4,6,12588,15.38,HOEP (Legacy)
2023-04-23 06:00:00,2023,4,7,12948,18.46,HOEP (Legacy)
2023-04-23 07:00:00,2023,4,8,13361,37.24,HOEP (Legacy)
2023-04-23 08:00:00,2023,4,9,13609,14.37,HOEP (Legacy)
2023-04-23 09:00:00,2023,4,10,13535,10.93,HOEP (Legacy)
2023-04-23 10:00:00,2023,4,11,13899,16.79,HOEP (Legacy)
2023-04-23 11:00:00,2023,4,12,14258,23.91,HOEP (Legacy)
2023-04-23 12:00:00,2023,4,13,14328,14.38,HOEP (Legacy)
2023-04-23 13:00:00,2023,4,14,14301,30.44,HOEP (Legacy)
2023-04-23 14:00:00,2023,4,15,14572,30.22,HOEP (Legacy)
2023-04-23 15:00:00,2023,4,16,14822,36.51,HOEP (Legacy)
2023-04-23 16:00:00,2023,4,17,15276,35.85,HOEP (Legacy)
2023-04-23 17:00:00,2023,4,18,15223,29.24,HOEP (Legacy)
2023-04-23 18:00:00,2023,4,19,15276,27.57,HOEP (Legacy)
2023-04-23 19:00:00,2023,4,20,15429,24.01,HOEP (Legacy)
2023-04-23 20:00:00,2023,4,21,15150,30.91,HOEP (Legacy)
2023-04-23 21:00:00,2023,4,22,14357,29.71,HOEP (Legacy)
2023-04-23 22:00:00,2023,4,23,13621,25.34,HOEP (Legacy)
2023-04-23 23:00:00,2023,4,24,13094,21.62,HOEP (Legacy)
2023-04-24 00:00:00,2023,4,1,12585,19.6,HOEP (Legacy)
2023-04-24 01:00:00,2023,4,2,12420,14.96,HOEP (Legacy)
2023-04-24 02:00:00,2023,4,3,12570,14.39,HOEP (Legacy)
2023-04-24 03:00:00,2023,4,4,12653,14.35,HOEP (Legacy)
2023-04-24 04:00:00,2023,4,5,13369,26.83,HOEP (Legacy)
2023-04-24 05:00:00,2023,4,6,14489,30.66,HOEP (Legacy)
2023-04-24 06:00:00,2023,4,7,15579,46.34,HOEP (Legacy)
2023-04-24 07:00:00,2023,4,8,16053,30.61,HOEP (Legacy)
2023-04-24 08:00:00,2023,4,9,15773,28.53,HOEP (Legacy)
2023-04-24 09:00:00,2023,4,10,15488,29.59,HOEP (Legacy)
2023-04-24 10:00:00,2023,4,11,15461,31.43,HOEP (Legacy)
2023-04-24 11:00:00,2023,4,12,15498,29.42,HOEP (Legacy)
2023-04-24 12:00:00,2023,4,13,15431,27.3,HOEP (Legacy)
2023-04-24 13:00:00,2023,4,14,15230,24.98,HOEP (Legacy)
2023-04-24 14:00:00,2023,4,15,15176,26.14,HOEP (Legacy)
2023-04-24 15:00:00,2023,4,16,15558,30.07,HOEP (Legacy)
2023-04-24 16:00:00,2023,4,17,16042,29.06,HOEP (Legacy)
2023-04-24 17:00:00,2023,4,18,16245,28.24,HOEP (Legacy)
2023-04-24 18:00:00,2023,4,19,16296,31.3,HOEP (Legacy)
2023-04-24 19:00:00,2023,4,20,16582,32.62,HOEP (Legacy)
2023-04-24 20:00:00,2023,4,21,16365,32.5,HOEP (Legacy)
2023-04-24 21:00:00,2023,4,22,15253,27.83,HOEP (Legacy)
2023-04-24 22:00:00,2023,4,23,14173,13.04,HOEP (Legacy)
2023-04-24 23:00:00,2023,4,24,13407,15.48,HOEP (Legacy)
2023-04-25 00:00:00,2023,4,1,12897,14.37,HOEP (Legacy)
2023-04-25 01:00:00,2023,4,2,12719,15.17,HOEP (Legacy)
2023-04-25 02:00:00,2023,4,3,12791,18.04,HOEP (Legacy)
2023-04-25 03:00:00,2023,4,4,13098,18.86,HOEP (Legacy)
2023-04-25 04:00:00,2023,4,5,13596,23.55,HOEP (Legacy)
2023-04-25 05:00:00,2023,4,6,14817,29.82,HOEP (Legacy)
2023-04-25 06:00:00,2023,4,7,15729,33.03,HOEP (Legacy)
2023-04-25 07:00:00,2023,4,8,15730,29.72,HOEP (Legacy)
2023-04-25 08:00:00,2023,4,9,15168,27.43,HOEP (Legacy)
2023-04-25 09:00:00,2023,4,10,14906,25.44,HOEP (Legacy)
2023-04-25 10:00:00,2023,4,11,15338,28.81,HOEP (Legacy)
2023-04-25 11:00:00,2023,4,12,15420,28.04,HOEP (Legacy)
2023-04-25 12:00:00,2023,4,13,15260,28.12,HOEP (Legacy)
2023-04-25 13:00:00,2023,4,14,14851,15.88,HOEP (Legacy)
2023-04-25 14:00:00,2023,4,15,14918,26.69,HOEP (Legacy)
2023-04-25 15:00:00,2023,4,16,15302,27.61,HOEP (Legacy)
2023-04-25 16:00:00,2023,4,17,15670,27.53,HOEP (Legacy)
2023-04-25 17:00:00,2023,4,18,15974,28.23,HOEP (Legacy)
2023-04-25 18:00:00,2023,4,19,16275,30.68,HOEP (Legacy)
2023-04-25 19:00:00,2023,4,20,16667,165.35,HOEP (Legacy)
2023-04-25 20:00:00,2023,4,21,16185,29.72,HOEP (Legacy)
2023-04-25 21:00:00,2023,4,22,15307,36.3,HOEP (Legacy)
2023-04-25 22:00:00,2023,4,23,14202,31.48,HOEP (Legacy)
2023-04-25 23:00:00,2023,4,24,13410,29.9,HOEP (Legacy)
2023-04-26 00:00:00,2023,4,1,13109,54.32,HOEP (Legacy)
2023-04-26 01:00:00,2023,4,2,12928,16.62,HOEP (Legacy)
2023-04-26 02:00:00,2023,4,3,12814,26.2,HOEP (Legacy)
2023-04-26 03:00:00,2023,4,4,13038,28.25,HOEP (Legacy)
2023-04-26 04:00:00,2023,4,5,13648,25.27,HOEP (Legacy)
2023-04-26 05:00:00,2023,4,6,14814,32.2,HOEP (Legacy)
2023-04-26 06:00:00,2023,4,7,15826,50.8,HOEP (Legacy)
2023-04-26 07:00:00,2023,4,8,16034,46.68,HOEP (Legacy)
2023-04-26 08:00:00,2023,4,9,15698,37.12,HOEP (Legacy)
2023-04-26 09:00:00,2023,4,10,15381,33.63,HOEP (Legacy)
2023-04-26 10:00:00,2023,4,11,15178,28.68,HOEP (Legacy)
2023-04-26 11:00:00,2023,4,12,15060,28.3,HOEP (Legacy)
2023-04-26 12:00:00,2023,4,13,15057,28.52,HOEP (Legacy)
2023-04-26 13:00:00,2023,4,14,14878,28.23,HOEP (Legacy)
2023-04-26 14:00:00,2023,4,15,14805,27.64,HOEP (Legacy)
2023-04-26 15:00:00,2023,4,16,15045,27.96,HOEP (Legacy)
2023-04-26 16:00:00,2023,4,17,15395,25.71,HOEP (Legacy)
2023-04-26 17:00:00,2023,4,18,15556,28.34,HOEP (Legacy)
2023-04-26 18:00:00,2023,4,19,15867,37.66,HOEP (Legacy)
2023-04-26 19:00:00,2023,4,20,16302,51.22,HOEP (Legacy)
2023-04-26 20:00:00,2023,4,21,16133,32.12,HOEP (Legacy)
2023-04-26 21:00:00,2023,4,22,15206,31.87,HOEP (Legacy)
2023-04-26 22:00:00,2023,4,23,14116,24.64,HOEP (Legacy)
2023-04-26 23:00:00,2023,4,24,13301,22.14,HOEP (Legacy)
2023-04-27 00:00:00,2023,4,1,13024,28.73,HOEP (Legacy)
2023-04-27 01:00:00,2023,4,2,12873,19.67,HOEP (Legacy)
2023-04-27 02:00:00,2023,4,3,12880,25.72,HOEP (Legacy)
2023-04-27 03:00:00,2023,4,4,13075,18.37,HOEP (Legacy)
2023-04-27 04:00:00,2023,4,5,13634,25.62,HOEP (Legacy)
2023-04-27 05:00:00,2023,4,6,14754,27.57,HOEP (Legacy)
2023-04-27 06:00:00,2023,4,7,15651,32.96,HOEP (Legacy)
2023-04-27 07:00:00,2023,4,8,15431,27.78,HOEP (Legacy)
2023-04-27 08:00:00,2023,4,9,14620,27.4,HOEP (Legacy)
2023-04-27 09:00:00,2023,4,10,14258,27.63,HOEP (Legacy)
2023-04-27 10:00:00,2023,4,11,14359,32.11,HOEP (Legacy)
2023-04-27 11:00:00,2023,4,12,14193,31.35,HOEP (Legacy)
2023-04-27 12:00:00,2023,4,13,14108,30.41,HOEP (Legacy)
2023-04-27 13:00:00,2023,4,14,13976,21.8,HOEP (Legacy)
2023-04-27 14:00:00,2023,4,15,13771,20.72,HOEP (Legacy)
2023-04-27 15:00:00,2023,4,16,14104,25.85,HOEP (Legacy)
2023-04-27 16:00:00,2023,4,17,14735,26.73,HOEP (Legacy)
2023-04-27 17:00:00,2023,4,18,14984,26.33,HOEP (Legacy)
2023-04-27 18:00:00,2023,4,19,15373,32.13,HOEP (Legacy)
2023-04-27 19:00:00,2023,4,20,15610,25.54,HOEP (Legacy)
2023-04-27 20:00:00,2023,4,21,15588,33.85,HOEP (Legacy)
2023-04-27 21:00:00,2023,4,22,14563,19.2,HOEP (Legacy)
2023-04-27 22:00:00,2023,4,23,13415,7.64,HOEP (Legacy)
2023-04-27 23:00:00,2023,4,24,12598,6.03,HOEP (Legacy)
2023-04-28 00:00:00,2023,4,1,12360,5.59,HOEP (Legacy)
2023-04-28 01:00:00,2023,4,2,12257,5.96,HOEP (Legacy)
2023-04-28 02:00:00,2023,4,3,12225,5.86,HOEP (Legacy)
2023-04-28 03:00:00,2023,4,4,12368,7.39,HOEP (Legacy)
2023-04-28 04:00:00,2023,4,5,12864,10.17,HOEP (Legacy)
2023-04-28 05:00:00,2023,4,6,13709,17.86,HOEP (Legacy)
2023-04-28 06:00:00,2023,4,7,14807,25.95,HOEP (Legacy)
2023-04-28 07:00:00,2023,4,8,15020,27.01,HOEP (Legacy)
2023-04-28 08:00:00,2023,4,9,14926,27.66,HOEP (Legacy)
2023-04-28 09:00:00,2023,4,10,15086,33.06,HOEP (Legacy)
2023-04-28 10:00:00,2023,4,11,14889,31.01,HOEP (Legacy)
2023-04-28 11:00:00,2023,4,12,14851,22.37,HOEP (Legacy)
2023-04-28 12:00:00,2023,4,13,14830,21.55,HOEP (Legacy)
2023-04-28 13:00:00,2023,4,14,14708,14.4,HOEP (Legacy)
2023-04-28 14:00:00,2023,4,15,14542,14.35,HOEP (Legacy)
2023-04-28 15:00:00,2023,4,16,14937,14.48,HOEP (Legacy)
2023-04-28 16:00:00,2023,4,17,15236,14.4,HOEP (Legacy)
2023-04-28 17:00:00,2023,4,18,15224,15.23,HOEP (Legacy)
2023-04-28 18:00:00,2023,4,19,15194,14.35,HOEP (Legacy)
2023-04-28 19:00:00,2023,4,20,15259,14.19,HOEP (Legacy)
2023-04-28 20:00:00,2023,4,21,14760,8.81,HOEP (Legacy)
2023-04-28 21:00:00,2023,4,22,14032,8.12,HOEP (Legacy)
2023-04-28 22:00:00,2023,4,23,13296,4.23,HOEP (Legacy)
2023-04-28 23:00:00,2023,4,24,12641,5.8,HOEP (Legacy)
2023-04-29 00:00:00,2023,4,1,12167,5.57,HOEP (Legacy)
2023-04-29 01:00:00,2023,4,2,12078,5.92,HOEP (Legacy)
2023-04-29 02:00:00,2023,4,3,12070,6.08,HOEP (Legacy)
2023-04-29 03:00:00,2023,4,4,12015,9.5,HOEP (Legacy)
2023-04-29 04:00:00,2023,4,5,12273,9.55,HOEP (Legacy)
2023-04-29 05:00:00,2023,4,6,12739,5.9,HOEP (Legacy)
2023-04-29 06:00:00,2023,4,7,13474,13.59,HOEP (Legacy)
2023-04-29 07:00:00,2023,4,8,14360,159.44,HOEP (Legacy)
2023-04-29 08:00:00,2023,4,9,15018,175.79,HOEP (Legacy)
2023-04-29 09:00:00,2023,4,10,15185,26.32,HOEP (Legacy)
2023-04-29 10:00:00,2023,4,11,15069,26.09,HOEP (Legacy)
2023-04-29 11:00:00,2023,4,12,15179,26.18,HOEP (Legacy)
2023-04-29 12:00:00,2023,4,13,15254,34.85,HOEP (Legacy)
2023-04-29 13:00:00,2023,4,14,15119,28.6,HOEP (Legacy)
2023-04-29 14:00:00,2023,4,15,14813,26.31,HOEP (Legacy)
2023-04-29 15:00:00,2023,4,16,14935,26.73,HOEP (Legacy)
2023-04-29 16:00:00,2023,4,17,15205,15.1,HOEP (Legacy)
2023-04-29 17:00:00,2023,4,18,15074,21.46,HOEP (Legacy)
2023-04-29 18:00:00,2023,4,19,14893,23.87,HOEP (Legacy)
2023-04-29 19:00:00,2023,4,20,14993,25.23,HOEP (Legacy)
2023-04-29 20:00:00,2023,4,21,14288,8.8,HOEP (Legacy)
2023-04-29 21:00:00,2023,4,22,13718,6.38,HOEP (Legacy)
2023-04-29 22:00:00,2023,4,23,13060,6.44,HOEP (Legacy)
2023-04-29 23:00:00,2023,4,24,12468,5.95,HOEP (Legacy)
2023-04-30 00:00:00,2023,4,1,12261,14.29,HOEP (Legacy)
2023-04-30 01:00:00,2023,4,2,12098,14.38,HOEP (Legacy)
2023-04-30 02:00:00,2023,4,3,11894,15.35,HOEP (Legacy)
2023-04-30 03:00:00,2023,4,4,11943,14.36,HOEP (Legacy)
2023-04-30 04:00:00,2023,4,5,11810,14.32,HOEP (Legacy)
2023-04-30 05:00:00,2023,4,6,12338,11.71,HOEP (Legacy)
2023-04-30 06:00:00,2023,4,7,12638,12.64,HOEP (Legacy)
2023-04-30 07:00:00,2023,4,8,13235,14.62,HOEP (Legacy)
2023-04-30 08:00:00,2023,4,9,13933,26.67,HOEP (Legacy)
2023-04-30 09:00:00,2023,4,10,14373,21.09,HOEP (Legacy)
2023-04-30 10:00:00,2023,4,11,14539,16.34,HOEP (Legacy)
2023-04-30 11:00:00,2023,4,12,14644,19.51,HOEP (Legacy)
2023-04-30 12:00:00,2023,4,13,14631,22.43,HOEP (Legacy)
2023-04-30 13:00:00,2023,4,14,14589,29.19,HOEP (Legacy)
2023-04-30 14:00:00,2023,4,15,14638,27.52,HOEP (Legacy)
2023-04-30 15:00:00,2023,4,16,14872,30.42,HOEP (Legacy)
2023-04-30 16:00:00,2023,4,17,15388,31.77,HOEP (Legacy)
2023-04-30 17:00:00,2023,4,18,15329,16.48,HOEP (Legacy)
2023-04-30 18:00:00,2023,4,19,15154,20.61,HOEP (Legacy)
2023-04-30 19:00:00,2023,4,20,15421,31.44,HOEP (Legacy)
2023-04-30 20:00:00,2023,4,21,15160,32.33,HOEP (Legacy)
2023-04-30 21:00:00,2023,4,22,14293,22.11,HOEP (Legacy)
2023-04-30 22:00:00,2023,4,23,13415,22.44,HOEP (Legacy)
2023-04-30 23:00:00,2023,4,24,12749,15.11,HOEP (Legacy)
2023-05-01 00:00:00,2023,5,1,12342,14.77,HOEP (Legacy)
2023-05-01 01:00:00,2023,5,2,12233,12.94,HOEP (Legacy)
2023-05-01 02:00:00,2023,5,3,12069,5.95,HOEP (Legacy)
2023-05-01 03:00:00,2023,5,4,12258,5.55,HOEP (Legacy)
2023-05-01 04:00:00,2023,5,5,12759,2.75,HOEP (Legacy)
2023-05-01 05:00:00,2023,5,6,14008,11.26,HOEP (Legacy)
2023-05-01 06:00:00,2023,5,7,15138,14.38,HOEP (Legacy)
2023-05-01 07:00:00,2023,5,8,15595,15.57,HOEP (Legacy)
2023-05-01 08:00:00,2023,5,9,15345,12.53,HOEP (Legacy)
2023-05-01 09:00:00,2023,5,10,15593,14.27,HOEP (Legacy)
2023-05-01 10:00:00,2023,5,11,15514,12.71,HOEP (Legacy)
2023-05-01 11:00:00,2023,5,12,15279,8.36,HOEP (Legacy)
2023-05-01 12:00:00,2023,5,13,15088,3.13,HOEP (Legacy)
2023-05-01 13:00:00,2023,5,14,15037,5.1,HOEP (Legacy)
2023-05-01 14:00:00,2023,5,15,15194,5.89,HOEP (Legacy)
2023-05-01 15:00:00,2023,5,16,15406,8.83,HOEP (Legacy)
2023-05-01 16:00:00,2023,5,17,15603,8.07,HOEP (Legacy)
2023-05-01 17:00:00,2023,5,18,15674,11.61,HOEP (Legacy)
2023-05-01 18:00:00,2023,5,19,15806,14.66,HOEP (Legacy)
2023-05-01 19:00:00,2023,5,20,15888,13.65,HOEP (Legacy)
2023-05-01 20:00:00,2023,5,21,15398,12.16,HOEP (Legacy)
2023-05-01 21:00:00,2023,5,22,14721,5.41,HOEP (Legacy)
2023-05-01 22:00:00,2023,5,23,13854,0.4,HOEP (Legacy)
2023-05-01 23:00:00,2023,5,24,13095,0.0,HOEP (Legacy)
2023-05-02 00:00:00,2023,5,1,12726,0.0,HOEP (Legacy)
2023-05-02 01:00:00,2023,5,2,12562,0.0,HOEP (Legacy)
2023-05-02 02:00:00,2023,5,3,12472,0.0,HOEP (Legacy)
2023-05-02 03:00:00,2023,5,4,12619,3.23,HOEP (Legacy)
2023-05-02 04:00:00,2023,5,5,13148,3.31,HOEP (Legacy)
2023-05-02 05:00:00,2023,5,6,14185,13.98,HOEP (Legacy)
2023-05-02 06:00:00,2023,5,7,15192,29.36,HOEP (Legacy)
2023-05-02 07:00:00,2023,5,8,15582,30.32,HOEP (Legacy)
2023-05-02 08:00:00,2023,5,9,15332,14.73,HOEP (Legacy)
2023-05-02 09:00:00,2023,5,10,15347,20.75,HOEP (Legacy)
2023-05-02 10:00:00,2023,5,11,15380,15.11,HOEP (Legacy)
2023-05-02 11:00:00,2023,5,12,15237,14.98,HOEP (Legacy)
2023-05-02 12:00:00,2023,5,13,15087,24.43,HOEP (Legacy)
2023-05-02 13:00:00,2023,5,14,14894,14.35,HOEP (Legacy)
2023-05-02 14:00:00,2023,5,15,15069,14.36,HOEP (Legacy)
2023-05-02 15:00:00,2023,5,16,15461,22.07,HOEP (Legacy)
2023-05-02 16:00:00,2023,5,17,16122,32.15,HOEP (Legacy)
2023-05-02 17:00:00,2023,5,18,16158,33.71,HOEP (Legacy)
2023-05-02 18:00:00,2023,5,19,16146,26.91,HOEP (Legacy)
2023-05-02 19:00:00,2023,5,20,16342,28.08,HOEP (Legacy)
2023-05-02 20:00:00,2023,5,21,16082,29.23,HOEP (Legacy)
2023-05-02 21:00:00,2023,5,22,15102,24.65,HOEP (Legacy)
2023-05-02 22:00:00,2023,5,23,14129,18.03,HOEP (Legacy)
2023-05-02 23:00:00,2023,5,24,13472,15.44,HOEP (Legacy)
2023-05-03 00:00:00,2023,5,1,13122,14.37,HOEP (Legacy)
2023-05-03 01:00:00,2023,5,2,13013,15.09,HOEP (Legacy)
2023-05-03 02:00:00,2023,5,3,12905,14.34,HOEP (Legacy)
2023-05-03 03:00:00,2023,5,4,12989,17.11,HOEP (Legacy)
2023-05-03 04:00:00,2023,5,5,13458,19.6,HOEP (Legacy)
2023-05-03 05:00:00,2023,5,6,14474,28.43,HOEP (Legacy)
2023-05-03 06:00:00,2023,5,7,15506,29.14,HOEP (Legacy)
2023-05-03 07:00:00,2023,5,8,15741,15.98,HOEP (Legacy)
2023-05-03 08:00:00,2023,5,9,15621,15.1,HOEP (Legacy)
2023-05-03 09:00:00,2023,5,10,15580,14.89,HOEP (Legacy)
2023-05-03 10:00:00,2023,5,11,15440,7.98,HOEP (Legacy)
2023-05-03 11:00:00,2023,5,12,15134,5.57,HOEP (Legacy)
2023-05-03 12:00:00,2023,5,13,15094,5.64,HOEP (Legacy)
2023-05-03 13:00:00,2023,5,14,14947,5.82,HOEP (Legacy)
2023-05-03 14:00:00,2023,5,15,14951,12.31,HOEP (Legacy)
2023-05-03 15:00:00,2023,5,16,15457,13.68,HOEP (Legacy)
2023-05-03 16:00:00,2023,5,17,15729,12.32,HOEP (Legacy)
2023-05-03 17:00:00,2023,5,18,15843,17.58,HOEP (Legacy)
2023-05-03 18:00:00,2023,5,19,15978,24.13,HOEP (Legacy)
2023-05-03 19:00:00,2023,5,20,16283,24.57,HOEP (Legacy)
2023-05-03 20:00:00,2023,5,21,16058,24.35,HOEP (Legacy)
2023-05-03 21:00:00,2023,5,22,15084,22.11,HOEP (Legacy)
2023-05-03 22:00:00,2023,5,23,14106,15.51,HOEP (Legacy)
2023-05-03 23:00:00,2023,5,24,13405,14.26,HOEP (Legacy)
2023-05-04 00:00:00,2023,5,1,12978,14.36,HOEP (Legacy)
2023-05-04 01:00:00,2023,5,2,12767,14.34,HOEP (Legacy)
2023-05-04 02:00:00,2023,5,3,12564,14.33,HOEP (Legacy)
2023-05-04 03:00:00,2023,5,4,12612,13.66,HOEP (Legacy)
2023-05-04 04:00:00,2023,5,5,13166,14.45,HOEP (Legacy)
2023-05-04 05:00:00,2023,5,6,14147,23.58,HOEP (Legacy)
2023-05-04 06:00:00,2023,5,7,15452,35.57,HOEP (Legacy)
2023-05-04 07:00:00,2023,5,8,15864,33.58,HOEP (Legacy)
2023-05-04 08:00:00,2023,5,9,15698,33.59,HOEP (Legacy)
2023-05-04 09:00:00,2023,5,10,15615,33.58,HOEP (Legacy)
2023-05-04 10:00:00,2023,5,11,15485,33.57,HOEP (Legacy)
2023-05-04 11:00:00,2023,5,12,15298,33.56,HOEP (Legacy)
2023-05-04 12:00:00,2023,5,13,15241,33.55,HOEP (Legacy)
2023-05-04 13:00:00,2023,5,14,15067,24.67,HOEP (Legacy)
2023-05-04 14:00:00,2023,5,15,14914,19.95,HOEP (Legacy)
2023-05-04 15:00:00,2023,5,16,15118,23.86,HOEP (Legacy)
2023-05-04 16:00:00,2023,5,17,15503,25.09,HOEP (Legacy)
2023-05-04 17:00:00,2023,5,18,15669,25.87,HOEP (Legacy)
2023-05-04 18:00:00,2023,5,19,15798,31.18,HOEP (Legacy)
2023-05-04 19:00:00,2023,5,20,16090,34.5,HOEP (Legacy)
2023-05-04 20:00:00,2023,5,21,15942,34.88,HOEP (Legacy)
2023-05-04 21:00:00,2023,5,22,14997,29.15,HOEP (Legacy)
2023-05-04 22:00:00,2023,5,23,13920,21.21,HOEP (Legacy)
2023-05-04 23:00:00,2023,5,24,13199,15.35,HOEP (Legacy)
2023-05-05 00:00:00,2023,5,1,12923,38.82,HOEP (Legacy)
2023-05-05 01:00:00,2023,5,2,12609,33.99,HOEP (Legacy)
2023-05-05 02:00:00,2023,5,3,12502,16.67,HOEP (Legacy)
2023-05-05 03:00:00,2023,5,4,12672,24.01,HOEP (Legacy)
2023-05-05 04:00:00,2023,5,5,13135,16.92,HOEP (Legacy)
2023-05-05 05:00:00,2023,5,6,14051,17.4,HOEP (Legacy)
2023-05-05 06:00:00,2023,5,7,14972,16.05,HOEP (Legacy)
2023-05-05 07:00:00,2023,5,8,15025,21.58,HOEP (Legacy)
2023-05-05 08:00:00,2023,5,9,14560,24.14,HOEP (Legacy)
2023-05-05 09:00:00,2023,5,10,14441,25.42,HOEP (Legacy)
2023-05-05 10:00:00,2023,5,11,14397,25.02,HOEP (Legacy)
2023-05-05 11:00:00,2023,5,12,14224,21.22,HOEP (Legacy)
2023-05-05 12:00:00,2023,5,13,14167,23.4,HOEP (Legacy)
2023-05-05 13:00:00,2023,5,14,14021,22.91,HOEP (Legacy)
2023-05-05 14:00:00,2023,5,15,13904,22.84,HOEP (Legacy)
2023-05-05 15:00:00,2023,5,16,14054,19.47,HOEP (Legacy)
2023-05-05 16:00:00,2023,5,17,14374,22.45,HOEP (Legacy)
2023-05-05 17:00:00,2023,5,18,14459,22.61,HOEP (Legacy)
2023-05-05 18:00:00,2023,5,19,14696,22.62,HOEP (Legacy)
2023-05-05 19:00:00,2023,5,20,15028,23.69,HOEP (Legacy)
2023-05-05 20:00:00,2023,5,21,14910,22.07,HOEP (Legacy)
2023-05-05 21:00:00,2023,5,22,14022,8.54,HOEP (Legacy)
2023-05-05 22:00:00,2023,5,23,13202,4.35,HOEP (Legacy)
2023-05-05 23:00:00,2023,5,24,12401,5.63,HOEP (Legacy)
2023-05-06 00:00:00,2023,5,1,12014,5.5,HOEP (Legacy)
2023-05-06 01:00:00,2023,5,2,11923,5.22,HOEP (Legacy)
2023-05-06 02:00:00,2023,5,3,11660,5.02,HOEP (Legacy)
2023-05-06 03:00:00,2023,5,4,11723,5.51,HOEP (Legacy)
2023-05-06 04:00:00,2023,5,5,12086,11.27,HOEP (Legacy)
2023-05-06 05:00:00,2023,5,6,12239,14.35,HOEP (Legacy)
2023-05-06 06:00:00,2023,5,7,12602,11.64,HOEP (Legacy)
2023-05-06 07:00:00,2023,5,8,12828,14.33,HOEP (Legacy)
2023-05-06 08:00:00,2023,5,9,12825,14.35,HOEP (Legacy)
2023-05-06 09:00:00,2023,5,10,12842,14.35,HOEP (Legacy)
2023-05-06 10:00:00,2023,5,11,12762,14.34,HOEP (Legacy)
2023-05-06 11:00:00,2023,5,12,12785,14.34,HOEP (Legacy)
2023-05-06 12:00:00,2023,5,13,12705,5.85,HOEP (Legacy)
2023-05-06 13:00:00,2023,5,14,12488,5.43,HOEP (Legacy)
2023-05-06 14:00:00,2023,5,15,12469,8.89,HOEP (Legacy)
2023-05-06 15:00:00,2023,5,16,12932,13.0,HOEP (Legacy)
2023-05-06 16:00:00,2023,5,17,13513,16.72,HOEP (Legacy)
2023-05-06 17:00:00,2023,5,18,13837,23.47,HOEP (Legacy)
2023-05-06 18:00:00,2023,5,19,14106,25.51,HOEP (Legacy)
2023-05-06 19:00:00,2023,5,20,14257,24.74,HOEP (Legacy)
2023-05-06 20:00:00,2023,5,21,13939,17.92,HOEP (Legacy)
2023-05-06 21:00:00,2023,5,22,13291,8.68,HOEP (Legacy)
2023-05-06 22:00:00,2023,5,23,12614,4.66,HOEP (Legacy)
2023-05-06 23:00:00,2023,5,24,11895,0.0,HOEP (Legacy)
2023-05-07 00:00:00,2023,5,1,11480,0.8,HOEP (Legacy)
2023-05-07 01:00:00,2023,5,2,11100,0.0,HOEP (Legacy)
2023-05-07 02:00:00,2023,5,3,10923,0.0,HOEP (Legacy)
2023-05-07 03:00:00,2023,5,4,10907,0.0,HOEP (Legacy)
2023-05-07 04:00:00,2023,5,5,11107,0.0,HOEP (Legacy)
2023-05-07 05:00:00,2023,5,6,11101,0.0,HOEP (Legacy)
2023-05-07 06:00:00,2023,5,7,11423,0.0,HOEP (Legacy)
2023-05-07 07:00:00,2023,5,8,11929,0.0,HOEP (Legacy)
2023-05-07 08:00:00,2023,5,9,12320,0.86,HOEP (Legacy)
2023-05-07 09:00:00,2023,5,10,13212,10.14,HOEP (Legacy)
2023-05-07 10:00:00,2023,5,11,13469,10.26,HOEP (Legacy)
2023-05-07 11:00:00,2023,5,12,13920,13.01,HOEP (Legacy)
2023-05-07 12:00:00,2023,5,13,13547,6.31,HOEP (Legacy)
2023-05-07 13:00:00,2023,5,14,13831,7.26,HOEP (Legacy)
2023-05-07 14:00:00,2023,5,15,14229,17.61,HOEP (Legacy)
2023-05-07 15:00:00,2023,5,16,14369,26.42,HOEP (Legacy)
2023-05-07 16:00:00,2023,5,17,14870,26.16,HOEP (Legacy)
2023-05-07 17:00:00,2023,5,18,14977,25.65,HOEP (Legacy)
2023-05-07 18:00:00,2023,5,19,14940,20.84,HOEP (Legacy)
2023-05-07 19:00:00,2023,5,20,14931,14.39,HOEP (Legacy)
2023-05-07 20:00:00,2023,5,21,14291,16.74,HOEP (Legacy)
2023-05-07 21:00:00,2023,5,22,13509,8.56,HOEP (Legacy)
2023-05-07 22:00:00,2023,5,23,12729,5.63,HOEP (Legacy)
2023-05-07 23:00:00,2023,5,24,12077,12.03,HOEP (Legacy)
2023-05-08 00:00:00,2023,5,1,11828,30.87,HOEP (Legacy)
2023-05-08 01:00:00,2023,5,2,11668,13.36,HOEP (Legacy)
2023-05-08 02:00:00,2023,5,3,11693,14.34,HOEP (Legacy)
2023-05-08 03:00:00,2023,5,4,11833,10.31,HOEP (Legacy)
2023-05-08 04:00:00,2023,5,5,12365,10.24,HOEP (Legacy)
2023-05-08 05:00:00,2023,5,6,13308,12.75,HOEP (Legacy)
2023-05-08 06:00:00,2023,5,7,14370,29.2,HOEP (Legacy)
2023-05-08 07:00:00,2023,5,8,14642,36.93,HOEP (Legacy)
2023-05-08 08:00:00,2023,5,9,14415,29.93,HOEP (Legacy)
2023-05-08 09:00:00,2023,5,10,14022,27.54,HOEP (Legacy)
2023-05-08 10:00:00,2023,5,11,13981,26.65,HOEP (Legacy)
2023-05-08 11:00:00,2023,5,12,13860,21.92,HOEP (Legacy)
2023-05-08 12:00:00,2023,5,13,13850,30.72,HOEP (Legacy)
2023-05-08 13:00:00,2023,5,14,13858,30.24,HOEP (Legacy)
2023-05-08 14:00:00,2023,5,15,13908,25.92,HOEP (Legacy)
2023-05-08 15:00:00,2023,5,16,14331,29.11,HOEP (Legacy)
2023-05-08 16:00:00,2023,5,17,15006,29.6,HOEP (Legacy)
2023-05-08 17:00:00,2023,5,18,15186,25.67,HOEP (Legacy)
2023-05-08 18:00:00,2023,5,19,15231,26.41,HOEP (Legacy)
2023-05-08 19:00:00,2023,5,20,15391,24.25,HOEP (Legacy)
2023-05-08 20:00:00,2023,5,21,15211,28.01,HOEP (Legacy)
2023-05-08 21:00:00,2023,5,22,14110,21.1,HOEP (Legacy)
2023-05-08 22:00:00,2023,5,23,13027,16.1,HOEP (Legacy)
2023-05-08 23:00:00,2023,5,24,12351,14.34,HOEP (Legacy)
2023-05-09 00:00:00,2023,5,1,11933,15.32,HOEP (Legacy)
2023-05-09 01:00:00,2023,5,2,11701,13.55,HOEP (Legacy)
2023-05-09 02:00:00,2023,5,3,11727,10.12,HOEP (Legacy)
2023-05-09 03:00:00,2023,5,4,11978,14.36,HOEP (Legacy)
2023-05-09 04:00:00,2023,5,5,12455,13.34,HOEP (Legacy)
2023-05-09 05:00:00,2023,5,6,13358,24.14,HOEP (Legacy)
2023-05-09 06:00:00,2023,5,7,14481,31.16,HOEP (Legacy)
2023-05-09 07:00:00,2023,5,8,14713,38.26,HOEP (Legacy)
2023-05-09 08:00:00,2023,5,9,14176,26.1,HOEP (Legacy)
2023-05-09 09:00:00,2023,5,10,13995,26.03,HOEP (Legacy)
2023-05-09 10:00:00,2023,5,11,13844,21.35,HOEP (Legacy)
2023-05-09 11:00:00,2023,5,12,13443,15.47,HOEP (Legacy)
2023-05-09 12:00:00,2023,5,13,13489,28.13,HOEP (Legacy)
2023-05-09 13:00:00,2023,5,14,13520,26.01,HOEP (Legacy)
2023-05-09 14:00:00,2023,5,15,13549,17.06,HOEP (Legacy)
2023-05-09 15:00:00,2023,5,16,14128,27.24,HOEP (Legacy)
2023-05-09 16:00:00,2023,5,17,14720,30.98,HOEP (Legacy)
2023-05-09 17:00:00,2023,5,18,14979,30.82,HOEP (Legacy)
2023-05-09 18:00:00,2023,5,19,15210,30.41,HOEP (Legacy)
2023-05-09 19:00:00,2023,5,20,15573,30.94,HOEP (Legacy)
2023-05-09 20:00:00,2023,5,21,15455,28.46,HOEP (Legacy)
2023-05-09 21:00:00,2023,5,22,14464,27.89,HOEP (Legacy)
2023-05-09 22:00:00,2023,5,23,13385,22.87,HOEP (Legacy)
2023-05-09 23:00:00,2023,5,24,12610,17.57,HOEP (Legacy)
2023-05-10 00:00:00,2023,5,1,12209,17.69,HOEP (Legacy)
2023-05-10 01:00:00,2023,5,2,12077,16.94,HOEP (Legacy)
2023-05-10 02:00:00,2023,5,3,12147,14.84,HOEP (Legacy)
2023-05-10 03:00:00,2023,5,4,12201,15.84,HOEP (Legacy)
2023-05-10 04:00:00,2023,5,5,12627,14.91,HOEP (Legacy)
2023-05-10 05:00:00,2023,5,6,13474,23.97,HOEP (Legacy)
2023-05-10 06:00:00,2023,5,7,14443,27.03,HOEP (Legacy)
2023-05-10 07:00:00,2023,5,8,14507,22.95,HOEP (Legacy)
2023-05-10 08:00:00,2023,5,9,14077,25.15,HOEP (Legacy)
2023-05-10 09:00:00,2023,5,10,13966,23.31,HOEP (Legacy)
2023-05-10 10:00:00,2023,5,11,13819,23.94,HOEP (Legacy)
2023-05-10 11:00:00,2023,5,12,13771,15.36,HOEP (Legacy)
2023-05-10 12:00:00,2023,5,13,13701,14.44,HOEP (Legacy)
2023-05-10 13:00:00,2023,5,14,13665,14.57,HOEP (Legacy)
2023-05-10 14:00:00,2023,5,15,13832,15.93,HOEP (Legacy)
2023-05-10 15:00:00,2023,5,16,14204,22.99,HOEP (Legacy)
2023-05-10 16:00:00,2023,5,17,14711,25.37,HOEP (Legacy)
2023-05-10 17:00:00,2023,5,18,14927,19.21,HOEP (Legacy)
2023-05-10 18:00:00,2023,5,19,15202,24.97,HOEP (Legacy)
2023-05-10 19:00:00,2023,5,20,15510,24.06,HOEP (Legacy)
2023-05-10 20:00:00,2023,5,21,15172,18.71,HOEP (Legacy)
2023-05-10 21:00:00,2023,5,22,14225,11.63,HOEP (Legacy)
2023-05-10 22:00:00,2023,5,23,13175,4.17,HOEP (Legacy)
2023-05-10 23:00:00,2023,5,24,12507,0.8,HOEP (Legacy)
2023-05-11 00:00:00,2023,5,1,11970,5.71,HOEP (Legacy)
2023-05-11 01:00:00,2023,5,2,11506,4.86,HOEP (Legacy)
2023-05-11 02:00:00,2023,5,3,11446,0.0,HOEP (Legacy)
2023-05-11 03:00:00,2023,5,4,11488,1.35,HOEP (Legacy)
2023-05-11 04:00:00,2023,5,5,12178,4.61,HOEP (Legacy)
2023-05-11 05:00:00,2023,5,6,13235,11.21,HOEP (Legacy)
2023-05-11 06:00:00,2023,5,7,14291,22.16,HOEP (Legacy)
2023-05-11 07:00:00,2023,5,8,14386,18.53,HOEP (Legacy)
2023-05-11 08:00:00,2023,5,9,14171,20.46,HOEP (Legacy)
2023-05-11 09:00:00,2023,5,10,14141,18.97,HOEP (Legacy)
2023-05-11 10:00:00,2023,5,11,14120,19.32,HOEP (Legacy)
2023-05-11 11:00:00,2023,5,12,14023,21.66,HOEP (Legacy)
2023-05-11 12:00:00,2023,5,13,14237,24.3,HOEP (Legacy)
2023-05-11 13:00:00,2023,5,14,14351,24.03,HOEP (Legacy)
2023-05-11 14:00:00,2023,5,15,14504,24.27,HOEP (Legacy)
2023-05-11 15:00:00,2023,5,16,14989,23.79,HOEP (Legacy)
2023-05-11 16:00:00,2023,5,17,15598,23.41,HOEP (Legacy)
2023-05-11 17:00:00,2023,5,18,15900,23.4,HOEP (Legacy)
2023-05-11 18:00:00,2023,5,19,16228,26.35,HOEP (Legacy)
2023-05-11 19:00:00,2023,5,20,16331,24.71,HOEP (Legacy)
2023-05-11 20:00:00,2023,5,21,16134,24.39,HOEP (Legacy)
2023-05-11 21:00:00,2023,5,22,14994,19.13,HOEP (Legacy)
2023-05-11 22:00:00,2023,5,23,13859,9.39,HOEP (Legacy)
2023-05-11 23:00:00,2023,5,24,12817,8.04,HOEP (Legacy)
2023-05-12 00:00:00,2023,5,1,12260,5.66,HOEP (Legacy)
2023-05-12 01:00:00,2023,5,2,11995,5.69,HOEP (Legacy)
2023-05-12 02:00:00,2023,5,3,11924,5.93,HOEP (Legacy)
2023-05-12 03:00:00,2023,5,4,11888,5.91,HOEP (Legacy)
2023-05-12 04:00:00,2023,5,5,12227,15.21,HOEP (Legacy)
2023-05-12 05:00:00,2023,5,6,12925,9.97,HOEP (Legacy)
2023-05-12 06:00:00,2023,5,7,14123,22.15,HOEP (Legacy)
2023-05-12 07:00:00,2023,5,8,14698,25.83,HOEP (Legacy)
2023-05-12 08:00:00,2023,5,9,14773,25.16,HOEP (Legacy)
2023-05-12 09:00:00,2023,5,10,14988,24.59,HOEP (Legacy)
2023-05-12 10:00:00,2023,5,11,15118,23.19,HOEP (Legacy)
2023-05-12 11:00:00,2023,5,12,15294,23.66,HOEP (Legacy)
2023-05-12 12:00:00,2023,5,13,15590,29.92,HOEP (Legacy)
2023-05-12 13:00:00,2023,5,14,15868,29.06,HOEP (Legacy)
2023-05-12 14:00:00,2023,5,15,16025,28.15,HOEP (Legacy)
2023-05-12 15:00:00,2023,5,16,16405,28.9,HOEP (Legacy)
2023-05-12 16:00:00,2023,5,17,16714,28.66,HOEP (Legacy)
2023-05-12 17:00:00,2023,5,18,16702,26.59,HOEP (Legacy)
2023-05-12 18:00:00,2023,5,19,16499,25.02,HOEP (Legacy)
2023-05-12 19:00:00,2023,5,20,16354,25.08,HOEP (Legacy)
2023-05-12 20:00:00,2023,5,21,16186,24.73,HOEP (Legacy)
2023-05-12 21:00:00,2023,5,22,15146,24.01,HOEP (Legacy)
2023-05-12 22:00:00,2023,5,23,14012,20.43,HOEP (Legacy)
2023-05-12 23:00:00,2023,5,24,13114,14.35,HOEP (Legacy)
2023-05-13 00:00:00,2023,5,1,12458,16.13,HOEP (Legacy)
2023-05-13 01:00:00,2023,5,2,12154,12.16,HOEP (Legacy)
2023-05-13 02:00:00,2023,5,3,11923,6.16,HOEP (Legacy)
2023-05-13 03:00:00,2023,5,4,11899,13.29,HOEP (Legacy)
2023-05-13 04:00:00,2023,5,5,11823,5.92,HOEP (Legacy)
2023-05-13 05:00:00,2023,5,6,11676,6.61,HOEP (Legacy)
2023-05-13 06:00:00,2023,5,7,12235,9.73,HOEP (Legacy)
2023-05-13 07:00:00,2023,5,8,13084,33.27,HOEP (Legacy)
2023-05-13 08:00:00,2023,5,9,13525,45.15,HOEP (Legacy)
2023-05-13 09:00:00,2023,5,10,13745,31.88,HOEP (Legacy)
2023-05-13 10:00:00,2023,5,11,13678,13.33,HOEP (Legacy)
2023-05-13 11:00:00,2023,5,12,13736,13.34,HOEP (Legacy)
2023-05-13 12:00:00,2023,5,13,13598,13.35,HOEP (Legacy)
2023-05-13 13:00:00,2023,5,14,13710,13.36,HOEP (Legacy)
2023-05-13 14:00:00,2023,5,15,13822,13.33,HOEP (Legacy)
2023-05-13 15:00:00,2023,5,16,14296,15.76,HOEP (Legacy)
2023-05-13 16:00:00,2023,5,17,14803,18.81,HOEP (Legacy)
2023-05-13 17:00:00,2023,5,18,14921,17.4,HOEP (Legacy)
2023-05-13 18:00:00,2023,5,19,14845,14.93,HOEP (Legacy)
2023-05-13 19:00:00,2023,5,20,14559,13.32,HOEP (Legacy)
2023-05-13 20:00:00,2023,5,21,14370,13.42,HOEP (Legacy)
2023-05-13 21:00:00,2023,5,22,13534,3.84,HOEP (Legacy)
2023-05-13 22:00:00,2023,5,23,12615,0.0,HOEP (Legacy)
2023-05-13 23:00:00,2023,5,24,11814,0.0,HOEP (Legacy)
2023-05-14 00:00:00,2023,5,1,11260,0.0,HOEP (Legacy)
2023-05-14 01:00:00,2023,5,2,11035,0.0,HOEP (Legacy)
2023-05-14 02:00:00,2023,5,3,10953,0.0,HOEP (Legacy)
2023-05-14 03:00:00,2023,5,4,10887,0.0,HOEP (Legacy)
2023-05-14 04:00:00,2023,5,5,11046,0.0,HOEP (Legacy)
2023-05-14 05:00:00,2023,5,6,11130,0.0,HOEP (Legacy)
2023-05-14 06:00:00,2023,5,7,11489,0.0,HOEP (Legacy)
2023-05-14 07:00:00,2023,5,8,11887,0.0,HOEP (Legacy)
2023-05-14 08:00:00,2023,5,9,12071,1.21,HOEP (Legacy)
2023-05-14 09:00:00,2023,5,10,12282,4.54,HOEP (Legacy)
2023-05-14 10:00:00,2023,5,11,12359,5.05,HOEP (Legacy)
2023-05-14 11:00:00,2023,5,12,12318,0.0,HOEP (Legacy)
2023-05-14 12:00:00,2023,5,13,12205,0.0,HOEP (Legacy)
2023-05-14 13:00:00,2023,5,14,12173,0.0,HOEP (Legacy)
2023-05-14 14:00:00,2023,5,15,12335,0.0,HOEP (Legacy)
2023-05-14 15:00:00,2023,5,16,12746,2.23,HOEP (Legacy)
2023-05-14 16:00:00,2023,5,17,13412,5.53,HOEP (Legacy)
2023-05-14 17:00:00,2023,5,18,13781,6.02,HOEP (Legacy)
2023-05-14 18:00:00,2023,5,19,14061,8.51,HOEP (Legacy)
2023-05-14 19:00:00,2023,5,20,14436,10.38,HOEP (Legacy)
2023-05-14 20:00:00,2023,5,21,14488,12.9,HOEP (Legacy)
2023-05-14 21:00:00,2023,5,22,13838,13.21,HOEP (Legacy)
2023-05-14 22:00:00,2023,5,23,12870,5.08,HOEP (Legacy)
2023-05-14 23:00:00,2023,5,24,12171,5.69,HOEP (Legacy)
2023-05-15 00:00:00,2023,5,1,11834,0.0,HOEP (Legacy)
2023-05-15 01:00:00,2023,5,2,11580,0.41,HOEP (Legacy)
2023-05-15 02:00:00,2023,5,3,11491,3.77,HOEP (Legacy)
2023-05-15 03:00:00,2023,5,4,11580,5.89,HOEP (Legacy)
2023-05-15 04:00:00,2023,5,5,12073,6.66,HOEP (Legacy)
2023-05-15 05:00:00,2023,5,6,13005,10.13,HOEP (Legacy)
2023-05-15 06:00:00,2023,5,7,14037,15.89,HOEP (Legacy)
2023-05-15 07:00:00,2023,5,8,14260,13.37,HOEP (Legacy)
2023-05-15 08:00:00,2023,5,9,14047,13.34,HOEP (Legacy)
2023-05-15 09:00:00,2023,5,10,13995,9.85,HOEP (Legacy)
2023-05-15 10:00:00,2023,5,11,13820,5.82,HOEP (Legacy)
2023-05-15 11:00:00,2023,5,12,13958,14.33,HOEP (Legacy)
2023-05-15 12:00:00,2023,5,13,14054,11.66,HOEP (Legacy)
2023-05-15 13:00:00,2023,5,14,14087,7.52,HOEP (Legacy)
2023-05-15 14:00:00,2023,5,15,14103,6.75,HOEP (Legacy)
2023-05-15 15:00:00,2023,5,16,14588,8.16,HOEP (Legacy)
2023-05-15 16:00:00,2023,5,17,15204,15.99,HOEP (Legacy)
2023-05-15 17:00:00,2023,5,18,15436,14.91,HOEP (Legacy)
2023-05-15 18:00:00,2023,5,19,15633,26.58,HOEP (Legacy)
2023-05-15 19:00:00,2023,5,20,15702,26.58,HOEP (Legacy)
2023-05-15 20:00:00,2023,5,21,15469,20.86,HOEP (Legacy)
2023-05-15 21:00:00,2023,5,22,14403,6.91,HOEP (Legacy)
2023-05-15 22:00:00,2023,5,23,13038,0.4,HOEP (Legacy)
2023-05-15 23:00:00,2023,5,24,12226,0.0,HOEP (Legacy)
2023-05-16 00:00:00,2023,5,1,11870,0.0,HOEP (Legacy)
2023-05-16 01:00:00,2023,5,2,11733,0.0,HOEP (Legacy)
2023-05-16 02:00:00,2023,5,3,11522,0.0,HOEP (Legacy)
2023-05-16 03:00:00,2023,5,4,11555,0.0,HOEP (Legacy)
2023-05-16 04:00:00,2023,5,5,11949,0.0,HOEP (Legacy)
2023-05-16 05:00:00,2023,5,6,12910,2.18,HOEP (Legacy)
2023-05-16 06:00:00,2023,5,7,13918,8.28,HOEP (Legacy)
2023-05-16 07:00:00,2023,5,8,14484,14.11,HOEP (Legacy)
2023-05-16 08:00:00,2023,5,9,14479,13.32,HOEP (Legacy)
2023-05-16 09:00:00,2023,5,10,14543,10.36,HOEP (Legacy)
2023-05-16 10:00:00,2023,5,11,14480,3.08,HOEP (Legacy)
2023-05-16 11:00:00,2023,5,12,14285,0.0,HOEP (Legacy)
2023-05-16 12:00:00,2023,5,13,14668,5.49,HOEP (Legacy)
2023-05-16 13:00:00,2023,5,14,14893,6.11,HOEP (Legacy)
2023-05-16 14:00:00,2023,5,15,14965,5.98,HOEP (Legacy)
2023-05-16 15:00:00,2023,5,16,14975,3.05,HOEP (Legacy)
2023-05-16 16:00:00,2023,5,17,15197,3.6,HOEP (Legacy)
2023-05-16 17:00:00,2023,5,18,15144,5.62,HOEP (Legacy)
2023-05-16 18:00:00,2023,5,19,15300,5.8,HOEP (Legacy)
2023-05-16 19:00:00,2023,5,20,15353,5.99,HOEP (Legacy)
2023-05-16 20:00:00,2023,5,21,15355,14.35,HOEP (Legacy)
2023-05-16 21:00:00,2023,5,22,14469,8.5,HOEP (Legacy)
2023-05-16 22:00:00,2023,5,23,13223,3.55,HOEP (Legacy)
2023-05-16 23:00:00,2023,5,24,12423,0.0,HOEP (Legacy)
2023-05-17 00:00:00,2023,5,1,12060,0.0,HOEP (Legacy)
2023-05-17 01:00:00,2023,5,2,11917,0.0,HOEP (Legacy)
2023-05-17 02:00:00,2023,5,3,11859,0.0,HOEP (Legacy)
2023-05-17 03:00:00,2023,5,4,12062,2.97,HOEP (Legacy)
2023-05-17 04:00:00,2023,5,5,12589,5.45,HOEP (Legacy)
2023-05-17 05:00:00,2023,5,6,13451,11.61,HOEP (Legacy)
2023-05-17 06:00:00,2023,5,7,14450,20.15,HOEP (Legacy)
2023-05-17 07:00:00,2023,5,8,14515,12.98,HOEP (Legacy)
2023-05-17 08:00:00,2023,5,9,14224,5.82,HOEP (Legacy)
2023-05-17 09:00:00,2023,5,10,14109,8.26,HOEP (Legacy)
2023-05-17 10:00:00,2023,5,11,13956,14.34,HOEP (Legacy)
2023-05-17 11:00:00,2023,5,12,13875,13.66,HOEP (Legacy)
2023-05-17 12:00:00,2023,5,13,13751,12.34,HOEP (Legacy)
2023-05-17 13:00:00,2023,5,14,13592,7.32,HOEP (Legacy)
2023-05-17 14:00:00,2023,5,15,13622,5.82,HOEP (Legacy)
2023-05-17 15:00:00,2023,5,16,14084,9.94,HOEP (Legacy)
2023-05-17 16:00:00,2023,5,17,14621,13.04,HOEP (Legacy)
2023-05-17 17:00:00,2023,5,18,14961,17.86,HOEP (Legacy)
2023-05-17 18:00:00,2023,5,19,15370,19.81,HOEP (Legacy)
2023-05-17 19:00:00,2023,5,20,15620,26.39,HOEP (Legacy)
2023-05-17 20:00:00,2023,5,21,15793,29.78,HOEP (Legacy)
2023-05-17 21:00:00,2023,5,22,14985,20.14,HOEP (Legacy)
2023-05-17 22:00:00,2023,5,23,13882,12.04,HOEP (Legacy)
2023-05-17 23:00:00,2023,5,24,13132,9.67,HOEP (Legacy)
2023-05-18 00:00:00,2023,5,1,12736,12.27,HOEP (Legacy)
2023-05-18 01:00:00,2023,5,2,12472,13.13,HOEP (Legacy)
2023-05-18 02:00:00,2023,5,3,12432,7.63,HOEP (Legacy)
2023-05-18 03:00:00,2023,5,4,12661,10.44,HOEP (Legacy)
2023-05-18 04:00:00,2023,5,5,13111,11.64,HOEP (Legacy)
2023-05-18 05:00:00,2023,5,6,13956,11.93,HOEP (Legacy)
2023-05-18 06:00:00,2023,5,7,14952,28.83,HOEP (Legacy)
2023-05-18 07:00:00,2023,5,8,14996,23.47,HOEP (Legacy)
2023-05-18 08:00:00,2023,5,9,14567,19.4,HOEP (Legacy)
2023-05-18 09:00:00,2023,5,10,14205,14.5,HOEP (Legacy)
2023-05-18 10:00:00,2023,5,11,14095,15.13,HOEP (Legacy)
2023-05-18 11:00:00,2023,5,12,13941,13.23,HOEP (Legacy)
2023-05-18 12:00:00,2023,5,13,13947,14.35,HOEP (Legacy)
2023-05-18 13:00:00,2023,5,14,13799,14.35,HOEP (Legacy)
2023-05-18 14:00:00,2023,5,15,13719,13.67,HOEP (Legacy)
2023-05-18 15:00:00,2023,5,16,14212,25.45,HOEP (Legacy)
2023-05-18 16:00:00,2023,5,17,14814,29.61,HOEP (Legacy)
2023-05-18 17:00:00,2023,5,18,15139,31.12,HOEP (Legacy)
2023-05-18 18:00:00,2023,5,19,15422,30.56,HOEP (Legacy)
2023-05-18 19:00:00,2023,5,20,15592,34.84,HOEP (Legacy)
2023-05-18 20:00:00,2023,5,21,15543,23.42,HOEP (Legacy)
2023-05-18 21:00:00,2023,5,22,14521,9.03,HOEP (Legacy)
2023-05-18 22:00:00,2023,5,23,13468,2.86,HOEP (Legacy)
2023-05-18 23:00:00,2023,5,24,12661,1.28,HOEP (Legacy)
2023-05-19 00:00:00,2023,5,1,12337,0.0,HOEP (Legacy)
2023-05-19 01:00:00,2023,5,2,12021,0.0,HOEP (Legacy)
2023-05-19 02:00:00,2023,5,3,11949,0.0,HOEP (Legacy)
2023-05-19 03:00:00,2023,5,4,12015,0.0,HOEP (Legacy)
2023-05-19 04:00:00,2023,5,5,12347,0.0,HOEP (Legacy)
2023-05-19 05:00:00,2023,5,6,13135,0.0,HOEP (Legacy)
2023-05-19 06:00:00,2023,5,7,13910,3.79,HOEP (Legacy)
2023-05-19 07:00:00,2023,5,8,14317,5.87,HOEP (Legacy)
2023-05-19 08:00:00,2023,5,9,14228,5.8,HOEP (Legacy)
2023-05-19 09:00:00,2023,5,10,14245,5.27,HOEP (Legacy)
2023-05-19 10:00:00,2023,5,11,14348,3.97,HOEP (Legacy)
2023-05-19 11:00:00,2023,5,12,14200,1.62,HOEP (Legacy)
2023-05-19 12:00:00,2023,5,13,14178,0.81,HOEP (Legacy)
2023-05-19 13:00:00,2023,5,14,14215,3.42,HOEP (Legacy)
2023-05-19 14:00:00,2023,5,15,14376,2.21,HOEP (Legacy)
2023-05-19 15:00:00,2023,5,16,15021,4.77,HOEP (Legacy)
2023-05-19 16:00:00,2023,5,17,15382,12.3,HOEP (Legacy)
2023-05-19 17:00:00,2023,5,18,15342,14.35,HOEP (Legacy)
2023-05-19 18:00:00,2023,5,19,15363,14.38,HOEP (Legacy)
2023-05-19 19:00:00,2023,5,20,15561,26.19,HOEP (Legacy)
2023-05-19 20:00:00,2023,5,21,15447,14.3,HOEP (Legacy)
2023-05-19 21:00:00,2023,5,22,14465,12.61,HOEP (Legacy)
2023-05-19 22:00:00,2023,5,23,13393,6.64,HOEP (Legacy)
2023-05-19 23:00:00,2023,5,24,12776,5.85,HOEP (Legacy)
2023-05-20 00:00:00,2023,5,1,12419,8.81,HOEP (Legacy)
2023-05-20 01:00:00,2023,5,2,11953,5.58,HOEP (Legacy)
2023-05-20 02:00:00,2023,5,3,11693,5.79,HOEP (Legacy)
2023-05-20 03:00:00,2023,5,4,11611,0.47,HOEP (Legacy)
2023-05-20 04:00:00,2023,5,5,11740,0.0,HOEP (Legacy)
2023-05-20 05:00:00,2023,5,6,11990,2.84,HOEP (Legacy)
2023-05-20 06:00:00,2023,5,7,12524,10.05,HOEP (Legacy)
2023-05-20 07:00:00,2023,5,8,13265,12.33,HOEP (Legacy)
2023-05-20 08:00:00,2023,5,9,13824,17.33,HOEP (Legacy)
2023-05-20 09:00:00,2023,5,10,14479,19.97,HOEP (Legacy)
2023-05-20 10:00:00,2023,5,11,14749,16.39,HOEP (Legacy)
2023-05-20 11:00:00,2023,5,12,14703,14.38,HOEP (Legacy)
2023-05-20 12:00:00,2023,5,13,13907,6.03,HOEP (Legacy)
2023-05-20 13:00:00,2023,5,14,13713,0.41,HOEP (Legacy)
2023-05-20 14:00:00,2023,5,15,13806,6.21,HOEP (Legacy)
2023-05-20 15:00:00,2023,5,16,13952,13.69,HOEP (Legacy)
2023-05-20 16:00:00,2023,5,17,14367,15.16,HOEP (Legacy)
2023-05-20 17:00:00,2023,5,18,14413,19.26,HOEP (Legacy)
2023-05-20 18:00:00,2023,5,19,14316,14.36,HOEP (Legacy)
2023-05-20 19:00:00,2023,5,20,14288,14.36,HOEP (Legacy)
2023-05-20 20:00:00,2023,5,21,14079,11.55,HOEP (Legacy)
2023-05-20 21:00:00,2023,5,22,13398,6.66,HOEP (Legacy)
2023-05-20 22:00:00,2023,5,23,12595,2.29,HOEP (Legacy)
2023-05-20 23:00:00,2023,5,24,11775,0.0,HOEP (Legacy)
2023-05-21 00:00:00,2023,5,1,11364,0.0,HOEP (Legacy)
2023-05-21 01:00:00,2023,5,2,11128,0.0,HOEP (Legacy)
2023-05-21 02:00:00,2023,5,3,10958,-0.01,HOEP (Legacy)
2023-05-21 03:00:00,2023,5,4,10859,0.0,HOEP (Legacy)
2023-05-21 04:00:00,2023,5,5,10903,0.0,HOEP (Legacy)
2023-05-21 05:00:00,2023,5,6,11130,0.0,HOEP (Legacy)
2023-05-21 06:00:00,2023,5,7,11556,0.91,HOEP (Legacy)
2023-05-21 07:00:00,2023,5,8,12054,5.82,HOEP (Legacy)
2023-05-21 08:00:00,2023,5,9,12142,5.41,HOEP (Legacy)
2023-05-21 09:00:00,2023,5,10,12210,5.41,HOEP (Legacy)
2023-05-21 10:00:00,2023,5,11,12289,5.53,HOEP (Legacy)
2023-05-21 11:00:00,2023,5,12,12320,5.91,HOEP (Legacy)
2023-05-21 12:00:00,2023,5,13,12165,6.17,HOEP (Legacy)
2023-05-21 13:00:00,2023,5,14,12294,3.32,HOEP (Legacy)
2023-05-21 14:00:00,2023,5,15,12278,3.5,HOEP (Legacy)
2023-05-21 15:00:00,2023,5,16,13027,10.95,HOEP (Legacy)
2023-05-21 16:00:00,2023,5,17,13784,14.18,HOEP (Legacy)
2023-05-21 17:00:00,2023,5,18,14048,18.64,HOEP (Legacy)
2023-05-21 18:00:00,2023,5,19,14137,14.35,HOEP (Legacy)
2023-05-21 19:00:00,2023,5,20,14106,14.32,HOEP (Legacy)
2023-05-21 20:00:00,2023,5,21,14017,12.99,HOEP (Legacy)
2023-05-21 21:00:00,2023,5,22,13377,10.92,HOEP (Legacy)
2023-05-21 22:00:00,2023,5,23,12586,7.96,HOEP (Legacy)
2023-05-21 23:00:00,2023,5,24,12031,6.6,HOEP (Legacy)
2023-05-22 00:00:00,2023,5,1,11336,5.87,HOEP (Legacy)
2023-05-22 01:00:00,2023,5,2,11068,10.96,HOEP (Legacy)
2023-05-22 02:00:00,2023,5,3,10989,12.33,HOEP (Legacy)
2023-05-22 03:00:00,2023,5,4,11055,6.37,HOEP (Legacy)
2023-05-22 04:00:00,2023,5,5,11096,10.92,HOEP (Legacy)
2023-05-22 05:00:00,2023,5,6,11114,5.61,HOEP (Legacy)
2023-05-22 06:00:00,2023,5,7,11416,5.89,HOEP (Legacy)
2023-05-22 07:00:00,2023,5,8,11718,5.79,HOEP (Legacy)
2023-05-22 08:00:00,2023,5,9,11865,6.82,HOEP (Legacy)
2023-05-22 09:00:00,2023,5,10,11835,5.67,HOEP (Legacy)
2023-05-22 10:00:00,2023,5,11,12131,13.34,HOEP (Legacy)
2023-05-22 11:00:00,2023,5,12,12242,8.54,HOEP (Legacy)
2023-05-22 12:00:00,2023,5,13,12146,6.11,HOEP (Legacy)
2023-05-22 13:00:00,2023,5,14,11949,13.34,HOEP (Legacy)
2023-05-22 14:00:00,2023,5,15,12246,13.61,HOEP (Legacy)
2023-05-22 15:00:00,2023,5,16,12888,12.06,HOEP (Legacy)
2023-05-22 16:00:00,2023,5,17,13799,21.54,HOEP (Legacy)
2023-05-22 17:00:00,2023,5,18,14178,28.14,HOEP (Legacy)
2023-05-22 18:00:00,2023,5,19,14299,28.63,HOEP (Legacy)
2023-05-22 19:00:00,2023,5,20,14401,25.69,HOEP (Legacy)
2023-05-22 20:00:00,2023,5,21,14289,15.45,HOEP (Legacy)
2023-05-22 21:00:00,2023,5,22,13468,9.28,HOEP (Legacy)
2023-05-22 22:00:00,2023,5,23,12646,7.01,HOEP (Legacy)
2023-05-22 23:00:00,2023,5,24,11878,3.48,HOEP (Legacy)
2023-05-23 00:00:00,2023,5,1,11681,5.88,HOEP (Legacy)
2023-05-23 01:00:00,2023,5,2,11356,5.25,HOEP (Legacy)
2023-05-23 02:00:00,2023,5,3,11254,4.54,HOEP (Legacy)
2023-05-23 03:00:00,2023,5,4,11526,1.26,HOEP (Legacy)
2023-05-23 04:00:00,2023,5,5,12047,7.97,HOEP (Legacy)
2023-05-23 05:00:00,2023,5,6,12969,12.89,HOEP (Legacy)
2023-05-23 06:00:00,2023,5,7,13886,11.7,HOEP (Legacy)
2023-05-23 07:00:00,2023,5,8,14273,16.9,HOEP (Legacy)
2023-05-23 08:00:00,2023,5,9,14286,19.67,HOEP (Legacy)
2023-05-23 09:00:00,2023,5,10,14317,27.82,HOEP (Legacy)
2023-05-23 10:00:00,2023,5,11,14307,28.43,HOEP (Legacy)
2023-05-23 11:00:00,2023,5,12,14412,32.12,HOEP (Legacy)
2023-05-23 12:00:00,2023,5,13,14557,24.78,HOEP (Legacy)
2023-05-23 13:00:00,2023,5,14,14653,23.58,HOEP (Legacy)
2023-05-23 14:00:00,2023,5,15,14795,23.98,HOEP (Legacy)
2023-05-23 15:00:00,2023,5,16,15185,30.7,HOEP (Legacy)
2023-05-23 16:00:00,2023,5,17,15760,31.4,HOEP (Legacy)
2023-05-23 17:00:00,2023,5,18,15888,28.69,HOEP (Legacy)
2023-05-23 18:00:00,2023,5,19,15976,28.85,HOEP (Legacy)
2023-05-23 19:00:00,2023,5,20,16107,29.19,HOEP (Legacy)
2023-05-23 20:00:00,2023,5,21,16102,21.7,HOEP (Legacy)
2023-05-23 21:00:00,2023,5,22,14981,29.16,HOEP (Legacy)
2023-05-23 22:00:00,2023,5,23,13740,24.08,HOEP (Legacy)
2023-05-23 23:00:00,2023,5,24,12918,16.88,HOEP (Legacy)
2023-05-24 00:00:00,2023,5,1,12312,20.08,HOEP (Legacy)
2023-05-24 01:00:00,2023,5,2,12041,13.34,HOEP (Legacy)
2023-05-24 02:00:00,2023,5,3,11950,13.57,HOEP (Legacy)
2023-05-24 03:00:00,2023,5,4,12045,13.33,HOEP (Legacy)
2023-05-24 04:00:00,2023,5,5,12458,12.13,HOEP (Legacy)
2023-05-24 05:00:00,2023,5,6,13328,14.3,HOEP (Legacy)
2023-05-24 06:00:00,2023,5,7,14334,31.69,HOEP (Legacy)
2023-05-24 07:00:00,2023,5,8,14899,22.26,HOEP (Legacy)
2023-05-24 08:00:00,2023,5,9,15003,12.37,HOEP (Legacy)
2023-05-24 09:00:00,2023,5,10,14727,5.83,HOEP (Legacy)
2023-05-24 10:00:00,2023,5,11,14741,8.33,HOEP (Legacy)
2023-05-24 11:00:00,2023,5,12,14125,4.21,HOEP (Legacy)
2023-05-24 12:00:00,2023,5,13,13786,2.23,HOEP (Legacy)
2023-05-24 13:00:00,2023,5,14,13534,0.42,HOEP (Legacy)
2023-05-24 14:00:00,2023,5,15,13483,0.0,HOEP (Legacy)
2023-05-24 15:00:00,2023,5,16,13814,2.2,HOEP (Legacy)
2023-05-24 16:00:00,2023,5,17,14389,10.45,HOEP (Legacy)
2023-05-24 17:00:00,2023,5,18,14705,12.45,HOEP (Legacy)
2023-05-24 18:00:00,2023,5,19,14923,15.21,HOEP (Legacy)
2023-05-24 19:00:00,2023,5,20,15251,20.82,HOEP (Legacy)
2023-05-24 20:00:00,2023,5,21,15396,12.29,HOEP (Legacy)
2023-05-24 21:00:00,2023,5,22,14448,11.05,HOEP (Legacy)
2023-05-24 22:00:00,2023,5,23,13280,9.02,HOEP (Legacy)
2023-05-24 23:00:00,2023,5,24,12585,12.13,HOEP (Legacy)
2023-05-25 00:00:00,2023,5,1,12263,14.34,HOEP (Legacy)
2023-05-25 01:00:00,2023,5,2,12041,13.66,HOEP (Legacy)
2023-05-25 02:00:00,2023,5,3,12078,13.61,HOEP (Legacy)
2023-05-25 03:00:00,2023,5,4,12238,0.0,HOEP (Legacy)
2023-05-25 04:00:00,2023,5,5,12420,10.85,HOEP (Legacy)
2023-05-25 05:00:00,2023,5,6,13365,20.52,HOEP (Legacy)
2023-05-25 06:00:00,2023,5,7,14444,33.34,HOEP (Legacy)
2023-05-25 07:00:00,2023,5,8,14509,35.02,HOEP (Legacy)
2023-05-25 08:00:00,2023,5,9,13966,28.42,HOEP (Legacy)
2023-05-25 09:00:00,2023,5,10,13652,28.68,HOEP (Legacy)
2023-05-25 10:00:00,2023,5,11,13576,26.84,HOEP (Legacy)
2023-05-25 11:00:00,2023,5,12,13584,24.53,HOEP (Legacy)
2023-05-25 12:00:00,2023,5,13,13506,16.77,HOEP (Legacy)
2023-05-25 13:00:00,2023,5,14,13447,14.06,HOEP (Legacy)
2023-05-25 14:00:00,2023,5,15,13526,12.21,HOEP (Legacy)
2023-05-25 15:00:00,2023,5,16,13859,21.93,HOEP (Legacy)
2023-05-25 16:00:00,2023,5,17,14481,23.3,HOEP (Legacy)
2023-05-25 17:00:00,2023,5,18,14885,28.23,HOEP (Legacy)
2023-05-25 18:00:00,2023,5,19,15281,18.86,HOEP (Legacy)
2023-05-25 19:00:00,2023,5,20,15416,27.82,HOEP (Legacy)
2023-05-25 20:00:00,2023,5,21,15390,28.83,HOEP (Legacy)
2023-05-25 21:00:00,2023,5,22,14662,28.61,HOEP (Legacy)
2023-05-25 22:00:00,2023,5,23,13618,16.74,HOEP (Legacy)
2023-05-25 23:00:00,2023,5,24,12728,16.58,HOEP (Legacy)
2023-05-26 00:00:00,2023,5,1,12359,17.97,HOEP (Legacy)
2023-05-26 01:00:00,2023,5,2,12137,21.54,HOEP (Legacy)
2023-05-26 02:00:00,2023,5,3,12022,20.72,HOEP (Legacy)
2023-05-26 03:00:00,2023,5,4,12059,25.35,HOEP (Legacy)
2023-05-26 04:00:00,2023,5,5,12576,15.04,HOEP (Legacy)
2023-05-26 05:00:00,2023,5,6,13409,16.24,HOEP (Legacy)
2023-05-26 06:00:00,2023,5,7,14311,30.97,HOEP (Legacy)
2023-05-26 07:00:00,2023,5,8,14434,27.69,HOEP (Legacy)
2023-05-26 08:00:00,2023,5,9,14119,25.38,HOEP (Legacy)
2023-05-26 09:00:00,2023,5,10,14004,24.21,HOEP (Legacy)
2023-05-26 10:00:00,2023,5,11,13989,28.75,HOEP (Legacy)
2023-05-26 11:00:00,2023,5,12,14032,26.23,HOEP (Legacy)
2023-05-26 12:00:00,2023,5,13,13985,22.56,HOEP (Legacy)
2023-05-26 13:00:00,2023,5,14,13901,20.76,HOEP (Legacy)
2023-05-26 14:00:00,2023,5,15,13861,22.19,HOEP (Legacy)
2023-05-26 15:00:00,2023,5,16,14354,25.71,HOEP (Legacy)
2023-05-26 16:00:00,2023,5,17,14813,28.25,HOEP (Legacy)
2023-05-26 17:00:00,2023,5,18,15181,33.55,HOEP (Legacy)
2023-05-26 18:00:00,2023,5,19,15481,27.15,HOEP (Legacy)
2023-05-26 19:00:00,2023,5,20,15425,28.33,HOEP (Legacy)
2023-05-26 20:00:00,2023,5,21,15193,26.01,HOEP (Legacy)
2023-05-26 21:00:00,2023,5,22,14422,27.91,HOEP (Legacy)
2023-05-26 22:00:00,2023,5,23,13430,22.44,HOEP (Legacy)
2023-05-26 23:00:00,2023,5,24,12602,19.11,HOEP (Legacy)
2023-05-27 00:00:00,2023,5,1,11990,11.72,HOEP (Legacy)
2023-05-27 01:00:00,2023,5,2,11550,12.71,HOEP (Legacy)
2023-05-27 02:00:00,2023,5,3,11442,13.32,HOEP (Legacy)
2023-05-27 03:00:00,2023,5,4,11478,21.56,HOEP (Legacy)
2023-05-27 04:00:00,2023,5,5,11605,27.06,HOEP (Legacy)
2023-05-27 05:00:00,2023,5,6,11799,22.24,HOEP (Legacy)
2023-05-27 06:00:00,2023,5,7,12263,19.46,HOEP (Legacy)
2023-05-27 07:00:00,2023,5,8,12742,22.47,HOEP (Legacy)
2023-05-27 08:00:00,2023,5,9,13015,17.72,HOEP (Legacy)
2023-05-27 09:00:00,2023,5,10,13089,14.41,HOEP (Legacy)
2023-05-27 10:00:00,2023,5,11,13229,16.99,HOEP (Legacy)
2023-05-27 11:00:00,2023,5,12,13401,16.34,HOEP (Legacy)
2023-05-27 12:00:00,2023,5,13,13361,13.37,HOEP (Legacy)
2023-05-27 13:00:00,2023,5,14,13412,18.92,HOEP (Legacy)
2023-05-27 14:00:00,2023,5,15,13410,19.44,HOEP (Legacy)
2023-05-27 15:00:00,2023,5,16,13877,25.72,HOEP (Legacy)
2023-05-27 16:00:00,2023,5,17,14794,35.05,HOEP (Legacy)
2023-05-27 17:00:00,2023,5,18,15294,38.78,HOEP (Legacy)
2023-05-27 18:00:00,2023,5,19,15114,24.38,HOEP (Legacy)
2023-05-27 19:00:00,2023,5,20,14843,24.51,HOEP (Legacy)
2023-05-27 20:00:00,2023,5,21,14814,26.62,HOEP (Legacy)
2023-05-27 21:00:00,2023,5,22,14091,28.04,HOEP (Legacy)
2023-05-27 22:00:00,2023,5,23,13163,18.19,HOEP (Legacy)
2023-05-27 23:00:00,2023,5,24,12358,17.41,HOEP (Legacy)
2023-05-28 00:00:00,2023,5,1,11785,15.7,HOEP (Legacy)
2023-05-28 01:00:00,2023,5,2,11406,14.32,HOEP (Legacy)
2023-05-28 02:00:00,2023,5,3,11305,14.31,HOEP (Legacy)
2023-05-28 03:00:00,2023,5,4,11387,14.33,HOEP (Legacy)
2023-05-28 04:00:00,2023,5,5,11194,14.36,HOEP (Legacy)
2023-05-28 05:00:00,2023,5,6,11256,9.81,HOEP (Legacy)
2023-05-28 06:00:00,2023,5,7,11785,10.93,HOEP (Legacy)
2023-05-28 07:00:00,2023,5,8,12124,15.81,HOEP (Legacy)
2023-05-28 08:00:00,2023,5,9,12707,16.45,HOEP (Legacy)
2023-05-28 09:00:00,2023,5,10,13088,14.36,HOEP (Legacy)
2023-05-28 10:00:00,2023,5,11,13359,14.41,HOEP (Legacy)
2023-05-28 11:00:00,2023,5,12,13745,14.4,HOEP (Legacy)
2023-05-28 12:00:00,2023,5,13,13971,20.19,HOEP (Legacy)
2023-05-28 13:00:00,2023,5,14,14085,22.02,HOEP (Legacy)
2023-05-28 14:00:00,2023,5,15,14423,24.91,HOEP (Legacy)
2023-05-28 15:00:00,2023,5,16,15095,25.72,HOEP (Legacy)
2023-05-28 16:00:00,2023,5,17,15963,27.92,HOEP (Legacy)
2023-05-28 17:00:00,2023,5,18,16407,28.03,HOEP (Legacy)
2023-05-28 18:00:00,2023,5,19,16547,26.66,HOEP (Legacy)
2023-05-28 19:00:00,2023,5,20,16316,27.64,HOEP (Legacy)
2023-05-28 20:00:00,2023,5,21,15980,27.42,HOEP (Legacy)
2023-05-28 21:00:00,2023,5,22,15193,26.41,HOEP (Legacy)
2023-05-28 22:00:00,2023,5,23,14024,24.14,HOEP (Legacy)
2023-05-28 23:00:00,2023,5,24,12958,22.39,HOEP (Legacy)
2023-05-29 00:00:00,2023,5,1,12244,12.21,HOEP (Legacy)
2023-05-29 01:00:00,2023,5,2,11967,12.34,HOEP (Legacy)
2023-05-29 02:00:00,2023,5,3,11741,9.12,HOEP (Legacy)
2023-05-29 03:00:00,2023,5,4,11707,4.07,HOEP (Legacy)
2023-05-29 04:00:00,2023,5,5,11951,0.0,HOEP (Legacy)
2023-05-29 05:00:00,2023,5,6,12874,3.52,HOEP (Legacy)
2023-05-29 06:00:00,2023,5,7,14121,14.96,HOEP (Legacy)
2023-05-29 07:00:00,2023,5,8,15035,253.78,HOEP (Legacy)
2023-05-29 08:00:00,2023,5,9,15063,24.77,HOEP (Legacy)
2023-05-29 09:00:00,2023,5,10,15192,24.5,HOEP (Legacy)
2023-05-29 10:00:00,2023,5,11,15399,24.59,HOEP (Legacy)
2023-05-29 11:00:00,2023,5,12,15714,25.98,HOEP (Legacy)
2023-05-29 12:00:00,2023,5,13,16039,25.27,HOEP (Legacy)
2023-05-29 13:00:00,2023,5,14,16204,26.52,HOEP (Legacy)
2023-05-29 14:00:00,2023,5,15,16527,27.19,HOEP (Legacy)
2023-05-29 15:00:00,2023,5,16,17278,27.75,HOEP (Legacy)
2023-05-29 16:00:00,2023,5,17,18010,29.18,HOEP (Legacy)
2023-05-29 17:00:00,2023,5,18,18244,30.64,HOEP (Legacy)
2023-05-29 18:00:00,2023,5,19,18165,32.22,HOEP (Legacy)
2023-05-29 19:00:00,2023,5,20,17792,28.25,HOEP (Legacy)
2023-05-29 20:00:00,2023,5,21,17086,29.29,HOEP (Legacy)
2023-05-29 21:00:00,2023,5,22,16012,28.94,HOEP (Legacy)
2023-05-29 22:00:00,2023,5,23,14465,19.31,HOEP (Legacy)
2023-05-29 23:00:00,2023,5,24,13312,7.1,HOEP (Legacy)
2023-05-30 00:00:00,2023,5,1,12670,5.14,HOEP (Legacy)
2023-05-30 01:00:00,2023,5,2,12211,3.51,HOEP (Legacy)
2023-05-30 02:00:00,2023,5,3,11942,0.0,HOEP (Legacy)
2023-05-30 03:00:00,2023,5,4,12124,1.51,HOEP (Legacy)
2023-05-30 04:00:00,2023,5,5,12543,4.58,HOEP (Legacy)
2023-05-30 05:00:00,2023,5,6,13295,3.18,HOEP (Legacy)
2023-05-30 06:00:00,2023,5,7,14538,13.83,HOEP (Legacy)
2023-05-30 07:00:00,2023,5,8,15020,19.0,HOEP (Legacy)
2023-05-30 08:00:00,2023,5,9,15247,19.38,HOEP (Legacy)
2023-05-30 09:00:00,2023,5,10,15621,24.44,HOEP (Legacy)
2023-05-30 10:00:00,2023,5,11,15957,24.58,HOEP (Legacy)
2023-05-30 11:00:00,2023,5,12,16344,25.15,HOEP (Legacy)
2023-05-30 12:00:00,2023,5,13,16765,30.37,HOEP (Legacy)
2023-05-30 13:00:00,2023,5,14,17157,27.67,HOEP (Legacy)
2023-05-30 14:00:00,2023,5,15,17620,29.19,HOEP (Legacy)
2023-05-30 15:00:00,2023,5,16,18399,33.68,HOEP (Legacy)
2023-05-30 16:00:00,2023,5,17,19108,54.83,HOEP (Legacy)
2023-05-30 17:00:00,2023,5,18,19402,61.6,HOEP (Legacy)
2023-05-30 18:00:00,2023,5,19,19345,37.93,HOEP (Legacy)
2023-05-30 19:00:00,2023,5,20,18908,31.1,HOEP (Legacy)
2023-05-30 20:00:00,2023,5,21,18222,31.24,HOEP (Legacy)
2023-05-30 21:00:00,2023,5,22,16879,26.61,HOEP (Legacy)
2023-05-30 22:00:00,2023,5,23,15236,23.24,HOEP (Legacy)
2023-05-30 23:00:00,2023,5,24,14249,23.18,HOEP (Legacy)
2023-05-31 00:00:00,2023,5,1,13595,22.44,HOEP (Legacy)
2023-05-31 01:00:00,2023,5,2,12938,18.18,HOEP (Legacy)
2023-05-31 02:00:00,2023,5,3,12573,10.81,HOEP (Legacy)
2023-05-31 03:00:00,2023,5,4,12524,6.54,HOEP (Legacy)
2023-05-31 04:00:00,2023,5,5,12794,0.0,HOEP (Legacy)
2023-05-31 05:00:00,2023,5,6,13573,9.08,HOEP (Legacy)
2023-05-31 06:00:00,2023,5,7,14844,21.75,HOEP (Legacy)
2023-05-31 07:00:00,2023,5,8,15808,24.85,HOEP (Legacy)
2023-05-31 08:00:00,2023,5,9,16335,26.89,HOEP (Legacy)
2023-05-31 09:00:00,2023,5,10,16854,30.31,HOEP (Legacy)
2023-05-31 10:00:00,2023,5,11,17427,33.99,HOEP (Legacy)
2023-05-31 11:00:00,2023,5,12,17820,34.75,HOEP (Legacy)
2023-05-31 12:00:00,2023,5,13,18398,38.62,HOEP (Legacy)
2023-05-31 13:00:00,2023,5,14,18927,41.73,HOEP (Legacy)
2023-05-31 14:00:00,2023,5,15,19559,43.22,HOEP (Legacy)
2023-05-31 15:00:00,2023,5,16,20261,54.51,HOEP (Legacy)
2023-05-31 16:00:00,2023,5,17,20787,56.08,HOEP (Legacy)
2023-05-31 17:00:00,2023,5,18,20620,46.18,HOEP (Legacy)
2023-05-31 18:00:00,2023,5,19,20693,48.48,HOEP (Legacy)
2023-05-31 19:00:00,2023,5,20,20394,58.22,HOEP (Legacy)
2023-05-31 20:00:00,2023,5,21,20099,39.57,HOEP (Legacy)
2023-05-31 21:00:00,2023,5,22,18819,45.0,HOEP (Legacy)
2023-05-31 22:00:00,2023,5,23,16858,35.16,HOEP (Legacy)
2023-05-31 23:00:00,2023,5,24,15499,29.51,HOEP (Legacy)
2023-06-01 00:00:00,2023,6,1,14631,26.06,HOEP (Legacy)
2023-06-01 01:00:00,2023,6,2,14115,25.77,HOEP (Legacy)
2023-06-01 02:00:00,2023,6,3,13683,23.6,HOEP (Legacy)
2023-06-01 03:00:00,2023,6,4,13548,20.29,HOEP (Legacy)
2023-06-01 04:00:00,2023,6,5,13670,20.18,HOEP (Legacy)
2023-06-01 05:00:00,2023,6,6,14330,21.62,HOEP (Legacy)
2023-06-01 06:00:00,2023,6,7,15721,24.75,HOEP (Legacy)
2023-06-01 07:00:00,2023,6,8,16902,25.93,HOEP (Legacy)
2023-06-01 08:00:00,2023,6,9,17708,30.54,HOEP (Legacy)
2023-06-01 09:00:00,2023,6,10,18395,36.73,HOEP (Legacy)
2023-06-01 10:00:00,2023,6,11,19131,39.38,HOEP (Legacy)
2023-06-01 11:00:00,2023,6,12,19435,44.68,HOEP (Legacy)
2023-06-01 12:00:00,2023,6,13,19953,41.91,HOEP (Legacy)
2023-06-01 13:00:00,2023,6,14,20355,114.08,HOEP (Legacy)
2023-06-01 14:00:00,2023,6,15,20649,36.07,HOEP (Legacy)
2023-06-01 15:00:00,2023,6,16,20872,93.22,HOEP (Legacy)
2023-06-01 16:00:00,2023,6,17,21088,38.89,HOEP (Legacy)
2023-06-01 17:00:00,2023,6,18,20896,30.54,HOEP (Legacy)
2023-06-01 18:00:00,2023,6,19,20831,34.09,HOEP (Legacy)
2023-06-01 19:00:00,2023,6,20,20634,32.79,HOEP (Legacy)
2023-06-01 20:00:00,2023,6,21,20577,56.86,HOEP (Legacy)
2023-06-01 21:00:00,2023,6,22,19230,37.63,HOEP (Legacy)
2023-06-01 22:00:00,2023,6,23,17544,27.46,HOEP (Legacy)
2023-06-01 23:00:00,2023,6,24,15896,26.98,HOEP (Legacy)
2023-06-02 00:00:00,2023,6,1,15030,30.34,HOEP (Legacy)
2023-06-02 01:00:00,2023,6,2,14517,28.38,HOEP (Legacy)
2023-06-02 02:00:00,2023,6,3,13985,24.03,HOEP (Legacy)
2023-06-02 03:00:00,2023,6,4,13670,22.65,HOEP (Legacy)
2023-06-02 04:00:00,2023,6,5,13832,23.71,HOEP (Legacy)
2023-06-02 05:00:00,2023,6,6,14752,26.77,HOEP (Legacy)
2023-06-02 06:00:00,2023,6,7,16136,26.57,HOEP (Legacy)
2023-06-02 07:00:00,2023,6,8,17326,28.2,HOEP (Legacy)
2023-06-02 08:00:00,2023,6,9,18280,32.53,HOEP (Legacy)
2023-06-02 09:00:00,2023,6,10,19271,39.24,HOEP (Legacy)
2023-06-02 10:00:00,2023,6,11,19739,38.66,HOEP (Legacy)
2023-06-02 11:00:00,2023,6,12,20171,41.49,HOEP (Legacy)
2023-06-02 12:00:00,2023,6,13,20676,37.83,HOEP (Legacy)
2023-06-02 13:00:00,2023,6,14,20692,37.92,HOEP (Legacy)
2023-06-02 14:00:00,2023,6,15,20971,42.71,HOEP (Legacy)
2023-06-02 15:00:00,2023,6,16,21245,57.87,HOEP (Legacy)
2023-06-02 16:00:00,2023,6,17,21463,36.91,HOEP (Legacy)
2023-06-02 17:00:00,2023,6,18,21211,31.92,HOEP (Legacy)
2023-06-02 18:00:00,2023,6,19,20674,31.87,HOEP (Legacy)
2023-06-02 19:00:00,2023,6,20,20318,30.47,HOEP (Legacy)
2023-06-02 20:00:00,2023,6,21,19979,35.82,HOEP (Legacy)
2023-06-02 21:00:00,2023,6,22,18760,32.21,HOEP (Legacy)
2023-06-02 22:00:00,2023,6,23,17178,29.94,HOEP (Legacy)
2023-06-02 23:00:00,2023,6,24,15814,24.12,HOEP (Legacy)
2023-06-03 00:00:00,2023,6,1,14856,23.76,HOEP (Legacy)
2023-06-03 01:00:00,2023,6,2,14126,23.97,HOEP (Legacy)
2023-06-03 02:00:00,2023,6,3,13573,25.01,HOEP (Legacy)
2023-06-03 03:00:00,2023,6,4,13289,19.94,HOEP (Legacy)
2023-06-03 04:00:00,2023,6,5,13167,13.36,HOEP (Legacy)
2023-06-03 05:00:00,2023,6,6,13244,3.85,HOEP (Legacy)
2023-06-03 06:00:00,2023,6,7,13942,10.43,HOEP (Legacy)
2023-06-03 07:00:00,2023,6,8,14818,22.4,HOEP (Legacy)
2023-06-03 08:00:00,2023,6,9,15373,28.51,HOEP (Legacy)
2023-06-03 09:00:00,2023,6,10,15749,28.76,HOEP (Legacy)
2023-06-03 10:00:00,2023,6,11,15883,28.86,HOEP (Legacy)
2023-06-03 11:00:00,2023,6,12,15904,28.76,HOEP (Legacy)
2023-06-03 12:00:00,2023,6,13,15906,28.74,HOEP (Legacy)
2023-06-03 13:00:00,2023,6,14,15798,28.65,HOEP (Legacy)
2023-06-03 14:00:00,2023,6,15,15804,25.59,HOEP (Legacy)
2023-06-03 15:00:00,2023,6,16,16260,27.56,HOEP (Legacy)
2023-06-03 16:00:00,2023,6,17,16790,27.99,HOEP (Legacy)
2023-06-03 17:00:00,2023,6,18,17019,28.76,HOEP (Legacy)
2023-06-03 18:00:00,2023,6,19,16793,25.52,HOEP (Legacy)
2023-06-03 19:00:00,2023,6,20,16277,25.2,HOEP (Legacy)
2023-06-03 20:00:00,2023,6,21,15846,24.36,HOEP (Legacy)
2023-06-03 21:00:00,2023,6,22,15027,24.42,HOEP (Legacy)
2023-06-03 22:00:00,2023,6,23,14021,20.52,HOEP (Legacy)
2023-06-03 23:00:00,2023,6,24,13048,17.84,HOEP (Legacy)
2023-06-04 00:00:00,2023,6,1,12393,14.36,HOEP (Legacy)
2023-06-04 01:00:00,2023,6,2,12018,9.37,HOEP (Legacy)
2023-06-04 02:00:00,2023,6,3,11821,13.83,HOEP (Legacy)
2023-06-04 03:00:00,2023,6,4,11757,14.32,HOEP (Legacy)
2023-06-04 04:00:00,2023,6,5,11590,14.33,HOEP (Legacy)
2023-06-04 05:00:00,2023,6,6,11438,0.82,HOEP (Legacy)
2023-06-04 06:00:00,2023,6,7,11833,17.46,HOEP (Legacy)
2023-06-04 07:00:00,2023,6,8,12443,13.45,HOEP (Legacy)
2023-06-04 08:00:00,2023,6,9,12735,9.26,HOEP (Legacy)
2023-06-04 09:00:00,2023,6,10,13038,9.78,HOEP (Legacy)
2023-06-04 10:00:00,2023,6,11,13201,4.15,HOEP (Legacy)
2023-06-04 11:00:00,2023,6,12,13376,8.05,HOEP (Legacy)
2023-06-04 12:00:00,2023,6,13,13537,8.52,HOEP (Legacy)
2023-06-04 13:00:00,2023,6,14,13833,17.98,HOEP (Legacy)
2023-06-04 14:00:00,2023,6,15,14282,24.22,HOEP (Legacy)
2023-06-04 15:00:00,2023,6,16,15014,26.54,HOEP (Legacy)
2023-06-04 16:00:00,2023,6,17,15818,24.05,HOEP (Legacy)
2023-06-04 17:00:00,2023,6,18,16168,24.33,HOEP (Legacy)
2023-06-04 18:00:00,2023,6,19,16183,26.71,HOEP (Legacy)
2023-06-04 19:00:00,2023,6,20,15940,28.19,HOEP (Legacy)
2023-06-04 20:00:00,2023,6,21,15729,25.23,HOEP (Legacy)
2023-06-04 21:00:00,2023,6,22,14652,25.6,HOEP (Legacy)
2023-06-04 22:00:00,2023,6,23,13756,25.46,HOEP (Legacy)
2023-06-04 23:00:00,2023,6,24,12864,23.97,HOEP (Legacy)
2023-06-05 00:00:00,2023,6,1,12367,30.77,HOEP (Legacy)
2023-06-05 01:00:00,2023,6,2,12015,21.03,HOEP (Legacy)
2023-06-05 02:00:00,2023,6,3,11986,17.47,HOEP (Legacy)
2023-06-05 03:00:00,2023,6,4,12097,13.35,HOEP (Legacy)
2023-06-05 04:00:00,2023,6,5,12407,14.36,HOEP (Legacy)
2023-06-05 05:00:00,2023,6,6,13276,25.38,HOEP (Legacy)
2023-06-05 06:00:00,2023,6,7,14383,28.69,HOEP (Legacy)
2023-06-05 07:00:00,2023,6,8,15013,32.5,HOEP (Legacy)
2023-06-05 08:00:00,2023,6,9,15307,34.17,HOEP (Legacy)
2023-06-05 09:00:00,2023,6,10,15447,37.9,HOEP (Legacy)
2023-06-05 10:00:00,2023,6,11,15689,35.02,HOEP (Legacy)
2023-06-05 11:00:00,2023,6,12,15956,35.38,HOEP (Legacy)
2023-06-05 12:00:00,2023,6,13,16034,33.81,HOEP (Legacy)
2023-06-05 13:00:00,2023,6,14,16270,37.66,HOEP (Legacy)
2023-06-05 14:00:00,2023,6,15,16627,41.82,HOEP (Legacy)
2023-06-05 15:00:00,2023,6,16,17093,41.84,HOEP (Legacy)
2023-06-05 16:00:00,2023,6,17,17675,40.19,HOEP (Legacy)
2023-06-05 17:00:00,2023,6,18,17801,35.78,HOEP (Legacy)
2023-06-05 18:00:00,2023,6,19,17577,36.1,HOEP (Legacy)
2023-06-05 19:00:00,2023,6,20,17411,32.37,HOEP (Legacy)
2023-06-05 20:00:00,2023,6,21,17220,32.46,HOEP (Legacy)
2023-06-05 21:00:00,2023,6,22,16091,32.76,HOEP (Legacy)
2023-06-05 22:00:00,2023,6,23,14533,27.92,HOEP (Legacy)
2023-06-05 23:00:00,2023,6,24,13528,26.37,HOEP (Legacy)
2023-06-06 00:00:00,2023,6,1,12827,28.83,HOEP (Legacy)
2023-06-06 01:00:00,2023,6,2,12452,16.83,HOEP (Legacy)
2023-06-06 02:00:00,2023,6,3,12283,14.81,HOEP (Legacy)
2023-06-06 03:00:00,2023,6,4,12160,13.32,HOEP (Legacy)
2023-06-06 04:00:00,2023,6,5,12471,13.31,HOEP (Legacy)
2023-06-06 05:00:00,2023,6,6,13314,28.95,HOEP (Legacy)
2023-06-06 06:00:00,2023,6,7,14683,32.02,HOEP (Legacy)
2023-06-06 07:00:00,2023,6,8,15485,32.25,HOEP (Legacy)
2023-06-06 08:00:00,2023,6,9,15751,33.91,HOEP (Legacy)
2023-06-06 09:00:00,2023,6,10,15755,34.09,HOEP (Legacy)
2023-06-06 10:00:00,2023,6,11,15156,22.15,HOEP (Legacy)
2023-06-06 11:00:00,2023,6,12,15225,24.13,HOEP (Legacy)
2023-06-06 12:00:00,2023,6,13,15379,22.69,HOEP (Legacy)
2023-06-06 13:00:00,2023,6,14,15548,24.49,HOEP (Legacy)
2023-06-06 14:00:00,2023,6,15,15907,23.09,HOEP (Legacy)
2023-06-06 15:00:00,2023,6,16,16571,26.88,HOEP (Legacy)
2023-06-06 16:00:00,2023,6,17,17178,28.36,HOEP (Legacy)
2023-06-06 17:00:00,2023,6,18,17161,28.58,HOEP (Legacy)
2023-06-06 18:00:00,2023,6,19,16974,28.74,HOEP (Legacy)
2023-06-06 19:00:00,2023,6,20,16652,29.08,HOEP (Legacy)
2023-06-06 20:00:00,2023,6,21,16465,25.89,HOEP (Legacy)
2023-06-06 21:00:00,2023,6,22,15344,24.65,HOEP (Legacy)
2023-06-06 22:00:00,2023,6,23,13991,22.68,HOEP (Legacy)
2023-06-06 23:00:00,2023,6,24,13133,13.39,HOEP (Legacy)
2023-06-07 00:00:00,2023,6,1,12487,14.34,HOEP (Legacy)
2023-06-07 01:00:00,2023,6,2,12231,13.35,HOEP (Legacy)
2023-06-07 02:00:00,2023,6,3,11968,14.12,HOEP (Legacy)
2023-06-07 03:00:00,2023,6,4,12043,15.41,HOEP (Legacy)
2023-06-07 04:00:00,2023,6,5,12337,10.43,HOEP (Legacy)
2023-06-07 05:00:00,2023,6,6,13186,21.03,HOEP (Legacy)
2023-06-07 06:00:00,2023,6,7,14241,24.37,HOEP (Legacy)
2023-06-07 07:00:00,2023,6,8,14783,23.97,HOEP (Legacy)
2023-06-07 08:00:00,2023,6,9,14677,23.97,HOEP (Legacy)
2023-06-07 09:00:00,2023,6,10,14676,24.13,HOEP (Legacy)
2023-06-07 10:00:00,2023,6,11,14281,21.08,HOEP (Legacy)
2023-06-07 11:00:00,2023,6,12,14353,13.49,HOEP (Legacy)
2023-06-07 12:00:00,2023,6,13,14649,13.33,HOEP (Legacy)
2023-06-07 13:00:00,2023,6,14,14882,13.45,HOEP (Legacy)
2023-06-07 14:00:00,2023,6,15,15191,14.01,HOEP (Legacy)
2023-06-07 15:00:00,2023,6,16,15876,19.83,HOEP (Legacy)
2023-06-07 16:00:00,2023,6,17,16257,23.13,HOEP (Legacy)
2023-06-07 17:00:00,2023,6,18,16167,23.97,HOEP (Legacy)
2023-06-07 18:00:00,2023,6,19,16071,24.61,HOEP (Legacy)
2023-06-07 19:00:00,2023,6,20,16090,25.63,HOEP (Legacy)
2023-06-07 20:00:00,2023,6,21,16094,31.54,HOEP (Legacy)
2023-06-07 21:00:00,2023,6,22,15153,28.09,HOEP (Legacy)
2023-06-07 22:00:00,2023,6,23,13870,24.36,HOEP (Legacy)
2023-06-07 23:00:00,2023,6,24,12923,23.97,HOEP (Legacy)
2023-06-08 00:00:00,2023,6,1,12464,23.18,HOEP (Legacy)
2023-06-08 01:00:00,2023,6,2,12255,23.72,HOEP (Legacy)
2023-06-08 02:00:00,2023,6,3,12202,18.3,HOEP (Legacy)
2023-06-08 03:00:00,2023,6,4,12317,18.19,HOEP (Legacy)
2023-06-08 04:00:00,2023,6,5,12496,13.37,HOEP (Legacy)
2023-06-08 05:00:00,2023,6,6,13381,23.67,HOEP (Legacy)
2023-06-08 06:00:00,2023,6,7,14559,26.8,HOEP (Legacy)
2023-06-08 07:00:00,2023,6,8,15170,25.1,HOEP (Legacy)
2023-06-08 08:00:00,2023,6,9,15256,28.71,HOEP (Legacy)
2023-06-08 09:00:00,2023,6,10,15423,28.65,HOEP (Legacy)
2023-06-08 10:00:00,2023,6,11,15513,29.2,HOEP (Legacy)
2023-06-08 11:00:00,2023,6,12,15570,29.24,HOEP (Legacy)
2023-06-08 12:00:00,2023,6,13,15364,28.35,HOEP (Legacy)
2023-06-08 13:00:00,2023,6,14,15399,27.35,HOEP (Legacy)
2023-06-08 14:00:00,2023,6,15,15368,24.84,HOEP (Legacy)
2023-06-08 15:00:00,2023,6,16,15748,26.03,HOEP (Legacy)
2023-06-08 16:00:00,2023,6,17,15962,29.17,HOEP (Legacy)
2023-06-08 17:00:00,2023,6,18,15790,29.22,HOEP (Legacy)
2023-06-08 18:00:00,2023,6,19,15803,27.95,HOEP (Legacy)
2023-06-08 19:00:00,2023,6,20,15894,26.76,HOEP (Legacy)
2023-06-08 20:00:00,2023,6,21,15774,29.0,HOEP (Legacy)
2023-06-08 21:00:00,2023,6,22,14932,27.01,HOEP (Legacy)
2023-06-08 22:00:00,2023,6,23,13824,25.25,HOEP (Legacy)
2023-06-08 23:00:00,2023,6,24,12971,25.0,HOEP (Legacy)
2023-06-09 00:00:00,2023,6,1,12381,13.35,HOEP (Legacy)
2023-06-09 01:00:00,2023,6,2,12186,13.32,HOEP (Legacy)
2023-06-09 02:00:00,2023,6,3,12107,7.89,HOEP (Legacy)
2023-06-09 03:00:00,2023,6,4,12132,13.34,HOEP (Legacy)
2023-06-09 04:00:00,2023,6,5,12299,12.73,HOEP (Legacy)
2023-06-09 05:00:00,2023,6,6,13051,21.36,HOEP (Legacy)
2023-06-09 06:00:00,2023,6,7,14202,29.07,HOEP (Legacy)
2023-06-09 07:00:00,2023,6,8,15013,34.0,HOEP (Legacy)
2023-06-09 08:00:00,2023,6,9,15182,32.28,HOEP (Legacy)
2023-06-09 09:00:00,2023,6,10,15218,29.06,HOEP (Legacy)
2023-06-09 10:00:00,2023,6,11,15309,29.0,HOEP (Legacy)
2023-06-09 11:00:00,2023,6,12,15210,28.88,HOEP (Legacy)
2023-06-09 12:00:00,2023,6,13,15001,28.99,HOEP (Legacy)
2023-06-09 13:00:00,2023,6,14,14896,29.03,HOEP (Legacy)
2023-06-09 14:00:00,2023,6,15,14976,28.84,HOEP (Legacy)
2023-06-09 15:00:00,2023,6,16,15283,28.83,HOEP (Legacy)
2023-06-09 16:00:00,2023,6,17,15520,28.81,HOEP (Legacy)
2023-06-09 17:00:00,2023,6,18,15534,28.01,HOEP (Legacy)
2023-06-09 18:00:00,2023,6,19,15463,29.01,HOEP (Legacy)
2023-06-09 19:00:00,2023,6,20,15698,29.06,HOEP (Legacy)
2023-06-09 20:00:00,2023,6,21,15640,29.58,HOEP (Legacy)
2023-06-09 21:00:00,2023,6,22,14961,28.74,HOEP (Legacy)
2023-06-09 22:00:00,2023,6,23,13670,26.25,HOEP (Legacy)
2023-06-09 23:00:00,2023,6,24,12700,24.77,HOEP (Legacy)
2023-06-10 00:00:00,2023,6,1,12193,31.66,HOEP (Legacy)
2023-06-10 01:00:00,2023,6,2,11956,20.3,HOEP (Legacy)
2023-06-10 02:00:00,2023,6,3,11778,17.02,HOEP (Legacy)
2023-06-10 03:00:00,2023,6,4,11553,14.33,HOEP (Legacy)
2023-06-10 04:00:00,2023,6,5,11536,9.68,HOEP (Legacy)
2023-06-10 05:00:00,2023,6,6,11814,15.52,HOEP (Legacy)
2023-06-10 06:00:00,2023,6,7,12329,21.64,HOEP (Legacy)
2023-06-10 07:00:00,2023,6,8,12985,26.78,HOEP (Legacy)
2023-06-10 08:00:00,2023,6,9,13540,26.46,HOEP (Legacy)
2023-06-10 09:00:00,2023,6,10,14080,24.01,HOEP (Legacy)
2023-06-10 10:00:00,2023,6,11,14334,24.47,HOEP (Legacy)
2023-06-10 11:00:00,2023,6,12,14604,24.12,HOEP (Legacy)
2023-06-10 12:00:00,2023,6,13,14549,23.65,HOEP (Legacy)
2023-06-10 13:00:00,2023,6,14,14586,23.78,HOEP (Legacy)
2023-06-10 14:00:00,2023,6,15,14714,23.84,HOEP (Legacy)
2023-06-10 15:00:00,2023,6,16,15255,25.35,HOEP (Legacy)
2023-06-10 16:00:00,2023,6,17,15917,26.36,HOEP (Legacy)
2023-06-10 17:00:00,2023,6,18,16177,26.83,HOEP (Legacy)
2023-06-10 18:00:00,2023,6,19,16198,25.2,HOEP (Legacy)
2023-06-10 19:00:00,2023,6,20,15680,25.19,HOEP (Legacy)
2023-06-10 20:00:00,2023,6,21,15536,27.22,HOEP (Legacy)
2023-06-10 21:00:00,2023,6,22,14953,29.12,HOEP (Legacy)
2023-06-10 22:00:00,2023,6,23,13950,24.93,HOEP (Legacy)
2023-06-10 23:00:00,2023,6,24,13007,23.46,HOEP (Legacy)
2023-06-11 00:00:00,2023,6,1,12507,26.92,HOEP (Legacy)
2023-06-11 01:00:00,2023,6,2,12378,32.51,HOEP (Legacy)
2023-06-11 02:00:00,2023,6,3,11969,22.05,HOEP (Legacy)
2023-06-11 03:00:00,2023,6,4,11848,19.23,HOEP (Legacy)
2023-06-11 04:00:00,2023,6,5,11664,14.37,HOEP (Legacy)
2023-06-11 05:00:00,2023,6,6,11737,13.65,HOEP (Legacy)
2023-06-11 06:00:00,2023,6,7,12208,3.9,HOEP (Legacy)
2023-06-11 07:00:00,2023,6,8,12792,10.8,HOEP (Legacy)
2023-06-11 08:00:00,2023,6,9,13353,27.63,HOEP (Legacy)
2023-06-11 09:00:00,2023,6,10,13882,27.26,HOEP (Legacy)
2023-06-11 10:00:00,2023,6,11,14147,27.48,HOEP (Legacy)
2023-06-11 11:00:00,2023,6,12,14758,27.33,HOEP (Legacy)
2023-06-11 12:00:00,2023,6,13,14907,27.26,HOEP (Legacy)
2023-06-11 13:00:00,2023,6,14,14966,24.0,HOEP (Legacy)
2023-06-11 14:00:00,2023,6,15,14950,27.22,HOEP (Legacy)
2023-06-11 15:00:00,2023,6,16,15265,25.81,HOEP (Legacy)
2023-06-11 16:00:00,2023,6,17,15688,26.81,HOEP (Legacy)
2023-06-11 17:00:00,2023,6,18,15605,26.95,HOEP (Legacy)
2023-06-11 18:00:00,2023,6,19,15510,26.87,HOEP (Legacy)
2023-06-11 19:00:00,2023,6,20,15358,26.13,HOEP (Legacy)
2023-06-11 20:00:00,2023,6,21,15188,25.56,HOEP (Legacy)
2023-06-11 21:00:00,2023,6,22,14266,24.53,HOEP (Legacy)
2023-06-11 22:00:00,2023,6,23,13425,24.06,HOEP (Legacy)
2023-06-11 23:00:00,2023,6,24,12721,28.31,HOEP (Legacy)
2023-06-12 00:00:00,2023,6,1,12222,12.37,HOEP (Legacy)
2023-06-12 01:00:00,2023,6,2,12020,1.97,HOEP (Legacy)
2023-06-12 02:00:00,2023,6,3,11916,6.65,HOEP (Legacy)
2023-06-12 03:00:00,2023,6,4,12037,15.48,HOEP (Legacy)
2023-06-12 04:00:00,2023,6,5,12438,19.6,HOEP (Legacy)
2023-06-12 05:00:00,2023,6,6,13373,22.39,HOEP (Legacy)
2023-06-12 06:00:00,2023,6,7,14578,23.6,HOEP (Legacy)
2023-06-12 07:00:00,2023,6,8,15360,25.07,HOEP (Legacy)
2023-06-12 08:00:00,2023,6,9,15721,27.95,HOEP (Legacy)
2023-06-12 09:00:00,2023,6,10,16047,29.87,HOEP (Legacy)
2023-06-12 10:00:00,2023,6,11,16197,28.99,HOEP (Legacy)
2023-06-12 11:00:00,2023,6,12,16271,31.08,HOEP (Legacy)
2023-06-12 12:00:00,2023,6,13,16044,31.99,HOEP (Legacy)
2023-06-12 13:00:00,2023,6,14,16207,35.06,HOEP (Legacy)
2023-06-12 14:00:00,2023,6,15,16332,33.53,HOEP (Legacy)
2023-06-12 15:00:00,2023,6,16,16642,34.62,HOEP (Legacy)
2023-06-12 16:00:00,2023,6,17,16781,31.44,HOEP (Legacy)
2023-06-12 17:00:00,2023,6,18,16463,31.04,HOEP (Legacy)
2023-06-12 18:00:00,2023,6,19,16300,26.26,HOEP (Legacy)
2023-06-12 19:00:00,2023,6,20,16119,27.57,HOEP (Legacy)
2023-06-12 20:00:00,2023,6,21,15988,27.7,HOEP (Legacy)
2023-06-12 21:00:00,2023,6,22,15029,25.57,HOEP (Legacy)
2023-06-12 22:00:00,2023,6,23,13948,22.54,HOEP (Legacy)
2023-06-12 23:00:00,2023,6,24,13095,23.42,HOEP (Legacy)
2023-06-13 00:00:00,2023,6,1,12562,8.81,HOEP (Legacy)
2023-06-13 01:00:00,2023,6,2,12139,3.79,HOEP (Legacy)
2023-06-13 02:00:00,2023,6,3,12039,9.92,HOEP (Legacy)
2023-06-13 03:00:00,2023,6,4,12084,8.3,HOEP (Legacy)
2023-06-13 04:00:00,2023,6,5,12426,15.65,HOEP (Legacy)
2023-06-13 05:00:00,2023,6,6,13251,18.11,HOEP (Legacy)
2023-06-13 06:00:00,2023,6,7,14229,26.41,HOEP (Legacy)
2023-06-13 07:00:00,2023,6,8,14680,27.14,HOEP (Legacy)
2023-06-13 08:00:00,2023,6,9,14580,24.62,HOEP (Legacy)
2023-06-13 09:00:00,2023,6,10,14527,24.59,HOEP (Legacy)
2023-06-13 10:00:00,2023,6,11,14861,24.59,HOEP (Legacy)
2023-06-13 11:00:00,2023,6,12,15024,24.61,HOEP (Legacy)
2023-06-13 12:00:00,2023,6,13,15115,24.65,HOEP (Legacy)
2023-06-13 13:00:00,2023,6,14,15310,24.64,HOEP (Legacy)
2023-06-13 14:00:00,2023,6,15,15310,24.66,HOEP (Legacy)
2023-06-13 15:00:00,2023,6,16,15417,24.6,HOEP (Legacy)
2023-06-13 16:00:00,2023,6,17,15923,24.63,HOEP (Legacy)
2023-06-13 17:00:00,2023,6,18,16034,24.63,HOEP (Legacy)
2023-06-13 18:00:00,2023,6,19,15948,24.6,HOEP (Legacy)
2023-06-13 19:00:00,2023,6,20,15733,24.6,HOEP (Legacy)
2023-06-13 20:00:00,2023,6,21,15613,25.35,HOEP (Legacy)
2023-06-13 21:00:00,2023,6,22,14859,26.14,HOEP (Legacy)
2023-06-13 22:00:00,2023,6,23,13946,25.14,HOEP (Legacy)
2023-06-13 23:00:00,2023,6,24,13021,24.65,HOEP (Legacy)
2023-06-14 00:00:00,2023,6,1,12520,25.34,HOEP (Legacy)
2023-06-14 01:00:00,2023,6,2,12106,17.07,HOEP (Legacy)
2023-06-14 02:00:00,2023,6,3,11973,13.53,HOEP (Legacy)
2023-06-14 03:00:00,2023,6,4,11985,9.65,HOEP (Legacy)
2023-06-14 04:00:00,2023,6,5,12207,14.93,HOEP (Legacy)
2023-06-14 05:00:00,2023,6,6,13075,12.73,HOEP (Legacy)
2023-06-14 06:00:00,2023,6,7,14287,26.05,HOEP (Legacy)
2023-06-14 07:00:00,2023,6,8,14710,25.7,HOEP (Legacy)
2023-06-14 08:00:00,2023,6,9,14862,25.76,HOEP (Legacy)
2023-06-14 09:00:00,2023,6,10,14919,25.98,HOEP (Legacy)
2023-06-14 10:00:00,2023,6,11,15222,25.77,HOEP (Legacy)
2023-06-14 11:00:00,2023,6,12,15272,30.89,HOEP (Legacy)
2023-06-14 12:00:00,2023,6,13,15309,29.93,HOEP (Legacy)
2023-06-14 13:00:00,2023,6,14,15323,25.75,HOEP (Legacy)
2023-06-14 14:00:00,2023,6,15,15193,25.73,HOEP (Legacy)
2023-06-14 15:00:00,2023,6,16,15488,25.45,HOEP (Legacy)
2023-06-14 16:00:00,2023,6,17,15884,25.87,HOEP (Legacy)
2023-06-14 17:00:00,2023,6,18,15844,28.91,HOEP (Legacy)
2023-06-14 18:00:00,2023,6,19,15926,25.83,HOEP (Legacy)
2023-06-14 19:00:00,2023,6,20,16120,26.69,HOEP (Legacy)
2023-06-14 20:00:00,2023,6,21,16127,41.98,HOEP (Legacy)
2023-06-14 21:00:00,2023,6,22,15272,29.18,HOEP (Legacy)
2023-06-14 22:00:00,2023,6,23,13967,25.64,HOEP (Legacy)
2023-06-14 23:00:00,2023,6,24,13133,22.82,HOEP (Legacy)
2023-06-15 00:00:00,2023,6,1,12561,17.15,HOEP (Legacy)
2023-06-15 01:00:00,2023,6,2,12210,9.37,HOEP (Legacy)
2023-06-15 02:00:00,2023,6,3,11974,14.04,HOEP (Legacy)
2023-06-15 03:00:00,2023,6,4,11921,14.03,HOEP (Legacy)
2023-06-15 04:00:00,2023,6,5,12287,22.85,HOEP (Legacy)
2023-06-15 05:00:00,2023,6,6,13067,25.63,HOEP (Legacy)
2023-06-15 06:00:00,2023,6,7,14282,28.43,HOEP (Legacy)
2023-06-15 07:00:00,2023,6,8,15057,29.66,HOEP (Legacy)
2023-06-15 08:00:00,2023,6,9,15100,31.44,HOEP (Legacy)
2023-06-15 09:00:00,2023,6,10,15249,31.51,HOEP (Legacy)
2023-06-15 10:00:00,2023,6,11,15300,31.85,HOEP (Legacy)
2023-06-15 11:00:00,2023,6,12,15362,34.23,HOEP (Legacy)
2023-06-15 12:00:00,2023,6,13,15624,37.32,HOEP (Legacy)
2023-06-15 13:00:00,2023,6,14,15810,36.64,HOEP (Legacy)
2023-06-15 14:00:00,2023,6,15,15829,33.58,HOEP (Legacy)
2023-06-15 15:00:00,2023,6,16,15829,38.4,HOEP (Legacy)
2023-06-15 16:00:00,2023,6,17,15829,35.37,HOEP (Legacy)
2023-06-15 17:00:00,2023,6,18,15829,31.09,HOEP (Legacy)
2023-06-15 18:00:00,2023,6,19,15829,36.35,HOEP (Legacy)
2023-06-15 19:00:00,2023,6,20,16103,29.9,HOEP (Legacy)
2023-06-15 20:00:00,2023,6,21,16238,30.66,HOEP (Legacy)
2023-06-15 21:00:00,2023,6,22,15093,27.28,HOEP (Legacy)
2023-06-15 22:00:00,2023,6,23,13929,25.46,HOEP (Legacy)
2023-06-15 23:00:00,2023,6,24,13017,26.15,HOEP (Legacy)
2023-06-16 00:00:00,2023,6,1,12544,19.13,HOEP (Legacy)
2023-06-16 01:00:00,2023,6,2,12291,25.33,HOEP (Legacy)
2023-06-16 02:00:00,2023,6,3,12084,14.96,HOEP (Legacy)
2023-06-16 03:00:00,2023,6,4,12098,17.05,HOEP (Legacy)
2023-06-16 04:00:00,2023,6,5,12335,7.43,HOEP (Legacy)
2023-06-16 05:00:00,2023,6,6,13353,22.96,HOEP (Legacy)
2023-06-16 06:00:00,2023,6,7,14336,29.16,HOEP (Legacy)
2023-06-16 07:00:00,2023,6,8,14942,29.18,HOEP (Legacy)
2023-06-16 08:00:00,2023,6,9,15158,29.88,HOEP (Legacy)
2023-06-16 09:00:00,2023,6,10,15206,28.57,HOEP (Legacy)
2023-06-16 10:00:00,2023,6,11,15166,28.94,HOEP (Legacy)
2023-06-16 11:00:00,2023,6,12,15377,30.09,HOEP (Legacy)
2023-06-16 12:00:00,2023,6,13,15650,30.1,HOEP (Legacy)
2023-06-16 13:00:00,2023,6,14,15544,28.28,HOEP (Legacy)
2023-06-16 14:00:00,2023,6,15,15396,28.61,HOEP (Legacy)
2023-06-16 15:00:00,2023,6,16,15806,28.34,HOEP (Legacy)
2023-06-16 16:00:00,2023,6,17,16319,30.31,HOEP (Legacy)
2023-06-16 17:00:00,2023,6,18,16510,30.26,HOEP (Legacy)
2023-06-16 18:00:00,2023,6,19,16396,30.39,HOEP (Legacy)
2023-06-16 19:00:00,2023,6,20,16242,30.55,HOEP (Legacy)
2023-06-16 20:00:00,2023,6,21,16171,30.72,HOEP (Legacy)
2023-06-16 21:00:00,2023,6,22,15352,29.36,HOEP (Legacy)
2023-06-16 22:00:00,2023,6,23,13977,27.08,HOEP (Legacy)
2023-06-16 23:00:00,2023,6,24,13174,25.66,HOEP (Legacy)
2023-06-17 00:00:00,2023,6,1,12541,26.43,HOEP (Legacy)
2023-06-17 01:00:00,2023,6,2,12160,28.98,HOEP (Legacy)
2023-06-17 02:00:00,2023,6,3,11885,36.06,HOEP (Legacy)
2023-06-17 03:00:00,2023,6,4,11849,24.25,HOEP (Legacy)
2023-06-17 04:00:00,2023,6,5,11883,32.85,HOEP (Legacy)
2023-06-17 05:00:00,2023,6,6,12004,21.65,HOEP (Legacy)
2023-06-17 06:00:00,2023,6,7,12490,19.94,HOEP (Legacy)
2023-06-17 07:00:00,2023,6,8,13082,25.65,HOEP (Legacy)
2023-06-17 08:00:00,2023,6,9,13564,31.84,HOEP (Legacy)
2023-06-17 09:00:00,2023,6,10,13937,27.03,HOEP (Legacy)
2023-06-17 10:00:00,2023,6,11,14111,28.07,HOEP (Legacy)
2023-06-17 11:00:00,2023,6,12,14371,30.26,HOEP (Legacy)
2023-06-17 12:00:00,2023,6,13,14430,29.36,HOEP (Legacy)
2023-06-17 13:00:00,2023,6,14,14460,30.09,HOEP (Legacy)
2023-06-17 14:00:00,2023,6,15,14669,29.37,HOEP (Legacy)
2023-06-17 15:00:00,2023,6,16,15223,29.08,HOEP (Legacy)
2023-06-17 16:00:00,2023,6,17,15752,29.36,HOEP (Legacy)
2023-06-17 17:00:00,2023,6,18,15850,29.39,HOEP (Legacy)
2023-06-17 18:00:00,2023,6,19,15828,27.52,HOEP (Legacy)
2023-06-17 19:00:00,2023,6,20,15511,28.35,HOEP (Legacy)
2023-06-17 20:00:00,2023,6,21,15167,30.04,HOEP (Legacy)
2023-06-17 21:00:00,2023,6,22,14670,29.2,HOEP (Legacy)
2023-06-17 22:00:00,2023,6,23,13713,28.37,HOEP (Legacy)
2023-06-17 23:00:00,2023,6,24,12916,27.4,HOEP (Legacy)
2023-06-18 00:00:00,2023,6,1,12234,20.39,HOEP (Legacy)
2023-06-18 01:00:00,2023,6,2,11820,16.41,HOEP (Legacy)
2023-06-18 02:00:00,2023,6,3,11611,23.79,HOEP (Legacy)
2023-06-18 03:00:00,2023,6,4,11500,19.69,HOEP (Legacy)
2023-06-18 04:00:00,2023,6,5,11455,14.36,HOEP (Legacy)
2023-06-18 05:00:00,2023,6,6,11595,22.89,HOEP (Legacy)
2023-06-18 06:00:00,2023,6,7,11898,9.48,HOEP (Legacy)
2023-06-18 07:00:00,2023,6,8,12427,16.97,HOEP (Legacy)
2023-06-18 08:00:00,2023,6,9,13023,22.34,HOEP (Legacy)
2023-06-18 09:00:00,2023,6,10,13469,27.79,HOEP (Legacy)
2023-06-18 10:00:00,2023,6,11,13905,27.81,HOEP (Legacy)
2023-06-18 11:00:00,2023,6,12,14284,28.12,HOEP (Legacy)
2023-06-18 12:00:00,2023,6,13,14570,28.24,HOEP (Legacy)
2023-06-18 13:00:00,2023,6,14,14875,30.27,HOEP (Legacy)
2023-06-18 14:00:00,2023,6,15,15253,30.37,HOEP (Legacy)
2023-06-18 15:00:00,2023,6,16,15786,30.4,HOEP (Legacy)
2023-06-18 16:00:00,2023,6,17,16476,32.12,HOEP (Legacy)
2023-06-18 17:00:00,2023,6,18,16751,34.07,HOEP (Legacy)
2023-06-18 18:00:00,2023,6,19,16918,33.9,HOEP (Legacy)
2023-06-18 19:00:00,2023,6,20,16667,31.32,HOEP (Legacy)
2023-06-18 20:00:00,2023,6,21,16372,32.93,HOEP (Legacy)
2023-06-18 21:00:00,2023,6,22,15652,30.42,HOEP (Legacy)
2023-06-18 22:00:00,2023,6,23,14476,29.74,HOEP (Legacy)
2023-06-18 23:00:00,2023,6,24,13440,25.83,HOEP (Legacy)
2023-06-19 00:00:00,2023,6,1,12711,22.57,HOEP (Legacy)
2023-06-19 01:00:00,2023,6,2,12262,25.74,HOEP (Legacy)
2023-06-19 02:00:00,2023,6,3,12205,29.03,HOEP (Legacy)
2023-06-19 03:00:00,2023,6,4,12227,20.49,HOEP (Legacy)
2023-06-19 04:00:00,2023,6,5,12350,10.32,HOEP (Legacy)
2023-06-19 05:00:00,2023,6,6,13039,7.7,HOEP (Legacy)
2023-06-19 06:00:00,2023,6,7,14564,22.28,HOEP (Legacy)
2023-06-19 07:00:00,2023,6,8,15598,30.54,HOEP (Legacy)
2023-06-19 08:00:00,2023,6,9,16094,34.57,HOEP (Legacy)
2023-06-19 09:00:00,2023,6,10,16432,34.34,HOEP (Legacy)
2023-06-19 10:00:00,2023,6,11,16662,30.56,HOEP (Legacy)
2023-06-19 11:00:00,2023,6,12,16837,30.8,HOEP (Legacy)
2023-06-19 12:00:00,2023,6,13,17084,31.24,HOEP (Legacy)
2023-06-19 13:00:00,2023,6,14,17159,30.94,HOEP (Legacy)
2023-06-19 14:00:00,2023,6,15,17438,30.31,HOEP (Legacy)
2023-06-19 15:00:00,2023,6,16,17943,31.66,HOEP (Legacy)
2023-06-19 16:00:00,2023,6,17,18686,36.97,HOEP (Legacy)
2023-06-19 17:00:00,2023,6,18,18750,36.45,HOEP (Legacy)
2023-06-19 18:00:00,2023,6,19,18597,33.41,HOEP (Legacy)
2023-06-19 19:00:00,2023,6,20,18103,32.04,HOEP (Legacy)
2023-06-19 20:00:00,2023,6,21,17582,30.77,HOEP (Legacy)
2023-06-19 21:00:00,2023,6,22,16495,29.26,HOEP (Legacy)
2023-06-19 22:00:00,2023,6,23,15198,27.75,HOEP (Legacy)
2023-06-19 23:00:00,2023,6,24,14025,22.22,HOEP (Legacy)
2023-06-20 00:00:00,2023,6,1,13327,24.91,HOEP (Legacy)
2023-06-20 01:00:00,2023,6,2,12993,20.11,HOEP (Legacy)
2023-06-20 02:00:00,2023,6,3,12659,14.37,HOEP (Legacy)
2023-06-20 03:00:00,2023,6,4,12676,14.32,HOEP (Legacy)
2023-06-20 04:00:00,2023,6,5,12837,13.37,HOEP (Legacy)
2023-06-20 05:00:00,2023,6,6,13549,14.43,HOEP (Legacy)
2023-06-20 06:00:00,2023,6,7,14908,25.19,HOEP (Legacy)
2023-06-20 07:00:00,2023,6,8,15809,27.07,HOEP (Legacy)
2023-06-20 08:00:00,2023,6,9,16178,29.55,HOEP (Legacy)
2023-06-20 09:00:00,2023,6,10,16463,30.33,HOEP (Legacy)
2023-06-20 10:00:00,2023,6,11,16773,30.32,HOEP (Legacy)
2023-06-20 11:00:00,2023,6,12,17071,31.07,HOEP (Legacy)
2023-06-20 12:00:00,2023,6,13,17599,35.74,HOEP (Legacy)
2023-06-20 13:00:00,2023,6,14,18138,38.56,HOEP (Legacy)
2023-06-20 14:00:00,2023,6,15,18503,38.74,HOEP (Legacy)
2023-06-20 15:00:00,2023,6,16,19086,31.89,HOEP (Legacy)
2023-06-20 16:00:00,2023,6,17,19725,36.8,HOEP (Legacy)
2023-06-20 17:00:00,2023,6,18,19731,36.1,HOEP (Legacy)
2023-06-20 18:00:00,2023,6,19,19591,35.25,HOEP (Legacy)
2023-06-20 19:00:00,2023,6,20,19119,31.95,HOEP (Legacy)
2023-06-20 20:00:00,2023,6,21,18525,32.91,HOEP (Legacy)
2023-06-20 21:00:00,2023,6,22,17409,28.51,HOEP (Legacy)
2023-06-20 22:00:00,2023,6,23,15910,27.32,HOEP (Legacy)
2023-06-20 23:00:00,2023,6,24,14630,24.83,HOEP (Legacy)
2023-06-21 00:00:00,2023,6,1,13808,19.5,HOEP (Legacy)
2023-06-21 01:00:00,2023,6,2,13223,14.75,HOEP (Legacy)
2023-06-21 02:00:00,2023,6,3,12913,14.29,HOEP (Legacy)
2023-06-21 03:00:00,2023,6,4,12929,14.38,HOEP (Legacy)
2023-06-21 04:00:00,2023,6,5,13143,14.99,HOEP (Legacy)
2023-06-21 05:00:00,2023,6,6,13866,21.54,HOEP (Legacy)
2023-06-21 06:00:00,2023,6,7,15258,30.65,HOEP (Legacy)
2023-06-21 07:00:00,2023,6,8,16325,32.65,HOEP (Legacy)
2023-06-21 08:00:00,2023,6,9,16872,33.36,HOEP (Legacy)
2023-06-21 09:00:00,2023,6,10,17358,33.48,HOEP (Legacy)
2023-06-21 10:00:00,2023,6,11,17791,33.97,HOEP (Legacy)
2023-06-21 11:00:00,2023,6,12,18211,36.74,HOEP (Legacy)
2023-06-21 12:00:00,2023,6,13,18636,42.48,HOEP (Legacy)
2023-06-21 13:00:00,2023,6,14,18733,42.95,HOEP (Legacy)
2023-06-21 14:00:00,2023,6,15,19352,39.69,HOEP (Legacy)
2023-06-21 15:00:00,2023,6,16,20030,45.09,HOEP (Legacy)
2023-06-21 16:00:00,2023,6,17,20305,40.59,HOEP (Legacy)
2023-06-21 17:00:00,2023,6,18,20166,48.1,HOEP (Legacy)
2023-06-21 18:00:00,2023,6,19,20076,40.03,HOEP (Legacy)
2023-06-21 19:00:00,2023,6,20,19524,42.53,HOEP (Legacy)
2023-06-21 20:00:00,2023,6,21,19105,39.47,HOEP (Legacy)
2023-06-21 21:00:00,2023,6,22,17993,32.47,HOEP (Legacy)
2023-06-21 22:00:00,2023,6,23,16475,29.87,HOEP (Legacy)
2023-06-21 23:00:00,2023,6,24,14959,27.42,HOEP (Legacy)
2023-06-22 00:00:00,2023,6,1,14006,15.59,HOEP (Legacy)
2023-06-22 01:00:00,2023,6,2,13762,18.98,HOEP (Legacy)
2023-06-22 02:00:00,2023,6,3,13464,23.04,HOEP (Legacy)
2023-06-22 03:00:00,2023,6,4,13235,14.16,HOEP (Legacy)
2023-06-22 04:00:00,2023,6,5,13417,13.47,HOEP (Legacy)
2023-06-22 05:00:00,2023,6,6,14246,25.95,HOEP (Legacy)
2023-06-22 06:00:00,2023,6,7,15596,28.58,HOEP (Legacy)
2023-06-22 07:00:00,2023,6,8,16575,33.4,HOEP (Legacy)
2023-06-22 08:00:00,2023,6,9,17102,35.55,HOEP (Legacy)
2023-06-22 09:00:00,2023,6,10,17346,39.58,HOEP (Legacy)
2023-06-22 10:00:00,2023,6,11,17627,39.07,HOEP (Legacy)
2023-06-22 11:00:00,2023,6,12,17687,31.89,HOEP (Legacy)
2023-06-22 12:00:00,2023,6,13,17569,31.34,HOEP (Legacy)
2023-06-22 13:00:00,2023,6,14,17929,32.42,HOEP (Legacy)
2023-06-22 14:00:00,2023,6,15,18392,33.67,HOEP (Legacy)
2023-06-22 15:00:00,2023,6,16,19234,35.23,HOEP (Legacy)
2023-06-22 16:00:00,2023,6,17,19837,34.66,HOEP (Legacy)
2023-06-22 17:00:00,2023,6,18,19629,35.98,HOEP (Legacy)
2023-06-22 18:00:00,2023,6,19,19406,36.24,HOEP (Legacy)
2023-06-22 19:00:00,2023,6,20,19015,38.2,HOEP (Legacy)
2023-06-22 20:00:00,2023,6,21,18610,45.95,HOEP (Legacy)
2023-06-22 21:00:00,2023,6,22,17610,34.2,HOEP (Legacy)
2023-06-22 22:00:00,2023,6,23,16276,32.51,HOEP (Legacy)
2023-06-22 23:00:00,2023,6,24,14999,27.06,HOEP (Legacy)
2023-06-23 00:00:00,2023,6,1,14166,34.09,HOEP (Legacy)
2023-06-23 01:00:00,2023,6,2,13876,28.72,HOEP (Legacy)
2023-06-23 02:00:00,2023,6,3,13571,22.45,HOEP (Legacy)
2023-06-23 03:00:00,2023,6,4,13544,22.05,HOEP (Legacy)
2023-06-23 04:00:00,2023,6,5,13690,21.12,HOEP (Legacy)
2023-06-23 05:00:00,2023,6,6,14470,31.48,HOEP (Legacy)
2023-06-23 06:00:00,2023,6,7,15788,31.11,HOEP (Legacy)
2023-06-23 07:00:00,2023,6,8,16876,33.02,HOEP (Legacy)
2023-06-23 08:00:00,2023,6,9,17220,40.05,HOEP (Legacy)
2023-06-23 09:00:00,2023,6,10,17990,50.72,HOEP (Legacy)
2023-06-23 10:00:00,2023,6,11,18457,52.33,HOEP (Legacy)
2023-06-23 11:00:00,2023,6,12,18792,72.02,HOEP (Legacy)
2023-06-23 12:00:00,2023,6,13,18864,47.3,HOEP (Legacy)
2023-06-23 13:00:00,2023,6,14,18625,46.74,HOEP (Legacy)
2023-06-23 14:00:00,2023,6,15,18494,39.29,HOEP (Legacy)
2023-06-23 15:00:00,2023,6,16,18667,39.12,HOEP (Legacy)
2023-06-23 16:00:00,2023,6,17,18652,33.25,HOEP (Legacy)
2023-06-23 17:00:00,2023,6,18,18350,35.74,HOEP (Legacy)
2023-06-23 18:00:00,2023,6,19,18191,35.45,HOEP (Legacy)
2023-06-23 19:00:00,2023,6,20,17996,36.08,HOEP (Legacy)
2023-06-23 20:00:00,2023,6,21,18039,43.32,HOEP (Legacy)
2023-06-23 21:00:00,2023,6,22,16971,33.12,HOEP (Legacy)
2023-06-23 22:00:00,2023,6,23,15622,31.8,HOEP (Legacy)
2023-06-23 23:00:00,2023,6,24,14709,30.47,HOEP (Legacy)
2023-06-24 00:00:00,2023,6,1,14084,34.82,HOEP (Legacy)
2023-06-24 01:00:00,2023,6,2,13580,35.57,HOEP (Legacy)
2023-06-24 02:00:00,2023,6,3,13272,36.38,HOEP (Legacy)
2023-06-24 03:00:00,2023,6,4,13245,35.33,HOEP (Legacy)
2023-06-24 04:00:00,2023,6,5,13283,28.73,HOEP (Legacy)
2023-06-24 05:00:00,2023,6,6,13494,28.4,HOEP (Legacy)
2023-06-24 06:00:00,2023,6,7,14171,29.37,HOEP (Legacy)
2023-06-24 07:00:00,2023,6,8,14914,31.37,HOEP (Legacy)
2023-06-24 08:00:00,2023,6,9,15561,32.34,HOEP (Legacy)
2023-06-24 09:00:00,2023,6,10,16262,36.38,HOEP (Legacy)
2023-06-24 10:00:00,2023,6,11,16938,41.19,HOEP (Legacy)
2023-06-24 11:00:00,2023,6,12,17254,41.44,HOEP (Legacy)
2023-06-24 12:00:00,2023,6,13,17431,41.67,HOEP (Legacy)
2023-06-24 13:00:00,2023,6,14,17759,45.61,HOEP (Legacy)
2023-06-24 14:00:00,2023,6,15,18079,51.08,HOEP (Legacy)
2023-06-24 15:00:00,2023,6,16,18483,46.5,HOEP (Legacy)
2023-06-24 16:00:00,2023,6,17,18881,49.76,HOEP (Legacy)
2023-06-24 17:00:00,2023,6,18,19057,51.46,HOEP (Legacy)
2023-06-24 18:00:00,2023,6,19,18817,53.92,HOEP (Legacy)
2023-06-24 19:00:00,2023,6,20,18514,58.11,HOEP (Legacy)
2023-06-24 20:00:00,2023,6,21,17978,57.16,HOEP (Legacy)
2023-06-24 21:00:00,2023,6,22,17174,44.36,HOEP (Legacy)
2023-06-24 22:00:00,2023,6,23,16081,35.71,HOEP (Legacy)
2023-06-24 23:00:00,2023,6,24,14941,32.38,HOEP (Legacy)
2023-06-25 00:00:00,2023,6,1,14127,29.84,HOEP (Legacy)
2023-06-25 01:00:00,2023,6,2,13360,15.46,HOEP (Legacy)
2023-06-25 02:00:00,2023,6,3,12998,14.4,HOEP (Legacy)
2023-06-25 03:00:00,2023,6,4,12787,20.9,HOEP (Legacy)
2023-06-25 04:00:00,2023,6,5,12619,21.47,HOEP (Legacy)
2023-06-25 05:00:00,2023,6,6,12703,22.78,HOEP (Legacy)
2023-06-25 06:00:00,2023,6,7,13224,11.84,HOEP (Legacy)
2023-06-25 07:00:00,2023,6,8,14357,27.5,HOEP (Legacy)
2023-06-25 08:00:00,2023,6,9,15596,33.18,HOEP (Legacy)
2023-06-25 09:00:00,2023,6,10,16613,37.59,HOEP (Legacy)
2023-06-25 10:00:00,2023,6,11,17369,39.79,HOEP (Legacy)
2023-06-25 11:00:00,2023,6,12,17831,44.43,HOEP (Legacy)
2023-06-25 12:00:00,2023,6,13,18282,45.34,HOEP (Legacy)
2023-06-25 13:00:00,2023,6,14,18709,51.13,HOEP (Legacy)
2023-06-25 14:00:00,2023,6,15,19196,52.59,HOEP (Legacy)
2023-06-25 15:00:00,2023,6,16,19817,54.91,HOEP (Legacy)
2023-06-25 16:00:00,2023,6,17,20292,56.97,HOEP (Legacy)
2023-06-25 17:00:00,2023,6,18,20313,50.8,HOEP (Legacy)
2023-06-25 18:00:00,2023,6,19,19822,40.02,HOEP (Legacy)
2023-06-25 19:00:00,2023,6,20,19123,39.86,HOEP (Legacy)
2023-06-25 20:00:00,2023,6,21,18868,44.64,HOEP (Legacy)
2023-06-25 21:00:00,2023,6,22,18123,40.41,HOEP (Legacy)
2023-06-25 22:00:00,2023,6,23,16857,41.27,HOEP (Legacy)
2023-06-25 23:00:00,2023,6,24,15565,33.89,HOEP (Legacy)
2023-06-26 00:00:00,2023,6,1,14571,29.11,HOEP (Legacy)
2023-06-26 01:00:00,2023,6,2,14050,14.57,HOEP (Legacy)
2023-06-26 02:00:00,2023,6,3,14089,17.26,HOEP (Legacy)
2023-06-26 03:00:00,2023,6,4,13913,14.39,HOEP (Legacy)
2023-06-26 04:00:00,2023,6,5,14227,15.08,HOEP (Legacy)
2023-06-26 05:00:00,2023,6,6,15032,27.15,HOEP (Legacy)
2023-06-26 06:00:00,2023,6,7,16262,32.76,HOEP (Legacy)
2023-06-26 07:00:00,2023,6,8,17453,38.95,HOEP (Legacy)
2023-06-26 08:00:00,2023,6,9,17813,35.6,HOEP (Legacy)
2023-06-26 09:00:00,2023,6,10,17981,38.73,HOEP (Legacy)
2023-06-26 10:00:00,2023,6,11,18268,39.37,HOEP (Legacy)
2023-06-26 11:00:00,2023,6,12,18621,55.64,HOEP (Legacy)
2023-06-26 12:00:00,2023,6,13,18861,51.12,HOEP (Legacy)
2023-06-26 13:00:00,2023,6,14,18778,39.96,HOEP (Legacy)
2023-06-26 14:00:00,2023,6,15,18612,38.84,HOEP (Legacy)
2023-06-26 15:00:00,2023,6,16,19054,47.98,HOEP (Legacy)
2023-06-26 16:00:00,2023,6,17,19554,51.28,HOEP (Legacy)
2023-06-26 17:00:00,2023,6,18,19291,37.08,HOEP (Legacy)
2023-06-26 18:00:00,2023,6,19,19142,38.53,HOEP (Legacy)
2023-06-26 19:00:00,2023,6,20,18451,34.59,HOEP (Legacy)
2023-06-26 20:00:00,2023,6,21,18098,34.4,HOEP (Legacy)
2023-06-26 21:00:00,2023,6,22,17145,33.33,HOEP (Legacy)
2023-06-26 22:00:00,2023,6,23,15969,33.62,HOEP (Legacy)
2023-06-26 23:00:00,2023,6,24,14998,32.19,HOEP (Legacy)
2023-06-27 00:00:00,2023,6,1,14232,30.35,HOEP (Legacy)
2023-06-27 01:00:00,2023,6,2,13795,18.34,HOEP (Legacy)
2023-06-27 02:00:00,2023,6,3,13587,21.14,HOEP (Legacy)
2023-06-27 03:00:00,2023,6,4,13603,22.01,HOEP (Legacy)
2023-06-27 04:00:00,2023,6,5,13837,22.11,HOEP (Legacy)
2023-06-27 05:00:00,2023,6,6,14556,30.44,HOEP (Legacy)
2023-06-27 06:00:00,2023,6,7,15946,32.57,HOEP (Legacy)
2023-06-27 07:00:00,2023,6,8,16746,34.83,HOEP (Legacy)
2023-06-27 08:00:00,2023,6,9,17106,35.85,HOEP (Legacy)
2023-06-27 09:00:00,2023,6,10,17295,38.41,HOEP (Legacy)
2023-06-27 10:00:00,2023,6,11,17718,42.48,HOEP (Legacy)
2023-06-27 11:00:00,2023,6,12,18132,41.69,HOEP (Legacy)
2023-06-27 12:00:00,2023,6,13,18161,44.19,HOEP (Legacy)
2023-06-27 13:00:00,2023,6,14,18139,40.83,HOEP (Legacy)
2023-06-27 14:00:00,2023,6,15,18082,41.01,HOEP (Legacy)
2023-06-27 15:00:00,2023,6,16,18457,41.26,HOEP (Legacy)
2023-06-27 16:00:00,2023,6,17,18722,44.52,HOEP (Legacy)
2023-06-27 17:00:00,2023,6,18,18666,43.99,HOEP (Legacy)
2023-06-27 18:00:00,2023,6,19,18146,38.52,HOEP (Legacy)
2023-06-27 19:00:00,2023,6,20,17602,38.78,HOEP (Legacy)
2023-06-27 20:00:00,2023,6,21,17421,40.02,HOEP (Legacy)
2023-06-27 21:00:00,2023,6,22,16345,38.23,HOEP (Legacy)
2023-06-27 22:00:00,2023,6,23,15094,32.4,HOEP (Legacy)
2023-06-27 23:00:00,2023,6,24,14058,27.55,HOEP (Legacy)
2023-06-28 00:00:00,2023,6,1,13389,23.06,HOEP (Legacy)
2023-06-28 01:00:00,2023,6,2,12938,14.38,HOEP (Legacy)
2023-06-28 02:00:00,2023,6,3,12780,13.79,HOEP (Legacy)
2023-06-28 03:00:00,2023,6,4,12764,13.57,HOEP (Legacy)
2023-06-28 04:00:00,2023,6,5,12732,2.42,HOEP (Legacy)
2023-06-28 05:00:00,2023,6,6,13396,25.14,HOEP (Legacy)
2023-06-28 06:00:00,2023,6,7,14513,34.74,HOEP (Legacy)
2023-06-28 07:00:00,2023,6,8,15458,35.15,HOEP (Legacy)
2023-06-28 08:00:00,2023,6,9,15610,35.47,HOEP (Legacy)
2023-06-28 09:00:00,2023,6,10,15954,35.96,HOEP (Legacy)
2023-06-28 10:00:00,2023,6,11,16056,35.76,HOEP (Legacy)
2023-06-28 11:00:00,2023,6,12,16129,35.86,HOEP (Legacy)
2023-06-28 12:00:00,2023,6,13,16412,39.25,HOEP (Legacy)
2023-06-28 13:00:00,2023,6,14,16653,46.78,HOEP (Legacy)
2023-06-28 14:00:00,2023,6,15,16944,47.74,HOEP (Legacy)
2023-06-28 15:00:00,2023,6,16,17652,58.36,HOEP (Legacy)
2023-06-28 16:00:00,2023,6,17,17982,60.58,HOEP (Legacy)
2023-06-28 17:00:00,2023,6,18,17910,46.26,HOEP (Legacy)
2023-06-28 18:00:00,2023,6,19,17949,46.96,HOEP (Legacy)
2023-06-28 19:00:00,2023,6,20,17484,41.42,HOEP (Legacy)
2023-06-28 20:00:00,2023,6,21,16979,45.06,HOEP (Legacy)
2023-06-28 21:00:00,2023,6,22,16049,45.18,HOEP (Legacy)
2023-06-28 22:00:00,2023,6,23,14786,36.78,HOEP (Legacy)
2023-06-28 23:00:00,2023,6,24,13889,30.56,HOEP (Legacy)
2023-06-29 00:00:00,2023,6,1,13234,29.3,HOEP (Legacy)
2023-06-29 01:00:00,2023,6,2,12846,33.8,HOEP (Legacy)
2023-06-29 02:00:00,2023,6,3,12660,33.07,HOEP (Legacy)
2023-06-29 03:00:00,2023,6,4,12657,26.6,HOEP (Legacy)
2023-06-29 04:00:00,2023,6,5,13044,19.55,HOEP (Legacy)
2023-06-29 05:00:00,2023,6,6,13627,26.29,HOEP (Legacy)
2023-06-29 06:00:00,2023,6,7,14607,28.31,HOEP (Legacy)
2023-06-29 07:00:00,2023,6,8,15265,34.27,HOEP (Legacy)
2023-06-29 08:00:00,2023,6,9,15793,35.88,HOEP (Legacy)
2023-06-29 09:00:00,2023,6,10,16184,36.73,HOEP (Legacy)
2023-06-29 10:00:00,2023,6,11,16423,44.38,HOEP (Legacy)
2023-06-29 11:00:00,2023,6,12,16952,45.74,HOEP (Legacy)
2023-06-29 12:00:00,2023,6,13,17204,60.86,HOEP (Legacy)
2023-06-29 13:00:00,2023,6,14,17623,55.98,HOEP (Legacy)
2023-06-29 14:00:00,2023,6,15,17759,45.85,HOEP (Legacy)
2023-06-29 15:00:00,2023,6,16,17959,40.86,HOEP (Legacy)
2023-06-29 16:00:00,2023,6,17,18221,44.86,HOEP (Legacy)
2023-06-29 17:00:00,2023,6,18,18294,38.92,HOEP (Legacy)
2023-06-29 18:00:00,2023,6,19,18273,39.22,HOEP (Legacy)
2023-06-29 19:00:00,2023,6,20,17705,33.62,HOEP (Legacy)
2023-06-29 20:00:00,2023,6,21,17427,32.08,HOEP (Legacy)
2023-06-29 21:00:00,2023,6,22,16873,35.76,HOEP (Legacy)
2023-06-29 22:00:00,2023,6,23,15599,33.74,HOEP (Legacy)
2023-06-29 23:00:00,2023,6,24,14229,34.06,HOEP (Legacy)
2023-06-30 00:00:00,2023,6,1,13493,32.6,HOEP (Legacy)
2023-06-30 01:00:00,2023,6,2,13099,23.45,HOEP (Legacy)
2023-06-30 02:00:00,2023,6,3,12891,22.9,HOEP (Legacy)
2023-06-30 03:00:00,2023,6,4,12867,21.38,HOEP (Legacy)
2023-06-30 04:00:00,2023,6,5,13161,24.86,HOEP (Legacy)
2023-06-30 05:00:00,2023,6,6,13622,25.02,HOEP (Legacy)
2023-06-30 06:00:00,2023,6,7,14523,27.34,HOEP (Legacy)
2023-06-30 07:00:00,2023,6,8,15670,33.93,HOEP (Legacy)
2023-06-30 08:00:00,2023,6,9,16628,36.37,HOEP (Legacy)
2023-06-30 09:00:00,2023,6,10,17119,39.35,HOEP (Legacy)
2023-06-30 10:00:00,2023,6,11,17214,34.6,HOEP (Legacy)
2023-06-30 11:00:00,2023,6,12,17569,37.45,HOEP (Legacy)
2023-06-30 12:00:00,2023,6,13,18043,36.04,HOEP (Legacy)
2023-06-30 13:00:00,2023,6,14,18407,36.76,HOEP (Legacy)
2023-06-30 14:00:00,2023,6,15,18750,36.7,HOEP (Legacy)
2023-06-30 15:00:00,2023,6,16,19333,39.8,HOEP (Legacy)
2023-06-30 16:00:00,2023,6,17,19789,41.99,HOEP (Legacy)
2023-06-30 17:00:00,2023,6,18,19662,40.49,HOEP (Legacy)
2023-06-30 18:00:00,2023,6,19,19315,40.56,HOEP (Legacy)
2023-06-30 19:00:00,2023,6,20,18730,38.69,HOEP (Legacy)
2023-06-30 20:00:00,2023,6,21,18322,37.07,HOEP (Legacy)
2023-06-30 21:00:00,2023,6,22,17320,42.86,HOEP (Legacy)
2023-06-30 22:00:00,2023,6,23,16003,33.63,HOEP (Legacy)
2023-06-30 23:00:00,2023,6,24,14730,30.01,HOEP (Legacy)
2023-07-01 00:00:00,2023,7,1,14011,30.98,HOEP (Legacy)
2023-07-01 01:00:00,2023,7,2,13466,27.03,HOEP (Legacy)
2023-07-01 02:00:00,2023,7,3,12995,23.21,HOEP (Legacy)
2023-07-01 03:00:00,2023,7,4,12935,29.67,HOEP (Legacy)
2023-07-01 04:00:00,2023,7,5,12821,28.21,HOEP (Legacy)
2023-07-01 05:00:00,2023,7,6,12860,28.01,HOEP (Legacy)
2023-07-01 06:00:00,2023,7,7,13380,23.24,HOEP (Legacy)
2023-07-01 07:00:00,2023,7,8,14504,30.33,HOEP (Legacy)
2023-07-01 08:00:00,2023,7,9,15399,30.54,HOEP (Legacy)
2023-07-01 09:00:00,2023,7,10,16579,38.48,HOEP (Legacy)
2023-07-01 10:00:00,2023,7,11,17616,49.12,HOEP (Legacy)
2023-07-01 11:00:00,2023,7,12,18371,61.51,HOEP (Legacy)
2023-07-01 12:00:00,2023,7,13,18832,59.42,HOEP (Legacy)
2023-07-01 13:00:00,2023,7,14,19003,60.59,HOEP (Legacy)
2023-07-01 14:00:00,2023,7,15,18608,43.93,HOEP (Legacy)
2023-07-01 15:00:00,2023,7,16,18576,42.91,HOEP (Legacy)
2023-07-01 16:00:00,2023,7,17,19049,41.91,HOEP (Legacy)
2023-07-01 17:00:00,2023,7,18,18960,40.18,HOEP (Legacy)
2023-07-01 18:00:00,2023,7,19,18180,38.7,HOEP (Legacy)
2023-07-01 19:00:00,2023,7,20,17749,40.54,HOEP (Legacy)
2023-07-01 20:00:00,2023,7,21,17609,43.32,HOEP (Legacy)
2023-07-01 21:00:00,2023,7,22,17173,41.74,HOEP (Legacy)
2023-07-01 22:00:00,2023,7,23,15970,38.37,HOEP (Legacy)
2023-07-01 23:00:00,2023,7,24,15073,32.83,HOEP (Legacy)
2023-07-02 00:00:00,2023,7,1,14246,32.71,HOEP (Legacy)
2023-07-02 01:00:00,2023,7,2,13628,29.13,HOEP (Legacy)
2023-07-02 02:00:00,2023,7,3,13316,31.73,HOEP (Legacy)
2023-07-02 03:00:00,2023,7,4,13115,32.78,HOEP (Legacy)
2023-07-02 04:00:00,2023,7,5,12962,20.86,HOEP (Legacy)
2023-07-02 05:00:00,2023,7,6,13010,23.5,HOEP (Legacy)
2023-07-02 06:00:00,2023,7,7,13597,22.7,HOEP (Legacy)
2023-07-02 07:00:00,2023,7,8,14351,26.2,HOEP (Legacy)
2023-07-02 08:00:00,2023,7,9,15014,32.68,HOEP (Legacy)
2023-07-02 09:00:00,2023,7,10,15722,33.71,HOEP (Legacy)
2023-07-02 10:00:00,2023,7,11,16309,33.5,HOEP (Legacy)
2023-07-02 11:00:00,2023,7,12,16580,36.14,HOEP (Legacy)
2023-07-02 12:00:00,2023,7,13,16548,36.39,HOEP (Legacy)
2023-07-02 13:00:00,2023,7,14,16738,36.55,HOEP (Legacy)
2023-07-02 14:00:00,2023,7,15,17001,36.14,HOEP (Legacy)
2023-07-02 15:00:00,2023,7,16,17168,38.45,HOEP (Legacy)
2023-07-02 16:00:00,2023,7,17,17631,40.8,HOEP (Legacy)
2023-07-02 17:00:00,2023,7,18,17698,39.97,HOEP (Legacy)
2023-07-02 18:00:00,2023,7,19,17476,39.97,HOEP (Legacy)
2023-07-02 19:00:00,2023,7,20,17261,45.2,HOEP (Legacy)
2023-07-02 20:00:00,2023,7,21,17168,55.59,HOEP (Legacy)
2023-07-02 21:00:00,2023,7,22,16612,39.36,HOEP (Legacy)
2023-07-02 22:00:00,2023,7,23,15541,35.4,HOEP (Legacy)
2023-07-02 23:00:00,2023,7,24,14450,32.69,HOEP (Legacy)
2023-07-03 00:00:00,2023,7,1,13663,32.97,HOEP (Legacy)
2023-07-03 01:00:00,2023,7,2,13315,33.5,HOEP (Legacy)
2023-07-03 02:00:00,2023,7,3,12864,35.07,HOEP (Legacy)
2023-07-03 03:00:00,2023,7,4,12761,27.83,HOEP (Legacy)
2023-07-03 04:00:00,2023,7,5,12799,28.08,HOEP (Legacy)
2023-07-03 05:00:00,2023,7,6,13075,29.21,HOEP (Legacy)
2023-07-03 06:00:00,2023,7,7,13615,23.52,HOEP (Legacy)
2023-07-03 07:00:00,2023,7,8,14343,29.63,HOEP (Legacy)
2023-07-03 08:00:00,2023,7,9,15038,33.05,HOEP (Legacy)
2023-07-03 09:00:00,2023,7,10,15957,34.15,HOEP (Legacy)
2023-07-03 10:00:00,2023,7,11,16592,37.01,HOEP (Legacy)
2023-07-03 11:00:00,2023,7,12,17244,39.91,HOEP (Legacy)
2023-07-03 12:00:00,2023,7,13,17609,51.7,HOEP (Legacy)
2023-07-03 13:00:00,2023,7,14,17994,47.82,HOEP (Legacy)
2023-07-03 14:00:00,2023,7,15,18148,45.69,HOEP (Legacy)
2023-07-03 15:00:00,2023,7,16,18898,40.73,HOEP (Legacy)
2023-07-03 16:00:00,2023,7,17,19745,64.84,HOEP (Legacy)
2023-07-03 17:00:00,2023,7,18,20063,85.88,HOEP (Legacy)
2023-07-03 18:00:00,2023,7,19,19853,61.15,HOEP (Legacy)
2023-07-03 19:00:00,2023,7,20,19444,46.07,HOEP (Legacy)
2023-07-03 20:00:00,2023,7,21,19036,47.08,HOEP (Legacy)
2023-07-03 21:00:00,2023,7,22,17859,49.6,HOEP (Legacy)
2023-07-03 22:00:00,2023,7,23,16488,37.1,HOEP (Legacy)
2023-07-03 23:00:00,2023,7,24,15206,34.04,HOEP (Legacy)
2023-07-04 00:00:00,2023,7,1,14408,32.77,HOEP (Legacy)
2023-07-04 01:00:00,2023,7,2,13679,31.81,HOEP (Legacy)
2023-07-04 02:00:00,2023,7,3,13198,32.16,HOEP (Legacy)
2023-07-04 03:00:00,2023,7,4,13155,24.36,HOEP (Legacy)
2023-07-04 04:00:00,2023,7,5,13288,20.78,HOEP (Legacy)
2023-07-04 05:00:00,2023,7,6,14161,22.34,HOEP (Legacy)
2023-07-04 06:00:00,2023,7,7,15586,29.98,HOEP (Legacy)
2023-07-04 07:00:00,2023,7,8,17153,34.38,HOEP (Legacy)
2023-07-04 08:00:00,2023,7,9,18309,43.04,HOEP (Legacy)
2023-07-04 09:00:00,2023,7,10,19265,49.27,HOEP (Legacy)
2023-07-04 10:00:00,2023,7,11,20076,54.36,HOEP (Legacy)
2023-07-04 11:00:00,2023,7,12,20665,56.14,HOEP (Legacy)
2023-07-04 12:00:00,2023,7,13,21069,64.38,HOEP (Legacy)
2023-07-04 13:00:00,2023,7,14,21280,60.39,HOEP (Legacy)
2023-07-04 14:00:00,2023,7,15,21342,49.23,HOEP (Legacy)
2023-07-04 15:00:00,2023,7,16,21347,68.94,HOEP (Legacy)
2023-07-04 16:00:00,2023,7,17,21690,60.3,HOEP (Legacy)
2023-07-04 17:00:00,2023,7,18,21574,50.52,HOEP (Legacy)
2023-07-04 18:00:00,2023,7,19,21633,91.29,HOEP (Legacy)
2023-07-04 19:00:00,2023,7,20,21495,97.43,HOEP (Legacy)
2023-07-04 20:00:00,2023,7,21,21151,99.7,HOEP (Legacy)
2023-07-04 21:00:00,2023,7,22,20146,141.19,HOEP (Legacy)
2023-07-04 22:00:00,2023,7,23,18465,84.29,HOEP (Legacy)
2023-07-04 23:00:00,2023,7,24,17002,62.33,HOEP (Legacy)
2023-07-05 00:00:00,2023,7,1,16084,35.83,HOEP (Legacy)
2023-07-05 01:00:00,2023,7,2,15267,30.64,HOEP (Legacy)
2023-07-05 02:00:00,2023,7,3,14742,21.32,HOEP (Legacy)
2023-07-05 03:00:00,2023,7,4,14364,22.32,HOEP (Legacy)
2023-07-05 04:00:00,2023,7,5,14396,20.89,HOEP (Legacy)
2023-07-05 05:00:00,2023,7,6,15235,26.61,HOEP (Legacy)
2023-07-05 06:00:00,2023,7,7,16919,40.87,HOEP (Legacy)
2023-07-05 07:00:00,2023,7,8,18412,58.84,HOEP (Legacy)
2023-07-05 08:00:00,2023,7,9,19654,64.27,HOEP (Legacy)
2023-07-05 09:00:00,2023,7,10,20609,68.37,HOEP (Legacy)
2023-07-05 10:00:00,2023,7,11,21347,82.16,HOEP (Legacy)
2023-07-05 11:00:00,2023,7,12,21781,88.24,HOEP (Legacy)
2023-07-05 12:00:00,2023,7,13,22074,80.23,HOEP (Legacy)
2023-07-05 13:00:00,2023,7,14,22203,78.76,HOEP (Legacy)
2023-07-05 14:00:00,2023,7,15,22363,148.92,HOEP (Legacy)
2023-07-05 15:00:00,2023,7,16,22538,139.04,HOEP (Legacy)
2023-07-05 16:00:00,2023,7,17,22652,104.27,HOEP (Legacy)
2023-07-05 17:00:00,2023,7,18,22686,151.64,HOEP (Legacy)
2023-07-05 18:00:00,2023,7,19,22631,176.27,HOEP (Legacy)
2023-07-05 19:00:00,2023,7,20,22197,131.19,HOEP (Legacy)
2023-07-05 20:00:00,2023,7,21,21695,96.32,HOEP (Legacy)
2023-07-05 21:00:00,2023,7,22,20719,62.12,HOEP (Legacy)
2023-07-05 22:00:00,2023,7,23,18811,39.19,HOEP (Legacy)
2023-07-05 23:00:00,2023,7,24,17482,53.45,HOEP (Legacy)
2023-07-06 00:00:00,2023,7,1,16566,40.51,HOEP (Legacy)
2023-07-06 01:00:00,2023,7,2,15829,33.71,HOEP (Legacy)
2023-07-06 02:00:00,2023,7,3,15440,33.72,HOEP (Legacy)
2023-07-06 03:00:00,2023,7,4,15262,32.97,HOEP (Legacy)
2023-07-06 04:00:00,2023,7,5,15286,33.68,HOEP (Legacy)
2023-07-06 05:00:00,2023,7,6,15997,33.59,HOEP (Legacy)
2023-07-06 06:00:00,2023,7,7,17489,48.41,HOEP (Legacy)
2023-07-06 07:00:00,2023,7,8,19136,54.51,HOEP (Legacy)
2023-07-06 08:00:00,2023,7,9,20070,56.94,HOEP (Legacy)
2023-07-06 09:00:00,2023,7,10,20845,58.3,HOEP (Legacy)
2023-07-06 10:00:00,2023,7,11,21463,72.09,HOEP (Legacy)
2023-07-06 11:00:00,2023,7,12,21882,63.6,HOEP (Legacy)
2023-07-06 12:00:00,2023,7,13,21752,84.36,HOEP (Legacy)
2023-07-06 13:00:00,2023,7,14,21092,40.26,HOEP (Legacy)
2023-07-06 14:00:00,2023,7,15,20061,47.04,HOEP (Legacy)
2023-07-06 15:00:00,2023,7,16,20364,51.19,HOEP (Legacy)
2023-07-06 16:00:00,2023,7,17,20427,83.69,HOEP (Legacy)
2023-07-06 17:00:00,2023,7,18,20545,48.65,HOEP (Legacy)
2023-07-06 18:00:00,2023,7,19,20454,52.48,HOEP (Legacy)
2023-07-06 19:00:00,2023,7,20,20091,79.16,HOEP (Legacy)
2023-07-06 20:00:00,2023,7,21,20021,55.21,HOEP (Legacy)
2023-07-06 21:00:00,2023,7,22,19222,40.79,HOEP (Legacy)
2023-07-06 22:00:00,2023,7,23,17582,34.58,HOEP (Legacy)
2023-07-06 23:00:00,2023,7,24,16484,34.2,HOEP (Legacy)
2023-07-07 00:00:00,2023,7,1,15722,36.47,HOEP (Legacy)
2023-07-07 01:00:00,2023,7,2,15088,31.95,HOEP (Legacy)
2023-07-07 02:00:00,2023,7,3,14443,35.01,HOEP (Legacy)
2023-07-07 03:00:00,2023,7,4,14400,27.85,HOEP (Legacy)
2023-07-07 04:00:00,2023,7,5,14343,35.56,HOEP (Legacy)
2023-07-07 05:00:00,2023,7,6,14972,26.88,HOEP (Legacy)
2023-07-07 06:00:00,2023,7,7,16060,33.74,HOEP (Legacy)
2023-07-07 07:00:00,2023,7,8,16956,37.56,HOEP (Legacy)
2023-07-07 08:00:00,2023,7,9,17671,36.94,HOEP (Legacy)
2023-07-07 09:00:00,2023,7,10,18158,36.8,HOEP (Legacy)
2023-07-07 10:00:00,2023,7,11,18459,37.75,HOEP (Legacy)
2023-07-07 11:00:00,2023,7,12,18808,42.19,HOEP (Legacy)
2023-07-07 12:00:00,2023,7,13,18928,39.81,HOEP (Legacy)
2023-07-07 13:00:00,2023,7,14,18952,41.89,HOEP (Legacy)
2023-07-07 14:00:00,2023,7,15,19231,57.33,HOEP (Legacy)
2023-07-07 15:00:00,2023,7,16,19536,59.65,HOEP (Legacy)
2023-07-07 16:00:00,2023,7,17,20027,46.59,HOEP (Legacy)
2023-07-07 17:00:00,2023,7,18,20037,76.74,HOEP (Legacy)
2023-07-07 18:00:00,2023,7,19,19984,76.2,HOEP (Legacy)
2023-07-07 19:00:00,2023,7,20,19281,56.33,HOEP (Legacy)
2023-07-07 20:00:00,2023,7,21,18317,35.03,HOEP (Legacy)
2023-07-07 21:00:00,2023,7,22,17155,41.0,HOEP (Legacy)
2023-07-07 22:00:00,2023,7,23,15780,34.82,HOEP (Legacy)
2023-07-07 23:00:00,2023,7,24,14673,32.94,HOEP (Legacy)
2023-07-08 00:00:00,2023,7,1,13630,36.01,HOEP (Legacy)
2023-07-08 01:00:00,2023,7,2,13013,27.94,HOEP (Legacy)
2023-07-08 02:00:00,2023,7,3,12640,28.44,HOEP (Legacy)
2023-07-08 03:00:00,2023,7,4,12486,21.09,HOEP (Legacy)
2023-07-08 04:00:00,2023,7,5,12359,21.56,HOEP (Legacy)
2023-07-08 05:00:00,2023,7,6,12650,22.44,HOEP (Legacy)
2023-07-08 06:00:00,2023,7,7,13260,26.68,HOEP (Legacy)
2023-07-08 07:00:00,2023,7,8,13891,27.28,HOEP (Legacy)
2023-07-08 08:00:00,2023,7,9,14699,28.4,HOEP (Legacy)
2023-07-08 09:00:00,2023,7,10,15642,33.14,HOEP (Legacy)
2023-07-08 10:00:00,2023,7,11,16234,34.75,HOEP (Legacy)
2023-07-08 11:00:00,2023,7,12,16606,39.82,HOEP (Legacy)
2023-07-08 12:00:00,2023,7,13,16809,35.24,HOEP (Legacy)
2023-07-08 13:00:00,2023,7,14,16796,33.71,HOEP (Legacy)
2023-07-08 14:00:00,2023,7,15,16722,31.64,HOEP (Legacy)
2023-07-08 15:00:00,2023,7,16,16994,31.3,HOEP (Legacy)
2023-07-08 16:00:00,2023,7,17,17038,32.32,HOEP (Legacy)
2023-07-08 17:00:00,2023,7,18,16692,31.16,HOEP (Legacy)
2023-07-08 18:00:00,2023,7,19,16636,32.19,HOEP (Legacy)
2023-07-08 19:00:00,2023,7,20,16399,31.82,HOEP (Legacy)
2023-07-08 20:00:00,2023,7,21,16385,31.97,HOEP (Legacy)
2023-07-08 21:00:00,2023,7,22,15538,30.97,HOEP (Legacy)
2023-07-08 22:00:00,2023,7,23,14648,29.53,HOEP (Legacy)
2023-07-08 23:00:00,2023,7,24,13700,31.08,HOEP (Legacy)
2023-07-09 00:00:00,2023,7,1,13050,33.62,HOEP (Legacy)
2023-07-09 01:00:00,2023,7,2,12631,33.43,HOEP (Legacy)
2023-07-09 02:00:00,2023,7,3,12351,32.14,HOEP (Legacy)
2023-07-09 03:00:00,2023,7,4,12223,30.97,HOEP (Legacy)
2023-07-09 04:00:00,2023,7,5,12124,18.55,HOEP (Legacy)
2023-07-09 05:00:00,2023,7,6,12219,25.53,HOEP (Legacy)
2023-07-09 06:00:00,2023,7,7,12802,25.23,HOEP (Legacy)
2023-07-09 07:00:00,2023,7,8,13721,29.53,HOEP (Legacy)
2023-07-09 08:00:00,2023,7,9,14547,28.97,HOEP (Legacy)
2023-07-09 09:00:00,2023,7,10,15030,31.33,HOEP (Legacy)
2023-07-09 10:00:00,2023,7,11,15508,32.68,HOEP (Legacy)
2023-07-09 11:00:00,2023,7,12,16187,32.53,HOEP (Legacy)
2023-07-09 12:00:00,2023,7,13,16450,34.32,HOEP (Legacy)
2023-07-09 13:00:00,2023,7,14,16821,35.42,HOEP (Legacy)
2023-07-09 14:00:00,2023,7,15,17177,33.67,HOEP (Legacy)
2023-07-09 15:00:00,2023,7,16,17510,35.6,HOEP (Legacy)
2023-07-09 16:00:00,2023,7,17,18211,40.02,HOEP (Legacy)
2023-07-09 17:00:00,2023,7,18,18642,44.21,HOEP (Legacy)
2023-07-09 18:00:00,2023,7,19,18567,73.32,HOEP (Legacy)
2023-07-09 19:00:00,2023,7,20,18014,39.01,HOEP (Legacy)
2023-07-09 20:00:00,2023,7,21,17777,37.43,HOEP (Legacy)
2023-07-09 21:00:00,2023,7,22,16992,34.84,HOEP (Legacy)
2023-07-09 22:00:00,2023,7,23,15568,33.09,HOEP (Legacy)
2023-07-09 23:00:00,2023,7,24,14614,27.63,HOEP (Legacy)
2023-07-10 00:00:00,2023,7,1,13891,28.83,HOEP (Legacy)
2023-07-10 01:00:00,2023,7,2,13393,29.19,HOEP (Legacy)
2023-07-10 02:00:00,2023,7,3,13106,28.4,HOEP (Legacy)
2023-07-10 03:00:00,2023,7,4,13047,29.58,HOEP (Legacy)
2023-07-10 04:00:00,2023,7,5,13235,28.87,HOEP (Legacy)
2023-07-10 05:00:00,2023,7,6,14002,26.8,HOEP (Legacy)
2023-07-10 06:00:00,2023,7,7,15073,23.37,HOEP (Legacy)
2023-07-10 07:00:00,2023,7,8,16068,26.79,HOEP (Legacy)
2023-07-10 08:00:00,2023,7,9,17027,31.79,HOEP (Legacy)
2023-07-10 09:00:00,2023,7,10,17639,31.84,HOEP (Legacy)
2023-07-10 10:00:00,2023,7,11,17966,31.74,HOEP (Legacy)
2023-07-10 11:00:00,2023,7,12,18385,31.48,HOEP (Legacy)
2023-07-10 12:00:00,2023,7,13,18902,31.48,HOEP (Legacy)
2023-07-10 13:00:00,2023,7,14,19272,31.72,HOEP (Legacy)
2023-07-10 14:00:00,2023,7,15,19935,34.18,HOEP (Legacy)
2023-07-10 15:00:00,2023,7,16,20549,34.26,HOEP (Legacy)
2023-07-10 16:00:00,2023,7,17,21014,34.38,HOEP (Legacy)
2023-07-10 17:00:00,2023,7,18,21021,37.23,HOEP (Legacy)
2023-07-10 18:00:00,2023,7,19,20833,46.21,HOEP (Legacy)
2023-07-10 19:00:00,2023,7,20,20348,37.92,HOEP (Legacy)
2023-07-10 20:00:00,2023,7,21,19584,32.57,HOEP (Legacy)
2023-07-10 21:00:00,2023,7,22,18497,34.44,HOEP (Legacy)
2023-07-10 22:00:00,2023,7,23,16827,29.32,HOEP (Legacy)
2023-07-10 23:00:00,2023,7,24,15685,23.64,HOEP (Legacy)
2023-07-11 00:00:00,2023,7,1,14666,17.59,HOEP (Legacy)
2023-07-11 01:00:00,2023,7,2,14208,17.2,HOEP (Legacy)
2023-07-11 02:00:00,2023,7,3,13837,14.35,HOEP (Legacy)
2023-07-11 03:00:00,2023,7,4,13645,14.56,HOEP (Legacy)
2023-07-11 04:00:00,2023,7,5,13851,23.11,HOEP (Legacy)
2023-07-11 05:00:00,2023,7,6,14559,20.74,HOEP (Legacy)
2023-07-11 06:00:00,2023,7,7,15796,23.43,HOEP (Legacy)
2023-07-11 07:00:00,2023,7,8,17347,27.67,HOEP (Legacy)
2023-07-11 08:00:00,2023,7,9,18266,32.54,HOEP (Legacy)
2023-07-11 09:00:00,2023,7,10,18733,32.42,HOEP (Legacy)
2023-07-11 10:00:00,2023,7,11,19199,25.47,HOEP (Legacy)
2023-07-11 11:00:00,2023,7,12,19614,31.7,HOEP (Legacy)
2023-07-11 12:00:00,2023,7,13,19912,28.82,HOEP (Legacy)
2023-07-11 13:00:00,2023,7,14,20003,28.01,HOEP (Legacy)
2023-07-11 14:00:00,2023,7,15,20233,28.28,HOEP (Legacy)
2023-07-11 15:00:00,2023,7,16,20349,26.37,HOEP (Legacy)
2023-07-11 16:00:00,2023,7,17,20149,27.13,HOEP (Legacy)
2023-07-11 17:00:00,2023,7,18,19868,27.33,HOEP (Legacy)
2023-07-11 18:00:00,2023,7,19,19443,33.06,HOEP (Legacy)
2023-07-11 19:00:00,2023,7,20,19257,36.0,HOEP (Legacy)
2023-07-11 20:00:00,2023,7,21,19196,38.24,HOEP (Legacy)
2023-07-11 21:00:00,2023,7,22,18151,43.82,HOEP (Legacy)
2023-07-11 22:00:00,2023,7,23,16739,31.68,HOEP (Legacy)
2023-07-11 23:00:00,2023,7,24,15444,26.55,HOEP (Legacy)
2023-07-12 00:00:00,2023,7,1,14329,23.13,HOEP (Legacy)
2023-07-12 01:00:00,2023,7,2,13585,15.19,HOEP (Legacy)
2023-07-12 02:00:00,2023,7,3,13286,13.43,HOEP (Legacy)
2023-07-12 03:00:00,2023,7,4,13056,12.42,HOEP (Legacy)
2023-07-12 04:00:00,2023,7,5,12802,15.47,HOEP (Legacy)
2023-07-12 05:00:00,2023,7,6,13497,15.42,HOEP (Legacy)
2023-07-12 06:00:00,2023,7,7,14810,20.65,HOEP (Legacy)
2023-07-12 07:00:00,2023,7,8,15449,30.61,HOEP (Legacy)
2023-07-12 08:00:00,2023,7,9,15747,31.15,HOEP (Legacy)
2023-07-12 09:00:00,2023,7,10,16027,31.17,HOEP (Legacy)
2023-07-12 10:00:00,2023,7,11,16522,32.68,HOEP (Legacy)
2023-07-12 11:00:00,2023,7,12,17039,31.76,HOEP (Legacy)
2023-07-12 12:00:00,2023,7,13,17303,36.42,HOEP (Legacy)
2023-07-12 13:00:00,2023,7,14,17731,45.75,HOEP (Legacy)
2023-07-12 14:00:00,2023,7,15,18370,50.07,HOEP (Legacy)
2023-07-12 15:00:00,2023,7,16,19249,121.52,HOEP (Legacy)
2023-07-12 16:00:00,2023,7,17,19898,104.85,HOEP (Legacy)
2023-07-12 17:00:00,2023,7,18,19546,38.55,HOEP (Legacy)
2023-07-12 18:00:00,2023,7,19,19001,41.0,HOEP (Legacy)
2023-07-12 19:00:00,2023,7,20,18516,39.27,HOEP (Legacy)
2023-07-12 20:00:00,2023,7,21,18281,36.92,HOEP (Legacy)
2023-07-12 21:00:00,2023,7,22,17140,32.75,HOEP (Legacy)
2023-07-12 22:00:00,2023,7,23,15720,29.75,HOEP (Legacy)
2023-07-12 23:00:00,2023,7,24,14605,28.6,HOEP (Legacy)
2023-07-13 00:00:00,2023,7,1,13800,28.99,HOEP (Legacy)
2023-07-13 01:00:00,2023,7,2,13252,16.99,HOEP (Legacy)
2023-07-13 02:00:00,2023,7,3,12873,13.8,HOEP (Legacy)
2023-07-13 03:00:00,2023,7,4,13130,19.07,HOEP (Legacy)
2023-07-13 04:00:00,2023,7,5,13864,39.81,HOEP (Legacy)
2023-07-13 05:00:00,2023,7,6,14425,29.82,HOEP (Legacy)
2023-07-13 06:00:00,2023,7,7,15153,18.48,HOEP (Legacy)
2023-07-13 07:00:00,2023,7,8,16161,21.79,HOEP (Legacy)
2023-07-13 08:00:00,2023,7,9,16505,21.18,HOEP (Legacy)
2023-07-13 09:00:00,2023,7,10,16774,29.34,HOEP (Legacy)
2023-07-13 10:00:00,2023,7,11,17264,32.52,HOEP (Legacy)
2023-07-13 11:00:00,2023,7,12,17630,37.18,HOEP (Legacy)
2023-07-13 12:00:00,2023,7,13,18134,59.42,HOEP (Legacy)
2023-07-13 13:00:00,2023,7,14,18067,33.71,HOEP (Legacy)
2023-07-13 14:00:00,2023,7,15,17805,32.17,HOEP (Legacy)
2023-07-13 15:00:00,2023,7,16,17743,31.91,HOEP (Legacy)
2023-07-13 16:00:00,2023,7,17,18035,34.13,HOEP (Legacy)
2023-07-13 17:00:00,2023,7,18,18246,34.04,HOEP (Legacy)
2023-07-13 18:00:00,2023,7,19,18184,43.51,HOEP (Legacy)
2023-07-13 19:00:00,2023,7,20,17955,39.78,HOEP (Legacy)
2023-07-13 20:00:00,2023,7,21,17733,35.08,HOEP (Legacy)
2023-07-13 21:00:00,2023,7,22,16726,33.74,HOEP (Legacy)
2023-07-13 22:00:00,2023,7,23,15451,29.6,HOEP (Legacy)
2023-07-13 23:00:00,2023,7,24,14268,30.57,HOEP (Legacy)
2023-07-14 00:00:00,2023,7,1,13551,32.48,HOEP (Legacy)
2023-07-14 01:00:00,2023,7,2,13043,22.57,HOEP (Legacy)
2023-07-14 02:00:00,2023,7,3,12913,28.49,HOEP (Legacy)
2023-07-14 03:00:00,2023,7,4,12950,27.91,HOEP (Legacy)
2023-07-14 04:00:00,2023,7,5,13250,24.93,HOEP (Legacy)
2023-07-14 05:00:00,2023,7,6,13756,14.63,HOEP (Legacy)
2023-07-14 06:00:00,2023,7,7,14659,27.52,HOEP (Legacy)
2023-07-14 07:00:00,2023,7,8,15648,31.66,HOEP (Legacy)
2023-07-14 08:00:00,2023,7,9,16496,35.82,HOEP (Legacy)
2023-07-14 09:00:00,2023,7,10,16921,33.95,HOEP (Legacy)
2023-07-14 10:00:00,2023,7,11,17199,32.27,HOEP (Legacy)
2023-07-14 11:00:00,2023,7,12,17546,32.29,HOEP (Legacy)
2023-07-14 12:00:00,2023,7,13,17993,33.39,HOEP (Legacy)
2023-07-14 13:00:00,2023,7,14,18150,32.63,HOEP (Legacy)
2023-07-14 14:00:00,2023,7,15,18259,34.78,HOEP (Legacy)
2023-07-14 15:00:00,2023,7,16,19080,40.05,HOEP (Legacy)
2023-07-14 16:00:00,2023,7,17,19628,36.93,HOEP (Legacy)
2023-07-14 17:00:00,2023,7,18,19221,35.9,HOEP (Legacy)
2023-07-14 18:00:00,2023,7,19,18521,31.65,HOEP (Legacy)
2023-07-14 19:00:00,2023,7,20,18419,37.92,HOEP (Legacy)
2023-07-14 20:00:00,2023,7,21,18165,31.95,HOEP (Legacy)
2023-07-14 21:00:00,2023,7,22,17195,31.47,HOEP (Legacy)
2023-07-14 22:00:00,2023,7,23,15890,26.2,HOEP (Legacy)
2023-07-14 23:00:00,2023,7,24,14651,25.15,HOEP (Legacy)
2023-07-15 00:00:00,2023,7,1,13874,26.63,HOEP (Legacy)
2023-07-15 01:00:00,2023,7,2,13403,22.8,HOEP (Legacy)
2023-07-15 02:00:00,2023,7,3,12950,21.96,HOEP (Legacy)
2023-07-15 03:00:00,2023,7,4,12707,21.96,HOEP (Legacy)
2023-07-15 04:00:00,2023,7,5,12657,17.32,HOEP (Legacy)
2023-07-15 05:00:00,2023,7,6,12865,14.62,HOEP (Legacy)
2023-07-15 06:00:00,2023,7,7,13650,22.7,HOEP (Legacy)
2023-07-15 07:00:00,2023,7,8,14512,30.83,HOEP (Legacy)
2023-07-15 08:00:00,2023,7,9,15374,33.31,HOEP (Legacy)
2023-07-15 09:00:00,2023,7,10,16059,34.23,HOEP (Legacy)
2023-07-15 10:00:00,2023,7,11,16612,35.09,HOEP (Legacy)
2023-07-15 11:00:00,2023,7,12,16886,37.2,HOEP (Legacy)
2023-07-15 12:00:00,2023,7,13,17199,40.43,HOEP (Legacy)
2023-07-15 13:00:00,2023,7,14,17402,40.98,HOEP (Legacy)
2023-07-15 14:00:00,2023,7,15,17572,38.43,HOEP (Legacy)
2023-07-15 15:00:00,2023,7,16,17617,38.99,HOEP (Legacy)
2023-07-15 16:00:00,2023,7,17,17749,37.37,HOEP (Legacy)
2023-07-15 17:00:00,2023,7,18,17706,34.89,HOEP (Legacy)
2023-07-15 18:00:00,2023,7,19,17440,36.05,HOEP (Legacy)
2023-07-15 19:00:00,2023,7,20,17092,39.3,HOEP (Legacy)
2023-07-15 20:00:00,2023,7,21,16982,40.06,HOEP (Legacy)
2023-07-15 21:00:00,2023,7,22,16140,30.22,HOEP (Legacy)
2023-07-15 22:00:00,2023,7,23,15189,27.51,HOEP (Legacy)
2023-07-15 23:00:00,2023,7,24,14336,27.69,HOEP (Legacy)
2023-07-16 00:00:00,2023,7,1,13676,27.06,HOEP (Legacy)
2023-07-16 01:00:00,2023,7,2,13160,27.18,HOEP (Legacy)
2023-07-16 02:00:00,2023,7,3,12951,27.52,HOEP (Legacy)
2023-07-16 03:00:00,2023,7,4,12743,28.16,HOEP (Legacy)
2023-07-16 04:00:00,2023,7,5,12637,30.33,HOEP (Legacy)
2023-07-16 05:00:00,2023,7,6,12747,14.49,HOEP (Legacy)
2023-07-16 06:00:00,2023,7,7,13275,16.69,HOEP (Legacy)
2023-07-16 07:00:00,2023,7,8,14039,24.15,HOEP (Legacy)
2023-07-16 08:00:00,2023,7,9,14808,27.47,HOEP (Legacy)
2023-07-16 09:00:00,2023,7,10,15808,31.17,HOEP (Legacy)
2023-07-16 10:00:00,2023,7,11,16277,31.32,HOEP (Legacy)
2023-07-16 11:00:00,2023,7,12,16654,31.37,HOEP (Legacy)
2023-07-16 12:00:00,2023,7,13,16982,31.29,HOEP (Legacy)
2023-07-16 13:00:00,2023,7,14,17383,31.37,HOEP (Legacy)
2023-07-16 14:00:00,2023,7,15,17845,30.67,HOEP (Legacy)
2023-07-16 15:00:00,2023,7,16,18449,31.25,HOEP (Legacy)
2023-07-16 16:00:00,2023,7,17,19123,31.29,HOEP (Legacy)
2023-07-16 17:00:00,2023,7,18,19169,31.4,HOEP (Legacy)
2023-07-16 18:00:00,2023,7,19,18972,31.24,HOEP (Legacy)
2023-07-16 19:00:00,2023,7,20,18464,31.23,HOEP (Legacy)
2023-07-16 20:00:00,2023,7,21,18119,30.24,HOEP (Legacy)
2023-07-16 21:00:00,2023,7,22,17116,29.32,HOEP (Legacy)
2023-07-16 22:00:00,2023,7,23,15950,31.37,HOEP (Legacy)
2023-07-16 23:00:00,2023,7,24,14935,26.81,HOEP (Legacy)
2023-07-17 00:00:00,2023,7,1,14138,33.95,HOEP (Legacy)
2023-07-17 01:00:00,2023,7,2,13582,21.78,HOEP (Legacy)
2023-07-17 02:00:00,2023,7,3,13104,24.32,HOEP (Legacy)
2023-07-17 03:00:00,2023,7,4,12898,20.54,HOEP (Legacy)
2023-07-17 04:00:00,2023,7,5,13263,14.59,HOEP (Legacy)
2023-07-17 05:00:00,2023,7,6,13759,24.79,HOEP (Legacy)
2023-07-17 06:00:00,2023,7,7,15027,29.11,HOEP (Legacy)
2023-07-17 07:00:00,2023,7,8,16080,29.56,HOEP (Legacy)
2023-07-17 08:00:00,2023,7,9,16678,31.26,HOEP (Legacy)
2023-07-17 09:00:00,2023,7,10,17109,31.33,HOEP (Legacy)
2023-07-17 10:00:00,2023,7,11,17832,33.03,HOEP (Legacy)
2023-07-17 11:00:00,2023,7,12,18463,39.91,HOEP (Legacy)
2023-07-17 12:00:00,2023,7,13,18836,39.19,HOEP (Legacy)
2023-07-17 13:00:00,2023,7,14,19042,35.9,HOEP (Legacy)
2023-07-17 14:00:00,2023,7,15,19101,31.14,HOEP (Legacy)
2023-07-17 15:00:00,2023,7,16,19607,40.11,HOEP (Legacy)
2023-07-17 16:00:00,2023,7,17,20199,85.16,HOEP (Legacy)
2023-07-17 17:00:00,2023,7,18,20098,50.51,HOEP (Legacy)
2023-07-17 18:00:00,2023,7,19,19867,40.5,HOEP (Legacy)
2023-07-17 19:00:00,2023,7,20,19382,37.38,HOEP (Legacy)
2023-07-17 20:00:00,2023,7,21,19015,55.83,HOEP (Legacy)
2023-07-17 21:00:00,2023,7,22,17751,33.47,HOEP (Legacy)
2023-07-17 22:00:00,2023,7,23,16302,31.39,HOEP (Legacy)
2023-07-17 23:00:00,2023,7,24,14915,28.0,HOEP (Legacy)
2023-07-18 00:00:00,2023,7,1,14114,29.06,HOEP (Legacy)
2023-07-18 01:00:00,2023,7,2,13621,29.43,HOEP (Legacy)
2023-07-18 02:00:00,2023,7,3,13313,29.39,HOEP (Legacy)
2023-07-18 03:00:00,2023,7,4,13249,27.91,HOEP (Legacy)
2023-07-18 04:00:00,2023,7,5,13638,27.0,HOEP (Legacy)
2023-07-18 05:00:00,2023,7,6,14189,24.08,HOEP (Legacy)
2023-07-18 06:00:00,2023,7,7,15178,29.72,HOEP (Legacy)
2023-07-18 07:00:00,2023,7,8,16327,31.89,HOEP (Legacy)
2023-07-18 08:00:00,2023,7,9,17137,34.04,HOEP (Legacy)
2023-07-18 09:00:00,2023,7,10,17611,35.4,HOEP (Legacy)
2023-07-18 10:00:00,2023,7,11,18026,41.66,HOEP (Legacy)
2023-07-18 11:00:00,2023,7,12,18528,38.02,HOEP (Legacy)
2023-07-18 12:00:00,2023,7,13,18751,36.09,HOEP (Legacy)
2023-07-18 13:00:00,2023,7,14,18685,35.74,HOEP (Legacy)
2023-07-18 14:00:00,2023,7,15,18782,34.7,HOEP (Legacy)
2023-07-18 15:00:00,2023,7,16,19256,37.78,HOEP (Legacy)
2023-07-18 16:00:00,2023,7,17,19849,66.71,HOEP (Legacy)
2023-07-18 17:00:00,2023,7,18,19840,44.88,HOEP (Legacy)
2023-07-18 18:00:00,2023,7,19,19712,37.55,HOEP (Legacy)
2023-07-18 19:00:00,2023,7,20,19128,32.12,HOEP (Legacy)
2023-07-18 20:00:00,2023,7,21,18576,32.26,HOEP (Legacy)
2023-07-18 21:00:00,2023,7,22,17420,40.56,HOEP (Legacy)
2023-07-18 22:00:00,2023,7,23,15936,32.6,HOEP (Legacy)
2023-07-18 23:00:00,2023,7,24,14847,31.58,HOEP (Legacy)
2023-07-19 00:00:00,2023,7,1,13982,31.55,HOEP (Legacy)
2023-07-19 01:00:00,2023,7,2,13401,28.94,HOEP (Legacy)
2023-07-19 02:00:00,2023,7,3,13158,27.26,HOEP (Legacy)
2023-07-19 03:00:00,2023,7,4,12948,26.61,HOEP (Legacy)
2023-07-19 04:00:00,2023,7,5,13179,26.69,HOEP (Legacy)
2023-07-19 05:00:00,2023,7,6,13755,26.15,HOEP (Legacy)
2023-07-19 06:00:00,2023,7,7,14982,32.28,HOEP (Legacy)
2023-07-19 07:00:00,2023,7,8,15956,32.48,HOEP (Legacy)
2023-07-19 08:00:00,2023,7,9,16479,32.92,HOEP (Legacy)
2023-07-19 09:00:00,2023,7,10,16876,35.85,HOEP (Legacy)
2023-07-19 10:00:00,2023,7,11,17465,37.39,HOEP (Legacy)
2023-07-19 11:00:00,2023,7,12,18114,39.1,HOEP (Legacy)
2023-07-19 12:00:00,2023,7,13,18530,40.97,HOEP (Legacy)
2023-07-19 13:00:00,2023,7,14,18563,40.03,HOEP (Legacy)
2023-07-19 14:00:00,2023,7,15,18713,38.15,HOEP (Legacy)
2023-07-19 15:00:00,2023,7,16,19114,38.46,HOEP (Legacy)
2023-07-19 16:00:00,2023,7,17,19644,41.34,HOEP (Legacy)
2023-07-19 17:00:00,2023,7,18,19700,38.99,HOEP (Legacy)
2023-07-19 18:00:00,2023,7,19,19601,37.19,HOEP (Legacy)
2023-07-19 19:00:00,2023,7,20,19082,36.41,HOEP (Legacy)
2023-07-19 20:00:00,2023,7,21,18668,48.94,HOEP (Legacy)
2023-07-19 21:00:00,2023,7,22,17558,45.93,HOEP (Legacy)
2023-07-19 22:00:00,2023,7,23,16091,39.2,HOEP (Legacy)
2023-07-19 23:00:00,2023,7,24,15080,32.06,HOEP (Legacy)
2023-07-20 00:00:00,2023,7,1,13999,28.57,HOEP (Legacy)
2023-07-20 01:00:00,2023,7,2,13481,25.85,HOEP (Legacy)
2023-07-20 02:00:00,2023,7,3,13270,23.05,HOEP (Legacy)
2023-07-20 03:00:00,2023,7,4,13221,22.84,HOEP (Legacy)
2023-07-20 04:00:00,2023,7,5,13537,21.43,HOEP (Legacy)
2023-07-20 05:00:00,2023,7,6,14330,22.95,HOEP (Legacy)
2023-07-20 06:00:00,2023,7,7,15309,25.37,HOEP (Legacy)
2023-07-20 07:00:00,2023,7,8,16381,28.41,HOEP (Legacy)
2023-07-20 08:00:00,2023,7,9,17208,32.59,HOEP (Legacy)
2023-07-20 09:00:00,2023,7,10,17660,35.86,HOEP (Legacy)
2023-07-20 10:00:00,2023,7,11,18499,41.11,HOEP (Legacy)
2023-07-20 11:00:00,2023,7,12,19012,38.51,HOEP (Legacy)
2023-07-20 12:00:00,2023,7,13,19515,40.93,HOEP (Legacy)
2023-07-20 13:00:00,2023,7,14,19967,51.18,HOEP (Legacy)
2023-07-20 14:00:00,2023,7,15,20616,91.02,HOEP (Legacy)
2023-07-20 15:00:00,2023,7,16,20689,94.65,HOEP (Legacy)
2023-07-20 16:00:00,2023,7,17,20794,63.4,HOEP (Legacy)
2023-07-20 17:00:00,2023,7,18,20104,38.51,HOEP (Legacy)
2023-07-20 18:00:00,2023,7,19,19597,35.1,HOEP (Legacy)
2023-07-20 19:00:00,2023,7,20,19051,38.05,HOEP (Legacy)
2023-07-20 20:00:00,2023,7,21,18179,32.73,HOEP (Legacy)
2023-07-20 21:00:00,2023,7,22,17234,33.14,HOEP (Legacy)
2023-07-20 22:00:00,2023,7,23,15985,32.89,HOEP (Legacy)
2023-07-20 23:00:00,2023,7,24,14801,30.99,HOEP (Legacy)
2023-07-21 00:00:00,2023,7,1,13987,28.43,HOEP (Legacy)
2023-07-21 01:00:00,2023,7,2,13255,18.15,HOEP (Legacy)
2023-07-21 02:00:00,2023,7,3,12983,14.13,HOEP (Legacy)
2023-07-21 03:00:00,2023,7,4,13002,14.36,HOEP (Legacy)
2023-07-21 04:00:00,2023,7,5,13444,26.14,HOEP (Legacy)
2023-07-21 05:00:00,2023,7,6,14112,32.25,HOEP (Legacy)
2023-07-21 06:00:00,2023,7,7,15432,32.03,HOEP (Legacy)
2023-07-21 07:00:00,2023,7,8,16470,32.98,HOEP (Legacy)
2023-07-21 08:00:00,2023,7,9,16680,32.75,HOEP (Legacy)
2023-07-21 09:00:00,2023,7,10,17040,34.19,HOEP (Legacy)
2023-07-21 10:00:00,2023,7,11,17111,33.86,HOEP (Legacy)
2023-07-21 11:00:00,2023,7,12,17640,35.34,HOEP (Legacy)
2023-07-21 12:00:00,2023,7,13,17864,37.73,HOEP (Legacy)
2023-07-21 13:00:00,2023,7,14,17965,60.1,HOEP (Legacy)
2023-07-21 14:00:00,2023,7,15,18285,58.1,HOEP (Legacy)
2023-07-21 15:00:00,2023,7,16,18586,43.15,HOEP (Legacy)
2023-07-21 16:00:00,2023,7,17,19065,58.63,HOEP (Legacy)
2023-07-21 17:00:00,2023,7,18,19219,71.67,HOEP (Legacy)
2023-07-21 18:00:00,2023,7,19,19068,177.73,HOEP (Legacy)
2023-07-21 19:00:00,2023,7,20,18281,37.64,HOEP (Legacy)
2023-07-21 20:00:00,2023,7,21,17894,41.44,HOEP (Legacy)
2023-07-21 21:00:00,2023,7,22,16975,36.32,HOEP (Legacy)
2023-07-21 22:00:00,2023,7,23,15617,31.57,HOEP (Legacy)
2023-07-21 23:00:00,2023,7,24,14540,32.27,HOEP (Legacy)
2023-07-22 00:00:00,2023,7,1,13838,32.74,HOEP (Legacy)
2023-07-22 01:00:00,2023,7,2,13391,30.39,HOEP (Legacy)
2023-07-22 02:00:00,2023,7,3,13001,25.69,HOEP (Legacy)
2023-07-22 03:00:00,2023,7,4,12785,29.53,HOEP (Legacy)
2023-07-22 04:00:00,2023,7,5,12877,19.65,HOEP (Legacy)
2023-07-22 05:00:00,2023,7,6,12895,29.6,HOEP (Legacy)
2023-07-22 06:00:00,2023,7,7,13467,19.7,HOEP (Legacy)
2023-07-22 07:00:00,2023,7,8,14333,28.57,HOEP (Legacy)
2023-07-22 08:00:00,2023,7,9,15189,28.6,HOEP (Legacy)
2023-07-22 09:00:00,2023,7,10,15760,33.17,HOEP (Legacy)
2023-07-22 10:00:00,2023,7,11,16282,33.33,HOEP (Legacy)
2023-07-22 11:00:00,2023,7,12,16760,34.0,HOEP (Legacy)
2023-07-22 12:00:00,2023,7,13,17068,33.31,HOEP (Legacy)
2023-07-22 13:00:00,2023,7,14,17381,37.09,HOEP (Legacy)
2023-07-22 14:00:00,2023,7,15,17635,35.28,HOEP (Legacy)
2023-07-22 15:00:00,2023,7,16,18239,38.04,HOEP (Legacy)
2023-07-22 16:00:00,2023,7,17,19022,40.37,HOEP (Legacy)
2023-07-22 17:00:00,2023,7,18,19176,70.1,HOEP (Legacy)
2023-07-22 18:00:00,2023,7,19,18839,35.25,HOEP (Legacy)
2023-07-22 19:00:00,2023,7,20,18088,34.63,HOEP (Legacy)
2023-07-22 20:00:00,2023,7,21,17433,32.13,HOEP (Legacy)
2023-07-22 21:00:00,2023,7,22,16546,30.23,HOEP (Legacy)
2023-07-22 22:00:00,2023,7,23,15490,31.24,HOEP (Legacy)
2023-07-22 23:00:00,2023,7,24,14535,29.17,HOEP (Legacy)
2023-07-23 00:00:00,2023,7,1,13536,35.96,HOEP (Legacy)
2023-07-23 01:00:00,2023,7,2,13011,31.17,HOEP (Legacy)
2023-07-23 02:00:00,2023,7,3,12723,19.31,HOEP (Legacy)
2023-07-23 03:00:00,2023,7,4,12525,14.87,HOEP (Legacy)
2023-07-23 04:00:00,2023,7,5,12503,21.18,HOEP (Legacy)
2023-07-23 05:00:00,2023,7,6,12417,19.23,HOEP (Legacy)
2023-07-23 06:00:00,2023,7,7,12717,17.86,HOEP (Legacy)
2023-07-23 07:00:00,2023,7,8,13760,25.86,HOEP (Legacy)
2023-07-23 08:00:00,2023,7,9,14831,27.46,HOEP (Legacy)
2023-07-23 09:00:00,2023,7,10,15895,32.93,HOEP (Legacy)
2023-07-23 10:00:00,2023,7,11,16716,32.59,HOEP (Legacy)
2023-07-23 11:00:00,2023,7,12,17520,34.87,HOEP (Legacy)
2023-07-23 12:00:00,2023,7,13,17882,37.09,HOEP (Legacy)
2023-07-23 13:00:00,2023,7,14,17896,38.39,HOEP (Legacy)
2023-07-23 14:00:00,2023,7,15,17755,35.89,HOEP (Legacy)
2023-07-23 15:00:00,2023,7,16,17876,33.91,HOEP (Legacy)
2023-07-23 16:00:00,2023,7,17,18323,37.07,HOEP (Legacy)
2023-07-23 17:00:00,2023,7,18,18744,37.75,HOEP (Legacy)
2023-07-23 18:00:00,2023,7,19,18485,42.58,HOEP (Legacy)
2023-07-23 19:00:00,2023,7,20,18084,42.03,HOEP (Legacy)
2023-07-23 20:00:00,2023,7,21,17909,43.74,HOEP (Legacy)
2023-07-23 21:00:00,2023,7,22,16710,37.6,HOEP (Legacy)
2023-07-23 22:00:00,2023,7,23,15540,30.95,HOEP (Legacy)
2023-07-23 23:00:00,2023,7,24,14513,29.03,HOEP (Legacy)
2023-07-24 00:00:00,2023,7,1,13642,27.74,HOEP (Legacy)
2023-07-24 01:00:00,2023,7,2,13309,27.82,HOEP (Legacy)
2023-07-24 02:00:00,2023,7,3,13232,35.58,HOEP (Legacy)
2023-07-24 03:00:00,2023,7,4,13272,32.31,HOEP (Legacy)
2023-07-24 04:00:00,2023,7,5,13617,35.13,HOEP (Legacy)
2023-07-24 05:00:00,2023,7,6,14369,28.44,HOEP (Legacy)
2023-07-24 06:00:00,2023,7,7,15334,29.22,HOEP (Legacy)
2023-07-24 07:00:00,2023,7,8,16358,31.16,HOEP (Legacy)
2023-07-24 08:00:00,2023,7,9,17276,37.72,HOEP (Legacy)
2023-07-24 09:00:00,2023,7,10,18051,49.97,HOEP (Legacy)
2023-07-24 10:00:00,2023,7,11,18692,54.37,HOEP (Legacy)
2023-07-24 11:00:00,2023,7,12,19293,58.25,HOEP (Legacy)
2023-07-24 12:00:00,2023,7,13,19707,48.16,HOEP (Legacy)
2023-07-24 13:00:00,2023,7,14,19877,43.41,HOEP (Legacy)
2023-07-24 14:00:00,2023,7,15,20064,50.61,HOEP (Legacy)
2023-07-24 15:00:00,2023,7,16,20356,57.12,HOEP (Legacy)
2023-07-24 16:00:00,2023,7,17,20134,44.22,HOEP (Legacy)
2023-07-24 17:00:00,2023,7,18,20120,48.92,HOEP (Legacy)
2023-07-24 18:00:00,2023,7,19,20179,46.1,HOEP (Legacy)
2023-07-24 19:00:00,2023,7,20,19708,41.05,HOEP (Legacy)
2023-07-24 20:00:00,2023,7,21,19150,42.98,HOEP (Legacy)
2023-07-24 21:00:00,2023,7,22,18124,46.23,HOEP (Legacy)
2023-07-24 22:00:00,2023,7,23,16736,35.12,HOEP (Legacy)
2023-07-24 23:00:00,2023,7,24,15323,32.63,HOEP (Legacy)
2023-07-25 00:00:00,2023,7,1,14462,31.7,HOEP (Legacy)
2023-07-25 01:00:00,2023,7,2,14115,37.71,HOEP (Legacy)
2023-07-25 02:00:00,2023,7,3,13858,32.09,HOEP (Legacy)
2023-07-25 03:00:00,2023,7,4,13608,35.92,HOEP (Legacy)
2023-07-25 04:00:00,2023,7,5,14208,32.26,HOEP (Legacy)
2023-07-25 05:00:00,2023,7,6,14907,31.83,HOEP (Legacy)
2023-07-25 06:00:00,2023,7,7,15941,36.22,HOEP (Legacy)
2023-07-25 07:00:00,2023,7,8,16715,39.14,HOEP (Legacy)
2023-07-25 08:00:00,2023,7,9,17145,38.23,HOEP (Legacy)
2023-07-25 09:00:00,2023,7,10,17738,43.56,HOEP (Legacy)
2023-07-25 10:00:00,2023,7,11,18444,49.7,HOEP (Legacy)
2023-07-25 11:00:00,2023,7,12,19250,59.13,HOEP (Legacy)
2023-07-25 12:00:00,2023,7,13,19818,45.03,HOEP (Legacy)
2023-07-25 13:00:00,2023,7,14,20079,50.56,HOEP (Legacy)
2023-07-25 14:00:00,2023,7,15,20322,59.11,HOEP (Legacy)
2023-07-25 15:00:00,2023,7,16,20866,84.1,HOEP (Legacy)
2023-07-25 16:00:00,2023,7,17,21298,101.98,HOEP (Legacy)
2023-07-25 17:00:00,2023,7,18,21285,71.36,HOEP (Legacy)
2023-07-25 18:00:00,2023,7,19,21122,58.8,HOEP (Legacy)
2023-07-25 19:00:00,2023,7,20,20649,54.3,HOEP (Legacy)
2023-07-25 20:00:00,2023,7,21,20225,61.55,HOEP (Legacy)
2023-07-25 21:00:00,2023,7,22,18977,41.93,HOEP (Legacy)
2023-07-25 22:00:00,2023,7,23,17326,35.98,HOEP (Legacy)
2023-07-25 23:00:00,2023,7,24,16183,32.91,HOEP (Legacy)
2023-07-26 00:00:00,2023,7,1,15460,32.82,HOEP (Legacy)
2023-07-26 01:00:00,2023,7,2,14858,30.83,HOEP (Legacy)
2023-07-26 02:00:00,2023,7,3,14627,29.23,HOEP (Legacy)
2023-07-26 03:00:00,2023,7,4,14593,27.98,HOEP (Legacy)
2023-07-26 04:00:00,2023,7,5,14944,30.4,HOEP (Legacy)
2023-07-26 05:00:00,2023,7,6,15664,30.39,HOEP (Legacy)
2023-07-26 06:00:00,2023,7,7,16847,34.88,HOEP (Legacy)
2023-07-26 07:00:00,2023,7,8,18085,44.03,HOEP (Legacy)
2023-07-26 08:00:00,2023,7,9,18866,43.14,HOEP (Legacy)
2023-07-26 09:00:00,2023,7,10,19397,43.92,HOEP (Legacy)
2023-07-26 10:00:00,2023,7,11,20115,33.11,HOEP (Legacy)
2023-07-26 11:00:00,2023,7,12,20348,36.04,HOEP (Legacy)
2023-07-26 12:00:00,2023,7,13,20706,33.46,HOEP (Legacy)
2023-07-26 13:00:00,2023,7,14,20939,30.22,HOEP (Legacy)
2023-07-26 14:00:00,2023,7,15,21015,25.9,HOEP (Legacy)
2023-07-26 15:00:00,2023,7,16,21060,25.2,HOEP (Legacy)
2023-07-26 16:00:00,2023,7,17,21296,31.22,HOEP (Legacy)
2023-07-26 17:00:00,2023,7,18,20973,36.78,HOEP (Legacy)
2023-07-26 18:00:00,2023,7,19,20776,46.58,HOEP (Legacy)
2023-07-26 19:00:00,2023,7,20,20415,36.31,HOEP (Legacy)
2023-07-26 20:00:00,2023,7,21,19950,27.06,HOEP (Legacy)
2023-07-26 21:00:00,2023,7,22,19092,34.7,HOEP (Legacy)
2023-07-26 22:00:00,2023,7,23,17856,37.63,HOEP (Legacy)
2023-07-26 23:00:00,2023,7,24,16703,32.91,HOEP (Legacy)
2023-07-27 00:00:00,2023,7,1,15948,39.42,HOEP (Legacy)
2023-07-27 01:00:00,2023,7,2,15523,36.28,HOEP (Legacy)
2023-07-27 02:00:00,2023,7,3,15211,35.6,HOEP (Legacy)
2023-07-27 03:00:00,2023,7,4,15177,36.52,HOEP (Legacy)
2023-07-27 04:00:00,2023,7,5,15479,38.15,HOEP (Legacy)
2023-07-27 05:00:00,2023,7,6,16174,35.67,HOEP (Legacy)
2023-07-27 06:00:00,2023,7,7,17165,39.1,HOEP (Legacy)
2023-07-27 07:00:00,2023,7,8,17915,37.44,HOEP (Legacy)
2023-07-27 08:00:00,2023,7,9,18499,38.35,HOEP (Legacy)
2023-07-27 09:00:00,2023,7,10,19421,44.49,HOEP (Legacy)
2023-07-27 10:00:00,2023,7,11,20104,51.38,HOEP (Legacy)
2023-07-27 11:00:00,2023,7,12,20287,43.23,HOEP (Legacy)
2023-07-27 12:00:00,2023,7,13,20310,41.04,HOEP (Legacy)
2023-07-27 13:00:00,2023,7,14,20718,48.58,HOEP (Legacy)
2023-07-27 14:00:00,2023,7,15,20847,56.98,HOEP (Legacy)
2023-07-27 15:00:00,2023,7,16,21261,60.88,HOEP (Legacy)
2023-07-27 16:00:00,2023,7,17,21509,129.82,HOEP (Legacy)
2023-07-27 17:00:00,2023,7,18,21558,75.6,HOEP (Legacy)
2023-07-27 18:00:00,2023,7,19,21448,47.68,HOEP (Legacy)
2023-07-27 19:00:00,2023,7,20,21019,49.84,HOEP (Legacy)
2023-07-27 20:00:00,2023,7,21,20650,51.0,HOEP (Legacy)
2023-07-27 21:00:00,2023,7,22,19711,59.55,HOEP (Legacy)
2023-07-27 22:00:00,2023,7,23,18138,47.04,HOEP (Legacy)
2023-07-27 23:00:00,2023,7,24,16824,42.09,HOEP (Legacy)
2023-07-28 00:00:00,2023,7,1,15854,47.34,HOEP (Legacy)
2023-07-28 01:00:00,2023,7,2,15292,44.77,HOEP (Legacy)
2023-07-28 02:00:00,2023,7,3,14810,38.63,HOEP (Legacy)
2023-07-28 03:00:00,2023,7,4,14516,34.98,HOEP (Legacy)
2023-07-28 04:00:00,2023,7,5,14781,33.67,HOEP (Legacy)
2023-07-28 05:00:00,2023,7,6,15382,29.24,HOEP (Legacy)
2023-07-28 06:00:00,2023,7,7,16640,33.03,HOEP (Legacy)
2023-07-28 07:00:00,2023,7,8,18168,43.0,HOEP (Legacy)
2023-07-28 08:00:00,2023,7,9,19349,46.28,HOEP (Legacy)
2023-07-28 09:00:00,2023,7,10,20049,44.48,HOEP (Legacy)
2023-07-28 10:00:00,2023,7,11,20051,48.09,HOEP (Legacy)
2023-07-28 11:00:00,2023,7,12,20786,56.94,HOEP (Legacy)
2023-07-28 12:00:00,2023,7,13,21115,115.19,HOEP (Legacy)
2023-07-28 13:00:00,2023,7,14,21155,54.24,HOEP (Legacy)
2023-07-28 14:00:00,2023,7,15,21250,56.68,HOEP (Legacy)
2023-07-28 15:00:00,2023,7,16,21246,51.02,HOEP (Legacy)
2023-07-28 16:00:00,2023,7,17,21551,75.59,HOEP (Legacy)
2023-07-28 17:00:00,2023,7,18,20843,42.05,HOEP (Legacy)
2023-07-28 18:00:00,2023,7,19,20861,48.08,HOEP (Legacy)
2023-07-28 19:00:00,2023,7,20,20953,51.58,HOEP (Legacy)
2023-07-28 20:00:00,2023,7,21,20997,82.19,HOEP (Legacy)
2023-07-28 21:00:00,2023,7,22,20032,68.96,HOEP (Legacy)
2023-07-28 22:00:00,2023,7,23,18712,55.39,HOEP (Legacy)
2023-07-28 23:00:00,2023,7,24,17418,41.72,HOEP (Legacy)
2023-07-29 00:00:00,2023,7,1,16392,57.76,HOEP (Legacy)
2023-07-29 01:00:00,2023,7,2,15727,51.44,HOEP (Legacy)
2023-07-29 02:00:00,2023,7,3,15146,39.48,HOEP (Legacy)
2023-07-29 03:00:00,2023,7,4,14880,35.61,HOEP (Legacy)
2023-07-29 04:00:00,2023,7,5,14666,35.19,HOEP (Legacy)
2023-07-29 05:00:00,2023,7,6,14910,34.18,HOEP (Legacy)
2023-07-29 06:00:00,2023,7,7,15520,32.64,HOEP (Legacy)
2023-07-29 07:00:00,2023,7,8,16116,34.04,HOEP (Legacy)
2023-07-29 08:00:00,2023,7,9,16683,36.66,HOEP (Legacy)
2023-07-29 09:00:00,2023,7,10,17194,34.32,HOEP (Legacy)
2023-07-29 10:00:00,2023,7,11,17292,33.22,HOEP (Legacy)
2023-07-29 11:00:00,2023,7,12,17075,29.94,HOEP (Legacy)
2023-07-29 12:00:00,2023,7,13,16673,22.97,HOEP (Legacy)
2023-07-29 13:00:00,2023,7,14,16033,23.24,HOEP (Legacy)
2023-07-29 14:00:00,2023,7,15,15824,23.25,HOEP (Legacy)
2023-07-29 15:00:00,2023,7,16,16272,28.73,HOEP (Legacy)
2023-07-29 16:00:00,2023,7,17,16865,29.66,HOEP (Legacy)
2023-07-29 17:00:00,2023,7,18,17144,32.63,HOEP (Legacy)
2023-07-29 18:00:00,2023,7,19,17404,34.16,HOEP (Legacy)
2023-07-29 19:00:00,2023,7,20,16922,38.11,HOEP (Legacy)
2023-07-29 20:00:00,2023,7,21,16102,33.01,HOEP (Legacy)
2023-07-29 21:00:00,2023,7,22,15417,32.65,HOEP (Legacy)
2023-07-29 22:00:00,2023,7,23,14458,32.27,HOEP (Legacy)
2023-07-29 23:00:00,2023,7,24,13695,28.24,HOEP (Legacy)
2023-07-30 00:00:00,2023,7,1,12934,22.17,HOEP (Legacy)
2023-07-30 01:00:00,2023,7,2,12538,19.22,HOEP (Legacy)
2023-07-30 02:00:00,2023,7,3,12238,22.3,HOEP (Legacy)
2023-07-30 03:00:00,2023,7,4,12126,21.83,HOEP (Legacy)
2023-07-30 04:00:00,2023,7,5,11996,21.75,HOEP (Legacy)
2023-07-30 05:00:00,2023,7,6,11987,22.75,HOEP (Legacy)
2023-07-30 06:00:00,2023,7,7,12356,16.14,HOEP (Legacy)
2023-07-30 07:00:00,2023,7,8,12924,22.75,HOEP (Legacy)
2023-07-30 08:00:00,2023,7,9,13558,27.72,HOEP (Legacy)
2023-07-30 09:00:00,2023,7,10,14215,30.8,HOEP (Legacy)
2023-07-30 10:00:00,2023,7,11,14785,32.17,HOEP (Legacy)
2023-07-30 11:00:00,2023,7,12,15350,31.29,HOEP (Legacy)
2023-07-30 12:00:00,2023,7,13,15739,31.47,HOEP (Legacy)
2023-07-30 13:00:00,2023,7,14,15567,31.84,HOEP (Legacy)
2023-07-30 14:00:00,2023,7,15,15784,28.29,HOEP (Legacy)
2023-07-30 15:00:00,2023,7,16,16338,31.32,HOEP (Legacy)
2023-07-30 16:00:00,2023,7,17,16882,31.88,HOEP (Legacy)
2023-07-30 17:00:00,2023,7,18,17160,32.46,HOEP (Legacy)
2023-07-30 18:00:00,2023,7,19,17014,31.84,HOEP (Legacy)
2023-07-30 19:00:00,2023,7,20,16642,29.66,HOEP (Legacy)
2023-07-30 20:00:00,2023,7,21,16456,33.25,HOEP (Legacy)
2023-07-30 21:00:00,2023,7,22,15739,32.02,HOEP (Legacy)
2023-07-30 22:00:00,2023,7,23,14620,32.89,HOEP (Legacy)
2023-07-30 23:00:00,2023,7,24,13696,27.61,HOEP (Legacy)
2023-07-31 00:00:00,2023,7,1,12807,20.53,HOEP (Legacy)
2023-07-31 01:00:00,2023,7,2,12530,16.74,HOEP (Legacy)
2023-07-31 02:00:00,2023,7,3,12364,24.99,HOEP (Legacy)
2023-07-31 03:00:00,2023,7,4,12509,30.91,HOEP (Legacy)
2023-07-31 04:00:00,2023,7,5,12849,20.48,HOEP (Legacy)
2023-07-31 05:00:00,2023,7,6,13481,22.22,HOEP (Legacy)
2023-07-31 06:00:00,2023,7,7,14341,27.29,HOEP (Legacy)
2023-07-31 07:00:00,2023,7,8,15124,31.83,HOEP (Legacy)
2023-07-31 08:00:00,2023,7,9,15651,32.38,HOEP (Legacy)
2023-07-31 09:00:00,2023,7,10,16103,32.7,HOEP (Legacy)
2023-07-31 10:00:00,2023,7,11,16424,33.33,HOEP (Legacy)
2023-07-31 11:00:00,2023,7,12,16747,32.51,HOEP (Legacy)
2023-07-31 12:00:00,2023,7,13,16955,32.56,HOEP (Legacy)
2023-07-31 13:00:00,2023,7,14,17110,34.78,HOEP (Legacy)
2023-07-31 14:00:00,2023,7,15,17194,47.9,HOEP (Legacy)
2023-07-31 15:00:00,2023,7,16,17679,45.33,HOEP (Legacy)
2023-07-31 16:00:00,2023,7,17,18386,48.24,HOEP (Legacy)
2023-07-31 17:00:00,2023,7,18,18628,75.94,HOEP (Legacy)
2023-07-31 18:00:00,2023,7,19,18417,37.94,HOEP (Legacy)
2023-07-31 19:00:00,2023,7,20,17827,34.28,HOEP (Legacy)
2023-07-31 20:00:00,2023,7,21,17364,39.55,HOEP (Legacy)
2023-07-31 21:00:00,2023,7,22,16390,40.77,HOEP (Legacy)
2023-07-31 22:00:00,2023,7,23,15018,31.96,HOEP (Legacy)
2023-07-31 23:00:00,2023,7,24,14000,28.14,HOEP (Legacy)
2023-08-01 00:00:00,2023,8,1,13310,27.14,HOEP (Legacy)
2023-08-01 01:00:00,2023,8,2,12920,25.96,HOEP (Legacy)
2023-08-01 02:00:00,2023,8,3,12805,31.22,HOEP (Legacy)
2023-08-01 03:00:00,2023,8,4,12790,32.57,HOEP (Legacy)
2023-08-01 04:00:00,2023,8,5,13172,26.5,HOEP (Legacy)
2023-08-01 05:00:00,2023,8,6,13561,27.26,HOEP (Legacy)
2023-08-01 06:00:00,2023,8,7,14418,31.67,HOEP (Legacy)
2023-08-01 07:00:00,2023,8,8,15027,33.01,HOEP (Legacy)
2023-08-01 08:00:00,2023,8,9,15330,34.77,HOEP (Legacy)
2023-08-01 09:00:00,2023,8,10,15943,31.86,HOEP (Legacy)
2023-08-01 10:00:00,2023,8,11,16216,34.58,HOEP (Legacy)
2023-08-01 11:00:00,2023,8,12,16686,36.08,HOEP (Legacy)
2023-08-01 12:00:00,2023,8,13,16890,34.05,HOEP (Legacy)
2023-08-01 13:00:00,2023,8,14,17093,34.09,HOEP (Legacy)
2023-08-01 14:00:00,2023,8,15,17420,39.62,HOEP (Legacy)
2023-08-01 15:00:00,2023,8,16,18059,44.37,HOEP (Legacy)
2023-08-01 16:00:00,2023,8,17,18473,40.42,HOEP (Legacy)
2023-08-01 17:00:00,2023,8,18,18484,36.92,HOEP (Legacy)
2023-08-01 18:00:00,2023,8,19,18207,35.59,HOEP (Legacy)
2023-08-01 19:00:00,2023,8,20,17855,34.5,HOEP (Legacy)
2023-08-01 20:00:00,2023,8,21,17543,50.34,HOEP (Legacy)
2023-08-01 21:00:00,2023,8,22,16489,44.62,HOEP (Legacy)
2023-08-01 22:00:00,2023,8,23,15153,30.1,HOEP (Legacy)
2023-08-01 23:00:00,2023,8,24,14003,27.93,HOEP (Legacy)
2023-08-02 00:00:00,2023,8,1,13337,27.2,HOEP (Legacy)
2023-08-02 01:00:00,2023,8,2,13029,22.41,HOEP (Legacy)
2023-08-02 02:00:00,2023,8,3,12754,27.34,HOEP (Legacy)
2023-08-02 03:00:00,2023,8,4,12633,22.67,HOEP (Legacy)
2023-08-02 04:00:00,2023,8,5,12902,23.74,HOEP (Legacy)
2023-08-02 05:00:00,2023,8,6,13547,27.04,HOEP (Legacy)
2023-08-02 06:00:00,2023,8,7,14384,30.2,HOEP (Legacy)
2023-08-02 07:00:00,2023,8,8,15115,31.36,HOEP (Legacy)
2023-08-02 08:00:00,2023,8,9,15682,29.97,HOEP (Legacy)
2023-08-02 09:00:00,2023,8,10,16231,31.43,HOEP (Legacy)
2023-08-02 10:00:00,2023,8,11,16573,29.81,HOEP (Legacy)
2023-08-02 11:00:00,2023,8,12,17011,31.77,HOEP (Legacy)
2023-08-02 12:00:00,2023,8,13,17318,32.18,HOEP (Legacy)
2023-08-02 13:00:00,2023,8,14,17628,33.4,HOEP (Legacy)
2023-08-02 14:00:00,2023,8,15,18063,32.74,HOEP (Legacy)
2023-08-02 15:00:00,2023,8,16,18318,34.27,HOEP (Legacy)
2023-08-02 16:00:00,2023,8,17,18861,34.77,HOEP (Legacy)
2023-08-02 17:00:00,2023,8,18,18842,35.97,HOEP (Legacy)
2023-08-02 18:00:00,2023,8,19,18644,39.5,HOEP (Legacy)
2023-08-02 19:00:00,2023,8,20,18387,38.04,HOEP (Legacy)
2023-08-02 20:00:00,2023,8,21,18112,33.93,HOEP (Legacy)
2023-08-02 21:00:00,2023,8,22,17094,31.7,HOEP (Legacy)
2023-08-02 22:00:00,2023,8,23,15865,28.08,HOEP (Legacy)
2023-08-02 23:00:00,2023,8,24,14930,27.97,HOEP (Legacy)
2023-08-03 00:00:00,2023,8,1,14275,27.94,HOEP (Legacy)
2023-08-03 01:00:00,2023,8,2,13736,22.73,HOEP (Legacy)
2023-08-03 02:00:00,2023,8,3,13563,27.76,HOEP (Legacy)
2023-08-03 03:00:00,2023,8,4,13592,22.71,HOEP (Legacy)
2023-08-03 04:00:00,2023,8,5,13675,16.26,HOEP (Legacy)
2023-08-03 05:00:00,2023,8,6,14267,17.47,HOEP (Legacy)
2023-08-03 06:00:00,2023,8,7,15319,25.81,HOEP (Legacy)
2023-08-03 07:00:00,2023,8,8,16615,32.95,HOEP (Legacy)
2023-08-03 08:00:00,2023,8,9,17648,36.86,HOEP (Legacy)
2023-08-03 09:00:00,2023,8,10,18568,40.44,HOEP (Legacy)
2023-08-03 10:00:00,2023,8,11,19234,49.57,HOEP (Legacy)
2023-08-03 11:00:00,2023,8,12,19600,49.61,HOEP (Legacy)
2023-08-03 12:00:00,2023,8,13,20009,39.7,HOEP (Legacy)
2023-08-03 13:00:00,2023,8,14,20014,39.18,HOEP (Legacy)
2023-08-03 14:00:00,2023,8,15,20410,38.9,HOEP (Legacy)
2023-08-03 15:00:00,2023,8,16,20940,41.55,HOEP (Legacy)
2023-08-03 16:00:00,2023,8,17,21364,46.56,HOEP (Legacy)
2023-08-03 17:00:00,2023,8,18,21185,49.24,HOEP (Legacy)
2023-08-03 18:00:00,2023,8,19,20789,44.45,HOEP (Legacy)
2023-08-03 19:00:00,2023,8,20,20422,49.62,HOEP (Legacy)
2023-08-03 20:00:00,2023,8,21,19863,51.81,HOEP (Legacy)
2023-08-03 21:00:00,2023,8,22,18166,45.02,HOEP (Legacy)
2023-08-03 22:00:00,2023,8,23,16797,41.87,HOEP (Legacy)
2023-08-03 23:00:00,2023,8,24,15659,51.65,HOEP (Legacy)
2023-08-04 00:00:00,2023,8,1,14690,35.73,HOEP (Legacy)
2023-08-04 01:00:00,2023,8,2,14119,31.96,HOEP (Legacy)
2023-08-04 02:00:00,2023,8,3,13800,30.02,HOEP (Legacy)
2023-08-04 03:00:00,2023,8,4,13645,27.54,HOEP (Legacy)
2023-08-04 04:00:00,2023,8,5,13884,30.26,HOEP (Legacy)
2023-08-04 05:00:00,2023,8,6,14561,30.25,HOEP (Legacy)
2023-08-04 06:00:00,2023,8,7,15441,28.2,HOEP (Legacy)
2023-08-04 07:00:00,2023,8,8,16601,35.52,HOEP (Legacy)
2023-08-04 08:00:00,2023,8,9,17390,36.05,HOEP (Legacy)
2023-08-04 09:00:00,2023,8,10,17658,42.44,HOEP (Legacy)
2023-08-04 10:00:00,2023,8,11,18487,45.04,HOEP (Legacy)
2023-08-04 11:00:00,2023,8,12,18964,44.49,HOEP (Legacy)
2023-08-04 12:00:00,2023,8,13,19037,49.71,HOEP (Legacy)
2023-08-04 13:00:00,2023,8,14,19341,51.17,HOEP (Legacy)
2023-08-04 14:00:00,2023,8,15,19468,48.15,HOEP (Legacy)
2023-08-04 15:00:00,2023,8,16,19967,49.75,HOEP (Legacy)
2023-08-04 16:00:00,2023,8,17,20324,57.65,HOEP (Legacy)
2023-08-04 17:00:00,2023,8,18,20159,65.93,HOEP (Legacy)
2023-08-04 18:00:00,2023,8,19,19531,44.93,HOEP (Legacy)
2023-08-04 19:00:00,2023,8,20,19021,50.5,HOEP (Legacy)
2023-08-04 20:00:00,2023,8,21,18375,36.88,HOEP (Legacy)
2023-08-04 21:00:00,2023,8,22,17285,35.49,HOEP (Legacy)
2023-08-04 22:00:00,2023,8,23,15942,30.48,HOEP (Legacy)
2023-08-04 23:00:00,2023,8,24,14596,27.92,HOEP (Legacy)
2023-08-05 00:00:00,2023,8,1,13894,26.0,HOEP (Legacy)
2023-08-05 01:00:00,2023,8,2,13334,19.68,HOEP (Legacy)
2023-08-05 02:00:00,2023,8,3,13062,19.52,HOEP (Legacy)
2023-08-05 03:00:00,2023,8,4,12758,23.45,HOEP (Legacy)
2023-08-05 04:00:00,2023,8,5,12697,20.84,HOEP (Legacy)
2023-08-05 05:00:00,2023,8,6,12768,20.39,HOEP (Legacy)
2023-08-05 06:00:00,2023,8,7,13182,20.11,HOEP (Legacy)
2023-08-05 07:00:00,2023,8,8,13946,26.82,HOEP (Legacy)
2023-08-05 08:00:00,2023,8,9,14612,28.66,HOEP (Legacy)
2023-08-05 09:00:00,2023,8,10,15306,32.26,HOEP (Legacy)
2023-08-05 10:00:00,2023,8,11,15678,30.06,HOEP (Legacy)
2023-08-05 11:00:00,2023,8,12,16063,32.28,HOEP (Legacy)
2023-08-05 12:00:00,2023,8,13,16205,31.4,HOEP (Legacy)
2023-08-05 13:00:00,2023,8,14,16306,32.18,HOEP (Legacy)
2023-08-05 14:00:00,2023,8,15,16539,33.03,HOEP (Legacy)
2023-08-05 15:00:00,2023,8,16,17119,34.88,HOEP (Legacy)
2023-08-05 16:00:00,2023,8,17,17538,58.2,HOEP (Legacy)
2023-08-05 17:00:00,2023,8,18,17724,36.34,HOEP (Legacy)
2023-08-05 18:00:00,2023,8,19,17399,33.85,HOEP (Legacy)
2023-08-05 19:00:00,2023,8,20,16845,29.96,HOEP (Legacy)
2023-08-05 20:00:00,2023,8,21,16269,27.74,HOEP (Legacy)
2023-08-05 21:00:00,2023,8,22,15445,29.78,HOEP (Legacy)
2023-08-05 22:00:00,2023,8,23,14446,28.22,HOEP (Legacy)
2023-08-05 23:00:00,2023,8,24,13499,27.47,HOEP (Legacy)
2023-08-06 00:00:00,2023,8,1,12872,19.94,HOEP (Legacy)
2023-08-06 01:00:00,2023,8,2,12541,19.02,HOEP (Legacy)
2023-08-06 02:00:00,2023,8,3,12237,14.49,HOEP (Legacy)
2023-08-06 03:00:00,2023,8,4,11864,14.21,HOEP (Legacy)
2023-08-06 04:00:00,2023,8,5,11837,13.33,HOEP (Legacy)
2023-08-06 05:00:00,2023,8,6,11790,13.63,HOEP (Legacy)
2023-08-06 06:00:00,2023,8,7,12192,8.24,HOEP (Legacy)
2023-08-06 07:00:00,2023,8,8,13188,19.4,HOEP (Legacy)
2023-08-06 08:00:00,2023,8,9,14033,27.6,HOEP (Legacy)
2023-08-06 09:00:00,2023,8,10,14532,27.65,HOEP (Legacy)
2023-08-06 10:00:00,2023,8,11,15017,28.32,HOEP (Legacy)
2023-08-06 11:00:00,2023,8,12,15639,29.03,HOEP (Legacy)
2023-08-06 12:00:00,2023,8,13,15971,29.55,HOEP (Legacy)
2023-08-06 13:00:00,2023,8,14,15960,29.46,HOEP (Legacy)
2023-08-06 14:00:00,2023,8,15,16167,29.15,HOEP (Legacy)
2023-08-06 15:00:00,2023,8,16,16604,28.97,HOEP (Legacy)
2023-08-06 16:00:00,2023,8,17,16722,27.65,HOEP (Legacy)
2023-08-06 17:00:00,2023,8,18,16601,27.62,HOEP (Legacy)
2023-08-06 18:00:00,2023,8,19,16268,25.61,HOEP (Legacy)
2023-08-06 19:00:00,2023,8,20,16124,27.6,HOEP (Legacy)
2023-08-06 20:00:00,2023,8,21,15895,27.37,HOEP (Legacy)
2023-08-06 21:00:00,2023,8,22,15214,30.12,HOEP (Legacy)
2023-08-06 22:00:00,2023,8,23,14332,22.2,HOEP (Legacy)
2023-08-06 23:00:00,2023,8,24,13531,26.83,HOEP (Legacy)
2023-08-07 00:00:00,2023,8,1,12998,29.73,HOEP (Legacy)
2023-08-07 01:00:00,2023,8,2,12813,38.91,HOEP (Legacy)
2023-08-07 02:00:00,2023,8,3,12746,40.13,HOEP (Legacy)
2023-08-07 03:00:00,2023,8,4,12565,27.29,HOEP (Legacy)
2023-08-07 04:00:00,2023,8,5,12642,34.5,HOEP (Legacy)
2023-08-07 05:00:00,2023,8,6,13251,36.44,HOEP (Legacy)
2023-08-07 06:00:00,2023,8,7,13874,28.65,HOEP (Legacy)
2023-08-07 07:00:00,2023,8,8,14613,28.18,HOEP (Legacy)
2023-08-07 08:00:00,2023,8,9,15278,30.49,HOEP (Legacy)
2023-08-07 09:00:00,2023,8,10,16050,37.77,HOEP (Legacy)
2023-08-07 10:00:00,2023,8,11,16940,41.02,HOEP (Legacy)
2023-08-07 11:00:00,2023,8,12,17317,64.77,HOEP (Legacy)
2023-08-07 12:00:00,2023,8,13,17289,34.94,HOEP (Legacy)
2023-08-07 13:00:00,2023,8,14,17102,34.81,HOEP (Legacy)
2023-08-07 14:00:00,2023,8,15,17194,32.72,HOEP (Legacy)
2023-08-07 15:00:00,2023,8,16,17681,32.69,HOEP (Legacy)
2023-08-07 16:00:00,2023,8,17,18059,32.26,HOEP (Legacy)
2023-08-07 17:00:00,2023,8,18,17793,32.68,HOEP (Legacy)
2023-08-07 18:00:00,2023,8,19,17450,32.37,HOEP (Legacy)
2023-08-07 19:00:00,2023,8,20,17447,35.99,HOEP (Legacy)
2023-08-07 20:00:00,2023,8,21,17185,41.61,HOEP (Legacy)
2023-08-07 21:00:00,2023,8,22,16288,29.69,HOEP (Legacy)
2023-08-07 22:00:00,2023,8,23,15186,28.78,HOEP (Legacy)
2023-08-07 23:00:00,2023,8,24,14431,29.33,HOEP (Legacy)
2023-08-08 00:00:00,2023,8,1,13888,25.44,HOEP (Legacy)
2023-08-08 01:00:00,2023,8,2,13518,15.58,HOEP (Legacy)
2023-08-08 02:00:00,2023,8,3,13259,14.62,HOEP (Legacy)
2023-08-08 03:00:00,2023,8,4,13262,15.67,HOEP (Legacy)
2023-08-08 04:00:00,2023,8,5,13479,21.41,HOEP (Legacy)
2023-08-08 05:00:00,2023,8,6,14066,24.33,HOEP (Legacy)
2023-08-08 06:00:00,2023,8,7,14761,29.55,HOEP (Legacy)
2023-08-08 07:00:00,2023,8,8,15639,30.5,HOEP (Legacy)
2023-08-08 08:00:00,2023,8,9,16009,31.28,HOEP (Legacy)
2023-08-08 09:00:00,2023,8,10,16557,34.89,HOEP (Legacy)
2023-08-08 10:00:00,2023,8,11,16768,33.86,HOEP (Legacy)
2023-08-08 11:00:00,2023,8,12,17123,33.85,HOEP (Legacy)
2023-08-08 12:00:00,2023,8,13,17425,33.9,HOEP (Legacy)
2023-08-08 13:00:00,2023,8,14,17799,34.52,HOEP (Legacy)
2023-08-08 14:00:00,2023,8,15,18259,40.47,HOEP (Legacy)
2023-08-08 15:00:00,2023,8,16,18564,41.17,HOEP (Legacy)
2023-08-08 16:00:00,2023,8,17,19078,55.74,HOEP (Legacy)
2023-08-08 17:00:00,2023,8,18,19058,35.33,HOEP (Legacy)
2023-08-08 18:00:00,2023,8,19,18799,32.61,HOEP (Legacy)
2023-08-08 19:00:00,2023,8,20,18402,35.73,HOEP (Legacy)
2023-08-08 20:00:00,2023,8,21,17991,34.64,HOEP (Legacy)
2023-08-08 21:00:00,2023,8,22,16877,37.25,HOEP (Legacy)
2023-08-08 22:00:00,2023,8,23,15590,33.07,HOEP (Legacy)
2023-08-08 23:00:00,2023,8,24,14334,29.93,HOEP (Legacy)
2023-08-09 00:00:00,2023,8,1,13785,30.63,HOEP (Legacy)
2023-08-09 01:00:00,2023,8,2,13565,27.05,HOEP (Legacy)
2023-08-09 02:00:00,2023,8,3,13344,26.15,HOEP (Legacy)
2023-08-09 03:00:00,2023,8,4,13244,21.03,HOEP (Legacy)
2023-08-09 04:00:00,2023,8,5,13474,23.92,HOEP (Legacy)
2023-08-09 05:00:00,2023,8,6,14163,26.12,HOEP (Legacy)
2023-08-09 06:00:00,2023,8,7,15011,29.47,HOEP (Legacy)
2023-08-09 07:00:00,2023,8,8,16054,34.81,HOEP (Legacy)
2023-08-09 08:00:00,2023,8,9,16765,35.55,HOEP (Legacy)
2023-08-09 09:00:00,2023,8,10,17470,40.57,HOEP (Legacy)
2023-08-09 10:00:00,2023,8,11,18143,41.42,HOEP (Legacy)
2023-08-09 11:00:00,2023,8,12,18723,43.73,HOEP (Legacy)
2023-08-09 12:00:00,2023,8,13,19175,42.08,HOEP (Legacy)
2023-08-09 13:00:00,2023,8,14,19531,41.95,HOEP (Legacy)
2023-08-09 14:00:00,2023,8,15,19980,41.78,HOEP (Legacy)
2023-08-09 15:00:00,2023,8,16,20597,44.72,HOEP (Legacy)
2023-08-09 16:00:00,2023,8,17,21281,64.48,HOEP (Legacy)
2023-08-09 17:00:00,2023,8,18,21160,43.48,HOEP (Legacy)
2023-08-09 18:00:00,2023,8,19,20467,42.98,HOEP (Legacy)
2023-08-09 19:00:00,2023,8,20,20054,43.52,HOEP (Legacy)
2023-08-09 20:00:00,2023,8,21,19468,41.51,HOEP (Legacy)
2023-08-09 21:00:00,2023,8,22,18342,40.62,HOEP (Legacy)
2023-08-09 22:00:00,2023,8,23,16776,31.47,HOEP (Legacy)
2023-08-09 23:00:00,2023,8,24,15629,32.16,HOEP (Legacy)
2023-08-10 00:00:00,2023,8,1,14994,36.13,HOEP (Legacy)
2023-08-10 01:00:00,2023,8,2,14147,31.45,HOEP (Legacy)
2023-08-10 02:00:00,2023,8,3,14020,33.37,HOEP (Legacy)
2023-08-10 03:00:00,2023,8,4,13976,28.79,HOEP (Legacy)
2023-08-10 04:00:00,2023,8,5,14081,27.93,HOEP (Legacy)
2023-08-10 05:00:00,2023,8,6,14628,29.33,HOEP (Legacy)
2023-08-10 06:00:00,2023,8,7,15537,32.67,HOEP (Legacy)
2023-08-10 07:00:00,2023,8,8,16735,39.47,HOEP (Legacy)
2023-08-10 08:00:00,2023,8,9,17740,49.24,HOEP (Legacy)
2023-08-10 09:00:00,2023,8,10,18398,49.64,HOEP (Legacy)
2023-08-10 10:00:00,2023,8,11,19128,57.69,HOEP (Legacy)
2023-08-10 11:00:00,2023,8,12,19475,40.44,HOEP (Legacy)
2023-08-10 12:00:00,2023,8,13,18357,32.21,HOEP (Legacy)
2023-08-10 13:00:00,2023,8,14,17928,30.49,HOEP (Legacy)
2023-08-10 14:00:00,2023,8,15,18270,36.46,HOEP (Legacy)
2023-08-10 15:00:00,2023,8,16,18958,53.67,HOEP (Legacy)
2023-08-10 16:00:00,2023,8,17,19437,55.33,HOEP (Legacy)
2023-08-10 17:00:00,2023,8,18,19660,44.31,HOEP (Legacy)
2023-08-10 18:00:00,2023,8,19,19522,45.79,HOEP (Legacy)
2023-08-10 19:00:00,2023,8,20,19110,54.37,HOEP (Legacy)
2023-08-10 20:00:00,2023,8,21,18571,53.02,HOEP (Legacy)
2023-08-10 21:00:00,2023,8,22,17335,36.56,HOEP (Legacy)
2023-08-10 22:00:00,2023,8,23,15680,27.91,HOEP (Legacy)
2023-08-10 23:00:00,2023,8,24,14668,28.05,HOEP (Legacy)
2023-08-11 00:00:00,2023,8,1,13940,29.51,HOEP (Legacy)
2023-08-11 01:00:00,2023,8,2,13772,34.87,HOEP (Legacy)
2023-08-11 02:00:00,2023,8,3,13198,31.22,HOEP (Legacy)
2023-08-11 03:00:00,2023,8,4,12865,27.62,HOEP (Legacy)
2023-08-11 04:00:00,2023,8,5,13143,23.19,HOEP (Legacy)
2023-08-11 05:00:00,2023,8,6,13792,27.85,HOEP (Legacy)
2023-08-11 06:00:00,2023,8,7,14754,29.52,HOEP (Legacy)
2023-08-11 07:00:00,2023,8,8,15566,32.08,HOEP (Legacy)
2023-08-11 08:00:00,2023,8,9,16277,33.67,HOEP (Legacy)
2023-08-11 09:00:00,2023,8,10,16830,35.1,HOEP (Legacy)
2023-08-11 10:00:00,2023,8,11,17198,35.58,HOEP (Legacy)
2023-08-11 11:00:00,2023,8,12,17352,36.26,HOEP (Legacy)
2023-08-11 12:00:00,2023,8,13,17585,34.75,HOEP (Legacy)
2023-08-11 13:00:00,2023,8,14,17726,34.5,HOEP (Legacy)
2023-08-11 14:00:00,2023,8,15,18026,34.22,HOEP (Legacy)
2023-08-11 15:00:00,2023,8,16,18510,34.96,HOEP (Legacy)
2023-08-11 16:00:00,2023,8,17,19054,35.26,HOEP (Legacy)
2023-08-11 17:00:00,2023,8,18,19039,35.26,HOEP (Legacy)
2023-08-11 18:00:00,2023,8,19,18539,35.19,HOEP (Legacy)
2023-08-11 19:00:00,2023,8,20,18152,35.87,HOEP (Legacy)
2023-08-11 20:00:00,2023,8,21,17781,35.07,HOEP (Legacy)
2023-08-11 21:00:00,2023,8,22,16820,35.19,HOEP (Legacy)
2023-08-11 22:00:00,2023,8,23,15484,30.88,HOEP (Legacy)
2023-08-11 23:00:00,2023,8,24,14489,32.34,HOEP (Legacy)
2023-08-12 00:00:00,2023,8,1,13860,38.07,HOEP (Legacy)
2023-08-12 01:00:00,2023,8,2,13466,23.68,HOEP (Legacy)
2023-08-12 02:00:00,2023,8,3,13192,19.64,HOEP (Legacy)
2023-08-12 03:00:00,2023,8,4,13051,16.49,HOEP (Legacy)
2023-08-12 04:00:00,2023,8,5,13036,14.5,HOEP (Legacy)
2023-08-12 05:00:00,2023,8,6,13222,13.08,HOEP (Legacy)
2023-08-12 06:00:00,2023,8,7,13782,14.44,HOEP (Legacy)
2023-08-12 07:00:00,2023,8,8,14814,26.75,HOEP (Legacy)
2023-08-12 08:00:00,2023,8,9,15628,29.25,HOEP (Legacy)
2023-08-12 09:00:00,2023,8,10,16286,32.31,HOEP (Legacy)
2023-08-12 10:00:00,2023,8,11,16485,32.28,HOEP (Legacy)
2023-08-12 11:00:00,2023,8,12,17326,34.13,HOEP (Legacy)
2023-08-12 12:00:00,2023,8,13,17998,34.39,HOEP (Legacy)
2023-08-12 13:00:00,2023,8,14,18292,34.08,HOEP (Legacy)
2023-08-12 14:00:00,2023,8,15,18258,34.45,HOEP (Legacy)
2023-08-12 15:00:00,2023,8,16,18783,35.62,HOEP (Legacy)
2023-08-12 16:00:00,2023,8,17,19218,64.28,HOEP (Legacy)
2023-08-12 17:00:00,2023,8,18,19128,127.16,HOEP (Legacy)
2023-08-12 18:00:00,2023,8,19,18610,39.47,HOEP (Legacy)
2023-08-12 19:00:00,2023,8,20,17844,34.17,HOEP (Legacy)
2023-08-12 20:00:00,2023,8,21,17479,34.96,HOEP (Legacy)
2023-08-12 21:00:00,2023,8,22,16646,33.08,HOEP (Legacy)
2023-08-12 22:00:00,2023,8,23,15592,33.03,HOEP (Legacy)
2023-08-12 23:00:00,2023,8,24,14631,31.5,HOEP (Legacy)
2023-08-13 00:00:00,2023,8,1,13826,39.26,HOEP (Legacy)
2023-08-13 01:00:00,2023,8,2,13302,41.2,HOEP (Legacy)
2023-08-13 02:00:00,2023,8,3,12888,28.68,HOEP (Legacy)
2023-08-13 03:00:00,2023,8,4,12527,20.95,HOEP (Legacy)
2023-08-13 04:00:00,2023,8,5,12449,21.92,HOEP (Legacy)
2023-08-13 05:00:00,2023,8,6,12429,20.74,HOEP (Legacy)
2023-08-13 06:00:00,2023,8,7,12911,17.78,HOEP (Legacy)
2023-08-13 07:00:00,2023,8,8,13774,29.82,HOEP (Legacy)
2023-08-13 08:00:00,2023,8,9,14626,31.72,HOEP (Legacy)
2023-08-13 09:00:00,2023,8,10,15387,31.58,HOEP (Legacy)
2023-08-13 10:00:00,2023,8,11,15950,32.81,HOEP (Legacy)
2023-08-13 11:00:00,2023,8,12,16318,32.83,HOEP (Legacy)
2023-08-13 12:00:00,2023,8,13,16474,32.74,HOEP (Legacy)
2023-08-13 13:00:00,2023,8,14,16442,32.04,HOEP (Legacy)
2023-08-13 14:00:00,2023,8,15,16717,33.09,HOEP (Legacy)
2023-08-13 15:00:00,2023,8,16,17247,32.96,HOEP (Legacy)
2023-08-13 16:00:00,2023,8,17,17728,33.85,HOEP (Legacy)
2023-08-13 17:00:00,2023,8,18,18155,34.15,HOEP (Legacy)
2023-08-13 18:00:00,2023,8,19,17859,34.17,HOEP (Legacy)
2023-08-13 19:00:00,2023,8,20,17666,34.43,HOEP (Legacy)
2023-08-13 20:00:00,2023,8,21,17310,36.09,HOEP (Legacy)
2023-08-13 21:00:00,2023,8,22,16438,37.94,HOEP (Legacy)
2023-08-13 22:00:00,2023,8,23,15386,33.49,HOEP (Legacy)
2023-08-13 23:00:00,2023,8,24,14342,30.48,HOEP (Legacy)
2023-08-14 00:00:00,2023,8,1,13672,31.82,HOEP (Legacy)
2023-08-14 01:00:00,2023,8,2,13244,28.47,HOEP (Legacy)
2023-08-14 02:00:00,2023,8,3,12996,29.26,HOEP (Legacy)
2023-08-14 03:00:00,2023,8,4,12994,29.51,HOEP (Legacy)
2023-08-14 04:00:00,2023,8,5,13377,26.71,HOEP (Legacy)
2023-08-14 05:00:00,2023,8,6,14058,32.01,HOEP (Legacy)
2023-08-14 06:00:00,2023,8,7,15051,33.11,HOEP (Legacy)
2023-08-14 07:00:00,2023,8,8,15937,33.7,HOEP (Legacy)
2023-08-14 08:00:00,2023,8,9,16651,35.17,HOEP (Legacy)
2023-08-14 09:00:00,2023,8,10,17080,35.06,HOEP (Legacy)
2023-08-14 10:00:00,2023,8,11,17425,42.02,HOEP (Legacy)
2023-08-14 11:00:00,2023,8,12,17817,41.44,HOEP (Legacy)
2023-08-14 12:00:00,2023,8,13,18331,43.16,HOEP (Legacy)
2023-08-14 13:00:00,2023,8,14,18547,45.07,HOEP (Legacy)
2023-08-14 14:00:00,2023,8,15,18733,43.36,HOEP (Legacy)
2023-08-14 15:00:00,2023,8,16,19167,45.21,HOEP (Legacy)
2023-08-14 16:00:00,2023,8,17,19683,50.17,HOEP (Legacy)
2023-08-14 17:00:00,2023,8,18,19366,39.22,HOEP (Legacy)
2023-08-14 18:00:00,2023,8,19,18743,38.66,HOEP (Legacy)
2023-08-14 19:00:00,2023,8,20,18587,37.23,HOEP (Legacy)
2023-08-14 20:00:00,2023,8,21,18283,37.4,HOEP (Legacy)
2023-08-14 21:00:00,2023,8,22,17096,33.86,HOEP (Legacy)
2023-08-14 22:00:00,2023,8,23,15613,29.7,HOEP (Legacy)
2023-08-14 23:00:00,2023,8,24,14495,16.95,HOEP (Legacy)
2023-08-15 00:00:00,2023,8,1,14027,27.54,HOEP (Legacy)
2023-08-15 01:00:00,2023,8,2,13626,34.13,HOEP (Legacy)
2023-08-15 02:00:00,2023,8,3,13030,16.04,HOEP (Legacy)
2023-08-15 03:00:00,2023,8,4,13081,19.35,HOEP (Legacy)
2023-08-15 04:00:00,2023,8,5,13556,20.55,HOEP (Legacy)
2023-08-15 05:00:00,2023,8,6,14111,24.32,HOEP (Legacy)
2023-08-15 06:00:00,2023,8,7,15094,29.02,HOEP (Legacy)
2023-08-15 07:00:00,2023,8,8,15932,34.4,HOEP (Legacy)
2023-08-15 08:00:00,2023,8,9,16408,34.31,HOEP (Legacy)
2023-08-15 09:00:00,2023,8,10,16753,35.24,HOEP (Legacy)
2023-08-15 10:00:00,2023,8,11,17042,35.5,HOEP (Legacy)
2023-08-15 11:00:00,2023,8,12,17260,34.66,HOEP (Legacy)
2023-08-15 12:00:00,2023,8,13,17431,34.96,HOEP (Legacy)
2023-08-15 13:00:00,2023,8,14,17557,35.21,HOEP (Legacy)
2023-08-15 14:00:00,2023,8,15,17712,34.6,HOEP (Legacy)
2023-08-15 15:00:00,2023,8,16,17796,34.56,HOEP (Legacy)
2023-08-15 16:00:00,2023,8,17,17994,34.49,HOEP (Legacy)
2023-08-15 17:00:00,2023,8,18,17771,34.53,HOEP (Legacy)
2023-08-15 18:00:00,2023,8,19,17743,34.47,HOEP (Legacy)
2023-08-15 19:00:00,2023,8,20,18119,34.73,HOEP (Legacy)
2023-08-15 20:00:00,2023,8,21,17846,40.76,HOEP (Legacy)
2023-08-15 21:00:00,2023,8,22,16784,37.99,HOEP (Legacy)
2023-08-15 22:00:00,2023,8,23,15599,34.6,HOEP (Legacy)
2023-08-15 23:00:00,2023,8,24,14600,32.19,HOEP (Legacy)
2023-08-16 00:00:00,2023,8,1,13911,29.28,HOEP (Legacy)
2023-08-16 01:00:00,2023,8,2,13538,25.92,HOEP (Legacy)
2023-08-16 02:00:00,2023,8,3,13169,22.95,HOEP (Legacy)
2023-08-16 03:00:00,2023,8,4,13175,22.41,HOEP (Legacy)
2023-08-16 04:00:00,2023,8,5,13413,28.31,HOEP (Legacy)
2023-08-16 05:00:00,2023,8,6,13934,28.74,HOEP (Legacy)
2023-08-16 06:00:00,2023,8,7,15002,32.63,HOEP (Legacy)
2023-08-16 07:00:00,2023,8,8,16037,33.92,HOEP (Legacy)
2023-08-16 08:00:00,2023,8,9,16588,34.48,HOEP (Legacy)
2023-08-16 09:00:00,2023,8,10,17195,34.98,HOEP (Legacy)
2023-08-16 10:00:00,2023,8,11,17738,35.14,HOEP (Legacy)
2023-08-16 11:00:00,2023,8,12,18316,36.01,HOEP (Legacy)
2023-08-16 12:00:00,2023,8,13,18750,39.91,HOEP (Legacy)
2023-08-16 13:00:00,2023,8,14,19093,40.45,HOEP (Legacy)
2023-08-16 14:00:00,2023,8,15,19438,38.68,HOEP (Legacy)
2023-08-16 15:00:00,2023,8,16,19945,38.69,HOEP (Legacy)
2023-08-16 16:00:00,2023,8,17,20641,46.87,HOEP (Legacy)
2023-08-16 17:00:00,2023,8,18,20781,39.01,HOEP (Legacy)
2023-08-16 18:00:00,2023,8,19,20516,44.79,HOEP (Legacy)
2023-08-16 19:00:00,2023,8,20,19835,35.55,HOEP (Legacy)
2023-08-16 20:00:00,2023,8,21,19215,35.83,HOEP (Legacy)
2023-08-16 21:00:00,2023,8,22,17844,33.38,HOEP (Legacy)
2023-08-16 22:00:00,2023,8,23,16141,28.78,HOEP (Legacy)
2023-08-16 23:00:00,2023,8,24,15095,29.43,HOEP (Legacy)
2023-08-17 00:00:00,2023,8,1,14315,15.18,HOEP (Legacy)
2023-08-17 01:00:00,2023,8,2,13703,14.37,HOEP (Legacy)
2023-08-17 02:00:00,2023,8,3,13403,14.61,HOEP (Legacy)
2023-08-17 03:00:00,2023,8,4,13308,14.54,HOEP (Legacy)
2023-08-17 04:00:00,2023,8,5,13539,14.32,HOEP (Legacy)
2023-08-17 05:00:00,2023,8,6,14084,14.41,HOEP (Legacy)
2023-08-17 06:00:00,2023,8,7,15199,23.98,HOEP (Legacy)
2023-08-17 07:00:00,2023,8,8,16487,28.59,HOEP (Legacy)
2023-08-17 08:00:00,2023,8,9,17055,30.26,HOEP (Legacy)
2023-08-17 09:00:00,2023,8,10,17687,30.54,HOEP (Legacy)
2023-08-17 10:00:00,2023,8,11,18442,31.5,HOEP (Legacy)
2023-08-17 11:00:00,2023,8,12,18739,32.64,HOEP (Legacy)
2023-08-17 12:00:00,2023,8,13,18903,32.97,HOEP (Legacy)
2023-08-17 13:00:00,2023,8,14,19025,33.14,HOEP (Legacy)
2023-08-17 14:00:00,2023,8,15,19206,31.42,HOEP (Legacy)
2023-08-17 15:00:00,2023,8,16,19567,33.08,HOEP (Legacy)
2023-08-17 16:00:00,2023,8,17,19907,31.13,HOEP (Legacy)
2023-08-17 17:00:00,2023,8,18,19179,28.68,HOEP (Legacy)
2023-08-17 18:00:00,2023,8,19,18850,30.74,HOEP (Legacy)
2023-08-17 19:00:00,2023,8,20,19024,30.46,HOEP (Legacy)
2023-08-17 20:00:00,2023,8,21,18529,28.14,HOEP (Legacy)
2023-08-17 21:00:00,2023,8,22,17321,32.91,HOEP (Legacy)
2023-08-17 22:00:00,2023,8,23,15885,28.09,HOEP (Legacy)
2023-08-17 23:00:00,2023,8,24,14489,26.04,HOEP (Legacy)
2023-08-18 00:00:00,2023,8,1,13970,9.28,HOEP (Legacy)
2023-08-18 01:00:00,2023,8,2,13443,10.78,HOEP (Legacy)
2023-08-18 02:00:00,2023,8,3,13076,0.0,HOEP (Legacy)
2023-08-18 03:00:00,2023,8,4,12829,0.0,HOEP (Legacy)
2023-08-18 04:00:00,2023,8,5,13128,4.89,HOEP (Legacy)
2023-08-18 05:00:00,2023,8,6,13839,3.67,HOEP (Legacy)
2023-08-18 06:00:00,2023,8,7,14496,7.69,HOEP (Legacy)
2023-08-18 07:00:00,2023,8,8,15358,24.53,HOEP (Legacy)
2023-08-18 08:00:00,2023,8,9,15512,28.56,HOEP (Legacy)
2023-08-18 09:00:00,2023,8,10,15468,28.46,HOEP (Legacy)
2023-08-18 10:00:00,2023,8,11,15631,24.49,HOEP (Legacy)
2023-08-18 11:00:00,2023,8,12,15723,27.94,HOEP (Legacy)
2023-08-18 12:00:00,2023,8,13,15723,26.95,HOEP (Legacy)
2023-08-18 13:00:00,2023,8,14,15699,19.44,HOEP (Legacy)
2023-08-18 14:00:00,2023,8,15,15633,15.7,HOEP (Legacy)
2023-08-18 15:00:00,2023,8,16,15838,17.95,HOEP (Legacy)
2023-08-18 16:00:00,2023,8,17,16002,25.39,HOEP (Legacy)
2023-08-18 17:00:00,2023,8,18,16159,28.68,HOEP (Legacy)
2023-08-18 18:00:00,2023,8,19,16045,29.46,HOEP (Legacy)
2023-08-18 19:00:00,2023,8,20,16246,31.83,HOEP (Legacy)
2023-08-18 20:00:00,2023,8,21,15872,29.81,HOEP (Legacy)
2023-08-18 21:00:00,2023,8,22,15057,26.41,HOEP (Legacy)
2023-08-18 22:00:00,2023,8,23,13969,19.32,HOEP (Legacy)
2023-08-18 23:00:00,2023,8,24,13057,14.88,HOEP (Legacy)
2023-08-19 00:00:00,2023,8,1,12488,4.34,HOEP (Legacy)
2023-08-19 01:00:00,2023,8,2,12057,0.0,HOEP (Legacy)
2023-08-19 02:00:00,2023,8,3,11825,0.0,HOEP (Legacy)
2023-08-19 03:00:00,2023,8,4,11776,0.0,HOEP (Legacy)
2023-08-19 04:00:00,2023,8,5,11831,0.0,HOEP (Legacy)
2023-08-19 05:00:00,2023,8,6,12126,3.31,HOEP (Legacy)
2023-08-19 06:00:00,2023,8,7,12725,27.89,HOEP (Legacy)
2023-08-19 07:00:00,2023,8,8,13515,29.8,HOEP (Legacy)
2023-08-19 08:00:00,2023,8,9,13824,19.97,HOEP (Legacy)
2023-08-19 09:00:00,2023,8,10,14269,21.23,HOEP (Legacy)
2023-08-19 10:00:00,2023,8,11,14398,16.1,HOEP (Legacy)
2023-08-19 11:00:00,2023,8,12,14440,14.41,HOEP (Legacy)
2023-08-19 12:00:00,2023,8,13,14617,16.56,HOEP (Legacy)
2023-08-19 13:00:00,2023,8,14,14848,17.96,HOEP (Legacy)
2023-08-19 14:00:00,2023,8,15,15081,19.33,HOEP (Legacy)
2023-08-19 15:00:00,2023,8,16,15479,19.24,HOEP (Legacy)
2023-08-19 16:00:00,2023,8,17,16287,20.24,HOEP (Legacy)
2023-08-19 17:00:00,2023,8,18,16665,20.63,HOEP (Legacy)
2023-08-19 18:00:00,2023,8,19,16459,20.49,HOEP (Legacy)
2023-08-19 19:00:00,2023,8,20,16199,27.23,HOEP (Legacy)
2023-08-19 20:00:00,2023,8,21,15820,31.75,HOEP (Legacy)
2023-08-19 21:00:00,2023,8,22,14851,24.09,HOEP (Legacy)
2023-08-19 22:00:00,2023,8,23,13785,15.99,HOEP (Legacy)
2023-08-19 23:00:00,2023,8,24,13096,14.27,HOEP (Legacy)
2023-08-20 00:00:00,2023,8,1,12524,0.0,HOEP (Legacy)
2023-08-20 01:00:00,2023,8,2,12084,0.0,HOEP (Legacy)
2023-08-20 02:00:00,2023,8,3,11865,0.0,HOEP (Legacy)
2023-08-20 03:00:00,2023,8,4,11740,0.0,HOEP (Legacy)
2023-08-20 04:00:00,2023,8,5,11642,0.0,HOEP (Legacy)
2023-08-20 05:00:00,2023,8,6,11865,4.58,HOEP (Legacy)
2023-08-20 06:00:00,2023,8,7,12330,11.41,HOEP (Legacy)
2023-08-20 07:00:00,2023,8,8,13101,17.64,HOEP (Legacy)
2023-08-20 08:00:00,2023,8,9,14127,23.03,HOEP (Legacy)
2023-08-20 09:00:00,2023,8,10,14846,25.4,HOEP (Legacy)
2023-08-20 10:00:00,2023,8,11,15455,28.97,HOEP (Legacy)
2023-08-20 11:00:00,2023,8,12,16248,30.29,HOEP (Legacy)
2023-08-20 12:00:00,2023,8,13,16876,31.96,HOEP (Legacy)
2023-08-20 13:00:00,2023,8,14,17525,32.36,HOEP (Legacy)
2023-08-20 14:00:00,2023,8,15,17968,31.41,HOEP (Legacy)
2023-08-20 15:00:00,2023,8,16,18347,42.61,HOEP (Legacy)
2023-08-20 16:00:00,2023,8,17,18751,39.59,HOEP (Legacy)
2023-08-20 17:00:00,2023,8,18,19048,31.93,HOEP (Legacy)
2023-08-20 18:00:00,2023,8,19,18912,32.63,HOEP (Legacy)
2023-08-20 19:00:00,2023,8,20,19016,45.24,HOEP (Legacy)
2023-08-20 20:00:00,2023,8,21,18772,45.82,HOEP (Legacy)
2023-08-20 21:00:00,2023,8,22,17627,38.8,HOEP (Legacy)
2023-08-20 22:00:00,2023,8,23,16403,33.48,HOEP (Legacy)
2023-08-20 23:00:00,2023,8,24,15308,31.04,HOEP (Legacy)
2023-08-21 00:00:00,2023,8,1,14526,28.73,HOEP (Legacy)
2023-08-21 01:00:00,2023,8,2,14148,21.76,HOEP (Legacy)
2023-08-21 02:00:00,2023,8,3,13917,23.79,HOEP (Legacy)
2023-08-21 03:00:00,2023,8,4,13759,21.83,HOEP (Legacy)
2023-08-21 04:00:00,2023,8,5,13963,25.92,HOEP (Legacy)
2023-08-21 05:00:00,2023,8,6,14636,27.95,HOEP (Legacy)
2023-08-21 06:00:00,2023,8,7,15823,33.05,HOEP (Legacy)
2023-08-21 07:00:00,2023,8,8,16777,32.78,HOEP (Legacy)
2023-08-21 08:00:00,2023,8,9,16914,34.56,HOEP (Legacy)
2023-08-21 09:00:00,2023,8,10,17202,34.48,HOEP (Legacy)
2023-08-21 10:00:00,2023,8,11,17676,41.4,HOEP (Legacy)
2023-08-21 11:00:00,2023,8,12,17924,36.97,HOEP (Legacy)
2023-08-21 12:00:00,2023,8,13,18188,37.13,HOEP (Legacy)
2023-08-21 13:00:00,2023,8,14,18527,38.37,HOEP (Legacy)
2023-08-21 14:00:00,2023,8,15,18730,38.17,HOEP (Legacy)
2023-08-21 15:00:00,2023,8,16,19116,36.04,HOEP (Legacy)
2023-08-21 16:00:00,2023,8,17,19381,36.84,HOEP (Legacy)
2023-08-21 17:00:00,2023,8,18,19137,33.75,HOEP (Legacy)
2023-08-21 18:00:00,2023,8,19,18517,32.12,HOEP (Legacy)
2023-08-21 19:00:00,2023,8,20,18284,31.38,HOEP (Legacy)
2023-08-21 20:00:00,2023,8,21,17552,32.64,HOEP (Legacy)
2023-08-21 21:00:00,2023,8,22,16483,33.58,HOEP (Legacy)
2023-08-21 22:00:00,2023,8,23,15155,32.32,HOEP (Legacy)
2023-08-21 23:00:00,2023,8,24,14294,32.29,HOEP (Legacy)
2023-08-22 00:00:00,2023,8,1,13618,29.97,HOEP (Legacy)
2023-08-22 01:00:00,2023,8,2,12987,17.49,HOEP (Legacy)
2023-08-22 02:00:00,2023,8,3,12760,12.08,HOEP (Legacy)
2023-08-22 03:00:00,2023,8,4,12828,12.04,HOEP (Legacy)
2023-08-22 04:00:00,2023,8,5,13054,17.73,HOEP (Legacy)
2023-08-22 05:00:00,2023,8,6,13693,25.97,HOEP (Legacy)
2023-08-22 06:00:00,2023,8,7,14573,29.77,HOEP (Legacy)
2023-08-22 07:00:00,2023,8,8,15252,32.17,HOEP (Legacy)
2023-08-22 08:00:00,2023,8,9,15598,33.36,HOEP (Legacy)
2023-08-22 09:00:00,2023,8,10,15928,32.14,HOEP (Legacy)
2023-08-22 10:00:00,2023,8,11,16393,31.35,HOEP (Legacy)
2023-08-22 11:00:00,2023,8,12,16723,31.6,HOEP (Legacy)
2023-08-22 12:00:00,2023,8,13,17156,30.5,HOEP (Legacy)
2023-08-22 13:00:00,2023,8,14,17529,31.18,HOEP (Legacy)
2023-08-22 14:00:00,2023,8,15,17681,31.12,HOEP (Legacy)
2023-08-22 15:00:00,2023,8,16,18240,32.04,HOEP (Legacy)
2023-08-22 16:00:00,2023,8,17,18851,35.14,HOEP (Legacy)
2023-08-22 17:00:00,2023,8,18,19028,36.71,HOEP (Legacy)
2023-08-22 18:00:00,2023,8,19,18763,33.22,HOEP (Legacy)
2023-08-22 19:00:00,2023,8,20,18441,31.02,HOEP (Legacy)
2023-08-22 20:00:00,2023,8,21,17738,34.09,HOEP (Legacy)
2023-08-22 21:00:00,2023,8,22,16625,36.57,HOEP (Legacy)
2023-08-22 22:00:00,2023,8,23,15400,32.72,HOEP (Legacy)
2023-08-22 23:00:00,2023,8,24,14358,29.03,HOEP (Legacy)
2023-08-23 00:00:00,2023,8,1,13816,31.14,HOEP (Legacy)
2023-08-23 01:00:00,2023,8,2,13454,30.27,HOEP (Legacy)
2023-08-23 02:00:00,2023,8,3,13192,23.61,HOEP (Legacy)
2023-08-23 03:00:00,2023,8,4,13135,14.4,HOEP (Legacy)
2023-08-23 04:00:00,2023,8,5,13450,16.34,HOEP (Legacy)
2023-08-23 05:00:00,2023,8,6,14142,26.87,HOEP (Legacy)
2023-08-23 06:00:00,2023,8,7,15001,28.75,HOEP (Legacy)
2023-08-23 07:00:00,2023,8,8,15383,28.83,HOEP (Legacy)
2023-08-23 08:00:00,2023,8,9,15829,28.86,HOEP (Legacy)
2023-08-23 09:00:00,2023,8,10,16097,28.88,HOEP (Legacy)
2023-08-23 10:00:00,2023,8,11,16374,28.86,HOEP (Legacy)
2023-08-23 11:00:00,2023,8,12,16377,28.45,HOEP (Legacy)
2023-08-23 12:00:00,2023,8,13,16116,26.19,HOEP (Legacy)
2023-08-23 13:00:00,2023,8,14,16314,28.82,HOEP (Legacy)
2023-08-23 14:00:00,2023,8,15,16439,27.1,HOEP (Legacy)
2023-08-23 15:00:00,2023,8,16,16588,28.96,HOEP (Legacy)
2023-08-23 16:00:00,2023,8,17,17204,38.19,HOEP (Legacy)
2023-08-23 17:00:00,2023,8,18,17339,32.56,HOEP (Legacy)
2023-08-23 18:00:00,2023,8,19,17089,28.88,HOEP (Legacy)
2023-08-23 19:00:00,2023,8,20,17355,32.87,HOEP (Legacy)
2023-08-23 20:00:00,2023,8,21,16704,30.93,HOEP (Legacy)
2023-08-23 21:00:00,2023,8,22,15669,29.16,HOEP (Legacy)
2023-08-23 22:00:00,2023,8,23,14698,29.25,HOEP (Legacy)
2023-08-23 23:00:00,2023,8,24,13888,26.13,HOEP (Legacy)
2023-08-24 00:00:00,2023,8,1,13310,4.16,HOEP (Legacy)
2023-08-24 01:00:00,2023,8,2,13004,1.11,HOEP (Legacy)
2023-08-24 02:00:00,2023,8,3,12818,1.32,HOEP (Legacy)
2023-08-24 03:00:00,2023,8,4,12662,17.66,HOEP (Legacy)
2023-08-24 04:00:00,2023,8,5,13096,18.05,HOEP (Legacy)
2023-08-24 05:00:00,2023,8,6,14148,23.52,HOEP (Legacy)
2023-08-24 06:00:00,2023,8,7,15314,26.11,HOEP (Legacy)
2023-08-24 07:00:00,2023,8,8,16122,29.94,HOEP (Legacy)
2023-08-24 08:00:00,2023,8,9,16553,31.02,HOEP (Legacy)
2023-08-24 09:00:00,2023,8,10,16999,30.72,HOEP (Legacy)
2023-08-24 10:00:00,2023,8,11,17349,30.13,HOEP (Legacy)
2023-08-24 11:00:00,2023,8,12,17555,32.85,HOEP (Legacy)
2023-08-24 12:00:00,2023,8,13,17846,28.5,HOEP (Legacy)
2023-08-24 13:00:00,2023,8,14,18033,29.71,HOEP (Legacy)
2023-08-24 14:00:00,2023,8,15,18229,30.17,HOEP (Legacy)
2023-08-24 15:00:00,2023,8,16,18418,30.72,HOEP (Legacy)
2023-08-24 16:00:00,2023,8,17,18571,29.97,HOEP (Legacy)
2023-08-24 17:00:00,2023,8,18,18570,32.69,HOEP (Legacy)
2023-08-24 18:00:00,2023,8,19,18573,32.54,HOEP (Legacy)
2023-08-24 19:00:00,2023,8,20,18750,32.5,HOEP (Legacy)
2023-08-24 20:00:00,2023,8,21,18010,31.84,HOEP (Legacy)
2023-08-24 21:00:00,2023,8,22,16977,32.96,HOEP (Legacy)
2023-08-24 22:00:00,2023,8,23,15688,30.47,HOEP (Legacy)
2023-08-24 23:00:00,2023,8,24,14632,28.32,HOEP (Legacy)
2023-08-25 00:00:00,2023,8,1,14042,30.83,HOEP (Legacy)
2023-08-25 01:00:00,2023,8,2,13862,29.52,HOEP (Legacy)
2023-08-25 02:00:00,2023,8,3,13674,21.13,HOEP (Legacy)
2023-08-25 03:00:00,2023,8,4,13669,19.93,HOEP (Legacy)
2023-08-25 04:00:00,2023,8,5,14095,23.0,HOEP (Legacy)
2023-08-25 05:00:00,2023,8,6,14848,28.06,HOEP (Legacy)
2023-08-25 06:00:00,2023,8,7,15783,30.4,HOEP (Legacy)
2023-08-25 07:00:00,2023,8,8,16716,32.75,HOEP (Legacy)
2023-08-25 08:00:00,2023,8,9,17210,33.6,HOEP (Legacy)
2023-08-25 09:00:00,2023,8,10,17581,34.39,HOEP (Legacy)
2023-08-25 10:00:00,2023,8,11,17772,35.54,HOEP (Legacy)
2023-08-25 11:00:00,2023,8,12,18014,35.99,HOEP (Legacy)
2023-08-25 12:00:00,2023,8,13,18267,35.52,HOEP (Legacy)
2023-08-25 13:00:00,2023,8,14,18213,34.93,HOEP (Legacy)
2023-08-25 14:00:00,2023,8,15,18421,33.99,HOEP (Legacy)
2023-08-25 15:00:00,2023,8,16,18568,31.31,HOEP (Legacy)
2023-08-25 16:00:00,2023,8,17,18637,31.98,HOEP (Legacy)
2023-08-25 17:00:00,2023,8,18,18493,31.97,HOEP (Legacy)
2023-08-25 18:00:00,2023,8,19,18254,32.13,HOEP (Legacy)
2023-08-25 19:00:00,2023,8,20,18126,32.6,HOEP (Legacy)
2023-08-25 20:00:00,2023,8,21,17581,33.28,HOEP (Legacy)
2023-08-25 21:00:00,2023,8,22,16561,33.29,HOEP (Legacy)
2023-08-25 22:00:00,2023,8,23,15390,32.49,HOEP (Legacy)
2023-08-25 23:00:00,2023,8,24,14386,29.25,HOEP (Legacy)
2023-08-26 00:00:00,2023,8,1,13660,27.11,HOEP (Legacy)
2023-08-26 01:00:00,2023,8,2,13105,26.64,HOEP (Legacy)
2023-08-26 02:00:00,2023,8,3,12810,22.23,HOEP (Legacy)
2023-08-26 03:00:00,2023,8,4,12751,23.65,HOEP (Legacy)
2023-08-26 04:00:00,2023,8,5,12853,17.62,HOEP (Legacy)
2023-08-26 05:00:00,2023,8,6,13057,26.45,HOEP (Legacy)
2023-08-26 06:00:00,2023,8,7,13451,25.62,HOEP (Legacy)
2023-08-26 07:00:00,2023,8,8,14290,27.66,HOEP (Legacy)
2023-08-26 08:00:00,2023,8,9,15179,30.1,HOEP (Legacy)
2023-08-26 09:00:00,2023,8,10,16087,31.58,HOEP (Legacy)
2023-08-26 10:00:00,2023,8,11,16333,31.64,HOEP (Legacy)
2023-08-26 11:00:00,2023,8,12,16481,31.57,HOEP (Legacy)
2023-08-26 12:00:00,2023,8,13,16350,30.42,HOEP (Legacy)
2023-08-26 13:00:00,2023,8,14,16073,30.4,HOEP (Legacy)
2023-08-26 14:00:00,2023,8,15,15998,31.5,HOEP (Legacy)
2023-08-26 15:00:00,2023,8,16,16244,31.3,HOEP (Legacy)
2023-08-26 16:00:00,2023,8,17,16569,30.69,HOEP (Legacy)
2023-08-26 17:00:00,2023,8,18,16303,29.31,HOEP (Legacy)
2023-08-26 18:00:00,2023,8,19,16258,28.24,HOEP (Legacy)
2023-08-26 19:00:00,2023,8,20,15840,27.24,HOEP (Legacy)
2023-08-26 20:00:00,2023,8,21,15307,27.06,HOEP (Legacy)
2023-08-26 21:00:00,2023,8,22,14579,26.94,HOEP (Legacy)
2023-08-26 22:00:00,2023,8,23,13656,26.03,HOEP (Legacy)
2023-08-26 23:00:00,2023,8,24,12998,13.35,HOEP (Legacy)
2023-08-27 00:00:00,2023,8,1,12422,13.34,HOEP (Legacy)
2023-08-27 01:00:00,2023,8,2,12025,13.31,HOEP (Legacy)
2023-08-27 02:00:00,2023,8,3,11752,13.3,HOEP (Legacy)
2023-08-27 03:00:00,2023,8,4,11629,13.32,HOEP (Legacy)
2023-08-27 04:00:00,2023,8,5,11660,13.38,HOEP (Legacy)
2023-08-27 05:00:00,2023,8,6,11755,13.37,HOEP (Legacy)
2023-08-27 06:00:00,2023,8,7,12095,15.87,HOEP (Legacy)
2023-08-27 07:00:00,2023,8,8,12616,26.2,HOEP (Legacy)
2023-08-27 08:00:00,2023,8,9,12979,24.56,HOEP (Legacy)
2023-08-27 09:00:00,2023,8,10,13344,25.71,HOEP (Legacy)
2023-08-27 10:00:00,2023,8,11,13799,26.84,HOEP (Legacy)
2023-08-27 11:00:00,2023,8,12,13981,26.89,HOEP (Legacy)
2023-08-27 12:00:00,2023,8,13,14319,27.49,HOEP (Legacy)
2023-08-27 13:00:00,2023,8,14,14526,28.89,HOEP (Legacy)
2023-08-27 14:00:00,2023,8,15,14749,28.65,HOEP (Legacy)
2023-08-27 15:00:00,2023,8,16,15307,29.42,HOEP (Legacy)
2023-08-27 16:00:00,2023,8,17,16098,30.62,HOEP (Legacy)
2023-08-27 17:00:00,2023,8,18,16476,31.62,HOEP (Legacy)
2023-08-27 18:00:00,2023,8,19,16360,29.17,HOEP (Legacy)
2023-08-27 19:00:00,2023,8,20,16305,31.43,HOEP (Legacy)
2023-08-27 20:00:00,2023,8,21,15817,31.24,HOEP (Legacy)
2023-08-27 21:00:00,2023,8,22,14971,29.73,HOEP (Legacy)
2023-08-27 22:00:00,2023,8,23,13948,28.04,HOEP (Legacy)
2023-08-27 23:00:00,2023,8,24,13208,26.67,HOEP (Legacy)
2023-08-28 00:00:00,2023,8,1,12726,13.98,HOEP (Legacy)
2023-08-28 01:00:00,2023,8,2,12553,14.05,HOEP (Legacy)
2023-08-28 02:00:00,2023,8,3,12238,13.39,HOEP (Legacy)
2023-08-28 03:00:00,2023,8,4,12342,14.26,HOEP (Legacy)
2023-08-28 04:00:00,2023,8,5,12723,17.85,HOEP (Legacy)
2023-08-28 05:00:00,2023,8,6,13422,27.53,HOEP (Legacy)
2023-08-28 06:00:00,2023,8,7,14354,27.33,HOEP (Legacy)
2023-08-28 07:00:00,2023,8,8,15053,29.15,HOEP (Legacy)
2023-08-28 08:00:00,2023,8,9,15317,30.38,HOEP (Legacy)
2023-08-28 09:00:00,2023,8,10,15692,31.59,HOEP (Legacy)
2023-08-28 10:00:00,2023,8,11,16172,31.65,HOEP (Legacy)
2023-08-28 11:00:00,2023,8,12,16746,34.21,HOEP (Legacy)
2023-08-28 12:00:00,2023,8,13,16683,33.56,HOEP (Legacy)
2023-08-28 13:00:00,2023,8,14,16813,33.07,HOEP (Legacy)
2023-08-28 14:00:00,2023,8,15,17298,33.95,HOEP (Legacy)
2023-08-28 15:00:00,2023,8,16,17930,33.72,HOEP (Legacy)
2023-08-28 16:00:00,2023,8,17,18602,35.1,HOEP (Legacy)
2023-08-28 17:00:00,2023,8,18,18652,35.95,HOEP (Legacy)
2023-08-28 18:00:00,2023,8,19,18481,37.29,HOEP (Legacy)
2023-08-28 19:00:00,2023,8,20,18169,34.76,HOEP (Legacy)
2023-08-28 20:00:00,2023,8,21,17479,39.65,HOEP (Legacy)
2023-08-28 21:00:00,2023,8,22,16284,33.5,HOEP (Legacy)
2023-08-28 22:00:00,2023,8,23,15100,31.24,HOEP (Legacy)
2023-08-28 23:00:00,2023,8,24,13941,28.63,HOEP (Legacy)
2023-08-29 00:00:00,2023,8,1,13354,28.54,HOEP (Legacy)
2023-08-29 01:00:00,2023,8,2,12987,27.86,HOEP (Legacy)
2023-08-29 02:00:00,2023,8,3,12706,34.31,HOEP (Legacy)
2023-08-29 03:00:00,2023,8,4,12677,33.12,HOEP (Legacy)
2023-08-29 04:00:00,2023,8,5,13011,23.57,HOEP (Legacy)
2023-08-29 05:00:00,2023,8,6,13838,22.26,HOEP (Legacy)
2023-08-29 06:00:00,2023,8,7,14622,29.66,HOEP (Legacy)
2023-08-29 07:00:00,2023,8,8,15376,32.31,HOEP (Legacy)
2023-08-29 08:00:00,2023,8,9,15826,34.63,HOEP (Legacy)
2023-08-29 09:00:00,2023,8,10,16199,33.5,HOEP (Legacy)
2023-08-29 10:00:00,2023,8,11,16539,33.31,HOEP (Legacy)
2023-08-29 11:00:00,2023,8,12,16889,33.24,HOEP (Legacy)
2023-08-29 12:00:00,2023,8,13,17221,34.45,HOEP (Legacy)
2023-08-29 13:00:00,2023,8,14,17523,34.11,HOEP (Legacy)
2023-08-29 14:00:00,2023,8,15,17717,33.17,HOEP (Legacy)
2023-08-29 15:00:00,2023,8,16,18377,34.11,HOEP (Legacy)
2023-08-29 16:00:00,2023,8,17,19048,32.94,HOEP (Legacy)
2023-08-29 17:00:00,2023,8,18,19013,32.38,HOEP (Legacy)
2023-08-29 18:00:00,2023,8,19,18621,33.71,HOEP (Legacy)
2023-08-29 19:00:00,2023,8,20,18618,34.35,HOEP (Legacy)
2023-08-29 20:00:00,2023,8,21,17932,34.67,HOEP (Legacy)
2023-08-29 21:00:00,2023,8,22,16786,36.34,HOEP (Legacy)
2023-08-29 22:00:00,2023,8,23,15622,31.41,HOEP (Legacy)
2023-08-29 23:00:00,2023,8,24,14281,30.28,HOEP (Legacy)
2023-08-30 00:00:00,2023,8,1,13577,32.01,HOEP (Legacy)
2023-08-30 01:00:00,2023,8,2,13228,19.58,HOEP (Legacy)
2023-08-30 02:00:00,2023,8,3,12913,21.07,HOEP (Legacy)
2023-08-30 03:00:00,2023,8,4,12826,16.2,HOEP (Legacy)
2023-08-30 04:00:00,2023,8,5,13113,15.78,HOEP (Legacy)
2023-08-30 05:00:00,2023,8,6,14038,25.61,HOEP (Legacy)
2023-08-30 06:00:00,2023,8,7,14776,26.84,HOEP (Legacy)
2023-08-30 07:00:00,2023,8,8,15412,27.84,HOEP (Legacy)
2023-08-30 08:00:00,2023,8,9,15734,28.5,HOEP (Legacy)
2023-08-30 09:00:00,2023,8,10,16055,30.86,HOEP (Legacy)
2023-08-30 10:00:00,2023,8,11,16352,31.31,HOEP (Legacy)
2023-08-30 11:00:00,2023,8,12,16338,30.93,HOEP (Legacy)
2023-08-30 12:00:00,2023,8,13,16192,29.29,HOEP (Legacy)
2023-08-30 13:00:00,2023,8,14,16152,29.56,HOEP (Legacy)
2023-08-30 14:00:00,2023,8,15,16408,30.62,HOEP (Legacy)
2023-08-30 15:00:00,2023,8,16,16572,30.18,HOEP (Legacy)
2023-08-30 16:00:00,2023,8,17,16611,28.66,HOEP (Legacy)
2023-08-30 17:00:00,2023,8,18,16319,27.95,HOEP (Legacy)
2023-08-30 18:00:00,2023,8,19,16207,28.63,HOEP (Legacy)
2023-08-30 19:00:00,2023,8,20,16571,32.87,HOEP (Legacy)
2023-08-30 20:00:00,2023,8,21,16002,28.19,HOEP (Legacy)
2023-08-30 21:00:00,2023,8,22,15168,28.87,HOEP (Legacy)
2023-08-30 22:00:00,2023,8,23,14051,28.49,HOEP (Legacy)
2023-08-30 23:00:00,2023,8,24,13201,25.85,HOEP (Legacy)
2023-08-31 00:00:00,2023,8,1,12761,21.78,HOEP (Legacy)
2023-08-31 01:00:00,2023,8,2,12425,20.81,HOEP (Legacy)
2023-08-31 02:00:00,2023,8,3,12226,17.79,HOEP (Legacy)
2023-08-31 03:00:00,2023,8,4,12268,21.57,HOEP (Legacy)
2023-08-31 04:00:00,2023,8,5,12657,27.17,HOEP (Legacy)
2023-08-31 05:00:00,2023,8,6,13542,26.24,HOEP (Legacy)
2023-08-31 06:00:00,2023,8,7,14167,28.13,HOEP (Legacy)
2023-08-31 07:00:00,2023,8,8,14654,27.58,HOEP (Legacy)
2023-08-31 08:00:00,2023,8,9,14744,28.64,HOEP (Legacy)
2023-08-31 09:00:00,2023,8,10,14796,28.19,HOEP (Legacy)
2023-08-31 10:00:00,2023,8,11,14837,29.53,HOEP (Legacy)
2023-08-31 11:00:00,2023,8,12,15226,31.16,HOEP (Legacy)
2023-08-31 12:00:00,2023,8,13,15419,32.79,HOEP (Legacy)
2023-08-31 13:00:00,2023,8,14,15535,31.37,HOEP (Legacy)
2023-08-31 14:00:00,2023,8,15,15814,30.17,HOEP (Legacy)
2023-08-31 15:00:00,2023,8,16,16319,32.14,HOEP (Legacy)
2023-08-31 16:00:00,2023,8,17,17076,32.05,HOEP (Legacy)
2023-08-31 17:00:00,2023,8,18,17476,32.83,HOEP (Legacy)
2023-08-31 18:00:00,2023,8,19,17477,33.08,HOEP (Legacy)
2023-08-31 19:00:00,2023,8,20,17337,33.26,HOEP (Legacy)
2023-08-31 20:00:00,2023,8,21,16740,32.52,HOEP (Legacy)
2023-08-31 21:00:00,2023,8,22,15784,30.26,HOEP (Legacy)
2023-08-31 22:00:00,2023,8,23,14665,28.65,HOEP (Legacy)
2023-08-31 23:00:00,2023,8,24,13665,27.91,HOEP (Legacy)
2023-09-01 00:00:00,2023,9,1,13035,22.03,HOEP (Legacy)
2023-09-01 01:00:00,2023,9,2,12694,19.09,HOEP (Legacy)
2023-09-01 02:00:00,2023,9,3,12512,21.05,HOEP (Legacy)
2023-09-01 03:00:00,2023,9,4,12500,19.54,HOEP (Legacy)
2023-09-01 04:00:00,2023,9,5,12826,17.25,HOEP (Legacy)
2023-09-01 05:00:00,2023,9,6,13695,18.89,HOEP (Legacy)
2023-09-01 06:00:00,2023,9,7,14363,25.05,HOEP (Legacy)
2023-09-01 07:00:00,2023,9,8,14782,31.4,HOEP (Legacy)
2023-09-01 08:00:00,2023,9,9,15199,35.73,HOEP (Legacy)
2023-09-01 09:00:00,2023,9,10,15753,34.37,HOEP (Legacy)
2023-09-01 10:00:00,2023,9,11,16027,31.92,HOEP (Legacy)
2023-09-01 11:00:00,2023,9,12,16152,33.4,HOEP (Legacy)
2023-09-01 12:00:00,2023,9,13,16453,34.14,HOEP (Legacy)
2023-09-01 13:00:00,2023,9,14,16315,33.59,HOEP (Legacy)
2023-09-01 14:00:00,2023,9,15,16679,33.7,HOEP (Legacy)
2023-09-01 15:00:00,2023,9,16,17259,34.81,HOEP (Legacy)
2023-09-01 16:00:00,2023,9,17,17943,36.63,HOEP (Legacy)
2023-09-01 17:00:00,2023,9,18,18091,37.14,HOEP (Legacy)
2023-09-01 18:00:00,2023,9,19,17698,35.42,HOEP (Legacy)
2023-09-01 19:00:00,2023,9,20,17310,32.27,HOEP (Legacy)
2023-09-01 20:00:00,2023,9,21,16609,30.91,HOEP (Legacy)
2023-09-01 21:00:00,2023,9,22,15676,30.77,HOEP (Legacy)
2023-09-01 22:00:00,2023,9,23,14419,29.27,HOEP (Legacy)
2023-09-01 23:00:00,2023,9,24,13683,28.66,HOEP (Legacy)
2023-09-02 00:00:00,2023,9,1,13052,9.33,HOEP (Legacy)
2023-09-02 01:00:00,2023,9,2,12711,14.72,HOEP (Legacy)
2023-09-02 02:00:00,2023,9,3,12563,1.53,HOEP (Legacy)
2023-09-02 03:00:00,2023,9,4,12460,14.36,HOEP (Legacy)
2023-09-02 04:00:00,2023,9,5,12471,12.99,HOEP (Legacy)
2023-09-02 05:00:00,2023,9,6,12691,14.39,HOEP (Legacy)
2023-09-02 06:00:00,2023,9,7,12650,0.0,HOEP (Legacy)
2023-09-02 07:00:00,2023,9,8,13272,10.61,HOEP (Legacy)
2023-09-02 08:00:00,2023,9,9,14223,29.29,HOEP (Legacy)
2023-09-02 09:00:00,2023,9,10,14684,29.44,HOEP (Legacy)
2023-09-02 10:00:00,2023,9,11,15154,29.33,HOEP (Legacy)
2023-09-02 11:00:00,2023,9,12,15715,29.83,HOEP (Legacy)
2023-09-02 12:00:00,2023,9,13,16459,33.6,HOEP (Legacy)
2023-09-02 13:00:00,2023,9,14,16243,31.7,HOEP (Legacy)
2023-09-02 14:00:00,2023,9,15,16097,29.33,HOEP (Legacy)
2023-09-02 15:00:00,2023,9,16,16168,29.33,HOEP (Legacy)
2023-09-02 16:00:00,2023,9,17,16543,29.09,HOEP (Legacy)
2023-09-02 17:00:00,2023,9,18,16769,27.55,HOEP (Legacy)
2023-09-02 18:00:00,2023,9,19,16920,31.68,HOEP (Legacy)
2023-09-02 19:00:00,2023,9,20,16870,36.78,HOEP (Legacy)
2023-09-02 20:00:00,2023,9,21,16136,35.13,HOEP (Legacy)
2023-09-02 21:00:00,2023,9,22,15417,27.3,HOEP (Legacy)
2023-09-02 22:00:00,2023,9,23,14526,26.01,HOEP (Legacy)
2023-09-02 23:00:00,2023,9,24,13649,25.04,HOEP (Legacy)
2023-09-03 00:00:00,2023,9,1,13071,14.35,HOEP (Legacy)
2023-09-03 01:00:00,2023,9,2,12684,14.34,HOEP (Legacy)
2023-09-03 02:00:00,2023,9,3,12471,0.0,HOEP (Legacy)
2023-09-03 03:00:00,2023,9,4,12245,0.0,HOEP (Legacy)
2023-09-03 04:00:00,2023,9,5,12275,0.0,HOEP (Legacy)
2023-09-03 05:00:00,2023,9,6,12544,14.36,HOEP (Legacy)
2023-09-03 06:00:00,2023,9,7,12813,15.67,HOEP (Legacy)
2023-09-03 07:00:00,2023,9,8,13648,25.86,HOEP (Legacy)
2023-09-03 08:00:00,2023,9,9,14670,18.36,HOEP (Legacy)
2023-09-03 09:00:00,2023,9,10,15497,28.83,HOEP (Legacy)
2023-09-03 10:00:00,2023,9,11,16200,31.67,HOEP (Legacy)
2023-09-03 11:00:00,2023,9,12,17033,34.22,HOEP (Legacy)
2023-09-03 12:00:00,2023,9,13,17692,34.32,HOEP (Legacy)
2023-09-03 13:00:00,2023,9,14,18266,34.24,HOEP (Legacy)
2023-09-03 14:00:00,2023,9,15,18798,34.14,HOEP (Legacy)
2023-09-03 15:00:00,2023,9,16,18973,32.8,HOEP (Legacy)
2023-09-03 16:00:00,2023,9,17,19321,33.5,HOEP (Legacy)
2023-09-03 17:00:00,2023,9,18,19209,34.15,HOEP (Legacy)
2023-09-03 18:00:00,2023,9,19,18811,31.2,HOEP (Legacy)
2023-09-03 19:00:00,2023,9,20,18809,32.61,HOEP (Legacy)
2023-09-03 20:00:00,2023,9,21,18088,32.15,HOEP (Legacy)
2023-09-03 21:00:00,2023,9,22,17543,32.69,HOEP (Legacy)
2023-09-03 22:00:00,2023,9,23,16529,31.96,HOEP (Legacy)
2023-09-03 23:00:00,2023,9,24,15443,29.92,HOEP (Legacy)
2023-09-04 00:00:00,2023,9,1,14749,27.91,HOEP (Legacy)
2023-09-04 01:00:00,2023,9,2,14231,28.74,HOEP (Legacy)
2023-09-04 02:00:00,2023,9,3,13805,33.97,HOEP (Legacy)
2023-09-04 03:00:00,2023,9,4,13640,18.3,HOEP (Legacy)
2023-09-04 04:00:00,2023,9,5,13647,24.97,HOEP (Legacy)
2023-09-04 05:00:00,2023,9,6,13819,27.35,HOEP (Legacy)
2023-09-04 06:00:00,2023,9,7,14008,18.96,HOEP (Legacy)
2023-09-04 07:00:00,2023,9,8,14861,26.21,HOEP (Legacy)
2023-09-04 08:00:00,2023,9,9,16154,30.7,HOEP (Legacy)
2023-09-04 09:00:00,2023,9,10,17497,38.66,HOEP (Legacy)
2023-09-04 10:00:00,2023,9,11,18635,49.24,HOEP (Legacy)
2023-09-04 11:00:00,2023,9,12,19479,43.06,HOEP (Legacy)
2023-09-04 12:00:00,2023,9,13,19970,66.44,HOEP (Legacy)
2023-09-04 13:00:00,2023,9,14,20518,69.44,HOEP (Legacy)
2023-09-04 14:00:00,2023,9,15,20790,72.07,HOEP (Legacy)
2023-09-04 15:00:00,2023,9,16,21292,64.86,HOEP (Legacy)
2023-09-04 16:00:00,2023,9,17,21657,103.15,HOEP (Legacy)
2023-09-04 17:00:00,2023,9,18,21725,96.15,HOEP (Legacy)
2023-09-04 18:00:00,2023,9,19,21556,197.41,HOEP (Legacy)
2023-09-04 19:00:00,2023,9,20,21397,110.64,HOEP (Legacy)
2023-09-04 20:00:00,2023,9,21,20938,67.69,HOEP (Legacy)
2023-09-04 21:00:00,2023,9,22,19529,41.26,HOEP (Legacy)
2023-09-04 22:00:00,2023,9,23,17965,36.6,HOEP (Legacy)
2023-09-04 23:00:00,2023,9,24,16823,33.99,HOEP (Legacy)
2023-09-05 00:00:00,2023,9,1,15883,34.63,HOEP (Legacy)
2023-09-05 01:00:00,2023,9,2,15235,33.92,HOEP (Legacy)
2023-09-05 02:00:00,2023,9,3,14880,32.75,HOEP (Legacy)
2023-09-05 03:00:00,2023,9,4,14712,29.48,HOEP (Legacy)
2023-09-05 04:00:00,2023,9,5,14979,33.56,HOEP (Legacy)
2023-09-05 05:00:00,2023,9,6,16133,31.34,HOEP (Legacy)
2023-09-05 06:00:00,2023,9,7,17445,39.1,HOEP (Legacy)
2023-09-05 07:00:00,2023,9,8,18541,56.65,HOEP (Legacy)
2023-09-05 08:00:00,2023,9,9,19738,105.54,HOEP (Legacy)
2023-09-05 09:00:00,2023,9,10,20832,110.89,HOEP (Legacy)
2023-09-05 10:00:00,2023,9,11,21638,126.25,HOEP (Legacy)
2023-09-05 11:00:00,2023,9,12,22144,130.47,HOEP (Legacy)
2023-09-05 12:00:00,2023,9,13,22684,152.16,HOEP (Legacy)
2023-09-05 13:00:00,2023,9,14,22825,147.24,HOEP (Legacy)
2023-09-05 14:00:00,2023,9,15,22910,263.92,HOEP (Legacy)
2023-09-05 15:00:00,2023,9,16,23333,293.52,HOEP (Legacy)
2023-09-05 16:00:00,2023,9,17,23713,334.65,HOEP (Legacy)
2023-09-05 17:00:00,2023,9,18,23476,351.31,HOEP (Legacy)
2023-09-05 18:00:00,2023,9,19,23278,250.4,HOEP (Legacy)
2023-09-05 19:00:00,2023,9,20,23109,210.44,HOEP (Legacy)
2023-09-05 20:00:00,2023,9,21,22326,109.45,HOEP (Legacy)
2023-09-05 21:00:00,2023,9,22,20877,59.18,HOEP (Legacy)
2023-09-05 22:00:00,2023,9,23,19354,40.74,HOEP (Legacy)
2023-09-05 23:00:00,2023,9,24,17959,26.82,HOEP (Legacy)
2023-09-06 00:00:00,2023,9,1,16979,27.6,HOEP (Legacy)
2023-09-06 01:00:00,2023,9,2,16241,28.23,HOEP (Legacy)
2023-09-06 02:00:00,2023,9,3,15863,30.61,HOEP (Legacy)
2023-09-06 03:00:00,2023,9,4,15623,33.76,HOEP (Legacy)
2023-09-06 04:00:00,2023,9,5,16040,37.56,HOEP (Legacy)
2023-09-06 05:00:00,2023,9,6,17187,38.79,HOEP (Legacy)
2023-09-06 06:00:00,2023,9,7,18468,36.04,HOEP (Legacy)
2023-09-06 07:00:00,2023,9,8,19402,41.89,HOEP (Legacy)
2023-09-06 08:00:00,2023,9,9,20009,44.13,HOEP (Legacy)
2023-09-06 09:00:00,2023,9,10,20851,40.56,HOEP (Legacy)
2023-09-06 10:00:00,2023,9,11,21377,46.76,HOEP (Legacy)
2023-09-06 11:00:00,2023,9,12,21940,63.49,HOEP (Legacy)
2023-09-06 12:00:00,2023,9,13,22295,99.79,HOEP (Legacy)
2023-09-06 13:00:00,2023,9,14,22693,99.38,HOEP (Legacy)
2023-09-06 14:00:00,2023,9,15,22367,172.51,HOEP (Legacy)
2023-09-06 15:00:00,2023,9,16,22758,122.45,HOEP (Legacy)
2023-09-06 16:00:00,2023,9,17,22966,298.25,HOEP (Legacy)
2023-09-06 17:00:00,2023,9,18,22300,127.78,HOEP (Legacy)
2023-09-06 18:00:00,2023,9,19,22084,90.65,HOEP (Legacy)
2023-09-06 19:00:00,2023,9,20,22313,127.69,HOEP (Legacy)
2023-09-06 20:00:00,2023,9,21,21547,195.63,HOEP (Legacy)
2023-09-06 21:00:00,2023,9,22,20226,57.65,HOEP (Legacy)
2023-09-06 22:00:00,2023,9,23,18844,56.66,HOEP (Legacy)
2023-09-06 23:00:00,2023,9,24,17563,50.13,HOEP (Legacy)
2023-09-07 00:00:00,2023,9,1,16683,44.24,HOEP (Legacy)
2023-09-07 01:00:00,2023,9,2,15873,45.0,HOEP (Legacy)
2023-09-07 02:00:00,2023,9,3,15561,37.93,HOEP (Legacy)
2023-09-07 03:00:00,2023,9,4,15453,35.61,HOEP (Legacy)
2023-09-07 04:00:00,2023,9,5,15904,35.18,HOEP (Legacy)
2023-09-07 05:00:00,2023,9,6,16869,36.73,HOEP (Legacy)
2023-09-07 06:00:00,2023,9,7,18069,38.73,HOEP (Legacy)
2023-09-07 07:00:00,2023,9,8,18728,44.2,HOEP (Legacy)
2023-09-07 08:00:00,2023,9,9,19272,48.44,HOEP (Legacy)
2023-09-07 09:00:00,2023,9,10,19624,85.14,HOEP (Legacy)
2023-09-07 10:00:00,2023,9,11,19995,128.43,HOEP (Legacy)
2023-09-07 11:00:00,2023,9,12,20522,89.14,HOEP (Legacy)
2023-09-07 12:00:00,2023,9,13,21057,56.59,HOEP (Legacy)
2023-09-07 13:00:00,2023,9,14,20819,76.65,HOEP (Legacy)
2023-09-07 14:00:00,2023,9,15,20277,47.28,HOEP (Legacy)
2023-09-07 15:00:00,2023,9,16,20360,157.99,HOEP (Legacy)
2023-09-07 16:00:00,2023,9,17,21166,49.45,HOEP (Legacy)
2023-09-07 17:00:00,2023,9,18,20228,35.17,HOEP (Legacy)
2023-09-07 18:00:00,2023,9,19,20256,49.55,HOEP (Legacy)
2023-09-07 19:00:00,2023,9,20,20333,56.92,HOEP (Legacy)
2023-09-07 20:00:00,2023,9,21,19490,35.34,HOEP (Legacy)
2023-09-07 21:00:00,2023,9,22,17988,44.41,HOEP (Legacy)
2023-09-07 22:00:00,2023,9,23,16411,43.02,HOEP (Legacy)
2023-09-07 23:00:00,2023,9,24,15329,32.72,HOEP (Legacy)
2023-09-08 00:00:00,2023,9,1,14611,29.8,HOEP (Legacy)
2023-09-08 01:00:00,2023,9,2,14264,29.28,HOEP (Legacy)
2023-09-08 02:00:00,2023,9,3,13991,31.52,HOEP (Legacy)
2023-09-08 03:00:00,2023,9,4,13817,29.55,HOEP (Legacy)
2023-09-08 04:00:00,2023,9,5,14219,33.33,HOEP (Legacy)
2023-09-08 05:00:00,2023,9,6,15196,36.54,HOEP (Legacy)
2023-09-08 06:00:00,2023,9,7,16279,43.25,HOEP (Legacy)
2023-09-08 07:00:00,2023,9,8,16746,44.96,HOEP (Legacy)
2023-09-08 08:00:00,2023,9,9,16631,39.72,HOEP (Legacy)
2023-09-08 09:00:00,2023,9,10,16665,37.0,HOEP (Legacy)
2023-09-08 10:00:00,2023,9,11,16898,34.41,HOEP (Legacy)
2023-09-08 11:00:00,2023,9,12,16932,31.8,HOEP (Legacy)
2023-09-08 12:00:00,2023,9,13,17127,33.6,HOEP (Legacy)
2023-09-08 13:00:00,2023,9,14,16839,34.59,HOEP (Legacy)
2023-09-08 14:00:00,2023,9,15,16746,34.45,HOEP (Legacy)
2023-09-08 15:00:00,2023,9,16,16864,37.83,HOEP (Legacy)
2023-09-08 16:00:00,2023,9,17,17440,38.53,HOEP (Legacy)
2023-09-08 17:00:00,2023,9,18,16929,28.6,HOEP (Legacy)
2023-09-08 18:00:00,2023,9,19,16736,27.56,HOEP (Legacy)
2023-09-08 19:00:00,2023,9,20,16979,31.03,HOEP (Legacy)
2023-09-08 20:00:00,2023,9,21,16358,32.91,HOEP (Legacy)
2023-09-08 21:00:00,2023,9,22,15548,29.51,HOEP (Legacy)
2023-09-08 22:00:00,2023,9,23,14499,27.16,HOEP (Legacy)
2023-09-08 23:00:00,2023,9,24,13651,23.4,HOEP (Legacy)
2023-09-09 00:00:00,2023,9,1,13174,32.12,HOEP (Legacy)
2023-09-09 01:00:00,2023,9,2,12819,31.46,HOEP (Legacy)
2023-09-09 02:00:00,2023,9,3,12648,35.33,HOEP (Legacy)
2023-09-09 03:00:00,2023,9,4,12580,28.46,HOEP (Legacy)
2023-09-09 04:00:00,2023,9,5,12701,31.08,HOEP (Legacy)
2023-09-09 05:00:00,2023,9,6,13055,31.4,HOEP (Legacy)
2023-09-09 06:00:00,2023,9,7,13401,30.6,HOEP (Legacy)
2023-09-09 07:00:00,2023,9,8,13794,30.22,HOEP (Legacy)
2023-09-09 08:00:00,2023,9,9,14003,30.79,HOEP (Legacy)
2023-09-09 09:00:00,2023,9,10,14251,30.4,HOEP (Legacy)
2023-09-09 10:00:00,2023,9,11,14592,33.16,HOEP (Legacy)
2023-09-09 11:00:00,2023,9,12,15009,33.7,HOEP (Legacy)
2023-09-09 12:00:00,2023,9,13,15123,34.69,HOEP (Legacy)
2023-09-09 13:00:00,2023,9,14,15019,33.01,HOEP (Legacy)
2023-09-09 14:00:00,2023,9,15,14920,31.05,HOEP (Legacy)
2023-09-09 15:00:00,2023,9,16,15287,34.97,HOEP (Legacy)
2023-09-09 16:00:00,2023,9,17,15793,34.03,HOEP (Legacy)
2023-09-09 17:00:00,2023,9,18,15981,36.63,HOEP (Legacy)
2023-09-09 18:00:00,2023,9,19,15996,44.12,HOEP (Legacy)
2023-09-09 19:00:00,2023,9,20,16069,35.3,HOEP (Legacy)
2023-09-09 20:00:00,2023,9,21,15590,32.32,HOEP (Legacy)
2023-09-09 21:00:00,2023,9,22,14871,39.7,HOEP (Legacy)
2023-09-09 22:00:00,2023,9,23,14034,34.23,HOEP (Legacy)
2023-09-09 23:00:00,2023,9,24,13169,33.26,HOEP (Legacy)
2023-09-10 00:00:00,2023,9,1,12666,34.65,HOEP (Legacy)
2023-09-10 01:00:00,2023,9,2,12343,33.11,HOEP (Legacy)
2023-09-10 02:00:00,2023,9,3,12165,30.85,HOEP (Legacy)
2023-09-10 03:00:00,2023,9,4,12125,38.51,HOEP (Legacy)
2023-09-10 04:00:00,2023,9,5,12252,31.28,HOEP (Legacy)
2023-09-10 05:00:00,2023,9,6,12394,32.13,HOEP (Legacy)
2023-09-10 06:00:00,2023,9,7,12729,26.02,HOEP (Legacy)
2023-09-10 07:00:00,2023,9,8,13251,27.99,HOEP (Legacy)
2023-09-10 08:00:00,2023,9,9,13815,31.33,HOEP (Legacy)
2023-09-10 09:00:00,2023,9,10,14355,32.39,HOEP (Legacy)
2023-09-10 10:00:00,2023,9,11,14832,34.21,HOEP (Legacy)
2023-09-10 11:00:00,2023,9,12,15342,37.74,HOEP (Legacy)
2023-09-10 12:00:00,2023,9,13,15597,34.7,HOEP (Legacy)
2023-09-10 13:00:00,2023,9,14,15755,33.98,HOEP (Legacy)
2023-09-10 14:00:00,2023,9,15,15887,33.47,HOEP (Legacy)
2023-09-10 15:00:00,2023,9,16,16444,37.77,HOEP (Legacy)
2023-09-10 16:00:00,2023,9,17,17219,34.79,HOEP (Legacy)
2023-09-10 17:00:00,2023,9,18,17143,33.93,HOEP (Legacy)
2023-09-10 18:00:00,2023,9,19,17151,36.0,HOEP (Legacy)
2023-09-10 19:00:00,2023,9,20,17257,40.75,HOEP (Legacy)
2023-09-10 20:00:00,2023,9,21,16538,35.76,HOEP (Legacy)
2023-09-10 21:00:00,2023,9,22,15483,33.62,HOEP (Legacy)
2023-09-10 22:00:00,2023,9,23,14584,32.92,HOEP (Legacy)
2023-09-10 23:00:00,2023,9,24,13783,33.84,HOEP (Legacy)
2023-09-11 00:00:00,2023,9,1,13186,30.53,HOEP (Legacy)
2023-09-11 01:00:00,2023,9,2,12915,30.7,HOEP (Legacy)
2023-09-11 02:00:00,2023,9,3,12738,28.45,HOEP (Legacy)
2023-09-11 03:00:00,2023,9,4,12746,26.13,HOEP (Legacy)
2023-09-11 04:00:00,2023,9,5,13121,25.6,HOEP (Legacy)
2023-09-11 05:00:00,2023,9,6,14231,32.07,HOEP (Legacy)
2023-09-11 06:00:00,2023,9,7,15463,34.41,HOEP (Legacy)
2023-09-11 07:00:00,2023,9,8,15859,33.96,HOEP (Legacy)
2023-09-11 08:00:00,2023,9,9,16045,34.2,HOEP (Legacy)
2023-09-11 09:00:00,2023,9,10,16387,38.18,HOEP (Legacy)
2023-09-11 10:00:00,2023,9,11,16909,38.97,HOEP (Legacy)
2023-09-11 11:00:00,2023,9,12,17403,64.35,HOEP (Legacy)
2023-09-11 12:00:00,2023,9,13,17714,36.35,HOEP (Legacy)
2023-09-11 13:00:00,2023,9,14,17802,37.35,HOEP (Legacy)
2023-09-11 14:00:00,2023,9,15,17976,38.83,HOEP (Legacy)
2023-09-11 15:00:00,2023,9,16,18618,43.14,HOEP (Legacy)
2023-09-11 16:00:00,2023,9,17,19016,46.33,HOEP (Legacy)
2023-09-11 17:00:00,2023,9,18,18844,43.81,HOEP (Legacy)
2023-09-11 18:00:00,2023,9,19,18685,40.77,HOEP (Legacy)
2023-09-11 19:00:00,2023,9,20,18578,43.02,HOEP (Legacy)
2023-09-11 20:00:00,2023,9,21,17787,41.58,HOEP (Legacy)
2023-09-11 21:00:00,2023,9,22,16479,33.31,HOEP (Legacy)
2023-09-11 22:00:00,2023,9,23,15196,32.9,HOEP (Legacy)
2023-09-11 23:00:00,2023,9,24,14293,30.49,HOEP (Legacy)
2023-09-12 00:00:00,2023,9,1,13760,29.18,HOEP (Legacy)
2023-09-12 01:00:00,2023,9,2,13282,29.46,HOEP (Legacy)
2023-09-12 02:00:00,2023,9,3,13123,27.24,HOEP (Legacy)
2023-09-12 03:00:00,2023,9,4,13187,27.55,HOEP (Legacy)
2023-09-12 04:00:00,2023,9,5,13399,24.4,HOEP (Legacy)
2023-09-12 05:00:00,2023,9,6,14494,29.75,HOEP (Legacy)
2023-09-12 06:00:00,2023,9,7,15828,32.29,HOEP (Legacy)
2023-09-12 07:00:00,2023,9,8,16361,33.24,HOEP (Legacy)
2023-09-12 08:00:00,2023,9,9,16662,33.54,HOEP (Legacy)
2023-09-12 09:00:00,2023,9,10,17009,33.68,HOEP (Legacy)
2023-09-12 10:00:00,2023,9,11,17037,32.94,HOEP (Legacy)
2023-09-12 11:00:00,2023,9,12,17022,32.34,HOEP (Legacy)
2023-09-12 12:00:00,2023,9,13,17246,33.13,HOEP (Legacy)
2023-09-12 13:00:00,2023,9,14,17323,32.98,HOEP (Legacy)
2023-09-12 14:00:00,2023,9,15,17401,33.86,HOEP (Legacy)
2023-09-12 15:00:00,2023,9,16,17782,34.95,HOEP (Legacy)
2023-09-12 16:00:00,2023,9,17,18064,33.22,HOEP (Legacy)
2023-09-12 17:00:00,2023,9,18,17875,33.52,HOEP (Legacy)
2023-09-12 18:00:00,2023,9,19,17823,34.81,HOEP (Legacy)
2023-09-12 19:00:00,2023,9,20,17697,33.87,HOEP (Legacy)
2023-09-12 20:00:00,2023,9,21,16863,32.29,HOEP (Legacy)
2023-09-12 21:00:00,2023,9,22,15795,28.74,HOEP (Legacy)
2023-09-12 22:00:00,2023,9,23,14627,24.53,HOEP (Legacy)
2023-09-12 23:00:00,2023,9,24,13673,22.94,HOEP (Legacy)
2023-09-13 00:00:00,2023,9,1,13005,15.89,HOEP (Legacy)
2023-09-13 01:00:00,2023,9,2,12646,13.55,HOEP (Legacy)
2023-09-13 02:00:00,2023,9,3,12560,17.56,HOEP (Legacy)
2023-09-13 03:00:00,2023,9,4,12621,18.42,HOEP (Legacy)
2023-09-13 04:00:00,2023,9,5,13072,23.71,HOEP (Legacy)
2023-09-13 05:00:00,2023,9,6,14067,25.2,HOEP (Legacy)
2023-09-13 06:00:00,2023,9,7,15067,28.12,HOEP (Legacy)
2023-09-13 07:00:00,2023,9,8,15260,29.31,HOEP (Legacy)
2023-09-13 08:00:00,2023,9,9,15247,29.72,HOEP (Legacy)
2023-09-13 09:00:00,2023,9,10,15185,29.33,HOEP (Legacy)
2023-09-13 10:00:00,2023,9,11,15294,29.44,HOEP (Legacy)
2023-09-13 11:00:00,2023,9,12,15389,29.49,HOEP (Legacy)
2023-09-13 12:00:00,2023,9,13,15545,29.68,HOEP (Legacy)
2023-09-13 13:00:00,2023,9,14,15485,29.52,HOEP (Legacy)
2023-09-13 14:00:00,2023,9,15,15605,29.5,HOEP (Legacy)
2023-09-13 15:00:00,2023,9,16,15884,29.4,HOEP (Legacy)
2023-09-13 16:00:00,2023,9,17,16244,29.19,HOEP (Legacy)
2023-09-13 17:00:00,2023,9,18,16149,29.28,HOEP (Legacy)
2023-09-13 18:00:00,2023,9,19,16313,29.43,HOEP (Legacy)
2023-09-13 19:00:00,2023,9,20,16369,29.6,HOEP (Legacy)
2023-09-13 20:00:00,2023,9,21,15722,25.93,HOEP (Legacy)
2023-09-13 21:00:00,2023,9,22,14740,24.11,HOEP (Legacy)
2023-09-13 22:00:00,2023,9,23,13655,31.99,HOEP (Legacy)
2023-09-13 23:00:00,2023,9,24,12804,29.44,HOEP (Legacy)
2023-09-14 00:00:00,2023,9,1,12338,29.19,HOEP (Legacy)
2023-09-14 01:00:00,2023,9,2,12065,29.22,HOEP (Legacy)
2023-09-14 02:00:00,2023,9,3,11925,25.7,HOEP (Legacy)
2023-09-14 03:00:00,2023,9,4,12089,17.56,HOEP (Legacy)
2023-09-14 04:00:00,2023,9,5,12518,22.33,HOEP (Legacy)
2023-09-14 05:00:00,2023,9,6,13656,26.88,HOEP (Legacy)
2023-09-14 06:00:00,2023,9,7,14709,30.86,HOEP (Legacy)
2023-09-14 07:00:00,2023,9,8,14950,31.16,HOEP (Legacy)
2023-09-14 08:00:00,2023,9,9,14690,28.76,HOEP (Legacy)
2023-09-14 09:00:00,2023,9,10,14662,30.02,HOEP (Legacy)
2023-09-14 10:00:00,2023,9,11,14914,30.34,HOEP (Legacy)
2023-09-14 11:00:00,2023,9,12,15009,33.89,HOEP (Legacy)
2023-09-14 12:00:00,2023,9,13,15180,34.14,HOEP (Legacy)
2023-09-14 13:00:00,2023,9,14,15306,29.85,HOEP (Legacy)
2023-09-14 14:00:00,2023,9,15,15463,29.96,HOEP (Legacy)
2023-09-14 15:00:00,2023,9,16,15616,29.75,HOEP (Legacy)
2023-09-14 16:00:00,2023,9,17,16023,30.01,HOEP (Legacy)
2023-09-14 17:00:00,2023,9,18,16270,29.15,HOEP (Legacy)
2023-09-14 18:00:00,2023,9,19,16389,29.12,HOEP (Legacy)
2023-09-14 19:00:00,2023,9,20,16412,29.08,HOEP (Legacy)
2023-09-14 20:00:00,2023,9,21,15750,29.81,HOEP (Legacy)
2023-09-14 21:00:00,2023,9,22,14772,32.11,HOEP (Legacy)
2023-09-14 22:00:00,2023,9,23,13673,29.86,HOEP (Legacy)
2023-09-14 23:00:00,2023,9,24,12918,29.07,HOEP (Legacy)
2023-09-15 00:00:00,2023,9,1,12517,17.59,HOEP (Legacy)
2023-09-15 01:00:00,2023,9,2,12159,15.78,HOEP (Legacy)
2023-09-15 02:00:00,2023,9,3,11998,25.48,HOEP (Legacy)
2023-09-15 03:00:00,2023,9,4,12250,23.67,HOEP (Legacy)
2023-09-15 04:00:00,2023,9,5,12688,34.9,HOEP (Legacy)
2023-09-15 05:00:00,2023,9,6,13733,71.69,HOEP (Legacy)
2023-09-15 06:00:00,2023,9,7,14668,53.91,HOEP (Legacy)
2023-09-15 07:00:00,2023,9,8,14918,37.21,HOEP (Legacy)
2023-09-15 08:00:00,2023,9,9,14665,29.07,HOEP (Legacy)
2023-09-15 09:00:00,2023,9,10,14616,29.11,HOEP (Legacy)
2023-09-15 10:00:00,2023,9,11,14791,30.4,HOEP (Legacy)
2023-09-15 11:00:00,2023,9,12,15070,29.09,HOEP (Legacy)
2023-09-15 12:00:00,2023,9,13,15227,29.51,HOEP (Legacy)
2023-09-15 13:00:00,2023,9,14,15195,29.02,HOEP (Legacy)
2023-09-15 14:00:00,2023,9,15,15398,30.22,HOEP (Legacy)
2023-09-15 15:00:00,2023,9,16,15786,35.28,HOEP (Legacy)
2023-09-15 16:00:00,2023,9,17,16462,64.33,HOEP (Legacy)
2023-09-15 17:00:00,2023,9,18,16554,29.73,HOEP (Legacy)
2023-09-15 18:00:00,2023,9,19,16387,28.92,HOEP (Legacy)
2023-09-15 19:00:00,2023,9,20,16255,28.5,HOEP (Legacy)
2023-09-15 20:00:00,2023,9,21,15504,29.54,HOEP (Legacy)
2023-09-15 21:00:00,2023,9,22,14557,32.71,HOEP (Legacy)
2023-09-15 22:00:00,2023,9,23,13666,28.26,HOEP (Legacy)
2023-09-15 23:00:00,2023,9,24,12848,33.48,HOEP (Legacy)
2023-09-16 00:00:00,2023,9,1,12250,21.67,HOEP (Legacy)
2023-09-16 01:00:00,2023,9,2,11921,42.38,HOEP (Legacy)
2023-09-16 02:00:00,2023,9,3,11771,35.01,HOEP (Legacy)
2023-09-16 03:00:00,2023,9,4,11807,32.91,HOEP (Legacy)
2023-09-16 04:00:00,2023,9,5,11934,32.53,HOEP (Legacy)
2023-09-16 05:00:00,2023,9,6,12323,31.75,HOEP (Legacy)
2023-09-16 06:00:00,2023,9,7,12846,32.6,HOEP (Legacy)
2023-09-16 07:00:00,2023,9,8,13349,29.21,HOEP (Legacy)
2023-09-16 08:00:00,2023,9,9,13527,28.52,HOEP (Legacy)
2023-09-16 09:00:00,2023,9,10,13666,28.36,HOEP (Legacy)
2023-09-16 10:00:00,2023,9,11,13868,27.7,HOEP (Legacy)
2023-09-16 11:00:00,2023,9,12,13993,26.58,HOEP (Legacy)
2023-09-16 12:00:00,2023,9,13,14278,29.6,HOEP (Legacy)
2023-09-16 13:00:00,2023,9,14,14205,28.42,HOEP (Legacy)
2023-09-16 14:00:00,2023,9,15,14340,29.04,HOEP (Legacy)
2023-09-16 15:00:00,2023,9,16,14823,32.34,HOEP (Legacy)
2023-09-16 16:00:00,2023,9,17,15284,28.57,HOEP (Legacy)
2023-09-16 17:00:00,2023,9,18,15457,27.77,HOEP (Legacy)
2023-09-16 18:00:00,2023,9,19,15496,28.34,HOEP (Legacy)
2023-09-16 19:00:00,2023,9,20,15231,28.33,HOEP (Legacy)
2023-09-16 20:00:00,2023,9,21,14656,31.68,HOEP (Legacy)
2023-09-16 21:00:00,2023,9,22,13962,29.48,HOEP (Legacy)
2023-09-16 22:00:00,2023,9,23,13089,28.95,HOEP (Legacy)
2023-09-16 23:00:00,2023,9,24,12316,14.37,HOEP (Legacy)
2023-09-17 00:00:00,2023,9,1,11958,9.5,HOEP (Legacy)
2023-09-17 01:00:00,2023,9,2,11648,14.38,HOEP (Legacy)
2023-09-17 02:00:00,2023,9,3,11545,32.52,HOEP (Legacy)
2023-09-17 03:00:00,2023,9,4,11505,25.84,HOEP (Legacy)
2023-09-17 04:00:00,2023,9,5,11507,14.34,HOEP (Legacy)
2023-09-17 05:00:00,2023,9,6,11906,14.37,HOEP (Legacy)
2023-09-17 06:00:00,2023,9,7,12278,21.18,HOEP (Legacy)
2023-09-17 07:00:00,2023,9,8,12796,27.43,HOEP (Legacy)
2023-09-17 08:00:00,2023,9,9,13249,15.07,HOEP (Legacy)
2023-09-17 09:00:00,2023,9,10,13620,26.55,HOEP (Legacy)
2023-09-17 10:00:00,2023,9,11,14037,30.52,HOEP (Legacy)
2023-09-17 11:00:00,2023,9,12,14586,33.64,HOEP (Legacy)
2023-09-17 12:00:00,2023,9,13,14848,31.49,HOEP (Legacy)
2023-09-17 13:00:00,2023,9,14,14890,28.29,HOEP (Legacy)
2023-09-17 14:00:00,2023,9,15,14971,28.31,HOEP (Legacy)
2023-09-17 15:00:00,2023,9,16,15414,31.0,HOEP (Legacy)
2023-09-17 16:00:00,2023,9,17,16041,31.59,HOEP (Legacy)
2023-09-17 17:00:00,2023,9,18,16064,30.0,HOEP (Legacy)
2023-09-17 18:00:00,2023,9,19,16163,37.44,HOEP (Legacy)
2023-09-17 19:00:00,2023,9,20,16096,34.1,HOEP (Legacy)
2023-09-17 20:00:00,2023,9,21,15428,39.98,HOEP (Legacy)
2023-09-17 21:00:00,2023,9,22,14503,28.72,HOEP (Legacy)
2023-09-17 22:00:00,2023,9,23,13459,26.71,HOEP (Legacy)
2023-09-17 23:00:00,2023,9,24,12716,23.67,HOEP (Legacy)
2023-09-18 00:00:00,2023,9,1,12300,21.43,HOEP (Legacy)
2023-09-18 01:00:00,2023,9,2,12008,13.91,HOEP (Legacy)
2023-09-18 02:00:00,2023,9,3,11933,14.38,HOEP (Legacy)
2023-09-18 03:00:00,2023,9,4,12072,14.35,HOEP (Legacy)
2023-09-18 04:00:00,2023,9,5,12486,7.5,HOEP (Legacy)
2023-09-18 05:00:00,2023,9,6,13585,22.56,HOEP (Legacy)
2023-09-18 06:00:00,2023,9,7,14791,27.82,HOEP (Legacy)
2023-09-18 07:00:00,2023,9,8,15266,28.36,HOEP (Legacy)
2023-09-18 08:00:00,2023,9,9,15369,28.29,HOEP (Legacy)
2023-09-18 09:00:00,2023,9,10,15415,28.36,HOEP (Legacy)
2023-09-18 10:00:00,2023,9,11,15720,28.51,HOEP (Legacy)
2023-09-18 11:00:00,2023,9,12,15854,30.71,HOEP (Legacy)
2023-09-18 12:00:00,2023,9,13,16002,30.26,HOEP (Legacy)
2023-09-18 13:00:00,2023,9,14,15761,28.44,HOEP (Legacy)
2023-09-18 14:00:00,2023,9,15,15682,28.18,HOEP (Legacy)
2023-09-18 15:00:00,2023,9,16,16125,27.34,HOEP (Legacy)
2023-09-18 16:00:00,2023,9,17,16570,30.09,HOEP (Legacy)
2023-09-18 17:00:00,2023,9,18,16531,28.27,HOEP (Legacy)
2023-09-18 18:00:00,2023,9,19,16704,29.94,HOEP (Legacy)
2023-09-18 19:00:00,2023,9,20,16485,29.8,HOEP (Legacy)
2023-09-18 20:00:00,2023,9,21,15720,29.57,HOEP (Legacy)
2023-09-18 21:00:00,2023,9,22,14791,29.75,HOEP (Legacy)
2023-09-18 22:00:00,2023,9,23,13763,29.08,HOEP (Legacy)
2023-09-18 23:00:00,2023,9,24,12956,28.31,HOEP (Legacy)
2023-09-19 00:00:00,2023,9,1,12378,18.07,HOEP (Legacy)
2023-09-19 01:00:00,2023,9,2,12113,14.37,HOEP (Legacy)
2023-09-19 02:00:00,2023,9,3,12020,21.9,HOEP (Legacy)
2023-09-19 03:00:00,2023,9,4,12092,26.46,HOEP (Legacy)
2023-09-19 04:00:00,2023,9,5,12503,12.98,HOEP (Legacy)
2023-09-19 05:00:00,2023,9,6,13573,29.81,HOEP (Legacy)
2023-09-19 06:00:00,2023,9,7,14847,36.66,HOEP (Legacy)
2023-09-19 07:00:00,2023,9,8,15059,35.41,HOEP (Legacy)
2023-09-19 08:00:00,2023,9,9,14892,33.25,HOEP (Legacy)
2023-09-19 09:00:00,2023,9,10,14584,29.98,HOEP (Legacy)
2023-09-19 10:00:00,2023,9,11,14663,30.19,HOEP (Legacy)
2023-09-19 11:00:00,2023,9,12,14558,30.45,HOEP (Legacy)
2023-09-19 12:00:00,2023,9,13,14630,32.71,HOEP (Legacy)
2023-09-19 13:00:00,2023,9,14,14883,33.0,HOEP (Legacy)
2023-09-19 14:00:00,2023,9,15,15153,28.96,HOEP (Legacy)
2023-09-19 15:00:00,2023,9,16,15808,31.05,HOEP (Legacy)
2023-09-19 16:00:00,2023,9,17,16333,32.36,HOEP (Legacy)
2023-09-19 17:00:00,2023,9,18,16327,30.76,HOEP (Legacy)
2023-09-19 18:00:00,2023,9,19,16489,31.35,HOEP (Legacy)
2023-09-19 19:00:00,2023,9,20,16390,28.5,HOEP (Legacy)
2023-09-19 20:00:00,2023,9,21,15653,28.9,HOEP (Legacy)
2023-09-19 21:00:00,2023,9,22,14613,29.22,HOEP (Legacy)
2023-09-19 22:00:00,2023,9,23,13611,30.94,HOEP (Legacy)
2023-09-19 23:00:00,2023,9,24,12823,24.57,HOEP (Legacy)
2023-09-20 00:00:00,2023,9,1,12463,21.76,HOEP (Legacy)
2023-09-20 01:00:00,2023,9,2,12311,13.38,HOEP (Legacy)
2023-09-20 02:00:00,2023,9,3,12154,22.43,HOEP (Legacy)
2023-09-20 03:00:00,2023,9,4,12257,27.11,HOEP (Legacy)
2023-09-20 04:00:00,2023,9,5,12693,29.05,HOEP (Legacy)
2023-09-20 05:00:00,2023,9,6,13761,29.49,HOEP (Legacy)
2023-09-20 06:00:00,2023,9,7,14939,36.74,HOEP (Legacy)
2023-09-20 07:00:00,2023,9,8,15029,30.29,HOEP (Legacy)
2023-09-20 08:00:00,2023,9,9,14768,34.27,HOEP (Legacy)
2023-09-20 09:00:00,2023,9,10,14667,30.28,HOEP (Legacy)
2023-09-20 10:00:00,2023,9,11,14836,31.08,HOEP (Legacy)
2023-09-20 11:00:00,2023,9,12,14742,33.09,HOEP (Legacy)
2023-09-20 12:00:00,2023,9,13,14975,31.52,HOEP (Legacy)
2023-09-20 13:00:00,2023,9,14,15071,33.17,HOEP (Legacy)
2023-09-20 14:00:00,2023,9,15,15280,30.58,HOEP (Legacy)
2023-09-20 15:00:00,2023,9,16,15839,32.36,HOEP (Legacy)
2023-09-20 16:00:00,2023,9,17,16557,32.32,HOEP (Legacy)
2023-09-20 17:00:00,2023,9,18,16645,33.93,HOEP (Legacy)
2023-09-20 18:00:00,2023,9,19,16865,32.56,HOEP (Legacy)
2023-09-20 19:00:00,2023,9,20,16729,32.48,HOEP (Legacy)
2023-09-20 20:00:00,2023,9,21,15978,30.73,HOEP (Legacy)
2023-09-20 21:00:00,2023,9,22,14815,29.36,HOEP (Legacy)
2023-09-20 22:00:00,2023,9,23,13710,30.49,HOEP (Legacy)
2023-09-20 23:00:00,2023,9,24,12897,29.07,HOEP (Legacy)
2023-09-21 00:00:00,2023,9,1,12397,19.8,HOEP (Legacy)
2023-09-21 01:00:00,2023,9,2,12079,21.29,HOEP (Legacy)
2023-09-21 02:00:00,2023,9,3,12002,22.35,HOEP (Legacy)
2023-09-21 03:00:00,2023,9,4,12100,22.27,HOEP (Legacy)
2023-09-21 04:00:00,2023,9,5,12706,22.15,HOEP (Legacy)
2023-09-21 05:00:00,2023,9,6,13828,28.11,HOEP (Legacy)
2023-09-21 06:00:00,2023,9,7,14951,33.17,HOEP (Legacy)
2023-09-21 07:00:00,2023,9,8,15227,29.77,HOEP (Legacy)
2023-09-21 08:00:00,2023,9,9,15010,34.22,HOEP (Legacy)
2023-09-21 09:00:00,2023,9,10,15050,37.48,HOEP (Legacy)
2023-09-21 10:00:00,2023,9,11,15198,35.68,HOEP (Legacy)
2023-09-21 11:00:00,2023,9,12,15318,37.76,HOEP (Legacy)
2023-09-21 12:00:00,2023,9,13,15539,38.34,HOEP (Legacy)
2023-09-21 13:00:00,2023,9,14,15789,32.94,HOEP (Legacy)
2023-09-21 14:00:00,2023,9,15,16082,32.27,HOEP (Legacy)
2023-09-21 15:00:00,2023,9,16,16706,33.35,HOEP (Legacy)
2023-09-21 16:00:00,2023,9,17,17238,32.3,HOEP (Legacy)
2023-09-21 17:00:00,2023,9,18,17106,32.22,HOEP (Legacy)
2023-09-21 18:00:00,2023,9,19,17175,33.1,HOEP (Legacy)
2023-09-21 19:00:00,2023,9,20,16954,32.84,HOEP (Legacy)
2023-09-21 20:00:00,2023,9,21,16118,31.78,HOEP (Legacy)
2023-09-21 21:00:00,2023,9,22,15051,29.55,HOEP (Legacy)
2023-09-21 22:00:00,2023,9,23,14019,30.78,HOEP (Legacy)
2023-09-21 23:00:00,2023,9,24,13287,28.72,HOEP (Legacy)
2023-09-22 00:00:00,2023,9,1,12737,21.96,HOEP (Legacy)
2023-09-22 01:00:00,2023,9,2,12388,19.47,HOEP (Legacy)
2023-09-22 02:00:00,2023,9,3,12214,14.84,HOEP (Legacy)
2023-09-22 03:00:00,2023,9,4,12248,9.73,HOEP (Legacy)
2023-09-22 04:00:00,2023,9,5,12601,14.83,HOEP (Legacy)
2023-09-22 05:00:00,2023,9,6,13602,25.1,HOEP (Legacy)
2023-09-22 06:00:00,2023,9,7,14762,28.93,HOEP (Legacy)
2023-09-22 07:00:00,2023,9,8,15017,27.45,HOEP (Legacy)
2023-09-22 08:00:00,2023,9,9,15304,38.89,HOEP (Legacy)
2023-09-22 09:00:00,2023,9,10,15320,82.56,HOEP (Legacy)
2023-09-22 10:00:00,2023,9,11,15429,33.04,HOEP (Legacy)
2023-09-22 11:00:00,2023,9,12,15472,34.26,HOEP (Legacy)
2023-09-22 12:00:00,2023,9,13,15610,29.09,HOEP (Legacy)
2023-09-22 13:00:00,2023,9,14,15733,28.8,HOEP (Legacy)
2023-09-22 14:00:00,2023,9,15,15885,29.77,HOEP (Legacy)
2023-09-22 15:00:00,2023,9,16,16333,31.86,HOEP (Legacy)
2023-09-22 16:00:00,2023,9,17,16827,31.72,HOEP (Legacy)
2023-09-22 17:00:00,2023,9,18,16826,31.93,HOEP (Legacy)
2023-09-22 18:00:00,2023,9,19,16559,31.85,HOEP (Legacy)
2023-09-22 19:00:00,2023,9,20,16252,28.67,HOEP (Legacy)
2023-09-22 20:00:00,2023,9,21,15365,27.42,HOEP (Legacy)
2023-09-22 21:00:00,2023,9,22,14561,27.56,HOEP (Legacy)
2023-09-22 22:00:00,2023,9,23,13584,26.38,HOEP (Legacy)
2023-09-22 23:00:00,2023,9,24,12911,26.17,HOEP (Legacy)
2023-09-23 00:00:00,2023,9,1,12418,16.44,HOEP (Legacy)
2023-09-23 01:00:00,2023,9,2,12150,35.77,HOEP (Legacy)
2023-09-23 02:00:00,2023,9,3,12080,38.26,HOEP (Legacy)
2023-09-23 03:00:00,2023,9,4,12021,26.16,HOEP (Legacy)
2023-09-23 04:00:00,2023,9,5,12000,28.7,HOEP (Legacy)
2023-09-23 05:00:00,2023,9,6,12551,26.19,HOEP (Legacy)
2023-09-23 06:00:00,2023,9,7,12953,29.98,HOEP (Legacy)
2023-09-23 07:00:00,2023,9,8,13294,26.58,HOEP (Legacy)
2023-09-23 08:00:00,2023,9,9,13850,40.63,HOEP (Legacy)
2023-09-23 09:00:00,2023,9,10,14180,44.22,HOEP (Legacy)
2023-09-23 10:00:00,2023,9,11,14091,35.91,HOEP (Legacy)
2023-09-23 11:00:00,2023,9,12,13956,24.0,HOEP (Legacy)
2023-09-23 12:00:00,2023,9,13,13870,20.67,HOEP (Legacy)
2023-09-23 13:00:00,2023,9,14,13962,25.98,HOEP (Legacy)
2023-09-23 14:00:00,2023,9,15,14208,25.68,HOEP (Legacy)
2023-09-23 15:00:00,2023,9,16,14609,26.59,HOEP (Legacy)
2023-09-23 16:00:00,2023,9,17,15104,27.16,HOEP (Legacy)
2023-09-23 17:00:00,2023,9,18,15229,26.85,HOEP (Legacy)
2023-09-23 18:00:00,2023,9,19,15278,28.26,HOEP (Legacy)
2023-09-23 19:00:00,2023,9,20,15130,35.29,HOEP (Legacy)
2023-09-23 20:00:00,2023,9,21,14625,30.09,HOEP (Legacy)
2023-09-23 21:00:00,2023,9,22,13807,29.34,HOEP (Legacy)
2023-09-23 22:00:00,2023,9,23,12945,26.54,HOEP (Legacy)
2023-09-23 23:00:00,2023,9,24,12450,11.5,HOEP (Legacy)
2023-09-24 00:00:00,2023,9,1,11898,26.01,HOEP (Legacy)
2023-09-24 01:00:00,2023,9,2,11650,24.52,HOEP (Legacy)
2023-09-24 02:00:00,2023,9,3,11529,37.3,HOEP (Legacy)
2023-09-24 03:00:00,2023,9,4,11402,15.51,HOEP (Legacy)
2023-09-24 04:00:00,2023,9,5,11417,11.04,HOEP (Legacy)
2023-09-24 05:00:00,2023,9,6,11637,2.16,HOEP (Legacy)
2023-09-24 06:00:00,2023,9,7,12112,8.55,HOEP (Legacy)
2023-09-24 07:00:00,2023,9,8,12457,17.87,HOEP (Legacy)
2023-09-24 08:00:00,2023,9,9,13012,24.48,HOEP (Legacy)
2023-09-24 09:00:00,2023,9,10,13076,22.58,HOEP (Legacy)
2023-09-24 10:00:00,2023,9,11,13350,25.65,HOEP (Legacy)
2023-09-24 11:00:00,2023,9,12,13659,23.22,HOEP (Legacy)
2023-09-24 12:00:00,2023,9,13,13644,26.21,HOEP (Legacy)
2023-09-24 13:00:00,2023,9,14,13961,28.97,HOEP (Legacy)
2023-09-24 14:00:00,2023,9,15,14268,29.33,HOEP (Legacy)
2023-09-24 15:00:00,2023,9,16,14946,30.51,HOEP (Legacy)
2023-09-24 16:00:00,2023,9,17,15869,36.38,HOEP (Legacy)
2023-09-24 17:00:00,2023,9,18,16166,31.56,HOEP (Legacy)
2023-09-24 18:00:00,2023,9,19,16240,31.59,HOEP (Legacy)
2023-09-24 19:00:00,2023,9,20,15781,30.65,HOEP (Legacy)
2023-09-24 20:00:00,2023,9,21,15106,30.84,HOEP (Legacy)
2023-09-24 21:00:00,2023,9,22,14271,28.06,HOEP (Legacy)
2023-09-24 22:00:00,2023,9,23,13373,27.53,HOEP (Legacy)
2023-09-24 23:00:00,2023,9,24,12747,26.26,HOEP (Legacy)
2023-09-25 00:00:00,2023,9,1,12363,28.6,HOEP (Legacy)
2023-09-25 01:00:00,2023,9,2,12154,34.62,HOEP (Legacy)
2023-09-25 02:00:00,2023,9,3,12034,22.01,HOEP (Legacy)
2023-09-25 03:00:00,2023,9,4,11965,20.33,HOEP (Legacy)
2023-09-25 04:00:00,2023,9,5,12321,25.64,HOEP (Legacy)
2023-09-25 05:00:00,2023,9,6,13342,26.55,HOEP (Legacy)
2023-09-25 06:00:00,2023,9,7,14480,26.43,HOEP (Legacy)
2023-09-25 07:00:00,2023,9,8,14894,27.17,HOEP (Legacy)
2023-09-25 08:00:00,2023,9,9,14992,30.91,HOEP (Legacy)
2023-09-25 09:00:00,2023,9,10,15233,31.11,HOEP (Legacy)
2023-09-25 10:00:00,2023,9,11,15443,30.8,HOEP (Legacy)
2023-09-25 11:00:00,2023,9,12,15730,31.13,HOEP (Legacy)
2023-09-25 12:00:00,2023,9,13,15928,31.4,HOEP (Legacy)
2023-09-25 13:00:00,2023,9,14,16068,31.64,HOEP (Legacy)
2023-09-25 14:00:00,2023,9,15,16306,33.24,HOEP (Legacy)
2023-09-25 15:00:00,2023,9,16,16634,36.61,HOEP (Legacy)
2023-09-25 16:00:00,2023,9,17,17143,34.51,HOEP (Legacy)
2023-09-25 17:00:00,2023,9,18,17036,31.91,HOEP (Legacy)
2023-09-25 18:00:00,2023,9,19,16990,30.21,HOEP (Legacy)
2023-09-25 19:00:00,2023,9,20,16556,31.02,HOEP (Legacy)
2023-09-25 20:00:00,2023,9,21,16004,30.53,HOEP (Legacy)
2023-09-25 21:00:00,2023,9,22,15004,31.25,HOEP (Legacy)
2023-09-25 22:00:00,2023,9,23,13858,29.94,HOEP (Legacy)
2023-09-25 23:00:00,2023,9,24,13244,27.27,HOEP (Legacy)
2023-09-26 00:00:00,2023,9,1,12580,27.17,HOEP (Legacy)
2023-09-26 01:00:00,2023,9,2,12389,33.51,HOEP (Legacy)
2023-09-26 02:00:00,2023,9,3,12338,35.42,HOEP (Legacy)
2023-09-26 03:00:00,2023,9,4,12377,19.16,HOEP (Legacy)
2023-09-26 04:00:00,2023,9,5,12758,26.37,HOEP (Legacy)
2023-09-26 05:00:00,2023,9,6,13748,27.83,HOEP (Legacy)
2023-09-26 06:00:00,2023,9,7,15050,33.69,HOEP (Legacy)
2023-09-26 07:00:00,2023,9,8,15489,36.38,HOEP (Legacy)
2023-09-26 08:00:00,2023,9,9,15465,37.53,HOEP (Legacy)
2023-09-26 09:00:00,2023,9,10,15453,37.17,HOEP (Legacy)
2023-09-26 10:00:00,2023,9,11,15307,31.21,HOEP (Legacy)
2023-09-26 11:00:00,2023,9,12,15141,29.7,HOEP (Legacy)
2023-09-26 12:00:00,2023,9,13,15249,29.24,HOEP (Legacy)
2023-09-26 13:00:00,2023,9,14,15416,27.97,HOEP (Legacy)
2023-09-26 14:00:00,2023,9,15,15705,26.78,HOEP (Legacy)
2023-09-26 15:00:00,2023,9,16,16098,27.47,HOEP (Legacy)
2023-09-26 16:00:00,2023,9,17,16516,29.13,HOEP (Legacy)
2023-09-26 17:00:00,2023,9,18,16496,27.11,HOEP (Legacy)
2023-09-26 18:00:00,2023,9,19,16648,27.46,HOEP (Legacy)
2023-09-26 19:00:00,2023,9,20,16262,26.5,HOEP (Legacy)
2023-09-26 20:00:00,2023,9,21,15732,28.92,HOEP (Legacy)
2023-09-26 21:00:00,2023,9,22,14892,31.81,HOEP (Legacy)
2023-09-26 22:00:00,2023,9,23,13894,29.47,HOEP (Legacy)
2023-09-26 23:00:00,2023,9,24,13227,29.33,HOEP (Legacy)
2023-09-27 00:00:00,2023,9,1,12808,35.01,HOEP (Legacy)
2023-09-27 01:00:00,2023,9,2,12575,31.32,HOEP (Legacy)
2023-09-27 02:00:00,2023,9,3,12578,42.53,HOEP (Legacy)
2023-09-27 03:00:00,2023,9,4,12401,29.62,HOEP (Legacy)
2023-09-27 04:00:00,2023,9,5,12631,23.16,HOEP (Legacy)
2023-09-27 05:00:00,2023,9,6,13742,26.62,HOEP (Legacy)
2023-09-27 06:00:00,2023,9,7,14870,31.22,HOEP (Legacy)
2023-09-27 07:00:00,2023,9,8,15098,31.1,HOEP (Legacy)
2023-09-27 08:00:00,2023,9,9,15001,29.27,HOEP (Legacy)
2023-09-27 09:00:00,2023,9,10,14824,26.64,HOEP (Legacy)
2023-09-27 10:00:00,2023,9,11,14846,26.63,HOEP (Legacy)
2023-09-27 11:00:00,2023,9,12,14869,26.64,HOEP (Legacy)
2023-09-27 12:00:00,2023,9,13,15010,26.64,HOEP (Legacy)
2023-09-27 13:00:00,2023,9,14,15085,26.62,HOEP (Legacy)
2023-09-27 14:00:00,2023,9,15,15307,26.14,HOEP (Legacy)
2023-09-27 15:00:00,2023,9,16,15725,26.19,HOEP (Legacy)
2023-09-27 16:00:00,2023,9,17,16133,25.22,HOEP (Legacy)
2023-09-27 17:00:00,2023,9,18,16107,24.88,HOEP (Legacy)
2023-09-27 18:00:00,2023,9,19,16382,27.94,HOEP (Legacy)
2023-09-27 19:00:00,2023,9,20,16104,27.68,HOEP (Legacy)
2023-09-27 20:00:00,2023,9,21,15296,28.74,HOEP (Legacy)
2023-09-27 21:00:00,2023,9,22,14395,29.37,HOEP (Legacy)
2023-09-27 22:00:00,2023,9,23,13463,24.35,HOEP (Legacy)
2023-09-27 23:00:00,2023,9,24,12787,19.63,HOEP (Legacy)
2023-09-28 00:00:00,2023,9,1,12485,17.34,HOEP (Legacy)
2023-09-28 01:00:00,2023,9,2,12338,35.81,HOEP (Legacy)
2023-09-28 02:00:00,2023,9,3,12046,11.06,HOEP (Legacy)
2023-09-28 03:00:00,2023,9,4,12150,25.83,HOEP (Legacy)
2023-09-28 04:00:00,2023,9,5,12603,26.77,HOEP (Legacy)
2023-09-28 05:00:00,2023,9,6,13686,30.67,HOEP (Legacy)
2023-09-28 06:00:00,2023,9,7,14951,37.96,HOEP (Legacy)
2023-09-28 07:00:00,2023,9,8,15222,34.59,HOEP (Legacy)
2023-09-28 08:00:00,2023,9,9,15175,34.61,HOEP (Legacy)
2023-09-28 09:00:00,2023,9,10,15283,35.55,HOEP (Legacy)
2023-09-28 10:00:00,2023,9,11,15206,34.22,HOEP (Legacy)
2023-09-28 11:00:00,2023,9,12,15013,32.13,HOEP (Legacy)
2023-09-28 12:00:00,2023,9,13,14995,27.43,HOEP (Legacy)
2023-09-28 13:00:00,2023,9,14,15119,27.51,HOEP (Legacy)
2023-09-28 14:00:00,2023,9,15,15315,28.11,HOEP (Legacy)
2023-09-28 15:00:00,2023,9,16,15823,31.11,HOEP (Legacy)
2023-09-28 16:00:00,2023,9,17,16312,28.0,HOEP (Legacy)
2023-09-28 17:00:00,2023,9,18,16360,29.49,HOEP (Legacy)
2023-09-28 18:00:00,2023,9,19,16700,32.67,HOEP (Legacy)
2023-09-28 19:00:00,2023,9,20,16463,33.56,HOEP (Legacy)
2023-09-28 20:00:00,2023,9,21,15805,33.99,HOEP (Legacy)
2023-09-28 21:00:00,2023,9,22,14883,38.41,HOEP (Legacy)
2023-09-28 22:00:00,2023,9,23,13872,33.48,HOEP (Legacy)
2023-09-28 23:00:00,2023,9,24,13023,27.81,HOEP (Legacy)
2023-09-29 00:00:00,2023,9,1,12615,21.87,HOEP (Legacy)
2023-09-29 01:00:00,2023,9,2,12306,35.01,HOEP (Legacy)
2023-09-29 02:00:00,2023,9,3,12231,34.69,HOEP (Legacy)
2023-09-29 03:00:00,2023,9,4,12216,26.48,HOEP (Legacy)
2023-09-29 04:00:00,2023,9,5,12617,24.91,HOEP (Legacy)
2023-09-29 05:00:00,2023,9,6,13683,32.69,HOEP (Legacy)
2023-09-29 06:00:00,2023,9,7,14886,32.49,HOEP (Legacy)
2023-09-29 07:00:00,2023,9,8,15235,34.64,HOEP (Legacy)
2023-09-29 08:00:00,2023,9,9,15248,34.08,HOEP (Legacy)
2023-09-29 09:00:00,2023,9,10,15399,34.56,HOEP (Legacy)
2023-09-29 10:00:00,2023,9,11,15415,34.68,HOEP (Legacy)
2023-09-29 11:00:00,2023,9,12,15394,34.67,HOEP (Legacy)
2023-09-29 12:00:00,2023,9,13,15480,34.22,HOEP (Legacy)
2023-09-29 13:00:00,2023,9,14,15524,31.38,HOEP (Legacy)
2023-09-29 14:00:00,2023,9,15,15678,32.74,HOEP (Legacy)
2023-09-29 15:00:00,2023,9,16,16013,31.81,HOEP (Legacy)
2023-09-29 16:00:00,2023,9,17,16349,33.39,HOEP (Legacy)
2023-09-29 17:00:00,2023,9,18,16435,32.9,HOEP (Legacy)
2023-09-29 18:00:00,2023,9,19,16496,33.5,HOEP (Legacy)
2023-09-29 19:00:00,2023,9,20,16188,30.34,HOEP (Legacy)
2023-09-29 20:00:00,2023,9,21,15496,29.84,HOEP (Legacy)
2023-09-29 21:00:00,2023,9,22,14576,28.31,HOEP (Legacy)
2023-09-29 22:00:00,2023,9,23,13672,29.33,HOEP (Legacy)
2023-09-29 23:00:00,2023,9,24,12868,30.56,HOEP (Legacy)
2023-09-30 00:00:00,2023,9,1,12267,27.61,HOEP (Legacy)
2023-09-30 01:00:00,2023,9,2,11965,34.69,HOEP (Legacy)
2023-09-30 02:00:00,2023,9,3,11965,35.72,HOEP (Legacy)
2023-09-30 03:00:00,2023,9,4,12012,29.04,HOEP (Legacy)
2023-09-30 04:00:00,2023,9,5,12045,31.53,HOEP (Legacy)
2023-09-30 05:00:00,2023,9,6,12493,29.71,HOEP (Legacy)
2023-09-30 06:00:00,2023,9,7,13004,30.84,HOEP (Legacy)
2023-09-30 07:00:00,2023,9,8,13401,27.27,HOEP (Legacy)
2023-09-30 08:00:00,2023,9,9,13772,27.73,HOEP (Legacy)
2023-09-30 09:00:00,2023,9,10,14046,32.36,HOEP (Legacy)
2023-09-30 10:00:00,2023,9,11,14226,32.39,HOEP (Legacy)
2023-09-30 11:00:00,2023,9,12,14515,32.57,HOEP (Legacy)
2023-09-30 12:00:00,2023,9,13,14732,33.38,HOEP (Legacy)
2023-09-30 13:00:00,2023,9,14,14900,33.12,HOEP (Legacy)
2023-09-30 14:00:00,2023,9,15,15121,33.6,HOEP (Legacy)
2023-09-30 15:00:00,2023,9,16,15760,36.99,HOEP (Legacy)
2023-09-30 16:00:00,2023,9,17,16395,35.72,HOEP (Legacy)
2023-09-30 17:00:00,2023,9,18,16418,33.03,HOEP (Legacy)
2023-09-30 18:00:00,2023,9,19,16210,33.43,HOEP (Legacy)
2023-09-30 19:00:00,2023,9,20,15714,32.38,HOEP (Legacy)
2023-09-30 20:00:00,2023,9,21,15124,34.22,HOEP (Legacy)
2023-09-30 21:00:00,2023,9,22,14292,29.9,HOEP (Legacy)
2023-09-30 22:00:00,2023,9,23,13326,30.54,HOEP (Legacy)
2023-09-30 23:00:00,2023,9,24,12673,27.76,HOEP (Legacy)
2023-10-01 00:00:00,2023,10,1,12215,30.17,HOEP (Legacy)
2023-10-01 01:00:00,2023,10,2,11952,36.52,HOEP (Legacy)
2023-10-01 02:00:00,2023,10,3,11749,35.37,HOEP (Legacy)
2023-10-01 03:00:00,2023,10,4,11598,20.32,HOEP (Legacy)
2023-10-01 04:00:00,2023,10,5,11695,23.42,HOEP (Legacy)
2023-10-01 05:00:00,2023,10,6,11961,26.72,HOEP (Legacy)
2023-10-01 06:00:00,2023,10,7,12484,26.76,HOEP (Legacy)
2023-10-01 07:00:00,2023,10,8,12921,26.76,HOEP (Legacy)
2023-10-01 08:00:00,2023,10,9,13408,27.5,HOEP (Legacy)
2023-10-01 09:00:00,2023,10,10,13742,26.08,HOEP (Legacy)
2023-10-01 10:00:00,2023,10,11,14322,27.96,HOEP (Legacy)
2023-10-01 11:00:00,2023,10,12,14852,33.05,HOEP (Legacy)
2023-10-01 12:00:00,2023,10,13,15221,35.4,HOEP (Legacy)
2023-10-01 13:00:00,2023,10,14,15572,36.07,HOEP (Legacy)
2023-10-01 14:00:00,2023,10,15,15950,36.32,HOEP (Legacy)
2023-10-01 15:00:00,2023,10,16,16511,38.3,HOEP (Legacy)
2023-10-01 16:00:00,2023,10,17,17145,36.95,HOEP (Legacy)
2023-10-01 17:00:00,2023,10,18,17211,35.07,HOEP (Legacy)
2023-10-01 18:00:00,2023,10,19,17039,38.57,HOEP (Legacy)
2023-10-01 19:00:00,2023,10,20,16745,35.88,HOEP (Legacy)
2023-10-01 20:00:00,2023,10,21,15965,34.39,HOEP (Legacy)
2023-10-01 21:00:00,2023,10,22,14974,36.22,HOEP (Legacy)
2023-10-01 22:00:00,2023,10,23,13933,30.79,HOEP (Legacy)
2023-10-01 23:00:00,2023,10,24,13087,27.96,HOEP (Legacy)
2023-10-02 00:00:00,2023,10,1,12685,28.63,HOEP (Legacy)
2023-10-02 01:00:00,2023,10,2,12373,19.38,HOEP (Legacy)
2023-10-02 02:00:00,2023,10,3,12270,18.32,HOEP (Legacy)
2023-10-02 03:00:00,2023,10,4,12309,18.89,HOEP (Legacy)
2023-10-02 04:00:00,2023,10,5,12738,20.68,HOEP (Legacy)
2023-10-02 05:00:00,2023,10,6,13781,30.13,HOEP (Legacy)
2023-10-02 06:00:00,2023,10,7,15086,33.65,HOEP (Legacy)
2023-10-02 07:00:00,2023,10,8,15278,31.75,HOEP (Legacy)
2023-10-02 08:00:00,2023,10,9,15540,31.83,HOEP (Legacy)
2023-10-02 09:00:00,2023,10,10,15858,32.93,HOEP (Legacy)
2023-10-02 10:00:00,2023,10,11,16271,36.69,HOEP (Legacy)
2023-10-02 11:00:00,2023,10,12,16695,37.89,HOEP (Legacy)
2023-10-02 12:00:00,2023,10,13,17224,37.84,HOEP (Legacy)
2023-10-02 13:00:00,2023,10,14,17723,39.34,HOEP (Legacy)
2023-10-02 14:00:00,2023,10,15,18119,45.32,HOEP (Legacy)
2023-10-02 15:00:00,2023,10,16,18972,69.82,HOEP (Legacy)
2023-10-02 16:00:00,2023,10,17,19552,93.91,HOEP (Legacy)
2023-10-02 17:00:00,2023,10,18,19389,63.08,HOEP (Legacy)
2023-10-02 18:00:00,2023,10,19,18960,39.13,HOEP (Legacy)
2023-10-02 19:00:00,2023,10,20,18454,38.51,HOEP (Legacy)
2023-10-02 20:00:00,2023,10,21,17606,35.41,HOEP (Legacy)
2023-10-02 21:00:00,2023,10,22,16287,32.62,HOEP (Legacy)
2023-10-02 22:00:00,2023,10,23,14981,29.12,HOEP (Legacy)
2023-10-02 23:00:00,2023,10,24,14068,27.88,HOEP (Legacy)
2023-10-03 00:00:00,2023,10,1,13464,22.06,HOEP (Legacy)
2023-10-03 01:00:00,2023,10,2,13009,22.47,HOEP (Legacy)
2023-10-03 02:00:00,2023,10,3,12862,20.3,HOEP (Legacy)
2023-10-03 03:00:00,2023,10,4,12857,24.09,HOEP (Legacy)
2023-10-03 04:00:00,2023,10,5,13297,21.03,HOEP (Legacy)
2023-10-03 05:00:00,2023,10,6,14446,33.15,HOEP (Legacy)
2023-10-03 06:00:00,2023,10,7,15692,37.48,HOEP (Legacy)
2023-10-03 07:00:00,2023,10,8,16048,35.53,HOEP (Legacy)
2023-10-03 08:00:00,2023,10,9,16445,37.06,HOEP (Legacy)
2023-10-03 09:00:00,2023,10,10,16892,38.4,HOEP (Legacy)
2023-10-03 10:00:00,2023,10,11,17384,40.98,HOEP (Legacy)
2023-10-03 11:00:00,2023,10,12,17927,42.98,HOEP (Legacy)
2023-10-03 12:00:00,2023,10,13,18439,43.7,HOEP (Legacy)
2023-10-03 13:00:00,2023,10,14,18930,79.29,HOEP (Legacy)
2023-10-03 14:00:00,2023,10,15,19566,78.78,HOEP (Legacy)
2023-10-03 15:00:00,2023,10,16,20234,56.66,HOEP (Legacy)
2023-10-03 16:00:00,2023,10,17,20849,74.4,HOEP (Legacy)
2023-10-03 17:00:00,2023,10,18,20682,50.43,HOEP (Legacy)
2023-10-03 18:00:00,2023,10,19,20190,41.37,HOEP (Legacy)
2023-10-03 19:00:00,2023,10,20,19454,40.07,HOEP (Legacy)
2023-10-03 20:00:00,2023,10,21,18420,35.29,HOEP (Legacy)
2023-10-03 21:00:00,2023,10,22,16876,33.71,HOEP (Legacy)
2023-10-03 22:00:00,2023,10,23,15528,28.7,HOEP (Legacy)
2023-10-03 23:00:00,2023,10,24,14393,27.71,HOEP (Legacy)
2023-10-04 00:00:00,2023,10,1,13748,19.16,HOEP (Legacy)
2023-10-04 01:00:00,2023,10,2,13330,14.18,HOEP (Legacy)
2023-10-04 02:00:00,2023,10,3,13132,15.05,HOEP (Legacy)
2023-10-04 03:00:00,2023,10,4,12998,10.98,HOEP (Legacy)
2023-10-04 04:00:00,2023,10,5,13442,10.91,HOEP (Legacy)
2023-10-04 05:00:00,2023,10,6,14422,26.94,HOEP (Legacy)
2023-10-04 06:00:00,2023,10,7,15722,31.3,HOEP (Legacy)
2023-10-04 07:00:00,2023,10,8,16076,32.56,HOEP (Legacy)
2023-10-04 08:00:00,2023,10,9,16875,40.33,HOEP (Legacy)
2023-10-04 09:00:00,2023,10,10,17273,38.18,HOEP (Legacy)
2023-10-04 10:00:00,2023,10,11,17466,33.41,HOEP (Legacy)
2023-10-04 11:00:00,2023,10,12,17998,36.73,HOEP (Legacy)
2023-10-04 12:00:00,2023,10,13,18563,40.39,HOEP (Legacy)
2023-10-04 13:00:00,2023,10,14,19155,40.81,HOEP (Legacy)
2023-10-04 14:00:00,2023,10,15,19460,37.77,HOEP (Legacy)
2023-10-04 15:00:00,2023,10,16,20132,41.79,HOEP (Legacy)
2023-10-04 16:00:00,2023,10,17,20609,34.35,HOEP (Legacy)
2023-10-04 17:00:00,2023,10,18,19835,33.18,HOEP (Legacy)
2023-10-04 18:00:00,2023,10,19,19608,34.29,HOEP (Legacy)
2023-10-04 19:00:00,2023,10,20,19038,36.21,HOEP (Legacy)
2023-10-04 20:00:00,2023,10,21,18065,31.6,HOEP (Legacy)
2023-10-04 21:00:00,2023,10,22,16730,30.32,HOEP (Legacy)
2023-10-04 22:00:00,2023,10,23,15396,23.88,HOEP (Legacy)
2023-10-04 23:00:00,2023,10,24,14457,16.07,HOEP (Legacy)
2023-10-05 00:00:00,2023,10,1,13644,13.35,HOEP (Legacy)
2023-10-05 01:00:00,2023,10,2,13238,13.36,HOEP (Legacy)
2023-10-05 02:00:00,2023,10,3,13227,24.82,HOEP (Legacy)
2023-10-05 03:00:00,2023,10,4,13152,16.17,HOEP (Legacy)
2023-10-05 04:00:00,2023,10,5,13556,16.08,HOEP (Legacy)
2023-10-05 05:00:00,2023,10,6,14637,26.25,HOEP (Legacy)
2023-10-05 06:00:00,2023,10,7,15957,34.91,HOEP (Legacy)
2023-10-05 07:00:00,2023,10,8,16465,33.83,HOEP (Legacy)
2023-10-05 08:00:00,2023,10,9,16848,35.8,HOEP (Legacy)
2023-10-05 09:00:00,2023,10,10,17226,34.76,HOEP (Legacy)
2023-10-05 10:00:00,2023,10,11,17442,36.06,HOEP (Legacy)
2023-10-05 11:00:00,2023,10,12,17672,37.2,HOEP (Legacy)
2023-10-05 12:00:00,2023,10,13,17932,36.49,HOEP (Legacy)
2023-10-05 13:00:00,2023,10,14,17929,36.71,HOEP (Legacy)
2023-10-05 14:00:00,2023,10,15,18223,37.64,HOEP (Legacy)
2023-10-05 15:00:00,2023,10,16,18586,39.06,HOEP (Legacy)
2023-10-05 16:00:00,2023,10,17,18470,32.23,HOEP (Legacy)
2023-10-05 17:00:00,2023,10,18,18158,28.22,HOEP (Legacy)
2023-10-05 18:00:00,2023,10,19,18281,28.18,HOEP (Legacy)
2023-10-05 19:00:00,2023,10,20,17904,29.36,HOEP (Legacy)
2023-10-05 20:00:00,2023,10,21,17183,27.89,HOEP (Legacy)
2023-10-05 21:00:00,2023,10,22,16017,27.5,HOEP (Legacy)
2023-10-05 22:00:00,2023,10,23,15076,28.89,HOEP (Legacy)
2023-10-05 23:00:00,2023,10,24,14142,38.56,HOEP (Legacy)
2023-10-06 00:00:00,2023,10,1,13359,36.01,HOEP (Legacy)
2023-10-06 01:00:00,2023,10,2,13033,32.26,HOEP (Legacy)
2023-10-06 02:00:00,2023,10,3,12899,25.19,HOEP (Legacy)
2023-10-06 03:00:00,2023,10,4,12876,14.69,HOEP (Legacy)
2023-10-06 04:00:00,2023,10,5,13411,18.1,HOEP (Legacy)
2023-10-06 05:00:00,2023,10,6,14242,25.57,HOEP (Legacy)
2023-10-06 06:00:00,2023,10,7,15401,37.21,HOEP (Legacy)
2023-10-06 07:00:00,2023,10,8,15889,34.12,HOEP (Legacy)
2023-10-06 08:00:00,2023,10,9,16245,37.59,HOEP (Legacy)
2023-10-06 09:00:00,2023,10,10,16671,48.6,HOEP (Legacy)
2023-10-06 10:00:00,2023,10,11,16607,36.64,HOEP (Legacy)
2023-10-06 11:00:00,2023,10,12,16338,29.83,HOEP (Legacy)
2023-10-06 12:00:00,2023,10,13,16242,27.64,HOEP (Legacy)
2023-10-06 13:00:00,2023,10,14,16059,25.08,HOEP (Legacy)
2023-10-06 14:00:00,2023,10,15,16080,32.31,HOEP (Legacy)
2023-10-06 15:00:00,2023,10,16,16337,34.22,HOEP (Legacy)
2023-10-06 16:00:00,2023,10,17,16928,46.87,HOEP (Legacy)
2023-10-06 17:00:00,2023,10,18,16987,54.0,HOEP (Legacy)
2023-10-06 18:00:00,2023,10,19,16786,35.93,HOEP (Legacy)
2023-10-06 19:00:00,2023,10,20,16255,29.84,HOEP (Legacy)
2023-10-06 20:00:00,2023,10,21,15514,23.66,HOEP (Legacy)
2023-10-06 21:00:00,2023,10,22,14556,21.12,HOEP (Legacy)
2023-10-06 22:00:00,2023,10,23,13614,36.31,HOEP (Legacy)
2023-10-06 23:00:00,2023,10,24,12815,31.22,HOEP (Legacy)
2023-10-07 00:00:00,2023,10,1,12398,27.43,HOEP (Legacy)
2023-10-07 01:00:00,2023,10,2,11950,14.35,HOEP (Legacy)
2023-10-07 02:00:00,2023,10,3,11797,14.36,HOEP (Legacy)
2023-10-07 03:00:00,2023,10,4,11757,15.44,HOEP (Legacy)
2023-10-07 04:00:00,2023,10,5,11875,27.66,HOEP (Legacy)
2023-10-07 05:00:00,2023,10,6,12319,28.26,HOEP (Legacy)
2023-10-07 06:00:00,2023,10,7,12926,35.14,HOEP (Legacy)
2023-10-07 07:00:00,2023,10,8,13625,29.99,HOEP (Legacy)
2023-10-07 08:00:00,2023,10,9,14075,28.08,HOEP (Legacy)
2023-10-07 09:00:00,2023,10,10,13969,16.46,HOEP (Legacy)
2023-10-07 10:00:00,2023,10,11,14241,33.85,HOEP (Legacy)
2023-10-07 11:00:00,2023,10,12,14352,29.38,HOEP (Legacy)
2023-10-07 12:00:00,2023,10,13,14213,35.59,HOEP (Legacy)
2023-10-07 13:00:00,2023,10,14,14013,18.95,HOEP (Legacy)
2023-10-07 14:00:00,2023,10,15,13960,25.45,HOEP (Legacy)
2023-10-07 15:00:00,2023,10,16,14256,26.8,HOEP (Legacy)
2023-10-07 16:00:00,2023,10,17,14648,29.31,HOEP (Legacy)
2023-10-07 17:00:00,2023,10,18,14730,29.11,HOEP (Legacy)
2023-10-07 18:00:00,2023,10,19,14878,29.26,HOEP (Legacy)
2023-10-07 19:00:00,2023,10,20,14571,29.09,HOEP (Legacy)
2023-10-07 20:00:00,2023,10,21,14039,29.0,HOEP (Legacy)
2023-10-07 21:00:00,2023,10,22,13217,17.3,HOEP (Legacy)
2023-10-07 22:00:00,2023,10,23,12406,8.97,HOEP (Legacy)
2023-10-07 23:00:00,2023,10,24,12075,0.98,HOEP (Legacy)
2023-10-08 00:00:00,2023,10,1,11708,0.0,HOEP (Legacy)
2023-10-08 01:00:00,2023,10,2,11485,0.0,HOEP (Legacy)
2023-10-08 02:00:00,2023,10,3,11350,0.0,HOEP (Legacy)
2023-10-08 03:00:00,2023,10,4,11260,0.0,HOEP (Legacy)
2023-10-08 04:00:00,2023,10,5,11443,0.0,HOEP (Legacy)
2023-10-08 05:00:00,2023,10,6,11797,0.0,HOEP (Legacy)
2023-10-08 06:00:00,2023,10,7,12253,0.0,HOEP (Legacy)
2023-10-08 07:00:00,2023,10,8,13036,9.53,HOEP (Legacy)
2023-10-08 08:00:00,2023,10,9,13627,16.23,HOEP (Legacy)
2023-10-08 09:00:00,2023,10,10,13687,5.69,HOEP (Legacy)
2023-10-08 10:00:00,2023,10,11,13920,0.0,HOEP (Legacy)
2023-10-08 11:00:00,2023,10,12,14065,0.0,HOEP (Legacy)
2023-10-08 12:00:00,2023,10,13,13978,0.0,HOEP (Legacy)
2023-10-08 13:00:00,2023,10,14,14031,10.92,HOEP (Legacy)
2023-10-08 14:00:00,2023,10,15,14085,2.92,HOEP (Legacy)
2023-10-08 15:00:00,2023,10,16,14430,1.66,HOEP (Legacy)
2023-10-08 16:00:00,2023,10,17,14588,0.0,HOEP (Legacy)
2023-10-08 17:00:00,2023,10,18,14537,2.36,HOEP (Legacy)
2023-10-08 18:00:00,2023,10,19,14811,8.94,HOEP (Legacy)
2023-10-08 19:00:00,2023,10,20,14519,11.67,HOEP (Legacy)
2023-10-08 20:00:00,2023,10,21,13997,10.17,HOEP (Legacy)
2023-10-08 21:00:00,2023,10,22,13493,11.53,HOEP (Legacy)
2023-10-08 22:00:00,2023,10,23,12729,6.76,HOEP (Legacy)
2023-10-08 23:00:00,2023,10,24,11961,4.49,HOEP (Legacy)
2023-10-09 00:00:00,2023,10,1,11777,0.98,HOEP (Legacy)
2023-10-09 01:00:00,2023,10,2,11463,0.47,HOEP (Legacy)
2023-10-09 02:00:00,2023,10,3,11385,0.0,HOEP (Legacy)
2023-10-09 03:00:00,2023,10,4,11433,0.0,HOEP (Legacy)
2023-10-09 04:00:00,2023,10,5,11583,0.0,HOEP (Legacy)
2023-10-09 05:00:00,2023,10,6,11981,0.0,HOEP (Legacy)
2023-10-09 06:00:00,2023,10,7,12390,2.06,HOEP (Legacy)
2023-10-09 07:00:00,2023,10,8,13054,12.37,HOEP (Legacy)
2023-10-09 08:00:00,2023,10,9,13686,39.77,HOEP (Legacy)
2023-10-09 09:00:00,2023,10,10,13925,14.35,HOEP (Legacy)
2023-10-09 10:00:00,2023,10,11,13848,0.5,HOEP (Legacy)
2023-10-09 11:00:00,2023,10,12,13987,5.54,HOEP (Legacy)
2023-10-09 12:00:00,2023,10,13,14023,13.67,HOEP (Legacy)
2023-10-09 13:00:00,2023,10,14,13903,14.34,HOEP (Legacy)
2023-10-09 14:00:00,2023,10,15,14030,20.64,HOEP (Legacy)
2023-10-09 15:00:00,2023,10,16,14467,27.91,HOEP (Legacy)
2023-10-09 16:00:00,2023,10,17,14918,26.67,HOEP (Legacy)
2023-10-09 17:00:00,2023,10,18,15216,30.81,HOEP (Legacy)
2023-10-09 18:00:00,2023,10,19,15613,41.05,HOEP (Legacy)
2023-10-09 19:00:00,2023,10,20,15138,30.06,HOEP (Legacy)
2023-10-09 20:00:00,2023,10,21,14503,33.4,HOEP (Legacy)
2023-10-09 21:00:00,2023,10,22,13774,30.95,HOEP (Legacy)
2023-10-09 22:00:00,2023,10,23,13124,39.47,HOEP (Legacy)
2023-10-09 23:00:00,2023,10,24,12565,44.65,HOEP (Legacy)
2023-10-10 00:00:00,2023,10,1,12192,21.38,HOEP (Legacy)
2023-10-10 01:00:00,2023,10,2,11903,16.1,HOEP (Legacy)
2023-10-10 02:00:00,2023,10,3,11905,22.07,HOEP (Legacy)
2023-10-10 03:00:00,2023,10,4,12146,33.23,HOEP (Legacy)
2023-10-10 04:00:00,2023,10,5,12621,31.88,HOEP (Legacy)
2023-10-10 05:00:00,2023,10,6,14178,122.73,HOEP (Legacy)
2023-10-10 06:00:00,2023,10,7,15763,955.14,HOEP (Legacy)
2023-10-10 07:00:00,2023,10,8,16056,135.43,HOEP (Legacy)
2023-10-10 08:00:00,2023,10,9,16039,86.38,HOEP (Legacy)
2023-10-10 09:00:00,2023,10,10,16104,38.7,HOEP (Legacy)
2023-10-10 10:00:00,2023,10,11,15715,29.35,HOEP (Legacy)
2023-10-10 11:00:00,2023,10,12,15401,29.87,HOEP (Legacy)
2023-10-10 12:00:00,2023,10,13,15234,28.86,HOEP (Legacy)
2023-10-10 13:00:00,2023,10,14,15285,30.68,HOEP (Legacy)
2023-10-10 14:00:00,2023,10,15,15821,41.1,HOEP (Legacy)
2023-10-10 15:00:00,2023,10,16,16375,41.51,HOEP (Legacy)
2023-10-10 16:00:00,2023,10,17,16892,46.92,HOEP (Legacy)
2023-10-10 17:00:00,2023,10,18,16839,41.55,HOEP (Legacy)
2023-10-10 18:00:00,2023,10,19,17004,32.26,HOEP (Legacy)
2023-10-10 19:00:00,2023,10,20,16510,37.57,HOEP (Legacy)
2023-10-10 20:00:00,2023,10,21,15836,41.75,HOEP (Legacy)
2023-10-10 21:00:00,2023,10,22,14825,30.54,HOEP (Legacy)
2023-10-10 22:00:00,2023,10,23,13818,47.33,HOEP (Legacy)
2023-10-10 23:00:00,2023,10,24,13158,33.4,HOEP (Legacy)
2023-10-11 00:00:00,2023,10,1,12858,58.6,HOEP (Legacy)
2023-10-11 01:00:00,2023,10,2,12602,31.52,HOEP (Legacy)
2023-10-11 02:00:00,2023,10,3,12478,18.46,HOEP (Legacy)
2023-10-11 03:00:00,2023,10,4,12679,15.96,HOEP (Legacy)
2023-10-11 04:00:00,2023,10,5,13083,16.97,HOEP (Legacy)
2023-10-11 05:00:00,2023,10,6,14377,29.51,HOEP (Legacy)
2023-10-11 06:00:00,2023,10,7,15876,46.55,HOEP (Legacy)
2023-10-11 07:00:00,2023,10,8,16332,42.32,HOEP (Legacy)
2023-10-11 08:00:00,2023,10,9,16150,41.65,HOEP (Legacy)
2023-10-11 09:00:00,2023,10,10,15920,59.97,HOEP (Legacy)
2023-10-11 10:00:00,2023,10,11,15735,43.76,HOEP (Legacy)
2023-10-11 11:00:00,2023,10,12,15318,37.36,HOEP (Legacy)
2023-10-11 12:00:00,2023,10,13,15153,36.43,HOEP (Legacy)
2023-10-11 13:00:00,2023,10,14,15019,34.45,HOEP (Legacy)
2023-10-11 14:00:00,2023,10,15,15143,31.26,HOEP (Legacy)
2023-10-11 15:00:00,2023,10,16,15780,31.58,HOEP (Legacy)
2023-10-11 16:00:00,2023,10,17,16121,35.29,HOEP (Legacy)
2023-10-11 17:00:00,2023,10,18,16444,41.35,HOEP (Legacy)
2023-10-11 18:00:00,2023,10,19,16829,40.54,HOEP (Legacy)
2023-10-11 19:00:00,2023,10,20,16479,52.63,HOEP (Legacy)
2023-10-11 20:00:00,2023,10,21,15766,39.52,HOEP (Legacy)
2023-10-11 21:00:00,2023,10,22,14999,41.24,HOEP (Legacy)
2023-10-11 22:00:00,2023,10,23,13981,33.93,HOEP (Legacy)
2023-10-11 23:00:00,2023,10,24,13198,41.37,HOEP (Legacy)
2023-10-12 00:00:00,2023,10,1,12796,28.47,HOEP (Legacy)
2023-10-12 01:00:00,2023,10,2,12462,13.65,HOEP (Legacy)
2023-10-12 02:00:00,2023,10,3,12438,27.95,HOEP (Legacy)
2023-10-12 03:00:00,2023,10,4,12634,19.54,HOEP (Legacy)
2023-10-12 04:00:00,2023,10,5,13056,14.57,HOEP (Legacy)
2023-10-12 05:00:00,2023,10,6,14256,32.68,HOEP (Legacy)
2023-10-12 06:00:00,2023,10,7,15695,42.94,HOEP (Legacy)
2023-10-12 07:00:00,2023,10,8,15901,38.91,HOEP (Legacy)
2023-10-12 08:00:00,2023,10,9,15271,31.11,HOEP (Legacy)
2023-10-12 09:00:00,2023,10,10,14915,40.61,HOEP (Legacy)
2023-10-12 10:00:00,2023,10,11,14802,33.61,HOEP (Legacy)
2023-10-12 11:00:00,2023,10,12,14745,39.94,HOEP (Legacy)
2023-10-12 12:00:00,2023,10,13,14659,31.51,HOEP (Legacy)
2023-10-12 13:00:00,2023,10,14,14481,30.46,HOEP (Legacy)
2023-10-12 14:00:00,2023,10,15,14855,15.78,HOEP (Legacy)
2023-10-12 15:00:00,2023,10,16,15299,17.95,HOEP (Legacy)
2023-10-12 16:00:00,2023,10,17,15895,23.49,HOEP (Legacy)
2023-10-12 17:00:00,2023,10,18,16087,23.21,HOEP (Legacy)
2023-10-12 18:00:00,2023,10,19,16338,23.0,HOEP (Legacy)
2023-10-12 19:00:00,2023,10,20,16004,24.13,HOEP (Legacy)
2023-10-12 20:00:00,2023,10,21,15418,25.24,HOEP (Legacy)
2023-10-12 21:00:00,2023,10,22,14545,21.94,HOEP (Legacy)
2023-10-12 22:00:00,2023,10,23,13635,30.24,HOEP (Legacy)
2023-10-12 23:00:00,2023,10,24,12996,31.8,HOEP (Legacy)
2023-10-13 00:00:00,2023,10,1,12650,38.03,HOEP (Legacy)
2023-10-13 01:00:00,2023,10,2,12536,14.34,HOEP (Legacy)
2023-10-13 02:00:00,2023,10,3,12503,30.12,HOEP (Legacy)
2023-10-13 03:00:00,2023,10,4,12677,14.37,HOEP (Legacy)
2023-10-13 04:00:00,2023,10,5,13271,0.48,HOEP (Legacy)
2023-10-13 05:00:00,2023,10,6,14480,21.45,HOEP (Legacy)
2023-10-13 06:00:00,2023,10,7,15734,57.33,HOEP (Legacy)
2023-10-13 07:00:00,2023,10,8,15940,16.1,HOEP (Legacy)
2023-10-13 08:00:00,2023,10,9,15543,19.36,HOEP (Legacy)
2023-10-13 09:00:00,2023,10,10,15352,33.43,HOEP (Legacy)
2023-10-13 10:00:00,2023,10,11,15232,39.75,HOEP (Legacy)
2023-10-13 11:00:00,2023,10,12,15408,37.83,HOEP (Legacy)
2023-10-13 12:00:00,2023,10,13,15239,33.22,HOEP (Legacy)
2023-10-13 13:00:00,2023,10,14,15183,44.06,HOEP (Legacy)
2023-10-13 14:00:00,2023,10,15,15242,28.13,HOEP (Legacy)
2023-10-13 15:00:00,2023,10,16,15561,28.54,HOEP (Legacy)
2023-10-13 16:00:00,2023,10,17,16003,32.1,HOEP (Legacy)
2023-10-13 17:00:00,2023,10,18,16031,33.87,HOEP (Legacy)
2023-10-13 18:00:00,2023,10,19,16266,28.57,HOEP (Legacy)
2023-10-13 19:00:00,2023,10,20,15874,24.3,HOEP (Legacy)
2023-10-13 20:00:00,2023,10,21,15092,22.45,HOEP (Legacy)
2023-10-13 21:00:00,2023,10,22,14367,21.42,HOEP (Legacy)
2023-10-13 22:00:00,2023,10,23,13430,20.51,HOEP (Legacy)
2023-10-13 23:00:00,2023,10,24,12720,24.52,HOEP (Legacy)
2023-10-14 00:00:00,2023,10,1,12273,15.6,HOEP (Legacy)
2023-10-14 01:00:00,2023,10,2,11879,11.64,HOEP (Legacy)
2023-10-14 02:00:00,2023,10,3,11760,6.16,HOEP (Legacy)
2023-10-14 03:00:00,2023,10,4,11886,14.33,HOEP (Legacy)
2023-10-14 04:00:00,2023,10,5,12108,24.97,HOEP (Legacy)
2023-10-14 05:00:00,2023,10,6,12695,22.78,HOEP (Legacy)
2023-10-14 06:00:00,2023,10,7,13402,21.99,HOEP (Legacy)
2023-10-14 07:00:00,2023,10,8,14016,28.01,HOEP (Legacy)
2023-10-14 08:00:00,2023,10,9,14636,22.23,HOEP (Legacy)
2023-10-14 09:00:00,2023,10,10,14683,29.13,HOEP (Legacy)
2023-10-14 10:00:00,2023,10,11,14425,23.54,HOEP (Legacy)
2023-10-14 11:00:00,2023,10,12,14414,24.34,HOEP (Legacy)
2023-10-14 12:00:00,2023,10,13,14612,41.31,HOEP (Legacy)
2023-10-14 13:00:00,2023,10,14,14665,70.8,HOEP (Legacy)
2023-10-14 14:00:00,2023,10,15,14755,65.4,HOEP (Legacy)
2023-10-14 15:00:00,2023,10,16,14894,60.99,HOEP (Legacy)
2023-10-14 16:00:00,2023,10,17,15273,37.68,HOEP (Legacy)
2023-10-14 17:00:00,2023,10,18,15544,169.71,HOEP (Legacy)
2023-10-14 18:00:00,2023,10,19,15451,141.25,HOEP (Legacy)
2023-10-14 19:00:00,2023,10,20,14722,24.62,HOEP (Legacy)
2023-10-14 20:00:00,2023,10,21,14108,23.92,HOEP (Legacy)
2023-10-14 21:00:00,2023,10,22,13577,20.04,HOEP (Legacy)
2023-10-14 22:00:00,2023,10,23,12916,21.9,HOEP (Legacy)
2023-10-14 23:00:00,2023,10,24,12542,39.72,HOEP (Legacy)
2023-10-15 00:00:00,2023,10,1,12099,48.95,HOEP (Legacy)
2023-10-15 01:00:00,2023,10,2,11930,18.52,HOEP (Legacy)
2023-10-15 02:00:00,2023,10,3,11864,44.23,HOEP (Legacy)
2023-10-15 03:00:00,2023,10,4,11842,49.14,HOEP (Legacy)
2023-10-15 04:00:00,2023,10,5,11947,17.85,HOEP (Legacy)
2023-10-15 05:00:00,2023,10,6,12357,14.34,HOEP (Legacy)
2023-10-15 06:00:00,2023,10,7,12634,8.54,HOEP (Legacy)
2023-10-15 07:00:00,2023,10,8,13249,4.09,HOEP (Legacy)
2023-10-15 08:00:00,2023,10,9,13725,16.03,HOEP (Legacy)
2023-10-15 09:00:00,2023,10,10,13814,7.55,HOEP (Legacy)
2023-10-15 10:00:00,2023,10,11,13728,8.07,HOEP (Legacy)
2023-10-15 11:00:00,2023,10,12,13825,9.65,HOEP (Legacy)
2023-10-15 12:00:00,2023,10,13,14015,11.67,HOEP (Legacy)
2023-10-15 13:00:00,2023,10,14,14274,13.35,HOEP (Legacy)
2023-10-15 14:00:00,2023,10,15,14193,23.92,HOEP (Legacy)
2023-10-15 15:00:00,2023,10,16,14826,26.22,HOEP (Legacy)
2023-10-15 16:00:00,2023,10,17,15668,30.27,HOEP (Legacy)
2023-10-15 17:00:00,2023,10,18,15842,279.41,HOEP (Legacy)
2023-10-15 18:00:00,2023,10,19,15854,86.21,HOEP (Legacy)
2023-10-15 19:00:00,2023,10,20,15548,33.26,HOEP (Legacy)
2023-10-15 20:00:00,2023,10,21,14891,24.05,HOEP (Legacy)
2023-10-15 21:00:00,2023,10,22,14038,73.18,HOEP (Legacy)
2023-10-15 22:00:00,2023,10,23,13261,23.44,HOEP (Legacy)
2023-10-15 23:00:00,2023,10,24,12573,22.05,HOEP (Legacy)
2023-10-16 00:00:00,2023,10,1,12212,10.89,HOEP (Legacy)
2023-10-16 01:00:00,2023,10,2,11990,10.99,HOEP (Legacy)
2023-10-16 02:00:00,2023,10,3,12154,6.7,HOEP (Legacy)
2023-10-16 03:00:00,2023,10,4,12302,14.34,HOEP (Legacy)
2023-10-16 04:00:00,2023,10,5,12844,8.23,HOEP (Legacy)
2023-10-16 05:00:00,2023,10,6,14127,24.09,HOEP (Legacy)
2023-10-16 06:00:00,2023,10,7,15570,46.2,HOEP (Legacy)
2023-10-16 07:00:00,2023,10,8,15991,28.75,HOEP (Legacy)
2023-10-16 08:00:00,2023,10,9,16140,46.92,HOEP (Legacy)
2023-10-16 09:00:00,2023,10,10,16051,56.67,HOEP (Legacy)
2023-10-16 10:00:00,2023,10,11,16024,28.64,HOEP (Legacy)
2023-10-16 11:00:00,2023,10,12,15961,28.48,HOEP (Legacy)
2023-10-16 12:00:00,2023,10,13,15949,28.46,HOEP (Legacy)
2023-10-16 13:00:00,2023,10,14,15812,28.12,HOEP (Legacy)
2023-10-16 14:00:00,2023,10,15,15616,28.02,HOEP (Legacy)
2023-10-16 15:00:00,2023,10,16,15966,28.14,HOEP (Legacy)
2023-10-16 16:00:00,2023,10,17,16425,27.38,HOEP (Legacy)
2023-10-16 17:00:00,2023,10,18,16611,28.47,HOEP (Legacy)
2023-10-16 18:00:00,2023,10,19,16904,29.97,HOEP (Legacy)
2023-10-16 19:00:00,2023,10,20,16455,28.55,HOEP (Legacy)
2023-10-16 20:00:00,2023,10,21,15836,28.57,HOEP (Legacy)
2023-10-16 21:00:00,2023,10,22,14812,26.91,HOEP (Legacy)
2023-10-16 22:00:00,2023,10,23,13680,24.0,HOEP (Legacy)
2023-10-16 23:00:00,2023,10,24,13059,25.92,HOEP (Legacy)
2023-10-17 00:00:00,2023,10,1,12614,31.25,HOEP (Legacy)
2023-10-17 01:00:00,2023,10,2,12413,28.6,HOEP (Legacy)
2023-10-17 02:00:00,2023,10,3,12345,29.38,HOEP (Legacy)
2023-10-17 03:00:00,2023,10,4,12491,22.49,HOEP (Legacy)
2023-10-17 04:00:00,2023,10,5,13031,28.06,HOEP (Legacy)
2023-10-17 05:00:00,2023,10,6,14352,29.7,HOEP (Legacy)
2023-10-17 06:00:00,2023,10,7,15843,80.94,HOEP (Legacy)
2023-10-17 07:00:00,2023,10,8,16076,42.83,HOEP (Legacy)
2023-10-17 08:00:00,2023,10,9,15756,38.9,HOEP (Legacy)
2023-10-17 09:00:00,2023,10,10,15506,29.6,HOEP (Legacy)
2023-10-17 10:00:00,2023,10,11,15249,29.37,HOEP (Legacy)
2023-10-17 11:00:00,2023,10,12,15034,29.37,HOEP (Legacy)
2023-10-17 12:00:00,2023,10,13,15022,29.37,HOEP (Legacy)
2023-10-17 13:00:00,2023,10,14,15116,29.7,HOEP (Legacy)
2023-10-17 14:00:00,2023,10,15,15256,30.74,HOEP (Legacy)
2023-10-17 15:00:00,2023,10,16,15636,33.42,HOEP (Legacy)
2023-10-17 16:00:00,2023,10,17,15986,22.38,HOEP (Legacy)
2023-10-17 17:00:00,2023,10,18,16189,29.17,HOEP (Legacy)
2023-10-17 18:00:00,2023,10,19,16502,35.71,HOEP (Legacy)
2023-10-17 19:00:00,2023,10,20,16194,30.65,HOEP (Legacy)
2023-10-17 20:00:00,2023,10,21,15493,27.42,HOEP (Legacy)
2023-10-17 21:00:00,2023,10,22,14446,28.47,HOEP (Legacy)
2023-10-17 22:00:00,2023,10,23,13385,24.64,HOEP (Legacy)
2023-10-17 23:00:00,2023,10,24,12740,42.7,HOEP (Legacy)
2023-10-18 00:00:00,2023,10,1,12360,20.05,HOEP (Legacy)
2023-10-18 01:00:00,2023,10,2,12184,23.42,HOEP (Legacy)
2023-10-18 02:00:00,2023,10,3,12142,23.92,HOEP (Legacy)
2023-10-18 03:00:00,2023,10,4,12347,17.24,HOEP (Legacy)
2023-10-18 04:00:00,2023,10,5,12764,15.77,HOEP (Legacy)
2023-10-18 05:00:00,2023,10,6,13936,27.82,HOEP (Legacy)
2023-10-18 06:00:00,2023,10,7,15306,30.3,HOEP (Legacy)
2023-10-18 07:00:00,2023,10,8,15638,27.08,HOEP (Legacy)
2023-10-18 08:00:00,2023,10,9,15600,30.13,HOEP (Legacy)
2023-10-18 09:00:00,2023,10,10,15478,30.43,HOEP (Legacy)
2023-10-18 10:00:00,2023,10,11,14942,24.96,HOEP (Legacy)
2023-10-18 11:00:00,2023,10,12,14591,20.28,HOEP (Legacy)
2023-10-18 12:00:00,2023,10,13,14566,21.47,HOEP (Legacy)
2023-10-18 13:00:00,2023,10,14,14613,24.82,HOEP (Legacy)
2023-10-18 14:00:00,2023,10,15,14764,26.05,HOEP (Legacy)
2023-10-18 15:00:00,2023,10,16,15605,30.83,HOEP (Legacy)
2023-10-18 16:00:00,2023,10,17,16174,32.62,HOEP (Legacy)
2023-10-18 17:00:00,2023,10,18,16355,30.04,HOEP (Legacy)
2023-10-18 18:00:00,2023,10,19,16331,29.81,HOEP (Legacy)
2023-10-18 19:00:00,2023,10,20,16000,27.92,HOEP (Legacy)
2023-10-18 20:00:00,2023,10,21,15249,26.82,HOEP (Legacy)
2023-10-18 21:00:00,2023,10,22,14167,20.3,HOEP (Legacy)
2023-10-18 22:00:00,2023,10,23,13268,16.37,HOEP (Legacy)
2023-10-18 23:00:00,2023,10,24,12645,10.79,HOEP (Legacy)
2023-10-19 00:00:00,2023,10,1,12317,5.67,HOEP (Legacy)
2023-10-19 01:00:00,2023,10,2,12192,7.32,HOEP (Legacy)
2023-10-19 02:00:00,2023,10,3,12128,5.84,HOEP (Legacy)
2023-10-19 03:00:00,2023,10,4,12218,3.77,HOEP (Legacy)
2023-10-19 04:00:00,2023,10,5,12725,8.91,HOEP (Legacy)
2023-10-19 05:00:00,2023,10,6,13994,22.33,HOEP (Legacy)
2023-10-19 06:00:00,2023,10,7,15455,33.72,HOEP (Legacy)
2023-10-19 07:00:00,2023,10,8,15502,32.0,HOEP (Legacy)
2023-10-19 08:00:00,2023,10,9,15628,54.1,HOEP (Legacy)
2023-10-19 09:00:00,2023,10,10,15355,51.85,HOEP (Legacy)
2023-10-19 10:00:00,2023,10,11,14917,13.64,HOEP (Legacy)
2023-10-19 11:00:00,2023,10,12,14955,19.23,HOEP (Legacy)
2023-10-19 12:00:00,2023,10,13,15014,22.48,HOEP (Legacy)
2023-10-19 13:00:00,2023,10,14,15282,30.21,HOEP (Legacy)
2023-10-19 14:00:00,2023,10,15,15795,30.89,HOEP (Legacy)
2023-10-19 15:00:00,2023,10,16,16107,31.98,HOEP (Legacy)
2023-10-19 16:00:00,2023,10,17,16313,25.07,HOEP (Legacy)
2023-10-19 17:00:00,2023,10,18,16206,31.41,HOEP (Legacy)
2023-10-19 18:00:00,2023,10,19,16237,28.32,HOEP (Legacy)
2023-10-19 19:00:00,2023,10,20,15854,28.2,HOEP (Legacy)
2023-10-19 20:00:00,2023,10,21,15359,23.98,HOEP (Legacy)
2023-10-19 21:00:00,2023,10,22,14335,13.83,HOEP (Legacy)
2023-10-19 22:00:00,2023,10,23,13421,9.5,HOEP (Legacy)
2023-10-19 23:00:00,2023,10,24,12908,0.0,HOEP (Legacy)
2023-10-20 00:00:00,2023,10,1,12395,5.23,HOEP (Legacy)
2023-10-20 01:00:00,2023,10,2,12287,2.36,HOEP (Legacy)
2023-10-20 02:00:00,2023,10,3,12248,5.79,HOEP (Legacy)
2023-10-20 03:00:00,2023,10,4,12382,8.69,HOEP (Legacy)
2023-10-20 04:00:00,2023,10,5,12993,13.68,HOEP (Legacy)
2023-10-20 05:00:00,2023,10,6,13970,18.41,HOEP (Legacy)
2023-10-20 06:00:00,2023,10,7,15201,29.33,HOEP (Legacy)
2023-10-20 07:00:00,2023,10,8,15963,32.03,HOEP (Legacy)
2023-10-20 08:00:00,2023,10,9,16273,32.51,HOEP (Legacy)
2023-10-20 09:00:00,2023,10,10,16465,33.37,HOEP (Legacy)
2023-10-20 10:00:00,2023,10,11,16364,33.61,HOEP (Legacy)
2023-10-20 11:00:00,2023,10,12,16045,33.5,HOEP (Legacy)
2023-10-20 12:00:00,2023,10,13,16054,33.51,HOEP (Legacy)
2023-10-20 13:00:00,2023,10,14,16048,34.14,HOEP (Legacy)
2023-10-20 14:00:00,2023,10,15,15955,34.08,HOEP (Legacy)
2023-10-20 15:00:00,2023,10,16,16189,40.22,HOEP (Legacy)
2023-10-20 16:00:00,2023,10,17,16173,31.43,HOEP (Legacy)
2023-10-20 17:00:00,2023,10,18,16198,30.37,HOEP (Legacy)
2023-10-20 18:00:00,2023,10,19,16039,30.85,HOEP (Legacy)
2023-10-20 19:00:00,2023,10,20,15582,30.99,HOEP (Legacy)
2023-10-20 20:00:00,2023,10,21,15129,28.61,HOEP (Legacy)
2023-10-20 21:00:00,2023,10,22,14231,22.55,HOEP (Legacy)
2023-10-20 22:00:00,2023,10,23,13232,8.94,HOEP (Legacy)
2023-10-20 23:00:00,2023,10,24,12568,6.54,HOEP (Legacy)
2023-10-21 00:00:00,2023,10,1,12086,2.44,HOEP (Legacy)
2023-10-21 01:00:00,2023,10,2,11847,0.0,HOEP (Legacy)
2023-10-21 02:00:00,2023,10,3,11829,0.94,HOEP (Legacy)
2023-10-21 03:00:00,2023,10,4,11725,1.41,HOEP (Legacy)
2023-10-21 04:00:00,2023,10,5,12013,6.64,HOEP (Legacy)
2023-10-21 05:00:00,2023,10,6,12606,17.51,HOEP (Legacy)
2023-10-21 06:00:00,2023,10,7,13474,21.62,HOEP (Legacy)
2023-10-21 07:00:00,2023,10,8,14037,34.75,HOEP (Legacy)
2023-10-21 08:00:00,2023,10,9,14641,109.48,HOEP (Legacy)
2023-10-21 09:00:00,2023,10,10,14945,74.67,HOEP (Legacy)
2023-10-21 10:00:00,2023,10,11,15073,24.75,HOEP (Legacy)
2023-10-21 11:00:00,2023,10,12,15020,23.76,HOEP (Legacy)
2023-10-21 12:00:00,2023,10,13,14573,23.52,HOEP (Legacy)
2023-10-21 13:00:00,2023,10,14,14251,27.96,HOEP (Legacy)
2023-10-21 14:00:00,2023,10,15,14410,25.44,HOEP (Legacy)
2023-10-21 15:00:00,2023,10,16,15150,39.21,HOEP (Legacy)
2023-10-21 16:00:00,2023,10,17,15463,29.82,HOEP (Legacy)
2023-10-21 17:00:00,2023,10,18,15545,26.81,HOEP (Legacy)
2023-10-21 18:00:00,2023,10,19,15376,25.35,HOEP (Legacy)
2023-10-21 19:00:00,2023,10,20,15004,23.36,HOEP (Legacy)
2023-10-21 20:00:00,2023,10,21,14441,16.05,HOEP (Legacy)
2023-10-21 21:00:00,2023,10,22,13838,16.53,HOEP (Legacy)
2023-10-21 22:00:00,2023,10,23,13008,14.85,HOEP (Legacy)
2023-10-21 23:00:00,2023,10,24,12554,16.4,HOEP (Legacy)
2023-10-22 00:00:00,2023,10,1,12073,7.81,HOEP (Legacy)
2023-10-22 01:00:00,2023,10,2,11792,0.0,HOEP (Legacy)
2023-10-22 02:00:00,2023,10,3,11650,0.0,HOEP (Legacy)
2023-10-22 03:00:00,2023,10,4,11700,0.0,HOEP (Legacy)
2023-10-22 04:00:00,2023,10,5,11875,0.0,HOEP (Legacy)
2023-10-22 05:00:00,2023,10,6,12328,0.0,HOEP (Legacy)
2023-10-22 06:00:00,2023,10,7,12933,1.86,HOEP (Legacy)
2023-10-22 07:00:00,2023,10,8,13479,4.39,HOEP (Legacy)
2023-10-22 08:00:00,2023,10,9,13917,6.17,HOEP (Legacy)
2023-10-22 09:00:00,2023,10,10,13806,4.75,HOEP (Legacy)
2023-10-22 10:00:00,2023,10,11,13718,2.66,HOEP (Legacy)
2023-10-22 11:00:00,2023,10,12,13751,6.0,HOEP (Legacy)
2023-10-22 12:00:00,2023,10,13,13735,5.94,HOEP (Legacy)
2023-10-22 13:00:00,2023,10,14,13572,5.86,HOEP (Legacy)
2023-10-22 14:00:00,2023,10,15,13642,4.26,HOEP (Legacy)
2023-10-22 15:00:00,2023,10,16,14170,7.96,HOEP (Legacy)
2023-10-22 16:00:00,2023,10,17,15068,21.83,HOEP (Legacy)
2023-10-22 17:00:00,2023,10,18,15803,26.62,HOEP (Legacy)
2023-10-22 18:00:00,2023,10,19,16082,32.21,HOEP (Legacy)
2023-10-22 19:00:00,2023,10,20,15699,29.76,HOEP (Legacy)
2023-10-22 20:00:00,2023,10,21,14994,24.53,HOEP (Legacy)
2023-10-22 21:00:00,2023,10,22,14348,23.49,HOEP (Legacy)
2023-10-22 22:00:00,2023,10,23,13592,25.22,HOEP (Legacy)
2023-10-22 23:00:00,2023,10,24,13153,33.61,HOEP (Legacy)
2023-10-23 00:00:00,2023,10,1,12672,23.96,HOEP (Legacy)
2023-10-23 01:00:00,2023,10,2,12528,24.44,HOEP (Legacy)
2023-10-23 02:00:00,2023,10,3,12539,23.88,HOEP (Legacy)
2023-10-23 03:00:00,2023,10,4,12604,25.95,HOEP (Legacy)
2023-10-23 04:00:00,2023,10,5,13315,25.41,HOEP (Legacy)
2023-10-23 05:00:00,2023,10,6,14751,26.42,HOEP (Legacy)
2023-10-23 06:00:00,2023,10,7,16234,66.12,HOEP (Legacy)
2023-10-23 07:00:00,2023,10,8,16376,30.79,HOEP (Legacy)
2023-10-23 08:00:00,2023,10,9,15710,28.36,HOEP (Legacy)
2023-10-23 09:00:00,2023,10,10,15253,32.45,HOEP (Legacy)
2023-10-23 10:00:00,2023,10,11,14748,28.23,HOEP (Legacy)
2023-10-23 11:00:00,2023,10,12,14494,27.69,HOEP (Legacy)
2023-10-23 12:00:00,2023,10,13,14523,28.67,HOEP (Legacy)
2023-10-23 13:00:00,2023,10,14,14674,28.65,HOEP (Legacy)
2023-10-23 14:00:00,2023,10,15,14972,28.98,HOEP (Legacy)
2023-10-23 15:00:00,2023,10,16,15805,40.97,HOEP (Legacy)
2023-10-23 16:00:00,2023,10,17,16543,28.75,HOEP (Legacy)
2023-10-23 17:00:00,2023,10,18,16856,30.73,HOEP (Legacy)
2023-10-23 18:00:00,2023,10,19,16950,37.28,HOEP (Legacy)
2023-10-23 19:00:00,2023,10,20,16423,29.2,HOEP (Legacy)
2023-10-23 20:00:00,2023,10,21,15510,25.29,HOEP (Legacy)
2023-10-23 21:00:00,2023,10,22,14591,24.89,HOEP (Legacy)
2023-10-23 22:00:00,2023,10,23,13618,23.34,HOEP (Legacy)
2023-10-23 23:00:00,2023,10,24,12803,20.14,HOEP (Legacy)
2023-10-24 00:00:00,2023,10,1,12323,15.64,HOEP (Legacy)
2023-10-24 01:00:00,2023,10,2,12203,14.39,HOEP (Legacy)
2023-10-24 02:00:00,2023,10,3,12223,19.29,HOEP (Legacy)
2023-10-24 03:00:00,2023,10,4,12434,28.75,HOEP (Legacy)
2023-10-24 04:00:00,2023,10,5,12896,21.32,HOEP (Legacy)
2023-10-24 05:00:00,2023,10,6,14128,22.95,HOEP (Legacy)
2023-10-24 06:00:00,2023,10,7,15617,33.04,HOEP (Legacy)
2023-10-24 07:00:00,2023,10,8,15943,24.06,HOEP (Legacy)
2023-10-24 08:00:00,2023,10,9,15764,25.42,HOEP (Legacy)
2023-10-24 09:00:00,2023,10,10,15525,26.32,HOEP (Legacy)
2023-10-24 10:00:00,2023,10,11,15234,25.97,HOEP (Legacy)
2023-10-24 11:00:00,2023,10,12,15162,61.41,HOEP (Legacy)
2023-10-24 12:00:00,2023,10,13,15150,102.78,HOEP (Legacy)
2023-10-24 13:00:00,2023,10,14,15003,39.79,HOEP (Legacy)
2023-10-24 14:00:00,2023,10,15,14949,18.0,HOEP (Legacy)
2023-10-24 15:00:00,2023,10,16,15107,19.03,HOEP (Legacy)
2023-10-24 16:00:00,2023,10,17,15859,19.48,HOEP (Legacy)
2023-10-24 17:00:00,2023,10,18,16135,17.72,HOEP (Legacy)
2023-10-24 18:00:00,2023,10,19,16124,15.67,HOEP (Legacy)
2023-10-24 19:00:00,2023,10,20,15668,15.96,HOEP (Legacy)
2023-10-24 20:00:00,2023,10,21,15026,18.54,HOEP (Legacy)
2023-10-24 21:00:00,2023,10,22,14228,13.18,HOEP (Legacy)
2023-10-24 22:00:00,2023,10,23,13276,8.91,HOEP (Legacy)
2023-10-24 23:00:00,2023,10,24,12535,1.88,HOEP (Legacy)
2023-10-25 00:00:00,2023,10,1,12150,5.77,HOEP (Legacy)
2023-10-25 01:00:00,2023,10,2,11952,1.41,HOEP (Legacy)
2023-10-25 02:00:00,2023,10,3,11793,0.0,HOEP (Legacy)
2023-10-25 03:00:00,2023,10,4,11851,0.0,HOEP (Legacy)
2023-10-25 04:00:00,2023,10,5,12375,5.1,HOEP (Legacy)
2023-10-25 05:00:00,2023,10,6,13745,14.43,HOEP (Legacy)
2023-10-25 06:00:00,2023,10,7,15071,45.65,HOEP (Legacy)
2023-10-25 07:00:00,2023,10,8,15692,51.8,HOEP (Legacy)
2023-10-25 08:00:00,2023,10,9,15714,36.65,HOEP (Legacy)
2023-10-25 09:00:00,2023,10,10,15922,47.24,HOEP (Legacy)
2023-10-25 10:00:00,2023,10,11,15676,27.76,HOEP (Legacy)
2023-10-25 11:00:00,2023,10,12,15734,26.56,HOEP (Legacy)
2023-10-25 12:00:00,2023,10,13,16081,42.98,HOEP (Legacy)
2023-10-25 13:00:00,2023,10,14,16132,66.01,HOEP (Legacy)
2023-10-25 14:00:00,2023,10,15,15814,42.48,HOEP (Legacy)
2023-10-25 15:00:00,2023,10,16,16132,57.59,HOEP (Legacy)
2023-10-25 16:00:00,2023,10,17,16457,50.23,HOEP (Legacy)
2023-10-25 17:00:00,2023,10,18,16517,44.74,HOEP (Legacy)
2023-10-25 18:00:00,2023,10,19,16441,47.01,HOEP (Legacy)
2023-10-25 19:00:00,2023,10,20,16065,51.95,HOEP (Legacy)
2023-10-25 20:00:00,2023,10,21,15330,34.76,HOEP (Legacy)
2023-10-25 21:00:00,2023,10,22,14411,31.21,HOEP (Legacy)
2023-10-25 22:00:00,2023,10,23,13425,24.92,HOEP (Legacy)
2023-10-25 23:00:00,2023,10,24,12669,21.46,HOEP (Legacy)
2023-10-26 00:00:00,2023,10,1,12249,14.4,HOEP (Legacy)
2023-10-26 01:00:00,2023,10,2,12222,27.93,HOEP (Legacy)
2023-10-26 02:00:00,2023,10,3,12224,25.68,HOEP (Legacy)
2023-10-26 03:00:00,2023,10,4,12312,14.48,HOEP (Legacy)
2023-10-26 04:00:00,2023,10,5,12706,15.6,HOEP (Legacy)
2023-10-26 05:00:00,2023,10,6,13869,31.24,HOEP (Legacy)
2023-10-26 06:00:00,2023,10,7,15415,65.68,HOEP (Legacy)
2023-10-26 07:00:00,2023,10,8,16055,34.15,HOEP (Legacy)
2023-10-26 08:00:00,2023,10,9,16130,34.05,HOEP (Legacy)
2023-10-26 09:00:00,2023,10,10,16197,32.46,HOEP (Legacy)
2023-10-26 10:00:00,2023,10,11,15873,27.89,HOEP (Legacy)
2023-10-26 11:00:00,2023,10,12,15699,27.9,HOEP (Legacy)
2023-10-26 12:00:00,2023,10,13,15813,27.95,HOEP (Legacy)
2023-10-26 13:00:00,2023,10,14,15813,25.55,HOEP (Legacy)
2023-10-26 14:00:00,2023,10,15,15841,30.53,HOEP (Legacy)
2023-10-26 15:00:00,2023,10,16,16216,30.5,HOEP (Legacy)
2023-10-26 16:00:00,2023,10,17,16495,29.53,HOEP (Legacy)
2023-10-26 17:00:00,2023,10,18,16350,28.31,HOEP (Legacy)
2023-10-26 18:00:00,2023,10,19,16211,29.66,HOEP (Legacy)
2023-10-26 19:00:00,2023,10,20,15907,27.44,HOEP (Legacy)
2023-10-26 20:00:00,2023,10,21,15191,24.94,HOEP (Legacy)
2023-10-26 21:00:00,2023,10,22,14333,24.05,HOEP (Legacy)
2023-10-26 22:00:00,2023,10,23,13311,10.85,HOEP (Legacy)
2023-10-26 23:00:00,2023,10,24,12640,5.62,HOEP (Legacy)
2023-10-27 00:00:00,2023,10,1,12352,2.32,HOEP (Legacy)
2023-10-27 01:00:00,2023,10,2,12125,0.0,HOEP (Legacy)
2023-10-27 02:00:00,2023,10,3,12048,0.0,HOEP (Legacy)
2023-10-27 03:00:00,2023,10,4,12170,2.22,HOEP (Legacy)
2023-10-27 04:00:00,2023,10,5,12609,7.98,HOEP (Legacy)
2023-10-27 05:00:00,2023,10,6,13621,20.29,HOEP (Legacy)
2023-10-27 06:00:00,2023,10,7,15119,25.65,HOEP (Legacy)
2023-10-27 07:00:00,2023,10,8,15571,27.01,HOEP (Legacy)
2023-10-27 08:00:00,2023,10,9,15739,26.06,HOEP (Legacy)
2023-10-27 09:00:00,2023,10,10,15745,25.88,HOEP (Legacy)
2023-10-27 10:00:00,2023,10,11,15537,24.16,HOEP (Legacy)
2023-10-27 11:00:00,2023,10,12,15499,24.38,HOEP (Legacy)
2023-10-27 12:00:00,2023,10,13,15464,24.35,HOEP (Legacy)
2023-10-27 13:00:00,2023,10,14,15460,28.05,HOEP (Legacy)
2023-10-27 14:00:00,2023,10,15,15560,29.55,HOEP (Legacy)
2023-10-27 15:00:00,2023,10,16,15953,31.39,HOEP (Legacy)
2023-10-27 16:00:00,2023,10,17,16315,32.53,HOEP (Legacy)
2023-10-27 17:00:00,2023,10,18,16470,31.87,HOEP (Legacy)
2023-10-27 18:00:00,2023,10,19,16201,29.94,HOEP (Legacy)
2023-10-27 19:00:00,2023,10,20,15665,25.94,HOEP (Legacy)
2023-10-27 20:00:00,2023,10,21,14965,23.01,HOEP (Legacy)
2023-10-27 21:00:00,2023,10,22,14122,12.12,HOEP (Legacy)
2023-10-27 22:00:00,2023,10,23,13210,8.17,HOEP (Legacy)
2023-10-27 23:00:00,2023,10,24,12498,0.93,HOEP (Legacy)
2023-10-28 00:00:00,2023,10,1,12039,0.0,HOEP (Legacy)
2023-10-28 01:00:00,2023,10,2,11928,0.0,HOEP (Legacy)
2023-10-28 02:00:00,2023,10,3,11784,0.0,HOEP (Legacy)
2023-10-28 03:00:00,2023,10,4,11810,0.68,HOEP (Legacy)
2023-10-28 04:00:00,2023,10,5,11894,3.81,HOEP (Legacy)
2023-10-28 05:00:00,2023,10,6,12297,8.72,HOEP (Legacy)
2023-10-28 06:00:00,2023,10,7,13101,18.82,HOEP (Legacy)
2023-10-28 07:00:00,2023,10,8,13702,31.75,HOEP (Legacy)
2023-10-28 08:00:00,2023,10,9,13940,11.0,HOEP (Legacy)
2023-10-28 09:00:00,2023,10,10,13964,25.68,HOEP (Legacy)
2023-10-28 10:00:00,2023,10,11,14048,32.53,HOEP (Legacy)
2023-10-28 11:00:00,2023,10,12,13967,26.28,HOEP (Legacy)
2023-10-28 12:00:00,2023,10,13,13864,14.37,HOEP (Legacy)
2023-10-28 13:00:00,2023,10,14,13639,16.54,HOEP (Legacy)
2023-10-28 14:00:00,2023,10,15,13682,32.36,HOEP (Legacy)
2023-10-28 15:00:00,2023,10,16,14180,86.32,HOEP (Legacy)
2023-10-28 16:00:00,2023,10,17,15041,41.78,HOEP (Legacy)
2023-10-28 17:00:00,2023,10,18,15447,36.74,HOEP (Legacy)
2023-10-28 18:00:00,2023,10,19,15352,33.53,HOEP (Legacy)
2023-10-28 19:00:00,2023,10,20,14924,33.98,HOEP (Legacy)
2023-10-28 20:00:00,2023,10,21,14424,40.91,HOEP (Legacy)
2023-10-28 21:00:00,2023,10,22,13644,37.01,HOEP (Legacy)
2023-10-28 22:00:00,2023,10,23,12816,35.26,HOEP (Legacy)
2023-10-28 23:00:00,2023,10,24,12292,33.94,HOEP (Legacy)
2023-10-29 00:00:00,2023,10,1,12108,36.03,HOEP (Legacy)
2023-10-29 01:00:00,2023,10,2,11850,18.03,HOEP (Legacy)
2023-10-29 02:00:00,2023,10,3,11717,14.35,HOEP (Legacy)
2023-10-29 03:00:00,2023,10,4,11926,14.34,HOEP (Legacy)
2023-10-29 04:00:00,2023,10,5,12000,14.18,HOEP (Legacy)
2023-10-29 05:00:00,2023,10,6,12490,29.69,HOEP (Legacy)
2023-10-29 06:00:00,2023,10,7,13183,33.21,HOEP (Legacy)
2023-10-29 07:00:00,2023,10,8,13829,36.06,HOEP (Legacy)
2023-10-29 08:00:00,2023,10,9,14490,37.35,HOEP (Legacy)
2023-10-29 09:00:00,2023,10,10,14857,38.83,HOEP (Legacy)
2023-10-29 10:00:00,2023,10,11,15296,72.77,HOEP (Legacy)
2023-10-29 11:00:00,2023,10,12,15333,43.52,HOEP (Legacy)
2023-10-29 12:00:00,2023,10,13,15243,43.94,HOEP (Legacy)
2023-10-29 13:00:00,2023,10,14,15177,40.08,HOEP (Legacy)
2023-10-29 14:00:00,2023,10,15,15307,43.22,HOEP (Legacy)
2023-10-29 15:00:00,2023,10,16,15703,56.69,HOEP (Legacy)
2023-10-29 16:00:00,2023,10,17,16205,69.06,HOEP (Legacy)
2023-10-29 17:00:00,2023,10,18,16553,65.88,HOEP (Legacy)
2023-10-29 18:00:00,2023,10,19,16213,49.94,HOEP (Legacy)
2023-10-29 19:00:00,2023,10,20,15800,36.3,HOEP (Legacy)
2023-10-29 20:00:00,2023,10,21,15219,34.1,HOEP (Legacy)
2023-10-29 21:00:00,2023,10,22,14308,30.0,HOEP (Legacy)
2023-10-29 22:00:00,2023,10,23,13356,14.6,HOEP (Legacy)
2023-10-29 23:00:00,2023,10,24,12798,14.34,HOEP (Legacy)
2023-10-30 00:00:00,2023,10,1,12582,23.75,HOEP (Legacy)
2023-10-30 01:00:00,2023,10,2,12561,14.39,HOEP (Legacy)
2023-10-30 02:00:00,2023,10,3,12644,14.37,HOEP (Legacy)
2023-10-30 03:00:00,2023,10,4,12863,15.95,HOEP (Legacy)
2023-10-30 04:00:00,2023,10,5,13364,22.97,HOEP (Legacy)
2023-10-30 05:00:00,2023,10,6,14745,33.85,HOEP (Legacy)
2023-10-30 06:00:00,2023,10,7,16332,38.67,HOEP (Legacy)
2023-10-30 07:00:00,2023,10,8,17056,57.51,HOEP (Legacy)
2023-10-30 08:00:00,2023,10,9,17057,49.47,HOEP (Legacy)
2023-10-30 09:00:00,2023,10,10,17180,75.08,HOEP (Legacy)
2023-10-30 10:00:00,2023,10,11,17060,44.35,HOEP (Legacy)
2023-10-30 11:00:00,2023,10,12,16919,38.34,HOEP (Legacy)
2023-10-30 12:00:00,2023,10,13,16761,40.29,HOEP (Legacy)
2023-10-30 13:00:00,2023,10,14,16370,34.27,HOEP (Legacy)
2023-10-30 14:00:00,2023,10,15,16336,34.08,HOEP (Legacy)
2023-10-30 15:00:00,2023,10,16,16836,34.66,HOEP (Legacy)
2023-10-30 16:00:00,2023,10,17,17473,36.0,HOEP (Legacy)
2023-10-30 17:00:00,2023,10,18,17854,37.65,HOEP (Legacy)
2023-10-30 18:00:00,2023,10,19,17858,36.28,HOEP (Legacy)
2023-10-30 19:00:00,2023,10,20,17448,37.02,HOEP (Legacy)
2023-10-30 20:00:00,2023,10,21,16858,35.39,HOEP (Legacy)
2023-10-30 21:00:00,2023,10,22,15544,34.65,HOEP (Legacy)
2023-10-30 22:00:00,2023,10,23,14543,30.61,HOEP (Legacy)
2023-10-30 23:00:00,2023,10,24,13911,31.63,HOEP (Legacy)
2023-10-31 00:00:00,2023,10,1,13568,14.88,HOEP (Legacy)
2023-10-31 01:00:00,2023,10,2,13471,32.51,HOEP (Legacy)
2023-10-31 02:00:00,2023,10,3,13427,30.99,HOEP (Legacy)
2023-10-31 03:00:00,2023,10,4,13584,36.3,HOEP (Legacy)
2023-10-31 04:00:00,2023,10,5,13979,25.48,HOEP (Legacy)
2023-10-31 05:00:00,2023,10,6,15404,41.07,HOEP (Legacy)
2023-10-31 06:00:00,2023,10,7,16927,45.61,HOEP (Legacy)
2023-10-31 07:00:00,2023,10,8,17112,44.29,HOEP (Legacy)
2023-10-31 08:00:00,2023,10,9,16860,43.33,HOEP (Legacy)
2023-10-31 09:00:00,2023,10,10,16622,42.4,HOEP (Legacy)
2023-10-31 10:00:00,2023,10,11,16317,40.8,HOEP (Legacy)
2023-10-31 11:00:00,2023,10,12,15964,36.35,HOEP (Legacy)
2023-10-31 12:00:00,2023,10,13,16122,36.84,HOEP (Legacy)
2023-10-31 13:00:00,2023,10,14,16234,35.02,HOEP (Legacy)
2023-10-31 14:00:00,2023,10,15,16511,38.64,HOEP (Legacy)
2023-10-31 15:00:00,2023,10,16,17208,38.3,HOEP (Legacy)
2023-10-31 16:00:00,2023,10,17,17456,31.39,HOEP (Legacy)
2023-10-31 17:00:00,2023,10,18,17343,31.75,HOEP (Legacy)
2023-10-31 18:00:00,2023,10,19,17213,37.2,HOEP (Legacy)
2023-10-31 19:00:00,2023,10,20,16950,35.39,HOEP (Legacy)
2023-10-31 20:00:00,2023,10,21,16345,33.38,HOEP (Legacy)
2023-10-31 21:00:00,2023,10,22,15402,31.24,HOEP (Legacy)
2023-10-31 22:00:00,2023,10,23,14463,28.07,HOEP (Legacy)
2023-10-31 23:00:00,2023,10,24,13989,25.18,HOEP (Legacy)
2023-11-01 00:00:00,2023,11,1,13798,38.93,HOEP (Legacy)
2023-11-01 01:00:00,2023,11,2,13621,14.38,HOEP (Legacy)
2023-11-01 02:00:00,2023,11,3,13464,14.38,HOEP (Legacy)
2023-11-01 03:00:00,2023,11,4,13663,18.0,HOEP (Legacy)
2023-11-01 04:00:00,2023,11,5,14210,35.83,HOEP (Legacy)
2023-11-01 05:00:00,2023,11,6,15271,39.4,HOEP (Legacy)
2023-11-01 06:00:00,2023,11,7,17007,41.51,HOEP (Legacy)
2023-11-01 07:00:00,2023,11,8,17384,42.57,HOEP (Legacy)
2023-11-01 08:00:00,2023,11,9,17361,40.89,HOEP (Legacy)
2023-11-01 09:00:00,2023,11,10,16769,38.7,HOEP (Legacy)
2023-11-01 10:00:00,2023,11,11,16066,37.83,HOEP (Legacy)
2023-11-01 11:00:00,2023,11,12,15781,38.19,HOEP (Legacy)
2023-11-01 12:00:00,2023,11,13,15856,39.44,HOEP (Legacy)
2023-11-01 13:00:00,2023,11,14,16167,40.0,HOEP (Legacy)
2023-11-01 14:00:00,2023,11,15,16459,40.42,HOEP (Legacy)
2023-11-01 15:00:00,2023,11,16,17150,42.1,HOEP (Legacy)
2023-11-01 16:00:00,2023,11,17,17879,72.75,HOEP (Legacy)
2023-11-01 17:00:00,2023,11,18,18216,63.26,HOEP (Legacy)
2023-11-01 18:00:00,2023,11,19,18102,137.85,HOEP (Legacy)
2023-11-01 19:00:00,2023,11,20,17616,45.46,HOEP (Legacy)
2023-11-01 20:00:00,2023,11,21,16951,42.28,HOEP (Legacy)
2023-11-01 21:00:00,2023,11,22,15779,38.26,HOEP (Legacy)
2023-11-01 22:00:00,2023,11,23,14611,36.78,HOEP (Legacy)
2023-11-01 23:00:00,2023,11,24,13998,27.56,HOEP (Legacy)
2023-11-02 00:00:00,2023,11,1,13669,19.46,HOEP (Legacy)
2023-11-02 01:00:00,2023,11,2,13478,18.0,HOEP (Legacy)
2023-11-02 02:00:00,2023,11,3,13417,28.37,HOEP (Legacy)
2023-11-02 03:00:00,2023,11,4,13595,31.45,HOEP (Legacy)
2023-11-02 04:00:00,2023,11,5,13923,30.71,HOEP (Legacy)
2023-11-02 05:00:00,2023,11,6,15233,33.14,HOEP (Legacy)
2023-11-02 06:00:00,2023,11,7,16939,40.49,HOEP (Legacy)
2023-11-02 07:00:00,2023,11,8,17299,37.61,HOEP (Legacy)
2023-11-02 08:00:00,2023,11,9,17052,34.13,HOEP (Legacy)
2023-11-02 09:00:00,2023,11,10,16811,92.41,HOEP (Legacy)
2023-11-02 10:00:00,2023,11,11,16674,35.63,HOEP (Legacy)
2023-11-02 11:00:00,2023,11,12,16221,33.78,HOEP (Legacy)
2023-11-02 12:00:00,2023,11,13,15495,20.78,HOEP (Legacy)
2023-11-02 13:00:00,2023,11,14,15511,14.35,HOEP (Legacy)
2023-11-02 14:00:00,2023,11,15,15650,17.82,HOEP (Legacy)
2023-11-02 15:00:00,2023,11,16,16326,32.44,HOEP (Legacy)
2023-11-02 16:00:00,2023,11,17,16994,31.45,HOEP (Legacy)
2023-11-02 17:00:00,2023,11,18,17463,33.42,HOEP (Legacy)
2023-11-02 18:00:00,2023,11,19,17385,35.48,HOEP (Legacy)
2023-11-02 19:00:00,2023,11,20,16930,33.43,HOEP (Legacy)
2023-11-02 20:00:00,2023,11,21,16253,32.2,HOEP (Legacy)
2023-11-02 21:00:00,2023,11,22,15173,17.34,HOEP (Legacy)
2023-11-02 22:00:00,2023,11,23,14164,3.48,HOEP (Legacy)
2023-11-02 23:00:00,2023,11,24,13594,3.85,HOEP (Legacy)
2023-11-03 00:00:00,2023,11,1,13109,0.93,HOEP (Legacy)
2023-11-03 01:00:00,2023,11,2,12872,0.0,HOEP (Legacy)
2023-11-03 02:00:00,2023,11,3,12746,0.0,HOEP (Legacy)
2023-11-03 03:00:00,2023,11,4,12826,0.0,HOEP (Legacy)
2023-11-03 04:00:00,2023,11,5,13472,1.41,HOEP (Legacy)
2023-11-03 05:00:00,2023,11,6,14631,15.24,HOEP (Legacy)
2023-11-03 06:00:00,2023,11,7,16079,29.07,HOEP (Legacy)
2023-11-03 07:00:00,2023,11,8,16453,31.05,HOEP (Legacy)
2023-11-03 08:00:00,2023,11,9,16255,23.62,HOEP (Legacy)
2023-11-03 09:00:00,2023,11,10,15662,6.46,HOEP (Legacy)
2023-11-03 10:00:00,2023,11,11,14873,0.0,HOEP (Legacy)
2023-11-03 11:00:00,2023,11,12,14767,5.4,HOEP (Legacy)
2023-11-03 12:00:00,2023,11,13,14999,8.05,HOEP (Legacy)
2023-11-03 13:00:00,2023,11,14,15371,23.0,HOEP (Legacy)
2023-11-03 14:00:00,2023,11,15,15756,56.02,HOEP (Legacy)
2023-11-03 15:00:00,2023,11,16,16161,11.59,HOEP (Legacy)
2023-11-03 16:00:00,2023,11,17,16389,5.6,HOEP (Legacy)
2023-11-03 17:00:00,2023,11,18,16616,0.83,HOEP (Legacy)
2023-11-03 18:00:00,2023,11,19,16428,5.82,HOEP (Legacy)
2023-11-03 19:00:00,2023,11,20,15993,10.35,HOEP (Legacy)
2023-11-03 20:00:00,2023,11,21,15533,14.38,HOEP (Legacy)
2023-11-03 21:00:00,2023,11,22,14769,46.37,HOEP (Legacy)
2023-11-03 22:00:00,2023,11,23,13860,12.37,HOEP (Legacy)
2023-11-03 23:00:00,2023,11,24,13189,26.06,HOEP (Legacy)
2023-11-04 00:00:00,2023,11,1,12884,12.98,HOEP (Legacy)
2023-11-04 01:00:00,2023,11,2,12749,23.88,HOEP (Legacy)
2023-11-04 02:00:00,2023,11,3,12805,26.57,HOEP (Legacy)
2023-11-04 03:00:00,2023,11,4,12785,25.84,HOEP (Legacy)
2023-11-04 04:00:00,2023,11,5,13005,27.46,HOEP (Legacy)
2023-11-04 05:00:00,2023,11,6,13595,26.95,HOEP (Legacy)
2023-11-04 06:00:00,2023,11,7,14141,40.34,HOEP (Legacy)
2023-11-04 07:00:00,2023,11,8,15257,56.58,HOEP (Legacy)
2023-11-04 08:00:00,2023,11,9,15815,106.98,HOEP (Legacy)
2023-11-04 09:00:00,2023,11,10,15589,33.85,HOEP (Legacy)
2023-11-04 10:00:00,2023,11,11,15521,33.22,HOEP (Legacy)
2023-11-04 11:00:00,2023,11,12,15446,33.18,HOEP (Legacy)
2023-11-04 12:00:00,2023,11,13,15264,32.53,HOEP (Legacy)
2023-11-04 13:00:00,2023,11,14,15141,31.64,HOEP (Legacy)
2023-11-04 14:00:00,2023,11,15,15423,31.79,HOEP (Legacy)
2023-11-04 15:00:00,2023,11,16,15852,41.48,HOEP (Legacy)
2023-11-04 16:00:00,2023,11,17,16160,33.19,HOEP (Legacy)
2023-11-04 17:00:00,2023,11,18,16399,34.15,HOEP (Legacy)
2023-11-04 18:00:00,2023,11,19,16146,59.58,HOEP (Legacy)
2023-11-04 19:00:00,2023,11,20,15722,32.42,HOEP (Legacy)
2023-11-04 20:00:00,2023,11,21,15193,31.47,HOEP (Legacy)
2023-11-04 21:00:00,2023,11,22,14516,31.07,HOEP (Legacy)
2023-11-04 22:00:00,2023,11,23,13890,28.4,HOEP (Legacy)
2023-11-04 23:00:00,2023,11,24,13150,28.19,HOEP (Legacy)
2023-11-05 00:00:00,2023,11,1,12751,33.97,HOEP (Legacy)
2023-11-05 01:00:00,2023,11,2,12646,33.97,HOEP (Legacy)
2023-11-05 02:00:00,2023,11,3,12645,29.95,HOEP (Legacy)
2023-11-05 03:00:00,2023,11,4,12555,15.36,HOEP (Legacy)
2023-11-05 04:00:00,2023,11,5,12568,16.01,HOEP (Legacy)
2023-11-05 05:00:00,2023,11,6,12886,26.25,HOEP (Legacy)
2023-11-05 06:00:00,2023,11,7,13641,55.81,HOEP (Legacy)
2023-11-05 07:00:00,2023,11,8,14276,30.33,HOEP (Legacy)
2023-11-05 08:00:00,2023,11,9,14534,27.15,HOEP (Legacy)
2023-11-05 09:00:00,2023,11,10,14651,27.95,HOEP (Legacy)
2023-11-05 10:00:00,2023,11,11,14722,28.71,HOEP (Legacy)
2023-11-05 11:00:00,2023,11,12,14597,28.37,HOEP (Legacy)
2023-11-05 12:00:00,2023,11,13,14628,28.34,HOEP (Legacy)
2023-11-05 13:00:00,2023,11,14,14494,27.05,HOEP (Legacy)
2023-11-05 14:00:00,2023,11,15,14699,27.39,HOEP (Legacy)
2023-11-05 15:00:00,2023,11,16,15327,30.51,HOEP (Legacy)
2023-11-05 16:00:00,2023,11,17,16680,36.1,HOEP (Legacy)
2023-11-05 17:00:00,2023,11,18,17394,34.94,HOEP (Legacy)
2023-11-05 18:00:00,2023,11,19,16952,31.44,HOEP (Legacy)
2023-11-05 19:00:00,2023,11,20,16586,41.24,HOEP (Legacy)
2023-11-05 20:00:00,2023,11,21,16105,31.38,HOEP (Legacy)
2023-11-05 21:00:00,2023,11,22,15344,30.92,HOEP (Legacy)
2023-11-05 22:00:00,2023,11,23,14463,27.28,HOEP (Legacy)
2023-11-05 23:00:00,2023,11,24,13535,26.58,HOEP (Legacy)
2023-11-06 00:00:00,2023,11,1,13108,27.16,HOEP (Legacy)
2023-11-06 01:00:00,2023,11,2,12850,27.39,HOEP (Legacy)
2023-11-06 02:00:00,2023,11,3,12849,23.57,HOEP (Legacy)
2023-11-06 03:00:00,2023,11,4,12919,13.78,HOEP (Legacy)
2023-11-06 04:00:00,2023,11,5,12856,5.99,HOEP (Legacy)
2023-11-06 05:00:00,2023,11,6,13578,14.05,HOEP (Legacy)
2023-11-06 06:00:00,2023,11,7,14730,19.48,HOEP (Legacy)
2023-11-06 07:00:00,2023,11,8,16048,27.36,HOEP (Legacy)
2023-11-06 08:00:00,2023,11,9,16441,28.12,HOEP (Legacy)
2023-11-06 09:00:00,2023,11,10,16630,29.47,HOEP (Legacy)
2023-11-06 10:00:00,2023,11,11,16328,27.77,HOEP (Legacy)
2023-11-06 11:00:00,2023,11,12,16432,30.91,HOEP (Legacy)
2023-11-06 12:00:00,2023,11,13,17063,33.4,HOEP (Legacy)
2023-11-06 13:00:00,2023,11,14,17059,67.03,HOEP (Legacy)
2023-11-06 14:00:00,2023,11,15,17021,27.42,HOEP (Legacy)
2023-11-06 15:00:00,2023,11,16,17084,27.11,HOEP (Legacy)
2023-11-06 16:00:00,2023,11,17,17549,23.46,HOEP (Legacy)
2023-11-06 17:00:00,2023,11,18,17793,21.92,HOEP (Legacy)
2023-11-06 18:00:00,2023,11,19,17209,33.45,HOEP (Legacy)
2023-11-06 19:00:00,2023,11,20,16773,30.67,HOEP (Legacy)
2023-11-06 20:00:00,2023,11,21,16399,48.84,HOEP (Legacy)
2023-11-06 21:00:00,2023,11,22,15614,29.17,HOEP (Legacy)
2023-11-06 22:00:00,2023,11,23,14776,22.28,HOEP (Legacy)
2023-11-06 23:00:00,2023,11,24,13851,7.04,HOEP (Legacy)
2023-11-07 00:00:00,2023,11,1,13299,5.71,HOEP (Legacy)
2023-11-07 01:00:00,2023,11,2,12896,1.39,HOEP (Legacy)
2023-11-07 02:00:00,2023,11,3,12702,6.47,HOEP (Legacy)
2023-11-07 03:00:00,2023,11,4,12750,8.74,HOEP (Legacy)
2023-11-07 04:00:00,2023,11,5,12882,9.61,HOEP (Legacy)
2023-11-07 05:00:00,2023,11,6,13424,6.52,HOEP (Legacy)
2023-11-07 06:00:00,2023,11,7,14598,23.79,HOEP (Legacy)
2023-11-07 07:00:00,2023,11,8,15840,27.64,HOEP (Legacy)
2023-11-07 08:00:00,2023,11,9,16252,25.57,HOEP (Legacy)
2023-11-07 09:00:00,2023,11,10,16133,24.16,HOEP (Legacy)
2023-11-07 10:00:00,2023,11,11,16259,24.21,HOEP (Legacy)
2023-11-07 11:00:00,2023,11,12,16332,28.34,HOEP (Legacy)
2023-11-07 12:00:00,2023,11,13,16409,28.84,HOEP (Legacy)
2023-11-07 13:00:00,2023,11,14,16596,30.15,HOEP (Legacy)
2023-11-07 14:00:00,2023,11,15,16809,29.58,HOEP (Legacy)
2023-11-07 15:00:00,2023,11,16,17079,29.64,HOEP (Legacy)
2023-11-07 16:00:00,2023,11,17,17597,28.97,HOEP (Legacy)
2023-11-07 17:00:00,2023,11,18,18112,29.22,HOEP (Legacy)
2023-11-07 18:00:00,2023,11,19,18011,29.27,HOEP (Legacy)
2023-11-07 19:00:00,2023,11,20,17732,29.93,HOEP (Legacy)
2023-11-07 20:00:00,2023,11,21,17483,33.28,HOEP (Legacy)
2023-11-07 21:00:00,2023,11,22,16655,29.71,HOEP (Legacy)
2023-11-07 22:00:00,2023,11,23,15758,28.63,HOEP (Legacy)
2023-11-07 23:00:00,2023,11,24,14748,26.31,HOEP (Legacy)
2023-11-08 00:00:00,2023,11,1,14252,25.73,HOEP (Legacy)
2023-11-08 01:00:00,2023,11,2,13958,28.49,HOEP (Legacy)
2023-11-08 02:00:00,2023,11,3,13778,28.47,HOEP (Legacy)
2023-11-08 03:00:00,2023,11,4,13772,28.62,HOEP (Legacy)
2023-11-08 04:00:00,2023,11,5,14018,28.0,HOEP (Legacy)
2023-11-08 05:00:00,2023,11,6,14607,27.25,HOEP (Legacy)
2023-11-08 06:00:00,2023,11,7,15825,30.49,HOEP (Legacy)
2023-11-08 07:00:00,2023,11,8,17096,30.01,HOEP (Legacy)
2023-11-08 08:00:00,2023,11,9,16907,27.09,HOEP (Legacy)
2023-11-08 09:00:00,2023,11,10,16677,28.39,HOEP (Legacy)
2023-11-08 10:00:00,2023,11,11,16985,28.66,HOEP (Legacy)
2023-11-08 11:00:00,2023,11,12,17520,32.39,HOEP (Legacy)
2023-11-08 12:00:00,2023,11,13,17634,33.49,HOEP (Legacy)
2023-11-08 13:00:00,2023,11,14,17463,29.02,HOEP (Legacy)
2023-11-08 14:00:00,2023,11,15,17600,29.02,HOEP (Legacy)
2023-11-08 15:00:00,2023,11,16,17890,29.72,HOEP (Legacy)
2023-11-08 16:00:00,2023,11,17,18845,40.55,HOEP (Legacy)
2023-11-08 17:00:00,2023,11,18,19462,34.64,HOEP (Legacy)
2023-11-08 18:00:00,2023,11,19,19042,29.85,HOEP (Legacy)
2023-11-08 19:00:00,2023,11,20,18455,28.52,HOEP (Legacy)
2023-11-08 20:00:00,2023,11,21,18011,28.35,HOEP (Legacy)
2023-11-08 21:00:00,2023,11,22,17184,28.48,HOEP (Legacy)
2023-11-08 22:00:00,2023,11,23,16129,27.53,HOEP (Legacy)
2023-11-08 23:00:00,2023,11,24,15493,58.57,HOEP (Legacy)
2023-11-09 00:00:00,2023,11,1,15002,30.64,HOEP (Legacy)
2023-11-09 01:00:00,2023,11,2,14372,55.07,HOEP (Legacy)
2023-11-09 02:00:00,2023,11,3,14186,83.13,HOEP (Legacy)
2023-11-09 03:00:00,2023,11,4,13736,19.04,HOEP (Legacy)
2023-11-09 04:00:00,2023,11,5,13949,5.68,HOEP (Legacy)
2023-11-09 05:00:00,2023,11,6,14457,12.93,HOEP (Legacy)
2023-11-09 06:00:00,2023,11,7,15658,30.07,HOEP (Legacy)
2023-11-09 07:00:00,2023,11,8,16999,30.47,HOEP (Legacy)
2023-11-09 08:00:00,2023,11,9,17393,30.45,HOEP (Legacy)
2023-11-09 09:00:00,2023,11,10,17618,33.53,HOEP (Legacy)
2023-11-09 10:00:00,2023,11,11,17690,33.43,HOEP (Legacy)
2023-11-09 11:00:00,2023,11,12,17201,31.56,HOEP (Legacy)
2023-11-09 12:00:00,2023,11,13,16665,29.67,HOEP (Legacy)
2023-11-09 13:00:00,2023,11,14,16122,27.94,HOEP (Legacy)
2023-11-09 14:00:00,2023,11,15,15896,27.73,HOEP (Legacy)
2023-11-09 15:00:00,2023,11,16,16252,27.86,HOEP (Legacy)
2023-11-09 16:00:00,2023,11,17,17102,31.23,HOEP (Legacy)
2023-11-09 17:00:00,2023,11,18,17906,28.83,HOEP (Legacy)
2023-11-09 18:00:00,2023,11,19,17796,28.38,HOEP (Legacy)
2023-11-09 19:00:00,2023,11,20,17304,28.35,HOEP (Legacy)
2023-11-09 20:00:00,2023,11,21,16979,28.27,HOEP (Legacy)
2023-11-09 21:00:00,2023,11,22,16393,28.26,HOEP (Legacy)
2023-11-09 22:00:00,2023,11,23,15572,23.12,HOEP (Legacy)
2023-11-09 23:00:00,2023,11,24,14647,13.33,HOEP (Legacy)
2023-11-10 00:00:00,2023,11,1,14067,15.67,HOEP (Legacy)
2023-11-10 01:00:00,2023,11,2,13510,6.1,HOEP (Legacy)
2023-11-10 02:00:00,2023,11,3,13372,11.12,HOEP (Legacy)
2023-11-10 03:00:00,2023,11,4,13465,17.96,HOEP (Legacy)
2023-11-10 04:00:00,2023,11,5,13625,27.19,HOEP (Legacy)
2023-11-10 05:00:00,2023,11,6,14252,28.16,HOEP (Legacy)
2023-11-10 06:00:00,2023,11,7,15255,28.01,HOEP (Legacy)
2023-11-10 07:00:00,2023,11,8,16492,31.36,HOEP (Legacy)
2023-11-10 08:00:00,2023,11,9,16924,32.47,HOEP (Legacy)
2023-11-10 09:00:00,2023,11,10,16770,32.94,HOEP (Legacy)
2023-11-10 10:00:00,2023,11,11,16272,32.84,HOEP (Legacy)
2023-11-10 11:00:00,2023,11,12,16038,32.55,HOEP (Legacy)
2023-11-10 12:00:00,2023,11,13,16020,32.88,HOEP (Legacy)
2023-11-10 13:00:00,2023,11,14,16141,32.52,HOEP (Legacy)
2023-11-10 14:00:00,2023,11,15,16514,32.52,HOEP (Legacy)
2023-11-10 15:00:00,2023,11,16,16889,33.11,HOEP (Legacy)
2023-11-10 16:00:00,2023,11,17,17551,40.73,HOEP (Legacy)
2023-11-10 17:00:00,2023,11,18,17983,36.31,HOEP (Legacy)
2023-11-10 18:00:00,2023,11,19,17656,32.53,HOEP (Legacy)
2023-11-10 19:00:00,2023,11,20,17226,32.52,HOEP (Legacy)
2023-11-10 20:00:00,2023,11,21,16943,32.63,HOEP (Legacy)
2023-11-10 21:00:00,2023,11,22,16342,32.78,HOEP (Legacy)
2023-11-10 22:00:00,2023,11,23,15590,33.18,HOEP (Legacy)
2023-11-10 23:00:00,2023,11,24,14619,32.47,HOEP (Legacy)
2023-11-11 00:00:00,2023,11,1,14047,32.59,HOEP (Legacy)
2023-11-11 01:00:00,2023,11,2,13701,33.89,HOEP (Legacy)
2023-11-11 02:00:00,2023,11,3,13536,32.71,HOEP (Legacy)
2023-11-11 03:00:00,2023,11,4,13426,35.39,HOEP (Legacy)
2023-11-11 04:00:00,2023,11,5,13515,39.99,HOEP (Legacy)
2023-11-11 05:00:00,2023,11,6,13861,32.59,HOEP (Legacy)
2023-11-11 06:00:00,2023,11,7,14522,32.72,HOEP (Legacy)
2023-11-11 07:00:00,2023,11,8,15229,32.54,HOEP (Legacy)
2023-11-11 08:00:00,2023,11,9,15526,33.21,HOEP (Legacy)
2023-11-11 09:00:00,2023,11,10,15709,32.77,HOEP (Legacy)
2023-11-11 10:00:00,2023,11,11,15729,32.91,HOEP (Legacy)
2023-11-11 11:00:00,2023,11,12,15867,32.81,HOEP (Legacy)
2023-11-11 12:00:00,2023,11,13,16013,33.27,HOEP (Legacy)
2023-11-11 13:00:00,2023,11,14,15956,32.68,HOEP (Legacy)
2023-11-11 14:00:00,2023,11,15,16052,32.86,HOEP (Legacy)
2023-11-11 15:00:00,2023,11,16,16519,31.74,HOEP (Legacy)
2023-11-11 16:00:00,2023,11,17,17243,32.87,HOEP (Legacy)
2023-11-11 17:00:00,2023,11,18,17794,32.6,HOEP (Legacy)
2023-11-11 18:00:00,2023,11,19,17467,31.89,HOEP (Legacy)
2023-11-11 19:00:00,2023,11,20,17036,32.96,HOEP (Legacy)
2023-11-11 20:00:00,2023,11,21,16624,32.27,HOEP (Legacy)
2023-11-11 21:00:00,2023,11,22,16026,34.68,HOEP (Legacy)
2023-11-11 22:00:00,2023,11,23,15231,32.33,HOEP (Legacy)
2023-11-11 23:00:00,2023,11,24,14454,31.08,HOEP (Legacy)
2023-11-12 00:00:00,2023,11,1,13975,29.15,HOEP (Legacy)
2023-11-12 01:00:00,2023,11,2,13734,34.23,HOEP (Legacy)
2023-11-12 02:00:00,2023,11,3,13545,39.45,HOEP (Legacy)
2023-11-12 03:00:00,2023,11,4,13414,36.75,HOEP (Legacy)
2023-11-12 04:00:00,2023,11,5,13466,31.39,HOEP (Legacy)
2023-11-12 05:00:00,2023,11,6,13718,29.85,HOEP (Legacy)
2023-11-12 06:00:00,2023,11,7,14108,28.96,HOEP (Legacy)
2023-11-12 07:00:00,2023,11,8,14698,28.58,HOEP (Legacy)
2023-11-12 08:00:00,2023,11,9,14904,28.02,HOEP (Legacy)
2023-11-12 09:00:00,2023,11,10,14799,28.06,HOEP (Legacy)
2023-11-12 10:00:00,2023,11,11,14542,27.99,HOEP (Legacy)
2023-11-12 11:00:00,2023,11,12,14254,28.73,HOEP (Legacy)
2023-11-12 12:00:00,2023,11,13,14227,27.99,HOEP (Legacy)
2023-11-12 13:00:00,2023,11,14,14365,28.21,HOEP (Legacy)
2023-11-12 14:00:00,2023,11,15,14554,28.18,HOEP (Legacy)
2023-11-12 15:00:00,2023,11,16,15361,30.97,HOEP (Legacy)
2023-11-12 16:00:00,2023,11,17,16608,32.11,HOEP (Legacy)
2023-11-12 17:00:00,2023,11,18,17610,32.36,HOEP (Legacy)
2023-11-12 18:00:00,2023,11,19,17463,31.72,HOEP (Legacy)
2023-11-12 19:00:00,2023,11,20,16929,32.13,HOEP (Legacy)
2023-11-12 20:00:00,2023,11,21,16537,30.93,HOEP (Legacy)
2023-11-12 21:00:00,2023,11,22,15943,30.07,HOEP (Legacy)
2023-11-12 22:00:00,2023,11,23,15103,28.56,HOEP (Legacy)
2023-11-12 23:00:00,2023,11,24,14364,28.2,HOEP (Legacy)
2023-11-13 00:00:00,2023,11,1,13926,27.98,HOEP (Legacy)
2023-11-13 01:00:00,2023,11,2,13645,27.76,HOEP (Legacy)
2023-11-13 02:00:00,2023,11,3,13421,19.53,HOEP (Legacy)
2023-11-13 03:00:00,2023,11,4,13364,21.45,HOEP (Legacy)
2023-11-13 04:00:00,2023,11,5,13396,18.87,HOEP (Legacy)
2023-11-13 05:00:00,2023,11,6,13945,13.59,HOEP (Legacy)
2023-11-13 06:00:00,2023,11,7,15110,24.14,HOEP (Legacy)
2023-11-13 07:00:00,2023,11,8,16368,30.56,HOEP (Legacy)
2023-11-13 08:00:00,2023,11,9,17015,34.04,HOEP (Legacy)
2023-11-13 09:00:00,2023,11,10,16911,32.07,HOEP (Legacy)
2023-11-13 10:00:00,2023,11,11,16226,31.65,HOEP (Legacy)
2023-11-13 11:00:00,2023,11,12,15986,31.29,HOEP (Legacy)
2023-11-13 12:00:00,2023,11,13,15874,30.51,HOEP (Legacy)
2023-11-13 13:00:00,2023,11,14,15726,30.72,HOEP (Legacy)
2023-11-13 14:00:00,2023,11,15,15800,28.34,HOEP (Legacy)
2023-11-13 15:00:00,2023,11,16,16105,28.11,HOEP (Legacy)
2023-11-13 16:00:00,2023,11,17,17303,31.22,HOEP (Legacy)
2023-11-13 17:00:00,2023,11,18,18285,36.1,HOEP (Legacy)
2023-11-13 18:00:00,2023,11,19,18143,35.96,HOEP (Legacy)
2023-11-13 19:00:00,2023,11,20,17675,31.92,HOEP (Legacy)
2023-11-13 20:00:00,2023,11,21,17200,29.69,HOEP (Legacy)
2023-11-13 21:00:00,2023,11,22,16471,30.23,HOEP (Legacy)
2023-11-13 22:00:00,2023,11,23,15592,28.33,HOEP (Legacy)
2023-11-13 23:00:00,2023,11,24,14587,28.52,HOEP (Legacy)
2023-11-14 00:00:00,2023,11,1,14076,24.82,HOEP (Legacy)
2023-11-14 01:00:00,2023,11,2,13709,26.34,HOEP (Legacy)
2023-11-14 02:00:00,2023,11,3,13516,24.31,HOEP (Legacy)
2023-11-14 03:00:00,2023,11,4,13396,27.39,HOEP (Legacy)
2023-11-14 04:00:00,2023,11,5,13559,28.53,HOEP (Legacy)
2023-11-14 05:00:00,2023,11,6,14161,30.23,HOEP (Legacy)
2023-11-14 06:00:00,2023,11,7,15402,35.7,HOEP (Legacy)
2023-11-14 07:00:00,2023,11,8,16926,54.29,HOEP (Legacy)
2023-11-14 08:00:00,2023,11,9,17274,37.3,HOEP (Legacy)
2023-11-14 09:00:00,2023,11,10,17173,36.18,HOEP (Legacy)
2023-11-14 10:00:00,2023,11,11,16676,35.98,HOEP (Legacy)
2023-11-14 11:00:00,2023,11,12,16166,35.41,HOEP (Legacy)
2023-11-14 12:00:00,2023,11,13,15938,33.81,HOEP (Legacy)
2023-11-14 13:00:00,2023,11,14,15911,31.64,HOEP (Legacy)
2023-11-14 14:00:00,2023,11,15,15963,32.22,HOEP (Legacy)
2023-11-14 15:00:00,2023,11,16,16383,34.62,HOEP (Legacy)
2023-11-14 16:00:00,2023,11,17,17270,30.26,HOEP (Legacy)
2023-11-14 17:00:00,2023,11,18,18187,36.29,HOEP (Legacy)
2023-11-14 18:00:00,2023,11,19,17923,36.64,HOEP (Legacy)
2023-11-14 19:00:00,2023,11,20,17485,36.33,HOEP (Legacy)
2023-11-14 20:00:00,2023,11,21,17216,35.1,HOEP (Legacy)
2023-11-14 21:00:00,2023,11,22,16543,34.61,HOEP (Legacy)
2023-11-14 22:00:00,2023,11,23,15508,30.8,HOEP (Legacy)
2023-11-14 23:00:00,2023,11,24,14418,31.7,HOEP (Legacy)
2023-11-15 00:00:00,2023,11,1,13842,33.11,HOEP (Legacy)
2023-11-15 01:00:00,2023,11,2,13508,20.73,HOEP (Legacy)
2023-11-15 02:00:00,2023,11,3,13197,12.08,HOEP (Legacy)
2023-11-15 03:00:00,2023,11,4,13165,14.28,HOEP (Legacy)
2023-11-15 04:00:00,2023,11,5,13436,23.55,HOEP (Legacy)
2023-11-15 05:00:00,2023,11,6,14024,16.46,HOEP (Legacy)
2023-11-15 06:00:00,2023,11,7,15089,32.64,HOEP (Legacy)
2023-11-15 07:00:00,2023,11,8,16392,33.21,HOEP (Legacy)
2023-11-15 08:00:00,2023,11,9,16464,32.68,HOEP (Legacy)
2023-11-15 09:00:00,2023,11,10,16327,32.64,HOEP (Legacy)
2023-11-15 10:00:00,2023,11,11,15514,32.64,HOEP (Legacy)
2023-11-15 11:00:00,2023,11,12,15143,30.67,HOEP (Legacy)
2023-11-15 12:00:00,2023,11,13,15185,22.76,HOEP (Legacy)
2023-11-15 13:00:00,2023,11,14,15423,30.21,HOEP (Legacy)
2023-11-15 14:00:00,2023,11,15,15347,21.41,HOEP (Legacy)
2023-11-15 15:00:00,2023,11,16,15671,26.1,HOEP (Legacy)
2023-11-15 16:00:00,2023,11,17,16659,32.48,HOEP (Legacy)
2023-11-15 17:00:00,2023,11,18,17417,32.25,HOEP (Legacy)
2023-11-15 18:00:00,2023,11,19,17192,32.67,HOEP (Legacy)
2023-11-15 19:00:00,2023,11,20,17035,33.54,HOEP (Legacy)
2023-11-15 20:00:00,2023,11,21,16837,32.37,HOEP (Legacy)
2023-11-15 21:00:00,2023,11,22,16073,32.7,HOEP (Legacy)
2023-11-15 22:00:00,2023,11,23,15332,29.25,HOEP (Legacy)
2023-11-15 23:00:00,2023,11,24,14454,27.05,HOEP (Legacy)
2023-11-16 00:00:00,2023,11,1,14064,29.79,HOEP (Legacy)
2023-11-16 01:00:00,2023,11,2,13753,32.77,HOEP (Legacy)
2023-11-16 02:00:00,2023,11,3,13570,31.39,HOEP (Legacy)
2023-11-16 03:00:00,2023,11,4,13519,31.06,HOEP (Legacy)
2023-11-16 04:00:00,2023,11,5,13584,30.97,HOEP (Legacy)
2023-11-16 05:00:00,2023,11,6,14301,32.49,HOEP (Legacy)
2023-11-16 06:00:00,2023,11,7,15582,36.3,HOEP (Legacy)
2023-11-16 07:00:00,2023,11,8,16919,35.94,HOEP (Legacy)
2023-11-16 08:00:00,2023,11,9,16733,32.05,HOEP (Legacy)
2023-11-16 09:00:00,2023,11,10,15934,31.59,HOEP (Legacy)
2023-11-16 10:00:00,2023,11,11,15427,31.56,HOEP (Legacy)
2023-11-16 11:00:00,2023,11,12,15177,31.35,HOEP (Legacy)
2023-11-16 12:00:00,2023,11,13,15034,30.92,HOEP (Legacy)
2023-11-16 13:00:00,2023,11,14,15098,31.33,HOEP (Legacy)
2023-11-16 14:00:00,2023,11,15,15395,31.34,HOEP (Legacy)
2023-11-16 15:00:00,2023,11,16,16095,31.43,HOEP (Legacy)
2023-11-16 16:00:00,2023,11,17,16709,32.48,HOEP (Legacy)
2023-11-16 17:00:00,2023,11,18,17408,31.82,HOEP (Legacy)
2023-11-16 18:00:00,2023,11,19,17090,32.06,HOEP (Legacy)
2023-11-16 19:00:00,2023,11,20,16838,31.65,HOEP (Legacy)
2023-11-16 20:00:00,2023,11,21,16212,31.51,HOEP (Legacy)
2023-11-16 21:00:00,2023,11,22,15636,27.58,HOEP (Legacy)
2023-11-16 22:00:00,2023,11,23,14939,12.38,HOEP (Legacy)
2023-11-16 23:00:00,2023,11,24,13996,0.0,HOEP (Legacy)
2023-11-17 00:00:00,2023,11,1,13393,0.0,HOEP (Legacy)
2023-11-17 01:00:00,2023,11,2,12863,0.0,HOEP (Legacy)
2023-11-17 02:00:00,2023,11,3,12728,0.0,HOEP (Legacy)
2023-11-17 03:00:00,2023,11,4,12626,0.0,HOEP (Legacy)
2023-11-17 04:00:00,2023,11,5,12704,0.0,HOEP (Legacy)
2023-11-17 05:00:00,2023,11,6,13091,0.0,HOEP (Legacy)
2023-11-17 06:00:00,2023,11,7,14168,5.33,HOEP (Legacy)
2023-11-17 07:00:00,2023,11,8,15403,24.67,HOEP (Legacy)
2023-11-17 08:00:00,2023,11,9,15881,30.54,HOEP (Legacy)
2023-11-17 09:00:00,2023,11,10,16358,31.06,HOEP (Legacy)
2023-11-17 10:00:00,2023,11,11,16828,31.07,HOEP (Legacy)
2023-11-17 11:00:00,2023,11,12,17231,31.53,HOEP (Legacy)
2023-11-17 12:00:00,2023,11,13,17179,30.22,HOEP (Legacy)
2023-11-17 13:00:00,2023,11,14,16939,31.09,HOEP (Legacy)
2023-11-17 14:00:00,2023,11,15,16775,23.49,HOEP (Legacy)
2023-11-17 15:00:00,2023,11,16,16780,22.29,HOEP (Legacy)
2023-11-17 16:00:00,2023,11,17,17183,31.77,HOEP (Legacy)
2023-11-17 17:00:00,2023,11,18,17823,34.91,HOEP (Legacy)
2023-11-17 18:00:00,2023,11,19,17547,36.29,HOEP (Legacy)
2023-11-17 19:00:00,2023,11,20,17280,35.71,HOEP (Legacy)
2023-11-17 20:00:00,2023,11,21,16972,32.71,HOEP (Legacy)
2023-11-17 21:00:00,2023,11,22,16488,33.89,HOEP (Legacy)
2023-11-17 22:00:00,2023,11,23,15617,31.31,HOEP (Legacy)
2023-11-17 23:00:00,2023,11,24,14512,31.07,HOEP (Legacy)
2023-11-18 00:00:00,2023,11,1,13933,30.16,HOEP (Legacy)
2023-11-18 01:00:00,2023,11,2,13662,35.81,HOEP (Legacy)
2023-11-18 02:00:00,2023,11,3,13413,30.1,HOEP (Legacy)
2023-11-18 03:00:00,2023,11,4,13390,30.06,HOEP (Legacy)
2023-11-18 04:00:00,2023,11,5,13572,31.0,HOEP (Legacy)
2023-11-18 05:00:00,2023,11,6,13919,31.55,HOEP (Legacy)
2023-11-18 06:00:00,2023,11,7,14564,33.63,HOEP (Legacy)
2023-11-18 07:00:00,2023,11,8,15233,30.05,HOEP (Legacy)
2023-11-18 08:00:00,2023,11,9,15270,30.04,HOEP (Legacy)
2023-11-18 09:00:00,2023,11,10,14982,30.02,HOEP (Legacy)
2023-11-18 10:00:00,2023,11,11,14529,32.39,HOEP (Legacy)
2023-11-18 11:00:00,2023,11,12,14251,27.6,HOEP (Legacy)
2023-11-18 12:00:00,2023,11,13,14076,23.62,HOEP (Legacy)
2023-11-18 13:00:00,2023,11,14,14217,14.39,HOEP (Legacy)
2023-11-18 14:00:00,2023,11,15,14470,17.13,HOEP (Legacy)
2023-11-18 15:00:00,2023,11,16,15117,20.37,HOEP (Legacy)
2023-11-18 16:00:00,2023,11,17,16089,29.98,HOEP (Legacy)
2023-11-18 17:00:00,2023,11,18,16862,29.56,HOEP (Legacy)
2023-11-18 18:00:00,2023,11,19,16682,30.08,HOEP (Legacy)
2023-11-18 19:00:00,2023,11,20,16282,30.61,HOEP (Legacy)
2023-11-18 20:00:00,2023,11,21,15947,29.99,HOEP (Legacy)
2023-11-18 21:00:00,2023,11,22,15328,30.18,HOEP (Legacy)
2023-11-18 22:00:00,2023,11,23,14634,30.02,HOEP (Legacy)
2023-11-18 23:00:00,2023,11,24,13914,29.94,HOEP (Legacy)
2023-11-19 00:00:00,2023,11,1,13539,22.72,HOEP (Legacy)
2023-11-19 01:00:00,2023,11,2,13322,30.13,HOEP (Legacy)
2023-11-19 02:00:00,2023,11,3,13004,30.15,HOEP (Legacy)
2023-11-19 03:00:00,2023,11,4,12869,29.9,HOEP (Legacy)
2023-11-19 04:00:00,2023,11,5,13031,37.28,HOEP (Legacy)
2023-11-19 05:00:00,2023,11,6,13463,30.09,HOEP (Legacy)
2023-11-19 06:00:00,2023,11,7,13786,30.19,HOEP (Legacy)
2023-11-19 07:00:00,2023,11,8,14112,28.51,HOEP (Legacy)
2023-11-19 08:00:00,2023,11,9,14381,29.99,HOEP (Legacy)
2023-11-19 09:00:00,2023,11,10,14732,30.05,HOEP (Legacy)
2023-11-19 10:00:00,2023,11,11,15003,29.83,HOEP (Legacy)
2023-11-19 11:00:00,2023,11,12,14870,29.95,HOEP (Legacy)
2023-11-19 12:00:00,2023,11,13,14703,28.7,HOEP (Legacy)
2023-11-19 13:00:00,2023,11,14,14622,29.86,HOEP (Legacy)
2023-11-19 14:00:00,2023,11,15,14888,30.03,HOEP (Legacy)
2023-11-19 15:00:00,2023,11,16,15589,31.09,HOEP (Legacy)
2023-11-19 16:00:00,2023,11,17,16773,37.15,HOEP (Legacy)
2023-11-19 17:00:00,2023,11,18,17824,38.73,HOEP (Legacy)
2023-11-19 18:00:00,2023,11,19,17754,43.44,HOEP (Legacy)
2023-11-19 19:00:00,2023,11,20,17266,42.02,HOEP (Legacy)
2023-11-19 20:00:00,2023,11,21,16872,34.5,HOEP (Legacy)
2023-11-19 21:00:00,2023,11,22,16285,34.44,HOEP (Legacy)
2023-11-19 22:00:00,2023,11,23,15500,33.36,HOEP (Legacy)
2023-11-19 23:00:00,2023,11,24,14806,32.15,HOEP (Legacy)
2023-11-20 00:00:00,2023,11,1,14045,28.38,HOEP (Legacy)
2023-11-20 01:00:00,2023,11,2,13783,30.01,HOEP (Legacy)
2023-11-20 02:00:00,2023,11,3,13839,30.0,HOEP (Legacy)
2023-11-20 03:00:00,2023,11,4,13895,30.25,HOEP (Legacy)
2023-11-20 04:00:00,2023,11,5,14025,30.25,HOEP (Legacy)
2023-11-20 05:00:00,2023,11,6,14791,32.12,HOEP (Legacy)
2023-11-20 06:00:00,2023,11,7,16182,34.76,HOEP (Legacy)
2023-11-20 07:00:00,2023,11,8,17508,33.72,HOEP (Legacy)
2023-11-20 08:00:00,2023,11,9,17421,31.46,HOEP (Legacy)
2023-11-20 09:00:00,2023,11,10,16949,33.75,HOEP (Legacy)
2023-11-20 10:00:00,2023,11,11,16732,34.58,HOEP (Legacy)
2023-11-20 11:00:00,2023,11,12,16594,34.55,HOEP (Legacy)
2023-11-20 12:00:00,2023,11,13,16479,34.55,HOEP (Legacy)
2023-11-20 13:00:00,2023,11,14,16636,33.96,HOEP (Legacy)
2023-11-20 14:00:00,2023,11,15,16928,31.77,HOEP (Legacy)
2023-11-20 15:00:00,2023,11,16,17573,31.92,HOEP (Legacy)
2023-11-20 16:00:00,2023,11,17,18540,32.63,HOEP (Legacy)
2023-11-20 17:00:00,2023,11,18,19536,39.74,HOEP (Legacy)
2023-11-20 18:00:00,2023,11,19,18997,32.8,HOEP (Legacy)
2023-11-20 19:00:00,2023,11,20,18701,32.56,HOEP (Legacy)
2023-11-20 20:00:00,2023,11,21,18203,35.94,HOEP (Legacy)
2023-11-20 21:00:00,2023,11,22,17551,32.06,HOEP (Legacy)
2023-11-20 22:00:00,2023,11,23,16305,30.86,HOEP (Legacy)
2023-11-20 23:00:00,2023,11,24,15432,30.0,HOEP (Legacy)
2023-11-21 00:00:00,2023,11,1,14560,21.56,HOEP (Legacy)
2023-11-21 01:00:00,2023,11,2,14247,13.37,HOEP (Legacy)
2023-11-21 02:00:00,2023,11,3,14160,7.32,HOEP (Legacy)
2023-11-21 03:00:00,2023,11,4,14031,6.61,HOEP (Legacy)
2023-11-21 04:00:00,2023,11,5,14162,12.01,HOEP (Legacy)
2023-11-21 05:00:00,2023,11,6,14956,29.49,HOEP (Legacy)
2023-11-21 06:00:00,2023,11,7,16100,33.39,HOEP (Legacy)
2023-11-21 07:00:00,2023,11,8,17363,31.99,HOEP (Legacy)
2023-11-21 08:00:00,2023,11,9,17755,33.56,HOEP (Legacy)
2023-11-21 09:00:00,2023,11,10,17923,30.5,HOEP (Legacy)
2023-11-21 10:00:00,2023,11,11,18209,34.55,HOEP (Legacy)
2023-11-21 11:00:00,2023,11,12,18450,33.21,HOEP (Legacy)
2023-11-21 12:00:00,2023,11,13,18789,36.05,HOEP (Legacy)
2023-11-21 13:00:00,2023,11,14,19233,37.18,HOEP (Legacy)
2023-11-21 14:00:00,2023,11,15,18786,33.26,HOEP (Legacy)
2023-11-21 15:00:00,2023,11,16,18761,35.46,HOEP (Legacy)
2023-11-21 16:00:00,2023,11,17,19150,33.42,HOEP (Legacy)
2023-11-21 17:00:00,2023,11,18,19417,39.93,HOEP (Legacy)
2023-11-21 18:00:00,2023,11,19,18955,36.02,HOEP (Legacy)
2023-11-21 19:00:00,2023,11,20,18645,37.63,HOEP (Legacy)
2023-11-21 20:00:00,2023,11,21,18239,34.9,HOEP (Legacy)
2023-11-21 21:00:00,2023,11,22,17423,35.42,HOEP (Legacy)
2023-11-21 22:00:00,2023,11,23,16386,34.15,HOEP (Legacy)
2023-11-21 23:00:00,2023,11,24,15187,32.68,HOEP (Legacy)
2023-11-22 00:00:00,2023,11,1,14559,29.8,HOEP (Legacy)
2023-11-22 01:00:00,2023,11,2,14010,29.65,HOEP (Legacy)
2023-11-22 02:00:00,2023,11,3,13819,10.5,HOEP (Legacy)
2023-11-22 03:00:00,2023,11,4,13547,11.72,HOEP (Legacy)
2023-11-22 04:00:00,2023,11,5,13524,9.96,HOEP (Legacy)
2023-11-22 05:00:00,2023,11,6,14213,29.72,HOEP (Legacy)
2023-11-22 06:00:00,2023,11,7,15369,31.12,HOEP (Legacy)
2023-11-22 07:00:00,2023,11,8,16757,33.88,HOEP (Legacy)
2023-11-22 08:00:00,2023,11,9,17350,35.82,HOEP (Legacy)
2023-11-22 09:00:00,2023,11,10,17548,35.83,HOEP (Legacy)
2023-11-22 10:00:00,2023,11,11,17677,38.09,HOEP (Legacy)
2023-11-22 11:00:00,2023,11,12,17772,35.69,HOEP (Legacy)
2023-11-22 12:00:00,2023,11,13,17715,34.47,HOEP (Legacy)
2023-11-22 13:00:00,2023,11,14,17691,34.9,HOEP (Legacy)
2023-11-22 14:00:00,2023,11,15,17710,36.52,HOEP (Legacy)
2023-11-22 15:00:00,2023,11,16,17972,37.19,HOEP (Legacy)
2023-11-22 16:00:00,2023,11,17,18672,42.6,HOEP (Legacy)
2023-11-22 17:00:00,2023,11,18,19034,45.61,HOEP (Legacy)
2023-11-22 18:00:00,2023,11,19,18503,41.88,HOEP (Legacy)
2023-11-22 19:00:00,2023,11,20,18286,38.65,HOEP (Legacy)
2023-11-22 20:00:00,2023,11,21,17886,36.48,HOEP (Legacy)
2023-11-22 21:00:00,2023,11,22,17065,35.85,HOEP (Legacy)
2023-11-22 22:00:00,2023,11,23,16205,32.97,HOEP (Legacy)
2023-11-22 23:00:00,2023,11,24,15172,30.2,HOEP (Legacy)
2023-11-23 00:00:00,2023,11,1,14391,28.87,HOEP (Legacy)
2023-11-23 01:00:00,2023,11,2,13745,27.06,HOEP (Legacy)
2023-11-23 02:00:00,2023,11,3,13540,22.75,HOEP (Legacy)
2023-11-23 03:00:00,2023,11,4,13482,17.94,HOEP (Legacy)
2023-11-23 04:00:00,2023,11,5,13655,15.71,HOEP (Legacy)
2023-11-23 05:00:00,2023,11,6,14151,7.66,HOEP (Legacy)
2023-11-23 06:00:00,2023,11,7,15366,26.34,HOEP (Legacy)
2023-11-23 07:00:00,2023,11,8,16700,30.69,HOEP (Legacy)
2023-11-23 08:00:00,2023,11,9,17053,31.32,HOEP (Legacy)
2023-11-23 09:00:00,2023,11,10,16998,29.67,HOEP (Legacy)
2023-11-23 10:00:00,2023,11,11,16885,31.26,HOEP (Legacy)
2023-11-23 11:00:00,2023,11,12,17391,35.34,HOEP (Legacy)
2023-11-23 12:00:00,2023,11,13,17426,35.9,HOEP (Legacy)
2023-11-23 13:00:00,2023,11,14,17375,34.5,HOEP (Legacy)
2023-11-23 14:00:00,2023,11,15,17554,35.23,HOEP (Legacy)
2023-11-23 15:00:00,2023,11,16,18147,35.05,HOEP (Legacy)
2023-11-23 16:00:00,2023,11,17,18546,31.53,HOEP (Legacy)
2023-11-23 17:00:00,2023,11,18,18947,30.56,HOEP (Legacy)
2023-11-23 18:00:00,2023,11,19,18480,31.54,HOEP (Legacy)
2023-11-23 19:00:00,2023,11,20,18157,28.7,HOEP (Legacy)
2023-11-23 20:00:00,2023,11,21,17800,29.76,HOEP (Legacy)
2023-11-23 21:00:00,2023,11,22,17171,32.62,HOEP (Legacy)
2023-11-23 22:00:00,2023,11,23,16402,31.62,HOEP (Legacy)
2023-11-23 23:00:00,2023,11,24,15629,31.0,HOEP (Legacy)
2023-11-24 00:00:00,2023,11,1,14908,20.91,HOEP (Legacy)
2023-11-24 01:00:00,2023,11,2,14411,22.46,HOEP (Legacy)
2023-11-24 02:00:00,2023,11,3,14303,18.58,HOEP (Legacy)
2023-11-24 03:00:00,2023,11,4,14360,18.66,HOEP (Legacy)
2023-11-24 04:00:00,2023,11,5,14737,20.54,HOEP (Legacy)
2023-11-24 05:00:00,2023,11,6,15369,25.63,HOEP (Legacy)
2023-11-24 06:00:00,2023,11,7,16360,29.87,HOEP (Legacy)
2023-11-24 07:00:00,2023,11,8,17404,35.11,HOEP (Legacy)
2023-11-24 08:00:00,2023,11,9,17962,35.28,HOEP (Legacy)
2023-11-24 09:00:00,2023,11,10,17616,31.13,HOEP (Legacy)
2023-11-24 10:00:00,2023,11,11,17221,28.28,HOEP (Legacy)
2023-11-24 11:00:00,2023,11,12,16969,30.59,HOEP (Legacy)
2023-11-24 12:00:00,2023,11,13,16960,30.99,HOEP (Legacy)
2023-11-24 13:00:00,2023,11,14,16934,27.47,HOEP (Legacy)
2023-11-24 14:00:00,2023,11,15,17061,26.57,HOEP (Legacy)
2023-11-24 15:00:00,2023,11,16,17577,27.63,HOEP (Legacy)
2023-11-24 16:00:00,2023,11,17,18471,30.78,HOEP (Legacy)
2023-11-24 17:00:00,2023,11,18,19443,36.58,HOEP (Legacy)
2023-11-24 18:00:00,2023,11,19,19137,37.1,HOEP (Legacy)
2023-11-24 19:00:00,2023,11,20,18719,36.48,HOEP (Legacy)
2023-11-24 20:00:00,2023,11,21,18502,34.68,HOEP (Legacy)
2023-11-24 21:00:00,2023,11,22,17830,35.27,HOEP (Legacy)
2023-11-24 22:00:00,2023,11,23,16952,34.01,HOEP (Legacy)
2023-11-24 23:00:00,2023,11,24,15976,32.31,HOEP (Legacy)
2023-11-25 00:00:00,2023,11,1,15321,35.14,HOEP (Legacy)
2023-11-25 01:00:00,2023,11,2,14901,39.97,HOEP (Legacy)
2023-11-25 02:00:00,2023,11,3,14430,36.7,HOEP (Legacy)
2023-11-25 03:00:00,2023,11,4,14363,32.65,HOEP (Legacy)
2023-11-25 04:00:00,2023,11,5,14385,31.37,HOEP (Legacy)
2023-11-25 05:00:00,2023,11,6,14697,31.31,HOEP (Legacy)
2023-11-25 06:00:00,2023,11,7,15226,32.53,HOEP (Legacy)
2023-11-25 07:00:00,2023,11,8,15954,33.96,HOEP (Legacy)
2023-11-25 08:00:00,2023,11,9,16345,38.1,HOEP (Legacy)
2023-11-25 09:00:00,2023,11,10,16711,39.09,HOEP (Legacy)
2023-11-25 10:00:00,2023,11,11,16718,39.0,HOEP (Legacy)
2023-11-25 11:00:00,2023,11,12,16213,35.0,HOEP (Legacy)
2023-11-25 12:00:00,2023,11,13,15722,32.0,HOEP (Legacy)
2023-11-25 13:00:00,2023,11,14,15479,30.95,HOEP (Legacy)
2023-11-25 14:00:00,2023,11,15,15822,31.57,HOEP (Legacy)
2023-11-25 15:00:00,2023,11,16,16890,34.02,HOEP (Legacy)
2023-11-25 16:00:00,2023,11,17,17650,33.66,HOEP (Legacy)
2023-11-25 17:00:00,2023,11,18,18393,35.66,HOEP (Legacy)
2023-11-25 18:00:00,2023,11,19,17888,35.31,HOEP (Legacy)
2023-11-25 19:00:00,2023,11,20,17586,35.86,HOEP (Legacy)
2023-11-25 20:00:00,2023,11,21,17167,35.27,HOEP (Legacy)
2023-11-25 21:00:00,2023,11,22,16640,35.23,HOEP (Legacy)
2023-11-25 22:00:00,2023,11,23,15745,33.29,HOEP (Legacy)
2023-11-25 23:00:00,2023,11,24,15009,32.2,HOEP (Legacy)
2023-11-26 00:00:00,2023,11,1,14565,36.11,HOEP (Legacy)
2023-11-26 01:00:00,2023,11,2,14276,34.94,HOEP (Legacy)
2023-11-26 02:00:00,2023,11,3,13956,32.64,HOEP (Legacy)
2023-11-26 03:00:00,2023,11,4,13735,31.25,HOEP (Legacy)
2023-11-26 04:00:00,2023,11,5,13827,31.39,HOEP (Legacy)
2023-11-26 05:00:00,2023,11,6,14120,34.22,HOEP (Legacy)
2023-11-26 06:00:00,2023,11,7,14553,33.77,HOEP (Legacy)
2023-11-26 07:00:00,2023,11,8,15060,32.11,HOEP (Legacy)
2023-11-26 08:00:00,2023,11,9,15431,31.25,HOEP (Legacy)
2023-11-26 09:00:00,2023,11,10,15362,30.85,HOEP (Legacy)
2023-11-26 10:00:00,2023,11,11,15471,31.76,HOEP (Legacy)
2023-11-26 11:00:00,2023,11,12,15607,30.89,HOEP (Legacy)
2023-11-26 12:00:00,2023,11,13,15961,32.25,HOEP (Legacy)
2023-11-26 13:00:00,2023,11,14,16516,34.3,HOEP (Legacy)
2023-11-26 14:00:00,2023,11,15,16968,34.56,HOEP (Legacy)
2023-11-26 15:00:00,2023,11,16,17499,34.43,HOEP (Legacy)
2023-11-26 16:00:00,2023,11,17,18141,33.55,HOEP (Legacy)
2023-11-26 17:00:00,2023,11,18,18499,36.85,HOEP (Legacy)
2023-11-26 18:00:00,2023,11,19,17809,33.56,HOEP (Legacy)
2023-11-26 19:00:00,2023,11,20,17439,33.06,HOEP (Legacy)
2023-11-26 20:00:00,2023,11,21,16967,33.44,HOEP (Legacy)
2023-11-26 21:00:00,2023,11,22,16227,30.92,HOEP (Legacy)
2023-11-26 22:00:00,2023,11,23,15150,29.52,HOEP (Legacy)
2023-11-26 23:00:00,2023,11,24,14460,11.29,HOEP (Legacy)
2023-11-27 00:00:00,2023,11,1,13804,1.95,HOEP (Legacy)
2023-11-27 01:00:00,2023,11,2,13637,0.47,HOEP (Legacy)
2023-11-27 02:00:00,2023,11,3,13525,0.0,HOEP (Legacy)
2023-11-27 03:00:00,2023,11,4,13519,0.0,HOEP (Legacy)
2023-11-27 04:00:00,2023,11,5,13774,0.0,HOEP (Legacy)
2023-11-27 05:00:00,2023,11,6,14393,7.85,HOEP (Legacy)
2023-11-27 06:00:00,2023,11,7,15546,15.76,HOEP (Legacy)
2023-11-27 07:00:00,2023,11,8,17064,31.33,HOEP (Legacy)
2023-11-27 08:00:00,2023,11,9,17677,31.39,HOEP (Legacy)
2023-11-27 09:00:00,2023,11,10,17748,31.37,HOEP (Legacy)
2023-11-27 10:00:00,2023,11,11,17649,30.79,HOEP (Legacy)
2023-11-27 11:00:00,2023,11,12,17615,30.69,HOEP (Legacy)
2023-11-27 12:00:00,2023,11,13,17664,28.51,HOEP (Legacy)
2023-11-27 13:00:00,2023,11,14,18085,27.44,HOEP (Legacy)
2023-11-27 14:00:00,2023,11,15,18064,27.96,HOEP (Legacy)
2023-11-27 15:00:00,2023,11,16,18281,34.01,HOEP (Legacy)
2023-11-27 16:00:00,2023,11,17,19174,34.69,HOEP (Legacy)
2023-11-27 17:00:00,2023,11,18,19653,31.67,HOEP (Legacy)
2023-11-27 18:00:00,2023,11,19,19246,31.4,HOEP (Legacy)
2023-11-27 19:00:00,2023,11,20,19025,30.82,HOEP (Legacy)
2023-11-27 20:00:00,2023,11,21,18775,31.61,HOEP (Legacy)
2023-11-27 21:00:00,2023,11,22,18093,31.4,HOEP (Legacy)
2023-11-27 22:00:00,2023,11,23,17100,35.65,HOEP (Legacy)
2023-11-27 23:00:00,2023,11,24,16126,31.34,HOEP (Legacy)
2023-11-28 00:00:00,2023,11,1,15463,30.62,HOEP (Legacy)
2023-11-28 01:00:00,2023,11,2,14994,30.92,HOEP (Legacy)
2023-11-28 02:00:00,2023,11,3,14767,28.11,HOEP (Legacy)
2023-11-28 03:00:00,2023,11,4,14708,27.01,HOEP (Legacy)
2023-11-28 04:00:00,2023,11,5,14804,24.68,HOEP (Legacy)
2023-11-28 05:00:00,2023,11,6,15358,18.38,HOEP (Legacy)
2023-11-28 06:00:00,2023,11,7,16597,29.61,HOEP (Legacy)
2023-11-28 07:00:00,2023,11,8,18007,35.68,HOEP (Legacy)
2023-11-28 08:00:00,2023,11,9,18408,34.88,HOEP (Legacy)
2023-11-28 09:00:00,2023,11,10,18023,33.59,HOEP (Legacy)
2023-11-28 10:00:00,2023,11,11,17838,32.51,HOEP (Legacy)
2023-11-28 11:00:00,2023,11,12,17469,32.04,HOEP (Legacy)
2023-11-28 12:00:00,2023,11,13,17451,31.8,HOEP (Legacy)
2023-11-28 13:00:00,2023,11,14,17628,31.24,HOEP (Legacy)
2023-11-28 14:00:00,2023,11,15,17796,31.2,HOEP (Legacy)
2023-11-28 15:00:00,2023,11,16,18449,31.87,HOEP (Legacy)
2023-11-28 16:00:00,2023,11,17,19548,40.07,HOEP (Legacy)
2023-11-28 17:00:00,2023,11,18,20579,46.42,HOEP (Legacy)
2023-11-28 18:00:00,2023,11,19,20114,40.01,HOEP (Legacy)
2023-11-28 19:00:00,2023,11,20,19665,37.55,HOEP (Legacy)
2023-11-28 20:00:00,2023,11,21,19144,35.21,HOEP (Legacy)
2023-11-28 21:00:00,2023,11,22,18460,38.32,HOEP (Legacy)
2023-11-28 22:00:00,2023,11,23,17534,35.34,HOEP (Legacy)
2023-11-28 23:00:00,2023,11,24,16469,33.19,HOEP (Legacy)
2023-11-29 00:00:00,2023,11,1,15645,30.87,HOEP (Legacy)
2023-11-29 01:00:00,2023,11,2,15148,31.07,HOEP (Legacy)
2023-11-29 02:00:00,2023,11,3,14890,28.11,HOEP (Legacy)
2023-11-29 03:00:00,2023,11,4,14870,26.85,HOEP (Legacy)
2023-11-29 04:00:00,2023,11,5,15049,31.07,HOEP (Legacy)
2023-11-29 05:00:00,2023,11,6,15696,29.95,HOEP (Legacy)
2023-11-29 06:00:00,2023,11,7,17013,35.42,HOEP (Legacy)
2023-11-29 07:00:00,2023,11,8,18344,35.74,HOEP (Legacy)
2023-11-29 08:00:00,2023,11,9,18660,35.81,HOEP (Legacy)
2023-11-29 09:00:00,2023,11,10,18805,35.56,HOEP (Legacy)
2023-11-29 10:00:00,2023,11,11,18668,35.46,HOEP (Legacy)
2023-11-29 11:00:00,2023,11,12,18475,33.46,HOEP (Legacy)
2023-11-29 12:00:00,2023,11,13,18041,32.65,HOEP (Legacy)
2023-11-29 13:00:00,2023,11,14,18380,35.53,HOEP (Legacy)
2023-11-29 14:00:00,2023,11,15,18739,35.57,HOEP (Legacy)
2023-11-29 15:00:00,2023,11,16,19177,35.46,HOEP (Legacy)
2023-11-29 16:00:00,2023,11,17,19821,36.43,HOEP (Legacy)
2023-11-29 17:00:00,2023,11,18,20113,42.27,HOEP (Legacy)
2023-11-29 18:00:00,2023,11,19,19444,36.85,HOEP (Legacy)
2023-11-29 19:00:00,2023,11,20,19157,35.56,HOEP (Legacy)
2023-11-29 20:00:00,2023,11,21,18850,36.78,HOEP (Legacy)
2023-11-29 21:00:00,2023,11,22,18019,34.83,HOEP (Legacy)
2023-11-29 22:00:00,2023,11,23,16828,31.83,HOEP (Legacy)
2023-11-29 23:00:00,2023,11,24,15661,29.84,HOEP (Legacy)
2023-11-30 00:00:00,2023,11,1,14919,26.55,HOEP (Legacy)
2023-11-30 01:00:00,2023,11,2,14435,25.8,HOEP (Legacy)
2023-11-30 02:00:00,2023,11,3,14330,26.03,HOEP (Legacy)
2023-11-30 03:00:00,2023,11,4,14432,26.11,HOEP (Legacy)
2023-11-30 04:00:00,2023,11,5,14469,26.18,HOEP (Legacy)
2023-11-30 05:00:00,2023,11,6,14850,28.53,HOEP (Legacy)
2023-11-30 06:00:00,2023,11,7,16131,30.89,HOEP (Legacy)
2023-11-30 07:00:00,2023,11,8,17415,33.29,HOEP (Legacy)
2023-11-30 08:00:00,2023,11,9,17785,32.25,HOEP (Legacy)
2023-11-30 09:00:00,2023,11,10,17434,32.04,HOEP (Legacy)
2023-11-30 10:00:00,2023,11,11,17005,30.98,HOEP (Legacy)
2023-11-30 11:00:00,2023,11,12,16763,30.89,HOEP (Legacy)
2023-11-30 12:00:00,2023,11,13,16157,30.73,HOEP (Legacy)
2023-11-30 13:00:00,2023,11,14,15942,30.27,HOEP (Legacy)
2023-11-30 14:00:00,2023,11,15,16204,30.7,HOEP (Legacy)
2023-11-30 15:00:00,2023,11,16,16850,22.26,HOEP (Legacy)
2023-11-30 16:00:00,2023,11,17,17708,30.41,HOEP (Legacy)
2023-11-30 17:00:00,2023,11,18,18596,32.28,HOEP (Legacy)
2023-11-30 18:00:00,2023,11,19,18321,31.51,HOEP (Legacy)
2023-11-30 19:00:00,2023,11,20,18117,30.94,HOEP (Legacy)
2023-11-30 20:00:00,2023,11,21,17680,30.63,HOEP (Legacy)
2023-11-30 21:00:00,2023,11,22,16935,28.27,HOEP (Legacy)
2023-11-30 22:00:00,2023,11,23,15978,19.86,HOEP (Legacy)
2023-11-30 23:00:00,2023,11,24,15199,25.03,HOEP (Legacy)
2023-12-01 00:00:00,2023,12,1,14488,14.8,HOEP (Legacy)
2023-12-01 01:00:00,2023,12,2,14105,33.19,HOEP (Legacy)
2023-12-01 02:00:00,2023,12,3,13728,30.62,HOEP (Legacy)
2023-12-01 03:00:00,2023,12,4,13767,31.99,HOEP (Legacy)
2023-12-01 04:00:00,2023,12,5,13865,28.59,HOEP (Legacy)
2023-12-01 05:00:00,2023,12,6,14459,30.49,HOEP (Legacy)
2023-12-01 06:00:00,2023,12,7,15738,34.17,HOEP (Legacy)
2023-12-01 07:00:00,2023,12,8,17251,38.04,HOEP (Legacy)
2023-12-01 08:00:00,2023,12,9,17833,39.31,HOEP (Legacy)
2023-12-01 09:00:00,2023,12,10,17889,39.23,HOEP (Legacy)
2023-12-01 10:00:00,2023,12,11,17948,35.86,HOEP (Legacy)
2023-12-01 11:00:00,2023,12,12,18030,39.84,HOEP (Legacy)
2023-12-01 12:00:00,2023,12,13,18208,40.62,HOEP (Legacy)
2023-12-01 13:00:00,2023,12,14,18456,58.21,HOEP (Legacy)
2023-12-01 14:00:00,2023,12,15,18451,55.76,HOEP (Legacy)
2023-12-01 15:00:00,2023,12,16,18408,39.72,HOEP (Legacy)
2023-12-01 16:00:00,2023,12,17,18846,36.27,HOEP (Legacy)
2023-12-01 17:00:00,2023,12,18,19090,34.04,HOEP (Legacy)
2023-12-01 18:00:00,2023,12,19,18307,33.99,HOEP (Legacy)
2023-12-01 19:00:00,2023,12,20,18158,35.28,HOEP (Legacy)
2023-12-01 20:00:00,2023,12,21,17901,35.85,HOEP (Legacy)
2023-12-01 21:00:00,2023,12,22,17264,35.94,HOEP (Legacy)
2023-12-01 22:00:00,2023,12,23,16323,35.67,HOEP (Legacy)
2023-12-01 23:00:00,2023,12,24,15295,33.1,HOEP (Legacy)
2023-12-02 00:00:00,2023,12,1,14784,32.82,HOEP (Legacy)
2023-12-02 01:00:00,2023,12,2,14462,36.71,HOEP (Legacy)
2023-12-02 02:00:00,2023,12,3,14196,30.63,HOEP (Legacy)
2023-12-02 03:00:00,2023,12,4,13913,30.83,HOEP (Legacy)
2023-12-02 04:00:00,2023,12,5,13850,29.98,HOEP (Legacy)
2023-12-02 05:00:00,2023,12,6,14239,30.03,HOEP (Legacy)
2023-12-02 06:00:00,2023,12,7,14805,30.03,HOEP (Legacy)
2023-12-02 07:00:00,2023,12,8,15563,30.2,HOEP (Legacy)
2023-12-02 08:00:00,2023,12,9,16182,30.38,HOEP (Legacy)
2023-12-02 09:00:00,2023,12,10,16704,34.44,HOEP (Legacy)
2023-12-02 10:00:00,2023,12,11,17024,34.72,HOEP (Legacy)
2023-12-02 11:00:00,2023,12,12,17225,35.88,HOEP (Legacy)
2023-12-02 12:00:00,2023,12,13,17254,36.33,HOEP (Legacy)
2023-12-02 13:00:00,2023,12,14,17233,35.37,HOEP (Legacy)
2023-12-02 14:00:00,2023,12,15,17228,34.97,HOEP (Legacy)
2023-12-02 15:00:00,2023,12,16,17339,34.73,HOEP (Legacy)
2023-12-02 16:00:00,2023,12,17,17808,34.13,HOEP (Legacy)
2023-12-02 17:00:00,2023,12,18,18168,32.74,HOEP (Legacy)
2023-12-02 18:00:00,2023,12,19,17727,32.31,HOEP (Legacy)
2023-12-02 19:00:00,2023,12,20,17201,33.9,HOEP (Legacy)
2023-12-02 20:00:00,2023,12,21,16725,34.22,HOEP (Legacy)
2023-12-02 21:00:00,2023,12,22,16322,32.43,HOEP (Legacy)
2023-12-02 22:00:00,2023,12,23,15522,30.5,HOEP (Legacy)
2023-12-02 23:00:00,2023,12,24,14862,33.31,HOEP (Legacy)
2023-12-03 00:00:00,2023,12,1,14277,38.03,HOEP (Legacy)
2023-12-03 01:00:00,2023,12,2,13840,23.48,HOEP (Legacy)
2023-12-03 02:00:00,2023,12,3,13412,14.38,HOEP (Legacy)
2023-12-03 03:00:00,2023,12,4,13343,24.19,HOEP (Legacy)
2023-12-03 04:00:00,2023,12,5,13432,30.61,HOEP (Legacy)
2023-12-03 05:00:00,2023,12,6,13780,39.65,HOEP (Legacy)
2023-12-03 06:00:00,2023,12,7,14440,36.99,HOEP (Legacy)
2023-12-03 07:00:00,2023,12,8,15075,32.69,HOEP (Legacy)
2023-12-03 08:00:00,2023,12,9,15857,32.1,HOEP (Legacy)
2023-12-03 09:00:00,2023,12,10,16360,34.68,HOEP (Legacy)
2023-12-03 10:00:00,2023,12,11,16941,35.61,HOEP (Legacy)
2023-12-03 11:00:00,2023,12,12,17280,38.98,HOEP (Legacy)
2023-12-03 12:00:00,2023,12,13,17676,70.29,HOEP (Legacy)
2023-12-03 13:00:00,2023,12,14,17877,50.77,HOEP (Legacy)
2023-12-03 14:00:00,2023,12,15,17721,31.54,HOEP (Legacy)
2023-12-03 15:00:00,2023,12,16,17828,30.71,HOEP (Legacy)
2023-12-03 16:00:00,2023,12,17,18376,33.1,HOEP (Legacy)
2023-12-03 17:00:00,2023,12,18,18863,35.67,HOEP (Legacy)
2023-12-03 18:00:00,2023,12,19,18403,39.65,HOEP (Legacy)
2023-12-03 19:00:00,2023,12,20,17841,32.61,HOEP (Legacy)
2023-12-03 20:00:00,2023,12,21,17193,32.63,HOEP (Legacy)
2023-12-03 21:00:00,2023,12,22,16527,32.08,HOEP (Legacy)
2023-12-03 22:00:00,2023,12,23,15715,29.93,HOEP (Legacy)
2023-12-03 23:00:00,2023,12,24,14772,29.92,HOEP (Legacy)
2023-12-04 00:00:00,2023,12,1,14551,37.44,HOEP (Legacy)
2023-12-04 01:00:00,2023,12,2,14169,40.89,HOEP (Legacy)
2023-12-04 02:00:00,2023,12,3,13979,35.25,HOEP (Legacy)
2023-12-04 03:00:00,2023,12,4,13966,32.88,HOEP (Legacy)
2023-12-04 04:00:00,2023,12,5,14231,28.2,HOEP (Legacy)
2023-12-04 05:00:00,2023,12,6,15048,31.06,HOEP (Legacy)
2023-12-04 06:00:00,2023,12,7,16524,50.22,HOEP (Legacy)
2023-12-04 07:00:00,2023,12,8,17814,68.61,HOEP (Legacy)
2023-12-04 08:00:00,2023,12,9,18208,64.94,HOEP (Legacy)
2023-12-04 09:00:00,2023,12,10,18365,89.7,HOEP (Legacy)
2023-12-04 10:00:00,2023,12,11,18376,46.22,HOEP (Legacy)
2023-12-04 11:00:00,2023,12,12,18345,47.02,HOEP (Legacy)
2023-12-04 12:00:00,2023,12,13,18314,42.88,HOEP (Legacy)
2023-12-04 13:00:00,2023,12,14,18307,40.2,HOEP (Legacy)
2023-12-04 14:00:00,2023,12,15,18414,41.35,HOEP (Legacy)
2023-12-04 15:00:00,2023,12,16,18627,41.19,HOEP (Legacy)
2023-12-04 16:00:00,2023,12,17,19183,42.36,HOEP (Legacy)
2023-12-04 17:00:00,2023,12,18,19667,39.4,HOEP (Legacy)
2023-12-04 18:00:00,2023,12,19,19230,39.93,HOEP (Legacy)
2023-12-04 19:00:00,2023,12,20,18925,44.03,HOEP (Legacy)
2023-12-04 20:00:00,2023,12,21,18583,48.63,HOEP (Legacy)
2023-12-04 21:00:00,2023,12,22,17688,38.57,HOEP (Legacy)
2023-12-04 22:00:00,2023,12,23,16673,39.65,HOEP (Legacy)
2023-12-04 23:00:00,2023,12,24,15730,34.33,HOEP (Legacy)
2023-12-05 00:00:00,2023,12,1,15230,34.32,HOEP (Legacy)
2023-12-05 01:00:00,2023,12,2,14857,34.65,HOEP (Legacy)
2023-12-05 02:00:00,2023,12,3,14616,31.3,HOEP (Legacy)
2023-12-05 03:00:00,2023,12,4,14415,30.59,HOEP (Legacy)
2023-12-05 04:00:00,2023,12,5,14720,29.93,HOEP (Legacy)
2023-12-05 05:00:00,2023,12,6,15393,35.18,HOEP (Legacy)
2023-12-05 06:00:00,2023,12,7,16628,36.58,HOEP (Legacy)
2023-12-05 07:00:00,2023,12,8,17911,39.67,HOEP (Legacy)
2023-12-05 08:00:00,2023,12,9,18370,42.53,HOEP (Legacy)
2023-12-05 09:00:00,2023,12,10,18542,48.21,HOEP (Legacy)
2023-12-05 10:00:00,2023,12,11,18675,60.46,HOEP (Legacy)
2023-12-05 11:00:00,2023,12,12,18867,51.3,HOEP (Legacy)
2023-12-05 12:00:00,2023,12,13,18605,39.91,HOEP (Legacy)
2023-12-05 13:00:00,2023,12,14,18642,38.78,HOEP (Legacy)
2023-12-05 14:00:00,2023,12,15,18598,38.37,HOEP (Legacy)
2023-12-05 15:00:00,2023,12,16,18793,38.06,HOEP (Legacy)
2023-12-05 16:00:00,2023,12,17,19338,49.48,HOEP (Legacy)
2023-12-05 17:00:00,2023,12,18,19844,40.76,HOEP (Legacy)
2023-12-05 18:00:00,2023,12,19,19271,40.2,HOEP (Legacy)
2023-12-05 19:00:00,2023,12,20,19200,39.95,HOEP (Legacy)
2023-12-05 20:00:00,2023,12,21,18750,40.99,HOEP (Legacy)
2023-12-05 21:00:00,2023,12,22,17992,36.86,HOEP (Legacy)
2023-12-05 22:00:00,2023,12,23,16895,34.76,HOEP (Legacy)
2023-12-05 23:00:00,2023,12,24,15915,32.17,HOEP (Legacy)
2023-12-06 00:00:00,2023,12,1,15240,30.91,HOEP (Legacy)
2023-12-06 01:00:00,2023,12,2,14743,30.88,HOEP (Legacy)
2023-12-06 02:00:00,2023,12,3,14631,25.92,HOEP (Legacy)
2023-12-06 03:00:00,2023,12,4,14554,26.08,HOEP (Legacy)
2023-12-06 04:00:00,2023,12,5,14861,27.52,HOEP (Legacy)
2023-12-06 05:00:00,2023,12,6,15289,30.46,HOEP (Legacy)
2023-12-06 06:00:00,2023,12,7,16631,33.92,HOEP (Legacy)
2023-12-06 07:00:00,2023,12,8,18147,37.5,HOEP (Legacy)
2023-12-06 08:00:00,2023,12,9,18541,39.03,HOEP (Legacy)
2023-12-06 09:00:00,2023,12,10,18582,38.06,HOEP (Legacy)
2023-12-06 10:00:00,2023,12,11,18411,36.06,HOEP (Legacy)
2023-12-06 11:00:00,2023,12,12,18279,35.89,HOEP (Legacy)
2023-12-06 12:00:00,2023,12,13,18046,35.67,HOEP (Legacy)
2023-12-06 13:00:00,2023,12,14,17906,35.67,HOEP (Legacy)
2023-12-06 14:00:00,2023,12,15,17856,35.8,HOEP (Legacy)
2023-12-06 15:00:00,2023,12,16,18390,36.12,HOEP (Legacy)
2023-12-06 16:00:00,2023,12,17,19239,41.27,HOEP (Legacy)
2023-12-06 17:00:00,2023,12,18,19865,42.85,HOEP (Legacy)
2023-12-06 18:00:00,2023,12,19,19640,38.24,HOEP (Legacy)
2023-12-06 19:00:00,2023,12,20,19387,35.88,HOEP (Legacy)
2023-12-06 20:00:00,2023,12,21,19092,36.76,HOEP (Legacy)
2023-12-06 21:00:00,2023,12,22,18515,34.81,HOEP (Legacy)
2023-12-06 22:00:00,2023,12,23,17151,32.19,HOEP (Legacy)
2023-12-06 23:00:00,2023,12,24,16038,31.41,HOEP (Legacy)
2023-12-07 00:00:00,2023,12,1,15300,27.39,HOEP (Legacy)
2023-12-07 01:00:00,2023,12,2,14961,29.61,HOEP (Legacy)
2023-12-07 02:00:00,2023,12,3,14795,23.9,HOEP (Legacy)
2023-12-07 03:00:00,2023,12,4,14643,18.03,HOEP (Legacy)
2023-12-07 04:00:00,2023,12,5,14880,18.64,HOEP (Legacy)
2023-12-07 05:00:00,2023,12,6,15405,18.39,HOEP (Legacy)
2023-12-07 06:00:00,2023,12,7,16779,32.63,HOEP (Legacy)
2023-12-07 07:00:00,2023,12,8,18260,36.33,HOEP (Legacy)
2023-12-07 08:00:00,2023,12,9,18677,36.76,HOEP (Legacy)
2023-12-07 09:00:00,2023,12,10,18780,38.26,HOEP (Legacy)
2023-12-07 10:00:00,2023,12,11,18585,38.56,HOEP (Legacy)
2023-12-07 11:00:00,2023,12,12,18554,38.37,HOEP (Legacy)
2023-12-07 12:00:00,2023,12,13,18126,37.53,HOEP (Legacy)
2023-12-07 13:00:00,2023,12,14,18147,40.0,HOEP (Legacy)
2023-12-07 14:00:00,2023,12,15,18344,41.13,HOEP (Legacy)
2023-12-07 15:00:00,2023,12,16,18712,41.01,HOEP (Legacy)
2023-12-07 16:00:00,2023,12,17,19343,68.4,HOEP (Legacy)
2023-12-07 17:00:00,2023,12,18,19528,52.41,HOEP (Legacy)
2023-12-07 18:00:00,2023,12,19,19018,43.11,HOEP (Legacy)
2023-12-07 19:00:00,2023,12,20,18824,41.43,HOEP (Legacy)
2023-12-07 20:00:00,2023,12,21,18550,43.03,HOEP (Legacy)
2023-12-07 21:00:00,2023,12,22,17837,42.78,HOEP (Legacy)
2023-12-07 22:00:00,2023,12,23,16756,35.64,HOEP (Legacy)
2023-12-07 23:00:00,2023,12,24,15695,32.56,HOEP (Legacy)
2023-12-08 00:00:00,2023,12,1,14936,28.91,HOEP (Legacy)
2023-12-08 01:00:00,2023,12,2,14450,28.2,HOEP (Legacy)
2023-12-08 02:00:00,2023,12,3,14250,21.03,HOEP (Legacy)
2023-12-08 03:00:00,2023,12,4,14121,15.87,HOEP (Legacy)
2023-12-08 04:00:00,2023,12,5,14226,15.5,HOEP (Legacy)
2023-12-08 05:00:00,2023,12,6,14783,21.1,HOEP (Legacy)
2023-12-08 06:00:00,2023,12,7,15885,28.18,HOEP (Legacy)
2023-12-08 07:00:00,2023,12,8,17046,28.98,HOEP (Legacy)
2023-12-08 08:00:00,2023,12,9,17511,31.35,HOEP (Legacy)
2023-12-08 09:00:00,2023,12,10,17648,32.26,HOEP (Legacy)
2023-12-08 10:00:00,2023,12,11,17601,30.9,HOEP (Legacy)
2023-12-08 11:00:00,2023,12,12,17448,31.87,HOEP (Legacy)
2023-12-08 12:00:00,2023,12,13,17818,29.63,HOEP (Legacy)
2023-12-08 13:00:00,2023,12,14,18110,30.2,HOEP (Legacy)
2023-12-08 14:00:00,2023,12,15,18028,29.3,HOEP (Legacy)
2023-12-08 15:00:00,2023,12,16,18071,30.8,HOEP (Legacy)
2023-12-08 16:00:00,2023,12,17,18233,30.72,HOEP (Legacy)
2023-12-08 17:00:00,2023,12,18,18838,32.93,HOEP (Legacy)
2023-12-08 18:00:00,2023,12,19,18384,32.47,HOEP (Legacy)
2023-12-08 19:00:00,2023,12,20,17882,29.18,HOEP (Legacy)
2023-12-08 20:00:00,2023,12,21,17488,28.52,HOEP (Legacy)
2023-12-08 21:00:00,2023,12,22,16820,29.39,HOEP (Legacy)
2023-12-08 22:00:00,2023,12,23,15861,28.33,HOEP (Legacy)
2023-12-08 23:00:00,2023,12,24,14896,23.92,HOEP (Legacy)
2023-12-09 00:00:00,2023,12,1,14149,17.79,HOEP (Legacy)
2023-12-09 01:00:00,2023,12,2,13664,14.34,HOEP (Legacy)
2023-12-09 02:00:00,2023,12,3,13325,22.23,HOEP (Legacy)
2023-12-09 03:00:00,2023,12,4,13157,17.85,HOEP (Legacy)
2023-12-09 04:00:00,2023,12,5,13242,26.74,HOEP (Legacy)
2023-12-09 05:00:00,2023,12,6,13452,15.74,HOEP (Legacy)
2023-12-09 06:00:00,2023,12,7,13934,14.34,HOEP (Legacy)
2023-12-09 07:00:00,2023,12,8,14491,24.72,HOEP (Legacy)
2023-12-09 08:00:00,2023,12,9,15167,27.7,HOEP (Legacy)
2023-12-09 09:00:00,2023,12,10,15763,28.2,HOEP (Legacy)
2023-12-09 10:00:00,2023,12,11,16098,28.21,HOEP (Legacy)
2023-12-09 11:00:00,2023,12,12,16439,28.21,HOEP (Legacy)
2023-12-09 12:00:00,2023,12,13,16583,20.75,HOEP (Legacy)
2023-12-09 13:00:00,2023,12,14,16360,27.63,HOEP (Legacy)
2023-12-09 14:00:00,2023,12,15,16252,17.11,HOEP (Legacy)
2023-12-09 15:00:00,2023,12,16,16476,23.89,HOEP (Legacy)
2023-12-09 16:00:00,2023,12,17,16871,26.47,HOEP (Legacy)
2023-12-09 17:00:00,2023,12,18,17204,28.88,HOEP (Legacy)
2023-12-09 18:00:00,2023,12,19,16800,30.15,HOEP (Legacy)
2023-12-09 19:00:00,2023,12,20,16453,31.04,HOEP (Legacy)
2023-12-09 20:00:00,2023,12,21,16146,30.53,HOEP (Legacy)
2023-12-09 21:00:00,2023,12,22,15725,31.37,HOEP (Legacy)
2023-12-09 22:00:00,2023,12,23,14758,28.23,HOEP (Legacy)
2023-12-09 23:00:00,2023,12,24,13975,27.86,HOEP (Legacy)
2023-12-10 00:00:00,2023,12,1,13485,14.34,HOEP (Legacy)
2023-12-10 01:00:00,2023,12,2,13076,17.45,HOEP (Legacy)
2023-12-10 02:00:00,2023,12,3,13042,14.36,HOEP (Legacy)
2023-12-10 03:00:00,2023,12,4,12652,14.31,HOEP (Legacy)
2023-12-10 04:00:00,2023,12,5,13022,14.37,HOEP (Legacy)
2023-12-10 05:00:00,2023,12,6,13199,4.88,HOEP (Legacy)
2023-12-10 06:00:00,2023,12,7,13589,1.73,HOEP (Legacy)
2023-12-10 07:00:00,2023,12,8,14200,12.27,HOEP (Legacy)
2023-12-10 08:00:00,2023,12,9,14854,21.54,HOEP (Legacy)
2023-12-10 09:00:00,2023,12,10,15399,28.21,HOEP (Legacy)
2023-12-10 10:00:00,2023,12,11,16012,28.24,HOEP (Legacy)
2023-12-10 11:00:00,2023,12,12,16476,28.41,HOEP (Legacy)
2023-12-10 12:00:00,2023,12,13,16764,41.5,HOEP (Legacy)
2023-12-10 13:00:00,2023,12,14,16841,73.32,HOEP (Legacy)
2023-12-10 14:00:00,2023,12,15,17069,41.18,HOEP (Legacy)
2023-12-10 15:00:00,2023,12,16,17226,32.14,HOEP (Legacy)
2023-12-10 16:00:00,2023,12,17,17704,32.22,HOEP (Legacy)
2023-12-10 17:00:00,2023,12,18,18232,33.07,HOEP (Legacy)
2023-12-10 18:00:00,2023,12,19,17871,39.23,HOEP (Legacy)
2023-12-10 19:00:00,2023,12,20,17485,38.47,HOEP (Legacy)
2023-12-10 20:00:00,2023,12,21,17148,35.13,HOEP (Legacy)
2023-12-10 21:00:00,2023,12,22,16593,33.74,HOEP (Legacy)
2023-12-10 22:00:00,2023,12,23,15464,28.72,HOEP (Legacy)
2023-12-10 23:00:00,2023,12,24,14551,29.62,HOEP (Legacy)
2023-12-11 00:00:00,2023,12,1,14063,28.2,HOEP (Legacy)
2023-12-11 01:00:00,2023,12,2,13840,28.81,HOEP (Legacy)
2023-12-11 02:00:00,2023,12,3,13747,26.71,HOEP (Legacy)
2023-12-11 03:00:00,2023,12,4,13650,26.18,HOEP (Legacy)
2023-12-11 04:00:00,2023,12,5,13836,22.65,HOEP (Legacy)
2023-12-11 05:00:00,2023,12,6,14422,22.91,HOEP (Legacy)
2023-12-11 06:00:00,2023,12,7,15654,29.11,HOEP (Legacy)
2023-12-11 07:00:00,2023,12,8,17247,33.5,HOEP (Legacy)
2023-12-11 08:00:00,2023,12,9,17888,37.77,HOEP (Legacy)
2023-12-11 09:00:00,2023,12,10,18000,35.73,HOEP (Legacy)
2023-12-11 10:00:00,2023,12,11,17907,34.42,HOEP (Legacy)
2023-12-11 11:00:00,2023,12,12,17780,33.25,HOEP (Legacy)
2023-12-11 12:00:00,2023,12,13,17815,33.3,HOEP (Legacy)
2023-12-11 13:00:00,2023,12,14,17889,33.73,HOEP (Legacy)
2023-12-11 14:00:00,2023,12,15,18100,34.43,HOEP (Legacy)
2023-12-11 15:00:00,2023,12,16,18473,34.4,HOEP (Legacy)
2023-12-11 16:00:00,2023,12,17,19274,36.5,HOEP (Legacy)
2023-12-11 17:00:00,2023,12,18,19888,41.86,HOEP (Legacy)
2023-12-11 18:00:00,2023,12,19,19465,45.07,HOEP (Legacy)
2023-12-11 19:00:00,2023,12,20,19074,37.31,HOEP (Legacy)
2023-12-11 20:00:00,2023,12,21,18574,35.94,HOEP (Legacy)
2023-12-11 21:00:00,2023,12,22,17872,33.3,HOEP (Legacy)
2023-12-11 22:00:00,2023,12,23,16906,31.96,HOEP (Legacy)
2023-12-11 23:00:00,2023,12,24,15806,29.53,HOEP (Legacy)
2023-12-12 00:00:00,2023,12,1,15250,26.74,HOEP (Legacy)
2023-12-12 01:00:00,2023,12,2,14777,26.54,HOEP (Legacy)
2023-12-12 02:00:00,2023,12,3,14384,22.12,HOEP (Legacy)
2023-12-12 03:00:00,2023,12,4,14318,18.52,HOEP (Legacy)
2023-12-12 04:00:00,2023,12,5,14506,14.35,HOEP (Legacy)
2023-12-12 05:00:00,2023,12,6,15032,13.27,HOEP (Legacy)
2023-12-12 06:00:00,2023,12,7,16289,26.24,HOEP (Legacy)
2023-12-12 07:00:00,2023,12,8,17570,28.54,HOEP (Legacy)
2023-12-12 08:00:00,2023,12,9,17968,27.7,HOEP (Legacy)
2023-12-12 09:00:00,2023,12,10,17724,26.82,HOEP (Legacy)
2023-12-12 10:00:00,2023,12,11,17547,26.49,HOEP (Legacy)
2023-12-12 11:00:00,2023,12,12,17491,27.18,HOEP (Legacy)
2023-12-12 12:00:00,2023,12,13,17588,26.2,HOEP (Legacy)
2023-12-12 13:00:00,2023,12,14,17574,25.84,HOEP (Legacy)
2023-12-12 14:00:00,2023,12,15,17549,28.17,HOEP (Legacy)
2023-12-12 15:00:00,2023,12,16,17827,29.18,HOEP (Legacy)
2023-12-12 16:00:00,2023,12,17,18828,31.63,HOEP (Legacy)
2023-12-12 17:00:00,2023,12,18,19461,34.45,HOEP (Legacy)
2023-12-12 18:00:00,2023,12,19,19053,31.52,HOEP (Legacy)
2023-12-12 19:00:00,2023,12,20,18847,31.13,HOEP (Legacy)
2023-12-12 20:00:00,2023,12,21,18480,31.13,HOEP (Legacy)
2023-12-12 21:00:00,2023,12,22,17923,30.66,HOEP (Legacy)
2023-12-12 22:00:00,2023,12,23,16888,28.67,HOEP (Legacy)
2023-12-12 23:00:00,2023,12,24,15741,27.08,HOEP (Legacy)
2023-12-13 00:00:00,2023,12,1,15093,27.77,HOEP (Legacy)
2023-12-13 01:00:00,2023,12,2,14857,26.33,HOEP (Legacy)
2023-12-13 02:00:00,2023,12,3,14586,31.9,HOEP (Legacy)
2023-12-13 03:00:00,2023,12,4,14503,34.77,HOEP (Legacy)
2023-12-13 04:00:00,2023,12,5,14550,27.45,HOEP (Legacy)
2023-12-13 05:00:00,2023,12,6,15438,26.74,HOEP (Legacy)
2023-12-13 06:00:00,2023,12,7,16541,29.88,HOEP (Legacy)
2023-12-13 07:00:00,2023,12,8,18266,39.79,HOEP (Legacy)
2023-12-13 08:00:00,2023,12,9,18446,33.88,HOEP (Legacy)
2023-12-13 09:00:00,2023,12,10,18044,31.51,HOEP (Legacy)
2023-12-13 10:00:00,2023,12,11,17572,32.06,HOEP (Legacy)
2023-12-13 11:00:00,2023,12,12,17663,42.86,HOEP (Legacy)
2023-12-13 12:00:00,2023,12,13,17468,29.9,HOEP (Legacy)
2023-12-13 13:00:00,2023,12,14,17293,29.66,HOEP (Legacy)
2023-12-13 14:00:00,2023,12,15,17377,28.41,HOEP (Legacy)
2023-12-13 15:00:00,2023,12,16,18170,32.22,HOEP (Legacy)
2023-12-13 16:00:00,2023,12,17,19410,98.73,HOEP (Legacy)
2023-12-13 17:00:00,2023,12,18,20004,106.68,HOEP (Legacy)
2023-12-13 18:00:00,2023,12,19,19491,34.07,HOEP (Legacy)
2023-12-13 19:00:00,2023,12,20,19321,38.95,HOEP (Legacy)
2023-12-13 20:00:00,2023,12,21,19220,40.21,HOEP (Legacy)
2023-12-13 21:00:00,2023,12,22,18640,49.29,HOEP (Legacy)
2023-12-13 22:00:00,2023,12,23,17400,35.41,HOEP (Legacy)
2023-12-13 23:00:00,2023,12,24,16274,31.51,HOEP (Legacy)
2023-12-14 00:00:00,2023,12,1,15541,27.8,HOEP (Legacy)
2023-12-14 01:00:00,2023,12,2,15157,35.0,HOEP (Legacy)
2023-12-14 02:00:00,2023,12,3,14868,27.01,HOEP (Legacy)
2023-12-14 03:00:00,2023,12,4,14699,27.69,HOEP (Legacy)
2023-12-14 04:00:00,2023,12,5,14888,26.59,HOEP (Legacy)
2023-12-14 05:00:00,2023,12,6,15375,30.16,HOEP (Legacy)
2023-12-14 06:00:00,2023,12,7,16599,30.93,HOEP (Legacy)
2023-12-14 07:00:00,2023,12,8,17860,33.37,HOEP (Legacy)
2023-12-14 08:00:00,2023,12,9,18215,34.6,HOEP (Legacy)
2023-12-14 09:00:00,2023,12,10,17924,31.6,HOEP (Legacy)
2023-12-14 10:00:00,2023,12,11,17741,31.03,HOEP (Legacy)
2023-12-14 11:00:00,2023,12,12,17652,31.47,HOEP (Legacy)
2023-12-14 12:00:00,2023,12,13,17436,30.83,HOEP (Legacy)
2023-12-14 13:00:00,2023,12,14,17222,26.35,HOEP (Legacy)
2023-12-14 14:00:00,2023,12,15,16935,24.95,HOEP (Legacy)
2023-12-14 15:00:00,2023,12,16,17309,25.89,HOEP (Legacy)
2023-12-14 16:00:00,2023,12,17,18073,29.74,HOEP (Legacy)
2023-12-14 17:00:00,2023,12,18,18686,29.27,HOEP (Legacy)
2023-12-14 18:00:00,2023,12,19,18470,28.98,HOEP (Legacy)
2023-12-14 19:00:00,2023,12,20,18299,28.29,HOEP (Legacy)
2023-12-14 20:00:00,2023,12,21,18037,30.2,HOEP (Legacy)
2023-12-14 21:00:00,2023,12,22,17377,27.13,HOEP (Legacy)
2023-12-14 22:00:00,2023,12,23,16321,26.32,HOEP (Legacy)
2023-12-14 23:00:00,2023,12,24,15491,22.66,HOEP (Legacy)
2023-12-15 00:00:00,2023,12,1,14765,21.77,HOEP (Legacy)
2023-12-15 01:00:00,2023,12,2,14347,18.56,HOEP (Legacy)
2023-12-15 02:00:00,2023,12,3,14164,20.51,HOEP (Legacy)
2023-12-15 03:00:00,2023,12,4,13949,15.53,HOEP (Legacy)
2023-12-15 04:00:00,2023,12,5,14149,14.35,HOEP (Legacy)
2023-12-15 05:00:00,2023,12,6,14805,19.96,HOEP (Legacy)
2023-12-15 06:00:00,2023,12,7,15848,27.79,HOEP (Legacy)
2023-12-15 07:00:00,2023,12,8,17132,30.63,HOEP (Legacy)
2023-12-15 08:00:00,2023,12,9,17474,30.98,HOEP (Legacy)
2023-12-15 09:00:00,2023,12,10,16924,30.66,HOEP (Legacy)
2023-12-15 10:00:00,2023,12,11,16328,27.3,HOEP (Legacy)
2023-12-15 11:00:00,2023,12,12,15990,26.92,HOEP (Legacy)
2023-12-15 12:00:00,2023,12,13,15421,26.01,HOEP (Legacy)
2023-12-15 13:00:00,2023,12,14,15442,25.86,HOEP (Legacy)
2023-12-15 14:00:00,2023,12,15,15602,25.24,HOEP (Legacy)
2023-12-15 15:00:00,2023,12,16,16459,27.06,HOEP (Legacy)
2023-12-15 16:00:00,2023,12,17,17519,29.47,HOEP (Legacy)
2023-12-15 17:00:00,2023,12,18,17965,30.51,HOEP (Legacy)
2023-12-15 18:00:00,2023,12,19,17618,28.06,HOEP (Legacy)
2023-12-15 19:00:00,2023,12,20,17411,30.82,HOEP (Legacy)
2023-12-15 20:00:00,2023,12,21,17149,30.84,HOEP (Legacy)
2023-12-15 21:00:00,2023,12,22,16690,31.32,HOEP (Legacy)
2023-12-15 22:00:00,2023,12,23,15845,31.47,HOEP (Legacy)
2023-12-15 23:00:00,2023,12,24,14968,30.44,HOEP (Legacy)
2023-12-16 00:00:00,2023,12,1,14445,33.86,HOEP (Legacy)
2023-12-16 01:00:00,2023,12,2,14011,28.59,HOEP (Legacy)
2023-12-16 02:00:00,2023,12,3,13639,31.54,HOEP (Legacy)
2023-12-16 03:00:00,2023,12,4,13418,22.3,HOEP (Legacy)
2023-12-16 04:00:00,2023,12,5,13430,27.77,HOEP (Legacy)
2023-12-16 05:00:00,2023,12,6,13826,27.69,HOEP (Legacy)
2023-12-16 06:00:00,2023,12,7,14434,26.98,HOEP (Legacy)
2023-12-16 07:00:00,2023,12,8,15151,26.96,HOEP (Legacy)
2023-12-16 08:00:00,2023,12,9,15429,26.48,HOEP (Legacy)
2023-12-16 09:00:00,2023,12,10,15673,24.38,HOEP (Legacy)
2023-12-16 10:00:00,2023,12,11,15869,26.95,HOEP (Legacy)
2023-12-16 11:00:00,2023,12,12,15960,26.96,HOEP (Legacy)
2023-12-16 12:00:00,2023,12,13,15960,27.8,HOEP (Legacy)
2023-12-16 13:00:00,2023,12,14,16075,26.61,HOEP (Legacy)
2023-12-16 14:00:00,2023,12,15,16429,28.4,HOEP (Legacy)
2023-12-16 15:00:00,2023,12,16,16735,25.78,HOEP (Legacy)
2023-12-16 16:00:00,2023,12,17,17234,27.12,HOEP (Legacy)
2023-12-16 17:00:00,2023,12,18,17588,27.1,HOEP (Legacy)
2023-12-16 18:00:00,2023,12,19,17098,28.0,HOEP (Legacy)
2023-12-16 19:00:00,2023,12,20,16765,27.6,HOEP (Legacy)
2023-12-16 20:00:00,2023,12,21,16490,27.05,HOEP (Legacy)
2023-12-16 21:00:00,2023,12,22,15973,26.95,HOEP (Legacy)
2023-12-16 22:00:00,2023,12,23,15249,22.19,HOEP (Legacy)
2023-12-16 23:00:00,2023,12,24,14516,12.23,HOEP (Legacy)
2023-12-17 00:00:00,2023,12,1,14125,11.1,HOEP (Legacy)
2023-12-17 01:00:00,2023,12,2,13550,7.37,HOEP (Legacy)
2023-12-17 02:00:00,2023,12,3,13259,0.81,HOEP (Legacy)
2023-12-17 03:00:00,2023,12,4,13115,4.57,HOEP (Legacy)
2023-12-17 04:00:00,2023,12,5,13108,4.95,HOEP (Legacy)
2023-12-17 05:00:00,2023,12,6,13221,5.23,HOEP (Legacy)
2023-12-17 06:00:00,2023,12,7,13798,12.5,HOEP (Legacy)
2023-12-17 07:00:00,2023,12,8,14359,10.77,HOEP (Legacy)
2023-12-17 08:00:00,2023,12,9,14923,11.59,HOEP (Legacy)
2023-12-17 09:00:00,2023,12,10,15699,13.33,HOEP (Legacy)
2023-12-17 10:00:00,2023,12,11,16193,26.33,HOEP (Legacy)
2023-12-17 11:00:00,2023,12,12,16531,30.49,HOEP (Legacy)
2023-12-17 12:00:00,2023,12,13,16935,46.5,HOEP (Legacy)
2023-12-17 13:00:00,2023,12,14,16864,29.47,HOEP (Legacy)
2023-12-17 14:00:00,2023,12,15,16790,26.92,HOEP (Legacy)
2023-12-17 15:00:00,2023,12,16,16904,24.73,HOEP (Legacy)
2023-12-17 16:00:00,2023,12,17,17509,27.77,HOEP (Legacy)
2023-12-17 17:00:00,2023,12,18,18259,31.71,HOEP (Legacy)
2023-12-17 18:00:00,2023,12,19,17958,32.04,HOEP (Legacy)
2023-12-17 19:00:00,2023,12,20,17415,30.79,HOEP (Legacy)
2023-12-17 20:00:00,2023,12,21,16833,27.91,HOEP (Legacy)
2023-12-17 21:00:00,2023,12,22,16050,27.5,HOEP (Legacy)
2023-12-17 22:00:00,2023,12,23,15156,27.76,HOEP (Legacy)
2023-12-17 23:00:00,2023,12,24,14512,34.32,HOEP (Legacy)
2023-12-18 00:00:00,2023,12,1,14088,26.88,HOEP (Legacy)
2023-12-18 01:00:00,2023,12,2,13576,21.72,HOEP (Legacy)
2023-12-18 02:00:00,2023,12,3,13351,16.24,HOEP (Legacy)
2023-12-18 03:00:00,2023,12,4,13251,14.35,HOEP (Legacy)
2023-12-18 04:00:00,2023,12,5,13250,7.27,HOEP (Legacy)
2023-12-18 05:00:00,2023,12,6,13891,4.14,HOEP (Legacy)
2023-12-18 06:00:00,2023,12,7,15120,25.75,HOEP (Legacy)
2023-12-18 07:00:00,2023,12,8,16408,26.97,HOEP (Legacy)
2023-12-18 08:00:00,2023,12,9,17373,27.15,HOEP (Legacy)
2023-12-18 09:00:00,2023,12,10,17342,28.64,HOEP (Legacy)
2023-12-18 10:00:00,2023,12,11,17601,32.49,HOEP (Legacy)
2023-12-18 11:00:00,2023,12,12,17809,29.76,HOEP (Legacy)
2023-12-18 12:00:00,2023,12,13,17515,29.04,HOEP (Legacy)
2023-12-18 13:00:00,2023,12,14,17507,28.94,HOEP (Legacy)
2023-12-18 14:00:00,2023,12,15,17637,29.86,HOEP (Legacy)
2023-12-18 15:00:00,2023,12,16,17718,27.06,HOEP (Legacy)
2023-12-18 16:00:00,2023,12,17,18364,29.26,HOEP (Legacy)
2023-12-18 17:00:00,2023,12,18,19033,31.82,HOEP (Legacy)
2023-12-18 18:00:00,2023,12,19,18487,28.42,HOEP (Legacy)
2023-12-18 19:00:00,2023,12,20,18385,27.77,HOEP (Legacy)
2023-12-18 20:00:00,2023,12,21,17978,27.4,HOEP (Legacy)
2023-12-18 21:00:00,2023,12,22,17695,29.83,HOEP (Legacy)
2023-12-18 22:00:00,2023,12,23,16626,26.86,HOEP (Legacy)
2023-12-18 23:00:00,2023,12,24,15584,22.24,HOEP (Legacy)
2023-12-19 00:00:00,2023,12,1,14934,12.73,HOEP (Legacy)
2023-12-19 01:00:00,2023,12,2,14639,14.24,HOEP (Legacy)
2023-12-19 02:00:00,2023,12,3,14434,13.37,HOEP (Legacy)
2023-12-19 03:00:00,2023,12,4,14426,14.07,HOEP (Legacy)
2023-12-19 04:00:00,2023,12,5,14490,12.91,HOEP (Legacy)
2023-12-19 05:00:00,2023,12,6,15085,23.97,HOEP (Legacy)
2023-12-19 06:00:00,2023,12,7,16376,31.35,HOEP (Legacy)
2023-12-19 07:00:00,2023,12,8,17959,31.99,HOEP (Legacy)
2023-12-19 08:00:00,2023,12,9,18456,31.56,HOEP (Legacy)
2023-12-19 09:00:00,2023,12,10,18647,32.88,HOEP (Legacy)
2023-12-19 10:00:00,2023,12,11,18620,33.6,HOEP (Legacy)
2023-12-19 11:00:00,2023,12,12,18284,32.69,HOEP (Legacy)
2023-12-19 12:00:00,2023,12,13,17844,29.72,HOEP (Legacy)
2023-12-19 13:00:00,2023,12,14,17623,28.16,HOEP (Legacy)
2023-12-19 14:00:00,2023,12,15,17631,27.98,HOEP (Legacy)
2023-12-19 15:00:00,2023,12,16,18165,31.64,HOEP (Legacy)
2023-12-19 16:00:00,2023,12,17,19035,36.72,HOEP (Legacy)
2023-12-19 17:00:00,2023,12,18,19717,36.02,HOEP (Legacy)
2023-12-19 18:00:00,2023,12,19,19324,33.11,HOEP (Legacy)
2023-12-19 19:00:00,2023,12,20,19138,32.67,HOEP (Legacy)
2023-12-19 20:00:00,2023,12,21,18789,32.06,HOEP (Legacy)
2023-12-19 21:00:00,2023,12,22,18006,29.28,HOEP (Legacy)
2023-12-19 22:00:00,2023,12,23,17086,27.82,HOEP (Legacy)
2023-12-19 23:00:00,2023,12,24,15942,21.65,HOEP (Legacy)
2023-12-20 00:00:00,2023,12,1,15219,20.75,HOEP (Legacy)
2023-12-20 01:00:00,2023,12,2,14693,17.13,HOEP (Legacy)
2023-12-20 02:00:00,2023,12,3,14607,22.47,HOEP (Legacy)
2023-12-20 03:00:00,2023,12,4,14510,18.18,HOEP (Legacy)
2023-12-20 04:00:00,2023,12,5,14720,25.96,HOEP (Legacy)
2023-12-20 05:00:00,2023,12,6,15194,28.34,HOEP (Legacy)
2023-12-20 06:00:00,2023,12,7,16442,30.38,HOEP (Legacy)
2023-12-20 07:00:00,2023,12,8,17962,30.69,HOEP (Legacy)
2023-12-20 08:00:00,2023,12,9,18356,33.02,HOEP (Legacy)
2023-12-20 09:00:00,2023,12,10,18335,31.35,HOEP (Legacy)
2023-12-20 10:00:00,2023,12,11,18192,33.87,HOEP (Legacy)
2023-12-20 11:00:00,2023,12,12,17936,32.13,HOEP (Legacy)
2023-12-20 12:00:00,2023,12,13,17472,34.52,HOEP (Legacy)
2023-12-20 13:00:00,2023,12,14,17901,34.95,HOEP (Legacy)
2023-12-20 14:00:00,2023,12,15,18043,33.66,HOEP (Legacy)
2023-12-20 15:00:00,2023,12,16,18348,32.92,HOEP (Legacy)
2023-12-20 16:00:00,2023,12,17,19038,33.19,HOEP (Legacy)
2023-12-20 17:00:00,2023,12,18,19452,34.43,HOEP (Legacy)
2023-12-20 18:00:00,2023,12,19,19224,37.46,HOEP (Legacy)
2023-12-20 19:00:00,2023,12,20,18806,39.09,HOEP (Legacy)
2023-12-20 20:00:00,2023,12,21,18485,39.42,HOEP (Legacy)
2023-12-20 21:00:00,2023,12,22,17746,37.2,HOEP (Legacy)
2023-12-20 22:00:00,2023,12,23,16752,31.97,HOEP (Legacy)
2023-12-20 23:00:00,2023,12,24,15706,27.4,HOEP (Legacy)
2023-12-21 00:00:00,2023,12,1,15117,28.4,HOEP (Legacy)
2023-12-21 01:00:00,2023,12,2,14505,24.17,HOEP (Legacy)
2023-12-21 02:00:00,2023,12,3,14258,23.22,HOEP (Legacy)
2023-12-21 03:00:00,2023,12,4,14174,23.44,HOEP (Legacy)
2023-12-21 04:00:00,2023,12,5,14426,26.53,HOEP (Legacy)
2023-12-21 05:00:00,2023,12,6,14991,26.98,HOEP (Legacy)
2023-12-21 06:00:00,2023,12,7,16232,31.09,HOEP (Legacy)
2023-12-21 07:00:00,2023,12,8,17586,31.04,HOEP (Legacy)
2023-12-21 08:00:00,2023,12,9,18000,31.65,HOEP (Legacy)
2023-12-21 09:00:00,2023,12,10,17656,30.96,HOEP (Legacy)
2023-12-21 10:00:00,2023,12,11,17275,27.69,HOEP (Legacy)
2023-12-21 11:00:00,2023,12,12,17054,26.66,HOEP (Legacy)
2023-12-21 12:00:00,2023,12,13,16866,26.47,HOEP (Legacy)
2023-12-21 13:00:00,2023,12,14,17070,29.03,HOEP (Legacy)
2023-12-21 14:00:00,2023,12,15,17395,29.43,HOEP (Legacy)
2023-12-21 15:00:00,2023,12,16,17959,29.67,HOEP (Legacy)
2023-12-21 16:00:00,2023,12,17,18817,29.69,HOEP (Legacy)
2023-12-21 17:00:00,2023,12,18,19625,29.51,HOEP (Legacy)
2023-12-21 18:00:00,2023,12,19,19359,31.82,HOEP (Legacy)
2023-12-21 19:00:00,2023,12,20,19224,34.61,HOEP (Legacy)
2023-12-21 20:00:00,2023,12,21,19005,43.18,HOEP (Legacy)
2023-12-21 21:00:00,2023,12,22,18430,37.16,HOEP (Legacy)
2023-12-21 22:00:00,2023,12,23,17323,34.85,HOEP (Legacy)
2023-12-21 23:00:00,2023,12,24,16201,29.4,HOEP (Legacy)
2023-12-22 00:00:00,2023,12,1,15506,31.18,HOEP (Legacy)
2023-12-22 01:00:00,2023,12,2,15115,31.46,HOEP (Legacy)
2023-12-22 02:00:00,2023,12,3,14923,28.89,HOEP (Legacy)
2023-12-22 03:00:00,2023,12,4,14814,28.55,HOEP (Legacy)
2023-12-22 04:00:00,2023,12,5,15010,28.55,HOEP (Legacy)
2023-12-22 05:00:00,2023,12,6,15461,31.56,HOEP (Legacy)
2023-12-22 06:00:00,2023,12,7,16490,34.35,HOEP (Legacy)
2023-12-22 07:00:00,2023,12,8,17748,34.72,HOEP (Legacy)
2023-12-22 08:00:00,2023,12,9,18173,35.86,HOEP (Legacy)
2023-12-22 09:00:00,2023,12,10,18198,36.31,HOEP (Legacy)
2023-12-22 10:00:00,2023,12,11,18078,34.18,HOEP (Legacy)
2023-12-22 11:00:00,2023,12,12,17956,34.05,HOEP (Legacy)
2023-12-22 12:00:00,2023,12,13,17758,33.27,HOEP (Legacy)
2023-12-22 13:00:00,2023,12,14,17725,34.41,HOEP (Legacy)
2023-12-22 14:00:00,2023,12,15,17668,33.03,HOEP (Legacy)
2023-12-22 15:00:00,2023,12,16,17933,32.81,HOEP (Legacy)
2023-12-22 16:00:00,2023,12,17,18467,34.13,HOEP (Legacy)
2023-12-22 17:00:00,2023,12,18,18941,33.55,HOEP (Legacy)
2023-12-22 18:00:00,2023,12,19,18543,33.37,HOEP (Legacy)
2023-12-22 19:00:00,2023,12,20,18138,34.13,HOEP (Legacy)
2023-12-22 20:00:00,2023,12,21,17819,33.46,HOEP (Legacy)
2023-12-22 21:00:00,2023,12,22,17209,31.08,HOEP (Legacy)
2023-12-22 22:00:00,2023,12,23,16256,31.2,HOEP (Legacy)
2023-12-22 23:00:00,2023,12,24,15297,30.84,HOEP (Legacy)
2023-12-23 00:00:00,2023,12,1,14681,29.5,HOEP (Legacy)
2023-12-23 01:00:00,2023,12,2,14224,29.71,HOEP (Legacy)
2023-12-23 02:00:00,2023,12,3,13891,33.03,HOEP (Legacy)
2023-12-23 03:00:00,2023,12,4,13731,30.93,HOEP (Legacy)
2023-12-23 04:00:00,2023,12,5,13872,27.77,HOEP (Legacy)
2023-12-23 05:00:00,2023,12,6,13989,24.38,HOEP (Legacy)
2023-12-23 06:00:00,2023,12,7,14457,24.61,HOEP (Legacy)
2023-12-23 07:00:00,2023,12,8,15187,27.79,HOEP (Legacy)
2023-12-23 08:00:00,2023,12,9,15867,29.31,HOEP (Legacy)
2023-12-23 09:00:00,2023,12,10,16600,31.67,HOEP (Legacy)
2023-12-23 10:00:00,2023,12,11,17050,34.72,HOEP (Legacy)
2023-12-23 11:00:00,2023,12,12,17404,34.43,HOEP (Legacy)
2023-12-23 12:00:00,2023,12,13,17488,32.13,HOEP (Legacy)
2023-12-23 13:00:00,2023,12,14,17444,30.62,HOEP (Legacy)
2023-12-23 14:00:00,2023,12,15,17365,29.66,HOEP (Legacy)
2023-12-23 15:00:00,2023,12,16,17365,31.35,HOEP (Legacy)
2023-12-23 16:00:00,2023,12,17,17730,42.81,HOEP (Legacy)
2023-12-23 17:00:00,2023,12,18,18051,33.84,HOEP (Legacy)
2023-12-23 18:00:00,2023,12,19,17591,31.91,HOEP (Legacy)
2023-12-23 19:00:00,2023,12,20,17189,29.29,HOEP (Legacy)
2023-12-23 20:00:00,2023,12,21,16719,29.26,HOEP (Legacy)
2023-12-23 21:00:00,2023,12,22,16184,30.81,HOEP (Legacy)
2023-12-23 22:00:00,2023,12,23,15328,28.15,HOEP (Legacy)
2023-12-23 23:00:00,2023,12,24,14558,25.5,HOEP (Legacy)
2023-12-24 00:00:00,2023,12,1,13907,28.58,HOEP (Legacy)
2023-12-24 01:00:00,2023,12,2,13455,30.59,HOEP (Legacy)
2023-12-24 02:00:00,2023,12,3,13224,31.55,HOEP (Legacy)
2023-12-24 03:00:00,2023,12,4,13006,32.0,HOEP (Legacy)
2023-12-24 04:00:00,2023,12,5,12997,27.64,HOEP (Legacy)
2023-12-24 05:00:00,2023,12,6,13164,25.09,HOEP (Legacy)
2023-12-24 06:00:00,2023,12,7,13612,31.9,HOEP (Legacy)
2023-12-24 07:00:00,2023,12,8,14440,31.78,HOEP (Legacy)
2023-12-24 08:00:00,2023,12,9,15209,26.34,HOEP (Legacy)
2023-12-24 09:00:00,2023,12,10,15817,27.36,HOEP (Legacy)
2023-12-24 10:00:00,2023,12,11,16151,28.4,HOEP (Legacy)
2023-12-24 11:00:00,2023,12,12,16658,41.27,HOEP (Legacy)
2023-12-24 12:00:00,2023,12,13,16823,44.77,HOEP (Legacy)
2023-12-24 13:00:00,2023,12,14,16664,32.4,HOEP (Legacy)
2023-12-24 14:00:00,2023,12,15,16661,36.28,HOEP (Legacy)
2023-12-24 15:00:00,2023,12,16,16780,32.2,HOEP (Legacy)
2023-12-24 16:00:00,2023,12,17,16935,32.26,HOEP (Legacy)
2023-12-24 17:00:00,2023,12,18,16877,27.49,HOEP (Legacy)
2023-12-24 18:00:00,2023,12,19,16296,28.59,HOEP (Legacy)
2023-12-24 19:00:00,2023,12,20,15764,32.75,HOEP (Legacy)
2023-12-24 20:00:00,2023,12,21,15426,29.74,HOEP (Legacy)
2023-12-24 21:00:00,2023,12,22,14935,26.9,HOEP (Legacy)
2023-12-24 22:00:00,2023,12,23,14378,24.44,HOEP (Legacy)
2023-12-24 23:00:00,2023,12,24,13767,24.5,HOEP (Legacy)
2023-12-25 00:00:00,2023,12,1,13103,25.88,HOEP (Legacy)
2023-12-25 01:00:00,2023,12,2,12819,24.6,HOEP (Legacy)
2023-12-25 02:00:00,2023,12,3,12552,25.63,HOEP (Legacy)
2023-12-25 03:00:00,2023,12,4,12560,30.89,HOEP (Legacy)
2023-12-25 04:00:00,2023,12,5,12648,25.56,HOEP (Legacy)
2023-12-25 05:00:00,2023,12,6,12756,24.36,HOEP (Legacy)
2023-12-25 06:00:00,2023,12,7,13099,24.2,HOEP (Legacy)
2023-12-25 07:00:00,2023,12,8,13690,17.67,HOEP (Legacy)
2023-12-25 08:00:00,2023,12,9,14250,19.01,HOEP (Legacy)
2023-12-25 09:00:00,2023,12,10,14733,21.9,HOEP (Legacy)
2023-12-25 10:00:00,2023,12,11,15089,24.24,HOEP (Legacy)
2023-12-25 11:00:00,2023,12,12,15261,24.29,HOEP (Legacy)
2023-12-25 12:00:00,2023,12,13,15067,24.27,HOEP (Legacy)
2023-12-25 13:00:00,2023,12,14,15054,24.25,HOEP (Legacy)
2023-12-25 14:00:00,2023,12,15,15329,24.9,HOEP (Legacy)
2023-12-25 15:00:00,2023,12,16,15541,24.26,HOEP (Legacy)
2023-12-25 16:00:00,2023,12,17,15769,23.49,HOEP (Legacy)
2023-12-25 17:00:00,2023,12,18,15795,23.51,HOEP (Legacy)
2023-12-25 18:00:00,2023,12,19,15174,25.38,HOEP (Legacy)
2023-12-25 19:00:00,2023,12,20,14816,17.48,HOEP (Legacy)
2023-12-25 20:00:00,2023,12,21,14641,14.38,HOEP (Legacy)
2023-12-25 21:00:00,2023,12,22,14376,17.38,HOEP (Legacy)
2023-12-25 22:00:00,2023,12,23,13773,19.55,HOEP (Legacy)
2023-12-25 23:00:00,2023,12,24,13185,25.23,HOEP (Legacy)
2023-12-26 00:00:00,2023,12,1,12831,25.02,HOEP (Legacy)
2023-12-26 01:00:00,2023,12,2,12490,7.97,HOEP (Legacy)
2023-12-26 02:00:00,2023,12,3,12117,5.78,HOEP (Legacy)
2023-12-26 03:00:00,2023,12,4,12029,4.72,HOEP (Legacy)
2023-12-26 04:00:00,2023,12,5,12106,5.69,HOEP (Legacy)
2023-12-26 05:00:00,2023,12,6,12509,13.53,HOEP (Legacy)
2023-12-26 06:00:00,2023,12,7,13050,24.22,HOEP (Legacy)
2023-12-26 07:00:00,2023,12,8,13548,25.08,HOEP (Legacy)
2023-12-26 08:00:00,2023,12,9,13996,23.96,HOEP (Legacy)
2023-12-26 09:00:00,2023,12,10,14353,23.41,HOEP (Legacy)
2023-12-26 10:00:00,2023,12,11,14637,26.01,HOEP (Legacy)
2023-12-26 11:00:00,2023,12,12,15082,28.67,HOEP (Legacy)
2023-12-26 12:00:00,2023,12,13,15231,29.16,HOEP (Legacy)
2023-12-26 13:00:00,2023,12,14,15214,29.29,HOEP (Legacy)
2023-12-26 14:00:00,2023,12,15,15231,29.09,HOEP (Legacy)
2023-12-26 15:00:00,2023,12,16,15407,30.27,HOEP (Legacy)
2023-12-26 16:00:00,2023,12,17,15967,32.67,HOEP (Legacy)
2023-12-26 17:00:00,2023,12,18,16333,31.94,HOEP (Legacy)
2023-12-26 18:00:00,2023,12,19,16124,31.38,HOEP (Legacy)
2023-12-26 19:00:00,2023,12,20,15841,29.67,HOEP (Legacy)
2023-12-26 20:00:00,2023,12,21,15472,29.33,HOEP (Legacy)
2023-12-26 21:00:00,2023,12,22,15001,30.79,HOEP (Legacy)
2023-12-26 22:00:00,2023,12,23,14223,28.37,HOEP (Legacy)
2023-12-26 23:00:00,2023,12,24,13453,24.92,HOEP (Legacy)
2023-12-27 00:00:00,2023,12,1,12905,26.32,HOEP (Legacy)
2023-12-27 01:00:00,2023,12,2,12489,25.63,HOEP (Legacy)
2023-12-27 02:00:00,2023,12,3,12297,22.59,HOEP (Legacy)
2023-12-27 03:00:00,2023,12,4,12317,15.8,HOEP (Legacy)
2023-12-27 04:00:00,2023,12,5,12505,21.71,HOEP (Legacy)
2023-12-27 05:00:00,2023,12,6,12891,24.7,HOEP (Legacy)
2023-12-27 06:00:00,2023,12,7,13723,24.74,HOEP (Legacy)
2023-12-27 07:00:00,2023,12,8,14466,25.06,HOEP (Legacy)
2023-12-27 08:00:00,2023,12,9,15086,27.35,HOEP (Legacy)
2023-12-27 09:00:00,2023,12,10,15575,27.96,HOEP (Legacy)
2023-12-27 10:00:00,2023,12,11,16102,29.45,HOEP (Legacy)
2023-12-27 11:00:00,2023,12,12,16487,29.68,HOEP (Legacy)
2023-12-27 12:00:00,2023,12,13,16731,30.25,HOEP (Legacy)
2023-12-27 13:00:00,2023,12,14,16631,29.61,HOEP (Legacy)
2023-12-27 14:00:00,2023,12,15,16462,28.47,HOEP (Legacy)
2023-12-27 15:00:00,2023,12,16,16504,29.53,HOEP (Legacy)
2023-12-27 16:00:00,2023,12,17,16903,31.09,HOEP (Legacy)
2023-12-27 17:00:00,2023,12,18,17358,32.81,HOEP (Legacy)
2023-12-27 18:00:00,2023,12,19,17040,31.26,HOEP (Legacy)
2023-12-27 19:00:00,2023,12,20,16787,29.72,HOEP (Legacy)
2023-12-27 20:00:00,2023,12,21,16363,27.77,HOEP (Legacy)
2023-12-27 21:00:00,2023,12,22,15724,27.94,HOEP (Legacy)
2023-12-27 22:00:00,2023,12,23,14872,24.98,HOEP (Legacy)
2023-12-27 23:00:00,2023,12,24,14012,25.18,HOEP (Legacy)
2023-12-28 00:00:00,2023,12,1,13359,26.92,HOEP (Legacy)
2023-12-28 01:00:00,2023,12,2,13007,25.12,HOEP (Legacy)
2023-12-28 02:00:00,2023,12,3,12947,27.44,HOEP (Legacy)
2023-12-28 03:00:00,2023,12,4,12879,29.39,HOEP (Legacy)
2023-12-28 04:00:00,2023,12,5,12921,24.8,HOEP (Legacy)
2023-12-28 05:00:00,2023,12,6,13255,26.34,HOEP (Legacy)
2023-12-28 06:00:00,2023,12,7,13895,25.82,HOEP (Legacy)
2023-12-28 07:00:00,2023,12,8,14646,27.34,HOEP (Legacy)
2023-12-28 08:00:00,2023,12,9,15214,28.94,HOEP (Legacy)
2023-12-28 09:00:00,2023,12,10,15616,30.58,HOEP (Legacy)
2023-12-28 10:00:00,2023,12,11,15951,30.44,HOEP (Legacy)
2023-12-28 11:00:00,2023,12,12,16253,30.74,HOEP (Legacy)
2023-12-28 12:00:00,2023,12,13,16310,30.95,HOEP (Legacy)
2023-12-28 13:00:00,2023,12,14,16275,30.8,HOEP (Legacy)
2023-12-28 14:00:00,2023,12,15,16295,30.74,HOEP (Legacy)
2023-12-28 15:00:00,2023,12,16,16390,30.74,HOEP (Legacy)
2023-12-28 16:00:00,2023,12,17,16795,29.92,HOEP (Legacy)
2023-12-28 17:00:00,2023,12,18,17247,30.83,HOEP (Legacy)
2023-12-28 18:00:00,2023,12,19,16933,30.61,HOEP (Legacy)
2023-12-28 19:00:00,2023,12,20,16594,27.37,HOEP (Legacy)
2023-12-28 20:00:00,2023,12,21,16349,28.53,HOEP (Legacy)
2023-12-28 21:00:00,2023,12,22,15832,29.96,HOEP (Legacy)
2023-12-28 22:00:00,2023,12,23,15063,27.03,HOEP (Legacy)
2023-12-28 23:00:00,2023,12,24,14312,25.89,HOEP (Legacy)
2023-12-29 00:00:00,2023,12,1,13902,24.54,HOEP (Legacy)
2023-12-29 01:00:00,2023,12,2,13435,26.43,HOEP (Legacy)
2023-12-29 02:00:00,2023,12,3,13130,23.3,HOEP (Legacy)
2023-12-29 03:00:00,2023,12,4,12895,24.38,HOEP (Legacy)
2023-12-29 04:00:00,2023,12,5,13001,22.89,HOEP (Legacy)
2023-12-29 05:00:00,2023,12,6,13332,25.22,HOEP (Legacy)
2023-12-29 06:00:00,2023,12,7,13988,25.92,HOEP (Legacy)
2023-12-29 07:00:00,2023,12,8,14609,26.59,HOEP (Legacy)
2023-12-29 08:00:00,2023,12,9,15273,27.39,HOEP (Legacy)
2023-12-29 09:00:00,2023,12,10,15688,26.77,HOEP (Legacy)
2023-12-29 10:00:00,2023,12,11,16002,27.51,HOEP (Legacy)
2023-12-29 11:00:00,2023,12,12,16171,27.99,HOEP (Legacy)
2023-12-29 12:00:00,2023,12,13,16204,27.64,HOEP (Legacy)
2023-12-29 13:00:00,2023,12,14,16188,27.57,HOEP (Legacy)
2023-12-29 14:00:00,2023,12,15,16249,26.48,HOEP (Legacy)
2023-12-29 15:00:00,2023,12,16,16353,26.46,HOEP (Legacy)
2023-12-29 16:00:00,2023,12,17,16908,29.99,HOEP (Legacy)
2023-12-29 17:00:00,2023,12,18,17472,34.93,HOEP (Legacy)
2023-12-29 18:00:00,2023,12,19,16996,29.1,HOEP (Legacy)
2023-12-29 19:00:00,2023,12,20,16459,25.99,HOEP (Legacy)
2023-12-29 20:00:00,2023,12,21,16295,26.08,HOEP (Legacy)
2023-12-29 21:00:00,2023,12,22,15963,25.76,HOEP (Legacy)
2023-12-29 22:00:00,2023,12,23,15383,26.63,HOEP (Legacy)
2023-12-29 23:00:00,2023,12,24,14765,34.43,HOEP (Legacy)
2023-12-30 00:00:00,2023,12,1,14005,30.63,HOEP (Legacy)
2023-12-30 01:00:00,2023,12,2,13548,27.34,HOEP (Legacy)
2023-12-30 02:00:00,2023,12,3,13293,24.98,HOEP (Legacy)
2023-12-30 03:00:00,2023,12,4,13189,26.89,HOEP (Legacy)
2023-12-30 04:00:00,2023,12,5,13389,29.38,HOEP (Legacy)
2023-12-30 05:00:00,2023,12,6,13753,26.88,HOEP (Legacy)
2023-12-30 06:00:00,2023,12,7,14160,25.88,HOEP (Legacy)
2023-12-30 07:00:00,2023,12,8,14703,25.05,HOEP (Legacy)
2023-12-30 08:00:00,2023,12,9,15241,25.96,HOEP (Legacy)
2023-12-30 09:00:00,2023,12,10,15844,28.86,HOEP (Legacy)
2023-12-30 10:00:00,2023,12,11,16323,39.84,HOEP (Legacy)
2023-12-30 11:00:00,2023,12,12,16700,41.01,HOEP (Legacy)
2023-12-30 12:00:00,2023,12,13,16999,51.93,HOEP (Legacy)
2023-12-30 13:00:00,2023,12,14,17118,35.22,HOEP (Legacy)
2023-12-30 14:00:00,2023,12,15,17188,29.0,HOEP (Legacy)
2023-12-30 15:00:00,2023,12,16,17361,28.01,HOEP (Legacy)
2023-12-30 16:00:00,2023,12,17,17899,35.82,HOEP (Legacy)
2023-12-30 17:00:00,2023,12,18,18138,38.72,HOEP (Legacy)
2023-12-30 18:00:00,2023,12,19,17798,36.03,HOEP (Legacy)
2023-12-30 19:00:00,2023,12,20,17328,37.37,HOEP (Legacy)
2023-12-30 20:00:00,2023,12,21,16862,33.55,HOEP (Legacy)
2023-12-30 21:00:00,2023,12,22,16304,34.63,HOEP (Legacy)
2023-12-30 22:00:00,2023,12,23,15470,31.0,HOEP (Legacy)
2023-12-30 23:00:00,2023,12,24,14774,28.94,HOEP (Legacy)
2023-12-31 00:00:00,2023,12,1,14176,34.3,HOEP (Legacy)
2023-12-31 01:00:00,2023,12,2,13834,33.32,HOEP (Legacy)
2023-12-31 02:00:00,2023,12,3,13578,25.96,HOEP (Legacy)
2023-12-31 03:00:00,2023,12,4,13469,31.71,HOEP (Legacy)
2023-12-31 04:00:00,2023,12,5,13451,31.01,HOEP (Legacy)
2023-12-31 05:00:00,2023,12,6,13601,31.37,HOEP (Legacy)
2023-12-31 06:00:00,2023,12,7,13739,22.58,HOEP (Legacy)
2023-12-31 07:00:00,2023,12,8,14368,16.67,HOEP (Legacy)
2023-12-31 08:00:00,2023,12,9,14874,23.39,HOEP (Legacy)
2023-12-31 09:00:00,2023,12,10,15507,26.89,HOEP (Legacy)
2023-12-31 10:00:00,2023,12,11,15926,28.63,HOEP (Legacy)
2023-12-31 11:00:00,2023,12,12,16354,30.61,HOEP (Legacy)
2023-12-31 12:00:00,2023,12,13,16792,34.01,HOEP (Legacy)
2023-12-31 13:00:00,2023,12,14,17013,35.87,HOEP (Legacy)
2023-12-31 14:00:00,2023,12,15,17158,36.18,HOEP (Legacy)
2023-12-31 15:00:00,2023,12,16,17279,35.8,HOEP (Legacy)
2023-12-31 16:00:00,2023,12,17,17700,34.8,HOEP (Legacy)
2023-12-31 17:00:00,2023,12,18,18017,35.19,HOEP (Legacy)
2023-12-31 18:00:00,2023,12,19,17570,43.29,HOEP (Legacy)
2023-12-31 19:00:00,2023,12,20,17114,32.73,HOEP (Legacy)
2023-12-31 20:00:00,2023,12,21,16499,30.38,HOEP (Legacy)
2023-12-31 21:00:00,2023,12,22,15939,27.12,HOEP (Legacy)
2023-12-31 22:00:00,2023,12,23,15328,27.27,HOEP (Legacy)
2023-12-31 23:00:00,2023,12,24,14942,27.79,HOEP (Legacy)
